-1928,-1929,-1938,-1938,-1943,-1931,-1936,-1929,-1933,-1931,-1938,-1928,-1934,-1931,-1934,-1949,-1931,-1936,-1929,-1928,-1925,-1929,-1920,-1936,-1935,-1922,-1924,-1929,-1928,-1923,-1935,-1933,-1933,-1938,-1939,-1925,-1935,-1937,-1927,-1932,-1932,-1929,-1935,-1929,-1934,-1935,-1930,-1936,-1937,-1935,-1939,-1929,-1931,-1935,-1930,-1925,-1937,-1932,-1933,-1934,-1929,-1937,-1942,-1938,-1938,-1925,-1926,-1936,-1935,-1936,-1925,-1927,-1930,-1942,-1931,-1951,-1929,-1933,-1930,-1945,-1934,-1931,-1931,-1943,-1936,-1933,-1943,-1941,-1942,-1930,-1944,-1943,-1940,-1938,-1936,-1943,-1940,-1941,-1946,-1933,-1945,-1942,-1943,-1935,-1946,-1935,-1944,-1942,-1943,-1948,-1949,-1981,-1950,-1950,-1949,-1966,-1955,-1958,-1947,-1944,-1954,-1952,-1955,-1969,-1956,-1959,-1957,-1957,-1962,-1960,-1960,-1963,-1965,-1970,-1953,-1962,-1959,-1968,-1988,-1984,-1949,-1986,-1980,-1981,-1978,-1971,-1989,-1965,-1955,-1980,-1983,-1987,-1997,-2015,-2005,-2019,-1978,-2119,-1977,-2013,-1951,-1993,-1988,-1983,-1972,-1987,-1956,-2003,-2022,-1967,-1962,-1966,-1956,-1966,-1972,-1965,-1966,-1950,-1967,-1973,-1971,-1974,-1960,-1986,-1973,-1975,-1978,-1984,-1988,-1981,-1989,-1984,-1975,-1981,-1980,-1984,-1981,-1988,-1994,-1987,-1987,-1985,-1991,-1988,-1986,-1989,-1991,-1992,-1986,-1989,-1998,-1990,-1981,-2006,-1985,-1997,-1993,-1967,-1968,-1992,-1991,-1994,-1994,-1987,-1981,-1980,-2006,-1991,-1961,-1990,-1992,-1993,-1989,-1988,-1996,-1979,-1984,-1990,-1975,-1988,-1988,-1991,-1974,-1987,-1994,-1949,-1976,-1970,-1965,-1968,-1983,-1988,-1967,-1968,-1956,-1942,-1965,-1942,-1971,-1943,-1963,-1958,-1967,-1953,-1965,-1960,-1954,-1976,-1961,-1949,-1959,-1966,-1949,-1955,-1955,-1949,-1956,-1952,-1955,-1956,-1955,-1951,-1956,-1962,-1952,-1949,-1951,-1954,-1947,-1946,-1945,-1945,-1954,-1954,-1947,-1947,-1945,-1945,-1943,-1952,-1938,-1947,-1951,-1942,-1943,-1940,-1940,-1942,-1946,-1942,-1929,-1940,-1943,-1940,-1946,-1942,-1940,-1937,-1949,-1950,-1930,-1937,-1938,-1939,-1942,-1933,-1939,-1933,-1935,-1941,-1932,-1935,-1931,-1931,-1937,-1942,-1932,-1938,-1929,-1936,-1929,-1950,-1926,-1937,-1937,-1933,-1927,-1924,-1945,-1950,-1935,-1941,-1937,-1936,-1931,-1931,-1935,-1932,-1928,-1924
-2326,-2343,-2349,-2368,-2387,-2389,-2435,-2432,-2419,-2386,-2334,-2266,-2232,-2219,-2202,-2178,-2189,-2173,-2172,-2169,-2169,-2179,-2185,-2178,-2162,-2146,-2145,-2157,-2162,-2164,-2149,-2158,-2172,-2155,-2146,-2161,-2171,-2187,-2194,-2191,-2198,-2203,-2191,-2186,-2199,-2189,-2206,-2196,-2132,-2132,-2115,-2122,-2109,-2120,-2075,-2061,-2043,-2028,-2030,-2030,-2027,-2021,-2016,-2012,-2005,-1997,-1995,-1993,-1988,-1989,-1991,-1986,-1986,-1975,-1981,-1974,-1971,-1967,-1968,-1953,-1950,-1951,-1951,-1950,-1958,-1949,-1948,-1947,-1948,-1947,-1949,-1950,-1948,-1945,-1947,-1948,-1949,-1950,-1951,-1953,-1961,-1968,-1973,-1985,-1998,-1995,-2013,-2031,-2036,-2051,-2043,-2060,-2073,-2084,-2096,-2111,-2110,-2145,-2137,-2133,-2124,-2129,-2133,-2138,-2143,-2138,-2137,-2128,-2130,-2131,-2135,-2136,-2146,-2148,-2149,-2146,-2150,-2154,-2149,-2152,-2155,-2157,-2162,-2161,-2163,-2161,-2157,-2165,-2173,-2177,-2184,-2214,-2204,-2201,-2227,-2245,-2234,-2265,-2297,-2345,-2271,-2253,-2312,-2278,-2274,-2285,-2322,-2321,-2349,-2361,-2376,-2373,-2318,-2353,-2319,-2321,-2354,-2347,-2338,-2332,-2256,-2339,-2336,-2339,-2340,-2436,-2357,-2351,-2285,-2269,-2244,-2231,-2217,-2209,-2206,-2206,-2203,-2262,-2197,-2198,-2199,-2210,-2201,-2198,-2195,-2196,-2195,-2196,-2192,-2185,-2182,-2187,-2185,-2184,-2175,-2189,-2180,-2174,-2179,-2179,-2183,-2182,-2179,-2180,-2174,-2168,-2161,-2161,-2148,-2149,-2139,-2135,-2128,-2127,-2121,-2117,-2115,-2114,-2112,-2114,-2113,-2108,-2108,-2105,-2094,-2101,-2100,-2098,-2101,-2097,-2096,-2094,-2089,-2087,-2083,-2081,-2079,-2078,-2083,-2076,-2082,-2084,-2086,-2090,-2085,-2087,-2084,-2075,-2061,-2064,-2034,-2018,-2023,-2013,-2008,-2008,-1998,-1992,-1987,-1986,-1981,-1972,-1970,-1967,-1965,-1963,-1965,-1961,-1962,-1961,-1959,-1960,-1963,-1961,-1966,-1965,-1969,-1974,-1974,-1990,-2008,-2018,-2012,-2010,-2010,-2055,-2040,-2034,-2095,-2022,-2017,-2017,-2025,-2057,-2079,-2073,-2068,-2055,-2056,-2057,-2053,-2057,-2058,-2057,-2066,-2065,-2069,-2071,-2077,-2078,-2078,-2084,-2084,-2104,-2102,-2109,-2114,-2128,-2139,-2152,-2156,-2169,-2172,-2173,-2181,-2191,-2198,-2209,-2220,-2229,-2242,-2253,-2264,-2277,-2294,-2292,-2305,-2309,-2320,-2323
-2465,-2447,-2473,-2495,-2508,-2480,-2474,-2472,-2456,-2488,-2501,-2478,-2468,-2456,-2529,-2492,-2507,-2534,-2552,-2566,-2601,-2518,-2578,-2560,-2678,-2578,-2524,-2495,-2428,-2454,-2493,-2558,-2584,-2393,-2563,-2403,-2393,-2417,-2456,-2446,-2422,-2369,-2410,-2380,-2355,-2401,-2503,-2417,-2313,-2364,-2356,-2383,-2380,-2375,-2344,-2336,-2277,-2274,-2267,-2261,-2256,-2253,-2258,-2265,-2214,-2243,-2244,-2258,-2268,-2277,-2318,-2253,-2250,-2278,-2321,-2366,-2443,-2444,-2467,-2438,-2355,-2284,-2232,-2234,-2236,-2226,-2191,-2143,-2150,-2154,-2140,-2124,-2134,-2147,-2117,-2153,-2173,-2138,-2151,-2133,-2122,-2111,-2185,-2123,-2145,-2212,-2217,-2224,-2184,-2232,-2225,-2212,-2261,-2259,-2254,-2284,-2392,-2377,-2320,-2319,-2334,-2328,-2318,-2337,-2450,-2489,-2376,-2350,-2329,-2321,-2356,-2319,-2392,-2335,-2403,-2742,-2558,-2550,-2421,-2495,-2507,-2414,-2513,-2449,-2482,-2643,-2573,-2622,-2601,-2531,-2883,-2760,-2515,-2538,-2578,-2643,-2649,-2568,-2645,-2858,-2618,-2740,-2644,-2628,-2611,-2493,-2591,-2494,-2462,-2579,-2462,-2495,-2557,-2741,-3016,-2763,-2518,-2685,-2506,-2981,-2755,-2485,-2635,-2467,-2422,-2410,-2492,-2452,-2416,-2431,-2440,-2493,-2495,-2476,-2480,-2482,-2454,-2479,-2468,-2477,-2457,-2546,-2444,-2418,-2399,-2437,-2515,-2392,-2400,-2402,-2400,-2423,-2423,-2397,-2363,-2382,-2392,-2402,-2432,-2385,-2323,-2345,-2439,-2501,-2407,-2381,-2472,-2295,-2298,-2263,-2320,-2417,-2423,-2423,-2469,-2355,-2313,-2327,-2329,-2342,-2380,-2359,-2400,-2577,-2568,-2630,-2614,-2551,-2561,-2575,-2473,-2188,-2299,-2278,-2340,-2337,-2204,-2203,-2198,-2183,-2224,-2200,-2196,-2225,-2290,-2271,-2263,-2272,-2290,-2304,-2258,-2332,-2402,-2476,-2206,-2220,-2372,-2507,-2511,-2428,-2247,-2146,-2150,-2276,-2374,-2178,-2184,-2176,-2201,-2243,-2200,-2224,-2251,-2399,-2486,-2285,-2258,-2271,-2276,-2262,-2284,-2311,-2320,-2328,-2317,-2374,-2333,-2354,-2351,-2316,-2360,-2476,-2363,-2348,-2390,-2453,-2540,-2406,-2462,-2437,-2442,-2325,-2331,-2311,-2367,-2394,-2566,-2566,-2585,-2568,-2604,-2552,-2366,-2321,-2548,-2662,-2564,-2567,-2428,-2481,-2504,-2575,-2597,-2640,-2722,-2576,-2697,-2577,-2581,-2405,-2439,-2452,-2471,-2549,-2627,-2652,-2626,-2563,-2735,-2628
-2795,-2805,-2821,-2835,-2856,-2881,-2900,-2910,-2930,-2946,-2942,-2938,-2949,-2989,-3048,-3010,-2902,-2717,-2695,-2698,-2710,-2721,-2726,-2736,-2738,-2755,-2791,-2801,-2806,-2795,-2707,-2692,-2696,-2704,-2703,-2694,-2690,-2686,-2682,-2697,-2738,-2775,-2841,-2935,-2875,-2602,-2577,-2574,-2563,-2567,-2580,-2593,-2601,-2605,-2607,-2614,-2618,-2619,-2621,-2625,-2623,-2626,-2639,-2668,-2672,-2687,-2738,-2750,-2687,-2631,-2546,-2493,-2471,-2462,-2452,-2439,-2427,-2421,-2420,-2425,-2432,-2440,-2444,-2452,-2464,-2464,-2508,-2545,-2546,-2536,-2495,-2459,-2456,-2463,-2452,-2465,-2474,-2504,-2534,-2555,-2562,-2567,-2584,-2607,-2640,-2630,-2596,-2668,-2684,-2716,-2729,-2674,-2575,-2524,-2514,-2513,-2527,-2561,-2668,-2811,-2868,-2877,-2893,-2848,-2797,-2774,-2753,-2737,-2709,-2676,-2658,-2640,-2632,-2632,-2630,-2630,-2631,-2633,-2634,-2635,-2635,-2643,-2657,-2677,-2701,-2729,-2761,-2794,-2917,-3068,-3138,-3150,-3132,-3122,-3119,-3101,-3102,-3069,-2991,-2922,-2891,-2881,-2873,-2867,-2876,-2892,-2903,-2928,-2940,-2939,-2942,-2953,-2959,-2960,-2946,-2915,-2894,-2881,-2862,-2868,-2868,-2893,-2942,-2957,-2892,-2810,-2769,-2743,-2724,-2707,-2692,-2683,-2672,-2664,-2659,-2660,-2662,-2664,-2670,-2677,-2688,-2693,-2699,-2712,-2775,-2757,-2744,-2671,-2611,-2588,-2574,-2562,-2562,-2564,-2565,-2563,-2559,-2553,-2540,-2529,-2523,-2522,-2527,-2540,-2556,-2570,-2580,-2589,-2596,-2594,-2586,-2535,-2483,-2453,-2441,-2449,-2462,-2509,-2578,-2620,-2651,-2713,-2730,-2760,-2786,-2816,-2830,-2850,-2839,-2582,-2485,-2474,-2485,-2502,-2516,-2532,-2546,-2567,-2589,-2614,-2638,-2670,-2696,-2705,-2726,-2744,-2736,-2742,-2731,-2730,-2734,-2727,-2723,-2746,-2787,-2852,-2877,-2879,-2880,-2864,-2851,-2850,-2852,-2849,-2822,-2787,-2733,-2603,-2553,-2526,-2516,-2498,-2489,-2476,-2469,-2482,-2497,-2513,-2525,-2544,-2574,-2586,-2606,-2609,-2603,-2599,-2591,-2565,-2563,-2582,-2613,-2653,-2669,-2679,-2695,-2706,-2705,-2695,-2671,-2686,-2766,-2816,-2841,-2857,-2868,-2891,-2916,-2949,-2971,-2996,-3051,-3081,-3115,-3118,-3108,-3104,-3118,-3128,-3127,-3085,-2771,-2659,-2669,-2705,-2771,-2891,-2979,-2993,-2937,-2880,-2917,-2974,-3090,-3206,-3207,-3230,-3159,-2837,-2758,-2776
-3954,-3592,-3161,-3166,-3197,-3210,-3216,-3213,-3206,-3201,-3199,-3267,-3371,-3544,-3561,-3614,-3364,-3140,-3043,-3042,-3048,-3055,-3064,-3074,-3087,-3095,-3103,-3114,-3117,-3131,-3134,-3133,-3139,-3002,-2976,-2983,-2987,-3026,-3029,-3030,-2976,-2930,-2975,-3035,-3086,-3071,-2987,-2917,-2953,-3036,-3130,-3265,-3206,-3141,-3156,-3167,-2942,-2897,-2873,-2879,-2869,-2849,-2829,-2802,-2794,-2772,-2796,-2831,-2858,-2844,-2852,-2870,-2932,-2959,-2814,-2788,-2783,-2805,-2813,-2881,-2872,-2964,-2961,-2770,-2676,-2665,-2682,-2694,-2700,-2702,-2710,-2726,-2765,-2807,-2841,-2860,-2868,-2852,-2848,-2855,-2866,-2895,-2936,-2926,-2907,-2906,-2897,-2919,-2934,-2937,-2950,-2936,-2937,-2930,-2933,-2941,-2956,-2971,-3022,-3125,-3169,-3153,-3121,-3088,-3038,-2997,-2975,-2945,-2937,-2955,-2974,-3063,-3249,-3513,-3538,-3552,-3583,-3605,-3615,-3626,-3655,-3639,-3633,-3667,-3696,-3667,-3673,-3716,-3746,-3758,-3719,-3600,-3545,-3567,-3519,-3425,-3411,-3310,-3294,-3291,-3290,-3289,-3277,-3273,-3273,-3286,-3324,-3353,-3341,-3297,-3260,-3236,-3217,-3199,-3165,-3152,-3145,-3138,-3133,-3132,-3142,-3174,-3204,-3215,-3191,-3157,-3099,-3075,-3042,-3020,-3000,-2985,-2967,-2954,-2943,-2933,-2922,-2911,-2908,-2906,-2905,-2907,-2924,-2927,-2930,-2929,-2917,-2902,-2895,-2895,-2901,-2902,-2909,-2868,-2840,-2811,-2792,-2775,-2764,-2752,-2752,-2754,-2762,-2767,-2775,-2803,-2841,-2852,-2862,-2874,-2883,-2886,-2889,-2890,-2859,-2772,-2783,-2783,-2793,-2803,-2803,-2805,-2805,-2813,-2811,-2806,-2811,-2814,-2804,-2808,-2816,-2826,-2835,-2848,-2864,-2872,-2881,-2884,-2888,-2888,-2890,-2890,-2895,-2891,-2875,-2881,-2893,-2916,-2934,-2938,-2909,-2845,-2861,-2900,-2960,-3003,-3043,-3118,-3211,-3218,-3174,-3156,-3133,-2977,-2814,-2786,-2775,-2778,-2799,-2848,-2949,-3035,-3029,-3014,-3005,-2993,-3002,-3028,-3060,-3090,-3114,-3156,-3173,-3185,-3186,-3041,-2949,-3184,-3234,-3306,-3356,-3363,-3374,-3420,-3390,-3379,-3390,-3427,-3453,-3440,-3413,-3392,-3370,-3405,-3454,-3453,-3443,-3453,-3455,-3624,-3558,-3460,-3402,-3406,-3428,-3438,-3392,-3346,-3335,-3329,-3362,-3396,-3409,-3427,-3454,-3487,-3505,-3524,-3555,-3568,-3556,-3545,-3446,-3310,-3521,-3577,-3738,-3865,-4188,-4334
-4416,-4134,-4127,-4158,-4213,-4244,-4271,-4277,-4272,-4275,-4278,-4369,-4324,-4166,-4207,-4268,-4425,-4516,-4498,-4406,-3457,-3419,-3411,-3448,-3466,-3498,-3576,-3875,-4098,-4267,-3961,-3610,-3265,-3269,-3293,-3307,-3305,-3313,-3339,-3375,-3378,-3367,-3289,-3264,-3437,-3578,-3722,-3917,-4033,-4077,-4064,-4049,-4021,-4155,-4239,-4076,-4113,-4290,-4375,-4244,-3958,-3338,-3226,-3193,-3164,-3392,-3712,-3759,-3163,-3136,-3098,-3070,-3065,-3096,-3118,-3139,-3152,-3159,-3152,-3156,-3166,-3183,-3223,-3221,-3201,-3113,-3075,-3067,-3077,-3094,-3115,-3184,-3203,-3226,-3214,-3189,-3146,-3161,-3219,-3327,-3290,-3065,-3036,-3030,-3034,-3034,-3043,-3116,-3189,-3398,-3435,-3471,-3447,-3521,-3516,-3531,-3525,-3604,-3565,-3566,-3548,-3509,-3568,-3538,-3474,-3439,-3415,-3405,-3398,-3389,-3385,-3388,-3407,-3432,-3474,-3763,-3814,-3832,-3835,-3929,-3918,-4055,-3932,-3964,-4083,-4222,-4317,-4387,-4395,-4385,-4458,-4480,-4567,-4628,-4787,-4902,-4972,-4972,-4936,-4954,-4943,-4987,-4998,-4762,-4432,-4400,-4351,-4292,-4255,-4213,-4249,-4284,-4280,-4323,-4349,-4392,-4375,-4372,-4422,-4474,-4721,-4946,-4977,-4957,-3533,-3513,-3478,-3502,-3482,-3555,-3511,-3378,-3327,-3324,-3320,-3318,-3227,-3207,-3163,-3144,-3129,-3118,-3110,-3107,-3102,-3097,-3093,-3091,-3096,-3085,-3062,-3038,-3018,-3001,-2987,-2975,-2963,-2960,-2953,-2950,-2946,-2944,-2946,-2945,-2952,-2953,-2958,-2959,-2965,-2966,-2966,-2969,-2975,-2978,-2988,-2986,-3000,-3003,-3008,-3015,-3027,-3038,-3047,-3047,-3034,-3029,-3029,-3032,-3036,-3043,-3044,-3047,-3024,-3031,-3022,-3025,-3015,-3017,-3025,-3032,-3038,-3041,-3041,-3040,-3039,-3040,-3046,-3052,-3059,-3069,-3079,-3052,-3048,-3038,-3069,-3120,-3237,-3279,-3207,-3078,-3096,-3115,-3121,-3137,-3122,-3074,-3053,-3186,-3561,-3663,-3722,-3718,-3727,-3734,-3754,-3804,-3702,-3443,-3377,-3439,-3494,-3544,-3595,-3586,-3563,-3589,-3597,-3615,-3641,-4052,-3593,-3611,-3608,-3610,-3657,-3685,-3715,-3760,-3796,-3841,-3872,-3922,-4082,-4143,-4136,-4153,-4153,-4214,-4322,-4489,-4628,-4685,-4674,-4680,-4657,-4230,-4201,-4190,-4187,-4184,-4186,-4195,-4205,-4212,-4218,-4225,-4215,-4224,-4220,-4229,-4226,-4214,-4230,-4263,-4346,-4399,-4383,-4448,-4466,-4461
-4145,-4144,-4133,-4123,-4120,-4120,-4120,-4125,-4121,-4117,-4119,-4110,-4110,-4120,-4132,-4137,-4153,-4169,-4185,-4199,-4202,-4201,-4206,-4209,-4164,-4157,-4162,-4161,-4161,-4152,-4150,-4155,-4151,-4188,-4209,-4218,-4200,-4206,-4194,-4186,-4182,-4194,-4219,-4248,-4284,-4308,-4336,-4373,-4398,-4405,-4414,-4376,-4370,-4398,-4501,-3811,-3825,-3807,-3688,-3685,-3718,-3777,-3847,-3805,-3955,-4211,-3767,-3622,-3576,-3578,-3592,-3670,-3693,-3694,-3739,-3694,-3523,-3472,-3516,-3608,-3820,-3663,-3531,-3566,-3518,-3558,-3516,-3514,-3350,-3281,-3282,-3355,-3392,-3383,-3497,-3444,-3483,-3315,-3300,-3302,-3421,-3386,-3367,-3344,-3352,-3513,-3787,-3849,-3835,-3772,-3770,-3786,-3790,-3780,-3794,-3781,-3770,-3724,-3684,-3613,-3598,-3580,-3549,-3540,-3540,-3551,-3588,-3913,-3861,-3849,-3935,-4311,-4354,-4402,-4496,-4557,-4774,-4836,-4924,-4924,-4923,-4903,-4897,-4864,-4832,-4768,-4733,-4686,-4667,-4599,-4565,-4408,-4343,-4413,-4122,-4150,-4087,-4039,-3994,-3987,-3981,-4009,-3997,-3914,-3907,-3888,-3845,-3809,-3741,-3665,-3628,-3602,-3571,-3564,-3541,-3553,-3611,-3619,-3614,-3630,-3654,-3677,-3672,-3705,-3686,-3647,-3605,-3606,-3557,-3497,-3470,-3459,-3425,-3385,-3392,-3356,-3488,-3352,-3276,-3261,-3237,-3217,-3199,-3193,-3175,-3149,-3128,-3110,-3095,-3081,-3069,-3060,-3053,-3046,-3037,-3029,-3020,-3015,-3014,-3014,-3018,-3023,-3030,-3039,-3048,-3056,-3067,-3081,-3096,-3094,-3117,-3120,-3134,-3158,-3182,-3210,-3237,-3307,-3330,-3350,-3392,-3415,-3461,-3452,-3304,-3229,-3213,-3215,-3221,-3229,-3246,-3263,-3285,-3285,-3287,-3292,-3281,-3259,-3233,-3230,-3234,-3237,-3238,-3242,-3252,-3266,-3298,-3379,-3390,-3296,-3239,-3236,-3253,-3267,-3276,-3258,-3260,-3254,-3248,-3251,-3268,-3285,-3300,-3336,-3400,-3422,-3516,-3632,-3661,-3826,-3851,-3881,-3856,-3808,-3903,-3704,-3748,-3767,-3726,-3752,-3878,-4219,-4149,-4016,-4001,-4028,-4239,-4138,-4274,-4347,-4264,-4275,-4301,-4387,-4414,-4434,-4496,-4473,-4561,-4608,-4447,-4416,-4405,-4403,-4402,-4399,-4391,-4385,-4388,-4384,-4377,-4364,-4366,-4352,-4338,-4339,-4356,-4382,-4383,-4430,-4512,-4441,-4373,-4364,-4367,-4342,-4267,-4190,-4161,-4151,-4152,-4152,-4151,-4149,-4150,-4148,-4148,-4147,-4146,-4143
-4189,-4189,-4190,-4190,-4190,-4182,-4186,-4188,-4175,-4176,-4177,-4182,-4183,-4188,-4195,-4201,-4207,-4215,-4224,-4233,-4244,-4254,-4265,-4273,-4267,-4277,-4286,-4295,-4294,-4307,-4319,-4331,-4340,-4347,-4355,-4363,-4369,-4379,-4386,-4396,-4403,-4404,-4408,-4412,-4426,-4434,-4435,-4424,-4409,-4388,-4366,-4341,-4315,-4311,-4302,-4371,-4656,-4641,-3924,-3998,-4122,-3889,-3774,-3816,-3899,-3935,-3953,-4009,-4099,-4202,-4261,-4227,-3863,-3884,-3803,-3806,-3981,-4173,-3924,-3639,-3608,-3645,-3674,-3812,-3685,-3629,-3611,-3617,-3614,-3630,-3649,-3669,-3665,-3688,-3692,-3722,-3760,-3808,-3832,-3844,-3848,-3874,-3941,-3994,-4097,-4181,-4243,-4293,-4080,-3835,-3898,-3919,-3926,-3906,-3859,-3847,-3874,-3879,-3872,-3861,-3875,-3744,-4167,-4315,-4368,-4335,-4378,-4679,-4794,-4832,-4863,-4806,-4789,-4870,-4949,-4955,-4903,-4914,-4866,-4860,-4526,-4427,-4340,-4333,-4320,-4201,-4085,-4062,-4014,-3960,-3923,-3934,-3907,-3839,-3805,-3789,-3767,-3722,-3689,-3669,-3665,-3640,-3602,-3581,-3562,-3544,-3561,-3543,-3492,-3453,-3426,-3405,-3389,-3383,-3369,-3347,-3322,-3312,-3299,-3303,-3295,-3285,-3277,-3268,-3274,-3263,-3258,-3251,-3245,-3228,-3205,-3203,-3188,-3173,-3154,-3154,-3137,-3139,-3138,-3132,-3126,-3106,-3091,-3075,-3067,-3061,-3047,-3040,-3032,-3018,-3009,-3005,-3003,-2996,-2991,-2984,-2994,-3023,-3192,-3263,-3327,-3399,-3486,-3555,-3590,-3564,-3537,-3473,-3446,-3541,-3592,-3632,-3695,-3700,-3718,-3734,-3682,-3390,-3381,-3390,-3385,-3404,-3469,-3597,-3680,-3451,-3433,-3458,-3489,-3527,-3567,-3584,-3676,-3622,-3545,-3418,-3442,-3474,-3500,-3511,-3504,-3511,-3514,-3532,-3549,-3579,-3617,-3485,-3453,-3467,-3499,-3640,-3704,-3723,-3653,-3675,-3699,-3735,-3782,-3811,-3933,-3941,-4103,-4139,-4164,-4115,-4137,-4038,-4003,-3986,-3968,-4095,-4384,-4422,-4478,-4525,-4516,-4522,-4503,-4498,-4493,-4510,-4516,-4514,-4532,-4537,-4531,-4521,-4526,-4539,-4540,-4533,-4526,-4526,-4539,-4529,-4522,-4535,-4505,-4491,-4483,-4474,-4469,-4461,-4458,-4456,-4448,-4440,-4419,-4405,-4396,-4389,-4381,-4368,-4358,-4353,-4347,-4341,-4334,-4328,-4321,-4315,-4310,-4306,-4298,-4289,-4281,-4278,-4275,-4266,-4261,-4252,-4239,-4229,-4218,-4212,-4205,-4197,-4191,-4188
-4230,-4230,-4233,-4238,-4242,-4252,-4263,-4274,-4298,-4221,-4205,-4212,-4236,-4250,-4265,-4286,-4311,-4327,-4334,-4351,-4361,-4368,-4374,-4382,-4391,-4398,-4406,-4414,-4424,-4429,-4437,-4442,-4450,-4455,-4461,-4465,-4471,-4478,-4483,-4491,-4501,-4508,-4517,-4525,-4536,-4551,-4569,-4563,-4581,-4599,-4577,-4508,-4454,-4445,-4464,-4494,-4523,-4556,-4619,-4743,-4892,-4459,-4711,-4681,-4606,-4572,-4461,-4525,-4381,-4299,-4251,-4249,-4230,-4223,-4215,-4182,-4141,-4122,-4156,-4060,-4049,-4003,-3998,-4007,-4046,-4068,-4064,-4108,-4098,-4113,-4149,-4107,-4110,-4136,-4147,-4088,-4053,-4151,-4906,-4877,-4850,-4775,-4663,-4422,-4278,-4202,-4424,-4809,-4992,-4048,-3987,-3952,-3933,-3932,-3940,-3906,-3918,-3978,-4046,-4105,-4082,-4376,-4716,-4782,-4815,-4823,-4861,-4883,-4888,-4905,-4934,-4966,-4976,-4972,-4866,-4756,-4586,-4547,-4431,-4418,-4346,-4255,-4245,-4328,-4131,-4070,-4089,-4199,-3992,-3946,-3921,-3941,-3887,-3923,-3865,-3766,-3733,-3725,-3794,-3656,-3618,-3607,-3585,-3592,-3703,-3522,-3476,-3458,-3423,-3421,-3400,-3392,-3352,-3326,-3308,-3314,-3293,-3273,-3250,-3236,-3220,-3221,-3213,-3187,-3167,-3167,-3166,-3142,-3148,-3131,-3099,-3095,-3093,-3095,-3090,-3075,-3077,-3070,-3061,-3059,-3054,-3055,-3059,-3057,-3062,-3067,-3079,-3087,-3155,-3095,-3210,-3325,-3196,-3218,-3101,-3107,-3139,-3196,-3228,-3269,-3325,-3381,-3436,-3421,-3459,-3697,-3689,-3681,-3654,-3626,-3636,-3645,-3695,-3679,-3669,-3666,-3686,-3741,-3884,-3825,-3846,-3841,-3766,-3870,-4035,-4043,-3997,-3966,-3920,-3940,-3857,-3865,-3875,-4070,-4278,-3615,-3627,-3627,-3646,-3709,-3941,-3983,-3766,-3794,-3801,-3841,-3927,-4024,-4000,-4037,-4010,-3977,-3995,-4042,-4051,-4030,-4069,-4040,-4135,-4196,-4235,-4268,-4311,-4348,-4373,-4403,-4444,-4487,-4532,-4529,-4528,-4512,-4507,-4506,-4505,-4510,-4498,-4506,-4494,-4516,-4537,-4546,-4549,-4553,-4556,-4567,-4566,-4562,-4554,-4559,-4557,-4555,-4563,-4559,-4558,-4559,-4554,-4545,-4531,-4515,-4507,-4502,-4506,-4501,-4492,-4480,-4468,-4463,-4450,-4449,-4441,-4434,-4425,-4418,-4408,-4400,-4390,-4382,-4371,-4364,-4353,-4350,-4340,-4336,-4327,-4322,-4315,-4307,-4300,-4293,-4282,-4276,-4268,-4262,-4250,-4243,-4233,-4234,-4229,-4231
-4386,-4390,-4395,-4399,-4404,-4419,-4433,-4443,-4434,-4428,-4434,-4425,-4413,-4408,-4404,-4408,-4410,-4413,-4418,-4426,-4432,-4440,-4450,-4455,-4464,-4474,-4480,-4489,-4495,-4501,-4509,-4512,-4514,-4521,-4522,-4524,-4531,-4532,-4537,-4540,-4543,-4548,-4552,-4557,-4563,-4569,-4577,-4586,-4594,-4607,-4621,-4637,-4652,-4672,-4693,-4717,-4745,-4781,-4827,-4873,-4865,-4773,-4813,-4764,-4730,-4743,-4781,-4833,-4796,-4780,-4823,-4816,-4714,-4617,-4448,-4369,-4368,-4387,-4359,-4347,-4845,-4806,-4789,-4802,-4803,-4808,-4828,-4843,-4840,-4862,-4896,-4965,-4975,-4966,-4891,-4787,-4799,-4814,-4835,-4822,-4653,-4505,-4636,-4476,-4461,-4660,-4670,-4607,-4616,-4627,-4842,-4979,-5059,-5094,-5102,-4432,-4033,-4183,-5009,-5029,-5056,-4871,-4838,-4865,-4856,-4892,-4894,-4885,-4904,-4936,-4973,-4976,-4997,-5096,-4986,-4854,-4797,-4806,-4667,-4610,-4586,-4613,-4797,-4658,-4483,-4456,-4393,-4651,-4406,-4618,-4434,-4116,-4104,-4139,-4068,-4186,-4331,-3932,-3900,-3884,-3928,-4108,-3801,-3689,-3678,-3685,-3681,-3622,-3836,-3628,-3828,-3539,-3527,-3501,-3486,-3477,-3488,-3471,-3415,-3382,-3365,-3436,-3691,-3403,-3356,-3334,-3293,-3294,-3376,-3697,-3360,-3320,-3758,-3253,-3225,-3226,-3239,-3221,-3224,-3266,-3438,-3441,-3383,-3543,-3827,-3660,-3798,-3388,-3385,-3647,-4053,-4034,-3566,-3297,-3295,-4126,-3440,-3798,-4417,-4390,-4439,-4050,-4038,-4114,-4073,-4179,-4358,-4437,-4415,-4424,-4449,-4446,-4460,-4515,-4269,-4378,-4424,-4552,-4049,-4026,-4072,-4110,-4155,-4217,-4231,-4279,-4334,-4290,-4269,-4336,-4488,-4537,-4015,-4130,-4156,-4280,-4358,-4452,-4463,-4293,-4251,-4261,-4280,-4283,-4306,-4341,-4333,-4366,-4408,-4396,-4380,-4397,-4416,-4447,-4472,-4490,-4503,-4504,-4503,-4508,-4512,-4512,-4512,-4496,-4500,-4491,-4506,-4491,-4508,-4499,-4488,-4487,-4471,-4473,-4490,-4501,-4520,-4520,-4522,-4529,-4536,-4545,-4560,-4551,-4570,-4571,-4577,-4578,-4574,-4578,-4577,-4570,-4571,-4582,-4589,-4597,-4594,-4594,-4600,-4599,-4598,-4600,-4604,-4608,-4617,-4621,-4626,-4627,-4631,-4639,-4623,-4629,-4628,-4623,-4613,-4609,-4610,-4612,-4554,-4543,-4541,-4530,-4523,-4518,-4514,-4512,-4505,-4497,-4495,-4513,-4497,-4459,-4439,-4415,-4396,-4393,-4396,-4401,-4391,-4386
-4596,-4582,-4567,-4566,-4553,-4556,-4559,-4547,-4546,-4532,-4542,-4548,-4542,-4531,-4553,-4555,-4555,-4563,-4545,-4566,-4570,-4575,-4581,-4586,-4592,-4599,-4601,-4606,-4617,-4620,-4623,-4626,-4626,-4620,-4625,-4629,-4627,-4623,-4628,-4623,-4631,-4634,-4649,-4646,-4653,-4661,-4665,-4673,-4688,-4697,-4700,-4696,-4694,-4680,-4678,-4704,-4717,-4726,-4737,-4747,-4755,-4765,-4779,-4797,-4820,-4853,-4908,-4931,-4898,-4847,-4874,-4903,-4887,-4877,-4854,-4879,-4917,-4921,-4892,-4875,-4873,-4873,-4889,-4889,-4867,-4860,-4867,-4895,-4913,-4930,-4950,-4956,-4953,-4966,-4982,-4976,-4987,-5009,-5004,-5012,-4999,-4952,-4938,-4901,-4921,-4952,-4954,-4989,-5026,-5069,-5053,-5059,-5097,-5102,-5107,-5099,-5112,-5093,-5095,-5091,-5107,-5056,-4961,-4880,-4856,-4884,-4930,-4939,-4942,-4947,-5208,-5206,-5155,-5159,-5151,-5109,-5093,-5076,-5037,-5022,-5022,-4999,-4989,-4973,-4936,-4916,-4933,-4970,-4990,-4960,-4946,-4791,-4905,-5088,-4547,-4404,-4372,-4382,-4644,-4913,-4189,-4104,-4105,-4127,-4189,-4564,-4778,-3959,-3813,-3822,-3846,-3873,-3907,-3874,-4159,-4159,-3890,-3775,-3795,-3852,-3718,-3693,-3693,-3788,-3888,-3941,-3867,-3621,-3604,-3659,-3762,-3891,-3968,-3893,-3897,-3607,-4250,-3638,-3622,-3653,-3849,-3908,-4020,-4045,-3927,-3836,-4103,-4285,-4467,-4117,-3951,-4473,-4453,-4525,-4649,-4432,-4393,-4477,-4461,-4471,-4478,-4543,-4586,-4593,-4521,-4507,-4500,-4460,-4418,-4436,-4460,-4446,-4413,-4443,-4459,-4493,-4521,-4539,-4514,-4432,-4372,-4350,-4339,-4348,-4352,-4361,-4366,-4378,-4394,-4412,-4424,-4441,-4440,-4434,-4345,-4411,-4458,-4462,-4471,-4480,-4471,-4472,-4486,-4461,-4484,-4481,-4466,-4483,-4503,-4493,-4487,-4507,-4494,-4480,-4457,-4459,-4466,-4470,-4454,-4463,-4458,-4458,-4452,-4450,-4454,-4453,-4456,-4447,-4434,-4429,-4451,-4462,-4462,-4458,-4457,-4463,-4456,-4465,-4460,-4487,-4481,-4510,-4520,-4535,-4538,-4549,-4548,-4555,-4559,-4554,-4537,-4558,-4568,-4588,-4588,-4579,-4595,-4598,-4571,-4583,-4602,-4616,-4632,-4653,-4671,-4670,-4686,-4695,-4691,-4682,-4679,-4689,-4698,-4677,-4691,-4713,-4724,-4738,-4749,-4761,-4762,-4735,-4741,-4763,-4787,-4777,-4767,-4748,-4737,-4712,-4697,-4682,-4676,-4669,-4661,-4654,-4640,-4630,-4621,-4611
-4852,-4856,-4892,-4854,-4786,-4808,-4777,-4816,-4844,-4882,-4855,-4870,-4845,-4833,-4842,-4832,-4828,-4754,-4783,-4819,-4813,-4803,-4772,-4735,-4789,-4822,-4856,-4849,-4857,-4876,-4856,-4850,-4897,-4903,-4892,-4929,-4938,-4936,-4907,-4904,-4890,-4889,-4933,-4935,-4928,-4879,-4842,-4902,-4890,-4942,-4946,-4915,-4912,-4858,-4868,-4777,-4794,-4781,-4779,-4774,-4737,-4731,-4802,-4785,-4773,-4835,-4850,-4852,-4869,-4803,-4855,-4874,-4873,-4834,-4824,-4826,-4877,-4872,-4875,-4886,-4899,-4905,-4895,-4899,-4885,-4890,-4890,-4872,-4848,-4847,-4867,-4892,-4892,-4914,-4907,-4924,-4919,-4936,-4957,-4977,-4990,-5022,-5005,-5022,-5049,-5040,-5045,-5070,-5071,-5086,-5090,-5088,-5080,-5094,-5128,-5134,-5142,-5151,-5142,-5158,-5170,-5177,-5151,-5162,-5182,-5172,-5200,-5217,-5209,-5185,-5127,-5176,-5255,-5210,-5193,-5181,-5155,-5126,-5114,-5091,-5077,-5077,-5075,-5052,-5049,-5061,-5058,-5054,-5055,-5038,-4966,-4901,-4892,-4913,-4913,-4913,-4954,-4982,-5034,-4988,-4969,-4961,-4947,-4937,-4919,-4920,-4884,-4817,-4715,-4825,-4830,-4683,-4676,-4703,-4838,-4891,-4746,-4271,-4312,-4363,-4421,-4457,-4429,-4434,-4592,-4572,-4148,-4236,-4335,-4444,-4599,-4154,-4638,-4467,-4505,-4709,-4097,-4121,-4503,-4626,-4710,-4687,-4142,-4613,-4618,-4652,-4650,-4560,-4524,-4635,-4636,-4645,-4625,-4637,-4643,-4634,-4621,-4622,-4617,-4606,-4603,-4589,-4580,-4586,-4593,-4590,-4589,-4581,-4573,-4545,-4544,-4554,-4558,-4537,-4537,-4539,-4527,-4532,-4495,-4466,-4397,-4437,-4437,-4422,-4501,-4494,-4480,-4478,-4468,-4443,-4459,-4466,-4479,-4478,-4446,-4418,-4388,-4450,-4462,-4467,-4455,-4455,-4463,-4475,-4475,-4467,-4465,-4467,-4470,-4448,-4451,-4462,-4464,-4467,-4461,-4462,-4449,-4448,-4449,-4455,-4447,-4438,-4443,-4412,-4397,-4376,-4412,-4394,-4399,-4406,-4398,-4401,-4328,-4300,-4324,-4340,-4359,-4362,-4375,-4383,-4385,-4416,-4395,-4384,-4411,-4427,-4439,-4470,-4472,-4459,-4478,-4512,-4508,-4495,-4482,-4529,-4532,-4538,-4542,-4541,-4558,-4570,-4591,-4610,-4601,-4603,-4656,-4670,-4666,-4684,-4690,-4693,-4712,-4689,-4730,-4632,-4647,-4718,-4756,-4785,-4790,-4789,-4781,-4783,-4767,-4768,-4802,-4812,-4812,-4816,-4811,-4785,-4787,-4791,-4802,-4849,-4908,-4816,-4858,-4874
-4890,-4879,-4847,-4877,-4774,-4801,-4743,-4840,-4668,-4642,-4851,-4681,-4577,-4925,-4900,-4854,-4770,-4725,-4739,-4808,-4832,-4898,-4869,-4914,-4908,-4817,-4786,-4829,-4810,-4785,-4843,-4817,-4766,-4608,-4658,-4620,-4751,-4650,-4687,-4641,-4723,-4756,-4596,-4743,-4618,-4586,-4648,-4723,-4807,-4896,-5030,-4999,-4994,-5007,-5128,-4481,-4634,-4706,-4648,-4724,-4769,-4773,-4819,-4849,-4819,-4781,-4799,-4832,-4847,-4850,-4857,-4900,-4887,-4864,-4834,-4816,-4872,-4882,-4876,-4893,-4899,-4859,-4854,-4881,-4893,-4883,-4880,-4865,-4849,-4884,-4899,-4905,-4911,-4897,-4917,-4908,-4928,-4960,-4968,-4978,-4994,-4991,-4983,-5009,-5004,-5018,-5035,-5042,-5055,-5070,-5094,-5140,-5124,-4962,-5106,-5129,-5151,-5169,-5172,-5186,-5226,-5216,-5178,-5155,-5070,-4987,-4979,-5005,-5052,-5116,-5173,-5194,-5150,-5152,-5160,-5172,-5142,-5112,-5102,-5090,-5099,-5079,-5082,-5083,-5087,-5085,-5079,-5097,-5088,-5093,-5061,-5107,-5110,-5099,-5138,-5101,-5099,-5105,-5136,-5056,-5064,-5084,-5055,-5006,-4982,-4967,-4981,-5004,-4970,-4958,-4946,-4940,-4930,-4907,-4885,-4869,-4862,-4860,-4867,-4864,-4850,-4827,-4829,-4810,-4803,-4769,-4700,-4691,-4719,-4706,-4662,-4639,-4668,-4685,-4725,-4727,-4712,-4718,-4711,-4703,-4697,-4683,-4678,-4672,-4663,-4652,-4662,-4650,-4648,-4649,-4658,-4651,-4650,-4624,-4602,-4604,-4617,-4620,-4596,-4579,-4585,-4562,-4558,-4577,-4557,-4538,-4535,-4529,-4534,-4530,-4505,-4501,-4505,-4487,-4512,-4518,-4524,-4504,-4507,-4505,-4507,-4477,-4444,-4445,-4438,-4435,-4469,-4458,-4459,-4476,-4474,-4407,-4482,-4470,-4467,-4457,-4453,-4420,-4414,-4439,-4428,-4419,-4384,-4380,-4409,-4414,-4421,-4405,-4375,-4401,-4400,-4401,-4393,-4393,-4463,-4465,-4467,-4445,-4405,-4364,-4374,-4381,-4381,-4389,-4388,-4381,-4340,-4344,-4348,-4361,-4395,-4376,-4321,-4343,-4342,-4340,-4373,-4412,-4438,-4236,-4338,-4289,-4301,-4324,-4325,-4341,-4353,-4366,-4395,-4410,-4428,-4455,-4488,-4539,-4517,-4518,-4510,-4527,-4538,-4557,-4574,-4597,-4602,-4623,-4618,-4593,-4679,-4664,-4678,-4688,-4676,-4699,-4699,-4691,-4729,-4748,-4753,-4741,-4733,-4703,-4718,-4732,-4762,-4773,-4779,-4759,-4816,-4829,-4841,-4853,-4854,-4837,-4855,-4932,-4887,-4889,-4869,-4908,-4934,-4898
-4950,-4915,-4864,-4844,-4839,-4717,-4787,-4728,-4718,-4681,-4697,-4865,-4817,-4926,-4707,-4744,-4767,-4634,-4770,-4914,-4944,-4912,-4909,-4928,-4952,-4968,-4845,-4830,-4918,-4928,-4891,-4795,-4677,-4689,-5314,-4883,-4467,-4840,-4593,-4646,-4620,-4777,-4718,-4591,-4931,-5000,-5240,-5193,-5180,-5021,-4964,-5093,-5101,-4949,-4873,-4793,-4802,-4799,-4802,-4793,-4796,-4813,-4779,-4819,-4771,-4809,-4738,-4698,-4720,-4664,-4655,-4826,-4817,-4689,-4760,-4771,-4663,-4750,-4757,-4764,-4764,-4823,-4814,-4805,-4791,-4773,-4754,-4780,-4796,-4820,-4869,-4870,-4890,-4899,-4900,-4907,-4933,-4942,-4966,-4964,-4990,-5010,-5020,-4998,-4992,-5008,-5021,-5064,-5075,-5065,-4988,-5059,-5104,-5098,-5097,-5115,-5114,-5108,-5111,-5133,-5147,-5153,-5132,-4572,-4532,-5415,-4892,-5125,-5134,-5111,-5092,-5083,-5095,-5110,-5121,-5127,-5096,-5082,-5088,-5083,-5092,-5109,-5124,-5124,-5116,-5140,-5140,-5126,-5114,-5098,-5110,-5094,-5083,-5095,-5083,-5091,-5097,-5090,-5091,-5076,-5069,-5053,-5028,-5014,-5004,-4998,-4988,-4976,-4975,-4964,-4958,-4931,-4917,-4858,-4856,-4844,-4858,-4898,-4897,-4862,-4859,-4856,-4837,-4829,-4809,-4780,-4769,-4760,-4741,-4702,-4728,-4737,-4732,-4719,-4727,-4719,-4707,-4698,-4677,-4674,-4665,-4661,-4652,-4648,-4624,-4629,-4536,-4569,-4608,-4607,-4607,-4629,-4613,-4598,-4607,-4601,-4599,-4592,-4593,-4589,-4578,-4566,-4557,-4563,-4555,-4535,-4491,-4493,-4506,-4501,-4502,-4509,-4517,-4497,-4501,-4503,-4496,-4470,-4415,-4427,-4418,-4449,-4464,-4460,-4415,-4446,-4471,-4470,-4466,-4457,-4455,-4498,-4507,-4442,-4444,-4434,-4427,-4417,-4406,-4387,-4411,-4411,-4388,-4367,-4349,-4346,-4278,-4314,-4191,-4135,-4207,-4286,-4331,-4336,-4346,-4353,-4344,-4344,-4359,-4356,-4345,-4316,-4310,-4337,-4340,-4340,-4342,-4339,-4337,-4337,-4318,-4352,-4355,-4350,-4369,-4366,-4255,-4341,-4339,-4369,-4375,-4407,-4420,-4420,-4414,-4412,-4407,-4420,-4436,-4462,-4451,-4468,-4484,-4488,-4483,-4477,-4499,-4498,-4522,-4535,-4527,-4542,-4555,-4583,-4596,-4623,-4629,-4662,-4671,-4660,-4680,-4669,-4678,-4697,-4687,-4726,-4733,-4735,-4740,-4726,-4710,-4752,-4798,-4768,-4678,-4846,-4739,-4652,-4752,-4735,-4878,-4906,-4900,-4919,-4912,-4909,-4881,-4887,-4900,-4926
-4884,-4749,-4743,-4757,-4817,-4840,-4805,-4810,-4808,-4802,-4894,-4872,-4854,-4840,-4787,-4810,-4845,-4912,-4919,-4877,-4968,-4963,-4935,-4843,-4779,-4678,-4817,-4798,-4819,-4834,-4880,-4834,-4885,-4814,-4749,-4702,-4634,-4705,-4721,-4800,-4799,-4830,-4834,-4834,-4845,-4891,-4875,-4933,-4990,-4980,-4845,-4668,-4713,-4642,-4740,-4718,-4714,-4778,-4750,-4729,-4706,-4729,-4739,-4713,-4702,-4673,-4909,-4792,-4821,-4735,-4721,-4711,-4727,-4745,-4744,-4709,-4677,-4668,-4695,-4738,-4737,-4749,-4732,-4744,-4749,-4767,-4780,-4772,-4800,-4817,-4896,-4893,-4849,-4837,-4849,-4868,-4876,-4885,-4904,-4937,-4960,-4972,-4966,-4982,-4971,-4981,-4998,-5029,-5059,-5070,-5086,-5096,-5077,-5063,-5035,-5011,-5018,-5038,-5068,-5110,-5121,-5134,-5139,-5145,-5125,-5157,-5175,-5158,-5159,-5154,-5151,-5134,-5129,-5092,-5107,-5101,-5104,-5115,-5100,-5146,-5149,-5179,-5168,-5161,-5146,-5173,-5192,-5166,-5149,-5190,-5127,-5134,-5138,-5126,-5124,-5109,-5122,-5108,-5109,-5101,-5091,-5079,-5071,-5071,-5077,-5066,-5026,-5023,-4994,-4966,-4930,-4928,-4886,-4856,-4869,-4883,-4890,-4865,-4843,-4840,-4848,-4823,-4822,-4833,-4801,-4792,-4751,-4727,-4736,-4737,-4749,-4740,-4740,-4781,-4768,-4706,-4672,-4662,-4644,-4636,-4644,-4640,-4609,-4602,-4608,-4622,-4618,-4598,-4598,-4593,-4580,-4578,-4579,-4564,-4554,-4551,-4554,-4546,-4575,-4571,-4563,-4558,-4548,-4546,-4536,-4531,-4533,-4519,-4509,-4505,-4506,-4501,-4498,-4492,-4472,-4468,-4454,-4415,-4453,-4455,-4457,-4452,-4447,-4439,-4435,-4416,-4382,-4452,-4454,-4440,-4439,-4429,-4430,-4409,-4375,-4397,-4381,-4354,-4363,-4362,-4310,-4331,-4339,-4327,-4336,-4333,-4329,-4325,-4323,-4298,-4256,-4260,-4269,-4279,-4287,-4280,-4286,-4290,-4290,-4302,-4288,-4288,-4292,-4290,-4296,-4301,-4303,-4301,-4304,-4276,-4291,-4305,-4306,-4313,-4306,-4289,-4285,-4316,-4339,-4364,-4373,-4377,-4389,-4391,-4395,-4396,-4403,-4356,-4383,-4380,-4411,-4440,-4452,-4474,-4467,-4492,-4469,-4493,-4492,-4507,-4533,-4557,-4567,-4566,-4572,-4568,-4605,-4626,-4645,-4655,-4647,-4652,-4659,-4650,-4676,-4674,-4697,-4690,-4653,-4681,-4650,-4624,-4732,-4734,-4752,-4778,-4772,-4782,-4851,-4862,-4880,-4906,-4863,-4868,-4883,-4827,-4786,-4834,-4860,-4906
-4801,-4779,-4836,-4852,-4822,-4800,-4828,-4820,-4820,-4837,-4866,-4898,-4855,-4750,-4787,-4881,-4866,-4846,-4876,-4869,-4888,-4860,-4879,-4874,-4870,-4867,-4870,-4892,-4855,-4822,-4806,-4861,-4859,-4852,-4788,-4814,-4841,-4883,-4798,-4896,-4815,-4836,-4885,-4861,-4860,-4858,-4905,-4885,-4826,-4812,-4821,-4655,-4739,-4735,-4692,-4701,-4622,-4523,-4479,-4633,-4636,-4650,-4652,-4640,-4641,-4678,-4701,-4738,-4635,-4824,-4579,-4703,-4644,-4658,-4585,-4625,-4652,-4605,-4648,-4695,-4670,-4641,-4674,-4707,-4720,-4791,-4767,-4780,-4755,-4784,-4756,-4774,-4741,-4799,-4826,-4856,-4761,-4869,-4906,-4923,-4962,-4952,-4972,-4968,-4980,-4972,-4979,-4981,-4972,-4970,-5018,-4906,-5058,-4980,-4981,-4990,-4999,-5001,-4998,-5030,-5052,-5073,-5075,-5110,-5104,-5125,-5135,-5134,-5125,-5149,-5147,-5117,-5084,-5094,-5134,-5135,-5116,-5150,-5169,-5136,-5144,-5170,-5181,-5172,-5177,-5190,-5170,-5222,-5193,-5179,-5182,-5202,-5180,-5161,-5170,-5139,-5117,-5098,-5097,-5081,-5085,-5058,-5073,-4999,-5046,-5022,-4933,-4958,-4928,-4983,-4959,-4952,-4931,-4933,-4897,-4884,-4866,-4849,-4860,-4860,-4839,-4822,-4817,-4804,-4797,-4777,-4749,-4745,-4741,-4745,-4731,-4719,-4699,-4647,-4599,-4761,-4644,-4610,-4624,-4612,-4621,-4626,-4619,-4602,-4596,-4582,-4582,-4551,-4581,-4567,-4569,-4567,-4573,-4569,-4563,-4543,-4511,-4472,-4523,-4539,-4537,-4502,-4530,-4512,-4527,-4527,-4523,-4513,-4497,-4493,-4489,-4481,-4467,-4474,-4486,-4487,-4460,-4424,-4426,-4438,-4437,-4429,-4437,-4421,-4390,-4368,-4431,-4435,-4429,-4420,-4415,-4389,-4307,-4359,-4358,-4313,-4344,-4319,-4276,-4307,-4326,-4328,-4317,-4291,-4307,-4303,-4293,-4273,-4248,-4238,-4252,-4252,-4245,-4238,-4252,-4242,-4245,-4243,-4240,-4175,-4243,-4189,-4162,-4252,-4245,-4262,-4261,-4253,-4232,-4217,-4269,-4257,-4271,-4296,-4298,-4308,-4301,-4291,-4300,-4308,-4282,-4324,-4356,-4355,-4344,-4349,-4367,-4369,-4387,-4395,-4403,-4406,-4415,-4422,-4440,-4469,-4488,-4495,-4502,-4528,-4494,-4529,-4552,-4551,-4555,-4571,-4598,-4612,-4608,-4621,-4621,-4625,-4630,-4614,-4619,-4641,-4640,-4655,-4678,-4667,-4711,-4680,-4728,-4727,-4708,-4724,-4714,-4817,-4849,-4823,-4827,-4831,-4851,-4845,-4840,-4830,-4812,-4813,-4797,-4763
-4681,-4715,-4775,-4795,-4800,-4628,-5616,-4719,-4769,-4777,-4680,-4712,-4796,-4799,-4842,-4838,-4825,-4819,-4764,-4690,-4741,-4682,-4798,-4782,-4764,-4821,-4832,-4798,-4769,-4814,-4793,-4773,-4750,-4795,-4791,-4778,-4746,-4721,-4649,-4638,-4618,-4641,-4673,-4618,-4618,-4635,-4580,-4668,-4747,-4707,-4617,-4470,-4509,-4617,-4659,-4715,-4555,-4634,-4618,-4612,-4623,-4563,-4601,-4544,-4509,-4539,-4552,-4702,-4432,-4522,-4522,-4527,-4514,-4542,-4542,-4554,-4547,-4562,-4590,-4574,-4618,-4609,-4622,-4653,-4645,-4662,-4685,-4708,-4736,-4745,-4745,-4715,-4687,-4717,-4821,-4759,-4820,-4846,-4846,-4868,-4907,-4931,-4927,-4938,-4972,-4981,-4988,-4959,-4998,-4996,-4965,-4943,-4953,-4946,-4927,-4939,-4933,-4933,-4991,-4998,-5008,-4994,-5005,-5032,-5058,-5075,-5088,-5104,-5110,-5105,-5101,-5118,-5117,-5078,-5101,-5123,-5121,-5121,-5155,-5153,-5159,-5178,-5164,-5154,-5196,-5201,-5178,-5185,-5172,-5200,-5213,-5217,-5209,-5184,-5184,-5153,-5102,-5105,-5080,-5095,-5118,-5090,-5069,-5069,-5058,-5044,-5017,-4984,-4960,-4987,-4976,-4975,-4963,-4942,-4924,-4909,-4900,-4889,-4862,-4871,-4851,-4762,-4756,-4744,-4755,-4752,-4742,-4731,-4707,-4707,-4674,-4653,-4649,-4644,-4664,-4650,-4639,-4631,-4605,-4625,-4624,-4615,-4598,-4569,-4584,-4567,-4565,-4541,-4559,-4559,-4543,-4542,-4506,-4519,-4527,-4500,-4491,-4496,-4493,-4522,-4513,-4503,-4524,-4518,-4465,-4508,-4508,-4496,-4474,-4478,-4490,-4490,-4478,-4446,-4470,-4466,-4438,-4409,-4386,-4361,-4391,-4375,-4372,-4362,-4355,-4407,-4413,-4396,-4378,-4366,-4307,-4318,-4310,-4325,-4314,-4293,-4300,-4321,-4297,-4282,-4286,-4273,-4268,-4264,-4258,-4212,-4229,-4239,-4230,-4228,-4209,-4196,-4180,-4215,-4197,-4177,-4189,-4041,-4187,-4201,-4210,-4212,-4152,-4172,-4184,-4073,-4203,-4207,-4225,-4234,-4244,-4239,-4257,-4248,-4255,-4268,-4277,-4284,-4288,-4293,-4306,-4255,-4325,-4273,-4301,-4313,-4353,-4337,-4338,-4330,-4350,-4391,-4398,-4423,-4441,-4441,-4467,-4475,-4481,-4505,-4510,-4496,-4516,-4544,-4539,-4562,-4578,-4579,-4609,-4582,-4611,-4592,-4556,-4520,-4572,-4605,-4648,-4654,-4675,-4682,-4659,-4621,-4525,-4634,-4516,-4469,-4503,-4629,-4641,-4761,-4733,-4765,-4768,-4774,-4756,-4720,-4755,-4720,-4742,-4768
-4706,-4729,-4759,-4786,-4796,-4798,-4741,-4752,-4718,-4753,-4791,-4792,-4804,-4790,-4776,-4725,-4744,-4751,-4739,-4773,-4773,-4788,-4779,-4743,-4772,-4749,-4706,-4659,-4679,-4818,-4752,-4726,-4700,-4663,-4669,-4627,-4634,-4635,-4637,-4654,-4644,-4635,-4558,-4582,-4523,-4497,-4586,-4493,-4525,-4530,-4593,-4606,-4477,-4473,-4393,-4799,-4725,-4588,-4488,-4539,-4644,-4500,-4463,-4548,-4543,-4425,-4453,-4416,-4412,-4359,-4388,-4403,-4409,-4370,-4345,-4405,-4440,-4441,-4481,-4483,-4454,-4519,-4533,-4556,-4556,-4571,-4573,-4619,-4630,-4660,-4665,-4688,-4700,-4729,-4765,-4767,-4798,-4796,-4811,-4836,-4850,-4877,-4916,-4942,-4935,-4938,-4934,-4942,-4956,-4960,-4956,-4947,-4962,-4937,-4924,-4925,-4928,-4919,-4956,-4975,-4972,-4968,-4961,-5031,-5023,-5047,-5041,-5054,-5060,-5075,-5095,-5120,-5125,-5127,-5122,-5119,-5119,-5138,-5127,-5149,-5182,-5180,-5200,-5210,-5221,-5216,-5206,-5155,-5187,-5209,-5219,-5210,-5204,-5205,-5185,-5168,-5147,-5131,-5106,-5065,-5036,-5086,-5061,-5040,-5037,-5010,-4997,-5008,-5001,-5006,-4988,-4991,-4972,-4958,-4940,-4929,-4905,-4887,-4866,-4872,-4854,-4822,-4809,-4764,-4772,-4753,-4740,-4747,-4735,-4686,-4679,-4670,-4658,-4663,-4657,-4642,-4624,-4624,-4642,-4611,-4618,-4581,-4523,-4585,-4578,-4566,-4532,-4494,-4461,-4535,-4535,-4531,-4515,-4495,-4466,-4476,-4466,-4509,-4418,-4432,-4460,-4462,-4468,-4474,-4473,-4483,-4477,-4484,-4478,-4473,-4463,-4454,-4467,-4466,-4452,-4424,-4395,-4373,-4345,-4360,-4329,-4373,-4397,-4401,-4405,-4377,-4346,-4320,-4326,-4328,-4322,-4266,-4250,-4257,-4270,-4266,-4246,-4195,-4220,-4220,-4212,-4205,-4185,-4181,-4183,-4183,-4168,-4141,-4144,-4174,-4173,-4173,-4132,-4085,-4074,-4116,-4125,-4111,-4084,-4125,-4128,-4120,-4142,-4150,-4164,-4135,-4145,-4116,-4111,-4185,-4169,-4179,-4195,-4220,-4207,-4211,-4226,-4246,-4242,-4274,-4261,-4277,-4281,-4294,-4302,-4296,-4300,-4323,-4347,-4341,-4342,-4319,-4319,-4362,-4400,-4419,-4427,-4449,-4403,-4407,-4522,-4494,-4486,-4506,-4482,-4496,-4543,-4532,-4523,-4578,-4590,-4603,-4560,-4578,-4581,-4617,-4622,-4658,-4662,-4650,-4527,-4346,-4269,-5276,-4640,-4461,-4755,-3823,-4474,-4616,-4659,-4633,-4690,-4725,-4744,-4712,-4702,-4710,-4741,-4730
-4677,-4727,-4737,-4690,-4736,-4749,-4715,-4634,-4728,-4687,-4704,-4680,-4625,-4600,-4646,-4634,-4637,-4677,-4705,-4682,-4615,-4662,-4648,-4657,-4667,-4684,-4663,-4651,-4658,-4636,-4664,-4660,-4638,-4655,-4633,-4633,-4615,-4696,-4716,-4717,-4456,-4574,-4558,-4481,-4498,-4471,-4495,-4469,-4482,-4457,-4498,-4466,-4416,-4453,-4401,-4339,-4353,-4372,-4385,-4369,-4360,-4338,-4392,-4425,-4346,-4324,-4317,-4289,-4401,-4278,-4329,-4338,-4312,-4276,-4309,-4304,-4327,-4340,-4308,-4322,-4359,-4373,-4416,-4437,-4438,-4487,-4495,-4495,-4521,-4554,-4555,-4564,-4595,-4668,-4697,-4727,-4769,-4757,-4763,-4798,-4817,-4903,-4938,-4889,-4892,-4885,-4873,-4881,-4895,-4906,-4913,-4915,-4919,-4933,-4938,-4952,-4958,-4966,-4981,-4982,-4988,-5002,-5007,-5006,-5026,-5054,-5060,-5069,-5083,-5097,-5100,-5128,-5130,-5139,-5154,-5150,-5127,-5091,-5169,-5175,-5177,-5175,-5171,-5181,-5209,-5194,-5219,-5193,-5167,-5180,-5182,-5180,-5186,-5188,-5145,-5108,-5144,-5145,-5115,-5084,-5060,-5054,-5071,-5048,-4989,-5555,-4990,-5002,-5005,-5009,-4995,-4996,-4968,-4915,-4873,-4869,-4882,-4868,-4848,-4814,-4794,-4759,-4776,-4787,-4772,-4754,-4738,-4748,-4723,-4703,-4696,-4679,-4679,-4677,-4675,-4663,-4655,-4634,-4638,-4610,-4605,-4588,-4560,-4566,-4556,-4534,-4518,-4515,-4515,-4517,-4478,-4500,-4474,-4496,-4481,-4499,-4496,-4484,-4501,-4443,-4460,-4485,-4472,-4469,-4461,-4462,-4449,-4445,-4439,-4440,-4486,-4427,-4426,-4423,-4409,-4353,-4346,-4336,-4340,-4327,-4356,-4387,-4375,-4278,-4300,-4315,-4301,-4241,-4284,-4237,-4204,-4257,-4248,-4262,-4263,-4247,-4239,-4246,-4244,-4223,-4217,-4203,-4177,-4154,-4162,-4149,-4144,-4137,-4131,-4115,-4109,-4089,-4093,-4093,-4083,-4101,-4102,-4099,-4079,-4070,-4058,-4096,-4088,-4072,-4094,-4074,-4102,-4085,-4080,-4085,-4091,-4091,-4104,-4098,-4120,-4137,-4171,-4195,-4192,-4199,-4212,-4234,-4259,-4274,-4263,-4220,-4245,-4263,-4262,-4328,-4350,-4366,-4369,-4381,-4383,-4396,-4435,-4450,-4446,-4443,-4478,-4457,-4460,-4447,-4467,-4408,-4444,-4448,-4527,-4530,-4512,-4570,-4530,-4565,-4577,-4582,-4569,-4593,-4605,-4606,-4601,-4571,-4469,-4305,-4320,-4311,-4182,-4567,-4601,-4590,-4653,-4679,-4698,-4710,-4711,-4691,-4658,-4686,-4706,-4668
-4586,-4597,-4635,-4625,-4654,-4670,-4653,-4635,-4605,-4602,-4656,-4611,-4528,-5904,-5534,-4551,-4565,-4586,-4607,-4608,-4534,-4522,-4578,-4576,-4568,-4563,-4564,-4553,-4536,-4570,-4576,-4596,-4547,-4571,-4553,-4524,-4533,-4559,-4457,-4428,-4464,-4424,-4438,-4467,-4547,-4490,-4483,-4431,-4397,-4371,-4336,-4319,-4313,-4326,-4294,-4269,-4258,-4265,-4093,-4159,-4184,-4232,-4274,-4245,-4254,-4245,-4211,-4195,-4166,-4176,-4132,-4198,-4204,-4151,-4168,-4163,-4184,-4204,-4162,-4217,-4277,-4171,-4320,-4298,-4300,-4325,-4332,-4343,-4371,-4427,-4447,-4459,-4479,-4530,-4575,-4620,-4668,-4649,-4706,-4738,-4757,-4802,-4792,-4837,-4835,-4857,-4850,-4849,-4836,-4904,-4899,-4927,-4937,-4954,-4977,-4973,-4997,-5025,-5011,-5020,-5030,-5029,-5046,-5059,-5055,-5067,-5084,-5092,-5086,-5087,-5123,-5136,-5150,-5159,-5166,-5176,-5195,-5224,-5198,-5184,-5183,-5209,-5223,-5205,-5187,-5197,-5196,-5222,-5207,-5193,-5134,-5141,-5095,-5168,-5143,-5165,-5160,-5144,-5135,-5122,-5088,-5096,-5111,-5088,-5090,-5081,-5048,-5017,-5003,-4972,-4965,-4961,-4953,-4938,-4928,-4931,-4925,-4895,-4853,-4846,-4817,-4785,-4763,-4740,-4733,-4762,-4757,-4762,-4724,-4710,-4708,-4689,-4672,-4654,-4655,-4648,-4638,-4625,-4607,-4586,-4567,-4549,-4527,-4527,-4496,-4481,-4484,-4524,-4531,-4523,-4517,-4502,-4512,-4500,-4492,-4484,-4479,-4464,-4465,-4472,-4458,-4475,-4454,-4458,-4407,-4417,-4425,-4434,-4395,-4401,-4401,-4391,-4383,-4365,-4402,-4383,-4353,-4320,-4387,-4373,-4346,-4264,-4288,-4328,-4305,-4303,-4277,-4246,-4262,-4253,-4251,-4234,-4222,-4211,-4210,-4228,-4211,-4190,-4179,-4159,-4144,-4124,-4138,-4143,-4127,-4111,-4103,-4088,-4072,-4066,-4056,-4046,-4054,-3959,-3986,-3957,-3986,-3989,-3994,-3970,-3986,-3961,-3908,-3916,-3949,-3997,-3947,-3995,-4049,-4060,-4071,-4069,-4063,-4096,-4118,-4118,-4115,-4144,-4140,-4173,-4209,-4237,-4228,-4228,-4270,-4248,-4270,-4260,-4292,-4281,-4312,-4327,-4343,-4362,-4359,-4410,-4414,-4423,-4455,-4454,-4450,-4440,-4432,-4439,-4434,-4486,-4486,-4504,-4503,-4503,-4507,-4536,-4525,-4502,-4556,-4541,-4520,-4462,-4517,-4564,-4567,-4559,-4556,-4561,-4518,-4528,-4584,-4593,-4605,-4591,-4566,-4620,-4628,-4630,-4611,-4588,-4562,-4603,-4613,-4595
-4523,-4518,-4576,-4581,-4570,-4562,-4565,-4565,-4591,-4597,-4595,-4560,-4572,-4556,-4521,-4551,-4487,-4545,-4543,-4544,-4463,-4509,-4458,-4512,-4494,-4429,-4445,-4445,-4522,-4489,-4487,-4463,-4489,-4470,-4471,-4484,-4484,-4411,-4486,-4435,-4340,-4374,-4408,-4361,-4346,-4355,-4425,-4321,-4283,-4285,-4289,-4283,-4244,-4214,-4227,-4154,-3934,-4188,-4209,-4030,-4138,-4149,-4157,-4171,-4181,-4167,-4172,-4089,-4076,-4024,-4046,-3977,-3982,-3989,-4002,-4053,-4025,-4010,-3993,-4000,-4049,-4064,-4124,-4142,-4163,-4176,-4180,-4214,-4288,-4313,-4339,-4362,-4403,-4449,-4504,-4541,-4581,-4625,-4644,-4692,-4705,-4721,-4745,-4764,-4729,-5580,-4809,-4816,-4864,-4892,-4911,-4935,-4954,-4975,-5018,-5025,-5041,-5069,-5085,-5083,-5090,-5091,-5090,-5093,-5077,-5090,-5085,-5097,-5105,-5131,-5140,-5147,-5159,-5171,-5176,-5177,-5179,-5183,-5187,-5184,-5189,-5192,-5190,-5212,-5227,-5206,-5214,-5210,-5200,-5186,-5124,-5134,-5179,-5194,-5119,-5136,-5141,-5142,-5137,-5122,-5094,-5086,-5083,-5107,-5109,-5077,-5040,-5030,-5016,-4997,-4874,-4638,-6289,-4666,-4776,-4930,-4915,-4893,-4872,-4853,-4832,-4821,-4807,-4773,-4739,-4711,-4712,-4744,-4748,-4770,-4637,-4683,-4672,-4650,-4597,-4631,-4621,-4617,-4595,-4557,-4549,-4519,-4496,-4531,-4532,-4522,-4518,-4525,-4527,-4505,-4496,-4498,-4468,-4486,-4482,-4473,-4439,-4440,-4459,-4462,-4448,-4405,-4378,-4400,-4370,-4398,-4421,-4424,-4423,-4413,-4378,-4388,-4409,-4404,-4361,-4396,-4384,-4363,-4362,-4323,-4291,-4282,-4330,-4314,-4256,-4239,-4268,-4238,-4232,-4209,-4221,-4197,-4183,-4150,-4165,-4149,-4131,-4140,-4141,-4129,-4120,-4099,-4090,-4081,-4049,-4044,-4023,-4027,-4006,-3985,-3976,-3970,-3952,-3919,-3963,-3957,-4011,-4022,-4010,-4024,-4011,-4046,-3887,-3858,-3895,-4045,-4053,-4057,-4083,-4104,-4114,-4126,-4127,-4149,-4151,-4170,-4199,-4200,-4210,-4213,-4205,-4297,-4233,-4239,-4239,-4255,-4231,-4268,-4298,-4295,-4329,-4318,-4316,-4337,-4325,-4348,-4398,-4413,-4417,-4426,-4406,-4434,-4414,-4400,-4417,-4427,-4457,-4463,-4470,-4467,-4482,-4487,-4491,-4491,-4530,-4518,-4513,-4477,-4503,-4513,-4609,-4621,-4562,-4482,-4508,-4501,-4519,-4542,-4591,-4623,-4623,-4587,-4587,-4632,-4586,-4601,-4556,-4605,-4566,-4518
-4465,-4427,-4500,-4541,-4547,-4553,-4533,-4518,-4510,-4541,-4494,-4539,-4500,-4480,-4516,-4493,-4495,-4476,-4519,-4460,-4450,-4468,-4436,-4453,-4401,-4413,-4447,-4428,-4404,-4365,-4378,-4242,-4260,-4333,-4338,-4353,-4346,-4333,-4279,-4262,-4284,-4298,-4249,-4308,-4239,-4286,-4242,-4219,-4209,-4175,-4087,-4232,-4149,-4096,-4154,-4152,-4114,-4106,-3944,-3958,-4112,-4106,-4041,-3985,-3910,-4055,-3947,-4003,-3932,-3838,-3895,-3875,-3845,-3880,-3860,-3876,-3897,-3882,-3887,-3909,-3919,-3945,-3960,-3996,-4007,-3998,-4037,-4048,-4067,-4116,-4172,-4236,-4268,-4319,-4343,-4434,-4488,-4506,-4541,-4604,-4642,-4655,-4698,-4701,-4717,-4750,-4777,-4816,-4832,-4875,-4901,-4938,-4970,-5006,-5026,-5030,-5045,-5080,-5101,-5106,-5117,-5117,-5124,-5139,-5145,-5138,-5143,-5127,-5127,-5110,-5102,-5134,-5138,-5143,-5156,-5165,-5146,-5138,-5155,-5181,-5174,-5198,-5189,-5176,-5199,-5214,-5228,-5205,-5197,-5160,-5170,-5192,-5219,-5152,-5175,-5156,-5155,-5149,-5150,-5145,-5125,-5099,-5060,-5088,-5098,-5101,-5059,-5035,-5029,-5021,-5002,-4987,-4964,-4911,-4933,-4888,-4844,-4853,-4854,-4813,-4825,-4799,-4803,-4796,-4780,-4752,-4736,-4727,-4723,-4713,-4699,-4645,-4595,-4626,-4631,-4613,-4616,-4576,-4568,-4570,-4551,-4537,-4545,-4542,-4533,-4499,-4466,-4412,-4453,-4458,-4492,-4482,-4465,-4449,-4449,-4442,-4453,-4432,-4435,-4435,-4418,-4368,-4375,-4379,-4398,-4403,-4376,-4388,-4410,-4418,-4397,-4380,-4360,-4332,-4351,-4349,-4360,-4329,-4311,-4270,-4250,-4284,-4291,-4276,-4279,-4272,-4249,-4236,-4200,-4176,-4138,-4165,-4176,-4166,-4144,-4126,-4119,-4080,-4103,-4076,-4053,-4062,-4039,-3987,-3984,-3995,-3982,-3958,-3922,-3892,-3910,-3899,-3921,-3969,-3982,-4008,-4031,-4043,-4003,-3988,-4065,-4076,-4022,-4068,-4077,-4080,-4056,-4070,-4089,-4085,-4086,-4100,-4113,-4129,-4149,-4163,-4168,-4186,-4156,-4152,-4203,-4226,-4238,-4211,-4251,-4202,-4266,-4271,-4290,-4323,-4331,-4351,-4347,-4317,-4359,-4370,-4359,-4487,-4492,-4362,-4372,-4383,-4395,-4376,-4390,-4380,-4418,-4427,-4427,-4431,-4433,-4451,-4440,-4468,-4470,-4480,-4497,-4481,-4448,-4444,-4442,-4433,-4495,-4509,-4504,-4500,-4526,-4511,-4507,-4536,-4499,-4510,-4516,-4506,-4517,-4537,-4515,-4528,-4534,-4476
-4467,-4460,-4460,-4495,-4536,-4529,-4479,-4504,-4482,-4447,-4371,-4401,-4406,-4427,-4415,-4369,-4421,-4433,-4401,-4344,-4398,-4385,-4375,-4364,-4377,-4356,-4361,-4306,-4323,-4326,-4334,-4331,-4323,-4264,-4273,-4245,-4223,-4233,-4157,-4198,-4231,-4234,-4191,-4167,-4169,-4194,-4180,-4127,-4139,-4106,-4135,-4033,-3952,-4130,-4032,-3993,-3960,-3900,-3934,-3940,-3915,-3869,-3854,-3862,-3876,-3851,-3862,-3828,-3797,-3794,-3761,-3800,-3753,-3765,-3765,-3761,-3778,-3765,-3772,-3787,-3807,-3818,-3837,-3839,-3886,-3915,-3921,-3943,-3982,-4001,-4035,-4066,-4108,-4136,-4183,-4302,-4310,-4400,-4430,-4473,-4512,-4531,-4570,-4637,-4627,-4685,-4718,-4740,-4784,-4806,-4852,-4919,-4935,-4967,-5016,-5013,-5067,-5065,-5095,-5107,-5110,-5136,-5155,-5173,-5165,-5156,-5130,-5108,-5105,-5112,-5100,-5069,-5080,-5102,-5148,-5135,-5154,-5150,-5123,-5160,-5183,-5187,-5180,-5176,-5153,-5167,-5220,-5176,-5191,-5184,-5136,-5181,-5177,-5142,-5112,-5134,-5155,-5161,-5155,-5158,-5145,-5112,-5089,-5049,-5081,-5073,-5081,-5062,-5018,-5016,-4979,-4964,-4930,-4884,-4899,-4889,-4851,-4900,-4889,-4879,-4842,-4818,-4801,-4786,-4785,-4765,-4759,-4716,-4709,-4697,-4695,-4674,-4653,-4623,-4616,-4611,-4567,-4582,-4571,-4550,-4532,-4495,-4487,-4497,-4476,-4461,-4460,-4389,-4388,-4441,-4435,-4413,-4413,-4387,-4378,-4398,-4381,-4418,-4403,-4385,-4365,-4372,-4363,-4378,-4356,-4340,-4381,-4410,-4406,-4392,-4358,-4329,-4313,-4300,-4314,-4328,-4331,-4306,-4266,-4244,-4212,-4263,-4278,-4298,-4266,-4233,-4219,-4215,-4176,-4157,-4171,-4143,-4131,-4123,-4122,-4054,-4061,-4064,-3979,-3969,-3990,-3972,-3948,-3953,-3956,-3882,-3911,-3908,-3937,-3945,-3954,-3939,-3687,-4781,-3850,-3946,-4023,-4049,-4039,-4050,-4044,-4039,-4009,-4063,-4068,-4095,-4106,-4116,-4118,-4091,-4129,-4150,-4175,-4166,-4173,-4167,-4135,-4204,-4204,-4206,-4223,-4253,-4268,-4264,-4226,-4255,-4304,-4308,-4264,-4306,-4344,-4339,-4354,-4347,-4365,-4368,-4351,-4317,-4327,-4378,-4319,-4317,-4333,-4378,-4348,-4338,-4401,-4387,-4373,-4373,-4389,-4384,-4378,-4357,-4413,-4446,-4456,-4456,-4404,-4390,-4399,-4403,-4453,-4454,-4451,-4439,-4450,-4459,-4424,-4441,-4428,-4439,-4370,-4401,-4446,-4442,-4451,-4463,-4487,-4439
-4390,-4458,-4399,-4442,-4490,-4460,-4404,-4415,-4436,-4371,-4436,-4472,-4445,-4440,-4367,-4402,-4372,-4407,-4410,-4373,-4320,-4275,-4211,-4322,-4318,-4296,-4304,-4277,-4297,-4241,-4219,-4206,-4191,-4168,-4162,-4161,-4161,-4152,-4101,-4116,-4034,-3935,-4078,-4087,-4037,-3982,-3964,-3945,-3949,-3944,-3931,-3878,-3899,-3891,-3808,-3874,-3867,-3845,-3847,-3830,-3839,-3792,-3807,-3790,-3771,-3777,-3767,-3732,-3722,-3616,-3651,-3674,-3612,-3691,-3678,-3671,-3670,-3658,-3660,-3660,-3682,-3702,-3708,-3742,-3791,-3771,-3821,-3839,-3863,-3890,-3920,-3963,-4007,-4033,-4077,-4116,-4148,-4180,-4193,-4228,-4256,-4371,-4376,-4440,-4467,-4491,-4581,-4599,-4681,-4720,-4763,-4817,-4861,-4903,-4955,-4985,-5022,-5051,-5077,-5117,-5138,-5144,-5144,-5147,-5109,-5107,-5103,-5087,-5082,-5092,-5087,-5091,-5098,-5075,-5078,-5110,-5123,-5148,-5134,-5126,-5119,-5150,-5165,-5141,-5175,-5148,-5145,-5189,-5164,-5188,-5171,-5153,-5175,-5146,-5125,-5079,-5156,-5172,-5171,-5161,-5161,-5122,-5120,-5082,-5015,-5022,-5019,-5002,-5003,-4960,-4953,-4915,-4903,-4890,-4872,-4877,-4870,-4877,-4879,-4863,-4856,-4802,-4822,-4788,-4790,-4766,-4744,-4704,-4691,-4673,-4666,-4650,-4610,-4596,-4582,-4533,-4545,-4533,-4476,-4445,-4441,-4469,-4472,-4458,-4448,-4449,-4446,-4427,-4416,-4363,-4388,-4383,-4379,-4380,-4356,-4350,-4351,-4258,-4292,-4271,-4244,-4307,-4356,-4393,-4388,-4387,-4379,-4349,-4342,-4346,-4355,-4337,-4301,-4266,-4302,-4310,-4291,-4298,-4293,-4251,-4304,-4270,-4263,-4214,-4223,-4215,-4193,-4187,-4145,-4129,-4113,-4084,-4043,-4083,-4037,-3959,-3977,-3981,-3978,-3920,-3938,-3929,-3916,-3887,-3895,-3892,-3892,-3875,-3885,-3878,-3950,-3965,-3981,-3984,-3991,-4008,-4015,-3910,-3961,-4004,-4027,-4067,-4092,-4123,-4107,-4136,-4130,-4120,-4111,-4143,-4155,-4123,-4151,-4060,-4106,-4201,-4219,-4210,-4204,-4234,-4232,-4258,-4263,-4256,-4293,-4272,-4299,-4320,-4302,-4365,-4290,-4287,-4320,-4351,-4337,-4350,-4328,-4355,-4382,-4373,-4348,-4319,-4290,-4292,-4296,-4330,-4307,-4341,-4350,-4341,-4310,-4346,-4391,-4400,-4401,-4387,-4407,-4394,-4367,-4373,-4403,-4375,-4382,-4364,-4390,-4411,-4391,-4389,-4332,-4352,-4360,-4364,-4341,-4345,-4439,-4445,-4402,-4442,-4438,-4442
-4336,-4387,-4390,-4446,-4437,-4405,-4387,-4377,-4391,-4295,-4387,-4386,-4395,-4371,-4319,-4335,-4270,-4301,-4312,-4245,-4315,-4269,-4264,-4330,-4208,-4229,-4157,-4179,-4190,-4159,-4124,-4145,-4125,-4119,-4069,-4040,-4068,-4027,-4017,-3958,-3974,-3985,-3967,-3971,-3949,-3922,-3896,-3855,-3870,-3852,-3841,-3820,-3833,-3772,-3765,-3736,-3739,-3745,-3736,-3732,-3748,-3726,-3735,-3732,-3669,-3683,-3676,-3638,-3625,-3613,-3605,-3600,-3587,-3583,-3590,-3609,-3583,-3561,-3569,-3574,-3567,-3584,-3605,-3630,-3656,-3682,-3702,-3740,-3754,-3781,-3827,-3873,-3900,-3931,-3957,-3993,-4047,-4056,-4096,-4119,-4172,-4204,-4267,-4278,-4323,-4360,-4402,-4459,-4497,-4572,-4621,-4672,-4711,-4786,-4825,-4871,-4922,-4970,-4983,-4969,-4984,-5006,-5021,-5010,-5046,-5036,-5012,-5032,-5031,-5049,-5056,-5054,-5061,-5067,-5050,-5028,-5071,-5086,-5128,-5109,-5088,-5085,-5121,-5131,-5147,-5155,-5139,-5145,-5128,-5069,-5109,-5132,-5145,-5148,-5128,-5096,-5125,-5164,-5135,-5113,-5146,-5131,-5094,-5106,-5098,-5064,-5017,-4989,-4810,-4532,-4345,-4445,-4602,-4367,-4808,-4876,-4871,-4870,-4852,-4842,-4842,-4816,-4796,-4737,-4738,-4758,-4730,-4696,-4678,-4614,-4638,-4631,-4600,-4587,-4568,-4539,-4556,-4496,-4452,-4485,-4470,-4483,-4445,-4454,-4447,-4416,-4401,-4406,-4408,-4395,-4379,-4396,-4370,-4372,-4359,-4352,-4353,-4314,-4321,-4265,-4205,-4295,-4296,-4328,-4371,-4366,-4334,-4329,-4303,-4252,-4295,-4260,-4247,-4231,-4274,-4286,-4242,-4199,-4268,-4285,-4279,-4255,-4231,-4217,-4315,-4188,-4169,-4105,-4129,-4090,-4068,-4057,-4047,-3959,-3930,-3958,-3924,-3896,-3863,-3914,-3903,-3845,-3857,-3899,-3930,-3905,-3935,-3942,-3917,-3940,-3953,-3930,-3983,-4003,-3973,-4009,-4031,-4052,-4050,-4060,-4076,-4119,-4135,-4112,-4108,-4114,-4144,-4175,-4130,-4178,-4196,-4172,-4201,-4199,-4203,-4152,-4172,-4169,-4261,-4263,-4223,-4268,-4250,-4246,-4301,-4312,-4310,-4274,-4222,-4233,-4308,-4316,-4290,-4338,-4370,-4361,-4361,-4345,-4341,-4384,-4352,-4319,-4309,-4336,-4308,-4353,-4341,-4353,-4316,-4341,-4325,-4349,-4453,-4400,-4354,-4370,-4365,-4337,-4294,-4326,-4368,-4355,-4334,-4306,-4335,-4350,-4337,-4331,-4325,-4309,-4356,-4331,-4245,-4365,-4366,-4367,-4374,-4318,-4343,-4361
-4342,-4335,-4418,-4486,-4388,-4345,-4349,-4364,-4349,-4351,-4336,-4324,-4326,-4306,-4307,-4292,-4272,-4211,-4236,-4229,-4213,-4185,-4154,-4197,-4194,-4185,-4125,-4141,-4117,-4266,-3994,-4042,-4007,-3992,-3918,-3937,-3901,-3852,-3900,-3912,-3908,-3903,-3789,-3820,-3835,-3744,-3792,-3781,-3760,-3753,-3733,-3749,-3728,-3682,-3702,-3666,-3677,-3663,-3672,-3653,-3615,-3613,-3622,-3563,-3603,-3599,-3581,-3557,-3541,-3525,-3521,-3512,-3494,-3491,-3490,-3498,-3500,-3480,-3454,-3462,-3462,-3485,-3507,-3536,-3558,-3576,-3598,-3633,-3659,-3693,-3724,-3750,-3775,-3803,-3837,-3874,-3912,-3936,-3971,-4000,-4065,-4072,-4127,-4131,-4229,-4296,-4332,-4389,-4436,-4483,-4525,-4566,-4619,-4641,-4718,-4747,-4764,-4779,-4807,-4789,-4812,-4820,-4868,-4894,-4932,-4960,-4947,-4915,-5009,-5027,-5013,-5051,-5064,-5061,-5055,-5029,-5000,-5050,-5072,-5097,-5086,-5036,-5050,-5052,-5088,-5126,-5130,-5098,-5123,-5122,-5134,-5145,-5136,-5151,-5133,-5117,-5121,-5110,-5125,-5136,-5142,-5137,-5115,-5082,-5081,-5034,-5030,-4900,-4459,-5904,-6627,-6457,-6461,-4367,-4308,-4826,-4835,-4865,-4845,-4836,-4832,-4817,-4782,-4761,-4704,-4745,-4711,-4659,-4661,-4637,-4619,-4598,-4584,-4545,-4528,-4537,-4519,-4521,-4511,-4501,-4455,-4435,-4437,-4392,-4394,-4372,-4370,-4367,-4360,-4371,-4323,-4778,-4256,-4307,-4304,-4296,-4349,-4276,-4322,-4314,-4290,-4331,-4330,-4309,-4348,-4337,-4316,-4293,-4238,-4236,-4242,-4228,-4215,-4282,-4252,-4240,-4187,-4207,-4242,-4240,-4221,-4212,-4159,-4151,-4157,-4162,-4130,-4041,-3986,-4043,-3992,-3967,-3984,-3974,-3954,-3893,-3889,-3912,-3910,-3805,-3895,-3880,-3888,-3884,-4012,-3906,-3925,-3902,-3952,-3975,-3976,-3909,-3959,-4019,-4048,-4006,-3963,-3964,-3995,-4065,-4080,-4123,-4119,-4117,-4119,-4162,-4183,-4179,-4186,-4144,-4202,-4227,-4216,-4230,-4258,-4242,-4198,-4244,-4213,-4255,-4264,-4295,-4306,-4313,-4261,-4309,-4312,-4340,-4279,-4310,-4348,-4358,-4290,-4301,-4362,-4365,-4365,-4363,-4339,-4354,-4329,-4339,-4337,-4339,-4367,-4343,-4368,-4340,-4333,-4239,-4330,-4346,-4333,-4322,-4311,-4204,-4219,-4292,-4218,-4251,-4296,-4322,-4304,-4309,-4306,-4268,-4273,-4318,-4319,-4317,-4341,-4339,-4305,-4269,-4266,-4287,-4342,-4142,-5420,-4184
-4251,-4304,-4320,-4347,-4328,-4214,-4231,-4246,-4265,-4240,-4290,-4309,-4258,-4275,-4244,-4217,-4206,-4209,-4203,-4205,-4168,-4162,-4147,-4063,-4061,-4106,-4053,-4057,-4015,-3985,-3973,-3963,-3938,-3912,-3908,-3870,-3861,-3863,-3851,-3762,-3718,-3720,-3741,-3730,-3711,-3693,-3661,-3658,-3634,-3582,-3577,-3590,-3573,-3597,-3585,-3544,-3545,-3554,-3537,-3540,-3532,-3530,-3525,-3506,-3503,-3490,-3462,-3445,-3424,-3414,-3379,-3383,-3380,-3380,-3377,-3392,-3386,-3375,-3394,-3393,-3388,-3396,-3403,-3420,-3440,-3457,-3487,-3501,-3545,-3586,-3621,-3612,-3626,-3673,-3693,-3715,-3788,-3829,-3852,-3894,-3962,-4004,-4055,-4092,-4141,-4194,-4244,-4290,-4330,-4361,-4414,-4449,-4882,-4524,-4576,-4584,-4493,-4650,-4689,-4715,-4721,-4737,-4767,-4812,-4843,-4874,-4888,-4909,-4924,-4914,-4979,-4987,-5024,-5026,-5023,-5025,-5011,-5002,-5005,-5056,-5061,-5063,-5027,-5058,-5081,-5090,-5081,-5092,-5100,-5116,-5106,-5126,-5124,-5103,-5120,-5114,-5091,-5081,-5088,-5102,-5106,-5110,-5106,-5081,-5061,-5060,-4979,-4936,-4929,-4669,-4569,-4439,-4345,-4746,-4831,-4837,-4850,-4852,-4833,-4822,-4828,-4795,-4756,-4734,-4729,-4594,-4665,-4665,-4625,-4568,-4306,-5650,-4451,-4520,-4498,-4514,-4491,-4503,-4460,-4442,-4411,-4429,-4385,-4357,-4340,-4312,-4342,-4340,-4333,-4320,-4302,-4299,-4316,-4299,-4272,-4290,-4307,-4305,-4294,-4257,-4276,-4259,-4276,-4241,-4271,-4283,-4272,-4239,-4238,-4204,-4231,-4196,-4249,-4254,-4224,-4176,-4183,-4206,-4184,-4179,-4150,-4140,-4049,-4105,-4048,-4075,-4111,-3972,-4012,-3943,-3967,-3923,-3939,-3901,-3885,-3886,-3901,-3899,-3881,-3874,-3844,-3873,-3875,-3878,-3887,-3875,-3905,-3937,-3949,-3892,-3963,-4001,-4019,-4026,-4035,-4072,-4077,-4095,-4041,-3942,-4140,-4140,-4160,-4090,-4159,-4196,-4182,-4198,-4199,-4177,-4208,-4242,-4247,-4256,-4263,-4266,-4121,-4207,-4228,-4204,-4260,-4219,-4306,-4329,-4318,-4349,-4353,-4360,-4349,-4321,-4346,-4326,-4317,-4351,-4338,-4347,-4305,-4344,-4321,-4350,-4335,-4336,-4322,-4326,-4320,-4302,-4330,-4321,-4274,-4157,-4285,-4271,-4261,-4264,-4272,-4289,-4195,-4198,-4184,-4194,-4254,-4224,-4245,-4273,-4274,-4246,-4222,-4274,-4277,-4284,-4226,-4261,-4293,-4263,-4286,-4231,-4326,-4348,-4356,-4255
-4304,-4302,-4246,-4180,-4244,-4187,-4023,-5737,-4207,-4247,-4257,-4235,-4213,-4247,-4225,-4233,-4184,-4197,-4172,-4165,-4133,-4112,-4030,-4067,-4038,-4019,-3981,-3976,-3943,-3933,-3926,-3923,-3867,-3899,-3859,-3826,-3786,-3742,-3665,-3689,-3645,-3548,-3619,-3626,-3591,-3584,-3521,-3540,-3511,-3529,-3522,-3479,-3466,-3455,-3487,-3479,-3446,-3458,-3433,-3401,-3384,-3403,-3392,-3383,-3375,-3351,-3343,-3333,-3317,-3296,-3281,-3278,-3271,-3280,-3273,-3292,-3293,-3287,-3308,-3280,-3266,-3272,-3326,-3312,-3302,-3319,-3328,-3353,-3393,-3424,-3423,-3478,-3516,-3564,-3573,-3579,-3647,-3705,-3759,-3805,-3876,-3922,-3953,-3968,-4033,-4081,-4133,-4188,-4233,-4287,-4336,-4337,-4374,-4416,-4462,-4488,-4530,-4570,-4597,-4612,-4632,-4673,-4736,-4755,-4801,-4824,-4870,-4902,-4897,-4911,-4914,-4903,-4974,-5010,-5001,-4997,-5007,-4996,-4994,-5002,-5018,-5050,-5043,-5038,-5022,-5072,-5073,-5068,-5082,-5095,-5159,-5120,-5113,-5105,-5094,-5059,-5081,-5079,-5038,-5029,-5079,-5089,-5074,-5077,-5041,-5022,-5010,-5000,-4983,-4971,-4867,-4922,-4843,-4876,-4860,-4851,-4837,-4837,-4806,-4822,-4789,-4781,-4767,-4702,-4688,-4661,-4636,-4641,-4644,-4669,-4622,-4531,-4502,-4501,-4477,-4467,-4454,-4427,-4432,-4397,-4406,-4400,-4361,-4351,-4342,-4281,-4266,-4271,-4265,-4266,-4261,-4293,-4283,-4251,-4241,-4264,-4247,-4230,-4232,-4233,-4267,-4271,-4252,-4229,-4230,-4270,-4235,-4236,-4191,-4294,-4225,-4200,-4185,-4200,-4197,-4147,-4182,-4168,-4141,-4101,-4092,-4086,-4079,-4061,-4047,-4009,-3999,-3988,-3959,-3927,-3911,-3909,-3883,-3859,-3823,-3846,-3810,-3793,-3829,-3815,-3841,-3860,-3862,-3858,-3894,-3915,-3920,-3926,-3903,-3987,-4014,-4040,-4048,-4064,-4020,-4076,-4044,-4117,-4098,-4002,-4145,-4193,-4193,-4121,-4171,-4229,-4241,-4245,-4247,-4197,-4246,-4298,-4285,-4278,-4290,-4214,-4313,-4320,-4310,-4327,-4325,-4307,-4295,-4332,-4347,-4371,-4369,-4371,-4373,-4373,-4350,-4366,-4318,-4350,-4355,-4317,-4365,-4355,-4323,-4361,-4360,-4289,-4319,-4313,-4313,-4310,-4285,-4295,-4280,-4179,-4224,-4217,-4233,-4239,-4258,-4218,-4132,-4094,-4176,-4162,-4144,-4179,-4178,-4168,-4215,-4164,-4171,-4215,-4245,-4233,-4275,-4291,-4283,-4234,-4223,-4288,-4257,-4283,-4260,-4282
-4265,-4261,-4248,-4222,-4240,-4141,-4170,-4225,-4159,-4178,-4218,-4235,-4221,-4195,-4161,-4182,-4166,-4149,-4130,-4121,-4091,-3947,-4033,-4029,-3960,-3934,-3945,-3921,-3905,-3910,-3809,-3799,-3805,-3808,-3809,-3771,-3710,-3654,-3637,-3643,-3602,-3577,-3552,-3535,-3496,-3509,-3483,-3465,-3417,-3401,-3403,-3367,-3365,-3349,-3322,-3320,-3318,-3213,-3259,-3257,-3269,-3280,-3252,-3237,-3237,-3239,-3254,-3242,-3229,-3218,-3203,-3194,-3188,-3201,-3212,-3228,-3225,-3225,-3222,-3197,-3181,-3184,-3190,-3171,-3165,-3167,-3174,-3219,-3254,-3269,-3288,-3316,-3359,-3395,-3442,-3476,-3526,-3604,-3648,-3719,-3785,-3795,-3843,-3841,-3941,-3985,-4026,-4077,-4145,-4161,-4205,-4246,-4279,-4317,-4358,-4395,-4430,-4477,-4494,-4539,-4539,-4607,-4677,-4698,-4727,-4756,-4813,-4822,-4827,-4888,-4772,-4682,-4820,-4930,-4943,-4979,-4951,-4987,-4987,-5004,-5029,-5054,-5017,-5015,-5039,-5036,-5054,-5051,-5121,-5123,-5148,-5089,-5115,-5097,-5099,-5095,-5057,-5049,-5033,-5059,-5062,-5072,-5066,-5051,-5014,-5024,-5027,-5004,-4982,-4994,-4978,-4946,-4901,-4840,-4874,-4880,-4849,-4826,-4796,-4783,-4775,-4766,-4754,-4730,-4670,-4649,-4572,-4467,-4620,-4651,-4586,-4586,-4537,-4397,-4463,-4505,-4420,-4372,-4413,-4379,-4373,-4338,-4282,-4307,-4260,-4360,-4260,-4196,-4213,-4233,-4220,-4227,-4209,-4198,-4178,-4188,-4207,-4188,-4159,-4182,-4202,-4156,-4219,-4228,-4190,-4242,-4227,-4219,-4184,-4162,-4210,-4180,-4167,-4169,-4163,-4144,-4135,-4127,-4030,-4051,-3999,-4053,-4014,-3964,-3991,-3933,-3948,-3925,-3888,-3881,-3834,-3825,-3789,-3854,-3826,-3730,-3787,-3782,-3835,-3836,-3865,-3830,-3849,-3880,-3899,-3929,-3929,-3882,-3982,-4033,-4066,-4024,-4078,-4086,-4076,-4069,-4113,-4131,-4155,-4130,-4092,-4208,-4232,-4134,-4228,-4267,-4294,-4311,-4325,-4283,-4265,-4294,-4304,-4301,-4301,-4315,-4322,-4327,-4356,-4381,-4363,-4368,-4321,-4330,-4367,-4362,-4347,-4398,-4391,-4401,-4402,-4338,-4363,-4345,-4339,-4367,-4370,-4352,-4346,-4332,-4339,-4315,-4418,-4302,-4283,-4281,-4278,-4266,-4238,-4224,-4135,-4191,-4197,-4206,-4202,-4150,-4146,-4122,-4070,-4139,-4154,-4117,-4161,-4140,-4176,-4143,-4265,-4203,-4205,-4222,-4181,-4149,-4165,-4230,-4260,-4267,-4237,-4231,-4236,-4265
-4226,-4225,-4229,-4239,-4262,-4217,-4198,-4223,-4226,-4175,-4153,-4223,-4164,-4150,-4152,-4107,-4118,-4111,-4046,-4088,-4023,-4024,-4043,-4017,-3957,-3967,-3908,-3877,-3848,-3789,-3838,-3800,-3750,-3715,-3720,-3688,-3673,-3602,-3574,-3553,-3523,-3474,-3463,-3461,-3443,-3409,-3400,-3377,-3337,-3307,-3310,-3287,-3243,-3227,-3184,-3190,-3188,-3159,-3174,-3161,-3161,-3153,-3149,-3134,-3144,-3148,-3154,-3145,-3107,-3107,-3106,-3068,-3077,-3066,-3048,-3085,-3046,-3045,-2999,-2954,-2981,-3116,-3012,-3025,-3012,-3023,-3058,-3063,-3109,-3116,-3153,-3184,-3227,-3279,-3315,-3365,-3435,-3519,-3593,-3595,-3624,-3698,-3713,-3796,-3853,-3895,-3950,-3962,-4019,-4055,-4102,-4133,-4179,-4212,-4273,-4304,-4361,-4400,-4408,-4455,-4481,-4579,-4619,-4681,-4710,-4725,-4708,-4765,-4795,-4823,-4831,-4795,-4762,-4701,-4861,-4905,-4922,-4954,-4955,-4952,-4977,-5009,-5028,-4979,-4973,-4989,-5048,-5092,-5053,-5096,-5100,-5072,-5055,-5093,-5097,-5083,-5042,-5037,-5038,-5071,-5084,-5051,-5043,-5042,-5041,-5000,-4992,-4989,-5002,-4963,-4989,-4954,-4947,-4895,-4926,-4864,-4832,-4855,-4818,-4789,-4784,-4774,-4770,-4729,-4683,-4669,-4650,-4629,-4649,-4655,-4712,-4658,-4620,-4507,-4422,-4458,-4464,-4425,-4382,-4356,-4275,-4300,-4290,-4254,-4217,-4226,-4257,-4216,-4202,-4193,-4166,-4131,-4133,-4061,-4133,-4149,-4165,-4147,-4130,-4180,-4179,-4124,-4177,-4167,-4172,-4182,-4167,-4167,-4154,-4145,-4129,-4171,-4145,-4151,-4140,-4119,-4134,-4093,-3980,-3973,-3983,-4023,-4017,-3994,-3933,-3860,-3875,-3864,-3842,-3815,-3805,-3807,-3624,-3774,-3792,-3750,-3783,-3810,-3820,-3863,-3862,-3862,-3842,-3875,-3908,-3918,-3890,-3694,-3713,-3877,-4013,-4042,-4058,-4056,-4057,-4071,-4086,-4189,-4212,-4207,-4192,-4270,-4289,-4151,-4251,-4310,-4329,-4317,-4356,-4346,-4312,-4269,-4364,-4350,-4286,-4324,-4372,-4368,-4398,-4397,-4386,-4407,-4385,-4405,-4415,-4377,-4423,-4372,-4322,-4411,-4428,-4397,-4336,-4368,-4341,-4355,-4368,-4355,-4353,-4330,-4317,-4296,-4280,-4300,-4246,-4247,-4248,-4220,-4199,-4202,-4175,-4038,-4137,-4142,-4132,-4121,-4100,-4083,-4091,-4128,-4110,-4108,-4145,-4077,-4109,-4165,-4129,-4129,-4184,-4208,-4220,-4223,-4204,-4173,-4245,-4241,-4210,-4222,-4261,-4214
-4223,-4250,-4264,-4271,-4232,-4217,-4232,-4164,-4200,-4151,-4168,-4151,-4265,-4088,-4105,-4095,-4116,-4063,-4070,-4087,-4034,-4002,-4009,-3977,-3916,-3907,-3867,-3862,-3819,-3779,-3783,-3757,-3943,-3690,-3628,-3612,-3574,-3566,-3532,-3508,-3438,-3420,-3396,-3355,-3322,-3295,-3266,-3200,-3206,-3209,-3187,-3186,-3168,-3157,-3092,-3098,-3086,-3084,-3046,-3036,-3032,-3008,-2949,-2926,-2960,-2924,-2953,-2931,-2940,-2906,-2866,-2795,-2871,-2890,-2887,-2897,-2812,-2837,-2784,-2709,-2688,-2699,-2683,-2595,-2639,-2691,-2764,-2918,-2908,-3004,-3042,-3049,-3081,-3134,-3222,-3296,-3359,-3419,-3455,-3487,-3459,-3416,-3642,-3687,-3754,-3761,-3788,-3832,-3906,-3963,-4013,-4036,-4087,-4141,-4188,-4230,-4259,-4288,-4329,-4385,-4445,-4496,-4523,-4574,-4657,-4697,-4739,-4711,-4733,-4736,-4780,-4796,-4801,-4810,-4840,-4786,-4873,-4896,-4860,-4930,-4949,-4956,-4957,-4947,-4942,-4957,-4992,-5021,-5079,-5076,-5037,-4978,-5024,-4990,-4978,-5005,-5079,-5051,-5025,-5024,-5103,-5030,-5005,-5011,-5038,-4996,-4973,-4936,-4936,-4875,-4922,-4911,-4921,-4952,-4890,-4824,-4834,-4817,-4821,-4789,-4728,-4706,-4689,-4682,-4665,-4643,-4626,-4587,-4585,-4638,-4644,-4552,-4556,-4512,-4471,-4434,-4417,-4337,-4361,-4280,-4263,-4287,-4293,-4236,-4203,-4188,-4195,-4182,-4167,-4156,-4133,-4152,-4087,-4132,-4064,-4096,-4083,-4104,-4104,-4094,-4067,-4112,-4127,-4137,-4118,-4160,-4164,-4148,-4105,-4106,-4080,-4117,-4132,-4053,-4102,-4076,-4002,-3959,-3965,-3921,-3916,-3933,-3964,-3943,-3915,-3833,-3866,-3790,-3792,-3778,-3759,-3770,-3791,-3782,-3747,-3766,-3780,-3815,-3842,-3844,-3846,-3881,-3894,-3921,-3930,-3959,-4008,-4045,-4111,-4060,-4082,-4131,-4132,-4079,-4103,-4101,-4127,-4078,-4264,-4265,-4232,-4317,-4338,-4148,-4273,-4328,-4376,-4361,-4408,-4399,-4381,-4354,-4431,-4420,-4402,-4411,-4421,-4416,-4439,-4452,-4380,-4402,-4433,-4424,-4437,-4474,-4452,-4427,-4389,-4378,-4433,-4399,-4393,-4386,-4378,-4253,-5372,-4363,-4297,-4353,-4331,-4290,-4260,-4288,-4238,-4242,-4212,-4181,-4187,-4188,-4168,-4077,-3988,-3973,-4065,-4031,-4057,-4046,-4070,-4083,-4077,-4081,-4105,-4115,-4099,-4118,-4102,-4126,-4154,-4161,-4194,-4175,-4179,-4169,-4216,-4221,-4187,-4247,-4239,-4215
-4239,-4228,-4255,-4234,-4227,-4201,-4195,-4105,-4157,-4169,-4149,-4166,-4087,-4039,-4078,-4100,-4070,-4079,-4075,-4052,-4022,-3977,-3973,-3987,-3885,-3871,-3841,-3827,-3805,-3771,-3723,-3681,-3713,-3655,-3552,-3565,-3500,-3507,-3487,-3413,-3407,-3363,-3308,-3304,-3266,-3210,-3148,-3126,-3122,-3124,-3098,-3080,-3066,-3036,-2997,-2967,-2924,-2891,-2867,-2843,-2855,-2822,-2762,-2716,-2682,-2711,-2718,-2705,-2729,-2723,-2736,-2732,-2710,-2729,-2722,-2709,-2634,-2605,-2500,-2438,-2395,-2344,-2390,-2350,-2360,-2359,-2432,-2542,-2602,-2630,-2790,-2907,-3007,-3065,-3114,-3189,-3255,-3342,-3394,-3429,-3446,-3484,-3555,-3596,-3615,-3667,-3699,-3758,-3832,-3852,-3903,-3921,-3992,-4037,-4094,-4139,-4175,-4243,-4302,-4376,-4436,-4521,-4534,-4577,-4587,-4633,-4633,-4647,-4673,-4703,-4694,-4713,-4757,-4767,-4808,-4827,-4785,-4836,-4887,-4867,-4873,-4903,-4912,-4909,-4891,-4934,-4940,-4977,-4956,-5006,-5009,-5004,-4964,-5018,-5031,-5042,-5041,-5064,-5000,-4982,-5007,-4972,-4935,-4964,-4954,-4968,-4946,-4936,-4879,-4902,-4940,-4888,-4887,-4879,-4850,-4845,-4826,-4811,-4779,-4713,-4693,-4642,-4680,-4676,-4661,-4610,-4626,-4619,-4585,-4503,-4228,-4476,-4466,-4494,-4404,-4432,-4372,-4316,-4342,-4253,-4296,-4218,-4219,-4206,-4186,-4177,-4169,-4132,-4103,-4123,-4099,-4081,-4055,-3985,-3956,-3974,-3977,-3997,-3987,-4012,-4060,-4066,-4077,-4076,-4072,-4048,-4084,-4084,-4011,-4025,-4043,-4066,-4086,-4055,-4090,-4053,-3954,-3966,-3952,-3930,-3921,-3883,-3744,-3793,-3772,-3779,-3800,-3781,-3770,-3712,-3759,-3738,-3726,-3682,-3744,-3738,-3754,-3812,-3837,-3815,-3973,-3913,-3817,-3885,-3988,-4028,-4053,-4046,-4084,-4091,-3984,-4059,-4070,-4164,-4188,-4196,-4216,-4199,-4153,-4312,-4314,-4380,-4384,-4229,-4335,-4385,-4426,-4444,-4432,-4444,-4423,-4406,-4307,-4459,-4460,-4444,-4454,-4452,-4467,-4464,-4406,-4459,-4477,-4477,-4482,-4459,-4470,-4430,-4433,-4438,-4440,-4460,-4433,-4410,-4361,-4346,-4380,-4358,-4359,-4308,-4317,-4289,-4270,-4264,-4216,-4235,-4213,-4168,-4170,-4155,-4132,-4111,-4046,-4020,-4051,-4006,-3991,-4021,-4035,-4045,-4057,-4075,-4040,-4079,-4078,-4114,-4070,-4085,-4117,-4148,-4150,-4150,-4166,-4214,-4113,-4136,-4182,-4147,-4194,-4216
-4310,-4235,-4224,-4216,-4223,-4190,-4085,-4128,-4166,-4155,-4123,-4146,-4036,-4024,-4067,-4112,-4034,-4034,-3983,-4009,-3938,-3927,-3921,-3872,-3855,-3822,-3781,-3757,-3745,-3755,-3733,-3690,-3650,-3553,-3554,-3482,-3441,-3425,-3372,-3313,-3329,-3306,-3270,-3226,-3172,-3111,-3066,-3044,-3020,-2985,-2982,-2940,-2895,-2831,-2823,-2752,-2779,-2721,-2674,-2650,-2624,-2651,-2571,-2542,-2534,-2509,-2519,-2485,-2497,-2499,-2514,-2553,-2506,-2502,-2519,-2514,-2464,-2397,-2254,-2191,-2235,-2145,-2137,-2117,-2115,-2083,-2114,-2183,-2197,-2323,-2444,-2635,-2730,-2870,-3015,-3118,-3177,-3245,-3297,-3365,-3410,-3441,-3448,-3479,-3551,-3606,-3651,-3688,-3725,-3774,-3823,-3863,-3917,-3973,-4019,-4084,-4157,-4139,-4267,-4316,-4391,-4468,-4492,-4494,-4494,-4561,-4559,-4580,-4608,-4630,-4661,-4657,-4664,-4720,-4742,-4767,-4774,-4779,-4815,-4779,-4813,-4862,-4889,-4899,-4930,-4923,-4932,-4951,-4984,-4968,-4989,-4976,-5066,-4985,-4985,-5006,-5116,-5074,-4976,-4941,-5017,-4961,-4940,-4916,-4960,-4952,-4956,-4963,-4957,-4848,-4625,-4763,-4894,-4865,-4786,-4797,-4781,-4779,-4778,-4743,-4717,-4660,-4651,-4666,-4645,-4635,-4595,-4576,-4585,-4567,-4497,-4495,-4429,-4473,-4399,-4373,-4316,-4325,-4256,-4226,-3972,-4200,-4200,-4191,-4158,-4093,-4083,-4062,-4087,-4069,-4019,-4035,-4010,-4001,-3925,-3940,-3935,-3967,-3947,-3913,-3963,-3955,-3941,-3958,-4015,-4031,-4023,-4008,-3988,-3975,-4005,-4031,-4057,-4054,-4016,-3999,-3868,-3927,-5089,-5030,-3803,-3818,-3655,-3785,-3808,-3793,-3756,-3690,-3695,-3686,-3701,-3718,-3710,-3673,-3676,-3725,-3802,-3788,-3756,-3794,-3819,-3948,-3922,-3981,-4018,-4066,-4087,-4089,-3995,-4040,-4096,-4165,-4189,-4215,-4275,-4285,-4303,-4291,-4269,-4208,-4393,-4420,-4435,-4290,-4391,-4434,-4487,-4514,-4514,-4525,-4482,-4459,-4421,-4496,-4409,-4461,-4503,-4496,-4525,-4468,-4495,-4517,-4524,-4522,-4486,-4603,-4522,-4501,-4457,-4465,-4432,-4474,-4429,-4457,-4429,-4375,-4384,-4362,-4342,-4345,-4276,-4279,-4279,-4252,-4241,-4179,-4199,-4177,-4140,-4137,-4141,-4099,-4069,-4061,-4029,-4020,-4019,-3902,-4027,-4038,-4039,-4061,-4009,-3980,-4089,-4100,-4065,-4114,-4108,-4135,-4119,-4149,-4144,-4184,-4197,-4174,-4170,-4184,-4214,-4245
-4216,-4221,-4205,-4220,-4214,-4153,-4100,-4159,-4192,-4157,-4111,-4088,-4069,-4019,-4034,-3953,-3934,-3981,-3970,-3999,-3917,-3911,-3877,-3856,-3862,-3782,-3760,-3717,-3697,-3685,-3661,-3643,-3527,-3435,-3441,-3430,-3344,-3273,-3237,-3285,-3265,-3215,-3168,-3160,-3109,-3070,-3017,-2981,-2954,-2931,-2870,-2808,-2746,-2714,-2665,-2561,-2576,-2586,-2504,-2482,-2443,-2456,-2432,-2410,-2355,-2372,-2389,-2377,-2334,-2362,-2352,-2370,-2383,-2320,-2252,-2314,-2233,-2205,-2088,-2017,-1995,-1957,-1882,-1850,-1853,-1835,-1802,-1870,-1941,-2032,-2173,-2313,-2508,-2610,-2782,-2861,-3103,-3188,-3250,-3299,-3364,-3396,-3431,-3462,-3497,-3520,-3557,-3604,-3651,-3716,-3768,-3819,-3876,-3924,-3975,-4051,-4086,-4118,-4180,-4233,-4265,-4365,-4413,-4428,-4453,-4456,-4498,-4509,-4546,-4575,-4588,-4608,-4637,-4662,-4680,-4700,-4726,-4746,-4769,-4824,-4840,-4843,-4756,-4824,-4910,-4946,-4882,-4911,-4942,-4944,-4940,-4957,-4998,-4978,-4963,-4940,-4966,-4951,-4932,-4930,-4952,-4913,-4920,-5021,-4894,-4894,-4917,-4904,-4966,-4454,-6112,-5887,-4733,-4835,-4780,-4740,-4742,-4743,-4708,-4696,-4714,-4730,-4664,-4623,-4605,-4571,-4554,-4541,-4550,-4511,-4448,-4422,-4428,-4409,-4344,-4348,-4324,-4304,-4236,-4175,-4205,-4185,-4179,-4157,-4155,-4054,-4048,-3932,-3982,-3945,-3924,-3938,-3935,-3906,-3816,-3860,-3910,-3949,-3956,-3884,-3907,-3868,-3908,-3915,-3907,-3965,-3937,-3963,-3976,-3966,-3975,-3959,-3997,-3985,-3941,-3955,-3975,-3945,-3880,-3881,-3826,-3721,-3766,-3755,-3758,-3768,-3725,-3660,-3642,-3726,-3726,-3746,-3702,-3690,-3702,-3719,-3759,-3803,-3794,-3845,-3829,-3928,-3956,-3941,-3996,-4033,-4066,-4044,-4108,-4093,-4130,-4169,-4249,-4302,-4323,-4328,-4315,-4359,-4334,-4341,-4298,-4470,-4504,-4367,-4431,-4510,-4543,-4556,-4579,-4610,-4586,-4568,-4518,-4558,-4519,-4564,-4562,-4539,-4529,-4500,-4477,-4555,-4543,-4534,-4521,-4559,-4509,-4530,-4507,-4427,-4412,-4463,-4474,-4430,-4453,-4410,-4379,-4379,-4337,-4304,-4294,-4216,-4261,-4241,-4200,-4173,-4172,-4150,-4128,-4142,-4159,-4093,-4070,-4078,-4056,-4055,-4021,-3983,-4006,-4037,-4037,-3996,-4026,-3974,-4030,-4091,-4045,-3993,-4078,-4128,-4078,-4098,-4177,-4213,-4217,-4167,-4091,-4244,-4207,-4232
-4231,-4206,-4200,-4221,-4186,-4116,-4131,-4148,-4108,-4109,-4094,-4016,-4040,-4012,-4004,-4040,-3990,-4020,-3962,-3958,-3939,-3860,-3817,-3870,-3825,-3814,-3803,-3730,-3871,-3670,-3609,-3498,-3439,-3275,-3247,-3289,-3329,-3259,-3263,-3233,-3204,-3162,-3092,-3071,-3015,-3000,-2975,-2951,-2834,-2780,-2751,-2723,-2670,-2590,-2494,-2466,-2405,-2412,-2364,-2320,-2281,-2294,-2242,-2246,-2190,-2229,-2209,-2188,-2225,-2136,-2240,-2213,-2160,-2141,-2078,-2138,-2036,-1965,-1876,-1830,-1757,-1672,-1646,-1641,-1652,-1543,-1595,-1659,-1701,-1820,-1941,-2172,-2287,-2412,-2600,-2790,-2965,-3107,-3246,-3297,-3339,-3372,-3400,-3396,-3444,-3490,-3496,-3553,-3600,-3655,-3741,-3800,-3848,-3829,-3842,-3834,-3970,-4041,-4092,-4178,-4229,-4256,-4283,-4326,-4375,-4391,-4381,-4443,-4476,-4504,-4521,-4564,-4566,-4604,-4657,-4669,-4679,-4723,-4745,-4781,-4781,-4807,-4834,-4857,-4854,-4865,-4893,-4897,-4892,-4924,-4913,-4892,-4982,-4923,-4947,-4916,-4946,-4935,-4896,-4937,-4888,-4901,-4887,-4890,-4969,-4923,-4923,-4897,-4887,-4701,-4718,-4747,-4842,-4775,-4742,-4750,-4737,-4722,-4738,-4712,-4637,-4678,-4627,-4598,-4562,-4551,-4524,-4458,-4455,-4442,-4381,-4388,-4371,-4383,-4337,-4309,-4278,-4314,-4260,-4260,-4180,-4173,-4134,-4094,-4114,-4043,-3983,-3998,-3937,-3944,-3921,-3879,-3788,-3793,-3853,-3807,-3837,-3850,-3903,-3859,-3846,-3873,-3840,-3850,-3870,-3833,-3820,-3895,-3852,-3885,-3826,-3899,-3867,-3927,-3897,-3918,-3861,-3890,-3878,-3775,-3764,-3779,-3785,-3795,-3736,-3717,-3655,-3623,-3595,-3609,-3675,-3716,-3686,-3727,-3684,-3736,-3742,-3787,-3817,-3759,-3857,-3949,-3964,-4015,-4083,-4002,-4038,-4056,-4115,-4195,-4237,-4273,-4289,-4340,-4379,-4403,-4381,-4410,-4422,-4437,-4450,-4462,-4563,-4427,-4517,-4500,-4607,-4657,-4645,-4644,-4638,-4625,-4679,-4643,-4618,-4627,-4605,-4587,-4520,-4558,-4618,-4603,-4557,-4486,-4559,-4544,-4537,-4505,-4483,-4411,-4489,-4453,-4436,-4422,-4388,-4425,-4402,-4368,-4332,-4253,-4206,-4238,-4194,-4214,-4139,-4190,-4077,-4168,-4124,-4081,-4093,-4093,-4089,-4064,-4070,-4064,-3931,-3985,-4004,-4008,-4023,-3986,-3979,-3953,-3869,-3933,-3977,-3947,-4030,-4046,-3801,-5073,-3891,-4186,-4213,-4218,-4225,-4236,-4233,-4257
-4249,-4197,-4187,-4180,-4176,-4111,-4130,-4129,-4127,-4092,-4039,-3995,-4041,-4026,-4029,-4029,-4033,-3983,-3950,-3957,-3949,-3927,-3875,-3861,-3842,-3822,-3757,-3708,-3642,-3664,-3587,-3440,-4478,-4952,-4725,-2947,-3154,-3222,-3220,-3177,-3144,-3089,-3032,-2983,-2977,-2930,-2905,-2850,-2748,-2707,-2639,-2594,-2505,-2467,-2449,-2357,-2312,-2224,-2214,-2194,-2167,-2113,-2093,-2093,-2047,-2018,-2054,-2060,-2023,-2039,-2016,-2041,-2005,-1940,-1836,-1821,-1830,-1700,-1597,-1616,-1501,-1437,-1400,-1444,-1347,-1394,-1360,-1436,-1474,-1650,-1789,-1980,-2174,-2304,-2355,-3783,-3857,-3055,-3197,-3281,-3334,-3346,-3315,-3375,-2986,-3353,-3492,-3501,-3566,-3602,-3649,-3715,-3780,-3798,-3835,-3857,-3950,-4000,-4031,-4066,-4134,-4115,-4108,-4187,-4262,-4319,-4326,-4377,-4412,-4452,-4462,-4518,-4511,-4548,-4580,-4598,-4625,-4630,-4659,-4698,-4733,-4777,-4821,-4806,-4824,-4806,-4882,-4860,-4850,-4911,-4890,-4859,-4899,-4872,-4906,-4857,-4885,-4875,-4898,-4966,-4895,-4832,-4925,-4865,-4864,-4881,-4885,-4849,-4984,-5029,-4941,-4509,-4839,-4747,-4764,-4733,-4736,-4628,-4731,-4649,-4656,-4634,-4593,-4603,-4560,-4547,-4521,-4483,-4375,-4357,-4376,-4324,-4315,-4305,-4311,-4276,-4148,-4248,-4130,-4189,-4179,-4141,-4114,-4092,-3988,-4011,-3954,-3912,-3966,-3954,-3830,-3906,-3907,-3851,-3813,-3820,-3803,-3836,-3786,-3772,-3819,-3781,-3731,-3762,-3755,-3760,-3750,-3779,-3698,-3704,-3806,-3787,-3812,-3866,-3846,-3823,-3825,-3844,-3827,-3813,-3739,-3688,-3706,-3647,-3652,-3636,-3617,-3615,-3625,-3572,-3614,-3605,-3615,-3679,-3712,-3764,-3764,-3755,-3681,-3822,-3877,-3922,-4011,-4028,-4057,-4102,-4067,-4129,-4113,-4205,-4261,-4304,-4341,-4383,-4431,-4455,-4460,-4453,-4502,-4521,-4528,-4553,-4550,-4653,-4507,-4634,-4616,-4700,-4716,-4699,-4728,-4612,-4692,-4713,-4711,-4712,-4601,-4527,-4616,-4605,-4667,-4655,-4618,-4543,-4605,-4561,-4542,-4466,-4381,-4478,-4457,-4471,-4414,-4368,-4408,-4376,-4414,-4363,-4328,-4229,-4164,-4191,-4211,-4144,-4208,-4103,-4146,-4132,-4128,-4073,-4085,-4069,-4088,-4038,-4031,-3997,-3974,-3935,-4011,-4024,-4037,-3995,-3974,-3910,-3944,-3891,-3978,-3930,-4002,-4015,-3975,-3914,-3970,-4175,-4181,-4178,-4226,-4231,-4245,-4243
-4241,-4199,-4183,-4145,-4148,-4133,-4135,-4133,-4121,-4097,-3984,-4037,-4077,-4060,-4019,-4031,-4056,-4004,-3947,-3940,-3946,-3938,-3826,-3826,-3841,-3824,-3749,-3691,-3661,-3656,-3606,-3419,-3157,-4573,-4278,-2879,-3249,-3225,-3146,-3103,-3066,-2991,-2962,-2918,-2894,-2805,-2793,-2732,-2643,-2505,-2543,-2491,-2406,-2338,-2290,-2251,-2218,-2201,-2134,-2062,-2042,-2024,-1930,-1953,-1901,-1879,-1901,-1870,-1932,-1908,-1881,-1901,-1809,-1776,-1681,-1699,-1529,-1433,-1346,-1262,-1176,-1143,-1090,-1038,-1287,-1190,-1227,-1281,-1372,-1517,-1668,-1850,-2056,-2118,-2201,-2457,-2598,-2811,-2949,-3018,-3155,-3249,-3318,-3318,-3379,-3403,-3447,-3486,-3559,-3522,-3600,-3660,-3684,-3105,-3658,-3652,-3881,-3862,-3837,-3904,-3932,-3970,-4036,-4163,-4088,-4123,-4180,-4280,-4332,-4307,-4355,-4403,-4425,-4459,-4486,-4527,-4567,-4537,-4592,-4661,-4709,-4746,-4746,-4770,-4742,-4743,-4806,-4805,-4776,-4841,-4846,-4825,-4861,-4872,-4882,-4853,-4807,-4920,-4871,-4861,-4888,-4840,-4894,-4849,-4906,-4908,-4838,-4842,-4862,-4853,-5067,-4822,-4868,-4778,-4744,-4738,-4682,-4673,-4658,-4610,-4642,-4621,-4509,-4541,-4509,-4522,-4475,-4450,-4390,-4394,-4294,-4333,-4329,-4293,-4238,-4261,-4241,-4172,-4212,-4106,-4087,-4066,-4018,-3992,-4013,-3943,-3898,-3931,-3856,-3919,-3771,-3704,-3900,-3703,-3689,-3808,-3839,-3733,-3771,-3763,-3721,-3476,-3654,-3699,-3753,-3755,-3732,-3657,-3663,-3634,-3670,-3762,-3752,-3796,-3769,-3776,-3719,-3742,-3756,-3735,-3732,-3636,-3660,-3647,-3623,-3604,-3610,-3597,-3614,-3619,-3638,-3615,-3585,-3601,-3732,-3751,-3730,-3790,-3790,-3849,-3893,-3954,-4004,-4080,-4129,-4101,-4152,-4072,-4174,-4220,-4279,-4318,-4371,-4407,-4455,-4494,-4513,-4512,-4589,-4590,-4603,-4634,-4644,-4705,-4686,-4726,-4711,-4770,-4792,-4780,-4777,-4820,-4774,-4780,-4770,-4762,-4727,-4683,-4732,-4678,-4761,-4715,-4629,-4697,-4659,-4626,-4543,-4421,-4504,-4553,-4490,-4428,-4347,-4467,-4397,-4324,-4386,-4324,-4325,-4232,-4144,-4227,-4205,-4191,-4147,-4174,-4120,-4126,-4125,-4099,-4092,-4043,-4072,-4051,-4022,-4024,-3990,-3952,-3965,-3991,-3963,-3966,-3896,-3861,-3910,-3910,-3936,-3921,-3867,-3972,-4043,-3972,-4076,-4077,-4165,-4157,-4186,-4177,-4177,-4248
-4248,-4178,-4139,-4104,-4133,-4136,-4133,-4132,-4121,-4113,-4111,-4107,-4099,-4059,-4048,-4004,-4052,-3964,-3978,-3890,-3912,-3930,-3894,-3866,-3871,-3799,-3752,-3720,-3659,-3599,-3564,-3402,-3301,-3193,-3295,-3228,-3215,-3151,-3108,-3053,-3025,-2953,-2891,-2835,-2738,-2713,-2669,-2627,-2588,-2518,-2450,-2407,-2341,-2305,-2220,-2147,-2132,-2101,-2082,-1980,-1941,-1892,-1871,-1864,-1768,-1727,-1688,-1689,-1687,-1687,-1714,-1687,-1654,-1660,-1471,-1499,-1443,-1223,-1150,-1066,-954,-941,-972,-982,-931,-1023,-1077,-1133,-1259,-1359,-1588,-1721,-1864,-1892,-2048,-2251,-2431,-2578,-2714,-2923,-3036,-3145,-3210,-3278,-3331,-3364,-3396,-3419,-3508,-3551,-3563,-3615,-3559,-2596,-2598,-3595,-2080,-2584,-2955,-3323,-3524,-3878,-3909,-3940,-3985,-4022,-4151,-4066,-4112,-4146,-4195,-4252,-4267,-4392,-4430,-4449,-4510,-4483,-4565,-4570,-4637,-4688,-4680,-4758,-4711,-4738,-4736,-4756,-4791,-4809,-4808,-4865,-4805,-4793,-4839,-4854,-4889,-4863,-4972,-4948,-4896,-4791,-4865,-4851,-4823,-4827,-4783,-4837,-4757,-4778,-4783,-4729,-4792,-4838,-4716,-4704,-4687,-4670,-4558,-4594,-4597,-4583,-4552,-4525,-4512,-4487,-4407,-4417,-4386,-4323,-4332,-4268,-4354,-4278,-4221,-4128,-4181,-4148,-4185,-4129,-4114,-4005,-3994,-4030,-3994,-3844,-3897,-3678,-3701,-3466,-3315,-3661,-3586,-3556,-3754,-3801,-3750,-3711,-3662,-3713,-3640,-3667,-3660,-3680,-3621,-3562,-3570,-3603,-3683,-3601,-3578,-3593,-3601,-3651,-3732,-3716,-3698,-3579,-4213,-3698,-3619,-3646,-3636,-3619,-3559,-3549,-3614,-3650,-3621,-3648,-3653,-3634,-3655,-3574,-3646,-3667,-3666,-3717,-3776,-3787,-3875,-3892,-3990,-4068,-4111,-4148,-4205,-4241,-4193,-4213,-4291,-4362,-4398,-4439,-4503,-4548,-4534,-4586,-4633,-4647,-4679,-4665,-4702,-4733,-4732,-4748,-4809,-4824,-4815,-4843,-4882,-4829,-4839,-4787,-4827,-4788,-4791,-4733,-4777,-4755,-4804,-4769,-4801,-4765,-4735,-4567,-4604,-4579,-4545,-4501,-4477,-4401,-4453,-4457,-4438,-4388,-4383,-4333,-4272,-4294,-4199,-4206,-4185,-4160,-4120,-4140,-4019,-4099,-4054,-4076,-4041,-4057,-4060,-4062,-4025,-4046,-3998,-3850,-3789,-3900,-3867,-3844,-3897,-4008,-4014,-3965,-3955,-3950,-3910,-4001,-3990,-4043,-4039,-4152,-4170,-4069,-4127,-4196,-4215,-4169
-4190,-4143,-4125,-4121,-4106,-4090,-4115,-4141,-4131,-4095,-4100,-4093,-4078,-4026,-3965,-4012,-3955,-3989,-4033,-3884,-3931,-3928,-3927,-3865,-3854,-3790,-3800,-3743,-3673,-3646,-3590,-3505,-3411,-3380,-3301,-3269,-3179,-3109,-3071,-3029,-2957,-2907,-2863,-2808,-2724,-2651,-2609,-2541,-2493,-2396,-2348,-2304,-2213,-2232,-2179,-2099,-2046,-2006,-1937,-1917,-1884,-1780,-1732,-1640,-1623,-1556,-1521,-1522,-1502,-1538,-1556,-1527,-1418,-1408,-1303,-1320,-1182,-1010,-919,-852,-760,-712,-720,-866,-826,-891,-887,-961,-1065,-1107,-1121,-1403,-1626,-1677,-1722,-2023,-2244,-2478,-2665,-2830,-2917,-3036,-3147,-3247,-3319,-3316,-3381,-3409,-3443,-3497,-3550,-3600,-2969,-1821,-1688,-2027,-1989,-2397,-2970,-3086,-3523,-3350,-3501,-3705,-3669,-3878,-3975,-4007,-3978,-4050,-4068,-4170,-4178,-4227,-4351,-4375,-4465,-4456,-4470,-4470,-4579,-4620,-4654,-4677,-4670,-4700,-4718,-4736,-4779,-4773,-4759,-4751,-4752,-4780,-4805,-4864,-4880,-4860,-4821,-5097,-4938,-4791,-4828,-4842,-4879,-4812,-4788,-4738,-4770,-4792,-4746,-4874,-4748,-4642,-4663,-4695,-4619,-4622,-4587,-4529,-4545,-4519,-4512,-4457,-4470,-4460,-4389,-4356,-4341,-4306,-4286,-4204,-4143,-4156,-4171,-4102,-4019,-4028,-4020,-4074,-4096,-3982,-3963,-3972,-3902,-3797,-3621,-3334,-3355,-3318,-2805,-2917,-3485,-3493,-3476,-3675,-3750,-3634,-3614,-3557,-3583,-3544,-3599,-3607,-3533,-3522,-3491,-3488,-3589,-3599,-3597,-3561,-3563,-3538,-3542,-3590,-3507,-3620,-3623,-3612,-3616,-3617,-3628,-3575,-3537,-3553,-3564,-3596,-3654,-3645,-3671,-3665,-3644,-3581,-3534,-3703,-3764,-3775,-3798,-3815,-3910,-3896,-3982,-3970,-4083,-4168,-4224,-4262,-4303,-4288,-4324,-4405,-4406,-4476,-4513,-4548,-4579,-4672,-4711,-4728,-4685,-4736,-4752,-4781,-4826,-4827,-4883,-4908,-4898,-4904,-4893,-4885,-4765,-4722,-4924,-4910,-4908,-4862,-4796,-4803,-4795,-4784,-4842,-4805,-4730,-4717,-4685,-4633,-4536,-4527,-4418,-4556,-4511,-4487,-4462,-4418,-4360,-4325,-4287,-4238,-4158,-4185,-4171,-4165,-4145,-4102,-4075,-4046,-4047,-4050,-4029,-4026,-4020,-3992,-4008,-4001,-3939,-3977,-3930,-3904,-3871,-3857,-3916,-3907,-3900,-3872,-3898,-3924,-3907,-3966,-3955,-3999,-3895,-4090,-4164,-4197,-4185,-4234,-4215,-4168
-4137,-4134,-4133,-4111,-4089,-4082,-4103,-4087,-4082,-4065,-4088,-4080,-4030,-4005,-4003,-3989,-3992,-3988,-4021,-4000,-3946,-3933,-3929,-3883,-3797,-3830,-3788,-3771,-3694,-3667,-3640,-3543,-3447,-3412,-3334,-3217,-3190,-3117,-3057,-2989,-2844,-2788,-2785,-2730,-2645,-2574,-2495,-2373,-2312,-2325,-2239,-2181,-2150,-2053,-2014,-1945,-1907,-1860,-1813,-1832,-1780,-1677,-1631,-1562,-1476,-1426,-1357,-1334,-1308,-1354,-1362,-1368,-1316,-1211,-1187,-1167,-1045,-892,-782,-681,-607,-561,-547,-685,-745,-686,-724,-796,-687,-668,-842,-939,-1128,-1167,-1628,-1698,-2272,-2551,-2675,-2745,-2886,-2969,-3048,-3108,-3263,-3325,-3358,-3405,-3463,-3505,-3501,-2637,-2427,-1990,-1852,-1905,-2064,-2197,-2465,-2859,-3648,-2945,-3222,-3411,-3496,-3721,-3897,-3962,-3985,-3979,-3999,-4097,-4172,-4182,-4216,-4306,-4358,-4408,-4412,-4473,-4494,-4569,-4583,-4634,-4642,-4664,-4761,-4689,-4715,-4700,-4698,-4732,-4724,-4836,-4818,-4677,-4756,-4949,-4881,-4918,-4956,-4768,-4614,-4785,-4771,-4828,-4758,-4546,-4689,-4751,-4657,-4712,-4652,-4607,-4595,-4580,-4603,-4582,-4600,-4562,-4555,-4525,-4539,-4461,-4401,-4386,-4359,-4278,-4302,-4260,-4179,-4193,-4145,-4134,-4094,-3992,-4585,-3886,-3961,-4045,-4036,-3988,-4005,-3990,-3758,-3721,-3605,-5482,-3416,-6184,-4113,-4051,-2941,-2919,-3460,-3348,-3733,-3601,-3581,-3473,-3542,-3377,-3367,-3448,-3363,-3482,-3643,-3548,-3403,-3568,-3443,-3361,-3443,-3478,-3373,-3458,-3486,-3523,-3464,-3520,-3538,-3512,-3554,-3573,-3555,-3570,-3555,-3472,-3592,-3553,-3629,-3616,-3656,-3591,-3592,-3706,-3702,-3734,-3780,-3825,-3866,-3848,-3947,-4006,-4021,-4165,-4227,-4257,-4348,-4379,-4310,-4411,-4489,-4566,-4585,-4618,-4615,-4723,-4700,-4760,-4773,-4814,-4828,-4862,-4884,-4928,-4926,-4908,-4934,-4934,-4929,-4932,-4913,-4918,-4921,-4918,-4912,-4898,-4842,-4888,-4836,-4871,-4853,-4727,-4666,-4818,-4748,-4637,-4616,-4491,-4579,-4531,-4496,-4468,-4401,-4364,-4351,-4328,-4262,-4262,-4201,-4213,-4202,-4138,-4103,-4094,-4042,-4043,-4026,-4018,-4011,-4013,-4020,-3929,-3951,-3976,-3944,-3934,-3931,-3899,-3882,-3889,-3847,-3881,-3901,-3736,-3626,-4005,-3900,-3989,-3906,-3934,-3987,-3960,-4026,-4102,-4144,-4176,-4204,-4170
-4132,-4131,-4127,-4114,-4085,-4075,-4091,-4053,-4074,-4064,-4045,-4047,-4028,-4001,-4029,-4012,-3989,-3976,-3972,-3928,-3980,-3952,-3915,-3916,-3896,-3884,-3817,-3770,-3730,-3676,-3618,-3597,-3464,-3466,-3382,-3302,-3222,-3156,-3049,-2969,-2921,-2844,-2795,-2707,-2618,-2532,-2407,-2329,-2247,-2187,-2112,-2060,-2006,-1968,-1939,-1827,-1791,-1762,-1692,-1639,-1632,-1503,-1511,-1428,-1332,-1317,-1291,-1151,-1185,-1148,-1182,-1206,-1134,-1133,-1135,-1036,-954,-711,-576,-504,-397,-429,-488,-614,-563,-625,-549,-191,-221,-409,-552,-715,-934,-1186,-1218,-1289,-1809,-2194,-2322,-2762,-2854,-2943,-3111,-3150,-3195,-2801,-3337,-3408,-3443,-2782,-2417,-1969,-1796,-1750,-2054,-1790,-1711,-1690,-1939,-2635,-2970,-2816,-2965,-3189,-3384,-3501,-3706,-3933,-3941,-3951,-3990,-4019,-4075,-4047,-4131,-4291,-4295,-4334,-4423,-4445,-4493,-4472,-4526,-4553,-4600,-4608,-4586,-4698,-4729,-4752,-4714,-4755,-4724,-4795,-4763,-4637,-4671,-4812,-4780,-4792,-4798,-4774,-4793,-4750,-4764,-4728,-4761,-4748,-4692,-4661,-4688,-4613,-4637,-4647,-4570,-4594,-4580,-4558,-4559,-4504,-4490,-4516,-4475,-4361,-4260,-4346,-4274,-4257,-4145,-4151,-4172,-4058,-4129,-4075,-4093,-4101,-3967,-3983,-3976,-3925,-3940,-3976,-3982,-3840,-3758,-3584,-3595,-5902,-5604,-5725,-4087,-4663,-2821,-3409,-3595,-3579,-3628,-3631,-3460,-3296,-3389,-3290,-3345,-3148,-3384,-3306,-2993,-3290,-3303,-3512,-3505,-3383,-3260,-3412,-3458,-3490,-3460,-3449,-3466,-3419,-3376,-3421,-3469,-3535,-3553,-3504,-3531,-3583,-3537,-3578,-3634,-3667,-3652,-3589,-3569,-3669,-3678,-3718,-3759,-3774,-3835,-3922,-3979,-3947,-4090,-4213,-4165,-4271,-4369,-4401,-4393,-4466,-4492,-4537,-4586,-4534,-4609,-4665,-4730,-4786,-4790,-4828,-4827,-4862,-4910,-4923,-4917,-4931,-4907,-4922,-4949,-4932,-4939,-4948,-4927,-4916,-4894,-4864,-4877,-4859,-4890,-4908,-4923,-4870,-4767,-4730,-4765,-4737,-4602,-4626,-4573,-4511,-4513,-4467,-4386,-4319,-4282,-4323,-4301,-4191,-4165,-4186,-4082,-4121,-4062,-3968,-4045,-3954,-4011,-3989,-3950,-3969,-3956,-3948,-3891,-3929,-3928,-3896,-3900,-3898,-3859,-3850,-3864,-3901,-3859,-3623,-3159,-3975,-3982,-3955,-4007,-3957,-3666,-3892,-4090,-4104,-4152,-4180,-4146,-4156
-4128,-4127,-4120,-4092,-4067,-4081,-4049,-4041,-4042,-4059,-4061,-4040,-4024,-4027,-4020,-4012,-3999,-3981,-3951,-3986,-3991,-3994,-3981,-3912,-3889,-3906,-3838,-3812,-3764,-3719,-3699,-3633,-3446,-3474,-3427,-3332,-3243,-3164,-3056,-2971,-2904,-2775,-2702,-2662,-2569,-2486,-2386,-2337,-2185,-2135,-2027,-1967,-1926,-1876,-1812,-1751,-1703,-1649,-1513,-1461,-1406,-1312,-1291,-1221,-1116,-1119,-1132,-968,-930,-804,-815,-847,-919,-943,-869,-918,-708,-529,-406,-387,-358,-482,-581,-530,-488,-517,-305,-201,-382,-408,-589,-631,-629,-510,-753,-574,-408,-1500,-1195,-64,-2110,-2760,-2985,-2819,-3141,-3245,-3213,-2758,-1874,-2313,-1699,-1332,-1666,-1549,-1727,-1804,-1764,-3348,-1836,-1800,-2046,-2468,-2721,-3203,-3996,-3413,-3542,-3645,-3519,-3650,-3913,-3995,-3974,-4117,-4102,-4252,-4217,-4231,-4306,-4406,-4377,-4398,-4505,-4486,-4547,-4592,-4594,-4594,-4698,-4618,-4609,-4684,-4621,-4699,-4689,-4769,-4843,-4767,-4818,-4866,-4799,-4792,-4776,-4739,-4829,-4745,-4793,-4691,-4662,-4669,-4623,-4658,-4635,-4615,-4566,-4557,-4508,-4541,-4553,-4480,-4469,-4438,-4445,-4373,-4234,-4276,-4185,-4168,-4138,-4080,-4104,-4054,-4083,-4020,-4027,-3995,-4012,-4010,-3993,-3969,-3886,-3896,-3846,-3859,-3898,-3650,-3673,-3520,-5700,-5722,-5201,-3264,-3342,-3340,-3531,-3656,-3641,-3502,-3328,-3265,-2952,-3320,-3247,-3290,-3180,-3167,-3259,-3205,-3190,-3219,-3321,-3324,-3149,-3264,-3333,-3279,-3329,-3363,-3304,-3319,-3333,-3384,-3370,-3467,-3518,-3543,-3538,-3504,-3532,-3522,-3606,-3555,-3619,-3554,-3580,-3653,-3676,-3706,-3729,-3795,-3856,-3922,-3950,-4019,-4054,-4107,-4228,-4237,-4417,-4537,-4555,-4593,-4477,-4504,-4559,-4617,-4668,-4644,-4717,-4766,-4838,-4859,-4874,-4901,-4917,-4921,-4931,-4923,-4935,-4906,-4913,-4911,-4900,-4904,-4946,-4912,-4899,-4875,-4816,-4767,-4938,-4926,-4906,-4886,-4882,-4816,-4844,-4743,-4704,-4743,-4692,-4572,-4547,-4531,-4410,-4408,-4366,-4320,-4101,-3442,-3388,-3855,-4010,-4100,-4059,-3902,-3854,-3975,-3980,-3957,-3944,-3924,-3905,-3914,-3868,-3886,-3896,-3794,-3849,-3877,-3854,-3797,-3858,-3816,-3710,-3490,-3413,-3955,-3962,-3980,-3978,-3945,-3899,-3916,-4024,-4042,-4179,-4182,-4145,-4053
-4103,-4114,-4101,-4087,-4061,-4055,-4067,-4033,-4034,-4040,-4026,-3984,-3967,-3981,-3975,-3973,-3983,-3939,-3994,-3989,-3955,-3971,-3911,-3914,-3907,-3925,-3889,-3881,-3787,-3762,-3726,-3694,-3554,-3527,-3428,-3368,-3265,-3182,-3067,-3002,-2834,-2739,-2646,-2548,-2446,-2377,-2318,-2240,-2162,-1953,-1949,-1813,-1694,-1725,-1666,-1609,-1465,-1350,-1307,-1158,-894,-827,-838,-677,-790,-735,-846,-715,-459,-92,0,39,-322,-446,-472,-381,-294,-247,-329,-290,-360,-531,-419,-412,-317,-341,-295,-365,-482,-542,-694,-832,-778,-806,-607,-542,-365,-572,280,481,59,-330,-527,-2476,-2058,-2053,-1702,-1559,-1667,-1760,-827,-1411,-1830,-1155,-1527,-2377,-3393,-1146,-1316,-1775,-2120,-2109,-2344,-3028,-2914,-3095,-3355,-3502,-3764,-3852,-3840,-3940,-3985,-4004,-4069,-4125,-4205,-4200,-4209,-4301,-4361,-4357,-4455,-4443,-4373,-4522,-4566,-4558,-4582,-4578,-4666,-4606,-4652,-4673,-4665,-4445,-4630,-4747,-4695,-4688,-4670,-4779,-4747,-4749,-4676,-4722,-4650,-4725,-4692,-4652,-4627,-4567,-4595,-4566,-4553,-4514,-4518,-4497,-4491,-4478,-4404,-4408,-4327,-4232,-4233,-4277,-4235,-4127,-4079,-4148,-4131,-4074,-4057,-4044,-4038,-3924,-3879,-3859,-3774,-3959,-3875,-3889,-3877,-3859,-3869,-3826,-3625,-3552,-3521,-3527,-3463,-3272,-3659,-3625,-3608,-3497,-3465,-3460,-3336,-3329,-3191,-3182,-2962,-2821,-3104,-3267,-3343,-3336,-3239,-3089,-2996,-3119,-3074,-3017,-2930,-3126,-3284,-3249,-3234,-3226,-3182,-3325,-3313,-3341,-3522,-3457,-3438,-3411,-3436,-3531,-3555,-3602,-3633,-3617,-3562,-3657,-3707,-3725,-3713,-3786,-3771,-3811,-3857,-3920,-4016,-4107,-4170,-4223,-4487,-4536,-4577,-4632,-4569,-4607,-4615,-4656,-4694,-4730,-4739,-4728,-4809,-4867,-4890,-4909,-4930,-4927,-4911,-4928,-4929,-4924,-4925,-4936,-4920,-4924,-4899,-4871,-4908,-4893,-4931,-4916,-4952,-4903,-4890,-4921,-4871,-4903,-4837,-4773,-4789,-4769,-4713,-4657,-4587,-4498,-4502,-4452,-4383,-4307,-3935,-5548,-5574,-3715,-3966,-4076,-4006,-3995,-3971,-3904,-3910,-3901,-3899,-3885,-3885,-3878,-3859,-3856,-3852,-3817,-3754,-3845,-3843,-3786,-3820,-3671,-3627,-3669,-3623,-3778,-3925,-3972,-3955,-3904,-3948,-3958,-3975,-4038,-4142,-4105,-4132,-4072
-4114,-4108,-4095,-4086,-4099,-4098,-4086,-4032,-4030,-4017,-4013,-4009,-4005,-3989,-3984,-4004,-3972,-3941,-3962,-3991,-3962,-3974,-3946,-3917,-3934,-3917,-3899,-3851,-3822,-3775,-3738,-3719,-3651,-3514,-3470,-3357,-3226,-3161,-3072,-2920,-2841,-2651,-2516,-2427,-2349,-2260,-2187,-2114,-2041,-1962,-1886,-1774,-1646,-1509,-1468,-1370,-1131,-964,-721,-507,-343,-182,-74,-38,-26,-61,-263,-115,556,1276,1559,1435,1138,571,507,146,174,188,-30,60,-151,-231,-251,-335,-229,-352,-330,-406,-555,-643,-744,-925,-902,-876,-869,-872,1308,1209,1106,1132,626,549,170,192,-707,-928,-642,-538,-601,-761,-1211,-1638,-1617,-970,-2809,-1264,-779,-1208,-1322,-1561,-1833,-2010,-2192,-2437,-2834,-3044,-3178,-3436,-3585,-3728,-3891,-3878,-3958,-3963,-4040,-4083,-4146,-4211,-4228,-4261,-4346,-4379,-4428,-4477,-4481,-4495,-4530,-4576,-4598,-4498,-4638,-4530,-4629,-4488,-4489,-4288,-4353,-4779,-4742,-4747,-4725,-4723,-4778,-4729,-4754,-4685,-4634,-4628,-4662,-4609,-4552,-4550,-4576,-4556,-4498,-4498,-4461,-4435,-4323,-4403,-4358,-4327,-4301,-4264,-4216,-4218,-4217,-4177,-4033,-3947,-4085,-3980,-3905,-3835,-3867,-3784,-3923,-3740,-3828,-3817,-3778,-3681,-3736,-3841,-3782,-3676,-3603,-3571,-3099,-2967,-3306,-3561,-3575,-3500,-3373,-3400,-3512,-3432,-3375,-3012,-3124,-2613,-3049,-2871,-3069,-2830,-3076,-2967,-2924,-3163,-2748,-2366,-2802,-2952,-2890,-2912,-3048,-3148,-3097,-3209,-3188,-3234,-3210,-3305,-3389,-3452,-3491,-3405,-3512,-3540,-3492,-3552,-3591,-3549,-3526,-3612,-3640,-3666,-3684,-3734,-3798,-3874,-3912,-3956,-4002,-4023,-4088,-4159,-4392,-4575,-4588,-4614,-4524,-4520,-4588,-4614,-4654,-4705,-4753,-4786,-4831,-4886,-4946,-4962,-4970,-4977,-4933,-4928,-4938,-4951,-4928,-4927,-4933,-4924,-4923,-4911,-4856,-4852,-4973,-4931,-4932,-4923,-4906,-4884,-4856,-4802,-4806,-4829,-4851,-4809,-4789,-4678,-4634,-4598,-4525,-4451,-4362,-4330,-4211,-3864,-3860,-3916,-4068,-4028,-3974,-3934,-3883,-3920,-3846,-3859,-3814,-3850,-3947,-3807,-3799,-3772,-3796,-3789,-3777,-3789,-3807,-3724,-3707,-3629,-3620,-3641,-3647,-3651,-3813,-3684,-3837,-3873,-3927,-3941,-3974,-4063,-4134,-4051,-4136,-4110
-4013,-4108,-4101,-4100,-4095,-4070,-4062,-4057,-4043,-4032,-4027,-4032,-3990,-3992,-3986,-3977,-3941,-3943,-3983,-3976,-3972,-3967,-3968,-3945,-3914,-3904,-3857,-3869,-3813,-3780,-3780,-3754,-3673,-3593,-3515,-3425,-3216,-3159,-3060,-2926,-2731,-2619,-2486,-2348,-2245,-2147,-2062,-2012,-1921,-1807,-1751,-1670,-1441,-1351,-1217,-991,-680,-520,-83,308,516,749,953,934,922,968,847,1617,2194,2775,3045,2897,2682,2206,1623,1304,891,526,478,31,98,-137,-182,-263,-286,-301,-381,-462,-529,-760,-831,-955,-934,-1027,-1037,-970,935,101,1803,772,1024,1556,1460,806,-7,-26,140,200,-24,-325,-510,-1156,-1461,-1892,-1149,-539,-921,-1034,-1353,-1540,-1762,-1938,-2130,-2425,-2604,-2744,-2986,-3154,-3415,-3560,-3783,-3845,-3898,-3939,-3997,-4019,-4119,-4126,-4138,-4169,-4271,-4291,-4411,-4442,-4437,-4481,-4469,-4586,-4580,-4589,-4543,-4605,-4587,-4417,-4646,-4440,-4699,-4882,-4750,-4716,-4756,-4684,-4714,-4704,-4720,-4677,-4656,-4603,-4573,-4563,-4572,-4508,-4537,-4489,-4472,-4442,-4424,-4416,-4320,-4221,-5172,-4256,-4239,-4201,-4203,-4210,-4086,-4135,-4043,-4046,-3988,-3852,-4005,-3770,-3832,-3623,-3813,-3882,-3869,-3524,-3831,-3806,-2942,-3181,-3716,-3306,-3547,-3701,-2928,-3235,-3249,-3545,-3574,-3467,-3564,-3582,-3461,-3286,-2864,-2841,-1983,-2569,-2842,-2821,-2938,-2869,-3050,-2892,-2734,-2506,-2265,-2153,-2755,-1589,-2745,-2878,-2829,-2750,-3056,-3009,-3144,-3124,-3155,-3100,-3291,-3314,-3389,-3300,-3447,-3498,-3455,-3471,-3505,-3548,-3574,-3574,-3616,-3671,-3711,-3713,-3775,-3783,-3827,-3926,-3927,-4040,-4045,-4150,-4249,-4338,-4401,-4455,-4525,-4601,-4657,-4669,-4709,-4710,-4672,-4763,-4835,-4901,-4957,-4959,-4947,-4946,-4949,-4942,-4944,-4928,-4929,-4924,-4909,-4919,-4956,-4944,-4922,-4943,-4911,-4936,-4933,-4907,-4916,-4921,-4905,-4804,-4763,-4792,-4847,-4832,-4756,-4751,-4703,-4622,-4555,-4477,-4296,-4280,-4268,-4225,-4184,-4149,-4068,-4009,-3959,-3896,-3871,-3835,-3815,-3841,-3832,-3777,-3791,-3797,-3803,-3752,-3754,-3716,-3741,-3726,-3738,-3631,-3608,-3491,-3379,-2852,-3595,-3730,-3821,-3977,-4001,-3778,-3942,-3895,-4001,-4095,-4085,-4073,-4124,-4119
-4104,-4109,-4101,-4093,-4084,-4099,-4052,-4051,-4034,-4037,-4029,-4010,-3992,-3984,-3978,-3941,-3945,-3936,-3962,-3968,-3964,-3958,-3963,-3905,-3903,-3923,-3896,-3865,-3855,-3853,-3802,-3766,-3738,-3660,-3569,-3467,-3363,-3239,-3105,-2948,-2726,-2615,-2455,-2305,-2199,-2036,-1910,-1756,-1775,-1597,-1569,-1371,-1248,-1128,-889,-650,-260,39,522,1063,1375,1657,1968,2113,2142,2311,2821,3996,4084,4501,4611,4507,4302,3892,3014,2305,1788,1294,699,345,118,-55,-224,-287,-231,-205,-266,-324,-394,-534,-607,-738,-791,-764,-795,-477,1801,413,603,1319,1411,1186,2085,870,397,231,378,346,42,829,594,170,-141,-1011,-769,-823,-771,-1022,-1422,-1653,-1712,-1778,-1896,-2226,-2357,-2590,-2889,-2888,-3114,-3374,-3628,-3812,-3820,-3844,-3945,-3986,-4053,-4079,-4145,-4181,-4136,-4223,-4294,-4400,-4428,-4479,-4462,-4555,-4510,-4554,-4530,-4702,-4606,-4752,-4679,-4637,-4676,-4685,-4696,-4806,-4740,-4633,-4678,-4641,-4657,-4633,-4610,-4604,-4520,-4547,-4479,-4499,-4494,-4224,-4430,-4364,-4348,-4290,-4119,-4118,-4159,-4117,-4241,-4226,-4148,-4019,-3993,-3953,-4039,-3821,-3834,-3867,-3638,-3205,-3650,-3242,-3276,-3778,-3415,-3554,-3748,-2580,-3328,-3193,-3206,-2842,-3200,-3508,-3225,-2962,-3508,-3255,-3521,-3530,-3498,-3520,-3451,-3428,-2801,-2137,-1254,-2058,-2766,-2522,-2738,-2016,-2660,-2573,-3147,-2790,-2822,-2686,-2504,-2311,-2486,-2866,-2915,-2782,-2940,-2755,-2894,-2951,-3011,-3054,-3092,-3207,-3338,-3400,-3287,-3346,-3755,-3433,-3478,-3464,-3568,-3521,-3612,-3612,-3653,-3635,-3746,-3730,-3739,-3743,-3885,-3919,-3915,-4067,-4167,-4265,-4330,-4407,-4454,-4522,-4577,-4640,-4672,-4693,-4758,-4793,-4797,-4910,-4943,-4982,-5007,-4986,-4989,-4995,-4997,-4974,-4929,-4899,-4911,-4963,-4934,-4956,-4954,-4942,-4930,-4913,-4847,-4862,-4900,-4906,-4901,-4864,-4836,-4736,-4733,-4764,-4733,-4733,-4713,-4654,-4567,-4525,-4389,-4262,-4151,-4162,-4143,-4103,-3946,-3909,-3928,-3867,-3827,-3800,-3753,-3788,-3797,-3767,-3750,-3767,-3759,-3682,-3726,-3715,-3657,-3643,-3637,-3494,-3314,-3137,-2834,-2605,-3552,-3701,-3781,-3755,-3777,-3797,-3912,-3847,-4009,-4104,-4077,-4078,-4113,-4113
-4087,-4071,-4080,-4083,-4075,-4063,-4017,-4026,-4023,-4027,-4018,-4011,-3981,-3962,-3951,-3946,-3929,-3958,-3946,-3932,-3961,-3932,-3956,-3958,-3955,-3946,-3927,-3889,-3869,-3836,-3841,-3795,-3720,-3694,-3619,-3586,-3422,-3309,-3191,-3291,-2718,-2654,-3935,-2294,-2165,-2064,-1860,-1728,-1649,-1499,-1364,-1159,-931,-790,-605,-317,122,541,1118,1656,2220,2745,3039,3352,3695,3831,4592,4791,4749,4589,4638,4569,4441,4280,4064,3007,2347,1745,1179,450,260,-81,-163,-217,-105,-1,0,45,-50,-155,-381,19,123,169,394,1141,433,756,805,905,1644,1807,1777,1581,1293,1049,897,779,330,-466,131,269,22,-380,-980,-631,-742,-1107,-1572,-1519,-1690,-1513,-1599,-1751,-1927,-2239,-2378,-2570,-2975,-3352,-3682,-3759,-3841,-3897,-3884,-3912,-3953,-4023,-4067,-4074,-4133,-4265,-4319,-4279,-4382,-4449,-4445,-4505,-4523,-4520,-4530,-4602,-4638,-4638,-4649,-4605,-4651,-4670,-4684,-4648,-4538,-4662,-4629,-4628,-4568,-4597,-4592,-4568,-4527,-4569,-4496,-4415,-4287,-4349,-4335,-4228,-4303,-4249,-4168,-4194,-4135,-4001,-4136,-4033,-4078,-3862,-3930,-3934,-3863,-3834,-3468,-3502,-3338,-2989,-2878,-3695,-3587,-3775,-3574,-3500,-3785,-3665,-3694,-3698,-2918,-3339,-3410,-3626,-3468,-3313,-3275,-3574,-3416,-3461,-3519,-3465,-3513,-2705,-910,-809,-3396,-2608,-2778,-2786,-2010,-1515,-640,-1155,-2632,-2847,-2856,-1833,-2408,-2263,-2194,-2530,-2556,-2722,-2712,-2830,-2785,-2832,-2932,-2991,-2946,-3070,-3235,-3198,-3259,-3140,-3253,-3371,-3289,-3411,-3378,-3530,-3508,-3556,-3648,-3555,-3632,-3758,-3706,-3865,-3859,-3855,-3889,-4020,-4111,-4222,-4268,-4246,-4335,-4394,-4483,-4569,-4695,-4741,-4776,-4824,-4783,-4881,-4875,-4998,-5012,-5002,-4974,-4980,-4995,-4964,-4941,-4922,-4945,-4944,-4934,-4939,-4925,-4792,-4761,-4826,-4853,-4844,-4823,-4885,-4901,-4858,-4875,-4802,-4805,-4745,-4692,-4664,-4606,-4597,-4590,-4530,-4492,-4376,-4299,-4275,-4208,-4100,-3971,-3969,-3953,-3837,-3835,-3776,-3793,-3749,-3707,-3720,-3743,-3576,-3712,-3708,-3665,-3679,-3648,-4013,-3389,-3190,-2970,-2867,-2770,-2007,-3610,-3616,-3848,-3865,-3895,-3891,-3911,-3975,-4035,-4036,-4059,-4069,-4075,-4082
-4054,-4020,-4060,-4061,-4049,-4065,-4034,-4021,-4017,-3998,-4014,-3986,-3974,-3961,-3941,-3947,-3906,-3936,-3941,-3939,-3911,-3913,-3917,-3942,-3953,-3889,-3961,-3942,-3912,-3862,-3841,-3852,-3770,-3728,-3694,-3640,-3503,-3418,-3276,-3044,-2832,-2726,-2526,-2366,-2168,-1977,-1817,-1665,-1472,-1245,-1120,-970,-717,-513,-360,2,370,990,1485,2176,2877,3456,4067,4565,4771,5016,4997,4934,4943,5042,5114,4814,4403,4135,3965,3883,3292,1332,1440,861,108,92,23,-13,66,262,303,260,312,408,749,959,737,693,1489,1514,1416,1342,1022,1078,990,964,759,709,909,1373,1367,855,277,208,540,392,302,108,-144,-675,-644,-1119,-1335,-1434,-1424,-1398,-1331,-1506,-1538,-1782,-1950,-2850,-3037,-3386,-3652,-3767,-3800,-3865,-3865,-3910,-3909,-3967,-4002,-4058,-4071,-4188,-4268,-4242,-4345,-4385,-4402,-4449,-4482,-4362,-4495,-4532,-4597,-4552,-4604,-4535,-4581,-4622,-4626,-4625,-4560,-4611,-4567,-4606,-4541,-4433,-4520,-4490,-4470,-4641,-4455,-4382,-4337,-4310,-4271,-4198,-4146,-4054,-4158,-4114,-4026,-3977,-3911,-3919,-3903,-3923,-3962,-3723,-3571,-3488,-3382,-3145,-3098,-3005,-3743,-2788,-2651,-3723,-3344,-3680,-3769,-3750,-3711,-3684,-3065,-2209,-2226,-3551,-3448,-3404,-3528,-3491,-3464,-3325,-3185,-3480,-1540,-1626,-1595,-1336,-1316,-744,-2561,-2680,-1944,-1658,-1523,-1277,-551,-2748,-2783,-2678,-2283,-2623,-2603,-2262,-2708,-2478,-2676,-2652,-2572,-2768,-2707,-2689,-3150,-3176,-3023,-4070,-3137,-3084,-3051,-3157,-3169,-3211,-3292,-3429,-3530,-3602,-3627,-3608,-3575,-3577,-3689,-3840,-3868,-3799,-3870,-4000,-4066,-4209,-4224,-4326,-4447,-4454,-4502,-4475,-4580,-4664,-4771,-4818,-4853,-4913,-4940,-4981,-4998,-4877,-6261,-4842,-4989,-5002,-4964,-4945,-4921,-4945,-4906,-4810,-4796,-4704,-4839,-4799,-4862,-4869,-4876,-4862,-4817,-4839,-4792,-4754,-4783,-4791,-4744,-4665,-4596,-4606,-4556,-4555,-4446,-4343,-4311,-4279,-4223,-4159,-4091,-4049,-3974,-3848,-3841,-3796,-3774,-3722,-3707,-3693,-3702,-3595,-3686,-3637,-3646,-3626,-3414,-3496,-3336,-3120,-2821,-2914,-2798,-2178,-2962,-3566,-3856,-3880,-3899,-3898,-3861,-3998,-4039,-3999,-4057,-4061,-4070,-4086
-4047,-4027,-4048,-4054,-4043,-4057,-4046,-4042,-4006,-4018,-3987,-3964,-3955,-3955,-3948,-3954,-3950,-3928,-3931,-3926,-3939,-3891,-3917,-3900,-3894,-3895,-3928,-3969,-3926,-3877,-3888,-3828,-3844,-3788,-3749,-3632,-3555,-3486,-3387,-3137,-2987,-2830,-2655,-2378,-2159,-1926,-1724,-1536,-1334,-1118,-934,-742,-639,-331,20,318,713,1302,1957,2784,3584,4144,4652,4958,5248,5161,5105,5107,5514,5765,5751,5323,4794,4161,3969,4005,3847,2969,2125,1545,985,749,336,202,244,355,403,455,417,639,706,822,463,1287,1576,983,1445,966,1133,1115,1039,882,861,973,1038,1088,1116,875,565,752,628,501,141,-31,-419,-702,-1446,-695,-1000,-1146,-1276,-1138,-1357,-1682,-1594,-1588,-1681,-2747,-2867,-3407,-3659,-3739,-3698,-3802,-3751,-3795,-3890,-3912,-3950,-3979,-4081,-4116,-4208,-4221,-4232,-4326,-4381,-4371,-4379,-4332,-4221,-4495,-4572,-4560,-4564,-4548,-4564,-4577,-4607,-4591,-4518,-4571,-4529,-4548,-4480,-4400,-4499,-4562,-4576,-4531,-4527,-4480,-4160,-4234,-4190,-4168,-4014,-4066,-4001,-3975,-3946,-3852,-3851,-3841,-3797,-3773,-3769,-3599,-3488,-3605,-3014,-3058,-2838,-3487,-3693,-4116,-3347,-3543,-2182,-1529,-3673,-3353,-3501,-3670,-3485,-3646,-3523,-3573,-3142,-1669,-2648,-3093,-3150,-3214,-956,-2812,-2049,-1893,-1591,-1749,-1653,-1216,-645,-1684,-3915,-3946,-1162,-1232,-1035,-2427,-2002,-2839,-1963,-1862,-2673,-2463,-2577,-2654,-2611,-2603,-2557,-2466,-3560,-3877,-2793,-2927,-2854,-2839,-3017,-3098,-3042,-3121,-3148,-3140,-3221,-3188,-3193,-3541,-3547,-3606,-3609,-3621,-3668,-3712,-3760,-3787,-3798,-3972,-4011,-4164,-4248,-4277,-4350,-4424,-4438,-4608,-4658,-4636,-4703,-4790,-4881,-4840,-4890,-4975,-4980,-4930,-4988,-4984,-4983,-4992,-4977,-4961,-4956,-4977,-4974,-4939,-4926,-4881,-4910,-4894,-4858,-4830,-4861,-4904,-4890,-4877,-4847,-4728,-4753,-4728,-4646,-4677,-4623,-4559,-4537,-4529,-4454,-4374,-4365,-4303,-4222,-4160,-4101,-4059,-3935,-3891,-3842,-3869,-3763,-3660,-3762,-3764,-3728,-3666,-3638,-3610,-3607,-3576,-3569,-3432,-3058,-2878,-2733,-2907,-2901,-2353,-2882,-3605,-3803,-3803,-3879,-3846,-3893,-3995,-3972,-4027,-4030,-4057,-4045,-4085
-4045,-4037,-4047,-4038,-4042,-4052,-4035,-4033,-4016,-4018,-3892,-4050,-3976,-3972,-3962,-3959,-3947,-3936,-3942,-3923,-3868,-3920,-3937,-3927,-3909,-3906,-3875,-3906,-3880,-3833,-3816,-3883,-3890,-3815,-3707,-3621,-3621,-3585,-3453,-3334,-3095,-2834,-2588,-2332,-2045,-1816,-1688,-1512,-1239,-988,-780,-556,-406,-220,43,504,959,1583,2426,3149,3907,4499,4967,5280,5432,5312,5341,5566,6255,6377,5915,5885,5513,4658,4066,4186,4078,3585,2941,2523,1837,1092,687,418,357,366,440,443,417,686,566,606,560,1224,1447,1317,943,879,889,958,980,1027,1021,1189,1155,1153,1372,939,-155,764,690,510,165,-128,-715,-866,-799,-757,-843,-792,-897,-1369,-1649,-1765,-1717,-1842,-2115,-2753,-3148,-3430,-3648,-3696,-3654,-3751,-3771,-3713,-3680,-3863,-3911,-3974,-4026,-4061,-4109,-4155,-4201,-4262,-4322,-4332,-4412,-4374,-4418,-4495,-4526,-4507,-4521,-4560,-4544,-4564,-4560,-4563,-4557,-4506,-4478,-4509,-4506,-4433,-4607,-4576,-4503,-4458,-4443,-4254,-4235,-4095,-4074,-4071,-3933,-3899,-3824,-3926,-3907,-3444,-3740,-3820,-3791,-3524,-3419,-3244,-3307,-3138,-2902,-2874,-3247,-2585,-2206,-3336,-2312,-2271,-3564,-1809,-3231,-3694,-3635,-3701,-3632,-3615,-3248,-1819,-1727,-2851,-2011,-775,-1600,-876,-887,-1735,-2084,-1934,-1964,-1626,-1635,-1246,-2040,-2075,-3163,-2338,-1417,-2545,-1008,-451,-1328,-1481,-2478,-2566,-2912,-392,-1318,-2195,-2693,-2451,-2437,-2367,-2410,-2528,-2620,-2719,-2685,-2829,-2880,-2940,-2970,-2871,-3171,-3137,-3077,-3207,-3082,-3289,-3505,-3546,-3621,-3631,-3665,-3703,-3744,-3799,-3830,-3960,-4004,-4133,-4219,-4273,-4315,-4422,-4415,-4457,-4618,-4651,-4709,-4788,-4821,-4870,-4937,-4976,-4980,-5002,-5001,-5001,-5003,-4992,-5001,-4954,-4986,-5013,-5009,-4991,-5010,-4996,-4935,-4876,-4780,-4877,-4807,-4874,-4827,-4899,-4901,-4791,-4755,-4720,-4664,-4618,-4594,-4575,-4523,-4513,-4427,-4392,-4365,-4293,-4239,-4090,-4114,-4053,-4004,-3913,-3899,-3815,-3606,-3688,-3744,-3650,-3666,-3563,-3588,-3542,-3530,-3529,-3477,-3243,-2938,-2422,-2900,-2830,-2959,-2435,-2760,-3606,-3818,-3805,-3746,-3925,-3944,-3885,-4002,-4021,-4007,-4024,-4017,-4055
-4021,-4052,-4027,-4010,-3997,-4031,-4028,-4044,-3997,-3958,-3908,-3577,-3863,-3960,-3884,-3966,-3971,-3947,-3948,-3942,-3925,-3915,-3930,-3931,-3914,-3857,-3877,-3879,-3880,-3850,-3829,-3841,-3832,-3888,-3813,-3741,-3728,-3622,-3562,-3424,-3224,-2839,-2497,-2170,-1899,-1806,-1542,-1423,-1208,-893,-598,-343,-162,39,239,587,1083,1758,2377,3155,3918,4409,4861,5280,5532,5616,5558,5706,6189,6469,5846,5655,5690,4678,4175,4263,4489,4072,3634,2887,2047,1391,830,555,356,409,381,444,405,1722,666,631,751,840,2389,1829,957,801,765,666,902,937,1043,1313,528,1000,1579,1003,1044,990,941,574,24,-287,-598,-730,-905,-967,-820,-665,-1349,-1689,-1694,-1779,-1810,-1871,-2294,-2753,-3138,-3461,-3641,-3654,-3591,-3691,-3726,-3708,-3773,-3873,-3841,-3926,-4003,-4050,-4122,-4169,-4173,-4201,-4282,-4309,-4305,-4393,-4357,-4439,-4473,-4506,-4437,-4514,-4500,-4515,-4493,-4516,-4494,-4477,-4455,-4430,-4498,-4440,-4485,-4311,-4338,-4452,-4312,-4207,-4123,-4104,-3981,-3949,-3702,-4716,-3731,-3623,-3353,-3705,-3612,-3806,-4246,-3367,-3279,-2996,-3109,-2767,-2630,-2629,-2558,-2481,-2379,-2154,-2097,-2296,-3545,-3487,-3338,-3431,-1827,-3228,-3308,-2554,-2340,-1944,-2809,-3257,-2791,-1888,-401,-924,-2135,-2020,-1484,-1704,-1715,-1680,-1364,-1038,-580,-535,-1166,-2031,-2225,-329,-43,-130,-428,-438,-301,-516,-615,-400,-2627,-2708,-2670,-2355,-2309,-2425,-2394,-2482,-2501,-2578,-2615,-2646,-2715,-2725,-2906,-2724,-2871,-3042,-3138,-3128,-3153,-3306,-3348,-3482,-3540,-3603,-3632,-3722,-3745,-3715,-3727,-3894,-4037,-4115,-4197,-4242,-4283,-4339,-4377,-4395,-4561,-4619,-4662,-4700,-4833,-4838,-4921,-4958,-5089,-5031,-4990,-4972,-5008,-4998,-4984,-5007,-4958,-4972,-4960,-4973,-4981,-5016,-4934,-4925,-4822,-4819,-4801,-4792,-4752,-4716,-4735,-4720,-4662,-4667,-4654,-4623,-4578,-4564,-4529,-4460,-4415,-4369,-4301,-4258,-4149,-4198,-4134,-4057,-3951,-3932,-3877,-3792,-3667,-3719,-3728,-3639,-3652,-3580,-3465,-3465,-3433,-3435,-3415,-3378,-2949,-2688,-2907,-2908,-2815,-2265,-3753,-3735,-3817,-3790,-3947,-3853,-3907,-3943,-3992,-4026,-3983,-4020,-4053,-4063
-4068,-4044,-4029,-4019,-4018,-4026,-4014,-4039,-3593,-3753,-3987,-3966,-3978,-3982,-3963,-3955,-3930,-3957,-3946,-3955,-3935,-3951,-3911,-3945,-3922,-3913,-3896,-3892,-3873,-3865,-3857,-3841,-3847,-3839,-3842,-3879,-3823,-3770,-3671,-3392,-1860,-764,-1044,-1052,-755,-942,-267,-767,-1024,-839,-459,-81,63,211,357,586,975,1507,2129,2845,3399,4046,4647,5106,5550,5857,5904,5883,6016,6146,5992,5941,5348,4414,4200,4484,4059,3954,3437,2621,1897,1201,727,433,358,415,467,485,1461,612,750,741,928,935,2723,1750,322,669,734,510,317,396,516,1105,1301,1135,1142,1757,1427,1200,458,287,-423,-783,-909,-931,-1128,-1216,-896,-1032,-1554,-1694,-1742,-1758,-1726,-1809,-2262,-2797,-3288,-3554,-3600,-3647,-3594,-3673,-3713,-3722,-3794,-3846,-3866,-3925,-3974,-4084,-4116,-4124,-4148,-4120,-4227,-4275,-4243,-4341,-4394,-4407,-4430,-4454,-4437,-4473,-4498,-4492,-4462,-4366,-4381,-4371,-4315,-4370,-4384,-4354,-4254,-4350,-4263,-4217,-4429,-4321,-4048,-3989,-3852,-3888,-3842,-3650,-3654,-3320,-3141,-3075,-3892,-2903,-2965,-3264,-2730,-2644,-2626,-2593,-2487,-2355,-2238,-2180,-2290,-2109,-2107,-2243,-2168,-2016,-1860,-2273,-1672,-3639,-3651,-1842,-1889,-1832,-1964,-2999,-1895,-1694,-1363,-1437,-1883,-1281,-1006,-1051,-1062,-981,-916,-709,-439,22,-48,-1646,277,-370,-162,48,-25,-515,-186,-312,-1135,-722,-1481,-2515,-2565,-2359,-2514,-2297,-2204,-2350,-2351,-2413,-2560,-2314,-2591,-2496,-2474,-2627,-2649,-2770,-2834,-3040,-3055,-3205,-3309,-3376,-3434,-3498,-3588,-3673,-3719,-3727,-3789,-3900,-3947,-3993,-4132,-4192,-4257,-4305,-4332,-4434,-4503,-4558,-4606,-4510,-4709,-4855,-4873,-4912,-5014,-4928,-4989,-4978,-5006,-5010,-5001,-4993,-5023,-4919,-4917,-4969,-4909,-4882,-4968,-4970,-4839,-4814,-4738,-4847,-4708,-4696,-4691,-4681,-4667,-4657,-4599,-4616,-4561,-4530,-4431,-4384,-4272,-4125,-4248,-4210,-4185,-4158,-4143,-4019,-4031,-3923,-3859,-3826,-3720,-3642,-3667,-3628,-3592,-3475,-3404,-3380,-3361,-3310,-3290,-3285,-3233,-3076,-3088,-2735,-1653,-1236,-3739,-3769,-3776,-3768,-3697,-3867,-3964,-3958,-3987,-4008,-4014,-4077,-4070,-4072
-4075,-4031,-4024,-3988,-4004,-4001,-4001,-3517,-3458,-3859,-4000,-3954,-3973,-3979,-3972,-3969,-3944,-3931,-3915,-3935,-3938,-3939,-3923,-3953,-3930,-3943,-3933,-3920,-3881,-3873,-3883,-3863,-3883,-3826,-3802,-3800,-3842,-3843,-3430,-1875,-1174,-1437,-1035,-1412,-593,-90,284,-612,-928,-1038,-89,-121,128,381,546,778,1117,1406,1888,2453,3191,3670,4084,4538,5058,5358,5375,5817,5853,5798,5576,5265,4574,4053,4137,4245,3441,3530,3030,2326,1719,1055,589,487,491,493,538,572,614,801,980,895,1293,842,1503,1044,580,333,253,-94,-255,508,751,681,869,893,1090,1463,1648,843,718,-94,-701,-922,-1003,-1122,-1187,-1273,-1370,-1175,-1716,-1579,-1599,-1503,-1334,-1755,-2583,-3023,-3351,-3411,-3540,-3611,-3654,-3673,-3715,-3763,-3761,-3754,-3877,-3910,-3955,-3993,-4052,-4088,-4129,-4118,-4163,-4220,-4252,-4280,-4343,-4351,-4372,-4428,-4366,-4396,-4426,-4463,-4388,-4272,-4354,-4366,-4298,-4336,-4269,-4263,-4361,-4409,-4288,-4007,-4022,-3846,-3896,-3884,-4254,-3678,-3568,-3303,-3376,-3101,-2940,-2586,-2380,-2441,-2626,-2342,-2877,-3162,-2655,-2805,-2651,-2249,-1991,-2316,-2028,-2030,-2016,-2964,-1592,-1877,-2875,-1907,-2135,-2170,-2764,-1939,-1769,-1743,-1962,-2049,-1814,-1975,-1656,-1396,-2009,-2056,-924,-974,-1218,-1527,-598,143,-157,243,58,80,145,151,229,253,-608,-1362,353,-180,-59,-377,-576,-2386,-2198,-2557,-2509,-2486,-2397,-2047,-1650,-1991,-2221,-2190,-2389,-2431,-2587,-2349,-2691,-2597,-2757,-2631,-2890,-3065,-2963,-3225,-3340,-3398,-3737,-3599,-3658,-3684,-3769,-3863,-3875,-3989,-4089,-4104,-4174,-4246,-4191,-4425,-4477,-4572,-4635,-4648,-4744,-4740,-4810,-4805,-4917,-4948,-4948,-4954,-4986,-4982,-4971,-5000,-4996,-4908,-4930,-4952,-4919,-4933,-4814,-4913,-4794,-4741,-4728,-4757,-4633,-4624,-4595,-4536,-4616,-4616,-4640,-4581,-4504,-4422,-4420,-4358,-4362,-4274,-4249,-4222,-4144,-4121,-4041,-4046,-3989,-3897,-3834,-3813,-3793,-3631,-3534,-3605,-3562,-3386,-3384,-3288,-3207,-3155,-3138,-3124,-3198,-3190,-3139,-3219,-815,-3317,-3739,-3739,-3743,-3809,-3828,-3823,-3941,-3966,-3977,-4011,-4040,-4073,-4065,-4073
-4038,-4051,-3990,-3991,-3990,-3996,-3893,-3752,-3844,-4001,-3983,-3932,-3970,-3965,-3957,-3953,-3931,-3929,-3928,-3940,-3953,-3947,-3936,-3958,-3950,-3954,-3951,-3932,-3919,-3905,-3901,-3885,-3911,-3859,-3837,-3827,-3837,-3857,-2999,-1846,-1817,-1854,-2048,-1757,-1326,-1398,-1030,-1034,-930,29,755,0,235,389,546,898,1076,1369,1726,2303,2801,3174,3649,3872,4286,4569,4765,4925,5002,4864,4667,4482,4234,4205,4009,4025,3557,2952,2307,1761,1248,895,717,604,634,622,623,681,622,743,817,967,1012,773,1000,651,520,558,37,282,779,803,891,1010,1132,1100,1251,1316,1234,555,246,-419,-860,-1053,-1119,-1201,-1275,-1256,-1271,-1177,-668,-1229,-1116,-1111,-2272,-1970,-2716,-3226,-3380,-3463,-3437,-3594,-3617,-3657,-3688,-3713,-3693,-3791,-3847,-3915,-3891,-3945,-4038,-4029,-4121,-4087,-4150,-4216,-4213,-4178,-4259,-4309,-4346,-4403,-4337,-4343,-4321,-4336,-4306,-4247,-4306,-4318,-4215,-4287,-4232,-4166,-4174,-4082,-3963,-3945,-3890,-3919,-3770,-3840,-3691,-3783,-3267,-3459,-3098,-4274,-3213,-2537,-2507,-2492,-2293,-2297,-2065,-2230,-2083,-2817,-2446,-2099,-1993,-1872,-3393,-2907,-2005,-1955,-3250,-1588,-1701,-2237,-2138,-2414,-2887,-1847,-1760,-2597,-1966,-1903,-2489,-1496,-1551,-1117,-1131,-877,-800,-755,-382,-289,-254,-255,-230,-129,-70,16,-260,291,405,237,484,180,99,25,-1236,-995,-2451,-2631,-2122,-2463,-2375,-1849,-2000,-1356,-1413,-1700,-1942,-1571,-2302,-2240,-2442,-2454,-2447,-2485,-2516,-2576,-2898,-3062,-3127,-3232,-3272,-3373,-3509,-3590,-3634,-3674,-3751,-3793,-3888,-3956,-4030,-4135,-4181,-4178,-4325,-4371,-4422,-4476,-4600,-4635,-4660,-4703,-4756,-4781,-4810,-4848,-4918,-4898,-4937,-4938,-4955,-4966,-4909,-4946,-4886,-4862,-4868,-4858,-4822,-4730,-4731,-4717,-4669,-4656,-4567,-4589,-4572,-4518,-4489,-4622,-4608,-4583,-4584,-4424,-4345,-4345,-4322,-4356,-4259,-4200,-4141,-4087,-4023,-4068,-3963,-3895,-3880,-3836,-3772,-3685,-3628,-3600,-3501,-3365,-3324,-3088,-3031,-2883,-3005,-2941,-3061,-2915,-3039,-3180,-1180,-3660,-3664,-3754,-3757,-3756,-3759,-3865,-3917,-3988,-3989,-3980,-3923,-4076,-4071,-4048
-4029,-4006,-3977,-3997,-3974,-3986,-3434,-3916,-3960,-3995,-3944,-3938,-3950,-3953,-3946,-3944,-3932,-3925,-3908,-3936,-3951,-3959,-3940,-3942,-3917,-3945,-3945,-3945,-3922,-3940,-3929,-3966,-3965,-3909,-3895,-3891,-3852,-3885,-3321,-1082,-1731,-2211,-2185,-1912,-1766,-1676,-1354,-822,-8,1243,-23,54,231,338,602,849,1089,1436,1667,2096,2504,2758,3161,3433,3727,3871,4187,4154,4270,4146,4201,4261,4283,4072,3821,3391,3043,2373,1463,1399,1094,835,734,727,701,837,771,809,898,1138,1156,1081,1078,783,478,564,604,696,375,814,553,465,589,1282,1053,983,1007,929,694,311,-268,-725,-935,-1010,-1164,-1228,-1239,-1320,-1319,-1304,-1352,-1381,-1152,-1238,-1425,-2023,-2623,-3236,-3247,-3552,-3575,-3601,-3625,-3576,-3666,-3663,-3753,-3777,-3824,-5104,-3951,-3950,-3998,-4051,-4074,-4101,-4097,-4175,-4215,-4144,-4184,-4271,-4304,-4268,-4298,-4335,-4253,-4306,-4280,-4206,-4194,-4241,-4149,-4162,-4113,-4165,-4076,-3942,-3665,-3960,-3823,-3204,-3827,-3654,-3531,-3327,-3176,-3152,-2976,-2810,-2536,-2458,-2481,-2378,-2191,-2109,-2089,-2166,-2538,-2191,-2214,-2167,-2112,-3559,-3310,-2051,-2038,-1986,-1730,-1668,-1989,-2409,-2188,-2249,-1844,-1679,-1859,-1797,-1844,-1729,-1108,-1478,-1300,-602,-770,-749,-670,-765,-841,-534,175,120,46,-136,-81,-60,-603,-269,321,398,454,322,-36,-200,-177,-12,-555,-1641,-2464,-1657,-1316,-1025,-1785,-2213,-2239,-2003,-1647,-1843,-2293,-2348,-2223,-2369,-2263,-2436,-2424,-2478,-2606,-2998,-3051,-2836,-3237,-3279,-3444,-3494,-3563,-3598,-3667,-3742,-3736,-3879,-3966,-4030,-4048,-4176,-4276,-4350,-4348,-4488,-4562,-4596,-4587,-4512,-4713,-4738,-4795,-4854,-4871,-4894,-4919,-4923,-4936,-4938,-4867,-4870,-4891,-4899,-4902,-4822,-4801,-4730,-4716,-4700,-4645,-4570,-4566,-4464,-4476,-4468,-4470,-4575,-4537,-4490,-4434,-4372,-4283,-4252,-4365,-4324,-4227,-4162,-4086,-4053,-4036,-3978,-4005,-3965,-3875,-3840,-3788,-3717,-3653,-3609,-3460,-3330,-3134,-2947,-2881,-2694,-2801,-2826,-2866,-2934,-2553,-3110,-1966,-3687,-3636,-3674,-3709,-3723,-3789,-3859,-3910,-3972,-3955,-3970,-3956,-4059,-4077,-4045
-3991,-4004,-3877,-3953,-3968,-3969,-3964,-3926,-3949,-3942,-3935,-3925,-3944,-3937,-3934,-3940,-3944,-3923,-3935,-3942,-3948,-3952,-3949,-3947,-3952,-3947,-3945,-3892,-4004,-3982,-3932,-3930,-3984,-3965,-3942,-3919,-3896,-3079,-1196,-1239,-1696,-1893,-1919,-2093,-2168,-1971,-1533,-1111,-263,408,3,59,246,468,614,895,1130,1420,1728,2032,2161,2542,2781,2962,3265,3502,3595,3664,3787,3864,3943,3982,3716,3454,2988,2702,2034,1690,1246,1096,980,924,905,857,787,865,837,870,1826,1947,1031,1470,964,575,677,292,548,843,1116,883,742,568,576,484,559,872,792,465,178,-125,-487,-771,-947,-1055,-1096,-1272,-1232,-1287,-1342,-1329,-1335,-1332,-1235,-1246,-1488,-1609,-3229,-3319,-3367,-3489,-3473,-3619,-3620,-3681,-3696,-3666,-3757,-3779,-3750,-3892,-3910,-3905,-4008,-4107,-4064,-4079,-4122,-4169,-4185,-4170,-4199,-4247,-4249,-4221,-4266,-4293,-4215,-4220,-4224,-4161,-4064,-4159,-4183,-4149,-4141,-4126,-4172,-3707,-3622,-3399,-3274,-3131,-3181,-3000,-2979,-2787,-3203,-2581,-2572,-2793,-2315,-2274,-2360,-2960,-2425,-2547,-2206,-2412,-2201,-2560,-1988,-1970,-2423,-1704,-1927,-2342,-1989,-2138,-1869,-1944,-1808,-1767,-1610,-1345,-1458,-1644,-1640,-1445,-1576,-1331,-703,-948,-893,-723,-511,-1933,-2024,-714,-715,190,-1338,-1262,315,-83,-707,-273,-106,15,-61,-2,126,61,-59,-280,-291,-303,-281,-490,-268,-1647,-1579,-1859,-1371,-1549,-2196,-2428,-2712,-2148,-1652,-1281,-722,-1897,-2367,-2292,-2365,-2467,-2624,-2875,-2760,-3113,-3260,-3258,-3332,-3460,-3492,-3537,-3636,-3692,-3769,-3769,-3910,-3993,-4058,-4136,-4248,-4287,-4372,-4400,-4445,-4549,-4555,-4598,-4630,-4639,-4723,-4776,-4794,-4832,-4887,-4896,-4913,-4867,-4812,-4778,-4796,-4787,-4777,-4608,-4688,-4641,-4612,-4621,-4569,-4386,-4568,-4448,-4442,-4417,-4314,-4443,-4477,-4379,-4439,-4289,-4274,-4248,-4227,-4262,-4207,-4165,-4037,-4084,-3976,-3980,-3899,-3904,-3971,-3997,-3809,-3734,-3686,-3645,-3421,-3286,-3070,-2790,-2722,-2572,-3727,-2608,-2742,-2751,-2756,-3093,-2954,-3451,-3664,-3707,-3692,-3712,-3752,-3782,-3776,-3880,-3928,-3975,-3991,-4054,-4043,-4056
-4040,-3970,-3924,-3830,-3904,-3963,-3961,-3945,-3940,-3937,-3925,-3925,-3927,-3929,-3939,-3948,-3949,-3890,-3941,-3943,-3940,-3946,-3953,-3960,-3931,-3948,-3943,-3902,-4014,-4009,-4001,-3932,-3926,-3914,-3909,-3905,-3879,-3322,-817,-1675,-2149,-1943,-1851,-2373,-2183,-2180,-2208,-1800,-786,78,196,68,268,435,665,944,1221,1466,1738,1921,2290,2331,2536,2571,2822,3027,3128,3443,3577,3608,3572,3459,3305,2769,2485,1930,1512,1334,1225,1235,1207,1122,1049,1030,932,923,929,891,840,887,1282,988,814,766,409,508,556,1113,1372,1085,618,560,137,41,-27,134,303,476,179,-111,-498,-782,-939,-1036,-1185,-1119,-1107,-1183,-1179,-1289,-1172,-1228,-1240,-1094,-1039,-1618,-3256,-3294,-3375,-3460,-3556,-3567,-3622,-3665,-3703,-3630,-3756,-3796,-3734,-3860,-3833,-3927,-4099,-4199,-4054,-4117,-4110,-4103,-4104,-4122,-4203,-4220,-4202,-4183,-4168,-4184,-4196,-4203,-4145,-4094,-4059,-4154,-4167,-4107,-4106,-4038,-4071,-3485,-3201,-4928,-3928,-3117,-3002,-2843,-2575,-2694,-2782,-2989,-2676,-2090,-2471,-2573,-2242,-2192,-2740,-2514,-2282,-2284,-2335,-1962,-1926,-1885,-1878,-2313,-1787,-2384,-1689,-3437,-1791,-1765,-1753,-1577,-1312,-1071,-1495,-1283,-1365,-1093,-1089,-2139,-1711,-718,-689,-475,-547,-1652,-397,-1050,-1431,-591,-1233,-1454,462,-111,-464,-623,-562,-530,-378,-206,-280,-240,-296,-383,-471,-544,-465,-541,-769,-2010,-2025,-3132,-1607,-1236,-1456,-1948,-1438,-1137,-885,-932,-934,-2173,-2405,-2227,-2298,-2319,-2770,-2661,-3106,-2702,-3024,-3104,-3304,-3359,-3418,-3514,-3561,-3634,-3687,-3774,-3882,-3937,-3990,-4091,-4125,-4189,-4246,-4341,-4429,-4446,-4508,-4540,-4592,-4602,-4661,-4697,-4735,-4798,-4764,-4870,-4827,-4747,-4742,-4698,-4715,-4710,-4692,-4682,-4659,-4595,-4554,-4608,-4561,-4490,-4492,-4451,-4407,-4429,-4318,-4310,-4380,-4390,-4366,-4310,-4269,-4252,-4175,-4220,-4161,-4126,-4117,-3828,-3768,-3790,-3892,-3729,-3808,-3724,-3818,-3836,-3678,-3571,-3248,-2858,-2674,-2504,-2557,-2392,-2458,-2511,-2652,-2651,-1938,-3290,-2894,-3529,-3618,-3649,-3681,-3724,-3698,-3771,-3769,-3816,-3814,-3898,-3976,-3894,-4009,-3956
-3890,-3944,-3934,-3510,-3221,-3924,-3943,-3935,-3943,-3931,-3923,-3914,-3917,-3923,-3938,-3947,-3946,-3927,-3943,-3936,-3926,-3930,-3935,-3939,-3945,-3939,-3929,-3904,-3936,-3963,-3976,-3907,-3940,-3932,-3901,-3432,-2978,-2757,-2347,-1848,-2011,-2359,-2218,-2245,-2271,-2177,-2178,-2148,-2032,-737,25,39,178,382,593,821,1128,1338,1626,1808,2003,2160,2360,2404,2617,2735,2776,3124,3359,3220,3364,3270,2996,2577,2031,1770,1484,1366,1427,1396,1351,1177,1184,1081,1042,999,935,908,955,1019,892,799,862,718,761,981,842,1073,964,976,632,427,277,146,136,109,127,179,-56,-184,-616,-735,-835,-1003,-1050,-1050,-892,-968,-1047,-1067,-981,-1004,-1047,-1067,-1177,-1941,-3231,-2857,-3125,-3106,-3558,-3545,-3644,-3665,-3704,-3734,-3734,-3750,-3816,-3798,-3923,-3967,-3956,-4068,-4030,-4085,-4051,-4100,-4141,-4085,-4113,-4154,-4207,-4140,-4094,-4143,-4126,-4080,-4095,-4038,-4077,-4122,-4133,-4094,-4074,-3988,-3753,-3765,-3407,-3190,-3238,-2869,-2808,-2719,-2496,-2588,-2247,-2776,-2506,-2898,-2057,-2237,-2157,-2158,-2144,-2259,-2729,-2222,-2293,-2068,-2236,-1991,-1706,-1622,-1636,-1419,-1479,-1788,-2100,-3213,-1608,-1280,-2761,-1202,-1473,-2168,-1400,-1005,-1474,-2177,-2166,-732,-693,-722,-523,-545,-835,-829,-437,-161,44,244,177,-313,-516,-878,-1037,-1565,-1181,-995,-859,-353,-352,-502,-519,-447,-236,-412,-544,-1764,-361,-598,-1080,-836,-1034,-989,-350,-102,100,138,-998,-1823,-116,-1645,-2172,-2152,-2381,-2403,-2612,-2777,-2717,-3104,-3082,-3319,-3350,-3445,-3507,-3590,-3671,-3725,-3756,-3825,-3910,-4019,-4104,-4214,-4285,-4308,-4367,-4363,-4471,-4510,-4517,-4573,-4594,-4638,-4702,-4705,-4765,-4837,-4770,-4719,-4706,-4704,-4696,-4684,-4670,-4645,-4554,-4469,-4556,-4574,-4544,-4525,-4489,-4448,-4396,-4340,-4333,-4235,-4387,-4346,-4369,-4300,-4245,-4213,-4108,-4095,-4048,-3947,-3820,-3763,-3530,-3476,-3306,-3214,-2992,-2881,-2885,-1787,339,-1219,-2864,-2510,-2326,-2241,-2190,-2244,-2292,-2336,-2435,-2405,-2054,-3287,-3410,-3486,-3589,-3425,-3637,-3679,-3716,-3734,-3474,-3755,-3780,-3839,-3888,-3896,-3913,-3947
-3868,-3899,-3896,-3815,-3628,-3907,-3921,-3924,-3923,-3911,-3908,-3903,-3914,-3924,-3934,-3948,-3952,-3954,-3942,-3936,-3927,-3925,-3924,-3941,-3931,-3918,-3915,-3904,-3887,-3891,-3884,-3890,-3882,-3849,-3138,-3058,-2956,-2875,-2616,-2626,-2246,-2420,-2182,-2222,-2266,-2139,-2106,-2145,-2124,-1852,-284,-39,100,335,542,815,1064,1295,1540,1673,1867,2052,2258,2317,2465,2563,2714,2859,3088,3215,3308,3090,3025,2435,2017,1666,1663,1636,1580,1477,1411,1345,1245,1166,1085,1026,1012,1004,1041,951,836,717,772,825,621,698,759,860,1170,1224,794,346,278,247,193,149,91,-50,-56,-260,-319,-634,-596,-560,-877,-937,-691,-961,-2206,-1479,-665,-637,-734,-789,-989,-2965,-3127,-3221,-3325,-3313,-3566,-3551,-3533,-3637,-3657,-3646,-3728,-3726,-3805,-3852,-3932,-3960,-3948,-4036,-4060,-4038,-4087,-4061,-4059,-4014,-4141,-4175,-4118,-3964,-3946,-4016,-4069,-4076,-3990,-3991,-4077,-4045,-3990,-4053,-3853,-3833,-3481,-3759,-3416,-3126,-3325,-2739,-2705,-2627,-2574,-2635,-2181,-2192,-2728,-2563,-2452,-2505,-2437,-2127,-2163,-2331,-3376,-2431,-2003,-1943,-2131,-2268,-2259,-1956,-1660,-2353,-2929,-1681,-1819,-1922,-1684,-1558,-3908,-1714,-1578,-1697,-1997,-2392,-2629,-969,-849,-1082,-844,-748,-665,-653,-760,-835,-585,-386,-506,-612,-466,-502,-1082,-1058,-1422,-1480,-1344,-1283,-1119,-850,-1578,-574,-273,-78,-226,-359,-149,-281,-813,-216,-605,-379,-537,-321,-540,-58,436,-510,21,-786,-200,-1966,-2403,-2300,-2045,-2192,-2372,-2542,-2743,-2890,-3102,-3209,-3271,-3369,-3434,-3551,-3617,-3660,-3762,-3822,-3884,-3908,-4065,-4112,-4155,-4254,-4245,-4344,-4333,-4454,-4482,-4529,-4572,-4616,-4599,-4592,-4747,-4729,-4722,-4724,-4703,-4708,-4679,-4672,-4676,-4628,-4606,-4512,-4482,-4500,-4475,-4513,-4473,-4427,-4351,-4337,-4280,-4216,-4253,-4303,-4257,-4206,-4172,-4114,-4024,-4022,-4015,-3810,-3516,-2895,-2647,-2453,-2171,-2103,-2014,-1802,-1715,2107,4584,758,-2101,-2072,-1959,-1942,-2024,-2083,-2083,-2193,-2185,-2150,-2446,-3221,-3295,-3398,-3500,-3074,-3580,-3541,-3664,-3395,-3244,-3316,-3765,-3774,-3840,-3838,-3856,-3877
-3875,-3856,-3841,-3768,-3879,-3884,-3887,-3885,-3902,-3893,-3892,-3890,-3899,-3906,-3928,-3943,-3953,-3944,-3917,-3920,-3905,-3901,-3914,-3917,-3921,-3914,-3902,-3895,-3893,-3882,-3887,-3889,-3892,-3436,-3180,-2892,-2433,-2690,-2905,-2701,-2483,-2403,-2371,-2232,-2024,-1435,-1561,-1536,-2102,-2040,-747,-219,14,220,427,684,961,1220,1395,1567,1802,1982,2163,2311,2371,2569,2594,2796,3084,3281,3315,3040,2931,2504,1919,1594,1626,1585,1681,1657,1559,1409,1372,1293,1164,1167,1187,1138,1055,971,870,782,723,566,472,230,281,364,663,1118,896,455,319,338,326,255,81,191,125,-68,-379,-439,-636,-723,-680,-1052,-2945,-1970,-2193,-2313,-2375,-2400,-2593,-2713,-2685,-2934,-2974,-2808,-3384,-3276,-3341,-3448,-3612,-3607,-3623,-3695,-3711,-3750,-3883,-3893,-3906,-4008,-4001,-3879,-3962,-3988,-3966,-4045,-3923,-4021,-4048,-4073,-4008,-3908,-3967,-3976,-3978,-4026,-3969,-4020,-4005,-4063,-3954,-4025,-3946,-3469,-3352,-3253,-3615,-3236,-3076,-3493,-2389,-2390,-2275,-2118,-2096,-2306,-2429,-2581,-2563,-2745,-2362,-2518,-2258,-2327,-2348,-1971,-2763,-2822,-2721,-2415,-2501,-2106,-1856,-1874,-1710,-2066,-1694,-2311,-1887,-1388,-1370,-1476,-1815,-1767,-1437,-1629,-1278,-1815,-1113,-1695,-835,-658,-483,-1259,-1235,-788,-581,-1063,-502,-614,-517,-565,-711,-1236,-1409,-1822,-1479,-1525,-1230,-1410,-1084,-733,-294,-13,-205,-867,-45,-234,-330,-388,458,-2153,-84,134,203,494,-884,-361,-223,-58,-1212,-1479,-1838,-2082,-2149,-1655,-1981,-1794,-2048,-2765,-2968,-3124,-3202,-3318,-3401,-3493,-3540,-3673,-3724,-3705,-3821,-3844,-3917,-3996,-4095,-4151,-4250,-4254,-4319,-4324,-4380,-4447,-4498,-4487,-4520,-4605,-4628,-4611,-4687,-4721,-4697,-4693,-4698,-4634,-4617,-4625,-4614,-4566,-4493,-4466,-4439,-4415,-4422,-4288,-4308,-4259,-4297,-4288,-4195,-4190,-4145,-4126,-4100,-4031,-3927,-3812,-3816,-3166,-2505,-1917,-1489,-1243,-1116,-949,-823,-1035,-1265,-1301,644,-1278,-1692,-1736,-1720,-1728,-1807,-1882,-1992,-2027,-2026,-1701,-2490,-3771,-3178,-3261,-3350,-2360,-3498,-3548,-3577,-3309,-3662,-3640,-3700,-3661,-3764,-4060,-3794,-3842
-3747,-3776,-3799,-3406,-3780,-3778,-3880,-3873,-3869,-3885,-3876,-3881,-3875,-3897,-3917,-3932,-3923,-3927,-3899,-3902,-3894,-3897,-3907,-3913,-3911,-3899,-3890,-3887,-3884,-3872,-3879,-3882,-3647,-3334,-3265,-2407,-2142,-1826,-1446,-1800,-2193,-2230,-2325,-1595,-1278,-967,-1197,-1442,-1366,-1958,-1057,-510,-101,134,405,612,889,1108,1388,1533,1763,1959,2110,2271,2395,2473,2599,2822,3069,3681,3683,3799,3111,2557,1932,1642,1644,1652,1802,1776,1568,1519,1390,1375,1372,1389,1355,1269,1203,1085,952,838,661,479,446,328,307,369,710,961,1007,645,388,395,403,269,325,289,-267,-878,-193,-1068,-837,-601,-1114,-1774,-1894,-1965,-2202,-2316,-2709,-3452,-3447,-3403,-3210,-3397,-3433,-3341,-3623,-3362,-3646,-3605,-3638,-3621,-3688,-3705,-3672,-3813,-3930,-3797,-3944,-3980,-3884,-3977,-3995,-3960,-3952,-3972,-4029,-3998,-4019,-4013,-3965,-3843,-3910,-3948,-3913,-3977,-3878,-4023,-4024,-4053,-3682,-3386,-3263,-3193,-3155,-3097,-3133,-3342,-2505,-2434,-2418,-2421,-2044,-2075,-2189,-2372,-2405,-2455,-2638,-2575,-2640,-2658,-2446,-2170,-3514,-3460,-2192,-2696,-2579,-2406,-2888,-2290,-2347,-1939,-1924,-1741,-1727,-1722,-2531,-1714,-1825,-1685,-2197,-1917,-1544,-1517,-1422,-1387,-1160,-1158,-929,-659,-324,-580,-681,-1498,-490,-400,-524,-628,-618,-1189,-1054,-1785,-1672,-1681,-1476,-1302,-1284,-1494,-1088,-715,-405,81,25,9,-20,-89,-178,-84,183,-21,674,345,121,185,840,724,-490,607,579,-1417,-2437,-2191,-2031,-1087,-2005,-1521,-2397,-2309,-2634,-2743,-2966,-3191,-3313,-3364,-3507,-3578,-3658,-3727,-3752,-3844,-3875,-3955,-3931,-4043,-4146,-4176,-4241,-4255,-4317,-4364,-4400,-4472,-4435,-4475,-4523,-4588,-4618,-4619,-4616,-4659,-4570,-4519,-4600,-4605,-4597,-4542,-4445,-4464,-4454,-4425,-4365,-4338,-4290,-4228,-4215,-4250,-4227,-4118,-4103,-4078,-4029,-3967,-3846,-3689,-3328,-2568,-1739,-1107,-618,-329,-233,166,142,108,-260,-862,-1172,-1352,-1459,-1519,-1470,-1548,-1617,-1719,-1838,-1921,-1879,-2377,-2462,-2661,-2961,-3092,-3211,-3204,-3413,-3450,-3464,-3532,-3580,-3335,-3496,-3532,-3683,-3687,-3676,-3719
-3707,-3727,-3785,-3788,-3690,-3745,-3877,-3858,-3857,-3875,-3855,-3874,-3870,-3893,-3905,-3908,-3900,-3908,-3890,-3887,-3884,-3893,-3902,-3897,-3891,-3884,-3877,-3825,-3877,-3872,-3876,-3880,-3386,-3309,-2400,-1869,-1761,-1627,-1654,-2088,-1615,-1682,-2264,-1156,-1335,-833,-1008,-862,-772,-1884,-1632,-942,-448,14,310,557,789,1047,1237,1570,1683,1905,2099,2280,2344,2499,2713,2868,3299,3736,3596,3483,3085,2577,2009,1724,1675,1697,1882,1837,1641,1505,1442,1507,1532,1545,1483,1407,1406,1202,1076,889,678,551,422,371,386,386,691,984,1042,750,597,484,115,472,-777,-750,-849,-859,-977,-1097,-1084,-1096,-1446,-1761,-1951,-2052,-2188,-2496,-2257,-2089,-2388,-2730,-3262,-3507,-2855,-2995,-2562,-2786,-3459,-3592,-3655,-3661,-3679,-3772,-3744,-3889,-3922,-3912,-3885,-3942,-3859,-3960,-3953,-3899,-3942,-3991,-4029,-3955,-3936,-3892,-3844,-3812,-3860,-3862,-3862,-3951,-3957,-4048,-4001,-3980,-3574,-3301,-2936,-2982,-2988,-3048,-2901,-2876,-2902,-2516,-2116,-2290,-1437,-4519,-3229,-2325,-2431,-2222,-2457,-2306,-2508,-2696,-2378,-2341,-1808,-1949,-1752,-2053,-1805,-2087,-2283,-2552,-1792,-2210,-1842,-1786,-1642,-1623,-1328,-1516,-1335,-1216,-1507,-1579,-1806,-1670,-1073,-1223,-1199,-696,-631,-441,-436,-886,-777,-698,-597,-515,-676,-949,-816,-710,-677,-1393,-1650,-1663,-1617,-1561,-1717,-1514,-1113,-540,-144,-17,157,237,146,207,21,83,-639,387,364,-32,112,282,834,1087,-478,356,-1798,-1176,-1816,-1844,-1858,-1779,-1878,-1992,-2178,-2231,-2157,-2154,-2517,-2787,-3191,-3350,-3401,-3510,-3616,-3726,-3740,-3750,-3813,-3858,-3901,-3956,-4019,-4031,-4179,-4145,-4236,-4191,-4331,-4366,-4375,-4451,-4470,-4507,-4545,-4579,-4540,-4570,-4523,-4482,-4513,-4543,-4518,-4434,-4446,-4436,-4412,-4375,-4339,-4311,-4261,-4200,-4148,-4138,-4166,-4059,-4029,-3958,-3971,-3942,-3843,-3569,-2771,-1812,-1013,-386,-97,390,784,1080,1149,1127,938,471,-324,-839,-1256,-1316,-1411,-1494,-1537,-1646,-1734,-1863,-1887,-1969,-2429,-2635,-2694,-2973,-3080,-3075,-3305,-3298,-3371,-3445,-3445,-3485,-3451,-3562,-3637,-3645,-3569,-3706
-3660,-3645,-3707,-3698,-3674,-3760,-3808,-3832,-3835,-3847,-3816,-3839,-3861,-3856,-3887,-3887,-3897,-3891,-3878,-3877,-3877,-3891,-3891,-3886,-3878,-3872,-3864,-3863,-3862,-3863,-3873,-3624,-3358,-2608,-2209,-1991,-1985,-1642,-1668,-1596,-1624,-1474,-1454,-1015,-1223,-892,-1323,-609,-847,-1735,-1585,-1151,-954,-312,348,421,706,983,1214,1462,1615,1947,2003,2189,2327,2458,2665,2820,3588,3790,3645,3436,3206,2612,1897,1709,1671,1769,1917,1942,1796,1721,1650,1720,1740,1680,1782,2707,2245,1593,1176,946,754,581,450,413,413,364,679,935,984,870,720,644,194,-688,-724,-752,642,-856,-1177,-1308,-1369,-1402,-1525,-1696,-1708,-1944,-2204,-3139,-1860,-560,-171,-509,-2657,-3119,-3549,-3642,-3616,-3382,-3496,-3665,-3619,-3738,-3754,-3825,-3808,-3929,-3930,-3942,-3866,-3899,-3862,-3947,-3960,-3911,-3988,-3951,-3854,-3758,-3795,-3922,-3652,-3774,-3839,-3846,-3801,-3899,-3887,-3981,-3945,-3335,-3133,-3109,-2950,-2810,-2625,-2582,-2607,-2771,-2932,-2439,-2284,-1981,-1938,-1405,-1806,-2352,-2213,-2947,-1925,-2483,-1789,-2123,-2422,-2101,-2243,-2185,-1863,-2759,-2672,-4048,-1927,-2759,-2437,-1804,-1768,-1735,-2476,-1391,-1472,-1683,-1355,-988,-1461,-1647,-1664,-1795,-2388,-676,-376,208,-102,84,-140,-694,-965,-980,-898,-971,-678,-830,-860,-759,-884,-909,-1422,-1544,-1423,-1358,-1353,-1145,-858,-284,-1252,338,403,301,358,103,369,172,342,-303,514,660,657,-291,-82,938,651,938,1294,-574,1418,-1245,-2003,-1405,-559,-684,-1650,-1696,-1887,-1913,-2158,-2639,-2897,-3290,-3363,-3452,-3537,-3635,-3711,-3727,-3787,-3832,-3810,-3868,-3925,-3944,-4038,-4013,-4154,-4167,-4112,-4237,-4308,-4353,-4393,-4391,-4463,-4444,-4464,-4475,-4458,-4401,-4417,-4441,-4377,-4374,-4413,-4428,-4380,-4325,-4294,-4256,-4186,-4176,-4153,-4149,-4109,-4003,-4041,-3941,-3916,-3887,-3817,-3637,-2375,-1218,-1853,235,670,908,1266,1718,2018,2161,1717,1369,448,-425,-975,-1005,-1253,-1330,-1432,-1521,-1701,-1822,-3253,-2701,-2415,-2608,-2628,-2821,-2912,-2918,-3215,-3200,-3110,-3346,-3368,-3360,-3395,-3385,-3497,-3534,-3425,-3626
-3576,-3596,-3640,-3646,-3679,-3670,-3758,-3803,-3798,-3791,-3801,-3888,-3828,-3861,-3880,-3870,-3882,-3871,-3863,-3873,-3873,-3876,-3874,-3874,-3868,-3862,-3857,-3856,-3855,-3861,-3861,-3398,-3264,-2402,-1915,-2019,-2289,-2000,-1874,-1792,-1729,-1712,-2315,-1929,-2064,-1132,-1312,-1254,-1139,-1576,-1425,-941,-839,-634,165,370,663,819,1082,1279,1587,1801,1966,2161,2316,2481,2680,2837,3101,3369,3519,3533,3251,3228,2228,1763,1658,1660,1984,2097,1944,1888,1859,1917,1885,1829,3314,2448,2681,1984,1262,864,718,576,447,448,433,363,483,630,776,840,806,735,706,-620,-620,-729,-1103,-1134,-1106,-2629,-1137,-2486,-2666,-1934,-1885,-2094,-2845,-2878,-44,-3059,-2901,-2114,-2775,-3611,-3662,-3654,-3670,-3690,-3719,-3741,-3783,-3753,-3819,-3824,-3890,-3912,-3932,-3919,-3857,-3813,-3880,-3904,-3842,-3944,-3957,-3833,-3730,-3673,-3770,-3922,-3763,-3701,-3806,-3806,-3796,-3912,-3853,-3904,-3676,-3122,-2605,-3392,-2761,-2599,-2501,-2570,-2538,-2607,-2406,-2368,-2054,-2232,-1974,-1885,-2034,-2154,-2275,-2207,-2075,-1992,-2011,-2400,-2408,-2037,-1969,-2039,-2178,-2139,-1931,-2029,-2041,-2943,-2895,-2105,-1742,-1676,-1579,-1411,-1418,-2973,-1092,-1364,-1561,-1642,-1686,-1629,-1303,-534,-457,-2313,-895,-641,-139,-1211,-1393,-1197,-1013,-767,-911,-751,-946,-798,-822,-794,-546,-380,-225,-278,-371,-635,-474,88,-1324,-1636,86,-46,734,572,278,379,257,-1094,614,651,726,185,732,837,888,1008,509,1332,-516,-47,-1182,-1383,-153,129,-1015,-1535,-1732,-1885,-2035,-2279,-2646,-3052,-3223,-3373,-3455,-3575,-3669,-3693,-3707,-3734,-3692,-3751,-3775,-3883,-3909,-3926,-4003,-4051,-4035,-4120,-4151,-4223,-4297,-4330,-4317,-4355,-4373,-4395,-4375,-4357,-4390,-4380,-4362,-4339,-4358,-4301,-4317,-4322,-4292,-4255,-4232,-4196,-4132,-4081,-4031,-4021,-3985,-3913,-3902,-3786,-3662,-3029,-1885,-451,157,753,1054,1341,1691,2229,2893,3004,2758,2153,1505,113,-576,-787,-1037,-1236,-1334,-1480,-1623,-1774,-1864,-2060,-2309,-2505,-2577,-2582,-2713,-2894,-3049,-3128,-3094,-3245,-3294,-3248,-3293,-3331,-3465,-3467,-3479,-3544
-3505,-3544,-3508,-3568,-3615,-3592,-3479,-3733,-3782,-3768,-3777,-3792,-3804,-3840,-3854,-3850,-3852,-3844,-3849,-3866,-3873,-3872,-3874,-3870,-3866,-3864,-3860,-3858,-3860,-3868,-3619,-3366,-2685,-2284,-1844,-2007,-2106,-2036,-1984,-1828,-1723,-2181,-2404,-1294,-2000,-2020,-2073,-1525,-1163,-1438,-1176,-255,-19,-526,-279,267,476,632,915,1219,1471,1773,1923,2055,2281,2482,2631,2853,3084,3177,3341,3496,3384,3565,2631,1906,1670,1960,2149,2221,1837,2023,2271,2050,2018,1967,4404,2338,3119,1640,1301,801,621,477,422,396,347,290,225,381,589,668,771,800,70,-418,-537,-957,-1152,-1931,-1169,-148,-181,-323,-228,-437,-1770,-2645,-2528,-2621,-2206,-1910,-2632,-3625,-2943,-3560,-3623,-2986,-3120,-2991,-3737,-3745,-3774,-3683,-3808,-3757,-3916,-3904,-3937,-3938,-3906,-3823,-3860,-3929,-3944,-3985,-3760,-3747,-3795,-3548,-3940,-3826,-3750,-3689,-3791,-3718,-3781,-3877,-3867,-3851,-3761,-3697,-2816,-3821,-2502,-2245,-3241,-2406,-2982,-2325,-2121,-2435,-2969,-2158,-2153,-2160,-2036,-2124,-2162,-2153,-2572,-2094,-2448,-2465,-2178,-3121,-2327,-2271,-2329,-2171,-2661,-3423,-1987,-2216,-1718,-2162,-1951,-1468,-2000,-1966,-1670,-1525,-1356,-1441,-1593,-1649,-1658,-1575,-821,-548,-1334,-1367,-1604,-1587,-1088,-1163,-994,-1249,-1143,-748,-483,-1896,-1134,-948,-1014,-658,123,-750,-1397,-1416,282,-209,-210,279,665,245,-390,-2789,1177,862,871,570,-608,-354,886,596,251,45,852,586,284,354,714,1091,1279,-441,690,-123,-96,-93,-827,-671,-1835,-1448,-3354,-1941,-2443,-2715,-3053,-3304,-3410,-3432,-3585,-3690,-3692,-3722,-3709,-3757,-3784,-3771,-3840,-3888,-3916,-3919,-4013,-4008,-4061,-4064,-4114,-4208,-4254,-4235,-4290,-4290,-4313,-4313,-4278,-4222,-4285,-4267,-4269,-4256,-4264,-4234,-4208,-4211,-4187,-4149,-4137,-4087,-4064,-4014,-3984,-3950,-3888,-3842,-3512,-2468,-1328,45,538,1016,1285,1403,1831,2791,5170,5553,3928,2993,1883,635,-113,-540,-815,-1026,-1273,-1419,-1597,-1738,-1904,-2028,-2146,-2325,-2399,-2645,-2702,-2876,-2997,-3039,-3077,-3166,-3176,-3239,-3280,-3313,-3080,-3450,-3465,-3464
-3478,-3499,-3546,-3417,-3407,-3531,-3662,-3675,-3761,-3757,-3742,-3756,-3806,-3808,-3811,-3813,-3825,-3832,-3834,-3867,-3883,-3885,-3882,-3880,-3879,-3875,-3873,-3873,-3871,-3872,-3340,-3279,-2674,-2297,-2004,-1548,-1903,-1801,-1662,-1614,-1850,-2397,-2426,-1888,-2103,-2029,-2131,-2175,-1597,-1362,-1238,-1047,-453,403,-218,-92,109,556,854,1144,1382,1638,1752,1977,2206,2424,2555,2787,3028,3093,3130,3197,3163,3465,2765,1849,1862,1968,2148,2231,2145,2111,2164,2120,2142,2086,2035,2496,1951,1606,1319,781,612,472,374,338,325,249,157,144,311,312,-178,-259,-140,-349,-475,-1604,263,-17,-23,-102,-68,-216,-162,-134,-301,-2011,-3040,-2316,-2880,-2317,-413,-1394,-2264,-1940,-2521,-3283,-3447,-3595,-3676,-3723,-3754,-3795,-3814,-3823,-3901,-3864,-3896,-3940,-3903,-3920,-3874,-3909,-3942,-3831,-3634,-3870,-3508,-3628,-3855,-3713,-3717,-3677,-3678,-3684,-3825,-3901,-3843,-3281,-3140,-2886,-2911,-2191,-2299,-2150,-2015,-2726,-2226,-2162,-1769,-2040,-2227,-2305,-2200,-2142,-2158,-2145,-2137,-1797,-2003,-2086,-2157,-2297,-2081,-2390,-2231,-2196,-2135,-2141,-1805,-2334,-2217,-2255,-2094,-1710,-1770,-1989,-1930,-2076,-1784,-1102,-1171,-1288,-1769,-1681,-1624,-1471,-746,-1784,-1909,-1887,-1888,-1767,-1658,-356,-303,-1224,-1247,-956,-371,-863,-377,-777,-778,-405,508,-1052,-1394,-1195,477,236,84,-302,469,1232,1339,1094,1184,1482,1334,772,767,1053,1610,476,467,913,553,442,358,474,296,385,1220,-323,146,-48,-134,-77,-1306,-1596,-1829,-1613,-2593,-1994,-2325,-2563,-2890,-3242,-3349,-3418,-3493,-3521,-3568,-3651,-3667,-3699,-3730,-3749,-3774,-3798,-3872,-3866,-3890,-3900,-3946,-3986,-4008,-4037,-4065,-4164,-4178,-4202,-4204,-4205,-4168,-4213,-4169,-4200,-4173,-4131,-4137,-4150,-4140,-4139,-4129,-4109,-4080,-4063,-4018,-4014,-3939,-3892,-3899,-3767,-2779,-1812,-751,182,712,1088,1300,1371,1746,3122,9848,11484,5801,3449,2147,910,96,-307,-654,-987,-1141,-1284,-1477,-1655,-1822,-1942,-2124,-2157,-2341,-2518,-2661,-2704,-2892,-3012,-2245,-3045,-3159,-3204,-3258,-3321,-2526,-3434,-3374,-3432
-3482,-3494,-3334,-3204,-3558,-3493,-3552,-3630,-3638,-3593,-3706,-3730,-3756,-3797,-3812,-3816,-3818,-3831,-3835,-3857,-3879,-3886,-3884,-3888,-3888,-3883,-3877,-3870,-3857,-3869,-3263,-3170,-3219,-2399,-1872,-1625,-1949,-1770,-1616,-2074,-2396,-2421,-2453,-2476,-1843,-1859,-1750,-1787,-1721,-960,-1046,-916,-434,-46,-164,-72,10,353,800,1067,1283,1505,1723,1936,2128,2321,2503,2708,2922,3020,3066,3231,2833,3165,2207,1866,1877,1907,2113,2280,2214,2192,4660,7887,2209,2119,2010,1945,1797,1825,1514,791,625,560,415,339,339,226,100,-4,-69,-145,-199,-208,-242,-330,-744,-1754,-486,-406,-47,-20,-131,-628,-103,-137,-2931,-279,-2180,-2698,-2351,-1406,-949,-552,-1535,-2061,-2297,-2539,-2680,-3252,-3408,-3589,-3735,-3728,-3739,-3784,-3891,-3845,-3883,-3924,-3892,-3890,-3862,-3960,-3848,-3710,-3487,-3652,-3666,-3889,-3786,-3617,-3641,-3636,-3714,-3678,-3782,-3668,-3456,-3972,-3936,-2230,-2420,-2485,-1970,-1693,-1815,-1984,-1936,-2468,-1818,-1873,-2058,-2101,-2134,-2157,-2138,-2031,-2767,-3504,-1855,-2068,-2724,-2152,-2070,-2185,-2058,-2141,-2096,-2014,-2091,-1601,-2597,-2527,-2191,-1487,-2147,-2042,-1990,-1758,-1715,-1182,-692,-1422,-1337,-1638,-1624,-1288,-1023,-1802,-1571,-1562,-1464,-1530,-1559,-586,-50,-949,-1112,-812,-460,-364,-726,-275,-383,-4,218,105,205,822,781,279,299,236,403,756,1121,1216,867,1318,388,307,363,761,2088,-617,-770,455,555,610,706,686,532,406,643,491,-606,-283,-487,-1020,-1892,-1734,-2064,-1885,-1989,-2290,-2442,-2667,-2800,-3134,-3319,-3398,-3453,-3551,-3510,-3498,-3594,-3629,-3677,-3723,-3667,-3722,-3778,-3806,-3802,-3849,-3875,-3851,-3896,-3936,-3957,-4012,-4067,-4064,-4079,-4098,-4118,-4082,-4097,-4109,-4049,-4050,-4007,-4050,-4071,-4040,-4044,-4014,-4013,-4042,-4025,-4000,-3939,-3859,-3640,-3220,-2530,-1468,-503,330,854,1160,1351,1367,1442,2316,6303,7827,4480,3185,1938,954,212,-225,-698,-876,-1084,-1331,-1510,-1627,-1801,-1957,-2087,-2163,-2295,-2498,-2612,-2668,-2817,-3018,-3004,-3004,-3094,-3177,-3235,-3303,-2716,-3336,-3431,-3445
-3416,-3440,-3439,-3494,-3435,-3559,-3597,-3596,-3618,-3649,-3682,-3724,-3758,-3776,-3791,-3820,-3824,-3835,-3840,-3844,-3873,-3882,-3882,-3877,-3875,-3881,-3879,-3873,-3856,-3869,-3275,-3245,-3102,-2308,-1987,-1618,-1854,-1900,-2103,-2366,-2414,-2311,-2100,1254,5853,4069,7159,5228,3560,841,-392,-765,-537,-181,-94,-11,108,253,529,855,1099,1378,1588,1845,2032,2270,2474,2728,2844,2924,2982,2984,2262,2138,1871,1874,1911,1952,2100,2218,2235,2225,2237,2248,2196,2143,2040,1938,1836,1956,1466,885,725,630,395,260,226,152,1,-16,-85,-173,-240,-312,-344,-683,-1125,-951,-902,-909,-292,-409,-97,-1630,-1228,-2932,-2697,-2092,-390,-546,-612,-632,-619,-576,-1432,-2026,-2193,-2488,-2741,-3012,-3198,-3515,-3592,-3696,-3729,-3787,-3871,-3859,-3773,-3894,-3871,-3819,-3851,-3860,-3685,-3639,-4490,-3673,-3906,-3818,-3497,-3479,-3667,-3564,-3628,-3577,-3468,-3446,-2882,-2603,-3135,-2447,-2358,-1891,-1811,-1860,-2590,-2027,-1899,-1804,-1778,-2087,-3272,-1745,-1961,-1963,-1937,-2037,-1991,-1895,-2076,-2290,-2375,-1864,-1959,-2043,-1868,-1931,-2071,-2190,-2087,-2349,-2347,-2549,-2149,-1392,-2045,-2004,-1993,-1991,-1626,-1450,-1125,-1430,-963,-1100,-1279,-1321,-487,-1234,-1330,-1361,-1203,-1324,-1524,-542,172,-430,-809,-610,-250,-266,64,358,86,259,205,340,303,498,-75,440,284,-551,481,676,1290,1715,634,262,114,109,97,658,-426,-1169,-1184,145,51,585,979,343,491,199,-65,211,561,-321,-1247,-901,-1597,-1355,-2202,-1945,-2478,-2512,-2701,-2865,-2824,-3093,-3317,-3382,-3846,-3478,-3512,-3516,-3500,-3571,-3547,-3593,-3627,-3679,-3741,-3768,-3745,-3724,-3796,-3743,-3836,-3837,-3849,-3891,-3869,-3915,-3934,-3943,-3972,-4007,-3985,-3942,-3974,-3970,-3957,-3934,-3929,-3909,-3930,-3927,-3938,-3990,-3944,-3884,-3895,-3798,-3549,-2802,-2159,-1162,-334,284,1038,907,1337,1373,1363,1423,2320,2853,2654,2308,1559,721,171,-286,-627,-863,-1084,-1307,-1466,-1622,-1781,-1947,-2134,-2173,-2330,-2466,-2559,-2634,-2733,-2893,-2944,-2853,-3093,-3122,-3163,-3149,-3115,-2870,-3215,-3401
-3340,-3394,-3339,-3415,-3479,-3529,-3537,-3549,-3600,-3635,-3652,-3701,-3634,-3744,-3764,-3756,-3676,-3833,-3844,-3810,-3834,-3867,-3865,-3867,-3879,-3871,-3870,-3869,-3868,-3874,-3304,-3148,-3004,-2374,-2033,-1744,-1710,-1584,-1804,-1817,-2366,-2081,-1484,6076,7141,7520,8478,8991,7326,4814,750,-103,-77,-87,20,78,160,333,518,763,1002,1241,1527,1751,2041,2319,2522,2637,2746,2826,2963,2807,2358,1964,1859,1904,1937,2011,2102,2159,2224,2214,2333,2203,2166,2111,2053,1979,1886,1700,1353,1033,745,-935,-791,157,61,33,-41,-86,-36,-273,-315,-555,-800,-1134,-1460,-1950,-2401,-1266,4,12,-6,-108,-220,-265,-366,-406,-348,-531,-536,-753,-555,-823,-1185,-1906,-2212,-2503,-2740,-2893,-3220,-3591,-3604,-3692,-3742,-3740,-3831,-3821,-3867,-3843,-3811,-3870,-3656,-3713,-3629,-3561,-3575,-3785,-3824,-3696,-3328,-3452,-3347,-3473,-3511,-3571,-3524,-4970,-4513,-3574,-2218,-1938,-2164,-1929,-2006,-2225,-2030,-2181,-1854,-1634,-1824,-3406,-3799,-2930,-1654,-2036,-1955,-1962,-2018,-2120,-2048,-1868,-1951,-1902,-1872,-1859,-1861,-1987,-2037,-2170,-2403,-2033,-1967,-2024,-1606,-1844,-1962,-2012,-1954,-2209,-1729,-1352,-1296,-1386,-1148,-1515,-1527,-1501,-1422,-1401,-1143,-1351,-1100,-1093,-877,-771,-494,-298,-529,-336,-76,56,75,637,484,421,378,402,362,751,-959,927,812,-640,395,442,987,1975,352,264,118,199,141,171,812,-1064,-1215,724,647,-103,773,114,-280,491,514,24,137,-854,-1223,-1392,-2225,-2392,-2238,-2718,-2859,-3048,-2983,-3218,-3192,-3236,-3320,-3398,-3421,-3609,-3505,-3530,-3480,-3484,-3477,-3475,-3546,-3666,-3670,-3714,-3615,-3683,-3718,-3725,-3730,-3723,-3751,-3764,-3780,-3796,-3812,-3816,-3808,-3843,-3853,-3791,-3773,-3829,-3834,-3819,-3827,-3836,-3841,-3796,-3868,-3902,-3826,-3819,-3811,-3808,-3363,-2754,-1980,-1236,-428,269,943,720,217,1396,1395,1353,1663,1854,1809,1402,898,397,-88,-433,-675,-898,-1121,-1244,-1424,-1586,-1822,-1990,-2061,-2175,-2305,-2423,-2502,-2378,-2809,-2824,-2890,-2931,-3039,-3046,-3157,-3217,-3234,-3109,-3052,-3379
-3379,-3393,-3321,-3330,-3432,-3430,-4059,-3513,-3570,-3641,-3630,-3618,-3619,-3606,-3639,-3671,-3607,-3769,-3771,-3781,-3807,-3840,-3866,-3846,-3874,-3864,-3858,-3867,-3846,-3859,-3489,-3205,-2866,-2651,-2200,-1357,-1024,-1315,-1270,-2235,-2040,-1450,6623,6531,8455,9646,10599,10803,10186,7977,4767,1444,234,209,179,237,297,420,549,762,964,1235,1506,1864,2153,2355,2479,2573,2636,2746,2808,2702,2090,1902,1837,1908,1937,2097,2168,2210,2236,2247,2241,2191,2178,2136,2084,1978,1867,1702,1471,1126,752,439,303,78,7,-78,-168,-299,-230,-377,-565,-656,-1057,-865,-1052,-950,549,225,-10,-36,-81,-165,-242,-326,-373,-421,-496,-558,-732,-799,-747,-983,-1131,-1949,-2280,-2496,-2706,-2973,-3301,-3618,-3582,-3647,-3697,-3723,-3811,-3772,-3831,-3839,-3768,-3833,-3794,-3893,-3689,-3717,-3788,-3793,-3717,-3629,-3266,-3358,-3238,-3352,-3380,-3282,-3052,-2736,-2624,-2494,-2519,-3097,-2156,-2203,-1791,-2622,-2129,-2163,-1723,-1642,-1627,-1589,-3446,-1882,-1640,-1976,-1971,-1968,-2028,-2186,-2164,-1963,-2125,-1987,-1730,-1747,-1887,-1724,-1710,-2021,-1896,-1933,-1994,-1626,-1347,-2097,-1765,-1825,-1772,-1677,-1953,-1610,-1317,-1336,-1280,-1029,-1584,-1576,-1443,-608,-1290,-958,-763,-2160,-580,368,-145,-759,-292,-1287,-17,198,412,-78,472,336,196,571,318,194,-15,-244,520,525,625,637,996,2074,484,134,102,126,69,157,135,1262,1078,664,641,342,505,361,-173,-336,72,-70,-1434,-975,-1131,-1597,-2174,-2699,-2818,-3162,-3278,-3327,-3425,-3426,-3450,-3421,-3525,-3519,-3493,-3505,-3573,-3495,-3489,-3506,-3501,-3531,-3498,-3565,-3580,-3601,-3601,-3601,-3579,-3597,-3656,-3651,-3663,-3614,-3653,-3701,-3715,-3719,-3699,-3736,-3740,-3674,-3721,-3772,-3740,-3717,-3760,-3757,-3735,-3658,-3762,-3763,-3757,-3765,-3718,-3564,-3120,-2613,-1935,-1316,-690,106,746,1229,1426,1376,1368,1384,1456,1421,1143,734,406,-7,-431,-698,-884,-1028,-1159,-1296,-1392,-1604,-1772,-1943,-2050,-2146,-2273,-2393,-2501,-2527,-2702,-2748,-2859,-2865,-3005,-1919,-3231,-3164,-3143,-3232,-3284,-3287
-3204,-3310,-3317,-3383,-3407,-3436,-3472,-3449,-3547,-3597,-3488,-3548,-3437,-3478,-3524,-3564,-3624,-3673,-3738,-3748,-3779,-3792,-3838,-3825,-3856,-3843,-3836,-3837,-3838,-3847,-3398,-3237,-2786,-2452,-2557,-1223,-910,-1264,-1493,-2154,-1948,-538,6943,8257,10368,13019,14567,15151,13952,10625,6207,2340,757,587,409,354,419,496,611,779,1061,1378,1113,1909,2157,2355,2469,2464,2497,2564,2585,2163,2013,1853,1815,1876,1992,2228,2304,2347,2325,2325,2288,2240,2201,2183,2092,1991,1888,1680,1424,1140,685,344,217,90,-15,-148,-264,-322,-361,-462,-553,-935,-1000,-548,-973,-161,455,221,47,-28,-162,-254,-327,-335,-468,-572,-614,-647,-791,-697,-854,-822,-1508,-2095,-2257,-2506,-2583,-2927,-3060,-3496,-3565,-3556,-3601,-3607,-3774,-3811,-3797,-3820,-3761,-3789,-3793,-3840,-3779,-3747,-3771,-3760,-3609,-3661,-3159,-3233,-3161,-3252,-3189,-3203,-3054,-2785,-3456,-2386,-2355,-2197,-1959,-1994,-1970,-1942,-2350,-2158,-1939,-1588,-1246,-2675,-1647,-2478,-1638,-1724,-2546,-2032,-2007,-1951,-1975,-2110,-2079,-1988,-1997,-1688,-1717,-2612,-1626,-1691,-1915,-1895,-3200,-1807,-1550,-1779,-1782,-1655,-1341,-2666,-1886,-1834,-1377,-817,-1760,-2879,-1190,-1564,-1491,-1412,-877,640,407,135,192,-357,-381,-446,-287,-170,32,101,282,496,605,501,579,612,783,9,-311,-376,-70,26,1184,953,186,1742,21,217,107,52,79,273,487,687,838,796,1581,1076,835,-15,-294,-322,114,68,-784,-1204,-1621,-3012,-2655,-3241,-3322,-3511,-3531,-3586,-4037,-3575,-3565,-3586,-3582,-3509,-3530,-3512,-3573,-3522,-3504,-3471,-3415,-3468,-3528,-3458,-3483,-3457,-3508,-3557,-3573,-3502,-3543,-3522,-3574,-3507,-3553,-3633,-3639,-3673,-3577,-3677,-3668,-3574,-3626,-3669,-3620,-3633,-3664,-3661,-3640,-3696,-3703,-3749,-3712,-3639,-3616,-3439,-3006,-2509,-2028,-1394,-667,-181,411,901,1126,1253,1350,1340,1290,1115,697,338,761,-334,-692,-872,-1037,-1190,-1278,-1338,-1518,-1588,-1813,-1903,-2059,-2148,-2283,-2405,-2505,-2585,-2660,-2641,-2757,-2815,-2932,-2677,-3161,-3154,-3150,-3186,-3210,-3203
-3262,-3065,-3311,-3313,-3369,-3412,-3438,-3410,-3467,-3503,-3517,-3462,-3359,-3472,-3475,-3545,-3606,-3692,-3691,-3708,-3728,-3757,-3793,-3795,-3797,-3826,-3823,-3801,-3811,-3841,-3828,-3206,-2845,-2644,-2370,-2570,-1341,-1687,-1839,-1875,-1836,-317,7427,9172,12419,16478,19457,18348,17960,12433,7169,2452,789,854,1137,532,553,619,703,859,1248,1575,1889,2041,2175,2348,2330,2352,2730,2300,2123,2016,1940,1860,1811,1895,2091,2459,2543,2535,2508,2405,2384,2347,2312,2216,2118,2013,1879,1689,1443,1040,563,365,211,47,-114,-249,-275,-275,-341,-415,-599,-965,-883,-586,-1631,-501,375,194,18,-92,-230,-364,-437,-444,-525,-602,-636,-605,-745,-1074,-838,-897,-1273,-1829,-2388,-2437,-2706,-2818,-3055,-3242,-3404,-3507,-3595,-3636,-3710,-3713,-3793,-3720,-3356,-3848,-3749,-3749,-3800,-3744,-3733,-3611,-3586,-3604,-3175,-2981,-3119,-3001,-3034,-3043,-2900,-3786,-2418,-2449,-2340,-2059,-2064,-1965,-3537,-2533,-2130,-2119,-1948,-3718,-3418,-1695,-1799,-1916,-2612,-1470,-1758,-2608,-1774,-2123,-2134,-2008,-2140,-2101,-1662,-2874,-1537,-1774,-1569,-1589,-1827,-1806,-1822,-1764,-1823,-1571,-1480,-1477,-1648,-1901,-1885,-1818,-1568,-1609,-2665,-2372,-513,-1274,-1596,-1536,-1540,-773,-1533,-648,-1003,-1140,-1276,-439,-355,-475,-145,-217,-326,-90,49,409,637,264,53,475,63,46,302,1033,343,1035,244,982,652,467,351,448,409,-1,673,841,781,730,620,628,452,276,-102,-305,-230,-370,-977,-1868,-2374,-3137,-3350,-3559,-3665,-3699,-3640,-3648,-3647,-3662,-3625,-3626,-3613,-3558,-3542,-3557,-3524,-3529,-3450,-3446,-3421,-3396,-3375,-3356,-3366,-3313,-3419,-3423,-3398,-3400,-3403,-3411,-3409,-3355,-3388,-3462,-3497,-3466,-3481,-3547,-3614,-3586,-3583,-3651,-3549,-3599,-3623,-3597,-3628,-3658,-3662,-3679,-3640,-3511,-3561,-3352,-2992,-2526,-2040,-1530,-1002,-564,115,460,853,966,1055,1059,972,766,484,647,2518,1850,-1058,-1094,-1199,-1307,-1444,-1466,-1606,-1653,-1772,-1892,-2051,-2156,-2282,-2421,-2455,-2557,-2627,-2639,-2578,-2711,-2850,-2921,-3151,-3151,-3151,-3064,-3041,-3245
-3254,-3023,-3310,-3310,-3341,-3395,-3437,-3415,-3187,-3012,-4949,-3470,-3485,-3449,-3466,-3532,-3550,-3656,-3670,-3677,-3684,-3725,-3761,-3771,-3770,-3804,-3802,-3772,-3793,-3832,-3765,-3148,-2690,-2680,-2373,-2270,-2170,-2539,-2614,-2067,-1199,1685,6868,9628,12591,16905,20708,19457,19295,13074,8447,951,856,1036,1547,1355,747,774,847,1123,1449,1757,1978,2189,2244,2293,2266,2269,2155,1156,2062,1940,1913,1883,1862,2018,2333,2674,2935,2821,2635,2547,2529,2449,2360,2255,1818,1998,1820,1647,1282,881,676,454,233,100,-99,-140,-168,-268,-319,-359,-741,-883,-805,-586,-973,-311,316,199,23,-25,-275,-383,-501,-466,-525,-600,-624,-653,-715,-753,-808,-901,-1310,-1295,-2394,-2276,-2480,-2533,-2904,-2982,-3230,-3399,-3439,-3568,-3548,-3751,-3725,-3621,-3775,-3835,-3765,-3376,-3766,-3700,-3423,-3394,-3619,-3592,-3142,-2864,-2996,-2882,-2909,-2946,-2986,-2811,-2599,-2094,-2168,-2093,-2415,-3203,-1447,-1247,-1533,-2007,-1752,-1746,-2732,-1909,-1975,-1934,-1637,-2178,-1805,-1942,-1980,-1843,-2020,-1976,-1926,-2049,-1520,-1677,-1739,-1422,-1600,-1375,-1493,-1711,-1743,-1787,-1534,-1405,-2143,-1746,-1762,-2336,-1720,-1793,-1483,-1607,-1316,-895,-856,-1134,-992,-1354,-1422,-1162,-1246,-1117,-1157,-1220,-797,-252,-141,-163,3,285,-317,-404,125,62,366,198,131,148,218,329,-50,815,1258,560,515,1040,854,863,896,1358,1276,842,888,813,824,715,754,626,579,354,132,-367,-664,-711,-1172,-2024,-2521,-3443,-3530,-3750,-3741,-3720,-3708,-3670,-3681,-3671,-3685,-3684,-3602,-3624,-3622,-3591,-3512,-3559,-3499,-3395,-3403,-3256,-3315,-3254,-3243,-3195,-3324,-3227,-3314,-3167,-3222,-3113,-3220,-3224,-3284,-3197,-3327,-3385,-3371,-3386,-3470,-3447,-3514,-3546,-3525,-3485,-3561,-3503,-3567,-3602,-3590,-3585,-3455,-3557,-3510,-3337,-2975,-2578,-2205,-1632,-1316,-671,-255,123,482,631,775,869,837,766,633,425,785,-597,-1404,-1331,-1405,-1438,-1481,-1559,-1689,-1712,-1797,-1921,-2030,-2132,-2297,-2422,-2489,-2546,-2643,-2653,-2691,-2521,-2771,-2723,-3221,-3132,-3114,-3009,-3060,-3225
-3012,-3121,-3293,-3305,-3608,-3345,-3414,-3406,-3448,-3053,-3195,-3451,-3493,-3480,-3522,-3541,-3555,-3640,-3635,-3663,-3679,-3716,-3741,-3753,-3749,-3781,-3776,-3738,-3746,-3774,-3753,-3118,-2822,-2590,-2528,-2646,-2157,-2032,-2237,-2026,-1561,-541,6511,8953,12257,15915,19580,19739,16661,11458,7332,821,970,1197,1347,1069,939,945,1665,1499,1662,1896,2071,2163,2192,2201,2180,2139,2104,2046,1971,1922,1913,1894,1902,2194,3127,3393,3481,3408,3020,2838,2718,2566,2420,2238,2132,1984,1739,1463,1147,800,622,435,304,149,50,-46,-162,-247,-300,-345,-741,-839,-826,-842,560,-198,210,76,-6,-20,-260,-347,-452,-492,-596,-523,-602,-636,-713,-742,-793,-1006,-1329,-1093,-1088,-2131,-2433,-2468,-2730,-3006,-3066,-3105,-3168,-3334,-3433,-3627,-3724,-3713,-3770,-3773,-3789,-3649,-3747,-3743,-3423,-3559,-3637,-3638,-2820,-3415,-2780,-2728,-2798,-2896,-2757,-2756,-2658,-2499,-2241,-2014,-1943,-1396,-2095,-2768,-1541,-3682,-1522,-1957,-2868,-1930,-1828,-1990,-1886,-3111,-2383,-2668,-1805,-3207,-1819,-1973,-1926,-1435,-1896,-1109,-2922,-1469,-1463,-1584,-1347,-1608,-1697,-1558,-1650,-1656,-1556,-1648,-1804,-1857,-1814,-1768,-1654,-1550,-1148,-830,-686,-658,-888,-1100,-1219,-1015,-1250,-1125,-1187,-888,93,24,144,348,117,-78,-169,-146,133,64,53,259,319,392,428,540,619,588,1429,1615,871,945,1036,959,917,985,1005,891,922,971,946,850,824,767,681,548,416,-534,-763,-1117,-1990,-2636,-3462,-3654,-3638,-3753,-3759,-3793,-3743,-3757,-3749,-3728,-3682,-3672,-3665,-3698,-3648,-3650,-3588,-3548,-3487,-3448,-3289,-3203,-3051,-2916,-2982,-3047,-2992,-3102,-2846,-2805,-2893,-2851,-3045,-3224,-3071,-3077,-3158,-3156,-3094,-3302,-3317,-3382,-3405,-3446,-3419,-3457,-3498,-3494,-3537,-3523,-3546,-3494,-3533,-3512,-3497,-3295,-2828,-2578,-2262,-1862,-1360,-862,-535,-301,-57,218,352,555,641,583,389,-37,-460,-1094,-1553,-1561,-1639,-1649,-1614,-1610,-1730,-1824,-1872,-2004,-2126,-2219,-2348,-2452,-2527,-2576,-2639,-2555,-1575,-2632,-3042,-3127,-3147,-3056,-3006,-2879,-2353,-3773
-2464,-2717,-3087,-3290,-3290,-3303,-3342,-3399,-3381,-3428,-3420,-3172,-3372,-3406,-3482,-3540,-3595,-3622,-3609,-3647,-3667,-3693,-3725,-3757,-3731,-3755,-3740,-3709,-3706,-3744,-3696,-3236,-2872,-2875,-2510,-2228,-2147,-2002,-1553,-1833,-1490,-69,3940,7437,9726,12376,13812,13698,10854,8168,6103,752,1005,1161,1260,1178,1097,1313,1968,1796,1865,2034,2162,2233,2247,2217,2191,2156,2095,2017,1911,1895,1849,1836,1864,2401,3569,4304,4472,4257,3582,3150,2935,2726,2465,2246,2120,1964,1798,1501,1135,857,632,462,383,211,64,-128,-211,-197,-273,-420,-703,-817,-807,-823,-680,307,-384,80,36,-130,-234,-296,-374,-474,-523,-621,-625,-619,-669,-725,-827,-868,-888,-689,-740,-1373,-2398,-2540,-2696,-2882,-2971,-2959,-3051,-3201,-3194,-3200,-3750,-3729,-3701,-3741,-3797,-3596,-3743,-3706,-3028,-3079,-3544,-3479,-3199,-2540,-2640,-2487,-2639,-2639,-3043,-2667,-2284,-2341,-2182,-1994,-1878,-1641,-1570,-2627,-2952,-4116,-3412,-1777,-1845,-1889,-2781,-1711,-1637,-1692,-1852,-1632,-1843,-1725,-1596,-1659,-1715,-2184,-1204,-2868,-1989,-1264,-1504,-1189,-1809,-1432,-1688,-2850,-1390,-1614,-1431,-1689,-1718,-1833,-1766,-1721,-1500,-1540,-996,-664,-446,-624,-676,-598,-822,-866,-748,-763,-1132,-1033,-376,-454,-1,216,163,142,105,71,-133,209,263,257,299,292,382,581,770,861,1662,1446,889,982,905,831,985,1112,1086,983,1045,1117,1065,937,959,942,645,579,528,-412,-706,-1150,-1743,-2270,-2901,-3679,-3802,-3766,-3783,-3799,-3789,-3775,-3775,-3730,-3701,-3623,-3718,-3695,-3689,-3663,-3626,-3599,-3555,-3382,-3306,-3068,-2919,-3466,-2752,-2812,-2639,-2597,-2533,-2552,-2571,-2552,-2532,-2529,-2754,-2775,-2941,-2990,-3070,-3070,-3069,-3255,-3327,-3284,-3310,-3365,-3305,-3396,-3574,-3481,-3475,-3404,-3479,-3433,-3465,-3122,-2852,-2612,-2148,-1846,-1340,-965,-843,-509,-336,-126,-14,194,195,43,-87,-330,-873,-1261,-1598,-1604,-1752,-1765,-1761,-1776,-1829,-1942,-2039,-2134,-2274,-2299,-2403,-2475,-2551,-2599,-2553,-1993,-2336,-2769,-2949,-2918,-3030,-3012,-2901,-2696,-3705,-3756
-2486,-2671,-3008,-3261,-3246,-3245,-3225,-3351,-3358,-3400,-3259,-3339,-3351,-3437,-3541,-3572,-3577,-3582,-3605,-3620,-3631,-3662,-3686,-3719,-3697,-3683,-3688,-3653,-3663,-3627,-3609,-3476,-3314,-2962,-2665,-2429,-2179,-2084,-1974,-1302,-1607,-654,949,2440,6388,7559,8370,7754,6389,5172,465,704,966,1141,1226,1234,1223,1684,2076,2087,2100,2179,2229,2278,2286,2254,2208,2162,2090,2064,1922,1868,1799,1763,2130,3408,4755,5368,5257,4709,3865,3388,3066,2719,2483,2287,2233,2072,1884,1571,1180,885,730,609,516,271,98,32,-87,-176,-351,-566,-744,-772,-798,-841,-430,-310,226,111,41,-108,-188,-238,-336,-455,-535,-567,-633,-633,-596,-714,-893,-592,-810,-328,-425,-1198,-2643,-2498,-2621,-2744,-2832,-2959,-3004,-3039,-3006,-3122,-3305,-3744,-3705,-3784,-4035,-3732,-3752,-3744,-3067,-2839,-2814,-3621,-3619,-2895,-2498,-3707,-2179,-2647,-2623,-2509,-2743,-2119,-1960,-3507,-1885,-1943,-1809,-1237,-2710,-2971,-1667,-2064,-1870,-1899,-1957,-1792,-1740,-1835,-1887,-1858,-1584,-1632,-1597,-3142,-1219,-1524,-1378,-1278,-1350,-1440,-1574,-1790,-910,-1177,-1156,-1251,-1290,-1320,-1479,-1444,-1512,-1673,-929,-739,-1294,-1116,-830,-387,-169,-462,-498,-496,-335,-430,-1455,235,-783,-1119,-1927,-542,261,780,288,34,154,-111,63,-476,733,-310,696,560,513,715,743,1098,1467,1395,930,877,855,943,900,1197,1202,1183,1247,1334,230,1189,1222,1272,935,824,687,352,-336,-861,-1507,-2316,-3091,-3801,-3760,-3840,-3809,-3723,-3817,-3777,-3724,-3771,-3746,-3698,-3687,-3665,-3664,-3626,-3619,-3626,-3522,-3416,-3262,-2965,-2810,-2773,-2693,-2579,-2444,-2443,-2394,-2392,-2459,-2253,-2374,-2401,-2436,-2569,-2626,-2770,-2834,-3127,-2957,-3124,-3233,-3111,-3197,-3307,-3275,-3281,-3319,-3357,-3347,-3423,-3409,-3371,-3162,-3054,-2995,-2529,-2207,-1969,-1626,-1304,-1130,-789,-606,-460,-383,-144,-350,-505,-738,-772,-1229,-1519,-1733,-1745,-1850,-1907,-1928,-1931,-1995,-2055,-2098,-2164,-2210,-2252,-2169,-2536,-2618,-2650,-2742,-2786,-2756,-2370,-2731,-2776,-3041,-3048,-2961,-2507,-3723,-3723
-2519,-2947,-3175,-3189,-3226,-3138,-3087,-3245,-3314,-3355,-3222,-3065,-3427,-3353,-3484,-3508,-3546,-3534,-3575,-3553,-3590,-3614,-3617,-3649,-3653,-3629,-3645,-3583,-3579,-3534,-3501,-3447,-3350,-3350,-3020,-2494,-2068,-1873,-1672,-1584,-1604,-1043,-480,139,946,1881,2041,749,138,192,432,671,888,1052,1215,1332,1607,1958,2197,2181,2217,2302,2320,2337,2330,2277,2246,2194,2132,2012,1882,1748,1623,1544,4093,6498,7836,7374,6005,4700,4021,3522,3089,2788,2611,2408,2278,2188,3252,4826,1405,1026,900,708,502,284,195,-42,-100,-198,-303,-642,-768,-794,-835,-800,-439,-280,215,121,39,0,-105,-180,-279,-385,-424,-464,-556,-629,-548,-660,-828,-651,-854,-643,-706,-1126,-1341,-1844,-2225,-2734,-2847,-2912,-2967,-3061,-2898,-3113,-3124,-3749,-3871,-3951,-3771,-2953,-3179,-3005,-3725,-3691,-2648,-2774,-3626,-3517,-2848,-2421,-2529,-2687,-2426,-2187,-2321,-1727,-3532,-1704,-3168,-1764,-1852,-1489,-1482,-1467,-1935,-1860,-3766,-1815,-1863,-1792,-1818,-1896,-1521,-1652,-1539,-3048,-1364,-1714,-2149,-1408,-1530,-1592,-1344,-1392,-1446,-1292,-989,-1022,-1116,-1793,-970,-1024,-1110,-1349,-1371,-1227,-1289,-1122,-1247,-768,-246,-228,-171,-114,-221,-374,-304,-507,-355,-519,-1610,-1199,-1393,-1202,-1013,637,-30,-113,-34,-47,126,-514,687,640,646,730,567,692,997,1195,561,1118,848,804,910,926,979,1257,1404,1332,1415,1418,1380,1312,1319,1273,1076,1007,758,527,106,-553,-1399,-2077,-2733,-3457,-3907,-3894,-3842,-3840,-3830,-3841,-3806,-3764,-3801,-3765,-3673,-3677,-3654,-3676,-3661,-3606,-3554,-3375,-3187,-2871,-2735,-2600,-2541,-2419,-2319,-2224,-2091,-2257,-2265,-2124,-2301,-2281,-2332,-2365,-2443,-2608,-2605,-2660,-2879,-2923,-3192,-3176,-3153,-3214,-3124,-3297,-3389,-3359,-3352,-3385,-3325,-3138,-3070,-3073,-2955,-2602,-2293,-2149,-1831,-1596,-1370,-1026,-849,-775,-720,-910,-955,-1066,-1168,-1323,-1428,-1725,-1823,-1849,-1938,-1968,-2048,-2041,-2113,-2085,-2146,-2185,-2166,-2137,-1972,-2485,-2580,-2686,-2765,-2764,-2724,-2383,-2638,-2790,-3025,-3019,-3060,-1993,-3700,-3686
-2836,-3099,-3179,-3226,-3187,-2703,-3656,-3096,-3264,-3229,-3177,-3324,-3303,-3422,-3414,-3465,-3468,-3518,-3514,-3527,-3565,-3558,-3602,-3617,-3586,-3607,-3600,-3588,-3522,-3509,-3457,-3382,-3332,-3235,-3207,-2910,-2383,-1586,-1834,-1778,-1707,-1657,-1091,-1126,-983,-874,-644,-372,-88,170,443,607,799,982,1151,1553,2157,2313,2355,2251,2344,2353,2380,2386,2378,2362,2303,2275,2180,2040,1921,1731,1423,2896,9534,13431,13993,10264,6245,4379,3825,3553,3190,2919,2761,2559,2449,2330,2281,6321,2282,1265,1008,760,545,458,253,-10,-82,-206,-261,-686,-756,-773,-798,-826,124,159,198,159,122,45,-68,-123,-165,-306,-417,-455,-449,-594,-536,-654,-715,-724,-703,-1860,-602,-802,-1241,-1443,-2254,-2115,-2259,-2573,-2879,-2904,-2896,-2982,-2920,-3780,-3893,-3956,-3883,-3859,-2827,-2597,-2819,-2311,-2358,-2591,-2627,-3674,-3362,-2842,-2479,-2622,-1471,-2148,-1604,-1462,-3621,-1653,-2663,-1701,-1902,-1946,-2054,-1948,-2043,-1849,-1707,-1891,-1901,-3900,-1748,-1922,-3472,-2700,-1592,-1175,-1296,-1372,-1279,-1411,-1317,-1478,-1221,-1470,-1422,-2257,-902,-647,-816,-842,-735,-916,-1036,-1151,-1199,-1129,-1259,-952,-798,-41,232,-150,-111,-94,-124,-381,-466,-488,-161,-266,-832,-1352,-1144,-975,-958,567,-14,192,-96,-150,-5,290,436,335,625,665,914,874,1242,1261,1020,948,857,851,301,943,1184,1563,1456,1419,1500,1683,1693,1602,1509,1379,1216,1210,917,647,184,-419,-1094,-1694,-2324,-3146,-3780,-3861,-3868,-3890,-3834,-3850,-3811,-3792,-3781,-3750,-3766,-3757,-3725,-3715,-3706,-3645,-3581,-3377,-3168,-2686,-2466,-2608,-2455,-1974,-2144,-1995,-1823,-2113,-2032,-2111,-2369,-2199,-2174,-2203,-2361,-2852,-2426,-2524,-2792,-2776,-2897,-2921,-2874,-3061,-2907,-3155,-3292,-3247,-3348,-3328,-3235,-2959,-3023,-2997,-2907,-2724,-2571,-2283,-2018,-1915,-1553,-1233,-1725,-929,-985,-1406,-1418,-1424,-1647,-1744,-1775,-1976,-2103,-1974,-2070,-2088,-2098,-2148,-2170,-2180,-2194,-2218,-1733,-1787,-2139,-2563,-2592,-2661,-2735,-2803,-2909,-2873,-2869,-3030,-3026,-2586,-2771,-1577,-3650,-1817
-3122,-3184,-3200,-3216,-4030,-2950,-5392,-2881,-3309,-3342,-3357,-3375,-3372,-3403,-3427,-3475,-3474,-3494,-3489,-3533,-3362,-3483,-3565,-3590,-3543,-3550,-3550,-3522,-3477,-3476,-3433,-3387,-3309,-3135,-3084,-3055,-2593,-2196,-1896,-1704,-1627,-1556,-1415,-1268,-1042,-799,-573,-340,-86,150,366,526,739,886,1441,1901,2464,2619,2471,2402,2434,2426,2428,2425,2401,2366,2392,2372,2231,2166,2000,1798,1777,7241,14685,18099,17638,12210,6742,3742,3615,3433,3245,3049,2873,2759,2611,2436,2295,2086,1832,1499,1149,871,709,454,247,38,-39,-209,-479,-610,-736,-845,-837,-825,14,146,184,169,175,163,88,-48,-133,-227,-272,-393,-321,-495,-478,-708,-734,-553,-490,-59,-729,-1352,-1020,-1155,-1241,-1728,-1762,-2586,-2637,-2733,-2733,-2792,-2706,-2639,-3802,-3811,-3968,-2676,-3604,-2494,-2352,-3866,-3780,-2231,-2352,-2800,-3643,-3129,-3292,-2598,-2054,-2005,-1627,-2922,-1600,-1881,-1813,-1855,-2037,-1979,-1798,-1975,-1949,-1863,-1938,-2004,-2074,-1750,-1871,-1983,-1907,-1491,-1704,-1185,-1530,-1442,-1349,-1185,-1347,-1370,-1374,-1415,-1312,-1273,-1042,-961,-957,-1854,-153,-994,-812,-746,-790,-933,-895,-737,-160,-1858,-798,165,65,-522,-991,-367,-179,-130,-383,-1058,-495,-1221,-993,-1177,-1068,1164,406,475,337,203,266,533,664,228,406,986,1228,1381,1155,1444,725,1235,1100,920,1053,966,1440,1452,1562,1631,1672,1748,1866,1839,1754,1602,1345,1203,983,717,291,45,-597,-1404,-2184,-3131,-3744,-3870,-3895,-3945,-3876,-3890,-3871,-3805,-3829,-3797,-3739,-3760,-3758,-3757,-3743,-3683,-3589,-3371,-3138,-2850,-2569,-2517,-2332,-2057,-1852,-2776,-1456,-1825,-1849,-1812,-1937,-1978,-2066,-2059,-2242,-2260,-2268,-2408,-2442,-2528,-2644,-2664,-2729,-2759,-2952,-3038,-3169,-3238,-3126,-3272,-2768,-3012,-2992,-2987,-2812,-2764,-2594,-2387,-2275,-2065,-2001,-1742,-3189,-1352,-1817,-1832,-1793,-1783,-1942,-1991,-2017,-2076,-2174,-2213,-2232,-2249,-2233,-2218,-2275,-2272,-2102,-1194,-1965,-2326,-2546,-2566,-2599,-2723,-2773,-2821,-2615,-2982,-3009,-3026,-3022,-2865,-2366,-1516,-3638,-2931
-3161,-3175,-3186,-3178,-3176,-2963,-2998,-3218,-3285,-3365,-3336,-3328,-3380,-3256,-3408,-3373,-3446,-3483,-3431,-3338,-3104,-3213,-3428,-3540,-3485,-3527,-3514,-3483,-3456,-3431,-3456,-3324,-3236,-2935,-3059,-3040,-2822,-2520,-2025,-1670,-1522,-1417,-1344,-1195,-1035,-763,-549,-333,-92,120,234,444,734,1081,1493,2164,2830,2808,2588,2470,2502,2511,2524,2546,2501,2479,2464,2474,2376,2374,2272,2401,2921,8015,14899,17385,17346,12746,5888,3700,3496,3382,3283,3153,3027,2867,2697,2496,2268,2092,1856,1488,1232,960,772,596,360,136,-28,-264,-436,-641,-740,-879,-932,-866,33,173,268,331,295,294,235,146,0,-113,-217,-308,-439,-479,-490,-702,-393,-167,-23,-118,-373,-1719,-783,-1135,-1222,-1596,-1773,-2184,-2347,-2499,-2650,-2597,-2586,-2397,-3802,-3712,-3940,-3849,-3745,-2409,-2194,-3951,-2669,-4647,-2304,-2634,-3104,-3698,-2868,-2252,-1955,-1935,-1388,-1930,-1926,-2002,-1953,-2018,-2116,-1483,-3124,-1813,-1858,-1904,-1986,-2070,-2009,-2401,-1882,-1981,-1862,-2625,-2166,-1630,-1500,-1350,-1184,-1359,-1370,-1404,-1405,-1430,-1147,-2518,-1040,-908,-2064,-289,-870,-471,-643,-557,-421,-633,-739,-413,-1227,-166,-1607,706,680,661,505,-146,-237,189,-283,-1399,614,191,-503,-1270,1031,910,707,520,531,484,-4,676,574,406,416,964,512,407,1546,1672,1803,1416,1713,1136,1791,1762,1554,1494,1556,1600,1804,1823,2001,2036,1897,1947,1464,1271,1051,832,616,182,-476,-1302,-2113,-3071,-3668,-3878,-3932,-3913,-3925,-3935,-3927,-3847,-3734,-3746,-3730,-3782,-3751,-3673,-3564,-3660,-3484,-3219,-2908,-2675,-2095,-2361,-868,-603,-1347,-1267,-1268,-942,-799,-623,-990,-1511,-1799,-1950,-2091,-2226,-2110,-2159,-2195,-2132,-2285,-2480,-2609,-2760,-2753,-2914,-3016,-2898,-2846,-2870,-2736,-2817,-2624,-2850,-2859,-2790,-2656,-2487,-2376,-2469,-2309,-2235,-2123,-2064,-2080,-2099,-2169,-2130,-2187,-2253,-2292,-2333,-2252,-2358,-2336,-2355,-2339,-2402,-2355,-2300,-1905,-1871,-2463,-2607,-2768,-2760,-2751,-2718,-2849,-2632,-2974,-2993,-3013,-3029,-3049,-3070,-2959,-2650,-2606,-3116
-3141,-3137,-3137,-3024,-3113,-2981,-3075,-3278,-3274,-3331,-3311,-3293,-3310,-3232,-3310,-3294,-3366,-3425,-3211,-3078,-2913,-2880,-3133,-3342,-3439,-3507,-3513,-3396,-3440,-3407,-3284,-2948,-2896,-2842,-2950,-2920,-2957,-2486,-1818,-1502,-1423,-1221,-1125,-1079,-911,-747,-531,-315,-115,53,200,390,781,1095,1089,2266,3235,3219,2637,2663,2675,2680,2599,2631,2638,2613,2597,2624,2586,2686,2979,3661,4906,7733,11651,13469,13002,8421,3664,3528,3492,3449,3361,3256,3124,2974,2773,2614,2345,2121,1764,1521,1260,1022,838,663,483,228,0,-250,-512,-673,-667,-909,-951,-698,113,268,345,484,412,379,318,175,84,-60,-171,-193,-404,-435,-456,-569,-664,-438,-88,-44,-267,-178,-1148,-930,-1061,-1514,-1672,-1916,-2132,-2037,-2286,-2379,-2229,-2196,-3826,-3988,-3925,-3952,-3838,-2460,-4212,-3909,-3188,-2085,-2115,-2592,-2781,-2924,-3377,-3223,-3705,-2423,-2471,-2113,-2374,-2030,-1887,-1889,-2041,-2088,-1535,-1945,-1749,-1839,-1971,-1726,-1924,-2033,-2101,-2053,-1947,-1790,-1696,-2483,-2274,-1408,-1236,-1117,-1093,-957,-1285,-1105,-2459,-1013,-911,-483,-406,-423,-405,-1590,-372,-409,-318,-313,-294,61,-1344,-1698,-1263,459,697,551,773,-329,-316,-237,-440,24,610,706,125,1074,810,634,817,650,1050,922,778,865,576,593,561,361,1755,2048,2055,1312,1910,1906,1715,1648,1196,1625,1645,1636,1656,1715,1798,2008,2241,1884,1541,1592,1588,1497,1264,1083,780,374,-210,-982,-1894,-2795,-3674,-3847,-3851,-3833,-3897,-3875,-3904,-3824,-3804,-3793,-3701,-3739,-3759,-3743,-3399,-3625,-3403,-3135,-2844,-2545,-2167,-1528,-1648,-1221,-371,-1281,-951,-319,-385,-574,-305,-473,-789,-1210,-1763,-1725,-1728,-1615,-1849,-2025,-2177,-2255,-2367,-2539,-2609,-2720,-2655,-2606,-2426,-2435,-2250,-2556,-2772,-2727,-2739,-2732,-2631,-2426,-2532,-2620,-2455,-2516,-2467,-2348,-2270,-2312,-2384,-2440,-2420,-2537,-3557,-2471,-2481,-2448,-2408,-2507,-2465,-2519,-2400,-2417,-2473,-2731,-2740,-2747,-2763,-2732,-2770,-2812,-2811,-2752,-2826,-2985,-2997,-3016,-3039,-3066,-3073,-3094,-3108,-3140
-3149,-3127,-3099,-3057,-3059,-2850,-2896,-3166,-3262,-3310,-3249,-3265,-3220,-3305,-3293,-3245,-3270,-3359,-3175,-2976,-2834,-2730,-2909,-3273,-3272,-3454,-3465,-3462,-3448,-3411,-3344,-2969,-2679,-2585,-3047,-2894,-2757,-2563,-2054,-1414,-1327,-1159,-898,-684,-667,-590,-502,-237,-87,77,393,554,819,785,1092,2115,3802,4284,4346,4426,4333,3694,2767,2731,2710,2772,2739,1724,2966,3009,3464,4500,6087,7983,9425,9708,7206,4052,3722,3653,3611,3571,3455,3341,3212,3147,2961,2708,2370,2031,1776,1562,1358,1123,885,687,524,293,25,-344,-640,-774,-825,-846,-945,-578,293,488,548,637,498,469,355,315,160,42,-86,-147,-285,-303,-386,-684,-509,-369,22,-355,-45,95,-152,-463,-713,-1273,-1655,-1694,-1705,-1833,-2640,-1867,-2064,-2042,-2149,-3885,-3876,-2369,-4056,-3870,-3956,-3923,-3706,-2686,-3058,-2397,-2482,-2536,-2459,-2620,-2005,-3145,-2635,-2105,-2143,-2071,-2026,-2098,-3285,-1814,-2099,-2042,-2073,-1954,-1971,-1765,-1983,-1810,-1893,-1843,-2009,-1774,-2455,-1993,-1398,-1387,-1082,-1234,-1103,-882,-1302,-1022,-905,-832,-888,-2075,-1855,-416,-383,-397,-445,-340,-707,-434,218,-1456,158,267,342,729,420,799,745,291,-105,-263,-173,10,222,-46,549,375,548,865,959,597,1041,848,718,1200,995,812,771,1260,1573,1608,1561,1679,1702,1591,1494,1681,2062,2444,1662,1721,1687,1783,1998,2122,2085,297,875,1589,1697,1651,1498,1185,820,585,40,-547,-1600,-2746,-3441,-3816,-3895,-3877,-3874,-3889,-3899,-3865,-3846,-3843,-3800,-3781,-3727,-3787,-3688,-3557,-3254,-2969,-2673,-2525,-2314,-2235,-1546,-1561,-1457,-1003,-569,-692,-544,-727,-296,-354,-1130,-842,-1242,-1256,-701,-1304,-829,-574,-1775,-2079,-2201,-2468,-2464,-2249,-2443,-2329,-2723,-2765,-2852,-2804,-2704,-2685,-2664,-2688,-2586,-2583,-2671,-2570,-2586,-3772,-2552,-2478,-2573,-2436,-2436,-2591,-2622,-2700,-2715,-2696,-2609,-2530,-2537,-2597,-2579,-2484,-2424,-2451,-2624,-2588,-2743,-2759,-2768,-2785,-2829,-2864,-2893,-2902,-2938,-2963,-2993,-3013,-3029,-3058,-3079,-3090,-3107,-3103
-3113,-2880,-3098,-3034,-3075,-3172,-3263,-3163,-3067,-3287,-3280,-3264,-3281,-3280,-3272,-3269,-3219,-3299,-3223,-2908,-2699,-2568,-2390,-3181,-3286,-3386,-3408,-3444,-3436,-3391,-3371,-2993,-2457,-2237,-2669,-2755,-2775,-2408,-2192,-1543,-1065,-685,-322,-247,-344,-253,-89,-9,318,478,595,709,703,918,1365,2137,4640,4564,4679,4633,4558,4111,3595,2850,2887,2872,2919,2889,3286,3524,3920,4759,6076,7635,8108,7472,5946,4100,3860,3797,3729,3615,3519,3414,3360,3298,3197,2921,2432,2019,1741,1522,1310,1168,975,766,590,345,1,-427,-615,-786,-540,-870,-633,359,539,630,646,685,617,569,465,335,212,117,28,-61,-135,-324,-644,-339,-342,11,224,305,176,-985,-175,-606,-680,-224,-1273,-1308,-1224,-1333,-1408,-1584,-3778,-2853,-1856,-2168,-3935,-3464,-3938,-3950,-3848,-3743,-3910,-3014,-2974,-3049,-2000,-2049,-2172,-1896,-2316,-2650,-3785,-3053,-2508,-2037,-2136,-2005,-1797,-1954,-2095,-2078,-2128,-2102,-1811,-1854,-1824,-2947,-1659,-1507,-1537,-1557,-1336,-1328,-1261,-1063,-1236,-1224,-1179,-1050,-1057,-939,-827,-787,-664,-414,-253,-300,-393,-605,-489,-292,-1627,-1307,225,513,197,51,20,-230,-48,532,708,379,-8,-23,282,667,472,333,372,154,567,537,951,1114,1080,1111,884,1302,1133,1224,1379,1493,1717,1855,1934,1807,1630,1663,1511,1237,2110,1589,1582,1740,1735,1870,1894,1934,1914,1133,838,1473,1779,1782,1554,1339,1138,744,348,-279,-1172,-2332,-3151,-3640,-3859,-3866,-3853,-3761,-3858,-3845,-3850,-3847,-3804,-3796,-3777,-3707,-3613,-3486,-3174,-2857,-2107,-2272,-2144,-1656,-1690,-1583,-1287,-974,-436,790,-695,-609,-503,376,97,-555,-1051,-721,-524,-242,40,-985,-1312,-1758,-2044,-2190,-2390,-2186,-2004,-2263,-2650,-2645,-2666,-2666,-2664,-2712,-2732,-2722,-2658,-2713,-2700,-2689,-2717,-2675,-2698,-2739,-2667,-2613,-2551,-2594,-2705,-2725,-2723,-2713,-2630,-2664,-2654,-2657,-2636,-2584,-2661,-2642,-2668,-2691,-2724,-2687,-2775,-2806,-2794,-2887,-2902,-2884,-2923,-2960,-2986,-3006,-3026,-3048,-3065,-3075,-3094,-3107
-3127,-3119,-3125,-3134,-3172,-3083,-3217,-3245,-3089,-3275,-3274,-3297,-3264,-3287,-3207,-3241,-3228,-3092,-3251,-2896,-2668,-2572,-2423,-3112,-3329,-3335,-3367,-3391,-3417,-3402,-3391,-3123,-2325,-1931,-1934,-2644,-2695,-2572,-2252,-2181,-1313,-425,84,371,209,289,280,520,578,723,923,798,696,1488,1836,2117,4246,4776,4576,4473,4366,4105,3789,3287,2921,3006,3094,3255,3476,3978,4297,4814,6028,7012,7243,6729,5249,4406,4140,4024,3853,3734,3653,3568,3511,3452,3394,3187,2437,1933,1738,1591,1410,1257,1034,783,568,333,0,-213,-753,-819,-932,-882,521,793,816,683,775,697,729,645,504,433,346,202,136,-19,-105,-110,-110,-1107,-313,363,380,716,474,19,-491,-564,-499,-297,-1025,-1059,-1012,-1240,-2277,-1286,-1525,-1606,-1735,-2232,-3994,-3131,-3899,-3885,-3281,-3000,-3878,-3831,-3867,-2243,-2734,-1583,-1706,-1985,-2150,-2839,-2288,-2614,-3704,-2488,-2153,-1952,-2008,-1961,-2056,-1844,-1825,-1830,-1997,-1528,-1581,-2621,-1394,-1301,-1514,-1526,-966,-1269,-1396,-1342,-1236,-1175,-1187,-1169,-993,-747,-779,-712,-1119,-469,-882,-591,-1719,-466,-463,-211,-1121,49,-3,174,-54,5,-18,-164,-248,-210,492,185,-31,-28,210,544,-138,-876,177,165,-469,-385,-482,1197,-47,1710,1547,1328,1309,2410,1941,1802,1796,1906,1921,2208,1866,1608,1637,1570,1786,1455,1483,1890,1866,1836,1962,1984,1976,1094,550,840,1649,1623,1629,1338,1136,932,679,-136,-632,-1606,-2610,-3563,-3840,-3890,-3883,-3859,-3859,-3829,-3796,-3805,-3773,-3771,-3760,-3722,-3511,-3253,-2532,-1697,-1579,-2013,-1324,-1638,-1562,-1460,-1417,-1093,-466,-1160,-495,-146,469,285,265,88,-494,-438,-218,35,353,412,-694,-1608,-1846,-2380,-2034,-2064,-2274,-2462,-2477,-3378,-2424,-2581,-2573,-2677,-2729,-2737,-2663,-2666,-2774,-2772,-2726,-2688,-2643,-2670,-2653,-2719,-2655,-2708,-2728,-2725,-2716,-2718,-2704,-2661,-2679,-2669,-2651,-2711,-2688,-2676,-2586,-2720,-2740,-2780,-2781,-2814,-2837,-2861,-2874,-2830,-2910,-2975,-3007,-3026,-3046,-3055,-3058,-3073,-3091,-3107
-3124,-2910,-3125,-3136,-2771,-3177,-3059,-3054,-3173,-3270,-3268,-3299,-3193,-3209,-3213,-3243,-3195,-3155,-3136,-2780,-2634,-2516,-2325,-2751,-3229,-3259,-3331,-3339,-3333,-3352,-3288,-3227,-2559,-1910,-1556,-1777,-2402,-2353,-2266,-2143,-1790,-961,-178,450,818,971,968,1049,1058,956,1144,1002,878,1274,1991,2584,4300,4631,4424,4379,4278,4073,3811,3532,3112,3282,3114,3487,3805,4332,4640,4918,5624,6290,6604,6280,5399,4679,4365,4167,3996,3959,3753,3696,3607,3639,3533,3690,3066,2279,1651,1541,1386,1266,1063,785,570,413,41,-234,-761,-846,-878,1056,1207,1182,1047,902,752,810,740,744,593,565,471,364,254,190,235,177,-386,75,-57,300,1044,531,244,96,186,-301,-483,-657,-686,-747,-907,-1055,-1199,-1211,-1356,-1453,-1696,-2395,-2005,-4064,-4182,-2484,-2228,-2314,-3345,-4004,-3978,-3057,-2692,-3123,-2104,-1771,-2718,-2200,-1780,-1744,-1668,-2409,-2583,-2015,-1840,-1941,-1883,-2004,-1937,-1807,-2199,-1844,-1961,-1892,-1387,-1449,-1329,-1334,-1534,-1361,-1320,-1249,-1208,-1299,-965,-928,-766,-910,-606,-653,-615,-590,-498,-558,-557,-624,-540,-424,-313,90,-40,39,97,14,122,83,-2,137,308,75,95,146,124,205,561,-6,277,6,400,890,953,1419,1907,2117,1665,1401,1595,2227,1864,1122,1808,1721,1807,1748,1653,1767,1781,1612,1611,1596,1710,1325,1793,1928,1984,1976,2060,1915,900,1167,1528,1547,1494,1356,1158,936,693,469,213,-611,-2165,-2575,-3720,-3816,-3824,-3854,-3872,-3803,-3807,-3832,-3789,-3692,-3699,-4441,-3799,-2353,-1656,-1353,-1445,-934,-1276,-1519,-1463,-1495,-1358,-1299,-1021,-1724,-493,-190,-86,-51,157,163,-3,16,334,207,1047,101,-523,-1668,-1775,-1850,-1956,-1883,-2132,-2231,-2171,-2241,-2275,-2406,-2428,-2598,-2695,-2690,-2712,-2752,-2726,-2741,-2717,-2697,-2663,-2648,-2686,-2713,-2714,-2709,-2721,-2722,-2720,-2715,-2709,-2685,-2686,-2684,-2709,-2733,-2707,-2723,-2712,-2761,-2794,-2827,-2847,-2842,-2859,-2879,-2923,-2918,-2950,-2982,-2999,-3028,-3031,-3038,-3057,-3070,-3084,-3109
-3118,-3127,-2784,-3069,-2637,-3089,-3240,-2857,-3287,-3281,-3207,-3297,-3309,-3200,-3204,-3231,-3138,-3057,-2805,-2598,-2561,-2393,-2137,-2243,-2961,-3235,-3296,-3304,-3273,-3253,-3227,-3050,-2895,-2054,-1366,-737,-2097,-2109,-1999,-1912,-1762,-1046,-197,612,871,1378,1658,1853,1807,1409,1409,1248,1405,1513,2123,2914,3707,4246,4286,4338,4246,4106,3861,3608,3228,3526,3596,3660,3959,4586,4920,5179,5522,5911,6248,6045,5475,4928,4592,4399,4171,3972,3847,3776,3732,3674,3683,4028,3378,2523,2061,1782,1540,1288,1183,1032,753,546,403,-805,-792,-782,-860,1629,1646,1503,436,1084,874,775,831,941,671,616,560,612,524,537,448,345,105,235,427,609,-128,824,1010,868,1142,453,-185,-281,-870,-456,-773,-927,-1101,-858,-1173,-1503,-1605,-2061,-1748,-3473,-2038,-2016,-1856,-3885,-3901,-3207,-3058,-2894,-1795,-2967,-1701,-2051,-2034,-1564,-2228,-2227,-1358,-1779,-3601,-2001,-1846,-1716,-1946,-1990,-1983,-2860,-2328,-2131,-1928,-1828,-1355,-1347,-1177,-1481,-1449,-1462,-1252,-1132,-1262,-1292,-1227,-827,-647,-772,-746,-669,-710,-702,-633,-719,-513,-656,-1083,-381,-212,-107,71,262,22,-59,34,138,-153,7,-127,148,276,421,494,85,281,279,61,139,724,1074,857,964,1329,1819,1497,1666,1693,1846,1861,1721,1762,1777,1635,1611,1560,1484,1514,1613,1498,1572,1740,1759,1809,1877,1943,2000,1997,1882,1825,1225,1477,1530,1562,1348,1135,985,832,559,312,-71,-505,-643,-3318,-3667,-3707,-3831,-3846,-3752,-3793,-3792,-3748,-3535,-3282,-2637,-1944,-1475,-1631,-1360,-628,-754,-1087,-906,-1440,-1393,-1304,-1157,-1086,-801,-874,-1068,18,-421,-239,-89,49,375,504,761,983,581,21,-1951,-1495,-1533,-1585,-2153,-1774,-1978,-1966,-2019,-2175,-2279,-2394,-2407,-2690,-2658,-2684,-2715,-2673,-2743,-2718,-2655,-2635,-2642,-2661,-2712,-2712,-2713,-2706,-2713,-2714,-2712,-2713,-2709,-2672,-2678,-2743,-2752,-2765,-2752,-2537,-2759,-2801,-2858,-2880,-2879,-2886,-2904,-2936,-2895,-2921,-2966,-3009,-3024,-3021,-3027,-3046,-3063,-3077,-3097
-3128,-2973,-3107,-2729,-2757,-3174,-2962,-2769,-2989,-3300,-3271,-3237,-3252,-3204,-3185,-3215,-3128,-3095,-2442,-2247,-2140,-2127,-2098,-2130,-2803,-3228,-3225,-3278,-3148,-3220,-3135,-2925,-2776,-2671,-1652,-816,-352,-1994,-1800,-1782,-1687,-1399,-526,282,663,1185,1525,2031,2350,2062,1407,1164,1507,2036,2342,3225,4000,4188,4164,4290,4267,4122,4004,3854,3400,3216,3966,4525,4971,4641,5145,5263,5510,5794,6060,5723,5457,5056,4716,4475,4278,4062,3976,3925,3851,3745,3926,3986,3345,2636,2279,2077,1807,1612,1446,1216,990,787,794,-68,-807,-810,782,1850,1968,1636,1366,1251,1042,951,1009,913,939,855,945,891,789,810,662,466,16,428,1021,980,907,1025,1161,-48,-260,-869,51,-66,-8,-166,-824,-610,-2281,-722,-896,-1279,-1437,-1737,-1786,-1840,-1587,-1577,-2689,-3953,-1936,-3050,-1960,-4020,-3633,-1916,-2154,-2696,-1724,-2192,-3158,-2922,-2840,-1861,-3605,-2193,-2859,-2047,-2015,-1992,-3002,-1732,-1655,-1503,-1688,-1744,-1516,-1435,-1188,-1231,-1304,-2191,-1403,-2260,-1261,-1326,-1217,-805,-830,-984,-818,-778,-767,-685,-707,-646,-587,-341,-286,-238,-212,-107,-161,12,-48,48,-157,-21,24,95,251,221,507,845,892,141,58,181,438,611,984,1698,1002,801,1272,-264,1499,1992,1613,1686,1850,1762,1846,1458,1612,1730,1715,1530,1567,1924,1675,1567,1659,1851,1853,1817,1914,1933,1861,1876,1847,1616,1786,899,1500,1368,1251,1116,890,768,627,367,-198,-326,-2297,-3318,-3581,-3639,-3731,-3678,-3616,-3649,-3388,-3112,-2433,-1503,-456,-692,-798,-454,-638,-288,-868,-84,-913,-1099,-1209,-1036,-986,-737,-817,-463,-508,-427,-386,333,207,384,510,599,879,1030,734,-826,-1624,-1406,-1725,-1550,-1498,-1471,-1691,-1989,-2034,-2201,-2417,-2550,-2607,-2629,-2634,-2705,-2663,-2508,-2543,-2728,-2723,-2593,-2639,-2716,-2721,-2724,-2674,-2632,-2673,-2703,-2634,-2713,-2699,-2710,-2738,-2764,-2792,-2773,-2785,-2733,-3626,-2864,-2890,-2907,-2923,-2934,-2937,-2948,-2951,-2996,-3019,-3019,-3016,-3037,-3047,-3064,-3089,-3109
-3137,-2979,-2921,-2814,-2793,-2845,-3190,-2776,-3233,-3110,-3238,-3244,-3236,-3160,-2918,-3054,-3109,-2959,-2155,-2071,-1786,-1680,-2231,-1892,-2581,-2996,-3244,-3257,-3065,-3109,-3057,-2839,-2724,-2686,-2469,-1285,-492,-1516,-1797,-1829,-1466,-1372,-988,-197,314,717,1122,1493,2314,2343,1909,1629,1330,2322,2557,4741,6264,4221,4864,4932,4398,4365,4327,4244,3815,4985,7483,9064,8693,6488,5367,5358,5433,5664,5775,5550,5332,5070,4856,4635,4358,4246,4102,4003,3836,3806,4023,3761,3246,2787,2550,2350,2057,1856,1741,1482,1314,1093,1018,-813,-820,-784,1099,2061,2864,2822,2709,2430,2042,1957,1782,1528,1375,1241,1189,1110,1059,1066,868,649,-185,1358,1250,573,818,1086,1180,-345,-534,9,308,401,622,215,-86,-524,-545,-632,-735,-1047,-1033,-1308,-1618,-1621,-3933,-3906,-3830,-4003,-1644,-2432,-1679,-3320,-3204,-2614,-3708,-2630,-1229,-2683,-3158,-2712,-2873,-1908,-2821,-1559,-2944,-2298,-2125,-1917,-1880,-1745,-2532,-2876,-1530,-1889,-1563,-1227,-1191,-1754,-1367,-1365,-1426,-1902,-1247,-1354,-1286,-1073,-1007,-1099,-955,-1003,-759,-602,-642,-541,-235,-108,-246,-420,-237,-49,-72,214,44,-96,-65,-16,195,426,-582,744,991,1216,1103,665,410,-94,809,-102,-377,908,826,865,1612,1089,1395,1551,1802,1574,1635,1845,1365,1363,1534,1529,2027,1531,1726,2011,586,1552,1702,1702,1580,1871,1847,1871,1831,1704,1864,1725,1653,1610,1589,1370,1264,1151,1035,805,721,597,-192,-821,-999,-725,-1524,-2008,-1972,-1489,-1940,-1363,-2247,-1943,-2320,-600,-527,-404,550,-202,-659,-478,-611,-401,-790,-743,-1818,-961,-921,-881,-957,-957,11,-321,-358,252,-353,301,402,465,770,1077,784,-1100,-1862,-2056,-2125,-1787,-1403,-1450,-1824,-1482,-1995,-2300,-2302,-2459,-2529,-2641,-2712,-2684,-2615,-2754,-2145,-2436,-2662,-2746,-2747,-2630,-2721,-2720,-2718,-2646,-2533,-2306,-2114,-2459,-2715,-2674,-2754,-2777,-2796,-2787,-2781,-2815,-2750,-2885,-2918,-2935,-2946,-2948,-2945,-2941,-2959,-2982,-3006,-3010,-3025,-3039,-3052,-3065,-3102,-3122
-3007,-2822,-2918,-2960,-2906,-2859,-2826,-2950,-2821,-2816,-2942,-3210,-3147,-3047,-3113,-3007,-2936,-3075,-2234,-1928,-1614,-1110,-1441,-2013,-2524,-2945,-2949,-3232,-3223,-2833,-3024,-2786,-2560,-2357,-2120,-1914,-830,209,-1566,-1493,-1330,-1291,-1279,-933,21,634,1042,1362,2021,2241,2181,1893,2215,2581,2963,4177,6272,4366,4428,4517,4592,4698,4875,4745,5098,6911,11320,13157,12308,9349,5539,5459,5459,5623,5555,5438,5284,5100,4946,4762,4507,4349,4188,4031,3930,3854,3770,3508,3224,2971,2733,2512,2376,2188,1907,1769,1445,1317,1237,-859,-833,1113,1704,3076,3694,3646,3432,3148,2907,2699,2409,2127,1815,1568,1420,1308,1203,1139,971,690,22,1743,1481,915,7,-2,1118,1167,-60,906,597,775,587,390,87,-91,-1191,-500,-475,-875,-1134,-1382,-1605,-2464,-4214,-4419,-4377,-4450,-1622,-1931,-1465,-3339,-2177,-1608,-2500,-2958,-1153,-2822,-3196,-2857,-2638,-1253,-2895,-1650,-2828,-2430,-2068,-1967,-1930,-1829,-1998,-1816,-2284,-1779,-1722,-1380,-1476,-1290,-1352,-1390,-1366,-1220,-1094,-1403,-1330,-1021,-943,-994,-1135,-1212,-637,-440,-492,-377,-206,435,269,27,-137,-77,268,193,80,212,280,557,57,-855,-138,1043,215,742,1406,1148,616,408,1010,-205,-266,1445,846,1054,1328,1606,1586,1847,2259,1730,929,1890,1175,1886,1774,1852,1768,1618,1585,1604,1530,1600,1745,1958,1987,1850,1893,1889,1836,1803,1918,1778,1740,1598,1559,1418,1341,1210,1124,878,795,786,30,1778,-605,-253,-801,1061,-181,-853,-1108,-1324,-1530,-951,-441,-246,1153,451,-74,-221,-227,107,258,-396,-616,-794,-775,-895,-913,-869,-829,-851,-703,31,-206,-475,637,424,359,455,79,939,656,-408,-334,-1682,-1291,-1747,-1399,-1971,-2018,-1218,-1615,-2048,-2272,-2619,-2495,-2414,-2591,-2592,-2683,-2709,-2478,-2395,-2497,-2511,-2521,-2746,-2706,-2722,-2611,-2690,-2406,-2241,-2342,-2198,-2611,-2684,-2729,-2784,-2798,-2796,-2830,-2844,-2878,-2904,-2933,-2935,-2947,-2960,-2969,-2972,-2974,-2991,-3005,-3014,-3028,-3039,-3023,-2939,-2947,-2954
-2600,-2429,-2267,-3455,-2262,-2512,-2520,-2957,-2911,-2798,-2692,-2906,-3017,-3075,-2880,-3223,-2237,-2564,-2718,-2056,-1537,-995,-528,-1251,-1312,-2922,-2420,-3210,-3067,-2892,-2793,-2516,-2494,-2223,-2187,-2022,-1645,-606,-432,-1320,-1147,-573,-959,-582,-304,449,1018,1237,1657,1903,2055,2145,2388,2820,3315,3696,4213,4385,4523,4634,4802,5028,5529,5629,5979,8926,13073,11536,12461,9685,5854,5611,5532,5532,5506,5542,5286,5150,4985,4816,4577,4397,4204,4106,3952,3854,3711,3534,3338,3197,2978,2669,2519,2344,2199,1962,1679,1352,218,1523,897,2994,3716,3597,3910,3730,3526,3320,3262,3101,2904,2423,2015,1922,1644,1461,1388,1417,1149,546,47,1450,992,1061,169,47,75,1324,296,659,642,685,701,967,708,-3072,485,-7,-862,-558,-361,-1231,-3115,-3926,-3798,-4352,-4822,-4366,-1698,-1317,-1226,-1840,-1723,-1875,-2937,-2066,-1339,-1353,-2648,-3143,-1677,-1527,-3268,-2881,-2320,-2234,-2007,-1808,-1840,-1714,-1797,-1932,-1748,-1492,-1519,-1377,-2168,-1396,-1266,-1226,-1262,-1099,-1380,-1388,-1150,-1023,-927,-993,-1107,-969,-666,-689,-313,-419,-38,593,-42,188,642,415,444,469,250,294,576,714,1042,1259,1074,1123,-28,1369,148,1359,873,702,708,751,1175,847,797,414,103,1320,1780,583,2345,1185,1991,1895,2054,2219,1672,1637,1864,1857,2133,2405,1948,1577,1708,1337,1899,2039,2005,1872,1784,1778,1804,1889,1724,1714,1529,1480,1352,1381,1334,893,884,962,-27,-17,-66,378,-30,-18,-30,-444,586,-795,451,-208,504,233,25,365,123,-708,-543,315,223,-71,-641,59,-63,-808,-838,-837,-710,-796,-976,-53,-153,606,203,523,891,463,653,795,806,603,275,225,31,-1397,-982,-1418,-2032,-1575,-1656,-2321,-2401,-2262,-2316,-2599,-2533,-2598,-2660,-2644,-2710,-2467,-2460,-2405,-2218,-2200,-2470,-2635,-2596,-2541,-2431,-2438,-1968,-2025,-2234,-2653,-2656,-2769,-2798,-2799,-2819,-2874,-2906,-2925,-2920,-2927,-2947,-2967,-2987,-2988,-2991,-3002,-3013,-3027,-3032,-2892,-2873,-2873,-2667,-2614
-2520,-2374,-2199,-2134,-2040,-2349,-2500,-2867,-2951,-2885,-2886,-2873,-3078,-3135,-2991,-4535,-3625,-2498,-1893,-2205,-1364,-903,-418,-16,-1432,-2879,-3151,-2884,-3107,-3011,-2670,-1781,-1809,-2167,-2081,-2017,-1888,-1210,-619,-640,-778,-708,-313,-181,-52,366,728,1054,1514,1916,2101,2461,2692,3019,3437,3847,4156,4422,4611,4851,5218,5754,6239,6371,7035,8540,12664,14006,11590,7260,5850,5781,5716,5641,5564,5553,5336,5171,5099,5056,4622,4394,4231,4090,3979,3879,3762,3580,3393,3254,3094,2876,2728,2564,2481,2123,1880,1676,1476,-981,-998,4174,4075,1523,3768,3585,3474,3492,3450,3374,3187,2649,2224,1950,805,1645,1710,1534,1436,1058,870,1180,1291,1566,755,1024,516,994,910,823,503,520,486,-452,-2222,-1589,247,241,-563,-932,-1355,-3250,-3271,-1198,-3828,-3562,-4969,-4253,-1821,-1753,-1702,-2269,-1362,-1779,-1748,-1787,-1513,-2627,-1744,-1189,-1520,-1888,-3424,-2940,-2522,-2441,-2230,-2163,-1901,-2024,-1961,-2027,-1881,-1685,-1575,-1418,-1503,-1230,-1225,-1233,-1495,-1168,-1295,-1327,-1129,-1078,-946,-1026,-766,-1397,-668,-534,-160,-48,-788,-585,-549,-394,-427,-384,574,707,494,667,809,933,675,1128,1336,767,1366,1355,2073,1305,891,819,240,890,758,800,866,1171,1062,1071,1362,696,2259,1599,2031,1936,2095,2237,2093,2284,2281,1440,1394,1370,2120,1841,1644,1771,2077,1412,2054,1781,1878,1850,1876,1760,1800,1665,1628,1543,1415,1447,1200,1083,927,1149,1145,495,1899,846,1597,2211,1196,1097,261,351,771,109,84,-132,441,813,797,2585,1209,498,275,-75,739,665,-618,-349,-735,-623,-662,-752,-419,-84,374,-170,228,-892,738,342,516,617,1209,107,1303,599,227,213,-112,-133,-1544,-700,-1102,-1574,-1669,-2306,-2580,-2640,-2656,-2661,-1831,-1943,-2599,-2587,-2685,-2565,-1973,-2396,-1987,-1953,-2619,-2537,-2519,-2177,-2103,-2115,-2132,-2455,-2660,-2697,-2777,-2810,-2824,-2856,-2884,-2892,-2897,-2918,-2957,-2981,-3013,-3006,-3009,-3015,-2908,-2822,-2993,-2899,-2867,-2563,-2569,-2447
-2471,-2377,-2146,-2242,-2109,-2412,-2346,-2579,-2530,-2715,-2903,-3193,-3095,-2987,-3069,-2817,-2503,-2609,-2451,-1827,-1593,-1071,-111,72,-143,-2337,-2886,-2630,-3019,-2908,-2559,-1871,-1039,-971,-1589,-1785,-1743,-1627,-1120,-619,-468,-264,-121,125,287,520,720,1112,1459,1796,2227,2588,2841,3173,3502,3837,4196,4470,4857,5207,5812,6284,6664,6820,7342,8651,9719,9958,8213,6189,6062,6020,5898,5730,5608,5499,5387,5353,5153,5340,5415,5351,4924,4446,4259,4093,3909,3802,3628,3916,3203,3005,2821,2718,2761,2590,2481,2299,2183,2699,3668,3682,-2197,3270,1216,-3531,3601,3529,3426,3388,3463,3055,2489,2241,1940,1879,1859,1738,1595,827,1353,1548,1426,1229,1549,1953,1422,1252,1058,984,602,625,647,649,-3421,17,-191,-2301,-381,-664,-1603,-1614,-2350,-970,-1174,-3906,-4227,-3983,-2665,-1869,-1830,-1917,-1764,-1888,-1789,-1829,-1811,-1704,-1830,-3145,-2222,-3416,-2656,-2468,-2102,-2288,-2198,-1826,-1732,-1967,-1870,-1965,-1806,-1638,-1468,-1465,-1357,-1187,-1202,-1196,-1140,-1331,-1289,-1850,-1136,-943,-872,-905,-732,-669,-515,-415,-54,933,-389,-324,-441,-327,-490,-413,-359,822,-25,1070,1185,1237,1563,1492,1427,1443,1298,1349,1062,1368,1255,1104,1052,1224,1248,1096,610,789,912,903,1114,1728,1960,1944,1941,2072,2066,2541,2577,2836,2137,1500,1395,1819,1859,1802,1718,1766,2093,2078,2227,1775,1805,2344,2265,1822,1749,1745,1996,1635,1569,1325,1605,1169,2320,987,889,1636,1408,1467,1834,1193,1150,1234,1456,760,434,499,1356,617,945,-1296,912,945,1410,1261,142,777,1300,-134,69,-378,-396,-176,-595,-511,-732,-701,-562,-664,-222,1147,232,478,286,1153,1523,1476,1428,1126,660,439,49,291,190,-238,-1347,-2196,-2224,-2398,-2051,-2589,-2450,-2034,-2626,-2105,-2644,-2714,-2655,-2408,-2054,-2058,-1937,-2124,-2316,-2486,-2427,-2231,-1791,-1724,-1962,-2297,-2661,-2712,-2803,-2820,-2844,-2855,-2876,-2894,-2894,-2905,-2961,-2988,-3011,-3020,-3017,-2942,-2767,-2855,-2867,-2896,-2690,-2487,-2382,-2383
-2157,-1960,-1871,-1862,-2055,-2240,-2405,-2501,-2230,-2189,-2526,-3042,-3155,-2852,-3061,-2978,-2698,-1916,-2983,-1945,-1359,-1157,-694,-96,523,-2382,-2442,-2244,-3027,-2863,-2871,-2499,-1270,-499,-415,-583,-1510,-1431,-1087,-795,-530,-372,318,452,597,634,1056,1331,1570,1934,2374,2663,2937,3337,3689,4049,4304,4697,5163,5821,6395,6778,6959,7007,7259,8287,8263,7919,7104,6562,6259,6156,5957,5765,5719,5576,5571,5732,5573,5664,5968,6057,5209,5380,5148,4680,4356,4125,3962,3793,3632,3547,3247,3145,3154,3259,3228,3234,3087,4014,3290,4023,4133,4074,4047,4038,3952,3741,3396,3254,3389,3385,2921,2680,2393,2167,2087,1928,-889,699,1733,3750,1523,1292,1338,1388,1326,1588,1397,989,733,859,526,-15,-1277,34,809,281,-526,-477,-504,-1002,-804,-914,-890,-4101,-4014,-3681,-1477,-1756,-2452,-2747,-1681,-3185,-1982,-1876,-1590,-1780,-1927,-1873,-1921,-2086,-2700,-2607,-2689,-2818,-2160,-1840,-2009,-1797,-1636,-1770,-1312,-1551,-1411,-1424,-1293,-1311,-1290,-1220,-1219,-1295,-1091,-1166,-1044,-895,-799,-634,-706,-451,-341,-874,47,-141,-453,-378,-351,-444,-524,-510,-399,866,1504,1422,1395,1388,1489,1231,1370,1283,1466,1619,1919,1511,1167,1150,1272,1317,1350,618,1148,910,881,1003,1380,1899,2076,1948,1930,2044,2304,2763,2612,2832,1970,1462,1534,-494,764,1905,1850,1901,2141,2129,2080,1523,1779,2209,2379,2177,1520,1774,1976,1940,1823,1648,1222,1689,1219,1146,1469,1877,1843,1888,1909,1314,1202,1494,981,739,851,650,619,1157,681,1324,1175,859,1047,2825,1322,1728,1565,426,206,85,-226,-226,636,566,109,-205,-570,-458,-417,378,809,805,1047,1555,1536,1404,1681,1279,963,1051,1177,699,1108,912,553,-196,-2394,-2770,-2271,-1924,-2619,-2647,-2282,-2803,-2693,-2439,-2694,-2350,-1824,-2037,-1732,-1705,-1866,-2339,-2517,-2473,-2158,-1876,-2071,-2090,-2469,-2783,-2695,-2754,-2862,-2875,-2878,-2868,-2903,-2915,-2970,-2992,-3001,-3016,-3016,-2905,-2846,-2824,-2869,-2677,-2534,-2360,-2292,-2429
-1911,-1813,-1720,-1791,-1973,-2049,-1979,-2046,-1807,-1834,-2229,-3141,-3155,-3077,-2944,-2990,-2730,-2343,-1539,-2944,-1637,-1218,-959,-279,371,-2276,-2663,-2316,-2630,-2773,-2730,-2735,-2367,-922,22,72,-729,-1184,-795,-298,-246,0,414,770,944,1003,1371,1714,2074,2378,2595,2909,3141,3364,3872,4202,4544,4881,5494,6317,6838,7268,7389,7313,7313,7655,7855,7643,7190,6727,6476,6285,6138,5949,5824,5825,5884,5979,5993,6327,6576,6452,5916,5875,5805,5502,5175,4623,4456,4378,4384,4343,4061,3694,3581,3673,3693,3863,4254,4536,4387,4385,3391,4527,4154,4100,-293,956,809,3401,3464,3646,3185,2701,2539,2348,2201,2021,-1477,-3167,1984,2115,1033,1474,1451,1509,1503,1738,-691,1137,903,1010,628,-2643,401,732,684,340,369,-206,-274,-564,-562,-740,-1553,-4067,-2859,-1200,-1230,-1329,-1184,-2894,-3761,-2221,-3691,-2286,-2062,-1454,-1270,-1775,-1788,-2043,-2331,-1947,-2361,-2271,-2074,-1814,-1843,-1762,-1807,-1551,-1837,-1707,-1708,-1387,-1526,-1479,-1316,-1359,-1149,-1136,-1082,-923,-824,-752,-651,-543,-512,-424,-446,-224,-305,141,-382,-379,-256,-422,-497,-481,-420,740,960,1421,105,1651,1661,1552,1386,893,-270,1702,683,1611,1315,1390,1502,1616,1599,1505,1239,1123,1545,813,1485,1478,2054,2147,2354,2088,2611,2517,1651,2995,2099,1766,1857,2253,2315,1969,2231,2225,2176,2210,2298,2596,2033,906,863,2357,2143,1861,2088,2308,1755,1620,1400,1334,1225,1087,1343,1452,2177,978,2279,1939,2064,818,700,1328,959,384,824,1331,906,940,828,972,677,1336,1065,861,934,1001,134,-1,-78,-108,396,589,215,305,-88,-215,-41,95,-220,730,929,1314,1867,1697,1725,1427,1780,1690,1195,1515,1822,1302,618,83,226,-2247,-2651,-1789,-2582,-2140,-2458,-1164,-861,-1643,-2392,-1878,-1982,-2072,-1709,-1373,-1893,-1918,-2461,-2494,-2382,-2280,-2075,-1753,-2251,-2489,-2697,-2841,-2527,-2752,-2767,-2898,-2914,-2929,-2974,-2985,-2922,-2967,-3010,-2993,-2916,-2945,-2926,-2726,-2585,-2457,-2214,-2075
-1749,-1635,-1624,-1484,-1918,-1894,-1934,-1909,-1714,-1460,-2645,-2714,-2943,-2752,-2821,-2844,-2872,-2396,-1823,-1480,-2935,-1397,-1057,-665,-23,-1211,-1578,-1403,-1787,-2155,-2521,-2645,-2565,-2303,-2048,-1824,-1455,-426,-341,-230,74,321,884,1010,1317,1520,1808,2057,2412,2619,2857,3108,3340,3470,3958,4397,4867,5193,5769,6625,7535,7876,8151,7908,7493,7473,7546,7397,7123,6803,6583,6485,6459,6480,6405,6342,6351,6247,6660,7047,5557,6582,6158,6281,6295,6112,4359,5335,5076,4820,4824,1866,-1764,3764,3875,710,4233,4488,4576,4761,4560,4648,4808,4761,4545,4295,2854,1146,-1464,-4570,3732,3839,3831,3297,2927,-586,2420,495,-2701,-3322,2090,1989,1806,1864,1696,1827,1647,1150,1290,1094,994,1218,784,387,1019,1343,787,776,399,221,-20,-329,-340,-473,-4122,-1594,-827,-844,-968,-2228,-751,-3265,-4051,-3353,-2374,-2339,-1559,-1194,-1237,-1476,-2220,-2442,-2133,-1988,-1997,-2098,-2083,-1778,-1650,-1600,-1664,-1508,-1163,-830,-1265,-1244,-1398,-1339,-1550,-1048,-1165,-1084,-946,-864,-742,-636,-365,-424,-200,-499,-519,-686,-1253,-38,-273,-430,-403,-39,169,-175,35,936,1619,2208,2087,1924,1829,1474,1362,1430,1567,1675,2127,1195,1617,1654,1839,1860,1737,1183,1443,1238,1190,1403,1170,1535,2016,2286,2350,1501,2690,2530,1881,2736,2835,2678,1786,2867,2209,2135,2238,2256,2425,2515,2489,2251,2086,2551,2299,2540,2292,2273,574,592,2113,1779,1498,1239,1008,902,573,1556,2078,2042,2372,1794,2534,2066,1267,1722,892,2056,1795,1357,2151,256,692,1542,1368,1094,1088,1221,1135,980,514,68,77,107,957,-301,716,287,331,261,-382,724,1050,834,792,909,1202,1793,1825,1770,1757,1899,1377,1409,1554,353,521,594,618,-2235,-1621,-1151,-1548,-2543,-2097,-1761,-644,-931,-976,-1480,-2251,-2351,-2076,-1624,-1603,-1745,-2245,-2538,-2549,-2285,-2133,-1784,-2081,-2245,-2148,-2564,-2588,-2569,-2759,-2528,-2850,-2937,-2955,-2883,-2817,-2903,-2979,-3000,-2961,-2893,-2992,-2559,-2449,-2430,-2206,-1938
-1825,-1447,-1602,-1778,-1700,-1871,-1502,-1755,-1448,-1362,-2533,-2627,-2396,-2479,-2592,-2600,-2460,-2904,-2417,-1762,-1664,-1499,-951,-804,-318,-1544,-1459,-1464,-1689,-1726,-1716,-1807,-2001,-1674,-1503,-947,-79,74,84,244,495,555,1187,1181,1476,1768,2048,2348,2538,2777,3095,3336,3489,3803,4128,4668,4999,5736,6775,7874,8885,9360,9364,8716,7848,7355,7374,7218,7042,6804,6688,6572,6747,6550,7010,4834,6780,5982,7366,6109,7073,6702,6376,6551,3086,2619,4304,-256,2637,533,3204,-474,1418,4624,4349,4366,4399,4438,4540,4658,120,4771,3755,1292,-506,-2074,-1413,-2948,-4431,1448,4523,4296,4103,3785,3505,3009,2607,-1667,-1506,715,2283,2163,2035,2057,2399,2147,2097,1709,1829,1317,1285,1462,82,647,1112,1444,919,1218,1622,835,399,-17,-875,-181,-4233,-3124,-608,-665,-528,-620,-1169,-3815,-3462,-3397,-3408,-3332,-1118,-1036,-1317,-1261,-1874,-1981,-1697,-2235,-2006,-2177,-1960,-1844,-1674,-1543,-1592,-1397,-1336,-1210,-1157,-1204,-1217,-1099,-1273,-1137,-2329,-965,-2454,-826,-719,-1423,-199,-82,-184,-367,-471,-573,-622,-571,176,-388,203,175,-166,-232,1355,1373,1865,2560,2259,1937,2228,1656,1342,1356,1897,1768,1918,1882,1420,2072,1840,1821,1780,2070,1889,1397,1315,1349,1484,1500,1670,2476,2600,2506,1796,2714,2738,1853,2429,2370,2327,2701,2117,2058,2208,2461,2722,1661,1661,2206,2079,1830,3443,2197,2495,2307,2491,1787,2378,2063,1762,1683,1322,1169,1371,1372,1476,1906,1894,2036,2199,2461,2458,2201,1160,1659,1780,1163,1995,1479,574,1344,1841,1065,1068,1171,1558,1003,950,473,206,-160,688,1101,454,496,480,-343,-96,-167,584,749,910,957,1665,1624,2292,2007,1779,1776,1379,1381,1391,1412,1533,1017,801,-2395,-785,-941,-1121,-4078,-1484,-1004,-1924,-1441,-1916,-906,-550,-1520,-2254,-1780,-1494,-1663,-2143,-2438,-2479,-2409,-2438,-2363,-2280,-2185,-2395,-2473,-2314,-3029,-2398,-2445,-2539,-2668,-2955,-2682,-2542,-2693,-2608,-2816,-2832,-2969,-2581,-2505,-2135,-2143,-2024,-1680
-1434,-1729,-1512,-1433,-1616,-1615,-1476,-1352,-1424,-1639,-2572,-2528,-2423,-1744,-1850,-2013,-2309,-2409,-2036,-1599,-2018,-1554,-1014,-732,-1165,-1983,-834,-1494,-1219,-1675,-1593,-1491,-1388,-1136,-692,-189,97,214,271,573,895,1147,1389,1373,1648,1946,2328,2404,2819,2904,3208,3532,3772,4058,4256,4610,5673,7132,9017,10091,9958,10703,10324,9130,7793,7338,7209,7117,7001,6899,6790,6802,7118,7282,7393,6930,7242,4772,7687,5603,7177,6519,6720,6421,6194,7786,3441,-241,-427,448,3061,5390,5216,4917,4728,4338,4258,4266,3346,4638,4869,4947,4384,1565,1327,-1625,525,-1870,-1346,-3716,-4600,-2970,3015,4208,3816,3589,2983,2695,2647,2530,2480,2414,2282,2197,2590,2207,2220,2202,1923,1435,1378,-1981,-1046,965,1157,1071,1070,1277,1288,1425,44,324,-2102,-4141,-4063,-3974,-623,-558,-1866,-618,-3318,-2786,-3603,-2844,-1790,-1316,-1042,-1416,-2214,-2138,-2392,-1824,-2076,-1727,-2021,-1881,-1831,-2560,-1657,-1424,-1297,-1261,-1999,-1172,-1443,-1024,-1154,-1020,-1014,-941,-989,-970,-880,-715,-604,-466,-222,-116,-279,-422,-436,-569,-667,-540,-487,943,1613,1431,1281,906,759,1952,2174,2485,2372,2118,2337,1869,1777,2195,2141,1752,1862,1900,2119,2318,2062,2004,2048,1153,2127,1661,1451,1676,1624,1701,2448,1144,1114,2469,2602,2742,2495,2607,2079,2104,2293,2146,2089,2341,2212,2465,2652,2678,3332,2925,2514,2827,2243,2639,1998,1777,1155,2246,1827,750,1566,1342,963,923,1230,1194,1308,1525,2024,2721,2764,2618,2688,760,2278,1772,1718,1681,1208,617,1573,1838,1389,1811,1142,1004,1472,1617,870,349,633,898,821,771,748,791,575,617,499,150,769,499,676,1392,1739,2011,889,2749,2309,1605,1752,1558,1746,1803,1414,1293,392,-957,-646,-438,-431,-2469,-2259,391,-655,-1512,-1798,-1028,-1202,-1668,-1344,-2101,-1766,-2061,-1923,-1917,-1920,-2158,-2172,-2257,-2415,-2134,-2185,-2314,-2259,-2118,-2162,-2158,-2253,-2481,-2700,-2540,-2489,-2690,-2493,-2714,-2750,-2149,-2388,-2617,-1790,-1816,-1690,-1885
-1392,-1319,-1241,-1292,-1344,-1100,-1407,-815,-2604,-2563,-2378,-2238,-1956,-1383,-1436,-1807,-2004,-2730,-2861,-1826,-302,-2247,-1545,-1313,-1206,-867,-557,-696,-744,-932,-871,-999,-864,-726,-367,19,258,325,550,859,987,1180,1496,1663,1848,2084,2403,2590,2857,3170,3323,3711,3969,4254,4335,4675,5590,9036,12134,14146,13561,11831,10558,9246,7803,7317,7146,7069,7063,6957,6905,7222,7056,7359,6241,6995,6808,7751,7990,5700,7438,2518,7468,3070,2589,6898,3849,364,104,4776,2743,5621,3013,2466,831,-2124,-2716,-3714,-811,-765,1136,2720,4430,4482,4388,516,-3210,-4565,-3408,-1423,-69,-470,-518,-2225,-3856,2133,3915,3163,1881,2608,2554,2462,2590,2488,2232,2079,2021,1842,1523,1580,-3421,-130,-2863,-3179,1251,-2093,1068,1308,1083,941,-1635,-3107,-4519,-4081,-4311,-4014,-3337,-3345,-3500,-3659,-3682,-3075,-3834,-2650,-1573,-1356,-2511,-1469,-1849,-1887,-2718,-1857,-1977,-1707,-1883,-1760,-1665,-1443,-1594,-1534,-1371,-1745,-1440,-1174,-1045,-983,-692,-992,-903,-1144,-1111,-900,-955,-897,-693,-610,-391,-369,-323,-340,-439,-515,-427,-529,-308,475,762,948,1119,1217,1399,1732,2706,1615,2202,1229,2072,1701,2050,3035,2457,1982,1847,1835,2112,1744,2220,2334,2088,2359,2187,1929,1949,1917,1848,2153,2289,3078,2605,2294,2447,2419,2372,2457,2296,1830,1757,1774,1808,2045,2313,2812,2700,2461,2765,2025,3093,2589,2440,2300,2442,1597,1622,2001,2130,1806,1607,1130,1109,1191,1185,1239,1373,1569,2176,2749,1697,2379,2261,2374,2193,2084,1630,1470,1544,2018,748,1940,1411,1357,1358,951,1318,1200,939,848,920,952,951,965,879,918,726,1163,1023,622,1117,720,1163,166,2277,1926,2757,3098,2449,2704,2497,2116,2286,2500,2422,1365,882,-959,353,-520,-154,-36,-18,166,-276,-735,-1039,-1123,-1595,-1056,-962,-756,-954,-2001,-2657,-2321,-1393,-1725,-1945,-2045,-2109,-2267,-2086,-1863,-2282,-1950,-1868,-2139,-2234,-2256,-2578,-2673,-2582,-2854,-2747,-2955,-3046,-2235,-1503,-1771,-2496,-1650,-1494,-1430
-932,-913,-868,-985,-757,-1482,-2044,-830,-2448,-2248,-2022,-1521,-1411,-1381,-1259,-2826,-1455,-1717,-1822,-1700,-2288,-1391,-910,-821,-778,-1005,-625,-1184,-360,-433,-357,-46,-267,-169,72,127,333,437,824,930,990,1191,1495,1868,2033,2158,2394,2694,2998,3235,3604,3938,4206,4527,4560,4988,5917,10056,15739,17303,16451,14916,11816,8418,7199,7132,7126,7086,7041,7000,6994,7347,7143,7051,6837,7072,7106,7211,7298,7416,5375,7472,4959,7885,7910,7970,2954,2128,2333,5831,5630,5494,5230,4726,4412,4268,1105,1773,-2874,-2689,670,-2894,-3235,-2912,-2220,-2821,-808,-3467,-3038,3751,4250,4872,1446,1726,2130,242,6121,3513,3003,2623,2711,2614,2670,2438,2405,2301,2117,1864,-3430,-3574,-3966,-3763,-3735,-3692,-3814,-3655,-3629,845,-3725,-3770,-3856,-4195,-3990,-4085,-3942,-3920,-3773,-3785,-3946,-4054,-3179,-3444,-3471,-1714,-1256,-1697,-1574,-1450,-1491,-1481,-3061,-1479,-1761,-1391,-1658,-1660,-1519,-1539,-1532,-1460,-1282,-1847,-1425,-1773,-1142,-893,-2125,-792,-885,-716,-761,-808,-654,-1255,-729,-597,-684,-475,-100,-253,95,-376,2,124,101,526,826,1411,1229,1141,1177,1274,1718,3365,2591,823,2224,1801,1764,2061,1929,2698,2883,1779,2028,2083,2377,1109,397,1118,2280,2090,2330,2461,2391,2273,2262,1759,2497,2372,2320,2337,2470,2378,2266,1758,1652,1604,1734,1961,2346,2398,2280,2421,2657,2602,2632,2209,2440,2135,2185,2371,1593,1714,1130,1498,1379,1148,1126,968,1173,1152,1754,2075,2422,2478,2468,2222,2002,2030,2639,1724,1730,2230,1673,1357,2083,1785,1794,1289,1447,906,953,896,1008,942,972,1148,1081,427,1048,970,1146,1027,1126,1063,1011,911,1266,2125,2463,2649,2947,3248,1931,2928,2503,1565,1238,1187,1603,1608,746,1323,1248,819,909,904,1007,1091,451,12,-466,-1170,-1404,-1177,-1011,-689,-446,-591,-982,-1965,-1048,-1716,-1260,-1362,-1757,-1794,-1651,-1684,-1986,-1856,-1967,-2026,-2089,-2226,-2257,-2327,-2606,-2741,-2881,-2853,-2697,-806,1321,477,-2146,-1628,-1484,-1205
-725,-574,-751,-1019,-808,-762,-2166,-1293,-2288,-1932,-1144,-490,-1842,-1487,-868,-1094,-1012,-1281,-1923,-1493,-1525,-787,-840,-1060,-684,-747,-654,-360,-335,-236,-150,-84,-79,-317,412,354,483,579,942,1081,1262,1422,1624,1928,2090,2274,2590,2787,3029,3303,3654,3959,4418,4779,5265,5521,6063,9662,16614,16275,16264,16593,12220,7985,6919,6973,7005,7019,7000,6921,7458,7069,6624,6981,6813,6899,7015,7063,7125,7360,7439,6853,8252,4237,2688,3707,4313,2910,2241,4650,5385,5162,4865,4587,4405,4279,4242,4149,4042,3729,2452,1283,-1154,-2868,-2759,-2743,-3521,-4226,-4175,-1047,3732,4360,4723,5212,5187,5268,4681,4647,2731,3100,2869,2834,2764,2976,2715,2311,2129,2059,2010,1661,1437,1593,1362,-2037,-2284,1354,1226,-1818,683,993,-1054,-4059,-3919,-4101,-4106,-4412,-3903,-3250,-1359,-2347,-1603,-1743,-1040,-1524,-1551,-1830,-2333,-2062,-2176,-2750,-2809,-2084,-1839,-1192,-1388,-1470,-1451,-1306,-1581,-1546,-1506,-902,-1841,-1930,-1682,-1122,-1041,-972,-965,-789,-740,-2040,-536,-408,-643,-563,-689,-660,-183,116,132,593,406,295,284,847,1119,1394,1452,1895,1290,1167,1391,1682,1795,1852,1277,1783,1184,1857,2221,2079,1887,2511,2110,2218,2563,470,368,397,2674,2587,1199,2788,2744,2397,2404,2360,2358,2277,2321,2424,2506,2505,2592,2412,1930,2034,1926,1863,2013,2352,2308,2028,655,1791,1929,1413,2486,1554,2206,1899,1951,1585,1460,1338,660,1158,1081,1197,1156,1498,2297,2367,721,2943,1727,2174,2019,2462,2701,2600,1940,2100,1915,1352,1406,2022,1053,1756,1167,1176,1212,1069,1064,952,1003,735,1156,1234,1172,1517,859,1677,1001,983,1344,1239,1200,1701,2121,2394,2752,1754,2644,2713,2408,1542,1592,1434,1573,1610,1370,1384,1133,847,1051,1532,125,685,1227,495,58,-1173,-884,-1190,-778,-389,-384,-176,-1682,-1483,-300,-1399,-286,-1077,-1439,-1235,-1460,-1240,-1345,-1669,-1944,-1963,-2057,-2097,-2053,-2927,-2383,-2615,-2599,-2452,-2738,-837,2873,783,-1697,-1426,-1391,-1223
-1139,-682,-691,-1991,-1753,-1749,-1804,-2399,-2183,-728,-187,-274,-759,-885,-1768,-1055,-607,-558,-1390,-1268,-543,-916,-1712,-827,-522,-530,-472,-142,-302,-240,-87,-30,186,585,202,437,593,710,959,1216,1306,1561,1743,1922,2167,2498,2780,2880,3124,3417,3712,4165,4513,4968,5576,6306,7579,9887,15020,16945,17562,15424,10548,7113,6875,6881,6918,6905,6917,7082,7259,6570,6531,6603,6678,6841,6989,7126,7509,7640,7505,6618,5798,6767,6759,5212,6324,6051,3562,4016,5450,5104,4791,4555,4385,4318,4218,4127,4082,4003,3940,3849,3777,3693,1735,289,-1781,-3574,-4615,-4689,-4125,-493,4555,4946,5386,5212,5164,4763,4011,3474,3202,2988,2848,2811,2709,2648,1881,2593,2079,1808,1578,1768,1765,1685,-1460,1756,-48,1002,1188,442,-4003,-4110,-3729,-4093,-3859,-4019,-3978,-3798,-1674,-698,-1670,-3245,-2933,-1346,-1306,-1518,-1969,-2207,-1933,-2177,-2324,-1818,-1173,-1108,-1571,-1429,-1527,-1295,-1372,-1331,-1304,-1286,-1489,-1645,-1060,-1065,-1205,-983,-929,-880,-814,-391,-1092,-1121,-367,-321,-31,-105,160,381,328,318,698,879,1358,1372,2416,2041,2355,2501,1391,1251,1308,1191,2054,1772,1750,1844,1914,2106,2410,3691,1949,2760,2199,2708,2797,1003,450,1106,2179,2537,2631,2651,2579,2512,2649,2490,1719,2447,2384,2318,2454,3144,3381,2485,2529,3008,2166,1913,1817,1864,2042,1723,1695,1671,1602,1618,1996,2198,2137,2028,1616,1070,1124,1046,1178,1158,1057,1168,1105,1353,1645,2428,3086,2779,2391,2070,2161,1588,1342,3170,2392,2090,1599,1978,1639,1906,1630,1612,1309,1249,1214,1334,1034,1898,1282,1198,1089,1249,1280,1440,1783,1526,1141,1021,1420,1434,1470,1252,1894,2224,2455,2409,2406,2446,2174,1918,1769,1777,1832,1775,1707,1402,1033,1244,1592,1784,1189,861,510,1213,682,222,-630,249,-1504,587,503,516,101,234,349,120,-1059,-451,-263,-149,-514,-892,-1232,-1511,-1770,-1750,-1862,-1878,-1947,-2103,-2160,-2506,-2604,-2432,-2248,-2216,-823,-155,-1234,-1510,-1265,-899
-771,-1920,-1952,-1575,-1591,-2021,-1961,-1747,-1615,-985,235,-186,-545,-732,-1043,-1139,-631,-912,-1218,-556,-939,-611,-435,-457,-478,-321,-954,420,-21,-195,-120,91,199,371,411,611,736,852,1082,1269,1452,1679,1834,1959,2218,2510,2681,2904,3168,3593,3814,4162,4658,5156,5885,6771,8671,9877,11294,13051,13118,10119,7612,7147,6903,6882,6883,6905,6845,7162,6697,6261,6220,6400,6550,6699,6920,7302,7495,7506,7437,7131,6726,6615,6786,6677,6406,6060,5816,5665,3733,5203,4784,4530,4419,4327,4232,4116,4005,3955,4131,4079,3797,3676,3938,-1851,255,-2215,-4132,-4673,-4900,-4129,-4772,-1432,1367,5312,5375,4956,4436,3825,3382,3077,2938,2869,2893,2680,2534,2346,1905,1778,1950,1965,1906,1819,1763,-1493,-69,-288,1582,939,-3927,-4130,-3743,402,40,-3808,-3043,-1710,-1401,-1044,-831,-748,-3459,-1307,-1518,-2661,-2206,-1777,-2385,-2104,-1392,-1353,-1241,-1388,-1857,-1358,-1485,-1181,-1184,-1296,-1284,-1125,-1560,-1582,-1194,-1259,-1171,-1194,-650,-810,-783,-747,-1092,-1154,-132,-156,-97,233,237,14,227,428,587,-166,-84,1432,1812,2100,1851,1421,1350,1291,1171,1211,2120,2020,2420,2134,808,2389,2469,2598,2984,2580,2605,2498,2780,2893,2798,2938,2769,1418,2592,2582,2647,2110,3137,2639,2766,2555,2554,2290,3300,2162,2356,2220,1819,1760,1650,993,1675,2122,1422,1470,1407,1580,1488,1631,1797,2194,1989,1128,1438,1033,1424,924,1182,1572,1034,1125,1085,2100,2669,2855,2919,2710,1907,2651,2576,2532,2593,1396,2635,2603,2109,2004,2131,1665,1676,1577,1207,1183,1220,1247,1363,1342,1395,1350,1242,1272,1280,1393,1535,1499,1410,1575,2052,1699,1452,1675,911,2233,2333,2337,2394,2829,2794,2133,2621,2144,2309,1730,1925,1593,947,1690,1673,2058,1214,727,507,1567,1072,1032,821,859,1390,1561,1400,698,624,-1040,938,519,494,-357,129,-128,-628,-1083,-1319,-1405,-1465,-1314,-1758,-1957,-1847,-1640,-2076,-1887,-2276,-2207,-2320,-2261,-1674,-1356,-1773,-1562,-1442,-948
-963,-405,-783,-130,-158,-216,-547,288,441,754,153,-208,-229,-737,-1209,-1182,-708,-700,-1021,-840,-642,-575,-330,84,-356,-264,-883,383,-72,-252,-125,97,183,721,896,1213,778,941,1131,1289,1533,1799,1962,2161,2337,2538,2707,2923,3150,3536,3835,4247,4614,5111,5977,7337,9057,10149,10845,11287,10199,8576,7814,7239,7006,6879,6889,6866,6794,6998,6149,6016,6171,6259,6302,6517,6686,7025,7320,7462,7307,6979,6948,6076,6882,6676,6462,6088,5759,5573,4034,5098,4758,4519,4369,4251,4150,4031,3952,4036,4125,4085,3423,3576,3840,4053,-1143,155,-92,-3009,-4491,-3036,-2855,-4850,-4954,-4899,-3977,-1546,4394,3949,3494,3025,2805,2669,2661,2560,2466,2143,1946,1850,836,-4275,-3563,-3536,-2211,-1675,-752,1262,-800,-1884,-3965,-3872,498,38,-611,-641,-857,-807,-849,-912,-960,-992,-1210,-1436,-1684,-2050,-1930,-2294,-2062,-1237,-1758,-1287,-1297,-1500,-1442,-1328,-1202,-2020,-823,-971,-934,-976,-2629,-1320,-1113,-1286,-1127,-1211,-810,-726,-521,-351,-502,-205,-116,-162,-113,188,255,194,291,386,584,614,903,1046,1303,1233,1319,1345,1338,774,1723,1807,1918,2113,1296,2381,2562,2293,2325,2407,2770,2649,2615,2651,2569,2634,2787,2831,2827,3022,2771,2797,2782,2853,3270,2221,2654,2679,2730,2914,2534,2577,2321,1897,1616,1593,1358,2470,1916,1361,1305,1315,1317,1419,1744,1771,1842,1836,1393,1096,1095,991,-133,1005,976,1084,1336,1420,1652,2032,2511,2773,2739,2924,2882,2893,2605,2422,2322,2342,2496,2689,2381,2043,2156,1960,1767,1891,1368,1349,1488,1292,1337,1493,1321,1331,1302,1536,1295,1407,1568,1492,1735,1862,1994,2245,1723,1884,2172,1153,2097,2096,1413,1742,2368,2680,2685,2756,2245,2687,2156,1661,1487,1339,1751,1512,1551,1496,1769,1844,1693,1691,1508,1735,1936,2191,2117,1660,1111,639,597,901,491,255,41,-194,-816,-1047,-1175,-1433,-1362,-1723,-1830,-1656,-1411,-1635,-1273,-1369,-1752,-1949,-2261,-2107,-2364,-1725,-1833,-1643,-1537,-1366
-634,-186,369,158,402,510,-9,1041,424,643,201,-76,-182,-520,-1066,-1232,-783,-643,-923,-910,-325,-345,-210,-230,-34,498,358,195,-167,380,-85,53,153,1088,838,991,905,1061,1217,1485,1671,1807,2046,2223,2391,2537,2723,2887,3141,3391,3659,4037,4481,4981,5773,7065,8857,9830,10377,10379,9697,8449,7549,7162,6936,6828,6728,6671,6517,6681,5808,5889,6083,6170,6130,6183,6583,6846,7014,7095,7333,7078,6803,5445,6723,6545,6262,5988,5750,5466,5220,4943,4643,4466,4323,4207,4049,3993,3820,3811,3791,3722,3324,2906,3084,3830,3737,3194,-3158,-2548,-2514,-39,-2462,-2868,792,2339,-291,-4165,-5082,-5102,-1888,-4267,133,2336,2366,2332,2360,1946,473,-3769,-3934,-2645,-1557,-809,-1720,-2190,-702,1564,-3046,-3889,-3665,910,-207,-23,-249,-390,-593,-669,-872,-939,-1117,-2621,-1197,-1262,-1390,-1884,-1994,-2120,-1666,-1293,-1683,-1252,-1374,-1086,-1338,-1104,-1119,-987,-926,-921,-866,-872,-790,-1122,-1047,-857,-608,-377,-543,-667,-740,-596,-383,-310,-230,-46,149,295,388,-642,452,539,638,768,1088,1224,624,1275,191,1167,310,967,469,1943,1891,2196,2140,2331,1775,2524,2451,990,2429,2624,2647,2520,2445,2670,2741,2732,2721,3179,2782,2296,2835,3064,3185,3018,2844,2802,2827,2230,2293,2337,1733,1527,1266,1203,1753,1169,2022,1388,1294,294,1183,1292,1816,1294,1889,1667,1414,1029,995,910,953,1109,1158,1262,1287,1451,1312,2475,2498,2027,1463,3097,3293,3189,3134,2518,2289,2422,2771,2845,2677,2525,1981,1995,1941,1990,1458,1290,1539,1618,1307,1529,1515,1419,1403,1348,1389,1424,1551,1910,1835,2113,1514,2034,2123,2088,1454,1952,1938,2339,2494,1240,2207,2307,1347,1331,1378,1358,2117,2054,1742,2135,2232,1442,1566,1420,1739,1734,1583,1995,2156,2139,1269,2343,2535,1871,1223,773,1043,705,447,611,231,-76,-336,-877,-1074,-1145,-1355,-1740,-1666,-1605,-1658,-1688,-814,-1143,-1357,-1800,-1277,-1865,-1217,-1439,-814,-1982,-1964,-1283
-795,537,-731,722,1157,895,1398,1353,663,500,232,271,-183,-75,-704,-783,-629,-517,-676,-373,-45,90,200,-672,-785,837,573,491,643,411,-66,48,138,1593,833,862,971,1142,1290,1481,1642,1890,2124,2326,2512,2649,2805,2959,3081,3307,3560,3944,4341,4836,5521,6526,7895,8950,9371,9251,8815,7951,7368,6975,6821,6704,6598,6401,6310,6571,5893,5797,5985,6085,5938,5955,6591,6713,6830,6999,7341,7191,6804,6608,6498,6263,6044,5881,5565,5352,5043,4697,4559,4428,4259,4135,3932,3893,3770,3691,3651,3797,3353,3371,3302,3314,3365,3371,3366,3156,3361,3507,3868,4362,4611,4455,-650,-1593,3598,3604,3302,-3196,-5104,-4893,-3593,-4126,-3573,2039,-4291,-4709,-3470,-1574,-1762,-2067,-1555,-3674,-4002,-4019,-3600,768,1064,439,98,-104,-263,-306,-386,-528,-859,-1096,-1245,-1139,-1273,-1087,-1075,-2455,-1885,-1573,-1714,-1672,-1191,-1216,-1189,-915,-895,-953,-1159,-846,-1033,-1033,-814,-597,-2533,-1229,-682,-679,-559,-538,-383,-299,-182,-285,-224,-109,-199,271,446,533,511,648,634,643,699,894,1169,579,1511,1515,1695,1792,1784,1554,1811,1914,2065,1866,2090,2522,1079,2542,2547,2482,2393,2377,2464,2668,2511,2765,2674,2580,2781,3069,3274,2287,2923,2885,3064,2931,2921,2991,2848,3256,2370,2151,1309,1343,1149,1072,1528,1181,2299,1434,1297,1251,1250,1284,1008,1801,667,2466,1312,1174,983,47,822,-356,-312,1223,1289,1469,2155,2395,2604,2881,3111,2980,2500,3214,2745,2625,2320,2487,1964,2787,2669,2671,2466,2203,632,1998,1764,1732,1445,1523,1576,1314,1440,1596,1423,1361,1449,1467,1570,2020,1888,1690,1812,604,2173,2249,2021,1867,1198,2013,2096,2332,2327,2503,1300,1257,1237,1637,2377,2185,1633,2149,2164,1357,1803,1766,1521,1667,637,1283,971,2211,2048,1927,2181,1710,986,987,1133,774,1119,1084,551,965,-16,-473,-32,-758,-1802,-1070,-1409,-1404,-1520,-1301,-576,-1412,-1830,-1473,-1730,-1678,-1204,-1918,-1867,-445,-270,-301
253,214,2226,2201,907,799,1151,863,1289,688,528,461,413,-1255,-1352,-687,-16,375,179,-23,40,238,293,646,863,852,858,905,901,505,-115,58,79,1860,849,861,926,150,1881,2118,1910,2008,2122,2298,2483,2595,2704,2870,3133,3306,3535,3805,4111,4653,5198,6000,6752,7414,7879,7885,7702,7305,6934,6699,6613,6518,6416,6249,6146,6061,6943,5933,5925,5977,5930,6037,6373,6704,6856,7045,7155,7071,6717,6376,6163,6026,5862,5694,5417,5198,4903,4660,4445,4258,4118,3986,3862,3736,3627,3629,4151,3609,3241,3217,3161,3142,3068,3326,3501,3608,3592,3683,3936,4081,4116,4042,3985,3735,3636,3537,3292,221,1909,-802,-4838,-4098,-4587,-4728,-4570,-4315,-4523,-4167,-3718,-3833,-3698,-4165,-3442,-4082,-3383,659,1137,493,333,-118,-195,-126,-262,-622,-1036,-1439,-1438,-1503,-1783,-2028,-1920,-1333,-1026,-1189,-1410,-1101,-1333,-1092,-1461,-1194,-953,-1075,-1191,-838,-1076,-1118,-1072,-775,-504,-720,-830,-741,-685,-567,-265,-311,-187,-133,-196,-610,-8,470,25,567,-350,796,-534,758,881,978,868,614,1364,1759,1223,848,1246,1986,1873,1978,1971,2233,2403,2498,2365,2367,2612,2565,2526,2409,2491,2421,2446,2601,2480,2564,1219,2658,2604,2566,2935,2916,2739,2814,2863,2758,2765,3519,2269,2384,1390,1235,1185,1207,1695,1125,2259,1393,1287,1232,1167,1238,1261,1441,1282,163,940,546,528,-416,480,577,982,1096,1203,1481,1720,1933,1757,2564,2039,3024,2824,2598,2546,1490,2510,2637,2584,2842,2818,2587,2466,2489,1541,1765,1559,1658,1370,1382,1429,1554,1335,1461,1403,1273,1447,1455,1475,1634,1576,1669,1708,1925,1427,839,1848,1883,1943,1955,2018,2485,2397,2692,1309,1666,1289,1249,1436,2097,1904,1784,1730,1526,1948,1707,1496,1594,1607,1612,1061,2113,1960,1888,1592,1351,1198,1270,1438,1551,1492,1570,1863,1082,423,-317,-176,-1359,-2416,-2335,-1027,-944,-1109,-1008,-659,276,-1319,-1457,-1661,-20,-489,-1860,-1858,979,4,689
333,1020,1985,1426,1809,1369,1471,836,1402,1184,1138,1205,663,337,-644,-536,85,-164,13,-249,128,286,312,-406,633,683,1288,1358,1202,480,-110,43,3449,931,863,912,1052,1333,1734,1812,1903,2029,2150,2241,2544,2754,2713,2852,3028,3175,3413,3660,3887,4218,4725,5491,5961,6430,6735,7062,7004,6827,6710,6518,6437,6367,6233,6048,6024,6092,7240,6935,6414,6384,6237,6176,6257,6618,6750,6895,6884,6699,6435,6158,6043,5729,5668,5439,5238,4960,4729,4524,4342,4189,3999,3918,3715,3598,3515,3964,4301,3233,3166,3098,2943,3095,2990,2892,3210,3492,3523,3661,3899,4095,4220,4169,2712,3595,3376,3424,3518,3446,3134,2545,1718,1924,2399,2087,1674,841,-3812,-3890,-3608,-3251,-3371,-3497,-3895,-3685,-643,816,927,752,681,402,167,79,-104,-561,-2101,-1856,-1901,-1972,-2041,-2058,-1309,-1299,-825,-875,-1405,-1768,-1210,-1469,-1057,-1298,-1204,-1140,-1146,-1119,-1167,-1216,-1121,-951,-832,-770,-787,-726,-456,-334,-530,-277,-111,-50,-4,-66,167,706,864,757,693,802,849,929,940,1118,1103,1251,1491,2154,903,813,819,1608,1994,2034,2231,1176,2341,2398,2297,2774,2613,2369,2677,2775,2551,2516,2398,2345,2575,2558,2428,2359,2499,2349,2894,3047,2596,2648,2668,2275,2382,2479,2536,2283,1790,1694,1698,1738,1232,1524,2294,1918,1675,75,1485,1485,1400,861,1142,979,903,498,429,436,427,591,-10,895,1181,1141,1600,1668,2178,2503,2826,3120,2670,2300,2272,2181,2187,2355,2596,1668,2650,2720,2447,2392,2266,1717,1705,1381,1433,1440,1301,1454,1314,1355,1488,1474,1377,1480,1525,1624,1537,1679,1714,1742,1919,2269,2020,1799,1941,1799,1643,2269,2376,2441,484,1513,1278,1307,2633,2339,2035,1598,1608,1584,1536,1427,1460,1767,1416,939,1517,1935,2045,1971,2060,2215,1312,990,1670,1612,1773,1496,1760,1145,430,782,-96,-490,-426,-557,-554,-1675,-1542,-606,-600,-1275,66,-619,-428,-319,-108,-254,-1348,320,721,1090
867,1850,852,1943,1780,1319,1618,1324,1358,1314,1257,1045,381,63,-734,-124,53,-213,-93,-189,59,-41,546,603,602,368,1064,1394,1227,516,-99,-25,2907,948,921,1029,1190,1398,1698,1801,1889,2062,2154,2302,2468,2608,2868,2970,3029,3125,3263,3424,3636,3897,4361,4982,5465,5839,6109,6369,6447,6415,6373,6324,6247,6138,6049,5957,5835,6522,7250,7107,6934,6590,6413,6339,6327,6449,6543,6505,6394,6354,6185,6022,5719,5514,5392,5271,5076,4735,4527,4382,4187,4016,3866,3779,3645,3416,3235,3115,3038,3013,3102,2834,2906,2814,2815,2754,2921,3067,3301,3622,3834,3977,4047,3922,3816,3393,3402,3554,3882,3953,3284,1980,1678,1744,889,2200,2032,1576,973,-1223,306,-3627,-3545,-511,429,949,626,651,888,1043,-490,-411,228,76,-209,-1334,-2056,-1984,-1886,-1990,-2101,-2093,-1548,-619,-591,-2162,-1248,-716,-1087,-1355,-1366,-1312,-1252,-1056,-1023,-1182,-1202,-1181,-1105,-1131,-835,-690,-668,-716,-562,-217,-272,-137,315,510,514,280,266,319,514,201,860,883,1165,390,909,1265,1150,1301,1651,1634,926,1056,1215,1148,1854,1844,2142,2222,2196,2253,2364,2487,2519,2595,3403,2245,1799,2828,2296,2223,2512,2688,2491,2263,2179,2462,2635,2760,2483,2764,2442,2196,2231,2058,2500,1767,1501,1262,1270,1216,1141,1640,1060,975,1188,1009,1154,1224,889,897,1162,983,802,456,385,533,824,646,-102,855,791,913,1458,1935,2080,516,2224,2449,2586,2105,1971,1955,701,2133,2537,2604,2648,2719,2463,2230,2115,1911,1637,1588,1534,1500,1341,1400,1264,1296,1463,1533,1536,1518,1578,1524,1538,1560,1634,1636,1830,1886,1865,1791,1820,1890,1889,2246,2309,2235,2251,2304,2697,2446,2120,1805,1795,1702,1870,1858,1921,1752,1821,1688,1131,1763,2133,2107,2283,2217,1476,1030,2384,2170,1914,1779,1775,1820,1625,1093,890,-550,186,-394,-265,-615,-1469,-554,-425,-740,-881,-1326,-1190,-555,-717,-387,-211,26,465,-749,742,812
737,851,1320,1752,1617,1749,1742,1583,1449,1379,1318,1112,370,-231,-571,-400,-1067,127,-22,133,375,811,864,-54,914,1018,1566,1170,718,602,419,1045,1864,974,1177,1062,1481,1564,1787,1824,1886,2021,2094,2232,2389,2470,2616,2805,2918,2956,3125,3237,3490,3682,4069,4485,4949,5391,5569,5775,5920,6017,6083,6051,6076,5993,5926,5874,5751,5760,7050,7514,6427,6305,6242,6407,6424,6248,6272,6149,6063,5923,5758,5511,5397,5229,5086,4924,4780,4579,4336,4232,4005,3870,3708,3535,3471,3298,3155,3005,2977,2894,2813,2708,2745,2653,2610,2606,2796,2980,3251,3463,3559,3864,3820,3490,3464,3350,3356,3469,4675,4602,3796,1916,1588,1609,1765,1755,1737,1449,1228,807,717,205,509,461,780,775,1094,793,47,1239,613,-568,-650,-15,-438,-1326,-2039,-1995,-1834,-1850,-2062,-1982,-1688,-465,-1167,-633,-1419,-909,-335,-1138,-1159,-1036,-857,-961,-776,-1340,-2453,-1234,-1159,-788,-706,-432,-1165,-442,-267,-426,-408,-298,370,379,428,323,374,352,439,475,773,-368,1046,217,355,1354,1172,1492,237,1956,1115,1303,1451,1984,1846,894,1883,2139,2203,1643,1569,2147,2262,2745,3295,2140,2086,2782,2414,2280,2374,2571,2404,2028,2059,2093,1983,2132,2040,2066,2639,2679,1428,2109,1752,1959,2207,2372,2580,1938,2234,785,1114,283,616,833,658,543,2275,260,643,804,308,481,657,1042,1025,803,776,744,759,771,1131,1256,1190,2114,2094,2091,2220,2125,1711,1703,1958,1982,2191,2466,2685,2743,2531,2036,1829,1869,1759,1601,1622,1501,1378,1336,1340,1317,1483,1496,1506,1469,1528,1547,1427,1545,1611,1660,1735,1803,2215,1834,1981,2041,2152,2177,2385,2604,2250,2146,497,2353,1982,1768,1663,1976,2041,2177,2048,1984,1833,1676,2278,1728,1678,2122,2280,2363,2230,2171,2123,2041,1762,1722,1663,1734,1676,1309,775,516,58,-420,-934,-1312,-463,-396,-667,-839,-1494,-183,-671,-431,-148,267,77,429,825,160,1616,2201
541,1430,1834,1599,1543,1650,434,1762,1730,1808,1461,1056,1007,307,-251,-596,-921,-174,-59,282,437,-552,-229,1023,777,463,873,136,1836,528,539,992,163,1119,1217,1230,1414,1547,1732,1841,1921,2033,2197,2317,2388,2451,2576,2744,2721,2877,3049,3112,3304,3539,3795,4163,4575,4937,5183,5363,5532,5619,5755,5716,5736,5883,5841,5730,5596,5469,6267,7281,5706,5925,6379,6404,6430,6149,5969,5826,5801,5634,5458,5267,5082,4979,4859,4681,4543,4342,4228,4002,3794,3691,3568,3418,3282,3112,2990,2991,2890,2774,2670,2786,2523,2550,2564,2578,2909,3078,3262,3428,3367,3299,3548,3442,3208,3330,3451,3417,4161,3488,3420,2242,1636,1531,1590,1612,1699,1421,1334,1242,1148,811,928,851,966,795,861,760,1348,466,436,348,741,-90,-346,-1218,-2041,-2026,-1920,-2014,-2047,-1981,-1134,-914,-577,-2435,-1248,-1247,-2890,-981,-818,-909,-912,-520,-574,-511,-1094,-1165,-1082,-603,-794,-435,-20,-167,219,373,-7,-193,144,308,339,364,381,484,528,485,612,990,1127,681,1532,1729,1267,1623,1761,1088,1466,2135,1984,1614,1473,1525,1685,2508,2610,1616,2880,2174,2152,2182,540,2643,2833,2541,558,2465,2237,2321,930,2614,2212,2457,2257,2231,2775,1903,1768,1732,2071,1994,1229,1466,1818,1728,1654,1595,1513,424,1135,187,440,336,-606,22,-546,-133,504,624,395,264,1150,1113,1022,801,829,731,698,715,745,1034,1180,1612,492,1652,1641,1655,1484,1701,1899,2017,2083,2483,2641,2790,2740,1992,1718,1851,1773,1604,1692,1590,1472,1306,1314,1346,1522,1545,1493,1517,1515,1457,1438,1491,1581,1587,1691,1741,1791,1161,2493,1426,2642,2433,2493,1176,1587,1851,1133,719,1701,1917,1756,2037,2449,2202,1950,1746,1725,1331,1829,1530,2289,1899,1799,1945,1680,1035,1700,1616,1575,1592,1678,1809,1207,1009,943,329,467,407,100,-304,-220,-472,-518,-801,-270,58,-268,-523,561,430,838,536,384,-596,56,2346
825,1485,1680,1536,1613,1537,1590,1193,1722,1482,1710,1013,965,963,261,-47,-89,-81,189,472,1154,-1033,-130,901,788,560,544,882,912,581,606,634,859,2303,1217,1363,1549,1603,1697,1778,1884,2030,2269,2308,2338,2450,2546,2513,2682,2822,2850,3004,3164,3377,3605,3915,4281,4532,4756,4931,5079,5239,5353,5476,5540,5608,5634,5608,5513,5453,5594,6460,5616,5948,6277,6407,6443,6147,5733,5643,5506,5276,5094,4976,4739,4686,4562,4465,4343,4155,4040,3853,3759,3635,3411,3357,3173,3032,2917,2828,2864,2674,2640,2548,2460,2546,2506,2850,3190,3311,3247,3367,3429,3455,3443,3002,3175,4471,5271,3756,4073,3372,3428,2675,1519,1363,1432,1472,1517,1499,1482,1363,1174,1201,-526,931,872,808,598,789,1379,-160,468,537,1478,1285,108,-59,-1109,-2310,-2015,-1996,-1620,-1493,-822,-1122,-925,-1017,-1311,-805,-962,-849,-849,-812,-980,-640,-659,-881,-728,-503,-137,-457,-358,-89,-185,-175,21,-636,293,-64,552,416,907,522,411,498,506,584,786,29,1071,1375,1346,1459,1508,1308,1692,1835,1229,1740,1691,1412,1455,1437,2197,1433,1962,2451,2116,1933,1911,1979,2699,3099,2816,2692,2654,2455,2208,1899,2417,2576,2827,2586,2496,2617,2377,1970,1634,1592,1858,1046,1397,1370,1211,1172,768,631,1063,537,118,522,371,-248,-602,31,-495,-398,-91,-327,-23,-48,-147,951,998,809,671,700,355,468,273,1015,679,911,685,1683,1383,1306,1235,1607,1863,2276,2269,2757,2844,2889,2673,2159,1809,1724,1032,1784,1626,1762,1720,1690,1953,1786,1612,1549,1612,1599,1456,1532,1510,1489,1503,1628,1617,1656,1824,2194,2458,2527,2908,2773,2700,1955,1407,1440,1121,1876,1768,1991,1652,1989,2265,2384,1950,1833,1879,1978,1655,1656,2118,1864,2158,2190,1709,1678,1271,1310,1303,1577,881,1828,1707,1237,-415,413,36,142,22,-97,296,129,220,-608,52,-60,-518,640,71,1307,1214,981,911,820,1259,1805
1304,1037,1120,895,1784,1461,1430,1442,1479,1608,1454,1381,1101,1057,1022,100,528,156,85,819,1030,1185,1145,736,666,776,1021,930,814,629,670,676,970,1048,1177,1680,1545,1582,1633,1768,1773,1989,2209,2229,2247,2272,2365,2446,2517,2663,2769,2873,3061,3311,3440,3691,3945,4212,4403,4597,4752,4871,5077,5182,5272,5426,5412,5419,5302,5270,5177,5829,6045,5528,5262,6303,6323,6068,5773,5512,5299,5131,4874,4728,4560,4469,4364,4197,4086,3915,3777,3703,3576,3456,3378,3219,3167,2976,2904,2806,2773,2764,2601,2412,2367,2352,2371,2764,3260,3192,3342,2987,3331,3302,3210,2966,2960,3286,3958,3362,3568,3558,3957,3189,1537,1260,1195,1307,1424,515,1545,1199,1082,947,904,885,878,889,932,933,1100,1012,433,496,185,455,114,90,-343,-684,-1601,-1723,-1271,-817,-579,-600,-1412,-1107,-1234,-853,-919,-897,-465,-793,-678,-683,-963,-1120,-1280,-745,-331,-1145,119,-209,-210,-76,-325,169,393,797,1229,992,817,636,587,511,579,-420,1104,1235,1222,1178,1244,1414,1660,1917,1875,1844,1794,1618,1510,1466,1482,1416,1759,2594,2255,2086,1751,1814,1869,2335,2831,1670,2983,2950,2944,2941,2762,2130,2580,804,2248,2223,2255,2236,1831,2216,2112,1619,1753,1070,1247,1528,1153,956,582,712,-117,426,41,-229,-733,-860,-737,-418,-443,-1652,-100,-444,91,-454,-143,-1075,-1101,1458,-289,747,275,647,479,572,764,930,1509,423,1239,1017,1061,1645,1870,2499,2692,2962,2965,2725,2575,2182,2252,2141,2148,1746,1682,1800,1991,2301,2800,2766,1797,1525,1499,1422,1482,1443,1410,1425,1650,1647,1355,1667,1741,2011,2224,2229,2473,2094,2758,1867,1422,1369,1750,2437,2335,2053,1638,2150,2248,2286,2040,1854,1900,1899,2040,2130,1846,1881,2242,1787,1367,1202,1146,1122,1472,792,770,1132,1419,1627,989,475,562,209,230,1048,480,582,484,337,566,504,1143,1353,1033,1310,1208,915,1093,1189,1299,813
669,1110,828,889,1260,1691,1893,1569,1009,1607,1757,1426,1458,1338,2182,458,716,933,778,576,311,812,941,767,770,957,897,453,899,701,673,679,1243,1074,1111,1174,1538,1524,1506,2106,1794,1266,2101,2173,2238,2276,2310,2381,2445,2519,2699,2840,3060,3126,3288,3529,3740,3972,4132,4340,4501,4637,4784,4963,5041,5149,5198,5196,5137,5147,4982,5162,5547,5417,4515,6170,6186,6038,5749,5631,5344,5057,4802,4561,4415,4333,4251,4061,3928,3743,3674,3557,3423,3381,3224,3101,2895,2790,2721,2743,2612,2567,2522,2313,2330,2280,2400,2633,3195,3339,3255,3308,3123,2979,3006,2945,2860,3034,3248,3238,3311,3601,3917,3378,1407,1186,1148,1145,1279,1481,1120,1416,154,841,875,981,883,868,853,991,-399,164,689,738,698,383,231,86,-206,-294,-457,-1302,-306,-422,-486,-602,-752,-953,-161,-783,-1046,-550,-424,-695,-556,-642,-907,-1205,-1300,-864,-230,360,440,-115,-196,-125,-171,-74,470,1498,1830,1817,1038,833,845,582,657,229,157,809,1292,1143,1225,1649,1829,206,-189,2278,1751,1650,1502,2025,1831,1803,1953,2059,2242,2056,2382,2473,2397,2353,3187,2567,2634,2767,3482,6,2648,2608,2331,1963,1581,1498,1491,1968,1789,2019,2055,1559,1992,1319,1070,190,970,838,721,363,-37,-288,-1121,-701,-601,-859,-757,-375,-854,-2490,-1306,-286,-886,-1161,-757,-2800,-838,1075,543,-16,173,255,296,269,731,793,1043,996,934,704,1007,1239,1831,2515,2552,2783,2709,2773,2651,2233,1341,1424,1451,1494,1755,1872,2178,2344,2674,1794,1746,1488,1400,1443,1406,1504,1433,1441,1476,1659,1710,1659,1675,1891,2335,1923,1741,1473,2201,2030,1343,1450,1357,2586,2308,1826,1922,2258,2228,2554,1616,2184,2322,2457,2515,1603,2074,2046,1741,1503,1064,1072,1133,1148,1565,1068,754,1332,1120,1084,816,-34,674,926,1032,956,940,909,927,1324,577,1079,1066,1269,1095,1461,1160,823,928,1145,910,1057
1090,98,986,836,1065,1558,1618,1673,1605,1752,1556,1756,1285,1033,1055,1021,1151,1044,784,607,712,760,1017,827,852,181,68,621,2775,656,674,532,519,2588,1161,2329,2163,1475,2732,1753,1711,2073,2440,2157,2174,2204,2244,2313,2389,2562,2669,2825,2926,3040,3202,3402,3581,3729,3935,4075,4203,4402,4569,4788,4861,4932,5077,5049,4988,5036,4932,4928,5176,5493,4375,6043,6026,5891,5789,5576,5361,5050,4770,4452,4327,4149,4026,3897,3725,3684,3568,3425,3345,3196,3128,3000,2725,2748,2685,2532,2658,2665,2430,2348,2289,2366,2313,2984,3446,3556,3430,3239,3043,2892,2852,2841,2806,2946,3117,3252,3343,4212,3941,1966,1328,1159,1098,1111,1147,1175,1215,1157,1112,904,1170,1345,1188,614,844,924,1119,1056,548,602,631,311,-294,-619,-968,-987,-424,-1589,-321,-258,-486,-580,-878,-230,-196,-856,-902,-509,-1340,-545,-470,-482,-395,-1099,-820,-242,-86,332,507,-121,-161,-102,44,278,609,1619,778,821,851,1139,698,733,975,914,703,635,1505,1187,1230,1382,1794,-324,-475,2397,2368,1605,1533,1691,1512,1960,1812,2134,747,2411,229,1979,1164,1599,2056,2527,2495,2718,2674,2718,2154,2191,2367,1824,1327,1521,1409,1512,1778,1966,1392,1946,1879,1882,1151,1043,979,726,533,-69,-435,179,-158,-670,326,521,-844,-187,-750,-1196,-1256,-1217,-1208,-1947,-1839,-1214,-1258,-843,-706,-285,334,307,113,-99,740,719,637,323,381,387,739,1017,1414,1817,2197,2443,2385,2296,2414,1246,1397,1335,1559,1599,1673,1806,1909,2263,2258,1999,1807,1560,1575,1615,1589,1442,1324,1340,1464,1617,1675,1749,1720,1784,561,2089,1644,1636,1753,1887,1648,1593,2300,2338,2218,1868,1933,2644,2630,2605,2778,2387,2499,2699,2384,1756,1861,1409,1364,1301,1451,1330,1079,1194,1413,1169,1278,1295,534,1112,748,909,1093,911,1429,-151,1128,1545,1750,755,1097,1022,1097,1111,1311,1261,985,668,204,703,289,852
1003,1596,901,914,1125,1243,1348,1659,1783,1752,1027,1525,1063,1170,1484,947,1344,1453,1066,1226,1161,1375,1135,816,861,681,156,1205,1854,696,735,1180,773,1776,1256,2608,864,2062,1653,1241,1774,2101,2108,2119,2151,2199,2283,2359,2409,2513,2637,2721,2868,2970,3096,3228,3371,3585,3809,3951,4130,4191,4447,4591,4604,4793,4875,4916,4828,4921,4922,4895,5340,4878,4527,5913,5970,5873,5756,5559,5317,5027,4757,4464,4206,4018,3872,3768,3681,3589,3418,3352,3166,3109,2977,2789,2774,2733,2680,2588,2564,2485,2415,2392,2416,2518,2471,3385,3782,3719,3549,3174,2991,2938,2835,2739,2687,2763,3039,2899,3825,3791,4048,1837,1251,1061,1032,1076,1216,908,825,817,849,941,1386,1142,1563,1141,945,937,925,809,677,793,909,268,-142,-1304,-1621,-1660,-1784,-951,-218,-722,-268,-508,-373,-1293,-70,-940,-781,-533,-294,-165,-1474,-113,-212,-64,-121,299,308,406,382,447,163,-2,-8,382,1027,878,816,940,817,949,1018,965,1403,1725,774,706,1455,1401,1233,1560,1818,2327,1674,2952,2753,1512,1520,1734,1868,1634,1616,1971,1367,1516,2072,1946,1706,1683,2408,877,1480,1510,3003,1451,2201,2047,2038,2130,967,2076,1337,1186,1516,1365,1598,201,-92,-139,1764,1129,1040,300,1068,-576,-868,-586,-539,-601,-393,534,-877,-967,-533,-1200,-1275,-877,-1690,-2145,-2242,-511,-818,63,-919,-504,-737,-624,539,-1069,670,430,438,17,158,316,168,414,-202,1295,1963,1637,1072,905,1237,1266,1420,1181,1350,2996,1759,1853,1980,1975,1869,1771,1674,1577,1655,1430,1582,1501,1381,1413,1406,1549,1692,1614,1615,1692,1444,1786,1635,1700,1700,2505,2295,2554,2669,2224,2235,652,1963,1837,2712,2627,2487,2631,2696,2516,1454,2181,1725,1528,1462,1256,1394,1653,1904,1675,1147,1042,1081,466,41,1001,1330,961,1357,638,1884,1427,2406,2596,770,1941,1290,1047,1107,1785,1696,1226,697,375,-169,309,899,809
733,203,1311,1770,995,1191,1173,1533,1858,1221,1923,1770,1382,1676,1568,1027,1086,1742,1013,1278,1112,1847,1219,1023,847,321,1480,1111,696,807,1079,1231,1206,1188,1596,1565,1939,1883,1330,1476,2093,2115,2090,2114,2141,2168,2233,2303,2344,2479,2582,2683,2726,2822,2920,2956,3136,3367,3675,3784,3681,4060,4265,4375,4487,4603,4676,4813,4725,4779,4799,5526,4849,5242,4681,5304,5897,5937,5745,5440,5203,4993,4705,4473,4243,3986,3800,3689,3582,3483,3323,3197,3115,2976,2819,2864,2786,2697,2641,2626,2585,2427,2383,2407,2433,2619,2728,3406,3872,3819,3553,3100,3053,2875,2785,2649,2735,2748,2746,2853,2646,3849,4430,2046,1149,962,1004,916,810,716,860,731,613,699,1245,1365,1283,1049,966,917,840,800,704,787,1042,-56,-2107,-839,-1736,-1571,-783,104,-129,249,-468,-540,152,-1439,-71,-526,-502,-349,-253,-339,-25,-124,-141,-105,107,-1002,707,693,566,540,289,502,673,598,973,1268,886,880,898,1123,1184,972,1830,1881,1837,1264,1356,1441,1326,1415,1380,2355,2115,2374,2617,1451,1648,1580,1381,1608,1458,1464,1262,1372,1535,1795,1988,2117,1987,913,2048,2776,2382,2848,2265,2181,1834,1558,2081,1626,1228,1258,370,1563,1230,476,-154,-162,1971,254,1196,975,-330,-736,-1011,-740,-966,-1193,-1250,-993,-710,-1035,-1082,-2464,-1221,-1014,-1832,-2707,-3024,-1938,-1136,-54,-1309,-284,-792,-130,99,-877,93,-110,86,-139,-336,-734,-237,-116,-175,1035,1460,1292,617,571,820,2171,2706,1213,1191,1280,1476,1477,1663,1661,1587,1607,1608,1574,1610,1709,1516,787,1324,1375,1409,1463,1527,1589,1595,1616,1969,1886,2247,2237,2669,2717,1951,2479,2204,2220,2281,2389,2221,2407,3121,2859,2508,2336,2155,2601,915,2679,2158,1501,1466,987,1089,1593,1625,1386,989,879,929,1890,1093,1028,1304,1256,872,896,1025,1506,1812,1914,-15,1819,1343,1299,1254,905,1283,1319,1099,800,351,610,884,790
890,1255,1284,1527,1297,1311,1637,357,2138,2179,2324,2046,1682,1389,2042,1420,1654,1928,1747,1787,1913,1841,1749,1337,1128,1297,2166,1409,936,905,1122,1532,1266,1121,1142,2624,1745,1920,1423,1635,2473,2089,2050,2020,2091,2193,2238,2219,2286,2447,2549,2583,2627,2706,2791,2889,3158,3198,3501,3685,3844,3942,4112,4250,4342,4695,4535,4597,4628,4729,4714,4391,4332,4747,5296,5958,5819,5856,5704,5516,5273,4922,4658,4396,4223,4083,3843,3662,3540,3435,3228,3136,2997,2894,2815,2725,2762,2640,2670,2626,2541,2454,2399,2389,2412,2562,2668,3375,3733,3589,3382,3143,2909,2879,2697,2786,2798,2672,2740,2779,3017,3808,3176,1789,1101,854,618,659,614,781,711,770,668,471,557,709,821,867,988,1118,895,775,726,683,798,-1904,-2212,-2121,-1503,-1232,-9,470,-732,-160,-460,373,-228,-213,-205,-301,-298,-342,-327,-315,-1112,-168,89,241,214,310,701,927,788,645,485,724,770,949,1164,1525,1388,1119,1332,1379,1287,1143,1543,1742,1596,1340,1392,1287,1507,1401,1777,1832,1862,2325,1559,1435,1600,272,1377,1906,1537,304,1704,1817,1465,1460,987,1968,1699,1019,1931,2099,2438,2498,2081,2252,1955,1949,1555,1239,1182,1217,1334,1518,1135,1203,1255,1885,617,475,-359,-694,-634,-705,-950,-934,-736,-2178,-631,-1433,-1219,-1388,-907,-1543,-1479,-1486,-1461,-2504,-2281,-1999,-717,-1553,-1803,-707,-1307,-571,-497,196,491,178,-599,177,-907,-658,-467,-719,-579,-393,1196,1631,710,973,-535,1079,590,931,993,1092,1266,1301,1369,1570,1406,1401,1447,1323,1248,1485,1288,1302,1273,1231,1425,1367,1398,1482,1486,1567,744,1884,2328,2618,2972,2002,1943,2094,2235,2231,2261,2660,1467,2703,2842,2795,2126,1791,2313,1644,2448,2345,1877,1418,1139,986,982,643,1611,1849,838,872,1123,1909,1366,809,750,617,703,773,856,793,1420,1600,1828,2133,944,1563,1559,1872,1853,1695,1521,925,266,192,664,622
789,1033,690,1775,1388,1355,1981,2336,2261,2409,2472,2127,1926,1747,2081,2788,2334,2271,1769,1922,1899,1955,1617,865,1538,1668,1422,1169,935,1012,959,1489,1390,1083,1009,2047,1457,1365,2494,2241,2211,2060,2016,2007,2032,2139,2131,2178,2260,2394,2464,2498,2538,2651,2723,2890,3046,3238,3441,3543,3725,3826,3956,4126,4266,4787,4456,4490,4534,4465,5453,4436,4214,4150,4174,5491,5928,5874,7276,8031,6265,4954,4608,4385,4213,4068,3845,3667,3502,3371,3238,3078,2950,2905,2821,2816,2701,2612,2608,2619,2623,2508,2500,2451,2456,2792,2920,2605,3490,3205,3248,3206,2955,2846,2884,2962,2837,2955,2888,3088,3777,3019,2224,1569,983,661,630,603,740,719,651,637,619,553,528,546,632,580,227,779,758,690,1052,-1314,467,490,-1618,-277,-511,124,668,610,421,172,-3,194,-70,-269,-63,-180,-123,-355,-338,-208,61,-16,155,382,507,561,1053,1157,1036,936,1255,925,966,1188,1620,1399,1424,1331,1283,1261,1174,1235,1378,1964,1117,1558,1492,1445,1374,1233,2042,1821,1761,1668,1460,1650,1554,1381,1387,624,1796,1914,1827,646,1447,1326,1499,1379,1410,245,1484,1790,1985,2523,1741,1918,2147,921,1391,1120,975,780,953,1457,822,1180,1273,951,-908,1001,-210,-666,-768,173,-682,-1207,-1561,-1178,-1755,-2359,-1426,-2077,-3067,-2102,-1707,-2053,-2463,-2844,-2988,-4107,-3141,-3452,-2245,-2694,-2675,-1832,-2009,-560,-334,-2307,-448,-1352,-1244,-738,-1948,100,-490,-619,-508,3352,599,-737,-735,-740,166,1692,737,816,1013,1207,1152,1299,1413,1291,1238,1256,1282,1183,1292,1249,1234,1231,1310,1318,1329,1319,1296,1479,1645,1950,1839,2256,2393,2127,2514,2442,2098,1939,2101,1040,2823,2485,2497,2195,1714,1703,2146,2200,1944,1834,1259,1031,426,1214,473,518,772,1564,1120,868,1090,1175,451,956,1059,977,734,843,904,1255,1321,1954,1789,1946,1900,1818,1469,1482,1425,1271,1501,1180,825,1021,919,584
1625,685,552,1331,1894,2093,2084,1995,2274,2278,2022,2961,2427,1938,2661,2850,2419,2064,1916,1895,2065,2313,2405,1878,2202,1373,1291,1969,889,901,955,946,1146,1052,1312,3863,2092,1416,1403,1436,1424,2030,1975,2027,2046,1983,2101,2162,2214,2306,2355,2423,2528,2618,2749,2907,3065,3227,3370,3526,3656,3774,3890,3977,4230,4310,4328,4356,4414,4331,5843,4581,4506,4708,4354,6593,5971,6957,7276,7850,7009,5089,4614,4394,4180,4043,3950,3680,3511,3373,3228,3172,3041,2962,2905,2768,2743,2724,2692,2666,2861,3225,2710,2668,3241,3439,3353,3421,3534,3538,3525,3212,3144,3080,3028,3099,3095,3002,2671,2317,2209,2139,1488,1085,752,799,743,743,1118,-1106,810,679,788,876,910,664,584,547,542,540,494,588,757,477,-457,338,380,236,251,470,567,91,858,417,172,268,-115,-295,35,-72,-57,-199,60,-72,198,251,184,551,730,795,1173,1216,1186,1334,1106,1310,1595,659,1622,1754,1673,1277,1186,1150,1156,1226,1214,604,1048,1341,1647,1270,1406,1446,1475,1954,2056,2394,1658,1898,1481,1293,1338,1278,1714,2043,601,1760,1367,1442,1255,1201,1381,1229,1277,1420,1711,2032,1683,1324,660,1980,1560,991,675,669,820,-835,1126,1588,-350,1535,-149,-863,-895,-922,-1429,-1683,-2047,-1187,-1477,-1384,-1954,-2448,-2993,-2963,-2685,-2263,-2693,-2741,-2601,-3348,-3452,-4613,-4506,-4479,-2798,-2354,-2035,-1512,-1359,-1100,-848,-1205,-552,-1372,-1722,-1412,-1101,-1069,-717,-811,-785,-606,-615,-1024,-1001,-942,160,405,504,460,635,783,934,1037,1253,1166,1114,1121,1264,1281,1350,1320,1228,1201,1255,1343,1319,1241,1196,1186,1415,1755,1760,2250,2324,2200,2038,2195,2474,1912,1992,2688,2841,2462,2420,1746,1632,1873,2222,1873,1297,996,975,961,1231,1841,671,1021,611,1866,1209,879,1044,704,886,1002,1061,1225,885,886,976,1088,1415,1573,1442,1409,1667,1728,1170,1164,-269,1316,1222,975,751,1785,889,977
662,478,383,1126,1809,2847,1750,1673,1754,2328,2493,2726,2449,1616,909,2982,2186,1937,2165,2373,2414,2303,2286,1474,2156,1295,1206,989,899,1072,1000,1301,1328,1141,1169,2092,1525,1385,1396,1433,1512,1852,1897,1986,1968,2019,2100,2154,2202,2233,2349,2423,2480,2593,2758,2907,3385,3213,3366,3481,3620,3709,3825,3996,4094,4145,4155,4214,4269,4255,4997,5220,5208,4869,4965,5204,6070,6833,7150,7631,6419,5433,4582,4391,4248,4021,3875,3752,3588,3463,3337,3162,3112,3044,2955,2863,2843,2800,2773,2789,2858,2725,2897,3148,3637,3790,3618,3684,3580,3754,3867,4988,5149,4338,4067,3669,2501,2403,2409,2230,1994,1548,1213,875,778,769,760,867,935,1287,1123,843,1053,1167,971,928,608,544,559,600,663,516,518,-826,664,499,861,839,-205,410,167,142,455,407,447,569,418,182,205,3,-61,158,148,30,348,589,398,211,904,1011,1234,1202,1390,1355,1715,1461,1845,1623,1855,1584,888,324,1569,1363,1138,1223,1373,1329,1384,1411,1354,1465,476,1527,1481,2039,1528,1413,1714,1941,1723,1382,1330,1337,1683,1601,1956,1988,769,1437,1313,1289,1188,1148,1192,1329,1642,1957,1418,874,1431,1159,1044,900,907,835,795,633,884,1365,949,137,-467,-957,-877,383,-1743,-1167,-1592,-2500,-3184,-3347,-2341,-3211,-3510,-4379,-5639,-5875,-5351,-5379,-5602,-5551,-4449,-4046,-5098,-3821,-2848,-2570,-2282,-1729,-1663,-1055,-1528,-794,-2845,-1830,-1836,-1674,-1509,-1359,-874,-496,-700,-820,-1107,-1123,-1003,-660,-111,162,59,137,437,609,773,934,973,1070,1088,1130,1322,1340,1414,1319,1352,1263,1310,1268,1379,1247,1065,1151,1205,1327,1273,1355,1783,1825,1680,1614,1800,2169,2287,2495,1881,2351,2254,2074,1755,2082,2201,1453,1055,1042,863,906,1560,1379,1165,841,1552,1891,1152,834,1064,537,586,1171,1177,1319,1010,1013,1122,1173,1268,1436,1310,1272,1743,730,1147,1100,1111,1265,1224,873,865,804,1317,710
657,417,431,1046,897,1963,1334,1609,1673,1559,2804,3332,2491,2635,1567,2696,2288,2151,2254,2573,824,2310,735,2082,1515,1410,1475,931,2344,1405,1052,1059,1056,1049,1192,2690,1371,1401,1426,1444,1970,1782,1892,1920,1945,2046,2063,2109,2190,2233,2315,2344,2406,2530,2702,2767,2475,3185,3291,3411,3548,3617,3723,3925,3968,4052,4115,4096,4147,4927,4091,4398,5210,5619,4919,4951,6168,6295,6294,7700,6577,5461,4609,4475,4205,3955,3804,3709,3574,3475,3435,3230,3168,3080,3005,2969,2975,2852,2846,2807,2790,3066,3613,4003,4715,4572,4442,3813,3942,4262,4677,4481,5042,4606,3705,3186,2737,2375,2259,2126,1867,1607,1183,1053,940,823,858,917,842,839,802,905,613,659,575,791,894,591,496,655,795,653,222,-319,-66,1043,-1004,739,746,765,651,551,707,565,-68,-309,514,-675,267,26,134,367,511,698,364,620,346,898,1065,1082,1268,1396,1492,1308,1371,1455,1635,1590,1461,1473,1546,1800,1532,1423,1521,1374,1086,1403,1387,1280,1337,1378,1930,1514,1455,1553,1367,1310,1452,1867,1774,1768,1765,1416,1598,1817,1925,1065,1751,1571,1421,1308,436,1340,1569,1665,1972,2071,1804,860,1224,910,856,1125,-73,1155,418,445,560,1187,979,992,-144,-1240,-2172,-1334,-2809,-2440,-3462,-5745,-5016,-5496,-5802,-6260,-6417,-6430,-6481,-6471,-6427,-6463,-6493,-6376,-6262,-6598,-5251,-4937,-4537,-2969,-2528,-1980,-2389,-2190,-1965,-1295,-2665,-2217,-2106,-1935,-1818,-1683,-680,-836,-956,-1170,-1330,-1440,-1228,1486,794,-295,-152,-158,272,537,667,817,905,1047,1290,1246,1457,1469,1451,1212,1306,1324,1238,1311,1461,1080,1045,1076,1159,1231,1319,1277,1281,1343,1381,1677,1829,1921,1996,2551,2263,2238,1835,2457,1638,2772,2317,1401,1022,929,862,896,1214,1330,892,919,833,1193,1286,1007,1072,507,701,995,1218,1298,1152,1031,1066,935,1201,1177,955,932,1036,1283,1071,669,1047,1174,673,809,758,845,896,659
399,372,609,1199,1102,1686,1541,1524,1549,2337,2141,2211,2279,2395,2424,2331,2404,2071,2046,2158,1837,1957,1958,1998,2588,1648,1487,1103,1139,1047,1076,1051,1064,1045,1129,1507,1898,1660,1460,1469,1705,1785,1841,1887,1920,2002,1996,2082,2182,2252,2262,2360,2444,2563,2665,2766,2989,3075,3206,3367,3508,3560,3629,3756,3954,3729,3998,4736,4036,4337,4091,4328,4730,4815,4984,6220,6367,5567,7063,6279,6208,5823,5094,4572,4638,4042,3830,3672,3539,3448,3354,3233,3224,3158,3104,3041,3001,3062,3006,2951,3090,4206,4913,5007,4993,4778,4538,4501,4407,4139,3920,4374,3007,2631,2602,2787,2644,2396,2155,2100,1999,1801,1439,1317,1039,991,1254,942,839,813,899,808,805,548,538,528,598,744,725,712,806,580,505,-507,-480,807,1013,1109,1074,377,811,829,876,616,393,398,404,190,137,283,405,512,604,151,740,863,927,370,994,232,1246,1179,1411,1643,1341,1709,1558,1551,1431,1383,1424,1460,1482,1367,1676,1580,1398,1417,1316,1238,1352,1476,1654,1419,1377,1611,1463,1674,1720,2065,1699,2240,1510,1580,1904,2018,2009,2164,2045,1865,1616,1735,460,1729,2025,1781,1401,1342,1652,891,870,208,755,1243,1066,638,978,888,939,-1545,-675,-572,-1913,-3024,-3235,-3699,-3519,-4295,-5438,-5898,-6619,-6863,-6963,-7156,-7145,-6234,-6515,-6514,-6654,-6467,-6545,-6597,-6389,-6437,-6427,-5970,-4415,-4015,-3851,-2844,-3214,-3457,-3464,-3440,-3590,-2091,-1974,-2163,-2132,-1991,-1274,-1305,-1281,-1169,-2414,-1839,-1879,-1625,-1225,-1072,-897,-1131,266,665,747,775,958,1519,1046,273,1619,1474,1423,1267,1250,1351,1352,1267,1211,1195,241,1071,1141,1391,1772,1464,1515,1511,1534,1914,2091,2031,2707,915,2213,2190,2284,2470,2752,2547,1502,1211,1188,911,975,-109,1411,1280,1177,1101,954,1006,1671,1365,1297,768,648,762,980,1137,1168,1073,738,583,1329,1262,958,952,933,1026,1588,358,1022,445,800,814,974,829,806,968
268,1415,1822,1510,965,1134,1171,1540,1602,1062,2422,2070,3170,2209,2268,2344,2655,2211,2131,1838,2048,1270,1953,1887,1693,1298,1335,1591,1120,351,1450,1096,1088,1054,1940,1061,1582,1952,1504,1389,1682,1751,1880,1768,1887,1935,1955,2114,2451,2239,2284,2436,2515,2545,2635,2737,2844,2981,3098,3226,3331,3419,3517,4764,3871,3890,3859,4093,4231,4011,4745,3988,5188,4736,4675,5609,5046,5988,5909,6703,6172,5918,5173,4527,4271,3848,3821,3907,3532,3468,3379,3275,3201,3178,3114,3094,3116,3014,3163,3283,3356,4231,4364,5223,3697,5379,4750,4122,3862,3642,3173,3331,3454,2628,2594,2485,2514,2483,2515,2418,2213,2055,1879,1518,1351,1171,2447,967,424,607,880,728,768,698,648,595,641,961,461,881,691,680,501,203,-1263,1170,871,150,899,143,808,850,805,856,450,532,-1144,327,259,281,350,-726,782,1065,1102,-612,930,771,1008,1111,1115,1088,1341,1345,1463,682,861,1472,1504,1532,1519,1391,1555,1385,1475,1466,1296,114,1489,1582,605,1345,1374,1492,1610,1502,1405,1741,1770,2769,2392,2107,1890,2862,2124,2186,2323,2355,233,2048,1662,1933,1867,2008,1961,1745,1372,1393,1096,933,727,-60,1731,1266,1309,1314,1065,1499,1237,752,-1229,-994,-3378,-4021,-2906,-4081,-5258,-6650,-6945,-6914,-7045,-7168,-7194,-7255,-6630,-6291,-6499,-6323,-6541,-6746,-6652,-6656,-6558,-6485,-6306,-6414,-5775,-4891,-4681,-4319,-4280,-4236,-3951,-2971,-2528,-2551,-2441,-2425,-2228,-2134,-1889,-1861,-1724,-1914,-2042,-2386,-2147,-1647,-1351,-1329,-1173,-1135,780,639,612,866,994,1218,1276,1464,1475,1424,1320,1027,1182,1318,1178,1123,1175,1015,971,1011,1043,1589,2398,1165,1513,1625,2014,2384,2430,2109,2228,2474,2228,1623,2337,2640,2389,2373,1751,-384,1122,985,1447,1769,1495,1310,1393,1294,1398,1445,1568,1669,1327,799,676,759,967,1212,394,1219,1097,1130,1863,1667,1002,942,920,910,1114,1077,643,720,909,885,897,967,932,244
1681,353,189,136,1455,1967,1845,1760,1438,1669,1803,2300,2170,1995,2005,2324,3247,2722,1991,2744,2722,2537,2436,1928,1547,1394,1219,1201,1354,660,1597,1567,1060,1053,1160,1229,1419,1449,1462,1410,2234,2165,1661,1818,1852,1889,2035,1920,1932,2253,2292,2451,2425,2490,2596,2726,2845,2957,3045,3204,3267,3347,3370,3953,3816,3719,3918,3984,3906,4220,5172,4239,4004,4552,5287,5947,5111,5829,6702,6440,6778,6108,5153,4590,4067,3764,3783,3881,3590,3503,3583,4763,3361,3314,3355,3158,3570,3517,3324,2518,3500,4144,4374,4385,6342,5766,4614,3940,3541,3038,2658,2506,2558,2713,2599,2617,2654,2572,2570,2546,2561,2175,1868,1736,1423,2955,1446,932,887,847,864,953,815,873,825,1012,593,1047,1175,1246,491,982,1108,7,-1485,1183,918,919,849,865,742,675,676,-482,426,309,352,470,353,362,487,652,988,981,989,1166,1060,1021,1024,1170,1262,1265,1534,1436,1400,1444,710,1572,1416,1536,1546,1450,1647,1782,1907,1367,1412,1208,1270,1601,1541,1395,1588,1623,1432,1267,1835,1651,1914,2215,2032,1983,2336,2144,1961,2724,2354,2318,1323,2266,1035,1970,2339,2221,1596,1943,1512,1175,1299,873,895,922,980,1170,255,1471,453,793,711,-222,-1381,-3187,-4251,-5730,-6452,-6787,-6791,-6900,-6964,-7224,-7309,-7217,-7239,-7476,-7639,-6575,-6602,-6497,-6687,-6480,-6667,-6530,-6592,-6403,-6252,-6480,-6429,-5783,-5282,-5228,-4933,-4575,-4243,-3248,-3752,-2826,-2683,-2488,-2485,-2452,-2406,-2337,-2276,-4234,-2582,-2161,-2261,-1741,-1700,-1597,-1556,-895,387,443,572,785,1065,1024,1213,1230,1161,1325,1065,1100,1080,1039,1002,924,999,742,634,758,1252,1523,2078,1218,965,1753,2347,2451,2308,2298,881,2300,854,2295,2202,998,1752,1628,1595,1676,1387,1211,1537,1708,1473,1458,1263,1612,1639,1783,1490,1300,1109,1023,814,971,1097,1401,1527,1135,772,-442,1122,1116,1393,766,821,849,994,567,469,409,482,807,946,1052,1369,1511
1406,556,-332,-472,64,794,2205,1612,1273,1114,1504,1778,1831,2056,2248,1741,1765,3047,3371,3101,3054,3041,2613,2415,1960,1626,1301,1172,1232,1357,1600,1323,1267,1094,1559,1831,1830,1164,1487,1511,1482,1559,1596,1702,1835,1854,2154,1872,1882,2198,2316,2359,2419,2497,2592,2696,2962,2912,3559,3143,3223,3267,3326,3466,3538,3589,3613,3713,3997,3952,3584,3422,4061,4586,4861,5529,5533,5298,5002,6932,6867,6222,4987,5236,4738,3801,3717,3623,3585,4109,4155,4464,4574,3952,4082,3999,3723,3825,3645,3702,4049,4333,4696,5237,5196,4999,4014,3425,3086,2825,2599,2565,2557,2536,2614,2636,2625,2587,2602,2603,2438,2329,2196,1802,1867,1775,1545,956,1077,1031,922,-276,1204,1077,1111,1235,1264,1485,1701,1678,1701,726,1296,1480,690,616,922,989,691,611,581,507,358,381,271,369,255,205,345,319,581,824,1044,1164,1088,964,885,1067,982,1359,1522,1319,326,1518,1698,1526,1357,1342,1312,1446,1769,1668,1201,1223,1244,1270,998,1565,1675,1717,1659,1924,1441,1395,1297,-10,1469,1722,934,1787,1773,2145,2304,2342,2911,2236,2318,1781,1747,2324,1807,1848,821,2532,711,1716,706,1026,1571,926,863,797,968,1367,1094,965,650,389,88,-1193,-2241,-3932,-5703,-6721,-6770,-6707,-6944,-7169,-7326,-7509,-7138,-7505,-7411,-7587,-6990,-6949,-7117,-7266,-6636,-6684,-6809,-6631,-6460,-6345,-6520,-6579,-6548,-6561,-6563,-6011,-5727,-5182,-4634,-3706,-3347,-3166,-3163,-3299,-3163,-2902,-2740,-2763,-4815,-2487,-3690,-2331,-2054,-1984,-1892,-1903,-1381,-2107,-726,438,628,702,785,966,1041,1041,1127,1081,1050,904,945,886,909,693,502,519,596,668,803,2132,1345,1246,1466,2201,2112,1914,1788,1721,1703,1661,1904,2090,1961,1718,249,1343,1327,1417,1321,1639,2074,1938,1413,1300,1143,1744,1553,1300,1240,1390,1250,1139,1389,1916,1830,1469,1409,761,473,586,655,776,1180,1055,875,1489,1228,462,89,-61,295,317,880,1191,1066,1473
690,254,-340,-327,233,700,1810,1925,659,756,2122,1658,2174,741,2122,744,1635,2603,3012,3042,3213,3126,2514,2484,1988,1805,1374,1371,1202,1155,1214,1062,1074,1064,1753,2583,1600,1427,1516,1485,1601,1586,1578,1692,1904,2278,2034,1900,2187,2806,2261,2330,2394,2481,2667,2653,2943,3088,2903,2970,3166,3362,3421,3370,3437,3503,3555,3570,3488,3312,3629,3212,3912,4047,4157,5417,5882,5681,4726,5369,5757,5753,4904,4662,4514,3838,3202,4624,4149,4403,4660,4122,4338,4653,4138,4250,3758,4072,3814,4175,3345,4848,4613,5152,4424,3903,3251,3148,2957,2799,2700,2616,2674,2713,2595,2618,2592,2601,2645,2466,2366,2337,2421,1973,2198,2179,1904,821,996,1130,1450,1912,430,1624,1517,1212,1462,759,230,-645,-548,-543,1244,-1430,-1200,195,710,1005,632,516,354,280,356,244,312,350,238,393,256,534,613,1003,1086,1344,1319,1226,1397,1245,1118,1178,1409,1534,1738,1993,1758,1476,1395,1290,1260,1452,1580,1142,1006,874,1060,1014,1191,1558,1562,1562,1430,1604,1528,1275,1329,1779,1780,1829,2078,1840,1682,2273,2287,2652,2196,2537,2494,2403,1527,2088,1747,1916,2035,1774,1968,1162,1042,-256,764,871,815,854,1217,966,374,-954,-1111,44,-2547,-3109,-3828,-4491,-6728,-6784,-6958,-7112,-7116,-7295,-7420,-7410,-7118,-6658,-6723,-6771,-6788,-6742,-6519,-7655,-6631,-6526,-6060,-6714,-6600,-6513,-6518,-6527,-6568,-6557,-6535,-6464,-6108,-5771,-5341,-4101,-3823,-4419,-3749,-3873,-3799,-3590,-3187,-3082,-3293,-2890,-2522,-2223,-2133,-2173,-2071,-1988,371,870,1239,380,511,1282,862,891,958,1049,1072,979,1134,810,692,717,667,510,548,439,537,579,667,979,1218,1664,1698,816,2034,1279,1062,1017,1211,1519,1469,1664,1432,1288,1214,1161,1297,1274,1336,1812,578,1481,1584,298,1165,1298,1743,1250,1301,1487,1286,1251,957,860,1046,1902,2179,746,429,533,614,1068,374,853,837,754,1536,503,70,-198,-70,234,193,738,1103,1478
86,721,390,245,375,1493,1061,561,84,-18,336,701,1660,1035,1245,1797,2233,2540,2816,3056,3435,3487,2919,2005,1892,2124,1345,1334,1025,1008,1026,1021,1061,1097,1086,1137,1071,985,1650,1444,2878,1549,1556,1497,2224,1173,1932,1565,1655,2787,2276,2235,2352,2389,2613,3033,2909,2850,2772,1831,2744,2877,4820,3308,3333,3896,3924,3536,3383,3167,3514,3572,3040,3504,4682,5505,5518,5037,4577,4390,4998,5178,4843,4714,4469,3966,3939,4300,4246,5819,5433,4981,4958,4052,4219,3946,4059,4118,4237,4305,5062,4735,4858,4264,3979,3350,3245,3189,2284,2689,3010,2953,2825,2720,2544,2490,1870,2409,2411,2487,2696,2193,2006,1885,2414,823,1787,1308,1557,1554,2181,73,352,680,1028,81,1755,1136,386,-533,-986,-514,200,-2073,-2271,-213,-548,-6,870,678,460,269,288,265,294,404,453,364,445,728,824,1125,1319,1187,1088,1267,638,370,1037,1070,1265,1264,1500,1448,1713,1435,1488,1750,1384,1500,1206,610,829,917,885,999,888,1156,1909,1534,1490,1634,1304,1781,1494,1615,1085,2418,2827,2268,2445,2258,2238,2290,2563,2750,2389,2255,2099,2031,1873,1985,2314,467,1824,1191,879,832,717,896,1029,1192,1270,500,-132,-563,-616,-2795,-3156,-4106,-5449,-6664,-6788,-7086,-7051,-7219,-7317,-6991,-7003,-6628,-6767,-6822,-6563,-6718,-6934,-7006,-6806,-6502,-6545,-6629,-6262,-6399,-6373,-6608,-6534,-6554,-6472,-6551,-6559,-6527,-6291,-6133,-5570,-5513,-5220,-5016,-4870,-4404,-4046,-3651,-4031,-3613,-3072,-2840,-2641,-2124,-1865,-2144,-2212,-2121,-1014,-117,49,226,437,685,756,845,947,3092,1534,747,758,643,564,602,515,500,515,500,543,859,647,642,697,860,1450,1429,1336,927,985,977,1000,1175,1233,988,1528,1337,1242,-52,1419,432,1436,55,1929,2156,2203,1427,1371,432,2288,1110,788,1083,1200,1241,927,958,-332,917,742,567,620,776,800,831,1279,1135,1006,898,845,1819,560,118,57,78,126,63,-80,-20
103,509,682,435,394,737,954,1114,-185,-399,-214,319,700,793,972,2174,2224,2364,2476,2559,3431,3114,3038,1579,3220,2801,1477,1563,1041,1006,1045,1048,1066,1061,1086,1112,1075,1306,1433,1408,1400,1674,1767,1425,1705,1899,1799,1593,1563,2136,3301,2000,2299,2332,2441,2739,2955,2920,2487,2558,2403,2826,3057,3253,3386,3222,3373,3771,3217,3100,2888,4291,2677,3352,4724,5543,5691,4935,4088,3087,5030,5309,5892,6232,5046,4742,4992,4625,3731,4866,4788,4775,3744,4395,4248,3994,4256,4553,4457,4643,4544,4673,4281,3986,3675,3426,3374,3425,3211,3325,3226,2835,1831,2633,1859,2395,2413,2302,2264,1903,2862,2296,1804,1666,1676,1666,1399,1384,1206,-69,2035,523,895,-551,1029,116,704,2058,930,-1140,225,63,709,-478,-618,-155,-116,-106,-778,-379,337,220,-164,523,454,451,443,631,579,796,563,1002,1349,1209,1158,1471,-327,-413,786,1117,1141,1387,1415,899,1319,1405,1420,466,1091,1262,1047,900,846,893,858,897,1043,1215,1599,1696,1770,1485,1787,1870,1626,2046,1055,949,1160,821,1727,2336,2162,2253,2301,2299,2357,2072,1980,2144,2201,2229,2067,-240,1774,1327,1398,1244,977,130,1333,-399,429,-82,64,-688,-3201,-3944,-3699,-5355,-5540,-6777,-6769,-6985,-7142,-7186,-7316,-7277,-7423,-6718,-6635,-6817,-6714,-6791,-6722,-6552,-6982,-6893,-6829,-6652,-6438,-6565,-6544,-6719,-6597,-6579,-6549,-6496,-6483,-6401,-6342,-6372,-5907,-5536,-5267,-4992,-4910,-4525,-4256,-4142,-3930,-3814,-3383,-3233,-2864,-2246,-2337,-1098,-856,-743,61,1436,-17,278,2230,788,719,878,894,1023,1216,601,514,434,454,449,462,459,450,592,560,596,565,681,736,795,869,903,864,1175,1188,1012,953,193,1111,973,1171,1408,1794,2019,1686,1571,1526,1018,2172,2153,1407,2141,1760,1254,2067,1293,767,953,1132,1056,1023,1067,1274,826,653,711,641,700,743,743,808,514,876,978,1356,955,1149,467,338,262,256,240,-75,-205
253,480,719,375,374,617,1450,793,316,-196,5,665,747,708,755,1280,1220,2343,2400,2697,2687,339,2177,2248,2759,2495,2475,2668,1485,1026,1130,1745,3091,1227,1100,1185,569,1623,964,1427,1350,1362,2674,1922,635,1492,1586,1455,1544,2569,2633,2032,3271,2369,2246,1511,2597,3051,2404,2487,3294,3271,3653,3258,2943,2928,2978,3558,3250,3037,2800,2650,2568,3499,2568,3779,4914,4551,4129,3310,3702,4542,5067,5094,5181,4836,4885,4818,4670,4750,4408,4801,5041,4451,4271,4241,4396,4633,4700,4874,4518,4664,3944,3470,3384,3406,3351,3315,3188,3186,3165,3187,2872,2687,2412,2303,2323,2278,2108,2058,2182,1988,1640,1599,2066,2185,1663,1508,1510,1939,1769,2636,1370,1755,-391,-1214,-839,1069,400,-267,-884,-435,91,-248,-1068,-102,31,214,200,-727,-759,-2489,-108,313,298,565,700,679,803,851,958,834,1095,1276,-445,1387,1313,1332,1215,1196,1330,908,1168,714,1060,1021,1459,1170,1273,1565,1013,808,803,811,853,1083,251,1453,2014,2059,1881,1734,1779,220,1932,1948,1094,937,1040,1557,1651,2051,2253,2248,2423,2251,2251,2309,2075,1327,2031,1777,2029,1995,1602,1081,953,829,836,726,1159,1820,-896,-1117,26,-1876,-3589,-3755,-4838,-5882,-5837,-6806,-6898,-7036,-6976,-7344,-6695,-6485,-6967,-6886,-6631,-6996,-6861,-6538,-6953,-6897,-6552,-6911,-6915,-6267,-6834,-6760,-6757,-6626,-6591,-6612,-6365,-6403,-6441,-6456,-6334,-6221,-6085,-5495,-5304,-5065,-4839,-4680,-4867,-4409,-4267,-3985,-3577,-3554,-3437,-5216,-3347,-1216,-143,-1006,-873,-86,-453,-146,129,926,1050,1403,1179,-164,596,771,701,793,443,456,1096,833,557,498,534,751,616,616,737,837,783,916,859,997,1022,1070,980,1139,967,1342,1537,1487,1960,2272,571,1709,1691,1825,522,1881,1916,2343,1853,1177,1136,1243,511,704,103,1095,1159,1248,892,1174,734,797,840,842,795,827,833,890,876,1008,1036,141,1119,930,623,811,652,870,383,157
570,583,-35,655,594,1803,1552,1822,677,567,427,1821,1448,1099,1126,1434,1868,2040,1631,1388,-206,-277,-347,46,1254,1689,1429,2492,1684,1558,964,1700,1246,1536,1563,2084,1973,1720,1505,1679,1598,1609,1917,2251,1943,1290,1586,1571,1428,1747,1752,1960,1380,2348,2229,2502,2716,2249,2338,2357,2361,2376,2646,3537,3635,3334,2849,2847,2886,2757,2692,2625,2544,2423,2449,2448,2659,3324,3681,3203,3362,3735,5052,5036,5028,5695,5344,5396,4849,5004,5294,4999,4735,4927,4931,4863,5425,5370,4864,3915,3459,3448,3486,3424,3423,3436,3395,3317,3245,3176,3134,3199,3125,2754,2501,2408,2285,2489,2860,1965,1906,1957,2083,1896,2224,2421,2120,2189,-896,1846,1093,1469,1389,-579,-1292,-1305,-1165,-795,-1348,-1488,-1449,-1233,-1137,-1169,-1188,254,250,192,39,-96,-13,-66,-61,23,281,512,547,789,821,759,860,771,898,1214,-400,1327,1344,1192,1222,1234,1302,1473,1102,1086,1250,231,718,1045,1068,1324,834,907,846,892,848,989,1095,1542,1922,-34,1165,1712,1782,1701,1574,1625,2299,1981,1997,858,2138,2065,2486,998,808,2248,2273,2186,2291,2357,2133,2213,1967,1892,1606,978,853,623,1240,622,683,758,968,422,-504,-1790,-3611,-3331,-4590,-5883,-6841,-6820,-6914,-6784,-7142,-6497,-6543,-6468,-6935,-6397,-6852,-6897,-6673,-6886,-6965,-6854,-6687,-7025,-6985,-5978,-6625,-6530,-6559,-6734,-6758,-6550,-6744,-6659,-6619,-6437,-6388,-6189,-6182,-5636,-5445,-5265,-5129,-5066,-4832,-4579,-4365,-4310,-4785,-3692,-3580,-3273,-965,-2162,-1979,-962,-17,-221,-325,2190,328,660,646,281,1578,435,798,435,849,699,552,462,531,1797,1235,623,1381,793,946,419,854,924,1062,1094,1600,1584,1238,1079,1311,1556,1870,1816,1740,1368,1350,1367,1473,1795,1828,1913,1825,912,1749,1911,1447,1212,1149,1032,405,462,590,868,272,1515,1647,626,590,1021,1396,1328,1238,860,889,949,934,1013,1206,1429,1324,1230,1157,740,672,625,569,518
877,1034,-302,905,727,866,1040,971,1158,786,839,1337,1100,1250,1325,1621,864,643,1007,-255,-1033,-1294,-1149,-624,37,2574,2906,2109,1895,1754,1706,1801,2050,2358,2172,2167,2386,2097,2130,1977,1980,2780,2203,1956,1981,1591,1596,2441,2097,1898,1828,2573,2210,2629,2773,2227,2509,2138,2252,2259,2254,2264,2344,3072,3154,2501,2525,2621,2654,2656,2648,2590,2505,2457,2401,2361,2289,3691,3999,3894,3715,4580,5610,4822,4788,7085,6856,8533,7172,6297,5055,4695,4925,5670,5418,5207,5300,4789,3803,3550,3545,3463,3493,3463,3473,3364,3426,3355,3299,3187,3120,3251,2045,3532,2993,2127,1967,2107,1818,1824,1877,2030,2228,2726,2550,1503,1640,1305,263,-854,-977,1386,-941,206,-257,-1289,-1704,-2187,-1484,-1591,-948,238,-1152,-618,-1235,-146,449,161,350,-107,-51,-95,-93,-34,209,419,418,644,718,537,778,685,842,893,955,1197,1326,1324,1189,1334,1405,1466,1463,1100,1196,762,1441,1003,53,1073,1032,1286,1277,1261,1069,1389,680,1901,1755,1632,1543,1314,-27,2003,1930,1984,1961,1591,1716,693,2262,2390,2531,3100,2735,2527,2461,2468,2784,2763,1998,2140,1899,1622,1632,1379,973,1038,750,990,18,647,502,-418,-23,-2423,-3365,-4394,-5426,-5934,-6751,-6724,-6629,-6484,-6475,-6332,-6566,-6566,-6580,-6678,-6988,-6751,-6943,-6951,-6843,-6775,-6974,-6978,-6945,-6465,-6809,-6053,-6525,-6883,-6199,-6299,-6692,-6680,-6535,-6387,-6304,-6290,-6136,-5708,-5857,-5237,-5137,-5093,-4971,-4766,-4678,-4933,-4129,-3890,-3728,-3232,-2493,-2359,-1862,-2513,-787,-720,-618,-562,-428,260,246,857,211,406,247,681,1500,969,718,747,553,976,868,631,679,1305,312,-6,1362,1036,1561,2048,2223,1815,1880,1779,2063,2127,1583,1388,192,1545,1470,1484,1824,417,864,2106,1703,1604,1566,1386,1186,1464,1201,1209,729,467,383,540,1365,1675,1626,1355,1240,726,1645,2040,2043,1793,1352,1199,873,1260,1421,1638,1404,1296,539,928,794,744,704,937
955,482,1456,833,803,764,634,64,157,604,1374,1488,1423,1371,1369,1173,1000,792,1328,342,-761,-186,-735,-498,158,1547,2236,2037,1852,1892,2063,1987,2911,2427,2468,2456,2699,2980,3058,2229,2366,2497,2291,2332,2296,1986,1790,2116,2358,2596,2912,3215,1978,2532,2788,2521,2103,2139,2171,2863,2775,2735,2270,2659,2468,2636,2622,2558,2604,3094,2967,2478,2503,2421,2325,2266,2114,2204,3781,4183,4676,4676,4473,4870,5688,6219,6106,6444,6883,6351,4976,4196,3867,4253,4200,4135,4550,3308,3088,3214,3650,3477,3465,2127,2403,3400,3380,3525,2759,3230,3094,3136,3109,3013,1998,2569,2148,870,1937,1848,2080,2214,2615,2864,2230,957,541,-367,1664,1030,-1013,-294,475,-870,-140,-894,-1279,-1201,-1733,-1798,-1544,-1429,-767,-277,-1209,-1081,-589,100,506,639,472,341,-62,388,-1268,-1431,-1342,242,391,1330,1004,739,840,857,1237,1502,1365,1288,1437,1472,1587,1465,1048,1528,1126,1195,1128,997,1223,1139,1313,1489,1511,1715,1669,1522,1816,1389,1539,1519,1575,2028,1662,2076,2090,1418,1869,1636,1612,1705,1949,2002,2301,1428,2696,2528,2571,2830,1277,1063,2416,2125,1757,1397,708,1361,911,740,768,752,168,543,98,-189,-741,-1242,-3650,-4732,-4872,-5937,-6900,-6700,-5907,-6957,-5777,-6025,-6621,-6867,-6825,-6727,-6640,-6912,-6574,-6213,-6738,-6901,-6743,-6950,-6670,-6717,-5688,-6590,-6478,-6328,-6575,-6496,-6522,-6407,-6639,-6526,-6456,-6433,-6218,-6172,-6086,-5606,-5260,-5119,-5216,-4968,-4866,-4715,-4331,-4118,-3783,-2885,-2554,-2271,-1713,-1209,-1634,-2279,-966,-589,-378,864,165,22,144,720,755,1147,913,650,628,573,596,518,540,644,555,640,-140,1396,983,-68,1344,1416,1603,1776,1492,1799,1879,2025,736,2168,1651,1634,1722,1954,2136,2557,2217,1990,1789,1203,1031,726,741,593,721,735,1198,549,371,938,1793,1445,1489,1395,1384,1410,1608,2169,2252,2323,1851,1483,1403,1309,2186,367,1612,1546,1494,1020,928,833,898,1689
1074,1071,1364,920,806,629,471,518,775,879,1069,1535,1189,1327,1317,1353,1238,1335,1035,2189,653,40,0,205,1141,2746,2068,1986,2050,2062,2160,2575,2735,2100,2129,1830,1857,1915,2568,2713,2495,2395,2465,2542,2323,2502,2386,2050,2251,2306,3047,2409,2126,1737,1890,2744,3037,2100,2045,2081,2465,2601,2399,3159,2480,2695,2783,1756,2439,2675,2450,2467,2447,2382,2354,2254,2135,1974,1905,2300,3120,3806,4470,5582,4577,4761,4686,4616,4778,4665,3878,3440,3332,3227,3175,3104,2897,2747,2857,3230,3378,3544,3391,2406,2479,3253,3234,3333,3566,3257,2927,2858,2431,2854,2881,2629,2414,2354,1715,1698,745,2184,2225,1454,1002,-662,1356,166,-256,2348,244,-983,-524,-1080,-1372,-1597,-1538,-1410,-1426,-1757,-1593,-1862,-315,-1096,-531,-391,-1170,-996,-1138,719,714,1111,420,378,888,739,690,715,295,418,780,1054,1104,654,1466,1615,1576,1588,1252,1456,1372,1513,1870,1834,1314,1120,1103,1149,1052,1321,1278,1813,-553,1730,1558,1541,1647,1378,1626,1318,1339,1783,1956,1924,1961,1844,1804,1639,1736,724,2167,2143,2165,2122,2228,2287,2545,1843,2822,2402,2299,2271,1775,1316,1194,1035,891,749,718,519,492,374,244,225,-1013,-2324,-3341,-4666,-5795,-5965,-6630,-6704,-6414,-6040,-6091,-6667,-6654,-6768,-6931,-6974,-6837,-6890,-6328,-6851,-6675,-6752,-6660,-6723,-6780,-6366,-6028,-6546,-6604,-6434,-6386,-6246,-6388,-6608,-6396,-6484,-6566,-6386,-6237,-6119,-5884,-5580,-5287,-5492,-5117,-5076,-5086,-4816,-4538,-4219,-3780,-3108,-2574,-2111,-1503,-1301,-917,-647,-2133,-991,-588,-871,-237,-224,-83,970,2571,570,710,848,766,1331,746,780,571,786,672,711,684,770,878,779,1355,1440,1490,1566,1584,722,2001,1969,1078,1999,1874,1910,2340,2306,2450,2222,2092,2146,1851,1265,776,501,298,202,216,361,939,1070,606,946,1576,1455,1296,1180,1201,1088,1614,3089,3291,2138,1711,1364,1451,1576,1664,1671,1598,1686,1826,1467,1126,1269,284,1410
1397,844,1503,2285,1941,806,699,2430,814,807,1326,1449,1413,1406,1344,1381,1393,1267,1329,2220,2563,2251,2442,2517,2209,2322,2008,3071,2674,2138,2129,2081,1908,1866,1887,1907,1921,1889,1880,1879,2252,2496,2464,2127,1875,1888,2348,1912,1943,2186,1503,2263,1709,1719,1738,1754,2802,2204,2227,2272,2153,2623,2288,2039,2773,1838,2580,3156,1621,2361,2387,2418,2407,2372,2322,2257,2162,2067,1991,1919,2045,2223,2584,2788,4508,3554,3923,3217,2770,2327,2266,2351,2420,2624,2769,2816,2756,2813,2840,3073,3117,3129,3139,3132,2431,3192,3126,3053,3259,2819,2702,2387,2108,2142,2320,1068,1644,1831,1554,1539,1765,1693,1758,1505,517,829,529,1365,9,-828,2129,-984,-1468,-1530,-1644,-1899,-1500,-2263,-2453,-2263,-2652,-1979,-1840,-1882,-1465,-1369,565,-859,-1086,-926,154,626,864,869,860,572,563,964,857,313,1176,1231,-1116,-1365,-1267,1936,1475,1016,1280,1523,1365,1445,1570,1540,1325,1096,1158,1193,1385,1477,1614,1465,1399,1620,1453,1366,1336,1272,1291,1539,1361,1655,1496,1105,1965,1761,1678,665,539,1893,2096,1851,1886,1738,1990,2000,2076,2622,2452,2389,884,2457,1812,1301,149,-342,1258,860,1062,689,-139,425,251,-647,-1164,-1900,-2618,-4751,-5162,-5941,-6701,-6651,-6940,-6340,-6403,-6370,-6386,-6499,-6886,-6944,-6981,-6655,-6718,-6726,-6592,-6448,-6652,-6796,-6156,-6810,-6851,-6200,-6355,-6502,-6601,-6375,-6266,-6432,-6158,-6296,-6320,-6387,-6210,-6022,-6183,-6214,-5558,-5943,-5456,-4967,-5108,-4944,-4946,-4356,-3836,-3217,-2309,259,-1440,-1348,-1112,-865,-1714,-689,-475,-306,-238,-182,917,966,1339,-15,562,724,680,1022,981,838,719,-305,846,773,766,993,1136,1415,1606,1464,1442,1521,1643,1745,2367,2283,1460,2183,1896,2094,2122,2200,2216,2512,2424,2198,1844,1480,553,511,345,224,292,-242,496,560,557,853,1205,1261,1004,1083,330,1010,1629,833,2957,2328,1803,1529,1474,1552,1709,603,549,2073,1771,1628,1440,1353,1291,1333
1713,1538,1501,996,852,1171,1201,2787,2449,1113,1224,1446,1467,1394,1672,1146,1110,1158,1151,2188,2442,2725,2673,3303,2442,2322,2441,1604,2300,2223,2436,2267,877,786,1988,1895,1884,1907,1865,1897,2089,2275,1806,1781,1830,2033,2134,2273,1506,1995,1936,1889,1730,1725,1753,1824,1830,1890,2376,2205,3041,2376,2045,2006,1181,2135,1916,1712,2288,2287,2323,2372,2356,2330,2304,2253,2174,2094,2032,1989,2051,2219,2346,2473,2389,2235,2088,2158,2160,2314,2227,2257,2280,2258,2374,2505,2704,2790,2794,2848,2946,3104,3065,3242,3175,3054,3039,2994,3058,3188,2739,2162,2120,2274,2493,2599,1842,1856,1867,2061,443,1393,1016,-537,672,770,688,-187,401,-1511,-1377,-436,368,-2213,-1949,-3821,-3332,-2806,-3341,-3437,-3260,-3205,-2775,-2668,-2179,-1433,-154,-1166,-2003,-435,-990,-894,694,1103,1139,1439,1100,1433,1316,1450,1036,1181,951,-863,136,1485,1377,1585,1642,1713,1753,1831,1521,1764,1955,1292,1216,1159,535,1355,1449,1068,1467,1536,1483,1373,1414,1275,1066,1473,1684,1709,1708,1862,1799,1734,1943,2187,2207,2438,2519,1986,2026,1905,1900,1803,1831,1712,1682,2576,2467,1186,1347,1240,307,-328,1157,801,837,767,610,266,521,311,-1029,-1301,-2903,-4749,-5249,-6049,-6561,-6587,-6593,-6686,-6522,-6247,-6575,-6644,-6851,-6911,-6889,-6695,-6523,-6953,-6954,-6667,-6524,-6459,-6641,-6179,-6693,-6771,-6405,-5752,-6465,-6598,-6521,-6457,-6470,-6172,-6313,-6176,-5862,-6385,-6114,-5984,-6099,-5926,-5789,-5582,-5382,-5203,-4849,-4375,-3963,-3143,-2338,-1846,-1420,-999,-806,-317,-401,-360,-561,-438,-337,-239,1140,1168,499,728,477,727,636,1528,1774,1476,1376,957,382,1059,1373,515,1498,1407,1298,1488,1485,1519,1650,1772,1552,2121,1937,1948,2027,1891,2488,2624,2293,2927,2491,1482,1960,1487,1062,633,568,246,562,882,771,507,577,539,894,1112,934,1109,1148,890,942,1282,1978,2238,1840,1681,1477,1664,2007,2346,3000,2578,1623,1973,1703,1556,1190,1650
2058,1483,1526,1589,1773,2095,1356,1614,2886,1301,1331,1360,1617,1301,1270,1223,1131,1057,1483,2059,2429,1826,1676,1631,2172,2202,2361,2417,2411,2289,2291,2312,2242,1196,2560,2327,2083,2074,1865,1892,2069,2127,2096,2148,2152,317,2346,2241,2054,1897,1896,1817,1842,1823,1831,1972,1985,2028,1912,1965,1955,1990,2007,1999,2283,2077,1857,2045,2062,2435,2345,2324,2296,2305,2278,2252,2195,2155,2101,2181,2316,2471,2577,2613,2699,2379,2246,2527,2562,2729,2337,2279,2294,2285,2414,2473,2553,2658,2731,2881,2984,2902,2937,2868,2854,3133,3436,3461,3624,3536,2714,2446,1972,1969,1709,1692,1509,987,1403,1214,1724,439,268,894,593,24,-147,981,-1631,-1552,-966,-2485,-1765,-2894,-2837,-3553,-4204,-3793,-3449,-3439,-3375,-3155,-3174,-3004,-1794,-1731,-1405,-1176,-368,-734,-891,-928,657,1225,1042,1006,1011,679,-532,-619,893,1523,1354,1052,1535,1366,1536,1560,1611,1652,1637,1728,1691,1697,1903,1073,952,1180,1309,1222,1339,1396,1400,1361,1339,608,756,1371,1464,1461,1924,1680,1833,1898,1710,1841,1957,1683,890,888,926,3201,2508,1925,2007,1923,1750,1930,1059,1048,2044,1683,1365,935,692,717,487,555,318,297,204,237,-1599,544,-1497,-1158,-2031,-3146,-5242,-5684,-5943,-5986,-6588,-6860,-6902,-7096,-6757,-6312,-6582,-6669,-6624,-6620,-6395,-6793,-6995,-6812,-6504,-6932,-6795,-6799,-6759,-6715,-6891,-6735,-5580,-5747,-5613,-6090,-6181,-6934,-6148,-6135,-6129,-6200,-6158,-6144,-6065,-6043,-5729,-5548,-5454,-5105,-4528,-4404,-4121,-2724,-1676,-1614,-1185,-617,-754,-275,-315,-583,-448,622,288,429,595,470,496,904,624,764,673,1034,1155,856,1000,879,850,1000,1542,1359,1606,468,1793,1485,1656,1048,1500,1792,2264,2061,2030,2029,2261,2949,1841,3462,2023,1114,2052,2486,2158,1799,1014,760,566,1051,999,797,1415,1269,629,562,1177,1404,890,1357,721,736,819,1009,1389,1913,1873,1643,2217,467,2385,2452,2624,2501,2180,1887,1833,1908,1671,1773
2433,2866,2439,1956,1939,2078,1642,1434,1625,2165,1210,1965,1663,1496,1163,1178,1002,298,1252,1752,2815,1754,1655,1638,1646,2151,2891,2107,2965,2683,2422,2473,2675,3481,2501,3046,2796,2696,2557,2123,2111,2012,1990,1754,2391,2296,2188,2265,2005,2081,2040,2197,2099,2039,2074,1890,2262,1830,1877,1826,1745,1741,1241,1783,1800,1839,1862,1985,2019,2476,2430,2291,2275,2284,2274,2220,2204,2181,2212,2320,2581,2639,2751,3058,2778,2498,2909,2797,2527,3268,2939,2480,2212,2211,2305,2732,2778,2941,2298,2799,2741,2743,2265,2762,2704,2476,3863,3579,3210,3088,2809,2494,2071,1978,2051,2301,1651,1573,1356,1464,822,1041,121,222,-31,765,789,-291,1427,-1086,-1971,71,-2277,-3347,-3436,-2917,-3335,-3431,-3403,-3179,-3446,-3219,-3106,-2964,-2830,-2179,-1537,-1212,-1230,31,-594,-684,1130,831,485,800,1007,1008,737,302,935,1175,930,1188,1285,1503,1388,1514,1571,1655,1719,1583,1630,1864,1794,970,1072,1124,1240,184,1,1645,1189,1368,1349,1577,1257,1238,1227,1564,1580,1630,1539,1874,1231,1332,1919,925,868,819,948,1567,2501,2050,2194,1990,1734,1781,1893,1924,1409,1706,1430,784,569,395,239,248,207,174,221,321,1205,-505,-446,-1768,-2287,-3388,-4700,-5357,-5667,-5954,-6335,-6349,-6636,-6942,-7417,-6666,-6463,-6598,-6589,-6604,-6206,-6348,-6964,-6831,-6850,-6505,-6355,-5958,-6152,-5730,-6822,-6961,-6855,-5597,-5823,-6262,-6103,-6129,-6148,-6113,-6072,-6141,-6027,-6096,-5864,-5967,-5711,-5616,-5300,-4879,-4546,-4248,-4002,-1735,-1051,-1242,-1075,-744,-666,-454,-260,-406,-427,-98,840,226,335,1503,1212,908,1360,2050,1120,748,832,858,922,972,971,391,997,1878,833,2626,1904,1433,1846,1955,1855,1620,332,258,2327,2008,2297,2853,3264,1631,930,885,908,1030,2295,1556,1303,1254,983,1499,918,937,1387,1831,758,660,545,750,907,899,1095,768,936,1248,1145,1797,1259,1257,2102,2190,1973,1734,1971,2068,2061,1833,1793,1748,1736,1954
2020,1496,2042,1295,2089,1807,1940,2173,2498,855,601,456,591,1456,2124,1833,1295,1353,1505,1936,2183,2319,1838,1706,2942,3361,1708,1597,2922,2864,1833,2542,2740,3256,2930,3135,3048,2899,2833,2567,2379,2242,2878,2803,2729,2314,2361,2070,2074,2095,2166,1798,2835,2076,1841,1878,1763,1738,1780,1774,1727,1779,1781,1769,1785,1795,2186,2599,2616,2848,2790,2520,2258,2252,2220,2216,2193,2200,2809,2529,2832,3255,2771,3070,2917,2648,2499,2552,2499,2772,2265,2030,2022,2043,2058,1939,1951,2340,2094,2213,2254,2360,2464,2575,2680,2926,2879,2843,3129,3281,1072,2585,1067,2216,2783,2257,1866,1862,1606,1471,911,2502,746,54,1296,275,-1436,-983,-872,-810,-833,-3144,-3318,-3039,-3192,-3125,-3046,-3070,-3113,-3140,-3157,-3110,-2891,-2715,-2865,-2309,-1505,-180,-1178,-808,-510,-670,290,654,791,860,639,1093,1516,1746,1079,897,945,1179,966,1169,1386,1288,1464,1543,1613,1568,1673,1861,546,1635,1486,1145,1206,1274,1301,1161,1076,1242,591,436,1170,1260,1569,1471,2196,2308,1951,1861,1920,2091,2234,1565,800,1147,982,1951,2934,2158,2087,2034,1729,978,675,634,535,509,1583,1458,-411,734,421,-193,325,283,269,581,950,765,-1012,-1158,-2204,-1800,-3032,-4154,-5466,-5709,-5937,-5909,-6303,-6695,-6880,-7066,-6469,-6482,-5959,-5725,-6479,-6046,-6131,-6567,-6358,-6359,-5752,-6350,-6125,-6011,-5890,-5797,-6169,-6011,-6187,-6196,-6163,-6154,-6081,-6188,-6109,-5912,-6094,-6032,-5933,-5926,-5737,-5602,-5403,-5460,-3872,-3014,-2639,-1832,-1232,-849,193,-417,-389,-78,-282,679,-89,1314,1602,1738,782,299,1228,494,660,1254,845,763,910,841,933,927,1034,899,1926,1525,1738,1405,1573,1289,1389,1891,1939,1474,1677,1785,1858,2045,2225,2428,2957,1501,955,882,929,698,2424,1725,1939,2163,880,1482,1021,736,866,905,1077,769,582,579,772,641,650,801,996,703,1387,1880,2023,2777,1118,2179,1983,1238,1876,1905,1921,2191,1902,1914,1747,1789
1910,1967,2243,2536,2402,1930,1903,2572,1766,704,512,156,2,249,114,1176,1054,1480,1505,2079,1834,2197,2213,2605,1509,1604,2934,2894,2569,1582,2438,2405,2608,2855,2526,2390,2584,3237,2519,2599,1509,2621,2414,2374,2515,2560,2698,2727,2458,2261,2209,2257,1305,2013,1780,1720,1698,1668,1727,1753,1704,2127,1895,1768,2124,2133,2310,2738,2785,2879,3240,2841,2575,2505,2541,1941,2278,2319,2618,2730,2997,3238,3381,3379,3168,2782,2517,2377,2053,1771,1827,1782,1753,1756,1708,1859,1835,1823,1910,1988,2056,2209,2274,2379,2607,2654,2653,2689,2804,2988,2610,1996,1877,1722,2613,1726,2099,2489,2242,2284,-89,-820,296,-85,1354,-279,-860,-1124,-2418,-627,-2218,-3443,-3203,-2863,-2935,-3011,-2890,-2997,-3046,-3000,-3098,-2879,-2714,-2686,-2675,-2397,-1602,-913,-558,-816,210,801,892,-1075,-1053,-1056,971,881,1072,378,331,299,7,798,1185,1144,850,1038,1495,1610,1616,1600,1996,1954,1818,1456,1661,1551,1131,1198,1338,1428,1328,1321,945,1165,1034,1094,1456,1707,561,2291,2131,1885,1864,1920,1409,2153,2399,2379,2410,2095,2366,1908,1760,846,1452,1263,522,597,547,610,1164,1391,1493,786,597,412,453,515,300,478,-476,-197,540,-1270,-1955,-1742,-3978,-4511,-5011,-5212,-5368,-5471,-5509,-5743,-6297,-6446,-6673,-7682,-6552,-6787,-6564,-6475,-6497,-6518,-6187,-5640,-5748,-6180,-6289,-6142,-5930,-6045,-6095,-6449,-6360,-6222,-6191,-6094,-6117,-6157,-6094,-5826,-5979,-6014,-5982,-5904,-5723,-5643,-4818,-3877,-2617,-1789,-1595,-336,-414,-701,-745,-202,307,-214,-246,-77,303,1537,2242,1851,1526,447,664,1872,947,718,1783,2128,1562,1432,1059,1868,1331,1071,1260,1417,1379,1887,1133,1246,1173,1429,1565,1446,1351,1339,1641,1533,1659,2062,2408,2375,1452,434,873,2401,3019,1669,2166,1666,2251,1718,1189,713,799,677,1124,850,609,675,517,556,556,683,745,880,1034,1320,1854,2099,2076,2197,2326,2271,2129,1899,2099,2205,2128,1051,2032,1932
698,1930,1520,1881,1952,1854,1471,1229,722,467,424,196,38,0,399,1297,924,1185,1192,2220,2196,1303,2112,2399,2679,2774,2515,2011,1973,1927,2026,2248,2385,2346,2328,2251,3002,3010,2636,2695,2807,2321,2081,2024,2590,2897,3810,2920,2154,2180,2454,2731,2340,1998,1641,1622,1664,1669,1679,1678,1833,1622,1634,1671,1736,1988,1996,3557,3077,3125,1699,3267,2746,2534,2568,2707,2589,2609,2824,3116,3357,2446,3433,3199,3212,2924,2564,2073,1908,1797,1826,1601,1568,1546,1560,1610,1614,1674,1700,1972,1869,1958,1939,2280,2582,2744,2848,2929,2773,2502,2899,2297,1691,825,740,1116,1825,1701,1990,1688,722,792,-196,-568,-973,-1112,-1315,-1222,-2490,-2805,-3450,-3219,-3007,-2802,-2776,-2766,-2730,-2848,-2884,-2905,-2923,-3045,-2905,-2400,-2573,-1988,-1070,-217,-436,-1445,-555,853,775,1366,-468,608,1207,779,789,729,746,496,569,914,1029,1138,1227,1473,1502,1734,1829,1915,1858,1635,461,-123,-10,-209,664,1269,1429,835,-285,1371,-21,737,928,201,1211,1354,2124,907,2444,2294,494,1084,1679,1758,1968,2098,1998,1893,1925,1906,1908,1588,1495,621,1167,1362,1418,1480,1596,1646,67,736,462,504,507,514,391,471,-886,-182,-845,-1761,-2279,-2533,-3200,-3647,-5276,-4190,-4548,-4780,-5978,-5174,-5439,-5751,-6094,-5872,-6025,-6478,-6648,-6475,-6330,-6294,-6548,-6497,-6146,-5785,-6023,-6046,-5826,-6201,-6399,-6403,-6337,-6190,-6123,-6196,-6258,-6192,-6170,-6143,-6054,-6088,-5973,-5601,-5335,-3933,-4073,-3374,-1227,-1329,-646,-277,-136,-360,199,342,-80,-152,345,1208,1949,1663,1439,1313,952,1150,1645,2212,1793,1486,1531,1872,1372,1210,304,834,1223,1604,615,1220,1089,1118,1687,1260,1520,1711,1518,1370,1164,1138,1183,1414,1532,1830,1350,1752,2493,2936,2614,1490,1374,976,1375,922,1672,1894,1578,1562,768,841,-254,-45,-72,1954,2231,558,630,670,810,995,945,1110,1469,1717,1973,1885,2316,2517,2535,2371,2157,2039,1954,1680,1531,1457
1182,1097,1289,1677,609,1652,1607,1242,753,507,443,392,246,206,459,851,1334,1600,1615,1962,2139,2221,2026,2087,1973,2078,1848,1242,1660,1790,1832,1942,2204,2061,2066,2091,2200,2058,2725,1511,1159,2066,2085,2324,2538,3488,3685,2177,3625,2850,3296,2314,2724,2235,1870,1668,1637,1638,1706,1663,2226,1531,1583,1581,1791,1531,435,1293,2739,2544,2335,1688,2762,2577,2407,2242,2345,2685,2974,3181,3303,3343,3264,3125,3095,2825,2420,1942,1796,1691,1597,1497,1458,1410,1595,1451,1752,1690,1559,2255,1769,2049,1661,1920,2552,2518,2564,2721,2759,3245,2216,518,593,141,60,116,985,595,446,2306,-441,631,-995,-732,-955,-580,-1830,-1988,-2762,-3196,-3172,-2696,-2607,-2835,-2971,-2752,-2828,-2856,-2833,-2776,-2884,-2979,-3044,-2979,-2206,-1488,-244,-2134,-2260,-2284,-1767,-2170,256,314,271,249,689,687,739,641,883,495,617,615,807,1017,1158,1245,1461,1660,1646,1939,1881,1717,1621,240,210,1397,1545,1092,1326,1121,754,1399,1092,1025,1083,1282,972,1404,1878,1251,2662,2374,1825,1701,1609,1610,1600,1815,1875,2054,2425,1982,2034,1419,1322,1339,1281,1267,1485,974,675,1045,-460,690,449,368,378,337,325,290,-616,-957,-1007,-2477,-1019,-2006,-2861,-2768,-3197,-3504,-3910,-4179,-4412,-4761,-4888,-5275,-5444,-5664,-5782,-6002,-5951,-6052,-6154,-6120,-6243,-6335,-6216,-6355,-6368,-6357,-6229,-6265,-6326,-6202,-6199,-6104,-6132,-6115,-6110,-6099,-6042,-6141,-5951,-5610,-4593,-3812,-4500,-3720,-2456,-1362,-837,-1420,-1329,-1349,-633,-644,966,-1002,176,213,1112,1123,1345,84,-33,1940,1232,1464,2312,2415,2123,1744,1070,978,957,1018,1157,996,767,793,688,970,1166,962,958,1165,2098,999,1563,1112,923,995,1061,1356,592,1660,1323,1344,442,1978,273,1214,1417,2127,1256,786,780,857,1644,1310,927,858,855,853,952,1139,893,629,699,1025,1050,1473,1616,1634,1630,1744,2069,1747,2072,2097,2120,2069,1860,1495,1470,1516,1308,1181
1014,991,1041,1386,1530,1900,1756,1435,1420,863,924,1182,2431,1116,1042,2631,1809,1248,1219,1478,1857,1842,1814,1755,1669,1644,1532,1448,1434,1547,1633,1824,2006,1465,1973,2074,1878,1708,1721,1697,1799,1928,2025,2335,2391,2790,3027,2844,1508,3234,1981,1939,1908,2421,2249,2012,1587,1612,1617,1641,1822,1511,1518,1566,1682,2088,1779,2627,1666,1703,1754,2123,2199,1996,2019,2131,2298,1755,2938,3046,3108,3008,3128,3163,3044,2777,2185,1859,1726,1682,1566,1469,1447,1369,1391,2002,1394,-259,-39,-3,273,2093,2039,1861,2200,2285,2354,2487,2742,528,183,202,187,78,123,280,353,1271,1428,1658,2792,288,-452,2427,-450,-1529,-547,-2754,-2887,-3068,-2897,-2636,-2728,-2783,-2813,-2722,-2771,-2760,-2841,-2814,-2884,-2586,-2810,-2735,-2066,-2085,644,-1989,-2106,-2306,-2157,-3260,302,131,347,152,188,642,630,623,464,462,533,599,752,982,1072,1373,1401,1523,1326,361,653,2229,1804,1568,1371,1345,1424,1372,1233,1434,1368,1221,1247,1277,1069,1095,1120,1531,1872,1678,1805,1783,1612,1573,1540,1508,1578,2138,2171,812,2179,1623,1821,2109,1931,1542,1470,1664,1581,1644,755,1404,1163,700,576,393,368,341,354,-621,-613,-684,-1114,-961,-1410,-1748,-1928,-2377,-2762,-3038,-3277,-3672,-3957,-4320,-4633,-4798,-5061,-5431,-5639,-5564,-5678,-5862,-5787,-5985,-5768,-6135,-6097,-5947,-6124,-6213,-6202,-6017,-5985,-6021,-5896,-5887,-6000,-5742,-5979,-6094,-5670,-5739,-5735,-3212,-3745,-3321,-1711,-1563,-1147,-1445,-1621,786,896,1912,706,1206,386,324,639,1163,1686,1882,2061,35,-48,2333,2050,2490,2531,2158,2474,1469,990,1036,1286,1302,799,1124,1368,737,859,666,905,941,929,1011,1912,1690,1131,928,1098,1222,1305,1249,1101,874,876,851,924,889,853,1804,1889,984,4,884,921,1154,753,1383,1738,1685,813,1223,1409,1558,1327,1121,1137,1538,1540,2031,2061,1900,1976,2043,2131,1952,1797,1638,1597,975,1489,1289,1237,1212,1257,1004
895,996,1297,1301,1272,970,1874,1943,1618,2277,2071,2102,1931,1426,1137,1190,1472,1883,1280,1357,1958,858,1074,1756,1942,1880,1614,1498,1465,1443,1523,1625,1706,1704,1830,1183,1282,1676,1663,1689,1712,1769,1898,2130,2415,2698,2521,2475,2535,2207,2087,1755,1679,1672,1413,1754,1587,1589,1637,1614,1701,2157,1458,1483,1529,1603,1908,1771,1647,1561,1559,1565,1604,1746,1939,2156,2373,2623,2837,2958,2986,2983,2943,2969,2745,2605,2503,2022,1594,1646,1610,1515,1472,1388,1639,1798,909,-736,-1248,-1319,176,1372,2374,2223,2116,1678,1618,2141,2158,1954,1579,660,357,409,555,883,1110,736,1898,2209,-468,-220,-285,324,-794,-1301,-841,-2579,-2862,-3005,-3009,-2845,-2671,-2693,-3392,-2713,-2744,-2851,-2833,-2815,-2719,-2839,-2497,-2350,-2525,-1631,-1460,-526,-2242,-2736,-1914,741,1905,1561,536,220,631,778,626,492,371,392,433,630,823,956,278,768,1458,1524,-178,-199,-154,-145,1595,781,929,1196,1315,1383,1286,2196,1487,667,696,1338,1084,1165,956,867,1894,2117,1870,1847,1730,1556,1567,1512,1043,1901,1787,1099,993,851,1786,1060,607,2507,715,2162,1474,2151,1782,15,1285,804,-402,893,450,489,442,514,-597,-687,-842,-886,-1182,-1418,-1715,-1930,-2239,-2478,-2567,-2993,-3360,-3745,-4142,-4348,-4632,-4833,-5313,-5333,-5480,-5510,-5708,-5760,-5819,-5813,-5819,-5853,-5600,-5690,-5536,-5551,-5539,-5521,-5634,-5401,-5588,-5535,-4891,-4436,-4690,-3919,-3005,-2324,-2208,-1794,-1039,-1319,-1129,-1284,-1143,-817,11,-966,-72,-100,157,608,1442,1231,1599,1009,1467,1496,1423,2560,3214,198,-250,0,752,1578,1391,1034,1180,1319,1360,1929,978,1352,1046,1060,600,1375,1398,1348,1382,1040,955,899,1056,1188,1329,1538,994,408,506,568,627,1261,1948,1708,1017,833,963,1048,705,1546,1515,1430,1426,1905,1467,1927,2076,628,714,1074,1504,1636,1955,1971,2056,2374,2392,2349,2214,2079,1682,1431,1349,1336,1273,1333,827,1154,1218,975
883,895,1257,1300,1087,1133,1303,97,206,384,1348,1954,1534,1012,1173,1151,1110,1122,1317,1314,1279,1529,1749,1881,742,2353,1849,1590,1601,1682,1772,1658,798,2081,1850,1778,1726,1655,1582,1547,1625,1697,2006,2478,2887,2711,1648,1552,1992,1953,1876,1718,1468,296,262,1789,1552,1551,1574,1936,1298,1733,2396,1493,1475,1551,1270,2064,1585,1459,1485,1489,1537,1809,2153,2383,2634,2557,2396,2500,2537,2618,2607,2326,2531,2431,2356,2155,1949,1504,1618,1519,1511,1403,1469,1551,1820,176,-108,-408,608,2297,2056,1591,1436,1229,1331,1514,1878,1849,1252,1139,1061,1272,1778,1884,1746,1809,1060,810,1565,1586,-1043,-782,-1603,-1132,-1059,-1717,-2418,-3333,-3450,-2872,-2868,-2737,-2794,-2792,-2772,-2741,-2824,-2849,-2838,-2758,-2563,-2606,-2144,-1795,-1624,-1316,644,155,505,701,495,230,315,-454,606,711,675,648,371,384,493,607,510,571,485,703,989,1155,666,162,95,1579,2319,1634,1468,1282,1313,1436,1483,1545,1252,1722,1843,1811,1510,1164,1702,1490,1272,1965,2190,1664,1484,1549,1495,1373,1609,1573,1481,1403,1347,1335,1608,1711,1976,2530,2939,1206,1314,2166,1569,1177,997,844,743,752,632,595,105,-46,-115,-352,-627,-779,-931,-1180,-1210,-1471,-1717,-1886,-3156,-2923,-2616,-2896,-3333,-3566,-3593,-4221,-4443,-4689,-4905,-4896,-4943,-5120,-5140,-5187,-5298,-5186,-4918,-4694,-4684,-4595,-4634,-4674,-4496,-4741,-4805,-4665,-4183,-3709,-2735,-2309,-1736,-2213,-1807,-2312,-761,-462,-1912,-1393,-959,-1057,-934,-495,1531,827,1313,726,604,753,1189,1258,1859,1111,2292,1662,1699,1159,931,730,626,1863,1484,1290,1354,1251,1024,2460,2066,1367,1297,1253,902,591,455,345,329,-476,743,861,904,990,1466,2366,1749,665,531,1165,1400,646,676,633,719,831,1151,1286,1381,1619,940,1599,1461,1965,1606,1528,2040,2189,2109,1457,1345,1357,987,2088,2298,2658,2872,2579,2416,1797,1610,1504,1497,1355,1253,1280,1080,945,1028,1275
1077,1381,1092,1262,991,895,875,1022,163,1168,1480,1735,1383,1339,1296,1459,1366,1368,1226,1852,1592,1644,1591,1623,2037,2037,2006,1879,1976,2054,175,919,1701,1723,1726,2183,1815,1471,1470,1455,1593,1904,2098,2252,2338,2460,2668,2329,2181,2149,2072,2266,1868,1840,1941,1666,1575,1583,1575,1611,827,359,1855,1319,1293,1342,1649,1660,1646,1569,1444,1451,1470,1673,2179,2358,2400,2390,2400,2529,2553,2496,2471,2432,2422,2407,2293,2308,2318,2114,1996,2301,1929,1482,1427,1381,1408,1297,1473,1249,1382,1270,1008,856,773,746,802,1164,1854,2082,2716,1798,1800,2561,2734,2346,634,532,1435,411,1293,-948,-1066,-1074,-549,-201,-286,-836,-1295,-2738,-2880,-3354,-2996,-2850,-2957,-2766,-2775,-2780,-2785,-2809,-2734,-2692,-2633,-2284,-1831,-1701,-1025,-318,-82,106,307,1416,2257,1379,623,770,771,391,845,687,572,386,610,945,936,819,892,857,953,888,1275,1429,1542,1820,1714,1802,1549,1739,1520,1787,1083,1573,1575,1583,1710,1573,1651,1575,1368,1281,1430,294,60,-27,1357,1465,1404,1411,1547,1390,1424,1354,1400,1631,1742,1832,2128,2550,2473,1454,1048,2097,1353,1152,942,890,461,828,463,286,26,-41,-19,-265,-398,-622,-744,-905,-997,-1144,-1430,-1710,-1635,-1896,-2005,-2211,-2529,-2592,-2962,-3105,-3361,-3667,-3797,-4097,-3924,-4034,-4023,-4191,-4401,-4186,-3951,-3769,-3730,-3468,-3538,-3537,-3622,-3653,-3356,-2976,-2511,-2396,-1832,-1464,-1345,-1615,-483,-185,-580,-684,-468,-163,-775,-855,-646,214,812,1110,887,1281,1027,856,1122,2098,1795,1540,1301,1274,1860,2727,2916,2792,1988,1779,1458,1435,2500,1967,1278,1134,1055,971,1389,1739,1282,447,403,294,263,469,896,1242,1669,1420,1807,1610,1300,1613,2107,561,354,402,591,1035,886,937,1114,1443,1660,1668,1178,1569,1223,1716,1531,1324,1483,1435,1453,1530,1403,1516,1694,2252,1127,875,896,1961,2361,2112,1970,1825,1584,1460,1457,1416,1168,994,954,361
502,971,1111,1023,845,811,867,978,1162,1587,1167,1399,1573,1635,1911,2082,2017,2267,2279,1694,1856,1751,1799,1866,1920,1989,1767,1597,2205,2188,2095,1918,1913,1115,1686,1561,1515,1559,1673,1643,1350,2161,2042,2816,2670,2731,899,712,2597,3007,2424,2047,1735,1643,1559,1621,1720,1682,1853,2085,2251,2061,1667,1295,1312,1306,1305,1376,1932,613,1919,1777,1749,1870,2164,2380,2467,2547,2564,2635,2533,2481,2476,2281,2634,2524,2488,2361,2128,1647,1613,2041,2455,2213,2395,1822,1386,1385,886,926,712,659,632,653,580,605,731,1239,1919,947,2217,2355,2223,2156,2253,2402,2581,2695,2205,-221,312,446,-873,-686,-216,-1454,-999,1028,277,3047,-342,-2814,-2786,-2699,-2799,-2655,-2701,-2746,-2693,-2681,-2699,-2695,-2654,-1318,173,3097,2576,1134,-929,-951,-476,-537,1298,341,94,75,18,173,143,321,844,1244,1561,1465,1324,1310,1240,1262,1259,1397,1516,1455,1611,1567,1728,1726,1660,1697,1146,1853,1774,1647,1301,1354,1461,1241,1249,1389,1419,1475,1577,712,157,122,1186,1376,1417,1457,1491,1420,1369,1382,1422,1470,1982,2044,1495,1226,1992,1835,1927,1546,1124,969,948,950,749,635,558,414,326,106,30,-51,-207,-373,-502,-647,-851,-710,-780,-877,-991,-1097,-1248,-1493,-1405,-1526,-1602,-2212,-3026,-2314,-2616,-2838,-2863,-2898,-2755,-3007,-3194,-2991,-2973,-2887,-2631,-2333,-2388,-2536,-2992,-3263,-3266,-1988,-1502,-1102,-1377,-1342,-955,-1193,-1818,74,-625,-711,-599,-403,677,1593,-14,341,194,687,575,1022,779,1157,2162,1236,1279,1266,1414,1313,1307,1636,1811,1698,1705,1808,1869,1464,1966,1577,1235,1134,833,871,851,942,22,-1020,518,582,1699,962,1641,1058,801,854,2264,2200,1871,1760,1407,535,789,1277,1313,1499,1178,1407,1401,1504,1612,1781,1813,1893,2121,1742,1529,1465,1375,1322,1434,1576,1521,1679,2103,2192,2316,988,1109,2038,1977,2015,2128,1981,2036,1186,2169,1327,1573,1324,1234,1136
1180,1093,987,995,1003,1107,932,964,1085,1155,1211,1579,1028,1085,1838,2247,2459,1313,2489,2124,2166,2326,2022,2353,2148,2134,2062,2136,2185,2353,2225,2175,2032,1841,1987,505,1583,1654,1870,1231,2288,989,2269,2419,2034,2315,2834,2562,2544,2585,2164,1904,1802,1667,1653,1692,1681,1989,1989,2606,969,532,2135,1879,1387,1331,1322,1304,1421,1581,-424,-405,1897,1896,1931,2085,2198,1216,2191,2289,2281,2274,2215,2141,2116,2472,1101,1935,1198,1657,1654,1854,2035,2429,2439,2090,1602,1089,767,694,622,562,916,815,1213,678,713,2139,1670,2041,1120,2438,1992,2106,2231,2167,1358,650,2040,2123,2502,1440,-12,-769,-742,1035,-968,-20,1280,-1803,-1793,-2132,520,-361,-2364,-2566,-2621,-2663,-2645,-2251,-2383,-1899,-2611,-2037,573,2047,2955,1862,1550,1703,295,-220,606,329,-59,-76,-24,637,838,-37,-1051,-624,-17,1950,1605,1445,1429,1558,1690,1626,1604,1509,1675,526,1493,682,1854,1785,1662,1758,1793,1332,861,1527,1223,1198,1384,1254,1320,1515,1794,1879,1616,1761,1461,1546,1526,1463,1528,1550,1587,1604,2039,2404,1987,2017,2054,1839,1728,1129,1529,1230,1050,1045,1058,940,806,716,610,529,494,353,170,37,-79,-109,-266,-309,-354,-274,-123,-316,-351,-468,-328,-366,-576,-415,-353,-388,-315,-523,-617,-809,-894,-1281,-1580,-1792,-1917,-1988,-1905,-1804,-1877,-1740,-1711,-1680,-1513,-1293,-167,-1441,-212,-723,-732,-562,-728,-688,-734,-510,-406,-251,-641,-398,68,231,255,-600,777,880,698,978,854,1382,1492,2493,2643,2855,2192,2391,1555,1287,1383,1405,1581,1141,1994,1669,1570,2485,2140,1661,1342,1115,410,1505,1502,1283,1193,1045,1095,1799,1668,1517,1231,746,515,1495,1713,1794,1454,1038,975,955,509,99,-49,1061,1273,1473,2025,2070,2012,2042,1961,1814,1685,1545,1439,1066,1236,1709,2052,1353,2390,2127,1923,1911,1965,1890,1949,2101,2222,2155,2198,2311,2289,2241,1784,1488,1424,1299
1354,1180,1035,1094,1225,979,267,387,1018,1029,1565,1571,1510,2225,1481,2176,2407,2430,2363,2272,2176,2347,726,608,2576,2299,2264,2286,2528,2551,2565,2435,2172,1794,1438,1348,1642,1820,2268,2030,1840,769,909,1767,1812,1867,1806,1963,2474,2601,2803,1939,1904,1731,1716,1808,1837,1951,1379,2540,2708,3111,1437,1138,1831,1368,1301,1317,1326,1397,1571,1564,-194,1221,1945,1999,2163,2178,2183,2391,2269,2226,2112,1728,1563,1465,1376,1267,1245,1238,1301,1524,1723,2022,2017,1948,1554,1478,1077,789,619,627,596,609,622,673,600,793,1031,973,1363,1833,1724,1693,1669,1724,1841,1897,2039,2217,1783,635,-282,-796,-684,1672,1333,2706,-755,519,463,-864,-700,-1119,987,-1036,-2089,-2363,1891,1155,204,-1508,-1177,2569,1971,1472,876,518,1112,822,169,196,-15,-240,262,300,607,61,1194,-208,-384,-334,-334,954,1697,1617,1470,1556,1678,1554,1586,1458,1430,1489,1575,1696,1852,1608,2002,1143,1539,1251,1172,1201,1178,1691,2018,2150,1718,1874,1831,1939,1971,1832,1563,1809,1453,1296,1842,1736,1866,2150,1828,1859,1802,1961,1826,1782,1740,1723,1432,1229,1199,1266,1000,942,921,833,785,641,520,481,451,303,221,85,2,-145,326,160,208,633,351,377,561,417,117,112,378,615,780,699,719,403,160,-169,-482,-626,-1084,-1218,-1322,-1098,-1181,-1305,-1250,-1193,-1084,-1169,-1232,-1676,-900,-824,888,-396,-172,-105,-786,-823,-87,-453,252,-13,139,266,40,795,974,2009,2303,913,368,317,300,-474,49,2493,2398,1955,1593,1434,1777,1599,1853,1979,2134,2114,2063,2714,2119,1878,1851,1460,1432,1353,1303,1261,1524,1542,813,661,-128,1187,1203,599,937,1346,1747,2274,2366,1858,1116,757,590,599,734,780,949,1128,1337,1556,1664,1821,1610,2043,2050,2018,2039,1989,1958,2052,2105,2341,2456,2498,2321,2028,2014,1973,855,770,1810,2039,1963,1969,2042,1838,1688,1645,923,694
1056,1073,1152,1388,1685,1703,1515,1376,1216,1232,787,1003,2481,2482,2426,2332,2453,1737,2637,2289,2032,2239,2363,2295,2238,2290,2430,2679,1632,1579,1682,2255,1708,1375,1331,1337,1376,1939,2114,1731,1492,1371,1261,1315,1409,1529,1663,1954,2122,2236,2423,1645,2149,2030,1755,1740,1774,1975,2087,2416,2422,2243,1986,1383,1204,1335,411,425,1923,1569,1434,1498,1551,1795,1643,2138,2309,2347,2286,2435,2347,2066,1948,1469,1293,1192,1111,1098,1113,1306,1075,1469,1510,1386,1047,919,810,662,641,632,669,699,667,670,618,594,586,631,598,605,649,760,1315,1340,1003,1288,1116,789,757,1291,1509,1290,1419,1755,1502,650,842,-116,-570,2738,3716,-423,-1075,-929,2753,2194,1613,2472,-39,2820,-92,-881,-387,-170,518,1777,670,-51,-72,16,-37,-292,-14,1221,1376,1330,1540,1409,1624,570,-162,214,1741,1733,1877,1721,1534,1592,1854,1557,1245,1164,1270,1315,1672,1723,2005,2115,2232,2268,1877,1217,1168,1201,1221,1134,1294,1534,1442,2123,2078,1811,1707,1703,1687,1616,1647,1996,1758,1802,1750,1800,1522,1266,1610,1807,1468,1375,1066,1474,1222,1299,1415,1427,1077,1003,1130,986,867,815,845,670,646,568,353,287,281,340,402,506,670,674,297,301,586,614,649,790,1118,1539,1637,1625,1555,1171,786,454,251,-83,-1035,-354,-638,-727,-726,-681,-711,-746,-961,-964,-1015,-892,-195,-1014,-1228,-135,126,-181,-1289,-1138,171,82,128,431,386,537,2883,2724,2241,2611,2721,734,544,371,417,562,-821,2164,2695,2146,1727,1644,1667,1727,1814,1941,2348,2768,2769,2621,949,2166,1958,1786,2017,2280,1922,1735,1554,1107,925,903,683,791,698,724,232,882,999,1201,1008,923,802,499,579,607,750,812,886,954,1142,1384,1598,1745,1802,1796,2115,2234,2198,2089,2067,2123,2197,2679,3020,2216,2469,2414,2288,1954,605,164,2033,1623,1531,1604,1712,1746,1642,1449,1163,1137
1035,979,1077,1576,236,1997,1766,1675,1480,1334,1311,1435,1964,2390,2118,1959,2018,1818,1049,2240,1975,1040,1939,1975,1804,1855,2153,2510,2046,1720,-193,640,1720,1581,1344,1346,2165,1605,1120,1808,1399,1186,1189,1275,1607,1504,1570,1660,1867,2327,2244,2083,1956,1799,1766,1773,1223,1686,1624,1770,1667,1810,1563,1106,1080,1078,1252,1459,303,1427,1374,1378,1478,2011,2214,2332,2418,2415,2412,2439,2287,1929,1731,1492,1128,1122,1114,1234,1230,1317,1529,1783,1258,1074,975,869,747,724,703,702,1067,693,704,703,680,665,676,613,692,880,949,1138,1045,952,1031,1113,1208,884,630,693,737,921,1138,1257,1574,-392,-407,1017,449,623,1898,-1002,-487,-396,548,63,7,96,617,2293,2213,1211,940,1221,-45,-490,1091,1345,152,293,947,1290,1316,145,1222,914,1410,1496,1225,1531,1895,1961,1995,1811,1511,1549,1507,1984,1550,1724,1265,1483,1675,1458,1438,1283,1178,1140,1895,2286,1731,1396,1529,1220,1290,1149,1275,1300,1379,1508,1452,1365,1447,1335,1454,1429,853,432,926,1549,1334,1555,1362,1277,1427,1287,1351,1350,1180,1159,1123,1145,1113,1168,1257,1267,1161,902,1055,901,823,778,742,631,503,612,474,598,644,661,815,926,937,1055,1015,855,1055,1249,1400,1598,1364,1614,1737,1478,1085,786,723,406,207,-78,-208,-301,-386,-389,-298,-376,-1449,-146,-482,-566,-898,-334,-311,-259,-138,-17,302,395,-166,600,-274,397,399,1115,1354,2461,2280,2202,2357,2382,1008,421,399,766,1950,2702,2785,2618,1481,696,2009,2235,2013,2644,1416,2774,2416,2139,1914,2004,2090,2287,2437,2449,2149,1672,1523,1284,1064,919,943,759,625,483,692,528,354,461,524,508,512,591,665,687,784,834,946,979,1232,1404,1676,1730,1911,2111,2117,2059,1977,1981,1959,2095,2456,891,2638,2541,2418,1637,1953,1816,2030,1929,1693,1624,1486,1395,1380,1484,907,1160,1024,1026
1011,897,1000,1661,1203,2132,2106,1751,1546,1412,1414,1295,1336,1807,1924,2148,2119,2012,2036,1924,1903,1392,2190,2384,2432,364,2054,2336,1947,846,2371,2012,1644,1503,1442,1512,1853,2132,2173,1663,1228,1176,1179,1317,1317,1461,1581,1412,2199,2186,2156,2207,2272,1160,2046,1957,1923,1939,1932,1849,1720,1435,1266,1247,1177,1150,1165,1210,1285,1383,1560,1735,1768,1921,1924,2006,2260,2263,2142,2096,2136,1482,2079,1902,1578,1395,1507,1563,1757,2017,2208,1696,1273,1099,1006,956,913,858,743,781,674,673,721,720,715,663,650,1061,1362,651,671,769,1182,896,802,1120,926,1009,716,745,718,922,1149,-201,332,1361,1416,819,154,166,999,-361,-616,1471,1470,838,-90,204,169,142,495,377,365,895,1412,707,65,-600,-881,425,1901,1723,1470,581,999,973,1142,1305,1634,807,2337,2287,2220,2256,1878,1719,1510,1464,1320,1361,1437,1665,1351,1608,1698,1625,1336,1327,1354,1344,1428,1246,1283,1428,1320,1388,1234,1278,1052,1170,1211,1282,1233,1400,1435,1417,1435,1293,1300,1224,1184,1257,1446,1424,1336,1379,1335,1283,1442,570,923,1243,1163,1244,1248,1247,1234,1091,1046,1015,922,850,850,879,853,241,671,593,760,470,474,625,764,961,71,888,893,1033,1305,1475,1655,874,1507,1464,865,940,759,568,482,365,145,32,-10,-20,-53,-47,-85,-2,-91,-629,-565,-393,796,1528,1554,-832,336,358,470,256,527,855,1023,704,1933,1640,1640,1637,1640,1905,2244,2339,2526,2553,2581,2388,2180,2146,1495,837,1814,1989,1976,2376,1567,2163,2238,2061,1981,1895,1955,621,388,322,2104,1936,1717,1755,1624,1758,1237,826,551,466,493,311,215,411,407,564,578,654,719,768,916,982,1038,1272,1233,1502,1700,1755,1873,1863,1959,1996,1923,1898,1926,2412,2498,2321,2112,2017,1940,1844,1767,1896,2142,2136,1654,1644,1981,1705,1273,1081,1188,1042,901,887
1064,1025,1305,2404,2267,2188,1904,1723,1614,1478,1345,1270,1286,1224,1500,1964,1961,2019,2079,1514,1748,2070,1928,1702,1792,1820,1732,2003,676,-612,728,1819,1416,1449,1460,1496,159,958,1242,1205,1230,1429,1317,1451,1577,1771,2004,2032,2371,2416,2270,2323,2182,800,1769,1668,2312,2343,2134,1967,1801,1665,1481,1337,1221,1275,1379,1365,1586,1905,1898,1541,2132,1946,1834,1818,1821,1888,1847,1774,1813,1851,1772,2184,1525,1840,1691,1637,1647,1601,1675,2743,1813,1255,1090,1066,1043,1021,1008,1078,1064,1203,1200,1017,1031,1102,1113,1331,1843,2008,627,744,672,714,614,915,845,691,640,829,572,575,531,888,668,758,597,414,380,322,203,-369,-96,49,389,1107,411,133,113,-19,493,448,704,809,1482,1299,1084,725,368,1073,1033,1424,1169,1131,571,1053,1091,1164,1276,1376,1889,2155,2256,1935,1500,1461,863,1225,1714,1573,1567,1535,1657,1841,2228,1710,1573,1293,1335,1325,1331,1244,1291,1266,1536,1308,1151,1184,1318,1351,1261,1205,1148,1229,1331,1331,1699,1222,1194,1131,1096,1174,1312,1244,1453,1267,1229,1311,1352,2072,1387,1301,1355,1459,1275,1334,1305,1295,1358,1170,1089,1090,1116,957,958,771,710,610,418,244,349,82,677,716,575,778,724,754,798,977,-362,-876,-590,228,1219,793,714,528,401,304,436,420,226,277,-43,-10,119,613,266,578,-496,-525,-267,93,1640,2027,409,299,293,506,499,553,1592,2092,2041,1653,1546,1630,928,939,2044,1953,1951,1712,2128,2114,2106,1167,2060,2074,2113,2194,2067,2122,2220,2428,1506,2624,2494,2248,2050,1889,1898,1981,1940,1906,1891,1836,1900,1704,1256,769,558,-224,218,327,302,336,532,491,603,781,859,1069,1345,1217,1554,1474,1589,1591,1787,1530,2112,2274,1182,1172,2094,1909,2121,2886,2671,1924,1536,1317,1255,1300,1325,1582,2710,2188,1212,2540,2387,1904,1460,1176,1132,1179,2086,1116
1600,1421,1525,1854,1545,2053,1825,1763,1790,1564,1491,1329,1288,813,1283,1621,1638,1692,1470,1192,834,1174,1102,1063,1025,1004,1013,1149,1640,1657,1471,1371,1245,1033,1009,878,850,888,932,1109,1617,1588,1679,1906,2054,2009,1994,1919,2297,2242,2203,1745,1988,2044,2123,2149,2098,2212,2196,2134,1959,1923,1832,1571,1518,1462,1589,1691,1817,1931,1628,2151,2106,1999,1975,1903,1803,1830,1772,1623,1623,1638,1604,1635,1741,1635,1500,1447,1396,1500,797,1846,2337,1943,1613,1295,1347,1390,1436,1637,888,1493,1350,1380,1589,1592,1717,1822,1907,1760,1640,1475,750,679,763,782,884,890,941,941,629,842,1096,185,965,683,807,841,401,1,-8,29,972,1372,120,411,1227,1068,627,496,714,1161,967,1177,1355,1023,1146,-827,-879,-834,1499,688,613,631,675,812,971,1110,1153,1519,1763,1837,1459,1181,1039,1196,1405,1589,1420,974,1794,1891,2102,1675,1420,1373,1474,1366,1350,1391,820,1346,1245,1247,1757,1289,1386,1329,1307,1317,1431,1459,1335,1281,1264,1604,1253,1132,1102,1010,1021,1056,1152,1402,1675,1640,1183,1155,1139,1445,1660,1447,1412,1523,1740,1502,1555,1555,1563,424,1627,1385,358,1461,1141,1043,746,489,230,79,-7,157,350,420,584,564,474,610,735,700,709,1321,927,823,663,612,532,550,432,263,226,128,165,131,166,195,218,343,141,199,286,-166,678,121,375,623,498,647,839,924,1308,1686,1804,583,392,2069,307,1969,1914,2537,1067,1051,1764,1835,1822,2106,1197,1261,2292,2189,2171,2522,2677,2272,2092,2193,2255,2623,1121,2580,2412,2118,2036,1952,1923,1851,1841,1752,1647,1281,850,714,576,489,275,316,397,422,448,511,819,1071,1478,1025,1499,1114,1655,1435,1654,1862,1614,2221,2383,2433,2503,2242,2011,1879,1734,2005,330,1451,1263,1134,1090,1124,1194,1248,1285,1266,2173,1151,1772,1770,1450,1310,1312,1480,1751,1888
1902,1754,1800,1761,1982,1593,1961,2104,2250,2285,2401,1936,1533,1294,1353,1459,533,1009,964,1075,894,788,873,1047,-1022,932,723,761,772,686,704,764,826,816,790,804,830,926,916,1320,1596,1875,2214,2056,2219,2080,1976,2002,2132,2097,1967,1809,1887,1955,2012,2105,2116,2121,2113,2064,2078,2139,2098,2045,2007,1805,1741,1802,1786,1837,1919,1949,2046,2107,1989,2012,1727,1610,1759,1816,1809,1516,1721,1580,1554,1605,1448,1393,1333,1363,1434,1619,1604,1582,1395,1257,1317,1374,1208,1726,1573,1608,1493,1769,1470,305,2112,72,-59,1226,1699,1777,1753,891,726,803,845,935,904,902,907,888,910,894,910,780,750,676,504,110,52,779,895,1089,-37,5,1294,1336,1450,487,1420,1173,1104,1179,1255,1202,1171,1291,1400,1320,889,511,545,545,538,602,685,629,536,1042,1299,1493,1845,1661,1753,1754,1576,1644,2051,1527,1485,1451,1308,1340,1368,1357,1237,1352,1412,1408,1449,1272,1314,1241,1243,1237,1474,1399,1415,1232,1305,1335,1357,1291,1342,1257,1160,1150,1744,1158,1073,1191,1178,1331,1141,1355,1180,1175,1170,1221,1788,1836,1589,1650,1836,1823,1942,1829,1928,1865,1740,1664,1718,1517,1239,1123,838,532,271,66,6,-19,40,-52,-94,240,403,513,584,485,555,566,757,642,586,531,537,349,391,249,208,163,158,346,254,327,252,274,515,231,304,433,604,1054,1267,1243,1039,929,1065,1327,1455,1702,1895,1924,1823,1796,1781,1915,2402,2952,1155,1105,1368,2060,2012,1550,1895,1871,1837,1830,1889,1926,2022,2157,2260,2362,2411,2493,2657,2177,1284,2341,2054,571,1841,1886,1701,1583,1437,1562,1063,1085,402,594,915,569,513,1042,1304,1269,1327,1644,1611,1329,1324,1268,1232,1364,1480,944,2019,2262,2288,2258,2102,1887,1682,1508,1286,1178,1178,1071,1294,1066,1068,1480,1080,1105,1096,1130,1197,1990,1851,1586,1537,1537,1588,1593,1886,2194
1766,1759,1760,1862,1883,1848,1927,2029,2007,2007,2281,2299,1763,1391,1397,1195,1083,909,848,762,1048,698,648,578,651,608,627,632,610,668,591,864,929,953,808,852,946,1074,1307,1411,1618,1842,1954,2415,2254,2205,2136,2134,2190,1926,1834,1822,1882,1912,1983,2040,2034,2057,2071,2302,2276,2266,2248,2250,1255,2219,2054,1951,1884,1803,1854,1594,1279,1989,1893,1742,1581,1035,1565,670,772,1576,1453,1459,1201,1303,1367,1363,1247,1250,1626,1182,1142,1172,1564,1332,1201,1202,1245,1286,1308,1390,1435,1428,1546,1587,1639,1684,1623,1420,1404,1286,1444,2018,839,835,950,966,1096,1094,-340,-608,-621,955,822,603,445,586,277,642,751,829,1008,1165,1018,1178,1189,1061,1150,1080,1142,1114,1139,1230,1267,1149,1150,1156,1030,888,718,622,634,660,775,466,640,1483,1776,1296,1888,1919,1887,1980,2120,1908,1884,2155,1547,1415,1403,1358,1385,1381,1450,234,-135,1415,1643,1629,1564,1458,1256,1302,1315,1253,1183,2543,1116,1152,1222,1128,1188,1045,964,1346,1221,1354,1196,1297,1234,1408,1344,1251,1271,1143,1514,1381,1363,1272,1747,1649,1628,1837,1901,2107,1999,1954,1910,2278,2061,1919,1871,1637,1459,1290,1141,445,612,131,94,-22,-65,-69,57,366,487,658,737,597,640,710,614,548,496,440,421,456,358,410,352,303,437,323,384,420,398,445,543,1161,1485,1265,1310,1155,1161,1316,1357,458,1229,1425,1734,1844,1848,1500,1766,1806,1765,2054,2239,2452,2659,2308,2139,1503,2114,2007,1138,2170,2220,1076,2025,2054,2072,2085,2337,2264,944,1164,2984,2536,2373,1833,1560,1545,1395,1321,1318,1335,1422,1499,1260,1311,1455,1597,1417,1484,1544,1754,1545,1581,1415,1166,1600,1814,1838,1392,1342,1553,1926,2260,2161,2145,1889,1658,1533,1287,973,1178,1224,1326,1234,1086,1458,1454,1328,1600,1108,1145,1174,1100,1336,1709,1593,1516,1612,1746,1440,475,2140,1763
1705,1676,1928,2009,2237,2294,2147,1932,1843,1900,1537,1318,1251,144,-68,180,741,758,665,631,673,628,569,569,540,550,540,563,617,755,855,918,1013,1085,1183,1128,1112,1200,1335,1550,1810,1911,1989,1993,2008,1855,2087,2202,2111,1972,1879,1914,2038,2056,2640,845,643,2373,2183,2096,2223,2317,2196,1938,1769,2161,2015,2037,1832,1802,1733,1705,1740,1709,1622,1651,1677,1667,1618,1562,1415,1411,1345,1350,1335,1306,1314,1304,1311,1229,1417,1159,1170,1162,1228,1196,1141,1116,1104,1217,1238,1258,1289,1335,1329,1363,1290,1174,1072,1116,986,973,950,932,926,976,1008,1184,1397,1994,2204,1585,1007,859,735,767,730,820,1015,1174,714,347,220,400,-491,-266,853,1122,1320,1393,1908,1375,1276,1189,1216,1161,1046,1074,910,808,819,1029,1256,1583,1573,1582,1688,1952,2144,2066,2014,2095,1962,1676,1564,674,1428,1492,1448,1397,1414,1415,1352,1354,1379,1368,1374,1616,1441,1280,1273,1269,1302,1425,1255,1339,1319,1207,1153,1130,1144,1042,1093,993,984,1186,1146,1150,1140,1305,1556,1463,1444,1475,1570,1536,1555,1619,1659,1940,1755,1632,1557,1209,1566,1365,1531,1282,1264,1385,1376,1542,1476,1461,1569,1559,1382,1263,1114,825,594,324,382,607,464,468,676,797,874,848,826,746,789,666,539,497,498,436,350,316,404,379,382,490,362,356,342,340,346,128,1235,1161,1267,1268,1200,1309,1620,1377,1684,-334,-310,1894,1421,1931,1357,2148,1960,735,2302,2341,2322,2382,2321,2335,2155,2004,1869,1856,1805,1846,1939,2316,2509,2554,1085,1100,2232,1758,2371,2052,416,1432,1215,1253,1438,1437,945,931,898,1010,1424,2199,1854,1718,1666,1112,1137,983,1136,1036,1664,2656,1890,1525,393,736,1162,1336,1605,1535,883,952,1196,1041,926,1045,1034,1037,1095,1193,1332,1690,1777,1464,1450,1865,2037,2090,1815,1625,1640,1073,1687,1635,1698,1762,2000,2089,2215,2110
1720,1779,2543,2525,2228,1694,1927,1665,1454,1399,1555,1496,1378,1205,1049,805,897,614,700,568,656,543,528,496,608,710,809,423,457,1152,1139,1471,1371,1470,1766,1814,1829,1862,1916,1949,1993,2058,2096,2093,2133,2119,2168,2062,2017,1982,1954,2060,2141,2479,476,451,547,647,2024,1744,2209,2406,1368,2166,2355,2298,2251,2039,1939,1771,1790,1708,1688,1649,1895,1862,1759,823,899,1524,1358,1304,1316,1333,1359,1333,1330,1333,1341,1328,1292,1267,1590,1113,1184,1182,1186,1214,1168,1188,1174,1129,1098,1136,1047,1053,1000,1097,1048,1022,1004,992,959,943,946,943,846,734,900,1447,1543,1650,1489,1361,599,719,805,787,1010,1287,199,156,-805,-897,-878,-815,-763,-90,319,1734,1561,1313,1234,1278,1119,1029,1050,1015,968,897,1220,692,1090,1878,1911,2089,1722,963,1041,2094,2045,1935,1886,1898,1672,1530,1509,1470,1403,1380,1357,1436,1313,1367,1336,1338,1376,1315,1231,1355,1242,1236,1180,1291,1797,1163,1231,1117,1077,1097,1176,1028,1052,1158,1071,1190,1322,1161,1177,1313,1515,1698,1743,1528,1672,1623,1699,1681,1799,1885,1751,1599,1360,845,401,241,282,370,494,594,940,1156,1314,1518,1277,1421,1344,1425,1359,1487,1270,1167,971,819,700,693,704,778,720,729,734,833,830,782,638,526,462,478,493,497,418,360,339,445,412,393,395,586,1260,1379,1287,1423,1417,1097,1532,1430,1467,1326,1457,1502,1590,1626,1737,1781,1958,2164,2366,2400,2336,2346,2411,2465,2393,2363,689,2035,1870,1660,1645,1620,1762,1869,2267,2229,2054,2115,1965,1705,1378,1250,1133,172,1040,1169,1194,1122,809,1101,1056,1624,1924,1859,1570,1320,839,909,1700,2764,2206,1950,1413,1247,1248,1127,1187,1168,1126,1024,1291,523,1187,637,857,1052,1030,1065,1041,1019,1110,1542,2022,1043,1437,1547,1652,1032,1930,1436,1771,2002,989,2032,1876,1756,1896,1987,1985,2099,2296,1841
1572,185,260,1933,2039,1855,1965,1390,1244,1378,1549,1279,1220,1254,1183,809,741,665,556,580,624,489,538,514,548,726,997,1117,1151,1260,1353,1442,1570,1694,2040,2239,2192,2241,2242,2532,2484,2423,2631,2477,2439,2354,2354,2288,2267,2078,1967,2032,1816,2174,2262,2118,2337,2507,2352,2274,2260,2378,2573,2475,960,1214,601,410,2235,2023,1927,1884,1689,1789,1784,1680,1600,1401,1355,1327,1342,1407,1360,1344,1338,1391,1361,1365,1339,1340,1291,1302,1295,1275,1319,1179,1240,1248,1266,1258,1225,1169,1121,1111,1088,1075,1070,1059,1084,1204,1099,990,1034,836,892,945,894,863,921,808,1328,1298,1266,906,806,911,896,825,998,1306,1667,1722,390,-747,-735,-735,-334,30,803,1429,1367,1375,1338,1262,1232,1265,1217,1126,990,931,1154,1191,1332,1518,1665,1920,1888,2230,2158,2161,1396,1904,2039,1909,1672,1915,1818,1570,1496,1412,1413,1515,1360,1367,1377,1308,1347,1369,1217,1361,1328,1359,1229,1177,1284,1267,1119,1098,1089,1141,1138,1038,1074,1075,1260,1244,1471,1390,1398,1341,1552,1575,1653,2006,1379,2111,1751,1943,1878,2269,2080,1776,1467,591,163,256,241,253,301,829,469,874,958,1082,1085,1130,1182,1514,1509,1232,1558,1399,1171,1070,1005,485,913,648,611,589,561,592,706,687,587,572,552,575,585,508,474,436,417,600,323,308,300,305,339,668,673,1619,1762,2039,2161,1998,932,1372,2088,2085,1769,2033,2014,2124,2178,2494,2695,1628,671,2614,2432,2308,2063,2266,2205,2263,902,854,1686,1607,1617,1657,1935,2119,2003,1736,1414,1480,1243,1078,1041,978,996,314,1114,1116,995,957,774,703,656,690,679,808,970,102,1433,969,758,550,581,845,846,957,928,1018,1150,1284,1171,1101,791,1177,1075,1151,1195,1225,1196,1519,1546,1567,1986,1110,1275,1443,1231,1330,1645,1479,1562,1915,1965,835,2166,1580,1128,2130,1976,1827,1587,1517
1439,1404,1412,1352,1312,1255,1268,1434,1220,1456,-64,188,199,506,1113,815,648,565,552,592,595,588,576,703,776,850,1281,1426,701,616,1506,1978,2004,2155,2304,2320,2273,2310,2461,2699,2926,2935,3129,2851,2856,2877,1943,2686,2299,2047,1910,1856,1704,1691,1750,1841,1871,2019,2031,1993,2024,2105,2295,1508,799,832,879,2082,2017,2000,1907,1718,1636,1588,1666,1577,1443,1393,1341,1309,1323,1332,1396,1379,1374,1374,1390,1372,1370,1369,1339,1296,1288,1386,1260,1258,1290,921,522,1299,1225,1154,1125,1108,1040,1029,1028,1089,1106,1138,1049,938,917,922,943,863,954,800,755,785,1439,1234,1047,803,912,855,835,881,1011,1241,1436,1557,1482,1395,1253,1341,1371,1249,1364,1339,1363,1354,1429,1528,1643,1450,1282,1139,1004,903,939,1100,1088,1243,1327,1880,1528,1544,2093,1892,1990,1887,1835,1773,1952,1995,1494,1748,1747,1568,1549,1604,1462,1479,1366,1440,1724,1591,1469,1464,1439,1067,1254,1213,1192,1240,1173,1157,1108,1087,1052,1030,1014,1059,1103,1100,1103,1074,1025,1058,1094,969,996,1016,999,943,1083,1009,1063,1675,2094,2028,1768,1266,482,313,332,211,1402,1094,1050,958,1010,1045,1295,1274,1373,1338,1529,1431,1399,1626,1391,1212,1031,868,764,671,624,606,637,613,607,580,537,549,537,598,601,619,561,503,500,790,367,250,213,178,894,1668,1740,2057,2215,2270,929,829,818,760,797,2122,2166,2262,2364,2415,2426,2559,2677,1889,1896,2142,2111,2006,1967,1993,2111,2415,2307,2305,1881,2015,1706,1539,1174,1395,1526,1513,1417,1286,1350,1676,2075,2175,1796,1633,1006,1219,1186,1018,866,880,628,1211,888,551,649,1405,682,490,425,427,486,620,691,759,763,817,1044,933,1126,1483,1562,808,1489,1564,1558,1469,1504,1261,1596,1738,2086,1249,1362,877,1237,1238,1349,1391,1434,1396,1147,1605,1781,1765,1785,1714,1827,1622,1491,1422
1559,1876,1816,1779,1628,1407,970,956,1185,1372,968,9,-207,592,707,695,587,598,593,558,589,726,808,1073,1295,1597,886,1280,2003,1430,785,2367,2630,2469,2359,2261,2168,1848,801,1735,1400,1392,1459,1522,1730,1820,1381,2515,2218,2001,1940,835,1599,1524,1589,1403,1743,1814,593,1338,2047,2037,1980,1929,1951,1935,2044,1885,1807,1727,1662,1646,1582,1465,1474,1475,1512,1393,1363,1444,1421,1428,1410,1409,1410,1403,1361,1346,1325,1372,1316,853,989,1581,1542,1189,1188,1188,1227,1164,1129,1090,1049,1048,1060,1061,1087,953,919,879,960,904,853,937,890,873,906,1079,1080,1026,1211,1219,1153,922,891,931,861,876,873,902,1056,1416,1492,1539,1540,1455,1571,1465,1554,1500,1563,1567,1590,1541,1579,1400,1282,1299,1223,1192,1140,1076,1238,703,1198,1603,1739,1942,1879,1882,1789,1709,1845,1048,970,1208,1248,1727,1717,1723,1708,1855,1909,1764,1739,1861,1730,1564,1412,1333,1387,1360,1297,1210,1208,1171,1182,1157,1081,1109,1091,1094,1102,1071,1076,1063,1113,1042,1135,942,1041,1155,1169,1068,1000,1046,1121,1124,1117,1129,1143,1316,2225,2078,1654,1274,1034,1118,1311,1187,1195,1276,1359,1435,1331,1330,1372,1530,1218,1488,1469,1799,2015,1878,1353,1494,1073,1000,908,785,644,552,577,739,757,729,605,573,546,595,657,794,1129,740,1386,1491,1530,1540,1510,1610,1694,1175,1674,1029,1440,1670,1921,968,208,204,1253,2396,2438,2400,2121,2109,2300,2335,2241,1987,1905,1858,1863,1900,2128,2252,2103,2035,1897,1585,1471,1269,1161,1240,1325,1503,453,666,1063,936,849,871,873,916,793,1313,2795,2617,1702,870,754,189,160,633,249,2149,398,233,315,307,366,437,537,731,746,773,924,930,1101,1238,1252,1285,1424,1723,758,1651,879,2276,2394,2476,1749,1496,1494,1485,1231,1152,1264,1332,1412,1415,1440,1587,1679,1751,1769,1715,1461,1548,1432,1633
1688,1518,1370,1337,1121,1066,1003,886,898,750,753,667,700,591,588,587,750,554,593,667,621,706,981,1211,1406,1630,1874,2015,2105,2192,2349,2394,2600,2526,2168,2060,1253,2193,1755,1404,1343,1342,1396,1381,1429,2082,1968,1916,1955,1781,1794,1689,1488,1476,1514,1636,1642,1600,1637,1676,1703,1713,1657,1626,1654,1978,1919,1738,1721,1666,1740,1718,1742,1808,1029,1630,1593,1633,1596,1407,1387,1358,1547,1836,1338,1334,1488,1568,1814,588,17,102,-151,206,1630,1616,1639,1287,1260,1599,169,178,739,1082,1380,1474,1337,1124,932,967,937,879,864,970,1069,1052,996,932,955,860,827,915,1149,1302,1279,1123,942,960,914,928,949,967,980,1019,1035,1030,1004,1024,1686,1675,1553,1595,1507,1400,1537,1418,1340,1390,1438,1473,1462,1429,1449,1392,1423,1352,1349,1609,1646,1653,1685,1729,1158,1161,1093,827,383,1152,1390,1410,1423,1438,1424,1572,1536,1625,1493,1473,1417,1456,1474,1303,1250,1199,1199,1302,1294,1410,1129,1101,1111,1068,1034,1040,1046,1050,1115,1097,1109,840,683,935,1382,1413,961,1148,1364,1323,1195,1187,1170,1150,1231,1987,2244,2041,1808,1710,1647,1423,1487,1839,1567,1621,1534,1581,1729,1651,1458,1357,1332,1237,1225,1345,1331,1423,1332,1803,1867,1566,1387,1184,1071,1024,24,1246,1069,953,1205,1044,1161,1270,1460,1380,1289,1369,1581,1404,1446,1206,1065,1030,954,1240,1407,1524,1186,1480,2375,2373,2168,2335,2487,1287,2331,1842,1843,1784,1730,1830,1802,1946,2021,2146,1013,1720,1890,1826,1521,1227,1227,1236,1281,1582,1461,1314,1293,1149,1011,1005,1056,875,880,827,783,737,741,1056,1160,1102,250,239,71,56,137,54,129,118,349,317,382,484,480,636,814,833,790,800,863,854,1035,953,1090,1345,627,1000,1637,1671,1923,1353,1091,1075,1054,978,923,959,973,1080,1267,1369,1451,1555,1496,1510,1427,1402,1458,1397,1523,1598
922,948,1266,1119,1070,1090,1021,986,977,937,856,776,644,622,757,795,637,667,743,714,698,722,887,1449,2006,1625,1791,1886,2593,2615,2580,2466,2151,1997,1883,1913,610,641,1672,1650,1990,2022,2012,2114,2031,2017,1977,1948,165,-9,-32,1864,1590,1526,1507,1471,1487,1540,1642,1675,1778,1672,1690,1723,1709,1671,1714,1707,1682,1679,1752,1704,1672,1687,1306,1609,1574,1616,1593,1666,537,1439,1605,1713,1465,1391,1458,1481,1513,1523,1631,1476,1473,1634,1767,1749,1733,1738,818,340,298,340,429,346,228,582,1459,1747,1649,1040,1020,922,877,902,880,835,855,873,888,846,848,894,945,1068,1122,1156,1176,1056,1157,917,868,868,989,998,956,1009,957,997,990,1697,1494,1449,1315,1307,1373,1398,1323,1314,1373,1589,853,916,881,1877,1937,1871,1883,1955,2019,2109,2277,2224,1941,1852,1764,1499,1448,1475,1347,1202,1306,1307,1307,1328,1332,1334,1353,1404,1366,1280,607,608,591,956,1294,1277,1249,1199,1168,1228,1307,1352,1194,1321,1362,1754,1358,1229,1183,1177,1192,1195,1224,1240,1254,1262,1238,1226,1326,1215,1243,1425,1406,1548,1765,1932,1800,1642,1695,1567,1655,1629,1564,1642,1521,1473,1342,1355,1328,1312,1334,1337,1242,1246,1263,1503,1264,1233,1209,1297,1291,1334,1123,1115,1163,1025,1135,1226,59,362,1309,1382,1499,1759,1865,1808,1908,667,736,720,1317,1502,1402,1387,1317,1540,1598,1765,1317,1452,1732,1498,1316,1717,1935,1227,1290,2181,2116,1906,1748,735,2284,1513,1209,794,1292,1191,1038,1064,1116,1063,1118,1076,1145,1342,1334,1315,1521,1197,1006,977,1038,1017,932,719,625,1352,493,144,113,37,60,145,195,470,467,1139,483,1300,1197,1148,1431,1481,1531,1503,1404,893,898,801,805,925,861,879,991,1109,1105,1421,1445,1166,1248,1114,992,970,926,1064,977,979,1318,1510,1482,1350,1337,1418,1417,851,1739,1685,1665,1789
1499,1194,1343,1596,1429,1142,1310,1372,1390,1482,1086,1119,1158,850,771,673,931,1274,760,811,1129,1091,1190,1460,1258,1250,1251,2471,2123,1649,1951,1838,1675,1549,1524,1466,1508,1507,1544,1599,1695,1761,1850,1971,1993,1968,2038,2001,1746,2015,1959,1553,1467,1442,1452,1477,1495,1630,1270,1328,1677,1650,792,1787,1641,1679,1651,1771,1719,1656,1728,1713,1685,1625,1642,1793,1434,1457,1836,1704,1551,1504,1500,1493,1523,1517,1501,1480,1466,1446,1466,1453,1444,1524,1651,1554,1491,534,228,314,327,451,274,166,88,9,-102,480,1402,1358,1086,925,901,937,903,910,892,856,865,866,885,862,890,912,934,954,1072,1304,1421,975,918,980,976,989,977,979,1011,1024,1287,1326,1258,1207,1213,1120,1204,1170,1144,1076,1017,1136,1696,1538,1661,1670,1823,1488,1455,1461,1871,1937,1851,1856,1616,1500,1543,1510,1482,1466,1213,1244,1466,1120,964,900,862,1479,1300,1369,1341,977,1289,977,1188,1234,1349,1354,1344,1337,1342,1325,1412,1320,1352,1152,1158,1206,1229,1195,1224,1186,1201,1262,1264,1285,1212,1197,1218,1199,1219,1251,1320,1527,1664,1670,1454,1375,2000,1978,1768,1796,2011,2274,2378,2258,2142,2236,1813,2057,1607,1467,1440,1417,1430,1382,1353,1357,1406,1455,1235,1241,1232,1223,1226,1562,1517,1902,1912,1644,1717,1674,1691,1732,1807,1783,1653,1606,1522,1452,1446,1590,1762,1114,-460,-509,1798,1524,1484,1410,693,848,1403,1532,1345,1371,1381,1396,1411,1457,1332,625,2023,2108,2360,1025,757,789,1252,1922,1750,1653,651,595,1459,1657,2167,217,139,21,47,-53,1771,1997,3104,3113,1868,1724,1291,775,835,1023,860,1182,1590,938,418,490,1134,1260,1260,1017,2076,2399,1867,2209,2011,709,856,1572,1804,1738,1400,1013,1128,1719,1712,1614,1460,1487,1570,1359,1163,1088,1197,1412,1150,1399,1450,1246,1382,1502,1502,1597,1710,1517,1540,1781,1892,1883,1769,1664
1628,1221,1638,1511,1755,1567,1550,1490,1619,1586,1863,1737,1437,927,1637,1560,1297,1311,1368,1593,1881,1844,2046,2001,1549,1025,2042,1809,1613,1562,1582,1474,1435,1541,1480,1506,1497,1541,1598,1638,1728,1761,1981,2199,918,787,849,2162,2030,2000,1840,1563,1512,1479,1470,1503,1530,1538,1488,1483,1472,1491,1427,1431,1481,1452,1554,1658,1812,1051,1420,1975,1854,1869,1637,1545,1553,1670,1504,1529,1547,1510,1479,1489,1506,1522,1517,1496,1485,1465,1467,1475,1493,1483,1565,1635,1705,1486,97,19,160,253,253,119,93,154,859,1737,1463,1112,927,1063,963,994,947,942,959,947,935,936,924,904,887,880,909,943,983,978,986,980,1018,1217,1200,1209,1050,1031,1012,1005,999,988,977,1023,1106,1224,1349,1542,1060,1152,1127,1565,1521,1518,1571,1733,1707,1451,1347,1294,1412,1611,1616,1549,1534,1679,800,1638,1489,1518,1468,1438,1251,1305,1066,1421,1463,1438,1531,1462,824,1449,1488,1470,1496,1527,1630,1749,1519,1494,1514,1500,1439,1396,1338,1292,1269,1236,1265,1260,1284,1278,1253,1225,1255,1273,1252,1197,1250,1260,1229,1255,1263,1193,1182,1186,1391,1397,1412,1526,1697,1712,2146,2117,2340,2096,2345,2536,2167,2034,1567,1417,1646,1742,1647,1559,1556,1646,1926,1589,2087,1801,1784,1856,1975,1918,1880,2269,2375,2356,2123,2054,2086,1941,1738,1646,1556,1719,1741,1661,1450,1358,1358,1371,1429,1365,1279,1258,1364,1319,1335,1316,1353,1376,1281,1369,1413,1452,1430,1399,1575,1768,1987,802,782,2658,2633,2270,1990,1977,1914,1911,1949,1911,1727,2026,1907,2285,2035,1644,1799,1713,1386,1314,1404,1638,1687,1247,1530,1339,900,818,756,824,919,1528,1485,2439,2752,2753,2760,2531,1847,2586,2429,2395,2439,1906,1674,2561,2537,2555,2528,2163,1777,2043,1952,1963,2225,2161,1953,2019,1882,1301,1340,1309,1481,1637,1640,1606,1815,1849,1946,1728,1661,1612,1738,1813,1998,1959,1854,1320
2038,2000,2043,1863,1887,2103,2173,1998,1861,1874,1785,1856,2023,2021,1691,1920,1798,1665,2049,723,828,422,445,713,977,918,1545,1659,1754,1638,1511,1570,1495,1483,1506,1517,1582,1090,1687,1656,1671,1702,1775,1875,2051,2072,2061,2051,2017,460,388,1395,1474,1499,1103,715,1581,1432,1502,1464,1469,1457,1408,1422,1463,1523,1526,1747,1882,2152,1436,1427,1427,1439,1443,1487,1479,1489,1505,1497,1511,1519,1514,1517,1514,1540,1568,1563,1565,1538,1502,1484,1490,1438,1437,1455,1531,1583,1778,1727,1736,1913,1839,1926,2062,1919,1695,1400,1620,1643,1464,1177,1089,1119,1059,1016,895,940,956,933,933,952,949,979,1039,1014,1072,1057,1036,1043,1086,1068,1119,1163,1139,1240,1005,941,923,1306,1345,1160,1150,1341,1485,1593,1623,1805,1705,1681,1062,1665,1638,1564,1571,1565,1609,1302,1529,1476,1491,1484,1542,1585,1630,1596,1552,1525,1477,1519,1499,1435,1417,1198,1386,1527,1187,1565,1518,1535,1549,1599,1700,1943,1512,1864,1676,1617,1571,1535,1495,1496,1423,1420,1424,874,1432,1346,1331,1311,1329,1330,1376,1392,1369,1372,1306,1482,1432,1290,1324,1311,1307,1333,1330,1456,1419,1503,1516,1680,1767,1832,1807,1872,2097,2029,1844,1693,1965,2146,2382,2030,2169,2045,2073,2216,2152,1689,1496,1500,1667,1882,1835,1975,2501,1785,1537,1525,1752,2729,2351,2224,2117,2016,1911,1872,1286,2024,2105,2204,2186,2300,1935,1700,1496,1384,1233,1250,1275,1262,1328,1455,1461,1510,1317,1408,1697,1662,1770,1963,2416,1858,2438,2505,1850,2196,2619,2381,2307,1839,2064,1942,1357,1315,1444,1579,1825,1568,1619,1391,1365,1380,1227,1208,1250,892,853,1100,984,1139,1205,1357,1726,2650,2784,2763,2790,2860,2821,2786,2749,2746,2733,2773,2721,2679,2783,2850,2808,2811,2779,2238,2015,2533,2439,2221,2259,2440,2109,2106,2217,2220,2189,2092,2018,1859,1777,1803,1947,1939,1885,2045,1994,1937,1831,1909,1831,1270,2007,1946
1907,1855,1811,1808,2015,2125,2205,1941,1136,2296,2180,1971,2031,2060,2037,2141,2057,1741,1645,1756,962,1182,1313,646,-232,1819,1691,1520,1599,1584,1538,1406,1787,1673,1663,1521,1454,1498,1474,1730,1724,1714,1608,1544,1520,1488,1457,1431,1453,1487,1451,1420,1406,1403,1407,1396,1406,1491,1447,1421,1440,1426,1443,1452,1458,1412,1410,1419,1564,1633,1784,1467,1616,1521,1516,1530,1605,1520,1522,1509,1517,1527,1557,1605,1554,1555,1542,1528,1480,1498,1522,1447,1445,1474,1585,1537,1652,1291,1752,1804,1815,2084,1974,1820,2146,2144,2090,2075,1139,1113,1524,1279,1327,1420,1292,1257,1201,1070,1065,1048,1004,1041,1018,1007,1077,1100,1074,1105,1123,1135,1129,1136,1142,1134,1145,1206,1331,1362,1428,1680,1425,1366,1450,1417,1443,1446,1544,1596,1660,1596,1522,1534,1571,1679,1670,1522,1639,1697,1646,1645,1631,1561,1594,1658,1684,1625,1281,1548,1504,1512,1571,1412,1428,1424,1414,1529,1673,1575,1576,1546,1589,1606,1712,1923,1876,1690,1774,1596,1577,1551,1589,1583,1573,1582,1566,1604,1568,1595,1508,1721,1825,1668,1688,1712,1888,1594,1527,1542,1639,1473,1574,1368,1388,1366,1905,1479,1518,1453,1513,1678,1723,1686,1772,1890,1804,2047,1645,1648,2161,1894,1983,1893,2191,1873,1811,2156,2195,2218,2248,2321,2392,2391,2586,2211,1796,1644,1625,1616,1586,1726,2305,630,397,437,1485,2007,1903,1906,1913,1888,1872,1834,2117,1019,1010,1171,1680,1628,1459,1856,1968,1964,1579,1579,2182,2469,2627,2580,2370,2985,2836,3089,2792,2582,757,726,787,1108,795,917,1215,2105,1489,1477,1247,2115,1530,1005,801,826,869,1055,929,940,869,1191,1188,1186,1040,1318,1279,2181,2574,2775,2789,2804,2686,2792,2687,2725,2493,2790,2750,2684,2673,2186,2610,2161,2576,2419,2013,2722,2618,2554,2487,2422,2322,2339,2428,2404,2367,2345,2241,2409,2427,2355,2292,2297,2258,2158,2099,2078,2042,2036,1948,2049,1972,1991,1969,1926
1881,1866,1851,1807,1846,2016,2265,2215,2188,2151,2097,2034,2060,1870,1866,1858,1856,1803,1749,1726,1779,1949,1908,1811,1683,1782,1768,1648,1478,1761,1596,1523,1514,1559,1631,1853,1626,1626,1699,1727,1669,1729,1749,1747,1843,1499,1656,1772,1756,1748,1831,1644,1502,1455,1420,1431,1419,1427,1443,1449,1464,1465,1450,1457,1450,1460,1470,1790,1930,2086,1529,1526,1519,1515,1503,1473,1500,1483,1493,1508,1537,1468,1464,1507,1527,1546,1505,1500,1518,1712,1614,1569,1838,1944,2105,1885,1886,2084,2209,2263,2071,1652,1542,1824,2351,2360,2286,2305,2197,2164,1445,1933,1966,1943,1073,1158,1360,1247,1179,1315,1277,1306,1147,1082,1131,1112,1144,1115,1109,1099,1145,1148,1128,1135,1125,1097,1084,1078,1083,1123,1154,1221,1401,1287,1288,1318,1416,1434,1455,1473,1424,1401,1407,1578,1665,1662,1671,1586,1629,1638,1689,1641,1681,2021,1926,1813,1744,1817,1954,1877,1805,1691,1628,1593,1574,1576,1566,1534,1569,1553,1610,1592,1577,1584,1619,1649,1716,1605,1843,1864,1990,1911,1831,1821,1809,1824,1845,2117,1663,1358,1748,1630,1573,1811,1661,1634,1726,1442,1369,1372,1476,1695,1598,1869,1878,1651,1547,1506,1468,1516,1557,1700,1615,1779,1925,1889,1378,1029,988,942,949,1245,1335,1806,1819,1857,2007,2034,2071,2124,2150,2184,2262,2383,2326,2336,2301,2102,1885,1778,1756,1740,1761,1821,2034,2241,2559,2799,2037,1775,1501,1444,1570,703,628,641,1279,1363,1420,1428,1404,1512,1584,1587,1611,1630,1602,1665,1569,1522,1551,1619,1594,1607,2094,1124,898,1173,1618,1135,924,1158,1304,2124,2069,1670,792,793,866,890,898,847,1081,1561,1466,1299,1330,1274,1322,1290,1865,1790,1998,2167,2100,2709,2658,2633,2545,2416,2909,2861,2858,2889,2891,2879,2890,2884,2835,2676,2785,2768,2656,2677,2639,2565,2399,2311,2275,2226,2240,2226,2198,2243,2272,2374,2387,2525,2436,2364,2312,2286,2223,2229,2164,2090,2027,2050,2044,1955
2266,2123,2137,2292,1576,2394,2380,2361,2419,2395,2389,2352,2400,2336,2276,2235,2080,2025,2054,2003,2047,2001,1973,1945,1884,1727,1501,2150,1875,1813,1968,1899,1890,1899,1800,1768,1720,1722,1710,2061,1930,1898,1904,1917,1910,1859,1399,1869,1911,1742,1679,1674,1701,1662,1499,1506,1565,1527,1486,1504,1510,1512,1548,1542,1536,1521,1549,1553,1566,1515,1522,1508,1512,1518,1551,1480,1460,1533,1534,1530,1532,1466,1469,1460,1524,1542,1794,1773,1652,1684,1747,1942,2258,2380,1470,1778,2189,2365,2435,2302,1857,1531,1642,1930,1581,1660,1686,1749,1515,1824,1610,1685,790,1811,2057,1947,1788,1764,1820,1772,1624,1392,1314,1244,1210,1573,1507,1338,1165,1156,1111,1165,1222,1177,1178,1154,1153,1187,1176,1170,1174,1210,1194,1219,1213,1240,1246,1232,1240,1270,1267,1283,1260,1260,1324,1464,1369,1515,1302,1511,1637,1599,1692,1708,1743,1765,1814,1773,1717,1601,1482,1474,1501,1625,1657,1627,1592,1754,1670,1632,1652,1593,1593,1660,1869,2043,1934,2178,2224,2138,2244,2283,2442,2763,2528,2629,2485,1975,1993,666,547,1062,1300,789,207,795,1863,1526,1448,1468,1776,1458,1536,1692,1377,1395,1387,1826,1473,1388,1388,1515,1863,1829,1606,1612,1497,1156,1090,1098,1086,1155,1573,1670,1686,1777,1957,2019,2197,2275,2263,2275,2416,2590,2643,2775,1778,2733,1319,1105,1222,1099,1154,1125,1158,1220,1214,1296,1468,1603,1771,1996,2393,1639,1448,1737,1922,1648,1437,1380,979,973,990,957,932,931,921,1037,1384,1049,1190,1612,1677,1537,1339,1203,1128,907,990,919,924,986,1134,1091,1148,1211,1232,1299,1302,1322,1347,1362,2017,2565,2020,1881,1773,1611,1108,1286,2198,2484,2445,2315,2108,2341,2518,2538,2500,2414,2311,2202,2404,2516,2558,2557,2479,2256,1844,2372,2506,2453,2473,2470,2461,2376,2374,2356,2341,2451,2479,2504,2474,2429,2359,2213,2333,2496,2504,2464,2461,2457,2455,2351,2080,1883,2191,2164,2277,2233
2477,2485,2465,2380,2394,2449,2426,2405,1965,1859,2137,2136,2208,2177,2238,2178,2038,2351,2277,2283,2211,2071,1910,1902,2285,2258,2264,2188,2018,1922,1960,2008,2153,2166,2156,1427,1282,1297,1930,2285,2174,2191,2183,2202,2234,2181,2155,2064,2049,2046,2054,2120,1644,412,977,580,1379,1784,1625,1595,1614,1619,1624,1646,1648,1645,1640,1616,1600,1588,1580,1564,1562,1547,1555,1550,1550,1575,1546,1559,1576,1577,1624,1738,1748,1426,1904,1993,1327,1928,1835,1861,2050,2132,1958,2254,2245,1926,2193,2280,2178,1571,1482,1707,1061,969,1244,1357,757,1060,1399,1253,680,1738,1192,874,802,938,1666,1198,1144,1818,1790,1725,1601,1703,1658,1699,1589,1425,1376,1202,1196,1179,1212,1265,1288,1269,1277,1284,1287,1305,1325,1309,1284,1276,1286,1316,1243,1289,1294,1286,1262,1274,1288,1288,1410,1375,1467,1533,1497,1459,1435,959,1232,1386,1418,1371,1375,1435,1510,1471,1530,1584,1581,1561,1687,1892,2207,2165,2122,1859,1778,1893,1791,1809,1871,1991,2000,2135,2125,2200,2298,2344,2238,2201,2079,1906,1791,1854,1985,1901,1724,1638,1592,1589,1748,1711,1740,1534,1445,1445,1354,1386,1410,1431,1419,1416,1422,1677,1669,1295,1289,1630,1676,1638,1590,1626,1665,1754,1825,1794,1762,1631,1887,1939,1649,1032,993,1011,1028,952,1039,1094,1039,991,1002,948,927,928,1006,1053,1094,1105,1084,1155,1102,985,999,1029,1161,1211,1241,1124,1303,931,1022,1047,1093,1085,1051,998,1016,995,939,966,998,976,983,977,979,982,975,972,979,963,978,1061,1068,1132,1263,1353,1382,1406,1462,1527,1569,1652,1653,1601,1536,1516,1529,1474,1394,1442,1465,1500,1698,1659,2253,2702,2061,2152,2195,1369,2519,2556,2530,2463,2408,2379,2348,2196,1943,1773,2159,1797,1944,1646,1492,2473,2557,2607,2628,2587,2644,2620,2625,2635,2669,2683,2687,2669,2655,2588,2254,2683,2489,2512,2430,2413,2430,2319,2416,2417,2395,2370,2383,2442
2610,2690,2644,2655,2635,2580,2472,2509,2508,2456,2303,2514,2552,2531,2507,2514,2504,2479,2417,2318,2167,2189,2137,2445,2409,2385,2324,2282,2242,2199,2119,2073,1998,2289,2313,2311,2178,2117,2358,2276,2178,2158,2134,2088,2089,2109,2132,1445,1415,1763,1642,2225,2204,2230,2043,1885,1774,1706,1697,1680,1634,1649,1666,1673,1672,1669,1675,1662,1646,1647,1629,1610,1606,1593,1578,1572,1582,1697,1598,1750,1926,1598,2128,1372,2007,1254,2027,1251,1991,1956,1853,1874,1888,1900,1918,1959,2045,2115,2366,2189,2087,2094,2084,1041,1142,932,1710,1041,1079,1101,1009,1138,1017,1081,2013,1984,2082,1222,1246,1678,1882,1223,1401,1408,1908,1914,1668,1468,1413,1597,1314,1300,1284,1309,1353,1341,1355,1340,1349,1371,1419,1442,1427,1381,1385,1396,1385,1414,1415,1445,1465,1456,1459,1446,1439,1419,1411,1396,1474,1695,1683,1588,1421,1446,1441,1406,1626,1589,1604,1596,1605,1461,1581,1731,1638,1537,1741,1708,1656,1602,1593,1606,1650,1660,1684,1726,1847,1880,2153,2361,2612,2928,3058,3034,2626,2344,2281,2085,2031,1857,1822,1759,1729,1758,1703,1652,1639,1609,1639,1585,1500,1419,1603,1569,1451,1452,1429,1636,1294,1239,1636,1707,1585,1479,1598,1769,1670,1725,1815,2005,2071,2135,2132,2109,1142,1075,1055,1106,1096,1082,1077,1073,1028,1022,1024,1029,1025,1036,997,1012,1006,1013,1188,1050,1030,1017,1026,1039,1018,1016,1035,1035,1046,1058,1091,1052,1085,1013,985,1023,979,994,995,969,955,1038,1057,1025,1068,1047,1009,1029,1018,1019,1040,1066,1090,1190,1331,1738,1566,2244,2347,2308,2254,2288,2238,2274,2231,2379,2374,2292,2253,2234,2371,2157,1706,841,692,739,1542,2188,2290,2084,1609,2028,2443,2456,2453,2455,2371,2028,2341,2545,2634,2638,2687,2717,2764,2792,2761,2765,2843,2802,2669,2838,2825,2740,2693,2714,2773,2777,2773,2720,2539,2816,2787,2707,2895,2866,2865,2841,2818,2749,2745,2727,2683,2664,2598,2402
2674,2630,2597,2619,2666,2662,2672,2717,2685,2615,2485,2494,2725,2695,2676,2653,2633,2610,2589,2567,2544,2513,2483,2452,2415,2369,2314,2185,2099,1982,2469,2435,2402,2373,2357,2335,2303,2268,2242,2224,2088,2069,2097,2091,2081,2041,2001,2031,2075,2053,2005,1965,1921,1839,1807,1734,1813,1949,1934,1861,1814,1801,1774,1763,1770,1767,1752,1728,1624,1576,1900,1858,1833,1784,1768,1877,1932,2080,1930,1769,1382,1012,1748,1860,1945,2072,2090,2031,1980,1972,1968,1959,2067,1974,2011,2004,1988,1993,1957,1975,2003,2003,2008,2020,2022,2040,2061,1906,1499,1518,1343,1362,1053,1567,1582,1561,1194,860,1058,1153,1190,1115,1590,1537,1526,1538,1523,1519,1221,1484,1363,1364,1360,1363,1381,1409,1392,1429,1377,1327,1383,1443,1506,1504,1566,1523,1488,1526,1485,1468,1469,1537,1588,1587,1595,1602,1605,1605,1604,1572,1587,1620,1401,1636,1791,1784,1785,1688,1881,1870,1849,1812,1832,1893,1885,1854,1776,1780,1536,1691,1716,1753,1776,1821,1877,2102,1808,2049,2125,2349,2380,2445,2489,2570,2594,2460,2440,2422,2373,2251,2256,2183,2096,1994,1955,1889,1796,1794,1854,1867,1793,1804,1633,1563,1528,1461,1405,1357,1324,1329,1363,1546,1333,1329,1356,1451,2037,1331,1310,1294,1279,1257,1231,1216,1204,1183,1143,1141,1117,1009,1033,1033,1024,1020,1029,1055,1068,1128,1178,1179,1153,1131,1098,1087,1239,1276,1193,1270,1266,1073,1069,1073,1060,1050,1052,1046,1048,1063,597,931,973,1055,1060,1226,1586,1621,1475,952,846,1395,1272,2329,2365,2401,2415,2472,2461,2451,2441,2475,2360,2098,1915,1424,1676,1782,1913,2006,2177,2153,2183,2147,2110,2066,2003,1996,1977,1954,1827,1535,1438,1433,1330,1323,1362,1990,2224,1944,2142,2085,1951,1796,2246,2332,2406,2342,2403,2617,2731,2742,2792,2846,2878,2892,2897,2893,2881,2910,2881,2852,2821,2740,2462,2702,2641,2743,2872,2841,2957,2936,2918,2907,2880,2866,2847,2825,2807,2789,2764,2716
2891,2854,2838,2852,2888,2877,2873,2868,2859,2843,2824,2801,2785,2772,2757,2738,2719,2698,2684,2664,2649,2631,2607,2590,2568,2531,2484,2507,2532,2579,2581,2568,2554,2537,2522,2504,2485,2466,2443,2426,2407,2395,2379,2347,2345,2341,2335,2328,2322,2304,2282,2249,2234,2225,2211,2189,2161,2149,2126,2096,2124,2118,2104,2072,2026,2015,1980,1961,1884,1781,1701,2069,2046,2009,1994,1936,2087,2093,2052,2012,1925,1955,2016,2052,2100,2141,2243,2219,2382,2636,2438,2375,2348,2300,2470,2315,2304,2042,2151,2417,2410,2234,2339,2365,2175,2200,1820,1392,1720,1858,1533,1428,894,1102,1607,1528,1544,1208,1226,1423,1503,1596,1503,1435,1407,1396,1386,1399,1403,1417,1404,1444,1390,1376,1376,1377,1414,1458,1484,1565,1521,1370,1499,1665,1728,1712,1700,1753,1690,1670,1663,1701,1762,1801,1735,1724,1717,1709,1702,1682,1133,986,1812,1859,1883,1926,1938,1943,1952,1955,1960,1968,1965,1955,1956,1958,1947,1942,2004,2003,2023,2014,2004,2009,2131,2022,2086,2233,2364,2367,2369,2556,2763,2837,3025,3750,3267,3457,3746,3319,3003,2482,2296,2222,2286,2258,2188,2174,2034,2011,1894,1697,1697,1673,1664,1644,1557,1522,1477,1667,1698,1844,1613,1623,1526,1397,1386,1362,1332,1308,1282,1280,1226,1264,1245,1190,1178,1215,1273,1238,1188,1281,1337,1338,1376,1425,1425,1409,1399,1408,1409,1556,1648,1685,1682,1679,1641,1615,1580,1568,1509,1464,1425,1395,1382,1285,1099,1104,1076,1087,1094,1105,1113,1104,1139,1768,1935,2318,2414,2429,2478,2489,2491,2511,2523,2514,2453,2223,2411,2528,2444,2356,2409,2368,2340,2228,2106,2233,2204,2169,2131,2090,2094,2046,1774,2037,2140,2116,2099,2081,2027,1969,1864,1701,1652,1845,2099,2188,2268,2298,2269,2152,2133,2202,2009,1362,1265,1451,1601,1672,1544,1487,1414,1738,1987,2124,2262,2926,2997,3015,3022,3009,2969,2891,2877,2903,2895,2869,2822,2697,2552,2851,2832,2846,2859,2812,2889,2959,2938,2918
2992,2977,2965,2957,2949,2938,2928,2919,2908,2893,2873,2879,2879,2864,2853,2839,2823,2816,2813,2802,2794,2781,2771,2757,2743,2736,2725,2708,2691,2665,2740,2714,2700,2682,2657,2644,2637,2616,2610,2591,2590,2584,2575,2567,2546,2517,2500,2485,2467,2467,2451,2431,2385,2304,2395,2434,2431,2431,2416,2392,2389,2390,2373,2336,2299,2259,2258,2242,2208,2191,2183,2122,2202,2187,2197,2218,2240,2224,2190,2156,2166,2108,2174,2356,2387,2378,2363,2353,2410,2386,2349,2284,2371,2261,2311,2329,2076,2147,2178,2115,2033,1992,1576,1256,1974,1986,1955,1997,2007,2039,2059,1980,1984,1978,2001,1621,1661,1782,1357,1385,1311,1767,1633,1716,1544,1498,1470,1446,1461,1491,1451,1459,1477,1431,1401,1389,1364,1298,1400,1349,1293,1384,1477,1512,1486,1487,1399,1460,1503,1497,1773,1748,1653,1633,1634,1644,1727,1802,1805,1995,1929,1930,1927,1976,2007,2023,2024,2024,2040,2054,2075,2044,2114,2089,2168,2274,2252,2297,2279,2281,2256,2289,2316,2317,2306,2175,2150,2187,2291,2457,2609,2808,2760,3084,2889,2796,2646,2482,2434,2470,2483,2412,2240,2262,2233,2158,2117,2064,2027,1966,1886,1873,1842,1792,1671,1703,1679,1694,1666,1617,1536,2032,2048,2045,1998,1936,1833,1693,1570,1537,1491,1459,1441,1365,1363,1393,1615,1732,1822,1898,1917,1976,1959,1936,1953,1950,1918,1906,1869,1986,2023,2026,2004,1998,2004,2044,2040,2062,2041,2103,2074,2041,2059,1992,1954,1920,1877,1791,1691,1482,1317,1160,1198,1193,1262,1253,1203,1234,1238,1235,1803,2125,2172,2178,2170,2106,2089,2181,2277,2253,2261,2273,2204,2219,2275,2283,2294,2303,2261,2220,2212,2192,2275,2310,2350,2374,2403,2416,2408,2449,2391,2272,2151,2067,2020,1870,1670,1273,1449,1550,1724,1583,2581,2854,2938,2952,2942,2933,2970,3025,3039,3036,2848,2790,2871,2944,2756,2503,2283,2000,1697,1469,1587,2019,2821,2846,2832,2853,3035,3035,3041,3063,3065,3056,3052,3046,3033,3024,3012,3003
3034,3026,3018,3010,3006,3004,2998,2992,2987,2984,2982,2977,2974,2962,2960,2948,2943,2931,2927,2920,2914,2909,2906,2901,2888,2877,2867,2868,2866,2863,2860,2856,2851,2847,2837,2819,2813,2801,2793,2775,2772,2757,2749,2736,2723,2706,2689,2673,2655,2635,2614,2584,2535,2503,2467,2478,2489,2480,2412,2408,2416,2371,2330,2345,2400,2536,2541,2552,2540,2530,2481,2397,2393,2394,2388,2398,2436,2459,2440,2392,2393,2362,2352,2506,2488,2476,2472,2462,2452,2436,2418,2400,2446,2426,2284,1901,1863,1958,1922,1923,2063,2060,2026,2002,2014,2053,2078,1993,2120,2150,2086,2050,2138,2147,2090,2036,1980,1864,1764,1996,2189,2158,1979,1899,1985,1932,1803,1808,2005,1961,1954,1908,1963,2056,2041,2109,2063,2005,2011,1980,1967,1697,1487,1434,1401,1349,1402,1436,1461,1664,1683,1642,1602,1627,1648,1611,1676,1604,1538,1505,1546,1575,1574,1649,1695,1710,1701,1702,1652,1624,1574,1845,1856,1842,1822,1801,1754,1754,1741,1742,1825,1891,2051,1965,1939,1889,1782,1919,2011,2022,2055,2098,2132,2191,2203,2195,2183,2186,2182,2202,1990,1955,2379,2728,2470,2375,2359,2218,2223,2138,2068,2023,2042,2091,2113,2040,2178,2187,2227,2317,2315,2238,2173,2121,2027,1922,1833,1783,1791,1831,2060,2207,2249,2213,2237,2217,2222,2241,2236,2176,2158,2167,2477,2569,2582,2580,2555,2533,2519,2507,2482,2553,2579,2562,2531,2483,2465,2547,2583,2607,2597,2593,2565,2553,2527,2365,2214,2478,2462,2372,2222,1995,1498,1218,1211,1244,1227,1237,1262,1278,1263,1270,1990,2173,2209,2266,2308,2256,2228,2300,2330,2287,2197,2191,2196,2139,2146,2191,2239,2266,2275,2348,2378,2412,2452,2488,2519,2549,2559,2601,2655,2692,2703,2718,2752,2731,2676,2626,2543,2236,2000,1896,1822,1531,1393,1373,1656,2631,2830,2908,2904,2895,3062,3141,3186,3189,3190,3220,3230,3218,3238,3216,3159,3096,3022,2966,2936,2844,2813,2803,2841,3029,3037,3053,3080,3073,3071,3065,3050,3041
3040,3031,3024,3019,3012,3011,3010,3012,3012,3014,3013,3010,3007,3005,3003,3001,2994,2985,2981,2974,2971,2958,2954,2944,2928,2913,2905,2899,2873,2863,2845,2816,2746,2753,2758,2755,2758,2754,2659,2525,2471,2496,2587,2592,2543,2473,2471,2487,2493,2601,2668,2741,2714,2662,2594,2579,2547,2535,2623,2625,2548,2438,2318,2393,2464,2490,2448,2406,2441,2321,2213,2130,2375,2500,2570,2593,2611,2617,2621,2623,2621,2606,2588,2564,2545,2523,2461,2431,2411,2390,2358,2285,2299,2248,2240,2086,1890,1861,1900,1935,1919,1913,1906,1993,2078,2119,2199,2369,2477,2476,2478,2471,2403,2346,2330,2314,2394,2393,2398,2377,2317,2118,2090,2022,2055,2367,2888,2932,2901,2748,2611,2655,2634,2806,2959,2984,2693,2311,2323,2322,2319,2323,2329,2495,2626,2759,2763,2946,2902,2794,2738,2732,2640,2670,2491,2462,2497,2477,2307,2574,2485,2358,1876,1900,1790,1994,1922,1884,1717,1628,1612,1572,1821,1812,1729,1704,1686,1784,1821,1973,1989,1917,2016,2021,1861,1809,1751,1879,2408,2571,2314,2683,2703,2781,2642,2714,2792,2739,1942,1989,2101,1974,2880,2933,2908,2889,2762,2771,2696,2670,2635,2622,2625,2575,2585,2636,2627,2518,2447,2507,2462,2646,2723,2760,2771,2697,2676,2529,2400,2427,2405,2421,2553,2695,2747,2758,2839,2876,2853,2837,2849,2844,2831,2826,2822,2806,2787,2777,2749,2569,2610,2766,2842,2882,2896,2883,2863,2840,2875,2888,2815,2822,2828,2821,2814,2817,2802,2788,2769,2741,2709,2638,2439,2096,1528,1403,1393,1376,1329,1294,1293,1322,1826,2112,2231,2267,2210,2049,2174,2424,2651,2739,2756,2764,2739,2695,2683,2684,2686,2673,2710,2717,2616,2548,2449,2432,2420,2473,2483,2504,2576,2646,2676,2703,2727,2762,2789,2811,2833,2847,2848,2881,2879,2807,2852,2825,2556,2364,2099,1884,1543,1409,1430,1552,2009,2134,2292,2500,2665,2631,2639,2689,2712,2773,2876,2927,2982,2968,3003,3019,3049,3059,3060,3065,3061,3058,3057,3053,3048,3045
3048,3054,3052,3049,3046,3042,3043,3046,3045,3049,3046,3046,3042,3040,3034,3026,3012,3004,3000,3000,2996,2992,2988,2985,2988,2965,2921,2866,2860,3028,3034,3014,2985,2967,2953,2943,2920,2913,2911,2878,2867,2869,2870,2869,2870,2875,2884,2888,2886,2871,2905,2914,2900,2896,2849,2788,2751,2703,2690,2694,2641,2383,2227,2266,2308,2286,2270,2300,2316,2219,2324,2294,2322,2285,2313,2307,2261,2304,2346,2246,2194,2123,2087,2080,2019,1974,1982,1993,2110,2261,2283,2386,2478,2504,2502,2485,2434,2483,2636,2667,2654,2671,2698,2746,2737,2718,2688,2624,2373,2410,2424,2450,2601,2735,2878,2885,2865,2848,2794,2766,2658,2674,3023,3250,3283,3277,3256,3232,3210,3177,3107,3036,3245,3336,3329,3310,3239,3201,3476,3464,3417,3366,3312,3476,3473,3468,3686,3749,3780,3793,3822,3875,3808,3526,3432,3344,3274,3204,3489,3533,3548,3596,3784,3642,3630,3636,3685,3670,3763,3808,3914,3933,3925,3903,3962,3958,3954,3870,3873,3841,3775,3782,3759,3764,3726,3734,3745,3739,3724,3743,3753,3777,3776,3778,3780,3774,3769,3742,3731,3705,3726,3662,3346,3195,3118,3062,2975,2966,2949,2990,2992,3036,2981,3040,2982,2996,3096,3120,3144,3192,3213,3228,3198,3184,3165,3099,2968,2797,2712,2881,3210,3280,3307,3316,3321,3312,3297,3287,3256,3234,3229,3221,3186,3170,3160,3140,3108,3085,3055,3021,2967,2871,2696,2736,2705,2744,2792,2846,2895,2942,2978,2990,3005,3007,3008,3016,3015,3012,3018,3038,3038,2944,2777,2495,2153,1662,1391,1371,1369,1797,2140,2136,2147,2274,2522,2654,2567,2413,2443,2702,2790,2875,2952,3011,3028,3035,3035,2973,2924,2937,3017,3050,3069,3092,3060,3032,2913,2883,2879,2837,2814,2787,2734,2727,2695,2705,2696,2691,2724,2728,2703,2717,2753,2814,2886,2934,2983,2993,3042,3050,3049,3030,3003,2986,3002,2994,2968,2906,2859,2789,2796,2767,2714,2701,2723,2816,2902,2908,2893,2902,2855,2886,2894,2921,2946,3004,3014,3020,3035,3043
2440,2528,2598,2645,2686,2789,2876,2920,2873,2898,2905,2844,2788,2754,2739,2719,2700,2682,2678,2672,2662,2649,2634,2627,2630,2638,2656,2698,2750,2827,2922,2944,2956,2965,2944,2940,2948,2973,2888,2880,2864,2845,2813,2775,2751,2724,2685,2600,2558,2499,2452,2475,2483,2465,2438,2407,2370,2349,2311,2269,2256,2239,2246,2260,2272,2281,2296,2316,2334,2380,2471,2649,2783,2821,2801,2726,2634,2537,2487,2462,2474,2480,2448,2458,2485,2510,2526,2538,2550,2551,2562,2563,2611,2850,2860,2854,2839,2818,2817,2814,2806,2804,2820,2849,2920,2943,2955,2973,2985,2984,2951,3116,3113,3140,3130,3122,3124,3126,3296,3304,3189,3275,3441,3526,3624,3647,3688,3680,3727,3748,3736,3733,3733,3722,3717,3699,3655,3576,3381,3544,3780,3991,4128,4166,4165,4180,4200,4186,4172,4172,4170,4164,4172,4183,4224,4270,4292,4281,4303,4317,4407,4472,4506,4562,4566,4584,4589,4617,4636,4643,4645,4650,4653,4661,4662,4659,4658,4659,4663,4664,4658,4592,4511,4578,4604,4550,4243,4202,4203,4218,4235,4244,4251,4255,4263,4267,4275,3776,3745,3729,3799,3825,3840,3846,3853,3856,3854,3850,3843,3835,3817,3799,3783,3765,3742,3713,3674,3662,3645,3616,3584,3567,3559,3536,3533,3551,3551,3557,3567,3580,3586,3580,3573,3574,3558,3544,3540,3528,3516,3507,3501,3490,3485,3478,3463,3449,3444,3435,3403,3331,3310,3312,3324,3299,3230,3255,3249,3237,3217,3199,3194,3204,3182,3176,3178,3191,3197,3192,3187,3180,3162,3114,3051,2898,2673,2327,2212,2565,2696,2783,2812,2769,2793,2834,2904,3032,3128,3125,3008,3035,3297,3391,3424,3422,3406,3380,3356,3325,3281,3254,3251,3287,3361,3370,3344,3362,3409,3409,3391,3382,3349,3324,3283,3240,3217,3195,3143,3097,3039,2998,2924,2936,2973,2922,2895,2860,2828,2773,2738,2700,2665,2621,2569,2654,2738,2819,2833,2934,3046,3102,3165,3182,3185,3189,3206,3164,3135,3133,3122,3117,3103,3049,2905,2555,2327,2166,2135,2151,2195,2320
2891,2896,2900,2905,2901,2862,2766,2601,2373,2295,2288,2354,2400,2456,2515,2573,2625,2658,2685,2702,2722,2725,2713,2722,2720,2760,2819,2857,2875,2886,2883,2881,2874,2867,2867,2861,2859,2847,2837,2818,2783,2743,2698,2657,2605,2555,2538,2552,2519,2511,2522,2536,2548,2557,2564,2571,2577,2582,2584,2589,2597,2605,2615,2618,2617,2629,2711,2798,2865,2882,2884,2874,2883,2860,2818,2797,2850,2856,2709,2717,2730,2739,2751,2762,2761,2805,2828,2843,2852,2862,2859,2839,2826,2878,2841,2867,2933,2968,2971,2946,2984,2962,3030,3065,3079,3030,2983,3198,3224,3262,3268,3241,3231,3367,3444,3440,3507,3527,3548,3510,3418,3377,3718,3773,3720,3664,3880,3913,3956,3974,3971,3989,3992,4013,4048,4047,4047,4061,4069,4075,4093,4102,4128,4106,4122,4087,4055,4044,4001,4056,4089,4253,4315,4317,4388,4415,4445,4462,4380,4324,4350,4671,4725,4728,4730,4761,4778,4787,4792,4793,4790,4782,4769,4760,4753,4741,4730,4719,4709,4699,4687,4684,4680,4666,4652,4649,4637,4631,4623,4614,4609,4597,4597,4591,4445,4255,4099,4079,4112,4136,4145,4157,4161,4147,4121,4102,4071,4055,4043,4040,4037,4044,4047,4040,4034,4026,4020,4044,4053,4062,4065,4062,4058,4052,4037,4014,3996,3973,3936,3910,3900,3883,3860,3843,3832,3819,3811,3799,3783,3753,3712,3676,3634,3636,3640,3629,3619,3603,3575,3564,3550,3553,3541,3540,3530,3529,3533,3543,3547,3549,3551,3550,3549,3543,3539,3530,3508,3456,3392,3283,3255,3200,3154,3098,3071,3078,3081,3115,3162,3213,3279,3330,3356,3356,3389,3406,3391,3389,3398,3405,3390,3367,3424,3604,3660,3681,3671,3679,3709,3733,3745,3751,3745,3747,3752,3753,3748,3743,3736,3724,3708,3696,3671,3648,3597,3517,3475,3403,3387,3373,3393,3384,3380,3403,3395,3386,3373,3326,3323,3271,3256,3251,3246,3200,3091,3003,2992,2997,2999,2950,2912,2859,2867,2820,2756,2728,2716,2675,2500,2434,2343,2594,2730,2790,2851,2899,2937,2947,2910,2901
3033,2988,2890,2700,2546,2614,2553,2596,2892,2788,2516,2594,2647,2681,2697,2323,2387,2534,2435,2396,2415,2416,2461,2417,2433,2453,2464,2490,2502,2557,2708,2704,2736,2770,2776,2816,2828,2769,2694,2575,2642,2664,2687,2713,2726,2724,2725,2727,2732,2747,2759,2782,2796,2784,2796,2806,2791,2836,2887,2935,2909,2906,2868,2869,2877,2889,2881,2900,2901,2889,2920,2948,2979,2989,2972,2951,2901,2916,2975,3010,3016,2987,3030,3024,3017,2963,2922,3033,3097,3105,3094,3030,3042,3149,2929,2985,3376,3437,3189,3295,3193,3242,3407,3444,3409,3538,3568,3527,3568,3599,3624,3624,3632,3650,3662,3671,3683,3704,3742,3761,3793,3791,3807,3820,3690,3779,3705,3842,3993,4071,4074,4053,4035,4019,4050,4069,4116,4149,4156,4148,4181,4195,4199,4229,4242,4242,4273,4265,4307,4299,4286,4326,4339,4342,4341,4340,4365,4382,4403,4419,4416,4420,4361,4383,4409,4423,4434,4448,4409,4409,4399,4386,4441,4407,4420,4341,4353,4359,4435,4422,4397,4376,4357,4382,4380,4375,4359,4362,4395,4292,4299,4301,4333,4345,4309,4304,4246,4233,4256,4317,4340,4270,4234,4184,4189,4284,4257,4236,4189,4186,4180,4162,4138,4103,4106,4104,4105,4083,4095,4097,4128,4106,4077,4072,4075,4076,4089,4096,4099,4094,4075,4052,4019,4001,3971,3886,3904,3922,3920,3943,3966,3887,3928,3964,3970,3956,3886,3786,3847,3879,3866,3880,3880,3877,3875,3869,3862,3858,3853,3844,3844,3769,3671,3597,3612,3535,3597,3586,3563,3559,3532,3514,3350,3267,3362,3348,3494,3494,3506,3516,3516,3531,3508,3533,3478,3505,3646,3648,3683,3673,3681,3708,3735,3774,3794,3810,3812,3793,3770,3756,3732,3723,3889,3986,4002,4029,4035,4048,4047,4043,4048,4040,4043,4016,3999,4025,3968,3978,3988,3999,4003,4005,3914,3957,3924,3896,3835,3799,3918,3829,3820,3791,3795,3756,3763,3794,3820,3793,3754,3669,3564,3619,3553,3520,3548,3588,3600,3708,3608,3633,3486,3467,3439,3362,3309,3241,3228,3012,2968,2951
3980,3980,3980,3974,3970,3964,3968,3946,3946,3945,3936,3927,3925,3930,3932,3936,3935,3930,3927,3926,3914,3910,3903,3897,3896,3892,3889,3882,3876,3862,3832,3827,3775,3696,3644,3570,3595,3625,3630,3611,3558,3546,3621,3630,3639,3668,3672,3685,3715,3717,3729,3776,3725,3810,3760,3739,3747,3801,3778,3779,3796,3795,3761,3771,3767,3770,3750,3752,3752,3751,3755,3749,3745,3745,3735,3710,3693,3673,3677,3671,3697,3633,3670,3665,3669,3668,3670,3664,3678,3691,3699,3733,3747,3739,3721,3729,3703,3677,3745,3739,3682,3729,3729,3774,3782,3790,3785,3764,3715,3768,3786,3799,3833,3821,3831,3839,3842,3836,3819,3833,3824,3831,3853,3845,3847,3895,3899,3902,3908,3894,3928,3917,3878,3928,3937,3948,3948,3949,3945,3804,3788,3845,3882,3885,3893,3914,3926,3931,3986,3984,3988,3993,3989,3998,4021,3998,4001,4006,4010,3994,3991,4020,3974,3973,4029,4059,4076,4085,4057,4040,4031,4031,4032,4030,4008,4024,4037,4027,4020,4015,4016,4016,4000,4014,4012,3998,3996,3999,4006,4001,4009,4007,4012,4005,3990,3988,3994,3990,3997,3994,4006,3985,4029,4012,4004,4027,4033,4037,4042,4035,4044,4044,4049,4046,4045,4047,4041,4039,4032,4047,4049,4047,4048,4054,3973,4063,4071,4058,4032,3922,3844,3865,3963,4022,4053,4052,3963,4035,3883,3926,3924,3962,3859,3900,3871,3880,3893,3907,3907,3907,3910,3907,3906,3903,3891,3876,3857,3834,3839,3819,3812,3830,3835,3831,3836,3801,3838,3840,3840,3836,3816,3778,3831,3832,3807,3830,3832,3798,3801,3809,3817,3825,3839,3844,3854,3846,3837,3817,3782,3782,3806,3798,3802,3813,3825,3837,3843,3855,3861,3863,3863,3860,3881,3885,3888,3894,3910,3918,3925,3928,3924,3938,3941,3942,3938,3951,3954,3956,3950,3949,3945,3965,3959,3970,3969,3975,3983,4005,3996,3977,3979,3976,3979,4035,3983,3992,3998,4004,4018,4028,4030,4009,4007,4002,3998,3986,3977,3964,3974,4010,3965,3968,3965,3971,3966,3976,3975,3972,3978,3977
