pl_name,pl_rade,pl_radeerr1,pl_bmasse,pl_bmassprov,pl_orbsmax,st_rad,sy_dist,disc_year,discoverymethod,disc_facility
HD 2039 b,12.7,,1999.1507,Msini,2.2,1.19,85.6922,2002,Radial Velocity,Anglo-Australian Telescope
KOI-142 b,3.438,0.075,9.5,Mass,0.09586,0.897,376.863,2013,Transit,Kepler
HAT-P-8 b,15.6926,1.45717,406.8224,Mass,0.04496,1.57,211.553,2008,Transit,HATNet
K2-43 b,4.51,0.44,18.5,M-R relationship,0.03784,0.542,182.536,2016,Transit,K2
Kepler-1753 b,2.22678077,,5.59,M-R relationship,0.1179,0.769,707.688,2021,Transit,Kepler
Kepler-1176 b,2.45,0.63,6.57,M-R relationship,0.1589,1.02,864.699,2016,Transit,Kepler
K2-126 b,1.97,0.12,4.54,M-R relationship,0.0656,0.65,102.953,2017,Transit,K2
Kepler-1263 b,1.14,0.28,1.55,M-R relationship,0.0499,0.8,664.83,2016,Transit,Kepler
Kepler-1416 b,0.88,0.33,0.615,M-R relationship,0.0257,1.15,949.59,2016,Transit,Kepler
Kepler-1542 c,0.65,0.09,0.208,M-R relationship,0.0387,0.99,399.114,2016,Transit,Kepler
K2-85 b,1.4,0.2,3.2,Mass,0.013,0.71,97.2179,2016,Transit,K2
Kepler-368 c,3.88,1.08,14.3,M-R relationship,0.36,2.019,770.978,2014,Transit,Kepler
K2-123 b,2.76,0.16,8.05,M-R relationship,0.1649,0.59,161.555,2017,Transit,K2
Kepler-770 b,2.3,0.32,5.9,M-R relationship,0.1694,0.92,930.457,2016,Transit,Kepler
Kepler-1399 b,1.25,0.22,2.1,M-R relationship,0.0276,0.96,1385.7,2016,Transit,Kepler
Kepler-723 b,12.19,1.58,,Msini,0.0479,0.89,1071.8,2016,Transit,Kepler
K2-107 b,15.98,0.55,266.9772,Mass,0.0475,1.81,685.2,2017,Transit,K2
K2-45 b,6.71,0.0,36.4,M-R relationship,0.0224,0.445,495.317,2016,Transit,K2
K2-365 b,2.906,0.195,8.78,M-R relationship,,1.051,187.222,2022,Transit,K2
K2-127 b,8.37,0.33,52.9,M-R relationship,0.0411,0.66,709.999,2017,Transit,K2
K2-195 b,3.13,0.12,9.96,M-R relationship,0.1208,0.99,315.014,2018,Transit,K2
K2-80 c,1.47,0.23,2.76,M-R relationship,0.0596,0.87,200.802,2016,Transit,K2
K2-229 c,2.03,0.12,7.0,Mass,0.0769,0.79,102.564,2018,Transit,K2
HAT-P-3 b,10.53646,0.78463,206.5895,Mass,0.03866,0.87,134.554,2007,Transit,HATNet
WASP-32 b,10.76064,1.68135,835.8929,Mass,0.0394,0.95,275.994,2010,Transit,SuperWASP
WASP-24 b,15.46842,1.79344,394.1092,Mass,0.03651,1.42,322.114,2010,Transit,SuperWASP
Kepler-65 c,2.58,0.06,5.4,Mass,0.068,1.41,303.728,2012,Transit,Kepler
TrES-2 b,15.24424,0.89672,473.5667,Mass,0.03568,1.12,215.32,2006,Transit,TrES
Kepler-939 b,1.75,0.31,3.71,M-R relationship,0.1153,0.85,2093.62,2016,Transit,Kepler
Kepler-1028 b,1.33,0.15,2.33,M-R relationship,0.0354,0.87,607.916,2016,Transit,Kepler
HAT-P-67 b,23.9872187,0.28022452,143.02278315,Mass,0.06505,2.62,371.686,2017,Transit,HATNet
Kepler-1101 b,2.47,0.37,6.66,M-R relationship,0.3483,0.91,742.473,2016,Transit,Kepler
Kepler-1388 b,2.59,0.13,7.22,M-R relationship,0.0882,0.61,453.795,2016,Transit,Kepler
Kepler-768 b,1.79,0.2,3.86,M-R relationship,0.092,0.78,784.56,2016,Transit,Kepler
Kepler-796 b,1.3,0.36,2.24,M-R relationship,0.07317,1.09,817.584,2016,Transit,Kepler
Kepler-110 b,1.83,0.36,4.01,M-R relationship,0.107,1.149,586.531,2014,Transit,Kepler
Kepler-1042 b,2.19,0.11,5.43,M-R relationship,0.0756,0.72,659.0,2016,Transit,Kepler
Kepler-334 c,1.43,0.26,2.63,M-R relationship,0.107,1.068,426.59,2014,Transit,Kepler
Kepler-937 b,3.72,1.29,13.4,M-R relationship,0.3214,1.22,1571.46,2016,Transit,Kepler
Kepler-1117 b,1.11,0.17,1.41,M-R relationship,0.05485,0.93,568.487,2016,Transit,Kepler
Kepler-1789 b,2.83137505,,8.4,M-R relationship,0.3543,0.888,611.461,2021,Transit,Kepler
Kepler-1831 b,1.97019818,,4.54,M-R relationship,0.0655,1.012,1053.49,2021,Transit,Kepler
Kepler-1245 b,1.44,0.12,2.67,M-R relationship,0.0484,0.83,805.936,2016,Transit,Kepler
Kepler-114 b,1.26,0.13,1.09,Mass,0.053,0.667,259.533,2014,Transit,Kepler
Kepler-1105 b,2.01,0.06,4.7,M-R relationship,0.0471,0.68,318.004,2016,Transit,Kepler
Kepler-187 b,1.41,0.28,2.57,M-R relationship,0.059,1.287,1143.0,2014,Transit,Kepler
Kepler-1379 b,1.3,0.12,2.24,M-R relationship,0.0171,0.79,971.325,2016,Transit,Kepler
Kepler-304 c,2.17,0.15,5.35,M-R relationship,0.054,0.687,434.684,2014,Transit,Kepler
Kepler-1291 b,1.66,0.1,3.39,M-R relationship,0.0779,0.8,897.352,2016,Transit,Kepler
Kepler-304 e,1.2,0.06,1.87,M-R relationship,0.02317,0.73,434.684,2016,Transit,Kepler
Kepler-461 b,2.58,0.07,7.18,M-R relationship,0.07895,0.91,692.158,2016,Transit,Kepler
Kepler-1894 b,1.20117759,,1.87,M-R relationship,0.0385,0.901,935.191,2021,Transit,Kepler
Kepler-576 b,3.27,0.84,10.7,M-R relationship,0.179,0.97,617.55,2016,Transit,Kepler
Kepler-1893 b,1.70557445,,3.55,M-R relationship,0.0504,1.162,1050.72,2021,Transit,Kepler
Kepler-1601 b,0.82,0.24,0.477,M-R relationship,0.03281,1.07,644.456,2016,Transit,Kepler
Kepler-1922 b,2.29064904,,5.86,M-R relationship,0.1077,0.863,1344.29,2021,Transit,Kepler
HD 80653 b,1.621,0.054,5.61,Mass,0.01657,1.199,109.86,2020,Transit,K2
Kepler-1542 d,0.87,0.12,0.59,M-R relationship,0.0629,0.99,399.114,2016,Transit,Kepler
Kepler-666 b,2.4,0.58,6.35,M-R relationship,0.0542,1.05,1508.71,2016,Transit,Kepler
Kepler-211 c,1.29,0.09,18.3,Mass,0.062,0.816,309.353,2014,Transit,Kepler
Kepler-203 c,2.47,0.47,749.9,Mass,0.061,1.114,703.302,2014,Transit,Kepler
GJ 674 b,3.33,,11.09,Msini,0.039,0.36463,4.54896,2007,Radial Velocity,La Silla Observatory
OGLE-TR-182 b,12.666,2.69,320.995,Mass,0.051,1.14,2501.75,2007,Transit,OGLE
HD 69830 c,3.46,,11.8,Msini,0.186,0.886947,12.5591,2006,Radial Velocity,La Silla Observatory
GJ 3021 b,13.1,,1071.04,Msini,0.49,0.9,17.5559,2000,Radial Velocity,La Silla Observatory
HD 221287 b,13.1,,982.05,Msini,1.25,1.13864,55.9231,2007,Radial Velocity,La Silla Observatory
HD 47536 b,12.6,,2330.0,Msini,1.93,23.47,122.536,2002,Radial Velocity,La Silla Observatory
HD 107148 b,9.6,,66.741,Msini,0.269,1.169193,49.4156,2005,Radial Velocity,W. M. Keck Observatory
HD 179949 b,13.9,,291.12,Msini,0.0443,1.266865,27.4573,2000,Radial Velocity,Anglo-Australian Telescope
HD 188015 b,13.6,,476.72,Msini,1.203,1.125296,50.6706,2004,Radial Velocity,W. M. Keck Observatory
HD 27442 b,13.5,,495.8,Msini,1.271,3.18,18.2704,2000,Radial Velocity,Anglo-Australian Telescope
HD 46375 b,10.0,,71.8,Msini,0.0398,0.914196,29.5529,2000,Radial Velocity,W. M. Keck Observatory
HAT-P-2 b,10.659759,0.437151,2866.81223114,Mass,0.06814,1.39,127.774,2007,Transit,HATNet
HD 109749 b,11.1,,85.8141,Msini,0.0615,1.22,63.0821,2005,Radial Velocity,W. M. Keck Observatory
HD 149143 b,13.6,,422.7139,Msini,0.053,1.44,73.2801,2005,Radial Velocity,Haute-Provence Observatory
HD 224693 b,14.0,,222.481,Msini,0.191,1.93,93.5015,2006,Radial Velocity,W. M. Keck Observatory
HD 231701 b,13.7,,359.1479,Msini,0.567,1.53,108.877,2007,Radial Velocity,W. M. Keck Observatory
HIP 14810 b,13.0,,1239.537,Msini,0.0696,1.07,50.48,2005,Radial Velocity,W. M. Keck Observatory
HIP 14810 d,14.1,,187.5197,Msini,1.94,1.07,50.48,2009,Radial Velocity,W. M. Keck Observatory
HD 207832 b,14.2,,177.9848,Msini,0.586,0.89,58.9291,2012,Radial Velocity,W. M. Keck Observatory
HD 37605 c,13.1,,1013.8777,Msini,3.74,0.91,46.7864,2012,Radial Velocity,Multiple Observatories
HD 1605 c,13.0,,1150.5446,Msini,3.584,3.49,88.8047,2015,Radial Velocity,Multiple Observatories
HD 55696 b,12.9,,1357.12729789,Mass,3.18,1.52,77.9693,2018,Radial Velocity,W. M. Keck Observatory
HD 148164 c,12.8,,1640.0028,Msini,6.15,1.34,77.1971,2018,Radial Velocity,W. M. Keck Observatory
HD 211810 b,14.0,,212.9461,Msini,2.656,1.13,64.6353,2018,Radial Velocity,W. M. Keck Observatory
HD 221416 b,9.17,0.34,60.5,Mass,0.1228,2.943,95.5483,2019,Transit,Transiting Exoplanet Survey Satellite (TESS)
Kepler-595 c,1.009,0.024,3.3,Mass,0.0983,0.821,643.009,2020,Transit,Kepler
Kepler-595 b,3.708,0.01,17.4,Mass,0.1582,0.821,643.009,2016,Transit,Kepler
PSR B1257+12 b,0.338,,0.02,Mass,0.19,,600.0,1994,Pulsar Timing,Arecibo Observatory
PSR B1257+12 c,1.91,,4.3,Mass,0.36,,600.0,1992,Pulsar Timing,Arecibo Observatory
OGLE-TR-211 b,15.244,2.018,327.351,Mass,0.051,1.64,1515.26,2007,Transit,OGLE
Lupus-TR-3 b,9.976,0.785,257.431,Mass,0.0464,0.82,773.409,2007,Transit,Multiple Observatories
2MASS J04414489+2301513 b,12.6,,2383.6,Mass,15.0,0.231916,120.42398696,2010,Imaging,Hubble Space Telescope
WASP-21 b,11.99,0.56,95.345,Mass,0.052,1.06,258.426,2010,Transit,SuperWASP
CoRoT-10 b,10.87,0.78,874.0,Mass,0.1055,0.79,338.386,2010,Transit,CoRoT
CoRoT-12 b,16.14,1.46,291.438,Mass,0.04016,1.116,1126.37,2010,Transit,CoRoT
CoRoT-11 b,16.03,0.34,740.51,Mass,0.0436,1.37,655.037,2010,Transit,CoRoT
CoRoT-13 b,9.92,0.157,415.704,Mass,0.051,1.01,1148.93,2010,Transit,CoRoT
HD 285968 b,2.83,,8.4,Msini,0.066,0.478214,9.47045,2008,Radial Velocity,La Silla Observatory
HD 205739 b,13.6,,435.41,Msini,0.896,1.33,92.5087,2008,Radial Velocity,Las Campanas Observatory
CoRoT-3 b,11.32,0.78,6883.91,Mass,0.05783,1.56,768.771,2008,Transit,CoRoT
HD 16417 b,5.0,,22.1,Msini,0.14,1.639984,25.3936,2008,Radial Velocity,Anglo-Australian Telescope
AB Pic b,12.3,,4290.5,Mass,260.0,0.999394,50.0475,2005,Imaging,Paranal Observatory
CT Cha b,24.66,9.08,5403.0,Mass,440.0,1.679694,190.72,2007,Imaging,Paranal Observatory
HD 9446 b,14.0,,222.472,Msini,0.189,1.0,50.3503,2009,Radial Velocity,Haute-Provence Observatory
Kepler-4 b,4.002,0.213,24.472,Mass,0.0456,1.487,487.916,2009,Transit,Kepler
GJ 876 c,14.0,,226.9846,Mass,0.12959,0.3,4.67517,2000,Radial Velocity,Multiple Observatories
HIP 79431 b,13.4,,667.415,Msini,0.36,0.478625,14.5324,2009,Radial Velocity,W. M. Keck Observatory
WASP-31 b,17.363,0.56,151.916,Mass,0.04659,1.252,383.829,2010,Transit,SuperWASP
24 Sex b,13.4,,632.46,Msini,1.333,4.9,72.0691,2010,Radial Velocity,Lick Observatory
WASP-37 b,13.002,0.785,572.07,Mass,0.0446,1.003,392.791,2010,Transit,SuperWASP
Kepler-9 d,1.64,0.19,8.41466053,Msini,0.0273,1.02,628.257,2010,Transit,Kepler
KOI-217 b,12.442,0.224,,Msini,0.0477,0.86,914.699,2010,Transit,Kepler
HD 90156 b,4.43,,17.98,Msini,0.25,0.920286,21.9496,2011,Radial Velocity,La Silla Observatory
HD 177830 c,7.87,,47.6725,Msini,0.5137,2.62,62.7674,2010,Radial Velocity,W. M. Keck Observatory
ups And b,14.0,,218.531,Msini,0.05922166,1.56,13.4054,1996,Radial Velocity,Lick Observatory
ups And d,12.5,,3257.74117175,Mass,2.51329,1.56,13.4054,1999,Radial Velocity,Multiple Observatories
OGLE-2017-BLG-0373L b,14.0,,127.0,Mass,2.424,,5915.0,2018,Microlensing,OGLE
Kepler-1737 b,5.395,,25.1,M-R relationship,0.297,0.881,,2021,Transit,Kepler
K2-269 b,1.57,0.12,3.09,M-R relationship,0.0531,1.45,360.76,2018,Transit,K2
TOI-1249 b,3.2710301,0.30687428,11.9,Mass,0.109,0.9785,139.49,2024,Transit,Transiting Exoplanet Survey Satellite (TESS)
Kepler-106 d,0.95,0.13,8.1,Mass,0.16063,1.04,444.322,2014,Transit,Kepler
Kepler-1031 b,0.87,0.21,0.59,M-R relationship,0.0218,1.12,682.882,2016,Transit,Kepler
CD-35 2722 b,17.37392009,0.56044903,9375.9380065,Mass,67.0,0.558549,22.3896,2011,Imaging,Gemini Observatory
Kepler-948 b,1.85,0.32,4.08,M-R relationship,0.0749,0.94,868.017,2016,Transit,Kepler
OGLE-2014-BLG-0319L b,14.1,,181.16219199,Mass,3.49,,7730.0,2022,Microlensing,OGLE
OGLE-2018-BLG-1011L b,13.5,,570.0,Mass,1.8,,7100.0,2019,Microlensing,OGLE
WASP-61 b,15.80469,2.46598,851.7844,Mass,0.0521,1.55,488.66,2012,Transit,SuperWASP
KMT-2022-BLG-0303L b,14.2,,163.04597279,Mass,4.81,,6570.0,2024,Microlensing,KMTNet
OGLE-2019-BLG-0954L b,12.3,,4513.1633794,Mass,2.65,,3630.0,2021,Microlensing,OGLE
WASP-123 b,15.13212395,0.56044903,285.72917,Mass,0.04263,1.285,197.996,2016,Transit,SuperWASP
Kepler-1882 b,1.48674404,,2.81,M-R relationship,0.11636,1.458,443.371,2021,Transit,Kepler
KOI-984 b,4.3,0.05,17.1,M-R relationship,0.0504,0.818,252.667,2022,Transit,Kepler
Kepler-1573 b,1.2,0.23,1.87,M-R relationship,0.0364,1.0,1455.36,2016,Transit,Kepler
Kepler-802 b,3.54,0.47,12.3,M-R relationship,0.2265,0.9,780.585,2016,Transit,Kepler
KMT-2023-BLG-1454L b,14.1,,200.23189641,Mass,1.18,,7220.0,2024,Microlensing,KMTNet
Kepler-1440 b,1.26,0.23,2.13,M-R relationship,0.23431,0.96,1115.35,2016,Transit,Kepler
WASP-130 b,9.97601,0.33627,390.9309,Mass,0.1012,0.96,172.256,2016,Transit,SuperWASP-South
OGLE-2017-BLG-1049L b,12.8,,1760.0,Mass,3.92,,5670.0,2020,Microlensing,OGLE
Kepler-949 b,2.91,0.36,8.8,M-R relationship,0.07739,0.86,486.105,2016,Transit,Kepler
Kepler-1964 b,1.7810587,,3.83,M-R relationship,0.0322,0.698,,2021,Transit,Kepler
KMT-2023-BLG-1592L b,14.1,,184.34047606,Mass,3.9,,7200.0,2026,Microlensing,KMTNet
OGLE-2019-BLG-0362L b,13.1,,1036.12060682,Mass,2.18,,5830.0,2022,Microlensing,OGLE
KMT-2017-BLG-1057L b,5.19,,23.5,Mass,2.36,,6500.0,2024,Microlensing,KMTNet
KMT-2025-BLG-1616L b,7.34,,42.32,Mass,1.6,,7500.0,2026,Microlensing,KMTNet
Wolf 327 b,1.24,0.06,2.53,Mass,0.01,0.406,28.5321,2024,Transit,Transiting Exoplanet Survey Satellite (TESS)
Kepler-62 f,1.41,0.07,35.0,Mass,0.718,0.64,300.874,2013,Transit,Kepler
WASP-53 c,,,5196.5205,Msini,3.73,0.798,201.338,2017,Radial Velocity,Multiple Facilities
KMT-2023-BLG-1743L b,12.1,,6356.56814,Mass,1.16,,7130.0,2024,Microlensing,KMTNet
TOI-5789 c,2.86,0.18,5.0,Mass,0.1009,0.833,20.4581,2026,Transit,Transiting Exoplanet Survey Satellite (TESS)
MOA-2019-BLG-008L b,12.2,,5720.911326,Mass,,,2700.0,2022,Microlensing,MOA
OGLE-2016-BLG-1598L b,13.6,,120.77479466,Mass,2.5,,5910.0,2024,Microlensing,OGLE
OGLE-2017-BLG-1275L b,12.8,,1875.1876013,Mass,2.09,,7690.0,2024,Microlensing,OGLE
HATS-44 b,11.960003,1.401125,177.9848,Mass,0.03649,0.847,446.035,2018,Transit,HATSouth
HD 160691 b,,,1366.6621501,Mass,1.5,1.33,15.5981,2000,Radial Velocity,Anglo-Australian Telescope
Kepler-132 b,1.21,0.24,1.92,M-R relationship,0.067,1.178,349.549,2014,Transit,Kepler
KMT-2021-BLG-0192L b,6.56,,34.96112477,Mass,1.62,,5120.0,2022,Microlensing,KMTNet
Kepler-49 b,2.579,0.087,9.77,Mass,0.05929,0.618,311.222,2012,Transit,Kepler
KMT-2016-BLG-2364L b,13.0,,1250.0,Mass,2.63,,6440.0,2020,Microlensing,KMTNet
Kepler-218 c,3.14,0.26,10.0,M-R relationship,0.248,1.063,656.38,2014,Transit,Kepler
GJ 328 c,4.91,,21.4,Msini,0.657,0.63,20.5266,2023,Radial Velocity,Roque de los Muchachos Observatory
K2-212 b,2.65,0.2,7.51,M-R relationship,0.0785,0.678,109.218,2018,Transit,K2
Kepler-138 d,1.51,0.04,2.1,Mass,0.1288,0.535,66.8624,2014,Transit,Kepler
KMT-2022-BLG-1818L c,13.2,,114.41822652,Mass,12.6,,5300.0,2026,Microlensing,KMTNet
Qatar-8 b,14.403565,0.246598,117.91493,Mass,0.0474,1.315,281.498,2019,Transit,Qatar
KMT-2018-BLG-0885L b,11.9,,9217.023803,Mass,1.07,,6890.0,2023,Microlensing,KMTNet
KMT-2016-BLG-2321L b,13.8,,301.93698665,Mass,3.58,,3580.0,2024,Microlensing,KMTNet
Kepler-74 b,10.76,0.22,200.22,Mass,0.0781,1.12,1177.55,2013,Transit,Kepler
OGLE-2017-BLG-0482L b,2.95,,9.0,Mass,1.8,,5800.0,2018,Microlensing,OGLE
PSR B0329+54 b,1.22,,1.97,Msini,10.26,,504.93312058,2017,Pulsar Timing,Multiple Facilities
K2-140 b,13.56286665,1.00880826,295.58041851,Mass,0.068,1.06,347.917,2017,Transit,K2
HD 184010 c,11.8,,95.3485221,Msini,1.334,4.86,60.7993,2022,Radial Velocity,Okayama Astrophysical Observatory
EPIC 201595106 b,1.565,0.079,7.67,Mass,0.0177,0.98,232.1,2021,Transit,K2
TOI-1203 e,7.31,,42.1,Msini,,1.179,64.9943,2025,Radial Velocity,La Silla Observatory
Kepler-1503 b,2.27,0.19,5.77,M-R relationship,0.3771,0.74,1225.57,2016,Transit,Kepler
Kepler-1781 b,2.38091029,,6.26,M-R relationship,0.0574,0.957,962.63,2021,Transit,Kepler
Kepler-57 c,2.196,0.067,6.86,Mass,0.09588,0.826,644.14,2012,Transit,Kepler
Kepler-1124 b,1.28,0.12,2.18,M-R relationship,0.0305,0.34,289.899,2016,Transit,Kepler
Kepler-1581 b,0.8,0.14,0.437,M-R relationship,0.06865,1.23,493.175,2016,Transit,Kepler
Kepler-464 b,3.3,0.16,10.9,M-R relationship,0.07931,1.59,667.604,2016,Transit,Kepler
Kepler-1580 b,2.11,0.3,5.1,M-R relationship,0.33571,2.15,1002.02,2016,Transit,Kepler
Kepler-198 d,1.53,0.09,2.96,M-R relationship,0.02342,0.93,495.358,2016,Transit,Kepler
TOI-1422 b,3.83,0.11,9.5,Mass,0.107,1.019,155.141,2022,Transit,Transiting Exoplanet Survey Satellite (TESS)
HD 73267 c,12.8,,1630.77755632,Mass,12.688,0.909,50.4093,2022,Radial Velocity,Multiple Observatories
Kepler-580 b,2.57,0.29,7.13,M-R relationship,0.0683,0.64,323.899,2016,Transit,Kepler
KOI-12 b,13.78707,0.67254,349.613,Mass,0.154,1.4,399.398,2015,Transit,Kepler
Kepler-637 b,4.75,0.51,20.2,M-R relationship,0.16619,2.56,786.091,2016,Transit,Kepler
HD 29985 b,12.8,,1739.47487151,Mass,13.39,0.574666,31.2707,2022,Radial Velocity,Multiple Observatories
HD 165155 b,13.2,,918.5287,Msini,1.13,0.95,63.3574,2016,Radial Velocity,Multiple Observatories
HD 22946 d,2.607,0.06,26.57,Mass,0.2958,1.117,62.7792,2023,Transit,Transiting Exoplanet Survey Satellite (TESS)
Kepler-1697 b,1.25954761,,2.12,M-R relationship,0.2008,0.772344,247.771,2020,Transit,Kepler
Kepler-674 b,1.69,0.1,3.5,M-R relationship,0.028,0.57,342.254,2016,Transit,Kepler
Kepler-873 b,3.75,1.64,13.5,M-R relationship,0.1542,1.27,1182.22,2016,Transit,Kepler
Kepler-783 b,0.78,0.04,0.399,M-R relationship,0.04958,0.89,516.09,2016,Transit,Kepler
HD 31527 c,3.85,,14.16,Msini,0.2663,1.073694,38.4473,2019,Radial Velocity,La Silla Observatory
Kepler-1955 b,1.16654878,,1.69,M-R relationship,0.11959,1.291,449.351,2021,Transit,Kepler
Kepler-1684 b,2.87084792,,8.6,M-R relationship,0.2253,0.666755,621.996,2020,Transit,Kepler
Kepler-322 c,1.67,0.18,3.43,M-R relationship,0.051,0.89,400.48,2014,Transit,Kepler
Qatar-5 b,12.408363,0.717376,1373.0256,Mass,0.04127,1.076,367.658,2017,Transit,Qatar
Kepler-399 c,1.43,0.77,2.63,M-R relationship,0.155,0.68,740.537,2014,Transit,Kepler
DMPP-2 c,8.26,,51.79,Msini,0.04789,1.78,137.94,2026,Radial Velocity,Multiple Observatories
Kepler-682 b,7.37,0.77,42.6,M-R relationship,0.1058,0.89,1979.25,2016,Transit,Kepler
TOI-220 b,3.03,0.15,13.8,Mass,0.08911,0.858,90.7402,2021,Transit,Transiting Exoplanet Survey Satellite (TESS)
TOI-5624 f,3.66,,13.0,Msini,0.2366,0.82,101.913,2026,Transit Timing Variations,Multiple Observatories
Kepler-242 b,2.61,1.6,7.32,M-R relationship,0.075,0.85,600.241,2014,Transit,Kepler
Kepler-258 b,4.06,2.71,15.5,M-R relationship,0.103,0.915,575.988,2014,Transit,Kepler
TOI-4898 b,3.7197954,0.31107066,13.4,M-R relationship,,0.639344,98.5958,2026,Transit,Transiting Exoplanet Survey Satellite (TESS)
Kepler-1292 b,1.82,0.29,3.97,M-R relationship,0.0443,0.93,1493.43,2016,Transit,Kepler
HD 128717 b,12.1,,6293.0024586,Mass,4.85,1.248,73.636,2025,Astrometry,European Space Agency (ESA) Gaia Satellite
Kepler-1058 b,2.72,0.11,7.85,M-R relationship,0.3679,0.69,491.997,2016,Transit,Kepler
Kepler-160 b,1.715,0.061,3.59,M-R relationship,0.05511,1.118,937.013,2014,Transit,Kepler
Kepler-1365 b,0.92,0.14,0.721,M-R relationship,0.07839,1.05,840.128,2016,Transit,Kepler
Kepler-346 c,3.07,1.46,9.64,M-R relationship,0.168,1.021,984.105,2014,Transit,Kepler
Kepler-1489 b,1.77,0.23,3.78,M-R relationship,0.3679,0.9,1283.05,2016,Transit,Kepler
Kepler-1126 b,1.73,0.21,3.64,M-R relationship,0.41251,0.93,635.736,2016,Transit,Kepler
Kepler-1914 b,2.9429803,,8.97,M-R relationship,0.1954,0.96,1621.56,2021,Transit,Kepler
HATS-43 b,13.22662,0.56045,82.95363,Mass,0.04944,0.812,362.273,2018,Transit,HATSouth
Kepler-685 b,10.58,3.06,78.8,M-R relationship,0.0265,1.16,938.715,2016,Transit,Kepler
Kepler-1303 b,1.42,0.35,2.6,M-R relationship,0.0751,1.0,897.783,2016,Transit,Kepler
Kepler-1016 b,2.18,0.37,5.39,M-R relationship,0.03044,1.0,1402.82,2016,Transit,Kepler
HIP 54373 c,3.57,,12.44,Msini,0.099,0.564998,18.7168,2019,Radial Velocity,Las Campanas Observatory
L 363-38 b,2.0,,4.67,Msini,0.048,0.274,10.2295,2023,Radial Velocity,Paranal Observatory
Kepler-417 c,2.69,0.19,7.7,M-R relationship,0.1194,0.806,973.989,2014,Transit Timing Variations,Kepler
K2-396 c,3.124,0.178,9.93,M-R relationship,,0.92,274.864,2022,Transit,K2
Kepler-1992 b,0.91,0.09,0.693,M-R relationship,0.1169,0.842,532.955,2023,Transit,Kepler
Kepler-134 b,2.0,0.39,4.66,M-R relationship,0.06,1.176,334.797,2014,Transit,Kepler
Kepler-559 b,3.61,0.64,12.7,M-R relationship,0.1277,0.95,776.708,2016,Transit,Kepler
WASP-34 b,11.209,0.89672,177.9848,Mass,0.0524,0.91,132.096,2010,Transit,SuperWASP
Kepler-1426 b,1.56,0.33,3.05,M-R relationship,0.1187,1.02,1697.81,2016,Transit,Kepler
Kepler-156 b,2.3,0.17,5.9,M-R relationship,0.054,0.807,443.483,2014,Transit,Kepler
HATS-64 b,18.819911,0.907929,305.1168,Mass,0.06562,2.113,1080.15,2018,Transit,HATSouth
Kepler-610 b,4.19,1.16,16.3,M-R relationship,0.0719,1.13,845.824,2016,Transit,Kepler
Kepler-524 c,0.96,0.08,0.84,M-R relationship,0.03046,1.1,1058.24,2016,Transit,Kepler
Kepler-398 c,1.01,0.11,1.01,M-R relationship,0.087,0.613,177.355,2014,Transit,Kepler
Kepler-1916 b,2.61757235,,7.35,M-R relationship,0.2053,1.092,2055.82,2021,Transit,Kepler
TIC 320419023 b,2.77280763,0.32201188,8.11,M-R relationship,,0.952319,288.893,2026,Transit,Transiting Exoplanet Survey Satellite (TESS)
HD 108236 f,2.017,0.052,4.72,M-R relationship,0.1758,0.877,64.5978,2021,Transit,CHaracterising ExOPlanets Satellite (CHEOPS)
Kepler-1617 b,1.2,0.37,1.87,M-R relationship,0.17707,1.22,898.31,2016,Transit,Kepler
HD 206893 c,16.36511182,2.01761653,3527.8953177,Mass,3.74,1.31116,40.7583,2022,Imaging,European Southern Observatory
TOI-4527.01,0.9086617,0.953413,0.689,M-R relationship,0.008332353,0.485948,18.1037,2024,Transit,Transiting Exoplanet Survey Satellite (TESS)
K2-255 b,2.9,0.28,8.75,M-R relationship,0.0274,0.69,191.608,2018,Transit,K2
Kepler-1678 b,3.30422249,,10.9,M-R relationship,0.5302,0.834976,847.339,2020,Transit,Kepler
HD 224018 b,0.91,0.64,4.1,Mass,0.0952,1.147,105.48,2025,Radial Velocity,Roque de los Muchachos Observatory
Kepler-1334 b,2.29,0.31,5.86,M-R relationship,0.1229,0.91,1223.04,2016,Transit,Kepler
Kepler-480 b,2.78,0.29,8.15,M-R relationship,0.06024,1.34,847.508,2016,Transit,Kepler
Kepler-1382 b,1.88,0.39,4.19,M-R relationship,0.14023,1.72,738.261,2016,Transit,Kepler
TOI-2068 b,1.821,0.162,3.97,M-R relationship,0.0632,0.535,52.9328,2024,Transit,Transiting Exoplanet Survey Satellite (TESS)
Kepler-1030 b,2.48,0.12,6.71,M-R relationship,0.1338,0.76,758.702,2016,Transit,Kepler
HD 153950 b,13.2,,937.5985,Msini,1.28,1.28,48.4549,2008,Radial Velocity,La Silla Observatory
HAT-P-52 b,11.309881,0.807048,259.98494,Mass,0.03694,0.893,361.155,2015,Transit,HATNet
TOI-4747 b,3.95803201,0.35272904,14.8,M-R relationship,,0.988751,304.615,2026,Transit,Transiting Exoplanet Survey Satellite (TESS)
Kepler-891 b,6.41,1.46,33.6,M-R relationship,0.2881,1.07,2340.58,2016,Transit,Kepler
Kepler-1159 b,2.37,1.03,6.21,M-R relationship,0.1603,1.28,1213.71,2016,Transit,Kepler
HATS-18 b,14.896761,0.840675,629.144485,Mass,0.0174,1.02,624.368,2016,Transit,Multiple Observatories
GJ 676 A e,2.47,,6.67439655,Msini,0.181,0.69,16.0272,2012,Radial Velocity,La Silla Observatory
Kepler-48 c,2.71,0.14,14.61,Mass,0.08633,0.89,306.738,2012,Transit,Kepler
Kepler-889 b,1.09,0.19,1.32,M-R relationship,0.04975,1.25,598.313,2016,Transit,Kepler
HR 2562 b,12.44199,1.23299,6992.224954,Mass,22.2,1.334,34.0071,2016,Imaging,Gemini Observatory
Kepler-1804 b,1.59615726,,3.18,M-R relationship,0.1017,1.671,434.456,2021,Transit,Kepler
Kepler-1188 b,2.08,0.49,4.98,M-R relationship,0.135,1.06,1717.48,2016,Transit,Kepler
HD 21411 b,9.52,,65.9,Msini,0.362,0.825605,29.1328,2019,Radial Velocity,Las Campanas Observatory
Kepler-1281 b,1.64,0.13,3.33,M-R relationship,0.0415,0.83,1090.0,2016,Transit,Kepler
Kepler-128 b,1.421,0.04,3.79,Mass,0.12545,1.659,396.379,2013,Transit,Kepler
Kepler-1693 b,1.28938413,,2.21,M-R relationship,0.1011,0.878295,760.065,2020,Transit,Kepler
Kepler-104 b,3.1,0.53,19.6,Mass,0.094,1.349,400.785,2014,Transit,Kepler
Kepler-1849 b,2.38685349,,6.29,M-R relationship,0.2597,0.729,631.884,2021,Transit,Kepler
Kepler-1036 b,3.01,0.14,9.32,M-R relationship,0.47726,0.89,489.435,2016,Transit,Kepler
Kepler-37 b,0.3098,0.0059,0.79,Mass,0.1019,0.789,63.9207,2013,Transit,Kepler
2MASS J22362452+4751425 b,12.3,,3972.875,Mass,230.0,0.641152,69.5737,2016,Imaging,W. M. Keck Observatory
Kepler-1191 b,1.51,0.13,2.89,M-R relationship,0.0587,0.81,955.536,2016,Transit,Kepler
Kepler-511 c,4.20964327,,16.5,M-R relationship,0.17177,1.417,651.999,2021,Transit,Kepler
XO-5 b,12.78,0.34,378.2,Mass,0.0515,1.13,276.211,2008,Transit,XO
Kepler-1825 b,1.42200732,,2.61,M-R relationship,0.0187,0.847,430.254,2021,Transit,Kepler
Kepler-1074 b,1.25,0.24,2.1,M-R relationship,0.0536,0.57,250.817,2016,Transit,Kepler
TIC 183374187 b,14.03364384,0.78462865,177.98390792,Mass,,1.344,1208.75,2026,Transit,Transiting Exoplanet Survey Satellite (TESS)
GJ 1061 d,1.16,,1.67,Mass,0.054,0.156,3.67278,2020,Radial Velocity,La Silla Observatory
Kepler-1987 d,2.66,0.25,7.56,M-R relationship,0.0571,0.714,595.683,2023,Transit,Kepler
Kepler-245 b,2.57,0.18,146.78,Mass,0.071,0.795,861.527,2014,Transit,Kepler
Kepler-131 c,0.84,0.07,8.25,Mass,0.17391,1.03,228.678,2014,Transit,Kepler
Kepler-144 c,1.35,0.26,2.39,M-R relationship,0.094,1.235,384.917,2014,Transit,Kepler
HD 93385 c,2.56,,7.1,Msini,0.112,1.18484,43.3475,2021,Radial Velocity,La Silla Observatory
Kepler-431 c,0.668,,0.229,M-R relationship,0.0847,1.092,486.546,2015,Transit,Kepler
HD 106270 b,12.4,,3623.2438398,Mass,3.34,2.66,93.808,2011,Radial Velocity,W. M. Keck Observatory
TOI-5720 b,1.09,0.07,4.3,Mass,0.018288,0.383,35.8256,2024,Transit,Transiting Exoplanet Survey Satellite (TESS)
Kepler-203 d,1.44,0.28,33.9,Mass,0.1,1.114,703.302,2014,Transit,Kepler
Kepler-230 c,2.04,1.04,4.82,M-R relationship,0.38,0.817,740.754,2014,Transit,Kepler
Kepler-1091 b,1.46,0.36,2.73,M-R relationship,0.0252,1.03,914.299,2016,Transit,Kepler
Kepler-1129 b,2.96,0.51,9.06,M-R relationship,0.16481,1.0,1183.88,2016,Transit,Kepler
Kepler-472 b,3.22,0.13,10.5,M-R relationship,0.04823,0.78,306.602,2016,Transit,Kepler
Kepler-1275 b,1.48,0.65,2.79,M-R relationship,0.0488,1.36,1153.98,2016,Transit,Kepler
Kepler-1690 b,2.81109223,,8.3,M-R relationship,0.7097,0.862346,703.789,2020,Transit,Kepler
HD 75898 c,12.6,,2698.36317543,Mass,7.39,1.55,78.0505,2024,Radial Velocity,Multiple Observatories
K2-386 b,2.32,0.071,5.99,M-R relationship,,0.97,428.785,2022,Transit,K2
TOI-7510 c,10.81,0.32,131.0,Mass,0.1595,1.035,249.006,2025,Transit,Transiting Exoplanet Survey Satellite (TESS)
Kepler-718 b,16.56,6.97,,Msini,0.0322,1.3,1302.33,2016,Transit,Kepler
Kepler-1342 b,1.66,0.22,3.39,M-R relationship,0.0313,0.9,890.724,2016,Transit,Kepler
WASP-174 b,16.10730527,0.56044903,104.88337431,Mass,0.05503,1.347,410.149,2018,Transit,SuperWASP-South
Kepler-1713 b,1.71673535,,3.59,M-R relationship,0.14185,1.459,295.293,2021,Transit,Kepler
Kepler-1121 b,1.91,0.48,4.31,M-R relationship,0.11818,1.59,482.047,2016,Transit,Kepler
Kepler-197 c,1.23,0.04,5.3,Mass,0.09,1.12,330.575,2014,Transit,Kepler
TOI-1294 b,10.12369881,0.23643767,63.9,Mass,0.051,1.5566,332.648,2024,Transit,Transiting Exoplanet Survey Satellite (TESS)
Kepler-1195 b,2.08,0.19,4.98,M-R relationship,0.0726,0.71,918.566,2016,Transit,Kepler
GJ 328 b,13.3,,797.74930157,Msini,4.11,0.63,20.5266,2013,Radial Velocity,McDonald Observatory
EPIC 212737443 c,2.69,0.146,7.7,M-R relationship,0.28,0.673,336.25,2019,Transit,K2
Kepler-1783 b,1.31946731,,2.3,M-R relationship,0.07595,1.781,264.078,2021,Transit,Kepler
HD 50499 c,13.2,,931.2419,Msini,9.02,1.42,46.2845,2019,Radial Velocity,La Silla Observatory
Kepler-874 b,3.94,1.07,14.7,M-R relationship,0.2234,1.13,1082.16,2016,Transit,Kepler
Kepler-235 b,2.23,0.1,5.6,M-R relationship,0.037,0.554,428.018,2014,Transit,Kepler
HD 98219 b,13.4,,624.21812,Msini,1.26,4.6,113.704,2011,Radial Velocity,W. M. Keck Observatory
Kepler-625 b,1.99,0.06,4.62,M-R relationship,0.08137,0.96,760.708,2016,Transit,Kepler
Kepler-1178 b,1.07,0.06,1.24,M-R relationship,0.1596,0.75,482.287,2016,Transit,Kepler
K2-407 b,1.283,0.097,2.19,M-R relationship,,0.927,218.376,2022,Transit,K2
KOI-351 b,1.31,0.17,2.27,M-R relationship,0.074,1.2,848.254,2013,Transit,Kepler
WASP-151 b,13.30506009,0.23538859,100.43377661,Mass,0.055,1.181,453.099,2017,Transit,SuperWASP-South
K2-289 b,9.1,0.3,61.0,M-R relationship,0.107,1.025,274.3,2019,Transit,K2
GJ 1002 b,1.03,,1.08,Msini,0.0457,0.137,4.84867,2022,Radial Velocity,Multiple Observatories
Kepler-1143 c,3.6,0.51,12.6,M-R relationship,0.6477,0.77,555.189,2016,Transit,Kepler
TOI-261.02,3.34822227,1.2696187,11.2,M-R relationship,,1.31383,114.495,2021,Transit,Transiting Exoplanet Survey Satellite (TESS)
TOI-2587 A b,12.07207221,0.47077719,69.28659273,Mass,0.0635,1.726,373.675,2023,Transit,Transiting Exoplanet Survey Satellite (TESS)
Kepler-1154 b,2.34,1.06,6.08,M-R relationship,0.0631,1.43,1460.1,2016,Transit,Kepler
Kepler-60 b,1.71,0.13,4.19,Mass,0.07255,1.257,1025.1,2012,Transit,Kepler
Kepler-85 c,1.978,0.056,2.15,Mass,0.10363,0.875,765.025,2012,Transit,Kepler
HD 127195 b,14.0,,212.94503269,Msini,,4.16,84.7167,2026,Radial Velocity,La Silla Observatory
Kepler-1780 b,3.60600667,,12.7,M-R relationship,0.4276,0.868,790.516,2021,Transit,Kepler
Kepler-1818 b,1.71360684,,3.58,M-R relationship,0.055,1.129,1034.59,2021,Transit,Kepler
TOI-871 b,1.664,0.114,3.41,M-R relationship,0.1054,0.719,68.0473,2024,Transit,Transiting Exoplanet Survey Satellite (TESS)
GJ 251 c,1.8,,3.88,Msini,0.196,0.36,5.58057,2025,Radial Velocity,Multiple Observatories
Kepler-1518 c,2.9,0.82,8.75,M-R relationship,0.0905,1.345,903.51,2023,Transit,Kepler
Kepler-1718 b,2.5685207,,7.12,M-R relationship,0.48418,0.906,375.522,2021,Transit,Kepler
TOI-4914 b,12.87,0.36,227.0,Mass,0.098,1.0,299.89,2024,Transit,Transiting Exoplanet Survey Satellite (TESS)
USco1556 b,12.3,,4767.45,Mass,3500.0,0.668108,140.635,2019,Imaging,Multiple Observatories
Kepler-109 c,2.65,0.12,8.2,Mass,0.1546,1.387,474.861,2014,Transit,Kepler
Kepler-101 c,1.25,0.19,3.78,Mass,0.0684,1.56,927.981,2014,Transit,Kepler
Kepler-1200 b,1.06,0.06,1.2,M-R relationship,0.0188,0.7,588.715,2016,Transit,Kepler
NY Vir b,13.3,,730.978,Mass,3.3,0.151,544.024,2011,Eclipse Timing Variations,Multiple Observatories
TOI-4137 b,13.57407563,0.44835923,457.67290608,Mass,0.05222,1.438,334.993,2022,Transit,Transiting Exoplanet Survey Satellite (TESS)
Kepler-1630 b,2.19,0.2,5.43,M-R relationship,1.1218,0.63,331.213,2016,Transit,Kepler
Kepler-475 b,2.49,0.05,6.76,M-R relationship,0.03989,0.79,280.069,2016,Transit,Kepler
Kepler-1978 b,2.67,0.38,7.61,M-R relationship,0.0914,0.778,865.512,2023,Transit,Kepler
Kepler-1836 b,2.55303229,,7.05,M-R relationship,0.0602,0.987,1472.62,2021,Transit,Kepler
Kepler-887 c,1.13,0.17,1.51,M-R relationship,0.0801,1.29,886.588,2016,Transit,Kepler
Kepler-350 c,3.1,1.42,6.1,Mass,0.1385,1.25,956.859,2013,Transit,Kepler
Kepler-816 b,10.24,0.68,74.5,M-R relationship,0.0895,0.85,983.697,2016,Transit,Kepler
HD 51608 b,3.62,,12.77,Msini,0.1059,0.916136,35.0553,2019,Radial Velocity,La Silla Observatory
HD 125390 b,11.9,,8646.20398403,Mass,3.496,6.47,153.647,2019,Radial Velocity,W. M. Keck Observatory
Kepler-1947 b,1.0101666,,1.01,M-R relationship,0.07375,1.686,468.771,2021,Transit,Kepler
Kepler-81 d,1.21,0.27,1.92,M-R relationship,0.128,0.595,348.291,2014,Transit,Kepler
Kepler-1827 b,1.85644292,,4.1,M-R relationship,0.04647,1.404,686.461,2021,Transit,Kepler
TOI-1768.01,3.453,0.423,11.8,M-R relationship,0.076381,1.1,157.597,2024,Transit,Transiting Exoplanet Survey Satellite (TESS)
HIP 10090 c,13.9,,270.15414595,Mass,0.9,1.38268,82.3937,2026,Radial Velocity,Multiple Facilities
Kepler-855 b,8.35,1.7,52.7,M-R relationship,0.0762,1.03,1506.58,2016,Transit,Kepler
TOI-205 b,2.50121142,0.23968778,6.81,M-R relationship,,1.45382,177.759,2026,Transit,Transiting Exoplanet Survey Satellite (TESS)
Kepler-1886 b,2.58158428,,7.18,M-R relationship,0.16,0.837,1059.51,2021,Transit,Kepler
Kepler-279 c,4.3,1.72,49.4,Mass,0.2236,1.07,1037.4,2013,Transit,Kepler
K2-401 b,2.262,0.209,5.74,M-R relationship,,0.675,200.727,2022,Transit,K2
TOI-3807 b,18.49481816,,330.54154328,Mass,0.0421,1.468,421.745,2023,Transit,Transiting Exoplanet Survey Satellite (TESS)
Kepler-931 b,1.33,0.14,2.33,M-R relationship,0.0719,0.81,490.0,2016,Transit,Kepler
TOI-1759 b,3.14,0.1,10.8,Mass,0.1177,0.597,40.0654,2022,Transit,Transiting Exoplanet Survey Satellite (TESS)
Kepler-106 e,2.56,0.33,11.17,Mass,0.24006,1.04,444.322,2014,Transit,Kepler
GSC 06214-00210 b,20.1762,5.6045,5000.0,Mass,320.0,0.90484,108.5,2010,Imaging,Palomar Observatory
HD 89839 b,12.8,,1748.0562385,Mass,4.713,1.28588,57.3063,2023,Radial Velocity,Multiple Facilities
Kepler-520 b,1.66,0.28,3.39,M-R relationship,0.14628,1.09,623.901,2016,Transit,Kepler
Kepler-19 b,2.209,0.048,6.1,Mass,0.0846,0.859,218.562,2011,Transit,Kepler
Kepler-1102 b,2.66,0.53,7.56,M-R relationship,0.2731,0.94,1246.05,2016,Transit,Kepler
Kepler-371 c,1.78,0.45,3.82,M-R relationship,0.313,0.992,813.192,2014,Transit,Kepler
K2-338 b,1.03,0.11,1.08,M-R relationship,,0.63,156.951,2021,Transit,K2
TOI-286 b,1.42,0.1,4.53,Mass,0.0503,0.78,59.2293,2024,Transit,Transiting Exoplanet Survey Satellite (TESS)
KELT-16 b,15.860735,0.941556,874.0325,Mass,0.02044,1.36,444.586,2017,Transit,KELT
Kepler-1681 b,2.55321772,,7.05,M-R relationship,0.32,0.759,758.3,2020,Transit,Kepler
TOI-544 c,4.92,,21.5,Msini,,0.623,41.1166,2023,Radial Velocity,La Silla Observatory
Kepler-251 d,2.77,0.49,8.1,M-R relationship,0.182,0.89,924.625,2014,Transit,Kepler
WASP-63 b,15.80469,1.56926,117.5971,Mass,0.0574,1.86,290.684,2012,Transit,SuperWASP
WASP-52 b,14.24,0.34,146.2,Mass,0.0272,0.79,174.818,2012,Transit,SuperWASP
WASP-77 A b,13.56,0.22,529.31142902,Mass,0.023233633,0.91,105.166,2012,Transit,SuperWASP
55 Cnc b,13.9,,263.9785,Mass,0.118,0.98,12.5855,1996,Radial Velocity,Lick Observatory
55 Cnc c,8.51,,54.4738,Mass,0.247,0.98,12.5855,2004,Radial Velocity,McDonald Observatory
55 Cnc d,13.0,,1232.493,Mass,5.6,0.98,12.5855,2002,Radial Velocity,Lick Observatory
55 Cnc e,1.875,0.029,7.99,Mass,0.01544,0.943,12.5855,2004,Radial Velocity,McDonald Observatory
55 Cnc f,7.59,,44.812,Mass,0.802,0.98,12.5855,2007,Radial Velocity,Multiple Observatories
GJ 1214 b,2.733,0.033,8.41,Mass,0.01505,0.2162,14.6427,2009,Transit,MEarth Project
GJ 436 b,4.17,0.168,22.1,Mass,0.0291,0.455,9.75321,2004,Radial Velocity,W. M. Keck Observatory
HAT-P-12 b,10.749,0.325,67.059,Mass,0.0384,0.701,142.751,2009,Transit,HATNet
HAT-P-13 b,14.258,0.729,270.462,Mass,0.04383,1.756,246.81,2009,Transit,HATNet
HAT-P-13 c,12.3,,4538.421,Msini,1.258,1.756,246.81,2009,Radial Velocity,W. M. Keck Observatory
HAT-P-14 b,15.91678,1.34508,1093.3352,Mass,0.0596,1.82,222.663,2010,Transit,HATNet
HAT-P-17 b,11.76945,0.44836,184.3414,Mass,0.0892,0.87,92.3831,2012,Transit,HATNet
HAT-P-17 c,13.1,,1080.6,Msini,5.6,0.838682,92.3831,2012,Radial Velocity,W. M. Keck Observatory
HAT-P-18 b,11.153,0.583,62.61,Mass,0.0559,0.749,161.4,2010,Transit,HATNet
HAT-P-1 b,14.784671,0.212971,166.86075,Mass,0.05561,1.174,158.979,2006,Transit,HATNet
HAT-P-26 b,7.06167,0.44836,22.2481,Mass,0.04748,0.87,141.837,2010,Transit,HATNet
HAT-P-30 b,16.14096,1.68135,263.7989,Mass,0.0419,1.31,213.985,2011,Transit,HATNet
HAT-P-32 b,22.19382,0.504405,216.1244,Mass,0.03397,1.367,289.205,2011,Transit,HATNet
HD 149026 b,8.29466,0.22418,120.7754,Mass,0.04364,1.41,75.8643,2005,Radial Velocity,Subaru Telescope
HD 189733 b,12.66617,0.11209,359.1479,Mass,0.03126,0.75,19.7638,2005,Radial Velocity,Haute-Provence Observatory
HD 202206 c,13.1,,982.08977763,Mass,2.39,1.04,45.9665,2004,Radial Velocity,La Silla Observatory
HD 209458 b,15.58051,0.22418,232.0159,Mass,0.04707,1.19,48.3016,1999,Radial Velocity,W. M. Keck Observatory
HD 80606 b,11.56766808,0.16813471,1323.46926959,Mass,0.4603,1.05,66.4711,2001,Radial Velocity,Multiple Observatories
HD 86226 b,14.3,,143.0235,Mass,2.73,1.053,45.683,2009,Radial Velocity,Las Campanas Observatory
TrES-4 b,18.04649,2.01762,247.9074,Mass,0.05084,1.66,515.98,2007,Transit,TrES
WASP-12 b,22.02564708,0.9863903,467.2101,Mass,0.0234,1.69,427.246,2008,Transit,SuperWASP
WASP-15 b,15.80469,4.03524,171.6282,Mass,0.05165,1.48,282.091,2009,Transit,SuperWASP
WASP-17 b,20.96083,2.69016,247.9074,Mass,0.0515,1.49,405.908,2009,Transit,SuperWASP
WASP-18 b,13.89913607,0.88550948,3241.8497514,Mass,0.02024,1.319,123.483,2009,Transit,SuperWASP
WASP-19 b,15.86070769,0.49319515,366.77398168,Mass,0.01652,1.006,268.325,2009,Transit,SuperWASP
WASP-25 b,13.80946422,0.15692573,179.25522155,Mass,0.0473,0.884,211.416,2010,Transit,SuperWASP
WASP-39 b,14.336311,0.44836,89.31023,Mass,0.04828,0.939,213.982,2011,Transit,SuperWASP
WASP-43 b,10.424,0.785,565.714,Mass,0.0142,0.6,86.7467,2011,Transit,SuperWASP
WASP-6 b,12.5428494,0.19055267,148.42586607,Mass,0.04217,0.79,197.119,2009,Transit,SuperWASP
GJ 3470 b,4.57,0.18,13.9,Mass,0.0355,0.547,29.4214,2012,Radial Velocity,La Silla Observatory
WASP-47 b,12.86,0.1,374.0,Mass,0.052,1.156,264.78,2012,Transit,SuperWASP
WASP-80 b,11.197791,0.33627,170.99254,Mass,0.0344,0.586,49.7876,2012,Transit,SuperWASP
WASP-103 b,17.127,0.818,473.547,Mass,0.01985,1.436,375.647,2014,Transit,SuperWASP
WASP-96 b,13.45,0.67,152.55,Mass,0.0453,1.05,352.464,2014,Transit,SuperWASP
WASP-94 A b,17.71022,1.45717,158.915,Mass,0.055,1.48,211.211,2014,Transit,SuperWASP
WASP-94 B b,14.1,,196.411,Msini,0.0335,1.35,208.696,2014,Radial Velocity,SuperWASP
WASP-69 b,11.21,0.22,82.58,Mass,0.0453,0.801,49.9605,2014,Transit,SuperWASP
WASP-84 b,10.72,0.27,220.0,Mass,0.0778,0.768,100.588,2014,Transit,SuperWASP
WASP-20 b,15.46839337,0.44835923,98.841,Mass,0.05999,1.242,211.877,2015,Transit,SuperWASP
HATS-6 b,11.186582,0.212971,101.38777,Mass,0.03623,0.57,169.318,2015,Transit,HATSouth
KELT-7 b,17.9344,0.67254,441.7837,Mass,0.04415,1.81,136.681,2015,Transit,KELT
K2-18 b,2.37,0.22,8.92,Mass,0.1429,0.411,38.0266,2015,Transit,K2
KELT-8 b,18.15858,1.1209,209.7678,Mass,0.0455,1.46,197.572,2015,Transit,KELT
K2-22 b,2.3,0.1,444.962,Mass,0.009,0.58,243.836,2015,Transit,K2
WASP-47 c,,,447.0,Mass,1.393,1.156,264.78,2015,Radial Velocity,La Silla Observatory
WASP-47 d,3.65,0.03,15.5,Mass,0.085,1.156,264.78,2015,Transit,K2
WASP-47 e,1.83,0.02,9.0,Mass,0.01673,1.156,264.78,2015,Transit,K2
GJ 1132 b,1.19151465,0.03811053,1.83704819,Mass,0.0157,0.2211,12.613,2015,Transit,Cerro Tololo Inter-American Observatory
WASP-76 b,20.78145022,0.86309151,284.13859586,Mass,0.033,1.756,194.459,2016,Transit,SuperWASP
KELT-4 A b,19.044091,0.515614,286.68266,Mass,0.04317,1.603,218.05,2016,Transit,KELT
TRAPPIST-1 b,1.116,0.014,1.374,Mass,0.01154,0.1192,12.42988881,2016,Transit,La Silla Observatory
TRAPPIST-1 c,1.097,0.014,1.308,Mass,0.0158,0.1192,12.42988881,2016,Transit,La Silla Observatory
TRAPPIST-1 d,0.788,0.011,0.388,Mass,0.02227,0.1192,12.42988881,2016,Transit,La Silla Observatory
K2-34 b,13.75,0.58,539.67534,Mass,0.0442,1.42,348.646,2016,Transit,K2
WASP-121 b,19.52604438,0.06725388,371.85923619,Mass,0.02571,1.461,269.898,2016,Transit,SuperWASP
HIP 41378 b,2.64,0.022,6.9,Mass,0.1303,1.3,106.289,2016,Transit,K2
HIP 41378 c,2.74,0.043,5.97,Mass,0.2093,1.3,106.289,2016,Transit,K2
HIP 41378 d,3.65,0.029,6.53,Mass,1.17,1.3,106.289,2016,Transit,K2
HIP 41378 e,5.19,0.04,7.62,Mass,0.68,1.3,106.289,2016,Transit,K2
HIP 41378 f,9.47,0.07,25.0,Mass,1.394,1.3,106.289,2016,Transit,K2
HD 3167 b,1.601,0.048,4.844,Mass,0.01814,0.871,47.2899,2016,Transit,K2
HD 3167 c,2.983,0.083,11.41,Mass,0.1794,0.871,47.2899,2016,Transit,K2
HAT-P-65 b,18.05766791,0.26901554,176.07693748,Mass,0.04042,1.666,738.519,2016,Transit,HATNet
WASP-131 b,13.74221034,0.41473229,86.76715511,Mass,0.0608,1.561,200.075,2016,Transit,SuperWASP-South
WASP-139 b,8.9672,0.56045,37.18611,Mass,0.062,0.8,212.472,2016,Transit,SuperWASP-South
WASP-127 b,14.694999,0.280225,52.346601,Mass,0.0484,1.333,159.507,2016,Transit,SuperWASP
TRAPPIST-1 e,0.92,0.013,0.692,Mass,0.02925,0.1192,12.42988881,2017,Transit,Multiple Observatories
TRAPPIST-1 f,1.045,0.013,1.039,Mass,0.03849,0.1192,12.42988881,2017,Transit,Multiple Observatories
TRAPPIST-1 g,1.129,0.015,1.321,Mass,0.04683,0.1192,12.42988881,2017,Transit,Multiple Observatories
TRAPPIST-1 h,0.755,0.014,0.326,Mass,0.06189,0.1192,12.42988881,2017,Transit,Multiple Observatories
HD 106315 b,2.44,0.17,12.6,Mass,0.0907,1.296,109.353,2017,Transit,K2
HD 106315 c,4.35,0.23,15.2,Mass,0.1536,1.296,109.353,2017,Transit,K2
LHS 1140 b,1.73,0.025,5.6,Mass,0.0946,0.2159,14.9861,2017,Transit,MEarth Project
KELT-11 b,15.13212395,1.12089807,65.15482343,Mass,0.0623,2.69,99.1596,2017,Transit,KELT-South
KELT-9 b,21.70058664,0.52682209,915.34581216,Mass,0.03368,2.418,204.455,2017,Transit,KELT-North
HD 3167 d,2.61,,7.3,Mass,0.077,0.871,47.2899,2017,Radial Velocity,Multiple Observatories
WASP-107 b,10.53646,0.22418,30.51152707,Mass,0.055,0.657,64.7414,2017,Transit,SuperWASP-South
GJ 9827 b,1.44,0.09,4.28,Mass,0.0189,0.58,29.661,2017,Transit,K2
GJ 9827 c,1.13,0.07,1.86,Mass,0.0395,0.58,29.661,2017,Transit,K2
GJ 9827 d,1.98,0.11,3.02,Mass,0.053,0.58,29.661,2017,Transit,K2
KELT-20 b,19.514869,0.773421,1074.90106,Mass,0.0542,1.565,136.426,2017,Transit,KELT-North
K2-18 c,2.65,,7.51,Msini,0.06,0.411,38.0266,2017,Radial Velocity,La Silla Observatory
K2-141 b,1.51,0.05,4.97,Mass,0.00747,0.681,61.8736,2018,Transit,K2
K2-141 c,7.0,4.6,8.0,Mass,0.0683,0.681,61.8736,2018,Transit,K2
K2-232 b,11.209,0.246598,126.49634,Mass,0.10356,1.161,130.72,2018,Transit,K2
GJ 1132 c,1.52,,2.91,Msini,0.0476,0.226,12.613,2018,Radial Velocity,La Silla Observatory
HAT-P-11 c,13.2,,851.78013076,Mass,4.1,0.683,37.7647,2018,Radial Velocity,W. M. Keck Observatory
NGTS-2 b,17.878355,0.526823,235.1942,Mass,0.063,1.702,356.391,2018,Transit,Next-Generation Transit Survey (NGTS)
WASP-164 b,12.643752,0.459569,676.9779,Mass,0.02818,0.932,327.506,2018,Transit,SuperWASP-South
LHS 1140 c,1.272,0.026,1.91,Mass,0.027,0.2159,14.9861,2018,Transit,Multiple Observatories
K2-287 b,9.494023,0.145717,100.11645,Mass,0.1206,1.07,158.335,2018,Transit,K2
LHS 3844 b,1.286,0.043,2.37,Mass,0.00624,0.189,14.8846,2019,Transit,Transiting Exoplanet Survey Satellite (TESS)
HD 15337 b,1.77,0.032,6.519,Mass,0.05245,0.855,44.8155,2019,Transit,Transiting Exoplanet Survey Satellite (TESS)
HD 15337 c,2.526,0.086,6.792,Mass,0.1235,0.855,44.8155,2019,Transit,Transiting Exoplanet Survey Satellite (TESS)
L 98-59 b,0.837,0.019,0.46,Mass,0.0223,0.3155,10.6194,2019,Transit,Transiting Exoplanet Survey Satellite (TESS)
L 98-59 c,1.329,0.029,2.0,Mass,0.0309,0.3155,10.6194,2019,Transit,Transiting Exoplanet Survey Satellite (TESS)
L 98-59 d,1.627,0.041,1.64,Mass,0.0494,0.3155,10.6194,2019,Transit,Transiting Exoplanet Survey Satellite (TESS)
V1298 Tau b,9.41,0.57,13.1,Mass,0.1685,1.32,108.199,2019,Transit,K2
WASP-166 b,7.06167,0.33627,32.10083,Mass,0.0641,1.22,114.173,2019,Transit,WASP-South
TOI-270 b,1.28,0.05,1.48,Mass,0.03197,0.38,22.4793,2019,Transit,Transiting Exoplanet Survey Satellite (TESS)
TOI-270 c,2.33,0.01,6.2,Mass,0.04526,0.38,22.4793,2019,Transit,Transiting Exoplanet Survey Satellite (TESS)
TOI-270 d,2.0,0.05,4.2,Mass,0.0721,0.38,22.4793,2019,Transit,Transiting Exoplanet Survey Satellite (TESS)
GJ 357 b,1.2,0.06,1.83,Mass,0.036,0.337,9.44181,2019,Transit,Transiting Exoplanet Survey Satellite (TESS)
GJ 357 c,1.66,,3.4,Msini,0.061,0.337,9.44181,2019,Radial Velocity,Multiple Observatories
GJ 357 d,2.34,,6.1,Msini,0.204,0.337,9.44181,2019,Radial Velocity,Multiple Observatories
LTT 1445 A b,1.34,0.11,2.73,Mass,0.0381,0.271,6.86929,2019,Transit,Transiting Exoplanet Survey Satellite (TESS)
WASP-178 b,20.28829,1.00881,527.5978,Mass,0.0558,1.67,427.678,2019,Transit,WASP-South
V1298 Tau c,5.08,0.37,4.7,Mass,0.0824,1.32,108.199,2019,Transit,K2
V1298 Tau d,6.53,0.42,6.0,Mass,0.1081,1.32,108.199,2019,Transit,K2
V1298 Tau e,10.17,0.75,15.3,Mass,0.2689,1.32,108.199,2019,Transit,K2
LP 791-18 b,1.212,0.059,1.94,M-R relationship,0.00978,0.182,26.4927,2019,Transit,Transiting Exoplanet Survey Satellite (TESS)
LP 791-18 c,2.488,0.096,7.16,Mass,0.02961,0.182,26.4927,2019,Transit,Transiting Exoplanet Survey Satellite (TESS)
TOI-125 b,2.726,0.075,9.5,Mass,0.05186,0.848,111.059,2019,Transit,Transiting Exoplanet Survey Satellite (TESS)
TOI-125 c,2.759,0.1,6.63,Mass,0.0814,0.848,111.059,2019,Transit,Transiting Exoplanet Survey Satellite (TESS)
L 168-9 b,1.63,0.14,4.07,Mass,0.0208,0.604,25.1496,2020,Transit,Transiting Exoplanet Survey Satellite (TESS)
TOI-125 d,2.93,0.17,13.6,Mass,0.137,0.848,111.059,2020,Transit,Transiting Exoplanet Survey Satellite (TESS)
HATS-48 A b,8.9672,0.168135,77.23269,Mass,0.03769,0.7152,263.609,2020,Transit,HATSouth
HATS-72 b,8.0973816,0.0358688,39.855882,Mass,0.066517,0.7214,127.589,2020,Transit,HATSouth
TOI-1130 b,3.66,0.03,19.8,Mass,0.0453,0.697,58.2609,2020,Transit,Transiting Exoplanet Survey Satellite (TESS)
TOI-1130 c,13.0,0.4,336.0,Mass,0.0731,0.697,58.2609,2020,Transit,Transiting Exoplanet Survey Satellite (TESS)
TOI-677 b,13.11450742,0.32506044,392.20025424,Mass,0.1041,1.28,141.812,2020,Transit,Transiting Exoplanet Survey Satellite (TESS)
LTT 3780 b,1.325,0.057,2.46,Mass,0.01195,0.38,21.9814,2020,Transit,Transiting Exoplanet Survey Satellite (TESS)
LTT 3780 c,2.39,0.1,8.04,Mass,0.0757,0.38,21.9814,2020,Transit,Transiting Exoplanet Survey Satellite (TESS)
TOI-1338 b,7.661,0.053,11.3,Mass,0.4607,1.313,399.017,2020,Transit,Transiting Exoplanet Survey Satellite (TESS)
AU Mic b,4.79,0.29,8.99,Mass,0.07,0.862,9.7221,2020,Transit,Transiting Exoplanet Survey Satellite (TESS)
WASP-148 b,8.47398941,0.14571675,91.21675281,Mass,0.08215,0.912,246.353,2020,Transit,SuperWASP-North
WASP-148 c,13.9,,124.58873554,Mass,0.2044,0.912,246.353,2020,Radial Velocity,Haute-Provence Observatory
NGTS-11 b,9.157753,0.313852,109.33352,Mass,0.201,0.832,190.422,2020,Transit,Transiting Exoplanet Survey Satellite (TESS)
TOI-849 b,3.64,0.38,41.8,Mass,0.0155,0.97,225.734,2020,Transit,Transiting Exoplanet Survey Satellite (TESS)
TOI-700 b,0.914,0.053,0.704,M-R relationship,0.0677,0.421,31.1265,2020,Transit,Transiting Exoplanet Survey Satellite (TESS)
TOI-700 c,2.6,0.14,7.27,M-R relationship,0.0929,0.421,31.1265,2020,Transit,Transiting Exoplanet Survey Satellite (TESS)
TOI-700 d,1.073,0.059,1.25,M-R relationship,0.1633,0.421,31.1265,2020,Transit,Transiting Exoplanet Survey Satellite (TESS)
TOI-1899 b,11.09689089,0.33626942,212.94503269,Mass,0.1525,0.607,128.438,2020,Transit,Transiting Exoplanet Survey Satellite (TESS)
HD 86226 c,2.16,0.08,7.25,Mass,0.049,1.053,45.683,2020,Transit,Transiting Exoplanet Survey Satellite (TESS)
WD 1856+534 b,10.4,1.0,4386.054,Mass,0.0204,0.0131,24.7359,2020,Transit,Transiting Exoplanet Survey Satellite (TESS)
LTT 9779 b,4.72,0.23,29.32,Mass,0.01679,0.949,80.4373,2020,Transit,Transiting Exoplanet Survey Satellite (TESS)
TOI-824 b,2.926,0.202,18.467,Mass,0.02177,0.695,63.9262,2020,Transit,Transiting Exoplanet Survey Satellite (TESS)
TOI-421 b,2.64,0.08,6.7,Mass,0.0554,0.866,74.7969,2020,Transit,Transiting Exoplanet Survey Satellite (TESS)
TOI-421 c,5.09,0.07,14.1,Mass,0.117,0.866,74.7969,2020,Transit,Transiting Exoplanet Survey Satellite (TESS)
GJ 3473 b,1.264,0.05,1.86,Mass,0.01589,0.364,27.3644,2020,Transit,Transiting Exoplanet Survey Satellite (TESS)
GJ 3473 c,2.63,,7.41,Msini,0.0876,0.364,27.3644,2020,Radial Velocity,Multiple Observatories
WASP-107 c,13.0,,111.23994245,Msini,,0.657,64.7414,2020,Radial Velocity,Multiple Observatories
TOI-776 b,1.798,0.078,5.0,Mass,0.0653,0.547,27.1701,2020,Transit,Transiting Exoplanet Survey Satellite (TESS)
TOI-776 c,2.047,0.081,6.9,Mass,0.1001,0.547,27.1701,2020,Transit,Transiting Exoplanet Survey Satellite (TESS)
TOI-561 b,1.397,0.027,2.02,Mass,0.01064,0.843,85.799,2020,Transit,Transiting Exoplanet Survey Satellite (TESS)
TOI-561 c,2.865,0.041,5.93,Mass,0.0889,0.843,85.799,2020,Transit,Transiting Exoplanet Survey Satellite (TESS)
TOI-561 d,2.615,0.059,13.33,Mass,0.1587,0.843,85.799,2020,Transit,Transiting Exoplanet Survey Satellite (TESS)
TOI-561 e,2.517,0.045,12.4,Mass,0.33,0.843,85.799,2020,Transit,Transiting Exoplanet Survey Satellite (TESS)
TOI-451 b,1.84,0.11,4.7,Mass,0.0274,0.85,123.739,2020,Transit,Transiting Exoplanet Survey Satellite (TESS)
TOI-451 c,2.93,0.16,3.7,Mass,0.0795,0.85,123.739,2020,Transit,Transiting Exoplanet Survey Satellite (TESS)
TOI-451 d,3.93,0.2,10.2,Mass,0.1168,0.85,123.739,2020,Transit,Transiting Exoplanet Survey Satellite (TESS)
TOI-178 b,1.2,0.041,0.96,Mass,0.02607,0.662,62.699,2021,Transit,Transiting Exoplanet Survey Satellite (TESS)
TOI-178 c,1.754,0.032,4.64,Mass,0.037,0.662,62.699,2021,Transit,Transiting Exoplanet Survey Satellite (TESS)
TOI-178 d,2.695,0.041,5.2,Mass,0.0592,0.662,62.699,2021,Transit,Transiting Exoplanet Survey Satellite (TESS)
TOI-178 e,2.301,0.038,3.48,Mass,0.0783,0.662,62.699,2021,Transit,Transiting Exoplanet Survey Satellite (TESS)
TOI-178 f,2.417,0.041,5.63,Mass,0.1039,0.662,62.699,2021,Transit,Multiple Observatories
TOI-178 g,2.939,0.057,4.4,Mass,0.1275,0.662,62.699,2021,Transit,Transiting Exoplanet Survey Satellite (TESS)
GJ 486 b,1.289,0.019,2.77,Mass,0.01714,0.3243,8.07426,2021,Radial Velocity,Calar Alto Observatory
LHS 1478 b,1.242,0.051,2.33,Mass,0.01848,0.246,18.2276,2021,Transit,Transiting Exoplanet Survey Satellite (TESS)
TOI-1231 b,3.65,0.16,15.4,Mass,0.1288,0.476,27.6227,2021,Transit,Transiting Exoplanet Survey Satellite (TESS)
TOI-674 b,5.25,0.17,23.6,Mass,0.025,0.42,46.0851,2021,Transit,Transiting Exoplanet Survey Satellite (TESS)
TOI-1685 b,1.421,0.06,3.07,Mass,0.01164,0.462,37.6153,2021,Transit,Transiting Exoplanet Survey Satellite (TESS)
TOI-1807 b,1.49681583,0.08089145,2.44,Mass,0.0122,0.746,42.5775,2021,Transit,Transiting Exoplanet Survey Satellite (TESS)
TOI-2076 b,2.59,0.1,6.7,Mass,0.08781,0.758,41.9091,2021,Transit,Transiting Exoplanet Survey Satellite (TESS)
TOI-2076 c,3.54,0.14,7.2,Mass,0.1407,0.758,41.9091,2021,Transit,Transiting Exoplanet Survey Satellite (TESS)
TOI-2076 d,3.27,0.13,7.3,Mass,0.1982,0.758,41.9091,2021,Transit,Transiting Exoplanet Survey Satellite (TESS)
AU Mic c,2.79,0.18,14.46,Mass,0.119,0.862,9.7221,2021,Transit,Transiting Exoplanet Survey Satellite (TESS)
TOI-2406 b,2.86,0.063,15.6,Mass,0.02267,0.204,55.419,2021,Transit,Transiting Exoplanet Survey Satellite (TESS)
TOI-431 b,1.28,0.04,3.07,Mass,0.0113,0.731,32.5686,2021,Transit,Transiting Exoplanet Survey Satellite (TESS)
TOI-431 c,1.49,,2.83,Msini,0.052,0.731,32.5686,2021,Radial Velocity,La Silla Observatory
TOI-431 d,3.29,0.09,9.9,Mass,0.098,0.731,32.5686,2021,Transit,Transiting Exoplanet Survey Satellite (TESS)
L 98-59 e,1.49,,2.82,Msini,0.0712,0.3155,10.6194,2021,Radial Velocity,Multiple Observatories
HD 63935 b,2.91575244,0.09298372,10.5,Mass,0.083,0.9598,48.9739,2021,Transit,Transiting Exoplanet Survey Satellite (TESS)
HD 63935 c,3.06451296,0.0880571,11.1,Mass,0.148,0.9598,48.9739,2021,Radial Velocity,Multiple Observatories
GJ 367 b,0.736,0.035,0.503,Mass,0.0071,0.457,9.41263,2021,Transit,Transiting Exoplanet Survey Satellite (TESS)
HATS-75 b,9.90873894,0.14571675,156.05374784,Mass,0.032742,0.5848,194.964,2021,Transit,HATSouth
LTT 1445 A c,1.147,0.055,1.54,Mass,0.02661,0.265,6.86929,2022,Transit,Transiting Exoplanet Survey Satellite (TESS)
TOI-500 b,1.166,0.061,1.42,Mass,0.01189,0.678,47.3924,2022,Transit,Transiting Exoplanet Survey Satellite (TESS)
TOI-1075 b,1.791,0.116,9.95,Mass,0.01159,0.581,61.4592,2022,Transit,Transiting Exoplanet Survey Satellite (TESS)
TOI-1442 b,1.17,0.06,1.71,M-R relationship,0.0071,0.31,41.1659,2022,Transit,Transiting Exoplanet Survey Satellite (TESS)
TOI-2260 b,1.62,0.13,3.26,M-R relationship,0.0097,0.94,101.251,2022,Transit,Transiting Exoplanet Survey Satellite (TESS)
TOI-2445 b,1.25,0.08,2.1,M-R relationship,0.0064,0.27,48.582,2022,Transit,Transiting Exoplanet Survey Satellite (TESS)
GJ 3929 b,1.09,0.04,1.75,Mass,0.0252,0.32,15.8095,2022,Transit,Transiting Exoplanet Survey Satellite (TESS)
WASP-189 b,18.14733975,0.23538859,632.47852993,Mass,0.05053,2.36,99.731,2020,Transit,CHaracterising ExOPlanets Satellite (CHEOPS)
TOI-1670 b,2.06,0.19,41.31769291,Mass,0.103,1.316,168.067,2022,Transit,Transiting Exoplanet Survey Satellite (TESS)
TOI-1670 c,11.06326395,0.28022452,200.23189641,Mass,0.249,1.316,168.067,2022,Transit,Transiting Exoplanet Survey Satellite (TESS)
TOI-500 c,2.09,,5.03,Msini,,0.678,47.3924,2022,Radial Velocity,La Silla Observatory
TOI-500 d,6.35,,33.12,Msini,,0.678,47.3924,2022,Radial Velocity,La Silla Observatory
TOI-500 e,3.99,,15.05,Msini,,0.678,47.3924,2022,Radial Velocity,La Silla Observatory
HD 260655 b,1.24,0.023,2.14,Mass,0.02933,0.439,10.0055,2022,Transit,Transiting Exoplanet Survey Satellite (TESS)
HD 260655 c,1.533,0.051,3.09,Mass,0.04749,0.439,10.0055,2022,Transit,Transiting Exoplanet Survey Satellite (TESS)
TOI-3714 b,11.32107051,0.33626942,222.4798849,Mass,0.027,0.51,112.71,2022,Transit,Transiting Exoplanet Survey Satellite (TESS)
GJ 3929 c,2.26,,5.71,Msini,0.081,0.32,15.8095,2022,Radial Velocity,Multiple Observatories
GJ 3090 b,2.18,0.06,4.52,Mass,0.0316,0.516,22.4751,2022,Transit,Transiting Exoplanet Survey Satellite (TESS)
TOI-181 b,6.9559,0.087,46.1687,Mass,0.0539,0.745,96.2338,2023,Transit,Transiting Exoplanet Survey Satellite (TESS)
TOI-199 b,9.07927437,0.0560449,54.03082919,Mass,0.4254,0.82,102.27,2023,Transit,Transiting Exoplanet Survey Satellite (TESS)
TOI-603 b,7.37,0.24,33.0,Mass,0.1282,1.477,205.924,2026,Transit,Transiting Exoplanet Survey Satellite (TESS)
TOI-700 e,0.953,0.089,0.818,M-R relationship,0.134,0.421,31.1265,2023,Transit,Transiting Exoplanet Survey Satellite (TESS)
TOI-771 b,1.36,0.1,2.47,Mass,0.0208,0.232,25.2788,2024,Transit,Transiting Exoplanet Survey Satellite (TESS)
TOI-836.01,2.587,0.088,9.6,Mass,0.075,0.665,27.5024,2021,Transit,Transiting Exoplanet Survey Satellite (TESS)
TOI-836 b,1.704,0.067,4.53,Mass,0.0422,0.665,27.5024,2023,Transit,Transiting Exoplanet Survey Satellite (TESS)
TOI-1136 d,4.627,0.077,8.35,Mass,0.1062,0.968,84.5362,2022,Transit,Transiting Exoplanet Survey Satellite (TESS)
TOI-1136 c,2.879,0.06,6.32,Mass,0.0669,0.968,84.5362,2022,Transit,Transiting Exoplanet Survey Satellite (TESS)
TOI-1136 f,3.73591482,0.08619766,9.7,Mass,0.174,0.968,84.5362,2022,Transit,Transiting Exoplanet Survey Satellite (TESS)
TOI-1136 e,2.639,0.072,6.07,Mass,0.14,0.968,84.5362,2022,Transit,Transiting Exoplanet Survey Satellite (TESS)
TOI-1173 b,9.19,0.18,27.4,Mass,0.0696,0.934,132.353,2024,Transit,Transiting Exoplanet Survey Satellite (TESS)
TOI-1416 b,1.62,0.08,3.48,Mass,0.019,0.793,55.0135,2023,Transit,Transiting Exoplanet Survey Satellite (TESS)
TOI-1420 b,11.89,0.33,25.1,Mass,0.071,0.923,201.918,2023,Transit,Transiting Exoplanet Survey Satellite (TESS)
TOI-1468 c,2.126,0.092,4.1,Mass,0.08608,0.3714,24.7399,2022,Transit,Transiting Exoplanet Survey Satellite (TESS)
TOI-1468 b,1.401,0.059,3.04,Mass,0.02107,0.3714,24.7399,2022,Transit,Transiting Exoplanet Survey Satellite (TESS)
HIP 9618 b,3.82838127,0.10440228,8.3,Mass,0.145,0.9593,67.5478,2023,Transit,Transiting Exoplanet Survey Satellite (TESS)
HIP 9618 c,3.42855926,0.0971864,7.0,Mass,0.269,0.9593,67.5478,2023,Transit,Transiting Exoplanet Survey Satellite (TESS)
TOI-1801 b,2.079,0.124,5.738,Mass,0.075,0.547,30.6796,2023,Transit,Transiting Exoplanet Survey Satellite (TESS)
TOI-1823 b,7.5406241,0.33185186,67.4,Mass,0.212,0.8049,71.6456,2024,Transit,Transiting Exoplanet Survey Satellite (TESS)
TOI-2031 A b,14.20177855,0.26901554,254.2627256,Mass,0.066,1.241,276.105,2025,Transit,Transiting Exoplanet Survey Satellite (TESS)
TOI-2114 b,14.54925695,0.67253884,324.18497514,Mass,0.076,1.97,317.845,2026,Transit,Transiting Exoplanet Survey Satellite (TESS)
TOI-2134 b,2.735,0.068,9.37,Mass,0.07803,0.709,22.6202,2023,Transit,Transiting Exoplanet Survey Satellite (TESS)
TOI-2134 c,7.35,0.18,58.3,Mass,0.3715,0.709,22.6202,2023,Transit,Transiting Exoplanet Survey Satellite (TESS)
TOI-2374 b,7.48759911,0.20176165,61.65871096,Mass,0.04818,0.711,134.655,2024,Transit,Transiting Exoplanet Survey Satellite (TESS)
TOI-2431 b,1.534,0.034,6.2,Mass,0.0063,0.651,36.0559,2026,Transit,Transiting Exoplanet Survey Satellite (TESS)
TOI-3235 b,11.39953337,0.49319515,211.35589065,Mass,0.02709,0.3697,72.811,2023,Transit,Transiting Exoplanet Survey Satellite (TESS)
TOI-3757 b,12.0,0.4,85.3,Mass,0.03845,0.62,181.139,2022,Transit,Transiting Exoplanet Survey Satellite (TESS)
TOI-3884 b,6.43,0.2,32.59,Mass,0.0361,0.302,43.1448,2022,Transit,Transiting Exoplanet Survey Satellite (TESS)
TOI-3984 A b,7.9,0.24,44.0,Mass,0.041,0.47,108.883,2023,Transit,Transiting Exoplanet Survey Satellite (TESS)
TOI-4010 c,5.93,0.11,20.31,Mass,0.058,0.83,177.504,2023,Transit,Transiting Exoplanet Survey Satellite (TESS)
TOI-4010 d,6.18,0.14,38.15,Mass,0.113,0.83,177.504,2023,Transit,Transiting Exoplanet Survey Satellite (TESS)
TOI-4010 b,3.02,0.08,11.0,Mass,0.0229,0.83,177.504,2023,Transit,Transiting Exoplanet Survey Satellite (TESS)
LP 890-9 b,1.32,0.053,13.2,Mass,0.01875,0.1556,32.4298,2022,Transit,Transiting Exoplanet Survey Satellite (TESS)
TOI-4336 A b,2.137,0.08,3.33,Mass,0.0849,0.326,22.5455,2024,Transit,Transiting Exoplanet Survey Satellite (TESS)
TOI-4492 b,11.78063872,0.61649394,1881.54416944,Mass,0.0535,1.222,143.184,2026,Transit,Transiting Exoplanet Survey Satellite (TESS)
HD 20329 b,1.72,0.07,7.42,Mass,0.018,1.13,63.6796,2022,Transit,Transiting Exoplanet Survey Satellite (TESS)
Kepler-167 e,10.16,0.42,321.00669107,Mass,1.883,0.749,341.908,2016,Transit,Kepler
TOI-5205 b,11.6,0.3,343.0,Mass,0.0199,0.394,86.4493,2023,Transit,Transiting Exoplanet Survey Satellite (TESS)
Kepler-167 c,1.674,0.069,3.44,M-R relationship,0.0684,0.749,341.908,2014,Transit,Kepler
TOI-5293 A b,11.9,0.4,170.4,Mass,0.034,0.52,162.229,2023,Transit,Transiting Exoplanet Survey Satellite (TESS)
KOI-94 d,11.27,1.06,106.0,Mass,0.1684,1.52,477.052,2013,Transit,Kepler
LP 890-9 c,1.367,0.055,25.3,Mass,0.03984,0.1556,32.4298,2022,Transit,SPECULOOS Southern Observatory
HD 3167 e,3.97,,14.9,Mass,0.3797,0.871,47.2899,2022,Radial Velocity,CHaracterising ExOPlanets Satellite (CHEOPS)
TOI-5806 b,15.13212395,1.90552672,721.47048389,Mass,0.0484,1.387,119.199,2026,Transit,Transiting Exoplanet Survey Satellite (TESS)
TOI-5916 b,11.8,0.52,219.0,Mass,0.02789,0.487,199.724,2026,Transit,Transiting Exoplanet Survey Satellite (TESS)
TOI-1136 b,1.9,0.21,3.5,Mass,0.05106,0.968,84.5362,2022,Transit,Transiting Exoplanet Survey Satellite (TESS)
TOI-1136 g,2.53,0.11,5.6,Mass,0.229,0.968,84.5362,2022,Transit,Transiting Exoplanet Survey Satellite (TESS)
TOI-1338 c,10.3,,75.4,Mass,0.794,1.313,399.017,2023,Radial Velocity,Multiple Observatories
WASP-84 c,1.95,0.12,15.2,Mass,0.02359,0.768,100.588,2023,Transit,Transiting Exoplanet Survey Satellite (TESS)
TOI-6109 c,4.8326,0.0736,20.8,M-R relationship,0.0786,1.021,151.738,2025,Transit,Transiting Exoplanet Survey Satellite (TESS)
TOI-6255 b,1.079,0.065,1.44,Mass,,0.37,20.3167,2024,Transit,Transiting Exoplanet Survey Satellite (TESS)
WASP-193 b,14.78464554,0.62770292,35.59678158,Mass,0.0668,1.213,362.087,2023,Transit,WASP-South
LP 791-18 d,1.032,0.044,0.91,Mass,0.01992,0.182,26.4927,2023,Transit,Spitzer Space Telescope
TOI-6324 b,1.059,0.041,1.17,Mass,,0.293,20.5488,2025,Transit,Transiting Exoplanet Survey Satellite (TESS)
HD 207496 b,2.25,0.12,6.1,Mass,0.0629,0.769,23.606,2023,Transit,Transiting Exoplanet Survey Satellite (TESS)
TOI-4010 e,13.3,,692.0,Msini,1.57,0.83,177.504,2023,Radial Velocity,Roque de los Muchachos Observatory
GJ 367 c,1.86,,4.13,Msini,,0.458,9.41263,2023,Radial Velocity,La Silla Observatory
GJ 367 d,2.33,,6.03,Msini,,0.458,9.41263,2023,Radial Velocity,La Silla Observatory
TOI-6109 b,4.8704,0.1622,21.1,M-R relationship,0.0599,1.021,151.738,2025,Transit,Transiting Exoplanet Survey Satellite (TESS)
TOI-199 c,11.4,,88.99195396,Mass,0.807,0.82,102.27,2023,Transit Timing Variations,Multiple Observatories
AU Mic e,4.87,,21.1,Mass,,0.82,9.7221,2025,Radial Velocity,Mauna Kea Observatory
AU Mic d,1.02,,1.053,Mass,,0.744,9.7221,2023,Transit Timing Variations,Multiple Observatories
GJ 806 b,1.331,0.023,1.9,Mass,0.01406,0.4144,12.0445,2023,Transit,Transiting Exoplanet Survey Satellite (TESS)
GJ 806 c,2.28,,5.8,Msini,0.0523,0.4144,12.0445,2023,Radial Velocity,Multiple Observatories
HD 110067 b,2.2,0.03,5.69,Mass,0.0793,0.788,32.1585,2023,Transit,Multiple Observatories
HD 110067 c,2.388,0.036,6.3,Mass,0.1039,0.788,32.1585,2023,Transit,Multiple Observatories
HD 110067 d,2.852,0.039,8.52,Mass,0.1362,0.788,32.1585,2023,Transit,Multiple Observatories
HD 110067 e,1.94,0.04,3.9,Mass,0.1785,0.788,32.1585,2023,Transit,Multiple Observatories
HD 110067 f,2.601,0.042,5.04,Mass,0.2163,0.788,32.1585,2023,Transit,Multiple Observatories
HD 110067 g,2.607,0.052,8.4,Mass,0.2621,0.788,32.1585,2023,Transit,Multiple Observatories
GJ 341 b,0.88,0.05,4.0,Mass,,0.5066,10.454,2025,Transit,Transiting Exoplanet Survey Satellite (TESS)
TOI-6894 b,9.5836785,0.24659758,53.39517238,Mass,0.02604,0.2276,73.8131,2025,Transit,Transiting Exoplanet Survey Satellite (TESS)
IRAS 04125+2902 b,10.73820351,0.86309151,80.8,M-R relationship,0.077,1.45,159.244,2024,Transit,Transiting Exoplanet Survey Satellite (TESS)
Kepler-51 e,2.18,,5.4,Mass,,0.87,783.831,2024,Transit Timing Variations,Multiple Observatories
TOI-7169 b,16.53324653,0.32506044,130.30964687,Mass,0.0428,1.5,467.151,2026,Transit,Transiting Exoplanet Survey Satellite (TESS)
Gl 725 A b,1.48,,2.78,Msini,0.068,0.351,3.5214,2025,Radial Velocity,Multiple Observatories
TOI-7189 b,10.9,0.52,159.04,Mass,0.03294,0.591,192.09,2026,Transit,Transiting Exoplanet Survey Satellite (TESS)
TOI-7265 B b,10.7,0.49,224.95,Mass,0.04007,0.497,143.97,2026,Transit,Transiting Exoplanet Survey Satellite (TESS)
BD+05 4868 A b,,,6.2,Mass,0.0208,0.69,43.5687,2025,Transit,Transiting Exoplanet Survey Satellite (TESS)
TOI-771 c,1.5,,2.87,Msini,0.046,0.232,25.2788,2025,Radial Velocity,Paranal Observatory
TOI-7393 b,11.3,0.69,194.78,Mass,0.03664,0.582,189.038,2026,Transit,Transiting Exoplanet Survey Satellite (TESS)
TOI-2076 e,1.301,0.059,4.7,Mass,0.03863,0.758,41.9091,2025,Transit,Transiting Exoplanet Survey Satellite (TESS)
L 98-59 f,1.48,,2.8,Msini,0.1052,0.3155,10.6194,2025,Radial Velocity,Multiple Facilities
HIP 41378 g,2.5,,6.81,Mass,,1.3,106.289,2025,Radial Velocity,W. M. Keck Observatory
55 Cnc B b,1.69,,3.5,Msini,0.044,0.274,12.4773,2025,Radial Velocity,Mauna Kea Observatory
55 Cnc B c,2.16,,5.3,Msini,0.13,0.274,12.4773,2025,Radial Velocity,Mauna Kea Observatory
GJ 3090 c,3.14,,10.0,Msini,0.0997,0.516,22.4751,2026,Radial Velocity,Multiple Facilities
TOI-4336 A c,1.251,0.066,1.55,Mass,0.05092,0.326,22.5455,2026,Transit,Multiple Observatories
TOI-260 b,1.71,0.08,4.23,Mass,0.0943,0.607,20.1852,2024,Transit,Transiting Exoplanet Survey Satellite (TESS)
MOA-2020-BLG-108L b,12.4,,3391.22910269,Mass,3.69,,5130.0,2026,Microlensing,MOA
HD 202206 b,12.1,,6849.20217085,Mass,0.81,1.04,45.9665,2026,Radial Velocity,La Silla Observatory
HIP 81991 b,12.5,,3019.3698665,Mass,6.4,2.82111,43.9016,2026,Radial Velocity,Multiple Facilities
Gl 725 B c,1.66,,3.4,Msini,0.139,0.28,6.842357,2026,Radial Velocity,Mauna Kea Observatory
Kepler-12 b,19.660586,0.347479,137.30256,Mass,0.0553,1.483,881.386,2011,Transit,Kepler
KOI-94 b,1.71,0.16,10.5,Mass,0.05119,1.52,477.052,2013,Transit,Kepler
Kepler-167 d,1.238,0.064,2.06,M-R relationship,0.1404,0.749,341.908,2016,Transit,Kepler
Kepler-51 d,9.7,0.5,7.6,Mass,0.509,0.94,783.831,2014,Transit,Kepler
Kepler-51 c,9.0,2.8,4.0,Mass,0.384,0.94,783.831,2012,Transit,Kepler
Kepler-51 b,7.1,0.3,2.1,Mass,0.2514,0.94,783.831,2012,Transit,Kepler
Kepler-167 b,1.718,0.07,3.6,M-R relationship,0.04825,0.749,341.908,2014,Transit,Kepler
KOI-94 c,4.32,0.41,15.6,Mass,0.1013,1.52,477.052,2013,Transit,Kepler
KOI-94 e,6.56,0.62,35.0,Mass,0.3046,1.52,477.052,2013,Transit,Kepler
PH2 b,9.33708092,0.2914335,87.08498352,Mass,0.833,0.949,343.863,2013,Transit,Kepler
K2-33 b,5.04,0.34,1175.971,Mass,0.0409,1.05,139.268,2016,Transit,K2
HAT-P-11 b,4.36,0.06,25.0,Mass,0.05258,0.683,37.7647,2010,Transit,HATNet
HD 180902 b,13.5,,535.54355,Msini,1.4,4.16,104.577,2009,Radial Velocity,W. M. Keck Observatory
TOI-5624 e,3.247,0.042,8.9,Mass,0.1439,0.82,101.913,2026,Transit,Transiting Exoplanet Survey Satellite (TESS)
KOINTREAU-1 b,12.4,,3368.9811142,Mass,690.0,,158.618,2026,Imaging,W. M. Keck Observatory
K2-414 c,1.9287,0.063,4.38,M-R relationship,0.0552,0.732,260.036,2022,Transit,K2
Kepler-1154 c,2.36,0.95,6.17,M-R relationship,0.0875,1.43,1460.1,2016,Transit,Kepler
Kepler-863 b,2.9,0.68,8.75,M-R relationship,0.122,0.95,1499.66,2016,Transit,Kepler
Kepler-278 c,3.268,0.067,34.9,Mass,0.287,2.861,443.03,2014,Transit,Kepler
GJ 180 d,2.66,,7.56,Msini,0.309,0.413049,11.9407,2020,Radial Velocity,Multiple Facilities
K2-86 b,1.96,0.27,4.5,M-R relationship,0.077,0.76,258.699,2016,Transit,K2
HD 196050 b,12.9,,1493.7935129,Mass,2.65,1.42,50.6742,2002,Radial Velocity,Anglo-Australian Telescope
Kepler-564 b,4.63,0.66,19.4,M-R relationship,0.0484,0.92,863.037,2016,Transit,Kepler
Kepler-878 b,1.93,0.12,4.38,M-R relationship,0.165,0.77,791.625,2016,Transit,Kepler
HD 120084 b,12.7,,2034.1018048,Mass,4.21,10.37,103.044,2013,Radial Velocity,Okayama Astrophysical Observatory
TOI-1694 c,13.8,,316.55709337,Msini,0.974,0.812,124.68,2023,Radial Velocity,W. M. Keck Observatory
K2-87 b,7.6,0.4,44.9,M-R relationship,0.094,1.401,491.242,2016,Transit,K2
Kepler-983 b,2.36,0.07,6.17,M-R relationship,0.3148,1.08,714.437,2016,Transit,Kepler
Kepler-1948 b,1.03283226,,1.09,M-R relationship,0.1022,0.557,193.903,2021,Transit,Kepler
Kepler-444 c,0.497,0.021,0.0793,M-R relationship,0.04881,0.752,36.4396,2015,Transit,Kepler
Kepler-1173 b,0.89,0.23,0.64,M-R relationship,0.0156,0.82,377.06,2016,Transit,Kepler
HD 219077 b,12.5,,3057.50927534,Mass,5.935,1.91,29.1864,2012,Radial Velocity,La Silla Observatory
Kepler-458 c,4.2,0.63,16.4,M-R relationship,0.17012,2.21562,1594.74,2016,Transit,Kepler
Kepler-1608 b,1.73,0.16,3.64,M-R relationship,0.1126,0.72,832.0,2016,Transit,Kepler
TOI-2093 b,3.25,,10.6,Msini,0.097,0.729,82.7982,2025,Radial Velocity,Calar Alto Observatory
EPIC 212499991 b,1.6,0.13,3.19,M-R relationship,,0.757541,283.29,2019,Transit,K2
Kepler-759 b,2.27,0.49,5.77,M-R relationship,0.2329,1.04,1073.48,2016,Transit,Kepler
Kepler-563 b,3.09,0.17,9.75,M-R relationship,0.1418,0.77,565.207,2016,Transit,Kepler
Kepler-296 f,1.8,0.31,3.89,M-R relationship,0.255,0.48,167.0,2014,Transit,Kepler
Kepler-534 b,2.24,0.08,5.65,M-R relationship,0.1272,0.98,570.659,2016,Transit,Kepler
TOI-512 b,1.54,0.1,3.57,Mass,,0.89,67.3975,2025,Transit,Transiting Exoplanet Survey Satellite (TESS)
HD 75784 b,13.8,,317.83,Msini,1.032,3.4,85.4321,2014,Radial Velocity,W. M. Keck Observatory
Kepler-172 c,2.86,0.53,8.55,M-R relationship,0.068,1.085,828.592,2014,Transit,Kepler
Kepler-1340 b,1.55,0.7,3.02,M-R relationship,0.01523,1.42,981.779,2016,Transit,Kepler
Kepler-1115 b,1.7,0.29,3.53,M-R relationship,0.2134,1.73,983.245,2016,Transit,Kepler
KIC 5437945 b,6.4,1.6,33.6,M-R relationship,1.19671,1.24,1274.01,2015,Transit,Kepler
Kepler-1859 c,1.66,0.29,3.39,M-R relationship,0.0473,1.235,1331.25,2023,Transit,Kepler
Kepler-1201 b,2.29,0.91,5.86,M-R relationship,0.1183,1.24,944.241,2016,Transit,Kepler
Kepler-232 c,3.83,1.86,14.0,M-R relationship,0.101,0.968,1349.13,2014,Transit,Kepler
tau Cet g,1.18,,1.75,Msini,0.133,0.83,3.60304,2017,Radial Velocity,Multiple Observatories
Kepler-151 b,3.06,1.53,9.59,M-R relationship,0.116,0.83,649.919,2014,Transit,Kepler
TOI-201 b,11.4,0.1,164.0,Mass,0.303,1.31,113.825,2021,Transit,Transiting Exoplanet Survey Satellite (TESS)
Kepler-207 d,3.31,0.63,11.0,M-R relationship,0.068,1.588,875.519,2014,Transit,Kepler
GJ 887 e,1.12,,1.46,Msini,0.0417,0.468,3.28679,2026,Radial Velocity,Multiple Observatories
WASP-108 b,15.13212395,0.44835923,283.50293904,Mass,,1.34415,258.777,2020,Transit,Transiting Exoplanet Survey Satellite (TESS)
Kepler-1521 b,2.5,0.09,6.8,M-R relationship,0.23476,0.76,206.983,2016,Transit,Kepler
Kepler-238 c,2.39,0.45,152.522,Mass,0.069,1.43,1798.75,2014,Transit,Kepler
GJ 676 A d,1.78,,3.81394088,Msini,0.039,0.69,16.0272,2012,Radial Velocity,La Silla Observatory
Kepler-620 b,3.32,1.22,11.0,M-R relationship,0.1053,1.22,1355.28,2016,Transit,Kepler
TOI-2989 b,12.55405838,0.56044903,953.485221,Mass,0.0384,0.76,195.795,2025,Transit,Transiting Exoplanet Survey Satellite (TESS)
Kepler-349 c,1.96,0.74,4.5,M-R relationship,0.105,0.927,940.724,2014,Transit,Kepler
Kepler-1231 b,1.42,0.3,2.6,M-R relationship,0.0914,1.0,987.237,2016,Transit,Kepler
Kepler-274 b,1.54,0.84,2.99,M-R relationship,0.101,1.007,1333.62,2014,Transit,Kepler
Kepler-832 b,2.06,0.32,4.9,M-R relationship,0.075,0.9,1688.12,2016,Transit,Kepler
Kepler-1889 b,2.94360686,,8.98,M-R relationship,0.2082,0.817,1395.13,2021,Transit,Kepler
Kepler-988 b,2.07,0.47,4.94,M-R relationship,0.1085,0.53,304.889,2016,Transit,Kepler
TOI-880 c,4.95,0.2,21.7,M-R relationship,0.0635,0.83,60.6679,2025,Transit,Transiting Exoplanet Survey Satellite (TESS)
HD 12235 b,3.23,,10.48833743,Msini,0.054,1.80185,31.7627,2022,Radial Velocity,Multiple Observatories
Kepler-444 f,0.741,0.041,0.332,M-R relationship,0.0811,0.752,36.4396,2015,Transit,Kepler
GJ 887 c,2.43,,6.5,Msini,0.121,0.468,3.28679,2020,Radial Velocity,La Silla Observatory
Kepler-524 b,1.91,0.14,4.31,M-R relationship,0.07955,1.1,1058.24,2016,Transit,Kepler
Kepler-1075 b,1.42,0.16,2.6,M-R relationship,0.0208,0.54,291.275,2016,Transit,Kepler
Kepler-368 b,3.26,0.91,10.7,M-R relationship,0.186,2.019,770.978,2014,Transit,Kepler
Kepler-115 b,1.09,0.21,1.32,M-R relationship,0.036,1.205,623.609,2014,Transit,Kepler
Kepler-1735 b,1.19429134,,1.84,M-R relationship,0.0621,0.509,245.303,2021,Transit,Kepler
TOI-1898 b,9.39553231,0.2342915,129.0,Mass,0.269,1.6131,79.6682,2024,Transit,Transiting Exoplanet Survey Satellite (TESS)
Kepler-1130 c,0.79239584,,0.422,M-R relationship,0.04238,0.842,249.343,2021,Transit,Kepler
HD 20782 b,13.6,,472.83,Msini,1.3649,1.12681,35.9864,2006,Radial Velocity,Anglo-Australian Telescope
Kepler-1376 b,1.05,0.21,1.16,M-R relationship,0.0598,0.97,868.056,2016,Transit,Kepler
Kepler-1190 b,1.33,0.05,2.33,M-R relationship,0.0845,0.72,342.509,2016,Transit,Kepler
Kepler-450 b,6.14,0.33,19.4,Mass,0.20092,1.64162,455.982,2015,Transit,Kepler
Kepler-758 d,2.12,0.47,5.14,M-R relationship,0.1527,1.42,1502.32,2016,Transit,Kepler
HAT-P-47 b,14.71739166,0.50440413,65.47265184,Mass,,1.515,282.096,2026,Transit,Transiting Exoplanet Survey Satellite (TESS)
HD 135625 b,13.3,,731.0053361,Mass,5.4,1.35743,56.518,2023,Radial Velocity,La Silla Observatory
TOI-2211.01,1.561,0.198,3.06,M-R relationship,0.04011,0.834,70.2932,2024,Transit,Transiting Exoplanet Survey Satellite (TESS)
Kepler-124 b,0.73,0.05,0.315,M-R relationship,0.039,0.636,420.046,2014,Transit,Kepler
Kepler-1259 b,1.43,0.07,2.63,M-R relationship,0.0141,0.77,805.562,2016,Transit,Kepler
TOI-1859 b,9.75181321,0.78462865,68.6,M-R relationship,0.337,1.36,224.385,2023,Transit,Transiting Exoplanet Survey Satellite (TESS)
Kepler-616 b,2.43,0.33,6.48,M-R relationship,0.0927,0.97,945.775,2016,Transit,Kepler
HD 141399 e,14.1,,209.7678,Msini,5.0,1.387236,37.0169,2014,Radial Velocity,Multiple Observatories
Kepler-1008 b,1.28,0.07,2.18,M-R relationship,0.09755,0.78,282.565,2016,Transit,Kepler
TOI-2133 b,2.37,0.09,6.21,M-R relationship,0.041,0.62,75.1973,2026,Transit,Transiting Exoplanet Survey Satellite (TESS)
Kepler-1979 b,29.33,8.82,,Msini,0.1383,0.938,1076.27,2023,Transit,Kepler
WASP-157 b,11.19,0.28,182.43442,Mass,0.0499,1.1,334.037,2016,Transit,SuperWASP
Kepler-1183 b,2.82,0.52,8.35,M-R relationship,0.1793,0.99,1919.19,2016,Transit,Kepler
Kepler-331 d,1.64,0.17,3.33,M-R relationship,0.159,0.492,580.119,2014,Transit,Kepler
TOI-5322 b,16.6117094,0.3474784,184.02264765,Mass,0.0604,1.462,476.899,2025,Transit,Transiting Exoplanet Survey Satellite (TESS)
HD 457 b,11.9,,8445.3364308,Mass,15.369,1.28194,55.0375,2022,Radial Velocity,Multiple Observatories
HD 112640 b,12.9,,1589.15,Msini,1.7,39.0,323.335,2020,Radial Velocity,Bohyunsan Optical Astronomical Observatory
Kepler-1647 b,11.8739,0.1377,483.0,Mass,2.7205,1.7903,1212.45,2016,Transit,Kepler
Kepler-1197 b,1.25,0.03,2.1,M-R relationship,0.02869,0.72,486.94,2016,Transit,Kepler
HD 153557 b,4.77,,20.34101805,Msini,0.068,0.745171,17.9412,2022,Radial Velocity,Multiple Observatories
Kepler-1939 b,1.16480773,,1.68,M-R relationship,0.0334,0.603,189.833,2021,Transit,Kepler
TIC 117642575 b,2.82716337,0.28514319,8.38,M-R relationship,,1.08102,188.758,2026,Transit,Transiting Exoplanet Survey Satellite (TESS)
Kepler-621 b,2.3,0.07,5.9,M-R relationship,0.031,0.68,389.0,2016,Transit,Kepler
Kepler-1113 b,2.81,1.13,8.3,M-R relationship,0.2415,1.17,1073.88,2016,Transit,Kepler
Kepler-142 b,1.99,0.39,4.62,M-R relationship,0.032,1.269,548.686,2014,Transit,Kepler
Kepler-662 b,2.18,0.11,5.39,M-R relationship,0.1408,0.74,815.637,2016,Transit,Kepler
Kepler-1336 c,1.71,0.27,3.57,M-R relationship,0.06272,1.3,1126.64,2016,Transit,Kepler
TOI-216.02,8.0,3.0,18.75187601,Mass,0.1293,0.748,177.945,2019,Transit,Transiting Exoplanet Survey Satellite (TESS)
Kepler-236 c,2.0,0.17,4.66,M-R relationship,0.132,0.51,288.763,2014,Transit,Kepler
HD 196067 b,12.4,,3623.2438398,Mass,4.71,1.71,39.9346,2012,Radial Velocity,La Silla Observatory
Kepler-1210 b,1.7,0.3,3.53,M-R relationship,0.0753,0.92,1176.53,2016,Transit,Kepler
Kepler-91 b,15.322703,0.773421,257.4423,Mass,0.0731,6.3,1294.69,2013,Transit,Kepler
K2-290 b,3.06,0.16,10.9,Mass,0.0923,1.511,272.909,2019,Transit,K2
Kepler-1766 b,2.27904508,,5.81,M-R relationship,0.4161,1.042,501.229,2021,Transit,Kepler
HD 176986 c,,,2097.98531461,Mass,0.11873,0.782,27.7843,2017,Radial Velocity,Multiple Observatories
K2-170 c,1.8017647,0.24523316,3.9,M-R relationship,,0.981614,392.872,2018,Transit,K2
HD 72490 b,13.5,,561.92344,Msini,1.88,4.96,126.339,2018,Radial Velocity,W. M. Keck Observatory
HD 12661 c,13.2,,899.45439181,Mass,2.8145,1.11,37.8478,2002,Radial Velocity,Multiple Observatories
Kepler-1061 b,1.98,0.11,4.58,M-R relationship,0.0388,1.07,543.375,2016,Transit,Kepler
Kepler-1904 b,1.3904994,,2.51,M-R relationship,0.0436,0.497,270.854,2021,Transit,Kepler
Kepler-473 b,4.08,0.79,15.6,M-R relationship,0.12048,1.34,905.937,2016,Transit,Kepler
HD 14787 b,13.7,,356.28743,Msini,1.7,5.01,119.137,2018,Radial Velocity,W. M. Keck Observatory
WASP-106 b,12.10569916,0.17934369,613.40882551,Mass,0.0901,1.47,352.181,2014,Transit,SuperWASP
Kepler-1840 b,2.77771129,,8.13,M-R relationship,0.46206,0.803,513.107,2021,Transit,Kepler
kap And b,15.91675259,0.67253884,5498.4314411,Mass,55.0,2.109,50.0177,2012,Imaging,Subaru Telescope
Kepler-1751 b,1.82417378,,3.98,M-R relationship,0.0712,0.967,1291.47,2021,Transit,Kepler
Kepler-1067 b,0.8,0.12,0.437,M-R relationship,0.0164,0.93,667.693,2016,Transit,Kepler
TOI-2578 b,19.66055215,0.65012088,167.17774208,Mass,0.0495,1.64,285.53,2026,Transit,Transiting Exoplanet Survey Satellite (TESS)
Kepler-624 b,2.31,0.33,5.95,M-R relationship,0.11638,1.18,748.188,2016,Transit,Kepler
TOI-5349 b,10.2,0.3,127.4,Mass,0.0369,0.58,188.336,2026,Transit,Transiting Exoplanet Survey Satellite (TESS)
TOI-1294 c,14.3,,147.0,Msini,0.61,1.5566,332.648,2024,Radial Velocity,W. M. Keck Observatory
Kepler-1039 b,1.46,0.09,2.73,M-R relationship,0.01714,0.74,306.91,2016,Transit,Kepler
HAT-P-60 b,18.28184752,0.26901554,182.43350562,Mass,0.06277,2.197,233.22,2021,Transit,HATNet
HD 88986 b,2.49,0.18,17.2,Mass,0.58,1.543,33.2673,2023,Radial Velocity,Haute-Provence Observatory
HD 215152 e,,,975.41538108,Mass,0.15417,0.73,21.5974,2018,Radial Velocity,La Silla Observatory
Kepler-704 b,2.61,0.6,7.32,M-R relationship,0.047,0.96,1228.83,2016,Transit,Kepler
K2-385 b,1.539,0.145,2.98,M-R relationship,,0.761,420.819,2022,Transit,K2
Kepler-1432 b,2.22,0.69,5.56,M-R relationship,0.1696,1.13,2171.87,2016,Transit,Kepler
Kepler-135 c,1.16,0.23,1.65,M-R relationship,0.103,1.275,621.855,2014,Transit,Kepler
Kepler-950 b,8.98,1.56,59.6,M-R relationship,0.3982,1.02,2161.6,2016,Transit,Kepler
HD 73526 b,13.1,,978.9164,Msini,0.65,1.53,97.2396,2002,Radial Velocity,Anglo-Australian Telescope
HD 207897 b,2.34302132,0.123646,14.8,Mass,0.117,0.7827,28.2938,2021,Transit,Transiting Exoplanet Survey Satellite (TESS)
Kepler-1459 b,1.36,0.1,2.42,M-R relationship,0.2829,0.74,455.479,2016,Transit,Kepler
Kepler-1358 b,1.12,0.07,1.46,M-R relationship,0.0656,0.79,546.998,2016,Transit,Kepler
Kepler-411 b,2.401,0.053,25.6,Mass,0.0375,0.82,153.676,2013,Transit,Kepler
HD 360 b,14.0,,238.37130525,Msini,0.98,10.86,111.542,2021,Radial Velocity,Okayama Astrophysical Observatory
TOI-4030 b,5.8462559,0.41681993,28.8,M-R relationship,,0.991737,571.615,2026,Transit,Transiting Exoplanet Survey Satellite (TESS)
Kepler-741 b,2.97,1.01,9.11,M-R relationship,0.0744,1.24,1661.87,2016,Transit,Kepler
Kepler-1299 b,2.98,0.66,9.17,M-R relationship,0.1357,0.91,1404.94,2016,Transit,Kepler
Kepler-1806 b,2.35560189,,6.15,M-R relationship,0.0813,0.788,978.066,2021,Transit,Kepler
TOI-375 c,13.4,,669.34662514,Msini,0.524,2.9,396.213,2026,Radial Velocity,Multiple Observatories
Kepler-1048 b,1.61,0.09,3.22,M-R relationship,0.059,0.7,556.006,2016,Transit,Kepler
Kepler-749 b,3.1,0.23,9.8,M-R relationship,0.1054,0.75,721.027,2016,Transit,Kepler
HD 102329 b,12.6,,2593.4928,Msini,1.81,9.82,217.107,2011,Radial Velocity,W. M. Keck Observatory
TOI-1194 b,8.71664516,0.15541841,120.0,Mass,0.034,0.9608,149.667,2023,Transit,Transiting Exoplanet Survey Satellite (TESS)
Barnard d,0.694,,0.263,Msini,0.0188,0.185,1.82655,2025,Radial Velocity,Gemini Observatory
Kepler-1951 b,2.32107188,,6.0,M-R relationship,0.1435,1.306,1277.32,2021,Transit,Kepler
HIP 114933 b,13.4,,616.58710958,Msini,2.84,5.27,101.766,2021,Radial Velocity,Multiple Observatories
Kepler-1305 b,1.88,0.35,4.19,M-R relationship,0.1109,0.96,1575.23,2016,Transit,Kepler
Kepler-598 b,1.5,0.12,2.86,M-R relationship,0.04487,0.86,681.086,2016,Transit,Kepler
HD 185283 b,13.6,,413.1769291,Mass,4.6,0.743303,31.395,2023,Radial Velocity,La Silla Observatory
Kepler-1920 b,2.95415848,,9.03,M-R relationship,0.2043,1.161,885.913,2021,Transit,Kepler
HD 65216 b,13.6,,411.58985,Msini,1.301,0.88,35.1205,2003,Radial Velocity,La Silla Observatory
Kepler-954 b,2.32,0.05,5.99,M-R relationship,0.1202,0.76,215.814,2016,Transit,Kepler
EPIC 206042996 c,1.2,0.2,1.87,M-R relationship,,0.5,451.769,2021,Transit,K2
HATS-38 b,6.882326,0.190553,23.51942,Mass,0.05036,1.105,343.525,2020,Transit,HATSouth
Kepler-1388 c,2.26,0.14,5.73,M-R relationship,0.0519,0.61,453.795,2016,Transit,Kepler
TIC 178172313 b,2.80405322,0.87657907,8.27,M-R relationship,,0.84345,178.137,2026,Transit,Transiting Exoplanet Survey Satellite (TESS)
Gliese 12 b,0.93,0.06,0.95,Mass,0.067,0.265,12.21,2024,Transit,Transiting Exoplanet Survey Satellite (TESS)
Kepler-266 c,3.89,1.89,14.4,M-R relationship,0.457,1.028,1370.79,2014,Transit,Kepler
NGTS-30 b,10.40193409,0.35868738,305.11527072,Mass,0.408,0.913,238.377,2024,Transit,Transiting Exoplanet Survey Satellite (TESS)
Kepler-1388 e,2.46,0.14,6.62,M-R relationship,0.1861,0.61,453.795,2016,Transit,Kepler
Kepler-1311 b,1.24,0.25,2.07,M-R relationship,0.10082,1.4,866.331,2016,Transit,Kepler
Kepler-1991 c,2.57,0.36,7.13,M-R relationship,0.1528,1.053,855.82,2023,Transit,Kepler
Kepler-126 d,2.5,0.05,54.59018723,Msini,0.448,1.358,237.401,2014,Transit,Kepler
TOI-4029 b,6.73756618,0.48174093,36.6,M-R relationship,,1.17834,274.436,2026,Transit,Transiting Exoplanet Survey Satellite (TESS)
Kepler-2001 b,1.04,0.13,1.12,M-R relationship,0.0197,0.77,776.55,2023,Transit,Kepler
Kepler-1247 b,2.33,0.21,6.04,M-R relationship,0.1091,0.82,1045.92,2016,Transit,Kepler
Kepler-68 e,11.2,,86.4493267,Msini,4.6,1.2564,144.166,2023,Radial Velocity,Roque de los Muchachos Observatory
Kepler-1406 b,1.1,0.18,1.37,M-R relationship,0.0987,1.12,572.403,2016,Transit,Kepler
Kepler-1682 b,2.88940836,,8.7,M-R relationship,0.1134,0.842301,1159.85,2020,Transit,Kepler
Kepler-174 d,2.19,0.13,5.43,M-R relationship,0.677,0.622,384.757,2014,Transit,Kepler
Kepler-326 b,1.52,0.16,44.6,Mass,0.032,0.801,487.675,2014,Transit,Kepler
GJ 3998 d,2.34,,6.07,Msini,0.189,0.5,18.1459,2025,Radial Velocity,Multiple Observatories
HD 205158 b,13.9,,124.58873554,Msini,0.177,1.87741,86.6159,2022,Radial Velocity,Multiple Observatories
HD 219134 h,12.7,,108.0622,Msini,3.11,0.77,6.53127,2015,Radial Velocity,Roque de los Muchachos Observatory
K2-183 c,2.3,0.2,5.9,M-R relationship,0.0932,0.87,329.041,2018,Transit,K2
NGTS-21 b,14.90794433,0.33626942,750.07504052,Mass,0.0236,0.86,592.891,2022,Transit,Next-Generation Transit Survey (NGTS)
Kepler-1519 b,7.06,0.81,39.6,M-R relationship,0.7655,0.91,1441.63,2016,Transit,Kepler
TCP J05074264+2447555 b,4.72,,20.0,Mass,0.94,1.42487,505.0,2018,Microlensing,Multiple Observatories
TOI-2459 b,2.9531,0.0916,9.03,M-R relationship,,0.6751,36.6113,2023,Transit,Transiting Exoplanet Survey Satellite (TESS)
Kepler-784 b,1.58,0.34,3.12,M-R relationship,0.22111,1.32,1303.72,2016,Transit,Kepler
TOI-2641 b,18.10250383,5.17854908,122.6817651,Mass,0.0607,1.336,344.045,2023,Transit,Transiting Exoplanet Survey Satellite (TESS)
Kepler-255 c,2.99,1.18,9.22,M-R relationship,0.092,0.933,1052.53,2014,Transit,Kepler
HD 51608 c,3.87,,14.31,Msini,0.3809,0.916136,35.0553,2019,Radial Velocity,La Silla Observatory
TIC 434398831 c,5.63,0.29,27.0,M-R relationship,0.06572,0.909,217.011,2025,Transit,Transiting Exoplanet Survey Satellite (TESS)
TOI-3082 b,3.6621,0.1464,13.0,M-R relationship,,0.6847,113.048,2023,Transit,Transiting Exoplanet Survey Satellite (TESS)
Kepler-1037 b,1.28,0.09,2.18,M-R relationship,0.0198,0.78,446.914,2016,Transit,Kepler
TOI-2141 d,3.97,,14.9,Msini,0.2906,0.95,77.682,2025,Radial Velocity,Roque de los Muchachos Observatory
HD 88133 b,13.8,,324.1866,Mass,0.0479,2.2,73.6123,2004,Radial Velocity,W. M. Keck Observatory
TOI-1448 b,2.749,0.067,19.5,Mass,0.0567,0.38,73.3345,2024,Transit,Transiting Exoplanet Survey Satellite (TESS)
TIC 294329732 b,2.07692266,0.22293792,4.97,M-R relationship,,0.920172,189.333,2026,Transit,Transiting Exoplanet Survey Satellite (TESS)
WISPIT 2 c,17.93436912,6.72538842,3178.28407,Mass,14.0,1.3,134.907,2026,Imaging,Multiple Observatories
K2-272 b,3.13,0.38,9.96,M-R relationship,0.1007,0.83,423.065,2018,Transit,K2
TOI-3474 b,14.67255574,0.36989636,193.87532827,Mass,0.0502,1.256,420.123,2025,Transit,Transiting Exoplanet Survey Satellite (TESS)
Kepler-825 c,1.84,0.4,4.04,M-R relationship,0.0759,1.08,807.85,2016,Transit,Kepler
Kepler-382 b,1.32,0.63,2.3,M-R relationship,0.055,0.945,935.446,2014,Transit,Kepler
Kepler-266 b,2.48,1.2,6.71,M-R relationship,0.071,1.028,1370.79,2014,Transit,Kepler
Kepler-1962 b,1.21463929,,1.95,M-R relationship,0.0783,1.006,866.826,2021,Transit,Kepler
TOI-1266 d,1.74,,3.68,Mass,0.1513,0.4232,36.0118,2025,Transit Timing Variations,Transiting Exoplanet Survey Satellite (TESS)
Kepler-691 b,2.09,0.09,5.02,M-R relationship,0.0649,0.5,279.115,2016,Transit,Kepler
HD 142415 b,13.5,,530.7761,Msini,1.06,1.04,35.5318,2003,Radial Velocity,La Silla Observatory
WASP-167 b,17.71022,0.56045,2542.64,Mass,0.0365,1.79,423.552,2017,Transit,Multiple Observatories
K2-412 b,2.116,0.105,5.13,M-R relationship,0.0586,0.977,654.085,2022,Transit,K2
Kepler-1441 b,1.31,0.22,2.27,M-R relationship,0.2346,1.0,1110.48,2016,Transit,Kepler
CoRoT-28 b,10.704595,0.739794,153.82972,Mass,0.0603,1.78,766.183,2015,Transit,CoRoT
Kepler-88 d,13.1,,965.14699656,Msin(i)/sin(i),2.466329866,0.897,376.863,2020,Radial Velocity,W. M. Keck Observatory
Kepler-1755 b,5.91688317,,29.4,M-R relationship,0.1668,0.921,982.383,2021,Transit,Kepler
Teegarden's Star c,1.02,,1.05,Msini,0.0455,0.12,3.83078,2019,Radial Velocity,Calar Alto Observatory
HD 219828 b,4.59,,19.06970442,Msini,0.049,1.56,73.114,2007,Radial Velocity,La Silla Observatory
Kepler-835 b,2.79,0.54,8.2,M-R relationship,0.107,1.11,2406.33,2016,Transit,Kepler
Kepler-1666 c,3.23564749,,10.5,M-R relationship,0.2383,1.14586,1379.37,2020,Transit,Kepler
Kepler-1143 b,1.67,0.13,3.43,M-R relationship,0.0371,0.77,555.189,2016,Transit,Kepler
KOI-4777.01,0.51,0.03,99.2,Mass,0.008,0.4,172.245,2022,Transit,Kepler
Kepler-79 d,7.15,0.2,5.3,Mass,0.2937,1.316,1020.72,2014,Transit,Kepler
Kepler-190 b,1.56,0.11,3.05,M-R relationship,0.03,0.795,433.387,2014,Transit,Kepler
NGTS-17 b,13.89913607,1.23298788,242.82090295,Mass,0.0391,1.337,1040.28,2021,Transit,Next-Generation Transit Survey (NGTS)
Kepler-354 c,1.31,0.42,2.27,M-R relationship,0.115,0.674,554.064,2014,Transit,Kepler
TIC 198190129 b,2.92284949,0.21251203,8.87,M-R relationship,,0.640675,130.035,2026,Transit,Transiting Exoplanet Survey Satellite (TESS)
Kepler-1933 b,1.17984089,,1.76,M-R relationship,0.05605,1.008,328.007,2021,Transit,Kepler
OGLE-2014-BLG-0676L b,13.1,,988.44634577,Mass,2.04,,1880.0,2016,Microlensing,OGLE
Kepler-1041 b,2.94,0.62,8.96,M-R relationship,0.1688,1.08,1485.82,2016,Transit,Kepler
KIC 10525077 b,5.5,0.9,25.9,M-R relationship,,1.01,1461.15,2015,Transit,Kepler
K2-70 b,2.89,0.47,8.7,M-R relationship,0.1112,0.93,232.964,2016,Transit,K2
TOI-5704 b,3.2274,0.1873,10.5,M-R relationship,,0.7575,89.637,2023,Transit,Transiting Exoplanet Survey Satellite (TESS)
HATS-4 b,11.433,0.415,420.471,Mass,0.0362,0.925,416.459,2014,Transit,HATSouth
Kepler-121 b,2.34,1.27,6.08,M-R relationship,0.039,0.701,510.523,2014,Transit,Kepler
HD 163607 b,13.9,,249.051588,Msini,0.362,1.76,67.7855,2012,Radial Velocity,W. M. Keck Observatory
TOI-1453 b,1.173,0.059,2.32,Mass,,0.72,78.7415,2025,Transit,Transiting Exoplanet Survey Satellite (TESS)
Kepler-395 c,1.32,0.09,2.3,M-R relationship,0.177,0.556,421.382,2014,Transit,Kepler
Kepler-1965 b,1.35415138,,2.4,M-R relationship,0.22971,0.837,521.791,2021,Transit,Kepler
DMPP-8 b,10.8,,81.09,Msini,0.3098,1.24,76.1335,2026,Radial Velocity,Multiple Observatories
Kepler-501 b,4.3,0.69,17.1,M-R relationship,0.0627,1.04,1125.24,2016,Transit,Kepler
TOI-892 b,11.99363,0.22418,301.9385,Mass,0.092,1.39,340.543,2020,Transit,Transiting Exoplanet Survey Satellite (TESS)
Kepler-1898 b,0.93353523,,0.76,M-R relationship,0.05063,1.125,360.921,2021,Transit,Kepler
Kepler-1274 b,1.42,0.1,2.6,M-R relationship,0.08161,2.17,614.648,2016,Transit,Kepler
G 9-40 b,1.9,0.065,4.0,Mass,0.0418,0.3026,27.9276,2019,Transit,K2
K2-46 b,2.05,0.24,4.86,M-R relationship,0.13821,1.29,449.237,2016,Transit,K2
K2-199 c,2.85,0.1,12.4,Mass,0.0662,0.682,107.518,2018,Transit,K2
TOI-2005 b,11.99360935,0.67253884,2034.1018048,Mass,0.16,2.02,328.475,2025,Transit,Transiting Exoplanet Survey Satellite (TESS)
Kepler-1065 b,3.73,0.64,13.4,M-R relationship,0.0455,0.93,1122.48,2016,Transit,Kepler
TOI-7394 B b,11.5,0.69,668.74,Mass,0.01913,0.609,189.986,2026,Transit,Transiting Exoplanet Survey Satellite (TESS)
TOI-5811 B b,21.96960217,2.01761653,257.44100967,Mass,0.0731,3.73,170.135,2026,Transit,Multiple Observatories
HD 112300 b,12.2,,5031.22368281,Msini,1.33,65.8,62.07324,2023,Radial Velocity,Bohyunsan Optical Astronomical Observatory
TOI-5614 b,3.21759316,0.36584065,10.4,M-R relationship,,0.734919,223.016,2026,Transit,Transiting Exoplanet Survey Satellite (TESS)
Kepler-793 b,1.37,0.28,2.45,M-R relationship,0.0491,0.97,985.699,2016,Transit,Kepler
Kepler-307 c,2.2,0.07,3.64,Mass,0.10896,0.814,575.581,2013,Transit,Kepler
Kepler-613 b,2.29,0.4,5.86,M-R relationship,0.1232,0.96,861.494,2016,Transit,Kepler
K2-138 g,3.013,0.303,4.32,Mass,0.23109,0.863,202.585,2021,Transit,K2
HD 128311 b,13.5,,562.24127,Msini,1.084,0.76,16.3292,2002,Radial Velocity,W. M. Keck Observatory
Kepler-20 b,1.773,0.053,9.7,Mass,0.04565,0.9164,282.563,2011,Transit,Kepler
Kepler-1634 b,3.19,0.52,10.3,M-R relationship,1.0525,0.89,617.339,2016,Transit,Kepler
Kepler-445 d,1.25,0.19,2.1,M-R relationship,0.0439,0.21,127.201,2015,Transit,Kepler
Kepler-1701 b,2.22186207,,5.57,M-R relationship,0.5738,0.840217,584.142,2020,Transit,Kepler
Kepler-1835 b,3.53387773,,12.2,M-R relationship,0.0997,0.961,1404.38,2021,Transit,Kepler
Kepler-1024 b,3.91,0.27,14.5,M-R relationship,0.3033,0.78,1087.4,2016,Transit,Kepler
Kepler-1545 b,2.7,0.22,7.75,M-R relationship,0.5442,0.8,729.964,2016,Transit,Kepler
Kepler-1774 b,3.18179549,,10.2,M-R relationship,0.29496,1.122,816.592,2021,Transit,Kepler
KOBE-1 b,2.91,,8.8,Msini,0.07006,0.619,23.9718,2025,Radial Velocity,Calar Alto Observatory
Kepler-1852 b,1.88610592,,4.22,M-R relationship,0.0762,0.826,772.481,2021,Transit,Kepler
Kepler-1196 b,2.23,0.37,5.6,M-R relationship,0.3179,0.97,922.333,2016,Transit,Kepler
TOI-1221 b,2.91,0.13,1112.3994245,Mass,0.387,1.031,138.411,2023,Transit,Transiting Exoplanet Survey Satellite (TESS)
Kepler-324 c,3.15,0.33,6.2,Mass,0.26,0.84,501.574,2014,Transit,Kepler
Kepler-1122 b,2.04,0.27,4.82,M-R relationship,0.2315,0.89,1230.42,2016,Transit,Kepler
Kepler-1826 b,1.47519116,,2.78,M-R relationship,0.0213,0.486,336.952,2021,Transit,Kepler
HD 134606 c,3.37,,11.31,Msini,0.3007,1.158,26.7909,2024,Radial Velocity,Multiple Observatories
TIC 150070085 b,3.62,0.21,12.8,M-R relationship,,1.086,204.368,2026,Transit,Transiting Exoplanet Survey Satellite (TESS)
HIP 75092 b,13.5,,568.91284853,Msini,2.02,4.53,81.6696,2021,Radial Velocity,Multiple Observatories
Kepler-828 b,1.51,0.08,2.89,M-R relationship,0.01228,0.77,575.322,2016,Transit,Kepler
CoRoT-8 b,6.39,0.22,69.92,Mass,0.063,0.77,322.037,2010,Transit,CoRoT
HD 39091 b,12.3,,4481.3805387,Mass,3.28,1.17,18.2702,2001,Radial Velocity,Anglo-Australian Telescope
K2-136 b,1.014,0.05,4.3,Mass,0.0707,0.677,59.2474,2017,Transit,K2
K2-136 c,3.0,0.13,18.1,Mass,0.1185,0.677,59.2474,2017,Transit,K2
K2-136 d,1.565,0.077,3.0,Mass,0.1538,0.677,59.2474,2017,Transit,K2
pi Men c,2.0189,0.0465,3.63,Mass,0.06839,1.17,18.2702,2018,Transit,Transiting Exoplanet Survey Satellite (TESS)
LHS 1815 b,1.088,0.064,1.58,Mass,0.0404,0.501,29.8424,2020,Transit,Transiting Exoplanet Survey Satellite (TESS)
HIP 67522 b,9.9872018,0.23538859,71.4,M-R relationship,0.0748,1.38,127.28,2020,Transit,Transiting Exoplanet Survey Satellite (TESS)
HD 5278 b,2.45,0.05,7.8,Mass,0.1202,1.194,57.5846,2021,Transit,Transiting Exoplanet Survey Satellite (TESS)
HD 5278 c,4.49,,18.4,Msini,0.2416,1.194,57.5846,2021,Radial Velocity,Paranal Observatory
TOI-1062 b,2.265,0.096,10.15,Mass,0.052,0.84,82.1733,2021,Transit,Transiting Exoplanet Survey Satellite (TESS)
TOI-1062 c,3.1,,9.78,Msini,0.08,0.84,82.1733,2021,Radial Velocity,La Silla Observatory
TOI-2285 b,1.77,0.12,19.5,Mass,0.1363,0.464,42.409,2021,Transit,Transiting Exoplanet Survey Satellite (TESS)
TOI-2109 b,15.098497,0.52682209,1595.49860314,Mass,0.01791,1.698,262.041,2021,Transit,Transiting Exoplanet Survey Satellite (TESS)
pi Men d,3.72,,13.38,Msini,0.506,1.19,18.2702,2022,Radial Velocity,La Silla Observatory
TOI-1107 b,14.57167491,0.56044903,1064.72516345,Mass,0.0561,1.81,281.314,2022,Transit,Transiting Exoplanet Survey Satellite (TESS)
TOI-707 b,2.416,0.098,6.42,M-R relationship,0.275,0.978,130.959,2026,Transit,Transiting Exoplanet Survey Satellite (TESS)
TOI-907.01,9.6158851,0.6116279,67.0,M-R relationship,0.055225481,2.059789,312.529,2024,Transit,Transiting Exoplanet Survey Satellite (TESS)
LHS 475 b,0.991,0.05,0.941,M-R relationship,0.02037,0.2789,12.4814,2023,Transit,Transiting Exoplanet Survey Satellite (TESS)
TOI-912 b,1.93,0.13,5.1,Mass,0.041,0.419,26.1072,2025,Transit,Transiting Exoplanet Survey Satellite (TESS)
TOI-913 b,2.4528,0.1269,6.59,M-R relationship,,0.7325,65.1769,2023,Transit,Transiting Exoplanet Survey Satellite (TESS)
TOI-1105 b,3.05823658,0.96295513,9.58,M-R relationship,,0.755833,79.5225,2026,Transit,Transiting Exoplanet Survey Satellite (TESS)
TOI-1230.01,2.38627705,0.25461704,6.29,M-R relationship,,1.15281,143.138,2021,Transit,Transiting Exoplanet Survey Satellite (TESS)
TOI-2322 c,1.874,0.066,18.1,Mass,0.1362,0.662,59.861,2025,Transit,Transiting Exoplanet Survey Satellite (TESS)
TOI-2322 b,0.994,0.057,2.31,Mass,0.0924,0.662,59.861,2025,Transit,Transiting Exoplanet Survey Satellite (TESS)
TOI-3353.01,2.6667555,0.230776,7.59,M-R relationship,0.060118218,1.0207,78.7577,2024,Transit,Transiting Exoplanet Survey Satellite (TESS)
NGTS-26 b,14.88552637,0.66132986,92.80589484,Mass,0.049,1.16,1093.69,2024,Transit,Next-Generation Transit Survey (NGTS)
TIC 46432937 b,13.31626907,0.33626942,1017.0509024,Mass,0.02065,0.5299,90.5369,2024,Transit,Transiting Exoplanet Survey Satellite (TESS)
HIP 67522 c,7.93595834,0.3474784,48.3,M-R relationship,0.1228,1.38,127.28,2024,Transit,Transiting Exoplanet Survey Satellite (TESS)
Kepler-103 c,5.4539,0.177,58.47,Mass,0.6679,1.492,494.832,2014,Transit,Kepler
Kepler-546 b,7.0,1.93,39.1,M-R relationship,0.0502,1.15,1019.65,2016,Transit,Kepler
Kepler-103 b,3.4857,0.0567,11.67,Mass,0.133,1.492,494.832,2014,Transit,Kepler
Kepler-433 b,16.25,1.79,896.24,Mass,0.0679,2.26,1878.31,2015,Transit,Kepler
Kepler-1976 b,12.21,1.96,,Msini,0.0565,1.082,1314.51,2023,Transit Timing Variations,Kepler
Kepler-1157 b,1.09,0.04,1.32,M-R relationship,0.0448,0.71,342.144,2016,Transit,Kepler
Kepler-1610 b,1.61,0.19,3.22,M-R relationship,0.0777,0.87,864.331,2016,Transit,Kepler
Kepler-1245 c,1.44,0.13,2.67,M-R relationship,0.0372,0.83,805.936,2016,Transit,Kepler
Kepler-297 d,32.6,3.6,,Msini,0.523,0.897,692.14,2023,Transit,Kepler
Kepler-431 b,0.764,,0.37,M-R relationship,0.0719,1.092,486.546,2015,Transit,Kepler
DMPP-4 b,3.53,,12.2,Msini,0.04853,1.38,25.3284,2023,Radial Velocity,Multiple Observatories
Kepler-184 d,2.49,1.41,6.76,M-R relationship,0.179,0.873,610.326,2014,Transit,Kepler
Kepler-1140 b,2.77,0.45,8.1,M-R relationship,0.1478,0.73,656.48,2016,Transit,Kepler
TOI-1799 b,1.642,0.227,4.0,Mass,0.072502,0.957,62.1274,2024,Transit,Transiting Exoplanet Survey Satellite (TESS)
Kepler-1696 b,2.80982017,,8.29,M-R relationship,0.3244,1.19811,1506.36,2020,Transit,Kepler
Kepler-928 b,1.59,0.31,3.15,M-R relationship,0.0444,0.7,508.809,2016,Transit,Kepler
Kepler-153 c,2.53,1.52,6.94,M-R relationship,0.237,0.892,459.368,2014,Transit,Kepler
HD 73256 c,12.2,,5085.254512,Mass,3.8,0.944723,36.708,2023,Radial Velocity,La Silla Observatory
HD 175541 b,14.1,,190.06234,Msini,0.975,4.19,129.603,2007,Radial Velocity,W. M. Keck Observatory
HD 219134 g,3.28,,10.80622,Msini,0.3753,0.77,6.53127,2015,Radial Velocity,Multiple Observatories
Kepler-708 b,2.93,0.64,8.91,M-R relationship,0.0426,0.96,1394.22,2016,Transit,Kepler
WASP-54 b,17.71022,1.90553,187.5197,Mass,0.04988,1.76,251.303,2012,Transit,SuperWASP
K2-250 b,2.71257333,0.17934369,7.81,M-R relationship,0.04606,0.797,414.708,2018,Transit,K2
Kepler-1325 b,2.86,0.4,8.55,M-R relationship,0.2004,0.91,973.368,2016,Transit,Kepler
Kepler-703 b,8.2,3.71,51.1,M-R relationship,0.0535,1.27,1156.83,2016,Transit,Kepler
TOI-1533 c,7.5,,36.6,Mass,0.076,0.849,100.051,2026,Transit,Transiting Exoplanet Survey Satellite (TESS)
Kepler-957 b,5.5,0.29,25.9,M-R relationship,0.0559,0.75,824.688,2016,Transit,Kepler
TOI-3856 b,13.59649359,0.28022452,171.62733978,Mass,0.0325,1.055,314.443,2025,Transit,Transiting Exoplanet Survey Satellite (TESS)
Kepler-1740 b,3.32321414,,11.0,M-R relationship,0.0779,0.905,1061.77,2021,Transit,Kepler
Kepler-176 d,2.51,1.32,1.72,Mass,0.163,0.891,527.321,2014,Transit,Kepler
K2-150 b,2.0,0.27,4.66,M-R relationship,0.0727,0.436,102.483,2018,Transit,K2
Kepler-307 b,2.43,0.09,7.44,Mass,0.09359,0.814,575.581,2013,Transit,Kepler
Kepler-755 c,1.26,0.05,2.13,M-R relationship,0.037,0.77,399.034,2016,Transit,Kepler
Kepler-607 c,2.76001201,,8.05,M-R relationship,0.21507,0.888,519.122,2021,Transit,Kepler
TOI-540 b,0.903,0.052,0.674,M-R relationship,0.01223,0.1895,14.0022,2020,Transit,Transiting Exoplanet Survey Satellite (TESS)
K2-320 b,2.62,0.23,7.37,M-R relationship,0.0142,0.3,108.74,2020,Transit,K2
Kepler-1523 b,1.58,0.27,3.12,M-R relationship,0.01867,0.96,865.596,2016,Transit,Kepler
GJ 463 b,13.1,,1080.6165838,Mass,3.53,0.483,18.3554,2022,Radial Velocity,Multiple Observatories
Kepler-62 c,0.54,0.03,4.0,Mass,0.0929,0.64,300.874,2013,Transit,Kepler
HD 222582 b,12.6,,2660.2371,Msini,1.34,1.13,42.1586,1999,Radial Velocity,W. M. Keck Observatory
Kepler-210 c,3.62,0.19,12.8,M-R relationship,0.07,0.65,232.75,2014,Transit,Kepler
Kepler-1551 b,2.66,0.91,7.56,M-R relationship,0.1772,1.22,1463.72,2016,Transit,Kepler
TIC 188624430 b,3.64811843,0.288233,12.9,M-R relationship,,0.786574,300.743,2026,Transit,Transiting Exoplanet Survey Satellite (TESS)
Kepler-1174 b,1.59,0.31,3.15,M-R relationship,0.0732,1.04,1408.75,2016,Transit,Kepler
Kepler-269 c,1.69,0.8,3.5,M-R relationship,0.081,0.959,2257.32,2014,Transit,Kepler
Kepler-607 b,0.87,0.06,0.59,M-R relationship,0.0137,0.8,519.122,2016,Transit,Kepler
Kepler-1981 b,9.23,1.76,62.5,M-R relationship,1.3292,3.006,659.395,2023,Transit,Kepler
TOI-6041 c,10.5,,77.9,Msini,0.3721,0.879,72.4731,2025,Radial Velocity,Multiple Observatories
HD 109833 c,2.59,0.196,7.22,M-R relationship,,1.0,79.5561,2022,Transit,Transiting Exoplanet Survey Satellite (TESS)
Kepler-1082 b,1.12,0.18,1.46,M-R relationship,0.02571,1.14,739.557,2016,Transit,Kepler
Kepler-431 d,1.11,,1.41,M-R relationship,0.1045,1.092,486.546,2015,Transit,Kepler
WASP-170 b,12.285064,0.952765,508.528,Mass,0.0337,0.938,305.603,2018,Transit,SuperWASP-South
K2-74 b,2.31,0.19,5.95,M-R relationship,0.1402,0.98,377.822,2016,Transit,K2
TOI-1246 d,3.43139739,0.14960553,5.4,Mass,0.132,0.8649,169.422,2022,Transit,Transiting Exoplanet Survey Satellite (TESS)
Kepler-372 d,1.69,0.73,3.5,M-R relationship,0.201,1.137,1493.95,2014,Transit,Kepler
HD 25723 b,13.3,,794.5710175,Msini,1.49,13.76,114.816,2020,Radial Velocity,Lick Observatory
TOI-7155 b,2.40821473,0.34326283,6.38,M-R relationship,,0.670748,144.751,2026,Transit,Transiting Exoplanet Survey Satellite (TESS)
Kepler-84 b,2.23,0.1,40.0,Mass,0.0827,1.43,1023.9,2012,Transit,Kepler
Kepler-1555 b,1.61,0.46,3.22,M-R relationship,0.0805,1.06,2013.27,2016,Transit,Kepler
Kepler-1725 b,2.8125177,,8.31,M-R relationship,0.13263,1.085,558.652,2021,Transit,Kepler
TOI-2104 b,1.52898127,0.13889258,2.95,M-R relationship,,0.723757,76.7418,2026,Transit,Transiting Exoplanet Survey Satellite (TESS)
Kepler-120 b,2.15,0.17,8.5,Mass,0.055,0.534,388.63,2014,Transit,Kepler
Kepler-627 b,3.73,1.6,13.4,M-R relationship,0.22661,1.49,984.307,2016,Transit,Kepler
Kepler-1326 b,4.18,1.51,16.3,M-R relationship,0.2743,1.74,698.326,2016,Transit,Kepler
TOI-1184 b,2.39,0.25,6.8,Mass,0.056027,0.69,58.5946,2024,Transit,Transiting Exoplanet Survey Satellite (TESS)
G 192-15 b,1.02,,1.03,Msini,0.01723,0.170718,9.53114,2025,Radial Velocity,Calar Alto Observatory
HATS-61 b,13.394755,0.751003,1080.622,Mass,0.07908,1.664,679.761,2018,Transit,HATSouth
Kepler-684 b,3.36,0.3,11.2,M-R relationship,0.064,0.86,1731.27,2016,Transit,Kepler
WASP-159 b,15.46842,1.00881,174.8065,Mass,0.0538,2.11,715.383,2018,Transit,SuperWASP-South
K2-26 b,2.67,0.46,7.61,M-R relationship,0.0962,0.52,99.0504,2016,Transit,K2
TIC 9344899 b,9.16,0.4,6170.0,Mass,0.0815,1.06,532.228,2026,Transit,Transiting Exoplanet Survey Satellite (TESS)
WASP-194 b,15.47960235,0.9863903,373.13054982,Mass,0.047,1.409,476.831,2025,Transit,SuperWASP
Kepler-1956 b,1.08940238,,1.32,M-R relationship,0.0563,0.682,360.468,2021,Transit,Kepler
K2-335 b,2.21,0.18,5.52,M-R relationship,,1.33,557.993,2021,Transit,K2
Kepler-352 c,1.24,0.1,2.07,M-R relationship,0.118,0.781,252.733,2014,Transit,Kepler
Kepler-1175 b,2.99,0.27,9.22,M-R relationship,0.2181,0.86,1121.89,2016,Transit,Kepler
TOI-2453 b,3.24380341,0.29909721,10.6,M-R relationship,,0.502498,81.9043,2026,Transit,Transiting Exoplanet Survey Satellite (TESS)
TOI-3523 A b,15.9727975,0.41473229,435.42491759,Mass,0.03559,1.448,645.294,2025,Transit,Transiting Exoplanet Survey Satellite (TESS)
Kepler-1586 b,1.52,0.65,2.92,M-R relationship,0.12208,1.75,552.55,2016,Transit,Kepler
Kepler-30 b,3.9,0.2,11.3,Mass,0.18,0.95,914.221,2012,Transit,Kepler
Kepler-1285 b,0.97,0.1,0.871,M-R relationship,0.12758,1.28,422.269,2016,Transit,Kepler
NGTS-10 b,13.89913607,0.56044903,687.14846,Mass,0.0143,0.7,324.69865036,2020,Transit,Next-Generation Transit Survey (NGTS)
TOI-6158 b,10.4,2.7,135.0,Mass,0.03275,0.476,180.96,2026,Transit,Transiting Exoplanet Survey Satellite (TESS)
Kepler-361 c,2.52,0.48,6.9,M-R relationship,0.3,1.343,930.32,2014,Transit,Kepler
TOI-5728 b,1.31,0.05,2.27,M-R relationship,,0.37,54.7045,2025,Transit,Transiting Exoplanet Survey Satellite (TESS)
Kepler-568 b,2.26,0.08,5.73,M-R relationship,0.0794,0.53,130.645,2016,Transit,Kepler
Kepler-1923 b,1.95958179,,4.5,M-R relationship,0.2846,1.294,990.838,2021,Transit,Kepler
Kepler-1208 b,2.32,0.19,5.99,M-R relationship,0.0901,0.76,825.176,2016,Transit,Kepler
Kepler-406 c,0.85,0.03,2.71,Mass,0.05531,1.07,364.03,2014,Transit,Kepler
Kepler-1910 b,1.184,,1.78,M-R relationship,0.0536,0.639,,2021,Transit,Kepler
Kepler-1655 b,2.213,0.082,5.4,Mass,0.1029,1.03,213.26,2018,Transit,Kepler
HD 191939 g,3.74,,13.5,Msini,0.812,0.94,53.6089,2022,Radial Velocity,Multiple Observatories
HD 87816 c,12.4,,3877.5065654,Msini,10.14,9.0,133.233,2025,Radial Velocity,La Silla Observatory
Kepler-185 c,2.02,1.17,4.74,M-R relationship,0.139,0.806,466.735,2014,Transit,Kepler
Kepler-738 b,2.5,0.2,6.8,M-R relationship,0.1552,0.82,1113.65,2016,Transit,Kepler
TOI-1883 b,5.65,0.24,13.7,Mass,0.0423,0.506,115.369,2024,Transit,Transiting Exoplanet Survey Satellite (TESS)
Kepler-658 b,1.63,0.06,3.29,M-R relationship,0.0188,0.6,388.384,2016,Transit,Kepler
HD 235088 b,1.982,0.072,4.15,Mass,0.0706,0.772,41.1706,2023,Transit,Transiting Exoplanet Survey Satellite (TESS)
Kepler-93 b,1.478,0.019,4.66,Mass,0.05343,0.919,95.9115,2014,Transit,Kepler
Kepler-596 b,3.46,1.63,11.8,M-R relationship,0.15161,1.32,1023.85,2016,Transit,Kepler
K2-174 b,2.6,0.1,7.27,M-R relationship,0.126,0.676,99.9293,2018,Transit,K2
Kepler-1357 b,1.28,0.2,2.18,M-R relationship,0.041,0.9,1015.69,2016,Transit,Kepler
Kepler-1807 b,2.70393215,,7.77,M-R relationship,0.0988,1.496,1299.32,2021,Transit,Kepler
GJ 3378 b,1.32,,2.3,Msini,0.09673,0.275,7.72274,2026,Radial Velocity,Mauna Kea Observatory
Kepler-256 b,1.59,0.39,3.15,M-R relationship,0.027,1.301,1026.43,2014,Transit,Kepler
NGTS-31 b,18.04645893,1.79343691,355.96781584,Mass,0.064,1.7,497.376,2025,Transit,Transiting Exoplanet Survey Satellite (TESS)
TOI-2525 c,10.13291855,0.11208981,208.8132634,Mass,0.249,0.785,395.398,2023,Transit,Transiting Exoplanet Survey Satellite (TESS)
Kepler-574 b,2.39,0.33,6.3,M-R relationship,0.0723,0.91,682.896,2016,Transit,Kepler
Kepler-1062 b,1.76,0.09,3.75,M-R relationship,0.0748,0.7,397.455,2016,Transit,Kepler
HD 28185 c,12.8,,1906.970442,Mass,8.5,1.048,39.3809,2022,Radial Velocity,Multiple Observatories
Kepler-725 c,3.08,,9.7,Mass,0.6744,0.88,758.469,2025,Transit Timing Variations,Kepler
K2-317 b,2.93,0.19,8.91,M-R relationship,0.0542,0.379,176.291,2020,Transit,K2
Kepler-1375 b,1.74,0.68,3.68,M-R relationship,0.0471,1.78,1430.84,2016,Transit,Kepler
TOI-6478 b,4.6,0.24,19.2,M-R relationship,0.1136,0.234,38.6057,2025,Transit,Transiting Exoplanet Survey Satellite (TESS)
Kepler-1338 b,0.92,0.19,0.721,M-R relationship,0.01937,1.05,753.26,2016,Transit,Kepler
WASP-59 b,8.687,0.762,274.276,Mass,0.0697,0.613,115.936,2012,Transit,SuperWASP
K2-63 c,3.9,1.2,14.5,M-R relationship,0.189,1.63,517.534,2016,Transit,K2
KOI-4978 b,0.7,0.1,0.271,M-R relationship,,0.966,936.341,2024,Transit,Kepler
Kepler-1539 b,2.7,0.19,7.75,M-R relationship,0.4765,0.8,748.326,2016,Transit,Kepler
Kepler-614 b,2.39,0.2,6.3,M-R relationship,0.1027,0.81,527.995,2016,Transit,Kepler
Kepler-257 c,5.41,2.72,25.2,M-R relationship,0.066,1.037,780.256,2014,Transit,Kepler
TOI-5398 b,10.3,0.4,58.7,Mass,0.098,1.051,130.855,2022,Transit,Transiting Exoplanet Survey Satellite (TESS)
TOI-1820 b,12.778238,0.22417961,731.0053361,Mass,0.061,1.51,248.504,2022,Transit,Transiting Exoplanet Survey Satellite (TESS)
Kepler-1220 b,1.52,0.33,2.92,M-R relationship,0.0734,0.99,961.907,2016,Transit,Kepler
TOI-938 b,4.82401567,0.35034925,20.8,M-R relationship,,0.985134,215.034,2026,Transit,Transiting Exoplanet Survey Satellite (TESS)
Kepler-192 d,1.02,0.1,1.04,M-R relationship,0.0686,0.94,651.674,2016,Transit,Kepler
Kepler-825 b,1.53,0.39,2.96,M-R relationship,0.0453,1.08,807.85,2016,Transit,Kepler
Kepler-1414 b,1.23,0.09,2.04,M-R relationship,0.0426,0.75,570.835,2016,Transit,Kepler
HD 86950 b,13.0,,1144.188,Msini,2.72,8.8,209.839,2016,Radial Velocity,Multiple Observatories
Kepler-1150 b,1.02,0.06,1.04,M-R relationship,0.0382,0.72,358.518,2016,Transit,Kepler
Kepler-1765 b,2.49508857,,6.78,M-R relationship,0.0917,1.064,764.456,2021,Transit,Kepler
Kepler-831 b,1.27,0.1,2.15,M-R relationship,0.05984,0.97,593.54,2016,Transit,Kepler
K2-257 b,0.83,0.06,0.498,M-R relationship,0.0216,0.5,64.0065,2018,Transit,K2
Kepler-27 d,2.7061946,,7.78,M-R relationship,0.06578,0.817,1044.36,2021,Transit,Kepler
HIP 29442 d,1.538,0.049,5.14,Mass,0.0673,0.98,68.192,2023,Radial Velocity,Paranal Observatory
Kepler-196 b,1.9,0.15,4.27,M-R relationship,0.138,0.782,451.312,2014,Transit,Kepler
Kepler-806 b,1.14,0.33,1.55,M-R relationship,0.07684,1.16,361.896,2016,Transit,Kepler
Kepler-1854 b,2.58746104,,7.21,M-R relationship,0.20894,0.759,423.348,2021,Transit,Kepler
TOI-5624 b,2.314,0.035,9.4,Mass,0.04201,0.82,101.913,2026,Transit,Transiting Exoplanet Survey Satellite (TESS)
Kepler-739 b,3.32,0.49,11.0,M-R relationship,0.1054,0.9,1370.65,2016,Transit,Kepler
HD 204313 b,12.9,,1466.7780983,Mass,3.185,1.1,47.7945,2010,Radial Velocity,La Silla Observatory
Kepler-129 d,12.6,,2637.9757781,Msini,4.0,1.653,408.845,2021,Radial Velocity,W. M. Keck Observatory
Kepler-389 c,1.46,0.75,2.73,M-R relationship,0.11,0.792,816.559,2014,Transit,Kepler
K2-158 c,1.28,0.13,2.18,M-R relationship,0.0622,0.95,197.299,2018,Transit,K2
Kepler-864 c,1.62,0.47,3.26,M-R relationship,0.0382,1.195,2022.9,2023,Transit,Kepler
TOI-5800 b,2.46,0.18,9.5,Mass,0.0344,0.773,42.9052,2025,Transit,Transiting Exoplanet Survey Satellite (TESS)
TOI-2803 A b,18.11371281,0.38110534,309.88269682,Mass,0.03185,1.245,494.818,2023,Transit,Transiting Exoplanet Survey Satellite (TESS)
Kepler-1462 b,3.82,0.82,14.0,M-R relationship,0.3094,1.0,1017.82,2016,Transit,Kepler
HD 191939 b,3.41,0.075,10.0,Mass,0.0804,0.94,53.6089,2020,Transit,Transiting Exoplanet Survey Satellite (TESS)
HD 212771 b,13.3,,759.6137,Msini,1.19,5.27,111.155,2009,Radial Velocity,W. M. Keck Observatory
Kepler-1695 b,1.11948901,,1.46,M-R relationship,0.0529,0.987155,791.175,2020,Transit,Kepler
TOI-1782.02,1.839,0.234,4.04,M-R relationship,0.025739,0.669,95.2649,2024,Transit,Transiting Exoplanet Survey Satellite (TESS)
WASP-119 b,15.6926,2.2418,390.9309,Mass,0.0363,1.2,302.448,2016,Transit,SuperWASP-South
Kepler-893 b,3.03,0.52,9.43,M-R relationship,0.0699,0.99,1285.59,2016,Transit,Kepler
Kepler-1487 c,7.97,1.39,48.7,M-R relationship,0.2588,3.955,1014.62,2023,Transit,Kepler
KOI-7913 b,2.34,0.18,6.08,M-R relationship,0.1456,0.788,271.277,2022,Transit,Kepler
TOI-1472 c,3.334,0.08,21.13,Mass,0.116,0.84,121.84,2025,Radial Velocity,Multiple Observatories
Kepler-1239 b,2.9,0.37,8.75,M-R relationship,0.0625,1.57,2140.6,2016,Transit,Kepler
Kepler-1902 b,1.17563613,,1.74,M-R relationship,0.0385,0.514,344.337,2021,Transit,Kepler
Kepler-297 b,2.87,0.52,48.5,Mass,0.217,0.915,692.14,2014,Transit,Kepler
Kepler-351 d,2.72,0.19,7.85,M-R relationship,0.5177,0.78,1083.91,2016,Transit,Kepler
Kepler-789 b,2.12,0.42,5.14,M-R relationship,0.0951,1.02,1480.16,2016,Transit,Kepler
K2-279 b,1.21,0.14,1.92,M-R relationship,0.067,0.86,182.983,2018,Transit,K2
nu Oph c,12.0,,7838.32346,Mass,5.829,12.24,46.2107,2012,Radial Velocity,Okayama Astrophysical Observatory
KOI-1599.02,1.9,0.2,9.0,Mass,0.112293,0.972,1131.64,2019,Transit,Kepler
HD 109833 b,2.888,0.152,8.69,M-R relationship,,1.0,79.5561,2022,Transit,Transiting Exoplanet Survey Satellite (TESS)
HIP 71135 b,4.55,,18.8,Msini,0.335,0.681296,32.3311,2019,Radial Velocity,Las Campanas Observatory
K2-147 b,1.47286006,0.11096891,2.77,M-R relationship,0.01575,0.578,90.5494,2018,Transit,K2
Kepler-11 d,3.12,0.06,7.3,Mass,0.155,1.065,646.346,2010,Transit,Kepler
K2-131 b,1.69,0.085,7.9,Mass,0.00936,0.7595,152.509,2017,Transit,K2
Kepler-218 d,2.66,0.28,7.56,M-R relationship,0.49884,1.02,656.38,2016,Transit,Kepler
TOI-6054.01,2.64,0.15,12.5,Mass,0.0763,1.662,79.407,2024,Transit,Transiting Exoplanet Survey Satellite (TESS)
Kepler-1937 b,3.0229133,,9.39,M-R relationship,0.0915,1.196,905.069,2021,Transit,Kepler
HAT-P-56 b,16.92559,1.23299,734.1873,Mass,0.0423,1.47,320.639,2015,Transit,HATNet
HD 8574 b,13.4,,645.1949,Msini,0.76,1.38,44.8264,2002,Radial Velocity,Haute-Provence Observatory
HATS-71 b,11.478016,0.201762,117.5971,Mass,0.03745,0.4783,140.225,2020,Transit,HATSouth
K2-341 b,3.21,0.25,10.4,M-R relationship,,1.16,421.408,2021,Transit,K2
GJ 1061 b,1.04,,1.11,Mass,0.021,0.156,3.67278,2020,Radial Velocity,La Silla Observatory
Kepler-102 b,0.46,0.026,1.1,Mass,0.05521,0.724,107.796,2014,Transit,Kepler
Kepler-731 b,13.88,3.18,,Msini,0.0505,1.06,1257.16,2016,Transit,Kepler
K2-194 b,3.64229858,0.61766974,12.9,M-R relationship,,1.281115,629.51,2018,Transit,K2
Kepler-915 b,1.5,0.33,2.86,M-R relationship,0.05655,1.38,849.036,2016,Transit,Kepler
TIC 241249530 b,13.29385111,0.41473229,1582.78546686,Mass,0.641,1.397,324.448,2024,Transit,Transiting Exoplanet Survey Satellite (TESS)
TOI-5795 b,5.62,0.11,23.66,Mass,0.064,1.082,156.53,2025,Transit,Transiting Exoplanet Survey Satellite (TESS)
K2-196 b,3.59970536,0.60292183,12.6,M-R relationship,,1.538801,584.877,2018,Transit,K2
Kepler-1315 b,1.38,0.08,2.48,M-R relationship,0.01617,0.75,480.869,2016,Transit,Kepler
Kepler-93 c,,,954.0,Mass,,0.92,95.9115,2014,Radial Velocity,W. M. Keck Observatory
TOI-5599 b,7.1888212,0.57201675,40.9,M-R relationship,,1.91334,547.948,2026,Transit,Transiting Exoplanet Survey Satellite (TESS)
Kepler-1912 b,1.35670508,,2.41,M-R relationship,0.06489,0.962,297.017,2021,Transit,Kepler
TOI-1260 c,2.76,0.07,13.2,Mass,0.0657,0.672,73.5977,2021,Transit,Transiting Exoplanet Survey Satellite (TESS)
Kepler-306 e,2.27,0.15,5.77,M-R relationship,0.227,0.719,775.679,2014,Transit,Kepler
K2-396 b,1.579,0.114,3.12,M-R relationship,,0.92,274.864,2022,Transit,K2
HD 10442 b,13.6,,472.61321,Msini,2.01,1.97,135.374,2014,Radial Velocity,W. M. Keck Observatory
Kepler-198 c,2.47,0.37,6.66,M-R relationship,0.259,0.94,495.358,2014,Transit,Kepler
Kepler-129 b,2.4,0.04,20.0,Msini,0.13,1.653,408.845,2014,Transit,Kepler
Kepler-1549 b,2.57,0.22,7.13,M-R relationship,0.6687,0.84,803.052,2016,Transit,Kepler
HD 8326 b,9.58,,66.6,Msini,0.533,0.783181,30.6862,2019,Radial Velocity,Las Campanas Observatory
Kepler-1800 b,0.99679734,,0.961,M-R relationship,0.05098,2.506,350.455,2021,Transit,Kepler
TOI-1742 b,2.36507598,0.05691119,9.7,Mass,0.154,1.131,72.8871,2024,Transit,Transiting Exoplanet Survey Satellite (TESS)
BD+45 564 b,13.6,,432.24663352,Msini,0.83,0.813064,53.622,2021,Radial Velocity,Haute-Provence Observatory
HD 11343 c,13.9,,255.53403923,Msini,0.923,6.84,155.121,2022,Radial Velocity,Multiple Observatories
TOI-2295 b,16.47720163,9.52763359,278.09985612,Mass,0.1992,1.459,126.279,2024,Transit,Transiting Exoplanet Survey Satellite (TESS)
Kepler-656 c,1.41,0.38,2.57,M-R relationship,0.0602,0.954,890.352,2023,Transit,Kepler
Kepler-1941 b,2.64976949,,7.51,M-R relationship,0.2054,1.142,1494.39,2021,Transit,Kepler
Kepler-1311 d,9.65837605,,67.5,M-R relationship,0.68434,1.674,866.331,2021,Transit,Kepler
Kepler-1316 b,3.54,0.55,12.3,M-R relationship,0.39765,1.12,800.871,2016,Transit,Kepler
TOI-6954 b,3.63524486,0.31255602,12.8,M-R relationship,,0.947112,190.042,2026,Transit,Transiting Exoplanet Survey Satellite (TESS)
Kepler-256 d,2.48,0.63,6.71,M-R relationship,0.064,1.301,1026.43,2014,Transit,Kepler
K2-90 c,1.3,0.13,2.24,M-R relationship,0.035,0.634754,134.188,2016,Transit,K2
HD 11506 d,12.3,,4068.2036096,Mass,18.2,1.24,51.261,2022,Radial Velocity,Multiple Observatories
Kepler-1118 b,2.74,0.6,7.95,M-R relationship,0.2079,0.97,888.325,2016,Transit,Kepler
K2-247 c,2.19,0.25,5.43,M-R relationship,0.0615,0.69,258.113,2018,Transit,K2
K2-322 b,1.92,0.29,4.35,M-R relationship,0.0594,0.602,123.415,2020,Transit,K2
HD 141004 b,3.77,,13.63483866,Msini,0.1238,1.389372,11.8148,2021,Radial Velocity,Multiple Observatories
Kepler-168 c,2.69,1.21,7.7,M-R relationship,0.116,1.107,1343.6,2014,Transit,Kepler
Kepler-1515 b,9.55,0.77,66.2,M-R relationship,0.75235,1.41,539.321,2016,Transit,Kepler
TOI-4155 b,3.21,0.17,10.4,M-R relationship,,0.95,240.737,2025,Transit,Transiting Exoplanet Survey Satellite (TESS)
GJ 9689 b,3.07,,9.65,Msini,0.1139,0.57,30.6203,2020,Radial Velocity,Roque de los Muchachos Observatory
Kepler-169 d,1.25,0.09,2.1,M-R relationship,0.075,0.763,406.529,2014,Transit,Kepler
Kepler-191 d,2.28,0.16,5.82,M-R relationship,0.06104,0.8,594.464,2016,Transit,Kepler
K2-8 b,3.58,0.71,12.5,M-R relationship,0.0856,0.74,403.513,2015,Transit,K2
HATS-33 b,13.78707,1.255408,378.85336,Mass,0.03727,1.022,248.46,2016,Transit,HATSouth
Kepler-1464 b,1.66,0.29,3.39,M-R relationship,0.20066,1.01,1151.73,2016,Transit,Kepler
Kepler-805 b,2.89,0.13,8.7,M-R relationship,0.19852,1.65,638.49,2016,Transit,Kepler
17 Sco b,12.9,,1373.01871824,Msini,1.45,25.92,124.953,2020,Radial Velocity,Lick Observatory
Kepler-264 c,2.83,0.58,8.4,M-R relationship,0.566,1.55,942.173,2014,Transit,Kepler
HR 858 b,2.004,0.045,3.55,Mass,0.04888,1.258,31.964,2019,Transit,Transiting Exoplanet Survey Satellite (TESS)
Kepler-941 b,3.08,0.35,9.69,M-R relationship,0.1311,0.86,1088.36,2016,Transit,Kepler
Kepler-1832 b,1.22719556,,2.02,M-R relationship,0.037,0.722,486.174,2021,Transit,Kepler
TOI-833 b,1.27,0.07,2.15,M-R relationship,0.0171,0.6,41.7148,2022,Transit,Transiting Exoplanet Survey Satellite (TESS)
HD 38283 b,14.0,,127.132,Msini,1.02,1.49,38.0615,2010,Radial Velocity,Anglo-Australian Telescope
Kepler-341 b,1.18,0.62,1.76,M-R relationship,0.06,1.024,1047.03,2014,Transit,Kepler
TIC 153919886 b,2.70601108,0.28201647,7.78,M-R relationship,,0.591697,132.33,2026,Transit,Transiting Exoplanet Survey Satellite (TESS)
Kepler-1669 b,2.78043818,,8.15,M-R relationship,0.0745,0.714145,543.444,2020,Transit,Kepler
Kepler-295 c,1.17,0.62,1.71,M-R relationship,0.142,0.898,1699.19,2014,Transit,Kepler
NN Ser c,12.6,,2329.6,Mass,5.35,,515.818,2010,Eclipse Timing Variations,Multiple Observatories
Kepler-1802 b,1.671,,3.43,M-R relationship,0.0662,0.637,636.694,2021,Transit,Kepler
TOI-6008 b,1.03,0.05,4.0,Mass,0.010777,0.242,23.1008,2024,Transit,Transiting Exoplanet Survey Satellite (TESS)
Kepler-1437 b,1.37,0.17,2.45,M-R relationship,0.0951,0.9,2101.69,2016,Transit,Kepler
Kepler-330 b,1.35,0.53,2.39,M-R relationship,0.075,0.722,717.527,2014,Transit,Kepler
Kepler-100 c,2.2,0.05,7.05,Mass,0.11061,1.49,304.645,2014,Transit,Kepler
K2-377 b,1.693,0.146,3.51,M-R relationship,,0.691,195.149,2022,Transit,K2
Kepler-554 b,4.29,0.27,17.0,M-R relationship,0.03022,0.92,690.525,2016,Transit,Kepler
Kepler-208 e,1.48,0.28,2.79,M-R relationship,0.132,1.314,775.328,2014,Transit,Kepler
Kepler-1287 b,1.54,0.22,2.99,M-R relationship,0.0976,0.94,1003.26,2016,Transit,Kepler
Kepler-646 b,1.99,0.37,4.62,M-R relationship,0.11251,0.91,451.794,2016,Transit,Kepler
Kepler-1880 b,2.11686218,,5.13,M-R relationship,0.054,0.53,611.041,2021,Transit,Kepler
Kepler-587 b,2.23,0.64,5.6,M-R relationship,0.0952,0.89,787.894,2016,Transit,Kepler
EPIC 201238110 b,1.87,0.2,4.16,M-R relationship,,0.374,159.259,2019,Transit,K2
K2-240 c,1.8,0.3,3.89,M-R relationship,0.1159,0.54,72.9105,2018,Transit,K2
Kepler-1495 b,2.94,0.72,8.96,M-R relationship,0.3677,1.04,1355.54,2016,Transit,Kepler
Kepler-508 b,1.64,0.26,3.33,M-R relationship,0.17274,1.25,324.618,2016,Transit,Kepler
HD 191939 f,13.2,,915.34581216,Msini,3.71,0.94,53.6089,2022,Radial Velocity,W. M. Keck Observatory
HN Peg b,11.7768,1.52663,6991.57,Mass,773.0,1.006954,18.1186,2006,Imaging,Spitzer Space Telescope
K2-413 b,0.7599,0.0758,0.363,M-R relationship,0.0117,0.7,285.162,2022,Transit,K2
KOI-351 h,11.252,0.306,203.0,Mass,0.97062,1.185,848.254,2013,Transit,Kepler
HD 60779 c,5.79,,28.3,Msini,,1.129,35.4445,2026,Radial Velocity,Roque de los Muchachos Observatory
K2-19 c,4.1,0.2,11.0,Mass,0.0982,0.82,289.827,2015,Transit,K2
TOI-3160 A b,13.7646283,0.51561311,378.21580433,Mass,0.0505,1.346,567.678,2025,Transit,Transiting Exoplanet Survey Satellite (TESS)
Kepler-1333 b,2.81,0.4,8.3,M-R relationship,0.4382,0.92,932.446,2016,Transit,Kepler
Kepler-1715 b,4.14042267,,16.0,M-R relationship,0.22429,1.209,522.605,2021,Transit,Kepler
Kepler-1885 b,1.51110555,,2.89,M-R relationship,0.036,0.86,818.482,2021,Transit,Kepler
TOI-1803 c,4.29,0.08,8.0,Mass,0.097,0.715,119.24,2025,Transit,Transiting Exoplanet Survey Satellite (TESS)
Kepler-1116 b,2.54,0.54,6.99,M-R relationship,0.233,0.93,1008.57,2016,Transit,Kepler
Kepler-232 b,3.08,1.47,9.69,M-R relationship,0.054,0.968,1349.13,2014,Transit,Kepler
HD 141399 d,13.7,,375.0394,Msini,2.09,1.387236,37.0169,2014,Radial Velocity,Multiple Observatories
HIP 57274 b,,,3359.44626199,Mass,0.07,0.78,25.8618,2011,Radial Velocity,W. M. Keck Observatory
Kepler-398 d,0.88,0.03,0.615,M-R relationship,0.0618,0.67,177.355,2016,Transit,Kepler
HD 158259 b,1.28228,0.0665152,2.22,Msini,,1.21,27.0498,2020,Radial Velocity,Haute-Provence Observatory
Kepler-577 b,2.55,0.38,7.04,M-R relationship,0.1348,0.73,524.247,2016,Transit,Kepler
Kepler-953 b,4.21,0.37,16.5,M-R relationship,0.392,0.99,258.893,2016,Transit,Kepler
HD 124330 b,14.0,,238.37130525,Msini,0.86,1.30446,60.1977,2021,Radial Velocity,Haute-Provence Observatory
Kepler-1966 b,1.10479327,,1.39,M-R relationship,0.0763,0.84,484.601,2021,Transit,Kepler
Kepler-212 c,2.74,0.51,7.95,M-R relationship,0.207,1.455,687.194,2014,Transit,Kepler
HD 238914 b,12.8,,1906.98,Msini,5.7,12.73,519.452,2018,Radial Velocity,Multiple Observatories
Kepler-44 b,12.22,0.78,317.82,Mass,0.0446,1.35,1188.0,2011,Transit,Kepler
Kepler-158 b,2.12,0.36,5.14,M-R relationship,0.111,0.624,315.177,2014,Transit,Kepler
Kepler-1080 b,3.28,1.13,10.8,M-R relationship,0.3781,1.16,1382.82,2016,Transit,Kepler
Kepler-1228 b,1.54,0.11,2.99,M-R relationship,0.01186,0.74,515.453,2016,Transit,Kepler
TOI-5786 b,8.54,0.13,73.0,Mass,0.114,1.36,192.475,2025,Transit,Transiting Exoplanet Survey Satellite (TESS)
Kepler-1850 b,0.72909663,,0.313,M-R relationship,0.0206,0.6,250.199,2021,Transit,Kepler
75 Cet c,13.9,,289.85950718,Msini,3.929,10.38,82.9613,2023,Radial Velocity,Okayama Astrophysical Observatory
TOI-2345 b,1.504,0.047,3.49,Mass,0.01705,0.729,81.6541,2025,Transit,Transiting Exoplanet Survey Satellite (TESS)
DMPP-1 e,1.86,,4.13,Msini,0.0651,1.26,62.5388,2019,Radial Velocity,La Silla Observatory
Kepler-548 b,11.99,2.19,,Msini,0.0495,0.9,751.776,2016,Transit,Kepler
Kepler-260 c,1.74,0.54,3.68,M-R relationship,0.332,0.862,627.365,2014,Transit,Kepler
Kepler-1460 b,1.96,0.14,4.5,M-R relationship,0.1614,0.67,553.218,2016,Transit,Kepler
HD 133131 B b,13.3,,794.575,Msini,6.15,0.989538,51.2993,2016,Radial Velocity,Las Campanas Observatory
HD 158259 d,2.18,,5.41,Msini,,1.21,27.0498,2020,Radial Velocity,Haute-Provence Observatory
WASP-138 b,12.21781,0.56045,387.7526,Mass,0.0494,1.36,414.234,2016,Transit,SuperWASP
TOI-5181 A b,13.34989601,0.44835923,330.54154328,Mass,0.0522,1.53,480.155,2025,Transit,Transiting Exoplanet Survey Satellite (TESS)
Kepler-599 b,2.84,0.15,8.45,M-R relationship,0.1128,0.79,558.517,2016,Transit,Kepler
Kepler-158 d,0.43,0.05,0.0472,M-R relationship,,0.668,315.177,2024,Transit,Kepler
Kepler-575 b,2.39,0.52,6.3,M-R relationship,0.0788,0.95,853.977,2016,Transit,Kepler
EPIC 246851721 b,11.780659,0.493196,953.49,Mass,0.07229,1.586,372.632,2018,Transit,K2
HD 1461 b,2.42,,6.44,Msini,0.0634,1.152288,23.4534,2010,Radial Velocity,W. M. Keck Observatory
Kepler-1218 b,1.44,0.15,2.67,M-R relationship,0.15698,1.1,840.503,2016,Transit,Kepler
Kepler-1891 b,1.52139156,,2.93,M-R relationship,0.0473,0.827,596.24,2021,Transit,Kepler
Kepler-782 b,3.21,0.47,10.4,M-R relationship,0.54494,1.01,446.844,2016,Transit,Kepler
Kepler-330 c,1.95,0.72,4.46,M-R relationship,0.116,0.722,717.527,2014,Transit,Kepler
Kepler-987 b,3.26,0.16,10.7,M-R relationship,0.4238,0.91,914.126,2016,Transit,Kepler
Kepler-385 d,2.6186448,,7.36,M-R relationship,0.2872,1.157,1432.61,2020,Transit,Kepler
Kepler-115 c,2.6,0.5,7.27,M-R relationship,0.087,1.205,623.609,2014,Transit,Kepler
TOI-2120 b,2.122,0.065,6.8,Mass,0.0377,0.245,32.1755,2024,Transit,Transiting Exoplanet Survey Satellite (TESS)
K2-395 b,2.597,0.192,7.26,M-R relationship,,0.783,286.727,2022,Transit,K2
KOI-1833 d,2.58,0.23,11.02,Mass,0.0634,0.667,290.324,2021,Transit,Kepler
Kepler-734 b,3.56,0.14,12.4,M-R relationship,0.0583,0.78,1157.21,2016,Transit,Kepler
HD 104067 c,3.69,,13.2,Msini,0.1058,0.78,20.3632,2024,Radial Velocity,Multiple Observatories
Kepler-514 b,1.72,0.28,3.61,M-R relationship,0.06559,1.44,455.336,2016,Transit,Kepler
Kepler-1456 b,1.14,0.09,1.55,M-R relationship,0.1132,0.62,370.312,2016,Transit,Kepler
TOI-1411 b,1.19880592,0.04935874,2.0,Mass,0.02122,0.614,32.4778,2022,Transit,Transiting Exoplanet Survey Satellite (TESS)
Kepler-1614 b,1.49,0.12,2.83,M-R relationship,0.0471,0.76,1191.19,2016,Transit,Kepler
CoRoT-20 b,9.41556,0.44836,1366.669,Mass,0.09,1.02,844.061,2011,Transit,CoRoT
K2-187 d,2.4,0.3,6.35,M-R relationship,0.072,0.83,330.916,2018,Transit,K2
HD 44219 b,14.1,,184.34047606,Mass,1.26,1.32,52.9051,2010,Radial Velocity,La Silla Observatory
Kepler-142 c,2.86,0.55,8.55,M-R relationship,0.057,1.269,548.686,2014,Transit,Kepler
HD 72659 b,13.2,,949.67128012,Mass,4.607,1.36,51.8949,2002,Radial Velocity,W. M. Keck Observatory
Kepler-652 b,2.49,0.06,6.76,M-R relationship,0.04958,0.88,394.55,2016,Transit,Kepler
TOI-332 b,3.2,0.16,57.2,Mass,0.0159,0.87,222.852,2023,Transit,Transiting Exoplanet Survey Satellite (TESS)
K2-62 b,2.02,0.17,4.74,M-R relationship,0.0636,0.696,112.467,2016,Transit,K2
K2-380 b,2.729,0.186,7.89,M-R relationship,,1.32,249.303,2022,Transit,K2
Kepler-785 b,13.02,0.44,,Msini,0.025,0.71,642.051,2016,Transit,Kepler
K2-224 b,1.56,0.16,3.05,M-R relationship,0.0516,0.84,275.255,2018,Transit,K2
Kepler-1066 b,2.36,0.5,6.17,M-R relationship,0.0298,0.98,344.251,2016,Transit,Kepler
Kepler-1315 c,1.84398883,,4.06,M-R relationship,0.0635,0.856,480.869,2021,Transit,Kepler
TOI-375 d,13.6,,445.59542661,Msini,0.984,2.9,396.213,2026,Radial Velocity,Multiple Observatories
KIC 9663113 b,4.6,0.6,19.2,M-R relationship,1.55346,1.03,1594.74,2015,Transit,Kepler
NGTS-12 b,11.747032,0.358688,66.10864,Mass,0.0757,1.589,446.442,2020,Transit,Next-Generation Transit Survey (NGTS)
Kepler-1240 b,1.15,0.2,1.6,M-R relationship,0.05791,0.96,862.186,2016,Transit,Kepler
KIC 7917485 b,12.4,,3750.394,Msini,,2.009938,1382.89,2016,Pulsation Timing Variations,Kepler
HD 26161 b,11.9,,9045.39646322,Mass,10.087,1.455981,40.9128,2021,Radial Velocity,Multiple Observatories
Kepler-1323 b,1.52,0.33,2.92,M-R relationship,0.01911,1.4,465.417,2016,Transit,Kepler
TOI-2379 b,11.72459381,0.25780656,1830.69162432,Mass,0.05263,0.622,211.247,2024,Transit,Transiting Exoplanet Survey Satellite (TESS)
Kepler-657 b,3.52,0.69,12.2,M-R relationship,0.17337,1.01,1691.88,2016,Transit,Kepler
K2-198 c,1.423,0.081,2.61,M-R relationship,,0.757,110.567,2019,Transit,K2
HD 170469 b,14.1,,209.7678,Msini,2.24,1.24,60.178,2007,Radial Velocity,W. M. Keck Observatory
Kepler-139 d,1.695,0.061,2.0,Mass,0.0755533961,1.045,391.038,2023,Transit,Kepler
Kepler-1639 b,2.58,0.79,7.18,M-R relationship,0.0932,1.18,1031.31,2016,Transit,Kepler
TOI-2580 b,17.37392009,0.56044903,200.23189641,Mass,0.048,1.81,379.253,2024,Transit,Transiting Exoplanet Survey Satellite (TESS)
Kepler-1000 b,4.76,0.34,20.3,M-R relationship,0.5326,1.51,1115.62,2016,Transit,Kepler
TOI-2088 b,3.6831179,0.19277867,37.0,Mass,0.472,0.8481,126.46,2024,Transit,Transiting Exoplanet Survey Satellite (TESS)
HIP 98599 b,12.7,,2177.12458795,Mass,3.96,1.39484,75.9428,2026,Radial Velocity,Multiple Facilities
K2-154 b,1.99,0.21,4.62,M-R relationship,0.0405,0.63,129.356,2018,Transit,K2
Kepler-240 b,1.37,0.56,2.45,M-R relationship,0.048,0.739,746.927,2014,Transit,Kepler
HIP 38594 c,7.94,,48.4,Msini,3.805,0.626646,17.7886,2020,Radial Velocity,Multiple Observatories
Kepler-145 c,4.32,0.12,79.4,Mass,0.26244,1.85,566.85,2013,Transit,Kepler
Kepler-144 b,1.33,0.26,2.33,M-R relationship,0.066,1.235,384.917,2014,Transit,Kepler
TOI-1846 b,1.792,0.065,3.87,M-R relationship,0.03646,0.397,47.2496,2025,Transit,Transiting Exoplanet Survey Satellite (TESS)
Kepler-1957 b,0.94374867,,0.79,M-R relationship,0.0299,0.772,460.899,2021,Transit,Kepler
Kepler-219 b,2.95,0.49,9.01,M-R relationship,0.057,1.491,787.07,2014,Transit,Kepler
TIC 365102760 b,6.21,0.76,19.2,Mass,0.0622,3.13,555.546,2024,Transit,Transiting Exoplanet Survey Satellite (TESS)
Kepler-1153 b,1.73,0.21,3.64,M-R relationship,0.0277,0.88,1119.49,2016,Transit,Kepler
Kepler-327 b,1.11,0.05,1.41,M-R relationship,0.029,0.492,241.987,2014,Transit,Kepler
K2-72 b,1.08,0.11,1.28,M-R relationship,0.04,0.330989,66.4321,2016,Transit,K2
TOI-5126 c,3.86,0.17,14.2,M-R relationship,0.1439,1.241,160.414,2023,Transit,Transiting Exoplanet Survey Satellite (TESS)
Kepler-405 b,2.08,0.99,4.98,M-R relationship,0.095,0.893,1065.08,2014,Transit,Kepler
Kepler-451 d,13.5,,559.37799632,Msini,,0.203,396.332,2022,Eclipse Timing Variations,Multiple Observatories
Kepler-1421 b,0.93,0.2,0.749,M-R relationship,0.07576,1.42,783.401,2016,Transit,Kepler
K2-332 b,2.2,0.19,5.48,M-R relationship,,0.28,123.202,2021,Transit,K2
Kepler-1288 b,1.12,0.47,1.46,M-R relationship,0.04135,1.29,814.078,2016,Transit,Kepler
GJ 1151 c,3.25,,10.62,Msini,0.5714,0.1781,8.03625,2023,Radial Velocity,Multiple Facilities
Kepler-80 c,2.74,0.12,6.74,Mass,0.0792,0.678,369.451,2012,Transit,Kepler
Kepler-925 b,2.34,0.66,6.08,M-R relationship,0.1805,0.72,611.115,2016,Transit,Kepler
Kepler-194 d,2.4,1.26,6.35,M-R relationship,0.275,1.025,1097.97,2014,Transit,Kepler
Kepler-945 b,2.63,0.47,7.41,M-R relationship,0.2037,0.97,1651.25,2016,Transit,Kepler
HD 156846 b,12.4,,3391.2461,Msini,1.12,1.9,47.7332,2007,Radial Velocity,La Silla Observatory
TOI-2025 b,11.89272852,0.36989636,1144.1822652,Mass,0.0892,1.459,335.985,2022,Transit,Transiting Exoplanet Survey Satellite (TESS)
Kepler-1878 b,2.92019781,,8.86,M-R relationship,0.0521,0.865,1494.3,2021,Transit,Kepler
Kepler-1447 b,2.9,0.5,8.75,M-R relationship,0.2836,0.95,890.296,2016,Transit,Kepler
Kepler-1805 b,1.54502915,,3.0,M-R relationship,0.0699,0.552,221.639,2021,Transit,Kepler
HD 158259 f,2.35,,6.14,Msini,,1.21,27.0498,2020,Radial Velocity,Haute-Provence Observatory
TOI-261.01,3.0449863,0.2114907,9.51,M-R relationship,0.034792189,1.28018,114.495,2021,Transit,Transiting Exoplanet Survey Satellite (TESS)
Kepler-370 b,1.59,0.78,3.15,M-R relationship,0.054,0.9,1167.94,2014,Transit,Kepler
Kepler-956 b,3.0,0.78,9.27,M-R relationship,0.06017,1.15,544.939,2016,Transit,Kepler
HD 63433 b,2.14,0.087,21.755,Mass,0.072,0.934,22.4035,2020,Transit,Transiting Exoplanet Survey Satellite (TESS)
Kepler-1142 b,1.47,0.43,2.76,M-R relationship,0.1343,0.96,1273.51,2016,Transit,Kepler
Kepler-853 b,1.69,0.48,3.5,M-R relationship,0.079,1.55,568.676,2016,Transit,Kepler
Kepler-451 c,13.5,,511.70373527,Msini,,0.203,396.332,2022,Eclipse Timing Variations,Multiple Observatories
WISPIT 1 b,12.4,,3305.4154328,Mass,338.0,1.1161,230.007,2025,Imaging,Paranal Observatory
TOI-2529 b,11.54525012,0.56044903,743.71847238,Mass,0.327,1.7,296.271,2024,Transit,Transiting Exoplanet Survey Satellite (TESS)
KOI-1599.01,1.9,0.3,4.6,Mass,0.14728,0.972,1131.64,2019,Transit,Kepler
Kepler-1759 b,0.9037791,,0.676,M-R relationship,0.0429,0.797,385.348,2021,Transit,Kepler
Kepler-1215 b,1.22,0.18,1.98,M-R relationship,0.0528,0.93,661.022,2016,Transit,Kepler
Kepler-1733 b,3.63582354,,12.8,M-R relationship,0.0933,1.252,2080.51,2021,Transit,Kepler
Kepler-357 c,2.67,1.57,7.61,M-R relationship,0.12,0.834,688.573,2014,Transit,Kepler
Kepler-194 c,2.59,1.36,7.22,M-R relationship,0.131,1.025,1097.97,2014,Transit,Kepler
Kepler-1056 b,3.01,1.33,9.32,M-R relationship,0.1629,1.2,982.51,2016,Transit,Kepler
Kepler-1424 b,1.16,0.16,1.65,M-R relationship,0.19068,1.07,661.421,2016,Transit,Kepler
Kepler-1642 c,2.66,0.29,7.56,M-R relationship,0.0678,0.84,413.873,2016,Transit,Kepler
HD 164595 b,4.16,,16.14,Msini,0.23,1.023606,28.254,2015,Radial Velocity,Haute-Provence Observatory
K2-24 c,7.93,0.12,16.4,Mass,0.262,1.185,170.562,2016,Transit,K2
Kepler-235 d,2.05,0.1,4.86,M-R relationship,0.122,0.554,428.018,2014,Transit,Kepler
HD 97037 b,12.1,,6707.76852973,Mass,6.925,1.26356,32.413,2022,Radial Velocity,Multiple Observatories
Kepler-776 b,1.28,0.11,2.18,M-R relationship,0.0523,0.78,727.904,2016,Transit,Kepler
K2-352 b,1.37,0.1,2.45,M-R relationship,,0.95,176.051,2021,Transit,K2
TOI-3288 b,12.24020692,0.36989636,536.17652261,Mass,0.02285,0.672,200.5,2025,Transit,Transiting Exoplanet Survey Satellite (TESS)
Kepler-1420 b,1.28,0.14,2.18,M-R relationship,0.0671,0.79,1054.37,2016,Transit,Kepler
K2-333 b,6.18,0.28,31.6,M-R relationship,,1.22,343.99,2021,Transit,K2
Kepler-79 e,3.53,0.16,3.8,Mass,0.39445,1.316,1020.72,2014,Transit,Kepler
Kepler-20 d,2.606,0.053,13.4,Mass,0.3474,0.9164,282.563,2011,Transit,Kepler
DMPP-1 c,3.31,,10.94,Msini,0.0973,1.26,62.5388,2019,Radial Velocity,La Silla Observatory
Kepler-947 b,2.28,0.23,5.82,M-R relationship,0.1773,0.87,1730.78,2016,Transit,Kepler
Kepler-689 b,2.89,0.35,8.7,M-R relationship,0.1449,0.88,1131.73,2016,Transit,Kepler
NGC 2682 YBP 1194 b,12.3,,101.7056,Msini,,0.99,872.92,2014,Radial Velocity,Multiple Observatories
HD 211970 b,3.66,,13.0,Msini,0.143,0.574175,13.1277,2019,Radial Velocity,Las Campanas Observatory
Kepler-336 c,2.1,0.37,5.06,M-R relationship,0.092,1.304,768.86,2014,Transit,Kepler
Kepler-423 b,13.361,0.583,189.101,Mass,0.03585,0.95,758.753,2014,Transit,Kepler
2M0437 b,13.0,,1271.313628,Mass,118.0,0.84,128.484,2021,Imaging,Subaru Telescope
Kepler-561 b,6.96,1.21,38.7,M-R relationship,0.29256,0.94,621.378,2016,Transit,Kepler
24 Boo b,13.9,,280.64248338,Msini,0.194,12.19,95.9863,2018,Radial Velocity,Okayama Astrophysical Observatory
HD 74156 c,12.5,,2753.98314665,Mass,3.678,1.510576,57.603,2003,Radial Velocity,Haute-Provence Observatory
Kepler-1365 c,0.8,0.12,0.437,M-R relationship,0.05701,1.05,840.128,2016,Transit,Kepler
HD 20003 c,3.89,,14.44,Msini,0.1964,0.921637,41.8316,2019,Radial Velocity,La Silla Observatory
Kepler-716 b,2.9,0.35,8.75,M-R relationship,0.08628,0.78,635.009,2016,Transit,Kepler
Kepler-411 c,4.421,0.062,26.4,Mass,0.0739,0.82,153.676,2016,Transit,Kepler
HD 134606 b,2.97,,9.09,Msini,0.1046,1.158,26.7909,2024,Radial Velocity,Multiple Observatories
K2-66 b,2.49,0.34,21.3,Mass,0.05983,1.67,513.877,2016,Transit,K2
TIC 437041147 b,2.21526814,0.32466894,5.54,M-R relationship,,0.961092,246.6,2026,Transit,Transiting Exoplanet Survey Satellite (TESS)
Kepler-583 b,2.28,0.29,5.82,M-R relationship,0.0689,0.91,867.271,2016,Transit,Kepler
Kepler-1649 c,1.06,0.15,1.2,M-R relationship,0.0649,0.2317,92.1913,2020,Transit,Kepler
WASP-57 b,11.76945,0.594077,204.68252,Mass,0.03769,0.927,398.276,2012,Transit,SuperWASP
Kepler-381 d,1.0667865,,1.23,M-R relationship,0.08364,2.188,267.323,2021,Transit,Kepler
TOI-1199 b,10.5140239,0.28022452,75.96098927,Mass,0.04988,1.45,248.427,2024,Transit,Transiting Exoplanet Survey Satellite (TESS)
TOI-4961 b,12.34108775,0.45956821,572.0911326,Mass,0.0726,0.912,213.073,2025,Transit,Transiting Exoplanet Survey Satellite (TESS)
Kepler-118 c,7.68,3.43,45.7,M-R relationship,0.141,1.094,574.228,2014,Transit,Kepler
Kepler-278 b,3.955,0.08,56.0,Mass,0.202,2.861,443.03,2014,Transit,Kepler
K2-268 e,1.33,0.11,2.33,M-R relationship,,0.78,327.783,2021,Transit,K2
Kepler-1254 d,1.31,0.09,2.27,M-R relationship,0.0575,0.75,622.818,2016,Transit,Kepler
HD 167768 b,13.9,,270.15414595,Msini,0.1512,9.7,107.214,2022,Radial Velocity,Okayama Astrophysical Observatory
TOI-1036 b,6.28499593,0.40458464,32.5,M-R relationship,,1.17554,184.015,2026,Transit,Transiting Exoplanet Survey Satellite (TESS)
EPIC 212424622 b,2.17,0.67,5.35,M-R relationship,,1.2247,611.804,2019,Transit,K2
Kepler-1915 b,3.21798413,,10.4,M-R relationship,0.114,1.057,1514.66,2021,Transit,Kepler
Kepler-1734 b,3.08851092,,9.74,M-R relationship,0.0714,0.97,1482.83,2021,Transit,Kepler
Kepler-960 b,2.29,0.07,5.86,M-R relationship,0.03807,0.72,284.916,2016,Transit,Kepler
HD 208897 b,13.7,,379.48711796,Msini,1.063,4.98,67.4872,2017,Radial Velocity,Multiple Observatories
Kepler-1386 b,1.24,0.38,2.07,M-R relationship,0.068,1.03,835.882,2016,Transit,Kepler
Kepler-1921 c,1.41,0.33,2.57,M-R relationship,0.0454,2.0,928.989,2023,Transit,Kepler
Kepler-1225 b,1.82,0.61,3.97,M-R relationship,0.0771,1.19,1347.52,2016,Transit,Kepler
Kepler-1708 b,9.96,0.6,1462.0106722,Mass,1.64,1.117,1666.69,2021,Transit,Kepler
HD 96700 b,2.93,,8.9,Msini,0.0777,1.16,25.4111,2021,Radial Velocity,La Silla Observatory
Kepler-208 b,1.63,0.3,3.29,M-R relationship,0.054,1.314,775.328,2014,Transit,Kepler
Kepler-1146 b,1.23,0.1,2.04,M-R relationship,0.0325,0.7,703.038,2016,Transit,Kepler
WASP-100 b,14.90797,1.56926,400.4658,Mass,0.04574,1.57,364.411,2014,Transit,SuperWASP
Kepler-1643 b,2.32,0.13,5.99,M-R relationship,0.0531,0.855,341.774,2016,Transit,Kepler
Kepler-215 d,2.39,0.55,23.6,Mass,0.185,1.027,485.997,2014,Transit,Kepler
EPIC 212737443 b,2.586,0.126,7.2,M-R relationship,0.098,0.673,336.25,2019,Transit,K2
TOI-2169 A b,12.50922246,0.41473229,329.58805806,Mass,0.0896,1.82,351.487,2025,Transit,Transiting Exoplanet Survey Satellite (TESS)
K2-259 b,2.32,0.2,5.99,M-R relationship,0.1271,1.13,416.457,2018,Transit,K2
Kepler-416 c,2.352,0.081,6.13,M-R relationship,0.10454,1.075,690.819,2014,Transit Timing Variations,Kepler
Kepler-401 c,2.15,0.4,5.27,M-R relationship,0.269,1.333,965.56,2014,Transit,Kepler
Kepler-888 b,1.76,0.08,3.75,M-R relationship,0.31481,0.9,420.817,2016,Transit,Kepler
Kepler-740 b,4.57,0.53,18.9,M-R relationship,0.0462,0.87,1442.02,2016,Transit,Kepler
Kepler-1673 b,2.9355194,,8.93,M-R relationship,0.21363,1.13166,727.187,2020,Transit,Kepler
Kepler-1322 c,2.15492527,,5.29,M-R relationship,0.0652,0.804,1350.32,2021,Transit,Kepler
Kepler-1211 b,2.55,0.42,7.04,M-R relationship,0.09763,0.94,1826.53,2016,Transit,Kepler
HIP 78530 b,12.0,,7300.0,Mass,740.0,2.10876,136.759,2010,Imaging,Gemini Observatory
Kepler-48 f,13.8,,298.5809968,Msini,5.719187877,0.836,306.738,2023,Radial Velocity,W. M. Keck Observatory
Kepler-1750 b,6.00434637,,30.1,M-R relationship,0.6785,0.969,1497.33,2021,Transit,Kepler
TOI-4308 b,2.4189,0.1195,6.43,M-R relationship,,0.7934,108.932,2023,Transit,Transiting Exoplanet Survey Satellite (TESS)
HD 18015 b,13.1,,1048.8337431,Mass,3.87,3.13,123.801,2018,Radial Velocity,W. M. Keck Observatory
TOI-1798.02,1.464,0.185,5.6,Mass,0.010789,0.78,113.181,2024,Transit,Transiting Exoplanet Survey Satellite (TESS)
Kepler-24 b,2.348,0.092,11.14,Mass,0.08045,1.099,1156.81,2011,Transit,Kepler
Kepler-1875 b,3.22686692,,10.5,M-R relationship,0.2039,0.862,1660.45,2021,Transit,Kepler
Kepler-1642 b,3.2,0.34,10.3,M-R relationship,0.1016,0.84,413.873,2016,Transit,Kepler
HD 33142 c,13.9,,282.86728223,Msini,1.955,4.17,121.375,2016,Radial Velocity,W. M. Keck Observatory
Kepler-864 b,2.4,0.63,6.35,M-R relationship,0.0687,1.0,2022.9,2016,Transit,Kepler
HD 181720 b,14.0,,127.132,Msini,1.85,1.5,60.2046,2009,Radial Velocity,La Silla Observatory
TOI-6677 b,5.83507112,0.48105878,28.7,M-R relationship,,1.57167,340.52,2026,Transit,Transiting Exoplanet Survey Satellite (TESS)
Kepler-1394 b,1.39,0.2,2.51,M-R relationship,0.05474,2.55,640.409,2016,Transit,Kepler
Kepler-1672 b,2.97022762,,9.11,M-R relationship,0.55374,1.08841,391.181,2020,Transit,Kepler
HD 331093 b,13.6,,476.7426105,Msini,1.44,1.1112,50.1928,2021,Radial Velocity,Haute-Provence Observatory
Kepler-58 d,2.94,1.4,245.343,Mass,0.236,1.127,969.252,2014,Transit,Kepler
Kepler-404 c,1.72,0.85,3.61,M-R relationship,0.118,0.884,812.524,2014,Transit,Kepler
Kepler-1254 b,1.55,0.09,3.02,M-R relationship,0.0833,0.75,622.818,2016,Transit,Kepler
HD 37124 d,14.0,,221.20968,Msini,2.807,0.949168,31.6634,2005,Radial Velocity,W. M. Keck Observatory
WASP-3 b,15.91678,1.90553,772.3269,Mass,0.0315,1.44,231.161,2007,Transit,SuperWASP
Kepler-1936 b,3.16615594,,10.2,M-R relationship,0.52662,1.854,871.096,2021,Transit,Kepler
Kepler-1615 b,2.06,0.48,4.9,M-R relationship,0.2788,1.05,1393.83,2016,Transit,Kepler
Kepler-327 d,1.73,0.1,3.64,M-R relationship,0.09,0.492,241.987,2014,Transit,Kepler
Kepler-1301 b,1.4,0.13,2.54,M-R relationship,0.0815,0.81,854.28,2016,Transit,Kepler
Kepler-784 c,1.55,0.24,3.02,M-R relationship,0.1309,1.487,1303.72,2023,Transit,Kepler
Kepler-1553 b,1.15,0.1,1.6,M-R relationship,0.0481,0.81,692.594,2016,Transit,Kepler
TOI-2227 b,3.09885187,0.25572292,9.79,M-R relationship,,1.20847,165.441,2026,Transit,Transiting Exoplanet Survey Satellite (TESS)
Kepler-1862 b,2.203,,5.49,M-R relationship,0.1199,0.806,1232.19,2021,Transit,Kepler
Kepler-990 b,2.6,0.65,7.27,M-R relationship,0.08595,1.08,802.163,2016,Transit,Kepler
Kepler-1537 b,1.18,0.06,1.76,M-R relationship,0.0245,0.77,517.292,2016,Transit,Kepler
HATS-28 b,13.383546,0.78463,213.58176,Mass,0.04131,0.922,535.383,2016,Transit,HATSouth
HR 858 d,2.001,0.063,7.1,Mass,0.1046,1.258,31.964,2019,Transit,Transiting Exoplanet Survey Satellite (TESS)
TOI-2193 A b,19.83989584,,298.75870258,Mass,0.03319,1.248,337.064,2022,Transit,Transiting Exoplanet Survey Satellite (TESS)
GJ 9773 b,14.2,,172.580825,Msini,2.921,0.362,15.9211,2025,Radial Velocity,Calar Alto Observatory
Kepler-1785 b,2.70422447,,7.77,M-R relationship,0.13917,0.996,745.74,2021,Transit,Kepler
Kepler-130 d,1.64,0.16,3.33,M-R relationship,0.377,1.127,316.663,2014,Transit,Kepler
HD 125136 b,13.3,,718.29219982,Msini,,5.39,121.257,2026,Radial Velocity,La Silla Observatory
HD 13808 c,3.13,,9.96,Msini,0.2554,0.781,28.2305,2021,Radial Velocity,La Silla Observatory
Kepler-340 b,2.53,0.6,6.94,M-R relationship,0.134,1.85,808.762,2014,Transit,Kepler
HD 125271 b,12.4,,3465.60094993,Mass,10.817,0.751364,39.3466,2022,Radial Velocity,Multiple Observatories
Kepler-1085 b,7.22,1.77,41.2,M-R relationship,0.73361,1.14,1364.53,2016,Transit,Kepler
Kepler-1404 b,2.01,0.14,4.7,M-R relationship,0.1143,0.8,962.183,2016,Transit,Kepler
K2-99 c,12.6,,2669.7586188,Msini,1.43,2.55,519.229,2022,Radial Velocity,Multiple Observatories
TOI-1728 b,5.05,0.16,26.78,Mass,0.0391,0.6243,60.798,2020,Transit,Transiting Exoplanet Survey Satellite (TESS)
HATS-74 A b,11.56766808,0.23538859,464.02947422,Mass,0.02384,0.5758,299.389,2021,Transit,HATSouth
Kepler-1207 b,1.62,0.51,3.26,M-R relationship,0.1156,1.06,1754.19,2016,Transit,Kepler
Kepler-1636 b,3.23,0.76,10.5,M-R relationship,1.12191,1.02,1947.54,2016,Transit,Kepler
Kepler-1267 b,3.01,0.95,9.32,M-R relationship,0.1057,1.2,1379.43,2016,Transit,Kepler
K2-73 c,13.0,,1142.0,Msini,,1.058,269.183,2025,Radial Velocity,W. M. Keck Observatory
Kepler-1795 b,1.66301611,,3.4,M-R relationship,0.1002,0.688,,2021,Transit,Kepler
K2-285 b,2.59,0.06,9.68,Mass,0.03817,0.787,154.961,2018,Transit,K2
WISPIT 1 c,12.8,,1684.4905571,Mass,840.0,1.1161,230.007,2025,Imaging,Paranal Observatory
TIC 349520724 b,2.82626313,0.431678,8.38,M-R relationship,,0.818771,241.105,2026,Transit,Transiting Exoplanet Survey Satellite (TESS)
LP 714-47 b,4.25,0.1,28.38,Mass,0.04056,0.536,52.616,2020,Transit,Transiting Exoplanet Survey Satellite (TESS)
Kepler-963 b,2.66,0.3,7.56,M-R relationship,0.0849,0.87,771.494,2016,Transit,Kepler
XO-2 S b,10.9,,82.63538582,Msini,0.1347,1.02,151.398,2014,Radial Velocity,Roque de los Muchachos Observatory
Kepler-1748 b,2.71275017,,7.81,M-R relationship,0.0615,0.864,1083.28,2021,Transit,Kepler
Kepler-336 d,2.37,0.48,6.21,M-R relationship,0.154,1.304,768.86,2014,Transit,Kepler
Kepler-712 b,3.41,0.14,11.5,M-R relationship,0.13615,0.78,872.493,2016,Transit,Kepler
TOI-4364 b,2.01,0.1,4.7,M-R relationship,0.04753,0.4684,43.9662,2025,Transit,Transiting Exoplanet Survey Satellite (TESS)
TOI-5628 A b,8.29464572,0.44835923,28.60455663,Mass,0.0368,0.35,110.03,2026,Transit,Transiting Exoplanet Survey Satellite (TESS)
EPIC 201427007 b,1.5,0.2,2.86,M-R relationship,,0.94,706.391,2021,Transit,K2
TOI-2992 b,13.75341932,0.50440413,1058.36859531,Mass,0.0434,1.545,542.026,2025,Transit,Transiting Exoplanet Survey Satellite (TESS)
K2-268 b,1.5,0.12,2.86,M-R relationship,0.0308,0.78,327.783,2018,Transit,K2
Kepler-1096 b,1.24,0.37,2.07,M-R relationship,0.034,0.63,377.976,2016,Transit,Kepler
TOI-615 b,18.97680433,0.582867,138.25535705,Mass,0.0678,1.732,360.408,2023,Transit,Transiting Exoplanet Survey Satellite (TESS)
HAT-P-28 b,13.585,1.267,198.953,Mass,0.0434,1.103,401.319,2011,Transit,HATNet
Kepler-667 b,4.73,0.39,20.1,M-R relationship,0.2288,0.87,2302.45,2016,Transit,Kepler
Kepler-557 b,2.67,0.8,7.61,M-R relationship,0.0469,1.16,2097.12,2016,Transit,Kepler
EPIC 206024342 d,2.6,0.9,7.27,M-R relationship,,1.1,369.888,2021,Transit,K2
rho CrB c,5.68,,27.442,Msini,0.4206,1.3617,17.4671,2016,Radial Velocity,Multiple Observatories
Kepler-483 b,3.21,0.68,10.4,M-R relationship,0.19471,1.47,860.355,2016,Transit,Kepler
HD 73534 b,13.7,,353.42696,Msini,2.99,2.58,83.3321,2008,Radial Velocity,W. M. Keck Observatory
HD 35843 b,2.29,,5.84,Msini,0.088,0.897,69.6026,2025,Radial Velocity,Paranal Observatory
Kepler-116 b,3.42,0.65,11.6,M-R relationship,0.069,1.454,955.168,2014,Transit,Kepler
HAT-P-62 b,12.02723629,0.32506044,241.86741773,Mass,0.03772,1.17,348.815,2021,Transit,HATNet
TOI-3896 b,3.14949237,0.25672878,10.1,M-R relationship,,0.747752,181.653,2026,Transit,Transiting Exoplanet Survey Satellite (TESS)
Kepler-443 b,2.33,0.19,6.04,M-R relationship,0.495,0.706,802.271,2015,Transit,Kepler
TOI-4504 d,11.26,0.54,643.0,Mass,0.2219,0.93,342.605,2024,Transit Timing Variations,Multiple Observatories
HD 150010 b,13.3,,762.7881768,Msini,1.4,16.2,144.49,2022,Radial Velocity,Bohyunsan Optical Astronomical Observatory
Kepler-552 b,3.95,0.82,14.8,M-R relationship,0.0612,1.04,843.689,2016,Transit,Kepler
TOI-2719 b,5.98,0.46,29.9,M-R relationship,,1.69,588.368,2025,Transit,Transiting Exoplanet Survey Satellite (TESS)
HD 23596 b,12.4,,3786.607641,Mass,2.694,1.53,52.0018,2003,Radial Velocity,Haute-Provence Observatory
K2-347 b,2.41,0.11,6.39,M-R relationship,,0.63,320.336,2021,Transit,K2
Kepler-812 b,3.55,1.35,12.3,M-R relationship,0.1024,1.71,1482.74,2016,Transit,Kepler
TOI-2266 b,1.54,0.09,2.99,M-R relationship,0.02,0.24,51.6004,2024,Transit,Transiting Exoplanet Survey Satellite (TESS)
Kepler-1187 b,2.61,0.51,7.32,M-R relationship,0.1401,1.09,1020.53,2016,Transit,Kepler
Kepler-1547 b,0.9,0.28,0.666,M-R relationship,0.01556,1.18,674.695,2016,Transit,Kepler
Kepler-170 b,3.2,0.22,82.6,Mass,0.08,1.035,738.657,2014,Transit,Kepler
GJ 15 A b,1.55,,3.03,Msini,0.072,0.38,3.56228,2014,Radial Velocity,W. M. Keck Observatory
Kepler-100 b,1.34,0.12,4.01,Mass,0.07309,1.51,304.645,2014,Transit,Kepler
Kepler-1258 b,0.86,0.13,0.566,M-R relationship,0.01824,0.99,717.555,2016,Transit,Kepler
NSVS 14256825 b,12.3,,4497.2945,Msini,3.12,0.188,820.877,2019,Eclipse Timing Variations,Multiple Observatories
TOI-1266 b,2.52,0.08,4.46,Mass,0.073,0.4232,36.0118,2020,Transit,Transiting Exoplanet Survey Satellite (TESS)
Kepler-659 b,2.5,0.33,6.8,M-R relationship,0.1204,0.74,722.64,2016,Transit,Kepler
GJ 27.1 b,3.66,,13.0,Msini,0.101,0.518887,23.6062,2014,Radial Velocity,Multiple Observatories
TOI-4495 c,4.03,0.23,23.2,Mass,0.06323,1.309,132.214,2024,Transit,Transiting Exoplanet Survey Satellite (TESS)
Kepler-798 b,2.39,1.04,6.3,M-R relationship,0.1174,1.29,972.274,2016,Transit,Kepler
TOI-5082.01,2.54811,0.129562,7.03,M-R relationship,0.051204842,0.93,43.1406,2024,Transit,Transiting Exoplanet Survey Satellite (TESS)
Kepler-364 c,2.15,0.42,5.27,M-R relationship,0.312,1.284,891.462,2014,Transit,Kepler
TOI-1260 d,3.12,0.08,11.84,Mass,0.1116,0.672,73.5977,2022,Transit,Transiting Exoplanet Survey Satellite (TESS)
HD 50499 b,13.5,,519.96988,Msini,3.833,1.351,46.2845,2005,Radial Velocity,W. M. Keck Observatory
HD 20794 f,2.28,,5.82,Msini,1.3541,0.93,6.00278,2025,Radial Velocity,Multiple Observatories
Kepler-1595 b,1.23,0.09,2.04,M-R relationship,0.051,0.8,845.022,2016,Transit,Kepler
HD 99109 b,14.3,,139.8452,Msini,1.11,0.98,54.7901,2005,Radial Velocity,W. M. Keck Observatory
KOI-3503 b,1.19,0.24,9.2,Mass,0.14247,1.255,887.064,2021,Transit,Kepler
Kepler-526 b,1.99,0.16,4.62,M-R relationship,0.06518,1.14,666.146,2016,Transit,Kepler
HD 28109 c,4.13,0.16,9.2,Mass,0.308,1.425,139.611,2022,Transit,Transiting Exoplanet Survey Satellite (TESS)
K2-11 b,7.55,9.33,44.4,M-R relationship,0.2257,5.15,329.309,2015,Transit,K2
KOI-319 c,11.9,,8803.8468739,Mass,,2.064,660.138,2014,Transit Timing Variations,Kepler
KOI-319 b,10.67,0.4,3178.28407,Mass,0.2668,2.064,660.138,2014,Transit,Kepler
TOI-1743 b,1.83,0.11,4.01,M-R relationship,0.03589,0.338,41.2758,2025,Transit,Transiting Exoplanet Survey Satellite (TESS)
Kepler-1837 b,2.06673842,,4.92,M-R relationship,0.065,0.961,1229.18,2021,Transit,Kepler
Kepler-1986 b,1.89,0.35,4.23,M-R relationship,0.1307,0.732,912.085,2023,Transit,Kepler
Kepler-696 b,6.14,1.63,31.3,M-R relationship,0.0535,1.08,1416.44,2016,Transit,Kepler
Kepler-189 c,2.38,1.19,22.7,Mass,0.137,0.75,591.534,2014,Transit,Kepler
HD 105618 b,5.44,,25.42627256,Msini,0.091,1.27399,70.0837,2022,Radial Velocity,Multiple Observatories
TOI-1301.01,2.477,0.196,6.7,M-R relationship,0.059866,0.732,90.8693,2024,Transit,Transiting Exoplanet Survey Satellite (TESS)
Kepler-1497 b,1.66,0.29,3.39,M-R relationship,0.0817,0.95,1122.0,2016,Transit,Kepler
EPIC 212624936 b,1.2,0.3,1.87,M-R relationship,,0.93,561.929,2021,Transit,K2
Kepler-194 b,1.51,0.79,2.89,M-R relationship,0.032,1.025,1097.97,2014,Transit,Kepler
Kepler-661 b,3.07,0.12,9.64,M-R relationship,0.0585,0.67,534.788,2016,Transit,Kepler
Kepler-529 c,2.0,0.41,4.66,M-R relationship,0.1075,1.14,799.008,2016,Transit,Kepler
HAT-P-61 b,10.07687365,0.30264248,335.9446262,Mass,0.0301,0.938,338.84,2021,Transit,HATNet
TOI-2589 b,12.10569916,0.33626942,1112.3994245,Mass,0.3,1.07,200.273,2023,Transit,Transiting Exoplanet Survey Satellite (TESS)
HD 95872 b,13.0,,1188.6842,Msini,5.15,0.84,72.2195,2015,Radial Velocity,Multiple Facilities
Kepler-1412 b,0.83,0.15,0.498,M-R relationship,0.04608,1.27,755.678,2016,Transit,Kepler
Kepler-760 c,1.48,0.12,2.79,M-R relationship,0.03489,0.85,792.336,2016,Transit,Kepler
2MASS J0249-0557 c,17.37392009,0.33626942,3616.88727166,Mass,1950.0,0.315959,66.0613,2018,Imaging,Mauna Kea Observatory
TOI-4504 c,11.17,0.43,821.0,Mass,0.3593,0.93,342.605,2024,Transit,Transiting Exoplanet Survey Satellite (TESS)
Kepler-1540 b,2.49,0.19,6.76,M-R relationship,0.4426,0.69,244.96,2016,Transit,Kepler
TIC 445839811 b,2.47771211,0.3970467,6.7,M-R relationship,,0.850041,235.655,2026,Transit,Transiting Exoplanet Survey Satellite (TESS)
Kepler-225 c,1.84,0.1,4.04,M-R relationship,0.111,0.48,561.101,2014,Transit,Kepler
Kepler-180 b,1.5,0.67,2.86,M-R relationship,0.109,1.063,695.65,2014,Transit,Kepler
HD 18438 b,12.1,,6674.396547,Msini,2.1,88.475,224.146,2023,Radial Velocity,Bohyunsan Optical Astronomical Observatory
HD 154088 b,2.46,,6.6,Msini,0.134,0.95,18.2692,2021,Radial Velocity,La Silla Observatory
HD 24064 b,12.3,,4096.8287,Msini,1.29,40.0,300.247,2015,Radial Velocity,Bohyunsan Optical Astronomical Observatory
Kepler-1349 b,0.7,0.63,0.271,M-R relationship,0.03421,1.28,276.323,2016,Transit,Kepler
HD 29399 b,13.5,,498.99059899,Msini,1.913,4.5,44.1518,2022,Radial Velocity,La Silla Observatory
TOI-4511 b,2.75304932,0.30793546,8.01,M-R relationship,,1.00145,121.832,2026,Transit,Transiting Exoplanet Survey Satellite (TESS)
KOI-134 c,9.86,,69.92224954,Mass,0.2305,1.667,1159.21,2025,Transit Timing Variations,Kepler
Kepler-1306 b,1.91,0.45,4.31,M-R relationship,0.123,0.97,1107.5,2016,Transit,Kepler
TOI-2200 b,6.96310517,0.42730881,38.7,M-R relationship,,0.826247,251.245,2026,Transit,Transiting Exoplanet Survey Satellite (TESS)
K2-285 c,3.53,0.08,15.68,Mass,0.0824,0.787,154.961,2018,Transit,K2
Kepler-345 b,0.74,0.06,0.48,Mass,0.066,0.623,260.0,2014,Transit,Kepler
Kepler-539 c,13.3,,762.792,Mass,2.42,0.952,307.318,2016,Transit Timing Variations,Kepler
HD 33844 b,13.4,,638.8383,Msini,1.6,5.39,105.779,2015,Radial Velocity,Anglo-Australian Telescope
GJ 317 c,13.6,,454.49462201,Msini,5.04,0.403,15.1968,2016,Radial Velocity,W. M. Keck Observatory
Kepler-467 b,2.25,0.3,5.69,M-R relationship,0.16848,1.37,466.265,2016,Transit,Kepler
Kepler-964 b,2.12,0.09,5.14,M-R relationship,0.1073,0.84,454.626,2016,Transit,Kepler
TOI-1386 c,10.3,,75.2,Msini,0.75,1.0235,146.858,2024,Radial Velocity,W. M. Keck Observatory
HD 99706 c,12.8,,1808.4527,Msini,,5.4,146.6,2016,Radial Velocity,W. M. Keck Observatory
Kepler-1262 b,1.82,0.32,3.97,M-R relationship,0.083,0.98,1054.87,2016,Transit,Kepler
BEBOP-3 b,14.2,,177.34825111,Msini,1.444,1.414,119.052,2025,Radial Velocity,Haute-Provence Observatory
Kepler-1071 b,2.38,0.07,6.26,M-R relationship,0.0629,0.81,1042.27,2016,Transit,Kepler
TOI-1806.01,3.4095367,0.3512672,11.5,M-R relationship,0.087735044,0.401575,55.5211,2024,Transit,Transiting Exoplanet Survey Satellite (TESS)
Kepler-1809 b,1.513,,2.9,M-R relationship,0.04444,0.716,409.602,2021,Transit,Kepler
K2-242 b,2.54,0.21,6.99,M-R relationship,0.0494,0.37,109.237,2018,Transit,K2
TIC 77319217 b,3.10879526,0.34451974,9.85,M-R relationship,,1.18439,267.62,2026,Transit,Transiting Exoplanet Survey Satellite (TESS)
Kepler-649 b,2.26,0.14,5.73,M-R relationship,0.17522,0.94,513.748,2016,Transit,Kepler
HAT-P-55 b,14.84069045,0.25780656,189.42573057,Mass,0.04628,1.105,511.388,2015,Transit,HATNet
Kepler-344 c,2.95,1.38,9.01,M-R relationship,0.488,0.976,1002.94,2014,Transit,Kepler
HIP 65891 b,12.7,,1938.7532827,Mass,2.82,8.93,150.292,2015,Radial Velocity,Multiple Observatories
GJ 4274 c,2.83,,8.39,Msini,0.186,0.19,7.23556,2026,Radial Velocity,Mauna Kea Observatory
Kepler-1111 b,2.0,0.54,4.66,M-R relationship,0.0872,1.15,841.536,2016,Transit,Kepler
Kepler-172 b,2.35,0.42,6.12,M-R relationship,0.04,1.085,828.592,2014,Transit,Kepler
K2-139 b,9.11,0.17,123.00021,Mass,0.1796,0.88,153.856,2017,Transit,K2
HD 64121 b,13.2,,813.64072192,Msini,1.51,5.44,129.966,2022,Radial Velocity,La Silla Observatory
Kepler-902 b,2.54,0.33,6.99,M-R relationship,0.223,0.93,1165.34,2016,Transit,Kepler
Kepler-894 b,2.78,0.3,8.15,M-R relationship,0.0916,0.85,1162.91,2016,Transit,Kepler
Kepler-1794 b,1.79426276,,3.87,M-R relationship,0.0821,0.816,561.229,2021,Transit,Kepler
TOI-1064 b,2.587,0.043,13.5,Mass,0.06152,0.726,68.0726,2022,Transit,Transiting Exoplanet Survey Satellite (TESS)
Kepler-884 b,1.23,0.05,2.04,M-R relationship,0.06116,0.94,476.733,2016,Transit,Kepler
Kepler-1019 b,1.46,0.05,2.73,M-R relationship,0.0221,0.67,194.182,2016,Transit,Kepler
WASP-28 b,13.66374747,0.31385146,282.54945382,Mass,0.0442,1.083,348.494,2014,Transit,SuperWASP
GJ 3341 b,2.46,,6.6,Msini,0.089,0.439,23.619,2015,Radial Velocity,La Silla Observatory
TOI-4552 b,1.11,0.04,1.83,Mass,0.0056255,0.2869,27.2684,2026,Transit,Transiting Exoplanet Survey Satellite (TESS)
GJ 1289 b,2.38,,6.27,Msini,0.27,0.245012,8.35147,2024,Radial Velocity,Multiple Observatories
Kepler-555 b,2.83,0.56,8.4,M-R relationship,0.1201,1.04,973.121,2016,Transit,Kepler
Kepler-683 b,1.97,0.34,4.54,M-R relationship,0.0355,0.95,1023.07,2016,Transit,Kepler
HATS-10 b,10.861521,0.683749,167.17858,Mass,0.04491,1.105,534.889,2015,Transit,HATSouth
Kepler-1977 b,1.66,0.19,3.39,M-R relationship,0.0486,0.688,592.711,2023,Transit,Kepler
Kepler-715 b,3.75,0.83,13.5,M-R relationship,0.0933,1.04,1327.44,2016,Transit,Kepler
HD 127195 c,14.1,,206.58846455,Msini,,4.16,84.7167,2026,Radial Velocity,La Silla Observatory
Kepler-164 d,2.45,0.47,6.57,M-R relationship,0.187,1.148,890.758,2014,Transit,Kepler
Kepler-786 b,2.43,0.12,6.48,M-R relationship,0.25483,0.74,485.318,2016,Transit,Kepler
TOI-3785 b,5.14,0.16,14.95,Mass,0.043,0.5,79.7634,2023,Transit,Transiting Exoplanet Survey Satellite (TESS)
WASP-145 A b,10.0881,4.4836,282.8687,Mass,0.0261,0.68,91.299,2018,Transit,SuperWASP-South
WASP-136 b,16.81347105,1.6813471,479.92089457,Mass,0.0661,2.39014,275.587,2016,Transit,SuperWASP
HATS-12 b,7.76,0.47,759.6137,Mass,0.0441,1.17,746.138,2016,Transit,HATSouth
TOI-1296 b,14.11645916,0.28454324,95.3,Mass,0.051,1.7031,323.265,2021,Transit,Transiting Exoplanet Survey Satellite (TESS)
HD 98736 b,13.3,,740.5439,Msini,1.864,0.93,32.4459,2018,Radial Velocity,W. M. Keck Observatory
Kepler-1136 b,1.64,0.1,3.33,M-R relationship,0.0299,0.68,491.406,2016,Transit,Kepler
GJ 667 C f,1.45,,2.7,Msini,0.156,,7.24396,2013,Radial Velocity,La Silla Observatory
Kepler-635 b,2.64,0.36,7.46,M-R relationship,0.18332,1.51,1141.08,2016,Transit,Kepler
TOI-1279 b,2.66146528,0.13795921,10.6,Mass,0.085,0.8426,107.055,2024,Transit,Transiting Exoplanet Survey Satellite (TESS)
Kepler-468 b,13.34,0.32,,Msini,0.2213,0.87,442.871,2016,Transit,Kepler
DE CVn b,12.4,,3823.27330161,Msin(i)/sin(i),5.75,0.424754,30.5225,2018,Eclipse Timing Variations,Multiple Facilities
TOI-682.01,3.74186,0.251835,13.5,M-R relationship,,1.08,83.1548,2021,Transit,Transiting Exoplanet Survey Satellite (TESS)
USco CTIO 108 b,12.3,,4449.62,Mass,670.0,0.345365,144.019,2008,Imaging,Teide Observatory
Kepler-1496 b,2.22,0.91,5.56,M-R relationship,0.3211,1.27,1307.66,2016,Transit,Kepler
HD 102272 b,12.9,,1570.0802,Msini,0.51,10.3,347.097,2008,Radial Velocity,McDonald Observatory
Kepler-366 c,1.79,0.81,3.86,M-R relationship,0.11,1.048,1856.28,2014,Transit,Kepler
KOI-2513.01,2.80224517,22.4179614,7310.053361,Mass,0.5,1.2,1369.87,2023,Transit,Kepler
Kepler-537 b,1.41,0.06,2.57,M-R relationship,0.04317,0.99,439.4,2016,Transit,Kepler
GJ 3323 b,1.23,,2.02,Msini,0.03282,0.119,5.37484,2017,Radial Velocity,La Silla Observatory
HAT-P-46 b,14.392,3.038,156.684,Mass,0.0577,1.396,290.736,2014,Transit,HATNet
TOI-4495 b,2.483,0.138,7.7,Mass,0.03957,1.309,132.214,2026,Transit,Transiting Exoplanet Survey Satellite (TESS)
Kepler-1761 b,1.39109603,,2.51,M-R relationship,0.0413,0.532,221.186,2021,Transit,Kepler
NGTS-6 b,14.863134,1.087273,425.57437,Mass,0.01677,0.754,308.262,2019,Transit,Next-Generation Transit Survey (NGTS)
Kepler-920 c,3.8,0.58,13.8,M-R relationship,0.4029,0.85,1001.68,2016,Transit,Kepler
Kepler-818 b,5.11,0.79,22.9,M-R relationship,0.0886,0.92,925.037,2016,Transit,Kepler
Kepler-139 c,3.38,0.69,13.0,Mass,0.586,1.3,391.038,2014,Transit,Kepler
Kepler-959 b,4.38,1.21,17.6,M-R relationship,0.1633,2.01,807.729,2016,Transit,Kepler
BD-210397 c,12.9,,1525.5763536,Mass,5.9,0.747,23.7324,2023,Radial Velocity,La Silla Observatory
Kepler-1436 b,1.31,0.35,2.27,M-R relationship,0.0907,1.09,2530.62,2016,Transit,Kepler
HU Aqr AB c,12.9,,1430.235,Msin(i)/sin(i),5.4,,192.19807871,2011,Eclipse Timing Variations,Yunnan Astronomical Observatory
Kepler-1597 b,1.06,0.47,1.2,M-R relationship,0.04136,1.39,1221.05,2016,Transit,Kepler
WASP-83 b,11.65736,0.89672,95.349,Mass,0.059,1.05,271.103,2015,Transit,SuperWASP
HD 116029 c,13.7,,403.6441,Msini,,4.6,123.245,2016,Radial Velocity,W. M. Keck Observatory
Kepler-282 e,3.1,1.26,56.2,Mass,0.23332,0.89,1337.61,2013,Transit,Kepler
XO-2 S c,13.6,,438.60320166,Msini,0.4737,1.02,151.398,2014,Radial Velocity,Roque de los Muchachos Observatory
Kepler-850 b,1.78,0.47,3.82,M-R relationship,0.0744,1.09,1661.28,2016,Transit,Kepler
Kepler-65 d,1.52,0.04,4.14,Mass,0.084,1.41,303.728,2012,Transit,Kepler
Kepler-1090 b,2.25,0.21,5.69,M-R relationship,0.63323,0.82,858.77,2016,Transit,Kepler
TOI-715 b,1.55,0.064,3.02,M-R relationship,0.083,0.24,42.4048,2023,Transit,Transiting Exoplanet Survey Satellite (TESS)
GJ 393 b,1.17,,1.71,Msini,0.05402,0.426,7.03149,2021,Radial Velocity,Multiple Observatories
Kepler-1680 b,1.35954736,,2.42,M-R relationship,0.07642,0.723259,310.315,2020,Transit,Kepler
Gaia-2 b,14.81827249,0.14571675,259.66580852,Mass,0.0467,1.064,209.229,2022,Transit,European Space Agency (ESA) Gaia Satellite
WASP-124 b,13.89916,0.33627,190.698,Mass,0.0449,1.02,448.637,2016,Transit,SuperWASP-South
TOI-1439 b,4.2427861,0.23014642,38.5,Mass,0.192,1.6184,230.306,2024,Transit,Transiting Exoplanet Survey Satellite (TESS)
GJ 1061 c,1.19,,1.81,Mass,0.0342,0.156,3.67278,2020,Radial Velocity,La Silla Observatory
K2-50 b,1.59,0.24,3.15,M-R relationship,0.0705,0.546,257.443,2016,Transit,K2
Kepler-23 b,1.638,0.047,2.56,Mass,0.07212,1.548,835.756,2011,Transit,Kepler
Kepler-257 b,2.61,1.31,7.32,M-R relationship,0.034,1.037,780.256,2014,Transit,Kepler
TOI-1736 c,12.5,,2800.0,Mass,1.37,1.4286,88.9482,2023,Radial Velocity,Haute-Provence Observatory
Kepler-310 d,2.47,1.15,7.0,Mass,0.392,0.876,602.268,2014,Transit,Kepler
WASP-192 b,13.78707,0.89672,731.009,Mass,0.0408,1.32,508.885,2019,Transit,WASP-South
Kepler-184 b,2.36,1.33,6.17,M-R relationship,0.092,0.873,610.326,2014,Transit,Kepler
Kepler-1744 b,3.76754004,,13.6,M-R relationship,0.20945,0.85,1091.63,2021,Transit,Kepler
Kepler-1107 b,1.34,0.1,2.36,M-R relationship,0.01285,0.82,428.798,2016,Transit,Kepler
Kepler-40 b,13.11,0.45,699.2,Mass,0.08,2.13,2305.01,2010,Transit,Kepler
TOI-908 b,3.186,0.155,16.137,Mass,0.041657,1.028,175.748,2023,Transit,Transiting Exoplanet Survey Satellite (TESS)
Kepler-851 b,1.68,0.27,3.46,M-R relationship,0.0802,0.85,839.255,2016,Transit,Kepler
HD 99492 c,4.42,,17.9,Msini,,0.822539,18.2038,2023,Radial Velocity,Roque de los Muchachos Observatory
G 264-012 c,1.76,,3.75,Msini,0.0525,0.305,16.009,2021,Radial Velocity,Calar Alto Observatory
Kepler-827 b,5.63,0.7,27.0,M-R relationship,0.2742,0.91,2046.68,2016,Transit,Kepler
Kepler-228 c,2.7,1.24,7.75,M-R relationship,0.052,1.014,1644.61,2014,Transit,Kepler
K2-346 b,2.26,0.19,5.73,M-R relationship,,0.7,105.58,2021,Transit,K2
Kepler-77 b,10.761,0.179,136.661,Mass,0.04501,0.99,639.411,2013,Transit,Kepler
Kepler-1509 b,1.85,0.37,4.08,M-R relationship,0.1707,0.99,2002.96,2016,Transit,Kepler
GJ 581 b,4.79,,20.5,Mass,0.0399,0.302,6.2981,2005,Radial Velocity,La Silla Observatory
K2-403 b,5.333,0.357,24.6,M-R relationship,,0.886,246.599,2022,Transit,K2
HD 43691 b,13.2,,810.4665,Msini,0.238,1.6,85.6009,2007,Radial Velocity,Haute-Provence Observatory
Kepler-1574 b,1.29,0.28,2.21,M-R relationship,0.0743,1.08,1384.16,2016,Transit,Kepler
Kepler-238 f,2.0,0.85,13.5,Mass,0.28635,0.96,1798.75,2013,Transit,Kepler
K2-253 b,12.67,0.69,,Msini,0.0506,1.1,876.565,2018,Transit,K2
Kepler-1290 b,1.42,0.21,2.6,M-R relationship,0.0557,0.93,1593.7,2016,Transit,Kepler
Kepler-68 d,13.9,,267.0,Mass,1.469,1.2564,144.166,2013,Radial Velocity,W. M. Keck Observatory
Kepler-218 b,1.48,0.12,2.79,M-R relationship,0.046,1.063,656.38,2014,Transit,Kepler
Kepler-645 b,2.1,0.63,5.06,M-R relationship,0.04541,1.21,1173.57,2016,Transit,Kepler
TOI-1450 A b,1.13,0.043,1.258,Mass,,0.483,22.4467,2024,Transit,Transiting Exoplanet Survey Satellite (TESS)
HD 206610 b,13.4,,647.10188,Msini,1.74,6.12,147.192,2009,Radial Velocity,W. M. Keck Observatory
Kepler-99 b,1.48,0.08,6.15,Mass,0.05071,0.73,208.369,2014,Transit,Kepler
Kepler-1010 b,2.32,0.44,5.99,M-R relationship,0.193,0.82,579.273,2016,Transit,Kepler
TOI-1422 c,2.61,0.14,14.0,Mass,0.205,1.019,155.141,2025,Radial Velocity,Roque de los Muchachos Observatory
Kepler-687 b,3.52,0.16,12.2,M-R relationship,0.1326,0.73,633.66,2016,Transit,Kepler
Kepler-1855 b,1.216205,,1.96,M-R relationship,0.0115,0.356,,2021,Transit,Kepler
UCAC4 328-061594 b,12.1,,6674.396547,Mass,19000.0,,39.9089,2024,Imaging,Multiple Observatories
Kepler-1363 b,1.25,0.09,2.1,M-R relationship,0.0363,0.72,541.714,2016,Transit,Kepler
Kepler-296 b,1.61,0.29,3.22,M-R relationship,0.079,0.48,167.0,2014,Transit,Kepler
BD+48 738 b,13.9,,289.2253,Msini,1.0,11.0,871.493,2011,Radial Velocity,McDonald Observatory
HR 8799 c,13.0,1.0,3000.0,Mass,38.0,1.49338,41.2441,2008,Imaging,Gemini Observatory
Kepler-1773 b,3.50469499,,12.1,M-R relationship,0.24831,1.3,681.255,2021,Transit,Kepler
Kepler-989 b,2.21,0.14,5.52,M-R relationship,0.0734,0.78,491.978,2016,Transit,Kepler
Kepler-1508 b,1.33,0.53,2.33,M-R relationship,0.1629,1.22,1260.28,2016,Transit,Kepler
TOI-7041 b,11.43316031,0.33626942,114.41822652,Mass,,4.1,439.52,2025,Transit,Transiting Exoplanet Survey Satellite (TESS)
K2-37 c,2.41,0.15,6.39,M-R relationship,0.06534,0.809,179.943,2016,Transit,K2
2MASS J19383260+4603591 b,13.4,,603.877,Mass,0.92,0.203,396.332,2015,Eclipse Timing Variations,Kepler
TOI-1260 b,2.41,0.05,8.56,Mass,0.0367,0.672,73.5977,2021,Transit,Transiting Exoplanet Survey Satellite (TESS)
HIP 39330 b,13.5,,530.77343969,Mass,5.05,1.02786,36.3958,2026,Radial Velocity,Multiple Facilities
Kepler-52 c,1.84,,45.4,Mass,0.10379,0.52,321.542,2012,Transit,Kepler
Kepler-1637 b,0.89,0.18,0.64,M-R relationship,0.0596,1.02,567.187,2016,Transit,Kepler
Kepler-1990 b,3.27,0.54,10.7,M-R relationship,0.0286,1.071,392.739,2023,Transit,Kepler
TOI-1749 c,2.12,0.12,14.0,Mass,0.0443,0.55,99.5561,2021,Transit,Transiting Exoplanet Survey Satellite (TESS)
GJ 9714 b,12.5,,2988.54051102,Mass,12.319,0.662662,20.5121,2022,Radial Velocity,Multiple Observatories
Kepler-312 b,1.29,0.25,2.21,M-R relationship,0.031,1.467,797.72,2014,Transit,Kepler
Kepler-1671 b,1.32557381,,2.32,M-R relationship,0.04946,0.929771,357.059,2020,Transit,Kepler
Kepler-466 b,2.85,0.22,8.5,M-R relationship,0.26769,1.05,530.122,2016,Transit,Kepler
UZ For c,,,2447.2,Mass,2.8,,239.60387482,2011,Eclipse Timing Variations,Multiple Observatories
HD 63765 b,14.2,,168.4499,Msini,0.94,0.83,32.5376,2011,Radial Velocity,La Silla Observatory
TOI-7008 b,4.94735276,0.36048908,21.7,M-R relationship,,0.95255,410.467,2026,Transit,Transiting Exoplanet Survey Satellite (TESS)
Kepler-1038 c,1.4162338,,2.59,M-R relationship,0.0692,0.821,584.136,2021,Transit,Kepler
TOI-3877 b,11.67975789,0.49319515,99.7981198,Mass,0.0529,1.445,493.77,2025,Transit,Transiting Exoplanet Survey Satellite (TESS)
Kepler-1699 b,1.56671124,,3.08,M-R relationship,0.0418,0.725,818.759,2020,Transit,Kepler
HD 143105 b,13.7,,384.5743,Msini,0.0379,1.647304,46.7789,2016,Radial Velocity,Haute-Provence Observatory
HD 191939 e,13.0,,112.2,Msini,0.407,0.94,53.6089,2022,Radial Velocity,W. M. Keck Observatory
Kepler-1569 b,1.68,0.73,3.46,M-R relationship,0.06669,1.4,945.454,2016,Transit,Kepler
Kepler-859 b,3.09,0.18,9.75,M-R relationship,0.13157,0.77,839.903,2016,Transit,Kepler
HD 83443 b,14.1,,127.76701961,Msini,0.0406,0.94,40.8991,2002,Radial Velocity,Multiple Observatories
Kepler-106 b,0.82,0.11,5.3,Mass,0.06491,1.04,444.322,2014,Transit,Kepler
Kepler-834 b,2.02,0.1,4.74,M-R relationship,0.0862,0.66,633.937,2016,Transit,Kepler
K2-249 b,2.79,0.27,8.2,M-R relationship,0.1151,1.57,521.716,2018,Transit,K2
Kepler-454 c,12.9,,1433.40611557,Msini,1.287,1.066,230.869,2015,Radial Velocity,Multiple Facilities
HD 33283 b,12.5,,104.56607,Msini,0.1508,1.97,89.8623,2006,Radial Velocity,W. M. Keck Observatory
Kepler-169 e,2.2,0.29,5.48,M-R relationship,0.105,0.763,406.529,2014,Transit,Kepler
GJ 536 b,2.41,,6.37,Msini,0.0668,0.529,10.4092,2016,Radial Velocity,La Silla Observatory
Kepler-37 e,0.37,0.18,8.1,Msini,0.25,0.772,63.9207,2014,Transit Timing Variations,Kepler
TOI-2236 b,14.36991326,0.35868738,502.16888306,Mass,0.05009,1.573,355.59,2022,Transit,Transiting Exoplanet Survey Satellite (TESS)
HD 159868 c,14.0,,244.09344,Msini,1.032,2.13,55.8503,2012,Radial Velocity,Anglo-Australian Telescope
Kepler-1665 b,2.83910787,,8.44,M-R relationship,0.096,0.777785,335.515,2020,Transit,Kepler
HIP 111909 b,13.7,,384.57237247,Msini,1.32,4.53,88.077,2025,Radial Velocity,Multiple Observatories
Kepler-1125 b,1.84,0.3,4.04,M-R relationship,0.1348,0.94,2011.41,2016,Transit,Kepler
Kepler-384 b,1.12,0.32,1.46,M-R relationship,0.148,0.882,895.678,2014,Transit,Kepler
HD 37605 b,13.2,,854.9627,Msini,0.277,0.91,46.7864,2004,Radial Velocity,McDonald Observatory
Kepler-1618 b,1.26,0.52,2.13,M-R relationship,0.07109,1.65,1229.25,2016,Transit,Kepler
Kepler-352 d,0.80628032,,0.449,M-R relationship,0.06574,0.772,252.733,2021,Transit,Kepler
K2-148 c,1.73,0.24,3.64,M-R relationship,0.0616,0.632,124.458,2018,Transit,K2
NGTS-9 b,11.99363,0.67254,921.707,Mass,0.058,1.38,609.128,2019,Transit,Next-Generation Transit Survey (NGTS)
Kepler-584 b,4.21,1.59,16.5,M-R relationship,0.2281,1.24,1848.84,2016,Transit,Kepler
Kepler-92 b,3.51,0.1,64.3,Mass,0.12232,1.7,477.992,2013,Transit,Kepler
TOI-277 b,2.65,0.18,7.51,M-R relationship,0.0269,0.362,64.6692,2022,Transit,Transiting Exoplanet Survey Satellite (TESS)
EPIC 212297394 b,1.48,0.13,2.79,M-R relationship,,0.8,418.395,2019,Transit,K2
TIC 67686059 b,2.59125922,0.419496,7.23,M-R relationship,,0.820458,249.203,2026,Transit,Transiting Exoplanet Survey Satellite (TESS)
K2-270 b,1.38,0.11,2.48,M-R relationship,0.0247,0.77,280.518,2018,Transit,K2
TIC 160113658 b,3.49015778,0.9594699,12.0,M-R relationship,,0.789834,200.156,2026,Transit,Transiting Exoplanet Survey Satellite (TESS)
Kepler-533 b,3.38,0.08,11.4,M-R relationship,0.16704,0.72,302.955,2016,Transit,Kepler
VHS J125601.92-125723.9 b,13.67495645,,5085.254512,Mass,350.0,,12.7,2015,Imaging,Paranal Observatory
HD 23079 c,2.8,,8.26,Msini,,1.08,33.4591,2025,Radial Velocity,La Silla Observatory
Kepler-55 e,1.55,0.23,3.02,M-R relationship,0.048,0.619,578.796,2014,Transit,Kepler
GJ 887 b,1.8,,3.9,Msini,0.0683,0.468,3.28679,2020,Radial Velocity,La Silla Observatory
Kepler-1467 b,3.3,0.31,10.9,M-R relationship,0.2388,0.82,852.888,2016,Transit,Kepler
Kepler-199 c,3.25,0.58,10.6,M-R relationship,0.316,0.967,521.054,2014,Transit,Kepler
HD 222076 b,13.5,,495.8148,Msini,1.83,4.1,91.1538,2016,Radial Velocity,Multiple Observatories
Kepler-282 b,1.01,0.25,1.01,M-R relationship,0.082,0.904,1337.61,2014,Transit,Kepler
K2-388 b,3.9,0.2,14.5,M-R relationship,,0.91,290.495,2022,Transit,K2
TOI-1224 b,2.104,0.094,5.08,M-R relationship,0.0355,0.404,37.3312,2024,Transit,Transiting Exoplanet Survey Satellite (TESS)
Kepler-623 b,3.01,0.34,9.32,M-R relationship,0.0854,0.86,737.702,2016,Transit,Kepler
WASP-176 b,16.869545,0.56045,271.74465,Mass,0.0535,1.925,568.42,2020,Transit,SuperWASP-North
Kepler-363 d,2.05,0.4,4.86,M-R relationship,0.107,1.485,762.596,2014,Transit,Kepler
HD 4917 b,13.5,,513.29545,Msini,1.167,5.01,204.277,2018,Radial Velocity,W. M. Keck Observatory
KOBE-1 c,3.56,,12.4,Msini,0.16071,0.619,23.9718,2025,Radial Velocity,Calar Alto Observatory
Kepler-970 b,2.609,0.265,7.31,M-R relationship,0.139,0.71,331.545,2016,Transit,Kepler
HAT-P-70 b,20.96083,1.68135,2154.8874,Mass,0.04739,1.858,330.739,2019,Transit,HATNet
Kepler-943 b,5.93,0.79,29.5,M-R relationship,0.2559,0.91,2300.53,2016,Transit,Kepler
Kepler-10 b,1.47,0.03,3.24,Mass,0.01685,1.065,185.506,2011,Transit,Kepler
Kepler-271 d,0.66,0.05,0.219,M-R relationship,0.05554,0.87,404.542,2016,Transit,Kepler
TOI-1233.01,2.539,0.062,6.98,M-R relationship,0.1074,0.877,64.5978,2021,Transit,Transiting Exoplanet Survey Satellite (TESS)
HD 221585 b,13.5,,511.7063,Msini,2.306,1.850575,55.8535,2016,Radial Velocity,Haute-Provence Observatory
TIC 18942729 b,2.00021315,0.28986198,4.66,M-R relationship,,0.825257,115.169,2026,Transit,Transiting Exoplanet Survey Satellite (TESS)
HD 22496 b,2.22,,5.57,Msini,0.051,0.674,13.5956,2021,Radial Velocity,Paranal Observatory
Kepler-1640 b,4.82,2.48,20.7,M-R relationship,0.0836,1.43,1859.78,2016,Transit,Kepler
Kepler-589 c,1.11727238,,1.45,M-R relationship,0.0426,0.916,612.803,2021,Transit,Kepler
Kepler-647 b,1.17,0.14,1.71,M-R relationship,0.12237,1.07,1087.87,2016,Transit,Kepler
Gaia-1 b,13.77583728,0.23538859,533.95172376,Mass,0.04047,0.952,363.66,2022,Transit,European Space Agency (ESA) Gaia Satellite
Kepler-1527 b,4.77,1.95,20.4,M-R relationship,0.6276,1.32,1842.13,2016,Transit,Kepler
Kepler-1980 b,2.21,0.36,5.52,M-R relationship,0.2049,0.99,1709.4,2023,Transit,Kepler
TOI-122 b,2.72,0.18,7.85,M-R relationship,0.0392,0.334,62.118,2020,Transit,Transiting Exoplanet Survey Satellite (TESS)
HATS-52 b,15.490838,0.963974,711.9392,Mass,0.02498,1.046,555.134,2017,Transit,HATSouth
Kepler-250 d,2.18,1.25,5.39,M-R relationship,0.127,0.805,760.585,2014,Transit,Kepler
Kepler-1298 b,1.31,0.23,2.27,M-R relationship,0.0814,2.0,544.163,2016,Transit,Kepler
Kepler-1361 b,0.86,0.12,0.566,M-R relationship,0.04304,0.79,389.143,2016,Transit,Kepler
Kepler-619 b,3.16,0.65,10.1,M-R relationship,0.06014,1.11,900.678,2016,Transit,Kepler
K2-99 b,11.88151954,0.11208981,276.51071409,Mass,0.153,2.55,519.229,2016,Transit,K2
TOI-532 b,5.82,0.19,61.5,Mass,0.0296,0.612,135.047,2021,Transit,Transiting Exoplanet Survey Satellite (TESS)
HD 210277 b,13.6,,410.0007,Msini,1.13,1.07,21.2985,1998,Radial Velocity,W. M. Keck Observatory
Kepler-178 b,2.9,1.25,8.75,M-R relationship,0.085,1.066,716.025,2014,Transit,Kepler
Kepler-1604 b,1.41,0.19,2.57,M-R relationship,0.01406,0.76,541.189,2016,Transit,Kepler
Kepler-984 b,2.12,0.13,5.14,M-R relationship,0.23688,0.93,460.188,2016,Transit,Kepler
HD 13724 c,8.18,,50.85254512,Msini,0.534,1.04198,43.465,2022,Radial Velocity,Multiple Observatories
Kepler-1286 b,2.15,0.45,5.27,M-R relationship,0.0991,0.98,1354.46,2016,Transit,Kepler
Kepler-318 b,4.71,0.83,19.9,M-R relationship,0.056,1.189,489.141,2014,Transit,Kepler
Kepler-732 b,2.18,0.12,5.39,M-R relationship,0.0691,0.46,174.826,2016,Transit,Kepler
HIP 109600 b,13.2,,851.7844,Msini,0.706,0.971958,66.3361,2016,Radial Velocity,Haute-Provence Observatory
Kepler-407 b,1.19,0.05,1.93,Mass,0.01531,1.04,338.368,2014,Transit,Kepler
GJ 1148 c,9.71,,68.06,Msini,0.912,0.358519,11.0143,2017,Radial Velocity,Calar Alto Observatory
Kepler-897 b,2.39,0.66,6.3,M-R relationship,0.077,1.04,1519.25,2016,Transit,Kepler
Kepler-435 b,22.31,2.02,266.97,Mass,0.0948,3.21,1418.77,2015,Transit,Kepler
HD 184010 d,14.3,,143.02278315,Msini,1.92,4.86,60.7993,2022,Radial Velocity,Okayama Astrophysical Observatory
WASP-70 A b,13.047,0.818,187.512,Mass,0.04853,1.215,222.355,2014,Transit,SuperWASP
TOI-1798.01,2.448,0.319,6.5,Mass,0.074984,0.78,113.181,2024,Transit,Transiting Exoplanet Survey Satellite (TESS)
TOI-444 b,2.77,0.2,8.1,M-R relationship,0.133,0.779,57.3973,2023,Transit,Transiting Exoplanet Survey Satellite (TESS)
TOI-2202 b,10.95117414,0.17934369,287.31687993,Mass,0.09564,0.808,235.933,2021,Transit,Transiting Exoplanet Survey Satellite (TESS)
TrES-1 b,12.66617,0.67254,266.9772,Mass,0.03925,0.85,159.658,2004,Transit,TrES
Kepler-1052 c,2.3,0.54,5.9,M-R relationship,0.6135,0.848,943.444,2023,Transit,Kepler
Kepler-206 b,1.2,0.24,1.87,M-R relationship,0.078,1.185,594.447,2014,Transit,Kepler
Kepler-763 b,1.22,0.09,1.98,M-R relationship,0.0205,0.8,962.459,2016,Transit,Kepler
Kepler-155 b,2.09,0.21,5.02,M-R relationship,0.056,0.62,293.499,2014,Transit,Kepler
ups And c,12.3,,4443.24112986,Mass,0.827774,1.56,13.4054,1999,Radial Velocity,Multiple Observatories
NGTS-34 b,3.65,0.22,19.1,Mass,0.257,1.367,120.475,2025,Transit,Transiting Exoplanet Survey Satellite (TESS)
K2-274 b,2.08,0.12,4.98,M-R relationship,0.0964,0.7,228.327,2018,Transit,K2
DH Tau b,30.2643,8.9672,3496.0,Mass,330.0,0.27,134.846,2004,Imaging,Subaru Telescope
HD 200964 c,13.7,,385.84562,Msini,1.96,4.92,72.5922,2010,Radial Velocity,Lick Observatory
TOI-1011 b,1.45,0.05,4.04,Mass,,0.92,52.62,2025,Transit,Transiting Exoplanet Survey Satellite (TESS)
Kepler-1583 b,0.6,0.09,0.156,M-R relationship,0.08307,0.91,403.933,2016,Transit,Kepler
HATS-32 b,14.000041,1.614096,292.4036,Mass,0.04024,1.097,745.116,2016,Transit,HATSouth
ZTF J1828+2308 b,11.13051784,0.21297063,6356.56814,Mass,,0.0131,201.827,2025,Transit,Zwicky Transient Facility
Kepler-1876 b,0.853,0.039,2.4,Mass,0.0758,1.477,259.935,2021,Transit,Kepler
TOI-6564 b,16.39873876,0.21297063,222.16205649,Mass,0.0542,1.7,191.372,2026,Transit,Transiting Exoplanet Survey Satellite (TESS)
K2-219 c,1.43839723,0.21399624,2.66,M-R relationship,,1.189232,325.4,2018,Transit,K2
HD 37124 b,14.0,,214.53525,Msini,0.53364,0.949168,31.6634,2002,Radial Velocity,W. M. Keck Observatory
Kepler-881 b,1.78,0.43,3.82,M-R relationship,0.0552,1.09,1375.18,2016,Transit,Kepler
TOI-333 b,4.26,0.11,20.1,Mass,0.049,1.1,352.269,2025,Transit,Transiting Exoplanet Survey Satellite (TESS)
Kepler-60 c,1.9,0.15,3.85,Mass,0.08422,1.257,1025.1,2012,Transit,Kepler
Kepler-665 b,2.6,0.15,7.27,M-R relationship,0.1148,0.74,612.838,2016,Transit,Kepler
Kepler-1848 b,1.4088539,,2.57,M-R relationship,0.05835,0.737,309.696,2021,Transit,Kepler
TOI-2096 c,1.914,0.095,4.32,M-R relationship,0.04,0.235,48.4809,2023,Transit,Transiting Exoplanet Survey Satellite (TESS)
Kepler-1698 b,1.07315686,,1.25,M-R relationship,0.02065,0.741698,222.345,2020,Transit,Kepler
HIP 14810 c,13.6,,416.3573,Msini,0.549,1.07,50.48,2006,Radial Velocity,W. M. Keck Observatory
HD 25463 c,1.36354953,0.13045621,4.3,Mass,0.0443,1.4182,45.6181,2023,Transit,Transiting Exoplanet Survey Satellite (TESS)
Kepler-1869 c,0.74,0.12,0.33,M-R relationship,0.028,0.902,113.025,2023,Transit,Kepler
Kepler-292 b,1.32,0.14,2.3,M-R relationship,0.035,0.826,1056.48,2014,Transit,Kepler
Kepler-33 b,1.74,0.18,3.68,M-R relationship,0.0677,1.82,1209.16,2011,Transit,Kepler
Kepler-601 b,1.9,0.27,4.27,M-R relationship,0.05494,0.79,414.825,2016,Transit,Kepler
TOI-1347 b,1.8,0.1,11.1,Mass,0.0171,0.83,147.476,2024,Transit,Transiting Exoplanet Survey Satellite (TESS)
K2-417 b,3.31,0.14,699.2224954,Mass,0.063,0.5776,94.0424,2023,Transit,K2
Kepler-1020 b,2.28,0.08,5.82,M-R relationship,0.37594,0.8,415.358,2016,Transit,Kepler
Kepler-1346 b,1.58,0.56,3.12,M-R relationship,0.044,1.21,843.701,2016,Transit,Kepler
TOI-1750 b,2.78943837,0.34420606,8.19,M-R relationship,,0.768675,162.46,2026,Transit,Transiting Exoplanet Survey Satellite (TESS)
HD 180314 b,12.0,,7216.92963775,Msini,1.448,9.2,122.362,2010,Radial Velocity,Subaru Telescope
Kepler-181 c,1.99,0.98,4.62,M-R relationship,0.049,0.749,609.283,2014,Transit,Kepler
Kepler-953 c,1.19,0.11,1.81,M-R relationship,0.0862,0.99,258.893,2016,Transit,Kepler
TOI-1696 b,3.09,0.11,48.8,Mass,0.0229,0.2775,64.9172,2022,Transit,Transiting Exoplanet Survey Satellite (TESS)
TIC 77552382 b,5.69176189,0.68938597,27.5,M-R relationship,,0.886956,373.415,2026,Transit,Transiting Exoplanet Survey Satellite (TESS)
HD 96167 b,14.0,,227.88411,Msini,1.332,1.94,85.3006,2009,Radial Velocity,W. M. Keck Observatory
Kepler-1770 b,2.84141754,,8.45,M-R relationship,0.1261,1.009,582.942,2021,Transit,Kepler
Kepler-292 e,2.67,0.35,7.61,M-R relationship,0.097,0.826,1056.48,2014,Transit,Kepler
Kepler-154 b,2.26,0.44,5.73,M-R relationship,0.198,1.001,915.212,2014,Transit,Kepler
Kepler-1660 AB b,12.9,,1586.59940774,Mass,0.8,1.491,1188.54,2023,Eclipse Timing Variations,Kepler
Kepler-379 b,1.66,0.31,3.39,M-R relationship,0.152,1.306,731.274,2014,Transit,Kepler
HAT-P-33 b,20.73665,5.49241,292.4036,Mass,0.04995,1.79,396.11,2011,Transit,HATNet
Kepler-567 b,2.25,0.15,5.69,M-R relationship,0.1229,0.79,558.81,2016,Transit,Kepler
KIC 8121913 b,13.4,,667.4396547,Msini,,2.233,707.303,2021,Orbital Brightness Modulation,Kepler
K2-198 d,2.438,0.13,6.52,M-R relationship,,0.757,110.567,2019,Transit,K2
Kepler-176 e,1.45,0.12,0.52075,Mass,0.25654,0.83,527.321,2016,Transit,Kepler
HD 109246 b,13.9,,273.3338,Msini,0.33,1.07,67.8349,2010,Radial Velocity,Haute-Provence Observatory
TOI-5489 c,1.28,0.07,2.18,M-R relationship,,0.42,45.0907,2025,Transit,Transiting Exoplanet Survey Satellite (TESS)
K2-415 b,1.015,0.051,7.5,Mass,0.027,0.1965,21.8182,2023,Transit,K2
Kepler-800 b,2.85,0.34,8.5,M-R relationship,0.1106,0.82,1019.26,2016,Transit,Kepler
Kepler-327 c,1.03,0.05,20.3,Mass,0.047,0.492,241.987,2014,Transit,Kepler
Kepler-28 c,1.857,0.042,2.06,Mass,0.07519,0.664,438.359,2011,Transit,Kepler
K2-271 b,7.28,0.23,41.8,M-R relationship,0.077,0.99,564.454,2018,Transit,K2
KMT-2018-BLG-0748L b,9.01,,60.0,Mass,0.62,,7300.0,2020,Microlensing,KMTNet
KMT-2024-BLG-1870L b,13.8,,336.89811142,Mass,3.15,,5480.0,2026,Microlensing,KMTNet
KMT-2017-BLG-0849L b,2.41,,6.39,Mass,2.73,,7220.0,2024,Microlensing,KMTNet
Kepler-1418 b,1.66,0.08,3.39,M-R relationship,0.131,0.72,499.0,2016,Transit,Kepler
OGLE-2016-BLG-0613L AB b,13.0,,1330.0,Mass,6.4,,3410.0,2017,Microlensing,OGLE
KOI-142 c,14.0,,214.1,Mass,0.154121003,0.897,376.863,2013,Transit Timing Variations,Kepler
HD 9446 c,13.4,,578.426,Msini,0.654,1.0,50.3503,2009,Radial Velocity,Haute-Provence Observatory
MASCARA-4 b,16.98160576,0.49319515,532.36258173,Mass,0.0474,1.79,170.696,2020,Transit,Multiple Observatories
Kepler-1846 b,1.76378826,,3.76,M-R relationship,0.11054,0.732,374.615,2021,Transit,Kepler
HD 147873 b,12.8,,1633.6462,Msini,0.522,2.29,109.055,2016,Radial Velocity,Multiple Observatories
Kepler-224 e,1.97,0.15,4.54,M-R relationship,0.124,0.676,782.088,2014,Transit,Kepler
Kepler-1670 b,3.3564801,,11.2,M-R relationship,0.1528,1.51889,2065.98,2020,Transit,Kepler
Kepler-92 c,2.6,0.08,6.1,Mass,0.19054,1.7,477.992,2013,Transit,Kepler
Kepler-1799 b,4.12801189,,15.9,M-R relationship,0.1028,0.921,2254.69,2021,Transit,Kepler
KMT-2021-BLG-0736L b,4.86,,21.0,Mass,4.0,,7000.0,2025,Microlensing,KMTNet
PSR B1620-26 b,13.3,,794.575,Mass,23.0,,,2003,Pulsar Timing,Hubble Space Telescope
TYC 8998-760-1 b,21.18497352,0.67253884,6928.6592726,Mass,146.0,1.02,94.6177,2020,Imaging,Paranal Observatory
OGLE-2017-BLG-1434L b,1.94,,4.43,Mass,1.18,,860.0,2018,Microlensing,OGLE
KMT-2019-BLG-2783L b,13.7,,368.68095212,Mass,1.85,,5910.0,2023,Microlensing,KMTNet
OGLE-2016-BLG-1093L b,14.0,,225.65816897,Mass,2.13,,8120.0,2022,Microlensing,OGLE
MOA-2010-BLG-117L b,14.2,,170.0,Mass,2.42,,3500.0,2018,Microlensing,MOA
OGLE-2006-BLG-109L b,14.0,,231.0,Mass,2.3,,1510.0,2008,Microlensing,OGLE
OGLE-2012-BLG-0406L b,13.2,,868.0,Mass,3.45,,4970.0,2013,Microlensing,OGLE
Kepler-1265 b,1.35,0.07,2.39,M-R relationship,0.0612,0.69,583.641,2016,Transit,Kepler
HD 332231 b,9.07303305,0.18720815,74.1,Mass,0.145,1.266,80.6665,2020,Transit,Transiting Exoplanet Survey Satellite (TESS)
HD 233604 b,12.7,,2089.644,Msini,0.747,10.9,847.058,2013,Radial Velocity,McDonald Observatory
Kepler-1591 b,1.27,0.41,2.15,M-R relationship,0.0794,1.16,1419.58,2016,Transit,Kepler
HD 22532 b,13.4,,673.79622284,Msini,1.9,5.69,161.183,2022,Radial Velocity,La Silla Observatory
KMT-2021-BLG-0322L b,12.7,,2034.1018048,Mass,,,6600.0,2021,Microlensing,KMTNet
MOA-2016-BLG-526L b,3.97,,14.93793513,Mass,2.07,,6930.0,2024,Microlensing,MOA
TOI-6695 c,13.6,,460.85119015,Msini,0.838,1.517,282.536,2025,Radial Velocity,Multiple Observatories
Kepler-249 b,1.09,0.05,1.32,M-R relationship,0.035,0.482,190.401,2014,Transit,Kepler
OGLE-2018-BLG-1185L b,2.83,,8.4,Mass,1.54,,7400.0,2021,Microlensing,OGLE
WISEP J121756.91+162640.2 A b,10.468,0.327,6992.0,Mass,8.0,0.091,10.1,2012,Imaging,W. M. Keck Observatory
KMT-2024-BLG-0176L b,14.0,,241.54958932,Mass,1.32,,8340.0,2026,Microlensing,KMTNet
KMT-2021-BLG-1150L b,13.9,,279.68899816,Mass,4.5,,3800.0,2023,Microlensing,KMTNet
KMT-2017-BLG-1146L b,14.0,,230.0,Mass,1.6,,6500.0,2019,Microlensing,KMTNet
MOA-2007-BLG-400L b,13.5,,540.3082919,Mass,5.9,,6890.0,2008,Microlensing,MOA
UZ For b,,,2002.2,Mass,5.9,,239.60387482,2011,Eclipse Timing Variations,Multiple Observatories
TWA 7 b,12.7,,108.06165838,Mass,52.0,0.917173,33.9958,2025,Imaging,James Webb Space Telescope (JWST)
Kepler-1222 b,0.79,0.06,0.418,M-R relationship,0.02801,0.8,415.218,2016,Transit,Kepler
Kepler-463 b,3.05,0.43,9.53,M-R relationship,0.07925,0.9,394.804,2016,Transit,Kepler
TOI-2337 b,10.08808263,1.12089807,508.5254512,Mass,,3.22,536.046,2022,Transit,Transiting Exoplanet Survey Satellite (TESS)
MOA-2010-BLG-477L b,13.6,,480.0,Mass,2.0,,2300.0,2012,Microlensing,MOA
OGLE-2017-BLG-1522L b,14.0,,240.0,Mass,0.59,,7490.0,2018,Microlensing,OGLE
Kepler-566 b,2.15,0.13,5.27,M-R relationship,0.1247,0.79,564.277,2016,Transit,Kepler
Kepler-1224 b,1.33,0.12,2.33,M-R relationship,0.11625,1.22,559.598,2016,Transit,Kepler
WASP-149 b,15.24421375,0.67253884,314.96795134,Mass,0.024,1.08,211.73,2025,Transit,SuperWASP
KMT-2019-BLG-1042L b,9.05,,60.38739733,Mass,1.7,,6600.0,2022,Microlensing,KMTNet
KMT-2019-BLG-0298L b,13.4,,575.26941667,Mass,5.67,,6710.0,2023,Microlensing,KMTNet
WASP-60 b,9.86392,1.34508,174.8065,Mass,0.05548,1.17,431.052,2012,Transit,SuperWASP
KMT-2019-BLG-0371L b,12.6,,2447.2787339,Mass,0.79,,7010.0,2021,Microlensing,KMTNet
OGLE-2017-BLG-1237L b,13.0,,1207.7479466,Mass,2.53,,6030.0,2024,Microlensing,OGLE
OGLE-2017-BLG-0640L b,13.5,,514.88201934,Mass,1.14,,6630.0,2024,Microlensing,OGLE
MXB 1658-298 b,12.0,,7532.571,Mass,1.613,,,2017,Eclipse Timing Variations,Multiple Observatories
KMT-2018-BLG-0029L b,2.67,,7.59,Mass,4.27,,3380.0,2020,Microlensing,KMTNet
Kepler-619 c,1.69,0.39,3.5,M-R relationship,0.02216,1.11,900.678,2016,Transit,Kepler
Kepler-186 b,1.07,0.12,1.24,M-R relationship,0.0343,0.472,177.594,2014,Transit,Kepler
K2-183 d,2.3,0.2,5.9,M-R relationship,0.1527,0.87,329.041,2018,Transit,K2
Kepler-1677 b,2.70216183,,7.76,M-R relationship,0.1599,1.24959,735.369,2020,Transit,Kepler
KMT-2018-BLG-0087L b,10.1,,73.10053361,Mass,0.87,,7020.0,2022,Microlensing,KMTNet
KOI-55 c,0.867,,0.655,Mass,0.0076,0.203,1231.02,2011,Orbital Brightness Modulation,Kepler
KMT-2024-BLG-1044L b,2.7,,7.75,Mass,,,7140.0,2024,Microlensing,KMTNet
KMT-2019-BLG-0297L b,12.1,,6038.739733,Mass,0.96,,3090.0,2023,Microlensing,KMTNet
OGLE-2012-BLG-0724L b,14.3,,150.0,Mass,1.6,,6700.0,2016,Microlensing,OGLE
Kepler-1620 b,1.61,0.64,3.22,M-R relationship,0.4322,1.23,895.069,2016,Transit,Kepler
KMT-2019-BLG-0578L b,13.7,,381.3940884,Mass,2.0,,7300.0,2025,Microlensing,KMTNet
Kepler-85 e,1.27,0.2,0.6,Mass,0.163,0.893,765.025,2014,Transit,Kepler
TOI-2128 b,2.08874836,0.08866263,4.5,Mass,0.127,1.1174,36.578,2024,Transit,Transiting Exoplanet Survey Satellite (TESS)
Kepler-1693 c,0.97698289,,0.894,M-R relationship,0.0588,1.098,760.065,2021,Transit,Kepler
TOI-5174 b,5.351,,24.8,M-R relationship,,1.09457,197.243,2022,Transit,Transiting Exoplanet Survey Satellite (TESS)
WASP-172 b,17.59813,1.1209,149.3801,Mass,0.0694,1.91,538.11,2018,Transit,SuperWASP-South
Kepler-403 b,1.25,0.22,2.1,M-R relationship,0.076,1.329,840.269,2014,Transit,Kepler
KMT-2022-BLG-2286L b,12.1,,6038.739733,Mass,2.02,,7320.0,2024,Microlensing,KMTNet
Kepler-1493 b,1.41,0.27,2.57,M-R relationship,0.1197,1.29,555.051,2016,Transit,Kepler
OGLE-2019-BLG-0249L b,12.7,,2262.93825784,Mass,1.84,,6370.0,2023,Microlensing,OGLE
Kepler-137 c,1.88,0.14,4.19,M-R relationship,0.13,0.802,302.979,2014,Transit,Kepler
OGLE-2018-BLG-1011L c,13.2,,890.0,Mass,0.8,,7100.0,2019,Microlensing,OGLE
OGLE-2018-BLG-0677L b,1.82,,3.96,Mass,0.63,,7580.0,2020,Microlensing,OGLE
OGLE-2019-BLG-0679L b,13.1,,1061.54687938,Mass,6.99,,5630.0,2023,Microlensing,OGLE
MOA-bin-1L b,13.0,,1200.0,Mass,8.3,,5100.0,2012,Microlensing,MOA
Kepler-365 b,2.04,0.97,4.82,M-R relationship,0.098,1.048,1038.99,2014,Transit,Kepler
KMT-2020-BLG-0414L c,11.9,,8581.366989,Mass,22.3,,1220.0,2021,Microlensing,KMTNet
HD 11977 b,12.7,,2080.0,Msini,1.93,10.09,67.9331,2005,Radial Velocity,La Silla Observatory
Kepler-1038 b,3.53,0.52,12.2,M-R relationship,0.5238,0.83,584.136,2016,Transit,Kepler
Kepler-250 c,2.28,1.31,5.82,M-R relationship,0.069,0.805,760.585,2014,Transit,Kepler
eps CrB b,12.7,,2129.461,Msini,1.3,21.0,69.8683,2012,Radial Velocity,Bohyunsan Optical Astronomical Observatory
TOI-521 b,1.98,0.14,5.3,Mass,0.0195,0.421,60.9425,2025,Transit,Transiting Exoplanet Survey Satellite (TESS)
OGLE-2015-BLG-0954L b,13.1,,1100.0,Mass,1.6,,1200.0,2016,Microlensing,KMTNet
Kepler-247 b,1.64,0.46,3.33,M-R relationship,0.042,0.768,663.711,2014,Transit,Kepler
KOI-884 e,13.3,,769.14474494,Mass,,0.791,663.711,2014,Transit Timing Variations,Kepler
Kepler-247 c,4.09,1.14,15.7,M-R relationship,0.084,0.768,663.711,2014,Transit,Kepler
Kepler-247 d,4.5,0.55,50.0,Mass,0.14081,0.791,663.711,2014,Transit,Kepler
KMT-2019-BLG-0953L b,4.06,,15.5,Mass,1.1,,7200.0,2022,Microlensing,KMTNet
OGLE-2017-BLG-1691L b,3.92,,14.62010672,Mass,2.41,,7290.0,2022,Microlensing,OGLE
alf Ari b,13.4,,572.07,Msini,1.2,13.9,20.21019,2010,Radial Velocity,Bohyunsan Optical Astronomical Observatory
TOI-2180 b,11.32107051,0.24659758,875.61726129,Mass,0.828,1.636,116.685,2022,Transit,Transiting Exoplanet Survey Satellite (TESS)
KMT-2024-BLG-0404L c,4.33,,17.3,Mass,,,7210.0,2025,Microlensing,KMTNet
OGLE-2018-BLG-1428L b,14.0,,240.0,Mass,3.3,,6220.0,2021,Microlensing,OGLE
KMT-2021-BLG-1689L b,7.71,,46.0,Mass,2.5,,7200.0,2022,Microlensing,KMTNet
MOA-2010-BLG-073L b,12.4,,3500.0,Mass,1.21,,2800.0,2012,Microlensing,MOA
KMT-2017-BLG-2197L b,12.5,,2809.60311788,Mass,15.91,,7800.0,2025,Microlensing,KMTNet
KMT-2018-BLG-1988L b,2.22,,5.56,Mass,3.09,,4150.0,2022,Microlensing,KMTNet
Kepler-302 b,4.06,0.85,15.5,M-R relationship,0.193,1.22,1402.58,2014,Transit,Kepler
GJ 3779 b,2.75,,8.0,Msini,0.026,0.281,13.743,2018,Radial Velocity,Calar Alto Observatory
Kepler-985 b,2.98,0.14,9.17,M-R relationship,0.44664,0.85,679.361,2016,Transit,Kepler
Kepler-248 b,3.02,0.36,9.38,M-R relationship,0.066,0.831,738.792,2014,Transit,Kepler
Kepler-836 b,2.73,0.64,7.9,M-R relationship,0.1013,1.04,980.035,2016,Transit,Kepler
TOI-1224 c,2.884,0.098,8.67,M-R relationship,,0.404,37.3312,2024,Transit,Transiting Exoplanet Survey Satellite (TESS)
Kepler-142 d,2.16,0.47,5.31,M-R relationship,0.242,1.269,548.686,2014,Transit,Kepler
OGLE-2019-BLG-0304L b,14.2,,162.09248757,Mass,1.23,,6980.0,2021,Microlensing,OGLE
MOA-2022-BLG-563L b,14.0,,127.1313628,Mass,2.15,,6530.0,2024,Microlensing,MOA
KMT-2021-BLG-2010L b,13.8,,340.07639549,Mass,1.79,,7090.0,2023,Microlensing,KMTNet
KMT-2024-BLG-1005L b,12.1,,6674.396547,Mass,0.78,,6950.0,2025,Microlensing,KMTNet
KMT-2021-BLG-1077L c,10.6,,79.45710175,Mass,0.93,,8240.0,2022,Microlensing,KMTNet
Kepler-1676 b,3.3769596,,11.3,M-R relationship,0.1954,1.06066,,2020,Transit,Kepler
K2-65 b,1.58,0.38,3.12,M-R relationship,0.1014,0.84,72.2,2016,Transit,K2
OGLE-2018-BLG-0799L b,10.9,,82.63538582,Mass,1.28,,4050.0,2022,Microlensing,OGLE
KMT-2023-BLG-0466L b,13.1,,1032.94232275,Mass,2.68,,6800.0,2026,Microlensing,KMTNet
BD+63 1405 b,12.4,,3305.4154328,Mass,2.06,0.804724,38.0473,2021,Radial Velocity,Haute-Provence Observatory
WASP-73 b,15.91678,2.46598,908.9938,Mass,0.05512,2.55,316.678,2014,Transit,SuperWASP
Kepler-733 b,2.82,0.46,8.35,M-R relationship,0.1483,0.86,916.706,2016,Transit,Kepler
Kepler-124 d,1.11,0.07,1.41,M-R relationship,0.17,0.636,420.046,2014,Transit,Kepler
Kepler-244 c,2.05,0.87,4.86,M-R relationship,0.087,0.803,1036.49,2014,Transit,Kepler
Kepler-2001 c,1.82,0.23,3.97,M-R relationship,0.1084,0.77,776.55,2023,Transit,Kepler
KMT-2021-BLG-0852L b,14.2,,155.73591943,Mass,7.78,,7230.0,2026,Microlensing,KMTNet
Kepler-32 b,2.2,0.2,1303.0,Mass,0.05,0.53,323.847,2011,Transit,Kepler
TOI-5108 b,6.6,0.1,32.0,Mass,0.073,1.29,130.919,2025,Transit,Transiting Exoplanet Survey Satellite (TESS)
KMT-2016-BLG-2605L b,14.0,,245.0457018,Mass,0.681,,6421.0,2021,Microlensing,KMTNet
OGLE-2018-BLG-0977L b,2.41,,6.4,Mass,2.0,,6500.0,2022,Microlensing,OGLE
OGLE-2007-BLG-368L b,4.72,,20.0,Mass,2.8,,5900.0,2009,Microlensing,OGLE
MOA-2011-BLG-262L b,4.29,,17.0,Mass,0.95,,7200.0,2014,Microlensing,MOA
Kepler-132 c,1.28,0.25,2.18,M-R relationship,0.068,1.178,349.549,2014,Transit,Kepler
KMT-2025-BLG-0481L b,14.1,,187.51876013,Mass,2.18,,7980.0,2026,Microlensing,KMTNet
KMT-2019-BLG-1339L b,13.7,,397.0,Mass,2.15,,6120.0,2020,Microlensing,KMTNet
OGLE-2017-BLG-1140L b,13.5,,505.0,Mass,1.02,,,2018,Microlensing,OGLE
KMT-2022-BLG-1790L b,13.5,,549.84314411,Mass,5.25,,6480.0,2025,Microlensing,KMTNet
KMT-2018-BLG-1996L b,13.7,,346.43296363,Mass,4.27,,5910.0,2021,Microlensing,KMTNet
Kepler-47 b,3.05,0.04,2.07,Mass,0.2877,0.936,1025.02,2012,Transit,Kepler
HD 190007 b,4.06,,15.5,Msini,0.092,0.79,12.7141,2020,Radial Velocity,Multiple Observatories
Kepler-1219 b,2.12,0.56,5.14,M-R relationship,0.14146,1.94,880.895,2016,Transit,Kepler
Kepler-1808 b,3.02511302,,9.4,M-R relationship,0.1467,0.892,1022.01,2021,Transit,Kepler
Kepler-824 b,1.87,0.71,4.16,M-R relationship,0.055,1.22,1201.4,2016,Transit,Kepler
HD 95089 b,13.7,,400.4658,Msini,1.36,5.08,136.957,2009,Radial Velocity,W. M. Keck Observatory
Kepler-610 c,3.3,0.84,10.9,M-R relationship,0.5594,1.13,845.824,2016,Transit,Kepler
Kepler-410 A b,2.838,0.054,8.44,M-R relationship,0.1226,1.352,147.527,2013,Transit,Kepler
DMPP-6 b,2.28,,5.8,Msini,0.0779,1.27,54.6303,2026,Radial Velocity,Multiple Observatories
Gaia22dkvL b,14.1,,187.83658854,Mass,1.4,,1270.0,2024,Microlensing,European Space Agency (ESA) Gaia Satellite
MOA-2022-BLG-249L b,2.04,,4.83,Mass,1.63,,2000.0,2023,Microlensing,MOA
Kepler-1063 b,1.49,0.4,2.83,M-R relationship,0.1176,1.14,343.226,2016,Transit,Kepler
KMT-2021-BLG-1303L b,13.6,,120.77479466,Mass,2.89,,6280.0,2022,Microlensing,KMTNet
OGLE-2018-BLG-0596L b,3.81,,13.93,Mass,0.97,,5650.0,2019,Microlensing,OGLE
KMT-2023-BLG-0830L b,4.41,,17.79839079,Mass,1.7,,7250.0,2025,Microlensing,KMTNet
KMT-2023-BLG-0735L b,6.97,,38.77506565,Mass,2.96,,6390.0,2024,Microlensing,KMTNet
KMT-2021-BLG-0320L b,6.2,,31.7828407,Mass,1.54,,6950.0,2022,Microlensing,KMTNet
OGLE-2023-BLG-0766L b,13.7,,349.6112477,Mass,2.5,,7400.0,2026,Microlensing,OGLE
Kepler-1628 b,6.43,0.94,33.8,M-R relationship,0.2952,0.52,352.0,2016,Transit,Kepler
OGLE2-TR-L9 b,18.046,0.448,1430.175,Mass,0.0308,1.53,1627.63,2008,Transit,OGLE
TOI-5736 b,1.56,0.07,3.05,M-R relationship,,0.58,92.3604,2025,Transit,Transiting Exoplanet Survey Satellite (TESS)
Kepler-1577 b,1.13,0.05,1.51,M-R relationship,0.0657,0.74,510.029,2016,Transit,Kepler
K2-13 b,1.89,0.95,4.23,M-R relationship,0.2114,0.78,342.394,2015,Transit,K2
Kepler-416 b,2.48,0.99,58.2,Mass,0.0674,1.075,690.819,2014,Transit Timing Variations,Kepler
TOI-1533 b,2.89,0.06,28.1,Mass,0.0445,0.849,100.051,2026,Transit,Transiting Exoplanet Survey Satellite (TESS)
Kepler-675 b,2.44,0.24,6.53,M-R relationship,0.0325,0.75,665.68,2016,Transit,Kepler
Kepler-1489 c,0.51,0.08,0.087,M-R relationship,,0.957,1283.05,2024,Transit,Kepler
K2-190 c,1.09308317,0.15187251,1.34,M-R relationship,,0.912206,160.679,2018,Transit,K2
Kepler-276 c,2.9,1.27,16.6,Mass,0.18619,1.03,1144.86,2013,Transit,Kepler
HD 148164 b,13.7,,390.9309,Msini,0.993,1.34,77.1971,2018,Radial Velocity,W. M. Keck Observatory
Kepler-1996 b,2.26,0.16,5.73,M-R relationship,0.1789,0.675,440.561,2023,Transit,Kepler
HIP 107772 b,3.64,,12.9,Msini,0.243,0.513922,23.6434,2020,Radial Velocity,Multiple Observatories
Kepler-446 c,1.11,0.18,1.41,M-R relationship,0.0283,0.24,96.339,2015,Transit,Kepler
KIC 3526061 b,12.1,,5768.58558705,Msini,5.14,5.86,401.229,2022,Radial Velocity,McDonald Observatory
HD 11964 c,5.38,,25.0,Msini,0.229,2.00971,33.5369,2008,Radial Velocity,W. M. Keck Observatory
Kepler-1482 b,1.01,0.1,1.01,M-R relationship,0.09968,0.84,567.556,2016,Transit,Kepler
TOI-5515 b,2.65362762,0.25797628,7.53,M-R relationship,,0.835682,135.459,2026,Transit,Transiting Exoplanet Survey Satellite (TESS)
TOI-2184 b,11.39953337,0.57165802,206.58846455,Mass,,2.9,788.317,2022,Transit,Transiting Exoplanet Survey Satellite (TESS)
HD 102329 c,13.5,,483.1016,Msini,,6.3,217.107,2016,Radial Velocity,W. M. Keck Observatory
HD 39194 b,1.99,,4.62,Msini,0.05895,0.783742,26.4131,2021,Radial Velocity,La Silla Observatory
HD 199509 b,7.43,,43.22466335,Msini,0.426,0.92,24.3056,2022,Radial Velocity,Multiple Observatories
Kepler-325 d,2.79,1.39,8.2,M-R relationship,0.22,1.003,823.242,2014,Transit,Kepler
Kepler-1940 b,1.54732469,,3.01,M-R relationship,0.0525,0.717,798.595,2021,Transit,Kepler
TOI-2545 b,2.75,,8.0,M-R relationship,,1.25324,107.118,2022,Transit,Transiting Exoplanet Survey Satellite (TESS)
Kepler-1612 b,1.03,0.18,1.08,M-R relationship,0.0482,0.94,764.726,2016,Transit,Kepler
HD 136352 c,2.916,0.075,11.24,Mass,0.1721,1.058,14.682,2019,Radial Velocity,La Silla Observatory
EPIC 201615463 c,1.22,0.21,1.98,M-R relationship,,1.61,476.882,2019,Transit,K2
Kepler-225 b,1.2,0.07,1.87,M-R relationship,0.056,0.48,561.101,2014,Transit,Kepler
HD 20868 b,13.7,,397.2875,Msini,0.95,0.76,47.7223,2008,Radial Velocity,La Silla Observatory
Kepler-1930 b,1.52955541,,2.95,M-R relationship,0.10233,0.844,275.694,2021,Transit,Kepler
Kepler-1439 b,1.46,0.14,2.73,M-R relationship,0.0594,0.43,225.393,2016,Transit,Kepler
HD 155193 b,14.0,,238.37130525,Msini,1.04,1.76439,57.7995,2021,Radial Velocity,Haute-Provence Observatory
TOI-1266 c,1.98,0.1,3.17,Mass,0.105,0.4232,36.0118,2020,Transit,Transiting Exoplanet Survey Satellite (TESS)
Kepler-1536 b,3.14,0.36,10.0,M-R relationship,0.8507,0.67,387.248,2016,Transit,Kepler
HD 134987 b,13.5,,511.7063,Msini,0.81,1.22,26.1804,1999,Radial Velocity,W. M. Keck Observatory
Kepler-961 b,2.55,0.11,7.04,M-R relationship,0.12585,0.9,574.314,2016,Transit,Kepler
TOI-262 b,2.07,0.15,4.94,M-R relationship,0.163,0.853,43.932,2023,Transit,Transiting Exoplanet Survey Satellite (TESS)
Kepler-539 b,8.373123,0.190553,308.2951,Mass,0.4988,0.952,307.318,2016,Transit,Kepler
Kepler-319 c,2.63,0.37,7.41,M-R relationship,0.069,0.903,503.436,2014,Transit,Kepler
HD 179079 b,,,4195.3349724,Mass,0.1214,1.63,69.7116,2008,Radial Velocity,W. M. Keck Observatory
Kepler-1099 b,2.83,0.43,8.4,M-R relationship,0.0337,1.0,1022.8,2016,Transit,Kepler
Kepler-244 d,2.31,0.97,15.2,Mass,0.14,0.803,1036.49,2014,Transit,Kepler
NY Vir c,12.8,,1760.7782,Msini,,0.151,544.024,2019,Eclipse Timing Variations,Winer Observatory
Kepler-377 b,1.39,0.27,2.51,M-R relationship,0.109,1.224,823.804,2014,Transit,Kepler
Kepler-879 b,2.57,0.66,7.13,M-R relationship,0.2012,1.02,802.672,2016,Transit,Kepler
Kepler-705 b,2.11,0.1,5.1,M-R relationship,0.232,0.51,276.881,2016,Transit,Kepler
Kepler-163 c,2.26,0.94,5.73,M-R relationship,0.152,0.917,689.814,2014,Transit,Kepler
TOI-778 b,15.4,0.5,878.0,Mass,0.06,1.71,161.743,2023,Transit,Transiting Exoplanet Survey Satellite (TESS)
Kepler-1355 b,1.46,0.12,2.73,M-R relationship,0.0224,0.83,911.269,2016,Transit,Kepler
Kepler-411 d,3.319,0.104,15.2,Mass,0.279,0.82,153.676,2018,Transit,Kepler
Kepler-1542 e,0.76,0.1,0.363,M-R relationship,0.05649,0.99,399.114,2016,Transit,Kepler
Kepler-1579 b,0.84,0.06,0.52,M-R relationship,0.014,0.7,466.0,2016,Transit,Kepler
K2-264 c,2.668,0.201,7.6,M-R relationship,0.11283,0.473,185.605,2018,Transit,K2
Kepler-1073 d,1.48770949,,2.82,M-R relationship,0.0352,1.116,809.897,2021,Transit,Kepler
Kepler-510 b,2.47,0.23,6.66,M-R relationship,0.1352,1.41,386.177,2016,Transit,Kepler
HD 164509 b,14.3,,140.79869,Msini,0.87,1.11,53.1119,2012,Radial Velocity,W. M. Keck Observatory
TIC 34085383 b,3.91982296,0.40942416,14.6,M-R relationship,,0.809951,149.12,2026,Transit,Transiting Exoplanet Survey Satellite (TESS)
TYC 3667-1280-1 b,12.8,,1716.282,Msini,0.21,6.26,477.516,2016,Radial Velocity,McDonald Observatory
HATS-59 c,12.3,,4036.441,Msini,2.504,1.036,642.884,2018,Radial Velocity,HATSouth
Kepler-1605 b,1.08,0.09,1.28,M-R relationship,0.36567,0.82,546.23,2016,Transit,Kepler
Ross 458 c,14.01125,,1906.98,Mass,1100.0,0.562566,11.5094,2010,Imaging,Las Campanas Observatory
SR 12 AB c,12.3,,4131.62,Mass,,1.103075,112.31721584,2010,Imaging,Infrared Survey Facility
HD 187123 b,14.2,,166.218,Msini,0.0426,1.15043,45.9548,1998,Radial Velocity,W. M. Keck Observatory
OGLE-TR-132 b,13.45,1.68,375.02,Mass,0.03035,1.32,2012.62,2004,Transit,OGLE
OGLE-TR-56 b,15.278,1.031,441.77,Mass,0.02383,1.363,282.83913869,2002,Transit,OGLE
WASP-156 b,6.15,0.12,42.0,Mass,0.046,0.8268,122.066,2017,Transit,SuperWASP
HD 22781 b,12.3,,4338.2,Msini,1.167,0.743475,32.6034,2011,Radial Velocity,Haute-Provence Observatory
Kepler-16 b,8.4493,0.0291,105.833,Mass,0.7048,0.6489,75.0852,2011,Transit,Kepler
Kepler-27 c,4.9,,4385.87,Mass,0.191,0.59,1044.36,2011,Transit,Kepler
WASP-23 b,10.783,0.527,280.95,Mass,0.0376,0.765,207.49,2010,Transit,SuperWASP
Kepler-27 b,4.0,,2895.31,Mass,0.118,0.59,1044.36,2011,Transit,Kepler
HD 114783 b,13.7,,349.6,Msini,1.16,0.840622,21.0628,2001,Radial Velocity,W. M. Keck Observatory
HD 19994 b,13.6,,435.41,Msini,1.305,1.79647,22.5242,2003,Radial Velocity,La Silla Observatory
47 UMa b,13.2,,804.08,Msini,2.1,1.21334,13.7967,1996,Radial Velocity,Lick Observatory
Kepler-18 c,5.49,0.26,17.3,Mass,0.0752,1.108,433.047,2011,Transit,Kepler
Kepler-18 b,2.0,0.1,6.9,Mass,0.0447,1.108,433.047,2011,Transit,Kepler
Kepler-31 c,5.3,1.1,1493.7,Mass,0.26,1.22,1664.64,2011,Transit,Kepler
Kepler-32 e,1.5,0.1,4.08181,Mass,0.033,0.53,323.847,2012,Transit,Kepler
61 Vir b,2.11,,5.1,Msini,0.050201,0.963,8.50332,2009,Radial Velocity,Multiple Observatories
61 Vir c,4.46,,18.2,Msini,0.2175,0.963,8.50332,2009,Radial Velocity,Multiple Observatories
47 UMa d,13.5,,521.22,Msini,11.6,1.21334,13.7967,2009,Radial Velocity,Lick Observatory
47 UMa c,14.2,,171.621,Msini,3.6,1.21334,13.7967,2001,Radial Velocity,Lick Observatory
BD-08 2823 c,12.5,,104.0,Msini,0.68,0.71,41.3342,2009,Radial Velocity,La Silla Observatory
CoRoT-23 b,11.77,1.46,889.9,Mass,0.048,1.61,1060.97,2011,Transit,CoRoT
Kepler-18 d,6.98,0.33,16.4,Mass,0.1172,1.108,433.047,2011,Transit,Kepler
HATS-1 b,14.594,1.816,589.55,Mass,0.0444,1.038,283.971,2012,Transit,HATSouth
HD 47186 c,13.0,,111.42,Msini,2.395,1.08,37.4574,2008,Radial Velocity,La Silla Observatory
HD 196885 A b,13.2,,819.97,Msini,2.37,1.31,34.1692,2007,Radial Velocity,Haute-Provence Observatory
CoRoT-6 b,13.068,0.392,940.74,Mass,0.0855,1.025,645.294,2009,Transit,CoRoT
HR 8799 b,13.0,1.0,2000.0,Mass,68.0,1.49338,41.2441,2008,Imaging,Gemini Observatory
HAT-P-37 b,13.204,0.863,371.528,Mass,0.0379,0.877,390.594,2011,Transit,HATNet
Kepler-42 b,0.78,0.22,0.705944,Mass,0.0116,0.17,40.0595,2011,Transit,Kepler
Kepler-32 d,2.7,0.2,39.9089,Mass,0.13,0.53,323.847,2012,Transit,Kepler
Kepler-32 f,0.82,0.07,1862.11,Mass,0.013,0.53,323.847,2012,Transit,Kepler
BD+20 2457 b,12.1,,6807.63,Msini,1.45,49.0,1539.71,2009,Radial Velocity,McDonald Observatory
HR 8799 d,13.0,1.0,3000.0,Mass,24.0,1.49338,41.2441,2008,Imaging,W. M. Keck Observatory
GJ 179 b,13.8,,301.93698665,Mass,2.41,0.38,12.356,2009,Radial Velocity,W. M. Keck Observatory
SWEEPS-4 b,9.079,1.121,1207.7,Mass,0.055,1.18,8500.0,2006,Transit,Hubble Space Telescope
Kepler-42 c,0.73,0.2,60.337,Mass,0.006,0.17,40.0595,2011,Transit,Kepler
Kepler-33 c,3.2,0.3,0.39,Mass,0.1189,1.82,1209.16,2011,Transit,Kepler
Kepler-35 b,8.16,0.157,40.363,Mass,0.60347,1.0284,1819.17,2011,Transit,Kepler
CoRoT-16 b,13.11,1.79,170.032,Mass,0.0618,1.19,732.409,2011,Transit,CoRoT
HD 240210 b,12.8,,1655.82,Msini,1.16,25.456816,372.405,2009,Radial Velocity,McDonald Observatory
BD+20 2457 c,12.4,,3963.17,Msini,2.01,49.0,1539.71,2009,Radial Velocity,McDonald Observatory
HD 110014 b,12.4,,3524.59,Msini,2.14,20.9,100.758,2009,Radial Velocity,La Silla Observatory
HIP 5158 b,13.6,,451.0,Msini,0.89,0.75,51.6026,2009,Radial Velocity,La Silla Observatory
Kepler-33 e,4.02,0.38,5.57,Mass,0.2138,1.82,1209.16,2011,Transit,Kepler
Kepler-33 d,5.35,0.49,3.91,Mass,0.1662,1.82,1209.16,2011,Transit,Kepler
BD+20 274 b,13.0,,1334.886,Msini,1.3,17.3,1322.51,2012,Radial Velocity,McDonald Observatory
KELT-1 b,12.442,0.358687,8654.15,Mass,0.02466,1.471,268.43,2012,Transit,KELT
CoRoT-5 b,15.558,0.516,148.42,Mass,0.04947,1.186,882.472,2009,Transit,CoRoT
HD 134987 c,13.9,,260.0,Msini,5.8,1.25,26.1804,2009,Radial Velocity,Multiple Observatories
HD 147018 b,13.4,,674.0,Msini,0.2388,0.937948,40.4256,2009,Radial Velocity,La Silla Observatory
Kepler-33 f,4.46,0.41,9.6,Mass,0.2535,1.82,1209.16,2011,Transit,Kepler
Kepler-31 b,5.5,1.1,36.7418,Mass,0.16,1.22,1664.64,2011,Transit,Kepler
Kepler-34 b,8.564,0.135,69.92,Mass,1.0896,1.1618,1800.82,2011,Transit,Kepler
HD 45350 b,13.5,,568.89,Msini,1.92,1.26442,46.8733,2004,Radial Velocity,W. M. Keck Observatory
HD 147018 c,12.7,,2080.0,Msini,1.922,0.937948,40.4256,2009,Radial Velocity,La Silla Observatory
CFBDSIR J145829+101343 b,12.4,,3337.1,Mass,2.6,,23.1,2011,Imaging,W. M. Keck Observatory
HD 220773 b,13.6,,460.8,Msini,4.94,1.679696,50.5103,2011,Radial Velocity,McDonald Observatory
HD 147513 b,13.7,,385.0,Msini,1.32,0.98,12.9032,2003,Radial Velocity,La Silla Observatory
HD 129445 b,13.3,,797.74930157,Mass,2.9,1.175816,67.4386,2009,Radial Velocity,Las Campanas Observatory
WASP-5 b,12.184,0.762,502.15,Mass,0.0267,1.029,309.137,2008,Transit,SuperWASP
OGLE-TR-111 b,11.421971,0.291434,174.799,Mass,0.0473,0.83,1068.33,2004,Transit,OGLE
HD 8535 b,14.0,,216.1244,Msini,2.45,1.19,55.4401,2010,Radial Velocity,La Silla Observatory
MOA-2009-BLG-266L b,3.21,,10.4,Mass,3.2,,3040.0,2011,Microlensing,MOA
GJ 667 C b,2.25,,5.68,Msini,0.050431,,7.24396,2012,Radial Velocity,La Silla Observatory
HIP 5158 c,12.2,,4780.1632,Msini,7.7,0.754089,51.6026,2011,Radial Velocity,La Silla Observatory
HAT-P-23 b,15.334,1.009,664.237,Mass,0.0232,1.203,364.813,2010,Transit,HATNet
HAT-P-20 b,9.718,0.37,2302.899,Mass,0.0361,0.694,71.0374,2010,Transit,HATNet
CoRoT-17 b,11.43,0.78,772.29,Mass,0.0461,1.59,1176.12,2011,Transit,CoRoT
HD 132563 b,13.6,,473.547,Msini,2.62,1.29577,105.155,2011,Radial Velocity,Roque de los Muchachos Observatory
Kepler-45 b,10.76,1.23,160.497,Mass,0.03,0.55,381.949,2011,Transit,Kepler
HU Aqr AB b,12.8,,1875.197,Msin(i)/sin(i),3.6,,192.19807871,2011,Eclipse Timing Variations,Yunnan Astronomical Observatory
Kepler-419 b,10.8,1.4,794.5,Mass,0.37,1.74,1011.36,2014,Transit,Kepler
GJ 3634 b,2.83,,8.4,Mass,0.0287,0.43,20.3779,2010,Radial Velocity,La Silla Observatory
Kepler-14 b,12.733,0.818,2669.66,Mass,0.0771,2.048,798.0,2011,Transit,Kepler
CoRoT-18 b,14.68,2.02,1102.82,Mass,0.0295,1.0,764.889,2011,Transit,CoRoT
Kepler-15 b,10.76,0.67,209.76,Mass,0.05714,0.992,739.412,2011,Transit,Kepler
KOI-55 b,0.759,,0.44,Mass,0.006,0.203,1231.02,2011,Orbital Brightness Modulation,Kepler
PSR J1719-1438 b,,,382.8,Mass,0.0044,,1200.0,2011,Pulsar Timing,Parkes Observatory
CoRoT-14 b,12.22,0.78,2415.4,Mass,0.027,1.21,1744.6,2010,Transit,CoRoT
HD 11964 b,14.1,,198.0,Msini,3.16,2.00971,33.5369,2005,Radial Velocity,W. M. Keck Observatory
HAT-P-4 b,14.28,0.549,213.255,Mass,0.04438,1.596,320.451,2007,Transit,HATNet
OGLE-TR-10 b,14.011,1.569,197.046,Mass,0.0434,1.17,1344.97,2004,Transit,OGLE
OGLE-TR-113 b,12.251,0.314,400.449,Mass,0.02289,0.774,566.459,2004,Transit,OGLE
HD 192310 b,4.27,,16.9,Msin(i)/sin(i),0.32,0.857922,8.79687,2011,Radial Velocity,La Silla Observatory
OGLE-2014-BLG-1760L b,13.8,,295.89824692,Mass,1.887,,7056.0,2016,Microlensing,OGLE
OGLE-2013-BLG-0132L b,11.6,,92.0,Mass,3.6,,3900.0,2017,Microlensing,OGLE
Kepler-277 b,2.92,0.73,87.3,Mass,0.14168,1.69,976.643,2013,Transit,Kepler
KMT-2017-BLG-1194L b,1.7,,3.54,Mass,1.78,,4240.0,2023,Microlensing,KMTNet
KMT-2017-BLG-2331L b,14.2,,171.0,Mass,2.14,,8030.0,2024,Microlensing,KMTNet
HD 41004 A b,13.2,,807.25,Msini,,0.85,36.69117,2004,Radial Velocity,La Silla Observatory
OGLE-2019-BLG-0299L b,12.7,,1976.89269154,Mass,2.8,,5830.0,2021,Microlensing,OGLE
Kepler-476 b,3.08,0.51,9.69,M-R relationship,0.1126,1.09,813.535,2016,Transit,Kepler
KMT-2021-BLG-2294L b,5.02,,22.24798849,Mass,1.15,,6800.0,2022,Microlensing,KMTNet
KMT-2022-BLG-1013L b,12.1,,98.52680617,Mass,1.38,,7710.0,2023,Microlensing,KMTNet
HD 114082 b,11.2089807,0.33626942,2542.627256,Mass,0.5109,1.49,95.3906,2022,Radial Velocity,La Silla Observatory
WASP-155 b,13.45077684,0.67253884,276.8285425,Mass,0.043,1.24,399.63,2025,Transit,SuperWASP
KMT-2019-BLG-0414L b,12.9,,1452.47581999,Mass,1.16,,4410.0,2022,Microlensing,KMTNet
HD 62509 b,13.3,,731.0,Msini,1.64,8.9,10.34,2006,Radial Velocity,Multiple Observatories
Kepler-65 b,1.42,0.03,2.4,Mass,0.035,1.41,303.728,2012,Transit,Kepler
RR Cae b,13.0,,1334.886,Msini,5.3,0.193119,21.1916,2012,Eclipse Timing Variations,Leoncito Astronomical Complex
WASP-65 b,12.464,0.661,492.62,Mass,0.0334,1.01,273.703,2013,Transit,SuperWASP
Kepler-30 c,12.3,0.4,640.0,Mass,0.3,0.95,914.221,2012,Transit,Kepler
Kepler-38 b,4.3,0.11,122.0,Mass,0.4632,1.752,1174.59,2012,Transit,Kepler
WASP-8 c,12.5,,3003.37,Msini,5.28,0.96,89.9606,2013,Radial Velocity,SuperWASP
ROXs 42 B b,12.5,,2860.0,Mass,157.0,1.33658,143.59,2013,Imaging,Multiple Observatories
WASP-1 b,16.623,0.269,271.415,Mass,0.03889,1.47,393.072,2007,Transit,SuperWASP
Kepler-50 c,2.17,0.07,8.2,Mass,0.087,1.58,250.11,2012,Transit,Kepler
BD+15 2940 b,13.7,,352.78,Msini,0.539,14.7,426.42,2013,Radial Velocity,McDonald Observatory
Kepler-87 b,13.49,0.55,324.2,Mass,0.481,1.82,1232.9,2013,Transit,Kepler
WASP-75 b,14.235,0.538,340.06,Mass,0.0375,1.26,294.001,2013,Transit,SuperWASP
Kepler-87 c,6.14,0.29,6.4,Mass,0.676,1.82,1232.9,2013,Transit,Kepler
HD 40307 b,,,1188.99607059,Mass,0.0468,0.716684,12.9363,2009,Radial Velocity,La Silla Observatory
WTS-1 b,16.7,1.79,1274.44,Mass,0.047,1.15,2346.01,2012,Transit,United Kingdom Infrared Telescope
HD 40307 c,,,1868.51320475,Mass,0.0799,0.716684,12.9363,2009,Radial Velocity,La Silla Observatory
CoRoT-26 b,14.12,1.46,165.26,Mass,0.0526,1.79,1045.18,2013,Transit,CoRoT
91 Aqr b,13.1,,1017.0,Msini,0.7,11.0,44.0304,2013,Radial Velocity,Lick Observatory
tau Gem b,12.1,,6547.0,Msini,1.17,26.8,112.537,2013,Radial Velocity,Lick Observatory
HAT-P-42 b,14.348,1.715,331.801,Mass,0.0575,1.53,405.238,2012,Transit,HATNet
Kepler-56 c,9.8,0.46,181.0,Mass,0.1652,4.23,912.994,2012,Transit,Kepler
HD 40307 d,,,1775.3894815,Mass,0.1321,0.716684,12.9363,2009,Radial Velocity,La Silla Observatory
HD 40307 f,2.13,,5.2,Msini,0.247,0.716684,12.9363,2013,Radial Velocity,La Silla Observatory
Kepler-186 e,1.27,0.15,2.15,M-R relationship,0.11,0.472,177.594,2014,Transit,Kepler
Kepler-186 c,1.25,0.14,2.1,M-R relationship,0.0451,0.472,177.594,2014,Transit,Kepler
GJ 163 c,2.5,,6.8,Msini,0.1254,0.409738,15.1285,2013,Radial Velocity,La Silla Observatory
GJ 163 d,5.92,,29.4,Msini,1.0304,0.409738,15.1285,2013,Radial Velocity,La Silla Observatory
Kepler-56 b,6.51,0.29,22.1,Mass,0.1028,4.23,912.994,2012,Transit,Kepler
HD 208527 b,12.5,,3146.4,Msini,2.1,51.1,312.202,2012,Radial Velocity,Bohyunsan Optical Astronomical Observatory
HD 40307 g,2.56,,7.1,Msini,0.6,0.716684,12.9363,2013,Radial Velocity,La Silla Observatory
Kepler-186 d,1.4,0.16,2.54,M-R relationship,0.0781,0.472,177.594,2014,Transit,Kepler
GU Psc b,14.179,1.289,3591.3,Mass,2000.0,0.450458,47.5501,2014,Imaging,Gemini Observatory
HIP 63242 b,12.5,,2917.56,Msini,0.565,10.275655,156.456,2013,Radial Velocity,Multiple Observatories
Kepler-11 b,1.8,0.03,1.9,Mass,0.091,1.065,646.346,2010,Transit,Kepler
KOI-351 f,2.88,0.52,8.65,M-R relationship,0.48,1.2,848.254,2013,Transit,Kepler
CoRoT-1 b,16.7,0.9,327.35,Mass,0.02752,1.11,787.909,2008,Transit,CoRoT
HAT-P-45 b,15.984,1.962,283.492,Mass,0.0452,1.319,298.64,2014,Transit,HATNet
HAT-P-44 b,13.922,1.188,111.871,Mass,0.0507,0.949,347.85,2014,Transit,HATNet
Kepler-11 e,4.19,0.07,8.0,Mass,0.195,1.065,646.346,2010,Transit,Kepler
HD 95086 b,12.9,,1589.0,Mass,55.7,1.48667,86.2279,2013,Imaging,Paranal Observatory
BD-06 1339 b,,,1523.03372634,Mass,0.0428,0.686355,20.2695,2013,Radial Velocity,La Silla Observatory
HD 103774 b,13.3,,116.0,Msini,0.07,1.581047,56.4089,2013,Radial Velocity,La Silla Observatory
HAT-P-44 c,13.0,,1271.3,Msini,1.752,0.949,347.85,2014,Radial Velocity,W. M. Keck Observatory
HATS-5 b,10.223,0.28,75.323,Mass,0.0542,0.871,246.384,2014,Transit,HATSouth
Kepler-11 g,3.33,0.06,25.0,Mass,0.466,1.065,646.346,2010,Transit,Kepler
KOI-351 e,2.66,0.29,7.56,M-R relationship,0.42,1.2,848.254,2013,Transit,Kepler
KOI-351 c,1.19,0.14,1.81,M-R relationship,0.089,1.2,848.254,2013,Transit,Kepler
HD 109271 b,4.31,,17.162,Msini,0.079,1.294595,55.8716,2013,Radial Velocity,La Silla Observatory
HD 109271 c,5.27,,24.154,Msini,0.196,1.294595,55.8716,2013,Radial Velocity,La Silla Observatory
bet Cnc b,12.6,,2479.0,Msini,1.7,47.2,89.0472,2014,Radial Velocity,Bohyunsan Optical Astronomical Observatory
mu Leo b,13.3,,762.8,Msini,1.1,11.4,32.6081,2014,Radial Velocity,Bohyunsan Optical Astronomical Observatory
Kepler-11 c,2.87,0.05,2.9,Mass,0.107,1.065,646.346,2010,Transit,Kepler
OGLE-2012-BLG-0358L b,13.4,,588.0,Mass,0.87,,1760.0,2013,Microlensing,OGLE
HD 166724 b,13.0,,1207.7479466,Mass,5.42,0.797485,45.1342,2012,Radial Velocity,La Silla Observatory
WASP-64 b,14.247,0.437,403.945,Mass,0.02648,1.058,369.926,2012,Transit,SuperWASP
Kepler-415 c,2.01,0.15,4.7,M-R relationship,0.0695,0.643,530.487,2014,Transit Timing Variations,Kepler
Kepler-67 b,2.94,0.16,8.96,M-R relationship,0.1171,0.778,1131.19,2013,Transit,Kepler
GJ 667 C c,1.77,,3.8,Msini,0.125,,7.24396,2013,Radial Velocity,La Silla Observatory
HAT-P-38 b,9.247,1.031,84.857,Mass,0.0523,0.923,255.206,2012,Transit,HATNet
WASP-7 b,14.90797,1.042437,305.1168,Mass,0.0617,1.432,162.303,2008,Transit,SuperWASP
OGLE-2011-BLG-0251L b,14.2,,170.0,Mass,2.72,,2570.0,2012,Microlensing,OGLE
PH1 b,6.18,0.17,169.0,Mass,0.652,1.734,1033.16,2012,Transit,Kepler
Kepler-414 c,3.01,0.54,29.9,Mass,0.07195,0.946,413.46,2014,Transit Timing Variations,Kepler
Kepler-122 f,1.75,0.6,36.0,Mass,0.28575,0.949,1027.45,2014,Transit Timing Variations,Kepler
Kepler-1544 b,1.78,0.09,3.82,M-R relationship,0.54465,0.74,335.09,2016,Transit,Kepler
GJ 667 C e,1.45,,2.7,Msini,0.213,,7.24396,2013,Radial Velocity,La Silla Observatory
HD 207832 c,14.0,,232.0159,Msini,2.112,0.901,58.9291,2012,Radial Velocity,W. M. Keck Observatory
HAT-P-39 b,17.609,1.211,190.372,Mass,0.0509,1.625,697.004,2012,Transit,HATNet
HD 150706 b,13.3,,772.32302901,Mass,6.7,0.96,28.2697,2012,Radial Velocity,Haute-Provence Observatory
HIP 57274 d,14.2,,167.4,Msini,1.01,0.68,25.8618,2011,Radial Velocity,W. M. Keck Observatory
Kepler-415 b,1.21,0.13,119.9,Mass,0.0426,0.643,530.487,2014,Transit Timing Variations,Kepler
CoRoT-2 b,16.432,0.471,1102.82,Mass,0.02798,0.906,213.283,2008,Transit,CoRoT
Kepler-46 c,13.5,,119.499,Mass,0.2799,0.938,777.06,2012,Transit Timing Variations,Kepler
Oph 11 b,12.3,,4449.62,Mass,243.0,0.232692,136.16559197,2006,Imaging,Gemini Observatory
Kepler-338 e,1.56,0.07,8.5,Mass,0.08979,1.735,552.798,2014,Transit Timing Variations,Kepler
Kepler-418 b,13.45,1.79,349.6112477,Mass,0.39249,1.09,1002.53,2014,Transit,Kepler
DP Leo b,12.7,,1995.88832,Mass,8.19,0.0115,305.684,2009,Eclipse Timing Variations,Yunnan Astronomical Observatory
Kepler-58 b,2.78,,35.5,Mass,0.09291,1.03,969.252,2012,Transit,Kepler
Kepler-59 c,1.98,,3.81,Mass,0.13114,0.94,1163.22,2012,Transit,Kepler
Kepler-130 c,2.9,0.25,8.75,M-R relationship,0.178,1.17,316.663,2014,Transit,Kepler
CoRoT-27 b,11.287,0.493,3302.11,Mass,0.0476,1.08,1010.28,2014,Transit,CoRoT
HIP 105854 b,12.6,,2606.1,Msini,0.81,10.305119,78.6381,2014,Radial Velocity,Multiple Observatories
Kapteyn c,2.54,,7.0,Msini,0.311,0.291,3.93305,2014,Radial Velocity,Multiple Observatories
2MASS J01225093-2439505 b,11.209,,7786.5,Mass,52.0,0.36645,33.8281,2013,Imaging,W. M. Keck Observatory
Kepler-63 b,6.11,0.2,120.0,Mass,0.08,0.901,194.033,2013,Transit,Kepler
Kepler-53 c,3.17,,36.0,Mass,0.22091,0.89,1366.07,2012,Transit,Kepler
Kepler-54 c,1.23,,0.7,Mass,0.0809,0.5,271.701,2012,Transit,Kepler
Kepler-83 c,2.36,0.35,2.03,Mass,0.11796,0.61,400.409,2012,Transit,Kepler
Kepler-81 b,2.42,0.38,17.2,Mass,0.0522,0.59,348.291,2012,Transit,Kepler
Kepler-55 c,2.21,,69.8,Mass,0.2095,0.58,578.796,2012,Transit,Kepler
Kepler-59 b,1.1,,4.1,Mass,0.09943,0.94,1163.22,2012,Transit,Kepler
HD 82943 b,13.5,,534.25,Mass,1.18306,1.1826,27.5902,2003,Radial Velocity,La Silla Observatory
HD 154857 c,13.2,,819.97,Msini,5.36,1.76,63.4482,2014,Radial Velocity,Anglo-Australian Telescope
Kepler-62 d,1.95,0.07,14.0,Mass,0.12,0.64,300.874,2013,Transit,Kepler
Kepler-62 b,1.31,0.04,9.0,Mass,0.0553,0.64,300.874,2013,Transit,Kepler
Kepler-83 b,2.83,0.41,2.94,Mass,0.07295,0.61,400.409,2012,Transit,Kepler
POTS-1 b,10.548,0.404,734.16,Mass,0.03734,0.588,747.959,2013,Transit,La Silla Observatory
Kepler-54 b,2.1,,0.98,Mass,0.0619,0.5,271.701,2012,Transit,Kepler
Kepler-55 b,2.43,,43.0,Mass,0.1593,0.58,578.796,2012,Transit,Kepler
HD 82943 c,13.4,,622.603,Mass,0.74345,1.1826,27.5902,2003,Radial Velocity,La Silla Observatory
Kepler-413 b,4.347,0.099,67.0,Mass,0.3553,0.7761,847.536,2014,Transit,Kepler
Kepler-61 b,2.15,0.13,5.27,M-R relationship,0.24861,0.62,335.079,2013,Transit,Kepler
HAT-P-27 b,11.43,0.78,197.05,Mass,0.04,0.864673,199.173,2011,Transit,HATNet
Qatar-4 b,12.722215,1.23299,1938.763,Mass,0.02803,0.849,329.036,2017,Transit,Qatar
WTS-2 b,15.277867,0.683749,355.9696,Mass,0.01855,0.752,1030.76834437,2014,Transit,United Kingdom Infrared Telescope
HD 4203 c,13.3,,689.66,Msini,6.95,1.49795,81.3795,2014,Radial Velocity,W. M. Keck Observatory
Kepler-193 c,2.75,1.24,8.0,M-R relationship,0.286,1.147,1009.1,2014,Transit,Kepler
Kepler-207 b,1.57,0.3,3.09,M-R relationship,0.029,1.588,875.519,2014,Transit,Kepler
Kepler-313 b,2.53,0.31,6.94,M-R relationship,0.125,1.536,1079.39524871,2014,Transit,Kepler
Kepler-120 c,1.53,0.09,2.96,M-R relationship,0.088,0.534,388.63,2014,Transit,Kepler
Kepler-238 e,5.6,2.37,169.7,Mass,0.17286,0.96,1798.75,2013,Transit,Kepler
Kepler-328 b,2.3,0.96,28.5,Mass,0.2199,1.06,2213.19,2013,Transit,Kepler
Kepler-280 b,1.45,0.7,2.7,M-R relationship,0.032,0.886,780.361,2014,Transit,Kepler
Kepler-275 c,3.38,0.64,11.4,M-R relationship,0.132,1.383,2034.25,2014,Transit,Kepler
Kepler-214 b,2.61,0.49,7.32,M-R relationship,0.13,1.352,1208.44,2014,Transit,Kepler
Kepler-219 c,3.58,0.6,12.5,M-R relationship,0.165,1.491,787.07,2014,Transit,Kepler
Kepler-331 b,1.82,0.19,3.97,M-R relationship,0.065,0.492,580.119,2014,Transit,Kepler
Kepler-340 c,3.37,0.77,11.3,M-R relationship,0.178,1.85,808.762,2014,Transit,Kepler
TOI-4438 b,2.4,0.09,4.11,Mass,0.0523,0.365,30.0346,2024,Transit,Transiting Exoplanet Survey Satellite (TESS)
Kepler-293 b,3.07,1.3,9.64,M-R relationship,0.144,0.957,974.633,2014,Transit,Kepler
Kepler-291 b,2.16,0.94,5.31,M-R relationship,0.047,1.016,1786.48,2014,Transit,Kepler
Kepler-224 d,2.3,0.14,5.9,M-R relationship,0.089,0.676,782.088,2014,Transit,Kepler
Kepler-124 c,1.75,0.09,3.71,M-R relationship,0.1,0.636,420.046,2014,Transit,Kepler
Kepler-338 b,2.44,0.13,30.6,Mass,0.117,1.735,552.798,2014,Transit,Kepler
Kepler-111 b,1.58,0.2,3.12,M-R relationship,0.046,1.157,657.223,2014,Transit,Kepler
Kepler-148 c,3.6,1.76,12.6,M-R relationship,0.05,0.851,791.163,2014,Transit,Kepler
Kepler-179 b,1.64,0.68,3.33,M-R relationship,0.036,0.759,605.68,2014,Transit,Kepler
Kepler-290 c,2.7,1.39,7.75,M-R relationship,0.205,0.743,694.627,2014,Transit,Kepler
Kepler-302 c,12.45,2.54,,Msini,0.503,1.22,1402.58,2014,Transit,Kepler
Kepler-226 b,1.55,0.62,24.0,Mass,0.047,0.802,980.138,2014,Transit,Kepler
Kepler-333 b,1.32,0.16,28.2,Mass,0.087,0.534,324.413,2014,Transit,Kepler
Kepler-343 b,2.41,0.51,6.39,M-R relationship,0.088,1.433,927.193,2014,Transit,Kepler
Kepler-197 d,1.22,0.1,1.98,M-R relationship,0.119,1.12,330.575,2014,Transit,Kepler
TOI-762 A b,8.33948164,0.19055267,79.77493016,Mass,0.03418,0.425,98.4458,2024,Transit,Transiting Exoplanet Survey Satellite (TESS)
Kepler-125 b,2.37,0.1,6.21,M-R relationship,0.041,0.512,183.365,2014,Transit,Kepler
Kepler-306 c,2.35,0.19,6.12,M-R relationship,0.067,0.719,775.679,2014,Transit,Kepler
Kepler-53 d,2.12,1.05,166.503,Mass,0.091,0.958,1366.07,2014,Transit,Kepler
Kepler-238 d,3.07,0.57,23.1,Mass,0.115,1.43,1798.75,2014,Transit,Kepler
Kepler-127 d,2.64,0.14,7.46,M-R relationship,0.28,1.359,352.794,2014,Transit,Kepler
Kepler-222 c,4.64,2.07,19.4,M-R relationship,0.091,0.869,758.854,2014,Transit,Kepler
Kepler-257 d,4.95,2.48,21.7,M-R relationship,0.16,1.037,780.256,2014,Transit,Kepler
Kepler-308 b,2.12,1.02,5.14,M-R relationship,0.09,0.941,1335.92,2014,Transit,Kepler
Kepler-310 c,3.38,1.58,11.4,M-R relationship,0.281,0.876,602.268,2014,Transit,Kepler
Kepler-242 c,2.0,1.23,4.66,M-R relationship,0.109,0.85,600.241,2014,Transit,Kepler
Kepler-241 c,2.57,1.11,7.13,M-R relationship,0.189,0.668,512.0,2014,Transit,Kepler
Kepler-351 c,3.19,1.55,11.1,Mass,0.287,0.854,1083.91,2014,Transit,Kepler
Kepler-341 c,1.7,0.86,3.53,M-R relationship,0.08,1.024,1047.03,2014,Transit,Kepler
Kepler-166 c,2.38,1.23,6.26,M-R relationship,0.195,0.742,603.53,2014,Transit,Kepler
Kepler-108 c,8.18,0.51,50.9,M-R relationship,0.721,2.192,338.732,2014,Transit,Kepler
Kepler-311 b,1.7,0.33,3.53,M-R relationship,0.087,1.188,778.654,2014,Transit,Kepler
Kepler-276 b,2.87,1.35,731.209,Mass,0.119,1.046,1144.86,2014,Transit,Kepler
Kepler-254 c,2.15,1.03,3.2,Mass,0.105,0.91,1389.48,2014,Transit,Kepler
Kepler-268 c,3.38,0.69,11.4,M-R relationship,0.391,1.274,851.87,2014,Transit,Kepler
Kepler-321 c,2.32,0.45,5.99,M-R relationship,0.11,1.194,384.542,2014,Transit,Kepler
Kepler-349 b,1.9,0.72,94.5,Mass,0.065,0.927,940.724,2014,Transit,Kepler
Kepler-108 b,8.65,0.48,56.0,M-R relationship,0.292,2.192,338.732,2014,Transit,Kepler
Kepler-264 b,3.33,0.74,11.1,M-R relationship,0.249,1.55,942.173,2014,Transit,Kepler
Kepler-279 b,3.62,0.71,4180.93,Mass,0.112,1.746,1037.4,2014,Transit,Kepler
Kepler-286 c,1.37,0.27,2.45,M-R relationship,0.042,0.863,1226.85,2014,Transit,Kepler
Kepler-171 c,2.56,1.15,7.08,M-R relationship,0.098,0.839,863.855,2014,Transit,Kepler
Kepler-238 b,1.73,0.4,3305.02,Mass,0.034,1.43,1798.75,2014,Transit,Kepler
Kepler-329 c,1.93,0.29,4.38,M-R relationship,0.113,0.523,439.719,2014,Transit,Kepler
Kepler-345 c,1.2,0.07,2.2,Mass,0.077,0.623,260.0,2014,Transit,Kepler
Kepler-263 b,2.67,1.45,7.61,M-R relationship,0.12,0.785,754.747,2014,Transit,Kepler
Kepler-268 b,2.55,0.47,7.04,M-R relationship,0.18,1.274,851.87,2014,Transit,Kepler
Kepler-287 b,2.33,1.06,83.0,Mass,0.145,1.032,835.86,2014,Transit,Kepler
Kepler-290 b,2.25,1.22,5.69,M-R relationship,0.11,0.743,694.627,2014,Transit,Kepler
Kepler-82 d,1.77,0.27,885.098,Mass,0.034,0.945,904.326,2014,Transit,Kepler
Kepler-148 b,1.8,0.87,3.89,M-R relationship,0.028,0.851,791.163,2014,Transit,Kepler
HD 13908 c,12.8,,1630.4,Msini,2.03,1.67,79.5515,2013,Radial Velocity,Haute-Provence Observatory
HD 159243 b,13.7,,359.13,Msini,0.11,1.12,73.3055,2013,Radial Velocity,Haute-Provence Observatory
Kepler-292 d,2.23,0.21,5.6,M-R relationship,0.068,0.826,1056.48,2014,Transit,Kepler
Kepler-297 c,6.54,1.18,42.1,Mass,0.336,0.915,692.14,2014,Transit,Kepler
Kepler-150 e,3.12,0.55,9.91,M-R relationship,0.189,0.939,891.092,2014,Transit,Kepler
Kepler-178 c,2.88,1.23,8.65,M-R relationship,0.142,1.066,716.025,2014,Transit,Kepler
HD 73526 c,13.3,,715.09,Msini,1.03,1.53,97.2396,2005,Radial Velocity,Anglo-Australian Telescope
HD 106906 b,12.4,,3496.0,Mass,650.0,2.12351,103.029,2013,Imaging,Las Campanas Observatory
Kepler-267 b,1.98,0.09,37.9,Mass,0.037,0.555,264.993,2014,Transit,Kepler
Kepler-273 b,1.5,0.86,2.86,M-R relationship,0.037,0.815,713.964,2014,Transit,Kepler
Kepler-306 b,1.52,0.1,2.92,M-R relationship,0.05,0.719,775.679,2014,Transit,Kepler
Kepler-309 c,2.51,0.18,6.85,M-R relationship,0.401,0.721,544.568,2014,Transit,Kepler
Kepler-207 c,1.5,0.29,2.86,M-R relationship,0.044,1.588,875.519,2014,Transit,Kepler
Kepler-224 b,1.39,0.09,2.51,M-R relationship,0.038,0.676,782.088,2014,Transit,Kepler
Kepler-265 c,2.63,0.55,7.41,M-R relationship,0.127,1.103,1280.25,2014,Transit,Kepler
Kepler-269 b,2.47,1.15,6.66,M-R relationship,0.061,0.959,2257.32,2014,Transit,Kepler
Kepler-119 c,0.92,0.35,0.721,M-R relationship,0.049,0.839,701.996,2014,Transit,Kepler
Kepler-130 b,1.02,0.04,1.04,M-R relationship,0.079,1.127,316.663,2014,Transit,Kepler
Kepler-235 e,2.22,0.29,5.56,M-R relationship,0.213,0.554,428.018,2014,Transit,Kepler
Kepler-228 b,1.53,0.71,2.96,M-R relationship,0.038,1.014,1644.61,2014,Transit,Kepler
Kepler-305 b,3.6,0.9,10.5,Mass,0.05746,0.8,868.477,2013,Transit,Kepler
Kepler-277 c,3.36,0.83,64.2,Mass,0.21781,1.69,976.643,2013,Transit,Kepler
Kepler-301 b,1.35,0.72,2.39,M-R relationship,0.036,0.9,719.166,2014,Transit,Kepler
Kepler-300 c,2.25,1.04,5.69,M-R relationship,0.232,0.9,1098.45,2014,Transit,Kepler
Kepler-133 b,1.76,0.3,3.75,M-R relationship,0.083,1.425,653.6,2014,Transit,Kepler
Kepler-152 c,2.39,0.16,6.3,M-R relationship,0.356,0.724,441.09,2014,Transit,Kepler
Kepler-82 e,2.47,0.37,254.02,Mass,0.063,0.945,904.326,2014,Transit,Kepler
Kepler-299 c,2.65,0.63,7.51,M-R relationship,0.07,1.032,1052.24,2014,Transit,Kepler
Kepler-298 b,1.96,0.1,4.5,M-R relationship,0.08,0.582,518.204,2014,Transit,Kepler
Kepler-157 b,1.32,0.26,2.3,M-R relationship,0.028,1.044,773.713,2014,Transit,Kepler
Kepler-162 b,1.26,0.67,2.13,M-R relationship,0.069,0.958,855.641,2014,Transit,Kepler
Kepler-249 d,1.57,0.14,3.09,M-R relationship,0.097,0.482,190.401,2014,Transit,Kepler
Kepler-254 d,2.5,1.19,6.8,M-R relationship,0.139,0.91,1389.48,2014,Transit,Kepler
Kepler-114 c,1.6,0.18,2.8,Mass,0.06482,0.54,259.533,2013,Transit,Kepler
Kepler-145 b,2.65,0.08,37.1,Mass,0.17308,1.85,566.85,2013,Transit,Kepler
Kepler-295 b,1.22,0.64,1.98,M-R relationship,0.099,0.898,1699.19,2014,Transit,Kepler
Kepler-288 c,2.85,1.36,8.5,M-R relationship,0.14,1.091,1194.15,2014,Transit,Kepler
Kepler-286 d,1.33,0.27,2.33,M-R relationship,0.061,0.863,1226.85,2014,Transit,Kepler
Kepler-312 c,3.15,0.61,10.1,M-R relationship,0.153,1.467,797.72,2014,Transit,Kepler
Kepler-287 c,3.26,1.49,66.0,Mass,0.246,1.032,835.86,2014,Transit,Kepler
Kepler-285 b,1.34,0.58,2.36,M-R relationship,0.036,0.808,824.31,2014,Transit,Kepler
Kepler-178 d,3.95,1.7,14.8,M-R relationship,0.397,1.066,716.025,2014,Transit,Kepler
Kepler-183 b,2.06,0.89,4.9,M-R relationship,0.064,0.958,1050.64,2014,Transit,Kepler
Kepler-315 b,3.77,0.78,13.7,M-R relationship,0.402,1.037,1160.63,2014,Transit,Kepler
Kepler-316 c,1.16,0.12,1.65,M-R relationship,0.058,0.52,384.938,2014,Transit,Kepler
Kepler-284 b,2.24,0.98,5.65,M-R relationship,0.104,0.814,1031.95,2014,Transit,Kepler
Kepler-281 c,5.31,2.06,161.124,Mass,0.215,0.899,1745.45,2014,Transit,Kepler
Kepler-85 d,1.2,0.19,8.69679,Mass,0.13,0.893,765.025,2014,Transit,Kepler
Kepler-353 b,0.89,0.06,0.64,M-R relationship,0.051,0.504,384.694,2014,Transit,Kepler
Kepler-372 c,2.09,0.9,5.02,M-R relationship,0.154,1.137,1493.95,2014,Transit,Kepler
Kepler-374 c,1.1,0.57,1.37,M-R relationship,0.042,0.911,1265.61,2014,Transit,Kepler
Kepler-151 c,2.09,1.04,5.02,M-R relationship,0.16,0.83,649.919,2014,Transit,Kepler
Kepler-386 c,1.58,0.89,3.12,M-R relationship,0.155,0.767,882.462,2014,Transit,Kepler
Kepler-213 c,2.34,0.45,6.08,M-R relationship,0.057,1.195,634.939,2014,Transit,Kepler
Kepler-211 b,1.26,0.09,2.13,M-R relationship,0.048,0.816,309.353,2014,Transit,Kepler
Kepler-355 b,1.46,0.66,2.73,M-R relationship,0.102,1.066,1432.17,2014,Transit,Kepler
Kepler-356 b,1.57,0.29,3.09,M-R relationship,0.057,1.335,707.559,2014,Transit,Kepler
Kepler-355 c,2.71,1.22,7.8,M-R relationship,0.179,1.066,1432.17,2014,Transit,Kepler
Kepler-356 c,1.81,0.33,3.93,M-R relationship,0.115,1.335,707.559,2014,Transit,Kepler
Kepler-387 b,1.03,0.24,1.08,M-R relationship,0.068,1.046,801.052,2014,Transit,Kepler
Kepler-388 b,0.81,0.1,0.457,M-R relationship,0.036,0.586,425.0,2014,Transit,Kepler
Kepler-404 b,1.27,0.55,2.15,M-R relationship,0.102,0.884,812.524,2014,Transit,Kepler
Kepler-221 d,2.73,0.25,3.61,Mass,0.087,0.821,385.231,2014,Transit,Kepler
Kepler-357 b,1.84,1.08,4.04,M-R relationship,0.063,0.834,688.573,2014,Transit,Kepler
Kepler-358 b,2.72,1.36,7.85,M-R relationship,0.21,0.954,1101.1,2014,Transit,Kepler
Kepler-376 c,1.79,0.36,3.86,M-R relationship,0.115,1.175,923.067,2014,Transit,Kepler
Kepler-378 b,0.75,0.15,0.347,M-R relationship,0.112,0.671,152.094,2014,Transit,Kepler
Kepler-389 b,1.51,0.77,2.89,M-R relationship,0.041,0.792,816.559,2014,Transit,Kepler
Kepler-118 b,1.96,0.94,4.5,M-R relationship,0.073,1.094,574.228,2014,Transit,Kepler
Kepler-359 b,3.53,1.64,12.2,M-R relationship,0.178,1.086,1443.21,2014,Transit,Kepler
Kepler-363 c,1.69,0.27,66.4,Mass,0.079,1.485,762.596,2014,Transit,Kepler
Kepler-379 c,2.29,0.43,5.86,M-R relationship,0.326,1.306,731.274,2014,Transit,Kepler
Kepler-112 c,2.4,0.58,6.35,M-R relationship,0.172,0.841,513.206,2014,Transit,Kepler
Kepler-163 b,1.05,0.44,1.16,M-R relationship,0.078,0.917,689.814,2014,Transit,Kepler
Kepler-390 b,0.82,0.07,0.477,M-R relationship,0.065,0.776,435.277,2014,Transit,Kepler
Kepler-52 d,1.95,0.21,88.8775,Mass,0.182,0.556,321.542,2014,Transit,Kepler
Kepler-231 b,1.73,0.12,35.4,Mass,0.074,0.49,316.618,2014,Transit,Kepler
Kepler-357 d,3.43,2.04,11.6,M-R relationship,0.246,0.834,688.573,2014,Transit,Kepler
Kepler-358 c,2.85,1.43,8.5,M-R relationship,0.381,0.954,1101.1,2014,Transit,Kepler
Kepler-139 b,2.94,0.57,7.0,Mass,0.127,1.3,391.038,2014,Transit,Kepler
Kepler-172 d,2.25,0.4,5.69,M-R relationship,0.118,1.085,828.592,2014,Transit,Kepler
Kepler-237 b,1.41,0.75,2.57,M-R relationship,0.05,0.725,657.822,2014,Transit,Kepler
Kepler-235 c,1.28,0.08,2.18,M-R relationship,0.065,0.554,428.018,2014,Transit,Kepler
Kepler-363 b,1.16,0.19,1.65,M-R relationship,0.048,1.485,762.596,2014,Transit,Kepler
Kepler-272 b,1.43,0.77,78.0,Mass,0.038,0.929,889.608,2014,Transit,Kepler
Kepler-353 c,1.38,0.07,2.48,M-R relationship,0.065,0.504,384.694,2014,Transit,Kepler
Kepler-359 c,4.3,2.0,2.9,Mass,0.307,1.086,1443.21,2014,Transit,Kepler
Kepler-173 b,1.29,0.64,2.21,M-R relationship,0.048,0.949,833.165,2014,Transit,Kepler
Kepler-175 c,3.1,1.56,9.8,M-R relationship,0.213,1.01,1312.34,2014,Transit,Kepler
Kepler-141 c,1.41,0.09,2.57,M-R relationship,0.067,0.787,301.183,2014,Transit,Kepler
Kepler-239 c,2.51,0.42,6.85,M-R relationship,0.268,0.763,648.109,2014,Transit,Kepler
Kepler-367 c,1.2,0.16,1.87,M-R relationship,0.253,0.695,188.027,2014,Transit,Kepler
Kepler-143 c,3.37,0.84,11.3,M-R relationship,0.181,1.359,809.467,2014,Transit,Kepler
Kepler-360 b,1.65,0.78,3.36,M-R relationship,0.044,1.058,876.044,2014,Transit,Kepler
Kepler-49 e,1.56,0.08,1.03815,Mass,0.116,0.559,311.222,2014,Transit,Kepler
Kepler-140 b,1.61,0.31,3.22,M-R relationship,0.045,1.288,583.859,2014,Transit,Kepler
Kepler-392 b,1.0,0.21,0.972,M-R relationship,0.059,1.129,681.428,2014,Transit,Kepler
Kepler-46 d,1.64,0.92,3.33,M-R relationship,0.067,0.79,777.06,2014,Transit,Kepler
Kepler-243 c,1.99,0.97,4.62,M-R relationship,0.142,0.842,693.86,2014,Transit,Kepler
Kepler-374 d,1.31,0.7,2.27,M-R relationship,0.056,0.911,1265.61,2014,Transit,Kepler
Kepler-375 b,1.45,0.51,2.7,M-R relationship,0.101,0.837,1238.81,2014,Transit,Kepler
Kepler-116 c,2.3,0.44,5.9,M-R relationship,0.116,1.454,955.168,2014,Transit,Kepler
Kepler-280 c,2.01,0.97,4.7,M-R relationship,0.056,0.886,780.361,2014,Transit,Kepler
Kepler-122 d,2.2,0.44,5.48,M-R relationship,0.155,1.216,1027.45,2014,Transit,Kepler
Kepler-133 c,2.84,0.48,8.45,M-R relationship,0.204,1.425,653.6,2014,Transit,Kepler
Kepler-246 c,1.5,0.76,2.86,M-R relationship,0.095,0.831,626.078,2014,Transit,Kepler
Kepler-251 e,2.77,0.49,8.1,M-R relationship,0.404,0.89,924.625,2014,Transit,Kepler
Kepler-326 c,1.4,0.1,17.4,Mass,0.051,0.801,487.675,2014,Transit,Kepler
K2-24 b,5.638,0.065,20.6,Mass,0.1673,1.185,170.562,2016,Transit,K2
Kepler-281 b,2.82,1.12,324.0,Mass,0.117,0.899,1745.45,2014,Transit,Kepler
Kepler-288 b,1.67,0.8,3.43,M-R relationship,0.065,1.091,1194.15,2014,Transit,Kepler
Kepler-393 b,1.29,0.25,2.21,M-R relationship,0.091,1.382,881.404,2014,Transit,Kepler
Kepler-394 b,1.6,0.82,3.19,M-R relationship,0.083,1.132,1058.72,2014,Transit,Kepler
Kepler-26 e,2.41,0.15,6.39,M-R relationship,0.22,0.571,335.307,2014,Transit,Kepler
Kepler-255 b,1.55,0.62,3.02,M-R relationship,0.063,0.933,1052.53,2014,Transit,Kepler
Kepler-344 b,2.61,1.22,7.32,M-R relationship,0.153,0.976,1002.94,2014,Transit,Kepler
Kepler-342 b,2.25,0.4,5.69,M-R relationship,0.128,1.472,781.611,2014,Transit,Kepler
Kepler-291 c,1.88,0.82,4.19,M-R relationship,0.065,1.016,1786.48,2014,Transit,Kepler
Kepler-293 c,3.83,1.63,14.0,M-R relationship,0.286,0.957,974.633,2014,Transit,Kepler
Kepler-189 b,1.21,0.61,1.92,M-R relationship,0.088,0.75,591.534,2014,Transit,Kepler
Kepler-191 c,1.86,0.92,4.12,M-R relationship,0.128,0.789,594.464,2014,Transit,Kepler
Kepler-258 c,3.61,2.43,12.7,M-R relationship,0.193,0.915,575.988,2014,Transit,Kepler
Kepler-337 c,2.05,0.57,4.86,M-R relationship,0.093,1.761,677.975,2014,Transit,Kepler
Kepler-298 c,1.93,0.22,4.38,M-R relationship,0.136,0.582,518.204,2014,Transit,Kepler
Kepler-300 b,1.67,0.76,3.43,M-R relationship,0.094,0.9,1098.45,2014,Transit,Kepler
Kepler-137 b,1.47,0.11,2.76,M-R relationship,0.077,0.802,302.979,2014,Transit,Kepler
Kepler-261 c,2.0,0.14,4.66,M-R relationship,0.156,0.794,317.499,2014,Transit,Kepler
Kepler-265 b,1.86,0.45,4.12,M-R relationship,0.069,1.103,1280.25,2014,Transit,Kepler
Kepler-339 b,1.42,0.66,2.6,M-R relationship,0.055,0.802,616.637,2014,Transit,Kepler
Kepler-325 b,2.91,1.44,8.8,M-R relationship,0.053,1.003,823.242,2014,Transit,Kepler
Kepler-126 b,1.52,0.1,4.11726105,Msini,0.099,1.358,237.401,2014,Transit,Kepler
Kepler-380 b,1.19,0.24,1.81,M-R relationship,0.05,1.224,813.713,2014,Transit,Kepler
Kepler-397 c,6.18,0.56,31.6,M-R relationship,0.48,0.767,969.0,2014,Transit,Kepler
Kepler-122 e,2.6,0.54,27.7,Mass,0.227,1.216,1027.45,2014,Transit,Kepler
TOI-4504 b,2.65,0.12,140.0,Mass,0.0338,0.93,342.605,2024,Transit,Transiting Exoplanet Survey Satellite (TESS)
TOI-2384 b,11.48920522,0.23538859,624.85064816,Mass,0.02793,0.6113,191.51,2024,Transit,Transiting Exoplanet Survey Satellite (TESS)
Kepler-188 b,1.68,0.76,3.46,M-R relationship,0.032,1.141,968.544,2014,Transit,Kepler
Kepler-362 c,1.45,0.61,2.7,M-R relationship,0.207,0.722,1090.51,2014,Transit,Kepler
Kepler-136 c,1.99,0.37,4.62,M-R relationship,0.133,1.355,420.818,2014,Transit,Kepler
Kepler-381 c,1.12,0.25,1.46,M-R relationship,0.117,1.568,267.323,2014,Transit,Kepler
Kepler-398 b,0.93,0.1,0.749,M-R relationship,0.044,0.613,177.355,2014,Transit,Kepler
Kepler-136 b,2.05,0.38,19.8,Mass,0.106,1.355,420.818,2014,Transit,Kepler
Kepler-272 d,2.25,1.22,5.69,M-R relationship,0.091,0.929,889.608,2014,Transit,Kepler
Kepler-206 d,1.19,0.24,1.81,M-R relationship,0.163,1.185,594.447,2014,Transit,Kepler
Kepler-141 b,0.69,0.05,0.257,M-R relationship,0.039,0.787,301.183,2014,Transit,Kepler
Kepler-399 d,1.89,1.01,4.23,M-R relationship,0.261,0.68,740.537,2014,Transit,Kepler
Kepler-400 b,1.65,0.3,3.36,M-R relationship,0.087,1.145,845.97,2014,Transit,Kepler
Kepler-366 b,1.46,0.66,2.73,M-R relationship,0.045,1.048,1856.28,2014,Transit,Kepler
Kepler-367 b,1.3,0.16,2.24,M-R relationship,0.201,0.695,188.027,2014,Transit,Kepler
Kepler-135 b,1.81,0.35,3.93,M-R relationship,0.067,1.275,621.855,2014,Transit,Kepler
Kepler-383 b,1.32,0.52,2.3,M-R relationship,0.095,0.672,470.0,2014,Transit,Kepler
Kepler-401 b,1.71,0.4,3.57,M-R relationship,0.122,1.333,965.56,2014,Transit,Kepler
Kepler-402 c,1.56,0.35,3.05,M-R relationship,0.068,1.264,625.339,2014,Transit,Kepler
Kepler-351 b,3.06,1.55,4.8,Mass,0.214,0.854,1083.91,2014,Transit,Kepler
Kepler-350 b,1.85,0.38,16.9,Mass,0.104,1.534,956.859,2014,Transit,Kepler
Kepler-369 c,1.41,0.06,2.57,M-R relationship,0.094,0.471,214.0,2014,Transit,Kepler
Kepler-371 b,1.89,0.52,4.23,M-R relationship,0.2,0.992,813.192,2014,Transit,Kepler
Kepler-147 b,1.53,0.31,2.96,M-R relationship,0.113,1.468,1042.02,2014,Transit,Kepler
Kepler-132 d,1.55,0.3,3.02,M-R relationship,0.136,1.178,349.549,2014,Transit,Kepler
Kepler-200 c,1.59,0.29,3.15,M-R relationship,0.09,0.944,665.912,2014,Transit,Kepler
Kepler-215 e,1.75,0.41,3.71,M-R relationship,0.314,1.027,485.997,2014,Transit,Kepler
Kepler-347 c,1.75,0.84,3.71,M-R relationship,0.183,1.005,1298.88,2014,Transit,Kepler
Kepler-202 b,1.63,0.1,3.29,M-R relationship,0.045,0.667,285.111,2014,Transit,Kepler
Kepler-84 f,2.2,0.43,5.48,M-R relationship,0.25,1.169,1023.9,2014,Transit,Kepler
Kepler-310 b,1.19,0.56,1.81,M-R relationship,0.111,0.876,602.268,2014,Transit,Kepler
Kepler-270 c,1.77,0.37,3.78,M-R relationship,0.18,1.461,948.781,2014,Transit,Kepler
Kepler-24 d,1.67,0.39,293.959,Mass,0.051,1.289,1156.81,2014,Transit,Kepler
Kepler-217 c,1.85,0.27,4.08,M-R relationship,0.089,1.799,1104.64,2014,Transit,Kepler
Kepler-220 e,1.33,0.12,2.33,M-R relationship,0.226,0.666,171.109,2014,Transit,Kepler
Kepler-313 c,2.57,0.42,7.13,M-R relationship,0.208,1.536,1079.39524871,2014,Transit,Kepler
Kepler-311 c,1.43,0.28,2.63,M-R relationship,0.145,1.188,778.654,2014,Transit,Kepler
Kepler-282 c,1.2,0.29,1.87,M-R relationship,0.106,0.904,1337.61,2014,Transit,Kepler
Kepler-286 e,1.77,0.43,3.78,M-R relationship,0.176,0.863,1226.85,2014,Transit,Kepler
Kepler-204 b,2.53,0.54,6.94,M-R relationship,0.117,1.238,686.723,2014,Transit,Kepler
Kepler-359 d,4.01,1.91,2.7,Mass,0.372,1.086,1443.21,2014,Transit,Kepler
Kepler-314 b,0.83,0.12,0.498,M-R relationship,0.035,0.95,268.881,2014,Transit,Kepler
Kepler-316 b,1.06,0.11,1.2,M-R relationship,0.027,0.52,384.938,2014,Transit,Kepler
Kepler-288 d,2.67,1.27,7.61,M-R relationship,0.287,1.091,1194.15,2014,Transit,Kepler
Kepler-149 b,4.21,0.6,16.5,M-R relationship,0.184,0.953,571.034,2014,Transit,Kepler
Kepler-372 b,1.36,0.59,2.42,M-R relationship,0.075,1.137,1493.95,2014,Transit,Kepler
Kepler-205 b,1.51,0.14,2.89,M-R relationship,0.032,0.546,159.72,2014,Transit,Kepler
Kepler-361 b,1.45,0.28,2.7,M-R relationship,0.086,1.343,930.32,2014,Transit,Kepler
Kepler-317 c,1.72,0.79,3.61,M-R relationship,0.083,0.941,940.584,2014,Transit,Kepler
Kepler-319 d,2.29,0.35,5.86,M-R relationship,0.191,0.903,503.436,2014,Transit,Kepler
Kepler-295 d,1.36,0.72,2.42,M-R relationship,0.192,0.898,1699.19,2014,Transit,Kepler
Kepler-308 c,2.16,1.04,5.31,M-R relationship,0.123,0.941,1335.92,2014,Transit,Kepler
Kepler-234 b,3.7,1.66,13.2,M-R relationship,0.04,1.113,1733.1,2014,Transit,Kepler
Kepler-378 c,0.7,0.05,0.271,M-R relationship,0.166,0.671,152.094,2014,Transit,Kepler
Kepler-321 b,1.77,0.34,3.78,M-R relationship,0.057,1.194,384.542,2014,Transit,Kepler
Kepler-322 b,1.01,0.11,1.01,M-R relationship,0.027,0.89,400.48,2014,Transit,Kepler
Kepler-397 b,2.46,21.32,6.62,M-R relationship,0.144,0.767,969.0,2014,Transit,Kepler
Kepler-198 b,2.82,0.42,8.35,M-R relationship,0.131,0.94,495.358,2014,Transit,Kepler
Kepler-386 b,1.39,0.82,2.51,M-R relationship,0.096,0.767,882.462,2014,Transit,Kepler
Kepler-206 c,1.77,0.34,3.78,M-R relationship,0.111,1.185,594.447,2014,Transit,Kepler
Kepler-173 c,2.43,1.21,6.48,M-R relationship,0.074,0.949,833.165,2014,Transit,Kepler
Kepler-250 b,1.13,0.68,1.51,M-R relationship,0.048,0.805,760.585,2014,Transit,Kepler
Kepler-325 c,2.54,1.26,6.99,M-R relationship,0.105,1.003,823.242,2014,Transit,Kepler
Kepler-157 c,2.24,0.43,5.65,M-R relationship,0.11,1.044,773.713,2014,Transit,Kepler
Kepler-392 c,1.1,0.23,1.37,M-R relationship,0.093,1.129,681.428,2014,Transit,Kepler
Kepler-365 c,1.64,0.77,3.33,M-R relationship,0.137,1.048,1038.99,2014,Transit,Kepler
Kepler-243 b,2.45,1.16,6.57,M-R relationship,0.062,0.842,693.86,2014,Transit,Kepler
Kepler-402 e,1.46,0.29,2.73,M-R relationship,0.102,1.264,625.339,2014,Transit,Kepler
Kepler-402 d,1.38,0.27,2.48,M-R relationship,0.087,1.264,625.339,2014,Transit,Kepler
Kepler-147 c,2.43,0.49,6.48,M-R relationship,0.216,1.468,1042.02,2014,Transit,Kepler
Kepler-183 c,2.27,0.98,35.7,Mass,0.103,0.958,1050.64,2014,Transit,Kepler
Kepler-244 b,2.76,1.16,8.05,M-R relationship,0.05,0.803,1036.49,2014,Transit,Kepler
Kepler-209 b,2.26,0.34,5.73,M-R relationship,0.122,0.935,576.946,2014,Transit,Kepler
Kepler-127 b,1.4,0.05,2.54,M-R relationship,0.125,1.359,352.794,2014,Transit,Kepler
Kepler-403 c,1.75,0.32,3.71,M-R relationship,0.297,1.329,840.269,2014,Transit,Kepler
Kepler-376 b,1.07,0.22,1.24,M-R relationship,0.057,1.175,923.067,2014,Transit,Kepler
Kepler-331 c,1.84,0.19,4.04,M-R relationship,0.105,0.492,580.119,2014,Transit,Kepler
Kepler-256 e,2.35,0.58,6.12,M-R relationship,0.096,1.301,1026.43,2014,Transit,Kepler
Kepler-209 c,3.1,0.51,9.8,M-R relationship,0.231,0.935,576.946,2014,Transit,Kepler
Kepler-229 d,3.85,1.38,14.2,M-R relationship,0.22,0.728,826.265,2014,Transit,Kepler
Kepler-237 c,2.08,1.1,4.98,M-R relationship,0.071,0.725,657.822,2014,Transit,Kepler
Kepler-383 c,1.24,0.49,2.07,M-R relationship,0.172,0.672,470.0,2014,Transit,Kepler
Kepler-333 c,1.11,0.2,1.41,M-R relationship,0.135,0.534,324.413,2014,Transit,Kepler
Kepler-334 d,1.41,0.26,2.57,M-R relationship,0.168,1.068,426.59,2014,Transit,Kepler
Kepler-156 c,2.55,0.19,7.04,M-R relationship,0.117,0.807,443.483,2014,Transit,Kepler
Kepler-405 c,4.66,26.65,19.6,M-R relationship,0.188,0.893,1065.08,2014,Transit,Kepler
Kepler-274 c,1.84,1.0,4.04,M-R relationship,0.204,1.007,1333.62,2014,Transit,Kepler
Kepler-315 c,4.15,0.96,16.1,M-R relationship,0.791,1.037,1160.63,2014,Transit,Kepler
Kepler-387 c,0.89,0.22,0.64,M-R relationship,0.098,1.046,801.052,2014,Transit,Kepler
Kepler-388 c,0.86,0.11,0.566,M-R relationship,0.093,0.586,425.0,2014,Transit,Kepler
Kepler-337 b,1.54,0.43,2.99,M-R relationship,0.045,1.761,677.975,2014,Transit,Kepler
Kepler-134 c,1.26,0.25,2.13,M-R relationship,0.092,1.176,334.797,2014,Transit,Kepler
Kepler-140 c,1.8,0.35,3.89,M-R relationship,0.414,1.288,583.859,2014,Transit,Kepler
Kepler-159 b,2.38,0.18,6.26,M-R relationship,0.082,0.663,373.744,2014,Transit,Kepler
Kepler-320 c,1.37,0.64,2.45,M-R relationship,0.142,1.108,826.613,2014,Transit,Kepler
Kepler-292 c,1.47,0.15,2.76,M-R relationship,0.045,0.826,1056.48,2014,Transit,Kepler
Kepler-338 d,3.0,0.28,9.27,M-R relationship,0.257,1.735,552.798,2014,Transit,Kepler
Kepler-338 c,2.34,0.12,6.08,M-R relationship,0.172,1.735,552.798,2014,Transit,Kepler
Kepler-149 c,1.61,0.24,3.22,M-R relationship,0.281,0.953,571.034,2014,Transit,Kepler
Kepler-164 b,1.41,0.28,2.57,M-R relationship,0.058,1.148,890.758,2014,Transit,Kepler
Kepler-320 b,1.14,0.54,1.55,M-R relationship,0.085,1.108,826.613,2014,Transit,Kepler
TOI-5292 A b,12.64373023,0.43715025,412.85910069,Mass,0.0279,0.611,337.095,2026,Transit,Transiting Exoplanet Survey Satellite (TESS)
Kepler-395 b,1.03,0.08,1.08,M-R relationship,0.061,0.556,421.382,2014,Transit,Kepler
Kepler-341 d,1.85,0.94,4.08,M-R relationship,0.182,1.024,1047.03,2014,Transit,Kepler
Kepler-341 e,1.99,1.03,4.62,M-R relationship,0.242,1.024,1047.03,2014,Transit,Kepler
Kepler-169 b,1.13,0.08,1.51,M-R relationship,0.04,0.763,406.529,2014,Transit,Kepler
Kepler-169 f,2.58,0.24,7.18,M-R relationship,0.359,0.763,406.529,2014,Transit,Kepler
Kepler-332 c,1.09,0.08,1.32,M-R relationship,0.114,0.72,344.19,2014,Transit,Kepler
Kepler-143 b,2.41,0.6,6.39,M-R relationship,0.127,1.359,809.467,2014,Transit,Kepler
Kepler-299 b,1.32,0.27,2.3,M-R relationship,0.04,1.032,1052.24,2014,Transit,Kepler
Kepler-301 c,1.35,0.72,2.39,M-R relationship,0.06,0.9,719.166,2014,Transit,Kepler
Kepler-342 d,2.49,0.48,6.76,M-R relationship,0.242,1.472,781.611,2014,Transit,Kepler
Kepler-233 c,2.71,0.78,7.8,M-R relationship,0.287,0.758,856.417,2014,Transit,Kepler
Kepler-171 d,1.89,0.9,4.23,M-R relationship,0.223,0.839,863.855,2014,Transit,Kepler
HD 60779 b,3.246,0.1,14.19,Mass,0.1922,1.129,35.4445,2026,Transit,Transiting Exoplanet Survey Satellite (TESS)
Kepler-335 c,3.07,0.66,9.64,M-R relationship,0.356,1.854,1278.97,2014,Transit,Kepler
Kepler-332 d,1.18,0.08,1.76,M-R relationship,0.189,0.72,344.19,2014,Transit,Kepler
Kepler-262 b,1.36,0.59,2.42,M-R relationship,0.108,0.881,613.129,2014,Transit,Kepler
Kepler-263 c,2.47,1.35,6.66,M-R relationship,0.242,0.785,754.747,2014,Transit,Kepler
Kepler-191 b,1.34,0.66,2.36,M-R relationship,0.087,0.789,594.464,2014,Transit,Kepler
Kepler-197 e,0.91,0.04,0.693,M-R relationship,0.164,1.12,330.575,2014,Transit,Kepler
Kepler-200 b,2.13,0.41,5.18,M-R relationship,0.08,0.944,665.912,2014,Transit,Kepler
Kepler-201 b,2.46,0.48,6.62,M-R relationship,0.175,1.229,636.445,2014,Transit,Kepler
Kepler-84 e,2.6,0.49,7.27,M-R relationship,0.181,1.169,1023.9,2014,Transit,Kepler
Kepler-265 e,2.59,0.55,7.22,M-R relationship,0.319,1.103,1280.25,2014,Transit,Kepler
Kepler-24 e,2.78,0.64,26.2118,Mass,0.138,1.289,1156.81,2014,Transit,Kepler
Kepler-441 b,1.64,0.22,3.33,M-R relationship,0.64,0.55,268.003,2015,Transit,Kepler
Kepler-253 c,2.65,1.11,7.51,M-R relationship,0.089,0.786,838.595,2014,Transit,Kepler
Kepler-214 c,2.13,0.4,5.18,M-R relationship,0.194,1.352,1208.44,2014,Transit,Kepler
Kepler-170 c,2.86,0.17,8.55,M-R relationship,0.131,1.035,738.657,2014,Transit,Kepler
Kepler-205 c,1.64,0.12,3.33,M-R relationship,0.122,0.546,159.72,2014,Transit,Kepler
CoRoT-22 b,4.88,0.17,12.2,Mass,0.092,1.136,627.158,2014,Transit,CoRoT
Kepler-437 b,2.14,0.22,5.22,M-R relationship,0.288,0.68,304.0,2015,Transit,Kepler
Kepler-192 b,2.74,0.45,7.95,M-R relationship,0.09,1.007,651.674,2014,Transit,Kepler
Kepler-254 b,3.87,1.85,14.3,M-R relationship,0.064,0.91,1389.48,2014,Transit,Kepler
Kepler-196 c,2.24,0.17,5.65,M-R relationship,0.24,0.782,451.312,2014,Transit,Kepler
Kepler-101 b,5.77,0.85,51.1,Mass,0.0474,1.56,927.981,2014,Transit,Kepler
Kepler-439 b,2.24,0.16,5.65,M-R relationship,0.563,0.866,757.048,2015,Transit,Kepler
Kepler-256 c,2.15,0.53,5.27,M-R relationship,0.045,1.301,1026.43,2014,Transit,Kepler
Kepler-216 c,3.04,0.59,9.48,M-R relationship,0.136,1.26,1187.47,2014,Transit,Kepler
Kepler-184 c,1.97,1.11,8.8,Mass,0.141,0.873,610.326,2014,Transit,Kepler
KIC 10001893 d,,,,Msini,,0.18,1672.94,2014,Orbital Brightness Modulation,Kepler
KIC 10001893 b,,,,Msini,,0.18,1672.94,2014,Orbital Brightness Modulation,Kepler
HD 113538 c,13.8,,295.57,Msini,2.44,0.53,16.2817,2010,Radial Velocity,La Silla Observatory
HD 30669 b,14.3,,149.37,Msini,2.69,0.91,58.0844,2014,Radial Velocity,La Silla Observatory
Kepler-217 b,2.23,0.32,5.6,M-R relationship,0.065,1.799,1104.64,2014,Transit,Kepler
Kepler-83 d,1.94,0.13,4.1,Mass,0.051,0.594,400.409,2014,Transit,Kepler
Kepler-253 d,3.17,1.3,10.2,M-R relationship,0.13,0.786,838.595,2014,Transit,Kepler
Kepler-424 c,12.7,,2215.18,Msini,0.73,0.94,698.646,2014,Radial Velocity,McDonald Observatory
Kepler-422 b,12.89,1.23,136.66,Mass,0.082,1.24,722.795,2014,Transit,Kepler
Kepler-445 c,2.51,0.36,6.85,M-R relationship,0.0301,0.21,127.201,2015,Transit,Kepler
Kepler-446 b,1.5,0.25,2.86,M-R relationship,0.0182,0.24,96.339,2015,Transit,Kepler
Kepler-259 b,2.8,1.37,8.25,M-R relationship,0.079,0.898,1002.14,2014,Transit,Kepler
Kepler-193 b,2.39,1.08,6.3,M-R relationship,0.106,1.147,1009.1,2014,Transit,Kepler
Kepler-215 b,1.62,0.4,3.26,M-R relationship,0.084,1.027,485.997,2014,Transit,Kepler
Kepler-192 c,2.79,0.52,8.2,M-R relationship,0.15,1.007,651.674,2014,Transit,Kepler
Kepler-426 b,12.22,0.34,108.06,Mass,0.0414,0.92,843.695,2014,Transit,Kepler
Kepler-424 b,9.98,0.9,327.35,Mass,0.044,0.94,698.646,2014,Transit,Kepler
Kepler-427 b,13.79,2.35,92.17,Mass,0.091,1.35,1017.8,2014,Transit,Kepler
HD 103720 b,14.1,,197.046,Msini,0.0498,0.73,45.5352,2014,Radial Velocity,La Silla Observatory
Kepler-434 b,12.67,2.91,908.96,Mass,0.1143,1.38,1222.54,2015,Transit,Kepler
Kepler-221 c,2.93,0.27,9.3,Mass,0.059,0.821,385.231,2014,Transit,Kepler
Kepler-222 b,3.16,1.4,10.1,M-R relationship,0.048,0.869,758.854,2014,Transit,Kepler
Kepler-94 c,12.5,,3126.0,Mass,1.596806621,0.76,191.904,2014,Radial Velocity,W. M. Keck Observatory
Kepler-48 e,13.4,,657.0,Mass,1.898274748,0.89,306.738,2014,Radial Velocity,W. M. Keck Observatory
Kepler-428 b,12.11,0.34,403.63,Mass,0.0433,0.8,686.284,2014,Transit,Kepler
Kepler-425 b,10.962,0.247,79.45,Mass,0.0464,0.86,646.647,2014,Transit,Kepler
Kepler-224 c,3.12,0.26,9.91,M-R relationship,0.058,0.676,782.088,2014,Transit,Kepler
Kepler-407 c,12.3,,4000.0,Mass,3.27090369,1.01,338.368,2014,Radial Velocity,W. M. Keck Observatory
Kepler-106 c,2.5,0.32,10.44,Mass,0.10987,1.04,444.322,2014,Transit,Kepler
TYC 1422-614-1 b,13.3,,794.5,Msini,0.69,6.85,672.41,2014,Radial Velocity,Multiple Observatories
TYC 1422-614-1 c,12.5,,3178.0,Msini,1.37,6.85,672.41,2014,Radial Velocity,Multiple Observatories
Kepler-445 b,1.58,0.23,3.12,M-R relationship,0.0217,0.21,127.201,2015,Transit,Kepler
Kepler-446 d,1.35,0.22,2.39,M-R relationship,0.0403,0.24,96.339,2015,Transit,Kepler
Kepler-164 c,2.73,0.52,7.9,M-R relationship,0.097,1.148,890.758,2014,Transit,Kepler
Kepler-165 b,2.32,1.41,5.99,M-R relationship,0.072,0.77,560.885,2014,Transit,Kepler
OGLE-2005-BLG-071L b,13.0,,1200.0,Mass,3.6,,3200.0,2005,Microlensing,OGLE
OGLE-2008-BLG-092L b,8.74,,57.0,Mass,15.0,,8100.0,2014,Microlensing,OGLE
Kepler-246 b,2.34,1.2,6.08,M-R relationship,0.052,0.831,626.078,2014,Transit,Kepler
Kepler-226 c,2.27,0.9,45.2,Mass,0.058,0.802,980.138,2014,Transit,Kepler
Kepler-227 b,3.11,1.57,9.85,M-R relationship,0.09,1.091,1083.06,2014,Transit,Kepler
Kepler-113 b,1.82,0.05,11.7,Mass,0.05123,0.69,262.351,2014,Transit,Kepler
Kepler-48 d,2.04,0.11,7.93,Mass,0.23302,0.89,306.738,2014,Transit,Kepler
Qatar-2 b,14.056,0.146,792.635,Mass,0.02153,0.776,181.374,2011,Transit,Qatar
Kepler-117 c,12.341,0.392,584.78,Mass,0.2804,1.606,1455.57,2014,Transit,Kepler
Kepler-161 b,2.12,0.14,2.63,Mass,0.054,0.806,434.632,2014,Transit,Kepler
Kepler-153 b,2.92,1.76,8.85,M-R relationship,0.129,0.892,459.368,2014,Transit,Kepler
Kepler-229 c,4.92,1.74,21.5,M-R relationship,0.117,0.728,826.265,2014,Transit,Kepler
Kepler-100 d,1.61,0.05,3.0,Mass,0.21747,1.49,304.645,2014,Transit,Kepler
Kepler-98 b,1.99,0.22,3.55,Mass,0.02614,1.11,350.315,2014,Transit,Kepler
Kepler-117 b,8.059,0.269,29.875,Mass,0.1445,1.606,1455.57,2014,Transit,Kepler
Kepler-430 b,3.25,,10.6,M-R relationship,0.2244,1.485,917.477,2015,Transit,Kepler
Kepler-230 b,4.26,2.17,16.8,M-R relationship,0.191,0.817,740.754,2014,Transit,Kepler
Kepler-166 b,2.27,1.17,5.77,M-R relationship,0.072,0.742,603.53,2014,Transit,Kepler
Kepler-131 b,2.41,0.2,16.13,Mass,0.12789,1.03,228.678,2014,Transit,Kepler
Kepler-406 b,1.43,0.03,6.35,Mass,0.03599,1.07,364.03,2014,Transit,Kepler
Kepler-249 c,1.51,0.09,2.89,M-R relationship,0.058,0.482,190.401,2014,Transit,Kepler
Kepler-162 c,3.03,1.63,9.43,M-R relationship,0.137,0.958,855.641,2014,Transit,Kepler
Kepler-180 c,3.01,1.34,9.32,M-R relationship,0.229,1.063,695.65,2014,Transit,Kepler
Kepler-182 c,3.43,1.53,11.6,M-R relationship,0.157,1.146,1549.09,2014,Transit,Kepler
HD 10180 c,,,2741.58783878,Mass,0.06412,1.109,38.9607,2010,Radial Velocity,La Silla Observatory
HD 50554 b,12.8,,1859.29618095,Mass,2.353,1.02,31.1664,2002,Radial Velocity,Lick Observatory
Kepler-174 b,1.96,0.11,4.5,M-R relationship,0.1,0.622,384.757,2014,Transit,Kepler
Kepler-176 c,2.6,1.33,1.33,Mass,0.102,0.891,527.321,2014,Transit,Kepler
Kepler-96 b,2.67,0.22,8.46,Mass,0.1261,1.02,122.881,2014,Transit,Kepler
Kepler-48 b,1.88,0.1,3.94,Mass,0.05394,0.89,306.738,2012,Transit,Kepler
HD 10180 d,,,3295.88058059,Mass,0.12859,1.109,38.9607,2010,Radial Velocity,La Silla Observatory
HD 10180 e,5.39,,25.1,Msin(i)/sin(i),0.2699,1.109,38.9607,2010,Radial Velocity,La Silla Observatory
Kepler-55 d,1.59,0.09,3.15,M-R relationship,0.029,0.619,578.796,2014,Transit,Kepler
Kepler-187 c,2.67,0.52,7.61,M-R relationship,0.099,1.287,1143.0,2014,Transit,Kepler
Kepler-233 b,2.43,0.66,6.48,M-R relationship,0.077,0.758,856.417,2014,Transit,Kepler
Kepler-234 c,3.51,1.56,12.1,M-R relationship,0.077,1.113,1733.1,2014,Transit,Kepler
MOA-2011-BLG-322L b,12.4,,3690.0,Mass,4.3,,7560.0,2013,Microlensing,MOA
CoRoT-24 b,3.7,0.4,5.7,Mass,0.056,0.86,591.555,2014,Transit,CoRoT
HD 10180 h,9.4,,64.4,Msin(i)/sin(i),3.381,1.109,38.9607,2010,Radial Velocity,La Silla Observatory
Kepler-440 b,1.86,0.24,4.12,M-R relationship,0.242,0.559,301.03,2015,Transit,Kepler
Kepler-251 c,2.77,0.49,8.1,M-R relationship,0.122,0.89,924.625,2014,Transit,Kepler
Kepler-146 c,3.13,0.59,9.96,M-R relationship,0.364,1.208,716.797,2014,Transit,Kepler
Kepler-150 d,2.79,0.41,8.2,M-R relationship,0.104,0.939,891.092,2014,Transit,Kepler
OGLE-2008-BLG-355L b,12.9,,1500.0,Mass,1.7,,6800.0,2014,Microlensing,OGLE
CoRoT-24 c,5.0,0.5,28.0,Mass,0.098,0.86,591.555,2014,Transit,CoRoT
Kepler-186 f,1.17,0.08,1.71,M-R relationship,0.432,0.523,177.594,2014,Transit,Kepler
Kepler-252 c,2.15,0.13,5.27,M-R relationship,0.08,0.549,379.424,2014,Transit,Kepler
Kepler-213 b,1.62,0.31,3.26,M-R relationship,0.036,1.195,634.939,2014,Transit,Kepler
Kepler-159 c,3.41,0.28,11.5,M-R relationship,0.218,0.663,373.744,2014,Transit,Kepler
Kepler-202 c,1.85,0.1,4.08,M-R relationship,0.113,0.667,285.111,2014,Transit,Kepler
HD 35759 b,13.0,,1195.0408,Msini,0.389,1.759974,71.2423,2016,Radial Velocity,Haute-Provence Observatory
Kepler-477 b,2.07,0.18,4.94,M-R relationship,0.0911,0.79,367.0,2016,Transit,Kepler
HD 67087 c,12.9,,1540.0,Msini,3.86,1.55,76.5217,2015,Radial Velocity,Multiple Observatories
Kepler-6 b,14.616536,0.201762,212.31044,Mass,0.04852,1.391,587.039,2009,Transit,Kepler
HD 220842 b,13.1,,1010.6994,Msini,0.74,1.41647,64.6498,2016,Radial Velocity,Haute-Provence Observatory
HIP 65407 c,13.9,,249.17872,Msini,0.316,0.952252,61.7804,2016,Radial Velocity,Haute-Provence Observatory
Kepler-505 b,2.6,0.11,7.27,M-R relationship,0.1445,0.53,283.41,2016,Transit,Kepler
CoRoT-29 b,10.0881,1.79344,270.1555,Mass,0.0386,0.9,806.507,2015,Transit,CoRoT
tau Boo b,12.8,,1891.0,Mass,0.049,1.42588,15.6521,1996,Radial Velocity,Lick Observatory
Kepler-412 b,15.031269,0.493196,299.07803,Mass,0.02897,1.287,1086.24,2014,Transit,Kepler
HD 141399 b,14.3,,143.34133,Msini,0.415,1.387236,37.0169,2014,Radial Velocity,Multiple Observatories
HD 141399 c,13.6,,422.7139,Msini,0.689,1.387236,37.0169,2014,Radial Velocity,Multiple Observatories
Kepler-754 b,2.01,0.48,4.7,M-R relationship,0.116,1.08,1770.27,2016,Transit,Kepler
Kepler-753 b,1.91,0.25,4.31,M-R relationship,0.054,0.65,274.767,2016,Transit,Kepler
HAT-P-54 b,10.581296,0.313852,241.5508,Mass,0.04117,0.617,143.651,2015,Transit,HATNet
TrES-5 b,13.383546,0.168135,568.9157,Mass,0.02459,0.868,360.313,2011,Transit,TrES
KOI-13 b,16.948008,0.392315,2949.4624,Mass,0.03641,1.74,519.096,2011,Transit,Kepler
WASP-42 b,12.576498,0.437151,167.49641,Mass,0.0561,0.892,177.291,2012,Transit,SuperWASP
Kepler-766 b,3.39,0.93,11.4,M-R relationship,0.066,1.15,2297.62,2016,Transit,Kepler
Kepler-771 b,1.82,0.31,3.97,M-R relationship,0.0843,1.05,1393.85,2016,Transit,Kepler
HD 100546 b,77.3421,30.2643,2701.5414595,Mass,53.0,1.85288,109.677,2014,Imaging,Paranal Observatory
Kepler-432 c,13.3,,772.3269,Msini,,4.06,848.023,2015,Radial Velocity,Fred Lawrence Whipple Observatory
Kepler-76 b,15.24424,1.34508,638.8383,Mass,0.0274,1.32,822.96,2013,Orbital Brightness Modulation,Kepler
OGLE-2003-BLG-235L b,13.2,,830.0,Mass,4.3,,5800.0,2004,Microlensing,OGLE
Kepler-765 b,2.43,0.53,6.48,M-R relationship,0.1754,1.06,1076.28,2016,Transit,Kepler
Kepler-432 b,12.834305,0.403524,1719.4603,Mass,0.301,4.06,848.023,2015,Transit,Kepler
Kepler-5 b,15.984034,0.403524,670.93913,Mass,0.0538,1.793,899.777,2009,Transit,Kepler
Kepler-7 b,18.180998,0.145717,140.16303,Mass,0.06067,1.966,922.562,2009,Transit,Kepler
HIP 74890 b,13.3,,762.792,Msini,2.1,5.77,78.6562,2016,Radial Velocity,Multiple Observatories
K2-29 b,13.33871,0.22418,232.0159,Mass,0.04217,0.86,178.475,2016,Transit,K2
Kepler-767 b,6.64,0.86,35.7,M-R relationship,0.5874,0.94,2251.03,2016,Transit,Kepler
Kepler-773 b,1.43,0.09,2.63,M-R relationship,0.04682,1.01,547.026,2016,Transit,Kepler
Kepler-774 b,3.17,0.46,10.2,M-R relationship,0.1082,2.42,917.804,2016,Transit,Kepler
2MASS J02192210-3925225 b,16.14096,0.33627,4417.837,Mass,156.0,0.281,40.08964117,2015,Imaging,Cerro Tololo Inter-American Observatory
HD 7924 d,,,1568.16536014,Mass,0.1551,0.7821,16.9922,2015,Radial Velocity,W. M. Keck Observatory
WASP-41 c,13.1,,1010.6994,Msini,1.07,0.87,163.371,2015,Radial Velocity,La Silla Observatory
HAT-P-50 b,14.437192,0.717376,429.0705,Mass,0.0453,1.698,515.458,2015,Transit,HATNet
HD 133131 A b,13.6,,451.3186,Msini,1.44,0.955014,51.4736,2016,Radial Velocity,Las Campanas Observatory
HATS-17 b,8.709393,0.627704,425.25654,Mass,0.1308,1.091,400.331,2016,Transit,HATSouth
Kepler-772 b,1.82,0.37,3.97,M-R relationship,0.11153,1.11,1130.21,2016,Transit,Kepler
Kepler-769 b,2.92,1.3,8.85,M-R relationship,0.0778,1.28,1169.57,2016,Transit,Kepler
Kepler-449 c,2.764,0.086,8.07,M-R relationship,0.1979,1.467,241.949,2015,Transit,Kepler
HD 133131 A c,14.3,,133.4886,Msini,4.49,0.955014,51.4736,2016,Radial Velocity,Las Campanas Observatory
WASP-92 b,16.376349,0.863093,255.85315,Mass,0.0348,1.341,575.889,2016,Transit,SuperWASP
Kepler-762 b,12.68,2.64,,Msini,0.0493,1.08,1898.26,2016,Transit,Kepler
Kepler-781 b,2.89,0.49,8.7,M-R relationship,0.1019,0.78,1064.47,2016,Transit,Kepler
Kepler-92 d,2.067,0.056,11.8666806,Msini,0.28682,1.81719,477.992,2015,Transit,Kepler
Kepler-449 b,2.056,0.069,4.88,M-R relationship,0.1027,1.467,241.949,2015,Transit,Kepler
HD 175607 b,,,2456.1779293,Mass,,0.7,40.3303,2015,Radial Velocity,La Silla Observatory
HD 1461 c,2.23,,5.59,Msini,0.1117,1.152288,23.4534,2015,Radial Velocity,La Silla Observatory
WASP-93 b,17.900773,0.863093,467.2101,Mass,0.04211,1.524,370.284,2016,Transit,SuperWASP
HD 128311 c,13.0,,1204.25787,Mass,1.74,0.76,16.3292,2005,Radial Velocity,W. M. Keck Observatory
alf Tau b,12.7,,2056.3601,Msini,1.46,45.1,20.4332,2015,Radial Velocity,Multiple Observatories
Kepler-450 d,0.837,0.068,17.6,Mass,0.0827,1.64162,455.982,2015,Transit,Kepler
OGLE-2005-BLG-169L b,3.84,,14.1,Mass,3.5,,4100.0,2006,Microlensing,OGLE
WASP-46 b,13.159366,0.414733,607.0553,Mass,0.02335,0.858,375.31,2011,Transit,SuperWASP
HD 60532 b,13.8,,336.8998,Msini,0.77,2.57,25.9716,2008,Radial Velocity,La Silla Observatory
HD 60532 c,13.3,,797.7533,Msini,1.6,2.57,25.9716,2008,Radial Velocity,La Silla Observatory
OGLE-2013-BLG-0102L b,12.3,,4100.0,Mass,0.8,,3040.0,2014,Microlensing,OGLE
Kepler-41 b,14.46,0.22,177.98,Mass,0.03101,1.29,1093.08,2011,Transit,Kepler
HIP 107773 b,13.4,,629.3034,Msini,0.72,11.6,105.18,2015,Radial Velocity,Multiple Observatories
HATS-8 b,9.785457,1.378707,43.86054,Mass,0.04667,1.086,794.637,2015,Transit,HATSouth
LkCa 15 b,,,,Msini,14.7,1.60711,158.152,2015,Imaging,Large Binocular Telescope Observatory
LkCa 15 c,,,,Msini,18.6,1.60711,158.152,2015,Imaging,Large Binocular Telescope Observatory
Qatar-1 b,12.811887,0.291434,411.27202,Mass,0.02332,0.803,185.615,2010,Transit,Qatar
HAT-P-66 b,17.82231,1.79344,248.86089,Mass,0.04363,1.881,935.456,2016,Transit,HATNet
Kepler-75 b,11.77,0.34,3209.9,Mass,0.0818,0.89,835.356,2013,Transit,Kepler
Kepler-453 b,6.204,0.039,16.0,Mass,0.7903,0.833,442.846,2015,Transit,Kepler
WASP-89 b,11.65736,0.44836,1875.197,Mass,0.0427,0.88,290.946,2015,Transit,SuperWASP
KIC 3558849 b,6.9,1.0,38.1,M-R relationship,,1.01,1215.7,2015,Transit,Kepler
KIC 8540376 c,2.4,1.9,6.35,M-R relationship,,1.26,1072.3,2015,Transit,Kepler
OGLE-2007-BLG-349L AB c,10.7,,80.0,Mass,2.59,,2760.0,2016,Microlensing,OGLE
Kepler-56 d,12.8,,1784.0,Msini,2.16,4.21799,912.994,2016,Radial Velocity,Multiple Observatories
Kepler-444 b,0.403,0.016,0.0374,M-R relationship,0.04178,0.752,36.4396,2015,Transit,Kepler
K2-6 b,2.5,0.88,6.8,M-R relationship,0.1898,0.96,316.819,2015,Transit,K2
HD 42618 b,3.89,,14.4,Msini,0.554,0.999,24.3358,2016,Radial Velocity,Multiple Observatories
OGLE-2012-BLG-0950L b,6.56,,35.0,Mass,2.6,,2600.0,2016,Microlensing,OGLE
Kepler-444 e,0.546,0.017,0.1,Mass,0.0696,0.752,36.4396,2015,Transit,Kepler
K2-15 b,2.48,0.3,6.71,M-R relationship,0.091,0.68,493.992,2015,Transit,K2
K2-14 b,4.81,0.42,20.7,M-R relationship,0.0627,0.45,364.048,2015,Transit,K2
K2-17 b,2.23,0.2,5.6,M-R relationship,0.119,0.66,125.106,2015,Transit,K2
K2-9 b,2.25,0.53,5.69,M-R relationship,0.091,0.31,82.9631,2015,Transit,K2
WASP-36 b,14.874343,0.235389,750.39663,Mass,0.02677,0.985,386.346,2011,Transit,SuperWASP
Kepler-26 b,2.78,0.11,5.12,Mass,0.08551,0.512,335.307,2011,Transit,Kepler
HATS-13 b,13.585308,0.392315,172.58169,Mass,0.04057,0.887,421.855,2015,Transit,HATSouth
HATS-14 b,11.646151,0.358688,340.39593,Mass,0.03815,0.933,513.011,2015,Transit,HATSouth
WASP-90 b,18.27067,1.00881,200.2329,Mass,0.0562,1.98,466.433,2016,Transit,SuperWASP
HD 5583 b,12.8,,1837.0574,Msini,0.53,9.09,219.216,2016,Radial Velocity,Roque de los Muchachos Observatory
Kepler-26 c,2.72,0.12,6.2,Mass,0.10725,0.512,335.307,2011,Transit,Kepler
Kepler-447 b,18.49,6.61,435.41,Mass,0.0769,1.05,268.041,2015,Transit,Kepler
OGLE-2011-BLG-0265L b,13.9,,280.0,Mass,1.89,,4380.0,2015,Microlensing,OGLE
HD 130322 b,13.7,,365.49,Msini,0.0925,0.85,31.8766,1999,Radial Velocity,La Silla Observatory
OGLE-2012-BLG-0563L b,13.6,,120.0,Mass,0.74,,1300.0,2015,Microlensing,OGLE
Kepler-296 d,2.09,0.33,5.02,M-R relationship,0.118,0.48,167.0,2014,Transit,Kepler
Pr0211 c,12.6,,2475.8957,Msini,5.5,0.827,182.714,2016,Radial Velocity,Roque de los Muchachos Observatory
BD+15 2375 b,13.8,,337.21763,Msini,0.576,8.95,768.045,2016,Radial Velocity,Roque de los Muchachos Observatory
Kepler-60 d,1.99,0.16,4.16,Mass,0.10203,1.257,1025.1,2012,Transit,Kepler
HD 1666 b,12.7,,2040.0,Msini,0.94,1.93,117.908,2015,Radial Velocity,Multiple Observatories
HD 67087 b,13.1,,973.0,Msini,1.08,1.55,76.5217,2015,Radial Velocity,Multiple Observatories
Kepler-296 e,1.53,0.27,2.96,M-R relationship,0.169,0.48,167.0,2014,Transit,Kepler
Kepler-872 b,1.99,0.5,4.62,M-R relationship,0.0362,1.08,879.683,2016,Transit,Kepler
Kepler-871 b,3.74,1.08,13.5,M-R relationship,0.1572,1.14,1976.05,2016,Transit,Kepler
Kepler-603 c,6.5,1.48,34.5,M-R relationship,0.53439,1.01,1539.63,2016,Transit,Kepler
Kepler-908 b,1.22,0.1,1.98,M-R relationship,0.02526,1.12,290.843,2016,Transit,Kepler
Kepler-499 b,2.17,0.25,5.35,M-R relationship,0.0598,0.83,556.726,2016,Transit,Kepler
Kepler-801 b,2.0,0.08,4.66,M-R relationship,0.0795,0.63,440.426,2016,Transit,Kepler
Kepler-799 b,6.88,0.85,37.9,M-R relationship,0.5167,0.93,1509.084,2016,Transit,Kepler
Kepler-870 b,2.78,0.51,8.15,M-R relationship,0.1539,1.02,1259.46,2016,Transit,Kepler
Kepler-869 b,3.61,0.83,12.7,M-R relationship,0.2244,0.95,939.455,2016,Transit,Kepler
Kepler-907 b,1.2,0.06,1.87,M-R relationship,0.1225,1.38,352.0,2016,Transit,Kepler
Kepler-912 b,2.8,0.84,8.25,M-R relationship,0.0339,1.11,2004.72,2016,Transit,Kepler
Kepler-797 b,2.17,0.43,5.35,M-R relationship,0.181,0.95,1315.26,2016,Transit,Kepler
Kepler-867 b,4.64,0.41,19.4,M-R relationship,0.5375,0.91,1195.54,2016,Transit,Kepler
Kepler-868 b,2.05,0.2,4.86,M-R relationship,0.0575,0.89,1593.13,2016,Transit,Kepler
Kepler-866 b,1.63,0.08,3.29,M-R relationship,0.0331,0.71,646.667,2016,Transit,Kepler
Kepler-913 b,2.06,0.08,4.9,M-R relationship,0.1009,0.61,991.618,2016,Transit,Kepler
Kepler-910 b,0.82,0.04,0.477,M-R relationship,0.03752,1.5,400.289,2016,Transit,Kepler
Kepler-847 b,1.18,0.09,1.76,M-R relationship,0.0315,0.77,513.103,2016,Transit,Kepler
Kepler-846 b,2.48,0.32,6.71,M-R relationship,0.1399,0.91,1127.12,2016,Transit,Kepler
Kepler-795 b,1.68,0.18,3.46,M-R relationship,0.1803,0.96,492.122,2016,Transit,Kepler
Kepler-794 b,2.11,0.52,5.1,M-R relationship,0.10036,1.38,931.192,2016,Transit,Kepler
Kepler-865 b,2.49,0.49,6.76,M-R relationship,0.1057,0.92,586.137,2016,Transit,Kepler
Kepler-909 b,1.47,0.16,2.76,M-R relationship,0.11873,1.23,309.596,2016,Transit,Kepler
Kepler-916 b,1.76,0.14,3.75,M-R relationship,0.1885,0.81,830.712,2016,Transit,Kepler
Kepler-845 b,2.04,0.09,4.82,M-R relationship,0.01668,0.75,431.051,2016,Transit,Kepler
Kepler-844 b,1.68,0.07,3.46,M-R relationship,0.0298,0.57,431.776,2016,Transit,Kepler
Kepler-792 b,1.96,0.49,4.5,M-R relationship,0.0988,1.12,1425.47,2016,Transit,Kepler
Kepler-791 b,3.05,1.32,9.53,M-R relationship,0.1256,1.47,1266.34,2016,Transit,Kepler
Kepler-862 b,2.21,0.44,5.52,M-R relationship,0.039,0.84,1039.03,2016,Transit,Kepler
Kepler-861 b,2.28,0.12,5.82,M-R relationship,0.0463,0.78,850.327,2016,Transit,Kepler
Kepler-930 b,2.13,0.92,5.18,M-R relationship,0.34593,1.4,848.396,2016,Transit,Kepler
Kepler-842 b,1.6,0.08,3.19,M-R relationship,0.0204,0.73,532.726,2016,Transit,Kepler
Kepler-841 b,5.23,0.41,23.8,M-R relationship,0.479,0.81,998.961,2016,Transit,Kepler
Kepler-790 b,2.18,0.17,5.39,M-R relationship,0.101,0.8,703.168,2016,Transit,Kepler
Kepler-788 b,2.55,0.9,7.04,M-R relationship,0.0835,1.23,1775.8,2016,Transit,Kepler
Kepler-860 b,3.24,0.81,10.6,M-R relationship,0.058,1.06,1056.36,2016,Transit,Kepler
Kepler-924 b,3.07,1.11,9.64,M-R relationship,0.31318,1.23,1053.04,2016,Transit,Kepler
Kepler-923 b,1.38,0.29,2.48,M-R relationship,0.07592,1.26,1000.28,2016,Transit,Kepler
Kepler-838 b,2.73,0.51,7.9,M-R relationship,0.1266,0.96,1104.04,2016,Transit,Kepler
Kepler-837 b,2.56,0.22,7.08,M-R relationship,0.1144,0.81,901.907,2016,Transit,Kepler
Kepler-787 b,1.28,0.06,2.18,M-R relationship,0.0159,0.62,503.568,2016,Transit,Kepler
Kepler-465 b,2.95,0.25,9.01,M-R relationship,0.09195,1.29,553.077,2016,Transit,Kepler
Kepler-856 b,9.3,1.25,63.3,M-R relationship,0.0787,0.93,1351.17,2016,Transit,Kepler
Kepler-890 b,8.89,2.86,58.6,M-R relationship,0.2944,1.13,1712.12,2016,Transit,Kepler
Kepler-927 b,1.72,0.4,3.61,M-R relationship,0.0866,0.99,831.685,2016,Transit,Kepler
Kepler-926 b,2.31,0.57,5.95,M-R relationship,0.2739,1.01,921.361,2016,Transit,Kepler
Kepler-892 b,2.81,0.37,8.3,M-R relationship,0.1015,0.72,570.727,2016,Transit,Kepler
Kepler-933 b,2.46,0.23,6.62,M-R relationship,0.1041,0.84,1017.2,2016,Transit,Kepler
Kepler-826 b,1.25,0.2,2.1,M-R relationship,0.05202,1.15,779.596,2016,Transit,Kepler
Kepler-830 b,1.7,0.61,3.53,M-R relationship,0.1033,1.11,1122.0,2016,Transit,Kepler
Kepler-829 b,2.11,0.44,5.1,M-R relationship,0.0678,0.97,1073.76,2016,Transit,Kepler
Kepler-895 b,1.54,0.09,2.99,M-R relationship,0.0328,0.61,540.134,2016,Transit,Kepler
Kepler-743 b,1.21,0.03,1.92,M-R relationship,0.04166,0.85,278.987,2016,Transit,Kepler
Kepler-823 b,1.57,0.31,3.09,M-R relationship,0.0507,0.96,1389.27,2016,Transit,Kepler
Kepler-487 c,2.68,0.18,7.65,M-R relationship,0.21864,0.88,872.343,2016,Transit,Kepler
Kepler-898 b,1.49,0.3,2.83,M-R relationship,0.0545,0.62,484.891,2016,Transit,Kepler
Kepler-899 b,2.68,0.46,7.65,M-R relationship,0.1392,0.91,1246.43,2016,Transit,Kepler
Kepler-747 b,5.27,0.29,24.1,M-R relationship,0.1916,0.78,3347.16,2016,Transit,Kepler
Kepler-821 b,1.31,0.1,2.27,M-R relationship,0.029,0.8,614.571,2016,Transit,Kepler
Kepler-498 b,3.03,0.5,9.43,M-R relationship,0.0897,0.96,938.844,2016,Transit,Kepler
Kepler-887 b,1.84,0.27,4.04,M-R relationship,0.15431,1.29,886.588,2016,Transit,Kepler
Kepler-901 b,1.37,0.07,2.45,M-R relationship,0.0378,0.57,253.867,2016,Transit,Kepler
Kepler-900 b,2.08,0.12,4.98,M-R relationship,0.0679,0.73,487.525,2016,Transit,Kepler
Kepler-751 b,2.46,0.23,6.62,M-R relationship,0.1263,0.84,760.43,2016,Transit,Kepler
Kepler-755 b,1.76,0.06,3.75,M-R relationship,0.02156,0.77,399.034,2016,Transit,Kepler
Kepler-820 b,6.09,2.68,30.8,M-R relationship,0.56004,1.36,1387.2,2016,Transit,Kepler
Kepler-817 b,9.03,2.06,60.2,M-R relationship,0.0493,1.03,1484.46,2016,Transit,Kepler
Kepler-886 b,1.52,0.42,2.92,M-R relationship,0.06428,1.16,711.297,2016,Transit,Kepler
Kepler-885 b,2.5,0.4,6.8,M-R relationship,0.14403,1.35,651.318,2016,Transit,Kepler
Kepler-904 b,1.77,0.59,3.78,M-R relationship,0.0417,1.25,978.125,2016,Transit,Kepler
Kepler-905 b,1.41,0.05,2.57,M-R relationship,0.05689,0.86,529.268,2016,Transit,Kepler
Kepler-756 b,1.12,0.09,1.46,M-R relationship,0.0219,0.79,852.0,2016,Transit,Kepler
Kepler-757 b,1.36,0.46,2.42,M-R relationship,0.019,1.13,1068.68,2016,Transit,Kepler
Kepler-815 b,4.11,0.19,15.8,M-R relationship,0.09473,3.42,1259.28,2016,Transit,Kepler
Kepler-852 b,2.54,0.45,6.99,M-R relationship,0.27967,1.16,1619.03,2016,Transit,Kepler
Kepler-883 b,1.78,0.17,3.82,M-R relationship,0.10288,1.09,627.455,2016,Transit,Kepler
Kepler-509 b,2.49,0.06,6.76,M-R relationship,0.23702,1.2,332.443,2016,Transit,Kepler
Kepler-466 c,1.25,0.1,2.1,M-R relationship,0.04658,1.05,530.122,2016,Transit,Kepler
Kepler-502 b,4.77,1.46,20.4,M-R relationship,0.0535,1.22,1591.04,2016,Transit,Kepler
Kepler-758 b,2.48,0.55,6.71,M-R relationship,0.10754,1.42,1502.32,2016,Transit,Kepler
Kepler-813 b,2.14,0.42,5.22,M-R relationship,0.1439,0.93,840.0,2016,Transit,Kepler
Kepler-811 b,2.7,0.68,7.75,M-R relationship,0.15911,1.24,985.041,2016,Transit,Kepler
Kepler-882 b,1.23,0.15,2.04,M-R relationship,0.04741,0.87,504.605,2016,Transit,Kepler
Kepler-880 b,2.66,1.05,7.56,M-R relationship,0.0915,1.74,601.324,2016,Transit,Kepler
Kepler-474 b,3.06,0.48,9.59,M-R relationship,0.06092,1.08,841.496,2016,Transit,Kepler
Kepler-760 b,3.06,0.26,9.59,M-R relationship,0.08087,0.85,792.336,2016,Transit,Kepler
Kepler-810 b,1.93,0.41,4.38,M-R relationship,0.055,1.04,1458.59,2016,Transit,Kepler
Kepler-809 b,3.01,0.67,9.32,M-R relationship,0.2901,0.98,961.405,2016,Transit,Kepler
Kepler-877 b,2.12,0.14,5.14,M-R relationship,0.1301,0.81,602.176,2016,Transit,Kepler
Kepler-750 c,1.62,0.65,3.26,M-R relationship,0.05009,1.23,1296.02,2016,Transit,Kepler
Kepler-255 d,1.32,0.14,2.3,M-R relationship,0.0192,0.86,1052.53,2016,Transit,Kepler
Kepler-775 b,1.19,0.04,1.81,M-R relationship,0.01834,0.84,398.676,2016,Transit,Kepler
Kepler-500 b,2.58,0.25,7.18,M-R relationship,0.08361,1.03,807.48,2016,Transit,Kepler
Kepler-808 b,1.46,0.06,2.73,M-R relationship,0.01314,0.71,321.0,2016,Transit,Kepler
Kepler-875 b,2.9,1.02,8.75,M-R relationship,0.1771,1.11,1242.62,2016,Transit,Kepler
Kepler-732 c,1.27,0.07,2.15,M-R relationship,0.0143,0.46,174.826,2016,Transit,Kepler
Kepler-777 b,1.47,0.08,2.76,M-R relationship,0.0519,0.56,443.106,2016,Transit,Kepler
Kepler-779 b,0.92,0.07,0.721,M-R relationship,0.0533,0.44,283.155,2016,Transit,Kepler
Kepler-804 b,1.94,0.24,4.42,M-R relationship,0.11287,1.05,649.65,2016,Transit,Kepler
Kepler-803 b,3.79,0.55,13.8,M-R relationship,0.26721,1.12,639.771,2016,Transit,Kepler
Kepler-1049 b,0.95,0.1,0.809,M-R relationship,0.0349,0.49,162.006,2016,Transit,Kepler
Kepler-969 b,2.07,0.05,4.94,M-R relationship,0.19726,0.82,390.354,2016,Transit,Kepler
Kepler-1137 b,2.2,0.83,5.48,M-R relationship,0.1871,1.84,921.778,2016,Transit,Kepler
Kepler-975 b,1.48,0.06,2.79,M-R relationship,0.02898,0.75,426.088,2016,Transit,Kepler
Kepler-995 b,2.7,0.19,7.75,M-R relationship,0.1701,0.8,609.638,2016,Transit,Kepler
Kepler-1054 b,2.63,1.15,7.41,M-R relationship,0.05542,1.34,1090.51,2016,Transit,Kepler
Kepler-1033 b,2.51,0.41,6.85,M-R relationship,0.0761,0.92,1455.5,2016,Transit,Kepler
Kepler-1040 b,2.08,0.18,4.98,M-R relationship,0.67249,0.96,482.119,2016,Transit,Kepler
Kepler-1138 b,1.7,0.24,3.53,M-R relationship,0.0415,0.92,872.328,2016,Transit,Kepler
Kepler-1139 b,1.19,0.17,1.81,M-R relationship,0.01664,0.91,495.156,2016,Transit,Kepler
Kepler-1060 b,2.38,0.45,6.26,M-R relationship,0.2495,0.99,946.565,2016,Transit,Kepler
Kepler-1003 b,1.78,0.48,3.82,M-R relationship,0.04333,1.17,941.902,2016,Transit,Kepler
Kepler-1055 b,1.23,0.07,2.04,M-R relationship,0.0335,0.94,389.397,2016,Transit,Kepler
Kepler-998 b,2.32,0.61,5.99,M-R relationship,0.0626,1.18,986.364,2016,Transit,Kepler
Kepler-1017 b,1.99,0.29,4.62,M-R relationship,0.07196,0.87,552.058,2016,Transit,Kepler
Kepler-974 b,1.57,0.06,3.09,M-R relationship,0.0419,0.5,134.311,2016,Transit,Kepler
Kepler-1045 b,2.69,0.21,7.7,M-R relationship,0.1616,0.82,942.485,2016,Transit,Kepler
Kepler-980 b,2.67,0.23,7.61,M-R relationship,0.09993,1.06,961.468,2016,Transit,Kepler
Kepler-991 b,2.54,0.13,6.99,M-R relationship,0.3104,0.61,389.561,2016,Transit,Kepler
Kepler-1072 b,1.58,0.72,3.12,M-R relationship,0.02742,1.32,982.716,2016,Transit,Kepler
Kepler-490 b,11.65,3.29,,Msini,0.0453,1.12,1523.0,2016,Transit,Kepler
Kepler-1018 b,2.58,0.3,7.18,M-R relationship,0.253,0.88,1010.01,2016,Transit,Kepler
Kepler-1004 b,6.28,0.78,32.5,M-R relationship,0.06791,3.39,1152.68,2016,Transit,Kepler
Kepler-997 b,1.36,0.33,2.42,M-R relationship,0.04022,1.56,467.568,2016,Transit,Kepler
Kepler-1151 b,2.22,0.24,5.56,M-R relationship,0.3197,0.85,682.436,2016,Transit,Kepler
Kepler-1064 b,1.55,0.07,3.02,M-R relationship,0.1183,0.79,374.0,2016,Transit,Kepler
Kepler-971 b,2.13,0.22,5.18,M-R relationship,0.08679,0.85,338.522,2016,Transit,Kepler
Kepler-1051 b,3.4,1.23,11.5,M-R relationship,0.18395,1.73,829.343,2016,Transit,Kepler
Kepler-1007 b,1.44,0.07,2.67,M-R relationship,0.048,0.7,365.0,2016,Transit,Kepler
Kepler-968 b,2.0,0.08,4.66,M-R relationship,0.0389,0.7,290.324,2016,Transit,Kepler
Kepler-1145 b,1.4,0.11,2.54,M-R relationship,0.0443,0.75,691.961,2016,Transit,Kepler
Kepler-1147 b,2.61,0.8,7.32,M-R relationship,0.0961,1.14,1657.36,2016,Transit,Kepler
Kepler-1029 b,1.26,0.08,2.13,M-R relationship,0.047,0.77,366.656,2016,Transit,Kepler
Kepler-996 b,1.98,0.63,4.58,M-R relationship,0.0474,1.14,1216.58,2016,Transit,Kepler
Kepler-966 b,4.13,1.17,16.0,M-R relationship,0.3907,1.02,1027.8,2016,Transit,Kepler
Kepler-1047 b,2.09,0.26,5.02,M-R relationship,0.29871,1.13,817.647,2016,Transit,Kepler
Kepler-1149 b,1.44,0.26,2.67,M-R relationship,0.0473,1.01,1217.73,2016,Transit,Kepler
Kepler-1148 b,1.69,0.1,3.5,M-R relationship,0.0188,0.77,625.692,2016,Transit,Kepler
Kepler-1057 b,3.36,1.1,11.2,M-R relationship,0.1138,1.1,1201.82,2016,Transit,Kepler
Kepler-1059 b,1.73,0.12,3.64,M-R relationship,0.044,0.72,713.167,2016,Transit,Kepler
Kepler-965 b,3.38,0.55,11.4,M-R relationship,0.50998,1.15,582.828,2016,Transit,Kepler
Kepler-999 b,2.34,0.65,6.08,M-R relationship,0.06918,1.65,545.063,2016,Transit,Kepler
Kepler-1112 b,3.02,1.28,9.38,M-R relationship,0.1239,1.54,1671.28,2016,Transit,Kepler
Kepler-952 b,7.65,1.65,45.4,M-R relationship,0.5183,0.99,1304.25,2016,Transit,Kepler
Kepler-479 b,2.12,0.09,5.14,M-R relationship,0.09636,0.81,344.901,2016,Transit,Kepler
Kepler-934 b,2.09,0.15,5.02,M-R relationship,0.2658,0.77,608.738,2016,Transit,Kepler
Kepler-977 b,2.62,0.17,7.37,M-R relationship,0.162,0.83,568.751,2016,Transit,Kepler
Kepler-1021 b,2.33,0.25,6.04,M-R relationship,0.1034,0.86,810.082,2016,Transit,Kepler
Kepler-979 b,2.72,0.42,7.85,M-R relationship,0.0753,0.83,576.503,2016,Transit,Kepler
Kepler-982 b,2.25,0.47,5.69,M-R relationship,0.1277,1.29,801.479,2016,Transit,Kepler
Kepler-936 b,1.45,0.2,2.7,M-R relationship,0.0954,0.89,823.399,2016,Transit,Kepler
Kepler-938 b,2.22,0.25,5.56,M-R relationship,0.2689,0.89,1182.05,2016,Transit,Kepler
Kepler-1006 b,1.54,0.27,2.99,M-R relationship,0.1464,0.74,1081.738,2016,Transit,Kepler
Kepler-1009 b,2.17,0.27,5.35,M-R relationship,0.0796,0.57,355.019,2016,Transit,Kepler
Kepler-976 b,3.96,0.29,14.9,M-R relationship,0.4217,0.83,1012.41,2016,Transit,Kepler
Kepler-1052 b,2.93,0.54,8.91,M-R relationship,0.20988,1.03,943.444,2016,Transit,Kepler
Kepler-1120 b,1.38,0.09,2.48,M-R relationship,0.0369,0.74,615.231,2016,Transit,Kepler
Kepler-1123 b,1.67,0.25,3.43,M-R relationship,0.0497,0.9,704.323,2016,Transit,Kepler
Kepler-940 b,3.34,0.71,11.1,M-R relationship,0.3059,0.96,1260.78,2016,Transit,Kepler
Kepler-1035 b,1.17,0.28,1.71,M-R relationship,0.03883,0.97,562.116,2016,Transit,Kepler
Kepler-1027 b,0.89,0.04,0.64,M-R relationship,0.02911,0.82,405.104,2016,Transit,Kepler
Kepler-986 b,2.36,0.29,6.17,M-R relationship,0.29131,0.98,548.364,2016,Transit,Kepler
Kepler-1011 b,2.87,0.29,8.6,M-R relationship,0.0633,0.88,736.779,2016,Transit,Kepler
Kepler-1068 b,3.63,0.89,12.8,M-R relationship,0.13038,1.01,1473.61,2016,Transit,Kepler
Kepler-917 b,1.91,0.24,4.31,M-R relationship,0.0378,0.76,3460.51,2016,Transit,Kepler
Kepler-918 b,1.74,0.4,3.68,M-R relationship,0.0569,1.14,1025.03,2016,Transit,Kepler
Kepler-978 b,2.99,0.67,9.22,M-R relationship,0.2726,1.09,682.522,2016,Transit,Kepler
Kepler-1002 b,1.71,0.06,3.57,M-R relationship,0.0564,1.57,408.303,2016,Transit,Kepler
Kepler-493 b,15.13,5.0,,Msini,0.0439,1.54,1745.77,2016,Transit,Kepler
Kepler-1128 b,3.65,0.53,12.9,M-R relationship,0.302,0.91,1083.41,2016,Transit,Kepler
Kepler-920 b,2.42,0.22,6.44,M-R relationship,0.065,0.85,1001.68,2016,Transit,Kepler
Kepler-919 b,2.25,0.87,5.69,M-R relationship,0.0981,1.21,1119.87,2016,Transit,Kepler
Kepler-921 b,2.87,0.33,8.6,M-R relationship,0.2716,0.91,934.49,2016,Transit,Kepler
Kepler-1015 b,3.55,1.32,12.3,M-R relationship,0.1345,1.81,739.357,2016,Transit,Kepler
Kepler-1005 b,1.5,0.21,2.86,M-R relationship,0.06717,1.06,567.806,2016,Transit,Kepler
Kepler-972 b,4.65,1.52,19.5,M-R relationship,0.0734,1.22,1198.03,2016,Transit,Kepler
Kepler-1130 b,0.8,0.16,0.437,M-R relationship,0.05963,0.81,249.343,2016,Transit,Kepler
Kepler-1131 b,1.59,0.36,3.15,M-R relationship,0.0459,1.04,1030.7,2016,Transit,Kepler
Kepler-1025 b,1.98,0.41,4.58,M-R relationship,0.21607,1.13,803.776,2016,Transit,Kepler
Kepler-497 b,6.04,1.58,30.4,M-R relationship,0.0457,1.11,1291.98,2016,Transit,Kepler
Kepler-994 b,1.6,0.07,3.19,M-R relationship,0.0177,0.54,188.158,2016,Transit,Kepler
Kepler-1132 b,2.35,0.19,6.12,M-R relationship,0.2881,0.83,867.931,2016,Transit,Kepler
Kepler-1069 b,1.6,0.31,3.19,M-R relationship,0.16587,0.98,695.967,2016,Transit,Kepler
Kepler-1034 b,2.26,0.17,5.73,M-R relationship,0.0965,0.8,654.549,2016,Transit,Kepler
Kepler-944 b,2.63,0.27,7.41,M-R relationship,0.2288,0.83,1349.43,2016,Transit,Kepler
Kepler-942 b,2.13,0.23,5.18,M-R relationship,0.22737,0.75,216.354,2016,Transit,Kepler
Kepler-946 b,1.93,0.32,4.38,M-R relationship,0.1002,0.93,1137.29,2016,Transit,Kepler
Kepler-992 b,1.62,0.04,3.26,M-R relationship,0.13372,0.74,259.639,2016,Transit,Kepler
Kepler-1134 b,2.64,0.21,7.46,M-R relationship,0.1242,0.81,944.445,2016,Transit,Kepler
Kepler-1135 b,1.85,0.33,4.08,M-R relationship,0.3436,0.94,1314.64,2016,Transit,Kepler
Kepler-951 b,5.59,0.24,26.7,M-R relationship,0.3091,0.73,382.509,2016,Transit,Kepler
Kepler-967 b,2.35,0.08,6.12,M-R relationship,0.1027,0.8,568.546,2016,Transit,Kepler
Kepler-1013 b,2.15,0.36,5.27,M-R relationship,0.137,0.76,422.246,2016,Transit,Kepler
Kepler-1233 b,2.6,1.08,7.27,M-R relationship,0.263,1.25,1178.7,2016,Transit,Kepler
Kepler-1234 b,2.81,0.16,8.3,M-R relationship,0.096,0.76,916.749,2016,Transit,Kepler
Kepler-523 b,1.96,0.08,4.5,M-R relationship,0.06159,0.86,253.295,2016,Transit,Kepler
Kepler-1180 b,1.99,0.55,4.62,M-R relationship,0.1246,1.14,1596.8,2016,Transit,Kepler
Kepler-1181 b,1.57,0.65,3.09,M-R relationship,0.0621,1.3,938.417,2016,Transit,Kepler
Kepler-1189 b,1.77,0.52,3.78,M-R relationship,0.0467,1.16,782.852,2016,Transit,Kepler
Kepler-1236 b,2.14,0.18,5.22,M-R relationship,0.1803,0.82,999.64,2016,Transit,Kepler
Kepler-1235 b,0.79,0.12,0.418,M-R relationship,0.04836,0.9,540.604,2016,Transit,Kepler
Kepler-518 b,2.11,0.05,5.1,M-R relationship,0.07996,0.88,337.901,2016,Transit,Kepler
Kepler-1276 b,1.19,0.2,1.81,M-R relationship,0.10863,1.21,538.481,2016,Transit,Kepler
Kepler-1277 b,1.6,0.29,3.19,M-R relationship,0.21857,0.92,557.193,2016,Transit,Kepler
Kepler-1182 b,2.41,0.6,6.39,M-R relationship,0.0981,1.05,1545.39,2016,Transit,Kepler
Kepler-549 b,2.57,0.23,11.0,Mass,0.23236,0.84,635.145,2016,Transit,Kepler
Kepler-1237 b,2.86,0.39,8.55,M-R relationship,0.3778,0.9,1064.31,2016,Transit,Kepler
Kepler-1279 b,1.75,0.88,3.71,M-R relationship,0.1785,1.33,1494.22,2016,Transit,Kepler
Kepler-1280 b,1.87,0.83,4.16,M-R relationship,0.33982,1.32,1486.7,2016,Transit,Kepler
Kepler-1076 b,0.8,0.04,0.437,M-R relationship,0.0611,0.74,199.0,2016,Transit,Kepler
Kepler-1077 b,2.77,0.7,8.1,M-R relationship,0.2101,1.02,1101.42,2016,Transit,Kepler
Kepler-1193 b,1.32,0.21,2.3,M-R relationship,0.04004,1.21,802.116,2016,Transit,Kepler
Kepler-1194 b,1.51,0.12,2.89,M-R relationship,0.1212,0.92,757.382,2016,Transit,Kepler
Kepler-1238 b,1.93,0.85,4.38,M-R relationship,0.0541,1.48,1632.13,2016,Transit,Kepler
Kepler-1282 b,1.55,0.21,3.02,M-R relationship,0.0335,0.89,1103.29,2016,Transit,Kepler
Kepler-1078 b,1.9,0.3,4.27,M-R relationship,0.0388,0.92,2481.71,2016,Transit,Kepler
Kepler-1079 b,1.63,0.33,3.29,M-R relationship,0.1092,1.36,591.098,2016,Transit,Kepler
Kepler-1242 b,2.26,0.13,5.73,M-R relationship,0.1039,0.74,687.615,2016,Transit,Kepler
Kepler-1243 b,1.75,0.28,3.71,M-R relationship,0.1256,0.94,758.17,2016,Transit,Kepler
Kepler-1081 b,1.01,0.1,1.01,M-R relationship,0.04662,0.84,420.215,2016,Transit,Kepler
Kepler-1199 b,1.15,0.21,1.6,M-R relationship,0.11309,1.17,563.493,2016,Transit,Kepler
Kepler-1202 b,2.94,0.91,8.96,M-R relationship,0.179,1.04,1175.38,2016,Transit,Kepler
Kepler-519 b,2.1,0.06,5.06,M-R relationship,0.15932,0.8,246.61,2016,Transit,Kepler
Kepler-1284 b,1.21,0.1,1.92,M-R relationship,0.0143,0.79,882.324,2016,Transit,Kepler
Kepler-1083 b,3.36,0.16,11.2,M-R relationship,0.1899,0.77,902.633,2016,Transit,Kepler
Kepler-1203 b,1.06,0.06,1.2,M-R relationship,0.0114,0.61,317.022,2016,Transit,Kepler
Kepler-1204 b,3.05,0.87,9.53,M-R relationship,0.3877,1.03,1175.22,2016,Transit,Kepler
Kepler-1246 b,1.36,0.2,2.42,M-R relationship,0.0848,0.69,436.505,2016,Transit,Kepler
Kepler-1289 b,1.52,0.49,2.92,M-R relationship,0.0785,1.17,1053.57,2016,Transit,Kepler
Kepler-1087 b,0.61,0.17,0.165,M-R relationship,0.01554,0.94,362.623,2016,Transit,Kepler
Kepler-1086 b,2.44,0.35,6.53,M-R relationship,0.1198,0.66,466.084,2016,Transit,Kepler
Kepler-1088 b,1.42,0.11,2.6,M-R relationship,0.16163,1.08,280.629,2016,Transit,Kepler
Kepler-1206 b,1.64,0.09,3.33,M-R relationship,0.0201,0.75,762.019,2016,Transit,Kepler
Kepler-1205 b,1.41,0.1,2.57,M-R relationship,0.0196,0.81,698.485,2016,Transit,Kepler
Kepler-1249 b,2.38,0.97,6.26,M-R relationship,0.167,1.28,1904.54,2016,Transit,Kepler
Kepler-1250 b,1.92,0.45,4.35,M-R relationship,0.0393,0.98,2126.85,2016,Transit,Kepler
Kepler-1293 b,0.97,0.42,0.871,M-R relationship,0.06763,1.28,1028.16,2016,Transit,Kepler
Kepler-513 b,2.2,0.31,5.48,M-R relationship,0.1779,1.06,468.258,2016,Transit,Kepler
Kepler-1092 b,2.07,0.37,4.94,M-R relationship,0.2996,1.0,981.233,2016,Transit,Kepler
Kepler-1209 b,1.51,0.32,2.89,M-R relationship,0.17515,1.38,505.531,2016,Transit,Kepler
Kepler-1252 b,1.67,0.42,3.43,M-R relationship,0.1078,1.09,648.979,2016,Transit,Kepler
Kepler-1253 b,1.33,0.18,2.33,M-R relationship,0.31444,1.1,514.524,2016,Transit,Kepler
Kepler-1156 b,1.32,0.14,2.3,M-R relationship,0.09704,1.0,691.331,2016,Transit,Kepler
Kepler-1155 b,2.03,0.45,4.78,M-R relationship,0.2006,1.03,1128.72,2016,Transit,Kepler
Kepler-1093 b,1.95,0.62,4.46,M-R relationship,0.17543,1.2,1072.88,2016,Transit,Kepler
Kepler-1094 b,3.18,1.2,10.2,M-R relationship,0.3625,1.21,1291.01,2016,Transit,Kepler
Kepler-1213 b,1.19,0.13,1.81,M-R relationship,0.06026,1.21,807.812,2016,Transit,Kepler
Kepler-1255 b,2.32,0.64,5.99,M-R relationship,0.2226,1.12,1617.07,2016,Transit,Kepler
Kepler-1256 b,1.49,0.44,2.83,M-R relationship,0.10733,1.36,891.192,2016,Transit,Kepler
Kepler-1160 b,2.14,0.28,5.22,M-R relationship,0.0755,0.89,1077.63,2016,Transit,Kepler
Kepler-1158 b,2.34,0.46,6.08,M-R relationship,0.12643,1.95,1484.25,2016,Transit,Kepler
Kepler-1097 b,3.26,0.26,10.7,M-R relationship,0.5791,0.79,719.802,2016,Transit,Kepler
Kepler-1095 b,1.21,0.2,1.92,M-R relationship,0.0514,0.92,792.522,2016,Transit,Kepler
Kepler-1217 b,1.99,0.48,4.62,M-R relationship,0.0326,1.08,1347.71,2016,Transit,Kepler
Kepler-1216 b,1.39,0.22,2.51,M-R relationship,0.0519,0.98,1258.36,2016,Transit,Kepler
Kepler-1257 b,1.52,0.18,2.92,M-R relationship,0.0376,0.87,1105.95,2016,Transit,Kepler
Kepler-1260 b,1.77,0.51,3.78,M-R relationship,0.1444,1.08,1734.43,2016,Transit,Kepler
Kepler-1163 b,1.03,0.17,1.08,M-R relationship,0.06868,1.35,478.647,2016,Transit,Kepler
Kepler-1100 b,1.75,0.82,3.71,M-R relationship,0.06745,1.34,693.618,2016,Transit,Kepler
Kepler-1098 b,1.3,0.24,2.24,M-R relationship,0.0358,0.99,1049.19,2016,Transit,Kepler
Kepler-1261 b,2.26,0.14,5.73,M-R relationship,0.239,0.77,744.294,2016,Transit,Kepler
Kepler-1166 b,1.69,0.62,3.5,M-R relationship,0.1975,0.86,634.906,2016,Transit,Kepler
Kepler-1167 b,1.71,0.12,3.57,M-R relationship,0.0175,0.75,820.905,2016,Transit,Kepler
Kepler-1103 b,2.27,0.61,5.77,M-R relationship,0.15336,1.15,1331.92,2016,Transit,Kepler
Kepler-1221 b,1.88,0.3,4.19,M-R relationship,0.0906,0.82,913.65,2016,Transit,Kepler
Kepler-522 b,6.91,1.5,38.2,M-R relationship,0.25029,1.98,639.239,2016,Transit,Kepler
Kepler-1264 b,1.18,0.22,1.76,M-R relationship,0.01839,0.98,801.993,2016,Transit,Kepler
Kepler-1169 b,0.94,0.06,0.779,M-R relationship,0.06931,1.23,522.823,2016,Transit,Kepler
Kepler-1168 b,2.5,0.18,6.8,M-R relationship,0.2663,0.82,752.666,2016,Transit,Kepler
Kepler-1106 b,1.65,0.49,3.36,M-R relationship,0.0239,1.17,1090.7,2016,Transit,Kepler
Kepler-1226 b,1.45,0.26,2.7,M-R relationship,0.13945,1.02,1125.72,2016,Transit,Kepler
Kepler-1266 b,2.58,0.13,7.18,M-R relationship,0.16431,0.76,849.312,2016,Transit,Kepler
Kepler-1268 b,2.03,0.67,4.78,M-R relationship,0.2383,1.09,1840.77,2016,Transit,Kepler
Kepler-1171 b,2.56,0.68,7.08,M-R relationship,0.0284,1.95,573.0,2016,Transit,Kepler
Kepler-1172 b,3.2,0.4,10.3,M-R relationship,0.168,0.89,1306.53,2016,Transit,Kepler
Kepler-1109 b,2.19,0.44,5.43,M-R relationship,0.2466,1.06,685.087,2016,Transit,Kepler
Kepler-1110 b,2.66,0.38,7.56,M-R relationship,0.0754,0.7,726.828,2016,Transit,Kepler
Kepler-1229 b,1.4,0.11,2.54,M-R relationship,0.3006,0.51,265.482,2016,Transit,Kepler
Kepler-436 c,2.33,0.19,6.04,M-R relationship,0.11452,0.71,588.867,2016,Transit,Kepler
Kepler-1270 b,3.32,0.3,11.0,M-R relationship,0.07045,3.38,1095.05,2016,Transit,Kepler
Kepler-804 c,1.14,0.2,1.55,M-R relationship,0.08654,1.05,649.65,2016,Transit,Kepler
Kepler-1230 b,2.71,0.49,7.8,M-R relationship,0.0921,1.08,1364.22,2016,Transit,Kepler
Kepler-1271 b,1.48,0.23,2.79,M-R relationship,0.04233,1.23,831.991,2016,Transit,Kepler
Kepler-1273 b,2.49,0.33,6.76,M-R relationship,0.1857,0.91,1114.24,2016,Transit,Kepler
Kepler-1177 b,1.9,0.16,4.27,M-R relationship,0.4301,0.97,1299.97,2016,Transit,Kepler
Kepler-1179 b,1.32,0.09,2.3,M-R relationship,0.03497,0.81,415.205,2016,Transit,Kepler
Kepler-1152 b,0.87,0.05,0.59,M-R relationship,0.0223,0.53,215.233,2016,Transit,Kepler
Kepler-1186 b,2.23,0.36,5.6,M-R relationship,0.1281,0.93,1337.25,2016,Transit,Kepler
Kepler-535 b,2.36,0.33,6.17,M-R relationship,0.06011,1.27,685.599,2016,Transit,Kepler
Kepler-1411 b,2.82,0.43,8.35,M-R relationship,0.4001,0.92,1660.48,2016,Transit,Kepler
Kepler-1413 b,1.82,0.16,3.97,M-R relationship,0.1066,0.8,1167.49,2016,Transit,Kepler
Kepler-1317 b,1.56,0.09,3.05,M-R relationship,0.0128,0.79,728.303,2016,Transit,Kepler
Kepler-1318 b,3.11,0.17,9.85,M-R relationship,0.6085,0.7,475.248,2016,Transit,Kepler
Kepler-1362 b,2.6,0.12,7.27,M-R relationship,0.4626,0.74,731.298,2016,Transit,Kepler
Kepler-536 b,3.1,0.38,9.8,M-R relationship,0.02835,0.89,462.322,2016,Transit,Kepler
Kepler-1415 b,1.29,0.12,2.21,M-R relationship,0.01416,0.84,1043.56,2016,Transit,Kepler
Kepler-1320 b,1.7,0.07,3.53,M-R relationship,0.0163,0.74,647.424,2016,Transit,Kepler
Kepler-1321 b,4.92,0.6,21.5,M-R relationship,0.0781,0.53,769.146,2016,Transit,Kepler
Kepler-1366 b,1.43,0.1,2.63,M-R relationship,0.0273,0.6,465.826,2016,Transit,Kepler
Kepler-903 c,2.53,0.4,6.94,M-R relationship,0.30249,0.97,1369.24,2016,Transit,Kepler
Kepler-758 e,1.53,0.32,2.96,M-R relationship,0.0829,1.42,1502.32,2016,Transit,Kepler
Kepler-1417 b,1.0,0.2,0.972,M-R relationship,0.14062,1.02,991.845,2016,Transit,Kepler
Kepler-1322 b,1.61,0.2,3.22,M-R relationship,0.0183,0.87,1350.32,2016,Transit,Kepler
Kepler-525 b,2.63,0.38,7.41,M-R relationship,0.14386,1.15,992.852,2016,Transit,Kepler
Kepler-722 c,2.82,0.56,8.35,M-R relationship,0.4471,1.05,1239.5,2016,Transit,Kepler
Kepler-1422 b,2.02,0.41,4.74,M-R relationship,0.1499,1.23,2465.84,2016,Transit,Kepler
Kepler-1327 b,1.8,0.58,3.89,M-R relationship,0.11151,1.03,678.069,2016,Transit,Kepler
Kepler-1368 b,1.65,0.35,3.36,M-R relationship,0.0153,1.08,1635.82,2016,Transit,Kepler
Kepler-769 c,1.79,0.76,3.86,M-R relationship,0.1297,1.28,1169.57,2016,Transit,Kepler
Kepler-770 c,1.2,0.19,1.87,M-R relationship,0.0309,0.92,930.457,2016,Transit,Kepler
Kepler-1430 b,1.18,0.09,1.76,M-R relationship,0.0304,0.72,875.523,2016,Transit,Kepler
Kepler-1431 b,1.47,0.42,2.76,M-R relationship,0.0648,1.03,1623.24,2016,Transit,Kepler
Kepler-1328 b,0.98,0.2,0.904,M-R relationship,0.052,0.99,813.543,2016,Transit,Kepler
Kepler-1329 b,2.17,0.06,5.35,M-R relationship,0.0747,0.69,588.037,2016,Transit,Kepler
Kepler-527 b,2.84,1.35,8.45,M-R relationship,0.11646,1.45,750.04,2016,Transit,Kepler
Kepler-1371 b,0.73,0.08,0.315,M-R relationship,0.04214,0.83,515.334,2016,Transit,Kepler
Kepler-770 d,1.4,0.19,2.54,M-R relationship,0.0616,0.92,930.457,2016,Transit,Kepler
Kepler-896 b,2.53,0.18,6.94,M-R relationship,0.56378,0.81,2334.93,2016,Transit,Kepler
Kepler-1427 b,1.1,0.24,1.37,M-R relationship,0.0197,1.01,1220.0,2016,Transit,Kepler
Kepler-1332 b,1.37,0.09,2.45,M-R relationship,0.09915,0.9,528.685,2016,Transit,Kepler
Kepler-1330 b,1.65,0.4,3.36,M-R relationship,0.0889,0.94,1720.48,2016,Transit,Kepler
Kepler-1373 b,1.16,0.54,1.65,M-R relationship,0.02598,1.33,1699.46,2016,Transit,Kepler
Kepler-1374 b,2.29,0.2,5.86,M-R relationship,0.0918,0.81,1078.46,2016,Transit,Kepler
Kepler-1311 c,1.22,0.28,1.98,M-R relationship,0.03753,1.4,866.331,2016,Transit,Kepler
Kepler-1428 b,1.64,0.14,3.33,M-R relationship,0.11051,1.36,1530.32,2016,Transit,Kepler
Kepler-1429 b,1.29,0.35,2.21,M-R relationship,0.055,1.07,1214.09,2016,Transit,Kepler
Kepler-1335 b,1.45,0.1,2.7,M-R relationship,0.0615,0.74,621.853,2016,Transit,Kepler
Kepler-528 b,2.08,0.29,4.98,M-R relationship,0.14219,1.06,784.23,2016,Transit,Kepler
Kepler-1321 c,2.4,0.3,6.35,M-R relationship,0.0267,0.53,769.146,2016,Transit,Kepler
Kepler-1433 b,1.56,0.45,3.05,M-R relationship,0.0516,1.19,1328.0,2016,Transit,Kepler
Kepler-1337 b,2.41,0.1,6.39,M-R relationship,0.1441,0.67,601.629,2016,Transit,Kepler
Kepler-1339 b,0.71,0.06,0.285,M-R relationship,0.02356,0.93,371.049,2016,Transit,Kepler
Kepler-1377 b,1.25,0.09,2.1,M-R relationship,0.0153,0.82,1146.1,2016,Transit,Kepler
Kepler-1378 b,2.2,0.71,5.48,M-R relationship,0.0885,0.67,506.434,2016,Transit,Kepler
Kepler-1370 c,1.27,0.56,2.15,M-R relationship,0.08084,1.29,1004.1,2016,Transit,Kepler
Kepler-1295 b,1.55,0.2,3.02,M-R relationship,0.0464,0.89,1174.46,2016,Transit,Kepler
Kepler-1296 b,0.91,0.09,0.693,M-R relationship,0.0896,0.83,1551.54,2016,Transit,Kepler
Kepler-1341 b,2.99,0.42,9.22,M-R relationship,0.47267,0.72,476.957,2016,Transit,Kepler
Kepler-529 b,1.86,0.25,4.12,M-R relationship,0.0309,1.14,799.008,2016,Transit,Kepler
Kepler-1380 b,1.43,0.26,2.63,M-R relationship,0.0917,0.94,2462.94,2016,Transit,Kepler
Kepler-1391 b,1.68,0.26,3.46,M-R relationship,0.30045,1.1,1038.35,2016,Transit,Kepler
Kepler-1392 b,1.96,0.22,4.5,M-R relationship,0.1189,0.85,1117.0,2016,Transit,Kepler
Kepler-1297 b,0.97,0.16,0.871,M-R relationship,0.0283,0.99,1439.47,2016,Transit,Kepler
Kepler-1343 b,1.93,0.25,4.38,M-R relationship,0.0449,0.93,1756.71,2016,Transit,Kepler
Kepler-1344 b,1.84,0.5,4.04,M-R relationship,0.05501,1.13,853.959,2016,Transit,Kepler
Kepler-1383 b,1.41,0.63,2.57,M-R relationship,0.11397,1.44,1027.21,2016,Transit,Kepler
Kepler-1381 b,2.25,0.29,5.69,M-R relationship,0.1728,0.94,1197.04,2016,Transit,Kepler
Kepler-1393 b,0.8,0.04,0.437,M-R relationship,0.0337,0.92,544.456,2016,Transit,Kepler
Kepler-1300 b,1.37,0.3,2.45,M-R relationship,0.16005,1.79,777.025,2016,Transit,Kepler
Kepler-616 c,3.41,0.57,11.5,M-R relationship,0.4024,0.97,945.775,2016,Transit,Kepler
Kepler-1347 b,1.03,0.06,1.08,M-R relationship,0.104,0.79,321.0,2016,Transit,Kepler
Kepler-1345 b,2.36,1.06,6.17,M-R relationship,0.26412,1.55,1355.02,2016,Transit,Kepler
Kepler-1385 b,0.85,0.2,0.543,M-R relationship,0.04262,1.29,688.795,2016,Transit,Kepler
Kepler-1384 b,1.94,0.43,4.42,M-R relationship,0.1126,0.74,618.0,2016,Transit,Kepler
Kepler-1397 b,1.72,0.19,3.61,M-R relationship,0.25861,1.12,1198.25,2016,Transit,Kepler
Kepler-1398 b,0.9,0.28,0.666,M-R relationship,0.03909,1.18,852.204,2016,Transit,Kepler
Kepler-1396 b,2.07,0.79,4.94,M-R relationship,0.1406,1.27,1066.46,2016,Transit,Kepler
Kepler-1302 b,1.43,0.15,2.63,M-R relationship,0.0795,0.82,634.58,2016,Transit,Kepler
Kepler-1304 b,2.29,0.19,5.86,M-R relationship,0.1202,0.81,2176.08,2016,Transit,Kepler
Kepler-1350 b,2.52,0.16,6.9,M-R relationship,0.0413,0.53,340.691,2016,Transit,Kepler
Kepler-1348 b,1.94,0.43,4.42,M-R relationship,0.1834,1.04,1213.82,2016,Transit,Kepler
Kepler-1387 b,0.93,0.05,0.749,M-R relationship,0.031,0.77,455.358,2016,Transit,Kepler
Kepler-1398 c,1.03,0.37,1.08,M-R relationship,0.05087,1.18,852.204,2016,Transit,Kepler
Kepler-1400 b,1.62,0.11,3.26,M-R relationship,0.0771,0.78,752.237,2016,Transit,Kepler
Kepler-1307 b,2.47,0.66,6.66,M-R relationship,0.1369,1.08,1014.62,2016,Transit,Kepler
Kepler-1351 b,0.65,0.05,0.208,M-R relationship,0.0156,0.67,202.782,2016,Transit,Kepler
Kepler-521 b,3.18,0.31,10.2,M-R relationship,0.17116,1.46,830.638,2016,Transit,Kepler
Kepler-1390 b,1.18,0.25,1.76,M-R relationship,0.0662,0.98,723.431,2016,Transit,Kepler
Kepler-531 b,2.78,0.08,8.15,M-R relationship,0.17446,0.75,252.762,2016,Transit,Kepler
Kepler-1389 b,1.77,0.05,3.78,M-R relationship,0.38249,0.74,497.093,2016,Transit,Kepler
Kepler-1401 b,1.68,0.37,3.46,M-R relationship,0.0975,1.1,1425.43,2016,Transit,Kepler
Kepler-1402 b,0.76,0.08,0.363,M-R relationship,0.0322,0.87,1493.64,2016,Transit,Kepler
Kepler-1308 b,0.52,0.06,0.0933,M-R relationship,0.025,0.34,112.705,2016,Transit,Kepler
Kepler-1309 b,2.37,0.2,6.21,M-R relationship,0.1679,0.8,845.0,2016,Transit,Kepler
Kepler-1352 b,0.89,0.25,0.64,M-R relationship,0.02883,1.16,670.829,2016,Transit,Kepler
Kepler-1353 b,1.8,0.37,3.89,M-R relationship,0.153,0.72,593.384,2016,Transit,Kepler
Kepler-532 b,2.57,0.21,7.13,M-R relationship,0.10151,0.79,312.798,2016,Transit,Kepler
Kepler-1403 b,2.14,0.54,5.22,M-R relationship,0.064,1.15,2163.9,2016,Transit,Kepler
Kepler-1405 b,3.96,0.88,14.9,M-R relationship,0.1778,1.07,1530.3,2016,Transit,Kepler
Kepler-1310 b,1.44,0.16,2.67,M-R relationship,0.01452,0.88,569.185,2016,Transit,Kepler
Kepler-1312 b,2.1,0.08,5.06,M-R relationship,0.06053,0.92,299.104,2016,Transit,Kepler
Kepler-517 b,2.67,0.32,7.61,M-R relationship,0.28682,0.98,289.907,2016,Transit,Kepler
Kepler-1356 b,1.53,0.11,2.96,M-R relationship,0.0136,0.78,845.228,2016,Transit,Kepler
Kepler-1354 b,2.97,1.22,9.11,M-R relationship,0.3521,1.24,1119.45,2016,Transit,Kepler
Kepler-1050 c,1.48,0.35,2.79,M-R relationship,0.15264,1.13,490.488,2016,Transit,Kepler
Kepler-1407 b,2.25,0.53,5.69,M-R relationship,0.1502,1.15,1396.41,2016,Transit,Kepler
Kepler-1313 b,1.76,0.06,3.75,M-R relationship,0.04619,0.85,174.234,2016,Transit,Kepler
Kepler-1359 b,2.83,0.45,8.4,M-R relationship,0.26657,0.72,614.859,2016,Transit,Kepler
Kepler-1360 b,3.4,1.17,11.5,M-R relationship,0.2866,1.83,1516.27,2016,Transit,Kepler
Kepler-1611 b,0.81,0.16,0.457,M-R relationship,0.0586,0.93,908.444,2016,Transit,Kepler
Kepler-1463 b,1.86,0.33,4.12,M-R relationship,0.1694,0.95,1687.47,2016,Transit,Kepler
Kepler-1543 b,2.71,1.21,7.8,M-R relationship,0.0867,1.65,921.784,2016,Transit,Kepler
Kepler-1578 b,1.04,0.11,1.12,M-R relationship,0.0252,0.86,1064.05,2016,Transit,Kepler
Kepler-626 b,2.29,0.28,5.86,M-R relationship,0.10913,1.05,635.643,2016,Transit,Kepler
Kepler-1465 b,1.77,0.35,3.78,M-R relationship,0.1939,0.71,359.497,2016,Transit,Kepler
Kepler-1466 b,1.55,0.27,3.02,M-R relationship,0.17981,1.02,631.949,2016,Transit,Kepler
Kepler-1546 b,3.13,0.58,9.96,M-R relationship,0.1366,0.93,931.956,2016,Transit,Kepler
Kepler-1548 b,2.64,0.54,7.46,M-R relationship,0.4679,0.97,872.279,2016,Transit,Kepler
Kepler-1613 b,2.08,0.44,4.98,M-R relationship,0.02755,1.12,1508.33,2016,Transit,Kepler
Kepler-1468 c,1.15,0.25,1.6,M-R relationship,0.0466,1.05,1899.24,2016,Transit,Kepler
Kepler-1582 b,1.49,0.17,2.83,M-R relationship,0.0316,0.3,78.8906,2016,Transit,Kepler
Kepler-1469 b,2.8,0.37,8.25,M-R relationship,0.1466,0.89,1159.3,2016,Transit,Kepler
Kepler-633 b,1.63,0.31,3.29,M-R relationship,0.08185,1.15,680.54,2016,Transit,Kepler
Kepler-1550 b,3.02,0.71,9.38,M-R relationship,0.7681,1.11,1179.01,2016,Transit,Kepler
Kepler-1552 b,2.47,0.11,6.66,M-R relationship,0.6011,0.78,769.096,2016,Transit,Kepler
Kepler-1584 b,1.61,0.4,3.22,M-R relationship,0.1168,1.13,1416.31,2016,Transit,Kepler
Kepler-556 b,2.24,0.2,5.65,M-R relationship,0.09833,0.98,674.598,2016,Transit,Kepler
Kepler-629 b,1.38,0.06,2.48,M-R relationship,0.07107,0.84,372.05,2016,Transit,Kepler
Kepler-630 b,3.18,0.34,10.2,M-R relationship,0.56201,1.04,839.784,2016,Transit,Kepler
Kepler-1470 b,1.07,0.09,1.24,M-R relationship,0.116,0.76,590.601,2016,Transit,Kepler
Kepler-1475 b,2.92,0.99,8.85,M-R relationship,0.373,1.28,1568.38,2016,Transit,Kepler
Kepler-1476 b,1.67,0.37,3.43,M-R relationship,0.0932,0.96,1002.74,2016,Transit,Kepler
Kepler-154 f,1.5,0.34,2.86,M-R relationship,0.08832,0.98,915.212,2016,Transit,Kepler
Kepler-1165 b,1.55,0.5,3.02,M-R relationship,0.0914,1.18,1575.2,2016,Transit,Kepler
Kepler-1587 b,1.33,0.47,2.33,M-R relationship,0.08747,1.22,1026.48,2016,Transit,Kepler
Kepler-579 b,2.0,0.35,4.66,M-R relationship,0.0854,0.96,530.765,2016,Transit,Kepler
Kepler-1619 b,0.76,0.15,0.363,M-R relationship,0.15413,1.0,734.85,2016,Transit,Kepler
Kepler-132 e,1.18,0.16,1.76,M-R relationship,0.43927,1.1,349.549,2016,Transit,Kepler
Kepler-1471 b,1.41,0.2,2.57,M-R relationship,0.0453,0.93,978.678,2016,Transit,Kepler
Kepler-1554 b,2.9,0.23,8.75,M-R relationship,0.59527,0.81,946.847,2016,Transit,Kepler
Kepler-541 b,3.36,0.58,11.2,M-R relationship,0.06447,2.06,1060.68,2016,Transit,Kepler
Kepler-1589 b,1.09,0.44,1.32,M-R relationship,0.0205,1.25,1513.14,2016,Transit,Kepler
Kepler-686 b,12.15,1.97,,Msini,0.0258,0.92,1490.94,2016,Transit,Kepler
Kepler-1473 b,1.19,0.09,1.81,M-R relationship,0.11606,1.09,652.253,2016,Transit,Kepler
Kepler-1472 b,1.9,0.76,4.27,M-R relationship,0.2322,1.25,1479.14,2016,Transit,Kepler
Kepler-1474 b,2.16,0.44,5.31,M-R relationship,0.2108,1.04,1180.9,2016,Transit,Kepler
Kepler-1556 b,1.96,0.4,4.5,M-R relationship,0.0829,0.95,944.54,2016,Transit,Kepler
Kepler-542 b,1.57,0.1,3.09,M-R relationship,0.10703,0.9,436.016,2016,Transit,Kepler
Kepler-1592 b,1.54,0.7,2.99,M-R relationship,0.04,1.28,1639.47,2016,Transit,Kepler
Kepler-1623 b,1.31,0.31,2.27,M-R relationship,0.0518,1.0,837.481,2016,Transit,Kepler
Kepler-1622 b,1.47,0.68,2.76,M-R relationship,0.10136,1.5,796.477,2016,Transit,Kepler
Kepler-631 b,2.9,0.32,8.75,M-R relationship,0.14017,1.33,761.966,2016,Transit,Kepler
Kepler-1477 b,1.18,0.09,1.76,M-R relationship,0.0911,0.78,680.828,2016,Transit,Kepler
Kepler-1478 b,1.73,0.47,3.64,M-R relationship,0.1681,1.06,1845.58,2016,Transit,Kepler
Kepler-1558 b,0.68,0.06,0.244,M-R relationship,0.04278,0.79,325.737,2016,Transit,Kepler
Kepler-1557 b,1.53,0.5,2.96,M-R relationship,0.049,1.17,1380.16,2016,Transit,Kepler
Kepler-544 b,2.12,0.19,5.14,M-R relationship,0.15482,1.22,963.18,2016,Transit,Kepler
Kepler-1442 b,3.93,0.41,14.7,M-R relationship,0.40814,1.44,608.68,2016,Transit,Kepler
Kepler-1435 b,0.86,0.12,0.566,M-R relationship,0.05456,1.32,704.211,2016,Transit,Kepler
Kepler-1559 b,0.72,0.07,0.299,M-R relationship,0.01835,0.82,614.827,2016,Transit,Kepler
Kepler-1596 b,1.9,0.25,4.27,M-R relationship,0.3237,0.92,2146.23,2016,Transit,Kepler
Kepler-403 d,1.42,0.3,2.6,M-R relationship,0.12178,1.45,840.269,2016,Transit,Kepler
Kepler-1443 b,0.97,0.22,0.871,M-R relationship,0.03783,1.27,593.646,2016,Transit,Kepler
Kepler-1438 b,0.94,0.19,0.779,M-R relationship,0.0346,0.96,1154.13,2016,Transit,Kepler
Kepler-1562 b,3.55,1.0,12.3,M-R relationship,0.3308,1.05,2060.72,2016,Transit,Kepler
Kepler-1561 b,1.09,0.26,1.32,M-R relationship,0.0194,1.11,839.076,2016,Transit,Kepler
Kepler-1598 b,0.95,0.28,0.809,M-R relationship,0.05207,1.09,619.862,2016,Transit,Kepler
Kepler-1445 b,0.96,0.2,0.84,M-R relationship,0.09587,1.26,506.357,2016,Transit,Kepler
Kepler-511 b,6.35,1.4,33.1,M-R relationship,0.85672,1.2,651.999,2016,Transit,Kepler
Kepler-1564 b,1.47,0.19,2.76,M-R relationship,0.1327,0.9,908.805,2016,Transit,Kepler
Kepler-1563 b,0.75,0.12,0.347,M-R relationship,0.0442,0.99,616.697,2016,Transit,Kepler
Kepler-1565 b,1.19,0.08,1.81,M-R relationship,0.0241,0.73,629.93,2016,Transit,Kepler
Kepler-1602 b,1.34,0.58,2.36,M-R relationship,0.09744,1.36,629.804,2016,Transit,Kepler
Kepler-1448 b,1.61,0.21,3.22,M-R relationship,0.1058,0.93,768.903,2016,Transit,Kepler
Kepler-1449 b,1.68,0.37,3.46,M-R relationship,0.1176,1.1,2006.48,2016,Transit,Kepler
Kepler-1566 b,0.79,0.08,0.418,M-R relationship,0.01198,0.81,466.586,2016,Transit,Kepler
Kepler-1567 b,2.73,0.4,7.9,M-R relationship,0.552,0.93,1206.11,2016,Transit,Kepler
Kepler-597 b,2.37,0.33,6.21,M-R relationship,0.10916,0.95,663.418,2016,Transit,Kepler
Kepler-1603 b,1.29,0.47,2.21,M-R relationship,0.0351,1.31,2712.58,2016,Transit,Kepler
Kepler-1450 b,1.71,0.13,3.57,M-R relationship,0.2401,0.68,505.829,2016,Transit,Kepler
Kepler-1451 b,3.35,0.62,11.2,M-R relationship,0.2101,0.99,1058.72,2016,Transit,Kepler
Kepler-603 d,1.32,0.25,2.3,M-R relationship,0.07117,1.01,1539.63,2016,Transit,Kepler
Kepler-605 c,0.86,0.11,0.566,M-R relationship,0.03336,0.88,556.58,2016,Transit,Kepler
Kepler-1568 b,1.3,0.21,2.24,M-R relationship,0.15157,1.19,916.313,2016,Transit,Kepler
Kepler-1606 b,2.07,0.23,4.94,M-R relationship,0.6421,0.86,831.287,2016,Transit,Kepler
Kepler-1452 b,2.7,0.39,7.75,M-R relationship,0.25764,2.06,996.32,2016,Transit,Kepler
Kepler-1571 b,1.52,0.68,2.92,M-R relationship,0.04287,1.39,675.303,2016,Transit,Kepler
Kepler-1570 b,1.07,0.19,1.24,M-R relationship,0.16699,0.89,918.995,2016,Transit,Kepler
Kepler-1572 b,0.94,0.19,0.779,M-R relationship,0.05838,0.95,946.602,2016,Transit,Kepler
Kepler-1607 b,0.92,0.33,0.721,M-R relationship,0.11978,1.21,1286.1,2016,Transit,Kepler
Kepler-1609 b,2.22,0.9,5.56,M-R relationship,0.4679,1.27,1826.04,2016,Transit,Kepler
Kepler-1457 b,1.99,0.31,4.62,M-R relationship,0.26391,1.01,889.885,2016,Transit,Kepler
Kepler-1458 b,2.76,0.42,8.05,M-R relationship,0.24869,0.94,544.45,2016,Transit,Kepler
Kepler-217 d,1.32,0.36,2.3,M-R relationship,0.0534,1.76,1104.64,2016,Transit,Kepler
Kepler-625 c,1.05,0.05,1.16,M-R relationship,0.05379,0.96,760.708,2016,Transit,Kepler
Kepler-653 c,0.78,0.13,0.399,M-R relationship,0.01855,1.19,595.634,2016,Transit,Kepler
Kepler-1575 b,1.31,0.2,2.27,M-R relationship,0.0366,0.92,1246.92,2016,Transit,Kepler
Kepler-578 b,2.0,0.18,4.66,M-R relationship,0.0266,0.83,541.432,2016,Transit,Kepler
Kepler-1461 b,2.03,0.09,4.78,M-R relationship,0.1715,0.74,679.106,2016,Transit,Kepler
Kepler-1541 b,1.16,0.1,1.65,M-R relationship,0.07555,0.81,416.692,2016,Transit,Kepler
Kepler-1576 b,1.04,0.29,1.12,M-R relationship,0.07211,1.06,460.91,2016,Transit,Kepler
Kepler-603 b,2.65,0.59,7.51,M-R relationship,0.16052,1.01,1539.63,2016,Transit,Kepler
Kepler-640 b,2.56,0.08,7.08,M-R relationship,0.15418,0.94,557.787,2016,Transit,Kepler
Kepler-722 b,2.63,0.71,7.41,M-R relationship,0.0514,1.05,1239.5,2016,Transit,Kepler
Kepler-634 b,1.89,0.3,4.23,M-R relationship,0.05765,1.24,888.027,2016,Transit,Kepler
Kepler-701 b,2.84,0.22,8.45,M-R relationship,0.0895,0.84,774.152,2016,Transit,Kepler
Kepler-709 b,2.92,0.18,8.85,M-R relationship,0.1173,0.77,664.843,2016,Transit,Kepler
Kepler-1625 b,6.06,0.87,30.6,M-R relationship,0.87762,0.94,2310.11,2016,Transit,Kepler
Kepler-1501 b,1.56,0.68,3.05,M-R relationship,0.11592,1.3,749.06,2016,Transit,Kepler
Kepler-1500 b,1.2,0.22,1.87,M-R relationship,0.1236,1.0,1217.82,2016,Transit,Kepler
Kepler-1522 b,1.73,0.23,3.64,M-R relationship,0.0288,0.93,814.125,2016,Transit,Kepler
Kepler-702 b,9.17,0.84,61.8,M-R relationship,0.088,0.86,992.071,2016,Transit,Kepler
Kepler-641 b,1.85,0.31,4.08,M-R relationship,0.0895,1.13,969.918,2016,Transit,Kepler
Kepler-1626 b,2.02,0.66,4.74,M-R relationship,0.0537,1.85,1368.83,2016,Transit,Kepler
Kepler-609 b,3.35,1.07,11.2,M-R relationship,0.0682,1.14,1065.82,2016,Transit,Kepler
Kepler-724 b,3.29,0.4,10.8,M-R relationship,0.0433,0.86,853.119,2016,Transit,Kepler
Kepler-1504 b,2.13,0.23,5.18,M-R relationship,0.3704,0.81,2435.94,2016,Transit,Kepler
Kepler-1505 b,0.93,0.05,0.749,M-R relationship,0.18298,0.86,495.148,2016,Transit,Kepler
Kepler-1524 b,3.54,1.47,12.3,M-R relationship,0.3392,1.25,381.773,2016,Transit,Kepler
Kepler-495 b,5.23,0.42,23.8,M-R relationship,0.0427,0.83,658.924,2016,Transit,Kepler
Kepler-710 b,1.88,0.24,4.19,M-R relationship,0.0524,0.91,1448.34,2016,Transit,Kepler
Kepler-540 b,2.71,0.38,7.8,M-R relationship,0.58822,1.08,390.374,2016,Transit,Kepler
Kepler-1644 b,1.88,0.52,4.19,M-R relationship,0.142,0.86,629.27,2016,Transit,Kepler
Kepler-1507 b,0.84,0.09,0.52,M-R relationship,0.11946,0.85,320.478,2016,Transit,Kepler
Kepler-1506 b,1.32,0.19,2.3,M-R relationship,0.1168,0.93,2366.02,2016,Transit,Kepler
Kepler-1086 c,2.94,0.11,8.96,M-R relationship,0.503,0.66,466.084,2016,Transit,Kepler
Kepler-604 b,2.59,0.49,7.22,M-R relationship,0.1735,1.03,1026.49,2016,Transit,Kepler
Kepler-1627 b,3.69,0.49,13.2,M-R relationship,0.0643,0.84,317.437,2016,Transit,Kepler
Kepler-1510 b,3.36,1.23,11.2,M-R relationship,0.4089,1.28,1696.25,2016,Transit,Kepler
Kepler-1511 b,1.68,0.69,3.46,M-R relationship,0.1753,1.29,1475.6,2016,Transit,Kepler
Kepler-1526 b,2.43,0.09,6.48,M-R relationship,0.0418,0.69,555.574,2016,Transit,Kepler
Kepler-643 b,10.16,0.35,321.0083,Mass,0.13485,2.52,1063.58,2016,Transit,Kepler
Kepler-642 b,2.9,1.3,8.75,M-R relationship,0.05631,1.66,781.582,2016,Transit,Kepler
Kepler-711 b,3.41,0.34,11.5,M-R relationship,0.1429,0.8,624.575,2016,Transit,Kepler
Kepler-726 b,3.26,0.32,10.7,M-R relationship,0.1406,0.85,762.081,2016,Transit,Kepler
Kepler-401 d,2.27,0.4,5.77,M-R relationship,0.66886,1.29,965.56,2016,Transit,Kepler
Kepler-1512 b,1.18,0.07,1.76,M-R relationship,0.13693,0.67,162.0,2016,Transit,Kepler
Kepler-1528 b,1.46,0.25,2.73,M-R relationship,0.0296,1.03,817.534,2016,Transit,Kepler
Kepler-1529 b,2.1,0.15,5.06,M-R relationship,0.0525,0.77,661.014,2016,Transit,Kepler
Kepler-1388 d,2.86,0.12,8.55,M-R relationship,0.126,0.61,453.795,2016,Transit,Kepler
Kepler-622 b,2.13,0.28,5.18,M-R relationship,0.0978,0.61,284.761,2016,Transit,Kepler
Kepler-1530 b,1.64,0.21,3.33,M-R relationship,0.03553,0.88,489.876,2016,Transit,Kepler
Kepler-1530 c,1.65,0.24,3.36,M-R relationship,0.05744,0.88,489.876,2016,Transit,Kepler
Kepler-1632 b,2.47,0.84,6.66,M-R relationship,0.6762,1.19,716.76,2016,Transit,Kepler
Kepler-1631 b,1.35,0.2,2.39,M-R relationship,0.0511,0.95,1305.99,2016,Transit,Kepler
Kepler-1534 b,1.89,0.22,4.23,M-R relationship,0.0599,0.86,1107.0,2016,Transit,Kepler
Kepler-1531 b,1.11,0.48,1.41,M-R relationship,0.02204,1.27,666.334,2016,Transit,Kepler
Kepler-1093 c,1.96,0.72,4.5,M-R relationship,0.41037,1.2,1072.88,2016,Transit,Kepler
Kepler-714 b,9.67,2.49,67.6,M-R relationship,0.0832,1.12,2083.37,2016,Transit,Kepler
Kepler-1633 b,1.58,0.65,3.12,M-R relationship,0.3875,1.32,1114.91,2016,Transit,Kepler
Kepler-713 b,2.48,0.5,6.71,M-R relationship,0.0748,0.99,1089.87,2016,Transit,Kepler
Kepler-1480 b,1.67,0.11,3.43,M-R relationship,0.1525,0.81,500.892,2016,Transit,Kepler
Kepler-1479 b,1.83,0.3,4.01,M-R relationship,0.11341,0.98,728.668,2016,Transit,Kepler
Kepler-1481 b,1.23,0.08,2.04,M-R relationship,0.059,0.75,459.076,2016,Transit,Kepler
Kepler-990 c,1.53,0.35,2.96,M-R relationship,0.01232,1.08,802.163,2016,Transit,Kepler
Kepler-969 c,0.99,0.02,0.937,M-R relationship,0.0265,0.82,390.354,2016,Transit,Kepler
Kepler-489 b,7.72,0.17,46.1,M-R relationship,0.12109,0.76,369.645,2016,Transit,Kepler
Kepler-1532 b,1.35,0.18,2.39,M-R relationship,0.0206,0.88,798.246,2016,Transit,Kepler
Kepler-605 b,1.44,0.17,2.67,M-R relationship,0.04244,0.88,556.58,2016,Transit,Kepler
Kepler-1635 b,3.64,0.33,12.9,M-R relationship,1.12664,0.85,1069.45,2016,Transit,Kepler
Kepler-1483 b,1.52,0.66,2.92,M-R relationship,0.0958,1.4,1273.78,2016,Transit,Kepler
Kepler-545 b,2.69,0.3,7.7,M-R relationship,0.11248,1.07,818.001,2016,Transit,Kepler
Kepler-636 b,4.45,0.14,18.1,M-R relationship,0.1185,0.8,310.301,2016,Transit,Kepler
Kepler-1016 c,3.68,0.65,13.1,M-R relationship,0.43519,1.0,1402.82,2016,Transit,Kepler
Kepler-1535 b,2.55,0.25,7.04,M-R relationship,0.5329,1.11,897.733,2016,Transit,Kepler
Kepler-600 b,2.9,0.21,8.75,M-R relationship,0.1536,0.81,619.723,2016,Transit,Kepler
Kepler-717 b,2.42,0.25,6.44,M-R relationship,0.052,0.85,2805.48,2016,Transit,Kepler
Kepler-1485 b,1.47,0.24,2.76,M-R relationship,0.14732,1.12,615.66,2016,Transit,Kepler
Kepler-1484 b,2.11,0.3,5.1,M-R relationship,0.1939,0.92,2879.83,2016,Transit,Kepler
Kepler-1486 b,2.32,0.58,5.99,M-R relationship,0.2846,1.12,1769.14,2016,Transit,Kepler
Kepler-342 e,0.88,0.08,0.615,M-R relationship,0.02909,1.34,781.611,2016,Transit,Kepler
Kepler-582 b,3.68,0.55,13.1,M-R relationship,0.1254,0.91,613.179,2016,Transit,Kepler
Kepler-1129 c,2.73,0.46,7.9,M-R relationship,0.35367,1.0,1183.88,2016,Transit,Kepler
Kepler-1538 b,2.82,0.7,8.35,M-R relationship,0.6095,1.03,1125.3,2016,Transit,Kepler
Kepler-644 b,3.15,1.16,10.1,M-R relationship,0.04641,1.81,1318.05,2016,Transit,Kepler
Kepler-1487 b,2.13,0.85,5.18,M-R relationship,0.0898,1.63,1014.62,2016,Transit,Kepler
Kepler-581 b,2.63,0.56,7.41,M-R relationship,0.2259,1.0,703.758,2016,Transit,Kepler
Kepler-1516 b,1.75,0.49,3.71,M-R relationship,0.0718,1.07,1358.95,2016,Transit,Kepler
Kepler-1047 c,0.99,0.13,0.937,M-R relationship,0.04413,1.13,817.647,2016,Transit,Kepler
Kepler-1409 b,1.04,0.08,1.12,M-R relationship,0.01553,0.79,694.89,2016,Transit,Kepler
Kepler-585 b,2.83,0.55,8.4,M-R relationship,0.03841,0.93,585.187,2016,Transit,Kepler
Kepler-1488 b,1.86,0.42,4.12,M-R relationship,0.24153,1.31,905.825,2016,Transit,Kepler
Kepler-697 b,4.13,0.55,16.0,M-R relationship,0.0471,0.88,1277.33,2016,Transit,Kepler
Kepler-1425 b,0.94,0.19,0.779,M-R relationship,0.11435,0.95,863.873,2016,Transit,Kepler
Kepler-1350 c,1.73,0.12,3.64,M-R relationship,0.0222,0.53,340.691,2016,Transit,Kepler
Kepler-719 b,8.52,1.83,54.5,M-R relationship,0.0556,0.98,2497.51,2016,Transit,Kepler
Kepler-1491 b,1.51,0.35,2.89,M-R relationship,0.127,0.99,2065.59,2016,Transit,Kepler
Kepler-1492 b,1.49,0.28,2.83,M-R relationship,0.1262,0.72,331.553,2016,Transit,Kepler
Kepler-698 b,3.68,0.45,13.1,M-R relationship,0.1255,0.91,1995.57,2016,Transit,Kepler
Kepler-1454 b,1.88,0.19,4.19,M-R relationship,0.2447,0.86,780.566,2016,Transit,Kepler
Kepler-460 c,5.52,2.07,26.1,M-R relationship,0.75318,1.26,1274.01,2016,Transit,Kepler
Kepler-720 b,8.41,1.61,53.4,M-R relationship,0.0539,0.92,1065.37,2016,Transit,Kepler
Kepler-547 b,4.0,0.13,15.1,M-R relationship,0.058,0.73,378.972,2016,Transit,Kepler
Kepler-1494 b,3.07,0.46,9.64,M-R relationship,0.3982,0.94,1285.48,2016,Transit,Kepler
Kepler-1520 b,5.77,0.22,28.1,M-R relationship,0.0129,0.71,607.917,2016,Transit,Kepler
Kepler-1065 c,1.6,0.24,3.19,M-R relationship,0.0344,0.93,1122.48,2016,Transit,Kepler
Kepler-707 b,1.33,0.09,2.33,M-R relationship,0.0325,0.76,591.776,2016,Transit,Kepler
Kepler-602 b,2.09,0.65,5.02,M-R relationship,0.1224,1.13,1159.31,2016,Transit,Kepler
Kepler-606 b,3.31,1.27,11.0,M-R relationship,0.17,1.22,1215.11,2016,Transit,Kepler
Kepler-721 b,2.64,0.14,7.46,M-R relationship,0.0583,0.78,926.598,2016,Transit,Kepler
Kepler-937 c,2.67,0.91,7.61,M-R relationship,0.5545,1.22,1571.46,2016,Transit,Kepler
Kepler-638 b,1.83,0.56,4.01,M-R relationship,0.06695,0.93,991.214,2016,Transit,Kepler
Kepler-1073 c,1.64,0.34,3.33,M-R relationship,0.0483,1.0,809.897,2016,Transit,Kepler
MOA-2010-BLG-353L b,11.1,,86.0,Mass,1.72,,6430.0,2015,Microlensing,MOA
HATS-30 b,13.170575,0.582868,224.38798,Mass,0.04354,1.061,342.14,2016,Transit,HATSouth
K2-84 c,2.03,0.32,4.78,M-R relationship,0.1768,0.93,284.876,2016,Transit,K2
K2-88 b,1.23,0.25,2.04,M-R relationship,0.0345,0.256,110.561,2016,Transit,K2
Kepler-615 b,1.74,0.09,3.68,M-R relationship,0.085,0.69,330.0,2016,Transit,Kepler
Kepler-506 b,2.73,0.06,7.9,M-R relationship,0.07437,1.19,228.439,2016,Transit,Kepler
Kepler-668 b,2.7,0.23,7.75,M-R relationship,0.0768,0.82,784.618,2016,Transit,Kepler
Kepler-669 b,4.83,1.28,20.8,M-R relationship,0.0529,1.2,2063.41,2016,Transit,Kepler
HATS-15 b,12.385945,0.44836,689.6911,Mass,0.02712,0.922,1139.55,2016,Transit,HATSouth
HATS-16 b,14.5717,1.68135,1039.3041,Mass,0.03744,1.238,757.044,2016,Transit,HATSouth
K2-89 b,0.615,0.08,0.17,M-R relationship,0.01462,0.318,86.0386,2016,Transit,K2
K2-91 b,1.1,0.18,1.37,M-R relationship,0.0164,0.284,62.5785,2016,Transit,K2
Kepler-737 b,1.96,0.11,4.5,M-R relationship,0.1422,0.48,205.118,2016,Transit,Kepler
Kepler-670 b,13.18,2.94,,Msini,0.0383,0.99,939.744,2016,Transit,Kepler
Kepler-671 b,2.69,0.49,7.7,M-R relationship,0.0503,0.95,1168.26,2016,Transit,Kepler
K2-5 c,2.26,0.62,5.73,M-R relationship,0.0818,0.57,202.943,2015,Transit,K2
K2-5 b,1.91,0.44,4.31,M-R relationship,0.0532,0.57,202.943,2015,Transit,K2
Kepler-223 c,3.44,0.2,5.1,Mass,0.09117,1.72,1859.71,2014,Transit,Kepler
WASP-98 b,12.823096,0.381106,293.03926,Mass,0.03762,0.741,281.742,2014,Transit,SuperWASP
Kepler-223 b,2.99,0.18,7.4,Mass,0.07525,1.72,1859.71,2014,Transit,Kepler
Kepler-672 b,2.5,0.32,6.8,M-R relationship,0.2163,0.92,1033.93,2016,Transit,Kepler
Kepler-571 b,2.64,0.32,7.46,M-R relationship,0.0546,0.9,723.875,2016,Transit,Kepler
K2-16 b,2.02,0.24,4.74,M-R relationship,0.0667,0.66,334.967,2015,Transit,K2
K2-16 c,2.54,1.12,6.99,M-R relationship,0.1229,0.66,334.967,2015,Transit,K2
K2-8 c,2.41,0.33,6.39,M-R relationship,0.0532,0.74,403.513,2016,Transit,K2
Kepler-223 d,5.24,0.26,8.0,Mass,0.11956,1.72,1859.71,2014,Transit,Kepler
Kepler-653 b,1.95,0.29,4.46,M-R relationship,0.11945,1.19,595.634,2016,Transit,Kepler
Kepler-742 b,3.24,0.11,10.6,M-R relationship,0.0744,0.71,489.253,2016,Transit,Kepler
Kepler-673 b,6.54,0.53,34.8,M-R relationship,0.0455,0.84,918.21,2016,Transit,Kepler
Kepler-154 d,3.84,0.32,14.1,M-R relationship,0.14354,0.98,915.212,2016,Transit,Kepler
HD 87646 b,12.4,,3941.092,Msini,0.117,1.55,73.58352,2016,Radial Velocity,Apache Point Observatory
Kepler-80 e,1.6,0.08,4.13,Mass,0.0491,0.678,369.451,2014,Transit,Kepler
Kepler-654 b,2.07,0.37,4.94,M-R relationship,0.11664,1.11,974.124,2016,Transit,Kepler
Kepler-148 d,8.68,0.52,56.3,M-R relationship,0.2607,0.81,791.163,2016,Transit,Kepler
Kepler-676 b,3.04,0.14,9.48,M-R relationship,0.0798,0.49,295.196,2016,Transit,Kepler
OGLE-2012-BLG-0026L b,7.72,,46.1,Mass,4.0,,4019.0,2012,Microlensing,OGLE
WASP-85 A b,13.89916,0.33627,402.05495,Mass,0.039,0.935,141.887,2016,Transit,K2
Kepler-80 f,1.21,0.06,4459.73,Mass,0.0175,0.678,369.451,2016,Transit,Kepler
Kepler-656 b,3.12,0.21,9.91,M-R relationship,0.02231,0.82,890.352,2016,Transit,Kepler
Kepler-655 b,2.71,0.41,7.8,M-R relationship,0.25697,1.24,752.562,2016,Transit,Kepler
Kepler-678 b,5.14,0.66,23.1,M-R relationship,0.0732,0.91,1826.15,2016,Transit,Kepler
Kepler-572 b,2.58,0.18,7.18,M-R relationship,0.1192,0.79,504.667,2016,Transit,Kepler
WASP-114 b,15.008851,0.717376,562.24127,Mass,0.02851,1.43,523.337,2016,Transit,SuperWASP-North
WASP-113 b,15.793481,1.076064,150.96925,Mass,0.05885,1.608,435.156,2016,Transit,SuperWASP-North
HD 59686 A b,12.7,,2199.3836,Msini,1.086,13.2,89.2721,2016,Radial Velocity,Lick Observatory
Kepler-679 b,3.01,0.32,9.32,M-R relationship,0.0983,0.84,922.244,2016,Transit,Kepler
Kepler-680 b,2.42,0.82,6.44,M-R relationship,0.0469,1.11,1492.48,2016,Transit,Kepler
K2-47 b,1.89,0.26,4.23,M-R relationship,0.1779,0.76,349.881,2016,Transit,K2
K2-48 b,2.24,0.24,5.65,M-R relationship,0.1344,0.73,313.764,2016,Transit,K2
Kepler-617 b,1.32,0.07,2.3,M-R relationship,0.0219,0.48,173.354,2016,Transit,Kepler
Kepler-588 b,2.63,0.5,7.41,M-R relationship,0.052,1.0,1209.4,2016,Transit,Kepler
Kepler-573 b,2.79,0.36,8.2,M-R relationship,0.14527,1.02,771.471,2016,Transit,Kepler
Kepler-681 b,3.08,0.16,9.69,M-R relationship,0.1635,0.76,686.923,2016,Transit,Kepler
K2-49 b,1.93,0.53,4.38,M-R relationship,0.0309,0.45,457.125,2016,Transit,K2
K2-58 b,2.68,0.37,7.65,M-R relationship,0.0692,0.86,181.746,2016,Transit,K2
Kepler-1600 b,3.13,0.28,9.96,M-R relationship,0.98141,0.82,1030.81,2016,Transit,Kepler
Kepler-727 b,2.53,0.35,6.94,M-R relationship,0.0546,0.86,831.842,2016,Transit,Kepler
Kepler-589 b,2.27,0.18,5.77,M-R relationship,0.1196,0.83,612.803,2016,Transit,Kepler
Kepler-660 b,2.57,0.11,7.13,M-R relationship,0.0759,0.71,568.431,2016,Transit,Kepler
K2-58 c,1.62,0.23,3.26,M-R relationship,0.035,0.86,181.746,2016,Transit,K2
K2-58 d,1.71,0.25,3.57,M-R relationship,0.1517,0.86,181.746,2016,Transit,K2
Kepler-560 b,1.72,0.09,3.61,M-R relationship,0.0899,0.33,109.308,2016,Transit,Kepler
Kepler-550 b,4.42,0.34,17.9,M-R relationship,0.0747,0.83,531.944,2016,Transit,Kepler
Kepler-496 b,2.32,0.19,5.99,M-R relationship,0.0747,0.82,605.274,2016,Transit,Kepler
KELT-10 b,15.681391,0.773421,215.80657,Mass,0.0525,1.209,188.404,2016,Transit,KELT-South
Kepler-712 c,4.85,0.26,21.0,M-R relationship,0.66479,0.78,872.493,2016,Transit,Kepler
K2-59 c,2.3,0.29,5.9,M-R relationship,0.0905,0.731,311.313,2016,Transit,K2
K2-59 b,2.41,0.31,6.39,M-R relationship,0.1354,0.731,311.313,2016,Transit,K2
Kepler-650 b,2.96,0.51,9.06,M-R relationship,0.0421,1.35,884.378,2016,Transit,Kepler
Kepler-728 b,3.34,0.45,11.1,M-R relationship,0.0625,0.93,1765.23,2016,Transit,Kepler
Kepler-663 b,2.6,0.2,7.27,M-R relationship,0.0559,0.82,1063.09,2016,Transit,Kepler
Kepler-1629 b,0.77,0.15,0.381,M-R relationship,0.0485,1.01,336.09,2016,Transit,Kepler
K2-64 b,2.07,0.26,4.94,M-R relationship,0.0619,0.726,499.891,2016,Transit,K2
K2-63 b,3.22,0.99,10.5,M-R relationship,0.1627,1.63,517.534,2016,Transit,K2
Kepler-729 b,3.58,0.42,12.5,M-R relationship,0.0432,0.91,1921.15,2016,Transit,Kepler
Kepler-487 b,11.42,0.69,,Msini,0.11819,0.88,872.343,2016,Transit,Kepler
Kepler-618 b,2.6,0.78,7.27,M-R relationship,0.0449,1.08,1221.96,2016,Transit,Kepler
WASP-129 b,10.42437,0.33627,317.83,Mass,0.0628,0.9,301.462,2016,Transit,SuperWASP-South
WASP-133 b,13.56289,0.56045,368.6828,Mass,0.0345,1.44,559.084,2016,Transit,SuperWASP-South
K2-69 b,2.32,0.36,5.99,M-R relationship,0.0591,0.491,180.697,2016,Transit,K2
K2-68 b,1.58,0.23,3.12,M-R relationship,0.0708,0.675,168.652,2016,Transit,K2
Kepler-590 b,4.02,1.09,15.2,M-R relationship,0.0647,1.15,1421.81,2016,Transit,Kepler
Kepler-664 b,2.66,0.68,7.56,M-R relationship,0.0374,1.02,1210.12,2016,Transit,Kepler
MOA-2013-BLG-605L b,1.62,,3.24,Mass,0.93,,850.0,2016,Microlensing,MOA
K2-75 b,2.67,0.32,7.61,M-R relationship,0.081,1.56,561.93,2016,Transit,K2
K2-71 b,2.15,0.33,5.27,M-R relationship,0.0559,0.426,153.192,2016,Transit,K2
Kepler-591 b,3.39,0.55,11.4,M-R relationship,0.3554,0.94,785.137,2016,Transit,Kepler
HATS-25 b,14.12334,1.1209,194.82979,Mass,0.05163,1.107,471.158,2016,Transit,HATSouth
HATS-26 b,19.61575,2.35389,206.5895,Mass,0.04735,2.04,861.843,2016,Transit,HATSouth
K2-80 b,2.01,0.3,4.7,M-R relationship,0.135,0.87,200.802,2016,Transit,K2
K2-75 c,2.77,0.38,8.1,M-R relationship,0.1429,1.56,561.93,2016,Transit,K2
Kepler-736 b,2.93,0.17,8.91,M-R relationship,0.0428,0.81,1005.43,2016,Transit,Kepler
Kepler-735 b,2.95,0.16,9.01,M-R relationship,0.0965,0.8,695.059,2016,Transit,Kepler
Kepler-569 b,3.16,0.22,10.1,M-R relationship,0.19784,0.93,638.301,2016,Transit,Kepler
Kepler-592 b,2.39,0.58,6.3,M-R relationship,0.0397,1.04,1153.13,2016,Transit,Kepler
HATS-27 b,16.8135,2.2418,168.4499,Mass,0.0611,1.74,816.988,2016,Transit,HATSouth
K2-83 c,1.483,0.099,2.8,M-R relationship,0.07131,0.424,125.529,2016,Transit,K2
K2-84 b,2.41,0.35,6.39,M-R relationship,0.0665,0.93,284.876,2016,Transit,K2
Kepler-562 b,5.21,0.64,23.7,M-R relationship,0.1333,0.9,992.769,2016,Transit,Kepler
Kepler-651 b,2.37,0.22,6.21,M-R relationship,0.14078,0.87,509.408,2016,Transit,Kepler
Kepler-593 b,2.87,0.69,8.6,M-R relationship,0.1508,1.1,973.76,2016,Transit,Kepler
Kepler-570 b,2.45,0.34,6.57,M-R relationship,0.0497,0.9,568.148,2016,Transit,Kepler
MOA-2016-BLG-227L b,13.2,,890.0,Mass,1.39,,6500.0,2017,Microlensing,MOA
Kepler-1650 b,0.96,0.11,0.84,M-R relationship,0.0167,0.334,134.397,2017,Transit,Kepler
K2-178 b,3.55790985,0.20414388,12.4,M-R relationship,,0.887267,214.753,2018,Transit,K2
K2-72 c,1.16,0.13,1.65,M-R relationship,0.078,0.330989,66.4321,2016,Transit,K2
WASP-53 b,12.038466,0.414733,677.61356,Mass,0.04101,0.798,201.338,2017,Transit,Multiple Facilities
K2-60 b,7.655747,0.414733,135.39558,Mass,0.045,1.12,491.87,2016,Transit,K2
Kepler-1651 b,1.84,0.11,4.04,M-R relationship,0.0692,0.503,66.4074,2017,Transit,Kepler
BD+03 2562 b,12.7,,2034.112,Msini,1.3,32.35,1070.63,2017,Radial Velocity,Multiple Observatories
K2-72 e,1.29,0.14,2.21,M-R relationship,0.106,0.330989,66.4321,2016,Transit,K2
K2-72 d,1.01,0.12,1.01,M-R relationship,0.05,0.330989,66.4321,2016,Transit,K2
K2-81 b,1.97,0.13,4.54,M-R relationship,0.059,0.634663,252.318,2016,Transit,K2
WASP-81 b,16.017661,0.571659,231.69807,Mass,0.03908,1.283,398.505,2017,Transit,Multiple Facilities
HD 177565 b,4.0,,15.1,Msini,0.246,0.971489,16.9179,2017,Radial Velocity,La Silla Observatory
MOA-2012-BLG-505L b,2.48,,6.7,Mass,0.9,,7210.0,2017,Microlensing,MOA
K2-201 c,3.28568401,0.39804812,10.8,M-R relationship,,0.878161,197.932,2018,Transit,K2
K2-201 b,1.40006712,0.13501309,2.54,M-R relationship,,0.878161,197.932,2018,Transit,K2
GJ 1148 b,11.9,,96.7,Msini,0.166,0.358519,11.0143,2010,Radial Velocity,W. M. Keck Observatory
HD 17674 b,13.9,,276.5121,Msini,1.42,1.18,44.4264,2017,Radial Velocity,Haute-Provence Observatory
HATS-22 b,10.682177,0.538032,870.8542,Mass,0.05025,0.689,229.518,2017,Transit,HATSouth
TYC 4282-00605-1 b,12.4,,3426.2074,Msini,0.422,16.21,464.128,2017,Radial Velocity,Roque de los Muchachos Observatory
K2-206 b,2.79522879,0.22325706,8.22,M-R relationship,,0.758046,244.443,2018,Transit,K2
K2-207 b,2.60585269,0.36979751,7.3,M-R relationship,,0.928158,363.064,2018,Transit,K2
K2-132 b,14.5717,0.78463,155.7367,Mass,0.0916,3.85,609.818,2017,Transit,K2
WASP-153 b,17.37395,1.1209,123.9537,Mass,0.048,1.73,610.176,2017,Transit,SuperWASP
HATS-23 b,20.84874,3.3627,467.2101,Mass,0.03397,1.199,639.004,2017,Transit,HATSouth
HD 219134 b,1.602,0.055,4.74,Mass,0.03876,0.778,6.53127,2015,Radial Velocity,Roque de los Muchachos Observatory
HD 40956 b,13.2,,858.141,Msini,1.4,8.56,116.593,2017,Radial Velocity,Multiple Observatories
Ross 128 b,1.11,,1.4,Msini,0.0496,0.1967,3.37454,2017,Radial Velocity,La Silla Observatory
K2-219 b,1.34762583,0.20196772,2.38,M-R relationship,,1.189232,325.4,2018,Transit,K2
OGLE-2013-BLG-1721L b,14.1,,200.0,Mass,2.6,,6300.0,2017,Microlensing,OGLE
HD 34445 c,8.42,,53.5,Msini,0.7181,1.38,46.0907,2017,Radial Velocity,Multiple Observatories
HD 219134 d,1.61,0.02,16.17,Mass,0.237,0.778,6.53127,2015,Radial Velocity,Roque de los Muchachos Observatory
HD 219134 f,1.31,0.02,7.3,Mass,0.1463,0.778,6.53127,2015,Radial Velocity,Multiple Observatories
OGLE-2016-BLG-1190L b,12.3,,4253.0,Mass,2.17,,6770.0,2017,Microlensing,OGLE
HD 113996 b,12.7,,2002.329,Msini,1.6,25.11,116.334,2017,Radial Velocity,Bohyunsan Optical Astronomical Observatory
K2-213 b,1.51398464,0.29814572,2.9,M-R relationship,,1.20424,389.702,2018,Transit,K2
K2-215 b,2.12381238,0.25911151,5.16,M-R relationship,,0.974398,403.964,2018,Transit,K2
HD 34445 d,6.07,,30.7,Msini,0.4817,1.38,46.0907,2017,Radial Velocity,Multiple Observatories
HD 34445 g,13.6,,120.6,Msini,6.36,1.38,46.0907,2017,Radial Velocity,Multiple Observatories
Kepler-20 g,4.71,,19.96,Msini,0.2055,0.9639,282.563,2016,Radial Velocity,Multiple Observatories
NGC 2682 Sand 978 b,13.3,,692.8694,Msini,,21.017414,821.918,2017,Radial Velocity,Multiple Observatories
Kepler-80 g,1.13,0.14,0.065,Mass,,0.678,369.451,2017,Transit,Kepler
K2-217 b,3.57854073,0.69817052,12.5,M-R relationship,,1.333718,381.878,2018,Transit,K2
K2-218 b,2.56948149,0.27525709,7.13,M-R relationship,,1.008231,394.083,2018,Transit,K2
GJ 3293 c,4.87,,21.09,Msini,0.36175,0.404,20.1903,2015,Radial Velocity,La Silla Observatory
GJ 3293 b,5.19,,23.54,Msini,0.14339,0.404,20.1903,2015,Radial Velocity,La Silla Observatory
Wolf 1061 b,1.21,,1.91,Msini,0.0375,0.307,4.30592,2015,Radial Velocity,La Silla Observatory
K2-80 d,2.55211506,0.2762906,7.04,M-R relationship,,0.841458,200.802,2018,Transit,K2
Kepler-1652 b,1.6,0.18,3.19,M-R relationship,0.1654,0.382,252.0,2017,Transit,Kepler
Wolf 1061 c,1.66,,3.41,Msini,0.089,0.307,4.30592,2015,Radial Velocity,La Silla Observatory
PSR J2322-2650 b,13.9,,252.643067,Msini,0.0102,,230.0,2017,Pulsar Timing,Parkes Observatory
HATS-50 b,12.66617,0.840675,123.9537,Mass,0.05046,1.117,756.742,2017,Transit,HATSouth
tau Cet f,1.81,,3.93,Msini,1.334,0.83,3.60304,2017,Radial Velocity,Multiple Observatories
WASP-91 b,11.54527,0.44836,425.8922,Mass,0.037,0.86,149.942,2017,Transit,SuperWASP-South
HD 9174 b,13.7,,352.7913,Msini,2.2,1.67,81.4893,2016,Radial Velocity,Multiple Observatories
HD 68402 b,12.6,,2510.8444153,Mass,2.18,1.02,78.4293,2016,Radial Velocity,Multiple Observatories
GJ 3138 b,1.18,,1.78,Msini,0.0197,0.5,28.4712,2017,Radial Velocity,La Silla Observatory
MOA-2012-BLG-006L b,12.6,,2700.0,Mass,10.2,,5300.0,2017,Microlensing,Multiple Observatories
WASP-105 b,10.76064,0.33627,572.094,Mass,0.075,0.9,169.272,2017,Transit,SuperWASP-South
HD 147873 c,13.3,,731.009,Msini,1.36,2.29,109.055,2016,Radial Velocity,Multiple Observatories
HD 128356 b,13.9,,282.8687,Msini,0.87,0.85,26.1548,2016,Radial Velocity,Multiple Observatories
GJ 3138 d,3.23,,10.5,Msini,0.698,0.5,28.4712,2017,Radial Velocity,La Silla Observatory
TYC 3318-01333-1 b,13.1,,1086.9786,Msini,1.414,5.9,490.61,2018,Radial Velocity,Multiple Observatories
GJ 625 b,1.49,,2.82,Msini,0.078361,0.31,6.47249,2017,Radial Velocity,Multiple Observatories
GJ 3323 c,1.32,,2.31,Msini,0.1264,0.119,5.37484,2017,Radial Velocity,La Silla Observatory
BD+48 740 b,13.5,,540.311,Msini,1.7,10.33,666.589,2018,Radial Velocity,Multiple Observatories
K2-21 b,1.84,0.1,4.04,M-R relationship,0.076,0.646783,83.6448,2015,Transit,K2
K2-4 b,2.1,0.2,5.06,M-R relationship,0.078,0.569359,231.828,2015,Transit,K2
K2-21 c,2.49,0.17,6.76,M-R relationship,0.107,0.646783,83.6448,2015,Transit,K2
WASP-141 b,13.56289,0.89672,854.9627,Mass,0.0469,1.37,516.543,2016,Transit,SuperWASP-South
K2-31 b,11.88154,3.92315,563.83042,Mass,0.022,0.78,110.527,2016,Transit,K2
GJ 3293 e,1.63,,3.28,Msini,0.08208,0.404,20.1903,2017,Radial Velocity,La Silla Observatory
GJ 3293 d,2.67,,7.6,Msini,0.19394,0.404,20.1903,2017,Radial Velocity,La Silla Observatory
K2-149 b,1.64,0.2,3.33,M-R relationship,0.083,0.568,123.676,2018,Transit,K2
KELT-21 b,17.777474,0.437151,1242.7153,Mass,0.05224,1.638,470.878,2018,Transit,KELT-North
K2-125 b,2.18,0.19,5.39,M-R relationship,0.121,0.402049,124.156,2017,Transit,K2
V830 Tau b,14.0,,222.481,Mass,0.057,2.0,130.111,2016,Radial Velocity,Multiple Observatories
HATS-31 b,18.38276,2.46598,279.6904,Mass,0.0478,1.87,773.974,2016,Transit,HATSouth
Kepler-150 f,3.64,0.52,12.9,M-R relationship,1.24,0.905339,891.092,2017,Transit,Kepler
Qatar-3 b,12.285064,1.56926,1369.8473,Mass,0.03783,1.272,735.601,2017,Transit,Qatar
K2-160 b,3.17824034,0.21418014,10.2,M-R relationship,,0.913754,315.363,2018,Transit,K2
K2-128 b,1.42,0.16,2.6,M-R relationship,0.056,0.777569,114.637,2017,Transit,K2
HATS-34 b,16.02887,2.12971,299.07803,Mass,0.03166,0.98,508.842,2016,Transit,HATSouth
KELT-18 b,17.59813,0.470778,375.0394,Mass,0.0455,1.908,321.376,2017,Transit,KELT-North
K2-163 b,2.46610713,0.25681072,6.65,M-R relationship,,0.762201,208.529,2018,Transit,K2
K2-165 b,1.27443657,0.14459836,2.17,M-R relationship,,0.803827,134.591,2018,Transit,K2
K2-35 c,1.93,0.13,4.38,M-R relationship,0.055,0.619575,252.596,2016,Transit,K2
HATS-35 b,16.409976,0.773421,388.38826,Mass,0.03199,1.433,514.555,2016,Transit,HATSouth
OGLE-2016-BLG-1195L b,1.11,,1.43,Mass,1.16,,3910.0,2017,Microlensing,OGLE
K2-175 b,2.03803688,0.35536293,4.81,M-R relationship,,1.420038,247.266,2018,Transit,K2
K2-165 c,1.55409035,0.20925649,3.03,M-R relationship,,0.803827,134.591,2018,Transit,K2
K2-116 b,0.69,0.04,0.257,M-R relationship,0.048,0.6694,49.3855,2017,Transit,K2
K2-102 b,1.3,0.1,2.24,M-R relationship,,0.71,188.175,2016,Transit,K2
XO-6 b,23.20263,2.46598,1398.452,Mass,0.0815,1.93,235.479,2016,Transit,XO
HD 6434 b,14.2,,155.7367,Msini,0.14,1.12,42.358,2003,Radial Velocity,La Silla Observatory
HD 68988 b,13.4,,626.1251,Msini,0.07,1.19,60.8447,2001,Radial Velocity,Multiple Observatories
HD 220074 b,12.2,,5288.6912,Msini,1.6,54.92,324.54,2012,Radial Velocity,Bohyunsan Optical Astronomical Observatory
WASP-58 b,16.02887,1.56926,308.2951,Mass,0.0562,1.22,290.404,2012,Transit,SuperWASP
K2-231 b,2.5,0.2,6.8,M-R relationship,,0.95,321.215,2018,Transit,K2
HATS-39 b,17.59813,1.34508,200.2329,Mass,0.06007,1.621,878.521,2018,Transit,HATSouth
HD 137388 b,9.32,,63.566,Msini,0.89,0.88,40.4841,2011,Radial Velocity,La Silla Observatory
HD 13931 b,13.2,,889.9195396,Mass,5.15,1.25,47.3963,2009,Radial Velocity,W. M. Keck Observatory
HD 7199 b,,,3639.13526015,Mass,1.36,0.97,36.1531,2011,Radial Velocity,La Silla Observatory
HD 75289 b,14.2,,155.7367,Msini,0.05,1.23,29.1158,1999,Radial Velocity,La Silla Observatory
WASP-72 b,14.45961,2.01762,731.009,Mass,0.03711,2.18,434.754,2012,Transit,SuperWASP
HATS-40 b,17.71022,1.79344,505.3497,Mass,0.04997,2.26,1342.29,2018,Transit,HATSouth
HATS-41 b,14.90797,3.25061,3082.951,Mass,0.0583,1.71,737.668,2018,Transit,HATSouth
HD 142022 A b,12.9,,1433.40611557,Mass,2.93,1.04,34.2802,2005,Radial Velocity,La Silla Observatory
HD 145377 b,12.8,,1913.3366,Msini,0.45,1.05,53.4884,2008,Radial Velocity,La Silla Observatory
HD 76700 b,9.6,,66.7443,Msini,0.05,1.37,60.8831,2002,Radial Velocity,Anglo-Australian Telescope
HD 82886 b,13.3,,740.5439,Msini,1.58,5.26,127.061,2011,Radial Velocity,W. M. Keck Observatory
HD 24040 b,12.9,,1589.142035,Mass,4.92,1.3,46.6224,2006,Radial Velocity,W. M. Keck Observatory
HD 222155 b,13.4,,581.62598481,Mass,5.14,1.85,50.6078,2011,Radial Velocity,Haute-Provence Observatory
HD 158996 b,12.3,,4449.62,Msini,2.1,50.3,283.659,2018,Radial Velocity,Bohyunsan Optical Astronomical Observatory
KPS-1 b,11.54527,1.45717,346.4347,Mass,0.0269,0.907,262.706,2018,Transit,Acton Sky Portal Observatory
HD 154672 b,12.8,,1706.7471,Msini,0.6,1.32,63.0484,2008,Radial Velocity,Las Campanas Observatory
KELT-6 b,14.5717,1.00881,165.2716,Mass,0.07939,1.73,240.726,2014,Transit,KELT
HAT-P-49 b,17.82231,2.01762,699.226,Mass,0.04378,2.06,350.351,2014,Transit,HATNet
K2-155 c,2.6,0.7,7.27,M-R relationship,0.0946,0.58,72.7998,2018,Transit,K2
HD 158038 b,13.5,,486.2799,Msini,1.5,4.5,94.8625,2011,Radial Velocity,W. M. Keck Observatory
HR 810 b,12.7,,1970.5361234,Mass,0.92,1.13,17.3181,1999,Radial Velocity,La Silla Observatory
BD-13 2130 b,12.5,,3108.3774,Msini,1.66,19.17,925.214,2007,Radial Velocity,La Silla Observatory
HD 285507 b,13.8,,311.4734,Msini,0.06,0.69,45.0293,2013,Radial Velocity,Fred Lawrence Whipple Observatory
WASP-117 b,11.88154,0.78463,95.349,Mass,0.09459,1.22,157.963,2014,Transit,SuperWASP
K2-155 d,1.9,0.7,4.27,M-R relationship,0.1937,0.58,72.7998,2018,Transit,K2
HD 16175 b,12.8,,1875.1876013,Mass,2.12,1.72,59.859,2009,Radial Velocity,Lick Observatory
HD 16141 b,10.9,,82.6358,Msini,0.36,1.48,37.7861,2000,Radial Velocity,W. M. Keck Observatory
WASP-11 b,12.44199,1.1209,251.0857,Mass,0.0435,0.89,124.73,2008,Transit,SuperWASP
WASP-13 b,13.67498,1.56926,114.4188,Mass,0.05362,1.37,227.537,2009,Transit,SuperWASP
WASP-95 b,13.78707,1.00881,457.6752,Mass,0.03416,1.23,137.544,2014,Transit,SuperWASP
WASP-97 b,12.77826,0.67254,432.2488,Mass,0.03303,1.08,151.068,2014,Transit,SuperWASP
11 UMi b,12.3,,4684.8142,Msini,1.53,29.79,125.321,2009,Radial Velocity,Thueringer Landessternwarte Tautenburg
BD-08 2823 b,,,2948.49413174,Mass,0.06,0.71,41.3342,2009,Radial Velocity,La Silla Observatory
HD 1690 b,12.5,,2793.7257,Msini,1.36,21.66,752.615,2010,Radial Velocity,La Silla Observatory
WASP-14 b,15.46842,0.89672,2809.6172,Mass,0.037,1.4,161.997,2008,Transit,SuperWASP
WASP-101 b,16.02887,1.00881,162.0933,Mass,0.05057,1.31,201.224,2014,Transit,SuperWASP
BD-10 3166 b,14.1,,187.5197,Msini,0.04,0.91,84.4069,2000,Radial Velocity,W. M. Keck Observatory
GJ 86 b,12.9,,1404.8086,Msini,0.11,0.77,10.7836,1999,Radial Velocity,La Silla Observatory
WASP-22 b,13.78707,1.56926,212.9461,Mass,0.047,1.24,317.652,2010,Transit,SuperWASP
HD 95127 b,12.4,,3378.5329,Msini,1.28,41.01,676.579,2015,Radial Velocity,McDonald Observatory
WASP-82 b,18.15858,1.45717,371.8611,Mass,0.0447,2.1,275.664,2015,Transit,SuperWASP
HD 204941 b,10.1,,73.1009,Msini,2.55,0.78,28.7165,2011,Radial Velocity,La Silla Observatory
WASP-29 b,8.63093,0.78463,73.1009,Mass,0.0457,0.79,87.5953,2010,Transit,SuperWASP
WASP-26 b,13.56289,1.68135,270.1555,Mass,0.04,1.22,252.759,2010,Transit,SuperWASP
K2-164 b,3.24925008,0.51526655,10.6,M-R relationship,,2.196069,375.67,2018,Transit,K2
K2-169 b,1.27328671,0.10733117,2.16,M-R relationship,,0.919053,235.867,2018,Transit,K2
HAT-P-22 b,12.89035,2.12971,785.0401,Mass,0.0414,1.11,81.7647,2010,Transit,HATNet
HAT-P-24 b,14.5717,2.35389,238.3725,Mass,0.04651,1.38,415.344,2010,Transit,HATNet
HD 212301 b,14.2,,162.0933,Msini,0.03,1.16,54.2304,2005,Radial Velocity,La Silla Observatory
WASP-38 b,13.78707,0.67254,1093.3352,Mass,0.07522,1.52,136.24,2010,Transit,SuperWASP
K2-170 b,1.41817537,0.20164964,2.6,M-R relationship,,0.981614,392.872,2018,Transit,K2
K2-171 b,2.68657205,0.40023833,7.69,M-R relationship,,1.717458,606.128,2018,Transit,K2
HAT-P-29 b,13.11453,1.45717,279.6904,Mass,0.0667,1.3,313.576,2011,Transit,HATNet
HD 213240 b,12.8,,1655.88600047,Mass,1.89,1.51,40.8707,2001,Radial Velocity,La Silla Observatory
HD 215497 b,,,1588.82420659,Mass,0.05,0.85,40.5468,2009,Radial Velocity,La Silla Observatory
WASP-41 b,12.3299,0.56045,270.1555,Mass,0.04022,0.83,163.371,2011,Transit,SuperWASP
WASP-48 b,16.8135,2.2418,254.264,Mass,0.03444,1.58,454.144,2011,Transit,SuperWASP
K2-172 b,1.66608079,0.15959489,3.42,M-R relationship,,0.868889,249.742,2018,Transit,K2
K2-172 c,3.20569097,0.18890159,10.4,M-R relationship,,0.868889,249.742,2018,Transit,K2
K2-190 b,1.35673729,0.17627893,2.41,M-R relationship,,0.912206,160.679,2018,Transit,K2
HAT-P-5 b,13.56289,1.1209,311.4734,Mass,0.04073,1.12,303.336,2007,Transit,HATNet
HAT-P-6 b,16.58932,1.68135,419.5356,Mass,0.05239,1.62,275.358,2007,Transit,HATNet
HD 218566 b,9.32,,63.566,Msini,0.69,0.85,28.8274,2010,Radial Velocity,W. M. Keck Observatory
HD 240237 b,12.2,,5050.3187,Msini,1.92,71.23,933.377,2011,Radial Velocity,McDonald Observatory
XO-1 b,12.77826,0.78463,263.7989,Mass,0.0488,0.88,163.553,2006,Transit,XO
XO-4 b,14.01125,0.89672,451.3186,Mass,0.05524,1.45,272.655,2010,Transit,Lowell Observatory
K2-191 b,1.57889322,0.26523273,3.12,M-R relationship,,0.839696,287.188,2018,Transit,K2
K2-200 b,1.3643987,0.143471,2.43,M-R relationship,,0.791736,184.131,2018,Transit,K2
HD 101930 b,10.6,,79.4575,Msini,0.3,0.86,30.0274,2005,Radial Velocity,La Silla Observatory
HD 2638 b,14.3,,133.4886,Msini,0.04,0.94,54.9621,2005,Radial Velocity,La Silla Observatory
HD 30562 b,13.6,,467.20775829,Mass,2.34,1.61,26.1597,2009,Radial Velocity,Lick Observatory
KELT-2 A b,15.13215,0.89672,540.311,Mass,0.05497,1.93,134.058,2012,Transit,KELT
Pr0201 b,14.2,,171.6282,Msini,0.06,1.15,180.64,2012,Radial Velocity,Fred Lawrence Whipple Observatory
K2-173 b,1.60826194,0.15968465,3.22,M-R relationship,,0.843154,228.641,2018,Transit,K2
HD 102195 b,14.2,,130.3103,Msini,0.05,0.82,29.3386,2006,Radial Velocity,Kitt Peak National Observatory
HD 102117 b,8.47,,54.0311,Msini,0.15,1.23,39.5792,2005,Radial Velocity,La Silla Observatory
HD 330075 b,14.3,,152.5584,Msini,0.04,0.84,45.2989,2004,Radial Velocity,La Silla Observatory
HD 34445 b,13.9,,260.6206,Msini,2.07,1.38,46.0907,2009,Radial Velocity,W. M. Keck Observatory
HD 77338 b,4.12,,15.9,Mass,0.06,0.97,45.935,2012,Radial Velocity,La Silla Observatory
HAT-P-40 b,17.03768,1.90553,152.5584,Mass,0.0608,1.94,464.469,2012,Transit,HATNet
HD 215152 c,,,468.79690033,Mass,0.067393,0.73,21.5974,2018,Radial Velocity,La Silla Observatory
HD 215152 d,,,770.41605857,Mass,0.08799,0.73,21.5974,2018,Radial Velocity,La Silla Observatory
HD 103197 b,5.83,,28.6047,Msini,0.25,0.88,57.1463,2011,Radial Velocity,La Silla Observatory
HD 108874 b,13.6,,451.3186,Msini,1.04,1.05,59.5175,2002,Radial Velocity,W. M. Keck Observatory
HD 40979 b,12.9,,1484.2661,Msini,0.85,1.21,34.0883,2002,Radial Velocity,Multiple Observatories
HD 4203 b,13.3,,708.7609,Msini,1.17,1.42,81.3795,2001,Radial Velocity,W. M. Keck Observatory
WASP-49 b,12.44199,1.23299,117.5971,Mass,0.0379,0.97,194.553,2012,Transit,SuperWASP
UKIRT-2017-BLG-001L b,13.7,,407.0,Mass,4.18,,6300.0,2018,Microlensing,Mauna Kea Observatory
HD 121504 b,13.6,,479.9233,Msini,0.33,1.07,41.6592,2003,Radial Velocity,La Silla Observatory
HD 47186 b,5.02,,22.2481,Msini,0.05,1.08,37.4574,2008,Radial Velocity,La Silla Observatory
WASP-66 b,15.6926,3.13852,746.9005,Mass,0.0546,1.76,500.258,2012,Transit,SuperWASP
WASP-67 b,12.89035,1.23299,136.6669,Mass,0.05179,0.88,189.469,2012,Transit,SuperWASP
K2-197 b,2.56,0.16,7.08,M-R relationship,0.0806,0.93,247.637,2018,Transit,K2
HD 185269 b,13.8,,321.0083,Msini,0.077,2.0,51.9917,2006,Radial Velocity,Lick Observatory
HD 181342 b,13.2,,807.2882,Msini,1.592,4.71,120.391,2009,Radial Velocity,W. M. Keck Observatory
K2-240 b,2.0,0.2,4.66,M-R relationship,0.0513,0.54,72.9105,2018,Transit,K2
CoRoT-20 c,12.2,,5403.11,Msini,2.9,1.02,844.061,2018,Radial Velocity,Multiple Observatories
HD 89345 b,7.39794,0.313852,34.9613,Mass,0.1066,1.747,132.345,2018,Transit,K2
WASP-158 b,11.99363,1.68135,886.7457,Mass,0.0517,1.39,524.993,2018,Transit,SuperWASP-South
HD 200964 b,13.5,,508.21017,Msini,1.565,4.92,72.5922,2010,Radial Velocity,Lick Observatory
K2-238 b,14.5717,1.68135,273.3338,Mass,0.046,1.59,537.963,2018,Transit,K2
WASP-162 b,11.209,0.56045,1652.716,Mass,0.0871,1.11,310.841,2018,Transit,SuperWASP-South
WASP-168 b,16.8135,5.6045,133.4886,Mass,0.0519,1.12,303.941,2018,Transit,SuperWASP-South
HD 28678 b,13.5,,490.09386,Msini,1.18,6.48,189.908,2011,Radial Velocity,W. M. Keck Observatory
HD 30856 b,13.5,,491.68301,Msini,1.85,4.4,131.199,2011,Radial Velocity,W. M. Keck Observatory
OGLE-2014-BLG-1722L c,11.0,,83.7,Mass,1.7,,6400.0,2018,Microlensing,OGLE
K2-244 b,1.75,0.13,3.71,M-R relationship,0.1418,0.92,212.902,2018,Transit,K2
K2-266 b,3.3,1.8,11.26782377,Msin(i)/sin(i),0.01306,0.703,77.5586,2018,Transit,K2
K2-266 c,0.705,0.096,0.29013072,Msin(i)/sin(i),0.0679,0.703,77.5586,2018,Transit,K2
WASP-173 A b,13.4508,0.67254,1172.7927,Mass,0.0248,1.11,232.98,2018,Transit,SuperWASP-South
OGLE-2011-BLG-0173L b,9.01,,60.0,Mass,8.0,,6100.0,2018,Microlensing,OGLE
HD 5319 b,13.5,,494.54348,Msini,1.57,4.06,121.405,2007,Radial Velocity,W. M. Keck Observatory
K2-159 b,2.26,0.17,5.73,M-R relationship,0.1013,0.83,170.998,2018,Transit,K2
K2-266 e,2.73,0.14,14.3,Mass,0.1249,0.703,77.5586,2018,Transit,K2
K2-266 d,2.93,0.14,8.9,Mass,0.1035,0.703,77.5586,2018,Transit,K2
WASP-147 b,12.498035,1.56926,87.40325,Mass,0.0549,1.429,436.098,2018,Transit,SuperWASP-South
WASP-160 B b,12.21781,0.526823,88.35674,Mass,0.0452,0.868,288.326,2018,Transit,SuperWASP-South
HD 95089 c,13.1,,1096.5135,Msini,3.33,5.08,136.957,2016,Radial Velocity,W. M. Keck Observatory
K2-166 b,2.19,0.2,5.43,M-R relationship,0.0858,1.61,476.882,2018,Transit,K2
HATS-36 b,12.92,0.38,1022.14128,Mass,0.0523,1.1,856.436,2018,Transit,HATSouth
WASP-165 b,14.12334,2.12971,209.13214,Mass,0.04823,1.75,602.236,2018,Transit,SuperWASP-South
HD 96063 b,13.7,,403.6441,Msini,1.11,4.75,140.065,2011,Radial Velocity,W. M. Keck Observatory
K2-228 b,1.21,0.1,1.92,M-R relationship,0.0338,0.65,129.46,2018,Transit,K2
K2-283 b,3.52,0.16,12.2,M-R relationship,0.0291,0.82,402.915,2018,Transit,K2
K2-151 b,1.49,0.08,2.83,M-R relationship,0.0373,0.45,69.4798,2018,Transit,K2
K2-281 b,8.18,0.21,50.9,M-R relationship,0.0773,0.76,458.139,2018,Transit,K2
K2-216 b,1.75,0.17,8.0,Mass,0.028,0.72,115.461,2018,Transit,K2
HD 5319 c,13.8,,334.67499,Msini,1.93,4.06,121.405,2014,Radial Velocity,W. M. Keck Observatory
K2-230 b,1.96,0.18,4.5,M-R relationship,0.0409,1.39,540.773,2018,Transit,K2
K2-188 b,1.35,0.11,2.39,M-R relationship,0.0289,1.19,446.821,2018,Transit,K2
GJ 96 b,4.67,,19.66,Msini,0.291,0.580612,11.9315,2018,Radial Velocity,Haute-Provence Observatory
KMT-2016-BLG-1820L b,12.9,,1450.0,Mass,1.08,,6260.0,2018,Microlensing,KMTNet
HD 94834 b,13.7,,400.4658,Msini,2.74,4.2,98.1609,2018,Radial Velocity,W. M. Keck Observatory
K2-153 b,2.0,0.21,4.66,M-R relationship,0.0614,0.53,143.125,2018,Transit,K2
HATS-11 b,18.03,0.72,263.7989,Mass,0.0507,1.54,944.603,2016,Transit,HATSouth
KMT-2016-BLG-2142L b,12.2,,4923.0,Mass,0.83,,7010.0,2018,Microlensing,KMTNet
MOA-2015-BLG-337L b,6.42,,33.7,Mass,0.24,,7100.0,2018,Microlensing,MOA
K2-241 b,2.55,0.18,7.04,M-R relationship,0.1567,0.75,149.464,2018,Transit,K2
K2-117 c,2.06,0.12,4.9,M-R relationship,0.0492,0.51,101.632,2017,Transit,K2
K2-284 b,2.78,0.14,8.15,M-R relationship,0.04771,0.607,107.272,2018,Transit,K2
MOA-2016-BLG-319L b,14.1,,200.0,Mass,0.95,,6800.0,2018,Microlensing,MOA
HD 12648 b,13.4,,622.9468,Msini,0.54,11.02,182.192,2015,Radial Velocity,Bohyunsan Optical Astronomical Observatory
K2-243 b,2.17,0.14,5.35,M-R relationship,0.1087,1.39,266.864,2018,Transit,K2
K2-117 b,2.03,0.1,4.78,M-R relationship,0.0189,0.51,101.632,2017,Transit,K2
K2-312 c,12.8,,1681.31227303,Msini,1.882,1.199,109.86,2023,Radial Velocity,Roque de los Muchachos Observatory
K2-245 b,4.34,0.19,17.4,M-R relationship,0.0959,1.25,456.064,2018,Transit,K2
K2-270 c,2.95,0.16,9.01,M-R relationship,0.0497,0.77,280.518,2018,Transit,K2
HATS-59 b,12.621334,0.863093,256.17098,Mass,0.06112,1.036,642.884,2018,Transit,HATSouth
KELT-15 b,19.50366,2.2418,416.3573,Mass,0.04613,1.78,324.683,2016,Transit,KELT-South
K2-247 b,2.12,0.19,5.14,M-R relationship,0.0304,0.69,258.113,2018,Transit,K2
EPIC 211945201 b,5.76,0.3,11.0,Mass,0.1493,1.39,181.69,2018,Transit,K2
CoRoT-21 b,14.5717,1.56926,718.2958,Mass,0.0417,1.95,1398.83419686,2012,Transit,CoRoT
70 Vir b,12.6,,2380.45,Mass,0.481,1.89,17.9011,1996,Radial Velocity,Lick Observatory
K2-39 b,6.27704,1.68135,28.6047,Mass,0.05708,2.97,307.47,2016,Transit,K2
K2-248 b,2.57,0.2,7.13,M-R relationship,0.0699,0.92,406.254,2018,Transit,K2
K2-276 b,3.77,0.21,13.7,M-R relationship,0.1291,0.85,488.152,2018,Transit,K2
HD 102956 b,13.8,,305.1168,Msini,0.0807,4.55,121.89,2010,Radial Velocity,W. M. Keck Observatory
HD 108863 b,13.3,,767.24162,Msini,1.32,5.74,164.742,2011,Radial Velocity,W. M. Keck Observatory
HATS-46 b,10.121727,0.650122,54.98459,Mass,0.05367,0.853,453.808,2018,Transit,HATSouth
HATS-7 b,6.310667,0.515614,38.1396,Mass,0.04012,0.815,240.707,2015,Transit,HATSouth
K2-252 b,1.74,0.17,3.68,M-R relationship,0.1041,0.82,228.839,2018,Transit,K2
K2-188 c,2.83,0.15,8.4,M-R relationship,0.0785,1.19,446.821,2018,Transit,K2
HD 131496 b,13.4,,572.094,Msini,2.01,4.44,131.849,2011,Radial Velocity,W. M. Keck Observatory
HD 1502 b,13.2,,874.0325,Msini,1.262,4.67,190.953,2011,Radial Velocity,W. M. Keck Observatory
NGTS-3 A b,16.58932,4.14733,756.4354,Mass,0.023,0.93,743.972,2018,Transit,Next-Generation Transit Survey (NGTS)
K2-254 b,1.63,0.28,3.29,M-R relationship,0.0448,0.67,227.775,2018,Transit,K2
K2-192 b,1.52,0.13,2.92,M-R relationship,0.049,0.81,221.753,2018,Transit,K2
K2-239 c,1.0,0.1,0.972,M-R relationship,0.0576,0.36,31.0849,2018,Transit,K2
K2-258 b,3.0,0.21,9.27,M-R relationship,0.149,1.31,661.873,2018,Transit,K2
HD 70642 b,13.0,,1239.5307873,Mass,3.318,0.984,29.276,2003,Radial Velocity,Anglo-Australian Telescope
HATS-69 b,10.592505,0.246598,183.38791,Mass,0.03211,0.8785,414.537,2018,Transit,HATSouth
HD 202696 b,,,634.38868,Mass,1.566,6.43,188.546,2019,Radial Velocity,W. M. Keck Observatory
HD 202696 c,,,592.43512,Mass,2.342,6.43,188.546,2019,Radial Velocity,W. M. Keck Observatory
KMT-2017-BLG-1038L b,13.4,,640.0,Mass,1.8,,6000.0,2019,Microlensing,KMTNet
HD 117618 b,8.59,,55.30242,Msini,0.18,1.2,37.7781,2004,Radial Velocity,Anglo-Australian Telescope
NGTS-4 b,3.18,0.26,20.6,Mass,0.019,0.84,280.555,2019,Transit,Next-Generation Transit Survey (NGTS)
K2-295 b,10.054473,0.123299,106.47305,Mass,0.0451,0.7,232.801,2018,Transit,K2
HIP 79098 AB b,12.1,,6515.515,Mass,345.0,,145.798,2019,Imaging,Paranal Observatory
Kepler-411 e,3.28,,10.8,Mass,0.186,0.82,153.676,2018,Transit Timing Variations,Kepler
Kepler-730 b,12.3299,0.526823,,Msini,0.0694,1.411,1935.04,2016,Transit,Kepler
K2-133 c,1.603,0.09,3.2,M-R relationship,0.04341,0.455,75.1703,2017,Transit,K2
K2-133 d,2.003,0.107,4.67,M-R relationship,0.07487,0.455,75.1703,2017,Transit,K2
HAT-P-25 b,12.722215,0.538032,180.84527,Mass,0.0466,0.919,300.384,2012,Transit,HATNet
HD 89744 b,12.6,,2653.8805,Msini,0.917,2.13257,38.6364,1999,Radial Velocity,Fred Lawrence Whipple Observatory
HD 65216 c,13.4,,645.1949,Msini,5.75,0.88,35.1205,2013,Radial Velocity,La Silla Observatory
K2-133 e,1.73,0.14,3.64,M-R relationship,0.1346,0.455,75.1703,2019,Transit,K2
EPIC 201497682 b,0.692,0.059,0.26,M-R relationship,,0.554,253.026,2019,Transit,K2
OGLE-2015-BLG-1670L b,4.42,,17.9,Mass,2.62,,6700.0,2019,Microlensing,OGLE
K2-290 c,11.276254,0.56045,246.00042,Mass,0.305,1.511,272.909,2019,Transit,K2
HAT-P-34 b,13.417173,1.45717,1058.3739,Mass,0.06774,1.53,249.325,2011,Transit,HATNet
EPIC 201754305 d,1.03,0.085,1.08,M-R relationship,,0.544,334.967,2019,Transit,K2
EPIC 201833600 c,1.0,0.12,0.972,M-R relationship,,0.634,257.443,2019,Transit,K2
HAT-P-36 b,14.313893,0.22418,587.413406,Mass,0.0241,1.041,294.419,2011,Transit,HATNet
K2-52 b,18.0,2.2,,Msini,0.054,2.192,1038.41,2016,Transit,K2
K2-53 b,2.6,0.1,7.27,M-R relationship,0.098,0.807,138.018,2016,Transit,K2
K2-293 b,2.45,0.35,6.57,M-R relationship,,0.947,392.251,2019,Transit,K2
TOI-172 b,10.816685,0.358688,1722.6386,Mass,0.0914,1.777,342.831,2019,Transit,Transiting Exoplanet Survey Satellite (TESS)
EPIC 206024342 b,1.7,0.59,3.53,M-R relationship,,0.823,369.888,2019,Transit,K2
EPIC 206032309 b,1.01,0.24,1.01,M-R relationship,,0.37344,161.365,2019,Transit,K2
HAT-P-9 b,15.614137,0.751003,238.05467,Mass,0.05287,1.338,455.203,2008,Transit,HATNet
HATS-24 b,15.636555,0.638913,718.2958,Mass,0.0238,1.12,494.182,2017,Transit,HATSouth
K2-90 b,2.6,0.1,7.27,M-R relationship,0.096,0.619,134.188,2016,Transit,K2
K2-294 b,1.66,0.21,3.39,M-R relationship,,1.2,373.078,2019,Transit,K2
GJ 685 b,2.95,,9.0,Msini,0.1344,0.54,14.3155,2019,Radial Velocity,Roque de los Muchachos Observatory
EPIC 206317286 b,0.96,0.11,0.84,M-R relationship,,0.669,314.35,2019,Transit,K2
K2-308 b,9.916,0.985,70.6,M-R relationship,,1.24,1314.53,2019,Transit,K2
Kepler-9 c,8.08,0.54,29.9,Mass,0.227,0.958,628.257,2010,Transit,Kepler
K2-124 b,2.9,0.1,8.75,M-R relationship,0.049,0.388,140.385,2017,Transit,K2
HD 92788 b,13.0,,1195.0408,Msini,0.97,1.14,34.6538,2000,Radial Velocity,Multiple Observatories
Kepler-25 c,5.217,0.07,15.2,Mass,0.1117,1.316,243.249,2011,Transit,Kepler
WASP-33 b,17.855937,0.829466,665.21819,Mass,0.0239,1.444,121.944,2010,Transit,SuperWASP
HD 134060 c,5.91,,29.29,Msini,2.3928,1.164285,24.0125,2019,Radial Velocity,La Silla Observatory
WASP-177 b,17.71022,7.39794,161.45764,Mass,0.03957,0.885,176.818,2019,Transit,SuperWASP
WASP-181 b,13.271456,0.795839,95.03117,Mass,0.05427,0.965,437.495,2019,Transit,SuperWASP
Kepler-25 b,2.748,0.038,8.7,Mass,0.0695,1.316,243.249,2011,Transit,Kepler
WASP-161 b,12.811887,0.728585,791.3967,Mass,0.0673,1.712,343.08,2018,Transit,SuperWASP-South
WASP-163 b,13.473218,1.087273,594.3421,Mass,0.0266,1.015,261.386,2018,Transit,SuperWASP-South
HD 20781 b,1.21,,1.93,Msini,0.0529,0.833609,35.9715,2019,Radial Velocity,La Silla Observatory
HD 20003 b,3.43,,11.66,Msini,0.0974,0.921637,41.8316,2019,Radial Velocity,La Silla Observatory
Kepler-47 c,4.65,0.09,3.17,Mass,0.9638,0.936,1025.02,2012,Transit,Kepler
Gl 49 b,2.24,,5.63,Msini,0.0905,0.511,9.8528,2019,Radial Velocity,Multiple Observatories
HD 21693 b,2.8,,8.23,Msini,0.1455,0.914378,33.255,2019,Radial Velocity,La Silla Observatory
HD 20781 c,2.17,,5.33,Msini,0.1004,0.833609,35.9715,2019,Radial Velocity,La Silla Observatory
Kepler-47 d,7.04,0.66,19.02,Mass,0.6992,0.936,1025.02,2019,Transit,Kepler
LSPM J2116+0234 b,3.71,,13.3,Msini,0.0876,0.431,17.6297,2019,Radial Velocity,Calar Alto Observatory
K2-285 e,1.95,0.05,10.7,Mass,0.18041,0.787,154.961,2018,Transit,K2
K2-285 d,2.48,0.06,6.5,Mass,0.1178,0.787,154.961,2018,Transit,K2
HD 31527 b,3.22,,10.47,Msini,0.1254,1.073694,38.4473,2019,Radial Velocity,La Silla Observatory
HD 31527 d,3.46,,11.82,Msini,0.8098,1.073694,38.4473,2019,Radial Velocity,La Silla Observatory
HD 21749 c,0.892,0.064,3.7,Mass,0.0695,0.695,16.32,2019,Transit,Transiting Exoplanet Survey Satellite (TESS)
HD 114729 b,13.9,,262.20975,Msini,2.067,1.473,37.8063,2002,Radial Velocity,W. M. Keck Observatory
K2-286 b,2.1,0.2,5.06,M-R relationship,0.1768,0.62,76.1486,2018,Transit,K2
Qatar-9 b,11.309881,0.156926,378.2177,Mass,0.0234,0.696,213.771,2019,Transit,Qatar
NGTS-5 b,12.733424,0.257807,72.78307,Mass,0.0382,0.739,306.779,2019,Transit,Next-Generation Transit Survey (NGTS)
HD 126525 b,10.3,,75.32571,Msini,1.837,0.979,37.6506,2018,Radial Velocity,La Silla Observatory
HD 117207 b,13.4,,669.34662514,Mass,3.787,1.074,32.3547,2004,Radial Velocity,W. M. Keck Observatory
HD 143361 b,12.9,,1382.55357045,Mass,1.988,0.916,68.5146,2008,Radial Velocity,Las Campanas Observatory
K2-288 B b,1.9,0.3,4.27,M-R relationship,0.164,0.32,65.6138,2018,Transit,K2
HATS-60 b,12.923977,0.594077,210.40346,Mass,0.04708,1.46,486.474,2018,Transit,HATSouth
HD 20781 e,3.83,,14.03,Msini,0.3374,0.833609,35.9715,2019,Radial Velocity,La Silla Observatory
HD 45184 c,2.91,,8.81,Msini,0.11,1.075139,21.9532,2019,Radial Velocity,La Silla Observatory
HD 152079 b,13.2,,845.74563,Msini,4.187,1.128,87.8888,2009,Radial Velocity,Las Campanas Observatory
HATS-62 b,11.825495,0.280225,56.89157,Mass,0.04163,0.933,523.067,2018,Transit,HATSouth
HATS-63 b,13.529263,0.437151,305.1168,Mass,0.04026,1.07,623.232,2018,Transit,HATSouth
HATS-70 b,15.513256,0.885511,4100.007,Mass,0.03632,1.881,1458.83,2019,Transit,HATSouth
K2-264 b,2.231,0.151,5.61,M-R relationship,0.05023,0.473,185.605,2018,Transit,K2
KMT-2016-BLG-1107L b,13.1,,1043.0,Mass,0.342,,6651.0,2019,Microlensing,KMTNet
HD 103949 b,3.35,,11.2,Msini,0.439,0.753113,26.4997,2019,Radial Velocity,Las Campanas Observatory
HIP 35173 b,3.61,,12.7,Msini,0.217,0.773404,33.1562,2019,Radial Velocity,Las Campanas Observatory
HD 23127 b,13.5,,485.32641,Msini,2.37,1.49,93.8555,2006,Radial Velocity,Anglo-Australian Telescope
HD 25171 b,13.9,,290.81445,Msini,2.971,1.23,55.6146,2010,Radial Velocity,La Silla Observatory
HATS-65 b,16.824709,0.56045,260.93843,Mass,0.04497,1.31,493.32,2018,Transit,HATSouth
HATS-66 b,15.815899,0.941556,1694.0339,Mass,0.04714,1.841,1477.98,2018,Transit,HATSouth
HD 1397 b,11.500434,0.280225,131.89945,Mass,0.1097,2.336,79.5702,2018,Transit,Transiting Exoplanet Survey Satellite (TESS)
HD 64114 b,4.41,,17.8,Msini,0.246,0.882858,31.5262,2019,Radial Velocity,Las Campanas Observatory
HD 206255 b,6.47,,34.2,Msini,0.461,2.221489,75.2363,2019,Radial Velocity,Las Campanas Observatory
HD 38801 b,12.5,,3082.31534,Msini,1.623,2.029,91.4349,2009,Radial Velocity,Subaru Telescope
HATS-67 b,18.887165,0.526823,460.8535,Mass,0.03032,1.441,960.109,2018,Transit,HATSouth
HATS-68 b,13.809488,0.437151,410.0007,Mass,0.05071,1.748,603.955,2018,Transit,HATSouth
Gl 378 b,3.66,,13.02,Msini,0.039435,0.56,14.9545,2019,Radial Velocity,Haute-Provence Observatory
WASP-190 b,12.89035,1.00881,317.83,Mass,0.0663,1.6,542.251,2019,Transit,WASP-South
Kepler-1610 c,2.09,0.35,5.02,M-R relationship,0.2323,0.8,864.331,2023,Transit,Kepler
XO-7 b,15.389957,0.291434,225.34147,Mass,0.04421,1.48,234.149,2019,Transit,XO
WASP-126 c,9.38,,64.2,Mass,,1.27,216.526,2019,Transit Timing Variations,Transiting Exoplanet Survey Satellite (TESS)
HATS-55 b,14.022459,0.291434,292.72143,Mass,0.05412,1.126,609.838,2019,Transit,HATSouth
Kepler-1996 c,2.81,0.2,8.3,M-R relationship,0.3608,0.675,440.561,2023,Transit,Kepler
Kepler-1988 b,1.53,0.3,2.96,M-R relationship,0.1038,1.788,513.426,2023,Transit,Kepler
TOI-813 b,6.71,0.38,36.4,M-R relationship,0.423,1.94,263.145,2020,Transit,Transiting Exoplanet Survey Satellite (TESS)
GJ 433 b,2.33,,6.043,Msini,0.062,0.5,9.06456,2013,Radial Velocity,La Silla Observatory
HATS-58 A b,12.273855,0.694958,327.3649,Mass,0.05798,1.433,403.591,2019,Transit,HATSouth
HR 5183 b,13.1,,1052.01202717,Mass,18.0,1.53,31.4607,2019,Radial Velocity,Multiple Observatories
Kepler-1991 b,1.47,0.2,2.76,M-R relationship,0.1065,1.053,855.82,2023,Transit,Kepler
Kepler-1471 c,1.88,0.28,4.19,M-R relationship,0.0981,1.166,978.678,2023,Transit,Kepler
GJ 180 b,2.43,,6.49,Msini,0.092,0.413049,11.9407,2014,Radial Velocity,Multiple Observatories
WASP-169 b,14.616536,1.68135,178.30263,Mass,0.0681,2.011,627.066,2019,Transit,WASP-South
Kepler-1998 b,0.6,0.08,0.156,M-R relationship,0.0405,0.921,340.965,2023,Transit,Kepler
Kepler-164 e,4.24,0.69,16.7,M-R relationship,0.4025,1.097,890.758,2023,Transit,Kepler
Kepler-1994 b,0.51,0.06,0.087,M-R relationship,0.053,0.961,241.991,2023,Transit,Kepler
Kepler-1984 b,6.81,0.75,37.3,M-R relationship,0.0238,0.42,,2023,Transit,Kepler
GJ 433 d,2.14,,5.223,Msini,0.178,0.5,9.06456,2020,Radial Velocity,Multiple Facilities
GJ 3082 b,2.79,,8.2,Msini,0.079,0.465216,16.6186,2020,Radial Velocity,Multiple Facilities
WASP-175 b,13.540472,0.907929,314.6517,Mass,0.04403,1.204,539.36,2019,Transit,WASP-South
Kepler-619 d,4.17,1.31,16.2,M-R relationship,0.1021,0.964,900.678,2023,Transit,Kepler
Kepler-1126 c,1.45,0.18,2.7,M-R relationship,0.6193,0.921,635.736,2023,Transit,Kepler
EPIC 249893012 b,1.95,0.09,8.75,Mass,0.047,1.71,321.296,2020,Transit,K2
Kepler-1661 b,3.87,0.06,17.0,Mass,0.633,0.762,410.607,2020,Transit,Kepler
OGLE-2016-BLG-1067L b,14.3,,140.0,Mass,1.7,,3730.0,2019,Microlensing,OGLE
Kepler-1987 c,1.33,0.12,2.33,M-R relationship,0.0427,0.714,595.683,2023,Transit,Kepler
Kepler-1985 b,2.27,0.25,5.77,M-R relationship,0.0426,0.966,,2023,Transit,Kepler
Kepler-1987 b,1.23,0.11,2.04,M-R relationship,0.0318,0.714,595.683,2023,Transit,Kepler
Kepler-1801 c,2.91,0.83,8.8,M-R relationship,0.4572,0.981,839.332,2023,Transit,Kepler
EPIC 249893012 c,3.67,0.17,14.67,Mass,0.13,1.71,321.296,2020,Transit,K2
EPIC 249893012 d,3.94,0.13,10.18,Mass,0.22,1.71,321.296,2020,Transit,K2
WASP-180 A b,13.89916,0.44836,286.047,Mass,0.048,1.19,253.985,2019,Transit,SuperWASP
WASP-2 b,12.116929,0.459569,295.89973,Mass,0.03144,0.866,153.242,2007,Transit,SuperWASP
Kepler-949 c,2.97,0.61,9.11,M-R relationship,0.1394,0.895,486.105,2023,Transit,Kepler
Kepler-311 d,2.05,0.33,4.86,M-R relationship,0.7326,1.156,778.654,2023,Transit,Kepler
WASP-44 b,12.3299,0.907929,276.5121,Mass,0.03453,0.906,364.512,2011,Transit,SuperWASP
WASP-45 b,10.603714,0.650122,306.38812,Mass,0.03963,0.855,211.196,2011,Transit,SuperWASP
Kepler-416 d,1.61,0.23,3.22,M-R relationship,0.0407,1.022,690.819,2023,Transit,Kepler
Kepler-1834 c,1.22,0.05,1.98,M-R relationship,0.015,0.788,500.395,2023,Transit,Kepler
HATS-47 b,12.520453,0.156926,117.27927,Mass,0.04269,0.6564,300.67,2020,Transit,HATSouth
GJ 15 A c,6.67,,36.0,Msini,5.4,0.38,3.56228,2018,Radial Velocity,Roque de los Muchachos Observatory
Kepler-763 c,1.42,0.07,2.6,M-R relationship,0.0466,0.843,962.459,2023,Transit,Kepler
Kepler-347 d,3.04,0.45,9.48,M-R relationship,0.3802,1.451,1298.88,2023,Transit,Kepler
EPIC 248847494 b,12.44199,0.78463,4131.79,Mass,4.5,2.7,551.886,2018,Transit,K2
WASP-184 b,14.90797,1.00881,181.1631,Mass,0.0627,1.65,663.231,2019,Transit,WASP-South
WASP-185 b,14.01125,0.89672,311.4734,Mass,0.0904,1.5,279.35,2019,Transit,WASP-South
Kepler-290 d,0.86,0.12,0.566,M-R relationship,0.0154,0.755,694.627,2023,Transit,Kepler
Kepler-549 d,4.2,0.45,16.4,M-R relationship,0.1575,0.986,635.145,2023,Transit,Kepler
KMT-2017-BLG-0165L b,6.45,,34.0,Mass,3.45,,4530.0,2018,Microlensing,KMTNet
Kepler-865 c,0.89,0.19,0.64,M-R relationship,0.061,0.885,586.137,2023,Transit,Kepler
TOI-150.01,14.067295,0.235389,797.7533,Mass,0.07037,1.526,336.267,2019,Transit,Transiting Exoplanet Survey Satellite (TESS)
GJ 682 c,2.89,,8.7,Msini,0.176,0.298255,5.00671,2014,Radial Velocity,Multiple Observatories
OGLE-2015-BLG-1649L b,13.2,,807.0,Mass,2.07,,4230.0,2019,Microlensing,OGLE
Kepler-2000 c,1.57,0.06,3.09,M-R relationship,0.1228,0.576,320.588,2023,Transit,Kepler
Kepler-448 c,12.0,,6992.26,Mass,4.2,1.4,399.398,2017,Transit Timing Variations,Kepler
MOA-bin-29 b,14.1,,190.0,Mass,0.48,,7120.0,2019,Microlensing,MOA
Kepler-82 c,5.34,0.32,13.9,Mass,0.2626,0.898,904.326,2012,Transit,Kepler
Kepler-82 b,4.07,0.24,12.15,Mass,0.1683,0.898,904.326,2012,Transit,Kepler
HD 97048 b,13.3,,794.575,Mass,130.0,2.25,183.857,2019,Disk Kinematics,Atacama Large Millimeter Array (ALMA)
7 CMa b,13.4,,587.9855,Msin(i)/sin(i),1.758,4.87,19.8101,2011,Radial Velocity,Anglo-Australian Telescope
Kepler-1983 b,2.33,0.13,6.04,M-R relationship,0.0689,0.874,424.428,2023,Transit,Kepler
NGTS-8 b,12.21781,0.33627,295.5819,Mass,0.035,0.98,428.976,2019,Transit,Next-Generation Transit Survey (NGTS)
EPIC 205950854 c,1.31,0.144,2.27,M-R relationship,,0.83,243.935,2019,Transit,K2
7 CMa c,13.9,,276.5121,Msin(i)/sin(i),2.153,4.87,19.8101,2019,Radial Velocity,Multiple Observatories
Kepler-1990 c,0.98,0.17,0.904,M-R relationship,0.0504,1.071,392.739,2023,Transit,Kepler
HD 220197 b,9.32,,63.566,Msini,2.729,0.98,64.411,2018,Radial Velocity,Roque de los Muchachos Observatory
K2-43 c,2.42,0.26,6.44,M-R relationship,,0.542,182.536,2019,Transit,K2
Kepler-763 d,1.67,0.08,3.43,M-R relationship,0.0634,0.843,962.459,2023,Transit,Kepler
Kepler-1162 c,1.81,0.13,3.93,M-R relationship,0.2832,0.859,940.211,2023,Transit,Kepler
HD 213885 b,1.745,0.051,8.83,Mass,0.02012,1.1011,48.0883,2019,Transit,Transiting Exoplanet Survey Satellite (TESS)
Kepler-896 c,3.15,0.73,10.1,M-R relationship,0.1792,0.803,2334.93,2023,Transit,Kepler
Kepler-1982 b,0.77,0.14,0.381,M-R relationship,0.0511,1.122,558.855,2023,Transit,Kepler
HD 213885 c,4.71,,19.95,Msini,0.056798,1.1011,48.0883,2019,Radial Velocity,Multiple Observatories
WASP-126 b,10.51358773,0.51853716,90.3,Mass,0.0449,1.27,216.526,2016,Transit,SuperWASP-South
HAT-P-69 b,18.786284,0.571659,1137.8314,Mass,0.06555,1.926,341.263,2019,Transit,HATNet
Kepler-2000 b,2.73,0.1,7.9,M-R relationship,0.0562,0.576,320.588,2023,Transit,Kepler
TOI-763 c,2.63,0.12,9.32,Mass,0.1011,0.897,95.1274,2020,Transit,Transiting Exoplanet Survey Satellite (TESS)
TOI-905 b,13.125739,0.594077,211.99261,Mass,0.04666,0.918,158.649,2020,Transit,Transiting Exoplanet Survey Satellite (TESS)
TOI-564 b,11.43318,7.95839,464.98529,Mass,0.02734,1.088,199.581,2020,Transit,Transiting Exoplanet Survey Satellite (TESS)
Kepler-29 b,2.55,0.12,5.0,Mass,0.08482,0.732,832.532,2011,Transit,Kepler
Kepler-1674 b,3.2057749,,10.4,M-R relationship,0.3017,0.877273,1012.48,2020,Transit,Kepler
Kepler-1675 b,3.12483349,,9.93,M-R relationship,0.32185,1.12865,651.117,2020,Transit,Kepler
HD 108236 b,1.615,0.051,3.24,M-R relationship,0.04527,0.877,64.5978,2020,Transit,Transiting Exoplanet Survey Satellite (TESS)
HD 164922 c,3.66,,13.0,Msini,0.341,0.946,22.0016,2016,Radial Velocity,Multiple Observatories
KMT-2019-BLG-0842L b,3.19,,10.28,Mass,3.31,,3320.0,2020,Microlensing,KMTNet
HD 108236 e,3.083,0.052,9.71,M-R relationship,0.1367,0.877,64.5978,2020,Transit,Transiting Exoplanet Survey Satellite (TESS)
WASP-150 b,11.99363,0.269016,2688.8418,Mass,0.0694,1.651,527.995,2020,Transit,SuperWASP-North
NGTS-13 b,12.800678,0.515614,1538.2972,Mass,0.0549,1.788,647.595,2021,Transit,Next-Generation Transit Survey (NGTS)
MOA-2009-BLG-319L b,9.64,,67.3,Mass,2.03,,7050.0,2010,Microlensing,MOA
Kepler-1685 b,2.57673985,,7.16,M-R relationship,0.1485,0.835451,1141.89,2020,Transit,Kepler
Kepler-1686 b,1.42553017,,2.62,M-R relationship,0.08827,1.19951,729.823,2020,Transit,Kepler
KMT-2016-BLG-2397L b,13.2,,836.0,Mass,3.64,,4880.0,2020,Microlensing,KMTNet
OGLE-2017-BLG-0604L b,14.2,,160.0,Mass,4.06,,3950.0,2020,Microlensing,OGLE
OGLE-2017-BLG-1375L b,12.4,,3585.0,Mass,3.04,,3930.0,2020,Microlensing,OGLE
NGTS-14 A b,4.976796,0.33627,29.24036,Mass,0.0403,0.842,322.148,2021,Transit,Next-Generation Transit Survey (NGTS)
HD 13808 b,3.35,,11.2,Msini,0.10519,0.781,28.2305,2021,Radial Velocity,La Silla Observatory
OGLE-2015-BLG-1771L b,14.3,,138.0,Mass,0.85,,7070.0,2020,Microlensing,OGLE
OGLE-2018-BLG-1700L b,12.9,,1400.0,Mass,2.8,,7600.0,2020,Microlensing,OGLE
Kepler-1687 b,1.65623882,,3.38,M-R relationship,0.0532,0.726119,417.014,2020,Transit,Kepler
Kepler-1689 b,0.94678642,,0.799,M-R relationship,0.0784,0.996208,294.122,2020,Transit,Kepler
Kepler-462 b,3.0,0.2,53.9,Mass,0.4172,1.57,596.625,2016,Transit,Kepler
HD 4760 b,12.3,,4417.837,Msini,1.14,42.4,537.873,2021,Radial Velocity,Multiple Observatories
HD 110113 c,2.11384817,4.644325,10.5,Msini,0.068,0.968,106.307,2021,Radial Velocity,La Silla Observatory
HD 96992 b,13.7,,362.3262,Msini,1.24,7.43,396.082,2021,Radial Velocity,Multiple Observatories
KMT-2018-BLG-1292L b,12.9,,1400.0,Mass,6.03,,3460.0,2020,Microlensing,KMTNet
OGLE-2012-BLG-0838L b,8.39,,53.1,Mass,4.43,,6320.0,2020,Microlensing,OGLE
Kepler-1691 b,1.83470985,,4.02,M-R relationship,0.0495,1.13152,1267.67,2020,Transit,Kepler
Kepler-1692 b,1.11177184,,1.42,M-R relationship,0.0646,0.866139,591.019,2020,Transit,Kepler
EPIC 201170410.02,1.047,0.276,1.15,M-R relationship,0.0349,0.282,134.0,2020,Transit,K2
Kepler-160 d,,,100.0,Mass,0.17,1.118,937.013,2020,Transit Timing Variations,Kepler
Kepler-160 c,3.76,0.23,13.6,M-R relationship,0.1192,1.118,937.013,2014,Transit,Kepler
Kepler-1694 b,1.17986031,,1.76,M-R relationship,0.0449,0.756284,513.329,2020,Transit,Kepler
Kepler-716 c,1.39281536,,2.52,M-R relationship,0.04548,0.742183,635.009,2020,Transit,Kepler
EPIC 201757695.02,0.90819,0.05861,0.688,M-R relationship,0.0296,0.655,577.6,2020,Transit,K2
HD 110082 b,3.2,0.1,10.3,M-R relationship,0.113,1.19,105.096,2021,Transit,Transiting Exoplanet Survey Satellite (TESS)
Kepler-1664 b,3.03320653,,9.45,M-R relationship,0.1137,1.072,626.691,2020,Transit,Kepler
Kepler-1001 c,1.57799279,,3.11,M-R relationship,0.08296,0.836475,928.978,2020,Transit,Kepler
TOI-954 b,9.550068,0.594077,55.30242,Mass,0.04963,1.892,238.768,2020,Transit,Transiting Exoplanet Survey Satellite (TESS)
K2-329 b,8.675766,0.291434,82.6358,Mass,0.1016,0.822,233.237,2020,Transit,K2
HATS-49 b,8.574885,0.145717,112.19399,Mass,0.04515,0.6977,324.413,2020,Transit,HATSouth
TYC 8998-760-1 c,12.3299,6.7254,1906.98,Mass,320.0,1.02,94.6177,2020,Imaging,Paranal Observatory
Wendelstein-1 b,11.5609626,0.0683749,188.15536,Mass,0.0282,0.61,305.3,2020,Transit,Haleakala Observatory
MOA-2013-BLG-220L b,13.2,,871.0,Mass,3.03,,6720.0,2014,Microlensing,MOA
KMT-2016-BLG-1836L b,13.3,,700.0,Mass,3.5,,7100.0,2019,Microlensing,KMTNet
OGLE-2013-BLG-0911L b,12.5,,3020.0,Mass,0.39,,3220.0,2019,Microlensing,OGLE
BD-11 4672 c,4.04,,15.37,Msini,0.3,0.639,27.1665,2020,Radial Velocity,Roque de los Muchachos Observatory
BD-11 4672 b,14.1,,206.5895,Msini,2.36,0.639,27.1665,2014,Radial Velocity,La Silla Observatory
HIP 65 A b,22.75427,6.83749,1021.18779,Mass,0.01782,0.7242,61.7856,2020,Transit,Transiting Exoplanet Survey Satellite (TESS)
TOI-481 b,11.09691,0.11209,486.2799,Mass,0.097,1.66,179.366,2020,Transit,Transiting Exoplanet Survey Satellite (TESS)
TIC 237913194 b,12.520453,0.605286,617.22586,Mass,0.1207,1.088,306.063,2020,Transit,Transiting Exoplanet Survey Satellite (TESS)
OGLE-2016-BLG-1227L b,13.9,,250.0,Mass,3.4,,,2020,Microlensing,OGLE
TOI-157 b,14.414774,0.257807,375.0394,Mass,0.03138,1.167,355.683,2020,Transit,Transiting Exoplanet Survey Satellite (TESS)
TOI-169 b,12.172974,0.907929,251.40353,Mass,0.03524,1.288,407.84,2020,Transit,Transiting Exoplanet Survey Satellite (TESS)
Kepler-1700 b,2.90129941,,8.76,M-R relationship,0.76094,1.0937,717.597,2020,Transit,Kepler
Kepler-1666 b,2.88273782,,8.66,M-R relationship,0.1761,1.14586,1379.37,2020,Transit,Kepler
Gl 686 b,2.46,,6.624,Msini,0.091,0.427,8.15728,2018,Radial Velocity,Roque de los Muchachos Observatory
HD 180617 b,3.53,,12.214,Msini,0.343,0.481,5.91059,2018,Radial Velocity,Calar Alto Observatory
HD 158259 e,2.34,,6.08,Msini,,1.21,27.0498,2020,Radial Velocity,Haute-Provence Observatory
HD 158259 c,2.23,,5.6,Msini,,1.21,27.0498,2020,Radial Velocity,Haute-Provence Observatory
HATS-37 A b,6.792654,0.179344,31.46517,Mass,0.04913,0.877,211.896,2020,Transit,HATSouth
GJ 687 b,4.32,,17.2,Msini,0.163,0.4183,4.54939,2014,Radial Velocity,Lick Observatory
GJ 2056 b,4.17,,16.2,Msini,0.283,0.709495,28.4434,2020,Radial Velocity,Multiple Observatories
TOI-237 b,1.44,0.12,2.67,M-R relationship,0.0341,0.211,38.0749,2020,Transit,Transiting Exoplanet Survey Satellite (TESS)
HD 216520 c,3.03,,9.44,Msini,0.528,0.76,19.552,2020,Radial Velocity,Multiple Observatories
CoRoT-30 b,11.309881,0.851884,921.707,Mass,0.0844,0.91,1032.23,2020,Transit,CoRoT
CoRoT-31 b,16.36514,3.3627,266.9772,Mass,0.0586,2.15,2005.76,2020,Transit,CoRoT
HIP 38594 b,2.77,,8.1,Msini,0.256,0.626646,17.7886,2020,Radial Velocity,Multiple Observatories
WASP-186 b,12.44199,0.33627,1341.2426,Mass,0.06,1.47,278.514,2020,Transit,SuperWASP
Kepler-29 c,2.34,0.12,4.5,Mass,0.10027,0.732,832.532,2011,Transit,Kepler
Kepler-783 c,2.33153725,,6.04,M-R relationship,0.06903,0.872088,516.09,2020,Transit,Kepler
Kepler-1667 b,2.98385261,,9.19,M-R relationship,0.35905,1.08751,626.819,2020,Transit,Kepler
HIP 4845 b,3.89,,14.4,Msini,0.176,0.603999,21.0974,2020,Radial Velocity,Multiple Observatories
HIP 48714 b,5.11,,22.9,Msini,0.112,0.595456,10.5298,2020,Radial Velocity,Multiple Observatories
TOI-251 b,2.74,0.18,317.83,Mass,0.05741,0.881,99.523,2021,Transit,Transiting Exoplanet Survey Satellite (TESS)
HAT-P-68 b,12.016048,0.134508,230.10892,Mass,0.02996,0.6701,202.152,2020,Transit,HATNet
Kepler-177 b,3.5,0.19,5.84,Mass,0.21101,1.324,1435.44,2013,Transit,Kepler
Kepler-36 b,1.498,0.061,3.83,Mass,0.11419,1.634,527.956,2012,Transit,Kepler
KOI-1783.01,8.86,0.25,71.0,Mass,0.52661,1.143,865.73,2020,Transit,Kepler
Kepler-1668 b,4.34764405,,17.4,M-R relationship,0.124,1.01738,1335.64,2020,Transit,Kepler
Kepler-598 c,3.02420941,,9.4,M-R relationship,0.36672,0.900316,681.086,2020,Transit,Kepler
KMT-2019-BLG-1953L b,14.1,,200.0,Mass,,,7040.0,2020,Microlensing,KMTNet
Kepler-1514 c,1.1758241,0.0571659,1.74,M-R relationship,0.0997,1.289,397.292,2020,Transit,Kepler
KOI-1783.02,5.44,0.52,15.0,Mass,0.86695,1.143,865.73,2020,Transit,Kepler
HD 156668 c,6.17,,31.49679513,Msini,1.57,0.774528,24.3323,2021,Radial Velocity,Multiple Observatories
HD 211403 b,12.8,,1760.76937478,Msini,0.768,1.206,83.0919,2021,Radial Velocity,Haute-Provence Observatory
K2-344 b,1.59,0.1,3.15,M-R relationship,,0.49,75.1691,2021,Transit,K2
HD 24040 c,9.35,,63.88350981,Msini,1.3,1.387296,46.6224,2021,Radial Velocity,Multiple Observatories
HD 3765 b,8.56,,54.98431441,Msini,2.108,0.83061,17.926,2021,Radial Velocity,Multiple Observatories
HD 213472 b,13.1,,1112.3994245,Msini,13.0,1.433902,64.4527,2021,Radial Velocity,Multiple Observatories
K2-348 c,2.67,0.23,7.61,M-R relationship,,0.85,201.856,2021,Transit,K2
CD Cet b,1.82,,3.95,Msini,0.0185,0.175,8.60715,2020,Radial Velocity,Calar Alto Observatory
G 264-012 b,1.39,,2.5,Msini,0.02279,0.305,16.009,2021,Radial Velocity,Calar Alto Observatory
K2-352 d,2.23,0.13,5.6,M-R relationship,,0.95,176.051,2021,Transit,K2
K2-339 b,1.92,0.19,4.35,M-R relationship,,0.72,360.36,2021,Transit,K2
K2-282 b,2.5,0.2,6.8,M-R relationship,0.0499,1.0,496.289,2018,Transit,K2
K2-156 b,1.1,0.09,1.37,M-R relationship,0.0149,0.62,150.21,2018,Transit,K2
TOI-257 b,7.16253867,0.14571675,43.86032017,Mass,0.1528,1.867,76.9028,2021,Transit,Transiting Exoplanet Survey Satellite (TESS)
HAT-P-58 b,14.93036229,0.48198617,118.2321674,Mass,0.04994,1.53,515.59,2021,Transit,HATNet
HAT-P-59 b,12.58768533,0.14571675,489.45574678,Mass,0.05064,1.1038,265.471,2021,Transit,HATNet
K2-268 d,1.49,0.14,2.83,M-R relationship,,0.78,327.783,2021,Transit,K2
TOI-269 b,2.77,0.12,8.8,Mass,0.0345,0.398,57.0225,2021,Transit,Transiting Exoplanet Survey Satellite (TESS)
K2-268 f,2.23,0.15,5.6,M-R relationship,,0.78,327.783,2021,Transit,K2
K2-187 b,1.2,0.2,1.87,M-R relationship,0.0164,0.83,330.916,2018,Transit,K2
K2-210 b,0.86,0.2,0.566,M-R relationship,,0.89,176.51,2018,Transit,K2
K2-32 b,5.299,0.191,15.0,Mass,0.0795,0.86,157.682,2016,Transit,K2
K2-32 e,1.212,0.052,2.1,Mass,0.04899,0.86,157.682,2019,Transit,K2
HAT-P-64 b,19.08889413,0.78462865,184.34047606,Mass,0.05387,1.735,651.897,2021,Transit,HATNet
Kepler-129 c,2.52,0.07,43.0,Mass,0.39,1.653,408.845,2014,Transit,Kepler
K2-331 b,1.79,0.14,3.86,M-R relationship,,1.06,211.43,2021,Transit,K2
EPIC 228836835 b,1.1,0.3,1.37,M-R relationship,,0.32,150.124,2021,Transit,K2
K2-223 c,1.5,0.1,2.86,M-R relationship,0.0549,1.0,198.604,2018,Transit,K2
K2-32 c,3.134,0.123,8.1,Mass,0.13843,0.86,157.682,2016,Transit,K2
K2-32 d,3.484,0.112,6.7,Mass,0.18422,0.86,157.682,2016,Transit,K2
KIC 10068024 b,13.4,,635.656814,Msini,,1.574,721.105,2021,Orbital Brightness Modulation,Kepler
K2-350 b,1.54,0.15,2.99,M-R relationship,,1.04,489.368,2021,Transit,K2
K2-353 b,5.55,0.22,26.3,M-R relationship,,0.99,268.515,2021,Transit,K2
K2-137 b,0.64,0.1,158.915,Mass,0.0058,0.29,98.8765,2017,Transit,K2
EPIC 206042996 b,1.7,0.2,3.53,M-R relationship,,0.5,451.769,2019,Transit,K2
NGTS-15 b,12.32987877,1.12089807,238.68913366,Mass,0.0441,0.954,786.485,2021,Transit,Next-Generation Transit Survey (NGTS)
K2-354 b,1.56,0.08,3.05,M-R relationship,,0.41,91.722,2021,Transit,K2
K2-330 b,2.77,0.14,8.1,M-R relationship,,1.5,160.125,2021,Transit,K2
TOI-1333 b,15.647764,0.627704,753.2571,Mass,0.0626,1.925,200.492,2021,Transit,Transiting Exoplanet Survey Satellite (TESS)
HD 238090 b,2.52,,6.89,Msini,0.0932,0.57,15.2354,2020,Radial Velocity,Multiple Observatories
NGTS-18 b,13.56286665,2.01761653,129.99181846,Mass,0.0448,1.392,1096.19,2021,Transit,Next-Generation Transit Survey (NGTS)
HD 136352 b,1.664,0.043,4.72,Mass,0.0964,1.058,14.682,2019,Radial Velocity,La Silla Observatory
K2-336 b,1.22,0.09,1.98,M-R relationship,,0.8,239.289,2021,Transit,K2
GJ 414 A b,2.63,1.22,7.6,Msini,0.2324,0.68,11.8893,2021,Radial Velocity,W. M. Keck Observatory
BD+55 362 b,14.0,,228.83645304,Msini,0.78,0.896193,52.5697,2021,Radial Velocity,Haute-Provence Observatory
HD 136352 d,2.562,0.088,8.82,Mass,0.425,1.058,14.682,2019,Radial Velocity,La Silla Observatory
K2-337 b,2.62,0.19,7.37,M-R relationship,,1.32,421.636,2021,Transit,K2
K2-138 c,2.299,0.12,6.31,Mass,0.04461,0.863,202.585,2017,Transit,K2
KOI-1831 d,1.13,0.05,2.23,Mass,0.19924,0.835,501.574,2018,Transit,Kepler
K2-340 b,3.36,0.44,11.2,M-R relationship,,1.13,738.136,2021,Transit,K2
K2-138 d,2.39,0.104,7.92,Mass,0.05893,0.863,202.585,2017,Transit,K2
K2-138 e,3.39,0.156,12.97,Mass,0.0782,0.863,202.585,2017,Transit,K2
EPIC 212297394 c,2.27,0.19,5.77,M-R relationship,,0.8,418.395,2021,Transit,K2
K2-138 f,2.904,0.164,1.63,Mass,0.10447,0.863,202.585,2017,Transit,K2
K2-100 b,3.88,0.16,21.8,Mass,0.0301,1.24,188.959,2016,Transit,K2
TOI-2202 c,13.4,,117.27868218,Mass,0.15544,0.794,235.933,2021,Transit Timing Variations,Multiple Observatories
KMT-2019-BLG-1715L b,13.2,,813.64072192,Mass,3.32,,3860.0,2021,Microlensing,KMTNet
K2-349 b,1.38,0.1,2.48,M-R relationship,,0.49,453.567,2021,Transit,K2
K2-350 c,2.74,0.25,7.95,M-R relationship,,1.04,489.368,2016,Transit,K2
K2-351 b,2.54,0.25,6.99,M-R relationship,,1.05,694.734,2021,Transit,K2
GJ 740 b,1.53,,2.96,Msini,0.029,0.56,11.1017,2021,Radial Velocity,Multiple Observatories
HD 60292 b,12.7,,2065.895,Msini,1.5,27.0,315.211,2020,Radial Velocity,Bohyunsan Optical Astronomical Observatory
TOI-1749 b,1.39,0.21,57.0,Mass,0.0291,0.55,99.5561,2021,Transit,Transiting Exoplanet Survey Satellite (TESS)
TOI-1749 d,2.52,0.15,15.0,Mass,0.0707,0.55,99.5561,2021,Transit,Transiting Exoplanet Survey Satellite (TESS)
KMT-2018-BLG-1025L b,2.34,,6.059,Mass,1.305,,6705.0,2021,Microlensing,KMTNet
K2-185 b,1.15,0.07,1.6,M-R relationship,,0.94,268.357,2018,Transit,K2
EPIC 212587672 c,2.32,0.19,5.99,M-R relationship,,0.98,320.07,2021,Transit,K2
HD 221420 b,12.0,,7278.2705203,Mass,10.15,1.947,31.1415,2019,Radial Velocity,Anglo-Australian Telescope
K2-185 c,2.39,0.09,6.3,M-R relationship,,0.94,268.357,2018,Transit,K2
TOI-1201 b,2.415,0.091,6.28,Mass,0.0287,0.508,37.8871,2021,Transit,Transiting Exoplanet Survey Satellite (TESS)
HD 136925 b,13.9,,266.97586188,Msini,5.13,1.193078,47.874,2021,Radial Velocity,Multiple Observatories
HD 109286 b,13.2,,950.30693693,Msini,1.259,1.089,55.4156,2021,Radial Velocity,Haute-Provence Observatory
Kepler-1771 b,4.05537256,,15.5,M-R relationship,0.3815,0.934,565.752,2021,Transit,Kepler
Kepler-1786 b,3.16305828,,10.1,M-R relationship,0.35722,1.397,863.909,2021,Transit,Kepler
Kepler-1834 b,1.4593834,,2.73,M-R relationship,0.04911,0.788,500.395,2021,Transit,Kepler
TOI-559 b,12.22899794,0.31385146,1910.14872607,Mass,0.0723,1.233,233.266,2021,Transit,Transiting Exoplanet Survey Satellite (TESS)
Kepler-418 c,5.22108654,,23.7,M-R relationship,0.10632,1.081,1002.53,2021,Transit,Kepler
Kepler-1801 b,2.70926154,,7.8,M-R relationship,0.0915,0.981,839.332,2021,Transit,Kepler
Kepler-1838 b,1.66049425,,3.4,M-R relationship,0.11082,1.963,451.242,2021,Transit,Kepler
Kepler-1839 b,1.9493759,,4.46,M-R relationship,0.0583,0.939,1136.6,2021,Transit,Kepler
TOI-530 b,9.30345398,0.67253884,127.1313628,Mass,0.052,0.54,148.762,2021,Transit,Transiting Exoplanet Survey Satellite (TESS)
Kepler-1749 b,1.61301783,,3.23,M-R relationship,0.0956,0.553,268.2,2021,Transit,Kepler
Kepler-1841 b,1.48912557,,2.82,M-R relationship,0.1606,0.899,631.7,2021,Transit,Kepler
Kepler-1842 b,2.35388681,,6.14,M-R relationship,0.116,1.131,923.551,2021,Transit,Kepler
HAT-P-43 b,13.63,0.64,210.395,Mass,0.0444,1.08,528.825,2012,Transit,HATNet
Kepler-1742 b,2.1782413,,5.38,M-R relationship,0.2587,0.849,669.573,2021,Transit,Kepler
Kepler-1743 b,1.59887007,,3.18,M-R relationship,0.084,1.613,538.807,2021,Transit,Kepler
Kepler-1741 b,1.273,,2.16,M-R relationship,0.0296,0.424,270.739,2021,Transit,Kepler
Kepler-1810 b,3.91815325,,14.6,M-R relationship,0.4137,1.016,1009.87,2021,Transit,Kepler
Kepler-1812 b,2.3249424,,6.01,M-R relationship,0.0765,1.103,1409.19,2021,Transit,Kepler
Kepler-1845 b,2.43836702,,6.52,M-R relationship,0.0885,0.701,710.724,2021,Transit,Kepler
Kepler-1716 b,2.4247685,,6.46,M-R relationship,0.18836,0.684,195.439,2021,Transit,Kepler
K2-95 b,3.31,0.2,11.0,M-R relationship,0.0525,0.4,179.854,2016,Transit,K2
Kepler-1746 b,8.93504475,,59.1,M-R relationship,0.94082,1.286,979.541,2021,Transit,Kepler
Kepler-1745 b,1.92872921,,4.38,M-R relationship,0.0408,1.4,996.105,2021,Transit,Kepler
Kepler-1814 b,2.36961357,,6.21,M-R relationship,0.03765,0.823,726.346,2021,Transit,Kepler
Kepler-1813 b,1.413,,2.58,M-R relationship,0.0364,0.787,,2021,Transit,Kepler
Kepler-1815 b,2.7489262,,7.99,M-R relationship,0.0984,0.967,1006.63,2021,Transit,Kepler
Kepler-1856 b,1.73447868,,3.66,M-R relationship,0.0215,0.816,848.76,2021,Transit,Kepler
K2-101 b,2.0,0.14,4.66,M-R relationship,0.1124,0.76,188.33,2016,Transit,K2
Kepler-1669 c,1.90120972,,4.27,M-R relationship,0.0228,0.603,543.444,2021,Transit,Kepler
Kepler-1165 c,3.36093385,,11.2,M-R relationship,0.1969,1.076,1575.2,2021,Transit,Kepler
Kepler-1816 b,1.9679397,,4.53,M-R relationship,0.35647,0.706,437.823,2021,Transit,Kepler
Kepler-1847 b,2.74516914,,7.97,M-R relationship,0.0989,0.964,1693.86,2021,Transit,Kepler
K2-355 b,2.25,0.22,5.69,M-R relationship,0.0632,0.92,500.497,2021,Transit,K2
K2-356 b,2.29,0.15,5.86,M-R relationship,0.1599,0.86,355.54,2021,Transit,K2
Kepler-1757 b,2.94660251,,8.99,M-R relationship,0.1335,0.74,807.308,2021,Transit,Kepler
Kepler-1758 b,2.57059831,,7.13,M-R relationship,0.0919,1.616,1588.41,2021,Transit,Kepler
Kepler-1819 b,3.90351256,,14.5,M-R relationship,0.1337,1.071,1363.19,2021,Transit,Kepler
Kepler-1817 b,2.27349126,,5.79,M-R relationship,0.2348,0.915,748.569,2021,Transit,Kepler
K2-357 b,3.72,0.23,13.4,M-R relationship,0.145,1.0,517.687,2021,Transit,K2
K2-358 b,2.68,0.17,7.65,M-R relationship,0.0863,0.91,480.307,2021,Transit,K2
Kepler-1731 b,2.93295657,,8.92,M-R relationship,0.1399,0.72,169.948,2021,Transit,Kepler
Kepler-1762 b,2.76022913,,8.05,M-R relationship,0.204,1.238,1663.74,2021,Transit,Kepler
Kepler-1820 b,3.11883067,,9.9,M-R relationship,0.1964,0.931,1425.39,2021,Transit,Kepler
Kepler-1821 b,2.59248115,,7.24,M-R relationship,0.1244,0.884,799.699,2021,Transit,Kepler
Kepler-1788 b,2.37850461,,6.25,M-R relationship,0.0343,0.704,560.445,2021,Transit,Kepler
Kepler-1859 b,1.58313575,,3.13,M-R relationship,0.0394,1.235,1331.25,2021,Transit,Kepler
Kepler-1860 b,1.13863767,,1.55,M-R relationship,0.10625,0.868,438.703,2021,Transit,Kepler
K2-184 b,1.47,0.11,2.76,M-R relationship,0.1685,0.75,75.5857,2018,Transit,K2
Kepler-1712 b,2.28372556,,5.83,M-R relationship,0.0903,0.509,156.264,2021,Transit,Kepler
Kepler-1763 b,1.14651332,,1.59,M-R relationship,0.0257,1.259,756.486,2021,Transit,Kepler
Kepler-1764 b,4.55527871,,18.8,M-R relationship,0.3512,1.131,1542.48,2021,Transit,Kepler
Kepler-1790 b,3.1446145,,10.0,M-R relationship,0.20989,1.367,1070.17,2021,Transit,Kepler
Kepler-1791 b,3.12103321,,9.91,M-R relationship,0.0761,1.177,602.218,2021,Transit,Kepler
EPIC 220554210 c,1.6,0.1,3.19,M-R relationship,,1.0,496.289,2019,Transit,K2
K2-273 b,3.05,0.23,9.53,M-R relationship,0.0729,0.85,308.105,2018,Transit,K2
K2-104 b,1.79,0.1,3.86,M-R relationship,0.0242,0.48,189.289,2016,Transit,K2
Kepler-1792 b,2.51990972,,6.89,M-R relationship,0.0488,1.005,601.029,2021,Transit,Kepler
Kepler-1090 c,3.29265785,,10.9,M-R relationship,0.22622,1.013,858.77,2021,Transit,Kepler
EPIC 220492298 b,0.99,0.1,0.937,M-R relationship,,0.89,624.512,2021,Transit,K2
EPIC 206024342 c,1.4,0.5,2.54,M-R relationship,,1.1,369.888,2021,Transit,K2
Kepler-1760 b,2.28995546,,5.86,M-R relationship,0.2084,0.903,,2021,Transit,Kepler
Kepler-1777 b,2.13189678,,5.19,M-R relationship,0.10301,1.068,619.146,2021,Transit,Kepler
K2-275 c,2.21,0.08,5.52,M-R relationship,0.0881,0.69,123.438,2018,Transit,K2
K2-275 b,2.34,0.25,6.08,M-R relationship,0.0277,0.69,123.438,2018,Transit,K2
Kepler-1775 b,3.64762153,,12.9,M-R relationship,0.39565,1.647,657.023,2021,Transit,Kepler
Kepler-1797 b,3.05774442,,9.58,M-R relationship,0.1637,1.009,1338.49,2021,Transit,Kepler
Kepler-1798 b,2.30911251,,5.94,M-R relationship,0.1082,0.587,395.196,2021,Transit,Kepler
TIC 172900988 b,11.25,0.44,942.0,Mass,0.90281,1.3842,250.956,2021,Transit,Transiting Exoplanet Survey Satellite (TESS)
HD 93385 d,2.89,,8.7,Msini,0.2565,1.18484,43.3475,2021,Radial Velocity,La Silla Observatory
OGLE-2018-BLG-0567L b,12.3,,101.70509024,Mass,2.72,,7060.0,2021,Microlensing,OGLE
OGLE-2018-BLG-0962L b,13.6,,425.89006538,Mass,3.59,,6500.0,2021,Microlensing,OGLE
Kepler-487 d,2.77513568,,8.12,M-R relationship,0.03445,0.887,872.343,2021,Transit,Kepler
Kepler-1822 b,2.64755943,,7.5,M-R relationship,0.1416,0.702,897.597,2021,Transit,Kepler
Kepler-1823 b,2.0861268,,5.0,M-R relationship,0.15332,1.126,724.971,2021,Transit,Kepler
HD 96700 c,1.69,,3.5,Msini,0.141,1.16,25.4111,2021,Radial Velocity,La Silla Observatory
HD 96700 d,3.61,,12.7,Msini,0.424,1.16,25.4111,2021,Radial Velocity,La Silla Observatory
TOI-2257 b,2.194,0.113,5.45,M-R relationship,0.145,0.313,57.7911,2021,Transit,Transiting Exoplanet Survey Satellite (TESS)
Kepler-1769 b,4.465,,18.2,M-R relationship,0.40598,1.295,438.412,2021,Transit,Kepler
Kepler-1778 b,3.01665969,,9.36,M-R relationship,0.0956,1.095,1276.29,2021,Transit,Kepler
Kepler-1824 b,2.38127597,,6.26,M-R relationship,0.4267,1.081,1040.1,2021,Transit,Kepler
HD 189567 b,2.85,,8.5,Msini,0.111,1.04,17.9055,2021,Radial Velocity,La Silla Observatory
HD 189567 c,2.54,,7.0,Msini,0.197,1.04,17.9055,2021,Radial Velocity,La Silla Observatory
HD 137496 c,12.6,,2434.56559762,Msini,1.2163,1.59,155.317,2021,Radial Velocity,Multiple Observatories
Kepler-1782 b,2.22927435,,5.6,M-R relationship,0.05825,0.734,305.792,2021,Transit,Kepler
Kepler-1784 b,2.79936489,,8.24,M-R relationship,0.1072,0.974,883.045,2021,Transit,Kepler
Kepler-1828 b,2.11598626,,5.13,M-R relationship,0.0924,0.899,871.81,2021,Transit,Kepler
Kepler-1829 b,2.47887001,,6.71,M-R relationship,0.0559,0.777,679.921,2021,Transit,Kepler
Kepler-1776 b,2.61157023,,7.33,M-R relationship,0.2093,1.153,690.336,2021,Transit,Kepler
Kepler-1709 b,3.12424875,,9.93,M-R relationship,0.32704,1.043,273.946,2021,Transit,Kepler
Kepler-1833 b,1.30027362,,2.24,M-R relationship,0.07545,1.446,591.602,2021,Transit,Kepler
TOI-3362 b,12.80065596,0.48198617,1598.3590588,Mass,0.153,1.83,366.987,2021,Transit,Transiting Exoplanet Survey Satellite (TESS)
Kepler-1738 b,2.82472883,,8.37,M-R relationship,0.0781,1.001,1302.87,2021,Transit,Kepler
Kepler-1739 b,2.43056832,,6.48,M-R relationship,0.0697,0.762,783.666,2021,Transit,Kepler
Kepler-1924 b,2.65446572,,7.53,M-R relationship,0.1216,1.285,1910.77,2021,Transit,Kepler
Kepler-1925 b,3.00177922,,9.28,M-R relationship,0.2588,1.092,1771.31,2021,Transit,Kepler
HATS-76 b,12.09449018,0.3474784,835.570882,Mass,0.02658,0.6259,385.689,2021,Transit,HATSouth
Kepler-1130 d,0.64472273,,0.202,M-R relationship,0.05068,0.842,249.343,2021,Transit,Kepler
Kepler-1802 c,2.322,,6.0,M-R relationship,0.1748,0.637,636.694,2021,Transit,Kepler
Kepler-1942 b,2.1170287,,5.13,M-R relationship,0.0516,0.797,842.492,2021,Transit,Kepler
Kepler-1943 b,1.54869189,,3.02,M-R relationship,0.05975,0.973,1004.55,2021,Transit,Kepler
Kepler-1927 b,3.40627075,,11.5,M-R relationship,0.38733,2.481,1091.0,2021,Transit,Kepler
Kepler-1722 b,2.86719266,,8.58,M-R relationship,0.0819,0.788,772.283,2021,Transit,Kepler
HD 69123 b,13.1,,982.08977763,Mass,2.482,7.72,75.116,2022,Radial Velocity,La Silla Observatory
Kepler-1266 c,1.68023962,,3.46,M-R relationship,0.0506,0.831,849.312,2021,Transit,Kepler
Kepler-394 d,1.50066814,,2.86,M-R relationship,0.05904,1.101,1058.72,2021,Transit,Kepler
Kepler-1944 b,2.75971163,,8.05,M-R relationship,0.0918,0.972,1076.48,2021,Transit,Kepler
Kepler-1945 b,1.289,,2.21,M-R relationship,0.0597,0.804,,2021,Transit,Kepler
Kepler-1946 b,2.48812698,,6.75,M-R relationship,0.0394,0.873,1002.12,2021,Transit,Kepler
Kepler-1929 b,3.07250761,,9.65,M-R relationship,0.30883,1.471,508.201,2021,Transit,Kepler
Kepler-913 c,3.8580709,,14.2,M-R relationship,0.0699,1.797,991.618,2021,Transit,Kepler
Kepler-324 e,2.03862444,,235.014,Mass,0.10972,0.826,501.574,2021,Transit,Kepler
Kepler-1727 b,3.17321625,,10.2,M-R relationship,0.0796,0.82,894.187,2021,Transit,Kepler
Kepler-1931 b,2.65323514,,7.53,M-R relationship,0.23329,1.221,620.091,2021,Transit,Kepler
Kepler-1530 d,3.27870115,,10.8,M-R relationship,0.08276,1.303,489.876,2021,Transit,Kepler
Kepler-1932 b,1.51482218,,2.91,M-R relationship,0.0123,0.815,713.733,2021,Transit,Kepler
YZ Cet b,0.913,,0.7,Msini,0.01634,0.157,3.71207,2017,Radial Velocity,La Silla Observatory
YZ Cet c,1.05,,1.14,Msini,0.02156,0.157,3.71207,2017,Radial Velocity,La Silla Observatory
Kepler-281 d,5.93747806,,654.0,Mass,0.5456,0.884,1745.45,2021,Transit,Kepler
Kepler-495 c,1.21936414,,1.98,M-R relationship,0.0614,1.087,658.924,2021,Transit,Kepler
Kepler-501 c,1.68119739,,3.47,M-R relationship,0.0467,1.216,1125.24,2021,Transit,Kepler
Kepler-196 d,2.66065673,,7.56,M-R relationship,0.4545,0.77,451.312,2021,Transit,Kepler
Kepler-1950 b,1.52696349,,2.95,M-R relationship,0.0871,0.852,697.253,2021,Transit,Kepler
Kepler-1899 b,1.55098292,,3.02,M-R relationship,0.0457,0.742,711.509,2021,Transit,Kepler
Kepler-1869 b,1.11955354,,1.46,M-R relationship,0.07976,0.902,113.025,2021,Transit,Kepler
Kepler-1312 c,1.02732734,,1.07,M-R relationship,0.02103,0.905,299.104,2021,Transit,Kepler
Kepler-1952 b,1.23923346,,2.07,M-R relationship,0.1724,1.305,852.062,2021,Transit,Kepler
Kepler-1728 b,2.95501875,,9.04,M-R relationship,0.0535,0.807,651.783,2021,Transit,Kepler
Kepler-1926 b,2.31495961,,5.97,M-R relationship,0.2197,0.832,667.405,2021,Transit,Kepler
Kepler-1729 b,3.89404186,,14.4,M-R relationship,0.0418,0.517,576.181,2021,Transit,Kepler
Kepler-1972 b,0.802,0.042,2.02,Mass,0.08006,1.384,287.339,2022,Transit,Kepler
Kepler-1321 d,2.62843782,,7.41,M-R relationship,0.0501,0.503,769.146,2021,Transit,Kepler
Kepler-1600 c,1.94206512,,4.43,M-R relationship,0.06961,0.834,1030.81,2021,Transit,Kepler
Kepler-1954 b,1.80235934,,3.9,M-R relationship,0.0625,0.849,1373.83,2021,Transit,Kepler
Kepler-1730 b,4.48524519,,18.4,M-R relationship,0.1131,1.142,1427.08,2021,Transit,Kepler
Kepler-1721 b,3.11856756,,9.9,M-R relationship,0.0519,0.796,641.374,2021,Transit,Kepler
Kepler-1887 b,2.92454357,,8.88,M-R relationship,0.1421,0.864,1366.18,2021,Transit,Kepler
Kepler-1958 b,2.05124311,,4.86,M-R relationship,0.0856,0.864,1320.38,2021,Transit,Kepler
Kepler-1726 b,2.50861954,,6.84,M-R relationship,0.12794,0.804,390.552,2021,Transit,Kepler
Kepler-1723 b,2.88046569,,8.65,M-R relationship,0.2249,1.01,811.278,2021,Transit,Kepler
Kepler-1705 b,2.03,0.12,4.47,Mass,0.08,1.259,1633.49,2021,Transit,Kepler
OGLE-2019-BLG-0960L b,1.39,,2.5,Mass,1.9,,980.0,2021,Microlensing,OGLE
Kepler-1890 b,0.86867375,,0.587,M-R relationship,0.05712,1.396,529.596,2021,Transit,Kepler
Kepler-1892 b,1.83707938,,4.03,M-R relationship,0.0633,0.759,851.595,2021,Transit,Kepler
Kepler-1959 b,1.14315727,,1.57,M-R relationship,0.0617,0.811,479.263,2021,Transit,Kepler
Kepler-1960 b,1.30749704,,2.26,M-R relationship,0.0354,1.072,1527.56,2021,Transit,Kepler
Kepler-457 d,2.98467257,,9.19,M-R relationship,0.0996,1.242,1072.3,2021,Transit,Kepler
Kepler-633 c,2.296,,5.89,M-R relationship,0.16246,1.265,680.54,2021,Transit,Kepler
Kepler-1861 b,2.20677414,,5.5,M-R relationship,0.24082,1.373,829.985,2021,Transit,Kepler
Kepler-1863 b,2.26309256,,5.74,M-R relationship,0.23678,0.983,865.546,2021,Transit,Kepler
Kepler-1895 b,2.11934728,,5.14,M-R relationship,0.0615,0.763,984.187,2021,Transit,Kepler
Kepler-1911 b,1.011,,1.01,M-R relationship,0.0636,0.972,269.912,2021,Transit,Kepler
Kepler-1865 b,1.57686072,,3.11,M-R relationship,0.0344,0.871,922.255,2021,Transit,Kepler
Kepler-1866 b,2.08215108,,4.99,M-R relationship,0.1016,1.083,976.737,2021,Transit,Kepler
Kepler-1897 b,2.81407954,,8.32,M-R relationship,0.1546,0.761,983.174,2021,Transit,Kepler
Kepler-1896 b,3.09935997,,9.8,M-R relationship,0.2529,0.996,1732.91,2021,Transit,Kepler
Kepler-1967 b,0.73022577,,0.315,M-R relationship,0.06686,1.806,249.102,2021,Transit,Kepler
b Cen AB b,12.4,,3464.3296363,Mass,556.0,,98.0935,2021,Imaging,Paranal Observatory
OGLE-2018-BLG-0532L b,2.37,,6.228,Mass,1.064,,773.0,2020,Microlensing,OGLE
Kepler-1867 b,1.15985997,,1.65,M-R relationship,0.0872,0.816,680.583,2021,Transit,Kepler
Kepler-1868 b,3.14950109,,10.1,M-R relationship,0.62348,0.686,274.18,2021,Transit,Kepler
Kepler-1903 b,2.28642395,,5.85,M-R relationship,0.1321,0.996,1775.44,2021,Transit,Kepler
Kepler-1969 b,1.68161001,,3.47,M-R relationship,0.0717,1.007,1204.54,2021,Transit,Kepler
Kepler-1968 b,1.50004034,,2.86,M-R relationship,0.0696,0.788,750.93,2021,Transit,Kepler
Kepler-1871 b,2.42172881,,6.44,M-R relationship,0.0308,0.946,854.623,2021,Transit,Kepler
Kepler-1872 b,2.38421141,,6.28,M-R relationship,0.0465,0.885,840.182,2021,Transit,Kepler
Kepler-1906 b,2.77615754,,8.13,M-R relationship,0.0738,0.894,1360.63,2021,Transit,Kepler
Kepler-1907 b,0.86973029,,0.589,M-R relationship,0.05444,0.8,292.111,2021,Transit,Kepler
Kepler-1913 b,1.51852059,,2.92,M-R relationship,0.1209,1.076,876.3,2021,Transit,Kepler
HD 79181 b,14.1,,203.41018048,Msini,0.9,11.06,103.335,2021,Radial Velocity,Okayama Astrophysical Observatory
HD 10975 b,14.3,,143.02278315,Msini,0.95,11.16,116.506,2021,Radial Velocity,Okayama Astrophysical Observatory
HD 99283 b,13.8,,308.29355479,Msini,1.08,11.21,111.093,2021,Radial Velocity,Okayama Astrophysical Observatory
Kepler-1873 b,1.62573811,,3.28,M-R relationship,0.0128,0.792,820.957,2021,Transit,Kepler
Kepler-1874 b,2.21110724,,5.52,M-R relationship,0.2633,0.775,408.007,2021,Transit,Kepler
Kepler-1909 b,1.09217411,,1.33,M-R relationship,0.0306,0.685,763.662,2021,Transit,Kepler
Kepler-1717 b,2.98929758,,9.21,M-R relationship,0.2014,1.64,1008.79,2021,Transit,Kepler
Kepler-1917 b,1.88971288,,4.23,M-R relationship,0.103,0.788,909.037,2021,Transit,Kepler
Kepler-1918 b,2.29763023,,5.89,M-R relationship,0.2524,0.924,1030.11,2021,Transit,Kepler
ups Leo b,14.2,,162.09248757,Msini,1.18,11.22,52.5973,2021,Radial Velocity,Okayama Astrophysical Observatory
HD 219139 b,14.0,,247.90615746,Msini,0.94,11.22,104.935,2021,Radial Velocity,Okayama Astrophysical Observatory
Kepler-616 d,2.653,,7.52,M-R relationship,0.2749,0.977,945.775,2021,Transit,Kepler
Kepler-534 c,1.227,,2.02,M-R relationship,0.0761,0.965,570.659,2021,Transit,Kepler
Kepler-1919 b,2.62390658,,7.38,M-R relationship,0.2107,0.818,1177.53,2021,Transit,Kepler
Kepler-1488 c,1.65156749,,3.37,M-R relationship,0.06959,1.524,905.825,2021,Transit,Kepler
gam Psc b,13.6,,425.89006538,Msini,1.32,11.2,41.3107,2021,Radial Velocity,Okayama Astrophysical Observatory
HIP 34222 b,13.9,,263.79757781,Msini,0.492,0.6186,22.8386,2021,Radial Velocity,Cerro Tololo Inter-American Observatory
Kepler-1881 b,2.98104391,,9.17,M-R relationship,0.53325,0.874,1057.21,2021,Transit,Kepler
Kepler-1879 b,2.06512018,,4.92,M-R relationship,0.0957,1.388,627.171,2021,Transit,Kepler
Kepler-1934 b,0.91307734,,0.702,M-R relationship,0.02466,1.035,428.514,2021,Transit,Kepler
Kepler-1935 b,2.50271696,,6.82,M-R relationship,0.0463,0.899,904.702,2021,Transit,Kepler
Kepler-1921 b,2.89459458,,8.72,M-R relationship,0.15865,2.0,928.989,2021,Transit,Kepler
HIP 86221 b,14.0,,225.65816897,Msini,0.031,,29.4898,2021,Radial Velocity,Cerro Tololo Inter-American Observatory
Kepler-1883 b,3.25107395,,10.6,M-R relationship,0.4438,1.024,1377.61,2021,Transit,Kepler
Kepler-1938 b,1.82828927,,4.0,M-R relationship,0.0938,0.655,421.152,2021,Transit,Kepler
TOI-1268 b,9.1,0.6,96.4,Mass,0.0711,0.92,109.557,2022,Transit,Transiting Exoplanet Survey Satellite (TESS)
K2-25 b,3.44,0.12,24.5,Mass,0.0287,0.2932,44.9565,2015,Transit,K2
TOI-2136 b,2.19,0.17,6.37,Mass,0.057,0.34,33.3631,2022,Transit,Transiting Exoplanet Survey Satellite (TESS)
K2-382 b,2.072,0.152,4.95,M-R relationship,,0.811,278.412,2022,Transit,K2
K2-376 b,1.736,0.125,3.66,M-R relationship,,1.149,161.61,2022,Transit,K2
iot Dra b,12.4,,3756.73177074,Msini,1.453,11.79,31.32832,2002,Radial Velocity,Lick Observatory
CoRoT-35 b,18.83108758,1.23298788,349.6112477,Mass,0.0429,1.65,1123.21,2022,Transit,CoRoT
CoRoT-36 b,15.80466279,1.5692573,216.12331676,Mass,0.066,1.52,925.958,2022,Transit,CoRoT
K2-383 b,1.564,0.118,3.07,M-R relationship,,0.804,203.788,2022,Transit,K2
K2-366 b,2.359,0.187,6.16,M-R relationship,,0.94,185.947,2022,Transit,K2
iot Dra c,12.2,,4958.1231492,Msini,19.4,11.79,31.32832,2021,Radial Velocity,La Silla Observatory
K2-373 b,2.061,0.147,4.9,M-R relationship,,1.486,229.567,2022,Transit,K2
K2-367 b,2.413,0.225,6.41,M-R relationship,,0.625,176.965,2022,Transit,K2
HD 160691 c,,,1398.4449908,Mass,4.17,1.33,15.5981,2004,Radial Velocity,Anglo-Australian Telescope
HD 160691 d,3.23,,10.49,Msini,0.0952,1.33,15.5981,2004,Radial Velocity,La Silla Observatory
K2-384 f,2.222,0.091,5.57,M-R relationship,,0.348,82.6603,2022,Transit,K2
K2-369 b,1.313,0.101,2.28,M-R relationship,,0.881,185.55,2022,Transit,K2
TOI-620 b,3.76,0.15,13.6,M-R relationship,0.04825,0.55,33.0231,2022,Transit,Transiting Exoplanet Survey Satellite (TESS)
AB Aur b,12.5,,2860.455663,Mass,93.9,2.95887,162.127,2022,Imaging,Subaru Telescope
HD 33142 b,13.7,,400.46379282,Msini,1.074,4.17,121.375,2011,Radial Velocity,W. M. Keck Observatory
K2-384 e,1.345,0.139,2.37,M-R relationship,,0.348,82.6603,2022,Transit,K2
K2-371 b,13.024,0.921,,Msini,,0.736,442.813,2022,Transit,K2
K2-372 b,2.945,0.077,8.98,M-R relationship,,0.922,463.88,2022,Transit,K2
TYC 2187-512-1 b,12.5,,104.88337431,Msini,1.22,0.495,15.4744,2022,Radial Velocity,Calar Alto Observatory
TOI-1246 b,3.01,0.06,8.1,Mass,0.049,0.86,169.422,2022,Transit,Transiting Exoplanet Survey Satellite (TESS)
HD 160691 e,,,2224.798849,Mass,0.96,1.33,15.5981,2006,Radial Velocity,La Silla Observatory
K2-393 b,2.352,0.175,6.13,M-R relationship,,1.071,265.914,2022,Transit,K2
K2-375 b,2.243,0.186,5.66,M-R relationship,,1.543,696.1,2022,Transit,K2
HIP 94235 b,3.0,0.32,379.0,Mass,0.0787,1.08,58.5146,2022,Transit,Transiting Exoplanet Survey Satellite (TESS)
KOI-984 c,14.1,,209.8,Mass,0.1467,0.818,252.667,2022,Transit Timing Variations,Kepler
TOI-2081 b,2.04,0.5,4.82,M-R relationship,0.0752,0.534,62.3446,2022,Transit,Transiting Exoplanet Survey Satellite (TESS)
K2-389 c,2.04,0.151,4.82,M-R relationship,,1.084,259.208,2022,Transit,K2
K2-390 b,4.662,0.313,19.6,M-R relationship,,0.966,456.122,2022,Transit,K2
HD 73583 b,2.79,0.1,10.2,Mass,0.0604,0.65,31.5666,2022,Transit,Transiting Exoplanet Survey Satellite (TESS)
HD 103891 b,13.2,,918.52409623,Mass,3.27,2.22,55.5213,2022,Radial Velocity,La Silla Observatory
HD 105779 b,14.1,,203.41018048,Msini,3.38,0.94,55.2411,2022,Radial Velocity,La Silla Observatory
HD 33142 d,9.32,,63.5656814,Msini,0.452,4.17,121.375,2022,Radial Velocity,Multiple Observatories
HD 19615 b,12.6,,2701.5414595,Msini,1.1,32.3,265.155,2022,Radial Velocity,Bohyunsan Optical Astronomical Observatory
K2-391 b,1.371,0.284,2.45,M-R relationship,,0.566,507.94,2022,Transit,K2
HD 73583 c,2.39,0.1,9.7,Mass,0.1242,0.65,31.5666,2022,Transit,Transiting Exoplanet Survey Satellite (TESS)
GJ 411 b,1.45,,2.69,Msini,0.07879,0.3685,5.675773,2019,Radial Velocity,Haute-Provence Observatory
TOI-1064 c,2.651,0.043,2.5,Mass,0.09429,0.726,68.0726,2022,Transit,Transiting Exoplanet Survey Satellite (TESS)
K2-316 b,1.33,0.1,2.33,M-R relationship,0.0147,0.379,112.486,2020,Transit,K2
HD 95735 c,3.76,,13.6,Msini,2.94,0.3685,5.675773,2021,Radial Velocity,Multiple Observatories
TOI-2669 b,19.72780603,1.79343691,193.87532827,Mass,,4.1,393.443,2022,Transit,Transiting Exoplanet Survey Satellite (TESS)
TOI-4329 b,16.81347105,2.12970633,143.02278315,Mass,,2.31,717.128,2022,Transit,Transiting Exoplanet Survey Satellite (TESS)
K2-397 b,2.417,0.187,6.42,M-R relationship,,0.966,199.354,2022,Transit,K2
K2-316 c,1.83,0.13,4.01,M-R relationship,0.0582,0.379,112.486,2020,Transit,K2
TOI-2046 b,16.14093221,1.23298788,731.0053361,Mass,,1.21,289.668,2022,Transit,Transiting Exoplanet Survey Satellite (TESS)
Kepler-1656 c,14.0,,126.4,Mass,3.053,1.1,185.875,2022,Radial Velocity,W. M. Keck Observatory
TOI-206 b,1.3,0.05,2.24,M-R relationship,0.0112,0.35,47.7465,2022,Transit,Transiting Exoplanet Survey Satellite (TESS)
K2-398 c,5.098,0.154,22.8,M-R relationship,,1.239,606.992,2022,Transit,K2
K2-319 b,2.79,0.11,8.2,M-R relationship,0.1516,0.898,209.071,2020,Transit,K2
mu2 Sco b,12.3,,4576.7290608,Mass,242.4,5.6,,2022,Imaging,Paranal Observatory
TOI-1693 b,1.41,0.1,2.57,M-R relationship,0.0226,0.46,30.7947,2022,Transit,Transiting Exoplanet Survey Satellite (TESS)
K2-402 b,2.678,0.213,7.65,M-R relationship,,1.28,523.055,2022,Transit,K2
K2-323 b,2.1,0.09,5.06,M-R relationship,0.1275,0.549,118.318,2020,Transit,K2
HD 81040 b,12.6,,2301.07766668,Mass,1.946,0.91,34.4341,2005,Radial Velocity,Multiple Observatories
HD 171238 b,12.5,,2796.8899816,Mass,2.518,1.01,44.8113,2009,Radial Velocity,La Silla Observatory
HD 87883 b,12.7,,2005.49724817,Mass,3.77,0.798557,18.2912,2009,Radial Velocity,Lick Observatory
TOI-2411 b,1.68,0.11,3.46,M-R relationship,0.0144,0.68,59.5362,2022,Transit,Transiting Exoplanet Survey Satellite (TESS)
TOI-2427 b,1.8,0.12,3.89,M-R relationship,0.0202,0.65,28.5147,2022,Transit,Transiting Exoplanet Survey Satellite (TESS)
K2-404 b,2.53,0.084,6.94,M-R relationship,,0.552,121.63,2022,Transit,K2
K2-325 b,2.2,0.14,5.48,M-R relationship,0.0419,0.298,111.638,2020,Transit,K2
HD 106515 A b,12.1,,6006.9568923,Mass,4.48,0.91,34.0915,2012,Radial Velocity,La Silla Observatory
KMT-2017-BLG-2509L b,13.4,,664.26137063,Mass,2.14,,7040.0,2021,Microlensing,KMTNet
K2-406 b,4.602,0.311,19.2,M-R relationship,,0.961,85.3751,2022,Transit,K2
K2-326 b,2.28,0.18,5.82,M-R relationship,0.0198,0.688,282.308,2020,Transit,K2
TOI-5153 b,11.88151954,0.44835923,1036.12060682,Mass,0.158,1.4,390.484,2022,Transit,Transiting Exoplanet Survey Satellite (TESS)
NGTS-20 b,11.99360935,0.44835923,947.12865286,Mass,0.313,1.78,382.898,2022,Transit,Transiting Exoplanet Survey Satellite (TESS)
HD 29021 b,12.9,,1420.69297929,Mass,2.294,0.85,30.9939,2017,Radial Velocity,Haute-Provence Observatory
KMT-2021-BLG-0912L b,1.49,,2.81,Mass,3.14,,5560.0,2022,Microlensing,KMTNet
K2-407 c,1.36,0.096,2.42,M-R relationship,,0.927,218.376,2022,Transit,K2
K2-199 b,1.73,0.05,6.9,Mass,0.0382,0.682,107.518,2018,Transit,K2
Ross 508 b,1.83,,4.0,Msini,0.05366,0.2113,11.2103,2022,Radial Velocity,Subaru Telescope
K2-387 b,7.322,0.268,42.2,M-R relationship,,0.585,266.318,2022,Transit,K2
K2-374 b,1.593,0.061,3.16,M-R relationship,,0.907,359.439,2022,Transit,K2
HD 136118 b,12.3,,4164.18778851,Mass,2.327,1.67754,51.4359,2022,Radial Velocity,Multiple Observatories
HD 140901 b,4.07,,15.57359194,Msini,0.085,0.95,15.2528,2022,Radial Velocity,Multiple Observatories
HD 93351 c,12.3,,4154.01727949,Mass,11.154,0.911435,56.163,2022,Radial Velocity,Multiple Observatories
GJ 2030 b,2.03,,4.76742611,Msini,0.034,2.24104,37.0788,2022,Radial Velocity,Multiple Observatories
TOI-2570 b,13.64132951,0.39231432,260.61929374,Mass,0.04145,1.095,361.857,2022,Transit,Transiting Exoplanet Survey Satellite (TESS)
HD 113337 b,13.1,,1035.80277841,Msini,1.022,1.5,36.18,2013,Radial Velocity,Haute-Provence Observatory
HIP 97233 b,12.1,,6098.17364511,Mass,2.491,5.34,102.275,2014,Radial Velocity,Multiple Observatories
HD 144899 b,4.77,,20.34101805,Msini,0.242,1.64802,115.665,2022,Radial Velocity,Multiple Observatories
HD 142 A d,10.9,,82.63538582,Msini,0.474,1.47,26.1853,2022,Radial Velocity,Multiple Observatories
GJ 2030 c,12.3,,4069.15709482,Mass,16.761,2.24104,37.0788,2022,Radial Velocity,Multiple Observatories
GJ 3222 b,3.4,,11.44182265,Msini,0.091,0.931389,18.23817,2022,Radial Velocity,Multiple Observatories
GJ 680 b,12.0,,7977.4930157,Mass,10.138,0.45933,9.67315,2022,Radial Velocity,Multiple Observatories
TOI-3540 A b,23.53885947,,375.03752026,Mass,0.04289,1.228,,2022,Transit,Transiting Exoplanet Survey Satellite (TESS)
TOI-3331 A b,12.97999965,0.48198617,721.47048389,Mass,0.03144,0.952,217.193,2022,Transit,Transiting Exoplanet Survey Satellite (TESS)
TOI-3693 b,12.59889431,0.32506044,324.18497514,Mass,0.0813,0.791,176.436,2022,Transit,Transiting Exoplanet Survey Satellite (TESS)
HD 145934 b,13.4,,658.5404593,Mass,4.89,6.930587,227.881,2015,Radial Velocity,W. M. Keck Observatory
HD 151450 b,6.94,,38.45723725,Msini,0.16,1.17184,43.6002,2022,Radial Velocity,Multiple Observatories
HD 149806 b,12.3,,4003.68444298,Mass,12.404,0.89,20.2727,2022,Radial Velocity,Multiple Observatories
HD 151450 c,12.8,,1636.18063924,Mass,14.131,1.17184,43.6002,2022,Radial Velocity,Multiple Observatories
HD 115404 A b,6.09,,30.82935548,Msini,0.088,0.727007,10.9816,2022,Radial Velocity,Multiple Observatories
TOI-2196 b,3.51,0.15,26.0,Mass,0.02234,1.043,259.947,2022,Transit,Transiting Exoplanet Survey Satellite (TESS)
HD 191806 b,12.5,,2966.61035094,Mass,2.749,1.40223,65.6668,2016,Radial Velocity,Haute-Provence Observatory
HD 153557 c,4.36,,17.48056238,Msini,0.111,0.745171,17.9412,2022,Radial Velocity,Multiple Observatories
HD 153557 d,11.9,,8725.66108578,Mass,21.449,0.745171,17.9412,2022,Radial Velocity,Multiple Observatories
HD 12235 c,12.5,,3135.69506346,Mass,22.21,1.80185,31.7627,2022,Radial Velocity,Multiple Observatories
HD 56414 b,3.71,0.2,13.3,M-R relationship,0.229,1.751,272.217,2022,Transit,Transiting Exoplanet Survey Satellite (TESS)
GJ 896 A b,13.3,,718.29219982,Mass,0.63965,0.394682,6.26022,2022,Astrometry,Very Long Baseline Array
GJ 676 A c,12.3,,4288.14086724,Mass,9.726,0.69,16.0272,2016,Radial Velocity,Paranal Observatory
HD 219828 c,12.2,,5102.41724598,Mass,5.657,1.56,73.114,2016,Radial Velocity,Multiple Facilities
HD 72892 b,12.8,,1737.88572948,Msini,0.228,1.22,69.7311,2016,Radial Velocity,Multiple Observatories
HD 155918 b,2.67,,7.62788177,Msini,0.03,1.01906,27.561,2022,Radial Velocity,Multiple Observatories
TOI-2048 b,2.61,0.17,7.32,M-R relationship,,0.79,116.567,2022,Transit,Transiting Exoplanet Survey Satellite (TESS)
HD 111232 b,12.6,,2531.50326176,Mass,2.148,0.9,28.9571,2003,Radial Velocity,La Silla Observatory
HD 10697 b,12.8,,1825.2885414,Mass,2.051,1.863076,33.1205,1999,Radial Velocity,W. M. Keck Observatory
HD 125612 b,13.2,,945.22168242,Msini,1.349,1.07,57.6207,2007,Radial Velocity,W. M. Keck Observatory
HIP 67537 b,12.3,,4309.11754211,Mass,4.807,8.69,116.046,2017,Radial Velocity,Multiple Observatories
HD 156098 c,12.8,,1661.6069118,Mass,8.415,2.75716,48.249,2022,Radial Velocity,Multiple Observatories
HD 156098 b,4.12,,15.89142035,Msini,0.167,2.75716,48.249,2022,Radial Velocity,Multiple Observatories
HD 168863 b,12.7,,2154.87659946,Mass,10.961,0.777826,39.8979,2022,Radial Velocity,Multiple Observatories
HIP 19976 b,4.94,,21.61233168,Msini,0.234,0.772319,40.2707,2022,Radial Velocity,Multiple Observatories
HD 203387 c,12.6,,2378.9456264,Mass,5.067,10.5852,61.7477,2022,Radial Velocity,Multiple Observatories
HIP 35965 b,12.6,,2589.98368864,Mass,15.898,0.697551,50.1677,2022,Radial Velocity,Multiple Observatories
HD 125612 c,4.07,,15.57359194,Msini,0.051,1.07,57.6207,2009,Radial Velocity,La Silla Observatory
HD 125612 d,12.7,,2281.37230545,Mass,3.982,1.07,57.6207,2009,Radial Velocity,La Silla Observatory
HD 156279 c,12.5,,3098.82696825,Mass,5.486,0.95,36.1945,2016,Radial Velocity,W. M. Keck Observatory
HD 27894 d,12.7,,2063.65984665,Mass,5.362,0.891767,43.8214,2017,Radial Velocity,La Silla Observatory
HD 181234 b,12.5,,2980.91262925,Mass,7.427,1.059423,47.7458,2019,Radial Velocity,La Silla Observatory
HD 18143 b,3.28,,10.80616584,Msini,0.088,0.87,22.5243,2022,Radial Velocity,Multiple Observatories
HIP 948 b,12.1,,6547.2651842,Mass,15.037,0.688488,34.8523,2022,Radial Velocity,Multiple Observatories
HD 139357 b,12.1,,6315.5682755,Mass,2.949,11.47,112.09,2008,Radial Velocity,Thueringer Landessternwarte Tautenburg
HD 25015 b,12.5,,2884.92845034,Mass,6.248,0.83,37.433,2019,Radial Velocity,La Silla Observatory
HD 188641 b,11.9,,9333.03117155,Mass,12.027,1.94492,64.3399,2022,Radial Velocity,Multiple Observatories
HD 168443 b,12.6,,2424.3950886,Msini,0.292,1.711479,39.6245,1998,Radial Velocity,W. M. Keck Observatory
HD 156279 b,12.5,,2997.75753482,Msini,0.502,0.95,36.1945,2011,Radial Velocity,Haute-Provence Observatory
HD 168443 c,12.2,,5500.33841154,Mass,2.842,1.711479,39.6245,2000,Radial Velocity,W. M. Keck Observatory
GJ 229 A c,2.87,,8.58136699,Msini,0.384,0.46,5.75624,2020,Radial Velocity,Multiple Facilities
HD 81817 b,12.0,,7668.5638041,Mass,3.233,83.8,269.126,2020,Radial Velocity,Bohyunsan Optical Astronomical Observatory
HD 204313 e,12.2,,4868.17771002,Mass,7.457,1.1,47.7945,2022,Radial Velocity,Multiple Observatories
HD 169830 c,12.6,,2437.42605328,Mass,3.075,1.935709,37.6048,2003,Radial Velocity,La Silla Observatory
HIP 56640 b,12.7,,2151.69831539,Mass,4.55,4.93,122.324,2021,Radial Velocity,Multiple Observatories
HD 213519 b,2.99,,9.2170238,Msini,0.099,1.08287,41.0014,2022,Radial Velocity,Multiple Observatories
HD 217786 c,2.61,,7.31005336,Msini,0.038,1.27,55.4847,2022,Radial Velocity,Multiple Observatories
TOI-3629 b,8.29464572,0.22417961,82.63538582,Mass,0.043,0.6,130.091,2022,Transit,Transiting Exoplanet Survey Satellite (TESS)
HD 183263 c,12.5,,2958.98246917,Mass,5.585,1.23,54.1955,2008,Radial Velocity,W. M. Keck Observatory
HD 66428 c,13.5,,560.64930995,Mass,9.408,1.13,53.2817,2021,Radial Velocity,Multiple Observatories
HD 80869 b,12.8,,1609.80088146,Mass,2.905,1.062,85.3951,2021,Radial Velocity,Haute-Provence Observatory
HD 25912 b,6.9,,38.13940884,Msini,0.242,0.995896,49.1661,2022,Radial Velocity,Multiple Observatories
HD 217958 b,14.2,,166.54208527,Mass,3.758,1.32619,61.7957,2022,Radial Velocity,Multiple Observatories
HD 25912 c,12.2,,5252.75008249,Mass,17.848,0.995896,49.1661,2022,Radial Velocity,Multiple Observatories
HD 109988 b,12.1,,6935.33366915,Mass,12.518,0.869694,42.5279,2022,Radial Velocity,Multiple Observatories
HD 28192 b,12.2,,99.7981198,Msini,0.118,1.07094,49.8063,2022,Radial Velocity,Multiple Observatories
HD 43197 c,12.6,,2500.67390628,Mass,8.54,1.0,62.4112,2022,Radial Velocity,Multiple Observatories
HD 38529 b,14.1,,206.58846455,Msini,0.115,2.857838,42.3538,2000,Radial Velocity,Multiple Observatories
HD 38529 c,12.5,,3299.05886466,Mass,3.226,2.857838,42.3538,2000,Radial Velocity,Multiple Observatories
HD 110537 b,11.9,,8612.83200129,Mass,16.714,1.16626,45.0858,2022,Radial Velocity,Multiple Observatories
HD 56957 b,12.8,,1880.90851263,Mass,6.426,1.77793,61.4925,2022,Radial Velocity,Multiple Observatories
HD 62364 c,12.0,,7923.46218651,Mass,36.984,1.401,53.112,2022,Radial Velocity,Multiple Observatories
TOI-712 c,2.701,0.092,7.76,M-R relationship,0.2447,0.674,58.6212,2022,Transit,Transiting Exoplanet Survey Satellite (TESS)
TOI-712 d,2.474,0.09,6.68,M-R relationship,0.3405,0.674,58.6212,2022,Transit,Transiting Exoplanet Survey Satellite (TESS)
HD 43197 b,14.2,,175.75910907,Msini,0.882,1.0,62.4112,2010,Radial Velocity,La Silla Observatory
HD 4113 b,13.5,,541.26177712,Msini,1.28,1.077514,41.8727,2007,Radial Velocity,La Silla Observatory
HD 111232 c,12.2,,5740.93451564,Mass,17.25,0.9,28.9571,2022,Radial Velocity,Multiple Observatories
HD 62549 b,12.6,,2707.58019923,Mass,11.842,1.23227,49.3305,2022,Radial Velocity,Multiple Observatories
TOI-1452 b,1.672,0.071,4.82,Mass,0.061,0.275,30.5212,2022,Transit,Transiting Exoplanet Survey Satellite (TESS)
KMT-2021-BLG-0171L b,3.35,,11.2,Mass,3.5,,4600.0,2022,Microlensing,KMTNet
HD 73267 b,13.0,,1321.53051631,Mass,2.229,0.909,50.4093,2008,Radial Velocity,La Silla Observatory
HD 11505 b,12.6,,2510.52658689,Mass,20.247,1.19568,38.9679,2022,Radial Velocity,Multiple Observatories
HD 80913 b,12.0,,7505.2000029,Mass,9.95,1.6542,61.3603,2022,Radial Velocity,Multiple Observatories
HD 81817 c,12.0,,7185.78245386,Msini,2.325,83.8,269.126,2022,Radial Velocity,Multiple Observatories
TOI-2207 b,11.1529358,0.31385146,203.41018048,Mass,0.0854,1.564,373.345,2022,Transit,Transiting Exoplanet Survey Satellite (TESS)
HD 86264 b,12.5,,3117.26101586,Mass,2.763,1.88,67.8107,2009,Radial Velocity,Lick Observatory
HD 7449 b,12.6,,2597.92939882,Mass,2.438,0.97,38.662,2011,Radial Velocity,La Silla Observatory
HD 8673 b,12.3,,4210.59073594,Mass,2.97,1.50225,37.8619,2009,Radial Velocity,Thueringer Landessternwarte Tautenburg
HD 127506 b,5.67,,27.333243,Msini,0.287,0.735766,22.5279,2022,Radial Velocity,Multiple Observatories
HD 135872 b,12.8,,1744.56012602,Mass,4.172,3.93038,82.4251,2022,Radial Velocity,Multiple Observatories
HD 86065 b,12.5,,2877.30056857,Mass,15.947,0.780347,40.3661,2022,Radial Velocity,Multiple Observatories
HD 88072 b,12.6,,2511.79790052,Mass,13.895,1.032,35.9098,2022,Radial Velocity,Multiple Observatories
HD 93351 b,1.69,,3.49611248,Msini,0.035,0.911435,56.163,2022,Radial Velocity,Multiple Observatories
TOI-2421 b,10.36830715,0.39231432,105.83685953,Mass,0.0543,1.75,327.927,2022,Transit,Transiting Exoplanet Survey Satellite (TESS)
HD 142 c,12.4,,3464.64746471,Mass,9.811,1.47,26.1853,2012,Radial Velocity,Anglo-Australian Telescope
TOI-2583 A b,14.4595851,0.44835923,79.45710175,Mass,0.0571,1.477,566.189,2023,Transit,Transiting Exoplanet Survey Satellite (TESS)
OGLE-2018-BLG-1119L b,13.9,,289.22385037,Mass,4.06,,5760.0,2022,Microlensing,OGLE
KMT-2021-BLG-1554L b,6.9,,38.13940884,Mass,0.72,,7680.0,2022,Microlensing,KMTNet
TOI-2796 b,17.26183028,,139.84449908,Mass,0.0569,1.069,350.343,2023,Transit,Transiting Exoplanet Survey Satellite (TESS)
TOI-2096 b,1.243,0.077,2.08,M-R relationship,0.025,0.235,48.4809,2023,Transit,Transiting Exoplanet Survey Satellite (TESS)
KMT-2021-BLG-1898L b,14.0,,232.01473711,Mass,1.9,,6900.0,2022,Microlensing,KMTNet
GJ 338 B b,3.25,,10.6,Msini,0.142,0.58,6.33256,2020,Radial Velocity,Calar Alto Observatory
TOI-2842 b,12.84549188,0.57165802,117.59651059,Mass,0.0475,1.265,460.995,2023,Transit,Transiting Exoplanet Survey Satellite (TESS)
TOI-4603 b,11.67975789,0.42594127,4096.80816623,Mass,0.0888,2.738,225.643,2023,Transit,Transiting Exoplanet Survey Satellite (TESS)
KMT-2021-BLG-0712L b,6.91,,38.19,Mass,2.22,,3090.0,2023,Microlensing,KMTNet
KMT-2021-BLG-0909L b,13.7,,400.46379282,Mass,1.75,,6480.0,2023,Microlensing,KMTNet
MASCARA-1 b,17.90074218,0.20176165,1175.971,Mass,0.040352,2.082,182.273,2017,Transit,Multiple Observatories
K2-38 b,1.54,0.14,7.3,Mass,0.04994,1.06,192.69,2016,Transit,K2
TOI-3364 b,12.22899794,0.42594127,530.77343969,Mass,0.0675,1.419,277.899,2023,Transit,Transiting Exoplanet Survey Satellite (TESS)
KMT-2021-BLG-2478L b,13.9,,286.0455663,Mass,1.85,,2970.0,2023,Microlensing,KMTNet
KMT-2021-BLG-1105L b,13.6,,413.1769291,Mass,3.54,,4540.0,2023,Microlensing,KMTNet
K2-414 b,1.219,0.1004,1.98,M-R relationship,0.0487,0.732,260.036,2022,Transit,K2
TOI-4582 b,10.53644186,1.00880826,168.44905571,Mass,,2.5,383.846,2023,Transit,Transiting Exoplanet Survey Satellite (TESS)
TOI-3688 A b,13.08088048,0.53803107,311.47183886,Mass,0.0456,1.302,396.378,2023,Transit,Transiting Exoplanet Survey Satellite (TESS)
TOI-942 c,4.67,0.34,37.0,Mass,0.08598,0.894,152.601,2020,Transit,Transiting Exoplanet Survey Satellite (TESS)
TOI-733 b,1.992,0.085,5.72,Mass,0.0618,0.949,75.2092,2023,Transit,Transiting Exoplanet Survey Satellite (TESS)
Kepler-20 c,2.894,0.036,11.1,Mass,0.0936,0.9164,282.563,2011,Transit,Kepler
HIP 21152 b,12.0,,7627.881768,Mass,17.0,1.59186,43.4073,2022,Imaging,Multiple Observatories
OGLE-2019-BLG-0468L c,12.5,,3248.20631954,Mass,2.77,,4400.0,2022,Microlensing,OGLE
OGLE-2019-BLG-0468L b,13.1,,1090.15143601,Mass,3.29,,4400.0,2022,Microlensing,OGLE
TOI-3976 A b,12.27383387,0.40352331,55.61997123,Mass,0.0743,1.501,516.087,2023,Transit,Transiting Exoplanet Survey Satellite (TESS)
KMT-2017-BLG-1003L b,2.13,,5.19,Mass,1.38,,7090.0,2023,Microlensing,KMTNet
TOI-4087 b,13.04725353,0.28022452,232.01473711,Mass,0.04469,1.112,301.676,2023,Transit,Transiting Exoplanet Survey Satellite (TESS)
TOI-942 b,3.89,0.25,826.358,Mass,0.04866,0.894,152.601,2020,Transit,Transiting Exoplanet Survey Satellite (TESS)
KMT-2021-BLG-0240L b,9.6,,66.74396547,Mass,2.8,,6600.0,2022,Microlensing,KMTNet
KMT-2017-BLG-0673L b,13.0,,1166.43025369,Mass,2.34,,5080.0,2022,Microlensing,KMTNet
KMT-2019-BLG-1367L b,1.85,,4.08,Mass,1.7,,4670.0,2023,Microlensing,KMTNet
OGLE-2017-BLG-1806L b,2.15,,5.27,Mass,1.75,,6400.0,2023,Microlensing,OGLE
TOI-4791 b,12.44196858,0.56044903,734.18362017,Mass,0.0555,1.409,328.802,2023,Transit,Transiting Exoplanet Survey Satellite (TESS)
EPIC 229004835 b,2.332,0.08,10.4,Mass,0.1237,0.999,121.971,2023,Transit,K2
OGLE-2019-BLG-1053L b,1.38,,2.48,Mass,3.4,,6800.0,2021,Microlensing,KMTNet
KMT-2019-BLG-2974L b,11.4,,88.99195396,Mass,2.0,,6100.0,2022,Microlensing,KMTNet
OGLE-2019-BLG-1470L AB c,13.3,,699.2224954,Mass,3.2,,5900.0,2022,Microlensing,OGLE
HD 23472 b,2.0,0.11,8.32,Mass,0.1162,0.71,39.0341,2019,Transit,Transiting Exoplanet Survey Satellite (TESS)
HD 191939 c,3.195,0.075,8.0,Mass,0.1752,0.94,53.6089,2020,Transit,Transiting Exoplanet Survey Satellite (TESS)
OGLE-2018-BLG-0506L b,4.18,,16.3,Mass,3.0,,5600.0,2022,Microlensing,OGLE
TIC 279401253 b,11.2089807,0.44835923,1951.46641898,Mass,0.369,1.06,285.584,2023,Transit,Transiting Exoplanet Survey Satellite (TESS)
HD 23472 c,1.87,0.12,3.41,Mass,0.1646,0.71,39.0341,2019,Transit,Transiting Exoplanet Survey Satellite (TESS)
HD 23472 f,1.137,0.084,0.77,Mass,0.0906,0.71,39.0341,2022,Transit,Transiting Exoplanet Survey Satellite (TESS)
OGLE-2019-BLG-1492L b,6.79,,37.1,Mass,2.7,,5600.0,2022,Microlensing,OGLE
TIC 279401253 c,12.6,,2548.98382414,Msini,0.591,1.06,285.584,2023,Transit,Multiple Observatories
TOI-1811 b,11.14172682,0.28022452,308.9292116,Mass,0.04389,0.769,128.23,2023,Transit,Transiting Exoplanet Survey Satellite (TESS)
HD 23472 d,0.75,0.067,0.55,Mass,0.04298,0.71,39.0341,2022,Transit,Transiting Exoplanet Survey Satellite (TESS)
HD 23472 e,0.818,0.08,0.72,Mass,0.068,0.71,39.0341,2022,Transit,Transiting Exoplanet Survey Satellite (TESS)
HATS-54 b,11.37711541,0.26901554,239.32479047,Mass,0.037,1.23,748.585,2019,Transit,HATSouth
HD 45364 c,14.2,,174.48779544,Msini,0.902,0.89,34.354,2008,Radial Velocity,La Silla Observatory
KMT-2021-BLG-1253L b,4.59,,19.05,Mass,1.52,,6640.0,2022,Microlensing,KMTNet
TOI-2152 A b,14.35870428,0.56044903,899.45439181,Mass,0.05064,1.612,303.006,2023,Transit,Transiting Exoplanet Survey Satellite (TESS)
NGTS-23 b,14.20177855,0.33626942,194.82881349,Mass,0.0504,1.24,1074.95,2022,Transit,Next-Generation Transit Survey (NGTS)
NGTS-24 b,13.60770257,0.65012088,165.27077164,Mass,0.0479,1.64,683.062,2022,Transit,Next-Generation Transit Survey (NGTS)
NGTS-25 b,11.46678726,0.39231432,203.09235207,Mass,0.0388,0.86,521.233,2022,Transit,Next-Generation Transit Survey (NGTS)
KMT-2021-BLG-1372L b,9.12,,61.27,Mass,2.37,,5970.0,2022,Microlensing,KMTNet
TOI-2154 b,16.28664896,0.59407598,292.40213444,Mass,0.0513,1.396,296.46,2023,Transit,Transiting Exoplanet Survey Satellite (TESS)
TOI-2497 b,11.14172682,0.61649394,1531.93292174,Mass,0.1166,2.36,285.289,2023,Transit,Transiting Exoplanet Survey Satellite (TESS)
TOI-5542 b,11.30986153,0.40352331,419.53349724,Mass,0.332,1.058,348.849,2022,Transit,Transiting Exoplanet Survey Satellite (TESS)
TOI-2338 b,11.2089807,0.22417961,1900.61387386,Mass,0.158,1.05,313.996,2023,Transit,Transiting Exoplanet Survey Satellite (TESS)
KMT-2021-BLG-1077L b,9.86,,69.92224954,Mass,1.26,,8240.0,2022,Microlensing,KMTNet
PZ Tel b,11.9,,8581.366989,Mass,27.0,1.25646,47.0648,2023,Imaging,W. M. Keck Observatory
KMT-2018-BLG-0030L b,13.6,,460.85119015,Mass,4.39,,6480.0,2022,Microlensing,KMTNet
Kepler-138 b,0.64,0.02,0.07,Mass,0.0753,0.535,66.8624,2014,Transit,Kepler
MOA-2020-BLG-135L b,3.37,,11.3,Mass,1.11,,7900.0,2022,Microlensing,MOA
TOI-2364 b,8.60849718,0.25780656,71.51139158,Mass,0.04871,0.886,219.614,2023,Transit,Transiting Exoplanet Survey Satellite (TESS)
OGLE-2018-BLG-0298L b,7.56,,44.49597698,Mass,2.86,,6540.0,2022,Microlensing,OGLE
TOI-969 c,12.4,,3591.4609991,Msini,2.52,0.671,77.2554,2022,Radial Velocity,Multiple Observatories
OGLE-2006-BLG-284L A b,14.3,,144.0,Mass,2.17,,4000.0,2020,Microlensing,OGLE
Kepler-138 c,1.51,0.04,2.3,Mass,0.0913,0.535,66.8624,2014,Transit,Kepler
K2-3 d,1.458,0.056,2.2,Mass,0.2014,0.546,44.0727,2015,Transit,K2
K2-3 c,1.582,0.057,2.68,Mass,0.1357,0.546,44.0727,2015,Transit,K2
HD 111998 b,12.9,,1525.5763536,Mass,1.91,1.45,33.2237,2016,Radial Velocity,La Silla Observatory
HIP 70849 b,12.9,,1430.2278315,Mass,3.99,0.633112,24.0572,2011,Radial Velocity,La Silla Observatory
HD 114783 c,13.4,,603.8739733,Mass,5.0,0.840622,21.0628,2016,Radial Velocity,W. M. Keck Observatory
Kepler-409 b,1.199,0.043,6.0,Mass,0.3192,0.897,68.173,2014,Transit,Kepler
Kepler-20 f,0.952,0.047,1.4,Mass,0.1387,0.9164,282.563,2011,Transit,Kepler
KMT-2022-BLG-0440L b,4.05,,15.4,Mass,1.9,,3500.0,2023,Microlensing,KMTNet
TOI-411 c,2.328,0.038,9.72,Mass,0.1017,1.117,62.7792,2022,Transit,Transiting Exoplanet Survey Satellite (TESS)
HD 140901 c,13.4,,572.0911326,Mass,11.8,0.95,15.2528,2022,Radial Velocity,Multiple Observatories
Kepler-102 c,0.567,0.028,1.7,Mass,0.06702,0.724,107.796,2014,Transit,Kepler
Kepler-37 c,0.755,0.033,1.3,Mass,0.139,0.789,63.9207,2013,Transit,Kepler
K2-416 b,2.66,0.19,1652.7077164,Mass,0.088,0.554,120.311,2023,Transit,K2
TOI-411 b,1.362,0.04,13.71,Mass,0.05727,1.117,62.7792,2022,Transit,Transiting Exoplanet Survey Satellite (TESS)
HIP 54597 b,13.3,,762.7881768,Mass,4.0,0.66,39.7429,2023,Radial Velocity,La Silla Observatory
HD 75302 b,12.8,,1716.2733978,Mass,5.3,0.940904,30.3288,2023,Radial Velocity,La Silla Observatory
Kepler-68 c,0.979,0.019,1.3,Mass,0.09008,1.2564,144.166,2013,Transit,Kepler
MOA-2020-BLG-208L b,7.71,,46.0,Mass,2.74,,7490.0,2023,Microlensing,MOA
HD 15906 b,2.24,0.08,5.65,M-R relationship,0.09,0.762,45.5621,2023,Transit,Transiting Exoplanet Survey Satellite (TESS)
HIP 81208 C b,12.3,,4703.8604236,Mass,23.04,,147.533,2023,Imaging,Paranal Observatory
HD 108202 b,13.1,,953.485221,Mass,3.7,0.66355,38.6846,2023,Radial Velocity,La Silla Observatory
Kepler-323 b,1.381,0.035,3.9,Mass,0.02778,1.12,454.883,2014,Transit,Kepler
HD 15906 c,2.93,0.07,8.91,M-R relationship,0.141,0.762,45.5621,2023,Transit,Transiting Exoplanet Survey Satellite (TESS)
TOI-622 b,9.2362001,0.31385146,96.30200732,Mass,0.0708,1.415,123.297,2023,Transit,Transiting Exoplanet Survey Satellite (TESS)
TOI-4201 b,13.67495645,0.44835923,788.21444936,Mass,0.04,0.63,189.011,2023,Transit,Transiting Exoplanet Survey Satellite (TESS)
HD 99492 b,5.44,,25.5,Msini,0.12,0.822539,18.2038,2004,Radial Velocity,W. M. Keck Observatory
Kepler-454 b,2.37,0.13,5.4,Mass,0.09528,1.066,230.869,2015,Transit,Kepler
Kepler-109 b,2.49,0.11,4.9,Mass,0.0701,1.387,474.861,2014,Transit,Kepler
GJ 1252 b,1.193,0.074,1.32,Mass,0.00915,0.391,20.373,2020,Transit,Transiting Exoplanet Survey Satellite (TESS)
HAT-P-2 c,12.4,,3400.7639549,Mass,,1.416,127.774,2023,Radial Velocity,Multiple Observatories
TOI-4600 b,6.8,0.31,959.84178914,Mass,0.349,0.81,216.056,2023,Transit,Transiting Exoplanet Survey Satellite (TESS)
TOI-858 B b,14.06727078,0.43715025,349.6112477,Mass,0.04435,1.308,250.489,2023,Transit,Transiting Exoplanet Survey Satellite (TESS)
K2-36 b,1.43,0.08,4.3,Mass,0.02288,0.718,109.749,2016,Transit,K2
K2-36 c,3.2,0.3,7.9,Mass,0.05528,0.718,109.749,2016,Transit,K2
Kepler-538 b,2.215,0.04,12.9,Mass,0.3554,0.8717,155.956,2016,Transit,Kepler
TOI-1235 b,1.69,0.08,6.69,Mass,0.03845,0.619,39.6345,2020,Transit,Transiting Exoplanet Survey Satellite (TESS)
TOI-1052 b,2.87,0.29,16.9,Mass,0.09103,1.264,129.804,2023,Transit,Transiting Exoplanet Survey Satellite (TESS)
K2-110 b,2.592,0.098,15.9,Mass,0.10207,0.713,116.474,2017,Transit,K2
TOI-1634 c,,,,Msini,,0.45,35.2736,2022,Radial Velocity,Multiple Observatories
TOI-2018 b,2.268,0.069,9.2,Mass,,0.62,27.9956,2023,Transit,Transiting Exoplanet Survey Satellite (TESS)
TOI-1052 c,6.48,,34.3,Msini,0.2263,1.264,129.804,2023,Radial Velocity,Multiple Observatories
TOI-519 b,11.54525012,0.33626942,147.15455244,Mass,0.0159,0.35,115.557,2021,Transit,Transiting Exoplanet Survey Satellite (TESS)
TOI-244 b,1.52,0.12,2.68,Mass,0.0559,0.426,22.0337,2023,Transit,Transiting Exoplanet Survey Satellite (TESS)
TOI-2084 b,2.47,0.13,6.66,M-R relationship,0.05006,0.475,114.549,2023,Transit,Transiting Exoplanet Survey Satellite (TESS)
TOI-4184 b,2.43,0.21,6.48,M-R relationship,0.0336,0.2347,69.3649,2023,Transit,Transiting Exoplanet Survey Satellite (TESS)
TOI-470 b,4.34,0.29,17.4,M-R relationship,0.119,0.831,130.46,2023,Transit,Transiting Exoplanet Survey Satellite (TESS)
TOI-1470 b,2.18,0.04,7.32,Mass,0.0285,0.469,51.9503,2023,Transit,Transiting Exoplanet Survey Satellite (TESS)
Kepler-21 b,1.639,0.019,7.5,Mass,0.0434,1.902,108.522,2012,Transit,Kepler
Kepler-78 b,1.201,0.028,1.68,Mass,0.00901,0.7475,124.376,2013,Transit,Kepler
WISE J033605.05-014350.4 b,12.6,,2622.08435775,Mass,0.97,,,2023,Imaging,James Webb Space Telescope (JWST)
OGLE-2018-BLG-1126L b,4.41,,17.79839079,Mass,3.23,,5700.0,2022,Microlensing,KMTNet
HD 6860 b,11.9,,8981.83078182,Msini,2.03,86.4,61.12469,2023,Radial Velocity,Bohyunsan Optical Astronomical Observatory
TOI-1470 c,2.47,0.02,7.24,Mass,0.106,0.469,51.9503,2023,Transit,Transiting Exoplanet Survey Satellite (TESS)
K2-12 b,2.44,0.3,5.2,Mass,0.0792,1.117,326.381,2015,Transit,K2
OGLE-2018-BLG-1212L b,9.32,,63.5656814,Mass,1.68,,1550.0,2022,Microlensing,KMTNet
GJ 649 b,10.8,,81.99972901,Msini,1.112,0.5,10.3796,2009,Radial Velocity,W. M. Keck Observatory
HD 36384 b,12.7,,2097.6674862,Msini,1.3,38.4,209.309,2023,Radial Velocity,Bohyunsan Optical Astronomical Observatory
MWC 758 c,,,,Msini,100.0,2.01446,159.537,2023,Imaging,Large Binocular Telescope Observatory
K2-2016-BLG-0005L b,13.7,,349.6112477,Mass,4.16,,5200.0,2023,Microlensing,K2
GJ 849 b,13.9,,283.82076745,Msini,2.32,0.45,8.80058,2006,Radial Velocity,W. M. Keck Observatory
GJ 849 c,13.8,,314.65012293,Msini,4.95,0.45,8.80058,2014,Radial Velocity,W. M. Keck Observatory
TOI-2095 b,1.25,0.07,4.1,Mass,0.101,0.44,41.9176,2023,Transit,Transiting Exoplanet Survey Satellite (TESS)
TOI-2095 c,1.33,0.08,7.4,Mass,0.137,0.44,41.9176,2023,Transit,Transiting Exoplanet Survey Satellite (TESS)
Kepler-68 b,2.357,0.023,8.03,Mass,0.06135,1.2564,144.166,2013,Transit,Kepler
Kepler-107 d,0.86,0.06,7.7,Mass,0.08377,1.447,525.997,2014,Transit,Kepler
TOI-139 b,2.4566,0.2122,6.6,M-R relationship,,0.7007,42.4061,2023,Transit,Transiting Exoplanet Survey Satellite (TESS)
HD 62364 b,12.1,,5965.63919939,Mass,6.15,1.401,53.112,2022,Radial Velocity,Multiple Observatories
BD-210397 b,14.0,,214.0,Msini,2.63,0.747,23.7324,2023,Radial Velocity,La Silla Observatory
KMT-2022-BLG-0371L b,10.9,,82.63538582,Mass,3.02,,7140.0,2023,Microlensing,KMTNet
WASP-79 b,17.14974047,0.44835923,270.15414595,Mass,0.0519,1.51,246.69,2012,Transit,SuperWASP
Kepler-454 d,13.3,,734.18362017,Msini,5.1,1.066,230.869,2023,Radial Velocity,Roque de los Muchachos Observatory
HD 74698 b,5.12,,23.0,Msini,0.121,1.333,52.0648,2023,Radial Velocity,La Silla Observatory
HD 74698 c,14.0,,126.0,Msini,4.5,1.333,52.0648,2023,Radial Velocity,La Silla Observatory
GJ 9404 b,3.48,,11.9,Msini,0.0943,0.626041,23.8839,2023,Radial Velocity,Roque de los Muchachos Observatory
GJ 832 b,13.8,,314.65012293,Mass,3.7,0.441557,4.96435,2008,Radial Velocity,Anglo-Australian Telescope
Kepler-323 c,1.57,0.04,6.8,Mass,0.0458,1.12,454.883,2014,Transit,Kepler
TOI-5803 b,3.2732,0.1251,10.7,M-R relationship,,0.7625,84.0126,2023,Transit,Transiting Exoplanet Survey Satellite (TESS)
KMT-2019-BLG-1216L b,5.98,,29.87587026,Mass,2.44,,2740.0,2023,Microlensing,KMTNet
TOI-1680 b,1.466,0.063,2.75,M-R relationship,0.03144,0.2106,37.2209,2023,Transit,Transiting Exoplanet Survey Satellite (TESS)
HD 100777 b,13.7,,390.92894061,Mass,1.06,1.04,49.5336,2007,Radial Velocity,La Silla Observatory
HD 215497 c,13.0,,111.23994245,Mass,1.31,0.85,40.5468,2009,Radial Velocity,La Silla Observatory
Kepler-107 c,1.597,0.026,10.0,Mass,0.06064,1.447,525.997,2014,Transit,Kepler
K2-3 b,2.078,0.076,5.11,Mass,0.0747,0.546,44.0727,2015,Transit,K2
Kepler-107 b,1.536,0.025,3.8,Mass,0.04544,1.447,525.997,2014,Transit,Kepler
Kepler-37 d,2.03,0.03,2.0,Mass,0.2109,0.789,63.9207,2013,Transit,Kepler
HD 167677 b,13.2,,905.81095995,Mass,2.877,0.95271,54.3258,2023,Radial Velocity,Multiple Facilities
HD 165131 b,12.1,,5943.3912109,Mass,3.54,1.06419,57.4263,2023,Radial Velocity,Multiple Facilities
HIP 39017 b,12.0,,7500.7504052,Mass,22.1,1.51987,66.3217,2024,Imaging,Multiple Observatories
omi UMa b,13.0,,1160.39151396,Msini,3.691,13.84,54.9149,2012,Radial Velocity,Okayama Astrophysical Observatory
omi CrB b,13.7,,355.96781584,Msini,0.699,11.87,84.7883,2012,Radial Velocity,Okayama Astrophysical Observatory
TOI-544 b,2.018,0.076,2.89,Mass,0.0225,0.623,41.1166,2022,Transit,Transiting Exoplanet Survey Satellite (TESS)
Teegarden's Star d,0.954,,0.82,Msini,0.0791,0.12,3.83078,2024,Radial Velocity,Multiple Observatories
TOI-782 b,2.734,0.085,19.1,Mass,0.0578,0.413,52.5122,2024,Transit,Transiting Exoplanet Survey Satellite (TESS)
HD 4732 c,13.1,,1069.49258955,Msini,4.725,5.03,54.7841,2012,Radial Velocity,Multiple Observatories
HD 4732 b,13.4,,631.2072163,Msini,1.129,5.03,54.7841,2012,Radial Velocity,Multiple Observatories
ome Ser b,14.0,,233.92170755,Msini,0.838,10.99,76.7556,2013,Radial Velocity,Okayama Astrophysical Observatory
TOI-2010 b,11.81426566,0.30264248,408.7273314,Mass,0.5516,1.079,109.19,2023,Transit,Transiting Exoplanet Survey Satellite (TESS)
TOI-1273 b,11.09689089,2.46597575,70.55790635,Mass,0.0549,1.06,177.118,2024,Transit,Transiting Exoplanet Survey Satellite (TESS)
TOI-904 b,2.426,0.163,6.46,M-R relationship,0.056,0.527,46.0891,2023,Transit,Transiting Exoplanet Survey Satellite (TESS)
KMT-2023-BLG-0469L b,7.04,,39.41072247,Mass,2.31,,7070.0,2024,Microlensing,KMTNet
HD 2952 b,13.9,,284.77425267,Msini,1.117,10.9,110.103,2013,Radial Velocity,Okayama Astrophysical Observatory
TOI-2416 b,9.86390302,0.22417961,953.485221,Mass,0.0831,1.236,557.733,2023,Transit,Transiting Exoplanet Survey Satellite (TESS)
TOI-2373 b,10.42435205,0.22417961,2955.8041851,Mass,0.112,1.102,508.686,2023,Transit,Transiting Exoplanet Survey Satellite (TESS)
TOI-904 c,2.167,0.13,5.34,M-R relationship,0.312,0.527,46.0891,2023,Transit,Transiting Exoplanet Survey Satellite (TESS)
TOI-4860 b,8.7,0.4,86.7,Mass,0.01808,0.358,80.1423,2023,Transit,Transiting Exoplanet Survey Satellite (TESS)
TOI-4633 c,3.2,0.2,123.0,Mass,0.847,1.05,95.2016,2024,Transit,Transiting Exoplanet Survey Satellite (TESS)
gam Lib b,13.7,,357.87478628,Msini,1.319,12.38,47.4017,2018,Radial Velocity,Okayama Astrophysical Observatory
KMT-2021-BLG-1770L b,12.1,,6674.396547,Mass,0.9,,6920.0,2023,Microlensing,KMTNet
OGLE-2019-BLG-1180L b,13.5,,555.24622703,Mass,5.19,,6070.0,2023,Microlensing,OGLE
HD 47366 b,13.4,,661.71874337,Msini,1.207,7.3,84.3552,2016,Radial Velocity,Okayama Astrophysical Observatory
HD 47366 c,13.5,,483.73483545,Msini,1.84,7.3,84.3552,2016,Radial Velocity,Okayama Astrophysical Observatory
Kepler-100 e,5.27,,24.14271827,Msini,0.312391586,1.5,304.645,2023,Radial Velocity,W. M. Keck Observatory
NGTS-27 b,15.64773706,0.42594127,188.47224535,Mass,0.0446,1.77,942.122,2024,Transit,Transiting Exoplanet Survey Satellite (TESS)
HD 134606 d,7.59,,44.8,Msini,1.941,1.158,26.7909,2024,Radial Velocity,Multiple Observatories
HATS-2 b,12.57647635,0.26901554,435.42491759,Mass,0.02317,0.876,341.925,2013,Transit,HATSouth
gam Cep b,12.7,,2097.6674862,Mass,2.13,4.74,14.1024,2003,Radial Velocity,Multiple Observatories
TOI-5398 c,3.52,0.19,11.8,Mass,0.057,1.051,130.855,2023,Transit,Transiting Exoplanet Survey Satellite (TESS)
HD 134606 f,2.24,,5.63,Msini,0.1784,1.158,26.7909,2024,Radial Velocity,Multiple Observatories
HD 134606 e,1.33,,2.34,Msini,0.0527,1.158,26.7909,2024,Radial Velocity,Multiple Observatories
TOI-238 c,2.18,0.18,6.7,Mass,0.0749,0.733,80.5407,2024,Radial Velocity,Multiple Observatories
2MASS J11550485-7919108 b,12.1,,6356.56814,Mass,587.0,0.600455,100.862,2024,Imaging,European Space Agency (ESA) Gaia Satellite
2MASS J21252752-8138278 b,12.4,,3813.940884,Mass,7493.0,0.672832,34.1154,2024,Imaging,European Space Agency (ESA) Gaia Satellite
Kepler-1513 c,11.0,,84.54235626,Mass,,0.95,349.247,2023,Transit Timing Variations,Multiple Observatories
HIP 66074 b,12.9,,1589.142035,Mass,0.799,0.69,35.4438,2023,Astrometry,European Space Agency (ESA) Gaia Satellite
HAT-P-19 b,11.29865255,0.15692573,88.03846874,Mass,0.04599,0.773,202.078,2010,Transit,HATNet
Kepler-849 b,8.08167508,0.30264248,298.75870258,Mass,1.137,1.822,822.134,2016,Transit,Kepler
TOI-1853 b,3.46,0.08,73.2,Mass,0.0213,0.808,165.105,2023,Transit,Transiting Exoplanet Survey Satellite (TESS)
TOI-5126 b,4.74,0.16,20.2,M-R relationship,0.06519,1.241,160.414,2023,Transit,Transiting Exoplanet Survey Satellite (TESS)
Kepler-1513 b,8.594,0.036,48.30991786,Mass,0.56971,0.95,349.247,2016,Transit,Kepler
HAT-P-51 b,13.50682174,0.19055267,97.57332095,Mass,0.05042,0.995,440.089,2015,Transit,HATNet
Kepler-553 c,11.57887706,0.35868738,2129.4503269,Mass,0.898,0.902,728.525,2016,Transit,Kepler
Kepler-111 c,7.0840758,0.25780656,222.4798849,Mass,0.751,1.145,657.223,2014,Transit,Kepler
14 And b,13.1,,1131.15130051,Msini,0.775,11.55,75.4392,2008,Radial Velocity,Okayama Astrophysical Observatory
18 Del b,12.5,,2926.24614325,Msini,2.476,8.8,76.222,2008,Radial Velocity,Okayama Astrophysical Observatory
GJ 724 b,3.27,,10.75,Msini,0.04685,0.52226,16.9658,2023,Radial Velocity,Calar Alto Observatory
KMT-2019-BLG-0335L b,12.1,,6674.396547,Mass,1.64,,7710.0,2023,Microlensing,KMTNet
Kepler-553 b,4.74139884,0.17934369,116.00736855,Mass,0.04766,0.902,728.525,2016,Transit,Kepler
6 Lyn b,13.4,,597.83523357,Msini,2.028,4.94,54.6599,2008,Radial Velocity,Okayama Astrophysical Observatory
4 UMa b,12.6,,2511.48007211,Msini,0.877,18.11,73.4603,2006,Radial Velocity,Thueringer Landessternwarte Tautenburg
TOI-4641 b,8.18255591,0.2914335,1229.99593509,Mass,0.173,1.72,86.3501,2023,Transit,Transiting Exoplanet Survey Satellite (TESS)
CI Tau c,13.0,,1144.1822652,Msini,0.17,1.880857,157.998,2024,Radial Velocity,Multiple Observatories
TOI-1994 b,13.67495645,0.91913642,7024.0077947,Mass,0.0613,2.3,515.603,2024,Transit,Transiting Exoplanet Survey Satellite (TESS)
TOI-4515 b,12.17,0.43,637.0,Mass,0.118,0.86,193.499,2024,Transit,Transiting Exoplanet Survey Satellite (TESS)
M62H b,,,785.03616529,Mass,,,,2024,Pulsar Timing,South African Radio Astronomy Observatory (SARAO)
HD 145457 b,13.2,,888.01256916,Msini,0.762,9.9,135.292,2010,Radial Velocity,Subaru Telescope
HD 167042 b,13.6,,444.00628458,Msini,1.22,4.63,49.6633,2007,Radial Velocity,Lick Observatory
LHS 1678 c,0.941,0.051,1.4,Mass,0.0327,0.329,19.8782,2021,Transit,Transiting Exoplanet Survey Satellite (TESS)
HD 173416 b,13.4,,585.12209729,Msini,1.158,13.5,132.184,2008,Radial Velocity,Xinglong Station
HD 32518 b,13.2,,905.49313154,Msini,0.594,10.22,122.115,2009,Radial Velocity,Thueringer Landessternwarte Tautenburg
HS Psc b,13.6,,464.02947422,Msini,0.0435,0.65,37.6604,2024,Radial Velocity,McDonald Observatory
HD 81688 b,13.5,,525.68818518,Msini,0.648,11.13,85.7183,2007,Radial Velocity,Okayama Astrophysical Observatory
kap CrB b,13.3,,689.6911,Mass,2.5,4.68,30.0651,2007,Radial Velocity,Lick Observatory
KMT-2021-BLG-1547L b,13.6,,467.20775829,Mass,4.5,,5070.0,2023,Microlensing,KMTNet
TOI-4559 b,1.415,0.126,2.59,M-R relationship,0.0359,0.374,31.6354,2024,Transit,Transiting Exoplanet Survey Satellite (TESS)
11 Com b,12.2,,4914.89848585,Msini,1.178,13.76,93.1846,2007,Radial Velocity,Xinglong Station
nu Oph b,12.0,,7057.73298,Mass,1.765,12.24,46.2107,2012,Radial Velocity,Okayama Astrophysical Observatory
TOI-4377 b,15.10970598,0.90792744,304.1617855,Mass,0.0579,3.52,455.82,2023,Transit,Transiting Exoplanet Survey Satellite (TESS)
KMT-2023-BLG-0416L b,3.67,,13.03096469,Mass,2.96,,5900.0,2024,Microlensing,KMTNet
HD 76920 b,13.1,,994.80291391,Msini,1.091,8.33,184.031,2017,Radial Velocity,Multiple Observatories
75 Cet b,13.3,,787.89662095,Msini,1.912,10.38,82.9613,2012,Radial Velocity,Okayama Astrophysical Observatory
LHS 3154 b,3.69,,13.15,Msini,0.02262,0.1405,15.7606,2023,Radial Velocity,McDonald Observatory
TOI-1269 b,2.40144286,0.15036543,6.4,Mass,0.0496,0.8521,172.138,2024,Transit,Transiting Exoplanet Survey Satellite (TESS)
Kepler-23 d,2.206,0.057,4.44,Mass,0.12012,1.548,835.756,2014,Transit,Kepler
TOI-4153 b,16.11851425,0.50440413,365.50266805,Mass,0.06311,1.605,423.84,2024,Transit,Transiting Exoplanet Survey Satellite (TESS)
TOI-3919 b,12.31866979,0.582867,1233.17421916,Mass,0.0795,1.319,604.591,2024,Transit,Transiting Exoplanet Survey Satellite (TESS)
TOI-1288 b,4.96846551,0.10805813,44.1,Mass,0.0374,0.9583,114.865,2022,Transit,Transiting Exoplanet Survey Satellite (TESS)
GJ 238 b,0.566,0.014,0.126,M-R relationship,0.02123,0.4314,15.2142,2024,Transit,Transiting Exoplanet Survey Satellite (TESS)
Kepler-49 c,2.444,0.083,8.38,Mass,0.07821,0.618,311.222,2012,Transit,Kepler
TOI-5301 b,13.09208946,0.85188253,1182.32167404,Mass,0.073,2.19,629.161,2024,Transit,Transiting Exoplanet Survey Satellite (TESS)
TOI-5232 b,12.778238,0.57165802,743.71847238,Mass,0.05593,1.785,609.388,2024,Transit,Transiting Exoplanet Survey Satellite (TESS)
TOI-1410.01,3.10083009,0.22026793,12.5,Mass,0.0207,0.7558,72.7512,2024,Transit,Transiting Exoplanet Survey Satellite (TESS)
TOI-1386 b,6.2163865,0.20643815,45.8,Mass,0.173,1.0235,146.858,2024,Transit,Transiting Exoplanet Survey Satellite (TESS)
TOI-6029 b,14.39233122,1.09848011,519.64944544,Mass,,2.338,603.119,2024,Transit,Transiting Exoplanet Survey Satellite (TESS)
OGLE-2017-BLG-0448L b,4.08,,15.6,Mass,5.75,,7530.0,2024,Microlensing,OGLE
Kepler-128 c,1.521,0.047,3.38,Mass,0.16517,1.659,396.379,2013,Transit,Kepler
TOI-1451 b,2.61143902,0.13407193,15.2,Mass,0.127,1.0162,91.9362,2024,Transit,Transiting Exoplanet Survey Satellite (TESS)
TIC 4672985 b,11.5004142,0.75100171,4049.13390518,Mass,0.33,1.15,253.385,2024,Transit,Transiting Exoplanet Survey Satellite (TESS)
TOI-5218 b,9.86,0.39,657.0,Mass,0.0469,0.708,377.483,2024,Transit,Transiting Exoplanet Survey Satellite (TESS)
Kepler-305 d,2.76,0.12,6.2,Mass,0.12091,0.792,868.477,2014,Transit,Kepler
TOI-1601 b,14.19902343,0.64857111,387.0,Mass,0.069,2.195,336.608,2021,Transit,Transiting Exoplanet Survey Satellite (TESS)
TOI-1444 b,1.41792246,0.0467336,3.58,Mass,0.0116,0.9105,125.463,2021,Transit,Transiting Exoplanet Survey Satellite (TESS)
TOI-1736 b,3.18175535,0.12195694,12.3,Mass,0.073,1.4286,88.9482,2023,Transit,Transiting Exoplanet Survey Satellite (TESS)
TOI-5634 A b,10.42,0.62,588.0,Mass,0.0272,0.54,306.144,2024,Transit,Transiting Exoplanet Survey Satellite (TESS)
TOI-1683.01,2.6382,0.276387,7.45,M-R relationship,0.036507593,0.7,51.1884,2024,Transit,Transiting Exoplanet Survey Satellite (TESS)
TOI-1298 b,9.65807033,0.19896656,99.0,Mass,0.057,1.4536,319.036,2021,Transit,Transiting Exoplanet Survey Satellite (TESS)
TOI-1751 b,2.9507845,0.11061818,19.5,Mass,0.215,1.3137,113.335,2024,Transit,Transiting Exoplanet Survey Satellite (TESS)
K2-419 A b,10.55,0.39,196.0,Mass,0.1208,0.541,268.685,2024,Transit,K2
TOI-4443.01,1.7193265,0.1346603,3.6,M-R relationship,0.029962645,1.01733,56.0739,2024,Transit,Transiting Exoplanet Survey Satellite (TESS)
HIP 97166 b,2.4801338,0.07271432,19.1,Mass,0.091,0.8418,65.9501,2021,Transit,Transiting Exoplanet Survey Satellite (TESS)
TOI-1776 b,1.21612741,0.0898466,1.4,Mass,0.0378,0.9356,44.647,2024,Transit,Transiting Exoplanet Survey Satellite (TESS)
Kepler-963 c,0.6,0.2,0.156,M-R relationship,,0.928,771.494,2024,Transit,Kepler
OGLE-2023-BLG-0836L b,12.9,,1385.73185452,Mass,3.7,,5120.0,2024,Microlensing,OGLE
BD-14 3065 b,21.59,1.05,3932.0,Mass,0.0656,2.35,589.423,2024,Transit,Transiting Exoplanet Survey Satellite (TESS)
HIP 97166 c,2.75,,8.0,Msini,0.124,0.8418,65.9501,2021,Radial Velocity,Multiple Observatories
TOI-1794 b,3.29701268,0.16656615,8.7,Mass,0.082,1.3162,155.791,2024,Transit,Transiting Exoplanet Survey Satellite (TESS)
2MASS J03590986+2009361 b,12.2,,5720.911326,Mass,572.0,0.289776,117.435,2024,Imaging,European Space Agency (ESA) Gaia Satellite
TOI-663 c,2.26,0.1,3.65,Mass,0.0437,0.512,64.2308,2024,Transit,Transiting Exoplanet Survey Satellite (TESS)
TOI-1246 c,2.45109846,0.13824169,9.1,Mass,0.061,0.8649,169.422,2022,Transit,Transiting Exoplanet Survey Satellite (TESS)
TOI-1842 b,12.3485023,0.27917829,89.4,Mass,0.1,2.032,223.465,2021,Transit,Transiting Exoplanet Survey Satellite (TESS)
TOI-1824 b,2.7438269,0.08672208,16.0,Mass,0.151,0.8123,59.4314,2024,Transit,Transiting Exoplanet Survey Satellite (TESS)
HIP 77900 b,12.1,,6674.396547,Mass,3319.0,,150.862,2024,Imaging,European Space Agency (ESA) Gaia Satellite
2MASS J11011926-7732383 b,11.9,,8899.195396,Mass,266.0,,,2024,Imaging,European Space Agency (ESA) Gaia Satellite
SPECULOOS-3 b,0.977,0.022,0.894,M-R relationship,0.00733,0.123,,2024,Transit,SPECULOOS Southern Observatory
KMT-2023-BLG-1431L b,3.76,,13.6,Mass,3.2,,6800.0,2024,Microlensing,KMTNet
TOI-3071 b,7.16,0.57,68.2,Mass,0.0249,1.31,485.219,2024,Transit,Transiting Exoplanet Survey Satellite (TESS)
TOI-1246 e,3.5141875,0.26911442,14.5,Mass,0.212,0.8649,169.422,2022,Transit,Transiting Exoplanet Survey Satellite (TESS)
TOI-2019 b,5.33275337,0.26371361,34.4,Mass,0.128,1.7457,198.007,2024,Transit,Transiting Exoplanet Survey Satellite (TESS)
TIC 139270665 c,12.9,,1554.18091023,Msini,2.0,1.016,189.875,2024,Radial Velocity,Lick Observatory
HD 48948 b,2.06,,4.88,Msini,0.0652,0.679,16.9043,2024,Radial Velocity,Roque de los Muchachos Observatory
HD 93963 A c,3.11976057,0.13502367,18.4,Mass,0.04726,1.0311,82.3432,2022,Transit,Transiting Exoplanet Survey Satellite (TESS)
HD 93963 A b,1.46954368,0.07347231,2.8,Mass,0.02061,1.0311,82.3432,2022,Transit,Transiting Exoplanet Survey Satellite (TESS)
TOI-815 c,2.62,0.1,23.5,Mass,0.193,0.77,59.7117,2024,Transit,Transiting Exoplanet Survey Satellite (TESS)
HD 48948 c,2.6,,7.27,Msini,0.1951,0.679,16.9043,2024,Radial Velocity,Roque de los Muchachos Observatory
HD 48948 d,3.24,,10.59,Msini,0.4894,0.679,16.9043,2024,Radial Velocity,Roque de los Muchachos Observatory
HIP 8152 c,2.52442508,0.14962921,10.7,Mass,0.139,0.9603,101.694,2023,Transit,Transiting Exoplanet Survey Satellite (TESS)
HIP 8152 b,2.53625843,0.15691518,8.9,Mass,0.093,0.9603,101.694,2023,Transit,Transiting Exoplanet Survey Satellite (TESS)
TOI-1669 b,14.1,,191.0,Msini,1.27,1.0561,111.276,2023,Radial Velocity,W. M. Keck Observatory
OGLE-2014-BLG-0221L b,12.9,,1382.55357045,Mass,3.76,,3680.0,2024,Microlensing,OGLE
TOI-329 b,4.94057819,0.29202617,40.4,Mass,0.0638,1.5326,284.388,2024,Transit,Transiting Exoplanet Survey Satellite (TESS)
TOI-480 b,2.85372018,0.13233983,20.8,Mass,0.077,1.4877,54.5306,2024,Transit,Transiting Exoplanet Survey Satellite (TESS)
TOI-1410 c,5.63,,27.0,Msini,0.239,0.7558,72.7512,2024,Radial Velocity,W. M. Keck Observatory
TOI-757 b,2.5,0.1,10.5,Mass,0.122,0.78,60.3418,2024,Transit,Transiting Exoplanet Survey Satellite (TESS)
GJ 900 b,12.4,,3496.112477,Mass,12000.0,0.716187,20.8065,2024,Imaging,Multiple Observatories
TOI-1450 A c,1.13,,1.527,Msini,,0.483,22.4467,2024,Transit,Gemini Observatory
TOI-1855 b,18.49481816,5.82866996,360.09958513,Mass,0.02398,1.041,176.833,2024,Transit,Transiting Exoplanet Survey Satellite (TESS)
TOI-3261 b,3.82,0.42,30.3,Mass,0.01714,0.849,300.141,2024,Transit,Transiting Exoplanet Survey Satellite (TESS)
TOI-669 b,2.58606487,0.13042739,10.0,Mass,0.048,0.9882,142.867,2023,Transit,Transiting Exoplanet Survey Satellite (TESS)
HD 25463 b,2.54535814,0.1117151,8.7,Mass,0.076,1.4182,45.6181,2023,Transit,Transiting Exoplanet Survey Satellite (TESS)
HD 73344 b,2.884,0.082,10.48,Mass,0.131,1.22,35.26,2024,Transit,K2
TOI-2368 b,10.83908434,0.40352331,206.58846455,Mass,0.05649,0.846,210.915,2024,Transit,Transiting Exoplanet Survey Satellite (TESS)
TOI-2107 b,13.57407563,0.39231432,263.79757781,Mass,0.03515,0.932,236.705,2024,Transit,Transiting Exoplanet Survey Satellite (TESS)
TOI-1248 b,6.8084859,0.116716,27.4,Mass,0.051,0.8686,168.735,2024,Transit,Transiting Exoplanet Survey Satellite (TESS)
TOI-837 b,9.16894621,0.38110534,120.45696625,Mass,0.0888,1.052,142.488,2020,Transit,Transiting Exoplanet Survey Satellite (TESS)
SWEEPS-11 b,12.666,2.354,3082.82,Mass,0.03,1.45,8500.0,2006,Transit,Hubble Space Telescope
Kepler-24 c,2.514,0.098,9.99,Mass,0.10612,1.099,1156.81,2011,Transit,Kepler
Kepler-57 b,3.135,0.09,25.06,Mass,0.05988,0.826,644.14,2012,Transit,Kepler
TOI-3894 b,15.27784069,0.61649394,260.61929374,Mass,0.05354,1.502,417.365,2024,Transit,Transiting Exoplanet Survey Satellite (TESS)
TOI-3321 b,15.55806521,0.78462865,176.07693748,Mass,0.047,1.549,285.895,2024,Transit,Transiting Exoplanet Survey Satellite (TESS)
TOI-1744.01,2.68,0.263,7.65,M-R relationship,0.164086,1.14,114.39,2024,Transit,Transiting Exoplanet Survey Satellite (TESS)
K2-360 c,4.02,,15.23,Msini,0.0883,0.98,232.1,2024,Radial Velocity,Multiple Observatories
WASP-132 b,10.09929161,0.42594127,136.0305582,Mass,0.0674,0.758,122.91,2016,Transit,SuperWASP-South
TOI-469.01,3.41,0.046,9.1,Mass,0.111,0.98,68.192,2021,Transit,Transiting Exoplanet Survey Satellite (TESS)
K2-260 b,18.41635529,0.65012088,546.66486004,Mass,0.04392,1.755,663.834,2018,Transit,K2
K2-237 b,16.06246934,0.62770292,434.15360396,Mass,0.03552,1.236,314.995,2018,Transit,K2
TOI-1772.01,2.905,0.328,8.78,M-R relationship,0.078375,0.995,97.7562,2024,Transit,Transiting Exoplanet Survey Satellite (TESS)
WASP-132 c,1.841,0.094,6.26,Mass,0.01833,0.758,122.91,2022,Transit,Transiting Exoplanet Survey Satellite (TESS)
BD-17 63 b,12.8,,1639.99458012,Mass,1.34,0.74,34.4603,2008,Radial Velocity,La Silla Observatory
K2-261 b,9.26982704,0.36989636,68.96876432,Mass,0.1086,1.663,213.283,2018,Transit,K2
K2-321 b,2.05124347,0.16813471,4.86,M-R relationship,0.02839,0.595,77.6888,2020,Transit,K2
TOI-1777.01,2.246,0.279,5.67,M-R relationship,0.119466,0.98,79.7665,2024,Transit,Transiting Exoplanet Survey Satellite (TESS)
HD 20794 d,2.04,,4.8,Msin(i)/sin(i),0.3625,0.93,6.00278,2011,Radial Velocity,La Silla Observatory
HD 175167 b,12.3,,4703.8604236,Mass,2.4,1.75,71.0863,2009,Radial Velocity,Las Campanas Observatory
Kepler-289 d,3.03,0.08,5.33,Mass,0.33,1.0,704.438,2014,Transit,Kepler
Kepler-289 c,11.23,0.21,157.18,Mass,0.50155,1.0,704.438,2014,Transit,Kepler
K2-167 b,2.36509493,0.21297063,6.5,Mass,0.0932,1.499,80.8994,2018,Transit,K2
K2-265 b,1.70824866,0.11208981,7.3418362,Mass,0.03359,0.92,138.671,2018,Transit,K2
Kepler-289 b,2.49,0.07,3.7,Mass,0.21183,1.0,704.438,2014,Transit,Kepler
KELT-24 b,12.71098411,0.30264248,1458.83238813,Mass,0.0665,1.338,96.5173,2019,Transit,KELT-North
TOI-3568 b,5.3,0.27,26.4,Mass,0.0485,0.719,197.906,2024,Transit,Transiting Exoplanet Survey Satellite (TESS)
K2-57 b,2.30905002,0.16813471,5.94,M-R relationship,0.0752,0.671,264.213,2016,Transit,K2
K2-54 b,2.6116925,0.21297063,7.33,M-R relationship,0.0761,0.643,174.955,2016,Transit,K2
TOI-4638.01,2.933,0.376,8.92,M-R relationship,0.093013,0.895,168.248,2024,Transit,Transiting Exoplanet Survey Satellite (TESS)
TOI-5076 b,3.48935569,0.09975993,16.14568308,Mass,0.1481,0.844,82.857,2024,Transit,Transiting Exoplanet Survey Satellite (TESS)
TOI-4562 b,12.53,0.15,732.0,Mass,0.768,1.152,339.605,2023,Transit,Transiting Exoplanet Survey Satellite (TESS)
K2-77 b,2.4996027,0.16813471,603.877,Mass,0.0753,0.792,141.731,2016,Transit,K2
K2-180 b,2.46597575,0.10984801,11.41003981,Mass,0.0756,0.719,203.896,2018,Transit,K2
TOI-2458 c,3.18,,10.22,Msini,0.129,1.31,112.958,2024,Radial Velocity,La Silla Observatory
TOI-4562 c,12.8,,1833.86990839,Mass,5.219,1.152,339.605,2024,Transit Timing Variations,Multiple Observatories
K2-97 b,13.45077684,1.23298788,174.48779544,Mass,0.0854,4.14,878.43,2016,Transit,K2
K2-182 b,2.71257333,0.11096891,20.97667486,Mass,0.05174,0.789,154.83,2018,Transit,K2
NGTS-33 b,18.38272835,0.78462865,1153.71711741,Mass,0.048,1.47,437.855,2024,Transit,Transiting Exoplanet Survey Satellite (TESS)
Kepler-105 b,2.53,0.07,10.8,Mass,0.06016,1.026,459.223,2013,Transit,Kepler
TOI-2537 b,11.25381662,0.66132986,415.40172795,Mass,0.3715,0.771,184.986,2024,Transit,Transiting Exoplanet Survey Satellite (TESS)
K2-98 b,5.06645928,0.31385146,34.00763955,Mass,0.0986,1.518,518.625,2016,Transit,K2
K2-114 b,10.59248676,0.32506044,638.83509807,Mass,0.0944,0.832,475.758,2017,Transit,K2
TOI-4994 b,8.54124329,0.33626942,88.99195396,Mass,0.1515,1.055,329.304,2024,Transit,Transiting Exoplanet Survey Satellite (TESS)
Kepler-105 c,1.44,0.04,5.6,Mass,0.07229,1.026,459.223,2014,Transit,Kepler
TOI-2295 c,12.8,,1783.01736327,Msini,2.018,1.459,126.279,2024,Radial Velocity,Haute-Provence Observatory
TOI-5110 b,11.98240037,0.60528496,921.7023803,Mass,0.2157,2.333,392.259,2024,Transit,Transiting Exoplanet Survey Satellite (TESS)
TOI-2537 c,12.7,,2297.89938261,Msini,2.78,0.771,184.986,2024,Radial Velocity,Multiple Observatories
MOA-2008-BLG-310L b,5.18,,23.4,Mass,1.1,,7700.0,2009,Microlensing,MOA
K2-115 b,11.80305668,0.33626942,321.00669107,Mass,0.1415,0.855,413.591,2017,Transit,K2
K2-277 b,2.18575124,0.20176165,7.4,Mass,0.0664,0.973,113.123,2018,Transit,K2
TOI-406 c,1.32,0.12,2.08,Mass,0.0322,0.41,31.0597,2024,Transit,Transiting Exoplanet Survey Satellite (TESS)
TOI-5005 b,6.25,0.24,32.7,Mass,0.06614,0.93,207.891,2024,Transit,Transiting Exoplanet Survey Satellite (TESS)
HD 86728 b,3.03,,9.43,Msini,0.1916,1.237,14.9202,2025,Radial Velocity,Multiple Observatories
KMT-2021-BLG-2609L b,3.17,,10.17050902,Mass,2.3,,7480.0,2024,Microlensing,KMTNet
TOI-5688 A b,10.3,0.6,124.0,Mass,0.03379,0.57,226.318,2024,Transit,Transiting Exoplanet Survey Satellite (TESS)
HD 222237 b,12.8,,1649.52943233,Mass,10.8,0.71,11.4469,2024,Radial Velocity,Multiple Observatories
HD 21520 b,2.697,0.09,17.7,Mass,0.1726,1.044,79.208,2024,Transit,Transiting Exoplanet Survey Satellite (TESS)
TOI-2768 b,2.63,0.45,7.41,M-R relationship,0.027,0.657,78.4525,2024,Transit,Transiting Exoplanet Survey Satellite (TESS)
TOI-1174 b,2.562,0.252,32.0,Mass,0.07994,0.76,94.6375,2024,Transit,Transiting Exoplanet Survey Satellite (TESS)
TOI-2981 b,13.4,0.42,638.0,Mass,0.048,1.08,527.789,2024,Transit,Transiting Exoplanet Survey Satellite (TESS)
TOI-1180 b,3.072,0.27,10.0,Mass,0.080799,0.73,72.0238,2024,Transit,Transiting Exoplanet Survey Satellite (TESS)
OGLE-2016-BLG-1800L b,13.2,,823.17557413,Mass,1.88,,6480.0,2024,Microlensing,OGLE
TOI-5713 b,1.77,0.17,3.78,M-R relationship,0.06008,0.2992,40.8668,2024,Transit,Transiting Exoplanet Survey Satellite (TESS)
TOI-6002 b,1.65,0.22,3.36,M-R relationship,0.05722,0.2432,32.0266,2024,Transit,Transiting Exoplanet Survey Satellite (TESS)
HD 135694 b,2.857,0.227,6.1,Mass,0.124695,1.08,73.8713,2023,Transit,Transiting Exoplanet Survey Satellite (TESS)
TOI-1295 b,15.69257298,0.89671846,451.31633794,Mass,0.047,1.7,388.227,2024,Transit,Transiting Exoplanet Survey Satellite (TESS)
TOI-6130 b,14.3474953,0.33626942,333.71982735,Mass,0.036,1.51,220.882,2024,Transit,Transiting Exoplanet Survey Satellite (TESS)
TOI-1437 b,2.24,0.23,9.6,Mass,0.14,1.17,103.297,2024,Transit,Transiting Exoplanet Survey Satellite (TESS)
HD 183579 b,3.49,0.07,20.4,Mass,0.1322,0.96,57.2651,2021,Transit,Transiting Exoplanet Survey Satellite (TESS)
KMT-2023-BLG-1866L b,1.43,,2.63,Mass,2.63,,6210.0,2024,Microlensing,KMTNet
K2-203 b,1.26549392,0.10200172,2.14,M-R relationship,0.0824,0.765,166.147,2018,Transit,K2
TOI-6651 b,5.09,0.27,61.0,Mass,0.0633,1.721,212.128,2024,Transit,Transiting Exoplanet Survey Satellite (TESS)
TOI-1630.01,2.417,0.228,6.42,M-R relationship,0.101151,0.83,66.0929,2024,Transit,Transiting Exoplanet Survey Satellite (TESS)
TOI-1467 b,1.92,0.171,9.0,Mass,0.050748,0.491,37.4418,2024,Transit,Transiting Exoplanet Survey Satellite (TESS)
TOI-1659.01,2.255,0.254,5.71,M-R relationship,0.065757,1.006,122.494,2024,Transit,Transiting Exoplanet Survey Satellite (TESS)
HD 101581 c,0.99,0.07,0.937,M-R relationship,0.0573,0.63,12.7781,2025,Transit,Transiting Exoplanet Survey Satellite (TESS)
K2-208 b,1.67462172,0.12329879,3.45,M-R relationship,0.04878,0.872,256.887,2018,Transit,K2
TOI-1716.01,3.143,0.409,10.0,M-R relationship,0.080496,1.24,104.158,2024,Transit,Transiting Exoplanet Survey Satellite (TESS)
TOI-6038 A b,6.41,0.2,78.5,Mass,0.069,1.648,179.147,2025,Transit,Transiting Exoplanet Survey Satellite (TESS)
HIP 116454 b,2.469,0.1,9.7,Mass,0.0792,0.758,62.4491,2014,Transit,K2
TOI-2420 b,15.02003414,0.82946457,294.62693329,Mass,0.0684,2.369,435.174,2024,Transit,Transiting Exoplanet Survey Satellite (TESS)
K2-225 b,3.60929179,0.28022452,12.7,M-R relationship,0.1409,1.7,357.778,2018,Transit,K2
TOI-1739 b,1.946,0.226,4.45,M-R relationship,0.073872,0.781,70.9819,2024,Transit,Transiting Exoplanet Survey Satellite (TESS)
HD 73344 d,13.2,,810.46243785,Mass,6.7,1.22,35.26,2025,Radial Velocity,Multiple Observatories
TOI-2485 b,12.1393261,0.50440413,766.60211768,Mass,0.1093,1.72,397.953,2024,Transit,Transiting Exoplanet Survey Satellite (TESS)
K2-7 b,4.03523305,0.30264248,15.3,M-R relationship,0.1867,1.533,738.553,2015,Transit,K2
HD 118203 c,12.4,,3747.19691853,Mass,6.28,2.04,92.2589,2024,Radial Velocity,Multiple Observatories
TOI-4734 b,10.9175472,0.28022452,61.65871096,Mass,0.074,1.857,563.068,2025,Transit,Transiting Exoplanet Survey Satellite (TESS)
TOI-1453 c,2.224,0.095,2.95,Mass,,0.72,78.7415,2025,Transit,Transiting Exoplanet Survey Satellite (TESS)
TOI-3493 b,3.22,0.08,8.97,Mass,,1.228,96.7224,2025,Transit,Transiting Exoplanet Survey Satellite (TESS)
TOI-2969 b,12.32987877,0.89671846,368.68095212,Mass,0.0261,0.7,163.996,2025,Transit,Transiting Exoplanet Survey Satellite (TESS)
TOI-5300 b,9.86390302,0.89671846,190.6970442,Mass,0.0295,0.65,162.51,2025,Transit,Transiting Exoplanet Survey Satellite (TESS)
TOI-4794 b,14.35870428,0.49319515,308.29355479,Mass,0.0492,1.451,543.008,2025,Transit,Transiting Exoplanet Survey Satellite (TESS)
TOI-2443 b,2.363,0.066,4.8,Mass,0.105,0.631,23.9258,2023,Transit,Transiting Exoplanet Survey Satellite (TESS)
OGLE-2016-BLG-0007L b,1.09,,1.32,Mass,10.1,,4300.0,2025,Microlensing,OGLE
TOI-5340 b,15.07607904,0.57165802,270.15414595,Mass,0.0628,1.842,532.629,2025,Transit,Transiting Exoplanet Survey Satellite (TESS)
AT2021ueyL b,13.6,,425.89006538,Mass,4.01,,1040.0,2025,Microlensing,Multiple Observatories
Kepler-10 c,2.355,0.022,11.29,Mass,0.241,1.065,185.506,2011,Transit,Kepler
TOI-2407 b,4.26,0.26,16.8,M-R relationship,0.033,0.567,92.4366,2025,Transit,Transiting Exoplanet Survey Satellite (TESS)
TOI-5386 A b,14.70618268,0.32506044,155.10026262,Mass,0.04856,1.245,394.486,2025,Transit,Transiting Exoplanet Survey Satellite (TESS)
TOI-2015 c,2.93,,8.91,Mass,0.041232,0.3273,47.3444,2025,Transit Timing Variations,Multiple Observatories
TOI-2015 b,3.309,0.013,9.2,Mass,0.029322,0.3273,47.3444,2023,Transit,Transiting Exoplanet Survey Satellite (TESS)
GJ 3998 b,1.39,,2.5,Msini,0.03,0.5,18.1459,2016,Radial Velocity,Roque de los Muchachos Observatory
Kepler-725 b,10.8,0.6,81.6,M-R relationship,0.2238,0.88,758.469,2016,Transit,Kepler
TOI-1117 b,2.46,0.13,8.9,Mass,0.033,1.05,167.598,2025,Transit,Transiting Exoplanet Survey Satellite (TESS)
GJ 3998 c,2.5,,6.82,Msini,0.09,0.5,18.1459,2016,Radial Velocity,Roque de los Muchachos Observatory
TOI-640 b,19.2794468,0.56044903,181.16219199,Mass,0.06608,2.082,341.997,2021,Transit,Transiting Exoplanet Survey Satellite (TESS)
K2-157 d,5.16,,23.3,Msini,0.309,0.86,298.373,2025,Radial Velocity,Paranal Observatory
TOI-1117 c,2.91,,8.78,Msini,0.0534,1.05,167.598,2025,Radial Velocity,La Silla Observatory
TOI-1117 d,3.27,,10.71,Msini,0.0817,1.05,167.598,2025,Radial Velocity,La Silla Observatory
Proxima Cen d,0.692,,0.26,Msini,0.02881,0.141,1.30119,2025,Radial Velocity,La Silla Observatory
Proxima Cen b,1.02,,1.055,Msini,0.04848,0.141,1.30119,2016,Radial Velocity,European Southern Observatory
LP 261-75 b,12.1,,6674.396547,Mass,450.0,0.308,33.928,2006,Imaging,Apache Point Observatory
KOI-134 b,12.03844527,0.19055267,346.43296363,Mass,0.363,1.667,1159.21,2025,Transit,Kepler
TIC 88785435 b,5.03,0.21,22.3,M-R relationship,0.08432,0.911,122.386,2025,Transit,Transiting Exoplanet Survey Satellite (TESS)
TOI-1238 c,2.11,0.14,8.32,Mass,0.037,0.58,70.7145,2022,Transit,Transiting Exoplanet Survey Satellite (TESS)
TOI-1238 b,1.21,0.11,3.76,Mass,0.0139,0.58,70.7145,2022,Transit,Transiting Exoplanet Survey Satellite (TESS)
KOI-1843.03,0.61,0.12,8.0,Mass,0.005,0.45,134.311,2013,Transit,Kepler
TOI-5143 c,16.25302201,2.01761653,,Msini,0.05602,0.852,181.38,2025,Transit,Transiting Exoplanet Survey Satellite (TESS)
TOI-1803 b,2.99,0.08,10.32,Mass,0.06,0.715,119.24,2025,Transit,Transiting Exoplanet Survey Satellite (TESS)
TOI-5882 b,11.46678726,0.50440413,6995.40323807,Mass,0.0804,2.26,416.104,2025,Transit,Transiting Exoplanet Survey Satellite (TESS)
TOI-4465 b,14.01122587,0.89671846,1872.00931723,Mass,0.416,1.014,121.139,2025,Transit,Transiting Exoplanet Survey Satellite (TESS)
TOI-1478 b,11.99360935,1.79343691,279.68899816,Mass,0.0818,1.048,152.892,2021,Transit,Transiting Exoplanet Survey Satellite (TESS)
HIP 67851 b,13.7,,365.50266805,Msini,0.42,5.45,64.1181,2015,Radial Velocity,Multiple Observatories
HIP 67851 c,12.7,,2204.77565936,Mass,4.55,5.45,64.1181,2015,Radial Velocity,Multiple Observatories
TOI-2346 b,16.11851425,0.48198617,394.10722468,Mass,0.0473,1.38,437.484,2025,Transit,Transiting Exoplanet Survey Satellite (TESS)
HD 94890 b,13.3,,676.97450691,Msini,2.07,10.71,61.7012,2025,Radial Velocity,La Silla Observatory
HD 87816 b,12.7,,2142.16346318,Msini,1.618,9.0,133.233,2025,Radial Velocity,La Silla Observatory
TOI-2886 b,18.6405349,0.45956821,444.9597698,Mass,0.02871,1.241,413.673,2025,Transit,Transiting Exoplanet Survey Satellite (TESS)
TOI-2876 b,9.6397234,0.33626942,54.03082919,Mass,0.0654,0.873,225.744,2025,Transit,Transiting Exoplanet Survey Satellite (TESS)
TOI-2986 b,9.292245,0.25780656,96.61983573,Mass,0.04489,1.458,563.149,2025,Transit,Transiting Exoplanet Survey Satellite (TESS)
WASP-116 b,13.67495645,0.67253884,203.41018048,Mass,0.065,1.426,559.243,2025,Transit,SuperWASP
HD 102888 b,12.8,,1808.44363583,Msini,1.05,8.6,126.484,2025,Radial Velocity,La Silla Observatory
HD 94890 c,12.5,,2831.85110637,Msini,4.33,10.71,61.7012,2025,Radial Velocity,La Silla Observatory
TOI-3135 b,13.65253849,0.33626942,327.36325921,Mass,0.04756,0.985,221.673,2025,Transit,Transiting Exoplanet Survey Satellite (TESS)
Gaia-4 b,12.4,,3750.3752026,Mass,,0.624,73.4829,2025,Astrometry,European Space Agency (ESA) Gaia Satellite
WASP-188 b,14.81827249,0.57165802,458.6263913,Mass,0.072,1.83,675.281,2025,Transit,SuperWASP
WASP-154 b,10.76062147,0.67253884,198.96058278,Mass,0.044,0.823,215.501,2025,Transit,SuperWASP
TIC 434398831 b,3.51,0.22,12.1,M-R relationship,0.04641,0.909,217.011,2025,Transit,Transiting Exoplanet Survey Satellite (TESS)
TOI-3464 b,13.7646283,0.6389119,397.28550875,Mass,0.0515,1.56,597.774,2025,Transit,Transiting Exoplanet Survey Satellite (TESS)
HR 858 c,1.979,0.054,3.8,Mass,0.0687,1.258,31.964,2019,Transit,Transiting Exoplanet Survey Satellite (TESS)
WASP-197 b,14.44837612,0.54924005,403.32424848,Mass,0.065,2.112,483.675,2025,Transit,SuperWASP
WASP-102 b,14.90794433,0.56044903,197.68926915,Mass,0.041,1.375,535.689,2025,Transit,SuperWASP
TOI-3486 b,10.5700688,0.33626942,99.16246298,Mass,0.03138,0.788,154.715,2025,Transit,Transiting Exoplanet Survey Satellite (TESS)
TOI-2328 b,9.97599282,0.33626942,50.85254512,Mass,0.127,0.9,231.782,2025,Transit,Transiting Exoplanet Survey Satellite (TESS)
TOI-3837 b,10.87271128,0.56044903,187.51876013,Mass,0.099,1.2,311.705,2025,Transit,Transiting Exoplanet Survey Satellite (TESS)
Gl 410 b,2.83,,8.4,Msini,0.0531,0.543,11.9324,2025,Radial Velocity,Mauna Kea Observatory
HD 219666 b,4.898,0.06,17.6,Mass,0.06356,1.059,94.1719,2018,Transit,Transiting Exoplanet Survey Satellite (TESS)
TOI-3682 b,12.80065596,0.40352331,69.28659273,Mass,0.048,1.735,404.211,2025,Transit,Transiting Exoplanet Survey Satellite (TESS)
TOI-6628 b,10.98480109,0.67253884,235.19302118,Mass,0.134,1.01,320.527,2025,Transit,Transiting Exoplanet Survey Satellite (TESS)
Kepler-289 e,2.94,0.46,17.4,Mass,0.9342,0.985,704.438,2025,Transit,Kepler
KMT-2022-BLG-2076L b,13.9,,279.68899816,Mass,5.67,,5570.0,2025,Microlensing,KMTNet
TOI-4214 b,10.68215861,0.35868738,165.27077164,Mass,0.05018,1.434,346.881,2025,Transit,Transiting Exoplanet Survey Satellite (TESS)
GJ 581 c,2.5,,6.81,Mass,0.0718,0.302,6.2981,2007,Radial Velocity,La Silla Observatory
G 192-15 c,3.87,,14.3,Msini,1.137,0.170718,9.53114,2025,Radial Velocity,Calar Alto Observatory
G 268-110 b,1.13,,1.52,Msini,0.01283,0.177,,2025,Radial Velocity,Calar Alto Observatory
TOI-2449 b,11.24,0.1,222.0,Mass,0.45,1.065,156.786,2025,Transit,Transiting Exoplanet Survey Satellite (TESS)
KMT-2024-BLG-2242L b,3.82,,13.98444991,Mass,0.89,,7620.0,2025,Microlensing,KMTNet
GJ 508.2 b,,,587.98255295,Msini,4.85,0.53,16.6374,2025,Radial Velocity,Calar Alto Observatory
GJ 3512 c,14.3,,143.97626837,Msini,1.731,0.139,9.48637,2020,Radial Velocity,Multiple Observatories
HD 28471 b,1.75,,3.72,Msini,0.042,1.08,43.6455,2025,Radial Velocity,La Silla Observatory
HD 28471 c,2.26,,5.72,Msini,0.065,1.08,43.6455,2025,Radial Velocity,La Silla Observatory
NGTS-32 b,15.91675259,0.33626942,181.16219199,Mass,0.044,1.85,837.457,2025,Transit,Next-Generation Transit Survey (NGTS)
HD 143811 AB b,15.69257298,1.12089807,1938.7532827,Mass,63.0,1.68398,136.608,2025,Imaging,Paranal Observatory
AF Lep b,13.0,,1147.36054927,Mass,8.996,1.25,26.8564,2023,Imaging,Paranal Observatory
TOI-238 b,1.559,0.047,3.37,Mass,0.0212,0.756,80.5407,2024,Transit,Transiting Exoplanet Survey Satellite (TESS)
HD 152843 b,3.05,0.11,9.82,Mass,0.1049,1.43,107.898,2021,Transit,Transiting Exoplanet Survey Satellite (TESS)
MOA-2022-BLG-033L b,3.52,,12.15,Mass,2.15,,1840.0,2025,Microlensing,MOA
HD 28471 d,2.06,,4.91,Msini,0.1,1.08,43.6455,2025,Radial Velocity,La Silla Observatory
HD 152843 c,5.94,0.18,9.67,Mass,0.1482,1.43,107.898,2021,Transit,Transiting Exoplanet Survey Satellite (TESS)
KMT-2023-BLG-1896L b,4.19,,16.35,Mass,2.86,,5490.0,2025,Microlensing,KMTNet
KMT-2023-BLG-0119L b,11.0,,83.7,Mass,3.14,,5410.0,2025,Microlensing,KMTNet
TOI-6054.02,2.82,0.17,9.3,Mass,0.1079,1.662,79.407,2024,Transit,Transiting Exoplanet Survey Satellite (TESS)
WASP-110 b,13.19297028,0.31385146,154.78243421,Mass,,0.853,274.96,2021,Transit,Paranal Observatory
K2-233 d,2.363,0.062,10.3,Mass,0.1516,0.71,67.5062,2018,Transit,K2
K2-233 c,1.272,0.038,4.6,Mass,0.0664,0.71,67.5062,2018,Transit,K2
BEBOP-4 AB b,,,8358.8871041,Mass,3.634,2.75645,234.294,2025,Radial Velocity,Haute-Provence Observatory
2MASS J22501512+2325342 b,11.9,,9534.85221,Mass,518.0,0.437589,57.2309,2018,Imaging,The 2 (Two) Micron All Sky Survey (2MASS)
WASP-4 b,15.12091496,0.12329879,381.3940884,Mass,0.02261,0.912,267.206,2007,Transit,SuperWASP
Kepler-391 b,2.5,0.29,1100.0,Mass,0.083,2.879,869.236,2014,Transit,Kepler
GJ 251 b,1.79,,3.85,Msini,0.0808,0.36,5.58057,2020,Radial Velocity,W. M. Keck Observatory
TOI-1438 b,3.04,0.19,9.4,Mass,0.0553,0.82,110.513,2025,Transit,Transiting Exoplanet Survey Satellite (TESS)
GJ 536 c,2.3,,5.89,Msini,0.1617,0.529,10.4092,2025,Radial Velocity,Multiple Facilities
TOI-1438 c,2.75,0.14,10.6,Mass,0.083,0.82,110.513,2025,Transit,Transiting Exoplanet Survey Satellite (TESS)
Kepler-391 c,2.88,0.33,450.0,Mass,0.164,2.879,869.236,2014,Transit,Kepler
TOI-756 b,2.81,0.1,9.83,Mass,0.018,0.505,86.1759,2025,Transit,Transiting Exoplanet Survey Satellite (TESS)
TOI-756 c,13.0,,1287.20504835,Msini,0.439,0.505,86.1759,2025,Radial Velocity,La Silla Observatory
HD 224018 d,2.4,0.1,4.2,Mass,0.53,1.147,105.48,2025,Transit,K2
TOI-2141 c,2.35,,6.14,Msini,0.0585,0.95,77.682,2025,Radial Velocity,Roque de los Muchachos Observatory
TOI-6448 b,8.47398941,0.76221069,54.0,M-R relationship,0.131,0.897,386.879,2025,Transit,Transiting Exoplanet Survey Satellite (TESS)
K2-214 b,2.51,0.14,6.85,M-R relationship,0.0834,1.236,300.64,2018,Transit,K2
51 Eri b,,,3464.3296363,Mass,10.4,1.45,29.7575,2015,Imaging,Gemini Observatory
TOI-1203.01,2.918,0.046,7.39,Mass,0.1632,1.179,64.9943,2021,Transit,Transiting Exoplanet Survey Satellite (TESS)
TOI-2093 c,2.3,0.12,15.8,Mass,0.257,0.729,82.7982,2025,Transit,Transiting Exoplanet Survey Satellite (TESS)
KMT-2024-BLG-1209L b,13.2,,839.06699448,Mass,2.51,,3930.0,2025,Microlensing,KMTNet
HD 135344 A b,16.25302201,0.67253884,3178.28407,Mass,16.5,1.5,141.595,2025,Imaging,Paranal Observatory
K2-10 b,3.773,0.088,25.2,Mass,0.137,0.956,272.36,2015,Transit,K2
TOI-1203 b,1.52,0.045,3.51,Mass,0.04869,1.179,64.9943,2025,Radial Velocity,La Silla Observatory
TOI-1203 c,2.2,,5.46,Msini,,1.179,64.9943,2025,Radial Velocity,La Silla Observatory
HIP 18606 b,14.0,,244.72787339,Msini,1.61,4.83,47.0288,2025,Radial Velocity,Multiple Observatories
HIP 111909 c,13.9,,257.44100967,Msini,1.97,4.53,88.077,2025,Radial Velocity,Multiple Observatories
TIC 257060897 b,17.26183028,0.48198617,201.50321004,Mass,0.04922,1.863,505.703,2021,Transit,Transiting Exoplanet Survey Satellite (TESS)
OGLE-2016-BLG-1266L b,12.4,,3813.940884,Mass,0.43,,3080.0,2018,Microlensing,OGLE
BD+37 3172 b,12.4,,3368.9811142,Msini,4.65,50.24,454.251,2023,Radial Velocity,McDonald Observatory
TOI-654.01,2.378,0.089,8.71,Mass,0.01944,0.43,57.7553,2024,Transit,Transiting Exoplanet Survey Satellite (TESS)
K2-37 b,1.39,0.1,2.51,M-R relationship,0.05105,0.809,179.943,2016,Transit,K2
K2-37 d,2.31,0.21,12.5,Mass,0.1102,0.809,179.943,2016,Transit,K2
K2-55 b,4.43,0.29,44.0,Mass,0.03486,0.715,159.522,2016,Transit,K2
TOI-5261 b,11.60129502,0.47077719,3651.84839643,Mass,0.05134,1.021,377.054,2025,Transit,Transiting Exoplanet Survey Satellite (TESS)
TOI-4773 b,15.22179579,0.54924005,1687.66884117,Mass,0.03216,1.55,492.888,2025,Transit,Transiting Exoplanet Survey Satellite (TESS)
BD+42 2315 b,14.2,,174.80562385,Msini,0.54,17.85,610.715,2023,Radial Velocity,McDonald Observatory
Ross 176 b,1.84,0.08,4.57,Mass,0.0464,0.569,46.4488,2025,Transit,Transiting Exoplanet Survey Satellite (TESS)
K2-62 c,1.99,0.19,4.62,M-R relationship,0.1148,0.696,112.467,2016,Transit,K2
K2-61 b,1.92,0.11,4.35,M-R relationship,0.0392,0.995,405.732,2016,Transit,K2
TOI-6420 b,11.93756445,0.72858375,2606.1929374,Mass,0.0753,1.312,634.712,2025,Transit,Transiting Exoplanet Survey Satellite (TESS)
TOI-5350 b,12.41955062,0.42594127,2094.48920213,Mass,0.0796,1.263,277.419,2025,Transit,Transiting Exoplanet Survey Satellite (TESS)
TOI-5817 b,3.08,0.14,10.3,Mass,0.1223,1.427,80.7542,2025,Transit,Transiting Exoplanet Survey Satellite (TESS)
K2-73 b,2.58,0.13,9.2,Mass,0.07619,1.058,269.183,2016,Transit,K2
TOI-5799 b,1.733,0.096,3.65,M-R relationship,0.0348,0.321,27.8123,2024,Transit,Transiting Exoplanet Survey Satellite (TESS)
TOI-1346 b,2.39,0.16,6.3,M-R relationship,,0.78,115.45,2025,Transit,Transiting Exoplanet Survey Satellite (TESS)
TOI-1346 c,2.23,0.14,5.6,M-R relationship,,0.78,115.45,2025,Transit,Transiting Exoplanet Survey Satellite (TESS)
K2-105 b,3.4,0.12,15.4,Mass,0.0796,0.905,197.989,2017,Transit,K2
TOI-5799 c,1.76,0.11,3.75,M-R relationship,0.0782,0.321,27.8123,2025,Transit,Transiting Exoplanet Survey Satellite (TESS)
TOI-6223 b,5.07,0.22,22.6,M-R relationship,0.04018,0.576,133.122,2025,Transit,Transiting Exoplanet Survey Satellite (TESS)
KOI-351 g,7.718,0.206,15.0,Mass,0.71704,1.185,848.254,2013,Transit,Kepler
HD 63433 c,2.692,0.108,15.539,Mass,0.146,0.934,22.4035,2020,Transit,Transiting Exoplanet Survey Satellite (TESS)
HD 17156 b,12.26262489,0.3474784,1036.12060682,Mass,0.1632,1.517,78.0863,2007,Radial Velocity,Subaru Telescope
TOI-6000 b,0.94,0.05,0.779,M-R relationship,,0.38,75.7664,2025,Transit,Transiting Exoplanet Survey Satellite (TESS)
K2-189 c,2.31,0.14,5.95,M-R relationship,0.068,0.879,242.113,2018,Transit,K2
KMT-2024-BLG-0404L b,11.9,,8657.64580668,Mass,0.85,,7210.0,2025,Microlensing,KMTNet
KMT-2024-BLG-1281L b,4.59,,19.06970442,Mass,1.96,,7180.0,2025,Microlensing,KMTNet
GJ 317 b,13.3,,794.5,Mass,1.138,0.403,15.1968,2007,Radial Velocity,W. M. Keck Observatory
TOI-6303 b,11.59,0.61,2493.0,Mass,0.0761,0.609,152.219,2025,Transit,Transiting Exoplanet Survey Satellite (TESS)
LHS 1903 d,2.5,0.078,5.96,Mass,0.08604,0.539,35.6917,2026,Transit,Transiting Exoplanet Survey Satellite (TESS)
LHS 1903 e,1.732,0.059,5.79,Mass,0.15135,0.539,35.6917,2026,Transit,CHaracterising ExOPlanets Satellite (CHEOPS)
WASP-120 b,15.58048317,0.89671846,1541.4755,Mass,0.0514,1.68443,381.174,2016,Transit,SuperWASP
WASP-140 b,14.23540549,0.67253884,775.5052,Mass,0.0323,0.87,117.598,2016,Transit,SuperWASP-South
HD 85426 c,3.19,,10.3,Msini,,1.1303,53.974,2026,Radial Velocity,Multiple Observatories
TOI-1774.01,2.78,0.05,8.5,Msini,,1.1303,53.974,2021,Transit,Transiting Exoplanet Survey Satellite (TESS)
HD 176986 b,,,1487.75477317,Mass,0.062956,0.782,27.7843,2017,Radial Velocity,Multiple Observatories
KOINTREAU-3 b,13.1,,1080.6165838,Mass,342.0,0.730795,140.563,2026,Imaging,W. M. Keck Observatory
PDS 70 b,21.96960217,2.24179614,1017.0509024,Mass,20.8,1.26,113.064,2018,Imaging,Paranal Observatory
HD 176986 d,2.49,,6.76,Msini,0.28149,0.782,27.7843,2026,Radial Velocity,Multiple Observatories
TOI-6692 b,11.67975789,0.56044903,197.05361234,Mass,0.512,1.385,312.903,2026,Transit,Transiting Exoplanet Survey Satellite (TESS)
TOI-4342 b,2.329,0.086,7.3,Mass,0.0519,0.598,61.5204,2023,Transit,Transiting Exoplanet Survey Satellite (TESS)
PDS 70 c,22.19378179,4.37150247,2383.7130525,Mass,34.3,1.26,113.064,2019,Imaging,European Southern Observatory
V2376 Ori b,87.20586985,10.87271128,6356.56814,Mass,71.0,,,2025,Imaging,Multiple Observatories
TOI-5489 b,1.4,0.05,2.54,M-R relationship,,0.42,45.0907,2025,Transit,Transiting Exoplanet Survey Satellite (TESS)
HD 208487 b,14.3,,146.20106722,Msini,0.53,1.16,45.147,2004,Radial Velocity,Anglo-Australian Telescope
HD 181433 b,,,1708.64551603,Mass,0.0828,0.79,26.8762,2008,Radial Velocity,La Silla Observatory
TOI-1135 b,9.91994792,0.31385146,58.79825529,Mass,0.0815,1.202,114.048,2024,Transit,Transiting Exoplanet Survey Satellite (TESS)
TOI-5716 b,0.96,0.05,0.84,M-R relationship,,0.22,39.4122,2025,Transit,Transiting Exoplanet Survey Satellite (TESS)
HD 181433 d,13.2,,858.1366989,Mass,6.74,0.79,26.8762,2008,Radial Velocity,La Silla Observatory
HD 181433 c,,,2207.00045821,Mass,1.885,0.79,26.8762,2008,Radial Velocity,La Silla Observatory
DMPP-1 b,4.26,,16.8,Msini,0.1423,1.26,62.5388,2019,Radial Velocity,La Silla Observatory
TOI-4940 b,6.61,0.37,89.0,Mass,0.165,1.163,345.659,2025,Transit,Transiting Exoplanet Survey Satellite (TESS)
TOI-5734 b,2.1,0.12,9.1,Mass,0.05921,0.639,32.5102,2026,Transit,Transiting Exoplanet Survey Satellite (TESS)
GJ 480 b,2.91,,8.8,Msini,0.068,0.449,14.2358,2020,Radial Velocity,Multiple Observatories
DMPP-1 d,2.02,,4.72,Msini,0.04467,1.26,62.5388,2019,Radial Velocity,La Silla Observatory
DMPP-2 b,14.2,,171.48,Msini,0.06638,1.78,137.94,2019,Radial Velocity,Multiple Facilities
K2-19 d,1.044,0.064,6.2,Mass,0.03478,0.824,289.827,2016,Transit,K2
NGTS-35 b,10.9,0.65,152.0,Mass,0.16,0.753,183.078,2025,Transit,Transiting Exoplanet Survey Satellite (TESS)
TOI-2267 c,1.14,0.13,1.55,M-R relationship,0.0263,0.2075,22.55,2025,Transit,Transiting Exoplanet Survey Satellite (TESS)
TOI-2267 b,1.0,0.11,0.972,M-R relationship,0.0205,0.2075,22.55,2025,Transit,Transiting Exoplanet Survey Satellite (TESS)
HD 39194 c,2.65,,7.49,Msini,0.1083,0.783742,26.4131,2021,Radial Velocity,La Silla Observatory
DMPP-3 A b,1.44,,2.67,Msini,0.05958,0.91,46.8917,2019,Radial Velocity,La Silla Observatory
TOI-5007 b,11.07447293,0.3474784,211.03806225,Mass,0.0307,0.656,203.352,2026,Transit,Transiting Exoplanet Survey Satellite (TESS)
TOI-7166 b,2.01,0.06,4.7,M-R relationship,0.06191,0.222,35.4153,2025,Transit,Transiting Exoplanet Survey Satellite (TESS)
TOI-375 b,10.77183045,0.49319515,236.78216321,Mass,0.099,2.9,396.213,2026,Transit,Transiting Exoplanet Survey Satellite (TESS)
TOI-5422 b,9.10169233,0.3474784,8899.195396,Mass,0.0619,1.474,346.141,2026,Transit,Transiting Exoplanet Survey Satellite (TESS)
HD 28185 b,12.8,,1859.29618095,Msini,1.034,1.048,39.3809,2001,Radial Velocity,La Silla Observatory
XO-3 b,14.79585452,0.28022452,4217.58296089,Mass,0.04815,1.523,213.053,2007,Transit,XO
DMPP-6 c,3.74,,13.47,Msini,0.2206,1.27,54.6303,2026,Radial Velocity,Multiple Observatories
TOI-7510 b,7.31,0.23,18.1,Mass,0.1019,1.035,249.006,2025,Transit,Transiting Exoplanet Survey Satellite (TESS)
TOI-5788 c,2.272,0.039,6.4,Mass,0.1197,0.87,97.614,2026,Transit,Transiting Exoplanet Survey Satellite (TESS)
TOI-5788 b,1.528,0.075,3.72,Mass,0.064,0.87,97.614,2026,Transit,Transiting Exoplanet Survey Satellite (TESS)
DMPP-9 b,3.89,,14.43,Msini,0.1097,1.26,109.539,2026,Radial Velocity,Multiple Observatories
HD 72659 c,12.1,,6165.8710958,Mass,21.5,1.36,51.8949,2022,Radial Velocity,Multiple Observatories
KMT-2020-BLG-0202L b,12.4,,3902.93283796,Mass,4.17,,3840.0,2026,Microlensing,KMTNet
KMT-2022-BLG-1551L b,13.2,,940.77208472,Mass,2.29,,6900.0,2026,Microlensing,KMTNet
HD 95338 b,4.27174254,0.03923143,42.9,Mass,0.262,0.868,36.9941,2020,Radial Velocity,Las Campanas Observatory
KMT-2022-BLG-1818L b,13.0,,1271.313628,Mass,2.6,,5300.0,2026,Microlensing,KMTNet
TOI-1243 b,2.33,0.12,7.7,Mass,,0.511,43.1865,2026,Transit,Transiting Exoplanet Survey Satellite (TESS)
TOI-5938 b,3.82,0.11,14.0,M-R relationship,0.0308,0.712,114.035,2026,Transit,Transiting Exoplanet Survey Satellite (TESS)
TOI-7009 b,3.71,0.15,13.3,M-R relationship,0.0287,0.564,184.12,2026,Transit,Transiting Exoplanet Survey Satellite (TESS)
KMT-2025-BLG-0121L b,12.6,,2469.52672239,Mass,3.05,,6200.0,2026,Microlensing,KMTNet
HD 28109 b,2.69,0.23,6.2,Mass,0.1357,1.425,139.611,2022,Transit,Transiting Exoplanet Survey Satellite (TESS)
TOI-5388.01,0.99,0.07,2.2,Mass,0.024335855,0.3,18.5226,2024,Transit,Transiting Exoplanet Survey Satellite (TESS)
KMT-2024-BLG-2087L b,12.9,,1395.26670673,Mass,3.03,,7190.0,2026,Microlensing,KMTNet
HD 100508 b,13.7,,381.3940884,Mass,6.11,1.0179,32.7548,2026,Radial Velocity,Las Campanas Observatory
HD 114386 c,13.4,,117.59651059,Msini,1.05,0.76,27.9243,2026,Radial Velocity,Las Campanas Observatory
HD 28109 d,3.11,0.15,5.8,Mass,0.411,1.425,139.611,2022,Transit,Transiting Exoplanet Survey Satellite (TESS)
KMT-2020-BLG-0414L b,1.2,,1.87,Mass,2.07,,1220.0,2021,Microlensing,KMTNet
TOI-6716 b,0.982,0.067,0.911,M-R relationship,0.0319,0.231,18.8873,2026,Transit,Transiting Exoplanet Survey Satellite (TESS)
HD 154345 b,13.7,,376.9444907,Mass,4.158,0.85,18.284,2006,Radial Velocity,W. M. Keck Observatory
HD 217107 b,13.6,,459.57987652,Mass,0.07359,1.2245,20.0619,1998,Radial Velocity,Lick Observatory
TOI-1472 b,4.058,0.098,18.05,Mass,0.064,0.84,121.84,2024,Transit,Transiting Exoplanet Survey Satellite (TESS)
TOI-1648 b,2.54,0.14,7.4,Mass,0.0694,0.81,69.835,2025,Transit,Transiting Exoplanet Survey Satellite (TESS)
HD 164604 b,12.3,,4195.3349724,Mass,1.362,0.78,39.3633,2009,Radial Velocity,Las Campanas Observatory
HD 164604 c,12.5,,3019.3698665,Mass,5.556,0.78,39.3633,2026,Radial Velocity,Las Campanas Observatory
HIP 54515 b,12.2,,5625.5628039,Mass,24.8,1.64915,82.8101,2026,Imaging,Subaru Telescope
TOI-1518 b,21.05046575,0.47077719,581.62598481,Mass,0.03712,1.942,225.888,2021,Transit,Multiple Observatories
GJ 4274 b,1.53,,2.97,Msini,0.0153,0.19,7.23556,2026,Radial Velocity,Mauna Kea Observatory
LHS 1903 b,1.382,0.046,3.28,Mass,0.02656,0.539,35.6917,2026,Transit,Transiting Exoplanet Survey Satellite (TESS)
LHS 1903 c,2.046,0.078,4.55,Mass,0.05387,0.539,35.6917,2026,Transit,Transiting Exoplanet Survey Satellite (TESS)
TOI-1080 b,1.2,0.058,10.7,Mass,0.0272,0.2019,25.559,2026,Transit,Transiting Exoplanet Survey Satellite (TESS)
TOI-2145 b,12.24020692,0.33626942,1805.26535176,Mass,0.1117,2.75,224.731,2023,Transit,Transiting Exoplanet Survey Satellite (TESS)
TIC 231949697 b,1.52831855,0.34944237,2.95,M-R relationship,,0.492584,50.2408,2026,Transit,Transiting Exoplanet Survey Satellite (TESS)
CWISEP J193518.59-154620.3 b,12.2,,4926.3403085,Mass,2.48,,14.43,2025,Imaging,James Webb Space Telescope (JWST)
HD 202772 A b,18.2370116,0.78462865,323.54931833,Mass,0.05208,2.554,161.498,2019,Transit,Transiting Exoplanet Survey Satellite (TESS)
TOI-4588 b,2.92922558,0.32112619,8.9,M-R relationship,0.1376,1.57458,225.181,2026,Transit,Kepler
TOI-4513 b,2.34587608,0.27093052,6.11,M-R relationship,,0.796628,102.609,2026,Transit,Transiting Exoplanet Survey Satellite (TESS)
TIC 24750448 b,2.43722231,0.31643391,6.51,M-R relationship,,0.713599,178.146,2026,Transit,Transiting Exoplanet Survey Satellite (TESS)
TOI-4127 b,12.07,0.5,743.71847238,Mass,0.303,1.293,319.632,2023,Transit,Transiting Exoplanet Survey Satellite (TESS)
TOI-697 b,2.35859364,0.20903984,6.16,M-R relationship,,0.968149,93.7714,2026,Transit,Transiting Exoplanet Survey Satellite (TESS)
TOI-4561 b,1.77789214,0.26732078,3.81,M-R relationship,,0.851957,179.008,2026,Transit,Transiting Exoplanet Survey Satellite (TESS)
TIC 24750448 c,3.09028272,0.42332739,9.75,M-R relationship,,0.713599,178.146,2026,Transit,Transiting Exoplanet Survey Satellite (TESS)
GJ 1137 c,2.11,,5.12,Msini,0.0835,0.837,28.5159,2026,Radial Velocity,La Silla Observatory
TIC 87422071 b,10.8615023,0.97518132,409.99864503,Mass,0.106,1.489,384.758,2026,Transit,Transiting Exoplanet Survey Satellite (TESS)
TOI-883 b,7.17166228,0.47668767,40.7,M-R relationship,,1.01477,102.637,2026,Transit,Transiting Exoplanet Survey Satellite (TESS)
TOI-4640 b,2.84326517,0.2691204,8.46,M-R relationship,,1.06715,245.089,2026,Transit,Transiting Exoplanet Survey Satellite (TESS)
TIC 38828280 b,2.62701629,0.83334438,7.4,M-R relationship,,0.741147,286.415,2026,Transit,Transiting Exoplanet Survey Satellite (TESS)
TIC 147027702 b,10.92875618,0.72858375,346.43296363,Mass,0.274,2.136,457.186,2026,Transit,Transiting Exoplanet Survey Satellite (TESS)
TIC 245076932 b,10.87271128,0.53803107,162.09248757,Mass,0.157,1.288,303.96,2026,Transit,Transiting Exoplanet Survey Satellite (TESS)
TOI-921 b,3.53409617,0.45814199,12.2,M-R relationship,,1.14165,294.015,2026,Transit,Transiting Exoplanet Survey Satellite (TESS)
TOI-4930 b,6.93277225,0.56664636,38.4,M-R relationship,,1.15926,413.757,2026,Transit,Transiting Exoplanet Survey Satellite (TESS)
TIC 62895484 b,3.49391667,0.34644116,12.0,M-R relationship,,0.874291,294.857,2026,Transit,Transiting Exoplanet Survey Satellite (TESS)
TOI-941 b,6.51165317,0.4529866,34.6,M-R relationship,,1.1849,263.386,2026,Transit,Transiting Exoplanet Survey Satellite (TESS)
TOI-5159 b,1.54732112,0.14990024,3.01,M-R relationship,,0.854084,55.1788,2026,Transit,Transiting Exoplanet Survey Satellite (TESS)
TIC 86380416 b,2.4123612,0.29307308,6.4,M-R relationship,,0.989724,244.68,2026,Transit,Transiting Exoplanet Survey Satellite (TESS)
K2-19 b,7.0,0.2,30.8,Mass,0.07487,0.82,289.827,2015,Transit,K2
TOI-5335 b,4.02422162,0.84491911,15.3,M-R relationship,,0.916633,331.289,2026,Transit,Transiting Exoplanet Survey Satellite (TESS)
TIC 88692598 b,1.81295951,0.20824409,3.94,M-R relationship,,0.532473,73.5258,2026,Transit,Transiting Exoplanet Survey Satellite (TESS)
TOI-1752 b,1.693,0.068,3.51,M-R relationship,0.01624,0.53,103.021,2026,Transit,Transiting Exoplanet Survey Satellite (TESS)
TOI-1269 c,2.22999162,0.2429504,5.6,M-R relationship,,0.848906,172.138,2026,Transit,Transiting Exoplanet Survey Satellite (TESS)
TOI-5486 b,3.96824928,0.40461614,14.9,M-R relationship,,0.553216,89.6811,2026,Transit,Transiting Exoplanet Survey Satellite (TESS)
TIC 139702105 b,2.45316949,0.29500474,6.59,M-R relationship,,1.25423,91.7884,2026,Transit,Transiting Exoplanet Survey Satellite (TESS)
TOI-5624 c,2.474,0.042,4.8,Mass,0.07374,0.82,101.913,2026,Transit,Transiting Exoplanet Survey Satellite (TESS)
TOI-1718 b,4.10824994,0.2740553,15.8,M-R relationship,,0.939285,52.3044,2026,Transit,Transiting Exoplanet Survey Satellite (TESS)
TOI-5532 b,2.52763693,0.64556628,6.93,M-R relationship,,0.662052,90.9985,2026,Transit,Transiting Exoplanet Survey Satellite (TESS)
TIC 161045582 b,2.24566738,0.25949107,5.67,M-R relationship,,1.07976,162.246,2026,Transit,Transiting Exoplanet Survey Satellite (TESS)
TOI-1232 c,8.88,,58.48042689,Mass,0.194,1.072,328.604,2026,Transit Timing Variations,Transiting Exoplanet Survey Satellite (TESS)
TOI-1732 b,2.49549787,0.26967151,6.78,M-R relationship,,0.632571,74.7599,2026,Transit,Transiting Exoplanet Survey Satellite (TESS)
TOI-5605 b,2.52611303,0.34360463,6.92,M-R relationship,,0.736044,95.0735,2026,Transit,Transiting Exoplanet Survey Satellite (TESS)
TOI-1756 b,1.94225664,0.34679104,4.43,M-R relationship,,0.562607,86.7159,2026,Transit,Transiting Exoplanet Survey Satellite (TESS)
TOI-5630 b,2.37117553,0.20543259,6.22,M-R relationship,,0.933361,134.047,2026,Transit,Transiting Exoplanet Survey Satellite (TESS)
TIC 206466666 b,2.14817673,0.29725335,5.26,M-R relationship,,0.667193,127.837,2026,Transit,Transiting Exoplanet Survey Satellite (TESS)
TOI-198 b,1.36,0.13,3.17,Mass,0.0675,0.418,23.7262,2023,Transit,Transiting Exoplanet Survey Satellite (TESS)
KMT-2024-BLG-2005L b,8.18,,50.85254512,Mass,1.12,,7720.0,2026,Microlensing,KMTNet
TOI-1839 b,2.21895097,0.25768041,5.56,M-R relationship,,0.848099,116.086,2026,Transit,Transiting Exoplanet Survey Satellite (TESS)
TOI-5926 b,7.56807148,0.99612024,44.6,M-R relationship,,0.890046,275.103,2026,Transit,Transiting Exoplanet Survey Satellite (TESS)
TIC 290487717 b,6.63777941,0.74098205,35.7,M-R relationship,,0.943767,395.574,2026,Transit,Transiting Exoplanet Survey Satellite (TESS)
TOI-672 b,5.31,0.24,50.9,Mass,0.0376,0.54,66.9071,2023,Transit,Transiting Exoplanet Survey Satellite (TESS)
TOI-2071 b,2.56484195,0.22555937,7.1,M-R relationship,,1.00286,231.311,2026,Transit,Transiting Exoplanet Survey Satellite (TESS)
TOI-4156 c,2.92303762,0.33738824,8.87,M-R relationship,,1.03963,213.719,2026,Transit,Transiting Exoplanet Survey Satellite (TESS)
TIC 356227008 b,2.39024009,0.34361461,6.3,M-R relationship,,0.959792,387.609,2026,Transit,Transiting Exoplanet Survey Satellite (TESS)
TOI-2518 b,2.26838675,0.26231558,5.77,M-R relationship,,0.993374,160.825,2026,Transit,Transiting Exoplanet Survey Satellite (TESS)
TOI-6393 b,2.75958542,0.35078393,8.04,M-R relationship,,0.766023,186.229,2026,Transit,Transiting Exoplanet Survey Satellite (TESS)
EPIC 220674823 b,1.606,0.034,7.54,Mass,0.0132,0.99,244.59,2016,Transit,K2
EPIC 220674823 c,2.712,0.071,7.9,Mass,0.1078,0.99,244.59,2016,Transit,K2
TOI-2654 b,7.94454164,0.56556315,48.4,M-R relationship,,0.756095,248.964,2026,Transit,Transiting Exoplanet Survey Satellite (TESS)
TOI-6699 b,2.32645266,0.41117107,6.02,M-R relationship,,0.75309,85.8463,2026,Transit,Transiting Exoplanet Survey Satellite (TESS)
TOI-1839 c,2.40867246,0.42638903,6.39,M-R relationship,,0.848099,116.086,2026,Transit,Transiting Exoplanet Survey Satellite (TESS)
K2-111 c,3.34,,11.1,Msini,0.11565,1.25,200.394,2020,Radial Velocity,Multiple Observatories
TOI-4156 b,2.53823825,0.27851908,6.98,M-R relationship,,1.03963,213.719,2026,Transit,Transiting Exoplanet Survey Satellite (TESS)
TOI-7333 b,2.09469416,0.20576569,5.04,M-R relationship,,0.666066,157.217,2026,Transit,Transiting Exoplanet Survey Satellite (TESS)
rho CrB e,1.75,,3.71,Msini,0.1061,1.3617,17.4671,2023,Radial Velocity,Lowell Observatory
MOA-2007-BLG-192L b,3.58,,12.49,Mass,2.02,,2160.0,2008,Microlensing,MOA
K2-79 b,4.15,0.19,5.9,Mass,0.0987,1.269,256.011,2016,Transit,K2
K2-111 b,1.837,0.076,5.35,Mass,0.0565,1.25,200.394,2017,Transit,K2
TOI-4363 b,1.76689273,0.24906585,3.77,M-R relationship,,0.69132,77.7751,2026,Transit,Transiting Exoplanet Survey Satellite (TESS)
HD 5388 b,13.1,,1017.0509024,Mass,1.757,1.91,53.0661,2010,Radial Velocity,La Silla Observatory
Kepler-79 b,3.51,0.1,7.6,Mass,0.11929,1.316,1020.72,2012,Transit,Kepler
Kepler-79 c,3.76,0.11,4.6,Mass,0.19144,1.316,1020.72,2012,Transit,Kepler
eps Ind A b,12.7,,2065.8846455,Mass,15.76,0.713,3.63857,2019,Radial Velocity,La Silla Observatory
HD 16760 b,12.1,,6833.3107505,Mass,1.156,0.835,50.17561,2009,Radial Velocity,Multiple Facilities
TOI-3457 b,10.64,0.25,797.74930157,Mass,0.2001,1.474,370.666,2026,Transit,Transiting Exoplanet Survey Satellite (TESS)
TOI-6884 b,10.39072511,0.57165802,8365.24367224,Mass,0.0629,1.84,562.376,2026,Transit,Transiting Exoplanet Survey Satellite (TESS)
TOI-4602.01,2.45,0.23,5.53,Mass,0.04747,1.08,63.0637,2024,Transit,Transiting Exoplanet Survey Satellite (TESS)
TOI-791 b,11.13051784,0.36989636,9.5,Mass,0.602,1.474,341.221,2026,Transit,Transiting Exoplanet Survey Satellite (TESS)
eps Eri b,13.8,,317.828407,Mass,3.53,0.759106,3.2026,2000,Radial Velocity,Multiple Observatories
TOI-791 c,12.94637271,0.44835923,18.6,Mass,0.863,1.474,341.221,2026,Transit,Transiting Exoplanet Survey Satellite (TESS)
HD 190360 b,13.5,,537.0,Mass,3.965,1.14,16.0069,2003,Radial Velocity,Haute-Provence Observatory
HD 190360 c,5.53,,26.2,Mass,0.1298,1.14,16.0069,2005,Radial Velocity,W. M. Keck Observatory
HD 190360 d,3.48,,11.9,Mass,0.3886,1.14,16.0069,2026,Radial Velocity,Multiple Facilities
TOI-3664 b,13.69737442,0.33626942,114.41822652,Mass,0.0431,1.11,464.748,2026,Transit,Transiting Exoplanet Survey Satellite (TESS)
TOI-4034 b,17.71018951,0.22417961,276.51071409,Mass,0.03289,1.83,745.145,2026,Transit,Transiting Exoplanet Survey Satellite (TESS)
HD 126105 b,13.5,,530.77343969,Msini,1.36,4.21,82.8811,2026,Radial Velocity,Multiple Facilities
TIC 52059926 b,10.71,0.52,5380.0,Mass,0.553,0.72,216.581,2026,Transit,Transiting Exoplanet Survey Satellite (TESS)
TOI-4427 b,13.09208946,0.31385146,87.72064033,Mass,0.05389,0.89,198.251,2026,Transit,Transiting Exoplanet Survey Satellite (TESS)
TOI-2049 b,16.64533634,0.79583763,486.27746271,Mass,0.06919,3.2,571.487,2026,Transit,Transiting Exoplanet Survey Satellite (TESS)
TOI-4458 b,12.40834163,0.25780656,552.06794296,Mass,0.0522,1.96,505.432,2026,Transit,Transiting Exoplanet Survey Satellite (TESS)
TOI-159 b,18.18,0.16,1110.0,Mass,0.056,1.62,347.593,2026,Transit,Transiting Exoplanet Survey Satellite (TESS)
COCONUTS-2 b,12.57647635,0.0560449,2383.7130525,Mass,7506.0,0.366,10.8864,2021,Imaging,NASA Infrared Telescope Facility (IRTF)
HD 30177 c,12.9,,1484.25866069,Mass,9.9,1.019,55.5867,2016,Radial Velocity,Multiple Observatories
TOI-1710 b,5.06,0.06,19.1,Mass,0.1652,0.93,81.2271,2022,Transit,Transiting Exoplanet Survey Satellite (TESS)
K2-370 b,2.67,0.05,11.1,Mass,0.0321,0.945,144.202,2022,Transit,K2
HIP 8923 b,12.5,,3171.92750186,Mass,5.9,1.32164,65.9957,2026,Radial Velocity,Multiple Facilities
TOI-201 c,10.4,0.3,4990.0,Mass,4.37,1.31,113.825,2025,Transit Timing Variations,Transiting Exoplanet Survey Satellite (TESS)
KMT-2023-BLG-0332L b,12.0,,6992.224954,Mass,3.2,,6500.0,2026,Microlensing,KMTNet
XO-2 S d,13.0,,1179.14338997,Msini,5.46,1.02,151.398,2024,Radial Velocity,Multiple Observatories
TOI-237 c,1.206,0.035,1.9,M-R relationship,0.016,0.2056,38.0749,2026,Transit,La Silla Observatory
bet Pic b,18.49485,0.67254,2765.1071409,Mass,10.07,1.54416,19.7442,2008,Imaging,Paranal Observatory
bet Pic c,12.5,,2765.1071409,Mass,2.7,1.54416,19.7442,2019,Radial Velocity,La Silla Observatory
bet Pic d,14.12331568,0.33626942,762.7881768,Mass,26.0,1.54416,19.7442,2026,Imaging,Paranal Observatory
Kepler-484 b,2.28,0.07,5.82,M-R relationship,0.09036,0.87,382.136,2016,Transit,Kepler
Kepler-758 c,1.69,0.37,3.5,M-R relationship,0.05768,1.42,1502.32,2016,Transit,Kepler
TOI-4311 b,1.376,0.077,4.5,Mass,0.01817,0.8441,134.988,2026,Transit,Transiting Exoplanet Survey Satellite (TESS)
TOI-2147 b,10.5,0.3,116.0,Mass,0.172,1.39,282.108,2026,Transit,Transiting Exoplanet Survey Satellite (TESS)
TOI-6019 b,12.3,0.3,149.0,Mass,0.1212,2.02,260.342,2026,Transit,Transiting Exoplanet Survey Satellite (TESS)
Kepler-929 b,1.11,0.27,1.41,M-R relationship,0.01982,1.02,1311.23,2016,Transit,Kepler
Kepler-1767 b,3.01299077,,9.34,M-R relationship,0.2873,0.831,820.506,2021,Transit,Kepler
Kepler-223 e,4.6,0.27,4.8,Mass,0.14481,1.72,1859.71,2014,Transit,Kepler
Kepler-1127 b,1.96,0.31,4.5,M-R relationship,0.0556,0.95,842.459,2016,Transit,Kepler
Kepler-1793 b,3.79037518,,13.8,M-R relationship,0.0787,0.764,1189.88,2021,Transit,Kepler
HD 141937 b,12.4,,3591.4609991,Mass,1.54,1.03,33.3622,2002,Radial Velocity,La Silla Observatory
TOI-1272 b,4.26,0.1,24.1,Mass,0.041,0.8,137.572,2022,Transit,Transiting Exoplanet Survey Satellite (TESS)
Kepler-1367 b,0.92,0.07,0.721,M-R relationship,0.0236,0.6,401.484,2016,Transit,Kepler
Kepler-1900 b,1.62314676,,3.27,M-R relationship,0.042,1.041,1540.43,2021,Transit,Kepler
Kepler-1364 b,2.15,0.8,5.27,M-R relationship,0.1284,1.79,1056.9,2016,Transit,Kepler
Kepler-482 b,2.36,0.37,6.17,M-R relationship,0.25787,0.72,313.068,2016,Transit,Kepler
Kepler-1646 b,1.23,0.28,2.04,M-R relationship,0.0295,0.26,127.591,2016,Transit,Kepler
HD 6718 b,13.3,,762.7881768,Mass,3.53,1.02,51.3444,2009,Radial Velocity,La Silla Observatory
Kepler-32 c,2.0,0.2,158.9,Mass,0.09,0.53,323.847,2011,Transit,Kepler
K2-177 b,2.1162048,0.28262597,5.13,M-R relationship,,1.213565,492.167,2018,Transit,K2
Kepler-259 c,2.7,1.31,7.75,M-R relationship,0.217,0.898,1002.14,2014,Transit,Kepler
K2-183 b,1.1,0.1,1.37,M-R relationship,,0.87,329.041,2018,Transit,K2
Kepler-222 d,3.69,1.63,13.2,M-R relationship,0.18,0.869,758.854,2014,Transit,Kepler
Kepler-165 c,2.23,1.35,5.6,M-R relationship,0.11,0.77,560.885,2014,Transit,Kepler
K2-263 b,2.513,0.11,15.4,Mass,0.2573,0.85,162.481,2018,Transit,K2
Kepler-166 d,1.73,0.15,3.64,M-R relationship,0.02449,0.83,603.53,2016,Transit,Kepler
Kepler-52 b,2.1,,135.0,Mass,0.0637,0.52,321.542,2012,Transit,Kepler
K2-186 b,3.17207779,0.26358217,10.2,M-R relationship,,0.98083,330.739,2018,Transit,K2
K2-195 c,2.57581891,0.27157754,7.16,M-R relationship,,0.906367,315.014,2018,Transit,K2
K2-187 e,1.9,0.3,4.27,M-R relationship,0.1106,0.83,330.916,2018,Transit,K2
K2-187 c,1.4,0.2,2.54,M-R relationship,0.0392,0.83,330.916,2018,Transit,K2
K2-189 b,1.403,0.079,2.55,M-R relationship,0.0361,0.879,242.113,2018,Transit,K2
K2-280 b,7.5,0.44,37.1,Mass,0.1461,1.28,391.537,2018,Transit,K2
K2-381 c,2.0,0.184,4.66,M-R relationship,,0.675,145.701,2022,Transit,K2
Kepler-229 b,2.2,0.78,5.48,M-R relationship,0.062,0.728,826.265,2014,Transit,Kepler
K2-222 b,2.275,0.1,7.5,Mass,0.1186,1.072,101.321,2018,Transit,K2
K2-220 b,2.37,0.14,6.21,M-R relationship,0.1104,1.026,233.514,2018,Transit,K2
Kepler-491 b,8.92,0.8,59.0,M-R relationship,0.05191,1.03,630.785,2016,Transit,Kepler
Kepler-197 b,1.02,0.04,1.04,M-R relationship,0.06,1.12,330.575,2014,Transit,Kepler
Kepler-216 b,2.35,0.46,6.12,M-R relationship,0.079,1.26,1187.47,2014,Transit,Kepler
K2-176 b,1.49090097,0.12341971,2.83,M-R relationship,,0.86416,247.302,2018,Transit,K2
K2-223 b,0.89,0.1,0.64,M-R relationship,0.0127,1.0,198.604,2018,Transit,K2
Kepler-1732 b,4.09903273,,15.7,M-R relationship,0.2015,1.494,1289.41,2021,Transit,Kepler
14 Her b,12.5,,2828.6728223,Mass,2.839,0.93,17.9323,2002,Radial Velocity,W. M. Keck Observatory
16 Cyg B b,13.5,,565.7374,Msini,1.66,1.13,21.1397,1996,Radial Velocity,Multiple Observatories
K2-368 d,1.948,0.152,4.45,M-R relationship,,0.663,206.608,2022,Transit,K2
Kepler-261 b,2.18,0.14,5.39,M-R relationship,0.088,0.794,317.499,2014,Transit,Kepler
1RXS J160929.1-210524 b,18.647,,3000.0,Mass,330.0,1.31316,139.135,2008,Imaging,Gemini Observatory
CoRoT-4 b,13.34,0.67,228.83,Mass,0.09,1.17,726.412,2008,Transit,CoRoT
K2-224 c,2.41,0.16,6.39,M-R relationship,0.0886,0.84,275.255,2018,Transit,K2
K2-368 c,1.361,0.114,2.42,M-R relationship,,0.663,206.608,2022,Transit,K2
24 Sex c,13.9,,273.32,Msini,2.08,4.9,72.0691,2010,Radial Velocity,Lick Observatory
CoRoT-7 b,1.68135,0.11209,4.07660518,Mass,0.017016,0.83,159.906,2009,Transit,CoRoT
K2-226 b,1.53899305,0.10312262,2.98,M-R relationship,0.04095,0.889,211.265,2018,Transit,K2
K2-227 b,1.66551298,1.22117412,3.41,M-R relationship,,0.890666,187.234,2018,Transit,K2
2MASS J12073346-3932539 b,15.69257298,0.33626942,1652.7077164,Mass,46.0,0.21887,64.308,2004,Imaging,Paranal Observatory
CoRoT-7 c,2.83,,8.4,Mass,0.046,0.864273,159.906,2009,Radial Velocity,CoRoT
eps Tau b,12.7,,2285.18624633,Msini,1.878,12.35,47.52852,2006,Radial Velocity,Okayama Astrophysical Observatory
gam1 Leo b,12.5,,2790.43,Msini,1.19,31.88,39.8883,2009,Radial Velocity,Bohyunsan Optical Astronomical Observatory
K2-229 b,1.0,0.02,2.55,Mass,0.0131,0.79,102.564,2018,Transit,K2
Kepler-752 b,2.81,0.26,8.3,M-R relationship,0.1353,0.83,1232.29,2016,Transit,Kepler
CoRoT-9 b,11.948794,0.840675,266.9772,Mass,0.4021,0.96,412.98,2009,Transit,CoRoT
K2-343 b,1.65,0.16,3.36,M-R relationship,,0.46,166.169,2021,Transit,K2
51 Peg b,14.1,,193.87532827,Mass,0.052,1.19,15.4614,1995,Radial Velocity,Haute-Provence Observatory
K2-331 c,2.72,0.14,7.85,M-R relationship,,1.06,211.43,2021,Transit,K2
EPIC 212624936 c,2.3,0.5,5.9,M-R relationship,,0.93,561.929,2021,Transit,K2
K2-334 b,5.65,0.36,27.2,M-R relationship,,1.49,371.823,2021,Transit,K2
K2-379 b,2.181,0.363,5.4,M-R relationship,,0.751,182.207,2022,Transit,K2
61 Vir d,5.11,,22.9,Msini,0.476,0.963,8.50332,2009,Radial Velocity,Multiple Observatories
K2-202 b,2.30165603,0.18443149,5.91,M-R relationship,,0.910685,300.397,2018,Transit,K2
K2-343 c,2.02,0.1,4.74,M-R relationship,,0.46,166.169,2021,Transit,K2
K2-342 b,2.03,0.13,4.78,M-R relationship,,1.09,208.357,2021,Transit,K2
Kepler-260 b,2.01,0.55,4.7,M-R relationship,0.075,0.862,627.365,2014,Transit,Kepler
K2-381 d,1.689,0.18,3.5,M-R relationship,,0.675,145.701,2022,Transit,K2
K2-381 b,1.075,0.142,1.26,M-R relationship,,0.675,145.701,2022,Transit,K2
K2-348 b,3.26,0.22,10.7,M-R relationship,,0.85,201.856,2021,Transit,K2
K2-384 d,1.392,0.118,2.52,M-R relationship,,0.348,82.6603,2022,Transit,K2
81 Cet b,13.1,,1051.05854195,Msini,2.104,11.21,101.26,2008,Radial Velocity,Okayama Astrophysical Observatory
K2-352 c,1.92,0.13,4.35,M-R relationship,,0.95,176.051,2021,Transit,K2
K2-384 c,1.191,0.053,1.82,M-R relationship,,0.348,82.6603,2022,Transit,K2
BD+14 4559 b,13.8,,330.5432,Msini,0.78,0.86,49.352,2009,Radial Velocity,McDonald Observatory
K2-204 b,3.17214154,0.17934369,10.2,M-R relationship,0.0738,1.253,577.235,2018,Transit,K2
Kepler-1736 b,3.8765856,,14.3,M-R relationship,0.2188,0.973,1430.0,2021,Transit,Kepler
K2-205 b,1.99552771,0.26954694,4.64,M-R relationship,,1.077574,405.301,2018,Transit,K2
Kepler-8 b,15.871944,0.594077,187.5197,Mass,0.0474,1.486,1021.87,2010,Transit,Kepler
K2-209 b,0.86850263,0.10481089,0.586,M-R relationship,,0.712365,76.4986,2018,Transit,K2
Kepler-745 b,2.16,0.58,5.31,M-R relationship,0.0915,1.04,1780.38,2016,Transit,Kepler
K2-211 b,1.33162691,0.08743005,2.33,M-R relationship,0.01419,0.818,272.297,2018,Transit,K2
Kepler-262 c,1.64,0.68,3.33,M-R relationship,0.152,0.881,613.129,2014,Transit,Kepler
Kepler-119 b,3.6,1.37,12.6,M-R relationship,0.035,0.839,701.996,2014,Transit,Kepler
K2-394 b,1.692,0.136,3.51,M-R relationship,,0.631,98.0152,2022,Transit,K2
CoRoT-19 b,14.46,0.34,352.78,Mass,0.0518,1.65,790.663,2011,Transit,CoRoT
Kepler-748 b,2.52,0.65,6.9,M-R relationship,0.0745,1.1,1705.99,2016,Transit,Kepler
HD 113538 b,13.2,,114.41,Msini,1.24,0.53,16.2817,2010,Radial Velocity,La Silla Observatory
Kepler-112 b,2.36,0.57,6.17,M-R relationship,0.076,0.841,513.206,2014,Transit,Kepler
HD 114386 b,13.6,,464.02947422,Mass,1.73,0.76,27.9243,2003,Radial Velocity,La Silla Observatory
HD 136418 b,13.3,,680.1562,Msini,1.29,3.78,105.168,2009,Radial Velocity,W. M. Keck Observatory
GJ 676 A b,12.8,,1840.86213334,Mass,1.735,0.69,16.0272,2010,Radial Velocity,La Silla Observatory
HAT-P-31 b,12.21781,1.68135,721.4741,Mass,0.061,1.39,344.05,2011,Transit,HATNet
HD 11506 b,12.9,,1551.00262616,Mass,2.885,1.24,51.261,2007,Radial Velocity,W. M. Keck Observatory
HD 11506 c,14.0,,127.1313628,Msini,0.771,1.24,51.261,2008,Radial Velocity,W. M. Keck Observatory
GJ 581 e,1.38,,2.48,Mass,0.02799,0.302,6.2981,2009,Radial Velocity,La Silla Observatory
HAT-P-35 b,14.930388,1.098482,335.62848,Mass,0.04978,1.435,506.965,2011,Transit,HATNet
HD 116029 b,13.6,,444.962,Msini,1.65,4.89,123.245,2011,Radial Velocity,W. M. Keck Observatory
HD 142245 b,13.1,,975.7381,Msini,2.78,4.63,97.2305,2011,Radial Velocity,W. M. Keck Observatory
GJ 876 b,13.3,,723.2235,Mass,0.208317,0.3,4.67517,1998,Radial Velocity,Multiple Observatories
HD 118203 b,12.778238,0.32506044,680.15279098,Mass,0.0713,2.04,92.2589,2005,Radial Velocity,Haute-Provence Observatory
HD 142 b,12.7,,2256.5816897,Mass,1.039,1.47,26.1853,2001,Radial Velocity,Anglo-Australian Telescope
GJ 876 d,2.51,,6.83,Mass,0.02080665,0.3,4.67517,2005,Radial Velocity,W. M. Keck Observatory
HD 125595 b,,,3531.07360177,Mass,0.08,0.74,28.1989,2011,Radial Velocity,La Silla Observatory
GQ Lup b,33.6,5.6,6356.0,Mass,100.0,1.94153,151.169,2004,Imaging,Paranal Observatory
GJ 876 e,3.92,,14.6,Mass,0.3343,0.3,4.67517,2010,Radial Velocity,W. M. Keck Observatory
HD 100655 b,13.5,,511.7063,Msini,0.68,10.06,137.178,2011,Radial Velocity,Bohyunsan Optical Astronomical Observatory
Kepler-744 b,1.62,0.12,3.26,M-R relationship,0.09735,0.93,449.964,2016,Transit,Kepler
HD 10180 f,5.24,,23.9,Msin(i)/sin(i),0.4929,1.109,38.9607,2010,Radial Velocity,La Silla Observatory
HD 126614 b,12.7,,107.74382997,Mass,2.249,1.369794,73.0961,2009,Radial Velocity,W. M. Keck Observatory
HD 10180 g,,,3375.33768234,Mass,1.427,1.109,38.9607,2010,Radial Velocity,La Silla Observatory
HD 12661 b,13.3,,772.3269,Msini,0.84,1.2,37.8478,2000,Radial Velocity,Multiple Observatories
HAT-P-15 b,11.88154,0.78463,616.5902,Mass,0.0965,1.07,192.516,2010,Transit,HATNet
HAT-P-16 b,14.68376472,0.67253884,1341.56043,Mass,0.0413,1.158,226.637,2010,Transit,HATNet
Kepler-764 b,1.64,0.2,3.33,M-R relationship,0.0724,0.89,1047.84,2016,Transit,Kepler
Kepler-123 b,2.94,0.57,55.3,Mass,0.135,1.264,1021.66,2014,Transit,Kepler
HD 104985 b,12.8,,1766.80811451,Msini,0.715,11.12,100.576,2003,Radial Velocity,Okayama Astrophysical Observatory
HD 104067 b,9.2,,62.1,Msini,0.2674,0.78,20.3632,2011,Radial Velocity,La Silla Observatory
HD 13189 b,12.4,,3480.2385,Msini,1.25,38.41,497.823,2005,Radial Velocity,Thueringer Landessternwarte Tautenburg
HD 106252 b,12.5,,3178.28407,Mass,2.655,1.05,38.185,2002,Radial Velocity,Lick Observatory
HD 132406 b,12.8,,1887.90073758,Mass,1.98,1.34,70.7832,2007,Radial Velocity,Haute-Provence Observatory
HD 108874 c,13.8,,314.64,Msini,2.659,1.05,59.5175,2005,Radial Velocity,W. M. Keck Observatory
HD 10647 b,13.8,,298.75,Msini,2.015,1.1,17.3357,2006,Radial Velocity,W. M. Keck Observatory
HD 134060 b,3.16,,10.1,Msini,0.0444,1.164285,24.0125,2019,Radial Velocity,La Silla Observatory
HAT-P-21 b,12.44199,1.79344,1547.8321,Mass,0.05037,1.21,277.278,2010,Transit,HATNet
HD 215152 b,,,565.41673605,Mass,0.057638,0.73,21.5974,2018,Radial Velocity,La Silla Observatory
HD 37124 c,14.1,,207.22516,Msini,1.71,0.949168,31.6634,2002,Radial Velocity,W. M. Keck Observatory
HD 159868 b,13.3,,704.94694,Msini,2.32,2.13,55.8503,2006,Radial Velocity,Anglo-Australian Telescope
HD 187085 b,13.9,,265.70588,Msini,2.1,1.27,45.8993,2006,Radial Velocity,Anglo-Australian Telescope
HD 216437 b,13.0,,1334.8793094,Mass,2.57,1.394,26.6902,2002,Radial Velocity,Anglo-Australian Telescope
HD 187123 c,13.2,,912.16752809,Mass,4.89,1.15043,45.9548,2008,Radial Velocity,W. M. Keck Observatory
HD 216770 b,14.1,,181.1631,Msini,0.46,0.93,36.6625,2003,Radial Velocity,La Silla Observatory
HD 18742 b,13.1,,1080.622,Msini,1.82,5.13,162.685,2011,Radial Velocity,W. M. Keck Observatory
HD 21693 c,4.34,,17.37,Msini,0.2586,0.914378,33.255,2019,Radial Velocity,La Silla Observatory
HD 162020 b,12.5,,3127.4472,Msini,0.08,0.75,30.8248,2002,Radial Velocity,La Silla Observatory
HD 190647 b,13.4,,630.89255,Msini,2.231,1.376,54.4738,2007,Radial Velocity,La Silla Observatory
HD 190984 b,13.0,,1137.82569706,Mass,5.5,1.53,148.187,2009,Radial Velocity,La Silla Observatory
HD 192263 b,14.2,,177.9848,Msini,0.15,0.74,19.6359,1999,Radial Velocity,La Silla Observatory
HD 217786 b,12.3,,4402.55909376,Mass,2.446,1.27,55.4847,2011,Radial Velocity,La Silla Observatory
HD 217107 c,12.9,,1388.91013859,Mass,5.922,1.2245,20.0619,2005,Radial Velocity,Lick Observatory
HD 41004 B b,12.1,,5838.29,Msini,,1.04137,41.5504,2003,Radial Velocity,La Silla Observatory
HD 163607 c,13.3,,699.54383,Msini,2.39,1.76,67.7855,2012,Radial Velocity,W. M. Keck Observatory
HD 192310 c,5.25,,24.0,Msin(i)/sin(i),1.18,0.857922,8.79687,2011,Radial Velocity,La Silla Observatory
HD 4208 b,13.9,,257.4423,Msini,1.662,0.846,34.1937,2001,Radial Velocity,W. M. Keck Observatory
HD 164922 b,13.3,,116.0,Msini,2.16,0.946,22.0016,2005,Radial Velocity,W. M. Keck Observatory
HD 197037 b,13.9,,251.0,Msini,2.07,1.105,33.1944,2012,Radial Velocity,McDonald Observatory
HD 4308 b,4.12,,15.8915,Msini,0.12,1.02,22.0158,2005,Radial Velocity,La Silla Observatory
Kepler-272 c,1.79,0.96,97.8,Mass,0.061,0.929,889.608,2014,Transit,Kepler
HD 4313 b,13.4,,612.45841,Msini,1.157,5.14,136.308,2009,Radial Velocity,W. M. Keck Observatory
HD 168746 b,11.1,,85.8141,Msini,0.07,1.09,41.5681,2002,Radial Velocity,La Silla Observatory
HD 148156 b,13.9,,270.144,Msini,2.45,1.21,57.1289,2009,Radial Velocity,La Silla Observatory
HD 17092 b,12.5,,3219.6179,Msini,1.31,13.58,228.422,2007,Radial Velocity,McDonald Observatory
HD 27894 b,14.1,,196.73578393,Msini,0.125,0.891767,43.8214,2005,Radial Velocity,La Silla Observatory
HD 28254 b,13.0,,1207.7479466,Mass,2.45,1.48,55.2884,2010,Radial Velocity,La Silla Observatory
HD 148427 b,13.7,,381.3940884,Mass,1.11,3.86,71.3499,2009,Radial Velocity,Lick Observatory
HD 171028 b,13.2,,832.7146,Msini,1.32,2.47,111.659,2007,Radial Velocity,La Silla Observatory
HD 204313 c,4.31,,17.16273398,Msini,0.211,1.1,47.7945,2015,Radial Velocity,La Silla Observatory
HD 30177 b,12.6,,2622.08435775,Mass,3.49,1.019,55.5867,2002,Radial Velocity,Anglo-Australian Telescope
HD 290327 b,13.3,,772.3269,Msini,3.43,0.95,56.433,2009,Radial Velocity,La Silla Observatory
HD 152581 b,13.4,,594.02427,Msini,1.66,5.14,165.76,2011,Radial Velocity,W. M. Keck Observatory
HD 177830 b,13.5,,537.1327,Msini,1.14,3.26,62.7674,1999,Radial Velocity,W. M. Keck Observatory
HD 20794 b,1.45,,2.7,Msin(i)/sin(i),0.1257,0.93,6.00278,2011,Radial Velocity,La Silla Observatory
HD 31253 b,14.1,,197.0546,Msini,1.26,1.75,58.1438,2010,Radial Velocity,W. M. Keck Observatory
HD 178911 B b,12.6,,2552.1749,Msini,0.34,1.08,40.9727,2001,Radial Velocity,W. M. Keck Observatory
HD 155358 b,13.8,,314.6517,Msini,0.63,1.38,43.6197,2007,Radial Velocity,McDonald Observatory
HD 154857 b,13.3,,778.6835,Msini,1.29,2.3,63.4482,2004,Radial Velocity,Anglo-Australian Telescope
HD 155358 c,13.9,,261.0,Msini,1.02,1.38,43.6197,2007,Radial Velocity,McDonald Observatory
HD 210702 b,13.6,,481.5100366,Msini,1.079,4.54,54.1963,2007,Radial Velocity,Lick Observatory
HD 3651 b,10.1,,72.46524,Msini,0.295,0.871954,11.1336,2003,Radial Velocity,Multiple Observatories
HD 156668 b,1.87,,4.15,Msini,0.05,0.72,24.3323,2010,Radial Velocity,W. M. Keck Observatory
HD 156411 b,14.0,,235.18,Msini,1.88,2.16,56.8655,2009,Radial Velocity,La Silla Observatory
HD 183263 b,13.1,,1103.1824007,Msini,1.46,1.23,54.1955,2004,Radial Velocity,W. M. Keck Observatory
HD 63454 b,12.31,,79.4575,Msini,0.04,0.77,37.6894,2005,Radial Velocity,La Silla Observatory
HD 89307 b,13.4,,642.01338214,Mass,3.27,1.1,32.0104,2009,Radial Velocity,Lick Observatory
rho CrB b,13.7,,347.995,Msini,0.2245,1.3617,17.4671,1997,Radial Velocity,Fred Lawrence Whipple Observatory
HD 66428 b,12.4,,3478.94974302,Mass,3.395,1.13,53.2817,2005,Radial Velocity,W. M. Keck Observatory
HD 93083 b,14.3,,143.34061156,Msini,0.508,0.837,28.5159,2005,Radial Velocity,La Silla Observatory
HD 69830 b,3.17,,10.2,Msini,0.0785,0.886947,12.5591,2006,Radial Velocity,La Silla Observatory
TrES-3 b,14.975,0.347,607.03,Mass,0.02282,0.829,231.337,2007,Transit,TrES
WASP-50 b,13.069694,0.481987,466.828704,Mass,0.0293,0.843,184.848,2011,Transit,SuperWASP
HD 69830 d,4.45,,18.1,Msini,0.63,0.886947,12.5591,2006,Radial Velocity,La Silla Observatory
HD 96127 b,13.0,,1207.7479466,Mass,1.41,35.0,587.659,2011,Radial Velocity,McDonald Observatory
HD 70573 b,12.8,,1900.0,Msini,1.76,0.976919,59.182,2007,Radial Velocity,La Silla Observatory
HD 97658 b,2.12,0.06,8.3,Mass,0.0805,0.728,21.5618,2010,Radial Velocity,W. M. Keck Observatory
V0391 Peg b,13.1,,1017.056,Msini,1.7,0.23,1195.98,2007,Pulsation Timing Variations,Multiple Observatories
WASP-8 b,12.66617,0.56045,807.2882,Mass,0.0801,1.03,89.9606,2010,Transit,SuperWASP
WASP-10 b,12.106,0.224,1001.12,Mass,0.03781,0.698,140.998,2008,Transit,SuperWASP
XO-2 N b,11.130537,0.134508,199.91507,Mass,0.03666,0.998,154.273,2007,Transit,XO
HD 74156 b,13.5,,532.36258173,Msini,0.28,1.510576,57.603,2003,Radial Velocity,Haute-Provence Observatory
HD 99706 b,13.7,,390.9309,Msini,1.98,5.52,146.6,2011,Radial Velocity,W. M. Keck Observatory
HIP 12961 b,13.2,,114.4188,Msini,0.25,0.65,23.371,2010,Radial Velocity,La Silla Observatory
HD 45184 b,3.52,,12.19,Msini,0.0644,1.075139,21.9532,2019,Radial Velocity,La Silla Observatory
WASP-16 b,13.67498,1.1209,394.1092,Mass,0.0415,1.14,194.134,2009,Transit,SuperWASP
HD 45364 b,9.03,,60.16491745,Msini,0.6793,0.89,34.354,2008,Radial Velocity,La Silla Observatory
HD 75898 b,13.2,,810.46243785,Msini,1.2025,1.55,78.0505,2007,Radial Velocity,W. M. Keck Observatory
HD 7924 b,,,2058.25676373,Mass,0.06,0.78,16.9922,2008,Radial Velocity,W. M. Keck Observatory
Kepler-746 b,1.11,0.13,1.41,M-R relationship,0.0435,0.93,450.0,2016,Transit,Kepler
HD 79498 b,13.6,,425.8922,Msini,2.98,1.05,48.9489,2011,Radial Velocity,McDonald Observatory
HD 48265 b,12.6,,2351.9302118,Mass,1.814,1.901,90.5446,2008,Radial Velocity,Las Campanas Observatory
HD 49674 b,6.2,,31.783,Msini,0.06,1.02,43.0399,2002,Radial Velocity,W. M. Keck Observatory
HIP 57274 c,14.2,,130.0,Msini,0.178,0.68,25.8618,2011,Radial Velocity,W. M. Keck Observatory
HD 52265 b,13.7,,384.5743,Msini,0.52,1.32,29.9803,2000,Radial Velocity,W. M. Keck Observatory
HR 8799 e,13.11453,1.45717,3178.3,Mass,16.4,1.49338,41.2441,2010,Imaging,W. M. Keck Observatory
HD 5891 b,12.6,,2425.0429,Msini,0.64,10.64,283.502,2011,Radial Velocity,W. M. Keck Observatory
HD 85390 b,6.16,,31.46517,Msini,1.373,0.8,33.5225,2011,Radial Velocity,La Silla Observatory
xi Aql b,13.4,,616.90493799,Msini,0.625,10.86,56.1858,2007,Radial Velocity,Okayama Astrophysical Observatory
WASP-35 b,14.5717,0.78463,225.6593,Mass,0.04317,1.08,202.218,2011,Transit,SuperWASP
TOI-1408 b,25.0,4.0,593.0,Mass,0.05778,1.53,139.484,2023,Transit,Transiting Exoplanet Survey Satellite (TESS)
TOI-2524 b,11.2089807,0.22417961,203.41018048,Mass,0.073,1.119,438.842,2023,Transit,Transiting Exoplanet Survey Satellite (TESS)
HD 219415 b,13.8,,317.83,Msini,3.2,2.9,165.184,2012,Radial Velocity,McDonald Observatory
WD 0806-661 b,12.10569916,0.22417961,2224.798849,Mass,2500.0,,19.2444,2011,Imaging,Spitzer Space Telescope
WASP-99 b,11.43318,0.67254,772.3269,Mass,0.0717,1.64,158.66,2014,Transit,SuperWASP
HD 32963 b,13.4,,657.90480249,Mass,3.41,1.111044,38.0786,2015,Radial Velocity,W. M. Keck Observatory
K2-133 b,1.34,0.077,2.36,M-R relationship,0.03194,0.455,75.1703,2017,Transit,K2
HATS-53 b,15.02006,0.627704,189.10885,Mass,0.04753,1.101,585.77,2017,Transit,HATSouth
Kepler-286 b,1.24,0.25,2.07,M-R relationship,0.027,0.863,1226.85,2014,Transit,Kepler
TOI-283 b,2.34,0.09,6.54,Mass,0.123,0.85,82.7013,2025,Transit,Transiting Exoplanet Survey Satellite (TESS)
TOI-286 c,1.88,0.12,3.72,Mass,0.213,0.78,59.2293,2024,Transit,Transiting Exoplanet Survey Satellite (TESS)
Kepler-69 b,2.24,0.44,5.65,M-R relationship,0.094,0.93,730.625,2013,Transit,Kepler
TOI-2525 b,8.67575106,0.11208981,26.69758619,Mass,0.1511,0.785,395.398,2023,Transit,Transiting Exoplanet Survey Satellite (TESS)
HD 169830 b,13.2,,804.42369812,Msini,0.765,1.935709,37.6048,2000,Radial Velocity,La Silla Observatory
HD 192699 b,13.4,,666.17168,Msini,1.063,4.41,71.8627,2007,Radial Velocity,Lick Observatory
Pr0211 b,13.4,,597.5204,Msini,0.03176,0.827,182.714,2012,Radial Velocity,Fred Lawrence Whipple Observatory
HATS-3 b,15.48,0.392,340.382,Mass,0.0485,1.404,411.211,2013,Transit,HATSouth
HD 33844 c,13.5,,556.2025,Msini,2.24,5.29,105.779,2015,Radial Velocity,Anglo-Australian Telescope
HATS-29 b,14.022459,0.683749,207.54299,Mass,0.05475,1.073,353.891,2016,Transit,HATSouth
K2-138 b,1.51,0.11,3.1,Mass,0.03385,0.863,202.585,2017,Transit,K2
gam Lib c,12.8,,1662.56039702,Msini,2.318,12.38,47.4017,2018,Radial Velocity,Okayama Astrophysical Observatory
TOI-406.01,2.08,0.16,6.57,Mass,0.0809,0.41,31.0597,2024,Transit,Transiting Exoplanet Survey Satellite (TESS)
Kepler-282 d,2.46,1.0,61.0,Mass,0.15837,0.89,1337.61,2013,Transit,Kepler
TOI-663 b,2.27,0.1,4.45,Mass,0.0295,0.512,64.2308,2024,Transit,Transiting Exoplanet Survey Satellite (TESS)
Kepler-283 b,2.13,0.26,5.18,M-R relationship,0.082,0.566,468.094,2014,Transit,Kepler
HD 195019 b,13.0,,1264.9634,Msini,0.14,1.48,37.6681,1998,Radial Velocity,Lick Observatory
BD-06 1339 c,8.38,,53.0,Msini,0.435,0.686355,20.2695,2013,Radial Velocity,La Silla Observatory
CoRoT-25 b,12.11,3.4,85.81,Mass,0.0578,1.19,1103.48,2013,Transit,CoRoT
HD 564 b,12.5,,104.88,Msini,1.2,1.01,51.1659,2014,Radial Velocity,La Silla Observatory
HATS-45 b,14.414774,1.042437,222.481,Mass,0.05511,1.315,772.11,2018,Transit,HATSouth
Kepler-421 b,4.16,0.19,16.1,M-R relationship,1.219,0.757,348.558,2014,Transit,Kepler
TOI-663 d,1.92,0.13,5.2,Mass,0.0576,0.512,64.2308,2024,Transit,Transiting Exoplanet Survey Satellite (TESS)
TOI-1443 b,2.30381001,0.12697832,30.0,Mass,0.147,0.7511,85.8034,2024,Transit,Transiting Exoplanet Survey Satellite (TESS)
HAT-P-41 b,22.97845,5.6045,378.2177,Mass,0.04258,2.05,348.185,2012,Transit,HATNet
HD 5608 b,13.7,,371.22357938,Msini,1.79,5.43,58.1105,2012,Radial Velocity,Okayama Astrophysical Observatory
HD 13908 b,13.9,,274.91,Msini,0.154,1.67,79.5515,2013,Radial Velocity,Haute-Provence Observatory
HD 108341 b,13.3,,715.11391575,Mass,2.0,0.79,48.9102,2014,Radial Velocity,La Silla Observatory
KELT-12 b,19.95202,1.90553,301.9385,Mass,0.06708,2.37,368.03,2017,Transit,KELT-North
HD 34445 f,6.88,,37.9,Msini,1.543,1.38,46.0907,2017,Radial Velocity,Multiple Observatories
HD 34445 e,4.26,,16.8,Msini,0.2687,1.38,46.0907,2017,Radial Velocity,Multiple Observatories
KELT-19 A b,21.40919,1.23299,1293.5681,Mass,0.0637,1.83,300.276,2017,Transit,KELT
KOI-1257 b,10.54,1.35,460.83,Mass,0.382,1.13,656.0,2014,Transit,Kepler
TOI-1226 b,2.4101112,0.24811318,6.39,M-R relationship,,0.986943,257.93,2026,Transit,Transiting Exoplanet Survey Satellite (TESS)
K2-219 d,2.57634456,0.35702762,7.16,M-R relationship,,1.189232,325.4,2018,Transit,K2
HD 216435 b,13.7,,400.4,Msini,2.56,1.800029,32.9834,2002,Radial Velocity,Anglo-Australian Telescope
HD 23079 b,13.2,,845.42356262,Msini,1.6,1.08,33.4591,2001,Radial Velocity,Anglo-Australian Telescope
BD+49 828 b,13.5,,508.5,Msini,4.2,7.6,442.042,2015,Radial Velocity,McDonald Observatory
HD 20794 e,2.03,,4.77,Msini,0.509,0.93,6.00278,2017,Radial Velocity,La Silla Observatory
K2-239 b,1.1,0.1,1.37,M-R relationship,0.0441,0.36,31.0849,2018,Transit,K2
TOI-880.02,2.19,0.11,5.43,M-R relationship,0.0349,0.83,60.6679,2024,Transit,Transiting Exoplanet Survey Satellite (TESS)
TOI-1232 b,10.92875618,0.59407598,220.57291446,Mass,0.117,1.072,328.604,2026,Transit,Transiting Exoplanet Survey Satellite (TESS)
WASP-71 b,13.22662,1.34508,441.7837,Mass,0.046,1.82,362.715,2012,Transit,SuperWASP
HD 159243 c,13.4,,603.9,Msini,0.8,1.12,73.3055,2013,Radial Velocity,Haute-Provence Observatory
HIP 91258 b,13.7,,346.4347,Msini,0.06,0.89,45.8846,2013,Radial Velocity,Haute-Provence Observatory
HIP 109384 b,13.5,,495.8148,Msini,1.134,0.831075,58.9582,2016,Radial Velocity,Haute-Provence Observatory
HD 27894 c,8.24,,51.48846,Msini,0.198,0.891767,43.8214,2017,Radial Velocity,La Silla Observatory
K2-239 d,1.1,0.1,1.37,M-R relationship,0.0685,0.36,31.0849,2018,Transit,K2
Kepler-778 b,1.68,0.1,3.46,M-R relationship,0.0453,0.77,938.168,2016,Transit,Kepler
TOI-1244 b,2.467,0.24,6.6,Mass,0.060694,0.721,102.551,2024,Transit,Transiting Exoplanet Survey Satellite (TESS)
TOI-1466 b,2.46741991,0.3321413,6.65,M-R relationship,,0.749646,86.5783,2026,Transit,Transiting Exoplanet Survey Satellite (TESS)
K2-157 b,0.935,0.09,1.14,Mass,0.00962,0.86,298.373,2018,Transit,K2
HD 33564 b,12.5,,2892.1,Msini,1.1,1.4367,20.9531,2005,Radial Velocity,Haute-Provence Observatory
WASP-55 b,14.72860064,0.23538859,186.2474465,Mass,0.0558,1.09,297.462,2012,Transit,SuperWASP
ROXs 12 b,12.2,,5085.0,Mass,210.0,1.06627,136.65,2013,Imaging,W. M. Keck Observatory
bet UMi b,12.7,,1938.7,Msini,1.4,38.3,38.77472,2014,Radial Velocity,Bohyunsan Optical Astronomical Observatory
HD 216536 b,13.8,,333.7215,Msini,0.61,9.83,376.233,2015,Radial Velocity,McDonald Observatory
HIP 65407 b,14.3,,136.03124,Msini,0.177,0.952252,61.7804,2016,Radial Velocity,Haute-Provence Observatory
HD 12484 b,13.2,,947.1334,Msini,0.297,1.001848,48.3367,2016,Radial Velocity,Haute-Provence Observatory
NGTS-1 b,14.90797,6.83749,258.07796,Mass,0.0326,0.573,218.121,2017,Transit,Next-Generation Transit Survey (NGTS)
K2-148 b,1.33,0.19,2.33,M-R relationship,0.0454,0.632,124.458,2018,Transit,K2
K2-158 b,2.64,0.16,7.46,M-R relationship,0.0887,0.95,197.299,2018,Transit,K2
HD 86081 b,13.6,,470.3884,Msini,0.0346,1.46,103.936,2006,Radial Velocity,W. M. Keck Observatory
HD 45652 b,14.3,,137.62039,Msini,0.237,0.94,34.8541,2008,Radial Velocity,Haute-Provence Observatory
WASP-62 b,14.79588,0.89672,165.2716,Mass,0.0571,1.23,175.631,2012,Transit,SuperWASP
Kepler-419 c,12.6,,2320.1,Mass,1.68,1.74,1011.36,2014,Transit Timing Variations,Kepler
HIP 65426 b,16.8135,1.1209,2860.47,Mass,92.0,1.77,108.875,2017,Imaging,Paranal Observatory
K2-148 d,1.64,0.24,3.33,M-R relationship,0.0774,0.632,124.458,2018,Transit,K2
GJ 1265 b,2.63,,7.4,Msini,0.026,0.192,10.2525,2018,Radial Velocity,Calar Alto Observatory
HD 6061 b,2.42763557,0.09903199,10.0,Mass,0.06,1.0072,67.6203,2023,Transit,Transiting Exoplanet Survey Satellite (TESS)
FU Tau b,12.2,,5085.28,Mass,800.0,,133.4950466,2008,Imaging,Spitzer Space Telescope
Kepler-19 c,3.68,,13.1,Mass,0.1765736996,0.859,218.562,2011,Transit Timing Variations,Kepler
Kepler-25 d,10.0,,71.9,Mass,0.4164221832,1.316,243.249,2014,Radial Velocity,W. M. Keck Observatory
HIP 8541 b,12.6,,2451.7283316,Mass,3.729,6.84,155.121,2016,Radial Velocity,Multiple Observatories
K2-113 b,12.14,0.35,410.0007,Mass,0.0642,1.24,635.722,2017,Transit,K2
K2-152 b,2.29,0.25,5.86,M-R relationship,0.1716,0.61,108.449,2018,Transit,K2
K2-243 c,2.01,0.15,4.7,M-R relationship,0.1817,1.39,266.864,2018,Transit,K2
HD 13167 b,13.1,,1052.0173,Msini,4.1,2.39,148.934,2018,Radial Velocity,W. M. Keck Observatory
TOI-929 b,2.68983343,0.22609669,7.7,M-R relationship,,0.717414,114.421,2026,Transit,Transiting Exoplanet Survey Satellite (TESS)
K2-162 b,1.44,0.11,2.67,M-R relationship,0.0795,0.69,124.433,2018,Transit,K2
K2-161 b,6.11721229,1.63323815,31.1,M-R relationship,,2.568173,916.319,2018,Transit,K2
KELT-3 b,17.48604,1.23299,616.5902,Mass,0.04123,1.7,210.252,2013,Transit,KELT
Kepler-97 c,,,344.0,Mass,,0.98,400.907,2014,Radial Velocity,W. M. Keck Observatory
KELT-14 b,19.537287,0.526823,408.09372,Mass,0.03005,1.52,250.121,2016,Transit,KELT-South
tau Cet h,1.19,,1.83,Msini,0.243,0.83,3.60304,2017,Radial Velocity,Multiple Observatories
K2-154 c,2.07,0.18,4.94,M-R relationship,0.0677,0.63,129.356,2018,Transit,K2
K2-246 b,3.49,0.25,12.0,M-R relationship,0.0602,0.94,703.616,2018,Transit,K2
TOI-969 b,2.765,0.088,9.1,Mass,0.02636,0.671,77.2554,2022,Transit,Transiting Exoplanet Survey Satellite (TESS)
TOI-1291 b,5.63826391,0.34804882,27.1,M-R relationship,,1.8109,428.123,2026,Transit,Transiting Exoplanet Survey Satellite (TESS)
HD 220689 b,13.7,,381.3940884,Mass,3.396,1.068,46.8778,2012,Radial Velocity,La Silla Observatory
GJ 163 b,3.25,,10.6,Msini,0.0607,0.409738,15.1285,2013,Radial Velocity,La Silla Observatory
WASP-104 b,12.745,0.415,404.263,Mass,0.02918,0.963,185.932,2014,Transit,SuperWASP
HAT-P-53 b,14.773462,1.020019,471.65972,Mass,0.03159,1.209,666.802,2015,Transit,HATNet
HD 111591 b,12.9,,1398.452,Msini,2.5,8.03,114.166,2017,Radial Velocity,Multiple Observatories
K2-155 b,1.8,0.2,3.89,M-R relationship,0.0562,0.58,72.7998,2018,Transit,K2
HD 180053 b,13.3,,697.31902,Msini,0.843,4.06,137.043,2018,Radial Velocity,W. M. Keck Observatory
TOI-1669 c,2.2963977,0.10169388,13.0,Mass,0.0376,1.0561,111.276,2024,Transit,Transiting Exoplanet Survey Satellite (TESS)
K2-165 d,2.64809498,0.25333143,7.5,M-R relationship,,0.803827,134.591,2018,Transit,K2
DENIS-P J082303.1-491201 b,11.9,,9057.77,Mass,0.36,,20.77,2013,Astrometry,Paranal Observatory
NGC 2682 YBP 1514 b,14.0,,127.132,Msini,,0.89,914.221,2014,Radial Velocity,Multiple Observatories
HD 14067 b,12.2,,4862.7746271,Mass,5.15,12.4,142.024,2014,Radial Velocity,Okayama Astrophysical Observatory
K2-30 b,11.646151,0.56045,184.02357,Mass,0.04839,0.844,333.042,2016,Transit,K2
YZ Cet d,1.03,,1.09,Msini,0.02851,0.157,3.71207,2017,Radial Velocity,La Silla Observatory
Kepler-90 i,1.32,0.21,2.3,M-R relationship,0.1201380843,1.29,848.254,2017,Transit,Kepler
HD 75784 c,12.8,,1792.5612,Msini,8.4,3.4,85.4321,2018,Radial Velocity,W. M. Keck Observatory
WASP-56 b,10.53646,1.00881,143.0235,Mass,0.05614,0.96,321.084,2012,Transit,SuperWASP
GJ 667 C g,1.99,,4.6,Msini,0.549,,7.24396,2013,Radial Velocity,La Silla Observatory
WASP-135 b,14.5717,1.00881,603.877,Mass,0.0243,0.96,298.214,2015,Transit,SuperWASP
CoRoT-32 b,6.38913,0.67254,47.6745,Mass,0.071,0.79,576.683,2018,Transit,CoRoT
TOI-1054.01,2.43432,0.142957,6.5,M-R relationship,,1.17,88.4343,2021,Transit,Transiting Exoplanet Survey Satellite (TESS)
Kepler-504 b,1.59,0.18,3.15,M-R relationship,0.0646,0.33,99.0688,2016,Transit,Kepler
TOI-1694 b,5.27,0.11,28.24,Mass,0.0445,0.812,124.68,2023,Transit,Transiting Exoplanet Survey Satellite (TESS)
TOI-1691 b,3.66,0.236,14.6,Mass,0.129365,1.0,111.445,2024,Transit,Transiting Exoplanet Survey Satellite (TESS)
K2-221 b,1.67890272,0.1668616,3.46,M-R relationship,,0.947599,318.81,2018,Transit,K2
GJ 504 b,12.10569916,0.44835923,1271.3,Mass,43.5,1.26,17.5299,2013,Imaging,Subaru Telescope
WASP-68 b,14.79588,1.56926,343.2564,Mass,0.06206,1.79,226.399,2014,Transit,SuperWASP
psi1 Dra B b,13.5,,486.2799,Msini,4.43,1.255735,22.7188,2015,Radial Velocity,McDonald Observatory
K2-118 b,2.54,0.23,6.99,M-R relationship,0.245,0.734626,321.722,2017,Transit,K2
GJ 3942 b,2.57,,7.14,Msini,0.0608,0.61,16.9287,2017,Radial Velocity,Roque de los Muchachos Observatory
Kepler-1654 b,9.180171,0.212971,158.915,Mass,2.026,1.179,568.117,2018,Transit,Kepler
TOI-1695 b,1.9,0.16,6.36,Mass,0.033548,0.515,45.1309,2022,Transit,Transiting Exoplanet Survey Satellite (TESS)
Kepler-750 b,3.07,1.06,9.64,M-R relationship,0.08742,1.23,1296.02,2016,Transit,Kepler
WASP-78 b,21.63337,5.04405,352.7913,Mass,0.03488,2.46,754.258,2012,Transit,SuperWASP
HD 66141 b,12.8,,1906.9,Msini,1.2,21.4,68.1509,2012,Radial Velocity,Bohyunsan Optical Astronomical Observatory
HD 203030 b,14.4595851,0.67253884,3496.112477,Mass,487.1,0.856458,39.2503,2006,Imaging,Palomar Observatory
WASP-88 b,16.36514,2.35389,133.4886,Mass,0.06431,1.8,523.756,2014,Transit,SuperWASP
KIC 10001893 c,,,,Msini,,0.18,1672.94,2014,Orbital Brightness Modulation,Kepler
Wolf 1061 d,2.69,,7.7,Msini,0.47,0.307,4.30592,2015,Radial Velocity,La Silla Observatory
K2-130 b,1.25,0.2,2.1,M-R relationship,0.032,0.744261,118.011,2017,Transit,K2
K2-129 b,1.04,0.1,1.12,M-R relationship,0.057,0.36001,27.7957,2017,Transit,K2
HD 147379 b,4.94,,21.6,Msini,0.3193,0.628304,10.7643,2017,Radial Velocity,Calar Alto Observatory
HATS-42 b,15.6926,2.80225,597.5204,Mass,0.03689,1.48,800.377,2018,Transit,HATSouth
WASP-144 b,9.52765,0.56045,139.8452,Mass,0.0316,0.81,355.513,2018,Transit,SuperWASP-South
TOI-128.01,2.21898,0.10878,5.56,M-R relationship,0.05381019,1.13,68.4727,2024,Transit,Transiting Exoplanet Survey Satellite (TESS)
HD 83443 c,13.6,,476.7426105,Mass,8.0,0.94,40.8991,2022,Radial Velocity,Multiple Observatories
TOI-1347 c,1.6,0.1,6.4,Mass,0.0546,0.83,147.476,2024,Transit,Transiting Exoplanet Survey Satellite (TESS)
HD 108147 b,10.9,,82.95,Msini,0.102,1.20664,38.92,2002,Radial Velocity,La Silla Observatory
CHXR 73 b,12.3,,3994.486,Mass,210.0,,190.374,2006,Imaging,Hubble Space Telescope
KIC 8540376 b,4.1,2.2,15.8,M-R relationship,,1.26,1072.3,2015,Transit,Kepler
HATS-51 b,15.80469,2.12971,244.09344,Mass,0.04639,1.44,389.57,2017,Transit,HATSouth
K2-233 b,1.315,0.036,2.4,Mass,0.03293,0.71,67.5062,2018,Transit,K2
Kepler-814 b,2.12,0.69,5.14,M-R relationship,0.0695,1.22,2055.77,2016,Transit,Kepler
TOI-209 b,2.3947209,0.22229568,6.32,M-R relationship,,0.742779,113.387,2026,Transit,Transiting Exoplanet Survey Satellite (TESS)
HD 18599 b,2.6,0.15,24.1,Mass,0.048,0.767,38.5653,2022,Transit,Transiting Exoplanet Survey Satellite (TESS)
Kepler-127 c,2.66,0.14,7.56,M-R relationship,0.2,1.359,352.794,2014,Transit,Kepler
HIP 55507 b,12.6,,2585.53409095,Mass,5.062,0.723643,25.4893,2022,Radial Velocity,Multiple Observatories
NGC 2682 Sand 1429 b,13.4,,572.0911326,Msini,0.384,2.13,852.793,2024,Radial Velocity,Multiple Observatories
Kepler-955 b,3.13,0.27,9.96,M-R relationship,0.1083,0.84,550.383,2016,Transit,Kepler
Kepler-962 b,1.97,0.08,4.54,M-R relationship,0.09874,0.86,411.486,2016,Transit,Kepler
TOI-5678 b,4.91,0.08,20.0,Mass,0.249,0.938,165.393,2023,Transit,Transiting Exoplanet Survey Satellite (TESS)
HD 155918 c,12.8,,1878.04805696,Mass,13.183,1.01906,27.561,2022,Radial Velocity,Multiple Observatories
TOI-6034 b,11.92,0.48,254.0,Mass,0.02949,0.489,117.992,2024,Transit,Transiting Exoplanet Survey Satellite (TESS)
HD 101581 b,0.956,0.061,0.827,M-R relationship,0.046,0.63,12.7781,2025,Transit,Transiting Exoplanet Survey Satellite (TESS)
Kepler-922 b,1.42,0.18,2.6,M-R relationship,0.01795,0.93,536.323,2016,Transit,Kepler
Barnard c,0.743,,0.335,Msini,0.0274,0.185,1.82655,2025,Radial Velocity,Gemini Observatory
TIC 32032563 b,3.47739942,0.41441263,11.9,M-R relationship,,1.00188,507.858,2026,Transit,Transiting Exoplanet Survey Satellite (TESS)
Kepler-911 b,2.6,0.1,7.27,M-R relationship,0.15594,1.99,556.168,2016,Transit,Kepler
HD 16905 b,12.4,,3591.4609991,Mass,8.8,0.77494,39.7401,2022,Radial Velocity,Multiple Observatories
HD 184010 b,12.1,,98.52680617,Msini,0.94,4.86,60.7993,2022,Radial Velocity,Okayama Astrophysical Observatory
TOI-6041 b,4.55,0.18,28.9,Mass,0.1651,0.879,72.4731,2025,Transit,Transiting Exoplanet Survey Satellite (TESS)
TOI-6281 b,1.92416074,0.18572931,4.36,M-R relationship,,0.874219,57.7451,2026,Transit,Transiting Exoplanet Survey Satellite (TESS)
TOI-4600 c,9.42,0.42,2946.26933289,Mass,1.152,0.81,216.056,2023,Transit,Transiting Exoplanet Survey Satellite (TESS)
Luhman 16 b,11.9,,9344.1551658,Mass,3.52,,,2017,Imaging,Multiple Observatories
Barnard b,0.72,,0.299,Msini,0.0229,0.185,1.82655,2024,Radial Velocity,Paranal Observatory
Barnard e,0.637,,0.193,Msini,0.0381,0.185,1.82655,2025,Radial Velocity,Gemini Observatory
HD 224018 c,2.42,0.07,10.4,Mass,0.217,1.147,105.48,2025,Transit,K2
TIC 38825265 b,2.18869476,0.35685651,5.43,M-R relationship,,0.664503,165.638,2026,Transit,Transiting Exoplanet Survey Satellite (TESS)
Kepler-1012 b,1.29,0.08,2.21,M-R relationship,0.06066,0.91,411.077,2016,Transit,Kepler
Kepler-1754 b,2.43996509,,6.53,M-R relationship,0.0718,0.747,718.945,2021,Transit,Kepler
LHS 1678 d,0.981,0.07,0.907,M-R relationship,0.04,0.329,19.8782,2024,Transit,Transiting Exoplanet Survey Satellite (TESS)
HD 18143 c,12.5,,3177.64841319,Mass,17.53,0.87,22.5243,2022,Radial Velocity,Multiple Observatories
Kepler-935 b,1.35,0.08,2.39,M-R relationship,0.0527,0.73,471.782,2016,Transit,Kepler
Kepler-879 c,0.4,0.1,0.0364,M-R relationship,,1.022,802.672,2024,Transit,Kepler
ZTF J1230-2655 b,13.78704626,0.00560449,7024.0077947,Mass,,0.0123,186.69,2025,Transit,Zwicky Transient Facility
TIC 270471727 b,2.75029559,0.36285616,8.0,M-R relationship,,0.997091,182.104,2026,Transit,Transiting Exoplanet Survey Satellite (TESS)
TIC 65612701 b,5.07802804,0.33441948,22.7,M-R relationship,,1.73709,151.624,2026,Transit,Transiting Exoplanet Survey Satellite (TESS)
Kepler-1014 b,2.39,0.21,6.3,M-R relationship,0.121,0.84,624.8,2016,Transit,Kepler
Kepler-1044 b,2.67,0.62,7.61,M-R relationship,0.0741,1.11,1278.96,2016,Transit,Kepler
Kepler-66 b,2.8,0.16,8.25,M-R relationship,0.1352,0.966,1202.96,2013,Transit,Kepler
Kepler-857 b,6.8,1.7,37.2,M-R relationship,0.3751,0.99,983.502,2016,Transit,Kepler
TOI-6080 b,3.32424168,0.51660099,11.0,M-R relationship,,1.06221,188.183,2026,Transit,Transiting Exoplanet Survey Satellite (TESS)
Wolf 1069 b,1.08,,1.26,Msini,0.0672,0.1813,9.58341,2023,Radial Velocity,Calar Alto Observatory
TOI-6330 b,10.89,0.37,3179.0,Mass,0.05763,0.49,139.042,2025,Transit,Transiting Exoplanet Survey Satellite (TESS)
ITG 15 b,12.1,,6674.396547,Mass,435.0,,136.37,2024,Imaging,European Space Agency (ESA) Gaia Satellite
WISPIT 2 b,17.93436912,,1541.46777395,Mass,57.0,1.418,134.907,2025,Imaging,Paranal Observatory
NGTS-38 b,12.11690814,0.52682209,1516.04150139,Mass,0.697,1.88,268.637,2026,Transit,Transiting Exoplanet Survey Satellite (TESS)
TOI-5210 b,10.72699453,0.35868738,81.99972901,Mass,0.0557,1.209,302.086,2025,Transit,Transiting Exoplanet Survey Satellite (TESS)
TOI-5726.01,2.554,0.28,7.05,M-R relationship,0.062186,1.106,108.848,2024,Transit,Transiting Exoplanet Survey Satellite (TESS)
HD 194490 b,12.4,,3561.90295725,Mass,11.116,1.14911,80.2349,2022,Radial Velocity,Multiple Observatories
HD 190228 b,12.9,,1598.67688721,Mass,2.406,2.58658,62.7146,2022,Radial Velocity,Multiple Observatories
HD 206893 b,14.01122587,0.22417961,6197.6539365,Mass,10.75,1.31116,40.7583,2021,Imaging,Gemini Observatory
HD 112570 b,13.1,,1086.97315194,Mass,3.9,9.85,101.166,2023,Radial Velocity,Multiple Observatories
HD 154391 b,12.5,,2892.2385037,Mass,7.46,8.56,100.947,2023,Radial Velocity,Multiple Observatories
G 196-3 b,12.0,,8263.538582,Mass,350.0,0.522432,21.7912,2024,Imaging,European Space Agency (ESA) Gaia Satellite
Kepler-1026 b,2.21,0.33,5.52,M-R relationship,0.1977,0.75,351.239,2016,Transit,Kepler
G 261-6 b,1.1,,1.37,Msini,0.02971,0.153162,10.6267,2025,Radial Velocity,Calar Alto Observatory
TOI-5789 d,1.91,,4.29,Msini,0.1756,0.833,20.4581,2026,Radial Velocity,Multiple Observatories
TOI-5789 b,1.26,,2.12,Msini,0.03608,0.833,20.4581,2026,Radial Velocity,Multiple Observatories
TIC 142589416 b,2.67899519,0.37365834,7.65,M-R relationship,,0.713832,168.933,2026,Transit,Transiting Exoplanet Survey Satellite (TESS)
NGTS-39 b,12.195371,0.13450777,466.25427307,Mass,0.3077,1.16,278.402,2026,Transit,Transiting Exoplanet Survey Satellite (TESS)
Gliese 48 b,2.77,,8.11,Msini,0.1752,0.463,8.23366,2026,Radial Velocity,Multiple Observatories
Kepler-993 b,2.97,0.18,9.11,M-R relationship,0.13,0.54,324.423,2016,Transit,Kepler
Kepler-80 d,1.53,0.09,6.75,Mass,0.0372,0.678,369.451,2014,Transit,Kepler
K2-411 b,0.9898,0.0498,0.937,M-R relationship,0.0511,1.375,298.219,2022,Transit,K2
HD 169142 b,13.1,,953.485221,Mass,37.2,1.53702,113.6,2023,Imaging,Paranal Observatory
TOI-6383 A b,11.29,0.41,331.0,Mass,0.02292,0.457,171.319,2024,Transit,Transiting Exoplanet Survey Satellite (TESS)
TIC 139270665 b,7.22979255,0.26901554,147.15455244,Mass,0.163,1.016,189.875,2024,Transit,Transiting Exoplanet Survey Satellite (TESS)
TOI-7149 b,13.2,0.51,224.0,Mass,0.02603,0.351,126.126,2025,Transit,Transiting Exoplanet Survey Satellite (TESS)
Kepler-348 b,1.52,0.29,2.92,M-R relationship,0.076,1.359,570.783,2014,Transit,Kepler
TOI-5789 e,3.43,,11.61,Msini,0.2901,0.833,20.4581,2026,Radial Velocity,Multiple Observatories
TIC 154870955 b,3.09467466,0.51582816,9.77,M-R relationship,,0.724328,226.463,2026,Transit,Transiting Exoplanet Survey Satellite (TESS)
Kepler-332 b,1.17,0.08,1.71,M-R relationship,0.07,0.72,344.19,2014,Transit,Kepler
TOI-5238 b,5.22,,23.7,M-R relationship,,1.02283,290.646,2022,Transit,Transiting Exoplanet Survey Satellite (TESS)
Kepler-914 b,1.38,0.17,2.48,M-R relationship,0.05454,1.15,753.723,2016,Transit,Kepler
K2-413 c,1.2327,0.0565,2.05,M-R relationship,0.0426,0.7,285.162,2022,Transit,K2
TOI-6086 b,1.18,0.07,1.76,M-R relationship,0.01541,0.259,31.4566,2024,Transit,Transiting Exoplanet Survey Satellite (TESS)
Kepler-314 c,2.9,0.43,8.75,M-R relationship,0.064,0.95,268.881,2014,Transit,Kepler
HIP 29442 c,1.551,0.045,4.5,Mass,0.04518,0.98,68.192,2023,Radial Velocity,Paranal Observatory
HD 63433 d,1.073,0.046,1.25,M-R relationship,0.0503,0.912,22.4035,2023,Transit,Transiting Exoplanet Survey Satellite (TESS)
Kepler-317 b,2.09,0.96,109.8,Mass,0.061,0.941,940.584,2014,Transit,Kepler
TOI-7384 b,3.56,0.21,12.4,M-R relationship,0.0439,0.319,66.7902,2026,Transit,Transiting Exoplanet Survey Satellite (TESS)
Kepler-1768 b,2.23346338,,5.62,M-R relationship,0.1286,1.572,632.766,2021,Transit,Kepler
Kepler-981 b,2.31,0.3,5.95,M-R relationship,0.0535,0.96,878.082,2016,Transit,Kepler
Kepler-1043 b,2.55,0.39,7.04,M-R relationship,0.2159,0.9,903.332,2016,Transit,Kepler
TOI-5777 b,3.09551273,3.33613185,9.78,M-R relationship,,0.671912,114.277,2026,Transit,Transiting Exoplanet Survey Satellite (TESS)
HIP 113103 b,1.829,0.096,4.0,M-R relationship,0.06899,0.742,46.2122,2023,Transit,Transiting Exoplanet Survey Satellite (TESS)
UCAC3 113-933 b,12.1,,6674.396547,Mass,6100.0,0.564484,52.5829,2024,Imaging,Multiple Observatories
HD 73344 c,13.5,,118.54999581,Msini,0.3388,1.22,35.26,2025,Radial Velocity,Multiple Observatories
Kepler-139 f,6.67,,36.0,Mass,,1.045,391.038,2025,Transit Timing Variations,Multiple Observatories
TIC 249022743 b,4.79568155,0.39118649,20.6,M-R relationship,,1.2084,396.46,2026,Transit,Transiting Exoplanet Survey Satellite (TESS)
TIC 260969020 b,2.22686612,0.23860135,5.59,M-R relationship,,0.68988,121.222,2026,Transit,Transiting Exoplanet Survey Satellite (TESS)
Kepler-62 e,1.61,0.05,36.0,Mass,0.427,0.64,300.874,2013,Transit,Kepler
HD 105618 c,11.9,,8419.59232984,Mass,35.731,1.27399,70.0837,2022,Radial Velocity,Multiple Observatories
HIP 113103 c,2.4,0.1,6.35,M-R relationship,0.10479,0.742,46.2122,2023,Transit,Transiting Exoplanet Survey Satellite (TESS)
Kepler-1053 b,0.98,0.05,0.904,M-R relationship,0.0315,0.69,151.129,2016,Transit,Kepler
Kepler-102 d,1.154,0.058,3.0,Mass,0.08618,0.724,107.796,2014,Transit,Kepler
HD 196067 c,3.21,,10.4,Msini,,1.71,39.9346,2025,Radial Velocity,La Silla Observatory
GJ 887 d,2.34,,6.1,Msini,0.212,0.468,3.28679,2026,Radial Velocity,Multiple Observatories
Kepler-347 b,1.97,0.94,4.54,M-R relationship,0.11,1.005,1298.88,2014,Transit,Kepler
HD 11112 b,12.6,,2598.56505563,Mass,13.38,1.47368,44.3804,2022,Radial Velocity,Multiple Observatories
Kepler-485 b,14.41,3.38,,Msini,0.04401,1.09,1140.95,2016,Transit,Kepler
TIC 393818343 b,12.18416202,0.25780656,1379.37528638,Mass,0.1291,1.086,93.7345,2024,Transit,Transiting Exoplanet Survey Satellite (TESS)
Kepler-1032 b,1.87,0.1,4.16,M-R relationship,0.0361,0.71,673.01,2016,Transit,Kepler
HD 284149 AB b,12.0,,8352.53053596,Mass,431.16,1.36,117.807,2017,Imaging,Paranal Observatory
WASP-132 d,12.8,,1639.99458012,Msini,2.71,0.758,122.91,2024,Radial Velocity,Multiple Observatories
K2-157 c,6.08,,30.8,Msini,0.165,0.86,298.373,2025,Radial Velocity,Paranal Observatory
KOINTREAU-4 b,12.2,,4862.7746271,Mass,182.0,,145.434,2026,Imaging,W. M. Keck Observatory
TIC 390586021 b,2.86009388,0.30567917,8.55,M-R relationship,,0.726565,114.558,2026,Transit,Transiting Exoplanet Survey Satellite (TESS)
HD 113337 c,12.1,,6299.67685515,Mass,6.805,1.5,36.18,2020,Radial Velocity,Haute-Provence Observatory
HD 94771 b,14.2,,169.0,Msini,3.48,1.903,57.7807,2023,Radial Velocity,La Silla Observatory
TOI-6695 b,9.52763359,0.22417961,66.74396547,Mass,0.402,1.517,282.536,2025,Transit,Transiting Exoplanet Survey Satellite (TESS)
Gaia-5 b,12.1,,6633.07885409,Mass,,0.345,41.1813,2025,Astrometry,European Space Agency (ESA) Gaia Satellite
DMPP-2 d,11.6,,91.79,Msini,0.1432,1.78,137.94,2026,Radial Velocity,Multiple Observatories
TIC 423703298 b,2.77230429,0.34462473,8.11,M-R relationship,,0.729825,136.191,2026,Transit,Transiting Exoplanet Survey Satellite (TESS)
Kepler-335 b,3.39,0.67,11.4,M-R relationship,0.075,1.854,1278.97,2014,Transit,Kepler
Kepler-1023 b,2.63,0.3,7.41,M-R relationship,0.30284,0.89,694.175,2016,Transit,Kepler
TOI-5592 b,17.14974047,3.58687382,285.72773789,Mass,0.03935,1.393,597.026,2025,Transit,Transiting Exoplanet Survey Satellite (TESS)
HD 122562 c,10.1,,73.10053361,Msini,0.406,2.16627,53.2528,2022,Radial Velocity,Multiple Observatories
HD 115404 A c,12.5,,3279.67133183,Mass,11.364,0.727007,10.9816,2022,Radial Velocity,Multiple Observatories
GJ 1002 c,1.1,,1.36,Msini,0.0738,0.137,4.84867,2022,Radial Velocity,Multiple Observatories
Kepler-932 b,1.37,0.13,2.45,M-R relationship,0.02876,0.84,465.612,2016,Transit,Kepler
TOI-6707 b,5.72673066,0.41846318,27.8,M-R relationship,,1.58202,641.467,2026,Transit,Transiting Exoplanet Survey Satellite (TESS)
Kepler-139 e,13.7,,378.0,Mass,3.23579639,1.045,391.038,2023,Radial Velocity,W. M. Keck Observatory
Kepler-328 c,5.4,2.24,39.4,Mass,0.354,1.06,2213.19,2013,Transit,Kepler
TOI-7510 d,10.52,0.32,190.0,Mass,0.2672,1.035,249.006,2025,Transit,Transiting Exoplanet Survey Satellite (TESS)
DMPP-7 b,9.13,,61.39,Msini,0.05873,1.53949,101.386,2026,Radial Velocity,Multiple Observatories
Kepler-1779 b,3.03295685,,9.44,M-R relationship,0.1264,1.056,908.501,2021,Transit,Kepler
Kepler-973 b,1.96,0.08,4.5,M-R relationship,0.2489,0.78,328.52,2016,Transit,Kepler
TOI-5595 b,4.73740402,0.36062543,20.1,M-R relationship,,0.743344,136.955,2026,Transit,Transiting Exoplanet Survey Satellite (TESS)
HD 203387 b,13.1,,1106.04285636,Msini,1.771,10.5852,61.7477,2022,Radial Velocity,Multiple Observatories
TOI-6016 b,13.67495645,0.33626942,371.85923619,Mass,0.055,1.51,364.715,2024,Transit,Transiting Exoplanet Survey Satellite (TESS)
HIP 99770 b,12.2,,5403.082919,Mass,15.8,1.93986,40.0765,2023,Imaging,Multiple Observatories
Kepler-1772 b,2.68609988,,7.68,M-R relationship,0.04391,0.934,871.564,2021,Transit,Kepler
GJ 2126 b,13.6,,413.1769291,Msini,0.71,0.728,38.129,2025,Radial Velocity,La Silla Observatory
TOI-5616 b,10.78,0.54,624.0,Mass,0.0272,0.646,390.415,2024,Transit,Transiting Exoplanet Survey Satellite (TESS)
Kepler-408 b,0.82,0.03,5.0,Mass,0.03592,1.23,88.7832,2014,Transit,Kepler
Kepler-138 e,0.797,,0.43,Mass,0.1803,0.535,66.8624,2022,Transit Timing Variations,Multiple Observatories
Kepler-10 d,3.49,,12.0,Msini,0.5379,1.065,185.506,2023,Radial Velocity,Roque de los Muchachos Observatory
GJ 3988 b,1.74,,3.69,Msini,0.0405,0.19734,9.9105,2023,Radial Velocity,Calar Alto Observatory
TOI-1408 c,2.22,0.06,7.6,Mass,0.03587,1.53,139.484,2024,Transit Timing Variations,Transiting Exoplanet Survey Satellite (TESS)
HD 68475 b,12.8,,1639.99458012,Mass,7.27,0.79099,33.4297,2026,Radial Velocity,Las Campanas Observatory
HD 48265 c,12.9,,1414.33641115,Mass,10.4,2.05,90.5446,2026,Radial Velocity,Las Campanas Observatory
Kepler-958 b,2.06,0.1,4.9,M-R relationship,0.08631,0.86,449.773,2016,Transit,Kepler
TOI-5624 d,3.584,0.051,4.9,Mass,0.1067,0.82,101.913,2026,Transit,Transiting Exoplanet Survey Satellite (TESS)
KOI-351 d,2.87,0.3,8.6,M-R relationship,0.32,1.2,848.254,2013,Transit,Kepler
Kepler-20 e,0.821,0.022,0.76,Mass,0.0637,0.9164,282.563,2011,Transit,Kepler
nu Oct A b,13.3,,696.04421133,Mass,1.24,5.04,21.1999,2016,Radial Velocity,University of Canterbury Mt John Observatory
TOI-1288 c,11.1,,85.7,Msini,1.07,0.9583,114.865,2022,Radial Velocity,Multiple Observatories
Kepler-104 c,3.13,0.55,7.14430805,Msini,0.153,1.349,400.785,2014,Transit,Kepler
Kepler-507 b,1.3,0.24,5.69692195,Msini,0.04781,1.32,391.644,2016,Transit,Kepler
HN Lib b,2.2,,5.46,Msini,0.1417,0.299,6.24442,2023,Radial Velocity,Calar Alto Observatory
Kepler-49 d,1.6,0.07,235.982,Mass,0.031,0.559,311.222,2014,Transit,Kepler
HIP 10090 b,13.0,,1229.99593509,Mass,3.87,1.38268,82.3937,2026,Radial Velocity,Multiple Facilities
Kepler-346 b,2.66,1.24,7.56,M-R relationship,0.071,1.021,984.105,2014,Transit,Kepler
Kepler-265 d,2.49,0.54,6.76,M-R relationship,0.236,1.103,1280.25,2014,Transit,Kepler
Kepler-399 b,0.96,0.51,0.84,M-R relationship,0.103,0.68,740.537,2014,Transit,Kepler
Kepler-110 c,2.21,0.44,5.52,M-R relationship,0.198,1.149,586.531,2014,Transit,Kepler
Kepler-1248 b,1.18,0.2,1.76,M-R relationship,0.0806,1.21,593.026,2016,Transit,Kepler
Kepler-1269 b,1.63,0.46,3.29,M-R relationship,0.23611,1.15,1097.23,2016,Transit,Kepler
Kepler-1314 b,5.11,0.19,22.9,M-R relationship,0.0504,0.59,141.98685057,2016,Transit,Kepler
Kepler-1870 b,2.10143764,,5.07,M-R relationship,0.0452,0.84,407.216,2021,Transit,Kepler
Kepler-236 b,1.57,0.12,3.09,M-R relationship,0.065,0.51,288.763,2014,Transit,Kepler
Kepler-125 c,0.74,0.05,0.33,M-R relationship,0.051,0.512,183.365,2014,Transit,Kepler
Kepler-304 d,2.75,0.21,8.0,M-R relationship,0.08,0.687,434.684,2014,Transit,Kepler
Kepler-326 d,1.21,0.09,6.9,Mass,0.066,0.801,487.675,2014,Transit,Kepler
Kepler-126 c,1.58,0.13,1.27942148,Msini,0.162,1.358,237.401,2014,Transit,Kepler
Kepler-400 c,1.49,0.28,2.83,M-R relationship,0.134,1.145,845.97,2014,Transit,Kepler
Kepler-1089 b,1.83,0.1,4.01,M-R relationship,0.0497,0.49,259.328,2016,Transit,Kepler
Kepler-102 f,0.861,0.022,4.3,Mass,0.1656,0.724,107.796,2014,Transit,Kepler
Kepler-1223 b,1.22,0.06,1.98,M-R relationship,0.1186,0.75,459.957,2016,Transit,Kepler
Kepler-1853 b,1.51862272,,2.92,M-R relationship,0.2395,0.788,562.348,2021,Transit,Kepler
Kepler-512 b,2.69,0.49,7.7,M-R relationship,0.21395,1.3,467.375,2016,Transit,Kepler
Kepler-369 b,1.13,0.06,1.51,M-R relationship,0.03,0.471,214.0,2014,Transit,Kepler
Kepler-305 c,3.3,0.82,6.0,Mass,0.07568,0.8,868.477,2013,Transit,Kepler
Kepler-975 c,10.69,6.94,80.2,M-R relationship,0.0567,1.667,426.088,2023,Transit,Kepler
Kepler-22 b,2.1,0.12,9.1,Mass,0.812,0.869,194.642,2011,Transit,Kepler
Kepler-1995 b,4.28,2.21,16.9,M-R relationship,0.3259,0.93,595.331,2023,Transit,Kepler
Kepler-1227 b,2.29,0.52,5.86,M-R relationship,0.38555,0.95,623.706,2016,Transit,Kepler
Kepler-1272 b,2.37,0.7,6.21,M-R relationship,0.2705,1.09,1206.37,2016,Transit,Kepler
Kepler-201 c,2.85,0.6,8.5,M-R relationship,0.573,1.229,636.445,2014,Transit,Kepler
Kepler-215 c,1.77,0.42,3.78,M-R relationship,0.113,1.027,485.997,2014,Transit,Kepler
Kepler-267 c,2.13,0.11,5.18,M-R relationship,0.06,0.555,264.993,2014,Transit,Kepler
Kepler-373 c,1.24,0.62,2.07,M-R relationship,0.126,0.845,1090.45,2014,Transit,Kepler
Kepler-54 d,1.53,0.08,12.0946,Mass,0.126,0.554,271.701,2014,Transit,Kepler
Kepler-329 b,1.4,0.25,2.54,M-R relationship,0.061,0.523,439.719,2014,Transit,Kepler
Kepler-279 d,3.1,1.24,37.5,Mass,0.2901,1.07,1037.4,2013,Transit,Kepler
HD 219134 c,1.511,0.047,4.36,Mass,0.0653,0.778,6.53127,2015,Radial Velocity,Roque de los Muchachos Observatory
Kepler-1198 b,1.47,0.18,2.76,M-R relationship,0.0732,0.9,743.03,2016,Transit,Kepler
Kepler-161 c,2.05,0.15,3.61,Mass,0.068,0.806,434.632,2014,Transit,Kepler
Kepler-1294 b,3.19,0.54,10.3,M-R relationship,0.4684,0.97,1855.7,2016,Transit,Kepler
Kepler-1319 b,1.34,0.72,2.36,M-R relationship,0.0296,0.54,103.917,2016,Transit,Kepler
Kepler-275 d,3.33,0.74,11.1,M-R relationship,0.224,1.383,2034.25,2014,Transit,Kepler
Kepler-374 b,1.03,0.54,1.08,M-R relationship,0.029,0.911,1265.61,2014,Transit,Kepler
Kepler-306 d,2.47,0.24,6.66,M-R relationship,0.12,0.719,775.679,2014,Transit,Kepler
Kepler-305 e,1.7938153,,3.87,M-R relationship,0.04017,0.827279,868.477,2020,Transit,Kepler
Kepler-11 f,2.49,0.04,2.0,Mass,0.25,1.065,646.346,2010,Transit,Kepler
Kepler-276 d,2.8,1.23,16.3,Mass,0.24666,1.03,1144.86,2013,Transit,Kepler
Kepler-36 c,3.679,0.096,7.13,Mass,0.12692,1.634,527.956,2012,Transit,Kepler
Kepler-1251 b,1.84,0.26,4.04,M-R relationship,0.2478,0.89,902.204,2016,Transit,Kepler
Kepler-1843 b,2.70909809,,7.8,M-R relationship,0.17871,1.782,784.625,2021,Transit,Kepler
Kepler-1857 b,1.96065412,,4.5,M-R relationship,0.08308,1.005,853.275,2021,Transit,Kepler
Kepler-190 c,1.46,0.1,2.73,M-R relationship,0.045,0.795,433.387,2014,Transit,Kepler
Kepler-123 c,1.48,0.3,2.79,M-R relationship,0.181,1.264,1021.66,2014,Transit,Kepler
Kepler-380 c,1.27,0.28,2.15,M-R relationship,0.078,1.224,813.713,2014,Transit,Kepler
Kepler-283 c,1.82,0.12,3.97,M-R relationship,0.341,0.566,468.094,2014,Transit,Kepler
KELT-6 c,13.0,,1179.1493,Msini,2.39,1.529,240.726,2015,Radial Velocity,Multiple Observatories
Kepler-85 b,1.778,0.05,1.84,Mass,0.07885,0.875,765.025,2012,Transit,Kepler
Kepler-799 c,2.78068551,,8.15,M-R relationship,0.1214,1.593,1509.084,2021,Transit,Kepler
Kepler-1884 b,1.81406781,,3.95,M-R relationship,0.0845,0.906,1443.09,2021,Transit,Kepler
Kepler-381 b,0.99,0.22,0.937,M-R relationship,0.066,1.568,267.323,2014,Transit,Kepler
Kepler-84 d,1.38,0.27,2.48,M-R relationship,0.052,1.169,1023.9,2014,Transit,Kepler
Kepler-334 b,1.12,0.21,1.46,M-R relationship,0.061,1.068,426.59,2014,Transit,Kepler
Kepler-285 c,1.12,0.49,1.46,M-R relationship,0.064,0.808,824.31,2014,Transit,Kepler
Kepler-1232 b,1.93,0.24,4.38,M-R relationship,0.16545,0.89,632.865,2016,Transit,Kepler
Kepler-1858 b,2.42168247,,6.44,M-R relationship,0.3575,0.819,833.055,2021,Transit,Kepler
Kepler-204 c,1.79,0.39,3.86,M-R relationship,0.173,1.238,686.723,2014,Transit,Kepler
Kepler-515 b,1.46,0.06,2.73,M-R relationship,0.1333,0.83,255.0,2016,Transit,Kepler
Kepler-221 e,2.63,0.25,7.86706,Mass,0.13,0.821,385.231,2014,Transit,Kepler
Kepler-1877 b,0.624086,,0.179,M-R relationship,0.03472,0.936,285.312,2021,Transit,Kepler
Kepler-350 d,2.8,1.28,14.9,Mass,0.1786,1.25,956.859,2013,Transit,Kepler
Kepler-414 b,1.71,0.31,3.5,Mass,0.0543,0.946,413.46,2014,Transit Timing Variations,Kepler
Kepler-58 e,1.61,0.52,597.796,Mass,0.0533,1.083,969.252,2023,Transit,Kepler
Kepler-1679 b,2.0692036,,4.93,M-R relationship,0.0892,0.873196,909.28,2020,Transit,Kepler
Kepler-58 c,2.86,,53.0,Mass,0.12307,1.03,969.252,2012,Transit,Kepler
Kepler-1844 b,3.03648191,,9.46,M-R relationship,0.0478,0.849,1804.36,2021,Transit,Kepler
Kepler-1278 b,1.01,0.31,1.01,M-R relationship,0.04417,1.16,889.426,2016,Transit,Kepler
Kepler-1864 b,0.75408365,,0.353,M-R relationship,0.049,0.979,298.894,2021,Transit,Kepler
Kepler-1324 b,1.51,0.08,2.89,M-R relationship,0.0466,0.73,481.667,2016,Transit,Kepler
Kepler-462 c,4.0,0.2,6.0,Mass,0.7584,1.57,596.625,2018,Transit,Kepler
Kepler-226 d,1.22,0.49,1.98,M-R relationship,0.076,0.802,980.138,2014,Transit,Kepler
Kepler-221 b,1.71,0.17,5.95575,Mass,0.037,0.821,385.231,2014,Transit,Kepler
Kepler-245 c,2.18,0.17,26.7,Mass,0.124,0.795,861.527,2014,Transit,Kepler
Kepler-352 b,0.86,0.08,0.566,M-R relationship,0.085,0.781,252.733,2014,Transit,Kepler
Kepler-382 c,1.59,0.77,3.15,M-R relationship,0.097,0.945,935.446,2014,Transit,Kepler
Kepler-336 b,1.02,0.19,1.04,M-R relationship,0.033,1.304,768.86,2014,Transit,Kepler
HD 11755 b,12.8,,1789.3829,Msini,1.09,20.58,235.045,2015,Radial Velocity,Bohyunsan Optical Astronomical Observatory
Kepler-385 c,3.04,1.56,13.2,Mass,0.127,1.126,1432.61,2014,Transit,Kepler
Kepler-267 d,2.27,0.12,5.77,M-R relationship,0.154,0.555,264.993,2014,Transit,Kepler
Kepler-384 c,1.13,0.33,1.51,M-R relationship,0.236,0.882,895.678,2014,Transit,Kepler
Kepler-299 e,1.87,0.39,4.16,M-R relationship,0.22,1.032,1052.24,2014,Transit,Kepler
8 UMi b,13.5,,524.41687155,Msini,0.462,10.73,162.552,2015,Radial Velocity,Bohyunsan Optical Astronomical Observatory
Kepler-1104 b,1.23,0.14,2.04,M-R relationship,0.06321,1.41,530.658,2016,Transit,Kepler
Kepler-1987 e,1.92,0.18,4.35,M-R relationship,0.0765,0.714,595.683,2023,Transit,Kepler
Kepler-1830 b,3.32992941,,11.1,M-R relationship,0.31769,2.046,1056.88,2021,Transit,Kepler
Kepler-182 b,2.58,1.18,7.18,M-R relationship,0.096,1.146,1549.09,2014,Transit,Kepler
Kepler-1688 b,1.26174569,,2.13,M-R relationship,0.0577,0.746,567.44687087,2020,Transit,Kepler
Kepler-385 b,2.73,1.38,12.8,Mass,0.097,1.126,1432.61,2014,Transit,Kepler
Kepler-55 f,1.59,0.1,3.15,M-R relationship,0.081,0.619,578.796,2014,Transit,Kepler
Kepler-339 d,1.17,0.53,14.7,Mass,0.091,0.802,616.637,2014,Transit,Kepler
Kepler-1669 d,1.22,0.05,1.98,M-R relationship,0.0468,0.603,543.444,2023,Transit,Kepler
Kepler-69 c,1.71,0.34,3.57,M-R relationship,0.64,0.93,730.625,2013,Transit,Kepler
HAT-P-57 b,19.50366,4.03524,448.1403,Mass,0.0406,1.85,279.86,2015,Transit,HATNet
Kepler-1067 c,1.74682428,,3.7,M-R relationship,0.06069,0.934,667.693,2021,Transit,Kepler
Kepler-299 d,1.86,0.38,4.12,M-R relationship,0.118,1.032,1052.24,2014,Transit,Kepler
Kepler-208 c,1.39,0.26,2.51,M-R relationship,0.079,1.314,775.328,2014,Transit,Kepler
Kepler-530 b,3.01,0.17,9.32,M-R relationship,0.21491,0.89,457.709,2016,Transit,Kepler
Kepler-354 d,1.24,0.4,2.07,M-R relationship,0.146,0.674,554.064,2014,Transit,Kepler
Kepler-339 c,1.15,0.52,7.3,Mass,0.069,0.802,616.637,2014,Transit,Kepler
Kepler-1114 b,1.35,0.08,2.39,M-R relationship,0.11056,0.83,418.417,2016,Transit,Kepler
Kepler-114 d,2.53,0.28,3.9,Mass,0.08358,0.54,259.533,2013,Transit,Kepler
Kepler-303 c,1.14,0.09,1.55,M-R relationship,0.057,0.485,209.738,2014,Transit,Kepler
Kepler-1212 b,2.14,0.58,5.22,M-R relationship,0.1082,1.15,1316.57,2016,Transit,Kepler
Kepler-394 c,1.66,0.86,3.39,M-R relationship,0.11,1.132,1058.72,2014,Transit,Kepler
Kepler-393 c,1.33,0.31,2.33,M-R relationship,0.124,1.382,881.404,2014,Transit,Kepler
Kepler-318 c,3.68,0.65,13.1,M-R relationship,0.105,1.189,489.141,2014,Transit,Kepler
Kepler-1241 b,2.63,0.21,7.41,M-R relationship,0.1336,0.8,968.722,2016,Transit,Kepler
Kepler-185 b,1.17,0.67,1.71,M-R relationship,0.026,0.806,466.735,2014,Transit,Kepler
Kepler-1283 b,1.91,0.79,4.31,M-R relationship,0.1062,1.25,2921.99,2016,Transit,Kepler
Kepler-1714 b,3.26437302,,10.7,M-R relationship,0.10549,2.086,409.46,2021,Transit,Kepler
Kepler-1331 b,1.05,0.09,1.16,M-R relationship,0.0142,0.69,319.197,2016,Transit,Kepler
Kepler-319 b,1.63,0.23,3.29,M-R relationship,0.051,0.903,503.436,2014,Transit,Kepler
Kepler-396 b,3.5,1.28,75.5,Mass,0.24067,1.06,223.757,2013,Transit,Kepler
Kepler-1085 c,3.26817741,,10.7,M-R relationship,0.29798,1.0783,1364.53,2020,Transit,Kepler
Kepler-1084 b,1.11,0.23,1.41,M-R relationship,0.0324,1.28,405.533,2016,Transit,Kepler
Kepler-1108 b,1.46,0.14,2.73,M-R relationship,0.0511,0.84,767.701,2016,Transit,Kepler
Kepler-1214 b,2.36,0.19,6.17,M-R relationship,0.128,0.8,729.227,2016,Transit,Kepler
Kepler-155 c,2.24,0.15,5.65,M-R relationship,0.242,0.62,293.499,2014,Transit,Kepler
Kepler-396 c,5.3,1.95,17.9,Mass,0.38946,1.06,223.757,2013,Transit,Kepler
Kepler-1369 b,2.69,0.42,7.7,M-R relationship,0.1741,0.99,1236.56,2016,Transit,Kepler
Kepler-1370 b,1.84,0.66,4.04,M-R relationship,0.15763,1.29,1004.1,2016,Transit,Kepler
Kepler-252 b,1.23,0.12,2.04,M-R relationship,0.058,0.549,379.424,2014,Transit,Kepler
Kepler-360 c,2.1,1.0,5.06,M-R relationship,0.075,1.058,876.044,2014,Transit,Kepler
Kepler-245 e,1.75,0.08,1806.36,Mass,0.04053,0.8,861.527,2016,Transit,Kepler
Kepler-298 d,2.5,0.2,6.8,M-R relationship,0.305,0.582,518.204,2014,Transit,Kepler
Kepler-324 b,1.14,0.11,2414.4,Mass,0.05,0.84,501.574,2014,Transit,Kepler
Kepler-1796 b,2.75047868,,8.0,M-R relationship,0.1879,0.949,825.883,2021,Transit,Kepler
Kepler-520 c,1.07,0.07,1.24,M-R relationship,0.06035,1.09,623.901,2016,Transit,Kepler
Kepler-1244 b,1.35,0.63,2.39,M-R relationship,0.0502,1.77,1075.81,2016,Transit,Kepler
Kepler-169 c,1.21,0.08,1.92,M-R relationship,0.062,0.763,406.529,2014,Transit,Kepler
Kepler-97 b,1.48,0.13,3.51,Mass,0.03563,0.98,400.907,2014,Transit,Kepler
Kepler-1336 b,1.98,0.3,4.58,M-R relationship,0.15845,1.3,1126.64,2016,Transit,Kepler
Kepler-417 b,2.31,0.86,11.0,Mass,0.1006,0.806,973.989,2014,Transit Timing Variations,Kepler
Kepler-301 d,1.75,0.94,3.71,M-R relationship,0.112,0.9,719.166,2014,Transit,Kepler
Kepler-104 d,3.58,0.61,5.54022107,Msini,0.257,1.349,400.785,2014,Transit,Kepler
Kepler-1192 b,2.36,0.24,6.17,M-R relationship,0.1693,0.83,1304.19,2016,Transit,Kepler
Kepler-516 b,5.74,1.43,27.9,M-R relationship,0.1992,2.02,687.094,2016,Transit,Kepler
Kepler-1851 b,3.90012032,,14.5,M-R relationship,0.1016,0.879,1589.81,2021,Transit,Kepler
Kepler-212 b,1.09,0.21,1.32,M-R relationship,0.133,1.455,687.194,2014,Transit,Kepler
Kepler-1372 b,1.27,0.44,2.15,M-R relationship,0.024,0.97,1303.22,2016,Transit,Kepler
Kepler-364 b,1.55,0.37,3.02,M-R relationship,0.178,1.284,891.462,2014,Transit,Kepler
KELT-23 A b,14.829507,0.280225,298.12454,Mass,0.03302,0.996,126.261,2019,Transit,KELT-North
HD 191939 d,2.995,0.07,2.8,Mass,0.2132,0.94,53.6089,2020,Transit,Transiting Exoplanet Survey Satellite (TESS)
HATS-77 b,13.05846252,0.23538859,436.69623122,Mass,0.03607,0.6428,436.176,2021,Transit,HATSouth
TOI-4479 b,2.82,0.65,8.35,M-R relationship,0.0164,0.451,80.6532,2022,Transit,Transiting Exoplanet Survey Satellite (TESS)
TOI-1752 c,2.29,0.13,5.86,M-R relationship,0.1614,0.53,103.021,2026,Transit,Transiting Exoplanet Survey Satellite (TESS)
Kepler-1705 c,2.05,0.14,5.42,Mass,,1.259,1633.49,2021,Transit,Kepler
TOI-1753 b,2.47852533,0.09834485,16.6,Mass,0.059,0.9715,226.671,2024,Transit,Transiting Exoplanet Survey Satellite (TESS)
TOI-2274 b,2.45,0.23,6.57,M-R relationship,0.05,0.631,48.876,2024,Transit,Transiting Exoplanet Survey Satellite (TESS)
Kepler-43 b,13.663771,0.728585,1026.5909,Mass,0.046,1.42,1005.84,2011,Transit,Kepler
Kepler-858 b,4.87,0.23,21.1,M-R relationship,0.33939,0.91,298.532,2016,Transit,Kepler
TOI-3023 b,16.43236571,0.48198617,197.05361234,Mass,0.0505,1.668,389.916,2023,Transit,Transiting Exoplanet Survey Satellite (TESS)
Kepler-1752 b,4.54060463,,18.7,M-R relationship,0.2698,0.821,962.888,2021,Transit,Kepler
Kepler-1408 b,0.89,68.91,0.64,M-R relationship,0.04218,1.35,535.048,2016,Transit,Kepler
HIP 54373 b,2.87,,8.62,Msini,0.063,0.564998,18.7168,2019,Radial Velocity,Las Campanas Observatory
Teegarden's Star b,1.05,,1.16,Msini,0.0259,0.12,3.83078,2019,Radial Velocity,Calar Alto Observatory
BD+60 1417 b,14.68376472,0.67253884,4767.426105,Mass,1662.0,0.797,44.9543,2021,Imaging,Wide-field Infrared Survey Explorer (WISE) Satellite Mission
TOI-1227 b,9.57246952,0.75100171,66.5,M-R relationship,0.0886,0.56,100.641,2022,Transit,Transiting Exoplanet Survey Satellite (TESS)
CoRoT-7 d,4.31,,17.142,Mass,,0.8389,159.906,2022,Radial Velocity,La Silla Observatory
TOI-1758 b,3.62,0.337,6.9,Mass,0.141409,0.81,96.6215,2024,Transit,Transiting Exoplanet Survey Satellite (TESS)
TOI-2040 b,10.32347122,0.25780656,248.22398587,Mass,0.0473,0.87,144.717,2026,Transit,Transiting Exoplanet Survey Satellite (TESS)
TOI-2567 b,10.92875618,0.3474784,63.88350981,Mass,0.0672,1.686,504.775,2022,Transit,Transiting Exoplanet Survey Satellite (TESS)
Kepler-1410 b,1.78,0.12,3.82,M-R relationship,0.2543,0.6,367.0,2016,Transit,Kepler
HD 24085 b,3.46,,11.8,Msini,0.034,1.412551,54.9004,2019,Radial Velocity,Las Campanas Observatory
WASP-87 b,15.524465,0.67254,692.8694,Mass,0.02946,1.627,298.392,2016,Transit,Anglo-Australian Telescope
TOI-163 b,16.690201,0.381106,387.7526,Mass,0.058,1.648,411.719,2019,Transit,Transiting Exoplanet Survey Satellite (TESS)
K2-315 b,0.95,0.058,0.809,M-R relationship,,0.196,56.9686,2020,Transit,K2
HD 216520 b,3.18,,10.26,Msini,0.198,0.76,19.552,2020,Radial Velocity,Multiple Observatories
TOI-1775 b,8.04728896,0.14337937,96.0,Mass,0.08,0.8288,149.234,2024,Transit,Transiting Exoplanet Survey Satellite (TESS)
DS Tuc A b,5.7,0.17,413.179,Mass,,0.964,44.0622,2019,Transit,Transiting Exoplanet Survey Satellite (TESS)
Kepler-296 c,2.0,0.33,4.66,M-R relationship,0.0521,0.48,167.0,2014,Transit,Kepler
WASP-187 b,18.38276,0.56045,254.264,Mass,0.0653,2.83,371.414,2020,Transit,SuperWASP
HD 161178 b,14.1,,181.16219199,Msini,0.85,10.95,107.188,2021,Radial Velocity,Okayama Astrophysical Observatory
GJ 514 b,2.13,,5.2,Msini,0.422,0.5,7.61778,2022,Radial Velocity,Multiple Observatories
HD 77946 b,2.89646124,0.1867559,10.9,Mass,0.073,1.3174,99.451,2024,Transit,Transiting Exoplanet Survey Satellite (TESS)
TOI-2345 c,2.451,0.045,7.27,Mass,0.1257,0.729,81.6541,2025,Transit,Transiting Exoplanet Survey Satellite (TESS)
Kepler-876 b,1.43,0.1,2.63,M-R relationship,0.0549,0.77,820.913,2016,Transit,Kepler
Kepler-1894 c,1.21,0.37,1.92,M-R relationship,0.0576,0.901,935.191,2023,Transit,Kepler
HD 233832 b,13.5,,565.7374,Msini,2.827,0.68,58.742,2018,Radial Velocity,Roque de los Muchachos Observatory
GJ 687 c,4.14,,16.0,Msini,1.165,0.4183,4.54939,2020,Radial Velocity,Multiple Observatories
HIP 5763 b,14.2,,162.09248757,Msini,0.17,0.750378,31.9043,2021,Radial Velocity,Cerro Tololo Inter-American Observatory
TOI-712 b,2.049,0.012,4.85,M-R relationship,0.07928,0.674,58.6212,2022,Transit,Transiting Exoplanet Survey Satellite (TESS)
TOI-1782.01,2.368,0.307,6.2,M-R relationship,0.05024,0.669,95.2649,2024,Transit,Transiting Exoplanet Survey Satellite (TESS)
TOI-2092 b,2.94892961,0.31576526,9.0,M-R relationship,,1.0519,176.759,2026,Transit,Transiting Exoplanet Survey Satellite (TESS)
Kepler-303 b,0.89,0.05,0.64,M-R relationship,0.024,0.485,209.738,2014,Transit,Kepler
Kepler-271 c,0.95,0.06,0.809,M-R relationship,0.06993,0.87,404.542,2014,Transit,Kepler
Kepler-82 f,4.84,,20.9,Mass,0.3395,0.898,904.326,2019,Transit Timing Variations,KOINet
Qatar-6 b,11.903958,0.795839,212.31044,Mass,0.0423,0.722,100.848,2017,Transit,Qatar
GJ 9066 c,9.6,,66.74396547,Msini,0.88,0.164,4.471,2020,Radial Velocity,Multiple Observatories
K2-400 b,1.163,0.051,1.67,M-R relationship,,0.382,62.3804,2022,Transit,K2
TOI-2094 b,1.9,0.1,4.27,M-R relationship,0.136,0.384,50.0248,2026,Transit,Transiting Exoplanet Survey Satellite (TESS)
TOI-2714 b,13.72,0.7,228.0,Mass,0.036,1.25,597.873,2024,Transit,Transiting Exoplanet Survey Satellite (TESS)
HD 164922 d,1.83,,4.0,Msini,0.103,0.946,22.0016,2020,Radial Velocity,Roque de los Muchachos Observatory
2MASS J01033563-5515561 AB b,12.3,,4131.79,Mass,84.0,,47.2,2013,Imaging,Paranal Observatory
TOI-2382 b,12.25141591,0.85188253,235.19302118,Mass,0.059,1.417,434.92,2025,Transit,Transiting Exoplanet Survey Satellite (TESS)
Kepler-402 b,1.22,0.24,1.98,M-R relationship,0.051,1.264,625.339,2014,Transit,Kepler
EPIC 201841433 b,1.04,0.037,1.12,M-R relationship,0.035,0.628461,436.488,2019,Transit,K2
USco1621 b,12.2,,5085.28,Mass,2880.0,0.710071,137.901,2019,Imaging,Multiple Observatories
K2-318 b,1.66,0.13,3.39,M-R relationship,0.0911,0.552,147.866,2020,Transit,K2
K2-405 b,4.569,0.085,18.9,M-R relationship,,0.765,197.234,2022,Transit,K2
TOI-784 b,1.93,0.11,9.67,Mass,0.038,0.907,64.5997,2023,Transit,Transiting Exoplanet Survey Satellite (TESS)
TOI-1814 b,5.18536642,0.39910545,23.5,M-R relationship,,2.3895,362.522,2026,Transit,Transiting Exoplanet Survey Satellite (TESS)
Kepler-1419 b,2.86,0.66,8.55,M-R relationship,0.2391,1.01,1498.58,2016,Transit,Kepler
EPIC 206215704 b,1.0,0.1,0.972,M-R relationship,,0.25,109.888,2019,Transit,K2
Kepler-848 b,1.7,0.31,3.53,M-R relationship,0.07586,1.2,1378.47,2016,Transit,Kepler
Kepler-819 b,2.76,0.25,8.05,M-R relationship,0.1894,0.81,664.306,2016,Transit,Kepler
TOI-799 b,2.06631784,0.30545179,4.92,M-R relationship,,0.915519,158.526,2026,Transit,Transiting Exoplanet Survey Satellite (TESS)
K2-146 c,2.19,0.07,7.49,Mass,0.0327,0.33,79.3002,2019,Transit,K2
K2-324 b,2.43,0.15,6.48,M-R relationship,0.0331,0.505,136.667,2020,Transit,K2
Kepler-822 b,1.77,0.41,3.78,M-R relationship,0.04078,1.08,860.391,2016,Transit,Kepler
TOI-1181 b,17.02644168,0.66132986,374.71969185,Mass,0.0364,1.961,302.819,2022,Transit,Transiting Exoplanet Survey Satellite (TESS)
TOI-808 b,2.20344362,0.22429531,5.49,M-R relationship,,0.833198,98.1848,2026,Transit,Transiting Exoplanet Survey Satellite (TESS)
TOI-815 b,2.94,0.05,7.6,Mass,0.0903,0.77,59.7117,2024,Transit,Transiting Exoplanet Survey Satellite (TESS)
TOI-1836 b,8.00321222,0.3474784,38.45723725,Mass,0.1597,1.577,191.649,2024,Transit,Transiting Exoplanet Survey Satellite (TESS)
TOI-1836 c,2.59987579,0.22132646,8.0,Mass,0.03089,1.6454,191.649,2024,Transit,Transiting Exoplanet Survey Satellite (TESS)
TOI-2141 b,3.147,0.043,20.1,Mass,0.1322,0.95,77.682,2023,Transit,Transiting Exoplanet Survey Satellite (TESS)
TOI-2447 b,9.60609646,0.13450777,124.90656395,Mass,0.347,1.006,148.987,2024,Transit,Transiting Exoplanet Survey Satellite (TESS)
TOI-2818 b,15.27784069,0.51561311,225.65816897,Mass,0.0493,1.229,312.674,2023,Transit,Transiting Exoplanet Survey Satellite (TESS)
Kepler-1371 c,0.64,0.07,0.196,M-R relationship,0.02937,0.83,515.334,2016,Transit,Kepler
EPIC 212587672 b,1.26,0.11,2.13,M-R relationship,,0.98,320.07,2019,Transit,K2
Kepler-843 b,2.59,0.61,7.22,M-R relationship,0.0313,1.03,1165.66,2016,Transit,Kepler
K2-408 b,1.677,0.118,3.45,M-R relationship,,0.784,162.306,2022,Transit,K2
TOI-1516 b,15.24421375,0.33626942,1004.33776612,Mass,,1.14,247.054,2022,Transit,Transiting Exoplanet Survey Satellite (TESS)
TOI-2458 b,2.83,0.2,13.31,Mass,0.0482,1.31,112.958,2024,Transit,Transiting Exoplanet Survey Satellite (TESS)
Kepler-1423 b,1.06,0.09,1.2,M-R relationship,0.1586,0.75,449.0,2016,Transit,Kepler
HATS-57 b,12.767051,0.313852,1000.21101,Mass,0.03493,0.96,279.485,2019,Transit,HATSouth
HATS-56 b,18.920792,0.437151,191.33366,Mass,0.06043,2.201,564.409,2019,Transit,HATSouth
TOI-763 b,2.28,0.11,9.79,Mass,0.06,0.897,95.1274,2020,Transit,Transiting Exoplanet Survey Satellite (TESS)
K2-409 b,2.482,0.174,6.72,M-R relationship,,1.228,431.031,2022,Transit,K2
TOI-1722 b,4.38298108,0.5929853,17.6,M-R relationship,,1.09414,136.419,2026,Transit,Transiting Exoplanet Survey Satellite (TESS)
TOI-1873 b,2.86356397,0.30160474,8.57,M-R relationship,,0.971675,182.014,2026,Transit,Transiting Exoplanet Survey Satellite (TESS)
TOI-2158 b,10.76062147,0.13450777,260.61929374,Mass,0.075,1.41,198.473,2022,Transit,Transiting Exoplanet Survey Satellite (TESS)
Kepler-1888 b,1.32578716,,2.32,M-R relationship,0.0956,1.249,402.947,2021,Transit,Kepler
Kepler-1901 b,1.47418907,,2.77,M-R relationship,0.0453,0.921,1028.37,2021,Transit,Kepler
GJ 433 c,6.27,,32.422,Msini,4.819,0.5,9.06456,2014,Radial Velocity,Multiple Observatories
K2-374 c,2.213,0.091,5.53,M-R relationship,,0.907,359.439,2022,Transit,K2
TOI-1860 b,1.31,0.04,2.27,M-R relationship,0.0204,0.94,45.864,2022,Transit,Transiting Exoplanet Survey Satellite (TESS)
TOI-1723 b,3.435,0.244,10.4,Mass,0.113496,1.09,100.727,2024,Transit,Transiting Exoplanet Survey Satellite (TESS)
TOI-1937 A b,13.97759893,0.66132986,638.83509807,Mass,0.01932,1.08,415.135,2023,Transit,Transiting Exoplanet Survey Satellite (TESS)
Kepler-292 f,2.35,0.22,6.12,M-R relationship,0.141,0.826,1056.48,2014,Transit,Kepler
Kepler-1395 b,0.8,0.09,0.437,M-R relationship,0.04974,1.23,492.894,2016,Transit,Kepler
Kepler-1905 b,1.4460734,,2.69,M-R relationship,0.0451,1.015,1051.53,2021,Transit,Kepler
Kepler-65 e,13.9,,260.0,Mass,0.8539307544,1.437,303.728,2019,Radial Velocity,W. M. Keck Observatory
GJ 682 b,1.93,,4.4,Msini,0.08,0.298255,5.00671,2014,Radial Velocity,Multiple Observatories
TOI-132 b,3.42,0.13,22.4,Mass,0.026,0.9,163.678,2020,Transit,Transiting Exoplanet Survey Satellite (TESS)
TOI-2000 c,8.14,0.31,81.7,Mass,0.0878,1.134,175.713,2023,Transit,Transiting Exoplanet Survey Satellite (TESS)
TOI-2000 b,2.7,0.15,11.0,Mass,0.04271,1.134,175.713,2023,Transit,Transiting Exoplanet Survey Satellite (TESS)
TOI-2194 b,1.9892,0.1313,4.61,M-R relationship,,0.6909,19.5711,2023,Transit,Transiting Exoplanet Survey Satellite (TESS)
TOI-2498 b,6.06,0.29,34.62,Mass,0.0491,1.26,275.265,2023,Transit,Transiting Exoplanet Survey Satellite (TESS)
Kepler-102 e,2.17,0.11,4.7,Mass,0.1162,0.724,107.796,2013,Transit,Kepler
HD 2685 b,16.14096,0.56045,371.8611,Mass,0.0568,1.56,196.852,2019,Transit,Transiting Exoplanet Survey Satellite (TESS)
Kepler-95 b,3.42,0.09,13.0,Mass,0.10232,1.41,445.656,2014,Transit,Kepler
Wendelstein-2 b,12.9934728,0.2286636,232.33373,Mass,0.0234,0.66,565.541,2020,Transit,Haleakala Observatory
K2-384 b,1.076,0.232,1.26,M-R relationship,,0.348,82.6603,2022,Transit,K2
HD 174205 b,13.0,,1334.8793094,Msini,1.7,26.6,234.027,2022,Radial Velocity,Bohyunsan Optical Astronomical Observatory
TOI-2977 b,13.15934334,0.3474784,533.95172376,Mass,0.03386,1.073,,2023,Transit,Transiting Exoplanet Survey Satellite (TESS)
Kepler-430 c,1.75,,3.71,M-R relationship,0.4757,1.485,917.477,2015,Transit,Kepler
Kepler-1656 b,4.574,0.106,47.8,Mass,0.1974,1.1,185.875,2018,Transit,Kepler
Kepler-647 c,4.00135002,,15.1,M-R relationship,0.18291,1.54571,1087.87,2020,Transit,Kepler
Kepler-210 b,2.94,0.21,8.96,M-R relationship,0.032,0.65,232.75,2014,Transit,Kepler
OGLE-2006-BLG-109L c,11.1,,86.0,Mass,4.5,,1510.0,2008,Microlensing,OGLE
KMT-2016-BLG-1397L b,12.7,,2200.0,Mass,5.1,,6600.0,2018,Microlensing,KMTNet
KMT-2019-BLG-0253L b,2.99,,9.2,Mass,3.1,,4900.0,2022,Microlensing,KMTNet
KMT-2023-BLG-0548L b,13.1,,1086.97315194,Mass,6.85,,6830.0,2025,Microlensing,KMTNet
Kepler-1963 b,0.74437023,,0.337,M-R relationship,0.02915,0.979,492.847,2021,Transit,Kepler
Kepler-1517 b,9.76,2.79,68.7,M-R relationship,0.078,1.95,847.299,2016,Transit,Kepler
Kepler-1711 b,1.923,,4.36,M-R relationship,0.1463,1.034,590.268,2021,Transit,Kepler
MOA-2010-BLG-328L b,2.99,,9.2,Mass,0.92,,810.0,2013,Microlensing,MOA
MOA-2011-BLG-291L b,4.43,,18.0,Mass,0.69,,4400.0,2018,Microlensing,MOA
KMT-2018-BLG-1743L b,10.5,,77.86795971,Mass,1.449,,6483.0,2021,Microlensing,KMTNet
OGLE-2018-BLG-0516L b,4.73,,20.1,Mass,2.2,,7000.0,2022,Microlensing,OGLE
KMT-2023-BLG-0949L b,12.8,,1900.61387386,Mass,2.03,,6060.0,2025,Microlensing,KMTNet
KMT-2024-BLG-2059L b,2.54,,6.99222495,Mass,2.55,,6070.0,2025,Microlensing,KMTNet
Kepler-146 b,3.71,0.7,13.3,M-R relationship,0.2,1.208,716.797,2014,Transit,Kepler
Kepler-1468 d,3.33187146,,11.1,M-R relationship,0.1456,1.496,1899.24,2021,Transit,Kepler
Kepler-348 c,1.33,0.25,2.33,M-R relationship,0.138,1.359,570.783,2014,Transit,Kepler
Kepler-1641 c,2.95,0.98,9.01,M-R relationship,0.2065,1.19,860.37,2016,Transit,Kepler
Kepler-1641 b,3.11,1.13,9.85,M-R relationship,0.1473,1.19,860.37,2016,Transit,Kepler
Kepler-39 b,13.9,1.01,6388.1,Mass,0.164,1.4,1057.41,2011,Transit,Kepler
Kepler-174 c,1.49,0.09,2.83,M-R relationship,0.214,0.622,384.757,2014,Transit,Kepler
KMT-2023-BLG-1642L b,13.8,,343.25467956,Mass,1.41,,6980.0,2024,Microlensing,KMTNet
Kepler-1468 b,1.73,0.41,3.64,M-R relationship,0.0817,1.05,1899.24,2016,Transit,Kepler
Kepler-203 b,2.57,0.52,7.13,M-R relationship,0.043,1.114,703.302,2014,Transit,Kepler
Kepler-152 b,2.79,0.17,8.2,M-R relationship,0.124,0.724,441.09,2014,Transit,Kepler
OGLE-2015-BLG-0966L b,4.86,,21.0,Mass,2.7,,3300.0,2016,Microlensing,OGLE
MOA-2011-BLG-028L b,5.99,,30.0,Mass,4.14,,7380.0,2016,Microlensing,MOA
OGLE-2018-BLG-0383L b,2.41,,6.4,Mass,1.8,,7700.0,2022,Microlensing,OGLE
KMT-2021-BLG-1391L b,1.97,,4.55,Mass,2.29,,5720.0,2022,Microlensing,KMTNet
Kepler-195 c,1.55,0.57,3.02,M-R relationship,0.197,0.775,652.051,2014,Transit,Kepler
Kepler-880 c,2.87,0.58,8.6,M-R relationship,0.1216,2.599,601.324,2023,Transit,Kepler
Kepler-608 b,3.64,0.72,12.9,M-R relationship,0.0685,1.01,946.683,2016,Transit,Kepler
Kepler-1704 b,11.94877343,0.49319515,1322.16617312,Mass,2.027,1.697,835.455,2021,Transit,Kepler
Kepler-561 c,2.68,0.43,7.65,M-R relationship,0.05947,0.94,621.378,2016,Transit,Kepler
OGLE-2015-BLG-0051L b,14.0,,230.0,Mass,0.73,,8200.0,2016,Microlensing,OGLE
OGLE-2018-BLG-0740L b,12.9,,1500.0,Mass,5.0,,3200.0,2019,Microlensing,OGLE
OGLE-2017-BLG-1099L b,13.1,,959.84178914,Mass,2.73,,7250.0,2021,Microlensing,OGLE
KMT-2021-BLG-0748L b,14.3,,143.02278315,Mass,2.43,,6090.0,2022,Microlensing,KMTNet
TOI-2267 d,1.77,0.43,3.78,M-R relationship,0.0145,0.13,22.55,2025,Transit,Transiting Exoplanet Survey Satellite (TESS)
Kepler-1719 b,3.95000623,,14.8,M-R relationship,0.06868,1.775,905.406,2021,Transit,Kepler
Kepler-1254 c,1.3,0.07,2.24,M-R relationship,0.0422,0.75,622.818,2016,Transit,Kepler
Kepler-639 b,2.38,0.55,6.26,M-R relationship,0.09358,1.29,850.242,2016,Transit,Kepler
KMT-2016-BLG-0212L b,12.2,,5700.0,Mass,2.2,,6300.0,2018,Microlensing,KMTNet
KMT-2019-BLG-1552L b,13.0,,1287.20504835,Mass,2.6,,4600.0,2022,Microlensing,KMTNet
KMT-2024-BLG-0349L b,12.4,,3769.44490702,Mass,6.46,,5750.0,2026,Microlensing,KMTNet
Kepler-208 d,1.2,0.23,1.87,M-R relationship,0.103,1.314,775.328,2014,Transit,Kepler
Kepler-171 b,2.34,1.05,6.08,M-R relationship,0.05,0.839,863.855,2014,Transit,Kepler
Kepler-1525 b,0.91,0.06,0.693,M-R relationship,0.03557,1.04,382.989,2016,Transit,Kepler
Kepler-1645 b,1.78,0.43,3.82,M-R relationship,0.1285,1.02,1202.47,2016,Transit,Kepler
KMT-2018-BLG-1990L b,12.9,,111.0,Mass,0.763,,967.0,2019,Microlensing,KMTNet
KMT-2018-BLG-0247L b,13.4,,670.61793877,Mass,2.46,,6760.0,2022,Microlensing,KMTNet
Kepler-30 d,8.8,0.5,23.1,Mass,0.5,0.95,914.221,2012,Transit,Kepler
PSR B1257+12 d,1.8,,3.9,Mass,0.46,,600.0,1992,Pulsar Timing,Arecibo Observatory
OGLE-2016-BLG-0263L b,13.0,,1300.0,Mass,5.4,,6500.0,2017,Microlensing,OGLE
OGLE-2012-BLG-0026L c,13.9,,270.0,Mass,4.8,,4019.0,2012,Microlensing,OGLE
KMT-2018-BLG-2602L b,13.7,,365.50266805,Mass,3.81,,4310.0,2022,Microlensing,KMTNet
KMT-2016-BLG-1337L b,11.4,,88.99195396,Mass,3.97,,6920.0,2026,Microlensing,KMTNet
Kepler-220 d,0.98,0.06,0.904,M-R relationship,0.163,0.666,171.109,2014,Transit,Kepler
Kepler-1949 b,2.21964541,,5.56,M-R relationship,0.0352,1.454,2617.35,2021,Transit,Kepler
Kepler-695 b,9.21,0.71,62.3,M-R relationship,0.0374,0.8,842.947,2016,Transit,Kepler
Kepler-529 d,2.79502603,,8.22,M-R relationship,0.2134,1.189,799.008,2021,Transit,Kepler
OGLE-2005-BLG-390L b,2.21,,5.5,Mass,2.6,,6600.0,2005,Microlensing,OGLE
Kepler-220 b,0.81,0.05,0.457,M-R relationship,0.046,0.666,171.109,2014,Transit,Kepler
Kepler-1993 b,4.15,1.28,16.1,M-R relationship,0.1943,3.062,1031.91,2023,Transit,Kepler
Kepler-154 e,1.5,0.14,2.86,M-R relationship,0.04766,0.98,915.212,2016,Transit,Kepler
MOA-2009-BLG-387L b,13.2,,830.0,Mass,1.8,,5690.0,2010,Microlensing,MOA
OGLE-2018-BLG-1647L b,13.8,,308.29355479,Mass,1.36,,7880.0,2022,Microlensing,KMTNet
Kepler-154 c,2.95,0.62,9.01,M-R relationship,0.303,1.001,915.212,2014,Transit,Kepler
Kepler-390 c,0.79,0.08,0.418,M-R relationship,0.101,0.776,435.277,2014,Transit,Kepler
Kepler-967 c,3.65,0.15,12.9,M-R relationship,0.6253,0.8,568.546,2016,Transit,Kepler
Kepler-248 c,4.07,0.49,15.6,M-R relationship,0.123,0.831,738.792,2014,Transit,Kepler
Kepler-648 b,3.22,0.12,10.5,M-R relationship,0.13324,0.98,636.03,2016,Transit,Kepler
OGLE-2017-BLG-0406L b,14.2,,130.0,Mass,3.5,,5200.0,2020,Microlensing,OGLE
OGLE-2018-BLG-1367L b,13.8,,301.93698665,Mass,1.21,,5370.0,2022,Microlensing,KMTNet
OGLE-2018-BLG-0932L b,13.9,,282.86728223,Mass,1.75,,6620.0,2022,Microlensing,KMTNet
OGLE-2017-BLG-0364L b,10.3,,75.8,Mass,3.79,,7860.0,2024,Microlensing,OGLE
Gaia23braL b,13.5,,518.06030341,Mass,4.847,1.36181,4330.0,2026,Microlensing,European Space Agency (ESA) Gaia Satellite
Kepler-1814 c,1.76,0.13,3.75,M-R relationship,0.0133,0.823,726.346,2023,Transit,Kepler
Kepler-1588 b,0.76,0.11,0.363,M-R relationship,0.07419,0.99,924.141,2016,Transit,Kepler
Kepler-436 b,2.73,0.23,7.9,M-R relationship,0.339,0.697,588.867,2015,Transit,Kepler
KOI-3503 c,1.21,0.28,10.36,Mass,0.18688,1.255,887.064,2021,Transit,Kepler
Kepler-1491 c,2.44,0.39,6.53,M-R relationship,0.3045,1.389,2065.59,2023,Transit,Kepler
Kepler-158 c,1.9,0.3,4.27,M-R relationship,0.158,0.624,315.177,2014,Transit,Kepler
MOA-2011-BLG-293L b,12.9,,1500.0,Mass,1.1,,7720.0,2012,Microlensing,MOA
OGLE-2017-BLG-0173L b,1.62,,3.269,Mass,3.913,,4705.0,2018,Microlensing,OGLE
OGLE-2018-BLG-1269L b,14.1,,210.0,Mass,4.51,,2510.0,2020,Microlensing,OGLE
KMT-2021-BLG-0119L b,12.8,,1754.41280664,Mass,2.92,,3130.0,2022,Microlensing,KMTNet
Kepler-968 c,1.69,0.08,3.5,M-R relationship,0.052,0.7,290.324,2016,Transit,Kepler
Kepler-28 b,1.959,0.043,1.63,Mass,0.05687,0.664,438.359,2011,Transit,Kepler
Kepler-122 c,5.87,1.16,29.0,M-R relationship,0.108,1.216,1027.45,2014,Transit,Kepler
MOA-2008-BLG-379L b,13.0,,1300.0,Mass,2.7,,3300.0,2013,Microlensing,MOA
MOA-2022-BLG-091L b,13.0,,1141.00398113,Mass,3.44,,4250.0,2025,Microlensing,MOA
KMT-2023-BLG-2209L b,13.9,,254.2627256,Mass,3.51,,5570.0,2025,Microlensing,KMTNet
Kepler-1533 b,3.46,1.49,11.8,M-R relationship,0.93416,1.51,966.801,2016,Transit,Kepler
Kepler-558 b,2.37,0.17,6.21,M-R relationship,0.1759,0.81,661.876,2016,Transit,Kepler
Kepler-177 c,8.73,0.36,14.7,Mass,0.25655,1.324,1435.44,2013,Transit,Kepler
OGLE-2014-BLG-1722L b,8.59,,55.3,Mass,1.5,,6400.0,2018,Microlensing,OGLE
OGLE-2015-BLG-1609L b,10.4,,76.27881768,Mass,,,3300.0,2025,Microlensing,OGLE
Kepler-690 b,5.95,1.83,29.6,M-R relationship,0.081,1.16,1665.31,2016,Transit,Kepler
Kepler-46 b,9.057,0.471,1907.0,Mass,0.1968,0.938,777.06,2012,Transit,Kepler
Kepler-188 c,3.19,1.45,10.3,M-R relationship,0.066,1.141,968.544,2014,Transit,Kepler
Kepler-586 b,2.79,0.36,8.2,M-R relationship,0.0331,0.92,693.766,2016,Transit,Kepler
Kepler-245 d,3.03,0.21,21.6,Mass,0.202,0.795,861.527,2014,Transit,Kepler
OGLE-2013-BLG-0341L B b,1.16,,1.66,Mass,0.702,,911.0,2014,Microlensing,OGLE
KMT-2018-BLG-1976L b,13.3,,705.57906354,Mass,3.54,,5840.0,2021,Microlensing,KMTNet
KMT-2017-BLG-0428L b,2.23,,5.59,Mass,1.81,,5400.0,2023,Microlensing,KMTNet
KMT-2019-BLG-1806L b,2.0,,4.67,Mass,3.02,,6640.0,2023,Microlensing,KMTNet
OGLE-2014-BLG-0124L b,14.1,,206.58846455,Mass,3.48,,3500.0,2015,Microlensing,OGLE
Kepler-1616 b,1.02,0.47,1.04,M-R relationship,0.07318,1.34,1137.81,2016,Transit,Kepler
Kepler-362 b,0.88,0.38,0.615,M-R relationship,0.087,0.722,1090.51,2014,Transit,Kepler
Kepler-612 b,2.84,0.66,8.45,M-R relationship,0.0452,0.96,1445.53,2016,Transit,Kepler
Kepler-81 c,2.37,0.37,4.3,Mass,0.08347,0.59,348.291,2012,Transit,Kepler
OGLE-2013-BLG-1761L b,13.2,,860.0,Mass,1.8,,6900.0,2017,Microlensing,OGLE
KMT-2016-BLG-1105L b,1.33,,2.32,Mass,2.44,,5080.0,2023,Microlensing,KMTNet
TOI-5573 b,9.75,0.47,112.0,Mass,0.0712,0.594,186.562,2025,Transit,Transiting Exoplanet Survey Satellite (TESS)
Kepler-1144 b,1.99,0.3,4.62,M-R relationship,0.1291,0.96,1140.57,2016,Transit,Kepler
Kepler-172 e,2.76,0.56,8.05,M-R relationship,0.211,1.085,828.592,2014,Transit,Kepler
Kepler-694 b,2.8,0.52,8.25,M-R relationship,0.0659,0.95,1023.06,2016,Transit,Kepler
K2-108 b,5.33,0.21,59.4,Mass,0.0581,1.76,477.295,2017,Transit,K2
TOI-201 d,1.39,0.07,5.8,Mass,0.0698,1.31,113.825,2026,Transit,Transiting Exoplanet Survey Satellite (TESS)
Kepler-373 b,1.36,0.67,2.42,M-R relationship,0.06,0.845,1090.45,2014,Transit,Kepler
Kepler-377 c,2.06,0.39,4.9,M-R relationship,0.182,1.224,823.804,2014,Transit,Kepler
Kepler-444 d,0.53,0.022,0.2,Mass,0.06,0.752,36.4396,2015,Transit,Kepler
Kepler-1649 b,1.017,0.051,1.03,M-R relationship,0.0514,0.2317,92.1913,2017,Transit,Kepler
Kepler-179 c,2.0,0.81,4.66,M-R relationship,0.064,0.759,605.68,2014,Transit,Kepler
K2-179 b,2.51267885,0.16431084,6.86,M-R relationship,,0.768067,190.81,2018,Transit,K2
Kepler-219 d,2.81,0.48,19.1,Mass,0.272,1.491,787.07,2014,Transit,Kepler
Kepler-50 b,1.71,0.05,8.9,Mass,0.077,1.58,250.11,2012,Transit,Kepler
Kepler-1787 b,2.31898181,,5.99,M-R relationship,0.227,0.925,778.602,2021,Transit,Kepler
Kepler-1542 b,0.76,0.11,0.363,M-R relationship,0.04765,0.99,399.114,2016,Transit,Kepler
Kepler-1444 b,2.18,0.41,5.39,M-R relationship,0.20906,1.05,319.675,2016,Transit,Kepler
Kepler-1997 b,2.28,0.72,5.82,M-R relationship,0.1815,1.052,1502.34,2023,Transit,Kepler
Kepler-241 b,2.33,1.03,6.04,M-R relationship,0.094,0.668,512.0,2014,Transit,Kepler
Kepler-1624 b,6.59,0.17,35.3,M-R relationship,0.0327,0.552,258.979,2016,Transit,Kepler
K2-168 b,1.86,0.24,4.12,M-R relationship,,0.83,243.935,2018,Transit,K2
K2-119 b,2.53,0.2,6.94,M-R relationship,0.0698,0.71,365.581,2017,Transit,K2
Kepler-730 c,1.56926,0.134508,3.09,M-R relationship,0.03997,1.411,1935.04,2018,Transit,Kepler
TOI-5319 b,2.83,0.57,8.4,M-R relationship,0.0506,0.485,61.171,2024,Transit,Transiting Exoplanet Survey Satellite (TESS)
HD 80883 b,12.8,,1748.0562385,Mass,6.462,0.814842,34.6011,2022,Radial Velocity,Multiple Observatories
Kepler-1585 b,1.79,0.25,3.86,M-R relationship,0.0445,0.91,944.465,2016,Transit,Kepler
Kepler-1961 b,1.6187808,,3.25,M-R relationship,0.0588,0.777,1042.45,2021,Transit,Kepler
Kepler-1446 b,0.82,0.04,0.477,M-R relationship,0.01405,0.75,152.075,2016,Transit,Kepler
Kepler-342 c,1.96,0.35,4.5,M-R relationship,0.185,1.472,781.611,2014,Transit,Kepler
K2-121 b,7.16,0.12,51.0,Mass,0.0525,0.675,169.398,2017,Transit,K2
Kepler-279 e,4.13,0.69,56.0,Mass,0.439,1.43,1037.4,2025,Transit,Kepler
KOI-3680 b,11.09691,0.67254,613.4119,Mass,0.534,0.96,921.986,2018,Transit,Kepler
Kepler-1638 b,1.87,0.33,4.16,M-R relationship,0.745,0.95,1525.52,2016,Transit,Kepler
K2-146 b,2.05,0.06,5.77,Mass,0.0248,0.33,79.3002,2018,Transit,K2
Kepler-677 b,5.38,1.17,25.0,M-R relationship,0.067,0.99,1954.08,2016,Transit,Kepler
TOI-5344 b,10.60369574,0.23538859,130.94530368,Mass,0.04041,0.588,138.367,2023,Transit,Transiting Exoplanet Survey Satellite (TESS)
Kepler-1811 b,3.84829873,,14.1,M-R relationship,0.3462,1.19,1390.56,2021,Transit,Kepler
Kepler-481 b,2.5,0.37,6.8,M-R relationship,0.08926,1.09,813.724,2016,Transit,Kepler
Kepler-375 c,2.65,0.96,7.51,M-R relationship,0.141,0.837,1238.81,2014,Transit,Kepler
Kepler-113 c,2.18,0.06,8.7,Mass,0.07796,0.69,262.351,2014,Transit,Kepler
Kepler-9 b,8.29,0.54,43.4,Mass,0.143,0.958,628.257,2010,Transit,Kepler
Kepler-1590 b,1.14,0.34,1.55,M-R relationship,0.07116,1.16,771.152,2016,Transit,Kepler
Kepler-1514 b,12.419572,0.257807,1678.1424,Mass,0.753,1.289,397.292,2016,Transit,Kepler
Kepler-175 b,2.56,1.28,7.08,M-R relationship,0.105,1.01,1312.34,2014,Transit,Kepler
K2-83 b,1.244,0.098,2.08,M-R relationship,0.03014,0.424,125.529,2016,Transit,K2
Kepler-231 c,1.93,0.19,24.1,Mass,0.114,0.49,316.618,2014,Transit,Kepler
Kepler-1683 b,1.87477762,,4.17,M-R relationship,0.1182,0.900327,733.143,2020,Transit,Kepler
Kepler-1653 b,2.17,0.16,5.35,M-R relationship,0.4706,0.693,755.0,2017,Transit,Kepler
Kepler-150 c,3.69,0.59,13.2,M-R relationship,0.073,0.939,891.092,2014,Transit,Kepler
Kepler-239 b,2.33,0.15,6.04,M-R relationship,0.095,0.763,648.109,2014,Transit,Kepler
Kepler-343 c,2.02,0.38,4.74,M-R relationship,0.167,1.433,927.193,2014,Transit,Kepler
TOI-5380 b,3.48093238,0.4044094,11.9,M-R relationship,,1.5621,286.781,2026,Transit,Transiting Exoplanet Survey Satellite (TESS)
Kepler-1022 b,2.36,0.08,6.17,M-R relationship,0.0805,0.68,420.042,2016,Transit,Kepler
Kepler-354 b,1.84,0.58,4.04,M-R relationship,0.054,0.674,554.064,2014,Transit,Kepler
Kepler-1434 b,1.11,0.21,1.41,M-R relationship,0.0917,2.04,775.529,2016,Transit,Kepler
Kepler-1593 b,3.17,0.3,10.2,M-R relationship,0.55494,0.77,638.249,2016,Transit,Kepler
Kepler-1453 b,2.67,0.44,7.61,M-R relationship,0.262,0.94,1196.04,2016,Transit,Kepler
Kepler-1989 b,4.62,1.37,19.3,M-R relationship,0.0918,1.06,1252.13,2023,Transit,Kepler
K2-122 b,1.16,0.1,1.65,M-R relationship,0.0373,0.59,72.0444,2017,Transit,K2
Kepler-1046 b,1.71,0.12,3.57,M-R relationship,0.11858,1.04,721.534,2016,Transit,Kepler
Kepler-122 b,2.34,0.46,6.08,M-R relationship,0.064,1.216,1027.45,2014,Transit,Kepler
Kepler-1907 c,1.15547044,,1.63,M-R relationship,0.10371,0.8,292.111,2021,Transit,Kepler
Kepler-1594 b,1.06,0.26,1.2,M-R relationship,0.0396,1.08,976.868,2016,Transit,Kepler
Kepler-80 b,2.67,0.1,6.93,Mass,0.0648,0.678,369.451,2012,Transit,Kepler
Kepler-438 b,1.12,0.16,1.46,M-R relationship,0.166,0.52,195.94287175,2015,Transit,Kepler
Kepler-1455 b,2.16,0.15,5.31,M-R relationship,0.2149,0.6,357.621,2016,Transit,Kepler
Kepler-1490 b,3.04,0.37,9.48,M-R relationship,0.3729,0.87,862.92,2016,Transit,Kepler
Kepler-700 b,5.99,0.91,30.0,M-R relationship,0.3577,0.96,1491.76,2016,Transit,Kepler
K2-345 b,2.11,0.2,5.1,M-R relationship,,0.52,162.408,2021,Transit,K2
Kepler-1133 b,1.97,0.24,4.54,M-R relationship,0.0983,0.9,753.135,2016,Transit,Kepler
Kepler-1953 b,1.28574667,,2.2,M-R relationship,0.0607,0.707,605.631,2021,Transit,Kepler
Kepler-53 b,2.89,,111.0,Mass,0.1361,0.89,1366.07,2012,Transit,Kepler
Kepler-1518 b,3.05,0.92,9.53,M-R relationship,0.0593,1.88,903.51,2016,Transit,Kepler
Kepler-251 b,1.33,0.24,2.33,M-R relationship,0.053,0.89,924.625,2014,Transit,Kepler
Kepler-370 c,1.91,0.89,4.31,M-R relationship,0.14,0.9,1167.94,2014,Transit,Kepler
Kepler-1161 b,2.13,0.5,5.18,M-R relationship,0.0784,0.57,547.726,2016,Transit,Kepler
Kepler-1184 b,2.68,0.6,7.65,M-R relationship,0.2863,1.07,1157.84,2016,Transit,Kepler
Kepler-1181 c,1.83,0.64,4.01,M-R relationship,0.0928,1.347,938.417,2023,Transit,Kepler
Kepler-1599 b,1.62,0.33,3.26,M-R relationship,0.4823,0.99,1328.2,2016,Transit,Kepler
Kepler-442 b,1.34,0.11,2.36,M-R relationship,0.409,0.598,365.965,2015,Transit,Kepler
Kepler-1185 b,1.33,0.08,2.33,M-R relationship,0.4297,0.87,459.273,2016,Transit,Kepler
K2-181 b,2.69,0.21,7.7,M-R relationship,0.0706,1.06,360.911,2018,Transit,K2
Kepler-31 d,3.9,0.8,2161.244,Mass,0.4,1.22,1664.64,2014,Transit,Kepler
Kepler-1070 b,1.73,0.81,3.64,M-R relationship,0.06753,1.32,939.001,2016,Transit,Kepler
Kepler-1162 b,2.21,0.5,5.52,M-R relationship,0.19,0.84,940.211,2016,Transit,Kepler
Kepler-1560 b,0.89,0.18,0.64,M-R relationship,0.04175,1.02,502.497,2016,Transit,Kepler
Kepler-1702 b,1.60190793,,3.2,M-R relationship,0.1275,0.725742,857.14,2020,Transit,Kepler
Kepler-1621 b,2.16,0.8,5.31,M-R relationship,0.4204,1.24,1631.66,2016,Transit,Kepler
Kepler-240 c,2.2,0.89,102.3,Mass,0.074,0.739,746.927,2014,Transit,Kepler
Kepler-1972 c,0.868,0.051,2.11,Mass,0.10493,1.384,287.339,2022,Transit,Kepler
K2-278 b,2.98,0.23,9.17,M-R relationship,0.0488,1.61,786.439,2018,Transit,K2
Kepler-42 d,0.57,0.18,0.357785,Mass,0.0154,0.17,40.0595,2011,Transit,Kepler
Kepler-1050 b,1.6,0.48,3.19,M-R relationship,0.12353,1.13,490.488,2016,Transit,Kepler
Kepler-1001 b,3.15,0.34,10.1,M-R relationship,0.11147,0.88,928.978,2016,Transit,Kepler
Kepler-478 b,2.71,0.09,7.8,M-R relationship,0.1032,0.8,420.0,2016,Transit,Kepler
Kepler-1164 b,1.12,0.04,1.46,M-R relationship,0.04635,0.79,431.622,2016,Transit,Kepler
Kepler-692 b,3.11,0.37,9.85,M-R relationship,0.1495,0.86,991.336,2016,Transit,Kepler
Kepler-1464 c,1.0,0.22,0.972,M-R relationship,0.06101,1.01,1151.73,2016,Transit,Kepler
K2-268 c,2.69,0.77,7.7,M-R relationship,0.0819,0.78,327.783,2018,Transit,K2
Kepler-594 b,2.18,0.22,5.39,M-R relationship,0.1089,0.87,769.2,2016,Transit,Kepler
Kepler-23 c,3.005,0.074,7.81,Mass,0.09501,1.548,835.756,2011,Transit,Kepler
Kepler-150 b,1.25,0.19,2.1,M-R relationship,0.044,0.939,891.092,2014,Transit,Kepler
Kepler-199 b,3.11,0.56,9.85,M-R relationship,0.158,0.967,521.054,2014,Transit,Kepler
Kepler-1499 b,1.19,0.25,1.81,M-R relationship,0.23225,0.78,309.869,2016,Transit,Kepler
Kepler-1498 b,1.33,0.11,2.33,M-R relationship,0.2528,0.81,740.0,2016,Transit,Kepler
Kepler-611 b,1.65,0.51,3.36,M-R relationship,0.0351,1.01,1395.56,2016,Transit,Kepler
TOI-5502 b,4.1287378,0.39975161,15.9,M-R relationship,,1.32375,248.654,2026,Transit,Transiting Exoplanet Survey Satellite (TESS)
Kepler-1141 b,0.82,0.12,0.477,M-R relationship,0.03496,1.07,393.642,2016,Transit,Kepler
Kepler-1073 b,2.3,0.49,5.9,M-R relationship,0.0805,1.0,809.897,2016,Transit,Kepler
Kepler-1170 b,2.41,0.19,6.39,M-R relationship,0.088,0.76,1050.45,2016,Transit,Kepler
Kepler-157 d,1.46,0.16,2.73,M-R relationship,0.0706,1.03,773.713,2016,Transit,Kepler
Kepler-549 c,2.93,0.25,8.91,M-R relationship,0.45332,0.84,635.145,2016,Transit,Kepler
Kepler-688 b,9.76,1.76,68.7,M-R relationship,0.046,0.96,1357.75,2016,Transit,Kepler
Kepler-632 b,2.21,0.33,5.52,M-R relationship,0.1885,0.84,349.0,2016,Transit,Kepler
Kepler-1502 b,3.18,1.12,10.2,M-R relationship,0.2482,1.72,1514.02,2016,Transit,Kepler
Kepler-253 b,1.63,0.67,3.29,M-R relationship,0.046,0.786,838.595,2014,Transit,Kepler
Kepler-1119 b,1.92,0.63,4.35,M-R relationship,0.0812,1.17,1757.23,2016,Transit,Kepler
Kepler-543 b,2.5,0.12,6.8,M-R relationship,0.1023,0.67,221.802,2016,Transit,Kepler
Kepler-693 b,10.18,0.5,73.8,M-R relationship,0.1121,0.72,1151.51,2016,Transit,Kepler
Kepler-1710 b,3.19744103,,3.49494179,Msini,0.11583,0.899,305.193,2021,Transit,Kepler
Kepler-1928 b,1.992,0.133,4.63,M-R relationship,0.194,0.92,326.362,2021,Transit,Kepler
Kepler-1999 b,3.29,0.26,10.8,M-R relationship,0.0713,0.628,701.255,2023,Transit,Kepler
KOI-7368 b,2.22,0.12,5.56,M-R relationship,0.0678,0.874,264.995,2022,Transit,Kepler
K2-198 b,4.189,0.228,16.3,M-R relationship,,0.757,110.567,2018,Transit,K2
Kepler-227 c,3.04,1.53,9.48,M-R relationship,0.29,1.091,1083.06,2014,Transit,Kepler
Kepler-26 d,1.07,0.06,1.24,M-R relationship,0.039,0.571,335.307,2014,Transit,Kepler
KELT-17 b,17.093725,0.728585,416.3573,Mass,0.04881,1.645,226.5,2016,Transit,KELT
IC 4651 9122 b,12.7,,2002.329,Msini,2.038,10.267424,859.324,2018,Radial Velocity,La Silla Observatory
GJ 229 b,3.97,,14.93793513,Msini,1.086,0.46,5.75624,2014,Radial Velocity,Multiple Observatories
GJ 180 c,2.41,,6.4,Msini,0.129,0.413049,11.9407,2014,Radial Velocity,Multiple Observatories
HD 68988 c,12.2,,4776.96095721,Mass,13.2,1.255733,60.8447,2021,Radial Velocity,Multiple Observatories
KIC 5479689 b,14.2,,158.9142035,Msini,,0.894,454.95,2021,Orbital Brightness Modulation,Kepler
HD 93385 b,1.88,,4.2,Msini,0.0756,1.18484,43.3475,2021,Radial Velocity,La Silla Observatory
Kepler-294 c,2.71,1.27,7.8,M-R relationship,0.071,0.976,1357.01,2014,Transit,Kepler
TOI-4311 c,2.47,0.12,13.58,Mass,0.1116,0.8441,134.988,2026,Transit,Transiting Exoplanet Survey Satellite (TESS)
WASP-118 b,16.14096,0.403524,163.36462,Mass,0.05453,1.696,376.658,2016,Transit,SuperWASP
TAP 26 b,13.5,,527.5978,Msini,0.0968,1.17,121.402,2017,Radial Velocity,Multiple Facilities
HD 92788 c,13.0,,1166.4361,Msini,10.5,1.14,34.6538,2019,Radial Velocity,La Silla Observatory
GJ 422 b,3.33,,11.07,Msini,0.111,0.370328,12.6631,2014,Radial Velocity,Multiple Observatories
GJ 414 A c,8.4,3.6,53.83,Msini,1.4,0.68,11.8893,2021,Radial Velocity,W. M. Keck Observatory
TOI-3593 b,11.02963701,0.31385146,565.73456446,Mass,0.0481,0.918,226.63,2025,Transit,Transiting Exoplanet Survey Satellite (TESS)
WASP-195 b,10.31226224,0.56044903,33.05415433,Mass,0.063,1.578,484.852,2025,Transit,SuperWASP
TOI-4529 b,1.77,0.09,4.9,Mass,,0.48,28.384,2026,Transit,Transiting Exoplanet Survey Satellite (TESS)
HD 27631 b,13.5,,495.81231492,Mass,3.242,0.923,50.2862,2012,Radial Velocity,La Silla Observatory
Wolf 503 b,2.043,0.069,6.26,Mass,0.05706,0.689,44.526,2018,Transit,K2
WASP-183 b,16.47723,10.53646,159.55066,Mass,0.04632,0.871,325.377,2019,Transit,SuperWASP
Kepler-1747 b,4.26508,,16.8,M-R relationship,0.066,0.865,1321.38,2021,Transit,Kepler
Kepler-906 b,2.11,0.1,5.1,M-R relationship,0.22363,1.02,757.791,2016,Transit,Kepler
TOI-4551 b,11.85910158,1.23298788,473.56432643,Mass,0.0994,3.55,215.986,2023,Transit,Transiting Exoplanet Survey Satellite (TESS)
HD 98649 b,12.5,,3082.9355479,Mass,5.97,1.01,42.1727,2012,Radial Velocity,La Silla Observatory
Kepler-780 b,0.89,0.09,0.64,M-R relationship,0.015,1.02,557.652,2016,Transit,Kepler
NGTS-16 b,14.57167491,1.45716749,211.99154747,Mass,0.0523,1.213,898.168,2021,Transit,Next-Generation Transit Survey (NGTS)
TOI-1634 b,1.759,0.058,4.9,Mass,0.01544,0.45,35.2736,2021,Transit,Transiting Exoplanet Survey Satellite (TESS)
Kepler-275 b,2.34,0.45,6.08,M-R relationship,0.098,1.383,2034.25,2014,Transit,Kepler
Kepler-121 c,2.27,1.25,5.77,M-R relationship,0.216,0.701,510.523,2014,Transit,Kepler
TOI-4342 c,2.349,0.094,4.8,Mass,0.0804,0.598,61.5204,2023,Transit,Transiting Exoplanet Survey Satellite (TESS)
Kepler-168 b,1.46,0.66,2.73,M-R relationship,0.056,1.107,1343.6,2014,Transit,Kepler
Kepler-471 b,14.96,5.42,,Msini,0.0626,1.8,1249.41,2016,Transit,Kepler
HD 42012 b,13.5,,508.528,Msini,1.67,0.82,36.7984,2017,Radial Velocity,Haute-Provence Observatory
Qatar-10 b,17.295487,0.44836,233.92288,Mass,0.0286,1.254,559.068,2019,Transit,Qatar
GJ 720 A b,3.77,,13.64,Msini,0.119,0.56,15.5575,2021,Radial Velocity,Roque de los Muchachos Observatory
HD 137496 b,1.31,0.06,4.04,Mass,0.02732,1.59,155.317,2021,Transit,K2
K2-389 b,2.33,0.12,6.04,M-R relationship,,1.094,259.208,2022,Transit,K2
Kepler-17 b,14.68,0.22,778.65,Mass,0.02591,1.01034,720.753,2011,Transit,Kepler
Kepler-176 b,1.43,0.73,290.537,Mass,0.058,0.891,527.321,2014,Transit,Kepler
NN Ser d,13.3,,724.622,Mass,3.39,,515.818,2010,Eclipse Timing Variations,Multiple Observatories
HD 214823 b,12.1,,5914.78665427,Mass,3.08,2.04,101.368,2016,Radial Velocity,Haute-Provence Observatory
Kepler-761 b,2.03,0.25,4.78,M-R relationship,0.0874,0.93,830.707,2016,Transit,Kepler
TOI-216.01,10.1,0.2,177.98390792,Mass,0.2069,0.748,177.945,2019,Transit,Transiting Exoplanet Survey Satellite (TESS)
TOI-1259 A b,11.6,0.2,141.0,Mass,0.0408,0.715,118.106,2021,Transit,Transiting Exoplanet Survey Satellite (TESS)
Kepler-107 e,2.903,0.035,14.1,Mass,0.12638,1.447,525.997,2014,Transit,Kepler
Kepler-450 c,2.62,0.14,12.5,Mass,0.13351,1.64162,455.982,2015,Transit,Kepler
TOI-4578 b,2.26974262,0.28541935,5.77,M-R relationship,,0.878735,182.249,2026,Transit,Transiting Exoplanet Survey Satellite (TESS)
HD 1605 b,13.8,,296.85322,Msini,1.492,3.49,88.8047,2015,Radial Velocity,Multiple Observatories
HD 210193 b,14.3,,153.1,Msini,1.487,1.05971,42.2029,2019,Radial Velocity,Las Campanas Observatory
HD 108236 c,2.071,0.052,4.94,M-R relationship,0.062,0.877,64.5978,2020,Transit,Transiting Exoplanet Survey Satellite (TESS)
K2-392 b,1.85,0.161,4.08,M-R relationship,,1.058,406.985,2022,Transit,K2
TOI-4145 A b,13.30506009,0.35868738,136.66621501,Mass,0.04823,0.859,205.387,2023,Transit,Transiting Exoplanet Survey Satellite (TESS)
TOI-4379 b,16.69017226,0.88550948,353.74301699,Mass,,1.976,645.158,2024,Transit,Transiting Exoplanet Survey Satellite (TESS)
Kepler-1663 b,3.30395896,,10.9,M-R relationship,0.1072,0.62859,337.926,2020,Transit,Kepler
Kepler-273 c,1.98,1.15,4.58,M-R relationship,0.073,0.815,713.964,2014,Transit,Kepler
GJ 3138 c,1.88,,4.18,Msini,0.057,0.5,28.4712,2017,Radial Velocity,La Silla Observatory
K2-291 b,1.589,0.095,6.49,Mass,0.03261,0.899,90.0562,2019,Transit,K2
HD 39855 b,2.85,,8.5,Msini,0.041,0.744665,23.2599,2019,Radial Velocity,Las Campanas Observatory
HIP 90988 b,13.4,,668.07531151,Msini,1.36,3.94,94.0349,2021,Radial Velocity,Multiple Observatories
TOI-558 b,12.17295304,0.45956821,1147.36054927,Mass,0.1291,1.496,402.63,2021,Transit,Transiting Exoplanet Survey Satellite (TESS)
GPX-1 b,16.47720163,1.12089807,6261.2196179,Mass,0.0338,1.56,655.013,2021,Transit,Acton Sky Portal Observatory
TOI-3819 b,13.13692538,0.40352331,352.78953177,Mass,0.04611,1.538,558.141,2023,Transit,Transiting Exoplanet Survey Satellite (TESS)
Kepler-181 b,1.27,0.62,2.15,M-R relationship,0.04,0.749,609.283,2014,Transit,Kepler
K2-38 c,2.29,0.26,8.3,Mass,0.09514,1.06,192.69,2016,Transit,K2
HD 224538 b,12.7,,2075.73732612,Mass,2.375,1.54,79.0608,2016,Radial Velocity,Multiple Observatories
GJ 273 b,1.51,,2.89,Msini,0.091101,0.293,5.921535,2017,Radial Velocity,La Silla Observatory
K2-292 b,2.63,0.11,24.5,Mass,0.13,1.09,114.293,2019,Transit,K2
GJ 4276 b,4.22,,16.57,Msini,0.082,0.407,21.3362,2019,Radial Velocity,Calar Alto Observatory
HD 102843 b,13.1,,113.9,Msini,4.074,0.961488,62.758,2019,Radial Velocity,Las Campanas Observatory
Kepler-271 b,1.23,0.08,2.04,M-R relationship,0.08784,0.87,404.542,2014,Transit,Kepler
CFHTWIR-Oph 98 b,20.8487041,0.56044903,2479.0615746,Mass,200.0,0.245,,2020,Imaging,Hubble Space Telescope
TOI-1431 b,16.70138124,0.56044903,991.62462984,Mass,0.046,1.92,148.925,2021,Transit,Transiting Exoplanet Survey Satellite (TESS)
K2-395 c,3.395,0.28,11.4,M-R relationship,,0.783,286.727,2022,Transit,K2
TOI-4406 b,11.2089807,0.22417961,95.3485221,Mass,0.201,1.29,261.834,2023,Transit,Transiting Exoplanet Survey Satellite (TESS)
Kepler-149 d,3.96,0.68,14.9,M-R relationship,0.571,0.953,571.034,2014,Transit,Kepler
TOI-4405 b,2.55505441,0.27294816,7.06,M-R relationship,,0.687025,155.501,2026,Transit,Transiting Exoplanet Survey Satellite (TESS)
TOI-5027 b,10.76062147,0.56044903,642.01338214,Mass,0.093,0.92,204.429,2025,Transit,Transiting Exoplanet Survey Satellite (TESS)
GJ 273 c,1.06,,1.18,Msini,0.036467,0.293,5.921535,2017,Radial Velocity,La Silla Observatory
HD 20781 d,3.25,,10.61,Msini,0.1647,0.833609,35.9715,2019,Radial Velocity,La Silla Observatory
HD 110113 b,2.05,0.12,4.55,Mass,0.035,0.968,106.307,2021,Transit,Transiting Exoplanet Survey Satellite (TESS)
HAT-P-63 b,12.5428494,0.36989636,195.1466419,Mass,0.04294,0.9661,403.458,2021,Transit,HATNet
K2-398 b,2.274,0.113,5.79,M-R relationship,,1.239,606.992,2022,Transit,K2
TOI-3862 b,5.53,0.18,53.7,Mass,0.02539,0.92,249.02,2026,Transit,Transiting Exoplanet Survey Satellite (TESS)
Kepler-284 c,2.61,1.18,7.32,M-R relationship,0.213,0.814,1031.95,2014,Transit,Kepler
TOI-4662 b,2.87998299,0.4769111,8.65,M-R relationship,,0.69375,111.047,2026,Transit,Transiting Exoplanet Survey Satellite (TESS)
HD 7924 c,,,1762.67634522,Mass,0.1134,0.7821,16.9922,2015,Radial Velocity,W. M. Keck Observatory
NGC 2682 YBP 401 b,14.3,,146.2018,Msini,,1.215821,830.822,2016,Radial Velocity,La Silla Observatory
WASP-142 b,17.14977,0.89672,266.9772,Mass,0.0347,1.64,730.933,2016,Transit,SuperWASP-South
WASP-171 b,10.98482,0.78463,344.52772,Mass,0.0504,1.637,757.84,2019,Transit,WASP-South
TOI-1789 b,16.14093221,2.69015537,222.4798849,Mass,0.04882,2.168,229.067,2021,Transit,Transiting Exoplanet Survey Satellite (TESS)
HD 35843 c,2.54,0.08,11.32,Mass,0.25,0.897,69.6026,2025,Transit,Transiting Exoplanet Survey Satellite (TESS)
TOI-4666 b,12.53164042,0.39231432,155.41809102,Mass,0.034,0.585,154.749,2025,Transit,Transiting Exoplanet Survey Satellite (TESS)
BD+20 594 b,2.57807,0.11209,22.2481,Mass,0.241,1.08,179.461,2016,Transit,K2
Kepler-19 d,5.06,,22.5,Mass,,0.859,218.562,2017,Radial Velocity,Roque de los Muchachos Observatory
GJ 143 b,2.61,0.17,22.7,Mass,0.1915,0.695,16.32,2019,Transit,Transiting Exoplanet Survey Satellite (TESS)
WASP-182 b,9.52765,0.33627,47.03884,Mass,0.0451,1.34,327.602,2019,Transit,WASP-South
HD 107148 c,4.7,,19.89605828,Msini,0.1407,1.169193,49.4156,2021,Radial Velocity,Multiple Observatories
Kepler-833 b,2.02,0.12,4.74,M-R relationship,0.1139,0.62,467.37,2016,Transit,Kepler
Kepler-94 b,3.51,0.15,10.84,Mass,0.03377,0.76,191.904,2014,Transit,Kepler
TOI-4463 A b,13.26022417,0.71737476,252.35575516,Mass,0.04036,1.062,173.117,2023,Transit,Transiting Exoplanet Survey Satellite (TESS)
HATS-9 b,13.85,0.35,266.02371,Mass,0.0312,1.56,638.7,2015,Transit,HATSouth
TYC 0434-04538-1 b,12.7,,1938.763,Msini,0.66,9.99,613.422,2021,Radial Velocity,Multiple Observatories
Kepler-839 b,2.57,0.41,7.13,M-R relationship,0.2316,1.31,944.561,2016,Transit,Kepler
HD 27969 b,12.9,,1525.5763536,Msini,1.552,1.27,67.9328,2021,Radial Velocity,Haute-Provence Observatory
TOI-3912 b,14.28024141,0.45956821,129.03833324,Mass,0.0463,1.392,465.992,2023,Transit,Transiting Exoplanet Survey Satellite (TESS)
Kepler-294 b,1.77,0.83,3.78,M-R relationship,0.048,0.976,1357.01,2014,Transit,Kepler
TOI-4487 A b,14.60530185,0.77341967,397.28550875,Mass,0.05448,1.634,479.145,2025,Transit,Transiting Exoplanet Survey Satellite (TESS)
K2-251 b,2.35,0.26,6.12,M-R relationship,0.0694,0.49,147.03,2018,Transit,K2
GJ 3512 b,14.3,,146.51889563,Msini,0.3376,0.139,9.48637,2019,Radial Velocity,Calar Alto Observatory
HD 145675 c,12.6,,2510.8444153,Mass,20.0,0.93,17.9323,2021,Radial Velocity,Multiple Observatories
HD 95544 b,12.8,,1913.64483855,Mass,3.166,1.088,87.8049,2021,Radial Velocity,Haute-Provence Observatory
Kepler-309 b,1.56,0.14,3.05,M-R relationship,0.059,0.721,544.568,2014,Transit,Kepler
WASP-74 b,15.24424,1.1209,228.8376,Mass,0.03443,1.42,149.216,2015,Transit,SuperWASP
Qatar-7 b,19.0553,0.33627,597.5204,Mass,0.0352,1.564,705.981,2019,Transit,Qatar
Kepler-270 b,2.01,0.4,4.7,M-R relationship,0.107,1.461,948.781,2014,Transit,Kepler
TOI-628 b,11.88154,0.459569,2011.8639,Mass,0.0486,1.345,178.68,2021,Transit,Transiting Exoplanet Survey Satellite (TESS)
HD 168009 b,3.05,,9.53485221,Msini,0.1192,1.209505,23.3032,2021,Radial Velocity,Multiple Observatories
HD 164922 e,3.23,,10.52012027,Msini,0.2292,1.001813,22.0016,2021,Radial Velocity,Multiple Observatories
HD 115954 b,12.6,,2685.65003915,Mass,5.0,1.213,87.6437,2021,Radial Velocity,Haute-Provence Observatory
TOI-1278 b,12.21778896,2.69015537,5879.8255295,Mass,0.095,0.573,75.5759,2021,Transit,Transiting Exoplanet Survey Satellite (TESS)
LHS 1678 b,0.685,0.037,0.35,Mass,0.01239,0.329,19.8782,2021,Transit,Transiting Exoplanet Survey Satellite (TESS)
TOI-3980 b,14.4595851,2.24179614,187.51876013,Mass,0.0494,1.626,486.721,2025,Transit,Transiting Exoplanet Survey Satellite (TESS)
Kepler-903 b,2.01,0.35,4.7,M-R relationship,0.09081,0.97,1369.24,2016,Transit,Kepler
Kepler-84 c,2.36,0.11,20.2,Mass,0.1072,1.43,1023.9,2012,Transit,Kepler
TOI-4507 b,8.2,0.1,20.0,Mass,0.456,1.04,178.26,2025,Transit,Transiting Exoplanet Survey Satellite (TESS)
TOI-5160 b,2.39729851,0.28717359,6.33,M-R relationship,,1.03315,151.465,2026,Transit,Transiting Exoplanet Survey Satellite (TESS)
EPIC 211822797 b,1.92,0.12,4.35,M-R relationship,0.1195,0.58,186.197,2016,Transit,K2
K2-254 c,2.19,0.24,5.43,M-R relationship,0.0923,0.67,227.775,2018,Transit,K2
GJ 160.2 b,3.17,,10.2,Msini,0.053,0.655173,25.8557,2014,Radial Velocity,Multiple Observatories
HD 39194 d,2.12,,5.16,Msini,0.1949,0.783742,26.4131,2021,Radial Velocity,La Silla Observatory
Kepler-304 b,2.86,0.21,8.55,M-R relationship,0.039,0.687,434.684,2014,Transit,Kepler
Kepler-1756 b,1.47199944,,2.77,M-R relationship,0.0319,0.812,,2021,Transit,Kepler
EPIC 206317286 c,2.094,0.176,5.03,M-R relationship,,0.758,314.35,2022,Transit,K2
Kepler-195 b,2.03,0.74,4.78,M-R relationship,0.077,0.775,652.051,2014,Transit,Kepler
K2-28 b,2.32,0.24,5.99,M-R relationship,0.0214,0.288,62.9969,2016,Transit,K2
Kepler-1724 b,2.83677238,,8.43,M-R relationship,0.0683,0.943,1060.77,2021,Transit,Kepler
HAT-P-7 b,16.92559,2.35389,584.8072,Mass,0.03809,2.0,341.079,2008,Transit,HATNet
Kepler-551 b,2.73,0.25,7.9,M-R relationship,0.0893,0.63,311.175,2016,Transit,Kepler
K2-44 b,2.433,0.089,6.5,M-R relationship,0.06,1.58,476.703,2016,Transit,K2
K2-27 b,4.74,0.13,30.2,Mass,0.06702,0.876,249.645,2016,Transit,K2
K2-378 b,2.88,0.27,8.65,M-R relationship,,0.732,687.973,2022,Transit,K2
K2-42 b,2.15,0.24,5.27,M-R relationship,0.0617,0.643,396.913,2016,Transit,K2
K2-193 b,3.95,0.12,14.8,M-R relationship,0.1184,0.98,411.923,2018,Transit,K2
Kepler-452 b,1.63,0.23,3.29,M-R relationship,1.046,1.11,551.727,2015,Transit,Kepler
Kepler-220 c,1.57,0.09,3.09,M-R relationship,0.076,0.666,171.109,2014,Transit,Kepler
Kepler-228 d,4.04,1.85,15.4,M-R relationship,0.101,1.014,1644.61,2014,Transit,Kepler
Kepler-565 b,3.64,0.51,12.9,M-R relationship,0.0501,0.95,1041.0,2016,Transit,Kepler
K2-35 b,1.32,0.08,2.3,M-R relationship,0.031,0.619575,252.596,2016,Transit,K2
Kepler-1720 b,3.21585295,,10.4,M-R relationship,0.1043,0.839,629.445,2021,Transit,Kepler
K2-368 b,1.332,0.107,2.34,M-R relationship,,0.663,206.608,2022,Transit,K2
