time,latitude,longitude,depth,mag,magType,nst,gap,dmin,rms,net,id,updated,place,type,horizontalError,depthError,magError,magNst,status,locationSource,magSource
1990-01-01T07:49:35.570Z,-21.772,-179.361,599.5,5.4,mw,,,,1.1,us,usp00043tf,2025-12-19T21:02:54.084Z,Fiji region,earthquake,,,,,reviewed,us,hrv
1990-01-01T09:03:12.880Z,36.417,140.568,67.9,4.8,mb,,,,1.2,us,usp00043tg,2014-11-07T00:45:26.659Z,"3 km NE of Hitachi-Naka, Japan",earthquake,,6.5,,12.0,reviewed,us,us
1990-01-01T09:38:15.390Z,-23.616,-179.922,540.8,4.8,mb,,,,1.0,us,usp00043tj,2014-11-07T00:45:26.695Z,south of the Fiji Islands,earthquake,,19.5,,5.0,reviewed,us,us
1990-01-01T14:10:03.050Z,-9.412,107.26,31.9,4.7,mb,,,,1.1,us,usp00043tn,2014-11-07T00:45:26.746Z,"245 km S of Banjar, Indonesia",earthquake,,,,7.0,reviewed,us,us
1990-01-01T14:49:00.690Z,-10.507,161.387,36.7,5.2,mw,,,,0.9,us,usp00043tp,2022-04-28T20:00:28.519Z,"58 km W of Kirakira, Solomon Islands",earthquake,,,,,reviewed,us,hrv
1990-01-01T16:07:27.320Z,-7.183,125.242,527.1,5.3,mw,,,,1.1,us,usp00043tq,2025-12-19T21:02:55.332Z,"155 km N of Likisá, Timor Leste",earthquake,,4.7,,,reviewed,us,hrv
1990-01-01T17:13:46.710Z,50.37,173.77,33.0,4.6,mb,,,,0.8,us,usp00043tt,2014-11-07T00:45:26.966Z,"278 km S of Attu Station, Alaska",earthquake,,,,4.0,reviewed,us,us
1990-01-01T17:21:38.880Z,-19.151,167.313,10.0,5.3,mw,,,,1.1,us,usp00043tu,2025-12-19T20:56:31.375Z,"185 km NNE of Fayaoué, New Caledonia",earthquake,,,,,reviewed,us,hrv
1990-01-01T18:03:19.250Z,6.83,-72.995,157.8,5.3,mb,,,,1.1,us,usp00043tv,2014-11-07T00:45:27.077Z,"8 km NNW of Cepitá, Colombia",earthquake,,5.8,,24.0,reviewed,us,us
1990-01-02T01:25:06.560Z,8.344,127.441,40.9,5.6,mw,,,,1.1,us,usp00043u7,2022-04-28T20:00:30.802Z,Philippine Islands region,earthquake,,,,,reviewed,us,hrv
1990-01-02T02:19:21.420Z,-21.771,-13.126,10.0,4.7,mb,,,,1.0,us,usp00043u9,2014-11-07T00:45:27.294Z,southern Mid-Atlantic Ridge,earthquake,,,,8.0,reviewed,us,us
1990-01-02T04:33:54.670Z,-3.446,146.32,33.0,4.6,mb,,,,1.3,us,usp00043uc,2014-11-07T00:45:27.326Z,"188 km SW of Lorengau, Papua New Guinea",earthquake,,,,5.0,reviewed,us,us
1990-01-02T07:02:47.400Z,-19.109,169.323,242.5,4.7,mb,,,,1.0,us,usp00043uf,2014-11-07T00:45:27.344Z,"48 km N of Isangel, Vanuatu",earthquake,,6.5,,11.0,reviewed,us,us
1990-01-02T07:36:15.820Z,-10.718,166.073,139.7,4.7,mb,,,,0.9,us,usp00043uh,2014-11-07T00:45:27.393Z,"30 km E of Lata, Solomon Islands",earthquake,,,,7.0,reviewed,us,us
1990-01-02T08:22:56.570Z,-3.433,145.947,33.0,5.1,mb,,,,0.7,us,usp00043uk,2014-11-07T00:45:27.424Z,"198 km N of Madang, Papua New Guinea",earthquake,,,,5.0,reviewed,us,us
1990-01-02T15:34:16.920Z,-2.849,128.687,33.0,4.7,mb,,,,1.2,us,usp00043uw,2014-11-07T00:45:27.535Z,"Ceram Sea, Indonesia",earthquake,,,,8.0,reviewed,us,us
1990-01-02T16:26:37.730Z,43.42,146.063,73.4,4.6,mb,,,,0.8,us,usp00043ux,2014-11-07T00:45:27.543Z,"40 km ENE of Nemuro, Japan",earthquake,,9.8,,10.0,reviewed,us,us
1990-01-02T20:21:32.620Z,13.408,144.439,135.8,5.8,mw,,,,1.0,us,usp00043v2,2022-04-28T20:00:37.654Z,"23 km W of Agat Village, Guam",earthquake,,,,,reviewed,us,hrv
1990-01-02T20:35:41.790Z,38.607,24.194,10.0,4.6,mb,,,,1.2,us,usp00043v3,2014-11-07T00:45:27.737Z,"7 km ENE of Oxílithos, Greece",earthquake,,,,4.0,reviewed,us,us
1990-01-02T20:51:07.930Z,-33.407,-72.522,10.0,4.7,mb,,,,1.3,us,usp00043v5,2014-11-07T00:45:27.773Z,"86 km W of Cartagena, Chile",earthquake,,,,1.0,reviewed,us,us
1990-01-02T21:38:18.610Z,-2.55,127.713,34.0,5.4,mw,,,,1.2,us,usp00043v7,2025-12-19T21:02:56.476Z,"137 km NNW of Ambon, Indonesia",earthquake,,,,,reviewed,us,hrv
1990-01-02T21:38:24.650Z,40.606,79.002,10.0,4.9,mb,,,,1.4,us,usp00043v8,2014-11-07T00:45:27.823Z,"103 km WSW of Aykol, China",earthquake,,,,8.0,reviewed,us,us
1990-01-03T00:43:47.970Z,6.7,126.477,106.5,4.7,mb,,,,1.5,us,usp00043vg,2014-11-07T00:45:27.870Z,"24 km SE of Bobon, Philippines",earthquake,,12.4,,8.0,reviewed,us,us
1990-01-03T08:25:06.430Z,42.243,48.303,10.3,4.9,mb,,,,1.4,us,usp00043vm,2014-11-07T00:45:27.902Z,"16 km NNE of Dagestanskiye Ogni, Russia",earthquake,,,,42.0,reviewed,us,us
1990-01-03T21:36:43.030Z,-12.555,115.556,33.0,4.5,mb,,,,1.3,us,usp00043w2,2014-11-07T00:45:27.986Z,northwest of Australia,earthquake,,,,5.0,reviewed,us,us
1990-01-04T04:09:09.780Z,36.479,82.567,10.0,4.5,mb,,,,1.0,us,usp00043w8,2014-11-07T00:45:28.016Z,"244 km ESE of Hotan, China",earthquake,,,,12.0,reviewed,us,us
1990-01-04T05:32:21.040Z,-15.397,-172.85,53.5,6.5,mw,,,,1.2,us,usp00043wc,2022-04-28T20:00:39.337Z,"118 km ENE of Hihifo, Tonga",earthquake,,,,,reviewed,us,hrv
1990-01-04T18:54:31.520Z,-41.6,85.278,10.0,5.1,mw,,,,0.9,us,usp00043wr,2025-12-19T21:02:57.721Z,southeast Indian Ridge,earthquake,,,,,reviewed,us,hrv
1990-01-04T22:24:01.170Z,-3.156,148.464,33.0,5.1,mw,,,,1.2,us,usp00043wz,2025-12-19T21:02:59.019Z,"181 km SE of Lorengau, Papua New Guinea",earthquake,,,,,reviewed,us,hrv
1990-01-04T23:23:28.570Z,51.455,-173.873,33.0,4.5,mb,,,,1.1,us,usp00043x1,2014-11-07T00:45:28.509Z,"85 km SSE of Atka, Alaska",earthquake,,,,12.0,reviewed,us,us
1990-01-04T23:25:57.190Z,32.381,138.821,247.7,5.2,mw,,,,0.9,us,usp00043x2,2025-12-19T21:03:00.243Z,"252 km SSE of ?yama, Japan",earthquake,,3.6,,,reviewed,us,hrv
1990-01-05T06:51:16.860Z,41.746,-127.036,10.0,4.6,ms,,,,0.8,us,usp00043xg,2014-11-07T00:45:28.614Z,"226 km WSW of Pistol River, Oregon",earthquake,,,,1.0,reviewed,us,us
1990-01-05T07:16:51.780Z,41.836,-126.796,10.0,5.4,mw,,,,1.0,us,usp00043xj,2025-12-19T21:03:01.357Z,"204 km WSW of Pistol River, Oregon",earthquake,,,,,reviewed,us,hrv
1990-01-05T10:10:21.810Z,-8.8,106.442,29.0,5.8,mw,,,,1.3,us,usp00043xp,2022-04-28T20:00:40.855Z,"200 km S of Pelabuhanratu, Indonesia",earthquake,,,,,reviewed,us,hrv
1990-01-05T10:44:51.530Z,8.184,126.712,33.0,4.9,mb,,,,1.1,us,usp00043xq,2014-11-07T00:45:28.836Z,"30 km E of Barcelona, Philippines",earthquake,,,,7.0,reviewed,us,us
1990-01-05T11:35:39.610Z,36.006,71.203,79.6,4.6,mb,,,,1.5,us,usp00043xr,2014-11-07T00:45:28.842Z,"69 km NNE of P?r?n, Afghanistan",earthquake,,14.5,,17.0,reviewed,us,us
1990-01-05T13:03:44.300Z,-19.258,-69.529,108.7,5.5,mw,,,,1.2,us,usp00043xw,2025-12-19T21:03:02.616Z,"118 km SE of Arica, Chile",earthquake,,6.2,,,reviewed,us,hrv
1990-01-05T15:18:46.240Z,-4.056,-80.877,52.0,5.0,mb,,,,0.7,us,usp00043xz,2014-11-07T00:45:28.904Z,"15 km W of Papayal, Peru",earthquake,,9.1,,10.0,reviewed,us,us
1990-01-05T18:27:00.120Z,18.863,-106.795,33.0,6.0,mw,,,,1.3,us,usp00043y3,2022-04-28T20:00:42.503Z,"189 km SW of La Cruz de Loreto, Mexico",earthquake,,,,,reviewed,us,hrv
1990-01-05T23:56:36.090Z,21.441,145.914,78.9,4.9,mb,,,,1.0,us,usp00043y9,2014-11-07T00:45:29.011Z,Mariana Islands region,earthquake,,12.0,,12.0,reviewed,us,us
1990-01-06T03:43:00.590Z,8.337,126.66,33.0,5.1,mb,,,,1.1,us,usp00043yc,2014-11-07T00:45:29.049Z,"31 km NE of Barcelona, Philippines",earthquake,,,,5.0,reviewed,us,us
1990-01-06T06:01:35.600Z,27.957,51.953,57.9,4.5,mb,,,,0.7,us,usp00043yk,2014-11-07T00:45:29.095Z,"101 km WNW of Mohr, Iran",earthquake,,16.5,,12.0,reviewed,us,us
1990-01-06T06:36:41.690Z,-3.121,141.124,33.0,4.8,mb,,,,1.2,us,usp00043ym,2014-11-07T00:45:29.101Z,"52 km SSW of Vanimo, Papua New Guinea",earthquake,,,,9.0,reviewed,us,us
1990-01-06T21:44:56.260Z,-10.681,92.987,14.8,6.0,mw,,,,1.1,us,usp00043z4,2022-04-28T20:00:48.770Z,South Indian Ocean,earthquake,,,,,reviewed,us,hrv
1990-01-07T05:31:52.930Z,1.406,126.473,88.9,4.7,mb,,,,1.0,us,usp00043zc,2014-11-07T00:45:29.791Z,"122 km NW of Ternate, Indonesia",earthquake,,17.3,,4.0,reviewed,us,us
1990-01-07T06:50:23.120Z,41.321,49.452,33.0,4.6,mb,,,,0.8,us,usp00043zd,2014-11-07T00:45:29.799Z,"36 km ENE of Gilgilçay, Azerbaijan",earthquake,,,,5.0,reviewed,us,us
1990-01-07T07:45:44.740Z,8.17,126.801,28.3,5.0,mb,,,,1.2,us,usp00043zf,2014-11-07T00:45:29.809Z,"40 km E of Barcelona, Philippines",earthquake,,,,19.0,reviewed,us,us
1990-01-07T08:19:04.440Z,-17.885,-70.625,66.6,4.7,mb,,,,1.5,us,usp00043zg,2014-11-07T00:45:29.829Z,"7 km WSW of Las Yaras, Peru",earthquake,,11.4,,4.0,reviewed,us,us
1990-01-07T09:06:43.440Z,-15.947,-74.245,48.0,5.5,mw,,,,1.0,us,usp00043zh,2022-04-28T20:00:50.524Z,"20 km SE of Atiquipa, Peru",earthquake,,,,,reviewed,us,hrv
1990-01-07T11:01:48.240Z,65.0597,-149.0727,20.1,4.9,mb,,,,0.05,ak,ak990brbijs,2020-09-14T18:24:43.156Z,"16 km SE of Minto, Alaska",earthquake,,0.8,,,reviewed,ak,ak
1990-01-07T11:02:05.660Z,64.778,-148.868,20.0,4.9,mb,,,,1.3,us,usp00043zk,2014-11-07T00:45:30.023Z,"22 km NNE of Four Mile Road, Alaska",earthquake,,,,35.0,reviewed,us,us
1990-01-07T13:28:47.470Z,41.518,142.053,70.1,5.4,mw,,,,1.1,us,usp00043zp,2025-12-19T21:03:03.813Z,"74 km ENE of Mutsu, Japan",earthquake,,,,,reviewed,us,hrv
1990-01-07T14:05:21.960Z,-11.848,166.564,163.8,5.1,mb,,,,0.9,us,usp00043zq,2014-11-07T00:45:30.065Z,"149 km SE of Lata, Solomon Islands",earthquake,,11.8,,20.0,reviewed,us,us
1990-01-07T19:50:34.220Z,44.161,140.828,25.4,4.8,ms,,,,1.0,us,usp00043zw,2014-11-07T00:45:30.105Z,"69 km WNW of Rumoi, Japan",earthquake,,9.0,,1.0,reviewed,us,us
1990-01-07T20:53:29.230Z,-32.159,57.447,10.0,5.3,mw,,,,1.3,us,usp00043zx,2025-12-19T21:03:04.941Z,Southwest Indian Ridge,earthquake,,,,,reviewed,us,hrv
1990-01-08T00:48:01.870Z,37.86,72.353,33.0,4.8,mb,,,,1.1,us,usp0004404,2014-11-07T00:45:30.434Z,"81 km ENE of Khorugh, Tajikistan",earthquake,,,,23.0,reviewed,us,us
1990-01-08T04:17:37.110Z,-18.048,-172.708,33.0,5.0,mb,,,,1.5,us,usp0004408,2014-11-07T00:45:30.448Z,"150 km ENE of Neiafu, Tonga",earthquake,,,,4.0,reviewed,us,us
1990-01-08T08:10:45.590Z,9.161,127.003,42.7,5.2,mb,,,,1.2,us,usp000440a,2014-11-07T00:45:30.457Z,"81 km ENE of Aras-asan, Philippines",earthquake,,,,19.0,reviewed,us,us
1990-01-08T11:05:47.160Z,-24.368,179.105,517.8,5.0,mb,,,,0.9,us,usp000440e,2014-11-07T00:45:30.473Z,south of the Fiji Islands,earthquake,,4.9,,34.0,reviewed,us,us
1990-01-08T12:26:49.930Z,-24.06,179.372,573.3,5.0,mb,,,,0.8,us,usp000440f,2014-11-07T00:45:30.494Z,south of the Fiji Islands,earthquake,,12.4,,9.0,reviewed,us,us
1990-01-08T12:58:33.350Z,7.888,126.498,88.3,5.1,mb,,,,0.9,us,usp000440g,2014-11-07T00:45:30.499Z,"11 km NNE of Cateel, Philippines",earthquake,,9.4,,19.0,reviewed,us,us
1990-01-08T17:56:47.120Z,23.295,142.494,33.0,4.6,mb,,,,1.2,us,usp000440s,2014-11-07T00:45:30.533Z,"Volcano Islands, Japan region",earthquake,,,,4.0,reviewed,us,us
1990-01-08T19:06:44.410Z,13.254,143.877,140.9,5.1,mw,,,,1.0,us,usp000440u,2025-12-19T21:03:06.146Z,"85 km W of Umatac Village, Guam",earthquake,,5.0,,,reviewed,us,hrv
1990-01-08T19:44:34.670Z,52.038,-169.446,33.0,6.0,mw,,,,1.2,us,usp000440w,2022-04-28T20:00:51.668Z,"107 km SSW of Nikolski, Alaska",earthquake,,,,,reviewed,us,hrv
1990-01-08T20:11:45.230Z,52.044,-169.351,33.0,5.0,mb,,,,1.2,us,usp000440x,2014-11-07T00:45:30.583Z,"104 km SSW of Nikolski, Alaska",earthquake,,,,46.0,reviewed,us,us
1990-01-08T21:39:45.460Z,52.127,-169.442,33.0,4.9,mb,,,,1.1,us,usp0004412,2014-11-07T00:45:30.601Z,"98 km SSW of Nikolski, Alaska",earthquake,,,,40.0,reviewed,us,us
1990-01-08T21:40:02.840Z,46.408,152.369,55.4,5.0,mb,,,,0.6,us,usp0004413,2014-11-07T00:45:30.611Z,Kuril Islands,earthquake,,,,9.0,reviewed,us,us
1990-01-09T02:29:26.690Z,28.225,88.163,79.1,5.5,mb,,,,1.0,us,usp0004417,2022-04-28T20:00:52.912Z,"86 km NNW of Mangan, India",earthquake,,,,53.0,reviewed,us,us
1990-01-09T04:18:55.190Z,11.108,139.838,44.6,4.9,mb,,,,1.4,us,usp000441a,2014-11-07T00:45:30.650Z,"166 km NNW of Fais, Micronesia",earthquake,,13.7,,9.0,reviewed,us,us
1990-01-09T04:58:39.170Z,51.963,-169.383,33.0,5.8,mw,,,,1.1,us,usp000441c,2022-04-28T20:00:54.685Z,"114 km SSW of Nikolski, Alaska",earthquake,,,,,reviewed,us,hrv
1990-01-09T05:29:51.230Z,53.323,-170.324,33.0,4.6,mb,,,,0.7,us,usp000441e,2014-11-07T00:45:30.685Z,"106 km WNW of Nikolski, Alaska",earthquake,,,,1.0,reviewed,us,us
1990-01-09T08:30:29.530Z,-53.102,160.038,10.0,4.7,mb,,,,1.5,us,usp000441j,2014-11-07T00:45:30.691Z,Macquarie Island region,earthquake,,,,2.0,reviewed,us,us
1990-01-09T14:09:24.760Z,-22.451,173.642,33.0,4.8,mb,,,,0.5,us,usp000441v,2014-11-07T00:45:30.710Z,southeast of the Loyalty Islands,earthquake,,,,2.0,reviewed,us,us
1990-01-09T14:42:58.250Z,-21.738,-179.396,603.9,5.3,mw,,,,0.9,us,usp000441w,2025-12-19T21:03:07.370Z,Fiji region,earthquake,,4.8,,,reviewed,us,hrv
1990-01-09T15:35:49.070Z,11.591,95.017,33.0,5.7,mw,,,,1.1,us,usp000441x,2022-04-28T20:01:00.343Z,"247 km E of Port Blair, India",earthquake,,,,,reviewed,us,hrv
1990-01-09T18:43:54.450Z,-19.876,168.033,33.9,5.0,ms,,,,0.8,us,usp0004420,2014-11-07T00:45:30.942Z,"136 km WSW of Isangel, Vanuatu",earthquake,,,,1.0,reviewed,us,us
1990-01-09T18:51:29.210Z,24.753,95.241,119.2,6.3,mw,,,,1.1,us,usp0004421,2022-04-28T20:01:06.303Z,"120 km E of W?ngjing, India",earthquake,,,,,reviewed,us,hrv
1990-01-09T19:09:45.930Z,18.07,-64.754,33.0,5.0,mb,,,,1.4,us,usp0004422,2014-11-07T00:45:31.075Z,"29 km S of Cruz Bay, U.S. Virgin Islands",earthquake,,,,2.0,reviewed,us,us
1990-01-10T01:26:50.430Z,-17.787,-178.69,589.6,4.6,mb,,,,1.0,us,usp0004428,2014-11-07T00:45:31.148Z,"213 km E of Levuka, Fiji",earthquake,,30.6,,5.0,reviewed,us,us
1990-01-10T02:57:50.590Z,5.65,-75.784,61.5,5.0,mb,,,,1.2,us,usp000442c,2014-11-07T00:45:31.205Z,"6 km NE of Jardín, Colombia",earthquake,,5.8,,24.0,reviewed,us,us
1990-01-10T03:09:18.850Z,39.646,143.288,33.7,5.7,mw,,,,1.1,us,usp000442d,2022-04-28T20:01:11.641Z,"115 km E of Miyako, Japan",earthquake,,,,,reviewed,us,hrv
1990-01-10T03:11:17.630Z,39.706,143.306,36.6,5.8,mw,,,,1.1,us,usp000442e,2022-04-28T17:26:22.562Z,"117 km E of Miyako, Japan",earthquake,,6.3,,,reviewed,us,hrv
1990-01-10T05:38:25.600Z,36.078,27.13,39.5,4.5,mb,,,,1.4,us,usp000442m,2014-11-07T00:45:31.537Z,"59 km S of Mandráki, Greece",earthquake,,5.7,,28.0,reviewed,us,us
1990-01-10T06:11:06.170Z,22.466,94.552,122.5,4.8,mb,,,,0.9,us,usp000442n,2014-11-07T00:45:31.546Z,"72 km WNW of Monywa, Myanmar",earthquake,,10.2,,3.0,reviewed,us,us
1990-01-10T06:37:54.820Z,24.516,94.682,86.5,5.2,mb,,,,1.0,us,usp000442q,2022-04-28T20:01:17.091Z,"63 km E of W?ngjing, India",earthquake,,,,46.0,reviewed,us,us
1990-01-10T07:41:08.110Z,-13.139,-172.612,33.0,4.8,mb,,,,0.8,us,usp000442r,2014-11-07T00:45:31.567Z,"41 km NNW of Safotu, Samoa",earthquake,,,,8.0,reviewed,us,us
1990-01-10T10:06:01.590Z,-52.192,13.514,10.0,5.4,mw,,,,1.2,us,usp000442w,2025-12-19T21:03:08.584Z,southwest of Africa,earthquake,,,,,reviewed,us,hrv
1990-01-10T10:21:21.120Z,-24.616,-175.337,76.7,5.0,mb,,,,0.8,us,usp000442z,2014-11-07T00:45:31.587Z,south of Tonga,earthquake,,,,12.0,reviewed,us,us
1990-01-10T11:53:21.650Z,11.654,95.143,33.0,5.9,mw,,,,1.1,us,usp0004431,2022-04-28T20:01:18.173Z,"261 km E of Port Blair, India",earthquake,,,,,reviewed,us,hrv
1990-01-10T13:10:12.330Z,52.117,-169.236,33.0,5.5,mw,,,,1.2,us,usp0004436,2025-12-19T20:56:32.169Z,"94 km SSW of Nikolski, Alaska",earthquake,,,,,reviewed,us,hrv
1990-01-10T13:33:48.890Z,-16.838,-74.835,33.0,4.8,mb,,,,1.5,us,usp0004437,2014-11-07T00:45:31.641Z,"125 km SSW of Atiquipa, Peru",earthquake,,,,1.0,reviewed,us,us
1990-01-10T16:11:46.730Z,-10.073,123.819,32.7,5.5,mw,,,,1.2,us,usp000443d,2022-04-28T20:01:23.944Z,"25 km ENE of Kupang, Indonesia",earthquake,,,,,reviewed,us,hrv
1990-01-10T18:28:51.630Z,-10.439,124.203,77.0,5.0,mb,,,,1.5,us,usp000443h,2014-11-07T00:45:31.682Z,"64 km S of Soe, Indonesia",earthquake,,16.9,,12.0,reviewed,us,us
1990-01-10T23:01:21.960Z,26.559,86.663,68.5,4.7,mb,,,,1.4,us,usp000443p,2014-11-07T00:45:31.693Z,"8 km WNW of R?jbir?j, Nepal",earthquake,,11.6,,4.0,reviewed,us,us
1990-01-11T04:13:49.510Z,-17.429,-178.953,553.3,5.0,mb,,,,0.7,us,usp000443y,2014-11-07T00:45:31.711Z,"196 km ENE of Levuka, Fiji",earthquake,,9.5,,6.0,reviewed,us,us
1990-01-11T06:49:37.920Z,-25.896,-174.076,33.0,5.0,mb,,,,1.5,us,usp0004442,2014-11-07T00:45:31.729Z,south of Tonga,earthquake,,,,3.0,reviewed,us,us
1990-01-11T11:10:51.200Z,35.066,135.951,25.8,4.8,mb,,,,1.1,us,usp000444a,2014-11-07T00:45:31.742Z,"2 km W of Moriyama, Japan",earthquake,,7.3,,18.0,reviewed,us,us
1990-01-11T11:14:43.290Z,25.047,95.364,141.8,4.7,mb,,,,1.3,us,usp000444b,2014-11-07T00:45:31.747Z,"110 km SE of Phek, India",earthquake,,8.8,,8.0,reviewed,us,us
1990-01-11T13:31:31.270Z,16.759,-85.833,10.0,4.6,mb,,,,1.2,us,usp000444d,2014-11-07T00:45:31.753Z,"34 km N of Savannah Bight, Honduras",earthquake,,,,8.0,reviewed,us,us
1990-01-11T16:04:07.700Z,-23.563,-69.131,87.6,4.7,mb,,,,1.3,us,usp000444g,2014-11-07T00:45:31.763Z,"119 km SW of San Pedro de Atacama, Chile",earthquake,,8.6,,10.0,reviewed,us,us
1990-01-11T18:05:18.020Z,53.6983,-152.1598,33.0,4.6,mb,,,,0.28,ak,ak990ihnqai,2020-09-14T18:24:14.023Z,south of Alaska,earthquake,,52.8,,,reviewed,ak,ak
1990-01-11T18:05:55.470Z,56.484,-152.719,33.0,4.6,mb,,,,1.3,us,usp000444k,2014-11-07T00:45:31.771Z,"87 km SSE of Old Harbor, Alaska",earthquake,,,,5.0,reviewed,us,us
1990-01-11T19:22:48.290Z,-40.788,78.243,10.0,5.2,ms,,,,1.5,us,usp000444p,2014-11-07T00:45:31.778Z,Mid-Indian Ridge,earthquake,,,,1.0,reviewed,us,us
1990-01-11T20:23:51.300Z,-5.166,150.982,188.4,5.1,mb,,,,0.7,us,usp000444s,2014-11-07T00:45:31.787Z,"102 km ENE of Kimbe, Papua New Guinea",earthquake,,,,20.0,reviewed,us,us
1990-01-11T21:14:57.830Z,35.786,80.757,10.0,5.3,mb,,,,1.4,us,usp000444u,2022-04-28T20:01:33.652Z,Xinjiang-Xizang border region,earthquake,,,,35.0,reviewed,us,us
1990-01-11T21:23:35.630Z,-5.006,102.429,33.0,4.8,mb,,,,1.6,us,usp000444v,2014-11-07T00:45:31.836Z,"134 km S of Bengkulu, Indonesia",earthquake,,,,4.0,reviewed,us,us
1990-01-11T22:20:42.520Z,57.328,-36.544,10.0,4.5,mb,,,,0.9,us,usp000444x,2014-11-07T00:45:31.840Z,Reykjanes Ridge,earthquake,,,,11.0,reviewed,us,us
1990-01-12T03:24:59.080Z,12.672,-87.489,86.2,5.6,mw,,,,1.2,us,usp0004453,2022-04-28T20:01:35.064Z,near the coast of Nicaragua,earthquake,,,,,reviewed,us,hrv
1990-01-12T06:56:38.490Z,79.068,2.241,10.0,4.7,mb,,,,1.0,us,usp0004459,2014-11-07T00:45:31.869Z,Greenland Sea,earthquake,,,,19.0,reviewed,us,us
1990-01-12T09:07:26.120Z,8.393,126.617,33.0,4.6,mb,,,,1.3,us,usp000445e,2014-11-07T00:45:31.880Z,"31 km E of Hinatuan, Philippines",earthquake,,,,1.0,reviewed,us,us
1990-01-12T11:17:45.950Z,52.952,-169.76,33.0,4.8,mb,,,,1.2,us,usp000445m,2014-11-07T00:45:31.889Z,"60 km W of Nikolski, Alaska",earthquake,,,,17.0,reviewed,us,us
1990-01-12T15:28:14.790Z,4.979,126.508,61.9,5.7,mw,,,,1.1,us,usp000445p,2022-04-28T20:01:40.176Z,"124 km ESE of Sarangani, Philippines",earthquake,,9.5,,,reviewed,us,hrv
1990-01-12T18:21:34.680Z,-22.228,-69.916,42.3,5.0,mb,,,,0.9,us,usp000445s,2014-11-07T00:45:31.913Z,"32 km ESE of Tocopilla, Chile",earthquake,,,,5.0,reviewed,us,us
1990-01-12T18:51:12.270Z,-32.386,-179.707,83.0,5.0,mb,,,,1.3,us,usp000445t,2014-11-07T00:45:31.917Z,south of the Kermadec Islands,earthquake,,14.0,,2.0,reviewed,us,us
1990-01-12T22:17:05.900Z,53.896,-131.424,10.0,5.3,mb,,,,1.1,us,usp000445w,2014-11-07T00:45:31.922Z,"85 km WSW of Prince Rupert, Canada",earthquake,,,,54.0,reviewed,us,us
1990-01-12T23:33:09.000Z,64.9575,-148.9203,19.3,4.5,mb,,,,0.34,ak,ak990k8c85w,2020-09-14T18:24:09.560Z,"29 km SE of Minto, Alaska",earthquake,,0.5,,,reviewed,ak,ak
1990-01-12T23:33:15.370Z,52.329,-169.284,33.0,4.5,mb,,,,0.9,us,usp0004460,2014-11-07T00:45:32.156Z,"73 km SSW of Nikolski, Alaska",earthquake,,,,4.0,reviewed,us,us
1990-01-13T02:07:26.840Z,16.826,-99.509,28.4,5.3,mw,,,,1.1,us,usp0004464,2022-04-28T20:01:41.376Z,"5 km N of El Cortés, Mexico",earthquake,,,,,reviewed,us,hrv
1990-01-13T03:32:15.270Z,12.661,125.038,36.1,5.2,mw,,,,1.1,us,usp0004465,2022-04-28T20:01:46.942Z,"0 km WSW of Cabodiongan, Philippines",earthquake,,,,,reviewed,us,hrv
1990-01-13T05:05:59.470Z,36.107,27.188,43.1,4.6,mb,,,,1.3,us,usp000446a,2014-11-07T00:45:32.458Z,"56 km S of Mandráki, Greece",earthquake,,5.1,,34.0,reviewed,us,us
1990-01-13T05:47:33.520Z,30.222,-114.44,10.0,4.6,mb,,,,1.3,us,usp000446d,2014-11-07T00:45:32.495Z,"96 km SSE of San Felipe, Mexico",earthquake,,,,6.0,reviewed,us,us
1990-01-13T10:26:29.910Z,36.081,27.165,30.4,4.5,mb,,,,1.3,us,usp000446t,2014-11-07T00:45:32.517Z,"58 km S of Mandráki, Greece",earthquake,,4.6,,2.0,reviewed,us,us
1990-01-13T11:15:44.530Z,15.781,147.215,40.1,5.0,mb,,,,1.0,us,usp000446w,2014-11-07T00:45:32.523Z,"168 km ENE of Saipan, Northern Mariana Islands",earthquake,,9.9,,17.0,reviewed,us,us
1990-01-13T14:13:42.670Z,-22.082,170.399,28.4,4.9,mb,,,,1.2,us,usp0004476,2014-11-07T00:45:32.542Z,"267 km ESE of Tadine, New Caledonia",earthquake,,,,5.0,reviewed,us,us
1990-01-13T15:06:19.460Z,4.646,125.128,216.2,5.0,mb,,,,1.2,us,usp0004478,2014-11-07T00:45:32.549Z,"91 km SSW of Sarangani, Philippines",earthquake,,22.6,,6.0,reviewed,us,us
1990-01-13T17:02:06.060Z,-18.262,-175.963,271.6,5.2,mb,,,,1.3,us,usp0004479,2014-11-07T00:45:32.552Z,"213 km WNW of Neiafu, Tonga",earthquake,,,,11.0,reviewed,us,us
1990-01-13T17:17:38.410Z,-21.967,170.169,33.0,4.7,mb,,,,1.5,us,usp000447a,2014-11-07T00:45:32.559Z,"241 km E of Tadine, New Caledonia",earthquake,,,,6.0,reviewed,us,us
1990-01-13T18:31:16.660Z,15.789,147.213,48.1,5.1,mb,,,,1.2,us,usp000447c,2014-11-07T00:45:32.567Z,"169 km ENE of Saipan, Northern Mariana Islands",earthquake,,13.0,,9.0,reviewed,us,us
1990-01-13T19:20:07.050Z,-17.617,167.7,22.4,4.9,mb,,,,1.5,us,usp000447f,2014-11-07T00:45:32.636Z,"66 km WNW of Port-Vila, Vanuatu",earthquake,,,,4.0,reviewed,us,us
1990-01-13T20:03:41.920Z,-10.171,117.826,36.3,5.3,mw,,,,1.4,us,usp000447g,2025-12-19T21:03:09.809Z,"190 km SSE of Sumbawa Besar, Indonesia",earthquake,,,,,reviewed,us,hrv
1990-01-13T20:05:10.390Z,27.602,-115.091,10.0,5.1,mb,,,,1.2,us,usp000447h,2014-11-07T00:45:32.659Z,"21 km WSW of Bahía Tortugas, Mexico",earthquake,,,,28.0,reviewed,us,us
1990-01-13T20:18:17.750Z,-10.812,166.008,47.0,5.4,mw,,,,1.2,us,usp000447k,2022-04-28T20:01:53.432Z,"24 km ESE of Lata, Solomon Islands",earthquake,,,,,reviewed,us,hrv
1990-01-13T21:53:31.640Z,0.272,122.017,193.0,5.3,mb,,,,1.1,us,usp000447q,2014-11-07T00:45:32.680Z,"120 km WSW of Gorontalo, Indonesia",earthquake,,42.1,,7.0,reviewed,us,us
1990-01-13T22:48:06.980Z,36.073,27.303,10.0,4.7,mb,,,,1.6,us,usp000447u,2014-11-07T00:45:32.688Z,"52 km WSW of Émponas, Greece",earthquake,,,,1.0,reviewed,us,us
1990-01-13T23:08:27.270Z,35.992,27.178,10.0,4.5,mb,,,,1.2,us,usp000447v,2014-11-07T00:45:32.691Z,"53 km N of Karpathos, Greece",earthquake,,,,1.0,reviewed,us,us
1990-01-14T00:25:32.080Z,6.316,-74.248,238.2,4.5,mb,,,,1.1,us,usp000447z,2014-11-07T00:45:32.721Z,"25 km SE of Puerto Berrío, Colombia",earthquake,,10.0,,4.0,reviewed,us,us
1990-01-14T01:19:14.120Z,-21.288,169.925,79.9,4.9,mb,,,,1.4,us,usp0004481,2014-11-07T00:45:32.724Z,"204 km SSE of Isangel, Vanuatu",earthquake,,20.0,,4.0,reviewed,us,us
1990-01-14T01:38:49.980Z,36.056,27.152,23.6,4.5,mb,,,,1.3,us,usp0004482,2014-11-07T00:45:32.729Z,"61 km N of Karpathos, Greece",earthquake,,4.7,,3.0,reviewed,us,us
1990-01-14T01:43:49.410Z,29.064,130.824,33.0,4.7,mb,,,,1.6,us,usp0004484,2014-11-07T00:45:32.735Z,"132 km SSE of Koshima, Japan",earthquake,,,,1.0,reviewed,us,us
1990-01-14T02:00:20.320Z,-4.857,152.45,82.9,4.9,mb,,,,1.2,us,usp0004485,2014-11-07T00:45:32.736Z,"60 km SSE of Kokopo, Papua New Guinea",earthquake,,10.7,,5.0,reviewed,us,us
1990-01-14T03:03:19.230Z,37.819,91.971,12.2,6.0,mw,,,,1.1,us,usp0004488,2022-04-28T20:01:55.334Z,"northern Qinghai, China",earthquake,,,,,reviewed,us,nc
1990-01-14T03:33:12.990Z,45.352,150.93,33.0,5.5,mb,,,,1.0,us,usp000448b,2022-04-28T20:02:01.005Z,"239 km E of Kuril’sk, Russia",earthquake,,,,58.0,reviewed,us,us
1990-01-14T03:38:04.650Z,45.345,150.913,48.0,5.7,ms,,,,1.0,us,usp000448d,2022-04-28T20:02:03.012Z,"238 km E of Kuril’sk, Russia",earthquake,,,,1.0,reviewed,us,us
1990-01-14T03:52:46.780Z,45.31,151.021,33.0,5.0,mb,,,,0.9,us,usp000448f,2014-11-07T00:45:32.847Z,"246 km E of Kuril’sk, Russia",earthquake,,,,34.0,reviewed,us,us
1990-01-14T04:27:10.680Z,1.625,126.997,115.4,4.8,mb,,,,1.2,us,usp000448j,2014-11-07T00:45:32.857Z,"101 km NNW of Ternate, Indonesia",earthquake,,24.7,,3.0,reviewed,us,us
1990-01-14T04:28:24.000Z,45.627,150.451,33.0,4.5,mb,,,,1.3,us,usp000448k,2014-11-07T00:45:32.858Z,"206 km ENE of Kuril’sk, Russia",earthquake,,,,3.0,reviewed,us,us
1990-01-14T04:57:00.530Z,45.236,151.081,33.0,4.6,mb,,,,1.3,us,usp000448n,2014-11-07T00:45:32.860Z,"251 km E of Kuril’sk, Russia",earthquake,,,,9.0,reviewed,us,us
1990-01-14T05:40:37.520Z,5.346,126.455,33.0,5.0,mb,,,,0.9,us,usp000448s,2014-11-07T00:45:32.868Z,"110 km E of Sarangani, Philippines",earthquake,,,,6.0,reviewed,us,us
1990-01-14T07:08:53.810Z,-8.208,108.818,88.8,5.0,mb,,,,1.1,us,usp000448u,2014-11-07T00:45:32.871Z,"79 km SW of Kroya, Indonesia",earthquake,,17.3,,8.0,reviewed,us,us
1990-01-14T07:20:11.340Z,45.312,151.033,33.0,4.9,mb,,,,0.9,us,usp000448v,2014-11-07T00:45:32.874Z,"247 km E of Kuril’sk, Russia",earthquake,,,,31.0,reviewed,us,us
1990-01-14T09:31:29.830Z,-29.906,-177.205,33.0,4.9,mb,,,,1.6,us,usp0004492,2014-11-07T00:45:32.890Z,"Kermadec Islands, New Zealand",earthquake,,,,4.0,reviewed,us,us
1990-01-14T10:32:18.910Z,45.278,151.05,33.0,4.8,mb,,,,0.9,us,usp0004495,2014-11-07T00:45:32.896Z,"249 km E of Kuril’sk, Russia",earthquake,,,,27.0,reviewed,us,us
1990-01-14T12:46:00.720Z,45.392,150.915,33.0,4.9,mb,,,,0.9,us,usp0004497,2014-11-07T00:45:32.901Z,"238 km E of Kuril’sk, Russia",earthquake,,,,29.0,reviewed,us,us
1990-01-14T13:47:26.400Z,-29.513,-176.385,33.0,4.8,mb,,,,1.5,us,usp0004499,2014-11-07T00:45:32.907Z,Kermadec Islands region,earthquake,,,,3.0,reviewed,us,us
1990-01-14T17:08:38.820Z,35.248,26.068,22.2,4.5,mb,,,,1.4,us,usp000449f,2014-11-07T00:45:32.916Z,"5 km NW of Sitia, Greece",earthquake,,4.3,,29.0,reviewed,us,us
1990-01-14T18:00:52.800Z,55.758,-156.509,33.0,4.7,mb,,,,1.0,us,usp000449k,2014-11-07T00:45:32.933Z,"132 km ESE of Chignik, Alaska",earthquake,,,,5.0,reviewed,us,us
1990-01-14T21:04:03.260Z,-29.709,-177.467,58.3,6.1,mw,,,,1.3,us,usp000449n,2022-04-28T20:02:04.808Z,"Kermadec Islands, New Zealand",earthquake,,10.5,,,reviewed,us,hrv
1990-01-14T21:10:30.230Z,-29.08,-177.628,33.0,5.7,ms,,,,1.2,us,usp000449p,2014-11-07T00:45:32.961Z,"Kermadec Islands, New Zealand",earthquake,,,,2.0,reviewed,us,us
1990-01-14T21:28:14.520Z,-5.571,128.605,338.8,4.8,mb,,,,1.0,us,usp000449u,2014-11-07T00:45:32.972Z,"212 km SSE of Ambon, Indonesia",earthquake,,7.8,,12.0,reviewed,us,us
1990-01-14T21:40:12.260Z,21.348,146.098,33.0,5.1,ms,,,,1.2,us,usp000449w,2014-11-07T00:45:32.977Z,Mariana Islands region,earthquake,,,,1.0,reviewed,us,us
1990-01-15T01:21:51.540Z,44.025,-128.352,10.0,4.5,mb,,,,0.6,us,usp00044a1,2014-11-07T00:45:32.985Z,off the coast of Oregon,earthquake,,,,4.0,reviewed,us,us
1990-01-15T03:19:44.740Z,30.688,103.317,22.1,4.8,mb,,,,1.1,us,usp00044a3,2014-11-07T00:45:32.992Z,"33 km NNW of Linqiong, China",earthquake,,9.0,,12.0,reviewed,us,us
1990-01-15T04:56:51.770Z,-9.602,110.365,33.0,4.6,mb,,,,1.3,us,usp00044a7,2014-11-07T00:45:33.052Z,"182 km S of Pundong, Indonesia",earthquake,,,,4.0,reviewed,us,us
1990-01-15T06:18:00.130Z,-48.784,122.324,10.0,4.6,mb,,,,1.1,us,usp00044aa,2014-11-07T00:45:33.062Z,western Indian-Antarctic Ridge,earthquake,,,,5.0,reviewed,us,us
1990-01-15T09:50:19.540Z,-4.235,127.051,10.0,4.5,mb,,,,1.5,us,usp00044ae,2014-11-07T00:45:33.069Z,"139 km WSW of Ambon, Indonesia",earthquake,,,,3.0,reviewed,us,us
1990-01-15T11:08:04.840Z,10.092,126.385,45.3,5.1,mb,,,,1.4,us,usp00044am,2014-11-07T00:45:33.079Z,"38 km ENE of Santa Monica, Philippines",earthquake,,,,14.0,reviewed,us,us
1990-01-15T11:11:05.220Z,47.271,153.537,51.6,4.9,mb,,,,0.8,us,usp00044an,2014-11-07T00:45:33.085Z,Kuril Islands,earthquake,,,,41.0,reviewed,us,us
1990-01-15T12:42:25.910Z,24.403,122.147,24.8,5.1,mb,,,,1.4,us,usp00044ap,2014-11-07T00:45:33.096Z,"55 km SE of Yilan, Taiwan",earthquake,,,,24.0,reviewed,us,us
1990-01-15T19:18:06.280Z,-14.972,166.804,33.0,4.9,mb,,,,1.2,us,usp00044b0,2014-11-07T00:45:33.133Z,"29 km WNW of Port-Olry, Vanuatu",earthquake,,,,6.0,reviewed,us,us
1990-01-15T23:57:33.750Z,-8.414,-74.199,162.7,4.6,mb,,,,0.9,us,usp00044b5,2014-11-07T00:45:33.148Z,"37 km E of San Fernando, Peru",earthquake,,,,24.0,reviewed,us,us
1990-01-16T04:01:46.090Z,8.765,126.924,67.9,4.6,mb,,,,1.7,us,usp00044bb,2014-11-07T00:45:33.164Z,"68 km ESE of Aras-asan, Philippines",earthquake,,19.8,,3.0,reviewed,us,us
1990-01-16T07:36:31.660Z,-31.664,-178.085,23.0,5.7,mw,,,,1.2,us,usp00044bj,2022-04-28T20:02:09.980Z,Kermadec Islands region,earthquake,,,,,reviewed,us,hrv
1990-01-16T07:56:33.470Z,-31.725,-177.996,33.0,5.6,mw,,,,1.1,us,usp00044bk,2022-04-28T20:02:12.347Z,Kermadec Islands region,earthquake,,,,,reviewed,us,hrv
1990-01-16T08:41:54.830Z,-5.253,132.381,44.2,5.0,mb,,,,1.3,us,usp00044bn,2014-11-07T00:45:33.210Z,"58 km NW of Tual, Indonesia",earthquake,,,,14.0,reviewed,us,us
1990-01-16T10:52:08.280Z,-31.587,-178.046,33.0,5.6,mw,,,,1.1,us,usp00044bt,2022-04-28T20:02:13.874Z,Kermadec Islands region,earthquake,,,,,reviewed,us,hrv
1990-01-16T12:03:45.420Z,-6.427,150.563,33.0,4.9,mb,,,,1.1,us,usp00044bw,2014-11-07T00:45:33.238Z,"107 km SSE of Kimbe, Papua New Guinea",earthquake,,,,3.0,reviewed,us,us
1990-01-16T12:57:20.700Z,43.56,-127.402,10.0,5.6,mw,,,,1.1,us,usp00044bz,2022-04-28T20:02:15.302Z,"247 km W of Bandon, Oregon",earthquake,,,,,reviewed,us,hrv
1990-01-16T14:18:09.580Z,33.218,46.776,11.6,4.7,mb,,,,1.2,us,usp00044c2,2014-11-07T00:45:33.258Z,"56 km W of Darreh Shahr, Iran",earthquake,,,,22.0,reviewed,us,us
1990-01-16T16:45:09.900Z,-5.205,154.106,408.3,4.6,mb,,,,1.0,us,usp00044c7,2014-11-07T00:45:33.268Z,"Bougainville region, Papua New Guinea",earthquake,,16.6,,3.0,reviewed,us,us
1990-01-16T19:55:12.870Z,-5.197,147.25,219.6,4.9,mb,,,,1.5,us,usp00044c9,2014-11-07T00:45:33.271Z,"162 km E of Madang, Papua New Guinea",earthquake,,23.0,,2.0,reviewed,us,us
1990-01-16T20:08:20.460Z,40.2425,-124.2975,3.759,5.4,ml,147.0,247.0,0.6297,0.2,nc,nc10090568,2022-04-28T20:02:16.902Z,"30 km NW of Shelter Cove, California",earthquake,0.98,3.15,,0.0,reviewed,nc,nc
1990-01-17T02:04:41.940Z,-32.336,-178.005,33.0,4.7,mb,,,,1.4,us,usp00044ce,2014-11-07T00:45:33.306Z,south of the Kermadec Islands,earthquake,,,,3.0,reviewed,us,us
1990-01-17T03:33:39.840Z,-32.652,-178.68,33.0,4.8,mb,,,,1.4,us,usp00044cj,2014-11-07T00:45:33.314Z,south of the Kermadec Islands,earthquake,,,,3.0,reviewed,us,us
1990-01-17T06:38:05.780Z,-31.673,116.995,6.9,5.2,mb,,,,1.2,us,usp00044cp,2022-04-28T17:26:29.445Z,"30 km E of Northam, Australia",earthquake,,,,8.0,reviewed,us,us
1990-01-17T09:05:58.660Z,9.928,126.576,33.0,4.9,mb,,,,1.3,us,usp00044cu,2014-11-07T00:45:33.337Z,"52 km E of Pilar, Philippines",earthquake,,,,2.0,reviewed,us,us
1990-01-17T11:10:16.530Z,9.764,126.242,33.0,4.6,mb,,,,1.0,us,usp00044cx,2014-11-07T00:45:33.341Z,"14 km E of Union, Philippines",earthquake,,,,6.0,reviewed,us,us
1990-01-17T12:05:29.840Z,43.589,-127.443,10.0,5.7,mw,,,,1.2,us,usp00044d1,2022-04-28T20:02:23.092Z,"251 km W of Bandon, Oregon",earthquake,,,,,reviewed,us,hrv
1990-01-17T16:58:48.980Z,-2.495,138.738,33.0,4.9,ms,,,,1.3,us,usp00044d9,2014-11-07T00:45:33.381Z,"210 km W of Abepura, Indonesia",earthquake,,,,2.0,reviewed,us,us
1990-01-17T17:28:26.860Z,-32.044,-177.669,33.0,4.9,mb,,,,1.5,us,usp00044dc,2014-11-07T00:45:33.389Z,south of the Kermadec Islands,earthquake,,,,3.0,reviewed,us,us
1990-01-18T01:04:31.050Z,-10.797,113.653,45.8,5.1,mb,,,,1.2,us,usp00044dm,2014-11-07T00:45:33.403Z,"271 km SSW of Gambiran Satu, Indonesia",earthquake,,,,15.0,reviewed,us,us
1990-01-18T05:42:35.910Z,-30.108,-177.665,24.6,5.4,mw,,,,1.1,us,usp00044dx,2025-12-19T21:03:10.950Z,"Kermadec Islands, New Zealand",earthquake,,,,,reviewed,us,hrv
1990-01-18T09:22:33.230Z,-4.385,135.261,33.0,4.8,mb,,,,1.5,us,usp00044e3,2014-11-07T00:45:33.448Z,"116 km SSW of Nabire, Indonesia",earthquake,,,,6.0,reviewed,us,us
1990-01-18T11:45:25.730Z,41.1711667,-123.7646667,34.76,4.9,ml,36.0,77.0,0.1964,0.12,nc,nc10090570,2016-12-16T19:31:27.560Z,"27 km ESE of Orick, California",earthquake,0.32,0.53,,0.0,reviewed,nc,nc
1990-01-18T12:45:23.600Z,-30.141,-177.688,13.4,6.0,mw,,,,1.1,us,usp00044e9,2022-04-28T20:02:24.658Z,"Kermadec Islands, New Zealand",earthquake,,,,,reviewed,us,hrv
1990-01-18T15:01:48.980Z,31.08,141.051,33.0,4.7,mb,,,,1.1,us,usp00044ee,2014-11-07T00:45:33.509Z,"Izu Islands, Japan region",earthquake,,,,2.0,reviewed,us,us
1990-01-18T18:30:00.620Z,-0.032,124.603,80.8,4.9,mb,,,,1.3,us,usp00044ep,2014-11-07T00:45:33.529Z,"150 km S of Tomohon, Indonesia",earthquake,,14.9,,11.0,reviewed,us,us
1990-01-18T18:38:09.220Z,-56.04,-27.402,33.0,5.3,mb,,,,1.3,us,usp00044eq,2014-11-07T00:45:33.533Z,South Sandwich Islands region,earthquake,,,,9.0,reviewed,us,us
1990-01-18T19:59:22.090Z,-5.286,150.609,136.2,5.5,mw,,,,1.0,us,usp00044er,2022-04-28T20:02:29.852Z,"59 km ENE of Kimbe, Papua New Guinea",earthquake,,,,,reviewed,us,hrv
1990-01-18T20:57:49.290Z,-20.76,-178.487,585.8,5.7,mw,,,,1.0,us,usp00044es,2022-04-28T20:02:31.547Z,Fiji region,earthquake,,,,,reviewed,us,hrv
1990-01-19T03:32:08.730Z,46.188,151.97,33.0,5.0,mb,,,,0.7,us,usp00044f1,2014-11-07T00:45:33.620Z,Kuril Islands,earthquake,,,,24.0,reviewed,us,us
1990-01-19T14:54:03.690Z,2.158,127.135,33.0,4.6,mb,,,,1.3,us,usp00044fa,2014-11-07T00:45:33.641Z,"108 km WNW of Tobelo, Indonesia",earthquake,,,,2.0,reviewed,us,us
1990-01-19T17:29:35.310Z,-7.43,126.679,325.4,5.1,mb,,,,0.8,us,usp00044fe,2014-11-07T00:45:33.646Z,"118 km NNE of Baukau, Timor Leste",earthquake,,19.7,,3.0,reviewed,us,us
1990-01-19T19:07:46.130Z,35.339,141.227,22.3,4.9,mb,,,,0.9,us,usp00044fh,2014-11-07T00:45:33.650Z,"56 km SE of Hasaki, Japan",earthquake,,8.5,,5.0,reviewed,us,us
1990-01-19T20:30:54.620Z,-21.333,-68.817,125.3,4.6,mb,,,,1.5,us,usp00044fk,2014-11-07T00:45:33.654Z,"124 km N of Calama, Chile",earthquake,,10.1,,1.0,reviewed,us,us
1990-01-19T21:22:58.860Z,-31.475,-69.194,112.9,4.5,mb,,,,1.2,us,usp00044fn,2014-11-07T00:45:33.657Z,"26 km SE of Calingasta, Argentina",earthquake,,7.3,,2.0,reviewed,us,us
1990-01-20T01:27:09.800Z,35.832,52.954,24.5,6.0,mw,,,,1.0,us,usp00044fv,2022-04-28T20:02:33.062Z,"36 km E of Soleh Bon, Iran",earthquake,,,,,reviewed,us,hrv
1990-01-20T02:15:06.470Z,36.053,53.309,38.6,4.5,mb,,,,1.0,us,usp00044fz,2014-11-07T00:45:33.728Z,"38 km N of Mahdishahr, Iran",earthquake,,,,4.0,reviewed,us,us
1990-01-20T02:55:54.840Z,40.097,142.314,47.5,5.7,ms,,,,0.9,us,usp00044g1,2022-04-28T20:02:38.410Z,"59 km NNE of Miyako, Japan",earthquake,,,,5.0,reviewed,us,us
1990-01-20T07:20:21.830Z,-15.262,-173.376,33.6,5.8,mw,,,,1.4,us,usp00044g7,2022-04-28T20:02:43.878Z,"88 km NNE of Hihifo, Tonga",earthquake,,,,,reviewed,us,hrv
1990-01-20T09:13:13.960Z,-6.649,105.911,64.1,5.4,mw,,,,1.0,us,usp00044g9,2025-12-19T21:03:12.092Z,"31 km SSE of Labuan, Indonesia",earthquake,,3.3,,,reviewed,us,hrv
1990-01-20T11:35:54.050Z,-7.656,87.617,10.0,5.0,mb,,,,1.1,us,usp00044gb,2014-11-07T00:45:33.799Z,South Indian Ocean,earthquake,,,,6.0,reviewed,us,us
1990-01-20T16:59:00.890Z,-6.082,-81.224,25.5,5.5,mw,,,,1.3,us,usp00044gk,2025-12-19T21:03:13.438Z,"73 km SW of Sechura, Peru",earthquake,,,,,reviewed,us,hrv
1990-01-20T18:20:47.270Z,-29.79,-72.359,20.4,5.3,mb,,,,1.4,us,usp00044gm,2014-11-07T00:45:33.818Z,"100 km W of Coquimbo, Chile",earthquake,,9.6,,1.0,reviewed,us,us
1990-01-20T18:43:17.380Z,-34.301,-97.818,10.0,4.9,mb,,,,1.4,us,usp00044gn,2014-11-07T00:45:33.821Z,West Chile Rise,earthquake,,,,6.0,reviewed,us,us
1990-01-21T01:08:48.950Z,-31.571,-179.457,196.6,4.9,mb,,,,1.0,us,usp00044hf,2014-11-07T00:45:33.869Z,Kermadec Islands region,earthquake,,15.8,,5.0,reviewed,us,us
1990-01-21T01:59:40.090Z,51.979,-170.007,33.0,5.2,mw,,,,1.0,us,usp00044hh,2025-12-19T21:03:14.614Z,"132 km SW of Nikolski, Alaska",earthquake,,,,,reviewed,us,hrv
1990-01-21T03:52:42.220Z,8.764,-82.824,73.7,4.6,mb,,,,0.9,us,usp00044hm,2014-11-07T00:45:33.889Z,"2 km S of Monte Lirio, Panama",earthquake,,8.8,,2.0,reviewed,us,us
1990-01-21T04:27:04.790Z,-19.282,169.127,155.0,4.6,mb,,,,1.0,us,usp00044hn,2014-11-07T00:45:33.891Z,"33 km NNW of Isangel, Vanuatu",earthquake,,9.8,,3.0,reviewed,us,us
1990-01-21T05:26:52.310Z,1.777,127.282,139.5,5.1,mb,,,,1.2,us,usp00044hr,2014-11-07T00:45:33.895Z,"81 km W of Tobelo, Indonesia",earthquake,,13.2,,14.0,reviewed,us,us
1990-01-21T07:31:02.110Z,-29.973,-71.947,32.8,4.9,mb,,,,1.2,us,usp00044hu,2014-11-07T00:45:33.903Z,"58 km W of Coquimbo, Chile",earthquake,,10.0,,7.0,reviewed,us,us
1990-01-21T07:49:41.960Z,-24.09,-66.83,210.1,4.5,mb,,,,1.2,us,usp00044hv,2014-11-07T00:45:33.909Z,"53 km WNW of San Antonio de los Cobres, Argentina",earthquake,,7.2,,3.0,reviewed,us,us
1990-01-21T07:53:31.900Z,41.534,88.728,33.0,4.6,mb,,,,1.0,us,usp00044hw,2014-11-07T00:45:33.911Z,"161 km SSW of Turpan, China",earthquake,,,,23.0,reviewed,us,us
1990-01-21T10:42:58.330Z,15.561,-91.579,212.5,4.5,mb,,,,0.9,us,usp00044j3,2014-11-07T00:45:33.924Z,"6 km NNE of Todos Santos Cuchumatán, Guatemala",earthquake,,5.0,,34.0,reviewed,us,us
1990-01-21T13:10:07.930Z,2.623,-79.825,14.5,4.9,mb,,,,1.1,us,usp00044j7,2014-11-07T00:45:33.937Z,"144 km WNW of Salahonda, Colombia",earthquake,,4.5,,16.0,reviewed,us,us
1990-01-21T16:43:44.670Z,-21.098,-173.78,33.0,5.4,mw,,,,1.2,us,usp00044je,2025-12-19T21:03:15.811Z,"124 km ENE of ‘Ohonua, Tonga",earthquake,,,,,reviewed,us,hrv
1990-01-21T16:52:54.030Z,34.419,70.56,33.0,4.5,mb,,,,1.4,us,usp00044jf,2014-11-07T00:45:33.962Z,"10 km E of Jal?l?b?d, Afghanistan",earthquake,,,,6.0,reviewed,us,us
1990-01-21T20:53:41.350Z,44.358,148.659,33.0,4.8,mb,,,,0.5,us,usp00044jr,2014-11-07T00:45:33.977Z,"114 km SSE of Kuril’sk, Russia",earthquake,,,,6.0,reviewed,us,us
1990-01-21T21:26:56.400Z,34.75,57.287,33.0,4.5,mb,,,,1.3,us,usp00044jt,2014-11-07T00:45:33.979Z,"84 km SW of Bardaskan, Iran",earthquake,,,,5.0,reviewed,us,us
1990-01-21T22:10:04.040Z,34.02,70.065,33.0,4.7,mb,,,,1.1,us,usp00044jy,2014-11-07T00:45:33.986Z,"42 km ESE of ?uk?mat? Azrah, Afghanistan",earthquake,,,,10.0,reviewed,us,us
1990-01-22T02:32:04.470Z,-20.929,-173.87,37.1,5.4,mw,,,,1.2,us,usp00044k1,2026-02-04T20:11:36.209Z,"121 km ENE of ‘Ohonua, Tonga",earthquake,,,,,reviewed,us,hrv
1990-01-22T05:08:54.120Z,-22.127,169.993,33.0,5.2,mw,,,,1.4,us,usp00044k7,2025-12-19T21:03:18.157Z,"227 km ESE of Tadine, New Caledonia",earthquake,,,,,reviewed,us,hrv
1990-01-22T05:16:12.310Z,-20.902,-174.016,33.0,5.2,ms,,,,1.3,us,usp00044k8,2014-11-07T00:45:34.022Z,Tonga,earthquake,,,,1.0,reviewed,us,us
1990-01-22T08:25:34.070Z,-31.612,-178.083,33.0,5.5,mw,,,,1.4,us,usp00044ke,2025-12-19T21:03:19.289Z,Kermadec Islands region,earthquake,,,,,reviewed,us,hrv
1990-01-22T13:18:24.220Z,36.593,71.258,88.6,4.5,mb,,,,1.0,us,usp00044kt,2014-11-07T00:45:34.481Z,"26 km WSW of Ashk?sham, Afghanistan",earthquake,,51.6,,7.0,reviewed,us,us
1990-01-22T17:26:11.460Z,3.885,96.1,45.7,6.2,mw,,,,1.0,us,usp00044ky,2022-04-28T20:02:45.678Z,"28 km S of Meulaboh, Indonesia",earthquake,,,,,reviewed,us,hrv
1990-01-22T18:49:35.070Z,11.538,92.341,33.0,4.8,mb,,,,0.8,us,usp00044m0,2014-11-07T00:45:34.859Z,"44 km WSW of Bamboo Flat, India",earthquake,,,,1.0,reviewed,us,us
1990-01-23T01:15:06.840Z,-30.018,-72.025,37.8,4.6,mb,,,,1.5,us,usp00044mb,2014-11-07T00:45:35.289Z,"66 km W of Coquimbo, Chile",earthquake,,18.6,,2.0,reviewed,us,us
1990-01-23T03:15:40.070Z,24.703,122.565,117.2,4.8,mb,,,,0.8,us,usp00044mg,2014-11-07T00:45:35.304Z,"51 km WNW of Yonakuni, Japan",earthquake,,5.2,,13.0,reviewed,us,us
1990-01-23T07:47:09.580Z,-12.451,-75.069,104.2,5.6,mw,,,,1.1,us,usp00044mm,2022-04-28T20:02:47.128Z,"4 km WSW of Cuenca, Peru",earthquake,,,,,reviewed,us,hrv
1990-01-23T13:29:21.210Z,37.309,141.68,55.0,4.9,mb,,,,0.9,us,usp00044n0,2014-11-07T00:45:35.364Z,"63 km ESE of Namie, Japan",earthquake,,16.9,,9.0,reviewed,us,us
1990-01-23T15:40:53.330Z,25.185,96.424,33.0,4.7,mb,,,,1.1,us,usp00044n3,2014-11-07T00:45:35.371Z,"100 km WSW of Myitkyina, Myanmar",earthquake,,,,13.0,reviewed,us,us
1990-01-23T17:02:53.310Z,-18.112,-69.719,146.6,4.7,mb,,,,0.8,us,usp00044n6,2014-11-07T00:45:35.384Z,"45 km SE of Palca, Peru",earthquake,,7.9,,1.0,reviewed,us,us
1990-01-23T20:06:53.510Z,28.507,130.423,33.0,4.5,mb,,,,1.3,us,usp00044nd,2014-11-07T00:45:35.398Z,"93 km E of Naze, Japan",earthquake,,,,2.0,reviewed,us,us
1990-01-23T20:44:46.460Z,19.129,121.236,25.0,5.4,mw,,,,1.2,us,usp00044ne,2022-04-28T20:02:52.250Z,"57 km N of Namuac, Philippines",earthquake,,,,,reviewed,us,hrv
1990-01-24T04:45:05.190Z,39.171,16.925,47.9,4.5,mb,,,,1.2,us,usp00044nx,2014-11-07T00:45:35.441Z,"2 km NNE of Santa Severina, Italy",earthquake,,6.2,,5.0,reviewed,us,us
1990-01-24T07:53:54.550Z,-23.953,-70.026,10.0,4.7,mb,,,,1.3,us,usp00044p5,2014-11-07T00:45:35.460Z,"50 km SE of Antofagasta, Chile",earthquake,,,,3.0,reviewed,us,us
1990-01-24T10:06:13.370Z,49.059,155.553,44.4,5.3,mb,,,,0.8,us,usp00044pa,2014-11-07T00:45:35.470Z,"184 km SSW of Severo-Kuril’sk, Russia",earthquake,,,,53.0,reviewed,us,us
1990-01-24T16:19:22.500Z,-12.752,169.703,680.6,4.6,mb,,,,1.0,us,usp00044pn,2014-11-07T00:45:35.501Z,"264 km ENE of Sola, Vanuatu",earthquake,,15.1,,8.0,reviewed,us,us
1990-01-24T16:24:19.020Z,11.911,43.215,10.0,4.5,ml,,,,1.1,us,usp00044pq,2014-11-07T00:45:35.508Z,"10 km SW of Obock, Djibouti",earthquake,,,,,reviewed,us,aro
1990-01-24T18:50:33.990Z,42.292,-126.433,10.0,4.8,mb,,,,1.1,us,usp00044pw,2016-07-23T21:46:20.510Z,"166 km W of Gold Beach, Oregon",earthquake,,,,12.0,reviewed,us,us
1990-01-24T19:33:31.110Z,14.603,119.437,23.1,5.9,mw,,,,1.0,us,usp00044py,2022-04-28T20:03:03.072Z,"78 km WSW of San Nicolas, Philippines",earthquake,,,,,reviewed,us,hrv
1990-01-24T20:47:08.870Z,42.35,-126.301,10.0,5.0,ms,,,,0.9,us,usp00044q2,2016-07-23T21:46:20.850Z,"154 km WSW of Port Orford, Oregon",earthquake,,,,1.0,reviewed,us,us
1990-01-24T20:55:33.560Z,43.599,-127.44,10.0,4.5,mb,,,,0.8,us,usp00044q3,2014-11-07T00:45:35.556Z,"251 km W of Bandon, Oregon",earthquake,,,,6.0,reviewed,us,us
1990-01-24T23:22:32.860Z,12.239,141.126,154.1,4.7,mb,,,,0.8,us,usp00044q7,2014-11-07T00:45:35.566Z,"281 km NNE of Fais, Micronesia",earthquake,,11.0,,3.0,reviewed,us,us
1990-01-25T06:29:21.360Z,-31.554,-177.58,33.0,5.4,mw,,,,1.4,us,usp00044qp,2025-12-19T21:03:20.551Z,Kermadec Islands region,earthquake,,,,,reviewed,us,hrv
1990-01-25T06:29:40.000Z,-31.28,-178.0,197.0,5.4,mwc,,,,,gcmt,gcmtb012590a,2016-11-09T21:44:53.749Z,Kermadec Islands region,earthquake,,,,,automatic,gcmt,gcmt
1990-01-25T21:34:33.500Z,20.116,121.493,34.4,4.8,mb,,,,0.9,us,usp00044r6,2014-11-07T00:45:35.636Z,"61 km SW of Basco, Philippines",earthquake,,6.9,,8.0,reviewed,us,us
1990-01-26T02:13:12.200Z,20.236,145.461,110.0,4.7,mb,,,,1.1,us,usp00044rc,2014-11-07T00:45:35.652Z,"Maug Islands region, Northern Mariana Islands",earthquake,,9.5,,7.0,reviewed,us,us
1990-01-26T02:20:17.440Z,26.083,-110.123,10.0,4.8,mb,,,,1.3,us,usp00044rd,2014-11-07T00:45:35.656Z,"80 km W of El Aguajito, Mexico",earthquake,,,,9.0,reviewed,us,us
1990-01-26T03:26:25.650Z,-26.662,-176.337,33.0,5.0,mb,,,,1.0,us,usp00044rh,2014-11-07T00:45:35.666Z,south of the Fiji Islands,earthquake,,,,2.0,reviewed,us,us
1990-01-26T10:06:14.820Z,-14.576,-75.815,33.0,4.6,mb,,,,0.8,us,usp00044rr,2014-11-07T00:45:35.682Z,"44 km SSW of Santiago, Peru",earthquake,,,,1.0,reviewed,us,us
1990-01-26T22:46:19.890Z,23.347,100.242,33.0,4.6,mb,,,,1.3,us,usp00044s0,2014-11-07T00:45:35.697Z,"143 km SW of Jianshui, China",earthquake,,,,5.0,reviewed,us,us
1990-01-26T23:27:40.350Z,23.338,100.191,33.0,4.5,mb,,,,1.2,us,usp00044s1,2014-11-07T00:45:35.702Z,"148 km SW of Jianshui, China",earthquake,,,,3.0,reviewed,us,us
1990-01-27T00:34:55.040Z,-6.913,130.257,109.0,5.2,mw,,,,1.2,us,usp00044s3,2025-12-19T20:56:33.065Z,Banda Sea,earthquake,,10.1,,,reviewed,us,hrv
1990-01-27T03:39:24.400Z,-6.431,154.993,101.6,4.6,mb,,,,1.3,us,usp00044sa,2014-11-07T00:45:35.733Z,"55 km WSW of Panguna, Papua New Guinea",earthquake,,13.5,,4.0,reviewed,us,us
1990-01-27T05:48:01.770Z,-15.676,167.477,136.3,4.6,mb,,,,0.7,us,usp00044sd,2014-11-07T00:45:35.742Z,"37 km ESE of Luganville, Vanuatu",earthquake,,44.2,,5.0,reviewed,us,us
1990-01-27T07:31:48.370Z,52.098,-169.579,33.0,4.7,mb,,,,0.8,us,usp00044sg,2014-11-07T00:45:35.747Z,"105 km SSW of Nikolski, Alaska",earthquake,,,,6.0,reviewed,us,us
1990-01-27T09:10:52.920Z,-16.521,-69.915,191.7,4.8,mb,,,,1.3,us,usp00044sm,2014-11-07T00:45:35.756Z,"32 km NW of Mazo Cruz, Peru",earthquake,,5.6,,11.0,reviewed,us,us
1990-01-27T23:14:46.470Z,12.963,143.034,140.0,4.6,mb,,,,0.7,us,usp00044ta,2014-11-07T00:45:35.833Z,"180 km W of Merizo Village, Guam",earthquake,,18.9,,5.0,reviewed,us,us
1990-01-27T23:18:18.230Z,-38.321,-74.425,33.0,5.0,mb,,,,1.4,us,usp00044tb,2014-11-07T00:45:35.835Z,"104 km SW of Lebu, Chile",earthquake,,,,4.0,reviewed,us,us
1990-01-27T23:53:02.420Z,18.545,-68.93,154.3,4.5,mb,,,,1.0,us,usp00044td,2014-11-07T00:45:35.839Z,"6 km SE of Guaymate, Dominican Republic",earthquake,,,,10.0,reviewed,us,us
1990-01-28T03:58:49.290Z,-5.883,105.67,104.7,5.3,mb,,,,1.3,us,usp00044tj,2014-11-07T00:45:35.849Z,"57 km NNW of Labuan, Indonesia",earthquake,,14.6,,11.0,reviewed,us,us
1990-01-28T11:15:30.320Z,-16.733,167.656,26.7,5.1,mb,,,,1.3,us,usp00044u5,2014-11-07T00:45:35.889Z,"74 km SSE of Lakatoro, Vanuatu",earthquake,,,,4.0,reviewed,us,us
1990-01-28T21:41:38.910Z,30.733,-41.663,10.0,4.6,mb,,,,0.9,us,usp00044uh,2014-11-07T00:45:35.910Z,northern Mid-Atlantic Ridge,earthquake,,,,3.0,reviewed,us,us
1990-01-28T22:43:16.960Z,30.902,-41.537,18.4,4.8,mb,,,,0.9,us,usp00044uj,2014-11-07T00:45:35.911Z,northern Mid-Atlantic Ridge,earthquake,,,,26.0,reviewed,us,us
1990-01-29T00:16:43.960Z,51.676,-175.303,55.7,5.0,mb,,,,0.9,us,usp00044um,2014-11-07T00:45:35.918Z,"94 km ESE of Adak, Alaska",earthquake,,6.6,,45.0,reviewed,us,us
1990-01-29T02:41:23.970Z,18.271,-102.547,39.1,5.4,mb,,,,1.1,us,usp00044us,2022-04-28T20:03:08.188Z,"28 km WSW of Arteaga, Mexico",earthquake,,,,36.0,reviewed,us,us
1990-01-29T10:37:10.360Z,40.19,142.324,47.6,4.8,mb,,,,1.2,us,usp00044v5,2014-11-07T00:45:35.962Z,"68 km NNE of Miyako, Japan",earthquake,,,,14.0,reviewed,us,us
1990-01-29T13:16:10.680Z,34.463,-106.879,12.0,4.5,mb,,,,,us,usp00044ve,2020-08-28T23:21:36.336Z,"6 km W of Abeytas, New Mexico",earthquake,,,,6.0,reviewed,snm,us
1990-01-29T15:05:50.070Z,-2.443,-27.802,10.0,4.5,mb,,,,0.5,us,usp00044vh,2014-11-07T00:45:35.991Z,South Atlantic Ocean,earthquake,,,,3.0,reviewed,us,us
1990-01-29T19:50:57.510Z,27.188,129.417,29.0,5.1,mb,,,,1.2,us,usp00044vr,2014-11-07T00:45:36.002Z,"130 km S of Naze, Japan",earthquake,,,,11.0,reviewed,us,us
1990-01-29T20:34:20.230Z,6.104,94.683,98.2,5.0,mb,,,,0.9,us,usp00044vu,2014-11-07T00:45:36.008Z,"74 km WNW of Sabang, Indonesia",earthquake,,,,35.0,reviewed,us,us
1990-01-29T20:57:25.350Z,51.942,-169.5,33.0,5.0,mb,,,,1.2,us,usp00044vv,2014-11-07T00:45:36.018Z,"119 km SSW of Nikolski, Alaska",earthquake,,,,42.0,reviewed,us,us
1990-01-29T21:41:43.580Z,8.669,127.426,33.0,4.7,mb,,,,1.3,us,usp00044vx,2014-11-07T00:45:36.027Z,"122 km ENE of Barcelona, Philippines",earthquake,,19.1,,7.0,reviewed,us,us
1990-01-30T03:15:02.200Z,43.008,145.46,40.9,5.5,mb,,,,0.8,us,usp00044w1,2022-04-28T20:03:09.396Z,"36 km SSW of Nemuro, Japan",earthquake,,,,67.0,reviewed,us,us
1990-01-30T04:46:47.210Z,-20.634,-178.657,612.9,4.7,mb,,,,1.0,us,usp00044w4,2014-11-07T00:45:36.064Z,Fiji region,earthquake,,12.7,,6.0,reviewed,us,us
1990-01-30T05:47:56.280Z,-18.994,168.261,149.3,4.7,mb,,,,0.5,us,usp00044w7,2014-11-07T00:45:36.069Z,"123 km WNW of Isangel, Vanuatu",earthquake,,8.0,,3.0,reviewed,us,us
1990-01-30T15:06:26.080Z,28.599,85.714,52.4,4.5,mb,,,,1.5,us,usp00044wj,2014-11-07T00:45:36.100Z,"74 km NNW of Kod?ri??, Nepal",earthquake,,17.7,,3.0,reviewed,us,us
1990-01-30T18:14:12.850Z,-23.398,179.094,548.4,5.6,mw,,,,1.0,us,usp00044wp,2022-04-28T20:03:15.199Z,south of the Fiji Islands,earthquake,,4.3,,,reviewed,us,hrv
1990-01-30T19:58:45.790Z,34.396,136.306,369.9,4.9,mb,,,,0.8,us,usp00044wr,2014-11-07T00:45:36.125Z,"31 km SE of Nabari, Japan",earthquake,,2.8,,27.0,reviewed,us,us
1990-01-31T02:18:19.600Z,26.385,129.289,33.0,4.6,mb,,,,1.2,us,usp00044x2,2014-11-07T00:45:36.150Z,"132 km ESE of Nago, Japan",earthquake,,,,6.0,reviewed,us,us
1990-01-31T09:17:51.390Z,-29.868,-178.545,193.5,4.7,mb,,,,1.6,us,usp00044xb,2014-11-07T00:45:36.166Z,"Kermadec Islands, New Zealand",earthquake,,57.0,,5.0,reviewed,us,us
1990-01-31T10:16:14.580Z,41.415,22.662,15.9,4.6,mb,,,,1.1,us,usp00044xc,2014-11-07T00:45:36.168Z,"1 km NNW of Kuklis, North Macedonia",earthquake,,2.9,,16.0,reviewed,us,us
1990-01-31T13:09:10.060Z,29.693,67.95,33.0,4.5,mb,,,,1.4,us,usp00044xf,2014-11-07T00:45:36.185Z,"18 km NNE of Sibi, Pakistan",earthquake,,,,5.0,reviewed,us,us
1990-01-31T21:00:46.120Z,16.014,-92.608,191.6,4.7,mb,,,,1.0,us,usp00044y2,2014-11-07T00:45:36.232Z,"2 km SW of Ignacio Zaragoza, Mexico",earthquake,,6.1,,8.0,reviewed,us,us
1990-02-01T00:11:08.270Z,36.282,70.66,137.2,4.5,mb,,,,1.5,us,usp00044y8,2014-11-07T00:45:37.307Z,"Hindu Kush region, Afghanistan",earthquake,,13.1,,10.0,reviewed,us,us
1990-02-01T01:25:32.610Z,-9.857,160.136,51.7,4.9,mb,,,,1.0,us,usp00044y9,2014-11-07T00:45:37.858Z,"49 km ESE of Malango, Solomon Islands",earthquake,,9.6,,12.0,reviewed,us,us
1990-02-01T03:33:29.660Z,24.296,123.775,10.0,4.6,mb,,,,1.4,us,usp00044yc,2014-11-07T00:45:37.908Z,"39 km W of Ishigaki, Japan",earthquake,,,,3.0,reviewed,us,us
1990-02-01T05:06:23.200Z,-2.667,134.959,45.8,5.1,mb,,,,1.1,us,usp00044ye,2014-11-07T00:45:37.929Z,"97 km NW of Nabire, Indonesia",earthquake,,13.8,,22.0,reviewed,us,us
1990-02-01T06:24:14.810Z,42.204,15.566,10.0,4.7,md,,,,1.4,us,usp00044yh,2014-11-07T00:45:38.055Z,"10 km NNE of Isole Tremiti, Italy",earthquake,,,,,reviewed,us,tri
1990-02-01T11:16:24.040Z,7.912,126.909,63.3,5.0,mw,,,,1.3,us,usp00044yn,2022-04-28T19:56:49.883Z,"46 km ENE of Kinablangan, Philippines",earthquake,,12.7,,,reviewed,us,hrv
1990-02-01T16:05:47.450Z,33.216,141.182,33.0,4.5,mb,,,,0.7,us,usp00044ys,2014-11-07T00:45:38.269Z,"228 km SSE of Katsuura, Japan",earthquake,,,,3.0,reviewed,us,us
1990-02-01T17:00:53.670Z,-2.97,130.155,33.0,4.6,mb,,,,0.9,us,usp00044yt,2014-11-07T00:45:38.276Z,"143 km ENE of Amahai, Indonesia",earthquake,,,,2.0,reviewed,us,us
1990-02-01T18:33:53.860Z,8.247,126.712,61.0,5.5,mw,,,,1.2,us,usp00044yw,2022-04-28T19:56:55.194Z,"32 km ENE of Barcelona, Philippines",earthquake,,,,,reviewed,us,hrv
1990-02-02T01:28:21.650Z,-25.368,70.138,10.0,5.1,mb,,,,0.8,us,usp00044z6,2014-11-07T00:45:38.505Z,Mid-Indian Ridge,earthquake,,,,3.0,reviewed,us,us
1990-02-02T04:41:03.070Z,12.692,145.064,33.0,4.5,mb,,,,0.4,us,usp00044ze,2014-11-07T00:45:38.591Z,"72 km SSE of Inarajan Village, Guam",earthquake,,,,2.0,reviewed,us,us
1990-02-02T06:24:08.020Z,-17.645,168.027,72.2,4.8,mb,,,,0.8,us,usp00044zj,2014-11-07T00:45:38.619Z,"32 km WNW of Port-Vila, Vanuatu",earthquake,,7.5,,7.0,reviewed,us,us
1990-02-02T14:49:09.480Z,-18.407,176.924,10.0,6.0,mw,,,,1.3,us,usp0004500,2022-04-28T19:57:01.825Z,"84 km SW of Nadi, Fiji",earthquake,,,,,reviewed,us,hrv
1990-02-02T15:56:56.110Z,-18.723,-71.337,46.9,4.7,mb,,,,1.5,us,usp0004504,2014-11-07T00:45:38.966Z,"113 km WSW of Arica, Chile",earthquake,,13.3,,2.0,reviewed,us,us
1990-02-02T18:34:46.200Z,-18.073,-178.307,576.1,5.8,mw,,,,1.0,us,usp0004508,2022-04-28T19:57:07.207Z,"251 km E of Levuka, Fiji",earthquake,,,,,reviewed,us,hrv
1990-02-02T18:53:40.350Z,-5.294,151.099,43.9,5.8,mw,,,,1.1,us,usp0004509,2022-04-28T19:57:12.340Z,"110 km ENE of Kimbe, Papua New Guinea",earthquake,,8.3,,,reviewed,us,hrv
1990-02-03T02:31:45.740Z,-4.724,153.515,90.8,4.6,mb,,,,0.8,us,usp000450q,2014-11-07T00:45:39.266Z,"144 km ESE of Kokopo, Papua New Guinea",earthquake,,10.6,,4.0,reviewed,us,us
1990-02-03T03:15:29.840Z,-0.397,124.578,33.0,4.5,mb,,,,1.0,us,usp000450r,2014-11-07T00:45:39.272Z,"191 km S of Tomohon, Indonesia",earthquake,,,,5.0,reviewed,us,us
1990-02-03T04:43:42.950Z,-3.065,126.361,84.5,5.2,mw,,,,1.2,us,usp000450t,2022-04-28T17:26:07.173Z,"214 km WNW of Ambon, Indonesia",earthquake,,13.8,,,reviewed,us,hrv
1990-02-03T07:30:54.250Z,18.672,-64.647,61.5,5.0,mb,,,,0.9,us,usp000450z,2014-11-07T00:45:39.322Z,"40 km NNE of Cruz Bay, U.S. Virgin Islands",earthquake,,4.9,,39.0,reviewed,us,us
1990-02-03T09:54:55.630Z,51.125,-130.238,10.0,5.5,mw,,,,1.1,us,usp0004511,2022-04-28T19:57:17.471Z,"229 km WNW of Port McNeill, Canada",earthquake,,,,,reviewed,us,hrv
1990-02-03T10:59:21.030Z,-58.948,-25.531,33.0,4.8,mb,,,,0.7,us,usp0004513,2014-11-07T00:45:39.405Z,South Sandwich Islands region,earthquake,,,,5.0,reviewed,us,us
1990-02-03T12:04:50.810Z,-7.05,129.191,172.0,5.1,mb,,,,1.3,us,usp0004516,2014-11-07T00:45:39.416Z,"291 km NE of Lospalos, Timor Leste",earthquake,,10.2,,20.0,reviewed,us,us
1990-02-03T22:27:30.810Z,-2.282,125.086,37.3,5.1,mw,,,,1.2,us,usp000451m,2022-04-28T19:57:23.772Z,"295 km ESE of Luwuk, Indonesia",earthquake,,12.0,,,reviewed,us,hrv
1990-02-03T23:52:31.410Z,-24.255,-67.11,180.0,4.7,mb,,,,1.1,us,usp000451q,2014-11-07T00:45:39.522Z,"80 km W of San Antonio de los Cobres, Argentina",earthquake,,6.4,,12.0,reviewed,us,us
1990-02-04T02:02:23.170Z,28.064,130.076,24.9,5.1,mb,,,,1.1,us,usp000451t,2014-11-07T00:45:39.552Z,"67 km ESE of Naze, Japan",earthquake,,,,21.0,reviewed,us,us
1990-02-04T02:04:20.860Z,50.116,153.338,208.6,4.5,mb,,,,0.6,us,usp000451u,2014-11-07T00:45:39.578Z,"207 km WSW of Severo-Kuril’sk, Russia",earthquake,,55.7,,14.0,reviewed,us,us
1990-02-04T02:30:41.160Z,37.474,20.968,55.5,5.0,mb,,,,1.1,us,usp000451w,2014-11-07T00:45:39.593Z,"29 km SSE of Lithakiá, Greece",earthquake,,5.4,,10.0,reviewed,us,us
1990-02-04T02:47:16.850Z,-17.675,-178.769,571.4,4.6,mb,,,,1.0,us,usp000451x,2014-11-07T00:45:39.618Z,"207 km ENE of Levuka, Fiji",earthquake,,7.2,,10.0,reviewed,us,us
1990-02-04T06:07:01.660Z,-22.377,-70.141,59.8,4.7,mb,,,,1.5,us,usp0004522,2014-11-07T00:45:39.659Z,"32 km S of Tocopilla, Chile",earthquake,,10.8,,5.0,reviewed,us,us
1990-02-04T07:58:14.070Z,-10.233,110.29,45.8,5.8,mw,,,,1.1,us,usp0004529,2022-04-28T19:57:26.368Z,"252 km S of Pundong, Indonesia",earthquake,,,,,reviewed,us,hrv
1990-02-04T10:57:40.980Z,-19.587,169.264,56.6,4.8,mb,,,,1.3,us,usp000452g,2014-11-07T00:45:39.777Z,"5 km SSW of Isangel, Vanuatu",earthquake,,16.3,,4.0,reviewed,us,us
1990-02-04T12:50:57.420Z,-4.846,153.32,64.5,5.0,mb,,,,0.8,us,usp000452k,2014-11-07T00:45:39.787Z,"129 km ESE of Kokopo, Papua New Guinea",earthquake,,6.8,,14.0,reviewed,us,us
1990-02-04T14:47:41.020Z,-0.389,132.771,33.0,4.5,mb,,,,1.5,us,usp000452m,2014-11-07T00:45:39.801Z,"153 km WNW of Manokwari, Indonesia",earthquake,,,,2.0,reviewed,us,us
1990-02-04T15:04:53.650Z,-6.864,153.707,35.0,4.7,mb,,,,0.9,us,usp000452p,2014-11-07T00:45:39.807Z,"205 km WSW of Panguna, Papua New Guinea",earthquake,,13.4,,3.0,reviewed,us,us
1990-02-04T16:55:03.990Z,-7.452,128.617,117.8,5.0,mb,,,,1.0,us,usp000452r,2014-11-07T00:45:39.817Z,"214 km ENE of Lospalos, Timor Leste",earthquake,,9.6,,18.0,reviewed,us,us
1990-02-04T18:15:52.780Z,9.715,126.353,55.1,4.6,mb,,,,1.1,us,usp000452t,2014-11-07T00:45:39.839Z,"27 km E of Union, Philippines",earthquake,,18.7,,6.0,reviewed,us,us
1990-02-04T19:05:38.880Z,14.573,146.932,33.0,5.0,mb,,,,1.1,us,usp000452u,2014-11-07T00:45:39.844Z,"145 km ESE of Saipan, Northern Mariana Islands",earthquake,,,,5.0,reviewed,us,us
1990-02-04T20:26:13.130Z,-22.374,-68.423,101.4,5.3,mb,,,,1.3,us,usp000452y,2014-11-07T00:45:39.858Z,"52 km E of Calama, Chile",earthquake,,8.0,,16.0,reviewed,us,us
1990-02-04T20:34:42.260Z,28.078,57.619,38.7,4.8,mb,,,,1.3,us,usp0004530,2014-11-07T00:45:39.879Z,"117 km NNE of M?n?b, Iran",earthquake,,9.0,,24.0,reviewed,us,us
1990-02-04T21:33:55.430Z,18.951,-65.844,60.2,4.6,mb,,,,1.1,us,usp0004534,2014-11-07T00:45:39.913Z,"57 km N of Loíza, Puerto Rico",earthquake,,8.3,,8.0,reviewed,us,us
1990-02-04T21:54:58.500Z,53.104,172.675,33.0,4.8,mb,,,,1.2,us,usp0004535,2014-11-07T00:45:39.923Z,"44 km NW of Attu Station, Alaska",earthquake,,,,7.0,reviewed,us,us
1990-02-05T02:09:04.920Z,-24.062,-66.989,195.6,4.6,mb,,,,1.0,us,usp000453d,2014-11-07T00:45:39.951Z,"70 km WNW of San Antonio de los Cobres, Argentina",earthquake,,6.4,,1.0,reviewed,us,us
1990-02-05T05:16:46.150Z,37.047,71.25,109.9,6.3,mw,,,,1.0,us,usp000453m,2022-04-28T19:57:31.767Z,"42 km ENE of Jurm, Afghanistan",earthquake,,,,,reviewed,us,hrv
1990-02-05T09:20:04.410Z,32.081,98.323,10.0,5.0,mb,,,,1.0,us,usp000453r,2014-11-07T00:45:40.189Z,"151 km NE of Qamdo, China",earthquake,,,,9.0,reviewed,us,us
1990-02-05T09:28:46.290Z,36.45,70.462,205.7,4.6,mb,,,,1.0,us,usp000453s,2014-11-07T00:45:40.196Z,"55 km ESE of Farkh?r, Afghanistan",earthquake,,8.7,,21.0,reviewed,us,us
1990-02-05T21:14:30.050Z,-4.718,147.928,155.8,4.8,mb,,,,1.2,us,usp0004545,2014-11-07T00:45:40.263Z,Bismarck Sea,earthquake,,15.6,,2.0,reviewed,us,us
1990-02-05T21:19:55.170Z,36.932,141.377,55.6,4.6,mb,,,,1.3,us,usp0004546,2014-11-07T00:45:40.268Z,"45 km ESE of Iwaki, Japan",earthquake,,15.8,,7.0,reviewed,us,us
1990-02-05T23:57:04.240Z,6.371,126.007,33.0,5.0,mb,,,,0.6,us,usp000454b,2014-11-07T00:45:40.320Z,"Mindanao, Philippines",earthquake,,,,2.0,reviewed,us,us
1990-02-06T07:34:29.300Z,10.117,-72.593,44.2,5.3,mb,,,,0.8,us,usp000454h,2022-04-28T19:57:33.043Z,"7 km NW of Machiques, Venezuela",earthquake,,3.7,,76.0,reviewed,us,us
1990-02-06T08:08:45.380Z,32.136,131.124,129.9,4.7,mb,,,,0.7,us,usp000454k,2014-11-07T00:45:40.463Z,"Kyushu, Japan",earthquake,,8.6,,15.0,reviewed,us,us
1990-02-06T11:06:55.690Z,36.186,71.349,117.6,5.0,mb,,,,1.3,us,usp000454m,2014-11-07T00:45:40.470Z,"57 km SSW of Ashk?sham, Afghanistan",earthquake,,11.3,,9.0,reviewed,us,us
1990-02-06T14:54:35.600Z,-20.728,172.767,33.0,4.8,mb,,,,1.2,us,usp000454t,2014-11-07T00:45:40.501Z,Vanuatu region,earthquake,,,,3.0,reviewed,us,us
1990-02-06T22:43:24.040Z,-10.489,110.178,33.0,4.6,mb,,,,1.0,us,usp0004552,2014-11-07T00:45:40.536Z,"281 km S of Bambanglipuro, Indonesia",earthquake,,,,4.0,reviewed,us,us
1990-02-06T22:52:23.810Z,6.59,-73.263,200.2,4.9,mb,,,,1.2,us,usp0004553,2014-11-07T00:45:40.541Z,"1 km W of Cabrera, Colombia",earthquake,,6.8,,16.0,reviewed,us,us
1990-02-06T23:50:24.350Z,17.278,-61.004,27.3,4.5,mb,,,,0.7,us,usp0004554,2014-11-07T00:45:40.551Z,"83 km ENE of Parham, Antigua and Barbuda",earthquake,,4.0,,3.0,reviewed,us,us
1990-02-07T01:52:29.520Z,-7.03,129.328,171.8,4.6,mb,,,,1.2,us,usp0004556,2014-11-07T00:45:40.568Z,"Kepulauan Babar, Indonesia",earthquake,,12.3,,7.0,reviewed,us,us
1990-02-07T02:12:41.740Z,-22.043,170.281,42.7,4.6,mb,,,,1.4,us,usp0004558,2014-11-07T00:45:40.579Z,"254 km ESE of Tadine, New Caledonia",earthquake,,14.1,,6.0,reviewed,us,us
1990-02-07T03:34:04.180Z,39.35,73.154,10.0,4.7,mb,,,,1.2,us,usp000455b,2014-11-07T00:45:40.605Z,"79 km ESE of Kyzyl-Eshme, Kyrgyzstan",earthquake,,,,11.0,reviewed,us,us
1990-02-07T06:02:55.680Z,9.783,124.715,61.4,4.9,mb,,,,1.1,us,usp000455e,2014-11-07T00:45:40.618Z,"16 km ENE of Bacong, Philippines",earthquake,,12.4,,10.0,reviewed,us,us
1990-02-07T06:24:00.640Z,-17.702,-179.052,557.7,5.0,mb,,,,0.9,us,usp000455f,2014-11-07T00:45:40.626Z,"177 km ENE of Levuka, Fiji",earthquake,,6.9,,13.0,reviewed,us,us
1990-02-07T09:29:41.750Z,8.202,126.683,86.0,4.6,mb,,,,1.2,us,usp000455m,2014-11-07T00:45:40.650Z,"27 km E of Barcelona, Philippines",earthquake,,13.1,,10.0,reviewed,us,us
1990-02-07T10:20:58.460Z,-23.711,-174.929,45.2,4.8,mb,,,,0.9,us,usp000455n,2014-11-07T00:45:40.658Z,"263 km S of ‘Ohonua, Tonga",earthquake,,,,11.0,reviewed,us,us
1990-02-07T10:32:39.750Z,18.912,120.559,12.2,4.8,mb,,,,0.9,us,usp000455p,2014-11-07T00:45:40.666Z,"45 km NNW of Pagudpud, Philippines",earthquake,,5.7,,12.0,reviewed,us,us
1990-02-07T22:00:52.290Z,34.365,76.647,83.5,4.6,mb,,,,1.1,us,usp0004564,2014-11-07T00:45:40.726Z,"52 km ESE of Kargil, India",earthquake,,17.3,,7.0,reviewed,us,us
1990-02-07T23:00:04.600Z,-6.776,129.274,33.0,4.8,mb,,,,1.0,us,usp0004566,2014-11-07T00:45:40.733Z,Banda Sea,earthquake,,,,6.0,reviewed,us,us
1990-02-08T02:45:25.460Z,13.551,-90.035,97.9,4.8,mb,,,,1.1,us,usp000456a,2014-11-07T00:45:40.750Z,"22 km WSW of Acajutla, El Salvador",earthquake,,7.9,,29.0,reviewed,us,us
1990-02-08T04:33:43.250Z,47.467,152.621,96.1,4.6,mb,,,,0.8,us,usp000456d,2014-11-07T00:45:40.776Z,Kuril Islands,earthquake,,16.1,,4.0,reviewed,us,us
1990-02-08T07:15:32.230Z,9.755,124.694,25.9,6.8,mw,,,,1.4,us,usp000456h,2022-04-28T19:57:38.365Z,"13 km E of Bacong, Philippines",earthquake,,,,,reviewed,us,hrv
1990-02-08T07:21:58.500Z,9.788,124.619,33.0,5.2,mb,,,,1.2,us,usp000456j,2014-11-07T00:45:40.870Z,"7 km NE of Bacong, Philippines",earthquake,,,,6.0,reviewed,us,us
1990-02-08T07:39:51.130Z,9.674,124.858,33.0,5.2,mb,,,,1.4,us,usp000456k,2014-11-07T00:45:40.874Z,"32 km ESE of Bacong, Philippines",earthquake,,,,17.0,reviewed,us,us
1990-02-08T07:46:59.780Z,9.725,124.625,30.3,6.6,mw,,,,1.2,us,usp000456m,2022-04-28T19:57:43.943Z,"6 km ESE of Bacong, Philippines",earthquake,,,,,reviewed,us,hrv
1990-02-08T07:47:28.960Z,39.153,23.736,7.6,4.7,mb,,,,1.0,us,usp000456n,2014-11-07T00:45:40.925Z,"3 km NNE of Skópelos, Greece",earthquake,,2.4,,1.0,reviewed,us,us
1990-02-08T08:23:30.320Z,-27.971,137.274,10.0,4.5,mb,,,,1.4,us,usp000456r,2014-11-07T00:45:40.941Z,"272 km ENE of Coober Pedy, Australia",earthquake,,,,7.0,reviewed,us,us
1990-02-08T08:26:42.220Z,9.707,124.489,33.0,5.3,mb,,,,1.1,us,usp000456s,2014-11-07T00:45:40.946Z,"5 km SSE of Canhaway, Philippines",earthquake,,,,19.0,reviewed,us,us
1990-02-08T09:09:38.010Z,33.048,47.196,89.0,4.7,mb,,,,1.0,us,usp000456u,2014-11-07T00:45:40.956Z,"20 km WSW of Darreh Shahr, Iran",earthquake,,11.3,,3.0,reviewed,us,us
1990-02-08T09:48:23.590Z,9.589,124.546,33.0,4.9,mb,,,,1.5,us,usp000456x,2014-11-07T00:45:40.963Z,"16 km S of Candabong, Philippines",earthquake,,,,7.0,reviewed,us,us
1990-02-08T10:10:34.620Z,9.345,124.483,33.0,4.8,mb,,,,1.0,us,usp000456y,2014-11-07T00:45:40.970Z,"22 km WNW of Yumbing, Philippines",earthquake,,,,3.0,reviewed,us,us
1990-02-08T14:13:59.390Z,25.176,123.63,51.6,4.7,mb,,,,1.0,us,usp0004576,2014-11-07T00:45:40.993Z,"101 km NE of Yonakuni, Japan",earthquake,,12.5,,7.0,reviewed,us,us
1990-02-08T14:49:44.780Z,9.753,124.816,53.0,4.7,mb,,,,1.0,us,usp0004578,2014-11-07T00:45:41.002Z,"27 km E of Bacong, Philippines",earthquake,,13.1,,3.0,reviewed,us,us
1990-02-08T15:47:31.440Z,36.259,-12.1,10.0,5.0,mb,,,,1.2,us,usp000457a,2014-11-07T00:45:41.008Z,"294 km WSW of Sagres, Portugal",earthquake,,,,18.0,reviewed,us,us
1990-02-08T18:27:23.230Z,0.855,120.272,61.1,4.7,mb,,,,1.2,us,usp000457f,2014-11-07T00:45:41.046Z,"200 km NNE of Palu, Indonesia",earthquake,,14.8,,3.0,reviewed,us,us
1990-02-08T18:31:01.820Z,8.191,126.047,33.0,4.9,mb,,,,1.1,us,usp000457g,2014-11-07T00:45:41.049Z,"6 km ENE of Bunawan, Philippines",earthquake,,,,1.0,reviewed,us,us
1990-02-08T20:17:52.270Z,36.642,27.045,158.3,4.5,mb,,,,1.1,us,usp000457h,2014-11-07T00:45:41.052Z,"8 km WNW of Mandráki, Greece",earthquake,,3.5,,33.0,reviewed,us,us
1990-02-09T01:22:18.650Z,9.742,124.843,56.1,5.1,mb,,,,1.0,us,usp000457p,2014-11-07T00:45:41.101Z,"30 km E of Bacong, Philippines",earthquake,,8.7,,24.0,reviewed,us,us
1990-02-09T02:01:12.120Z,9.651,124.489,63.0,4.6,mb,,,,0.8,us,usp000457q,2014-11-07T00:45:41.115Z,"10 km SSW of Candabong, Philippines",earthquake,,11.8,,6.0,reviewed,us,us
1990-02-09T03:53:19.490Z,18.863,145.777,33.0,4.8,mb,,,,0.9,us,usp000457t,2014-11-07T00:45:41.124Z,"Pagan region, Northern Mariana Islands",earthquake,,,,5.0,reviewed,us,us
1990-02-09T04:04:34.520Z,26.066,98.9,10.0,4.7,mb,,,,1.1,us,usp000457v,2014-11-07T00:45:41.128Z,"141 km WNW of Dali, China",earthquake,,,,16.0,reviewed,us,us
1990-02-09T04:41:34.420Z,27.127,-44.462,10.0,4.7,mb,,,,0.9,us,usp000457x,2014-11-07T00:45:41.135Z,northern Mid-Atlantic Ridge,earthquake,,,,10.0,reviewed,us,us
1990-02-09T09:31:47.630Z,36.775,2.477,12.4,5.2,mw,,,,1.1,us,usp0004581,2022-04-28T19:57:50.153Z,"20 km N of Tipasa, Algeria",earthquake,,,,,reviewed,us,hrv
1990-02-09T12:57:29.500Z,-31.551,-69.144,120.3,4.7,mb,,,,1.1,us,usp0004584,2014-11-07T00:45:41.213Z,"35 km SE of Calingasta, Argentina",earthquake,,,,8.0,reviewed,us,us
1990-02-09T15:51:23.020Z,29.925,80.73,33.0,4.6,mb,,,,1.0,us,usp000458a,2014-11-07T00:45:41.243Z,"20 km ENE of D?rchul?, Nepal",earthquake,,,,15.0,reviewed,us,us
1990-02-09T16:12:05.470Z,30.346,50.551,58.6,4.5,mb,,,,0.9,us,usp000458b,2014-11-07T00:45:41.249Z,"23 km W of Dogonbadan, Iran",earthquake,,12.5,,1.0,reviewed,us,us
1990-02-09T16:24:55.140Z,39.99,143.848,23.0,4.6,mb,,,,1.3,us,usp000458c,2014-11-07T00:45:41.252Z,"167 km ENE of Miyako, Japan",earthquake,,8.0,,6.0,reviewed,us,us
1990-02-09T17:01:22.210Z,9.873,124.799,34.0,4.8,mb,,,,1.2,us,usp000458e,2014-11-07T00:45:41.260Z,"27 km SSW of Ichon, Philippines",earthquake,,7.0,,3.0,reviewed,us,us
1990-02-09T17:09:18.310Z,-14.984,-75.667,9.1,5.4,mb,,,,1.0,us,usp000458g,2022-04-28T19:57:51.426Z,"59 km SW of Changuillo, Peru",earthquake,,3.9,,34.0,reviewed,us,us
1990-02-09T17:57:26.460Z,31.677,121.032,10.0,5.0,mb,,,,1.2,us,usp000458k,2022-04-28T19:57:57.361Z,"27 km E of Changshu City, China",earthquake,,,,25.0,reviewed,us,us
1990-02-09T18:08:35.630Z,9.734,124.82,68.6,4.8,mb,,,,1.1,us,usp000458m,2014-11-07T00:45:41.301Z,"27 km E of Bacong, Philippines",earthquake,,10.4,,14.0,reviewed,us,us
1990-02-09T21:33:40.390Z,-9.886,119.05,41.7,4.6,mb,,,,0.9,us,usp000458s,2014-11-07T00:45:41.489Z,"135 km W of Waingapu, Indonesia",earthquake,,10.2,,6.0,reviewed,us,us
1990-02-09T22:29:06.380Z,3.499,-82.992,33.0,4.9,mb,,,,1.2,us,usp000458t,2014-11-07T00:45:41.592Z,south of Panama,earthquake,,,,7.0,reviewed,us,us
1990-02-09T22:30:23.520Z,26.972,140.315,436.4,5.2,mw,,,,0.8,us,usp000458u,2025-12-19T21:02:43.581Z,"Bonin Islands, Japan region",earthquake,,9.3,,,reviewed,us,hrv
1990-02-10T01:24:50.850Z,10.08,125.245,52.2,4.5,mb,,,,1.5,us,usp000458z,2014-11-07T00:45:41.962Z,"9 km ENE of San Francisco, Philippines",earthquake,,,,4.0,reviewed,us,us
1990-02-10T01:32:15.020Z,9.817,125.004,33.0,4.8,mb,,,,1.2,us,usp0004591,2014-11-07T00:45:41.970Z,"29 km SSE of Macrohon, Philippines",earthquake,,,,11.0,reviewed,us,us
1990-02-10T02:09:28.680Z,10.148,124.816,33.0,4.6,mb,,,,0.6,us,usp0004592,2014-11-07T00:45:41.974Z,"3 km WNW of Maasin, Philippines",earthquake,,,,1.0,reviewed,us,us
1990-02-10T02:46:13.210Z,-18.784,-71.271,51.2,5.0,mb,,,,1.2,us,usp0004593,2014-11-07T00:45:41.977Z,"108 km WSW of Arica, Chile",earthquake,,7.9,,7.0,reviewed,us,us
1990-02-10T02:54:00.970Z,-15.015,-75.747,33.0,4.7,mb,,,,0.8,us,usp0004594,2014-11-07T00:45:41.981Z,"68 km SW of Changuillo, Peru",earthquake,,,,3.0,reviewed,us,us
1990-02-10T03:27:41.280Z,-42.343,172.798,9.8,6.0,mw,,,,1.3,us,usp0004595,2022-04-28T19:58:02.766Z,"90 km N of Amberley, New Zealand",earthquake,,2.8,,,reviewed,us,nc
1990-02-10T03:34:31.940Z,-18.756,-71.456,34.4,5.9,ms,,,,0.9,us,usp0004596,2014-11-07T00:45:41.999Z,"123 km S of Pacocha, Peru",earthquake,,7.9,,3.0,reviewed,us,us
1990-02-10T03:54:47.720Z,-42.347,172.595,10.0,5.7,mw,,,,1.5,us,usp0004597,2022-04-28T19:58:08.563Z,"90 km N of Amberley, New Zealand",earthquake,,,,,reviewed,us,hrv
1990-02-10T03:57:29.220Z,-42.163,172.483,10.0,5.1,mb,,,,1.4,us,usp0004598,2014-11-07T00:45:42.012Z,"85 km ESE of Westport, New Zealand",earthquake,,,,2.0,reviewed,us,us
1990-02-10T04:03:47.940Z,-19.243,-71.47,33.0,4.9,mb,,,,1.3,us,usp0004599,2014-11-07T00:45:42.015Z,"149 km SW of Arica, Chile",earthquake,,,,1.0,reviewed,us,us
1990-02-10T04:50:00.690Z,50.086,155.916,114.4,4.8,mb,,,,1.0,us,usp000459a,2014-11-07T00:45:42.017Z,"67 km SSW of Severo-Kuril’sk, Russia",earthquake,,,,43.0,reviewed,us,us
1990-02-10T06:45:10.290Z,3.449,-82.848,10.0,5.0,mb,,,,1.0,us,usp000459b,2014-11-07T00:45:42.023Z,south of Panama,earthquake,,,,26.0,reviewed,us,us
1990-02-10T06:56:13.310Z,3.452,-82.865,10.0,5.2,mb,,,,0.9,us,usp000459c,2014-11-07T00:45:42.030Z,south of Panama,earthquake,,,,31.0,reviewed,us,us
1990-02-10T08:03:28.960Z,3.571,-82.749,10.0,4.8,mb,,,,0.8,us,usp000459e,2014-11-07T00:45:42.039Z,south of Panama,earthquake,,,,12.0,reviewed,us,us
1990-02-10T09:43:28.810Z,51.205,-178.964,33.0,4.9,mb,,,,0.8,us,usp000459h,2014-11-07T00:45:42.046Z,"177 km WSW of Adak, Alaska",earthquake,,,,31.0,reviewed,us,us
1990-02-10T10:35:57.830Z,15.327,-104.36,33.0,5.0,mb,,,,1.1,us,usp000459k,2014-11-07T00:45:42.052Z,"off the coast of Michoacan, Mexico",earthquake,,,,5.0,reviewed,us,us
1990-02-10T12:40:59.240Z,17.813,-94.944,132.5,4.6,mb,,,,0.7,us,usp000459n,2014-11-07T00:45:42.058Z,"2 km WNW of Almagres, Mexico",earthquake,,,,24.0,reviewed,us,us
1990-02-10T13:12:14.230Z,-5.263,151.271,10.0,5.2,mw,,,,1.2,us,usp000459q,2022-04-28T19:58:14.494Z,"129 km ENE of Kimbe, Papua New Guinea",earthquake,,,,,reviewed,us,hrv
1990-02-10T13:58:07.950Z,-10.506,120.304,33.0,4.6,mb,,,,1.1,us,usp000459s,2014-11-07T00:45:42.072Z,"94 km S of Waingapu, Indonesia",earthquake,,,,5.0,reviewed,us,us
1990-02-10T16:58:49.600Z,9.839,125.005,61.1,5.0,mb,,,,1.0,us,usp00045a1,2014-11-07T00:45:42.089Z,"27 km SSE of Macrohon, Philippines",earthquake,,10.3,,11.0,reviewed,us,us
1990-02-10T17:08:35.560Z,-6.293,154.754,78.5,5.0,mb,,,,1.3,us,usp00045a2,2014-11-07T00:45:42.093Z,"80 km W of Panguna, Papua New Guinea",earthquake,,17.4,,5.0,reviewed,us,us
1990-02-10T17:12:10.490Z,-3.17,-80.829,56.9,5.6,mw,,,,1.0,us,usp00045a3,2022-04-28T19:58:20.964Z,"58 km NNW of Zorritos, Peru",earthquake,,,,,reviewed,us,hrv
1990-02-10T18:40:29.270Z,-3.224,-81.755,33.0,5.1,mb,,,,0.4,us,usp00045a5,2014-11-07T00:45:42.118Z,"125 km NW of Máncora, Peru",earthquake,,,,1.0,reviewed,us,us
1990-02-10T20:01:58.880Z,9.905,125.022,33.0,4.7,mb,,,,0.9,us,usp00045a9,2014-11-07T00:45:42.124Z,"21 km SSE of Macrohon, Philippines",earthquake,,,,3.0,reviewed,us,us
1990-02-10T20:45:39.150Z,51.623,178.043,60.9,5.4,mw,,,,1.0,us,usp00045aa,2022-04-28T19:58:26.438Z,"Rat Islands, Aleutian Islands, Alaska",earthquake,,,,,reviewed,us,hrv
1990-02-10T20:55:16.380Z,9.72,124.506,33.0,5.1,mb,,,,1.1,us,usp00045ab,2014-11-07T00:45:42.152Z,"3 km WSW of Candabong, Philippines",earthquake,,,,4.0,reviewed,us,us
1990-02-10T22:23:31.770Z,-3.421,-103.037,10.0,4.5,mb,,,,1.2,us,usp00045ac,2014-11-07T00:45:42.186Z,central East Pacific Rise,earthquake,,,,6.0,reviewed,us,us
1990-02-10T23:04:08.370Z,-3.846,104.331,296.6,4.6,mb,,,,1.2,us,usp00045af,2014-11-07T00:45:42.193Z,"36 km NNE of Baturaja, Indonesia",earthquake,,9.2,,9.0,reviewed,us,us
1990-02-11T01:12:19.250Z,0.903,125.958,56.7,5.1,mb,,,,1.3,us,usp00045ak,2014-11-07T00:45:42.202Z,"124 km ESE of Tondano, Indonesia",earthquake,,15.3,,9.0,reviewed,us,us
1990-02-11T03:06:21.290Z,-7.542,130.037,173.5,4.7,mb,,,,1.3,us,usp00045aq,2014-11-07T00:45:42.214Z,"Pulau Pulau Tanimbar, Indonesia",earthquake,,18.9,,3.0,reviewed,us,us
1990-02-11T09:56:40.940Z,9.849,125.015,30.7,4.8,mb,,,,1.1,us,usp00045b4,2014-11-07T00:45:42.323Z,"26 km SSE of Macrohon, Philippines",earthquake,,,,14.0,reviewed,us,us
1990-02-11T11:23:53.840Z,-3.876,-81.745,32.6,5.0,mb,,,,1.0,us,usp00045b5,2014-11-07T00:45:42.346Z,"72 km NW of El Alto, Peru",earthquake,,,,8.0,reviewed,us,us
1990-02-11T12:10:28.240Z,-5.326,151.391,33.0,5.4,mb,,,,1.3,us,usp00045b7,2022-04-28T19:58:31.759Z,"141 km E of Kimbe, Papua New Guinea",earthquake,,,,13.0,reviewed,us,us
1990-02-11T12:38:41.680Z,-7.74,129.184,180.8,4.6,mb,,,,1.7,us,usp00045b9,2014-11-07T00:45:42.396Z,"255 km ENE of Lospalos, Timor Leste",earthquake,,35.7,,1.0,reviewed,us,us
1990-02-11T13:54:08.610Z,-6.376,146.797,62.7,5.1,mb,,,,1.1,us,usp00045bb,2014-11-07T00:45:42.492Z,"44 km NNW of Lae, Papua New Guinea",earthquake,,,,13.0,reviewed,us,us
1990-02-11T15:48:18.380Z,-42.815,-75.838,31.4,5.3,mb,,,,1.3,us,usp00045bf,2014-11-07T00:45:42.571Z,"170 km W of Chonchi, Chile",earthquake,,,,14.0,reviewed,us,us
1990-02-11T17:46:06.170Z,36.331,140.916,46.4,5.7,mw,,,,0.9,us,usp00045bg,2022-04-28T19:58:33.353Z,"29 km E of ?arai, Japan",earthquake,,,,,reviewed,us,hrv
1990-02-11T18:45:23.170Z,-8.442,118.394,33.0,4.5,mb,,,,1.0,us,usp00045bj,2014-11-07T00:45:42.702Z,"12 km NW of Dompu, Indonesia",earthquake,,,,4.0,reviewed,us,us
1990-02-11T18:50:23.730Z,40.355,140.734,131.5,4.5,mb,,,,0.9,us,usp00045bk,2014-11-07T00:45:42.761Z,"17 km ENE of ?date, Japan",earthquake,,6.3,,11.0,reviewed,us,us
1990-02-11T19:23:13.050Z,9.709,124.888,50.4,4.7,mb,,,,0.9,us,usp00045bm,2014-11-07T00:45:42.766Z,"35 km E of Bacong, Philippines",earthquake,,,,4.0,reviewed,us,us
1990-02-11T21:58:39.450Z,-31.184,-177.634,29.1,5.4,mw,,,,1.5,us,usp00045br,2025-12-19T20:56:30.648Z,Kermadec Islands region,earthquake,,,,,reviewed,us,hrv
1990-02-11T21:58:42.000Z,-30.11,-177.91,33.0,5.4,mwc,,,,,gcmt,gcmtb021190b,2016-11-09T21:51:25.602Z,"Kermadec Islands, New Zealand",earthquake,,,,,automatic,gcmt,gcmt
1990-02-11T23:03:26.970Z,9.65,124.491,33.0,4.8,mb,,,,0.9,us,usp00045bu,2014-11-07T00:45:43.110Z,"10 km SSW of Candabong, Philippines",earthquake,,,,3.0,reviewed,us,us
1990-02-12T01:13:11.710Z,-18.042,-178.507,562.9,5.0,mb,,,,0.9,us,usp00045by,2014-11-07T00:45:43.123Z,"230 km E of Levuka, Fiji",earthquake,,6.5,,22.0,reviewed,us,us
1990-02-12T03:30:52.820Z,-5.186,151.777,48.7,5.4,mw,,,,1.1,us,usp00045c5,2022-04-28T19:58:38.953Z,"107 km SSW of Kokopo, Papua New Guinea",earthquake,,,,,reviewed,us,hrv
1990-02-12T05:51:34.260Z,-49.143,122.328,10.0,5.0,mb,,,,0.9,us,usp00045c6,2014-11-07T00:45:43.153Z,western Indian-Antarctic Ridge,earthquake,,,,8.0,reviewed,us,us
1990-02-12T08:48:55.920Z,10.33,125.602,97.5,4.5,mb,,,,1.2,us,usp00045c8,2014-11-07T00:45:43.160Z,"4 km E of Tubajon, Philippines",earthquake,,17.7,,1.0,reviewed,us,us
1990-02-12T12:16:11.910Z,-4.762,151.269,33.0,4.5,mb,,,,0.6,us,usp00045cf,2014-11-07T00:45:43.170Z,"117 km WSW of Rabaul, Papua New Guinea",earthquake,,,,2.0,reviewed,us,us
1990-02-12T12:22:18.790Z,-4.036,150.548,112.2,4.7,mb,,,,1.7,us,usp00045cg,2014-11-07T00:45:43.171Z,"164 km S of Kavieng, Papua New Guinea",earthquake,,18.9,,3.0,reviewed,us,us
1990-02-12T12:25:33.570Z,-5.256,151.33,14.8,5.7,mw,,,,1.2,us,usp00045ch,2022-04-28T17:26:12.303Z,"136 km ENE of Kimbe, Papua New Guinea",earthquake,,,,,reviewed,us,hrv
1990-02-12T12:38:29.900Z,-4.584,134.925,33.0,4.7,mb,,,,0.6,us,usp00045cj,2014-11-07T00:45:43.189Z,"149 km SSW of Nabire, Indonesia",earthquake,,,,2.0,reviewed,us,us
1990-02-12T12:43:49.360Z,-3.674,134.821,33.0,4.5,mb,,,,1.6,us,usp00045ck,2014-11-07T00:45:43.191Z,"83 km WSW of Nabire, Indonesia",earthquake,,,,4.0,reviewed,us,us
1990-02-12T13:04:38.090Z,-14.252,167.283,10.0,4.8,ms,,,,1.4,us,usp00045cn,2014-11-07T00:45:43.194Z,"50 km SW of Sola, Vanuatu",earthquake,,,,1.0,reviewed,us,us
1990-02-12T13:28:08.570Z,9.617,124.591,64.2,4.7,mb,,,,1.2,us,usp00045cp,2014-11-07T00:45:43.197Z,"13 km S of Bacong, Philippines",earthquake,,15.5,,4.0,reviewed,us,us
1990-02-12T13:44:29.220Z,44.13,-128.926,10.0,5.5,mw,,,,0.9,us,usp00045cq,2025-12-19T21:02:44.876Z,off the coast of Oregon,earthquake,,,,,reviewed,us,hrv
1990-02-12T15:42:06.560Z,36.131,27.153,10.0,4.5,mb,,,,1.5,us,usp00045cu,2014-11-07T00:45:43.217Z,"53 km S of Mandráki, Greece",earthquake,,,,5.0,reviewed,us,us
1990-02-12T20:23:30.190Z,51.193,-179.242,33.0,4.8,mb,,,,1.2,us,usp00045d0,2014-11-07T00:45:43.227Z,"196 km WSW of Adak, Alaska",earthquake,,,,16.0,reviewed,us,us
1990-02-12T23:31:00.240Z,9.899,124.613,33.0,4.8,mb,,,,1.1,us,usp00045d5,2014-11-07T00:45:43.236Z,"10 km ENE of Mabini, Philippines",earthquake,,,,3.0,reviewed,us,us
1990-02-12T23:56:38.060Z,-31.193,-48.919,29.9,5.5,mb,,,,1.4,us,usp00045d7,2022-04-28T19:58:40.931Z,"166 km SE of Cidreira, Brazil",earthquake,,,,39.0,reviewed,us,us
1990-02-13T00:07:36.750Z,31.334,140.377,33.0,4.9,mb,,,,0.9,us,usp00045d8,2014-11-07T00:45:43.249Z,"Izu Islands, Japan region",earthquake,,,,8.0,reviewed,us,us
1990-02-13T02:51:40.350Z,13.744,-90.601,33.0,4.8,mb,,,,1.0,us,usp00045dc,2014-11-07T00:45:43.255Z,"23 km SSE of Iztapa, Guatemala",earthquake,,,,13.0,reviewed,us,us
1990-02-13T08:04:53.670Z,36.274,141.148,40.7,4.9,mb,,,,1.2,us,usp00045df,2014-11-07T00:45:43.263Z,"50 km E of ?arai, Japan",earthquake,,,,23.0,reviewed,us,us
1990-02-13T11:27:00.660Z,52.12,177.89,123.4,4.8,mb,,,,1.0,us,usp00045dk,2014-11-07T00:45:43.281Z,"Rat Islands, Aleutian Islands, Alaska",earthquake,,,,23.0,reviewed,us,us
1990-02-13T12:21:36.250Z,2.353,96.819,40.9,4.7,mb,,,,1.1,us,usp00045dn,2014-11-07T00:45:43.289Z,"50 km ESE of Sinabang, Indonesia",earthquake,,,,14.0,reviewed,us,us
1990-02-13T13:30:58.220Z,-23.077,-66.211,238.5,4.5,mb,,,,1.2,us,usp00045dp,2014-11-07T00:45:43.293Z,"56 km WNW of El Aguilar, Argentina",earthquake,,5.6,,10.0,reviewed,us,us
1990-02-13T14:31:03.260Z,-54.752,-130.611,10.0,4.9,mb,,,,1.1,us,usp00045dq,2014-11-07T00:45:43.299Z,Pacific-Antarctic Ridge,earthquake,,,,5.0,reviewed,us,us
1990-02-13T15:47:28.040Z,16.971,122.08,33.0,4.6,mb,,,,0.6,us,usp00045ds,2014-11-07T00:45:43.302Z,"5 km ESE of Daragutan, Philippines",earthquake,,,,5.0,reviewed,us,us
1990-02-13T21:13:07.460Z,26.011,98.98,33.0,4.8,mb,,,,1.2,us,usp00045e1,2022-04-28T19:58:41.870Z,"132 km WNW of Dali, China",earthquake,,,,9.0,reviewed,us,us
1990-02-14T01:37:48.050Z,9.803,124.948,64.1,4.7,mb,,,,1.1,us,usp00045e7,2014-11-07T00:45:43.330Z,"30 km S of Macrohon, Philippines",earthquake,,11.2,,10.0,reviewed,us,us
1990-02-14T02:46:09.170Z,33.652,-38.57,10.0,4.8,mb,,,,1.0,us,usp00045e9,2014-11-07T00:45:43.337Z,northern Mid-Atlantic Ridge,earthquake,,,,15.0,reviewed,us,us
1990-02-14T05:49:32.400Z,23.128,99.605,33.0,4.7,mb,,,,1.4,us,usp00045ed,2022-04-28T19:58:43.441Z,"171 km NW of Jinghong, China",earthquake,,,,16.0,reviewed,us,us
1990-02-14T10:15:40.390Z,-49.26,163.817,33.0,5.0,mb,,,,1.5,us,usp00045en,2014-11-07T00:45:43.367Z,"Auckland Islands, New Zealand region",earthquake,,,,2.0,reviewed,us,us
1990-02-14T11:25:16.290Z,-24.411,-179.808,566.5,5.0,mb,,,,0.8,us,usp00045er,2014-11-07T00:45:43.372Z,south of the Fiji Islands,earthquake,,27.1,,3.0,reviewed,us,us
1990-02-14T12:27:14.490Z,-26.286,27.507,5.0,4.5,mb,,,,0.9,us,usp00045eu,2020-08-28T23:24:38.949Z,"13 km NE of Carletonville, South Africa",earthquake,,,,1.0,reviewed,us,us
1990-02-14T18:03:57.310Z,6.273,126.352,88.1,5.2,mb,,,,1.1,us,usp00045f3,2014-11-07T00:45:43.404Z,"21 km ESE of Pondaguitan, Philippines",earthquake,,9.3,,21.0,reviewed,us,us
1990-02-15T00:26:50.100Z,-0.212,125.171,63.2,5.0,mb,,,,1.3,us,usp00045f8,2014-11-07T00:45:43.419Z,"170 km S of Tondano, Indonesia",earthquake,,12.2,,16.0,reviewed,us,us
1990-02-15T02:24:33.760Z,20.819,143.807,33.0,4.8,mb,,,,1.0,us,usp00045fd,2014-11-07T00:45:43.446Z,Mariana Islands region,earthquake,,,,9.0,reviewed,us,us
1990-02-15T04:39:01.590Z,41.294,142.248,33.0,4.6,mb,,,,1.3,us,usp00045ff,2014-11-07T00:45:43.451Z,"86 km E of Mutsu, Japan",earthquake,,,,11.0,reviewed,us,us
1990-02-15T08:31:06.900Z,46.814,146.187,341.5,4.5,mb,,,,0.8,us,usp00045fp,2014-11-07T00:45:43.697Z,"219 km NW of Kuril’sk, Russia",earthquake,,13.2,,16.0,reviewed,us,us
1990-02-15T18:29:06.700Z,-5.269,151.354,33.0,4.7,mb,,,,1.3,us,usp00045fw,2014-11-07T00:45:43.713Z,"138 km ENE of Kimbe, Papua New Guinea",earthquake,,,,4.0,reviewed,us,us
1990-02-15T19:23:03.770Z,61.3777,-145.9353,31.5,4.5,ml,,,,0.29,ak,ak99024e64yx,2020-09-14T18:25:43.674Z,"35 km NE of Valdez, Alaska",earthquake,,0.8,,,reviewed,ak,ak
1990-02-15T19:45:49.240Z,14.388,119.107,33.0,4.6,mb,,,,1.3,us,usp00045fz,2014-11-07T00:45:43.725Z,"115 km WNW of Cabra, Philippines",earthquake,,,,5.0,reviewed,us,us
1990-02-15T19:53:06.130Z,-0.106,123.086,99.2,4.5,mb,,,,0.9,us,usp00045g0,2014-11-07T00:45:43.726Z,"71 km S of Gorontalo, Indonesia",earthquake,,11.5,,6.0,reviewed,us,us
1990-02-15T19:59:37.040Z,14.399,119.389,33.5,4.8,mb,,,,1.1,us,usp00045g1,2014-11-07T00:45:43.729Z,"90 km NW of Cabra, Philippines",earthquake,,,,10.0,reviewed,us,us
1990-02-15T21:31:39.870Z,53.273,-167.241,33.0,4.5,mb,,,,1.0,us,usp00045g4,2014-11-07T00:45:43.734Z,"81 km SW of Unalaska, Alaska",earthquake,,,,5.0,reviewed,us,us
1990-02-15T21:55:27.460Z,53.359,-167.218,33.0,4.5,mb,,,,0.6,us,usp00045g6,2014-11-07T00:45:43.739Z,"73 km SW of Unalaska, Alaska",earthquake,,,,8.0,reviewed,us,us
1990-02-15T22:08:01.550Z,-5.225,151.355,15.5,5.6,mw,,,,1.1,us,usp00045g7,2022-04-28T19:58:49.062Z,"139 km ENE of Kimbe, Papua New Guinea",earthquake,,,,,reviewed,us,hrv
1990-02-16T00:15:18.550Z,14.392,119.229,29.9,5.1,mb,,,,1.1,us,usp00045g8,2014-11-07T00:45:43.758Z,"104 km WNW of Cabra, Philippines",earthquake,,,,10.0,reviewed,us,us
1990-02-16T00:30:37.870Z,14.414,119.39,32.7,4.8,mb,,,,1.1,us,usp00045g9,2014-11-07T00:45:43.763Z,"91 km NW of Cabra, Philippines",earthquake,,,,9.0,reviewed,us,us
1990-02-16T05:55:03.210Z,35.918,54.405,23.3,4.8,mb,,,,1.0,us,usp00045gd,2014-11-07T00:45:43.774Z,"28 km SSE of D?mgh?n, Iran",earthquake,,,,24.0,reviewed,us,us
1990-02-16T06:22:09.810Z,-22.295,-174.329,33.0,5.3,mw,,,,1.2,us,usp00045ge,2025-12-19T21:02:46.049Z,"124 km SSE of ‘Ohonua, Tonga",earthquake,,,,,reviewed,us,hrv
1990-02-16T07:49:30.850Z,8.77,-83.095,33.0,5.2,mb,,,,1.1,us,usp00045gk,2014-11-07T00:45:43.960Z,"14 km WSW of San Vito, Costa Rica",earthquake,,,,37.0,reviewed,us,us
1990-02-16T11:58:17.590Z,9.884,124.996,20.6,4.8,mb,,,,1.2,us,usp00045gu,2014-11-07T00:45:44.462Z,"22 km SSE of Macrohon, Philippines",earthquake,,,,8.0,reviewed,us,us
1990-02-16T12:42:10.050Z,14.612,120.192,33.0,4.5,mb,,,,0.7,us,usp00045gv,2014-11-07T00:45:44.516Z,"10 km SW of Morong, Philippines",earthquake,,,,5.0,reviewed,us,us
1990-02-16T13:28:42.830Z,49.121,-127.714,10.0,5.4,mw,,,,1.0,us,usp00045gx,2025-12-19T21:02:47.284Z,"131 km W of Tofino, Canada",earthquake,,,,,reviewed,us,hrv
1990-02-16T15:12:46.480Z,-3.121,-80.683,76.4,5.3,mw,,,,1.2,us,usp00045gz,2025-12-19T21:02:48.481Z,"55 km NNW of Tumbes, Peru",earthquake,,,,,reviewed,us,hrv
1990-02-16T18:06:41.840Z,-3.424,129.046,33.0,4.7,mb,,,,0.9,us,usp00045h3,2014-11-07T00:45:44.830Z,"16 km ESE of Amahai, Indonesia",earthquake,,,,6.0,reviewed,us,us
1990-02-16T21:02:53.730Z,-3.564,140.272,46.8,5.3,mw,,,,0.8,us,usp00045h9,2025-12-19T21:02:49.623Z,"114 km SSW of Abepura, Indonesia",earthquake,,,,,reviewed,us,hrv
1990-02-16T21:29:53.350Z,15.816,147.277,33.0,5.2,mw,,,,1.0,us,usp00045ha,2025-12-19T21:02:50.737Z,"176 km ENE of Saipan, Northern Mariana Islands",earthquake,,,,,reviewed,us,hrv
1990-02-16T22:50:51.940Z,9.69,124.421,33.0,4.9,mb,,,,0.9,us,usp00045hg,2014-11-07T00:45:45.195Z,"6 km NE of Jagna, Philippines",earthquake,,,,3.0,reviewed,us,us
1990-02-16T22:51:32.660Z,-19.623,-179.514,617.3,4.6,mb,,,,1.1,us,usp00045hh,2014-11-07T00:45:45.198Z,"211 km SE of Levuka, Fiji",earthquake,,13.4,,4.0,reviewed,us,us
1990-02-17T00:59:03.050Z,68.598,-148.444,10.0,4.6,mb,,,,1.1,us,usp00045hp,2014-11-07T00:45:45.431Z,"130 km WNW of Arctic Village, Alaska",earthquake,,,,13.0,reviewed,us,us
1990-02-17T01:04:10.020Z,33.507,141.085,33.0,5.0,mb,,,,1.3,us,usp00045hq,2014-11-07T00:45:45.437Z,"off the east coast of Honshu, Japan",earthquake,,,,11.0,reviewed,us,us
1990-02-17T01:22:06.800Z,-4.567,-105.583,10.0,5.9,mw,,,,1.4,us,usp00045hr,2022-04-28T19:58:54.930Z,central East Pacific Rise,earthquake,,,,,reviewed,us,hrv
1990-02-17T01:22:42.190Z,-19.6,-175.618,207.6,4.9,mb,,,,1.4,us,usp00045hs,2014-11-07T00:45:45.446Z,"134 km W of Pangai, Tonga",earthquake,,25.1,,3.0,reviewed,us,us
1990-02-17T01:24:27.650Z,15.942,-98.105,33.0,5.0,mb,,,,1.0,us,usp00045ht,2014-11-07T00:45:45.448Z,"29 km SSW of Santa María Chico Ometepec, Mexico",earthquake,,,,14.0,reviewed,us,us
1990-02-17T01:38:06.000Z,16.089,-97.934,33.0,5.2,mb,,,,1.0,us,usp00045hu,2014-11-07T00:45:45.453Z,"10 km SSE of Santa María Chico Ometepec, Mexico",earthquake,,,,33.0,reviewed,us,us
1990-02-17T01:50:48.330Z,15.589,-97.947,33.0,4.6,mb,,,,1.1,us,usp00045hv,2014-11-07T00:45:45.461Z,"62 km SSW of San José del Progreso, Mexico",earthquake,,,,5.0,reviewed,us,us
1990-02-17T02:28:01.820Z,29.533,130.732,65.9,6.1,mw,,,,1.1,us,usp00045hx,2022-04-28T19:59:00.116Z,"80 km SSE of Koshima, Japan",earthquake,,,,,reviewed,us,hrv
1990-02-17T02:50:56.550Z,15.835,147.197,31.9,5.6,mw,,,,1.1,us,usp00045hy,2022-04-28T19:59:06.074Z,"169 km ENE of Saipan, Northern Mariana Islands",earthquake,,,,,reviewed,us,hrv
1990-02-17T03:18:36.260Z,15.92,-97.943,16.1,4.8,mb,,,,1.0,us,usp00045j0,2014-11-07T00:45:45.520Z,"28 km S of Santa María Chico Ometepec, Mexico",earthquake,,,,22.0,reviewed,us,us
1990-02-17T03:21:07.940Z,15.944,-98.064,19.6,4.8,mb,,,,1.0,us,usp00045j1,2014-11-07T00:45:45.526Z,"27 km SSW of Santa María Chico Ometepec, Mexico",earthquake,,,,9.0,reviewed,us,us
1990-02-17T03:42:59.670Z,16.329,-97.881,33.0,4.8,mb,,,,1.2,us,usp00045j2,2014-11-07T00:45:45.529Z,"3 km E of San Andrés Huaxpaltepec, Mexico",earthquake,,,,11.0,reviewed,us,us
1990-02-17T04:44:37.370Z,8.333,126.707,33.0,4.5,mb,,,,1.1,us,usp00045j4,2014-11-07T00:45:45.535Z,"35 km ENE of Barcelona, Philippines",earthquake,,,,6.0,reviewed,us,us
1990-02-17T06:37:55.950Z,14.422,119.392,33.0,4.6,mb,,,,1.0,us,usp00045j8,2014-11-07T00:45:45.545Z,"92 km NW of Cabra, Philippines",earthquake,,,,6.0,reviewed,us,us
1990-02-17T07:04:15.820Z,36.819,71.513,104.6,4.7,mb,,,,1.6,us,usp00045ja,2014-11-07T00:45:45.552Z,"13 km NW of Ishqoshim, Tajikistan",earthquake,,18.2,,5.0,reviewed,us,us
1990-02-17T12:31:37.150Z,41.635,144.09,30.9,5.0,mb,,,,1.0,us,usp00045je,2014-11-07T00:45:45.561Z,"150 km S of Kushiro, Japan",earthquake,,,,39.0,reviewed,us,us
1990-02-17T12:38:56.920Z,41.728,144.033,29.7,4.8,mb,,,,1.2,us,usp00045jf,2014-11-07T00:45:45.567Z,"141 km SSW of Kushiro, Japan",earthquake,,,,11.0,reviewed,us,us
1990-02-17T18:42:12.350Z,-20.159,169.147,33.0,4.9,mb,,,,1.5,us,usp00045jv,2014-11-07T00:45:45.592Z,"69 km SSW of Isangel, Vanuatu",earthquake,,,,2.0,reviewed,us,us
1990-02-17T18:58:07.730Z,51.987,-169.549,33.0,4.9,mb,,,,1.0,us,usp00045jy,2014-11-07T00:45:45.597Z,"115 km SSW of Nikolski, Alaska",earthquake,,,,27.0,reviewed,us,us
1990-02-17T21:10:48.370Z,-18.907,-177.655,579.7,4.8,mb,,,,1.2,us,usp00045k4,2014-11-07T00:45:45.629Z,Fiji region,earthquake,,11.9,,4.0,reviewed,us,us
1990-02-17T22:40:16.790Z,-46.813,-10.907,10.0,4.7,mb,,,,1.3,us,usp00045k7,2014-11-07T00:45:45.636Z,southern Mid-Atlantic Ridge,earthquake,,,,1.0,reviewed,us,us
1990-02-18T03:57:46.390Z,2.351,127.007,70.0,4.8,mb,,,,1.1,us,usp00045ka,2014-11-07T00:45:45.641Z,"131 km WNW of Tobelo, Indonesia",earthquake,,16.9,,7.0,reviewed,us,us
1990-02-18T05:00:23.990Z,-14.129,166.418,33.0,4.6,mb,,,,1.2,us,usp00045kc,2014-11-07T00:45:45.646Z,"123 km NW of Port-Olry, Vanuatu",earthquake,,,,4.0,reviewed,us,us
1990-02-18T08:48:48.130Z,50.272,-129.889,10.0,4.6,mb,,,,1.1,us,usp00045kh,2014-11-07T00:45:45.656Z,"202 km W of Port McNeill, Canada",earthquake,,,,13.0,reviewed,us,us
1990-02-18T12:21:58.090Z,-5.516,149.432,142.3,5.9,mw,,,,1.0,us,usp00045kn,2022-04-28T19:59:07.388Z,"77 km N of Kandrian, Papua New Guinea",earthquake,,,,,reviewed,us,hrv
1990-02-18T18:12:47.270Z,29.078,90.031,10.0,4.5,mb,,,,1.3,us,usp00045m0,2014-11-07T00:45:45.717Z,"45 km ENE of Jiangzi, China",earthquake,,,,2.0,reviewed,us,us
1990-02-19T00:51:12.980Z,-7.265,128.976,201.1,4.9,mb,,,,0.6,us,usp00045me,2014-11-07T00:45:46.089Z,"258 km ENE of Lospalos, Timor Leste",earthquake,,19.0,,4.0,reviewed,us,us
1990-02-19T04:25:22.520Z,43.714,-127.8,10.0,4.5,mb,,,,0.6,us,usp00045mk,2014-11-07T00:45:46.101Z,"282 km WNW of Bandon, Oregon",earthquake,,,,2.0,reviewed,us,us
1990-02-19T05:34:37.040Z,-40.347,176.102,24.3,6.3,mw,,,,1.1,us,usp00045mn,2022-04-28T19:59:12.944Z,"41 km E of Palmerston North, New Zealand",earthquake,,,,,reviewed,us,nc
1990-02-19T06:48:10.120Z,-15.465,166.385,12.1,6.9,mw,,,,1.2,us,usp00045mr,2022-04-28T19:59:18.855Z,"83 km W of Luganville, Vanuatu",earthquake,,,,,reviewed,us,nc
1990-02-19T07:28:12.110Z,-15.748,166.28,33.0,4.6,mb,,,,1.4,us,usp00045mu,2014-11-07T00:45:46.294Z,"97 km WSW of Luganville, Vanuatu",earthquake,,,,2.0,reviewed,us,us
1990-02-19T08:56:39.460Z,-15.677,166.295,29.5,4.6,mb,,,,1.2,us,usp00045mx,2014-11-07T00:45:46.304Z,"94 km W of Luganville, Vanuatu",earthquake,,,,4.0,reviewed,us,us
1990-02-19T10:04:36.140Z,-16.903,166.037,33.0,4.6,mb,,,,0.4,us,usp00045mz,2014-11-07T00:45:46.310Z,"172 km WSW of Lakatoro, Vanuatu",earthquake,,,,1.0,reviewed,us,us
1990-02-19T11:02:06.550Z,17.983,-65.356,10.0,4.5,mb,,,,1.2,us,usp00045n0,2014-11-07T00:45:46.311Z,"17 km SE of Esperanza, Puerto Rico",earthquake,,,,6.0,reviewed,us,us
1990-02-19T11:27:15.550Z,-15.651,166.277,33.0,4.5,mb,,,,1.4,us,usp00045n1,2014-11-07T00:45:46.316Z,"96 km W of Luganville, Vanuatu",earthquake,,,,3.0,reviewed,us,us
1990-02-19T13:43:01.690Z,-15.696,166.352,30.7,4.5,mb,,,,1.5,us,usp00045n4,2014-11-07T00:45:46.324Z,"89 km WSW of Luganville, Vanuatu",earthquake,,,,3.0,reviewed,us,us
1990-02-19T16:39:56.510Z,-6.652,129.322,215.4,5.3,mb,,,,1.2,us,usp00045n6,2014-11-07T00:45:46.328Z,Banda Sea,earthquake,,8.5,,12.0,reviewed,us,us
1990-02-19T16:46:54.460Z,-16.534,-174.926,167.6,5.1,mb,,,,1.3,us,usp00045n7,2014-11-07T00:45:46.334Z,"136 km WSW of Hihifo, Tonga",earthquake,,,,6.0,reviewed,us,us
1990-02-19T18:59:16.430Z,31.105,-41.339,10.0,4.8,mb,,,,0.6,us,usp00045na,2014-11-07T00:45:46.380Z,northern Mid-Atlantic Ridge,earthquake,,,,18.0,reviewed,us,us
1990-02-19T21:07:43.060Z,36.168,27.146,10.0,4.6,mb,,,,1.4,us,usp00045ne,2014-11-07T00:45:46.570Z,"49 km S of Mandráki, Greece",earthquake,,,,32.0,reviewed,us,us
1990-02-19T21:33:29.850Z,-16.491,-178.224,457.1,4.8,mb,,,,1.2,us,usp00045ng,2014-11-07T00:45:46.594Z,"241 km S of Alo, Wallis and Futuna",earthquake,,10.6,,6.0,reviewed,us,us
1990-02-19T23:48:45.860Z,33.897,46.59,49.9,4.9,mb,,,,0.8,us,usp00045ns,2014-11-07T00:45:46.820Z,"32 km NNE of ?l?m, Iran",earthquake,,7.5,,5.0,reviewed,us,us
1990-02-20T00:47:09.610Z,29.288,142.434,33.0,4.6,mb,,,,0.8,us,usp00045nt,2014-11-07T00:45:46.849Z,"Izu Islands, Japan region",earthquake,,,,1.0,reviewed,us,us
1990-02-20T05:55:03.720Z,32.592,44.204,37.6,4.6,mb,,,,1.0,us,usp00045ny,2020-08-28T23:25:38.010Z,"5 km NNW of Al Hind?yah, Iraq",earthquake,,5.3,,12.0,reviewed,us,us
1990-02-20T06:53:39.890Z,34.706,139.252,14.2,6.4,mw,,,,1.3,us,usp00045p0,2022-04-28T19:59:24.157Z,"28 km E of Shimoda, Japan",earthquake,,,,,reviewed,us,hrv
1990-02-20T07:17:51.810Z,34.595,139.243,11.4,5.0,mb,,,,1.2,us,usp00045p2,2014-11-07T00:45:47.031Z,"28 km ESE of Shimoda, Japan",earthquake,,,,18.0,reviewed,us,us
1990-02-20T09:15:22.840Z,46.922,153.996,34.1,5.6,mw,,,,0.8,us,usp00045p5,2022-04-28T19:59:30.992Z,Kuril Islands,earthquake,,,,,reviewed,us,hrv
1990-02-20T10:39:57.250Z,18.175,94.705,44.4,4.9,mb,,,,1.2,us,usp00045p7,2022-04-28T19:59:41.797Z,"66 km W of Myanaung, Myanmar",earthquake,,,,19.0,reviewed,us,us
1990-02-20T11:07:54.180Z,0.832,127.25,212.4,5.1,mb,,,,1.1,us,usp00045p8,2014-11-07T00:45:47.072Z,"15 km WNW of Ternate, Indonesia",earthquake,,,,12.0,reviewed,us,us
1990-02-20T14:09:22.040Z,14.373,119.217,10.0,4.8,mb,,,,1.0,us,usp00045ph,2014-11-07T00:45:47.101Z,"104 km WNW of Cabra, Philippines",earthquake,,,,10.0,reviewed,us,us
1990-02-20T16:29:52.170Z,15.371,-92.099,33.0,4.8,mb,,,,1.0,us,usp00045pt,2014-11-07T00:45:47.123Z,"7 km SSE of Amatenango de la Frontera, Mexico",earthquake,,,,2.0,reviewed,us,us
1990-02-20T17:25:27.770Z,14.736,147.098,33.0,4.8,mb,,,,0.5,us,usp00045pw,2014-11-07T00:45:47.130Z,"153 km ESE of Saipan, Northern Mariana Islands",earthquake,,,,4.0,reviewed,us,us
1990-02-20T18:17:56.290Z,-21.559,170.437,160.8,5.6,mw,,,,1.0,us,usp00045pz,2022-04-28T19:59:46.919Z,"253 km SSE of Isangel, Vanuatu",earthquake,,7.5,,,reviewed,us,hrv
1990-02-20T18:48:04.030Z,-25.413,-116.169,10.0,5.7,mw,,,,1.1,us,usp00045q1,2022-04-28T19:59:48.362Z,southern East Pacific Rise,earthquake,,,,,reviewed,us,hrv
1990-02-20T19:25:35.940Z,-5.454,129.564,195.9,4.8,mb,,,,0.9,us,usp00045q4,2014-11-07T00:45:47.164Z,"244 km SSE of Amahai, Indonesia",earthquake,,12.7,,2.0,reviewed,us,us
1990-02-20T19:46:41.870Z,3.856,97.279,33.0,4.5,mb,,,,1.1,us,usp00045q6,2014-11-07T00:45:47.167Z,"102 km SW of Langsa, Indonesia",earthquake,,,,4.0,reviewed,us,us
1990-02-20T21:54:04.710Z,-34.491,179.208,33.0,4.7,mb,,,,0.6,us,usp00045qa,2014-11-07T00:45:47.175Z,south of the Kermadec Islands,earthquake,,,,2.0,reviewed,us,us
1990-02-21T01:16:37.100Z,52.641,-168.237,33.0,4.8,mb,,,,1.1,us,usp00045qk,2014-11-07T00:45:47.192Z,"53 km SE of Nikolski, Alaska",earthquake,,,,34.0,reviewed,us,us
1990-02-21T03:19:50.430Z,34.383,139.454,33.0,4.6,mb,,,,1.2,us,usp00045qm,2014-11-07T00:45:47.198Z,"56 km SE of Shimoda, Japan",earthquake,,,,9.0,reviewed,us,us
1990-02-21T04:58:03.490Z,45.855,151.627,33.0,4.6,mb,,,,0.4,us,usp00045qq,2014-11-07T00:45:47.204Z,Kuril Islands,earthquake,,,,5.0,reviewed,us,us
1990-02-21T07:21:17.300Z,28.082,82.43,33.0,4.8,mb,,,,1.2,us,usp00045qv,2014-11-07T00:45:47.214Z,"14 km ESE of Tuls?pur, Nepal",earthquake,,,,7.0,reviewed,us,us
1990-02-21T14:10:46.820Z,29.253,142.22,42.1,4.7,mb,,,,0.9,us,usp00045r4,2014-11-07T00:45:47.230Z,"Izu Islands, Japan region",earthquake,,,,9.0,reviewed,us,us
1990-02-21T14:15:45.770Z,44.143,142.278,33.0,5.1,mb,,,,0.8,us,usp00045r5,2014-11-07T00:45:47.234Z,"27 km SSW of Nayoro, Japan",earthquake,,,,3.0,reviewed,us,us
1990-02-21T18:20:14.550Z,16.903,-62.326,109.9,5.8,mw,,,,0.9,us,usp00045r7,2022-04-28T19:59:50.106Z,"17 km NW of Brades, Montserrat",earthquake,,,,,reviewed,us,hrv
1990-02-21T18:29:52.960Z,-19.94,-177.512,637.2,4.8,mb,,,,0.4,us,usp00045r8,2014-11-07T00:45:47.277Z,"274 km WNW of Haveluloto, Tonga",earthquake,,44.8,,4.0,reviewed,us,us
1990-02-21T19:29:26.260Z,-8.32,119.984,191.8,4.5,mb,,,,0.9,us,usp00045rb,2014-11-07T00:45:47.281Z,"22 km NNE of Labuan Bajo, Indonesia",earthquake,,9.2,,6.0,reviewed,us,us
1990-02-21T20:34:48.070Z,2.956,129.375,33.0,4.9,mb,,,,1.2,us,usp00045re,2014-11-07T00:45:47.287Z,"194 km W of Tobi Village, Palau",earthquake,,,,3.0,reviewed,us,us
1990-02-21T20:39:53.130Z,52.102,174.369,33.0,4.9,mb,,,,1.0,us,usp00045rf,2014-11-07T00:45:47.288Z,"115 km SE of Attu Station, Alaska",earthquake,,,,46.0,reviewed,us,us
1990-02-21T21:33:32.200Z,0.179,-80.204,58.2,4.8,mb,,,,0.9,us,usp00045rj,2014-11-07T00:45:47.303Z,"20 km NW of Pedernales, Ecuador",earthquake,,19.6,,2.0,reviewed,us,us
1990-02-21T22:14:37.970Z,19.981,121.81,42.0,5.0,mb,,,,1.0,us,usp00045rm,2014-11-07T00:45:47.307Z,"54 km SSW of Basco, Philippines",earthquake,,11.2,,3.0,reviewed,us,us
1990-02-21T22:31:59.670Z,15.069,119.199,33.0,4.7,mb,,,,1.0,us,usp00045rn,2014-11-07T00:45:47.310Z,"85 km WSW of Palauig, Philippines",earthquake,,,,10.0,reviewed,us,us
1990-02-22T03:26:22.360Z,16.108,122.453,42.0,4.7,mb,,,,0.9,us,usp00045rs,2014-11-07T00:45:47.318Z,"79 km SE of Minuri, Philippines",earthquake,,10.1,,8.0,reviewed,us,us
1990-02-22T07:47:33.980Z,-15.514,166.268,33.0,5.0,mb,,,,1.0,us,usp00045s3,2014-11-07T00:45:47.342Z,"95 km W of Luganville, Vanuatu",earthquake,,,,10.0,reviewed,us,us
1990-02-22T08:27:25.470Z,2.369,-89.859,10.0,4.5,mb,,,,1.1,us,usp00045s4,2014-11-07T00:45:47.350Z,"Galapagos Islands, Ecuador region",earthquake,,,,2.0,reviewed,us,us
1990-02-22T12:51:43.980Z,5.659,94.231,56.5,5.0,mb,,,,1.1,us,usp00045sb,2014-11-07T00:45:47.362Z,"122 km W of Banda Aceh, Indonesia",earthquake,,,,21.0,reviewed,us,us
1990-02-22T13:11:57.840Z,-21.872,-179.365,599.7,5.2,mb,,,,0.9,us,usp00045se,2014-11-07T00:45:47.369Z,Fiji region,earthquake,,4.5,,44.0,reviewed,us,us
1990-02-22T13:31:12.640Z,16.022,122.407,55.4,4.5,mb,,,,1.3,us,usp00045sf,2014-11-07T00:45:47.385Z,"81 km SE of Minuri, Philippines",earthquake,,36.2,,3.0,reviewed,us,us
1990-02-22T13:33:13.380Z,29.216,90.092,26.0,5.0,mb,,,,1.2,us,usp00045sg,2014-11-07T00:45:47.386Z,"58 km NE of Jiangzi, China",earthquake,,8.2,,15.0,reviewed,us,us
1990-02-22T14:17:52.720Z,-10.507,166.108,224.8,4.6,mb,,,,0.7,us,usp00045sk,2014-11-07T00:45:47.396Z,"41 km NE of Lata, Solomon Islands",earthquake,,15.4,,3.0,reviewed,us,us
1990-02-22T16:44:32.190Z,-24.764,-68.86,102.9,5.2,mb,,,,1.1,us,usp00045sr,2014-11-07T00:45:47.403Z,"178 km ENE of Taltal, Chile",earthquake,,,,22.0,reviewed,us,us
1990-02-22T16:51:51.060Z,-11.458,66.38,12.4,5.8,mw,,,,0.9,us,usp00045ss,2022-04-28T19:59:55.490Z,Mid-Indian Ridge,earthquake,,,,,reviewed,us,hrv
1990-02-22T17:19:36.550Z,16.183,122.451,39.1,4.9,mb,,,,1.0,us,usp00045st,2014-11-07T00:45:47.466Z,"74 km ESE of Minuri, Philippines",earthquake,,10.4,,16.0,reviewed,us,us
1990-02-22T18:59:45.190Z,11.654,-86.622,31.9,5.5,mw,,,,1.2,us,usp00045sw,2022-04-28T19:59:56.760Z,"18 km SW of Masachapa, Nicaragua",earthquake,,,,,reviewed,us,hrv
1990-02-22T22:00:57.910Z,-7.522,129.543,104.7,4.8,mb,,,,1.1,us,usp00045sy,2014-11-07T00:45:47.497Z,"Kepulauan Babar, Indonesia",earthquake,,18.5,,4.0,reviewed,us,us
1990-02-22T22:03:05.120Z,15.82,147.281,42.8,4.6,mb,,,,0.9,us,usp00045sz,2014-11-07T00:45:47.499Z,"177 km ENE of Saipan, Northern Mariana Islands",earthquake,,16.3,,4.0,reviewed,us,us
1990-02-22T22:07:00.150Z,24.946,93.104,52.2,5.1,mb,,,,1.3,us,usp00045t0,2014-11-07T00:45:47.502Z,"19 km NNE of Lakhipur, India",earthquake,,12.9,,7.0,reviewed,us,us
1990-02-22T23:42:17.840Z,7.323,94.443,33.0,4.6,mb,,,,0.9,us,usp00045t5,2014-11-07T00:45:47.513Z,"185 km NNW of Sabang, Indonesia",earthquake,,,,10.0,reviewed,us,us
1990-02-23T04:54:41.180Z,7.986,126.62,75.2,5.1,mb,,,,1.2,us,usp00045tc,2014-11-07T00:45:47.531Z,"19 km E of Santa Maria, Philippines",earthquake,,11.5,,19.0,reviewed,us,us
1990-02-23T05:44:03.060Z,-11.825,166.647,293.8,4.6,mb,,,,1.0,us,usp00045tg,2014-11-07T00:45:47.542Z,"153 km SE of Lata, Solomon Islands",earthquake,,26.1,,9.0,reviewed,us,us
1990-02-23T10:50:59.320Z,-28.303,-62.988,598.7,4.6,mb,,,,0.9,us,usp00045tu,2014-11-07T00:45:47.564Z,"23 km NW of Añatuya, Argentina",earthquake,,8.1,,10.0,reviewed,us,us
1990-02-23T15:13:19.360Z,1.74,123.72,33.0,4.8,mb,,,,1.0,us,usp00045u2,2014-11-07T00:45:47.576Z,"128 km WNW of Manado, Indonesia",earthquake,,,,2.0,reviewed,us,us
1990-02-23T15:23:05.970Z,7.613,94.393,67.7,4.5,mb,,,,1.0,us,usp00045u4,2014-11-07T00:45:47.579Z,"216 km NNW of Sabang, Indonesia",earthquake,,21.8,,10.0,reviewed,us,us
1990-02-23T15:40:16.430Z,7.376,94.513,44.1,4.6,mb,,,,1.2,us,usp00045u5,2014-11-07T00:45:47.581Z,"186 km NNW of Sabang, Indonesia",earthquake,,19.2,,8.0,reviewed,us,us
1990-02-23T17:45:27.600Z,-17.852,-178.51,541.7,4.8,mb,,,,0.9,us,usp00045ua,2014-11-07T00:45:47.591Z,"231 km E of Levuka, Fiji",earthquake,,16.0,,25.0,reviewed,us,us
1990-02-23T19:02:18.730Z,48.557,-128.442,10.0,4.7,mb,,,,1.2,us,usp00045ud,2014-11-07T00:45:47.599Z,"197 km WSW of Tofino, Canada",earthquake,,,,7.0,reviewed,us,us
1990-02-23T21:29:06.190Z,-8.455,158.824,121.6,4.9,mb,,,,0.9,us,usp00045uh,2014-11-07T00:45:47.610Z,"91 km WSW of Buala, Solomon Islands",earthquake,,10.3,,15.0,reviewed,us,us
1990-02-23T22:59:13.320Z,34.436,25.286,54.4,4.5,mb,,,,1.2,us,usp00045um,2014-11-07T00:45:47.615Z,"64 km S of Pýrgos, Greece",earthquake,,7.3,,38.0,reviewed,us,us
1990-02-24T15:19:36.890Z,35.31,23.17,10.0,4.5,mb,,,,1.5,us,usp00045vb,2014-11-07T00:45:47.680Z,"47 km W of Palaióchora, Greece",earthquake,,,,2.0,reviewed,us,us
1990-02-24T15:54:50.280Z,-22.991,-178.322,421.1,4.7,mb,,,,1.1,us,usp00045vd,2014-11-07T00:45:47.684Z,south of the Fiji Islands,earthquake,,43.7,,9.0,reviewed,us,us
1990-02-24T16:02:02.750Z,-12.469,166.862,294.5,4.7,mb,,,,1.2,us,usp00045ve,2014-11-07T00:45:47.686Z,"172 km NNW of Sola, Vanuatu",earthquake,,25.3,,9.0,reviewed,us,us
1990-02-24T16:38:58.700Z,11.753,-87.342,10.0,4.8,mb,,,,0.4,us,usp00045vh,2014-11-07T00:45:47.694Z,"82 km SSW of Corinto, Nicaragua",earthquake,,,,2.0,reviewed,us,us
1990-02-24T18:32:53.400Z,-26.309,-177.214,177.5,4.7,mb,,,,0.6,us,usp00045vj,2014-11-07T00:45:47.696Z,south of the Fiji Islands,earthquake,,57.0,,3.0,reviewed,us,us
1990-02-24T18:43:51.420Z,-15.047,167.282,134.5,5.3,mb,,,,0.9,us,usp00045vk,2022-04-28T19:59:57.803Z,"22 km E of Port-Olry, Vanuatu",earthquake,,8.2,,14.0,reviewed,us,us
1990-02-24T19:13:14.870Z,-15.523,-175.236,33.0,6.2,mw,,,,1.1,us,usp00045vm,2022-04-28T19:59:59.382Z,"161 km WNW of Hihifo, Tonga",earthquake,,,,,reviewed,us,nc
1990-02-25T01:43:38.860Z,58.556,-142.773,10.0,5.1,mb,,,,,us,usp00045vy,2020-09-14T18:25:15.782Z,"206 km WSW of Yakutat, Alaska",earthquake,,,,28.0,reviewed,ags,us
1990-02-25T03:00:35.320Z,-29.523,-178.25,75.0,4.7,mb,,,,1.4,us,usp00045w2,2014-11-07T00:45:47.762Z,"Kermadec Islands, New Zealand",earthquake,,16.2,,3.0,reviewed,us,us
1990-02-25T03:08:15.810Z,-10.553,165.19,24.7,5.6,mw,,,,1.0,us,usp00045w3,2022-04-28T20:00:00.919Z,"69 km WNW of Lata, Solomon Islands",earthquake,,,,,reviewed,us,hrv
1990-02-25T04:39:23.030Z,-11.149,163.054,33.0,4.5,ms,,,,1.5,us,usp00045w4,2014-11-07T00:45:47.772Z,"145 km ESE of Kirakira, Solomon Islands",earthquake,,,,1.0,reviewed,us,us
1990-02-25T05:53:13.360Z,44.467,149.285,33.0,4.7,mb,,,,0.8,us,usp00045w8,2014-11-07T00:45:47.781Z,"139 km SE of Kuril’sk, Russia",earthquake,,,,8.0,reviewed,us,us
1990-02-25T06:37:32.300Z,15.593,-97.426,66.6,4.6,mb,,,,0.8,us,usp00045wa,2014-11-07T00:45:47.785Z,"46 km S of Río Grande, Mexico",earthquake,,36.6,,2.0,reviewed,us,us
1990-02-25T07:04:32.390Z,36.069,70.894,79.6,4.6,mb,,,,1.4,us,usp00045wb,2014-11-07T00:45:47.787Z,"71 km N of P?r?n, Afghanistan",earthquake,,15.7,,12.0,reviewed,us,us
1990-02-25T09:05:10.740Z,-17.805,-178.915,628.3,4.9,mb,,,,0.7,us,usp00045wh,2014-11-07T00:45:47.800Z,"189 km E of Levuka, Fiji",earthquake,,38.5,,2.0,reviewed,us,us
1990-02-25T10:30:42.110Z,42.345,142.452,33.0,4.6,mb,,,,0.9,us,usp00045wn,2014-11-07T00:45:47.809Z,"7 km E of Shizunai-furukawach?, Japan",earthquake,,,,3.0,reviewed,us,us
1990-02-25T11:25:54.760Z,-18.058,167.624,10.0,4.6,mb,,,,0.9,us,usp00045wp,2014-11-07T00:45:47.811Z,"81 km WSW of Port-Vila, Vanuatu",earthquake,,,,3.0,reviewed,us,us
1990-02-25T11:57:25.740Z,-0.316,124.49,112.9,4.6,mb,,,,0.9,us,usp00045wq,2014-11-07T00:45:47.815Z,Molucca Sea,earthquake,,18.3,,11.0,reviewed,us,us
1990-02-25T13:37:32.070Z,-28.697,-176.536,60.0,4.7,mb,,,,1.3,us,usp00045ww,2014-11-07T00:45:47.826Z,Kermadec Islands region,earthquake,,,,3.0,reviewed,us,us
1990-02-25T14:36:16.480Z,36.903,71.309,103.2,4.8,mb,,,,1.1,us,usp00045x0,2014-11-07T00:45:47.832Z,"31 km NW of Ashk?sham, Afghanistan",earthquake,,,,19.0,reviewed,us,us
1990-02-25T14:57:39.640Z,-20.011,-177.843,571.9,5.4,mw,,,,1.1,us,usp00045x1,2025-12-19T21:02:51.847Z,Fiji region,earthquake,,5.6,,,reviewed,us,hrv
1990-02-25T21:40:23.120Z,-5.195,151.175,32.8,4.6,mb,,,,1.0,us,usp00045x5,2014-11-07T00:45:47.866Z,"121 km ENE of Kimbe, Papua New Guinea",earthquake,,10.3,,5.0,reviewed,us,us
1990-02-25T22:51:09.190Z,-18.042,-69.135,141.4,5.7,mw,,,,1.1,us,usp00045xb,2022-04-28T20:00:06.509Z,"76 km WSW of Curahuara de Carangas, Bolivia",earthquake,,,,,reviewed,us,hrv
1990-02-25T23:16:04.750Z,-20.74,-176.296,238.4,4.9,mb,,,,1.1,us,usp00045xc,2014-11-07T00:45:47.900Z,"121 km WNW of Haveluloto, Tonga",earthquake,,9.8,,8.0,reviewed,us,us
1990-02-26T00:31:24.180Z,25.336,142.367,33.0,4.9,mb,,,,0.7,us,usp00045xe,2014-11-07T00:45:47.905Z,"Volcano Islands, Japan region",earthquake,,,,6.0,reviewed,us,us
1990-02-26T01:31:24.500Z,25.262,94.14,50.3,4.8,mb,,,,1.2,us,usp00045xf,2014-11-07T00:45:47.907Z,"45 km S of Koh?ma, India",earthquake,,22.1,,1.0,reviewed,us,us
1990-02-26T06:20:13.460Z,23.03,94.011,89.5,5.0,mb,,,,0.6,us,usp00045xk,2014-11-07T00:45:47.914Z,"36 km ENE of Falam, Myanmar",earthquake,,10.2,,8.0,reviewed,us,us
1990-02-26T07:34:46.840Z,-49.469,108.813,10.0,4.9,mb,,,,0.4,us,usp00045xm,2014-11-07T00:45:47.915Z,southeast Indian Ridge,earthquake,,,,4.0,reviewed,us,us
1990-02-26T08:34:13.820Z,14.351,146.939,49.1,5.1,mb,,,,0.9,us,usp00045xq,2014-11-07T00:45:47.922Z,"157 km ESE of San Jose Village, Northern Mariana Islands",earthquake,,,,7.0,reviewed,us,us
1990-02-26T18:13:59.800Z,-9.577,149.798,33.0,5.2,mb,,,,1.0,us,usp00045y5,2014-11-07T00:45:48.039Z,"109 km NW of Alotau, Papua New Guinea",earthquake,,,,6.0,reviewed,us,us
1990-02-26T18:21:26.270Z,29.845,67.526,17.0,5.4,mb,,,,0.9,us,usp00045y6,2022-04-28T17:26:17.639Z,"19 km E of Mach, Pakistan",earthquake,,9.2,,27.0,reviewed,us,us
1990-02-26T18:29:11.340Z,-26.682,-114.763,10.0,5.3,mw,,,,0.8,us,usp00045y8,2025-12-19T21:02:52.933Z,Easter Island region,earthquake,,,,,reviewed,us,hrv
1990-02-26T19:06:36.440Z,-26.651,-114.726,14.2,6.1,mw,,,,1.1,us,usp00045ya,2022-04-28T20:00:08.223Z,Easter Island region,earthquake,,,,,reviewed,us,hrv
1990-02-26T21:49:43.590Z,-11.712,117.348,33.0,4.6,mb,,,,1.5,us,usp00045yg,2014-11-07T00:45:48.094Z,"south of Sumbawa, Indonesia",earthquake,,,,2.0,reviewed,us,us
1990-02-27T03:26:10.630Z,36.457,71.448,125.8,4.9,mb,,,,1.2,us,usp00045ys,2014-11-07T00:45:48.229Z,"26 km SSW of Ashk?sham, Afghanistan",earthquake,,11.8,,21.0,reviewed,us,us
1990-02-27T08:28:25.740Z,-4.382,153.775,180.2,4.9,mb,,,,0.8,us,usp00045yz,2014-11-07T00:45:48.246Z,"167 km E of Kokopo, Papua New Guinea",earthquake,,8.0,,2.0,reviewed,us,us
1990-02-27T09:28:54.160Z,-17.159,-64.141,601.4,5.9,mw,,,,1.1,us,usp00045z2,2022-04-28T20:00:09.907Z,"42 km NW of Villa Yapacaní, Bolivia",earthquake,,3.4,,,reviewed,us,hrv
1990-02-27T12:33:03.140Z,51.296,-175.276,33.0,4.9,mb,,,,0.8,us,usp00045z6,2014-11-07T00:45:48.283Z,"113 km SE of Adak, Alaska",earthquake,,,,10.0,reviewed,us,us
1990-02-27T13:16:14.390Z,-8.641,126.669,188.2,4.5,mb,,,,0.0,us,usp00045z8,2014-11-07T00:45:48.287Z,"29 km SE of Baukau, Timor Leste",earthquake,,46.4,,1.0,reviewed,us,us
1990-02-27T14:19:30.290Z,10.291,126.97,33.0,4.8,mb,,,,1.3,us,usp00045zc,2014-11-07T00:45:48.294Z,"106 km ENE of Santa Monica, Philippines",earthquake,,,,8.0,reviewed,us,us
1990-02-27T14:54:08.070Z,-8.336,130.236,135.5,4.7,mb,,,,1.0,us,usp00045ze,2014-11-07T00:45:48.298Z,"Pulau Pulau Tanimbar, Indonesia",earthquake,,39.9,,4.0,reviewed,us,us
1990-02-27T15:55:38.270Z,9.823,124.803,33.0,5.0,mb,,,,1.1,us,usp00045zf,2014-11-07T00:45:48.300Z,"27 km ENE of Bacong, Philippines",earthquake,,,,7.0,reviewed,us,us
1990-02-27T16:17:09.980Z,-26.872,26.736,5.0,4.6,mb,,,,0.9,us,usp00045zg,2020-08-28T23:26:28.545Z,"4 km SW of Stilfontein, South Africa",earthquake,,,,2.0,reviewed,us,us
1990-02-27T20:15:35.660Z,-1.799,129.102,33.0,5.0,mb,,,,1.1,us,usp00045zm,2014-11-07T00:45:48.310Z,"171 km N of Amahai, Indonesia",earthquake,,,,6.0,reviewed,us,us
1990-02-27T21:49:56.060Z,52.013,-166.897,33.0,5.3,mb,,,,1.1,us,usp00045zn,2014-11-07T00:45:48.315Z,"168 km SE of Nikolski, Alaska",earthquake,,,,56.0,reviewed,us,us
1990-02-28T02:01:45.790Z,-21.257,-68.743,137.9,4.9,mb,,,,1.0,us,usp00045zs,2014-11-07T00:45:48.334Z,"134 km N of Calama, Chile",earthquake,,8.4,,5.0,reviewed,us,us
1990-02-28T12:21:46.900Z,6.791,123.727,607.3,4.6,mb,,,,0.8,us,usp0004602,2014-11-07T00:45:48.402Z,"32 km W of Gadung, Philippines",earthquake,,8.2,,17.0,reviewed,us,us
1990-02-28T16:10:22.650Z,8.99,126.636,57.2,5.2,mb,,,,1.1,us,usp000460b,2014-11-07T00:45:48.425Z,"37 km ENE of Aras-asan, Philippines",earthquake,,12.1,,17.0,reviewed,us,us
1990-02-28T18:01:22.650Z,-15.482,166.313,10.0,5.1,mw,,,,1.0,us,usp000460f,2022-04-28T20:00:15.570Z,"91 km W of Luganville, Vanuatu",earthquake,,,,,reviewed,us,hrv
1990-02-28T20:05:31.710Z,-13.969,34.107,33.0,5.1,mb,,,,0.9,us,usp000460j,2022-04-28T20:00:16.865Z,"34 km E of Lilongwe, Malawi",earthquake,,,,17.0,reviewed,us,us
1990-02-28T20:54:22.350Z,-13.645,33.934,33.0,4.7,mb,,,,1.5,us,usp000460m,2014-11-07T00:45:48.484Z,"1 km NNW of Dowa, Malawi",earthquake,,,,4.0,reviewed,us,us
1990-02-28T21:13:32.170Z,2.71,-79.765,13.1,4.8,mb,,,,1.1,us,usp000460n,2014-11-07T00:45:48.488Z,"143 km WNW of Salahonda, Colombia",earthquake,,5.5,,15.0,reviewed,us,us
1990-02-28T22:18:21.620Z,-13.852,34.063,33.0,4.9,mb,,,,1.2,us,usp000460s,2022-04-28T20:00:18.189Z,"25 km SSE of Dowa, Malawi",earthquake,,,,14.0,reviewed,us,us
1990-02-28T23:43:36.750Z,34.144,-117.697,3.292,5.51,ml,0.0,30.9,,0.27,ci,ci1053635,2024-02-25T07:32:09.777Z,"The 1990 Upland, California Earthquake",earthquake,,0.155,,14.0,reviewed,ci,ci
1990-03-01T00:25:37.020Z,36.486,68.86,33.0,4.6,mb,,,,1.1,us,usp0004611,2014-11-07T00:45:49.823Z,"26 km S of Kunduz, Afghanistan",earthquake,,,,18.0,reviewed,us,us
1990-03-01T02:23:23.100Z,53.34,160.03,27.1,5.8,mw,,,,1.2,us,usp000461e,2022-04-28T19:53:55.619Z,"97 km ENE of Petropavlovsk-Kamchatsky, Russia",earthquake,,,,,reviewed,us,hrv
1990-03-01T03:23:03.030Z,34.153,-117.72,10.256,4.72,ml,0.0,28.2,,0.129,ci,ci676027,2016-02-04T22:28:13.460Z,"6km N of Claremont, CA",earthquake,,0.023,,10.0,reviewed,ci,ci
1990-03-01T07:34:49.050Z,51.269,-175.181,33.0,4.9,ms,,,,0.9,us,usp000461s,2014-11-07T00:45:50.371Z,"121 km SE of Adak, Alaska",earthquake,,,,4.0,reviewed,us,us
1990-03-01T07:35:21.090Z,51.218,-175.214,33.0,5.2,mw,,,,1.1,us,usp000461t,2025-12-19T21:02:10.949Z,"122 km SE of Adak, Alaska",earthquake,,,,,reviewed,us,hrv
1990-03-01T13:25:34.440Z,51.851,-175.989,49.0,5.3,mb,,,,1.0,us,usp0004621,2014-11-07T00:45:50.539Z,"44 km E of Adak, Alaska",earthquake,,,,36.0,reviewed,us,us
1990-03-01T16:06:00.840Z,-7.892,121.112,39.3,5.6,mw,,,,1.2,us,usp0004626,2022-04-28T19:53:56.771Z,"106 km NE of Ruteng, Indonesia",earthquake,,,,,reviewed,us,hrv
1990-03-01T20:55:05.650Z,16.723,-60.947,42.0,5.4,mb,,,,0.8,us,usp000462c,2022-04-28T19:53:58.090Z,"48 km NNE of Beauséjour, Guadeloupe",earthquake,,3.7,,66.0,reviewed,us,us
1990-03-01T21:40:58.940Z,30.614,131.099,57.5,5.3,mw,,,,1.2,us,usp000462g,2022-04-28T19:54:03.625Z,"16 km SE of Nishinoomote, Japan",earthquake,,8.4,,,reviewed,us,hrv
1990-03-01T22:56:42.410Z,-14.004,34.209,10.0,4.9,mb,,,,0.8,us,usp000462h,2014-11-07T00:45:50.947Z,"33 km W of Chipoka, Malawi",earthquake,,,,11.0,reviewed,us,us
1990-03-01T22:59:26.980Z,-15.71,-174.485,33.0,5.2,ms,,,,1.2,us,usp000462j,2014-11-07T00:45:50.965Z,"78 km WNW of Hihifo, Tonga",earthquake,,,,6.0,reviewed,us,us
1990-03-02T01:36:26.370Z,72.527,3.007,10.0,4.6,mb,,,,1.1,us,usp000462p,2014-11-07T00:45:51.032Z,Norwegian Sea,earthquake,,,,21.0,reviewed,us,us
1990-03-02T03:04:00.680Z,-0.243,125.151,80.0,4.6,mb,,,,1.4,us,usp000462s,2014-11-07T00:45:51.055Z,"173 km S of Tondano, Indonesia",earthquake,,12.4,,4.0,reviewed,us,us
1990-03-02T05:26:17.890Z,-6.986,155.769,285.7,4.6,mb,,,,1.1,us,usp000462x,2014-11-07T00:45:51.086Z,"80 km SSE of Panguna, Papua New Guinea",earthquake,,14.3,,9.0,reviewed,us,us
1990-03-02T07:35:36.830Z,-18.021,-178.674,620.0,5.0,mb,,,,0.8,us,usp0004630,2014-11-07T00:45:51.102Z,"212 km E of Levuka, Fiji",earthquake,,22.8,,13.0,reviewed,us,us
1990-03-02T08:11:32.000Z,-32.837,178.626,49.0,5.0,mb,,,,0.9,us,usp0004632,2014-11-07T00:45:51.131Z,south of the Kermadec Islands,earthquake,,,,1.0,reviewed,us,us
1990-03-02T09:52:19.000Z,-5.267,102.85,33.0,4.8,mb,,,,1.0,us,usp0004634,2014-11-07T00:45:51.143Z,"144 km SSW of Pagar Alam, Indonesia",earthquake,,,,4.0,reviewed,us,us
1990-03-02T15:07:29.630Z,36.133,139.964,68.0,4.9,mb,,,,1.0,us,usp000463e,2014-11-07T00:45:51.204Z,"1 km N of Ishige, Japan",earthquake,,4.9,,7.0,reviewed,us,us
1990-03-02T17:25:08.890Z,56.808,-33.969,10.0,4.7,mb,,,,0.9,us,usp000463h,2014-11-07T00:45:51.232Z,Reykjanes Ridge,earthquake,,,,26.0,reviewed,us,us
1990-03-02T22:06:25.250Z,-21.934,-174.135,33.0,5.2,mw,,,,1.0,us,usp000463p,2025-12-19T21:02:12.256Z,"107 km SE of ‘Ohonua, Tonga",earthquake,,,,,reviewed,us,hrv
1990-03-02T23:37:04.020Z,45.045,152.528,33.0,4.7,mb,,,,0.7,us,usp000463t,2014-11-07T00:45:51.366Z,east of the Kuril Islands,earthquake,,,,8.0,reviewed,us,us
1990-03-03T02:25:39.010Z,-8.484,159.138,105.9,5.0,mb,,,,1.0,us,usp000463y,2014-11-07T00:45:51.428Z,"62 km SW of Buala, Solomon Islands",earthquake,,11.4,,10.0,reviewed,us,us
1990-03-03T04:59:46.760Z,-5.174,151.217,32.9,4.5,mb,,,,1.5,us,usp0004641,2014-11-07T00:45:51.445Z,"126 km ENE of Kimbe, Papua New Guinea",earthquake,,14.7,,3.0,reviewed,us,us
1990-03-03T05:11:33.720Z,32.097,139.619,142.5,5.2,mw,,,,0.9,us,usp0004642,2025-12-19T21:02:13.376Z,"292 km SSE of Shimoda, Japan",earthquake,,,,,reviewed,us,hrv
1990-03-03T06:25:22.590Z,20.557,143.842,68.4,4.9,mb,,,,1.1,us,usp0004644,2014-11-07T00:45:51.505Z,Mariana Islands region,earthquake,,12.0,,11.0,reviewed,us,us
1990-03-03T08:26:00.280Z,24.302,66.368,33.0,4.5,mb,,,,1.3,us,usp0004647,2014-11-07T00:45:51.523Z,"89 km SW of Karachi, Pakistan",earthquake,,,,6.0,reviewed,us,us
1990-03-03T08:41:44.250Z,16.128,-94.307,88.2,5.4,mb,,,,0.7,us,usp0004648,2022-04-28T19:54:05.016Z,"21 km SW of Chahuites, Mexico",earthquake,,2.9,,52.0,reviewed,us,us
1990-03-03T10:11:56.270Z,-11.742,-73.903,52.3,4.7,mb,,,,0.9,us,usp000464a,2014-11-07T00:45:51.568Z,"79 km SE of Puerto Ocopa, Peru",earthquake,,14.8,,6.0,reviewed,us,us
1990-03-03T11:58:31.080Z,-17.172,-172.55,45.3,5.0,mb,,,,1.3,us,usp000464c,2014-11-07T00:45:51.585Z,"189 km SE of Hihifo, Tonga",earthquake,,,,9.0,reviewed,us,us
1990-03-03T12:16:27.960Z,-22.122,175.163,33.2,7.6,mw,,,,1.3,us,usp000464d,2022-04-28T19:54:06.232Z,south of the Fiji Islands,earthquake,,,,,reviewed,us,hrv
1990-03-03T12:34:59.260Z,-21.557,175.753,33.0,6.2,ms,,,,1.0,us,usp000464e,2022-04-28T19:54:17.349Z,south of the Fiji Islands,earthquake,,,,1.0,reviewed,us,us
1990-03-03T12:44:22.420Z,-22.405,174.164,33.0,6.6,ms,,,,1.0,us,usp000464f,2022-04-28T19:54:23.443Z,southeast of the Loyalty Islands,earthquake,,,,3.0,reviewed,us,us
1990-03-03T13:04:03.990Z,46.159,154.397,33.0,4.6,mb,,,,1.3,us,usp000464g,2014-11-07T00:45:51.792Z,east of the Kuril Islands,earthquake,,,,7.0,reviewed,us,us
1990-03-03T13:37:31.640Z,-21.0,174.671,33.0,4.5,mb,,,,1.0,us,usp000464k,2014-11-07T00:45:51.803Z,Vanuatu region,earthquake,,,,2.0,reviewed,us,us
1990-03-03T14:42:07.210Z,-22.273,175.301,33.0,4.7,mb,,,,1.1,us,usp000464r,2014-11-07T00:45:51.819Z,south of the Fiji Islands,earthquake,,,,2.0,reviewed,us,us
1990-03-03T14:43:55.820Z,50.998,179.706,33.0,5.1,mb,,,,1.2,us,usp000464s,2014-11-07T00:45:51.826Z,"272 km WSW of Adak, Alaska",earthquake,,,,2.0,reviewed,us,us
1990-03-03T14:57:04.200Z,-21.376,176.053,33.0,4.8,mb,,,,1.2,us,usp000464t,2014-11-07T00:45:51.829Z,south of the Fiji Islands,earthquake,,,,5.0,reviewed,us,us
1990-03-03T17:03:15.990Z,-21.118,174.988,33.0,5.1,mb,,,,1.5,us,usp000464y,2014-11-07T00:45:51.852Z,Vanuatu region,earthquake,,,,2.0,reviewed,us,us
1990-03-03T17:15:33.550Z,52.272,-169.029,33.0,4.9,mb,,,,1.3,us,usp000464z,2014-11-07T00:45:51.860Z,"75 km S of Nikolski, Alaska",earthquake,,,,11.0,reviewed,us,us
1990-03-03T17:22:11.240Z,-21.887,175.277,33.0,4.5,mb,,,,1.3,us,usp0004650,2014-11-07T00:45:51.867Z,south of the Fiji Islands,earthquake,,,,1.0,reviewed,us,us
1990-03-03T18:32:50.560Z,-21.721,175.344,33.0,5.3,mb,,,,0.9,us,usp0004653,2014-11-07T00:45:51.886Z,south of the Fiji Islands,earthquake,,,,17.0,reviewed,us,us
1990-03-03T19:01:56.480Z,9.697,124.76,39.1,4.9,mb,,,,1.2,us,usp0004654,2014-11-07T00:45:51.925Z,"21 km ESE of Bacong, Philippines",earthquake,,13.5,,8.0,reviewed,us,us
1990-03-03T19:29:01.790Z,-21.683,175.569,33.0,5.1,mb,,,,1.1,us,usp0004657,2014-11-07T00:45:51.945Z,south of the Fiji Islands,earthquake,,,,9.0,reviewed,us,us
1990-03-03T19:44:26.700Z,-22.501,174.205,33.0,5.0,mb,,,,1.1,us,usp0004658,2014-11-07T00:45:52.006Z,southeast of the Loyalty Islands,earthquake,,,,11.0,reviewed,us,us
1990-03-03T21:26:25.030Z,-22.151,-174.166,33.0,5.1,mb,,,,1.2,us,usp000465b,2014-11-07T00:45:52.049Z,"121 km SE of ‘Ohonua, Tonga",earthquake,,,,6.0,reviewed,us,us
1990-03-04T00:07:08.940Z,73.032,7.08,10.0,4.7,mb,,,,1.3,us,usp000465e,2014-11-07T00:45:52.074Z,Greenland Sea,earthquake,,,,4.0,reviewed,us,us
1990-03-04T01:12:59.520Z,-21.864,175.355,33.0,5.0,mb,,,,1.2,us,usp000465h,2014-11-07T00:45:52.104Z,south of the Fiji Islands,earthquake,,,,2.0,reviewed,us,us
1990-03-04T01:51:13.210Z,9.87,124.89,33.0,4.6,mb,,,,1.1,us,usp000465k,2014-11-07T00:45:52.119Z,"23 km SSW of Macrohon, Philippines",earthquake,,,,2.0,reviewed,us,us
1990-03-04T02:46:04.490Z,-21.103,175.485,33.0,4.9,mb,,,,1.3,us,usp000465p,2014-11-07T00:45:52.129Z,south of the Fiji Islands,earthquake,,,,5.0,reviewed,us,us
1990-03-04T04:08:46.110Z,-21.654,175.782,33.0,4.5,mb,,,,1.0,us,usp000465r,2014-11-07T00:45:52.144Z,south of the Fiji Islands,earthquake,,,,2.0,reviewed,us,us
1990-03-04T06:35:30.980Z,7.823,135.782,33.0,5.1,mb,,,,1.0,us,usp000465w,2014-11-07T00:45:52.172Z,"120 km ESE of Kayangel, Palau",earthquake,,,,17.0,reviewed,us,us
1990-03-04T08:39:29.010Z,-21.963,175.233,33.0,4.6,mb,,,,1.1,us,usp000465y,2014-11-07T00:45:52.193Z,south of the Fiji Islands,earthquake,,,,7.0,reviewed,us,us
1990-03-04T09:18:38.850Z,7.919,-74.578,78.9,4.6,mb,,,,1.0,us,usp0004660,2014-11-07T00:45:52.210Z,"25 km ENE of San Carlos, Colombia",earthquake,,11.3,,3.0,reviewed,us,us
1990-03-04T10:09:02.420Z,-20.069,177.162,33.0,4.6,mb,,,,0.7,us,usp0004661,2014-11-07T00:45:52.214Z,"252 km S of Nadi, Fiji",earthquake,,,,1.0,reviewed,us,us
1990-03-04T11:51:11.430Z,34.616,79.849,33.0,4.7,mb,,,,1.1,us,usp0004662,2014-11-07T00:45:52.216Z,"214 km ENE of Leh, India",earthquake,,,,27.0,reviewed,us,us
1990-03-04T12:28:25.220Z,-22.481,174.512,33.0,4.5,mb,,,,1.2,us,usp0004664,2014-11-07T00:45:52.236Z,southeast of the Loyalty Islands,earthquake,,,,3.0,reviewed,us,us
1990-03-04T13:24:06.860Z,-21.247,-67.758,199.6,4.6,mb,,,,1.5,us,usp0004666,2014-11-07T00:45:52.249Z,"130 km SW of Uyuni, Bolivia",earthquake,,8.9,,6.0,reviewed,us,us
1990-03-04T14:48:12.580Z,-23.311,176.263,33.0,4.5,mb,,,,1.4,us,usp0004667,2014-11-07T00:45:52.261Z,south of the Fiji Islands,earthquake,,,,2.0,reviewed,us,us
1990-03-04T14:50:42.060Z,-17.047,-64.88,33.0,4.6,mb,,,,1.3,us,usp0004668,2014-11-07T00:45:52.265Z,"29 km ESE of Chimoré, Bolivia",earthquake,,,,1.0,reviewed,us,us
1990-03-04T16:24:27.100Z,10.707,126.257,33.0,4.5,mb,,,,0.7,us,usp000466d,2014-11-07T00:45:52.292Z,"53 km ESE of Sulangan, Philippines",earthquake,,,,3.0,reviewed,us,us
1990-03-04T17:21:59.050Z,-15.539,167.568,141.4,5.2,mw,,,,0.9,us,usp000466h,2025-12-19T21:02:14.682Z,"43 km E of Luganville, Vanuatu",earthquake,,6.2,,,reviewed,us,hrv
1990-03-04T19:40:28.170Z,-21.267,175.939,33.0,4.9,mb,,,,1.2,us,usp000466j,2014-11-07T00:45:52.381Z,south of the Fiji Islands,earthquake,,,,4.0,reviewed,us,us
1990-03-04T19:46:19.670Z,28.925,66.331,10.1,6.1,mw,,,,1.2,us,usp000466k,2022-04-28T19:54:24.671Z,"27 km WSW of Kalat, Pakistan",earthquake,,,,,reviewed,us,hrv
1990-03-04T20:34:56.280Z,28.703,66.175,10.0,4.7,mb,,,,1.1,us,usp000466n,2014-11-07T00:45:52.629Z,"24 km NNW of Surab, Pakistan",earthquake,,,,27.0,reviewed,us,us
1990-03-04T21:02:32.620Z,12.987,50.555,10.0,4.8,mb,,,,1.3,us,usp000466p,2014-11-07T00:45:52.706Z,"115 km N of Caluula, Somalia",earthquake,,,,12.0,reviewed,us,us
1990-03-04T22:12:40.350Z,-21.276,175.96,33.0,4.5,mb,,,,1.4,us,usp000466q,2014-11-07T00:45:52.713Z,south of the Fiji Islands,earthquake,,,,3.0,reviewed,us,us
1990-03-04T23:09:01.470Z,13.329,50.361,10.0,4.7,mb,,,,1.3,us,usp000466r,2014-11-07T00:45:52.721Z,"156 km NNW of Caluula, Somalia",earthquake,,,,8.0,reviewed,us,us
1990-03-05T04:59:07.370Z,-19.696,-175.216,261.0,4.6,mb,,,,1.2,us,usp000466y,2014-11-07T00:45:53.060Z,"91 km W of Pangai, Tonga",earthquake,,18.7,,9.0,reviewed,us,us
1990-03-05T06:13:06.870Z,20.73,143.838,21.8,5.0,mb,,,,1.1,us,usp0004670,2014-11-07T00:45:53.073Z,Mariana Islands region,earthquake,,,,18.0,reviewed,us,us
1990-03-05T06:32:11.680Z,5.925,-78.983,33.0,4.6,mb,,,,1.4,us,usp0004671,2014-11-07T00:45:53.087Z,"177 km W of Bahía Solano, Colombia",earthquake,,,,4.0,reviewed,us,us
1990-03-05T07:00:48.370Z,20.699,143.764,33.0,4.7,mb,,,,1.0,us,usp0004673,2014-11-07T00:45:53.096Z,Mariana Islands region,earthquake,,,,9.0,reviewed,us,us
1990-03-05T08:06:55.110Z,20.702,143.82,22.9,4.9,mb,,,,1.1,us,usp0004676,2014-11-07T00:45:53.108Z,Mariana Islands region,earthquake,,,,7.0,reviewed,us,us
1990-03-05T08:26:27.350Z,13.126,50.423,10.0,4.8,mb,,,,1.1,us,usp0004678,2014-11-07T00:45:53.121Z,"133 km NNW of Caluula, Somalia",earthquake,,,,13.0,reviewed,us,us
1990-03-05T15:57:18.130Z,-5.309,146.405,184.9,5.0,mb,,,,0.6,us,usp000467c,2014-11-07T00:45:53.141Z,"69 km E of Madang, Papua New Guinea",earthquake,,8.0,,12.0,reviewed,us,us
1990-03-05T16:38:12.570Z,-18.318,168.063,20.7,7.1,mw,,,,1.2,us,usp000467e,2022-04-28T19:54:29.877Z,"69 km SSW of Port-Vila, Vanuatu",earthquake,,,,,reviewed,us,nc
1990-03-05T16:51:22.790Z,-18.2,168.109,33.0,4.7,mb,,,,1.2,us,usp000467f,2014-11-07T00:45:53.230Z,"55 km SSW of Port-Vila, Vanuatu",earthquake,,,,2.0,reviewed,us,us
1990-03-05T17:10:39.570Z,-18.353,168.013,33.6,5.4,mb,,,,1.2,us,usp000467g,2022-04-28T19:54:31.346Z,"75 km SSW of Port-Vila, Vanuatu",earthquake,,9.1,,6.0,reviewed,us,us
1990-03-05T20:02:31.630Z,3.668,126.393,33.0,4.6,mb,,,,0.8,us,usp000467m,2014-11-07T00:45:53.272Z,"217 km SSE of Sarangani, Philippines",earthquake,,,,4.0,reviewed,us,us
1990-03-05T20:47:00.760Z,36.907,73.021,12.2,6.2,mw,,,,1.1,us,usp000467n,2022-04-28T19:54:42.532Z,"62 km E of Khand?d, Afghanistan",earthquake,,,,,reviewed,us,hrv
1990-03-05T20:51:13.060Z,36.738,73.061,10.0,5.7,mb,,,,1.4,us,usp000467p,2022-04-28T19:54:43.858Z,"70 km ESE of Khand?d, Afghanistan",earthquake,,,,15.0,reviewed,us,us
1990-03-05T20:55:24.150Z,29.224,141.848,33.0,5.1,mb,,,,1.4,us,usp000467r,2014-11-07T00:45:53.352Z,"Izu Islands, Japan region",earthquake,,,,9.0,reviewed,us,us
1990-03-05T21:02:42.890Z,35.35,135.477,368.7,4.5,mb,,,,0.7,us,usp000467s,2014-11-07T00:45:53.358Z,"17 km SE of Maizuru, Japan",earthquake,,6.8,,25.0,reviewed,us,us
1990-03-05T21:34:20.710Z,-14.834,167.292,148.3,4.6,mb,,,,1.2,us,usp000467t,2014-11-07T00:45:53.366Z,"32 km NE of Port-Olry, Vanuatu",earthquake,,32.2,,7.0,reviewed,us,us
1990-03-05T23:04:22.190Z,36.77,73.03,20.3,5.0,mb,,,,1.3,us,usp000467u,2022-04-28T19:54:46.389Z,"66 km ESE of Khand?d, Afghanistan",earthquake,,,,39.0,reviewed,us,us
1990-03-06T01:19:57.360Z,36.679,73.073,10.0,4.6,mb,,,,0.8,us,usp000467w,2014-11-07T00:45:53.398Z,northwestern Kashmir,earthquake,,,,9.0,reviewed,us,us
1990-03-06T05:22:52.760Z,-18.178,168.208,33.0,4.9,mb,,,,1.0,us,usp0004684,2014-11-07T00:45:53.444Z,"50 km SSW of Port-Vila, Vanuatu",earthquake,,,,9.0,reviewed,us,us
1990-03-06T07:12:48.140Z,3.841,126.422,33.0,5.0,mb,,,,1.0,us,usp0004686,2014-11-07T00:45:53.458Z,"202 km SSE of Sarangani, Philippines",earthquake,,,,17.0,reviewed,us,us
1990-03-06T09:16:05.000Z,36.881,72.759,47.7,4.7,mb,,,,1.4,us,usp0004689,2014-11-07T00:45:53.468Z,"40 km ESE of Khand?d, Afghanistan",earthquake,,15.4,,11.0,reviewed,us,us
1990-03-06T11:40:52.760Z,12.124,143.833,19.3,4.8,mb,,,,0.8,us,usp000468d,2014-11-07T00:45:53.512Z,"155 km SW of Merizo Village, Guam",earthquake,,5.8,,7.0,reviewed,us,us
1990-03-06T12:24:43.520Z,-20.267,-177.882,551.7,5.0,mb,,,,0.9,us,usp000468e,2014-11-07T00:45:53.517Z,"294 km WNW of Haveluloto, Tonga",earthquake,,7.8,,15.0,reviewed,us,us
1990-03-06T13:30:58.410Z,-11.147,117.44,21.9,5.5,mw,,,,1.2,us,usp000468h,2022-04-28T19:54:52.822Z,"293 km S of Sumbawa Besar, Indonesia",earthquake,,,,,reviewed,us,hrv
1990-03-06T13:43:51.730Z,35.705,141.0,33.0,4.6,mb,,,,0.9,us,usp000468j,2014-11-07T00:45:53.705Z,"15 km ESE of Hasaki, Japan",earthquake,,,,1.0,reviewed,us,us
1990-03-06T14:26:10.290Z,-18.617,167.9,33.0,4.9,mb,,,,1.2,us,usp000468m,2014-11-07T00:45:53.710Z,Vanuatu,earthquake,,,,6.0,reviewed,us,us
1990-03-06T15:25:04.180Z,-10.991,119.474,33.0,5.0,mb,,,,1.2,us,usp000468p,2014-11-07T00:45:53.816Z,"171 km SSW of Waingapu, Indonesia",earthquake,,,,17.0,reviewed,us,us
1990-03-06T17:16:22.960Z,37.357,73.331,33.0,4.6,mb,,,,1.4,us,usp000468t,2014-11-07T00:45:53.911Z,"100 km ENE of Khand?d, Afghanistan",earthquake,,,,3.0,reviewed,us,us
1990-03-06T18:07:04.760Z,36.909,73.038,19.6,5.4,mw,,,,1.4,us,usp000468v,2022-04-28T19:54:58.274Z,"64 km E of Khand?d, Afghanistan",earthquake,,,,,reviewed,us,hrv
1990-03-06T21:11:08.240Z,42.632,140.982,155.9,4.5,mb,,,,1.1,us,usp0004692,2014-11-07T00:45:54.119Z,"20 km NNE of Date, Japan",earthquake,,7.0,,15.0,reviewed,us,us
1990-03-06T21:39:50.260Z,36.913,73.095,24.1,5.2,mw,,,,1.0,us,usp0004693,2022-04-28T19:55:04.523Z,"69 km E of Khand?d, Afghanistan",earthquake,,,,,reviewed,us,hrv
1990-03-06T23:28:51.610Z,-21.435,175.819,50.4,5.1,mb,,,,1.1,us,usp0004696,2014-11-07T00:45:54.147Z,south of the Fiji Islands,earthquake,,,,8.0,reviewed,us,us
1990-03-07T02:13:31.030Z,-33.802,-70.079,109.4,4.8,mb,,,,1.0,us,usp0004699,2014-11-07T00:45:54.158Z,"50 km ESE of Puente Alto, Chile",earthquake,,4.7,,4.0,reviewed,us,us
1990-03-07T02:16:18.280Z,3.517,126.702,85.4,5.2,mw,,,,1.2,us,usp000469a,2022-04-28T19:55:10.888Z,"245 km NW of Tobelo, Indonesia",earthquake,,9.7,,,reviewed,us,hrv
1990-03-07T07:20:48.230Z,1.835,127.507,33.0,4.9,mb,,,,0.9,us,usp000469n,2014-11-07T00:45:54.189Z,"57 km WNW of Tobelo, Indonesia",earthquake,,,,5.0,reviewed,us,us
1990-03-07T09:06:47.540Z,-22.151,174.949,33.0,5.2,mb,,,,1.0,us,usp000469q,2014-11-07T00:45:54.193Z,southeast of the Loyalty Islands,earthquake,,,,10.0,reviewed,us,us
1990-03-07T13:00:31.570Z,-22.051,175.246,33.0,4.7,mb,,,,1.5,us,usp000469t,2014-11-07T00:45:54.205Z,south of the Fiji Islands,earthquake,,,,7.0,reviewed,us,us
1990-03-07T13:31:59.040Z,-20.933,-178.78,577.6,4.9,mb,,,,0.9,us,usp000469v,2014-11-07T00:45:54.213Z,Fiji region,earthquake,,10.0,,8.0,reviewed,us,us
1990-03-07T18:22:03.190Z,-17.295,66.675,10.0,5.9,mw,,,,1.2,us,usp00046a1,2022-04-28T19:55:12.148Z,Mauritius - Reunion region,earthquake,,,,,reviewed,us,hrv
1990-03-07T23:14:26.660Z,41.257,19.941,10.0,4.5,mb,,,,1.2,us,usp00046a9,2014-11-07T00:45:54.256Z,"5 km NNW of Krrabë, Albania",earthquake,,,,8.0,reviewed,us,us
1990-03-08T00:11:56.420Z,40.569,105.724,10.0,4.6,mb,,,,1.0,us,usp00046ad,2014-11-07T00:45:54.276Z,"135 km NW of Wuhai, China",earthquake,,,,15.0,reviewed,us,us
1990-03-08T01:06:14.900Z,-15.63,-174.914,309.4,4.9,mb,,,,0.8,us,usp00046ag,2014-11-07T00:45:54.284Z,"125 km WNW of Hihifo, Tonga",earthquake,,7.9,,22.0,reviewed,us,us
1990-03-08T01:51:29.510Z,-14.952,-173.885,33.0,4.6,mb,,,,0.9,us,usp00046aj,2014-11-07T00:45:54.301Z,"111 km N of Hihifo, Tonga",earthquake,,,,7.0,reviewed,us,us
1990-03-08T01:54:30.860Z,33.146,140.857,58.4,4.6,mb,,,,1.1,us,usp00046ak,2014-11-07T00:45:54.306Z,"223 km SSE of Tateyama, Japan",earthquake,,9.2,,9.0,reviewed,us,us
1990-03-08T02:08:38.520Z,29.202,142.222,33.0,4.9,mb,,,,1.0,us,usp00046an,2014-11-07T00:45:54.314Z,"Izu Islands, Japan region",earthquake,,,,24.0,reviewed,us,us
1990-03-08T03:59:35.230Z,-24.625,-70.263,59.2,4.5,mb,,,,1.3,us,usp00046as,2014-11-07T00:45:54.332Z,"89 km NNE of Taltal, Chile",earthquake,,11.7,,2.0,reviewed,us,us
1990-03-08T05:13:38.190Z,3.417,126.708,47.0,4.6,mb,,,,1.3,us,usp00046at,2014-11-07T00:45:54.334Z,"236 km NW of Tobelo, Indonesia",earthquake,,,,6.0,reviewed,us,us
1990-03-08T07:08:43.330Z,11.625,140.998,44.9,5.3,mw,,,,1.1,us,usp00046az,2025-12-19T21:02:15.901Z,"212 km NNE of Fais, Micronesia",earthquake,,,,,reviewed,us,hrv
1990-03-08T07:36:40.760Z,11.533,141.031,69.1,4.8,mb,,,,0.9,us,usp00046b1,2014-11-07T00:45:54.366Z,"203 km NNE of Fais, Micronesia",earthquake,,14.8,,8.0,reviewed,us,us
1990-03-08T08:31:39.460Z,-25.089,-179.945,519.9,4.6,mb,,,,0.8,us,usp00046b2,2014-11-07T00:45:54.369Z,south of the Fiji Islands,earthquake,,13.0,,2.0,reviewed,us,us
1990-03-08T09:47:44.950Z,58.3803,-152.9643,72.9,5.6,mw,,,,0.37,ak,ak99032ynbnj,2022-04-28T19:55:13.091Z,"35 km N of Aleneva, Alaska",earthquake,,2.4,,,reviewed,ak,ak
1990-03-08T09:48:46.350Z,-19.462,169.234,164.5,5.4,mb,,,,1.0,us,usp00046b5,2022-04-28T19:55:18.647Z,"10 km NNW of Isangel, Vanuatu",earthquake,,4.9,,29.0,reviewed,us,us
1990-03-08T10:15:14.570Z,-18.468,168.051,17.3,5.2,mb,,,,1.2,us,usp00046b7,2014-11-07T00:45:54.459Z,"85 km SSW of Port-Vila, Vanuatu",earthquake,,7.1,,8.0,reviewed,us,us
1990-03-08T11:35:58.650Z,-22.419,-174.189,33.0,4.6,mb,,,,0.7,us,usp00046bf,2014-11-07T00:45:54.483Z,"143 km SSE of ‘Ohonua, Tonga",earthquake,,,,3.0,reviewed,us,us
1990-03-08T13:30:19.980Z,43.459,-127.058,10.0,4.5,mb,,,,0.7,us,usp00046bm,2014-11-07T00:45:54.492Z,"218 km W of Bandon, Oregon",earthquake,,,,8.0,reviewed,us,us
1990-03-08T16:25:24.940Z,-16.415,167.334,10.0,4.5,mb,,,,1.1,us,usp00046bs,2014-11-07T00:45:54.509Z,"35 km SSW of Lakatoro, Vanuatu",earthquake,,,,4.0,reviewed,us,us
1990-03-08T16:52:53.250Z,10.836,125.453,33.0,4.7,mb,,,,0.5,us,usp00046bt,2014-11-07T00:45:54.513Z,"31 km SSE of Balangiga, Philippines",earthquake,,,,5.0,reviewed,us,us
1990-03-08T18:57:01.430Z,25.452,96.559,33.0,5.2,mw,,,,1.4,us,usp00046bx,2022-04-28T19:55:19.849Z,"84 km W of Myitkyina, Myanmar",earthquake,,,,,reviewed,us,hrv
1990-03-08T20:41:55.790Z,5.221,127.879,33.0,4.8,mb,,,,1.1,us,usp00046c2,2014-11-07T00:45:54.541Z,"226 km SE of Pondaguitan, Philippines",earthquake,,,,8.0,reviewed,us,us
1990-03-09T05:27:44.400Z,-22.547,-179.937,582.6,4.8,mb,,,,0.8,us,usp00046cc,2014-11-07T00:45:54.567Z,south of the Fiji Islands,earthquake,,21.0,,6.0,reviewed,us,us
1990-03-09T08:13:20.810Z,32.378,140.831,75.3,4.6,mb,,,,1.0,us,usp00046ck,2014-11-07T00:45:54.579Z,"Izu Islands, Japan region",earthquake,,16.0,,8.0,reviewed,us,us
1990-03-09T09:47:58.070Z,-24.717,-179.571,511.2,4.7,mb,,,,0.8,us,usp00046cm,2014-11-07T00:45:54.582Z,south of the Fiji Islands,earthquake,,12.1,,7.0,reviewed,us,us
1990-03-09T12:34:03.370Z,60.308,-152.2842,85.0,5.3,mw,,,,0.21,ak,ak99034nw3g1,2025-12-19T21:02:17.318Z,"44 km NW of Ninilchik, Alaska",earthquake,,0.7,,,reviewed,ak,ak
1990-03-09T13:15:18.960Z,11.521,140.64,68.0,4.8,mb,,,,0.9,us,usp00046cu,2014-11-07T00:45:54.626Z,"194 km N of Fais, Micronesia",earthquake,,8.1,,9.0,reviewed,us,us
1990-03-09T14:27:30.470Z,-5.89,153.483,67.8,4.8,mb,,,,0.8,us,usp00046cw,2014-11-07T00:45:54.632Z,"217 km SE of Kokopo, Papua New Guinea",earthquake,,10.2,,5.0,reviewed,us,us
1990-03-09T16:01:33.030Z,-4.269,139.962,71.8,4.6,mb,,,,1.0,us,usp00046cy,2014-11-07T00:45:54.636Z,"199 km SSW of Abepura, Indonesia",earthquake,,13.3,,2.0,reviewed,us,us
1990-03-09T17:03:21.090Z,63.739,-152.495,15.0,4.8,mb,,,,0.9,us,usp00046d0,2014-11-07T00:45:54.642Z,"18 km SSW of Lake Minchumina, Alaska",earthquake,,,,19.0,reviewed,us,us
1990-03-09T21:41:31.680Z,12.082,144.796,27.1,4.8,mb,,,,1.0,us,usp00046d7,2014-11-07T00:45:54.664Z,"131 km S of Merizo Village, Guam",earthquake,,,,4.0,reviewed,us,us
1990-03-09T21:42:56.540Z,-7.593,129.345,33.0,4.7,mb,,,,0.9,us,usp00046d8,2014-11-07T00:45:54.668Z,"278 km ENE of Lospalos, Timor Leste",earthquake,,,,2.0,reviewed,us,us
1990-03-10T02:04:13.390Z,-22.671,-68.267,123.2,4.8,mb,,,,0.8,us,usp00046dg,2014-11-07T00:45:54.684Z,"27 km NNW of San Pedro de Atacama, Chile",earthquake,,18.5,,2.0,reviewed,us,us
1990-03-10T02:11:02.830Z,60.3065,-152.2883,86.7,4.9,mb,,,,0.31,ak,ak990365c6dn,2020-09-14T18:28:19.776Z,"44 km NW of Ninilchik, Alaska",earthquake,,1.0,,,reviewed,ak,ak
1990-03-10T03:31:20.850Z,-21.797,170.542,51.4,5.3,mw,,,,1.1,us,usp00046dj,2025-12-19T21:02:18.464Z,"276 km E of Tadine, New Caledonia",earthquake,,,,,reviewed,us,hrv
1990-03-10T10:15:03.900Z,50.907,157.244,50.6,5.5,mw,,,,0.9,us,usp00046dt,2022-04-28T19:55:25.335Z,"82 km ENE of Severo-Kuril’sk, Russia",earthquake,,,,,reviewed,us,hrv
1990-03-10T11:19:24.360Z,-4.631,137.26,33.0,4.9,mb,,,,1.3,us,usp00046dv,2014-11-07T00:45:54.761Z,"240 km SE of Nabire, Indonesia",earthquake,,,,4.0,reviewed,us,us
1990-03-10T14:48:59.080Z,-62.307,164.313,10.0,5.3,mb,,,,0.6,us,usp00046dy,2014-11-07T00:45:54.767Z,Balleny Islands region,earthquake,,,,3.0,reviewed,us,us
1990-03-10T16:00:00.080Z,37.113,-116.055,0.0,5.0,mb,,,,,us,usp00046e0,2016-04-02T05:46:02.295Z,"65 km SSW of Rachel, Nevada",earthquake,,,,44.0,reviewed,doe,us
1990-03-10T18:50:45.380Z,6.906,-72.925,149.8,4.6,mb,,,,1.1,us,usp00046e9,2014-11-07T00:45:54.797Z,"8 km WNW of Guaca, Colombia",earthquake,,23.1,,7.0,reviewed,us,us
1990-03-11T00:55:31.290Z,-37.278,78.241,10.0,5.3,mw,,,,1.0,us,usp00046ee,2025-12-19T20:56:29.048Z,Mid-Indian Ridge,earthquake,,,,,reviewed,us,hrv
1990-03-11T03:47:30.350Z,-6.779,130.44,79.8,4.7,mb,,,,1.2,us,usp00046em,2014-11-07T00:45:54.825Z,"285 km WSW of Tual, Indonesia",earthquake,,12.8,,6.0,reviewed,us,us
1990-03-11T05:03:24.940Z,34.15,135.33,33.0,4.6,mb,,,,1.5,us,usp00046eq,2014-11-07T00:45:54.833Z,"10 km E of Kainan, Japan",earthquake,,,,4.0,reviewed,us,us
1990-03-11T07:56:19.990Z,11.266,-85.632,37.6,4.5,ms,,,,1.1,us,usp00046ew,2014-11-07T00:45:54.845Z,Nicaragua,earthquake,,,,1.0,reviewed,us,us
1990-03-11T08:28:27.310Z,36.578,2.585,33.0,4.6,mb,,,,1.2,us,usp00046ey,2014-11-07T00:45:54.854Z,"11 km SW of Bou Ismaïl, Algeria",earthquake,,,,1.0,reviewed,us,us
1990-03-11T16:06:04.510Z,-5.247,151.021,40.0,4.6,mb,,,,0.9,us,usp00046f9,2014-11-07T00:45:54.895Z,"103 km ENE of Kimbe, Papua New Guinea",earthquake,,,,6.0,reviewed,us,us
1990-03-11T20:44:36.480Z,-7.012,129.643,141.7,4.6,mb,,,,1.6,us,usp00046fm,2014-11-07T00:45:54.921Z,"Kepulauan Babar, Indonesia",earthquake,,31.1,,1.0,reviewed,us,us
1990-03-11T22:20:50.490Z,-20.529,168.207,37.5,5.6,mw,,,,1.1,us,usp00046fp,2022-04-28T19:55:31.292Z,"107 km ENE of Wé, New Caledonia",earthquake,,,,,reviewed,us,hrv
1990-03-11T22:46:34.680Z,33.493,138.654,24.4,5.5,mw,,,,1.3,us,usp00046fq,2022-04-28T19:55:36.760Z,"129 km SSE of ?yama, Japan",earthquake,,,,,reviewed,us,hrv
1990-03-12T03:04:14.010Z,-8.061,150.686,33.0,4.8,mb,,,,1.4,us,usp00046fz,2014-11-07T00:45:54.974Z,"240 km SSE of Kandrian, Papua New Guinea",earthquake,,,,4.0,reviewed,us,us
1990-03-12T06:30:38.240Z,14.02,145.036,31.9,4.9,mb,,,,1.0,us,usp00046g3,2014-11-07T00:45:54.983Z,"55 km NNE of Yigo Village, Guam",earthquake,,,,5.0,reviewed,us,us
1990-03-12T06:43:46.520Z,-6.45,104.529,33.0,4.9,mb,,,,1.3,us,usp00046g5,2014-11-07T00:45:54.988Z,"138 km SW of Bandar Lampung, Indonesia",earthquake,,,,7.0,reviewed,us,us
1990-03-12T08:45:31.460Z,33.9,140.876,78.9,4.6,mb,,,,1.4,us,usp00046gd,2014-11-07T00:45:55.005Z,"147 km SSE of Katsuura, Japan",earthquake,,27.0,,7.0,reviewed,us,us
1990-03-12T10:01:03.090Z,-10.263,161.27,10.0,4.7,mb,,,,1.5,us,usp00046ge,2014-11-07T00:45:55.007Z,"74 km WNW of Kirakira, Solomon Islands",earthquake,,,,5.0,reviewed,us,us
1990-03-12T12:59:50.650Z,-47.895,165.318,19.3,5.4,mw,,,,1.6,us,usp00046gn,2025-12-19T21:02:19.692Z,"267 km SW of Riverton, New Zealand",earthquake,,,,,reviewed,us,hrv
1990-03-12T13:32:55.500Z,-3.158,128.838,26.2,5.5,mw,,,,1.1,us,usp00046gq,2022-04-28T19:55:38.444Z,"22 km NNW of Amahai, Indonesia",earthquake,,,,,reviewed,us,hrv
1990-03-12T14:41:19.480Z,51.484,-175.032,13.8,6.4,mw,,,,1.1,us,usp00046gt,2022-04-28T17:25:58.757Z,"97 km SW of Atka, Alaska",earthquake,,,,,reviewed,us,hrv
1990-03-12T14:47:18.780Z,51.399,-174.987,15.0,5.0,mb,,,,1.0,us,usp00046gu,2014-11-07T00:45:55.278Z,"103 km SSW of Atka, Alaska",earthquake,,,,26.0,reviewed,us,us
1990-03-12T14:55:31.590Z,51.247,-174.799,15.0,4.9,mb,,,,0.8,us,usp00046gv,2014-11-07T00:45:55.285Z,"113 km SSW of Atka, Alaska",earthquake,,,,6.0,reviewed,us,us
1990-03-12T15:06:29.700Z,51.479,-174.984,15.0,5.7,mw,,,,1.1,us,usp00046gw,2022-04-28T19:55:39.878Z,"96 km SW of Atka, Alaska",earthquake,,,,,reviewed,us,hrv
1990-03-12T15:08:48.320Z,51.336,-174.822,15.0,4.9,mb,,,,0.8,us,usp00046gx,2014-11-07T00:45:55.301Z,"104 km SSW of Atka, Alaska",earthquake,,,,24.0,reviewed,us,us
1990-03-12T15:26:51.810Z,-3.258,128.887,75.3,4.7,mb,,,,0.7,us,usp00046gy,2014-11-07T00:45:55.305Z,"9 km NNW of Amahai, Indonesia",earthquake,,15.3,,3.0,reviewed,us,us
1990-03-12T16:08:39.640Z,51.104,-177.903,33.0,4.7,mb,,,,1.2,us,usp00046gz,2014-11-07T00:45:55.307Z,"122 km SW of Adak, Alaska",earthquake,,,,5.0,reviewed,us,us
1990-03-12T22:18:12.750Z,51.452,-174.91,15.0,4.9,mb,,,,0.9,us,usp00046ha,2014-11-07T00:45:55.328Z,"96 km SSW of Atka, Alaska",earthquake,,,,8.0,reviewed,us,us
1990-03-12T23:16:09.800Z,51.463,-174.825,15.0,4.7,mb,,,,0.9,us,usp00046hd,2014-11-07T00:45:55.337Z,"92 km SSW of Atka, Alaska",earthquake,,,,3.0,reviewed,us,us
1990-03-12T23:18:14.340Z,-13.231,167.044,163.1,5.2,mw,,,,1.4,us,usp00046he,2025-12-19T21:02:20.858Z,"90 km NW of Sola, Vanuatu",earthquake,,,,,reviewed,us,hrv
1990-03-12T23:58:19.810Z,-5.212,151.781,101.9,4.7,mb,,,,1.1,us,usp00046hg,2014-11-07T00:45:55.354Z,"110 km SSW of Kokopo, Papua New Guinea",earthquake,,9.0,,10.0,reviewed,us,us
1990-03-13T00:02:52.750Z,23.942,145.035,30.3,5.2,mw,,,,1.0,us,usp00046hh,2025-12-19T21:02:22.043Z,"Volcano Islands, Japan region",earthquake,,,,,reviewed,us,hrv
1990-03-13T00:32:59.180Z,73.325,134.909,17.8,5.3,mw,,,,0.9,us,usp00046hj,2025-12-19T21:02:23.151Z,"272 km NE of Tiksi, Russia",earthquake,,,,,reviewed,us,hrv
1990-03-13T00:42:27.460Z,-7.281,-106.443,10.0,5.5,mw,,,,1.1,us,usp00046hk,2025-12-19T21:02:24.339Z,central East Pacific Rise,earthquake,,,,,reviewed,us,hrv
1990-03-13T00:42:30.000Z,-6.36,-107.48,10.0,5.4,mwc,,,,,gcmt,gcmtb031390c,2016-11-09T22:04:25.790Z,central East Pacific Rise,earthquake,,,,,automatic,gcmt,gcmt
1990-03-13T01:04:50.410Z,-16.611,-172.53,29.9,5.4,mw,,,,1.1,us,usp00046hm,2025-12-19T21:02:25.453Z,"153 km ESE of Hihifo, Tonga",earthquake,,,,,reviewed,us,hrv
1990-03-13T01:29:11.500Z,9.822,124.996,28.5,4.9,mb,,,,0.9,us,usp00046hn,2014-11-07T00:45:55.413Z,"29 km SSE of Macrohon, Philippines",earthquake,,,,13.0,reviewed,us,us
1990-03-13T09:23:12.410Z,7.448,126.483,171.3,4.9,mb,,,,1.2,us,usp00046hx,2014-11-07T00:45:55.433Z,"7 km W of San Luis, Philippines",earthquake,,,,17.0,reviewed,us,us
1990-03-13T09:46:04.470Z,24.876,99.162,10.0,4.5,mb,,,,0.9,us,usp00046hy,2014-11-07T00:45:55.438Z,"131 km SW of Dali, China",earthquake,,,,2.0,reviewed,us,us
1990-03-13T13:30:40.370Z,-47.906,165.653,33.0,5.5,mw,,,,1.6,us,usp00046j2,2025-12-19T21:02:26.718Z,"249 km SW of Riverton, New Zealand",earthquake,,,,,reviewed,us,hrv
1990-03-13T15:05:38.810Z,44.51,150.058,33.0,4.8,mb,,,,0.9,us,usp00046j6,2014-11-07T00:45:55.466Z,"189 km ESE of Kuril’sk, Russia",earthquake,,,,22.0,reviewed,us,us
1990-03-13T15:30:06.060Z,47.0,144.741,373.4,4.7,mb,,,,1.0,us,usp00046j8,2014-11-07T00:45:55.483Z,"152 km ESE of Dolinsk, Russia",earthquake,,17.9,,15.0,reviewed,us,us
1990-03-13T19:40:33.680Z,-3.429,-76.913,112.1,5.6,mw,,,,0.9,us,usp00046jg,2022-04-28T19:55:41.499Z,"53 km W of Alianza Cristiana, Peru",earthquake,,,,,reviewed,us,hrv
1990-03-13T23:05:29.420Z,-3.994,39.925,10.0,5.5,mw,,,,1.0,us,usp00046jr,2022-04-28T19:55:43.106Z,"29 km ENE of Mombasa, Kenya",earthquake,,,,,reviewed,us,hrv
1990-03-14T02:31:46.580Z,49.65,155.945,49.1,5.0,mb,,,,0.9,us,usp00046k0,2014-11-07T00:45:55.585Z,"114 km S of Severo-Kuril’sk, Russia",earthquake,,,,46.0,reviewed,us,us
1990-03-14T03:33:17.340Z,10.212,-59.8,47.3,5.4,mw,,,,1.2,us,usp00046k2,2025-12-19T21:02:27.887Z,"148 km SE of Scarborough, Trinidad and Tobago",earthquake,,,,,reviewed,us,hrv
1990-03-14T03:44:49.620Z,4.575,122.62,639.4,5.7,mw,,,,1.1,us,usp00046k3,2022-04-28T19:55:44.263Z,"179 km SSE of Tabiauan, Philippines",earthquake,,,,,reviewed,us,hrv
1990-03-14T10:06:06.130Z,-53.297,160.05,33.0,4.7,mb,,,,1.1,us,usp00046kg,2014-11-07T00:45:55.660Z,Macquarie Island region,earthquake,,,,3.0,reviewed,us,us
1990-03-14T12:03:21.920Z,51.391,-174.96,15.0,4.8,mb,,,,1.1,us,usp00046kn,2014-11-07T00:45:55.786Z,"103 km SSW of Atka, Alaska",earthquake,,,,4.0,reviewed,us,us
1990-03-14T13:33:09.130Z,-8.109,121.788,173.9,5.1,mb,,,,0.9,us,usp00046kq,2014-11-07T00:45:55.817Z,"73 km NW of Maumere, Indonesia",earthquake,,13.2,,10.0,reviewed,us,us
1990-03-14T15:57:48.830Z,29.212,142.319,33.0,4.6,mb,,,,1.0,us,usp00046kt,2014-11-07T00:45:55.860Z,"Izu Islands, Japan region",earthquake,,,,4.0,reviewed,us,us
1990-03-14T17:39:22.910Z,36.86,73.275,33.0,4.6,mb,,,,1.6,us,usp00046kv,2014-11-07T00:45:55.864Z,"85 km E of Khand?d, Afghanistan",earthquake,,,,17.0,reviewed,us,us
1990-03-14T18:43:27.900Z,39.864,142.783,33.0,4.6,mb,,,,1.1,us,usp00046kz,2014-11-07T00:45:56.013Z,"76 km ENE of Miyako, Japan",earthquake,,,,15.0,reviewed,us,us
1990-03-14T19:11:55.650Z,-22.745,169.969,43.9,5.0,mb,,,,1.4,us,usp00046m2,2014-11-07T00:45:56.053Z,"252 km ESE of Tadine, New Caledonia",earthquake,,,,8.0,reviewed,us,us
1990-03-15T00:12:42.920Z,31.658,60.213,16.3,5.2,mw,,,,1.2,us,usp00046ma,2022-04-28T19:55:49.119Z,"140 km WNW of Z?bol, Iran",earthquake,,,,,reviewed,us,hrv
1990-03-15T04:56:34.520Z,-15.13,167.238,132.3,6.5,mw,,,,1.5,us,usp00046mh,2022-04-28T19:55:54.685Z,"20 km ESE of Port-Olry, Vanuatu",earthquake,,,,,reviewed,us,hrv
1990-03-15T06:12:30.640Z,-24.476,-177.418,33.0,5.2,mb,,,,0.8,us,usp00046mk,2014-11-07T00:45:56.622Z,south of the Fiji Islands,earthquake,,,,11.0,reviewed,us,us
1990-03-15T08:13:30.360Z,29.043,142.36,38.7,4.7,mb,,,,0.8,us,usp00046mp,2014-11-07T00:45:56.961Z,"Izu Islands, Japan region",earthquake,,,,13.0,reviewed,us,us
1990-03-15T08:25:43.140Z,53.635,-163.727,33.0,4.8,mb,,,,1.1,us,usp00046mq,2014-11-07T00:45:56.967Z,"Unimak Island region, Alaska",earthquake,,,,15.0,reviewed,us,us
1990-03-15T09:07:01.160Z,-21.143,-68.748,120.0,4.6,mb,,,,1.0,us,usp00046ms,2014-11-07T00:45:56.979Z,"146 km N of Calama, Chile",earthquake,,9.1,,3.0,reviewed,us,us
1990-03-15T12:26:07.360Z,-21.253,-68.878,117.2,4.5,mb,,,,1.2,us,usp00046mv,2014-11-07T00:45:56.983Z,Chile-Bolivia border region,earthquake,,,,5.0,reviewed,us,us
1990-03-15T14:58:45.690Z,-7.486,127.697,178.1,4.6,mb,,,,1.4,us,usp00046n2,2014-11-07T00:45:57.002Z,"138 km NE of Lospalos, Timor Leste",earthquake,,39.7,,2.0,reviewed,us,us
1990-03-15T18:39:57.490Z,51.073,-174.491,15.0,4.6,mb,,,,1.3,us,usp00046n7,2014-11-07T00:45:57.009Z,"126 km S of Atka, Alaska",earthquake,,,,8.0,reviewed,us,us
1990-03-15T22:19:42.060Z,4.762,126.041,182.4,4.9,mb,,,,1.1,us,usp00046ng,2014-11-07T00:45:57.037Z,"95 km SE of Sarangani, Philippines",earthquake,,21.2,,4.0,reviewed,us,us
1990-03-16T00:29:21.010Z,-17.437,-70.614,126.4,4.8,mb,,,,1.2,us,usp00046nh,2014-11-07T00:45:57.040Z,"10 km W of Ilabaya, Peru",earthquake,,8.6,,3.0,reviewed,us,us
1990-03-16T02:01:50.220Z,-13.527,-77.008,31.6,4.9,mb,,,,0.9,us,usp00046nn,2014-11-07T00:45:57.046Z,"83 km SW of San Vicente de Cañete, Peru",earthquake,,,,6.0,reviewed,us,us
1990-03-16T04:07:08.570Z,32.494,48.501,56.6,4.5,mb,,,,0.9,us,usp00046nr,2014-11-07T00:45:57.052Z,western Iran,earthquake,,6.1,,16.0,reviewed,us,us
1990-03-16T04:51:29.370Z,-6.608,-75.709,33.0,4.6,mb,,,,1.4,us,usp00046ns,2014-11-07T00:45:57.056Z,"30 km S of Navarro, Peru",earthquake,,,,2.0,reviewed,us,us
1990-03-16T04:56:30.220Z,21.741,142.993,320.7,4.7,mb,,,,1.2,us,usp00046nt,2014-11-07T00:45:57.057Z,Mariana Islands region,earthquake,,10.5,,19.0,reviewed,us,us
1990-03-16T05:59:02.150Z,6.437,-33.8,10.0,5.1,mb,,,,1.6,us,usp00046nw,2014-11-07T00:45:57.066Z,central Mid-Atlantic Ridge,earthquake,,,,2.0,reviewed,us,us
1990-03-16T06:14:57.200Z,33.74,-33.291,10.0,4.8,mb,,,,1.6,us,usp00046nx,2014-11-07T00:45:57.067Z,northern Mid-Atlantic Ridge,earthquake,,,,4.0,reviewed,us,us
1990-03-16T06:36:57.010Z,5.79,-32.86,10.0,5.1,ms,,,,0.7,us,usp00046ny,2014-11-07T00:45:57.069Z,central Mid-Atlantic Ridge,earthquake,,,,2.0,reviewed,us,us
1990-03-16T08:51:03.450Z,-6.624,-75.631,33.0,4.9,mb,,,,1.1,us,usp00046p3,2014-11-07T00:45:57.077Z,"34 km SSE of Navarro, Peru",earthquake,,,,6.0,reviewed,us,us
1990-03-16T11:43:58.330Z,4.399,126.218,104.4,5.0,mb,,,,1.1,us,usp00046pc,2014-11-07T00:45:57.094Z,"139 km SE of Sarangani, Philippines",earthquake,,9.2,,15.0,reviewed,us,us
1990-03-16T12:14:20.250Z,-18.117,-178.173,543.6,4.9,mb,,,,1.1,us,usp00046pd,2014-11-07T00:45:57.099Z,"265 km E of Levuka, Fiji",earthquake,,5.7,,19.0,reviewed,us,us
1990-03-16T13:46:28.870Z,14.999,-93.619,72.7,4.7,mb,,,,1.0,us,usp00046pj,2014-11-07T00:45:57.119Z,"69 km SW of La Esperanza (El Zapotal), Mexico",earthquake,,7.4,,2.0,reviewed,us,us
1990-03-16T15:52:42.630Z,24.897,-109.035,10.0,6.1,mw,,,,1.3,us,usp00046pp,2022-04-28T19:55:56.345Z,"72 km SSW of El Huitusi, Mexico",earthquake,,,,,reviewed,us,hrv
1990-03-16T16:33:46.060Z,23.771,123.359,33.0,5.1,mb,,,,0.9,us,usp00046pt,2014-11-07T00:45:57.150Z,"85 km SSE of Yonakuni, Japan",earthquake,,4.1,,38.0,reviewed,us,us
1990-03-16T16:46:39.360Z,24.399,-108.804,10.0,4.7,mb,,,,0.8,us,usp00046pv,2014-11-07T00:45:57.160Z,"91 km WSW of Dautillos, Mexico",earthquake,,,,9.0,reviewed,us,us
1990-03-16T22:24:33.380Z,-27.814,66.071,10.0,4.6,mb,,,,0.7,us,usp00046qf,2014-11-07T00:45:57.194Z,Indian Ocean Triple Junction,earthquake,,,,3.0,reviewed,us,us
1990-03-17T00:41:01.020Z,-28.077,26.742,5.0,4.5,mb,,,,0.6,us,usp00046qj,2020-08-28T23:29:05.569Z,"11 km S of Welkom, South Africa",earthquake,,,,1.0,reviewed,us,us
1990-03-17T02:01:04.990Z,-7.147,129.572,103.1,5.0,mb,,,,1.6,us,usp00046qn,2014-11-07T00:45:57.202Z,"Kepulauan Babar, Indonesia",earthquake,,17.0,,6.0,reviewed,us,us
1990-03-17T09:23:16.320Z,-7.084,130.076,110.0,4.6,mb,,,,1.3,us,usp00046r0,2014-11-07T00:45:57.228Z,"Pulau Pulau Tanimbar, Indonesia",earthquake,,,,2.0,reviewed,us,us
1990-03-17T11:14:18.380Z,-15.976,168.063,248.8,4.6,mb,,,,1.3,us,usp00046r3,2014-11-07T00:45:57.235Z,"70 km ENE of Lakatoro, Vanuatu",earthquake,,20.8,,2.0,reviewed,us,us
1990-03-17T12:15:35.860Z,-30.352,-178.13,191.3,4.8,mb,,,,1.2,us,usp00046r5,2014-11-07T00:45:57.239Z,"Kermadec Islands, New Zealand",earthquake,,49.4,,4.0,reviewed,us,us
1990-03-17T12:20:14.160Z,-4.398,144.068,122.6,5.1,mw,,,,0.8,us,usp00046r6,2025-12-19T21:02:29.059Z,"37 km S of Angoram, Papua New Guinea",earthquake,,,,,reviewed,us,hrv
1990-03-17T12:48:02.260Z,-47.295,-13.344,10.0,5.2,mb,,,,1.1,us,usp00046r7,2014-11-07T00:45:57.253Z,southern Mid-Atlantic Ridge,earthquake,,,,19.0,reviewed,us,us
1990-03-17T16:06:33.610Z,-20.248,169.077,76.6,4.8,mb,,,,1.3,us,usp00046rb,2014-11-07T00:45:57.262Z,"81 km SSW of Isangel, Vanuatu",earthquake,,16.5,,3.0,reviewed,us,us
1990-03-18T00:45:16.880Z,9.634,124.403,78.9,4.6,mb,,,,0.9,us,usp00046rq,2014-11-07T00:45:57.284Z,"4 km ESE of Jagna, Philippines",earthquake,,11.2,,6.0,reviewed,us,us
1990-03-18T02:09:25.970Z,2.594,128.41,195.6,4.6,mb,,,,0.7,us,usp00046ru,2014-11-07T00:45:57.290Z,"105 km NNE of Tobelo, Indonesia",earthquake,,56.7,,2.0,reviewed,us,us
1990-03-18T03:55:26.960Z,-11.385,165.826,33.0,4.9,mb,,,,1.0,us,usp00046rx,2014-11-07T00:45:57.295Z,"73 km S of Lata, Solomon Islands",earthquake,,,,7.0,reviewed,us,us
1990-03-18T04:21:45.200Z,-5.198,129.447,234.1,4.9,mb,,,,0.9,us,usp00046ry,2014-11-07T00:45:57.299Z,"213 km SSE of Amahai, Indonesia",earthquake,,7.7,,10.0,reviewed,us,us
1990-03-18T13:25:25.110Z,-22.235,174.088,21.3,4.9,mb,,,,1.3,us,usp00046sj,2014-11-07T00:45:57.407Z,southeast of the Loyalty Islands,earthquake,,,,3.0,reviewed,us,us
1990-03-18T16:48:58.200Z,6.245,125.54,60.7,5.0,mb,,,,1.1,us,usp00046sw,2014-11-07T00:45:57.426Z,"7 km SW of Kinangan, Philippines",earthquake,,,,4.0,reviewed,us,us
1990-03-18T20:03:46.580Z,45.86,154.458,33.0,4.6,mb,,,,1.6,us,usp00046sz,2014-11-07T00:45:57.433Z,east of the Kuril Islands,earthquake,,,,5.0,reviewed,us,us
1990-03-18T22:30:07.600Z,-48.688,106.802,10.0,5.5,mw,,,,1.5,us,usp00046t3,2025-12-19T21:02:30.348Z,southeast Indian Ridge,earthquake,,,,,reviewed,us,hrv
1990-03-18T23:19:29.720Z,-20.286,66.74,20.0,5.2,mw,,,,0.9,us,usp00046t4,2025-12-19T20:56:29.912Z,Mauritius - Reunion region,earthquake,,,,,reviewed,us,hrv
1990-03-19T04:59:43.540Z,-25.027,-68.73,122.4,5.0,mb,,,,1.0,us,usp00046tg,2014-11-07T00:45:57.493Z,"175 km NW of Antofagasta de la Sierra, Argentina",earthquake,,,,17.0,reviewed,us,us
1990-03-19T07:23:05.640Z,-8.21,121.559,40.4,5.0,mb,,,,1.2,us,usp00046tm,2014-11-07T00:45:57.517Z,"70 km N of Ende, Indonesia",earthquake,,,,14.0,reviewed,us,us
1990-03-19T10:46:31.920Z,63.883,-22.074,10.0,4.8,mb,,,,1.1,us,usp00046tt,2014-11-07T00:45:57.540Z,"18 km ENE of Grindavík, Iceland",earthquake,,,,26.0,reviewed,us,us
1990-03-19T12:50:48.920Z,-0.097,122.903,168.8,4.6,mb,,,,0.8,us,usp00046tw,2014-11-07T00:45:57.551Z,"72 km SSW of Gorontalo, Indonesia",earthquake,,7.2,,2.0,reviewed,us,us
1990-03-19T13:15:02.150Z,2.695,-79.682,33.0,4.7,mb,,,,1.2,us,usp00046ty,2014-11-07T00:45:57.555Z,"134 km WNW of Salahonda, Colombia",earthquake,,,,10.0,reviewed,us,us
1990-03-19T14:20:56.030Z,12.735,145.571,49.3,4.6,mb,,,,1.2,us,usp00046tz,2014-11-07T00:45:57.559Z,Guam region,earthquake,,15.2,,2.0,reviewed,us,us
1990-03-19T16:42:05.130Z,-30.997,-175.641,33.0,4.8,mb,,,,1.1,us,usp00046u4,2014-11-07T00:45:57.568Z,Kermadec Islands region,earthquake,,,,2.0,reviewed,us,us
1990-03-19T22:08:39.890Z,-5.593,149.444,146.9,5.1,mb,,,,1.2,us,usp00046u9,2014-11-07T00:45:57.578Z,"68 km N of Kandrian, Papua New Guinea",earthquake,,,,8.0,reviewed,us,us
1990-03-19T23:36:08.140Z,-26.333,178.313,602.0,4.8,mb,,,,0.9,us,usp00046ud,2014-11-07T00:45:57.598Z,south of the Fiji Islands,earthquake,,17.6,,4.0,reviewed,us,us
1990-03-19T23:55:49.180Z,15.275,-91.879,144.6,4.5,mb,,,,1.2,us,usp00046ue,2014-11-07T00:45:57.601Z,"5 km NW of Concepción Tutuapa, Guatemala",earthquake,,,,13.0,reviewed,us,us
1990-03-20T01:12:19.720Z,27.22,141.605,47.0,5.8,mw,,,,0.9,us,usp00046uh,2022-04-28T19:55:57.893Z,"Bonin Islands, Japan region",earthquake,,,,,reviewed,us,hrv
1990-03-20T07:51:55.950Z,15.797,-46.797,10.0,4.8,mb,,,,1.0,us,usp00046up,2014-11-07T00:45:57.646Z,northern Mid-Atlantic Ridge,earthquake,,,,28.0,reviewed,us,us
1990-03-20T10:50:47.050Z,8.33,-103.368,10.0,4.8,mb,,,,1.0,us,usp00046uv,2014-11-07T00:45:57.660Z,northern East Pacific Rise,earthquake,,,,6.0,reviewed,us,us
1990-03-20T11:54:34.200Z,18.263,-61.742,33.0,4.5,mb,,,,1.1,us,usp00046uz,2014-11-07T00:45:57.685Z,"70 km N of Codrington, Antigua and Barbuda",earthquake,,,,2.0,reviewed,us,us
1990-03-20T13:03:47.040Z,-22.333,-69.865,60.9,4.7,mb,,,,1.4,us,usp00046v0,2014-11-07T00:45:57.688Z,"43 km SE of Tocopilla, Chile",earthquake,,11.9,,4.0,reviewed,us,us
1990-03-20T15:35:15.290Z,39.278,138.735,33.0,4.7,mb,,,,0.8,us,usp00046v6,2014-11-07T00:45:57.702Z,"104 km WNW of Sakata, Japan",earthquake,,,,10.0,reviewed,us,us
1990-03-20T16:44:55.420Z,-27.564,-175.478,33.0,4.8,mb,,,,0.9,us,usp00046v8,2014-11-07T00:45:57.706Z,Kermadec Islands region,earthquake,,,,1.0,reviewed,us,us
1990-03-20T17:11:39.720Z,-5.561,129.633,33.7,5.1,mb,,,,1.2,us,usp00046v9,2014-11-07T00:45:57.707Z,"258 km SSE of Amahai, Indonesia",earthquake,,,,13.0,reviewed,us,us
1990-03-20T18:38:45.720Z,-11.675,-76.1,96.2,4.5,mb,,,,1.2,us,usp00046vc,2014-11-07T00:45:57.717Z,"9 km SSE of Morococha, Peru",earthquake,,8.1,,5.0,reviewed,us,us
1990-03-20T18:55:22.330Z,-45.846,96.229,10.0,5.2,mw,,,,1.1,us,usp00046vd,2025-12-19T21:02:31.567Z,southeast Indian Ridge,earthquake,,,,,reviewed,us,hrv
1990-03-20T18:58:37.290Z,-19.968,-177.646,550.3,4.7,mb,,,,1.0,us,usp00046ve,2014-11-07T00:45:57.724Z,"285 km WNW of Haveluloto, Tonga",earthquake,,15.3,,6.0,reviewed,us,us
1990-03-20T21:57:50.270Z,1.372,126.468,33.0,4.6,mb,,,,1.2,us,usp00046vn,2014-11-07T00:45:57.739Z,"120 km WNW of Ternate, Indonesia",earthquake,,,,2.0,reviewed,us,us
1990-03-20T22:04:48.440Z,29.496,131.595,31.4,5.5,mw,,,,0.9,us,usp00046vp,2022-04-28T19:55:59.148Z,"131 km SE of Koshima, Japan",earthquake,,,,,reviewed,us,hrv
1990-03-21T02:12:26.170Z,-19.625,-175.469,33.0,5.2,ms,,,,1.0,us,usp00046vy,2014-11-07T00:45:57.799Z,"118 km W of Pangai, Tonga",earthquake,,,,2.0,reviewed,us,us
1990-03-21T16:46:05.450Z,-31.092,-179.093,144.8,6.6,mw,,,,1.1,us,usp00046wv,2022-04-28T19:56:00.414Z,Kermadec Islands region,earthquake,,,,,reviewed,us,hrv
1990-03-21T18:26:19.540Z,29.996,68.235,25.1,4.9,mb,,,,1.0,us,usp00046wx,2022-04-28T19:56:01.690Z,"30 km ESE of Harnai, Pakistan",earthquake,,,,26.0,reviewed,us,us
1990-03-21T18:30:33.770Z,29.927,68.311,33.0,4.7,mb,,,,0.9,us,usp00046wy,2014-11-07T00:45:57.965Z,"35 km SW of Duki, Pakistan",earthquake,,,,6.0,reviewed,us,us
1990-03-21T18:51:09.510Z,10.825,-65.389,23.7,5.4,mb,,,,1.0,us,usp00046wz,2022-04-28T19:56:03.107Z,"106 km NW of Puerto La Cruz, Venezuela",earthquake,,,,47.0,reviewed,us,us
1990-03-21T22:05:55.610Z,-5.503,152.007,60.8,5.3,mw,,,,0.9,us,usp00046x7,2022-04-28T19:56:04.490Z,"131 km SSW of Kokopo, Papua New Guinea",earthquake,,7.9,,,reviewed,us,hrv
1990-03-21T22:42:17.060Z,33.468,54.36,33.0,4.7,mb,,,,1.2,us,usp00046x8,2014-11-07T00:45:58.054Z,"132 km NNE of Ardak?n, Iran",earthquake,,,,25.0,reviewed,us,us
1990-03-22T00:00:16.410Z,-36.919,177.197,224.7,5.6,mw,,,,1.1,us,usp00046xc,2022-04-28T19:56:10.514Z,"115 km NE of Maketu, New Zealand",earthquake,,2.8,,,reviewed,us,hrv
1990-03-22T02:11:50.680Z,-8.473,158.891,116.2,5.6,mw,,,,0.9,us,usp00046xe,2022-04-28T19:56:12.495Z,"85 km WSW of Buala, Solomon Islands",earthquake,,,,,reviewed,us,hrv
1990-03-22T02:46:06.510Z,29.993,68.39,33.0,4.6,mb,,,,1.1,us,usp00046xf,2014-11-07T00:45:58.131Z,"25 km SW of Duki, Pakistan",earthquake,,,,6.0,reviewed,us,us
1990-03-22T13:27:44.930Z,7.816,126.747,75.9,4.9,mb,,,,1.2,us,usp00046y3,2014-11-07T00:45:58.173Z,"25 km ENE of Kinablangan, Philippines",earthquake,,10.6,,19.0,reviewed,us,us
1990-03-22T16:33:13.170Z,-23.09,-66.172,249.0,4.5,mb,,,,1.3,us,usp00046y9,2014-11-07T00:45:58.189Z,"52 km WNW of El Aguilar, Argentina",earthquake,,16.9,,3.0,reviewed,us,us
1990-03-22T18:23:40.620Z,15.979,-97.86,33.0,4.9,mb,,,,1.0,us,usp00046yd,2014-11-07T00:45:58.196Z,"near the coast of Oaxaca, Mexico",earthquake,,,,19.0,reviewed,us,us
1990-03-23T01:36:51.200Z,-4.21,102.302,62.5,5.0,mb,,,,1.1,us,usp00046yg,2014-11-07T00:45:58.205Z,"45 km S of Bengkulu, Indonesia",earthquake,,12.9,,13.0,reviewed,us,us
1990-03-23T05:37:37.620Z,29.725,51.32,33.0,4.8,mb,,,,0.9,us,usp00046ys,2014-11-07T00:45:58.231Z,"34 km WNW of K?zer?n, Iran",earthquake,,,,9.0,reviewed,us,us
1990-03-23T07:56:56.840Z,-5.709,149.117,147.5,4.9,mb,,,,0.7,us,usp00046yv,2014-11-07T00:45:58.235Z,"New Britain region, Papua New Guinea",earthquake,,6.3,,8.0,reviewed,us,us
1990-03-23T09:40:33.950Z,-6.207,151.876,54.0,4.5,mb,,,,1.5,us,usp00046yy,2014-11-07T00:45:58.241Z,"New Britain region, Papua New Guinea",earthquake,,23.4,,3.0,reviewed,us,us
1990-03-23T11:37:20.970Z,-26.255,-70.636,34.9,4.6,mb,,,,1.0,us,usp00046z1,2014-11-07T00:45:58.245Z,"59 km WNW of Diego de Almagro, Chile",earthquake,,9.6,,5.0,reviewed,us,us
1990-03-23T11:43:27.980Z,-60.023,-26.572,33.0,5.1,mb,,,,1.1,us,usp00046z2,2014-11-07T00:45:58.248Z,South Sandwich Islands region,earthquake,,,,5.0,reviewed,us,us
1990-03-23T13:35:37.420Z,-49.235,122.283,10.0,5.2,mw,,,,1.3,us,usp00046z3,2025-12-19T21:02:32.776Z,western Indian-Antarctic Ridge,earthquake,,,,,reviewed,us,hrv
1990-03-23T13:50:43.160Z,16.044,-96.361,50.0,4.9,mb,,,,1.0,us,usp00046z5,2014-11-07T00:45:58.256Z,"5 km NNW of San Mateo Piñas, Mexico",earthquake,,8.2,,9.0,reviewed,us,us
1990-03-23T14:07:15.470Z,16.132,-96.278,62.8,5.3,mw,,,,0.9,us,usp00046z6,2022-04-28T19:56:17.949Z,"2 km W of San Juan Ozolotepec, Mexico",earthquake,,6.3,,,reviewed,us,hrv
1990-03-23T14:39:04.730Z,-45.552,96.137,10.0,5.1,mb,,,,0.9,us,usp00046z7,2014-11-07T00:45:58.270Z,southeast Indian Ridge,earthquake,,,,7.0,reviewed,us,us
1990-03-23T20:09:50.790Z,36.537,141.558,33.0,4.7,mb,,,,1.0,us,usp00046zc,2014-11-07T00:45:58.286Z,"77 km ESE of Kitaibaraki, Japan",earthquake,,,,2.0,reviewed,us,us
1990-03-23T21:06:03.060Z,43.718,147.756,32.8,5.3,mw,,,,0.9,us,usp00046zf,2025-12-19T21:02:33.980Z,"83 km E of Shikotan, Russia",earthquake,,,,,reviewed,us,hrv
1990-03-24T06:09:05.400Z,-47.315,165.281,33.0,4.5,mb,,,,1.3,us,usp00046zv,2014-11-07T00:45:58.330Z,"234 km WSW of Riverton, New Zealand",earthquake,,,,3.0,reviewed,us,us
1990-03-24T07:05:52.170Z,-47.624,165.261,33.0,5.5,mw,,,,1.3,us,usp00046zx,2022-04-28T19:56:21.221Z,"252 km WSW of Riverton, New Zealand",earthquake,,,,,reviewed,us,hrv
1990-03-24T08:09:14.470Z,51.483,-174.228,33.0,4.6,mb,,,,0.5,us,usp00046zz,2014-11-07T00:45:58.347Z,"79 km S of Atka, Alaska",earthquake,,,,10.0,reviewed,us,us
1990-03-24T10:27:53.530Z,-5.744,146.893,116.9,4.8,mb,,,,1.2,us,usp0004704,2014-11-07T00:45:58.356Z,"108 km N of Lae, Papua New Guinea",earthquake,,10.4,,3.0,reviewed,us,us
1990-03-24T12:58:45.910Z,51.528,-174.347,33.0,4.6,mb,,,,0.6,us,usp0004707,2014-11-07T00:45:58.360Z,"75 km S of Atka, Alaska",earthquake,,,,5.0,reviewed,us,us
1990-03-24T14:49:56.020Z,0.687,125.235,80.6,4.5,mb,,,,0.6,us,usp000470c,2014-11-07T00:45:58.367Z,"77 km SSE of Tondano, Indonesia",earthquake,,8.6,,4.0,reviewed,us,us
1990-03-24T15:28:50.830Z,72.789,5.001,10.0,4.6,mb,,,,1.4,us,usp000470e,2014-11-07T00:45:58.370Z,Norwegian Sea,earthquake,,,,13.0,reviewed,us,us
1990-03-24T17:20:18.320Z,-16.247,-173.058,29.6,5.4,mw,,,,1.1,us,usp000470j,2025-12-19T21:02:35.145Z,"85 km ESE of Hihifo, Tonga",earthquake,,,,,reviewed,us,hrv
1990-03-24T19:11:32.270Z,51.238,-178.91,33.0,4.9,mb,,,,0.9,us,usp000470n,2014-11-07T00:45:58.566Z,"172 km WSW of Adak, Alaska",earthquake,,,,20.0,reviewed,us,us
1990-03-25T00:01:10.680Z,33.619,57.022,33.0,5.2,mw,,,,1.4,us,usp000470v,2022-04-28T19:56:22.664Z,"9 km ENE of Tabas, Iran",earthquake,,,,,reviewed,us,hrv
1990-03-25T00:56:14.710Z,-22.178,-63.619,524.0,4.9,mb,,,,0.9,us,usp000470y,2014-11-07T00:45:58.602Z,"18 km SSE of Yacuiba, Bolivia",earthquake,,3.7,,22.0,reviewed,us,us
1990-03-25T01:10:42.850Z,-32.958,-178.447,33.0,5.4,mw,,,,1.2,us,usp000470z,2025-12-19T21:02:36.272Z,south of the Kermadec Islands,earthquake,,,,,reviewed,us,hrv
1990-03-25T01:32:19.350Z,37.01,72.873,33.0,4.9,mb,,,,1.1,us,usp0004710,2014-11-07T00:45:58.617Z,"49 km E of Khand?d, Afghanistan",earthquake,,,,30.0,reviewed,us,us
1990-03-25T03:14:59.550Z,-8.821,124.17,113.5,4.5,mb,,,,1.3,us,usp0004714,2014-11-07T00:45:58.640Z,"48 km NNW of Pante Makasar, Timor Leste",earthquake,,21.9,,4.0,reviewed,us,us
1990-03-25T06:22:20.380Z,7.944,127.329,53.1,5.2,mw,,,,1.3,us,usp000471d,2025-12-19T21:02:37.594Z,"90 km ENE of Kinablangan, Philippines",earthquake,,15.0,,,reviewed,us,hrv
1990-03-25T06:43:38.170Z,7.913,127.102,33.0,4.6,mb,,,,1.2,us,usp000471f,2014-11-07T00:45:58.663Z,"65 km ENE of Kinablangan, Philippines",earthquake,,,,6.0,reviewed,us,us
1990-03-25T07:24:04.130Z,21.002,122.128,10.0,4.5,mb,,,,1.3,us,usp000471g,2014-11-07T00:45:58.666Z,"63 km NNE of Basco, Philippines",earthquake,,,,1.0,reviewed,us,us
1990-03-25T09:32:57.110Z,13.139,-70.085,10.0,4.9,mb,,,,1.1,us,usp000471p,2014-11-07T00:45:58.675Z,"160 km N of Punto Fijo, Venezuela",earthquake,,,,7.0,reviewed,us,us
1990-03-25T12:21:03.980Z,-14.992,-70.575,215.4,4.6,mb,,,,1.5,us,usp000471x,2014-11-07T00:45:58.691Z,"11 km S of Ayaviri, Peru",earthquake,,11.1,,8.0,reviewed,us,us
1990-03-25T13:16:06.920Z,9.814,-84.828,26.6,6.4,ms,,,,1.0,us,usp000471z,2022-04-28T19:56:24.015Z,"11 km E of Paquera, Costa Rica",earthquake,,,,2.0,reviewed,us,us
1990-03-25T13:22:55.600Z,9.919,-84.808,22.2,7.3,mw,,,,1.1,us,usp0004720,2022-04-28T19:56:25.530Z,"7 km SSE of Puntarenas, Costa Rica",earthquake,,,,,reviewed,us,hrv
1990-03-25T14:17:18.820Z,37.034,72.942,33.0,6.3,ms,,,,1.3,us,usp0004722,2022-04-28T19:56:27.268Z,"56 km E of Khand?d, Afghanistan",earthquake,,,,5.0,reviewed,us,us
1990-03-25T14:50:55.150Z,-18.399,167.931,33.0,4.6,mb,,,,1.4,us,usp0004724,2014-11-07T00:45:58.829Z,"83 km SSW of Port-Vila, Vanuatu",earthquake,,,,5.0,reviewed,us,us
1990-03-25T15:10:40.140Z,36.979,73.062,33.0,5.1,mb,,,,1.3,us,usp0004726,2022-04-28T19:56:28.906Z,"66 km E of Khand?d, Afghanistan",earthquake,,,,42.0,reviewed,us,us
1990-03-25T15:46:36.300Z,36.953,73.051,33.0,5.3,mb,,,,1.0,us,usp0004728,2022-04-28T19:56:30.479Z,"65 km E of Khand?d, Afghanistan",earthquake,,,,65.0,reviewed,us,us
1990-03-25T16:22:14.850Z,36.824,72.659,33.0,4.5,mb,,,,1.5,us,usp000472b,2014-11-07T00:45:58.868Z,"33 km ESE of Khand?d, Afghanistan",earthquake,,,,7.0,reviewed,us,us
1990-03-25T16:26:07.580Z,36.97,72.962,33.0,4.8,mb,,,,1.3,us,usp000472c,2014-11-07T00:45:58.870Z,"57 km E of Khand?d, Afghanistan",earthquake,,,,16.0,reviewed,us,us
1990-03-25T17:13:22.800Z,36.958,72.734,33.0,4.7,mb,,,,1.3,us,usp000472d,2014-11-07T00:45:58.874Z,"37 km E of Khand?d, Afghanistan",earthquake,,,,10.0,reviewed,us,us
1990-03-25T17:25:46.650Z,-19.625,-177.544,542.9,4.8,mb,,,,1.1,us,usp000472e,2014-11-07T00:45:58.877Z,"296 km NW of Haveluloto, Tonga",earthquake,,9.3,,21.0,reviewed,us,us
1990-03-25T17:28:26.890Z,37.131,72.938,33.0,4.9,mb,,,,1.0,us,usp000472f,2014-11-07T00:45:58.887Z,"58 km ENE of Khand?d, Afghanistan",earthquake,,,,29.0,reviewed,us,us
1990-03-25T18:32:31.890Z,-10.912,166.25,182.3,4.5,mb,,,,1.0,us,usp000472j,2014-11-07T00:45:58.901Z,"53 km ESE of Lata, Solomon Islands",earthquake,,14.5,,6.0,reviewed,us,us
1990-03-25T20:22:06.120Z,-7.794,128.488,128.7,4.6,mb,,,,1.0,us,usp000472n,2014-11-07T00:45:58.908Z,"182 km ENE of Lospalos, Timor Leste",earthquake,,15.8,,3.0,reviewed,us,us
1990-03-25T21:35:24.440Z,9.591,-84.659,40.8,5.7,mw,,,,0.9,us,usp000472s,2022-04-28T17:26:04.179Z,"4 km SW of Jacó, Costa Rica",earthquake,,4.0,,,reviewed,us,hrv
1990-03-26T03:17:36.110Z,29.951,132.04,33.0,4.9,mb,,,,1.1,us,usp0004731,2014-11-07T00:45:59.158Z,"132 km SE of Nishinoomote, Japan",earthquake,,,,5.0,reviewed,us,us
1990-03-26T04:12:42.880Z,-5.236,102.52,34.1,5.0,mb,,,,1.1,us,usp0004732,2014-11-07T00:45:59.160Z,"156 km SSW of Pagar Alam, Indonesia",earthquake,,,,10.0,reviewed,us,us
1990-03-26T05:06:29.690Z,-6.512,130.288,182.2,4.5,mb,,,,1.1,us,usp0004733,2014-11-07T00:45:59.167Z,"289 km WSW of Tual, Indonesia",earthquake,,11.9,,5.0,reviewed,us,us
1990-03-26T05:24:30.750Z,-26.737,-70.781,29.6,5.1,mb,,,,1.0,us,usp0004734,2014-11-07T00:45:59.169Z,"82 km NNW of Copiapó, Chile",earthquake,,,,13.0,reviewed,us,us
1990-03-26T05:58:22.220Z,-26.793,-70.793,33.0,5.1,mb,,,,1.2,us,usp0004735,2014-11-07T00:45:59.176Z,"78 km NW of Copiapó, Chile",earthquake,,,,15.0,reviewed,us,us
1990-03-26T11:23:09.590Z,-5.667,112.873,33.0,5.0,ms,,,,1.1,us,usp000473b,2014-11-07T00:45:59.188Z,"144 km NNE of Paciran, Indonesia",earthquake,,13.1,,3.0,reviewed,us,us
1990-03-26T12:41:48.750Z,13.183,145.551,55.5,4.9,mb,,,,0.8,us,usp000473g,2014-11-07T00:45:59.211Z,Guam region,earthquake,,7.1,,12.0,reviewed,us,us
1990-03-26T17:35:33.470Z,37.111,72.673,33.0,4.5,mb,,,,1.4,us,usp000473m,2014-11-07T00:45:59.220Z,"36 km ENE of Khand?d, Afghanistan",earthquake,,,,8.0,reviewed,us,us
1990-03-26T20:31:07.910Z,-6.231,112.399,33.0,4.6,mb,,,,1.2,us,usp000473s,2014-11-07T00:45:59.229Z,"71 km N of Paciran, Indonesia",earthquake,,,,3.0,reviewed,us,us
1990-03-26T21:25:45.730Z,-34.634,-72.617,33.0,5.0,mb,,,,0.4,us,usp000473w,2014-11-07T00:45:59.240Z,"79 km NNW of Constitución, Chile",earthquake,,,,1.0,reviewed,us,us
1990-03-26T21:53:28.350Z,17.317,121.425,27.7,4.8,mb,,,,1.3,us,usp000473y,2014-11-07T00:45:59.244Z,"7 km NW of Paracelis, Philippines",earthquake,,7.2,,13.0,reviewed,us,us
1990-03-26T22:08:57.130Z,44.462,148.772,33.0,5.8,ms,,,,0.9,us,usp000473z,2014-11-07T00:45:59.248Z,"110 km SE of Kuril’sk, Russia",earthquake,,,,1.0,reviewed,us,us
1990-03-26T22:19:29.810Z,37.0,72.771,33.0,4.8,mb,,,,1.2,us,usp0004740,2014-11-07T00:45:59.254Z,"40 km E of Khand?d, Afghanistan",earthquake,,,,25.0,reviewed,us,us
1990-03-26T22:47:16.750Z,9.253,125.606,39.2,5.9,mw,,,,1.1,us,usp0004741,2022-04-28T19:56:31.804Z,"5 km ENE of Jagupit, Philippines",earthquake,,5.9,,,reviewed,us,hrv
1990-03-26T23:13:26.610Z,2.528,-84.29,33.0,4.5,mb,,,,0.9,us,usp0004743,2014-11-07T00:45:59.282Z,off the coast of Central America,earthquake,,,,5.0,reviewed,us,us
1990-03-27T00:20:53.660Z,-15.071,167.282,189.2,5.2,mb,,,,1.1,us,usp0004746,2014-11-07T00:45:59.288Z,"22 km E of Port-Olry, Vanuatu",earthquake,,11.7,,24.0,reviewed,us,us
1990-03-27T00:27:29.340Z,54.635,160.931,70.7,4.6,mb,,,,1.1,us,usp0004747,2014-11-07T00:45:59.299Z,"135 km SE of Atlasovo, Russia",earthquake,,,,15.0,reviewed,us,us
1990-03-27T01:12:31.130Z,-24.649,-179.996,549.7,4.9,mb,,,,0.7,us,usp0004749,2014-11-07T00:45:59.305Z,south of the Fiji Islands,earthquake,,6.6,,10.0,reviewed,us,us
1990-03-27T01:22:28.550Z,-15.23,167.387,129.4,5.1,mb,,,,1.1,us,usp000474b,2014-11-07T00:45:59.311Z,Vanuatu,earthquake,,28.1,,8.0,reviewed,us,us
1990-03-27T03:00:20.880Z,7.85,126.961,45.0,4.6,mb,,,,1.3,us,usp000474f,2014-11-07T00:45:59.323Z,"48 km ENE of Kinablangan, Philippines",earthquake,,,,7.0,reviewed,us,us
1990-03-27T03:56:41.120Z,-0.639,124.688,105.9,4.7,mb,,,,0.4,us,usp000474j,2014-11-07T00:45:59.339Z,"214 km E of Luwuk, Indonesia",earthquake,,26.3,,2.0,reviewed,us,us
1990-03-27T07:55:05.310Z,-0.893,120.513,46.5,4.8,mb,,,,0.9,us,usp000474p,2014-11-07T00:45:59.347Z,"61 km NNW of Poso, Indonesia",earthquake,,10.0,,3.0,reviewed,us,us
1990-03-27T14:27:21.610Z,-6.675,154.849,92.4,4.6,mb,,,,1.2,us,usp000474x,2014-11-07T00:45:59.366Z,"80 km WSW of Panguna, Papua New Guinea",earthquake,,11.1,,6.0,reviewed,us,us
1990-03-27T14:52:19.540Z,9.54,-84.755,35.5,4.9,mb,,,,1.0,us,usp000474y,2014-11-07T00:45:59.369Z,"16 km WSW of Jacó, Costa Rica",earthquake,,4.3,,27.0,reviewed,us,us
1990-03-27T15:35:25.690Z,29.445,131.436,33.0,4.6,mb,,,,1.1,us,usp000474z,2014-11-07T00:45:59.376Z,"123 km SE of Koshima, Japan",earthquake,,,,7.0,reviewed,us,us
1990-03-27T17:04:43.290Z,-6.041,127.817,423.6,4.8,mb,,,,0.7,us,usp0004754,2014-11-07T00:45:59.390Z,"262 km S of Ambon, Indonesia",earthquake,,11.2,,3.0,reviewed,us,us
1990-03-27T20:04:16.230Z,-5.298,145.865,81.7,5.4,mw,,,,0.9,us,usp0004759,2025-12-19T21:02:38.882Z,"12 km SE of Madang, Papua New Guinea",earthquake,,,,,reviewed,us,hrv
1990-03-27T21:01:00.310Z,-4.638,152.934,73.7,4.6,mb,,,,0.7,us,usp000475b,2014-11-07T00:45:59.413Z,"80 km ESE of Kokopo, Papua New Guinea",earthquake,,8.5,,10.0,reviewed,us,us
1990-03-28T00:43:36.090Z,43.573,147.924,33.0,4.5,mb,,,,1.1,us,usp000475g,2014-11-07T00:45:59.435Z,"100 km ESE of Shikotan, Russia",earthquake,,,,10.0,reviewed,us,us
1990-03-28T00:50:31.530Z,13.872,120.803,204.5,4.6,mb,,,,1.0,us,usp000475h,2014-11-07T00:45:59.445Z,"6 km SW of Sinisian, Philippines",earthquake,,5.6,,12.0,reviewed,us,us
1990-03-28T01:20:41.520Z,-21.81,175.19,10.0,5.4,mw,,,,1.0,us,usp000475k,2025-12-19T21:02:40.095Z,south of the Fiji Islands,earthquake,,,,,reviewed,us,hrv
1990-03-28T05:47:31.510Z,38.191,14.93,37.2,4.7,mb,,,,1.3,us,usp000475q,2014-11-07T00:45:59.863Z,"2 km NNW of San Giorgio, Italy",earthquake,,6.6,,12.0,reviewed,us,us
1990-03-28T07:19:23.690Z,23.248,142.587,33.0,4.6,mb,,,,1.0,us,usp000475u,2014-11-07T00:46:00.061Z,"Volcano Islands, Japan region",earthquake,,,,6.0,reviewed,us,us
1990-03-28T11:06:45.190Z,37.08,72.815,33.0,4.6,mb,,,,1.3,us,usp000475y,2014-11-07T00:46:00.297Z,"46 km ENE of Khand?d, Afghanistan",earthquake,,,,10.0,reviewed,us,us
1990-03-28T14:27:23.310Z,-5.61,149.474,166.8,5.3,mb,,,,1.0,us,usp0004763,2014-11-07T00:46:00.498Z,"66 km N of Kandrian, Papua New Guinea",earthquake,,6.5,,22.0,reviewed,us,us
1990-03-28T14:31:09.230Z,49.509,-128.131,10.0,4.5,mb,,,,1.3,us,usp0004764,2014-11-07T00:46:00.597Z,"139 km WSW of Vernon, Canada",earthquake,,,,11.0,reviewed,us,us
1990-03-28T19:50:19.970Z,-16.094,-173.112,33.0,5.2,mw,,,,1.2,us,usp000476b,2025-12-19T21:02:41.200Z,"74 km ESE of Hihifo, Tonga",earthquake,,,,,reviewed,us,hrv
1990-03-28T21:58:31.400Z,36.49,87.381,33.0,4.8,mb,,,,0.9,us,usp000476e,2014-11-07T00:46:00.731Z,Xinjiang-Xizang border region,earthquake,,,,13.0,reviewed,us,us
1990-03-29T01:01:53.980Z,-49.017,109.015,10.0,4.9,mb,,,,1.1,us,usp000476k,2014-11-07T00:46:00.742Z,southeast Indian Ridge,earthquake,,,,4.0,reviewed,us,us
1990-03-29T01:42:24.350Z,-20.93,-175.91,33.0,5.0,mb,,,,0.9,us,usp000476m,2014-11-07T00:46:00.744Z,"76 km WNW of Haveluloto, Tonga",earthquake,,,,11.0,reviewed,us,us
1990-03-29T04:34:04.290Z,45.331,150.204,49.9,5.1,mw,,,,0.7,us,usp000476r,2025-12-19T21:02:42.383Z,"182 km E of Kuril’sk, Russia",earthquake,,,,,reviewed,us,hrv
1990-03-29T05:54:14.770Z,-32.859,-177.169,33.0,4.6,mb,,,,1.6,us,usp000476u,2014-11-07T00:46:00.784Z,south of the Kermadec Islands,earthquake,,,,3.0,reviewed,us,us
1990-03-29T06:48:18.370Z,-18.445,168.016,33.0,4.6,mb,,,,1.7,us,usp000476w,2014-11-07T00:46:00.791Z,"84 km SSW of Port-Vila, Vanuatu",earthquake,,,,2.0,reviewed,us,us
1990-03-29T09:14:33.740Z,53.768,-159.7,33.0,4.5,mb,,,,1.2,us,usp0004770,2014-11-07T00:46:00.800Z,"182 km SSE of Sand Point, Alaska",earthquake,,,,4.0,reviewed,us,us
1990-03-29T09:54:13.230Z,-19.966,175.548,33.0,4.7,mb,,,,1.1,us,usp0004771,2014-11-07T00:46:00.803Z,south of the Fiji Islands,earthquake,,,,4.0,reviewed,us,us
1990-03-29T14:15:44.820Z,16.572,145.831,24.0,5.2,mw,,,,1.0,us,usp0004777,2022-04-28T19:56:33.133Z,"150 km N of Saipan, Northern Mariana Islands",earthquake,,,,,reviewed,us,hrv
1990-03-29T14:36:29.260Z,16.546,145.867,33.0,4.8,mb,,,,1.1,us,usp0004778,2014-11-07T00:46:00.837Z,"148 km N of Saipan, Northern Mariana Islands",earthquake,,,,8.0,reviewed,us,us
1990-03-29T16:19:15.800Z,39.408,73.256,24.8,5.4,mw,,,,1.0,us,usp0004779,2022-04-28T19:56:38.783Z,"86 km ESE of Kyzyl-Eshme, Kyrgyzstan",earthquake,,,,,reviewed,us,hrv
1990-03-29T17:17:56.670Z,-31.219,-178.106,87.7,4.7,mb,,,,1.3,us,usp000477d,2014-11-07T00:46:00.878Z,Kermadec Islands region,earthquake,,32.6,,4.0,reviewed,us,us
1990-03-29T19:56:34.260Z,51.12,15.787,10.0,4.5,mb,,,,1.1,us,usp000477j,2020-08-28T23:30:12.151Z,"9 km W of Z?otoryja, Poland",earthquake,,,,2.0,reviewed,us,us
1990-03-29T23:30:29.870Z,-34.187,-72.298,60.3,4.9,mb,,,,0.7,us,usp000477m,2014-11-07T00:46:00.898Z,"91 km SW of San Antonio, Chile",earthquake,,24.5,,3.0,reviewed,us,us
1990-03-30T00:31:40.190Z,-5.089,129.35,33.0,4.7,mb,,,,1.9,us,usp000477q,2014-11-07T00:46:00.903Z,"199 km SSE of Amahai, Indonesia",earthquake,,,,2.0,reviewed,us,us
1990-03-30T00:42:06.960Z,20.231,122.038,123.9,5.6,mw,,,,0.9,us,usp000477r,2022-04-28T19:56:43.897Z,"25 km SSE of Basco, Philippines",earthquake,,2.6,,,reviewed,us,hrv
1990-03-30T02:13:01.960Z,52.418,-170.669,33.0,4.7,mb,,,,1.0,us,usp000477u,2014-11-07T00:46:01.034Z,"135 km WSW of Nikolski, Alaska",earthquake,,,,18.0,reviewed,us,us
1990-03-30T02:53:57.660Z,16.479,145.99,21.7,5.3,mb,,,,1.1,us,usp000477z,2014-11-07T00:46:01.045Z,"142 km N of Saipan, Northern Mariana Islands",earthquake,,,,18.0,reviewed,us,us
1990-03-30T05:20:30.260Z,-23.641,179.194,529.6,4.7,mb,,,,1.4,us,usp0004784,2014-11-07T00:46:01.060Z,south of the Fiji Islands,earthquake,,11.0,,10.0,reviewed,us,us
1990-03-30T07:08:00.040Z,36.426,70.534,210.4,4.5,mb,,,,0.9,us,usp0004786,2014-11-07T00:46:01.064Z,"55 km SSW of Jurm, Afghanistan",earthquake,,7.8,,33.0,reviewed,us,us
1990-03-30T07:43:34.730Z,16.507,145.937,33.0,5.1,mb,,,,1.1,us,usp0004789,2014-11-07T00:46:01.072Z,"144 km N of Saipan, Northern Mariana Islands",earthquake,,,,19.0,reviewed,us,us
1990-03-30T08:11:32.250Z,-24.303,179.846,628.1,4.9,mb,,,,1.0,us,usp000478a,2014-11-07T00:46:01.078Z,south of the Fiji Islands,earthquake,,40.7,,6.0,reviewed,us,us
1990-03-30T08:27:19.290Z,16.479,145.956,33.0,4.8,mb,,,,1.1,us,usp000478b,2014-11-07T00:46:01.080Z,"141 km N of Saipan, Northern Mariana Islands",earthquake,,,,13.0,reviewed,us,us
1990-03-30T11:35:41.780Z,16.6,145.948,33.0,4.6,mb,,,,1.2,us,usp000478f,2014-11-07T00:46:01.090Z,"154 km N of Saipan, Northern Mariana Islands",earthquake,,,,9.0,reviewed,us,us
1990-03-30T15:07:28.730Z,16.349,145.933,33.0,4.8,mb,,,,1.0,us,usp000478n,2014-11-07T00:46:01.102Z,"127 km N of Saipan, Northern Mariana Islands",earthquake,,,,6.0,reviewed,us,us
1990-03-31T04:52:01.620Z,-24.003,-179.907,499.4,4.6,mb,,,,0.8,us,usp000479b,2014-11-07T00:46:01.304Z,south of the Fiji Islands,earthquake,,50.5,,2.0,reviewed,us,us
1990-03-31T05:18:49.690Z,13.1,-70.215,10.0,4.7,ms,,,,1.0,us,usp000479c,2014-11-07T00:46:01.307Z,"155 km N of Punto Fijo, Venezuela",earthquake,,,,1.0,reviewed,us,us
1990-03-31T06:35:53.690Z,16.495,145.892,33.0,4.7,mb,,,,0.9,us,usp000479f,2014-11-07T00:46:01.315Z,"142 km N of Saipan, Northern Mariana Islands",earthquake,,,,10.0,reviewed,us,us
1990-03-31T08:54:55.670Z,-23.539,-114.988,10.0,5.0,mb,,,,1.2,us,usp000479k,2014-11-07T00:46:01.327Z,Easter Island region,earthquake,,,,9.0,reviewed,us,us
1990-03-31T12:12:23.790Z,53.889,163.413,33.0,4.5,mb,,,,0.8,us,usp000479t,2014-11-07T00:46:01.342Z,"267 km SSE of Ust’-Kamchatsk Staryy, Russia",earthquake,,,,13.0,reviewed,us,us
1990-03-31T12:20:14.790Z,8.196,126.428,33.0,4.5,mb,,,,0.5,us,usp000479v,2014-11-07T00:46:01.345Z,"4 km N of Barcelona, Philippines",earthquake,,,,8.0,reviewed,us,us
1990-03-31T14:08:02.580Z,16.451,145.8,33.0,4.7,mb,,,,1.1,us,usp000479z,2014-11-07T00:46:01.353Z,"137 km N of Saipan, Northern Mariana Islands",earthquake,,,,10.0,reviewed,us,us
1990-03-31T16:54:51.080Z,-16.006,167.805,33.0,4.8,mb,,,,1.0,us,usp00047a2,2014-11-07T00:46:01.363Z,"42 km ENE of Lakatoro, Vanuatu",earthquake,,,,6.0,reviewed,us,us
1990-03-31T19:31:42.750Z,42.891,146.969,21.0,6.0,mw,,,,0.9,us,usp00047a7,2022-04-28T19:56:44.768Z,"102 km S of Shikotan, Russia",earthquake,,,,,reviewed,us,hrv
1990-03-31T20:19:35.370Z,-39.97,45.783,10.0,5.8,ms,,,,1.3,us,usp00047a9,2022-04-28T17:26:06.166Z,Southwest Indian Ridge,earthquake,,,,2.0,reviewed,us,us
1990-03-31T20:55:34.260Z,42.96,146.98,41.3,5.0,ms,,,,0.9,us,usp00047aa,2014-11-07T00:46:01.429Z,"95 km SSE of Shikotan, Russia",earthquake,,,,1.0,reviewed,us,us
1990-03-31T21:09:23.550Z,42.792,147.001,34.8,4.7,mb,,,,1.0,us,usp00047ac,2014-11-07T00:46:01.436Z,"114 km SSE of Shikotan, Russia",earthquake,,,,28.0,reviewed,us,us
1990-03-31T21:12:34.350Z,42.853,146.973,33.0,4.9,mb,,,,1.2,us,usp00047ad,2014-11-07T00:46:01.441Z,"107 km S of Shikotan, Russia",earthquake,,,,32.0,reviewed,us,us
1990-04-01T00:46:48.290Z,35.814,70.943,74.8,5.1,mb,,,,1.0,us,usp00047ak,2014-11-07T00:46:02.890Z,"43 km N of P?r?n, Afghanistan",earthquake,,9.9,,62.0,reviewed,us,us
1990-04-01T10:52:36.280Z,-34.973,-67.299,29.0,4.5,mb,,,,0.8,us,usp00047b0,2014-11-07T00:46:03.297Z,"102 km ESE of San Rafael, Argentina",earthquake,,10.4,,2.0,reviewed,us,us
1990-04-01T11:36:39.670Z,-5.811,129.826,217.5,4.8,mb,,,,0.6,us,usp00047b2,2014-11-07T00:46:03.320Z,"291 km SSE of Amahai, Indonesia",earthquake,,8.4,,2.0,reviewed,us,us
1990-04-01T12:07:04.360Z,-31.696,-72.028,58.7,4.9,mb,,,,0.7,us,usp00047b5,2014-11-07T00:46:03.349Z,"81 km W of Illapel, Chile",earthquake,,10.7,,2.0,reviewed,us,us
1990-04-01T15:38:54.280Z,-23.357,-111.733,10.0,4.8,mb,,,,0.7,us,usp00047bc,2014-11-07T00:46:03.416Z,Easter Island region,earthquake,,,,9.0,reviewed,us,us
1990-04-01T16:13:05.350Z,24.358,141.188,208.0,5.4,mw,,,,1.0,us,usp00047bd,2025-12-19T21:01:53.727Z,"Volcano Islands, Japan region",earthquake,,,,,reviewed,us,hrv
1990-04-02T05:11:20.130Z,8.248,127.058,46.8,4.8,mb,,,,1.4,us,usp00047c1,2014-11-07T00:46:03.721Z,"69 km E of Barcelona, Philippines",earthquake,,17.7,,11.0,reviewed,us,us
1990-04-02T05:56:09.760Z,-30.805,-177.729,51.8,5.1,mb,,,,1.1,us,usp00047c5,2014-11-07T00:46:03.761Z,"Kermadec Islands, New Zealand",earthquake,,,,10.0,reviewed,us,us
1990-04-02T06:22:57.680Z,42.908,146.87,33.0,4.8,mb,,,,0.9,us,usp00047c7,2014-11-07T00:46:03.942Z,"99 km S of Shikotan, Russia",earthquake,,,,35.0,reviewed,us,us
1990-04-02T08:19:34.100Z,-10.066,154.375,33.0,4.9,mb,,,,1.0,us,usp00047c9,2014-11-07T00:46:04.015Z,D'Entrecasteaux Islands region,earthquake,,,,10.0,reviewed,us,us
1990-04-02T09:38:58.110Z,42.901,146.898,38.5,5.0,mb,,,,1.0,us,usp00047cc,2014-11-07T00:46:04.183Z,"100 km S of Shikotan, Russia",earthquake,,7.8,,46.0,reviewed,us,us
1990-04-02T12:22:45.220Z,-18.005,-174.858,158.6,4.5,mb,,,,1.1,us,usp00047cf,2014-11-07T00:46:04.328Z,"116 km NW of Neiafu, Tonga",earthquake,,18.6,,8.0,reviewed,us,us
1990-04-02T12:34:02.580Z,53.453,169.866,22.9,4.7,mb,,,,0.9,us,usp00047cg,2014-11-07T00:46:04.335Z,"232 km WNW of Attu Station, Alaska",earthquake,,,,34.0,reviewed,us,us
1990-04-02T12:38:59.230Z,29.386,141.862,33.0,4.9,mb,,,,1.4,us,usp00047ch,2014-11-07T00:46:04.356Z,"Izu Islands, Japan region",earthquake,,,,17.0,reviewed,us,us
1990-04-02T12:44:37.180Z,29.359,142.054,33.0,4.5,mb,,,,1.2,us,usp00047cj,2014-11-07T00:46:04.385Z,"Izu Islands, Japan region",earthquake,,,,3.0,reviewed,us,us
1990-04-02T13:46:31.760Z,52.314,-2.985,18.0,4.7,mb,,,,1.3,us,usp00047ck,2020-08-28T23:30:24.809Z,"4 km NNE of Presteigne, United Kingdom",earthquake,,3.8,,18.0,reviewed,us,us
1990-04-02T13:56:34.830Z,-32.672,-72.086,40.8,5.7,mw,,,,1.1,us,usp00047cn,2022-04-28T19:50:35.548Z,"58 km NW of Valparaíso, Chile",earthquake,,6.9,,,reviewed,us,hrv
1990-04-02T14:41:47.920Z,49.245,156.322,33.0,5.1,ms,,,,0.8,us,usp00047cp,2014-11-07T00:46:04.528Z,"159 km S of Severo-Kuril’sk, Russia",earthquake,,,,1.0,reviewed,us,us
1990-04-02T16:04:21.060Z,2.745,126.866,33.0,4.9,mb,,,,0.5,us,usp00047cu,2014-11-07T00:46:04.559Z,"169 km NW of Tobelo, Indonesia",earthquake,,,,9.0,reviewed,us,us
1990-04-02T19:06:10.970Z,33.192,68.294,12.6,5.1,mw,,,,1.1,us,usp00047d0,2022-04-28T19:50:41.768Z,"40 km W of Sharan, Afghanistan",earthquake,,,,,reviewed,us,hrv
1990-04-03T02:55:17.320Z,13.095,124.864,30.0,4.8,mb,,,,1.3,us,usp00047dc,2014-11-07T00:46:04.687Z,"Catanduanes, Philippines",earthquake,,,,14.0,reviewed,us,us
1990-04-03T07:33:25.650Z,-5.843,147.664,88.2,6.2,mw,,,,0.9,us,usp00047dh,2022-04-28T19:50:46.939Z,"eastern New Guinea region, Papua New Guinea",earthquake,,,,,reviewed,us,hrv
1990-04-03T11:29:44.890Z,53.704,160.384,33.0,4.5,mb,,,,0.9,us,usp00047dn,2014-11-07T00:46:04.852Z,"136 km ENE of Petropavlovsk-Kamchatsky, Russia",earthquake,,,,9.0,reviewed,us,us
1990-04-03T11:52:06.230Z,9.938,-84.842,33.0,4.6,mb,,,,1.1,us,usp00047dq,2014-11-07T00:46:04.860Z,"4 km S of Puntarenas, Costa Rica",earthquake,,,,7.0,reviewed,us,us
1990-04-03T11:54:12.130Z,-2.829,140.352,33.0,4.9,mb,,,,0.6,us,usp00047dr,2014-11-07T00:46:04.872Z,"40 km SW of Abepura, Indonesia",earthquake,,,,8.0,reviewed,us,us
1990-04-03T16:49:49.750Z,-5.614,113.01,36.1,4.6,mb,,,,0.8,us,usp00047dt,2014-11-07T00:46:04.882Z,"156 km NNE of Paciran, Indonesia",earthquake,,12.8,,8.0,reviewed,us,us
1990-04-03T16:53:52.050Z,-37.881,-73.117,33.0,5.1,mb,,,,0.9,us,usp00047du,2014-11-07T00:46:04.888Z,"26 km ESE of Cañete, Chile",earthquake,,,,5.0,reviewed,us,us
1990-04-03T17:27:05.240Z,28.993,128.766,33.0,4.9,mb,,,,1.1,us,usp00047dv,2014-11-07T00:46:04.898Z,"98 km NW of Naze, Japan",earthquake,,,,7.0,reviewed,us,us
1990-04-03T17:36:14.500Z,37.103,73.177,33.0,4.9,mb,,,,1.4,us,usp00047dw,2014-11-07T00:46:04.902Z,"78 km ENE of Khand?d, Afghanistan",earthquake,,,,27.0,reviewed,us,us
1990-04-03T17:46:48.770Z,-6.011,147.811,109.3,4.7,mb,,,,1.1,us,usp00047dx,2014-11-07T00:46:04.918Z,"60 km N of Finschhafen, Papua New Guinea",earthquake,,10.6,,5.0,reviewed,us,us
1990-04-03T19:38:36.360Z,21.625,144.171,130.6,4.5,mb,,,,0.9,us,usp00047dz,2014-11-07T00:46:04.929Z,Mariana Islands region,earthquake,,17.0,,8.0,reviewed,us,us
1990-04-03T20:04:37.070Z,-22.243,174.265,33.0,5.1,mw,,,,1.2,us,usp00047e0,2025-12-19T21:01:54.626Z,southeast of the Loyalty Islands,earthquake,,,,,reviewed,us,hrv
1990-04-03T20:13:33.130Z,12.494,-87.13,80.8,4.6,mb,,,,1.0,us,usp00047e1,2014-11-07T00:46:04.953Z,"4 km ENE of Corinto, Nicaragua",earthquake,,,,9.0,reviewed,us,us
1990-04-03T22:02:37.100Z,43.419,17.387,10.0,5.1,mb,,,,1.3,us,usp00047e3,2022-04-28T19:50:52.619Z,"5 km NNW of Grude, Bosnia and Herzegovina",earthquake,,,,13.0,reviewed,us,us
1990-04-03T22:57:00.920Z,11.426,-86.301,52.5,6.8,mw,,,,1.3,us,usp00047e5,2022-04-28T19:50:58.487Z,"36 km SSW of La Conquista, Nicaragua",earthquake,,3.6,,,reviewed,us,hrv
1990-04-03T23:12:14.610Z,11.459,-86.393,63.5,5.0,mb,,,,1.1,us,usp00047e6,2014-11-07T00:46:05.136Z,"35 km S of El Rosario, Nicaragua",earthquake,,5.6,,36.0,reviewed,us,us
1990-04-04T00:44:59.280Z,11.531,-86.105,33.0,4.7,mb,,,,1.1,us,usp00047e7,2014-11-07T00:46:05.173Z,"20 km WNW of Tola, Nicaragua",earthquake,,,,3.0,reviewed,us,us
1990-04-04T02:00:48.950Z,-37.802,-72.876,33.0,4.6,mb,,,,1.0,us,usp00047e9,2014-11-07T00:46:05.199Z,"14 km W of Angol, Chile",earthquake,,,,2.0,reviewed,us,us
1990-04-04T04:19:25.090Z,11.608,-86.425,61.0,5.9,mw,,,,1.3,us,usp00047eb,2022-04-28T19:51:04.328Z,near the coast of Nicaragua,earthquake,,4.9,,,reviewed,us,hrv
1990-04-04T05:40:09.160Z,-21.579,-173.897,36.3,5.3,mw,,,,1.1,us,usp00047ed,2025-12-19T20:56:27.360Z,Tonga,earthquake,,,,,reviewed,us,hrv
1990-04-04T05:47:10.510Z,-16.179,-72.974,93.4,5.5,mw,,,,1.3,us,usp00047ee,2025-12-19T21:01:55.589Z,"26 km SE of Urasqui, Peru",earthquake,,7.1,,,reviewed,us,hrv
1990-04-04T06:37:03.530Z,-17.936,-178.761,573.8,5.0,mb,,,,0.8,us,usp00047eh,2014-11-07T00:46:05.567Z,"204 km E of Levuka, Fiji",earthquake,,3.7,,26.0,reviewed,us,us
1990-04-04T08:54:39.390Z,32.97,-117.814,5.74,4.52,ml,0.0,164.7,,0.467,ci,ci1056608,2016-02-04T22:06:36.710Z,"48km WSW of Carlsbad, CA",earthquake,,,,31.0,reviewed,ci,ci
1990-04-04T09:07:27.230Z,-0.788,122.323,32.6,5.1,mw,,,,1.3,us,usp00047ep,2022-04-28T19:51:05.633Z,"54 km WNW of Luwuk, Indonesia",earthquake,,7.2,,,reviewed,us,hrv
1990-04-04T11:15:55.510Z,-24.343,-64.985,33.0,5.0,mb,,,,1.4,us,usp00047eq,2014-11-07T00:46:05.768Z,"4 km SSW of La Mendieta, Argentina",earthquake,,,,1.0,reviewed,us,us
1990-04-04T11:59:35.330Z,16.437,145.868,54.9,4.8,mb,,,,1.2,us,usp00047er,2014-11-07T00:46:05.792Z,"136 km N of Saipan, Northern Mariana Islands",earthquake,,,,18.0,reviewed,us,us
1990-04-04T12:01:03.770Z,16.93,144.693,33.0,4.8,mb,,,,0.9,us,usp00047es,2014-11-07T00:46:05.931Z,"221 km NNW of Saipan, Northern Mariana Islands",earthquake,,,,1.0,reviewed,us,us
1990-04-04T13:48:11.150Z,-55.807,-28.021,33.0,5.2,mb,,,,1.1,us,usp00047ex,2014-11-07T00:46:05.953Z,South Sandwich Islands region,earthquake,,,,4.0,reviewed,us,us
1990-04-04T15:13:56.090Z,-5.148,130.43,102.5,4.7,mb,,,,1.1,us,usp00047f1,2014-11-07T00:46:05.967Z,"260 km SE of Amahai, Indonesia",earthquake,,13.4,,7.0,reviewed,us,us
1990-04-04T17:31:28.820Z,39.104,72.315,33.0,4.5,mb,,,,1.5,us,usp00047f7,2014-11-07T00:46:06.003Z,"50 km S of Daroot-Korgon, Kyrgyzstan",earthquake,,,,9.0,reviewed,us,us
1990-04-04T19:29:59.020Z,16.524,145.971,33.0,4.5,mb,,,,1.1,us,usp00047f9,2014-11-07T00:46:06.011Z,"146 km N of Saipan, Northern Mariana Islands",earthquake,,,,4.0,reviewed,us,us
1990-04-04T19:51:48.950Z,-4.738,151.645,31.2,4.9,mb,,,,1.3,us,usp00047fa,2014-11-07T00:46:06.014Z,"81 km WSW of Kokopo, Papua New Guinea",earthquake,,11.3,,6.0,reviewed,us,us
1990-04-04T20:19:14.280Z,61.324,-135.943,10.0,4.6,mb,,,,1.2,us,usp00047fb,2020-09-14T18:31:09.184Z,"83 km NW of Whitehorse, Canada",earthquake,,,,11.0,reviewed,us,us
1990-04-05T00:21:15.040Z,23.547,121.722,35.5,5.2,mb,,,,0.9,us,usp00047fm,2014-11-07T00:46:06.060Z,"49 km SSE of Hualien City, Taiwan",earthquake,,4.4,,38.0,reviewed,us,us
1990-04-05T03:05:26.150Z,11.076,-86.462,33.0,4.6,mb,,,,1.4,us,usp00047fs,2014-11-07T00:46:06.340Z,"67 km WSW of San Juan del Sur, Nicaragua",earthquake,,,,14.0,reviewed,us,us
1990-04-05T04:44:30.130Z,-19.453,-68.983,131.2,4.9,mb,,,,1.3,us,usp00047fu,2014-11-07T00:46:06.378Z,"148 km NE of Iquique, Chile",earthquake,,7.0,,16.0,reviewed,us,us
1990-04-05T04:50:52.010Z,-56.722,146.762,10.0,5.3,mw,,,,1.1,us,usp00047fw,2025-12-19T21:01:56.557Z,west of Macquarie Island,earthquake,,,,,reviewed,us,hrv
1990-04-05T09:56:40.150Z,35.589,73.877,33.0,5.4,mb,,,,0.9,us,usp00047g1,2014-11-07T00:46:06.463Z,"53 km SW of Gilgit, Pakistan",earthquake,,,,9.0,reviewed,us,us
1990-04-05T12:26:25.030Z,29.35,142.05,33.0,4.5,mb,,,,1.1,us,usp00047g3,2014-11-07T00:46:06.469Z,"Izu Islands, Japan region",earthquake,,,,4.0,reviewed,us,us
1990-04-05T13:32:21.810Z,-40.957,81.172,10.0,5.2,mb,,,,0.8,us,usp00047g7,2014-11-07T00:46:06.485Z,Mid-Indian Ridge,earthquake,,,,7.0,reviewed,us,us
1990-04-05T19:20:44.160Z,-2.927,35.891,10.0,5.1,mw,,,,1.2,us,usp00047gg,2022-04-28T19:51:06.882Z,"46 km N of Mto wa Mbu, Tanzania",earthquake,,,,,reviewed,us,hrv
1990-04-05T21:12:35.550Z,15.125,147.596,11.4,7.6,mw,,,,1.2,us,usp00047gj,2022-04-28T19:51:12.196Z,"198 km E of Saipan, Northern Mariana Islands",earthquake,,,,,reviewed,us,par
1990-04-05T21:22:31.330Z,15.331,147.553,33.0,5.7,mb,,,,1.0,us,usp00047gk,2022-04-28T19:51:13.524Z,"193 km E of Saipan, Northern Mariana Islands",earthquake,,,,20.0,reviewed,us,us
1990-04-05T21:32:21.960Z,15.303,147.507,33.0,5.3,mb,,,,0.9,us,usp00047gm,2014-11-07T00:46:06.718Z,"188 km E of Saipan, Northern Mariana Islands",earthquake,,,,10.0,reviewed,us,us
1990-04-05T21:57:09.160Z,15.529,147.769,10.0,5.2,mb,,,,0.9,us,usp00047gn,2014-11-07T00:46:06.721Z,"219 km E of Saipan, Northern Mariana Islands",earthquake,,,,18.0,reviewed,us,us
1990-04-05T22:28:39.260Z,15.323,147.603,33.0,5.2,mb,,,,0.8,us,usp00047gq,2014-11-07T00:46:06.730Z,"198 km E of Saipan, Northern Mariana Islands",earthquake,,,,11.0,reviewed,us,us
1990-04-05T22:45:41.910Z,15.339,147.589,33.0,5.0,mb,,,,1.1,us,usp00047gr,2014-11-07T00:46:06.735Z,"197 km E of Saipan, Northern Mariana Islands",earthquake,,,,5.0,reviewed,us,us
1990-04-05T22:52:59.900Z,15.552,147.529,45.5,5.5,mb,,,,0.9,us,usp00047gs,2022-04-28T19:51:18.856Z,"194 km E of Saipan, Northern Mariana Islands",earthquake,,,,37.0,reviewed,us,us
1990-04-05T23:22:10.700Z,15.178,147.469,33.0,4.9,mb,,,,0.8,us,usp00047gu,2014-11-07T00:46:06.757Z,"184 km E of Saipan, Northern Mariana Islands",earthquake,,,,12.0,reviewed,us,us
1990-04-05T23:23:38.750Z,15.572,147.572,33.0,5.1,mb,,,,1.0,us,usp00047gv,2014-11-07T00:46:06.763Z,"199 km ENE of Saipan, Northern Mariana Islands",earthquake,,,,18.0,reviewed,us,us
1990-04-05T23:26:17.440Z,15.526,147.592,37.0,5.2,mb,,,,0.9,us,usp00047gw,2014-11-07T00:46:06.770Z,"200 km E of Saipan, Northern Mariana Islands",earthquake,,,,18.0,reviewed,us,us
1990-04-05T23:30:04.830Z,15.186,147.429,33.0,5.1,mb,,,,0.7,us,usp00047gx,2014-11-07T00:46:06.781Z,"179 km E of Saipan, Northern Mariana Islands",earthquake,,,,10.0,reviewed,us,us
1990-04-05T23:33:37.100Z,15.457,147.706,34.3,5.4,mb,,,,0.9,us,usp00047gy,2022-04-28T17:25:45.369Z,"211 km E of Saipan, Northern Mariana Islands",earthquake,,,,39.0,reviewed,us,us
1990-04-05T23:44:45.430Z,15.54,147.604,36.7,5.0,mb,,,,0.9,us,usp00047gz,2014-11-07T00:46:06.799Z,"201 km E of Saipan, Northern Mariana Islands",earthquake,,,,20.0,reviewed,us,us
1990-04-05T23:57:12.220Z,15.105,147.828,33.0,5.1,mb,,,,1.1,us,usp00047h0,2014-11-07T00:46:06.807Z,"223 km E of Saipan, Northern Mariana Islands",earthquake,,,,8.0,reviewed,us,us
1990-04-05T23:58:57.440Z,15.604,147.555,33.0,5.3,mb,,,,1.2,us,usp00047h1,2014-11-07T00:46:06.810Z,"198 km ENE of Saipan, Northern Mariana Islands",earthquake,,,,19.0,reviewed,us,us
1990-04-06T00:02:26.870Z,15.198,147.51,36.0,5.7,ms,,,,1.0,us,usp00047h2,2022-04-28T19:51:20.072Z,"188 km E of Saipan, Northern Mariana Islands",earthquake,,,,1.0,reviewed,us,us
1990-04-06T00:51:06.920Z,15.567,147.602,33.0,4.7,mb,,,,0.9,us,usp00047h3,2014-11-07T00:46:06.830Z,"202 km E of Saipan, Northern Mariana Islands",earthquake,,,,7.0,reviewed,us,us
1990-04-06T01:13:59.780Z,15.617,147.818,33.0,4.9,mb,,,,0.7,us,usp00047h4,2014-11-07T00:46:06.834Z,"225 km E of Saipan, Northern Mariana Islands",earthquake,,,,3.0,reviewed,us,us
1990-04-06T01:18:40.280Z,6.263,126.983,33.0,4.7,mb,,,,0.8,us,usp00047h5,2014-11-07T00:46:06.836Z,"89 km E of Pondaguitan, Philippines",earthquake,,,,5.0,reviewed,us,us
1990-04-06T01:37:26.170Z,15.673,147.606,23.4,5.0,mb,,,,1.1,us,usp00047h7,2014-11-07T00:46:06.841Z,"205 km ENE of Saipan, Northern Mariana Islands",earthquake,,,,16.0,reviewed,us,us
1990-04-06T01:39:47.710Z,14.558,148.91,33.0,4.7,mb,,,,1.4,us,usp00047h8,2014-11-07T00:46:06.849Z,Mariana Islands region,earthquake,,,,1.0,reviewed,us,us
1990-04-06T02:32:34.510Z,-40.953,80.724,10.0,5.7,mb,,,,1.0,us,usp00047ha,2014-11-07T00:46:06.853Z,Mid-Indian Ridge,earthquake,,,,6.0,reviewed,us,us
1990-04-06T02:40:01.770Z,15.52,147.566,38.3,5.1,mb,,,,1.0,us,usp00047hb,2014-11-07T00:46:06.858Z,"197 km E of Saipan, Northern Mariana Islands",earthquake,,,,19.0,reviewed,us,us
1990-04-06T02:48:05.820Z,15.571,147.574,39.0,5.0,ms,,,,1.0,us,usp00047hc,2014-11-07T00:46:06.870Z,"199 km E of Saipan, Northern Mariana Islands",earthquake,,,,1.0,reviewed,us,us
1990-04-06T03:19:37.070Z,15.56,147.491,33.0,5.0,mb,,,,0.6,us,usp00047he,2014-11-07T00:46:06.883Z,"190 km ENE of Saipan, Northern Mariana Islands",earthquake,,,,10.0,reviewed,us,us
1990-04-06T03:46:35.190Z,15.479,147.632,33.0,4.5,mb,,,,0.8,us,usp00047hf,2014-11-07T00:46:06.886Z,"203 km E of Saipan, Northern Mariana Islands",earthquake,,,,3.0,reviewed,us,us
1990-04-06T03:47:07.140Z,15.224,147.551,33.0,5.0,mb,,,,0.9,us,usp00047hg,2014-11-07T00:46:06.889Z,"193 km E of Saipan, Northern Mariana Islands",earthquake,,,,12.0,reviewed,us,us
1990-04-06T03:56:42.000Z,15.259,147.62,33.0,5.2,mb,,,,0.9,us,usp00047hj,2014-11-07T00:46:06.896Z,"200 km E of Saipan, Northern Mariana Islands",earthquake,,,,22.0,reviewed,us,us
1990-04-06T04:24:58.710Z,15.193,147.628,33.0,4.9,mb,,,,1.0,us,usp00047hm,2014-11-07T00:46:06.906Z,"201 km E of Saipan, Northern Mariana Islands",earthquake,,,,14.0,reviewed,us,us
1990-04-06T04:39:08.400Z,15.252,147.51,33.0,5.1,mb,,,,0.9,us,usp00047hn,2022-04-28T19:51:21.350Z,"188 km E of Saipan, Northern Mariana Islands",earthquake,,,,19.0,reviewed,us,us
1990-04-06T04:42:32.050Z,15.128,147.621,12.6,5.5,mb,,,,1.0,us,usp00047hp,2022-04-28T19:51:26.469Z,"200 km E of Saipan, Northern Mariana Islands",earthquake,,3.5,,37.0,reviewed,us,us
1990-04-06T04:45:10.530Z,15.962,147.35,33.0,5.1,mb,,,,1.5,us,usp00047hq,2014-11-07T00:46:06.983Z,"190 km ENE of Saipan, Northern Mariana Islands",earthquake,,,,5.0,reviewed,us,us
1990-04-06T05:08:00.720Z,15.07,147.624,33.0,5.0,mb,,,,0.8,us,usp00047hs,2014-11-07T00:46:06.995Z,"201 km E of Saipan, Northern Mariana Islands",earthquake,,,,16.0,reviewed,us,us
1990-04-06T05:14:18.410Z,15.705,148.43,33.0,4.9,mb,,,,1.2,us,usp00047ht,2014-11-07T00:46:07.042Z,"292 km E of Saipan, Northern Mariana Islands",earthquake,,,,8.0,reviewed,us,us
1990-04-06T05:31:20.650Z,15.178,147.507,33.0,5.0,mb,,,,0.9,us,usp00047hu,2014-11-07T00:46:07.103Z,"188 km E of Saipan, Northern Mariana Islands",earthquake,,,,16.0,reviewed,us,us
1990-04-06T05:43:05.640Z,-41.093,80.906,10.0,5.8,mw,,,,0.9,us,usp00047hv,2022-04-28T19:51:27.735Z,Mid-Indian Ridge,earthquake,,,,,reviewed,us,hrv
1990-04-06T05:47:43.650Z,-6.817,105.14,33.0,5.8,mw,,,,1.3,us,usp00047hw,2022-04-28T19:51:28.899Z,"90 km WSW of Labuan, Indonesia",earthquake,,,,,reviewed,us,hrv
1990-04-06T06:09:03.080Z,-15.152,-172.126,33.0,5.6,mw,,,,1.1,us,usp00047hx,2022-04-28T19:51:34.011Z,"133 km SSW of Lotofag?, Samoa",earthquake,,,,,reviewed,us,hrv
1990-04-06T06:17:43.030Z,15.536,147.463,36.3,5.5,ms,,,,0.7,us,usp00047hy,2014-11-07T00:46:07.330Z,"186 km E of Saipan, Northern Mariana Islands",earthquake,,,,1.0,reviewed,us,us
1990-04-06T06:30:11.140Z,15.454,147.588,33.0,5.3,mb,,,,0.9,us,usp00047hz,2022-04-28T19:51:39.964Z,"198 km E of Saipan, Northern Mariana Islands",earthquake,,,,21.0,reviewed,us,us
1990-04-06T06:54:42.220Z,15.242,147.555,33.0,4.9,mb,,,,0.7,us,usp00047j0,2014-11-07T00:46:07.397Z,"193 km E of Saipan, Northern Mariana Islands",earthquake,,,,13.0,reviewed,us,us
1990-04-06T07:33:30.520Z,15.548,147.56,42.7,5.3,mb,,,,0.8,us,usp00047j2,2014-11-07T00:46:07.445Z,"197 km E of Saipan, Northern Mariana Islands",earthquake,,,,24.0,reviewed,us,us
1990-04-06T07:52:02.010Z,-60.527,-25.482,33.0,6.0,mw,,,,1.2,us,usp00047j3,2022-04-28T19:51:41.651Z,South Sandwich Islands region,earthquake,,,,,reviewed,us,hrv
1990-04-06T08:44:09.530Z,15.621,147.72,33.0,4.5,mb,,,,0.6,us,usp00047j6,2014-11-07T00:46:07.504Z,"215 km ENE of Saipan, Northern Mariana Islands",earthquake,,,,5.0,reviewed,us,us
1990-04-06T09:03:37.250Z,15.67,147.56,38.3,4.7,mb,,,,0.8,us,usp00047j7,2014-11-07T00:46:07.538Z,"200 km ENE of Saipan, Northern Mariana Islands",earthquake,,,,7.0,reviewed,us,us
1990-04-06T10:06:01.580Z,15.268,147.563,33.0,5.1,mb,,,,0.8,us,usp00047j8,2014-11-07T00:46:07.565Z,"194 km E of Saipan, Northern Mariana Islands",earthquake,,,,18.0,reviewed,us,us
1990-04-06T10:46:13.970Z,15.1,147.561,33.0,4.6,mb,,,,0.5,us,usp00047ja,2014-11-07T00:46:07.575Z,"194 km E of Saipan, Northern Mariana Islands",earthquake,,,,5.0,reviewed,us,us
1990-04-06T11:36:05.740Z,15.172,147.649,33.0,4.6,mb,,,,0.6,us,usp00047jc,2014-11-07T00:46:07.579Z,"203 km E of Saipan, Northern Mariana Islands",earthquake,,,,4.0,reviewed,us,us
1990-04-06T11:39:37.540Z,15.242,147.552,33.0,4.6,mb,,,,0.7,us,usp00047jd,2014-11-07T00:46:07.582Z,"193 km E of Saipan, Northern Mariana Islands",earthquake,,,,8.0,reviewed,us,us
1990-04-06T12:04:05.870Z,16.042,147.614,33.3,5.1,mb,,,,1.2,us,usp00047je,2014-11-07T00:46:07.584Z,"219 km ENE of Saipan, Northern Mariana Islands",earthquake,,,,15.0,reviewed,us,us
1990-04-06T12:48:36.460Z,-16.422,-174.807,33.0,4.9,mb,,,,0.8,us,usp00047jh,2014-11-07T00:46:07.593Z,"119 km WSW of Hihifo, Tonga",earthquake,,,,4.0,reviewed,us,us
1990-04-06T13:18:35.020Z,15.227,147.546,33.0,4.9,mb,,,,0.7,us,usp00047jj,2014-11-07T00:46:07.595Z,"192 km E of Saipan, Northern Mariana Islands",earthquake,,,,11.0,reviewed,us,us
1990-04-06T14:08:07.930Z,-2.518,139.232,33.0,5.0,mb,,,,1.0,us,usp00047jn,2014-11-07T00:46:07.603Z,"155 km W of Abepura, Indonesia",earthquake,,,,9.0,reviewed,us,us
1990-04-06T14:31:46.140Z,-21.618,-174.213,28.5,5.5,mw,,,,1.2,us,usp00047jq,2025-12-19T21:01:57.265Z,"82 km ESE of ‘Ohonua, Tonga",earthquake,,,,,reviewed,us,hrv
1990-04-06T14:57:20.100Z,15.177,147.596,15.5,6.3,mw,,,,1.1,us,usp00047jt,2022-04-28T19:51:42.796Z,"197 km E of Saipan, Northern Mariana Islands",earthquake,,,,,reviewed,us,nc
1990-04-06T16:23:07.460Z,26.194,128.708,29.5,4.8,mb,,,,1.0,us,usp00047jv,2014-11-07T00:46:07.666Z,"84 km E of Katsuren-haebaru, Japan",earthquake,,,,16.0,reviewed,us,us
1990-04-06T16:31:34.460Z,-25.988,-175.955,32.3,5.8,mw,,,,1.2,us,usp00047jw,2022-04-28T19:51:43.998Z,south of Tonga,earthquake,,,,,reviewed,us,hrv
1990-04-06T16:45:34.530Z,-21.813,-174.208,33.0,4.8,mb,,,,1.4,us,usp00047jx,2014-11-07T00:46:07.744Z,"93 km SE of ‘Ohonua, Tonga",earthquake,,,,7.0,reviewed,us,us
1990-04-06T18:30:11.970Z,-18.46,168.235,40.8,4.6,mb,,,,1.3,us,usp00047k3,2014-11-07T00:46:08.001Z,"80 km S of Port-Vila, Vanuatu",earthquake,,,,7.0,reviewed,us,us
1990-04-06T19:40:06.750Z,14.667,146.819,33.0,5.1,ms,,,,1.2,us,usp00047k4,2014-11-07T00:46:08.018Z,"129 km ESE of Saipan, Northern Mariana Islands",earthquake,,,,1.0,reviewed,us,us
1990-04-06T20:19:39.580Z,11.839,-86.722,33.0,4.6,mb,,,,1.0,us,usp00047k6,2014-11-07T00:46:08.053Z,"23 km WNW of Masachapa, Nicaragua",earthquake,,,,5.0,reviewed,us,us
1990-04-06T21:03:09.600Z,15.014,147.538,33.0,4.9,mb,,,,0.8,us,usp00047k8,2014-11-07T00:46:08.058Z,"192 km E of Saipan, Northern Mariana Islands",earthquake,,,,7.0,reviewed,us,us
1990-04-06T22:31:55.550Z,-8.963,109.95,33.0,4.8,mb,,,,1.1,us,usp00047kc,2014-11-07T00:46:08.067Z,"117 km SSW of Bambanglipuro, Indonesia",earthquake,,,,12.0,reviewed,us,us
1990-04-06T22:38:44.990Z,15.028,147.564,35.2,5.3,mw,,,,0.9,us,usp00047kd,2025-12-19T21:01:58.062Z,"195 km E of Saipan, Northern Mariana Islands",earthquake,,,,,reviewed,us,hrv
1990-04-06T22:56:58.890Z,15.068,147.593,33.0,4.8,mb,,,,0.9,us,usp00047kg,2014-11-07T00:46:08.090Z,"198 km E of Saipan, Northern Mariana Islands",earthquake,,,,8.0,reviewed,us,us
1990-04-06T23:42:58.660Z,-25.759,-176.189,33.0,5.1,mb,,,,1.4,us,usp00047kk,2014-11-07T00:46:08.097Z,south of the Fiji Islands,earthquake,,,,7.0,reviewed,us,us
1990-04-07T00:04:45.560Z,15.078,147.597,33.0,4.5,mb,,,,0.7,us,usp00047km,2014-11-07T00:46:08.101Z,"198 km E of Saipan, Northern Mariana Islands",earthquake,,,,5.0,reviewed,us,us
1990-04-07T00:27:29.020Z,-32.585,-179.774,33.0,4.7,mb,,,,1.3,us,usp00047kp,2014-11-07T00:46:08.106Z,south of the Kermadec Islands,earthquake,,,,2.0,reviewed,us,us
1990-04-07T00:32:00.270Z,15.048,147.595,33.0,4.7,mb,,,,0.9,us,usp00047kq,2014-11-07T00:46:08.109Z,"198 km E of Saipan, Northern Mariana Islands",earthquake,,,,6.0,reviewed,us,us
1990-04-07T02:44:30.990Z,-26.163,-175.994,25.6,5.4,mw,,,,1.2,us,usp00047kv,2025-12-19T21:01:58.751Z,south of Tonga,earthquake,,,,,reviewed,us,hrv
1990-04-07T04:39:33.390Z,12.998,-70.088,10.0,4.6,mb,,,,1.3,us,usp00047m2,2014-11-07T00:46:08.154Z,"145 km N of Punto Fijo, Venezuela",earthquake,,,,4.0,reviewed,us,us
1990-04-07T06:04:02.280Z,56.406,-153.971,33.0,4.5,mb,,,,1.2,us,usp00047m7,2014-11-07T00:46:08.165Z,"61 km SSE of Akhiok, Alaska",earthquake,,,,8.0,reviewed,us,us
1990-04-07T09:41:26.650Z,15.048,147.553,33.0,4.7,mb,,,,1.1,us,usp00047mg,2014-11-07T00:46:08.191Z,"194 km E of Saipan, Northern Mariana Islands",earthquake,,,,7.0,reviewed,us,us
1990-04-07T09:56:21.130Z,15.057,147.551,33.0,4.6,mb,,,,0.8,us,usp00047mh,2014-11-07T00:46:08.194Z,"193 km E of Saipan, Northern Mariana Islands",earthquake,,,,7.0,reviewed,us,us
1990-04-07T10:35:20.930Z,27.244,141.781,33.0,4.7,mb,,,,1.1,us,usp00047mm,2014-11-07T00:46:08.201Z,"Bonin Islands, Japan region",earthquake,,,,5.0,reviewed,us,us
1990-04-07T12:05:00.300Z,15.095,147.552,33.0,4.6,ms,,,,0.6,us,usp00047mq,2014-11-07T00:46:08.209Z,"193 km E of Saipan, Northern Mariana Islands",earthquake,,,,1.0,reviewed,us,us
1990-04-07T12:49:47.710Z,15.453,147.596,31.5,4.5,mb,,,,0.9,us,usp00047mr,2014-11-07T00:46:08.212Z,"199 km E of Saipan, Northern Mariana Islands",earthquake,,8.2,,9.0,reviewed,us,us
1990-04-07T12:54:19.810Z,-5.059,130.971,58.2,4.7,mb,,,,1.2,us,usp00047ms,2014-11-07T00:46:08.215Z,"207 km WNW of Tual, Indonesia",earthquake,,13.0,,8.0,reviewed,us,us
1990-04-07T15:56:33.230Z,14.965,147.491,33.0,4.7,mb,,,,1.0,us,usp00047n2,2014-11-07T00:46:08.245Z,"188 km E of Saipan, Northern Mariana Islands",earthquake,,,,4.0,reviewed,us,us
1990-04-07T16:14:31.200Z,4.892,126.691,63.5,4.9,mb,,,,1.3,us,usp00047n3,2014-11-07T00:46:08.247Z,"147 km ESE of Sarangani, Philippines",earthquake,,14.7,,12.0,reviewed,us,us
1990-04-07T18:25:56.390Z,-18.049,168.126,36.3,5.5,mw,,,,1.1,us,usp00047n5,2022-04-28T19:51:50.172Z,"39 km SSW of Port-Vila, Vanuatu",earthquake,,7.2,,,reviewed,us,hrv
1990-04-07T20:11:02.100Z,56.157,-153.843,33.0,5.2,mb,,,,0.66,ak,ak9904gr3p1e,2022-04-28T19:51:51.376Z,"90 km SSE of Akhiok, Alaska",earthquake,,25.3,,,reviewed,ak,ak
1990-04-07T20:58:05.270Z,-25.698,-176.226,33.0,5.0,mb,,,,1.3,us,usp00047nc,2014-11-07T00:46:08.371Z,south of the Fiji Islands,earthquake,,,,5.0,reviewed,us,us
1990-04-07T22:06:45.710Z,56.24,-153.776,33.0,4.6,mb,,,,1.3,us,usp00047nf,2014-11-07T00:46:08.377Z,"82 km SSE of Akhiok, Alaska",earthquake,,,,6.0,reviewed,us,us
1990-04-07T22:35:02.230Z,26.796,127.769,33.0,5.1,mb,,,,0.9,us,usp00047nh,2014-11-07T00:46:08.382Z,"29 km NW of Nago, Japan",earthquake,,,,33.0,reviewed,us,us
1990-04-08T02:42:47.240Z,-30.455,-73.004,10.0,4.7,mb,,,,0.6,us,usp00047nv,2014-11-07T00:46:08.413Z,"169 km WSW of Coquimbo, Chile",earthquake,,,,4.0,reviewed,us,us
1990-04-08T04:34:27.030Z,36.211,141.962,20.9,5.0,mb,,,,0.8,us,usp00047nx,2014-11-07T00:46:08.419Z,"114 km ENE of Hasaki, Japan",earthquake,,5.3,,28.0,reviewed,us,us
1990-04-08T04:34:35.580Z,-16.739,169.77,33.0,4.8,mb,,,,1.3,us,usp00047ny,2014-11-07T00:46:08.466Z,"190 km NE of Port-Vila, Vanuatu",earthquake,,,,2.0,reviewed,us,us
1990-04-08T05:43:05.140Z,-17.589,-69.631,158.9,4.7,mb,,,,1.3,us,usp00047nz,2014-11-07T00:46:08.468Z,"40 km ENE of Palca, Peru",earthquake,,,,16.0,reviewed,us,us
1990-04-08T06:02:17.400Z,14.885,147.428,33.0,4.8,mb,,,,0.8,us,usp00047p2,2014-11-07T00:46:08.478Z,"183 km ESE of Saipan, Northern Mariana Islands",earthquake,,,,11.0,reviewed,us,us
1990-04-08T07:08:23.890Z,16.094,145.699,33.0,4.8,mb,,,,0.7,us,usp00047p6,2014-11-07T00:46:08.491Z,"97 km N of Saipan, Northern Mariana Islands",earthquake,,,,6.0,reviewed,us,us
1990-04-08T07:33:05.290Z,15.626,147.618,33.0,4.7,mb,,,,1.0,us,usp00047p7,2014-11-07T00:46:08.494Z,"205 km ENE of Saipan, Northern Mariana Islands",earthquake,,,,10.0,reviewed,us,us
1990-04-08T08:16:02.670Z,15.54,147.675,41.6,4.5,mb,,,,0.9,us,usp00047p9,2014-11-07T00:46:08.500Z,"209 km E of Saipan, Northern Mariana Islands",earthquake,,13.8,,7.0,reviewed,us,us
1990-04-08T09:26:15.310Z,45.093,148.728,48.7,5.1,mb,,,,0.8,us,usp00047pe,2014-11-07T00:46:08.512Z,"68 km ESE of Kuril’sk, Russia",earthquake,,,,60.0,reviewed,us,us
1990-04-08T09:46:15.880Z,-17.822,-178.899,546.2,4.9,mb,,,,0.8,us,usp00047ph,2014-11-07T00:46:08.549Z,"190 km E of Levuka, Fiji",earthquake,,3.8,,25.0,reviewed,us,us
1990-04-08T15:15:21.250Z,23.877,94.341,84.5,4.5,mb,,,,1.3,us,usp00047pp,2014-11-07T00:46:08.646Z,"26 km NNW of Mawlaik, Myanmar",earthquake,,10.5,,7.0,reviewed,us,us
1990-04-08T15:52:55.890Z,35.989,139.904,64.0,4.8,mb,,,,0.9,us,usp00047pq,2014-11-07T00:46:08.650Z,"5 km NE of Noda, Japan",earthquake,,4.6,,12.0,reviewed,us,us
1990-04-08T19:13:51.320Z,30.058,99.279,10.0,5.2,mb,,,,0.9,us,usp00047pu,2022-04-28T19:51:52.523Z,"233 km ESE of Qamdo, China",earthquake,,,,41.0,reviewed,us,us
1990-04-08T21:11:41.610Z,51.104,178.445,33.0,4.8,mb,,,,1.0,us,usp00047pv,2014-11-07T00:46:08.670Z,"Rat Islands, Aleutian Islands, Alaska",earthquake,,,,17.0,reviewed,us,us
1990-04-08T21:50:29.350Z,47.2,96.278,14.9,4.9,mb,,,,0.8,us,usp00047pw,2022-04-28T19:51:54.926Z,"73 km SW of Uliastay, Mongolia",earthquake,,,,46.0,reviewed,us,us
1990-04-08T22:43:42.280Z,44.558,148.35,52.2,4.6,mb,,,,0.7,us,usp00047px,2014-11-07T00:46:08.684Z,"83 km SSE of Kuril’sk, Russia",earthquake,,,,26.0,reviewed,us,us
1990-04-09T02:49:34.160Z,22.884,121.403,36.1,4.7,mb,,,,1.2,us,usp00047q6,2014-11-07T00:46:08.700Z,"100 km ESE of Yujing, Taiwan",earthquake,,5.8,,14.0,reviewed,us,us
1990-04-09T06:00:08.650Z,15.709,147.562,10.0,5.0,mb,,,,0.9,us,usp00047qb,2014-11-07T00:46:08.723Z,"201 km ENE of Saipan, Northern Mariana Islands",earthquake,,,,15.0,reviewed,us,us
1990-04-09T06:47:52.360Z,20.218,145.1,161.4,4.9,mb,,,,0.7,us,usp00047qe,2014-11-07T00:46:08.735Z,"Maug Islands region, Northern Mariana Islands",earthquake,,8.5,,17.0,reviewed,us,us
1990-04-09T08:32:09.770Z,42.866,68.673,33.0,4.6,mb,,,,0.6,us,usp00047qq,2014-11-07T00:46:08.754Z,"32 km E of Qogham, Kazakhstan",earthquake,,,,9.0,reviewed,us,us
1990-04-09T08:38:45.740Z,15.513,146.725,33.0,5.0,mb,,,,1.2,us,usp00047qr,2014-11-07T00:46:08.757Z,"109 km ENE of Saipan, Northern Mariana Islands",earthquake,,,,13.0,reviewed,us,us
1990-04-09T09:31:09.630Z,-25.806,-176.058,17.4,6.0,mw,,,,1.2,us,usp00047qt,2022-04-28T19:51:56.062Z,south of the Fiji Islands,earthquake,,,,,reviewed,us,hrv
1990-04-09T09:45:31.190Z,-21.47,-68.368,128.7,5.0,mb,,,,1.3,us,usp00047qv,2014-11-07T00:46:08.789Z,"123 km NNE of Calama, Chile",earthquake,,,,13.0,reviewed,us,us
1990-04-09T11:58:53.600Z,-23.915,179.287,562.1,4.6,mb,,,,0.7,us,usp00047qz,2014-11-07T00:46:08.800Z,south of the Fiji Islands,earthquake,,15.0,,10.0,reviewed,us,us
1990-04-09T12:42:30.850Z,53.795,160.55,33.0,4.9,mb,,,,0.7,us,usp00047r1,2014-11-07T00:46:08.805Z,"151 km ENE of Petropavlovsk-Kamchatsky, Russia",earthquake,,,,42.0,reviewed,us,us
1990-04-09T13:04:56.550Z,-10.547,124.947,33.0,4.6,mb,,,,0.7,us,usp00047r3,2014-11-07T00:46:08.817Z,"105 km SE of Soe, Indonesia",earthquake,,,,2.0,reviewed,us,us
1990-04-09T13:15:23.500Z,-26.204,-175.904,33.0,5.0,mb,,,,1.0,us,usp00047r4,2014-11-07T00:46:08.819Z,south of Tonga,earthquake,,,,11.0,reviewed,us,us
1990-04-09T17:00:33.860Z,-5.281,153.858,101.3,4.5,mb,,,,0.6,us,usp00047rb,2014-11-07T00:46:08.832Z,"204 km ESE of Kokopo, Papua New Guinea",earthquake,,9.3,,6.0,reviewed,us,us
1990-04-09T19:22:54.260Z,15.439,146.912,33.0,4.6,mb,,,,1.0,us,usp00047rf,2014-11-07T00:46:08.842Z,"126 km ENE of Saipan, Northern Mariana Islands",earthquake,,,,10.0,reviewed,us,us
1990-04-09T19:56:18.280Z,-26.287,-175.83,33.0,4.8,mb,,,,1.2,us,usp00047rj,2014-11-07T00:46:08.850Z,south of Tonga,earthquake,,,,11.0,reviewed,us,us
1990-04-09T20:23:10.100Z,15.114,147.597,20.5,4.5,mb,,,,0.8,us,usp00047rk,2014-11-07T00:46:08.854Z,"198 km E of Saipan, Northern Mariana Islands",earthquake,,8.3,,7.0,reviewed,us,us
1990-04-09T22:28:32.490Z,51.128,-29.927,10.0,4.8,mb,,,,1.0,us,usp00047rr,2014-11-07T00:46:08.864Z,northern Mid-Atlantic Ridge,earthquake,,,,40.0,reviewed,us,us
1990-04-09T22:34:52.420Z,42.527,144.678,33.0,4.9,mb,,,,0.9,us,usp00047rs,2014-11-07T00:46:08.874Z,"55 km SSE of Kushiro, Japan",earthquake,,,,40.0,reviewed,us,us
1990-04-10T00:04:42.360Z,57.8527,-155.3465,79.5,4.9,mb,,,,0.23,ak,ak9904ldrnik,2020-09-14T18:30:52.252Z,"61 km WNW of Karluk, Alaska",earthquake,,5.9,,,reviewed,ak,ak
1990-04-10T00:09:30.310Z,-23.699,-179.989,557.5,5.0,mb,,,,1.0,us,usp00047ru,2014-11-07T00:46:08.893Z,south of the Fiji Islands,earthquake,,11.0,,9.0,reviewed,us,us
1990-04-10T00:35:35.470Z,15.16,147.542,20.2,5.0,mb,,,,0.7,us,usp00047rv,2014-11-07T00:46:08.899Z,"192 km E of Saipan, Northern Mariana Islands",earthquake,,5.8,,10.0,reviewed,us,us
1990-04-10T02:25:19.510Z,-4.494,136.728,33.0,5.1,mb,,,,1.0,us,usp00047ry,2014-11-07T00:46:08.906Z,"185 km SE of Nabire, Indonesia",earthquake,,,,8.0,reviewed,us,us
1990-04-10T05:51:10.550Z,-7.738,127.563,176.1,4.7,mb,,,,1.5,us,usp00047s2,2014-11-07T00:46:08.934Z,"106 km NE of Lospalos, Timor Leste",earthquake,,10.1,,7.0,reviewed,us,us
1990-04-10T06:42:45.180Z,14.614,146.86,33.0,5.1,mb,,,,1.3,us,usp00047s3,2014-11-07T00:46:08.938Z,"136 km ESE of Saipan, Northern Mariana Islands",earthquake,,,,11.0,reviewed,us,us
1990-04-10T13:40:53.430Z,15.03,147.573,33.0,4.6,mb,,,,0.8,us,usp00047sb,2014-11-07T00:46:08.955Z,"196 km E of Saipan, Northern Mariana Islands",earthquake,,,,8.0,reviewed,us,us
1990-04-10T16:27:33.340Z,-19.059,-174.983,185.8,4.9,mb,,,,1.5,us,usp00047se,2014-11-07T00:46:08.962Z,"106 km NW of Pangai, Tonga",earthquake,,17.0,,10.0,reviewed,us,us
1990-04-10T16:30:06.890Z,36.558,71.342,126.7,4.8,mb,,,,0.9,us,usp00047sf,2014-11-07T00:46:08.973Z,"22 km SW of Ashk?sham, Afghanistan",earthquake,,14.9,,8.0,reviewed,us,us
1990-04-10T17:00:26.660Z,15.525,147.724,33.5,4.9,mb,,,,1.2,us,usp00047sh,2014-11-07T00:46:08.979Z,"214 km E of Saipan, Northern Mariana Islands",earthquake,,,,17.0,reviewed,us,us
1990-04-10T18:55:38.920Z,15.125,147.536,24.4,4.8,mb,,,,0.7,us,usp00047sr,2014-11-07T00:46:08.992Z,"191 km E of Saipan, Northern Mariana Islands",earthquake,,6.6,,7.0,reviewed,us,us
1990-04-10T20:26:56.640Z,15.113,147.535,26.6,5.0,mb,,,,1.0,us,usp00047su,2014-11-07T00:46:08.998Z,"191 km E of Saipan, Northern Mariana Islands",earthquake,,6.5,,12.0,reviewed,us,us
1990-04-10T21:28:00.540Z,15.778,147.814,33.0,4.6,mb,,,,0.9,us,usp00047sv,2014-11-07T00:46:09.002Z,"229 km ENE of Saipan, Northern Mariana Islands",earthquake,,,,5.0,reviewed,us,us
1990-04-10T21:44:26.050Z,-45.322,166.85,33.0,4.5,mb,,,,1.2,us,usp00047sw,2014-11-07T00:46:09.004Z,"68 km W of Te Anau, New Zealand",earthquake,,,,2.0,reviewed,us,us
1990-04-10T22:44:44.100Z,-10.524,109.592,39.9,5.3,mb,,,,1.1,us,usp00047sy,2022-04-28T19:51:57.209Z,"294 km SSW of Bambanglipuro, Indonesia",earthquake,,,,13.0,reviewed,us,us
1990-04-11T02:30:07.600Z,53.345,-164.69,33.0,4.7,mb,,,,1.1,us,usp00047t4,2014-11-07T00:46:09.026Z,"113 km SE of Akutan, Alaska",earthquake,,,,19.0,reviewed,us,us
1990-04-11T06:38:10.450Z,-7.157,129.515,131.2,5.5,mb,,,,1.4,us,usp00047t7,2014-11-07T00:46:09.032Z,"Kepulauan Babar, Indonesia",earthquake,,14.8,,5.0,reviewed,us,us
1990-04-11T07:53:37.660Z,42.54,144.048,71.5,5.6,mw,,,,0.9,us,usp00047t8,2022-04-28T17:25:51.234Z,"55 km SSW of Kushiro, Japan",earthquake,,,,,reviewed,us,hrv
1990-04-11T11:31:49.320Z,15.246,147.515,34.1,5.0,mb,,,,0.9,us,usp00047td,2014-11-07T00:46:09.070Z,"189 km E of Saipan, Northern Mariana Islands",earthquake,,,,20.0,reviewed,us,us
1990-04-11T12:27:06.010Z,-16.777,-177.342,435.6,4.7,mb,,,,1.2,us,usp00047tf,2014-11-07T00:46:09.077Z,"285 km SSE of Alo, Wallis and Futuna",earthquake,,9.7,,7.0,reviewed,us,us
1990-04-11T13:10:16.820Z,-30.991,-177.806,33.0,5.8,mw,,,,1.2,us,usp00047tg,2022-04-28T19:51:58.305Z,"Kermadec Islands, New Zealand",earthquake,,,,,reviewed,us,hrv
1990-04-11T13:46:08.980Z,14.935,147.608,33.5,4.7,mb,,,,0.9,us,usp00047tk,2014-11-07T00:46:09.103Z,"201 km E of Saipan, Northern Mariana Islands",earthquake,,,,13.0,reviewed,us,us
1990-04-11T20:51:12.190Z,35.474,135.451,362.3,6.1,mw,,,,0.8,us,usp00047tw,2022-04-28T19:51:59.375Z,"11 km ENE of Maizuru, Japan",earthquake,,,,,reviewed,us,hrv
1990-04-12T01:50:05.170Z,53.754,168.959,33.0,4.6,mb,,,,0.9,us,usp00047u8,2014-11-07T00:46:09.219Z,"299 km WNW of Attu Station, Alaska",earthquake,,,,3.0,reviewed,us,us
1990-04-12T03:56:49.270Z,86.589,68.181,10.0,4.8,mb,,,,0.9,us,usp00047uc,2014-11-07T00:46:09.226Z,north of Franz Josef Land,earthquake,,,,48.0,reviewed,us,us
1990-04-12T12:15:14.220Z,11.634,-86.011,33.0,4.6,mb,,,,0.7,us,usp00047uq,2014-11-07T00:46:09.254Z,"14 km SSE of Nandaime, Nicaragua",earthquake,,,,3.0,reviewed,us,us
1990-04-12T20:16:34.720Z,15.151,147.563,33.0,4.9,mb,,,,0.8,us,usp00047uy,2014-11-07T00:46:09.271Z,"194 km E of Saipan, Northern Mariana Islands",earthquake,,,,4.0,reviewed,us,us
1990-04-12T21:53:09.320Z,27.16,140.12,420.4,4.7,mb,,,,0.8,us,usp00047v0,2014-11-07T00:46:09.274Z,"Bonin Islands, Japan region",earthquake,,14.7,,10.0,reviewed,us,us
1990-04-12T22:47:52.760Z,36.768,2.492,13.5,4.7,mb,,,,1.1,us,usp00047v2,2014-11-07T00:46:09.280Z,"20 km NNE of Tipasa, Algeria",earthquake,,3.9,,16.0,reviewed,us,us
1990-04-13T00:04:22.130Z,19.205,120.977,33.0,4.6,mb,,,,1.0,us,usp00047v5,2014-11-07T00:46:09.296Z,"67 km N of Claveria, Philippines",earthquake,,,,14.0,reviewed,us,us
1990-04-13T03:35:12.040Z,40.255,138.957,18.9,4.8,mb,,,,1.1,us,usp00047vb,2014-11-07T00:46:09.310Z,"91 km W of Noshiro, Japan",earthquake,,,,29.0,reviewed,us,us
1990-04-13T04:45:00.760Z,15.855,121.197,33.0,4.8,mb,,,,1.2,us,usp00047vd,2014-11-07T00:46:09.319Z,"7 km NE of Pantabangan, Philippines",earthquake,,,,15.0,reviewed,us,us
1990-04-13T05:37:05.290Z,-17.025,-172.826,47.4,4.7,mb,,,,1.3,us,usp00047ve,2014-11-07T00:46:09.323Z,"157 km SE of Hihifo, Tonga",earthquake,,,,5.0,reviewed,us,us
1990-04-13T05:58:23.570Z,15.185,147.585,23.4,4.5,mb,,,,1.1,us,usp00047vg,2014-11-07T00:46:09.327Z,"196 km E of Saipan, Northern Mariana Islands",earthquake,,,,4.0,reviewed,us,us
1990-04-13T06:05:45.680Z,-20.163,-178.095,416.6,4.9,mb,,,,1.4,us,usp00047vh,2014-11-07T00:46:09.330Z,Fiji region,earthquake,,11.5,,9.0,reviewed,us,us
1990-04-13T06:08:05.070Z,15.297,147.526,33.0,4.8,mb,,,,1.1,us,usp00047vj,2014-11-07T00:46:09.334Z,Mariana Islands region,earthquake,,,,6.0,reviewed,us,us
1990-04-13T06:17:53.130Z,11.6,143.007,46.1,4.9,mb,,,,1.1,us,usp00047vk,2014-11-07T00:46:09.348Z,"258 km SW of Merizo Village, Guam",earthquake,,10.5,,17.0,reviewed,us,us
1990-04-13T08:15:57.280Z,-17.564,-178.712,553.7,5.5,mw,,,,1.2,us,usp00047vp,2025-12-19T21:01:59.439Z,"216 km ENE of Levuka, Fiji",earthquake,,,,,reviewed,us,hrv
1990-04-13T10:39:09.550Z,15.048,147.577,33.0,4.6,mb,,,,0.7,us,usp00047vq,2014-11-07T00:46:09.374Z,"196 km E of Saipan, Northern Mariana Islands",earthquake,,,,3.0,reviewed,us,us
1990-04-13T14:17:04.030Z,-7.12,106.695,33.0,5.0,mb,,,,1.1,us,usp00047vw,2014-11-07T00:46:09.386Z,"21 km SE of Pelabuhanratu, Indonesia",earthquake,,,,4.0,reviewed,us,us
1990-04-13T15:25:04.170Z,3.858,-76.298,164.1,4.6,mb,,,,1.3,us,usp00047vz,2014-11-07T00:46:09.392Z,"4 km S of Guadalajara de Buga, Colombia",earthquake,,6.4,,7.0,reviewed,us,us
1990-04-13T16:01:33.110Z,6.817,-71.926,38.3,4.7,mb,,,,1.1,us,usp00047w0,2014-11-07T00:46:09.396Z,"16 km W of Fortul, Colombia",earthquake,,7.6,,7.0,reviewed,us,us
1990-04-13T19:42:54.670Z,37.249,71.627,51.6,4.6,mb,,,,1.2,us,usp00047w4,2014-11-07T00:46:09.411Z,"27 km SSE of Khorugh, Tajikistan",earthquake,,20.7,,9.0,reviewed,us,us
1990-04-13T22:46:55.320Z,-6.638,130.513,17.7,5.2,mb,,,,1.3,us,usp00047wg,2014-11-07T00:46:09.439Z,"271 km WSW of Tual, Indonesia",earthquake,,,,15.0,reviewed,us,us
1990-04-14T05:29:50.050Z,7.983,126.645,66.1,5.4,mw,,,,1.2,us,usp00047wr,2022-04-28T17:25:52.475Z,"22 km E of Santa Maria, Philippines",earthquake,,9.8,,,reviewed,us,hrv
1990-04-14T05:33:26.600Z,48.845,-122.1605,11.861,5.0,md,23.0,97.0,,0.21,uw,uw10257663,2020-09-21T18:40:14.259Z,"4 km ENE of Deming, Washington",earthquake,0.071,0.21,0.07,5.0,reviewed,uw,uw
1990-04-14T05:39:33.820Z,8.112,126.815,33.0,5.0,ms,,,,1.3,us,usp00047wt,2014-11-07T00:46:09.479Z,"42 km E of Barcelona, Philippines",earthquake,,,,1.0,reviewed,us,us
1990-04-14T05:44:48.910Z,-20.156,-174.593,26.7,4.6,mb,,,,1.4,us,usp00047wv,2014-11-07T00:46:09.489Z,"45 km SSW of Pangai, Tonga",earthquake,,,,4.0,reviewed,us,us
1990-04-14T07:03:59.230Z,-31.342,-178.289,33.0,4.6,mb,,,,1.6,us,usp00047x0,2014-11-07T00:46:09.507Z,Kermadec Islands region,earthquake,,,,2.0,reviewed,us,us
1990-04-14T08:00:13.850Z,27.296,139.924,457.6,5.7,mw,,,,0.9,us,usp00047x2,2022-04-28T19:52:00.508Z,"Bonin Islands, Japan region",earthquake,,,,,reviewed,us,hrv
1990-04-14T08:06:48.080Z,27.571,139.89,473.8,4.6,mb,,,,0.7,us,usp00047x3,2014-11-07T00:46:09.538Z,"Bonin Islands, Japan region",earthquake,,17.3,,13.0,reviewed,us,us
1990-04-14T09:40:38.830Z,36.069,27.121,41.2,4.6,mb,,,,1.5,us,usp00047x7,2014-11-07T00:46:09.546Z,"60 km S of Mandráki, Greece",earthquake,,6.5,,37.0,reviewed,us,us
1990-04-14T10:29:45.630Z,2.091,127.803,33.0,5.2,mb,,,,1.0,us,usp00047xa,2014-11-07T00:46:09.560Z,"46 km NNW of Tobelo, Indonesia",earthquake,,,,2.0,reviewed,us,us
1990-04-14T18:03:41.650Z,1.778,127.364,128.0,4.8,mb,,,,0.6,us,usp00047xu,2014-11-07T00:46:09.586Z,"72 km W of Tobelo, Indonesia",earthquake,,36.0,,2.0,reviewed,us,us
1990-04-14T18:12:34.010Z,-0.09,99.634,115.5,4.7,mb,,,,0.9,us,usp00047xv,2014-11-07T00:46:09.588Z,"79 km NW of Pariaman, Indonesia",earthquake,,16.8,,8.0,reviewed,us,us
1990-04-14T19:58:15.750Z,37.65,56.266,33.0,4.8,mb,,,,1.3,us,usp00047xy,2014-11-07T00:46:09.594Z,"74 km ENE of Kal?leh, Iran",earthquake,,,,8.0,reviewed,us,us
1990-04-15T10:30:43.260Z,22.908,124.485,37.9,4.8,mb,,,,1.1,us,usp00047yu,2014-11-07T00:46:09.656Z,"162 km SSE of Ishigaki, Japan",earthquake,,,,15.0,reviewed,us,us
1990-04-15T13:05:15.170Z,-4.841,151.996,90.5,4.5,mb,,,,0.6,us,usp00047z1,2014-11-07T00:46:09.677Z,"62 km SSW of Kokopo, Papua New Guinea",earthquake,,7.1,,6.0,reviewed,us,us
1990-04-15T13:17:58.660Z,0.036,123.487,166.0,4.6,mb,,,,1.6,us,usp00047z3,2014-11-07T00:46:09.680Z,"72 km SE of Gorontalo, Indonesia",earthquake,,10.9,,5.0,reviewed,us,us
1990-04-15T22:44:08.120Z,24.379,122.046,44.3,5.0,mb,,,,1.2,us,usp00047ze,2014-11-07T00:46:09.698Z,"51 km SE of Yilan, Taiwan",earthquake,,5.9,,13.0,reviewed,us,us
1990-04-16T01:08:30.780Z,15.745,147.937,31.2,4.9,mb,,,,0.8,us,usp00047zg,2014-11-07T00:46:09.706Z,"241 km ENE of Saipan, Northern Mariana Islands",earthquake,,,,22.0,reviewed,us,us
1990-04-16T01:22:20.220Z,-16.437,-174.945,245.0,4.5,mb,,,,0.9,us,usp00047zj,2014-11-07T00:46:09.715Z,"133 km WSW of Hihifo, Tonga",earthquake,,,,18.0,reviewed,us,us
1990-04-16T08:59:43.530Z,2.504,128.613,30.7,5.0,mb,,,,1.2,us,usp00047zp,2014-11-07T00:46:09.732Z,"108 km NE of Tobelo, Indonesia",earthquake,,,,21.0,reviewed,us,us
1990-04-16T09:38:49.630Z,36.683,71.563,33.0,4.5,mb,,,,1.3,us,usp00047zr,2014-11-07T00:46:09.738Z,"2 km E of Ashk?sham, Afghanistan",earthquake,,,,8.0,reviewed,us,us
1990-04-16T11:32:04.270Z,15.35,147.592,33.0,5.0,mb,,,,0.7,us,usp00047zt,2014-11-07T00:46:09.751Z,"197 km E of Saipan, Northern Mariana Islands",earthquake,,,,19.0,reviewed,us,us
1990-04-16T15:47:58.310Z,11.856,143.22,13.2,5.1,mb,,,,1.0,us,usp00047zx,2014-11-07T00:46:09.778Z,"221 km SW of Merizo Village, Guam",earthquake,,3.9,,13.0,reviewed,us,us
1990-04-16T17:20:05.080Z,-20.693,-68.934,77.8,4.9,mb,,,,0.9,us,usp00047zz,2014-11-07T00:46:09.784Z,"137 km ESE of Iquique, Chile",earthquake,,7.0,,15.0,reviewed,us,us
1990-04-16T18:23:57.920Z,15.451,147.858,27.0,4.6,mb,,,,0.8,us,usp0004802,2014-11-07T00:46:09.793Z,"227 km E of Saipan, Northern Mariana Islands",earthquake,,,,7.0,reviewed,us,us
1990-04-16T19:12:54.770Z,-5.301,102.38,38.9,4.9,mb,,,,1.3,us,usp0004805,2014-11-07T00:46:09.802Z,"166 km S of Bengkulu, Indonesia",earthquake,,,,8.0,reviewed,us,us
1990-04-16T19:18:51.670Z,-2.179,141.448,29.2,5.1,mw,,,,1.2,us,usp0004806,2025-12-19T21:02:00.283Z,"58 km NNE of Vanimo, Papua New Guinea",earthquake,,,,,reviewed,us,hrv
1990-04-16T19:30:31.470Z,-15.495,-73.197,58.8,4.6,mb,,,,1.5,us,usp0004807,2014-11-07T00:46:09.811Z,"15 km SSE of Tauria, Peru",earthquake,,15.3,,2.0,reviewed,us,us
1990-04-16T20:53:46.650Z,13.539,-87.885,145.4,4.5,mb,,,,1.5,us,usp000480f,2014-11-07T00:46:09.824Z,"6 km SW of Pasaquina, El Salvador",earthquake,,13.9,,2.0,reviewed,us,us
1990-04-16T21:08:27.850Z,10.211,-84.79,33.0,4.8,mb,,,,1.2,us,usp000480h,2014-11-07T00:46:09.828Z,"14 km NNW of Miramar, Costa Rica",earthquake,,,,10.0,reviewed,us,us
1990-04-16T22:37:11.290Z,-14.858,167.278,119.1,5.7,mw,,,,1.1,us,usp000480j,2022-04-28T19:52:01.645Z,"30 km NE of Port-Olry, Vanuatu",earthquake,,,,,reviewed,us,hrv
1990-04-16T23:44:39.130Z,16.788,-93.952,127.0,4.6,mb,,,,1.0,us,usp000480m,2014-11-07T00:46:09.856Z,"16 km WNW of Emiliano Zapata, Mexico",earthquake,,,,16.0,reviewed,us,us
1990-04-17T01:59:33.400Z,39.436,74.9,33.0,6.0,mw,,,,1.2,us,usp000480r,2022-04-28T19:52:02.985Z,"93 km W of Kashgar, China",earthquake,,,,,reviewed,us,hrv
1990-04-17T10:54:30.890Z,-56.321,-25.726,33.0,5.0,mb,,,,1.3,us,usp0004819,2014-11-07T00:46:09.934Z,South Sandwich Islands region,earthquake,,,,4.0,reviewed,us,us
1990-04-17T11:34:09.020Z,7.368,-35.286,10.0,6.1,mw,,,,1.0,us,usp000481a,2022-04-28T19:52:04.054Z,central Mid-Atlantic Ridge,earthquake,,,,,reviewed,us,hrv
1990-04-17T14:30:03.630Z,7.541,-35.549,10.0,4.8,mb,,,,0.9,us,usp000481e,2014-11-07T00:46:09.970Z,central Mid-Atlantic Ridge,earthquake,,,,8.0,reviewed,us,us
1990-04-17T14:56:49.610Z,-6.891,144.516,31.7,4.9,mb,,,,1.1,us,usp000481g,2014-11-07T00:46:09.974Z,"88 km SE of Ialibu, Papua New Guinea",earthquake,,5.9,,14.0,reviewed,us,us
1990-04-17T16:32:22.660Z,-6.95,144.45,33.7,4.8,mb,,,,1.1,us,usp000481j,2014-11-07T00:46:09.981Z,"89 km SE of Ialibu, Papua New Guinea",earthquake,,9.1,,10.0,reviewed,us,us
1990-04-17T17:17:36.630Z,2.819,126.23,86.2,4.9,mb,,,,0.7,us,usp000481k,2014-11-07T00:46:09.984Z,"202 km NE of Laikit, Laikit II (Dimembe), Indonesia",earthquake,,13.7,,12.0,reviewed,us,us
1990-04-17T17:58:19.600Z,12.583,48.272,23.0,4.9,mb,,,,1.2,us,usp000481m,2014-11-07T00:46:09.987Z,"157 km N of Las Khorey, Somalia",earthquake,,,,27.0,reviewed,us,us
1990-04-17T19:17:46.540Z,-17.203,-14.28,10.0,4.6,ms,,,,1.1,us,usp000481r,2014-11-07T00:46:10.002Z,southern Mid-Atlantic Ridge,earthquake,,,,3.0,reviewed,us,us
1990-04-17T20:54:04.330Z,-5.467,147.715,156.1,4.8,mb,,,,1.0,us,usp000481w,2014-11-07T00:46:10.010Z,"121 km N of Finschhafen, Papua New Guinea",earthquake,,10.6,,2.0,reviewed,us,us
1990-04-17T21:24:08.870Z,8.53,124.214,31.6,4.9,mb,,,,1.1,us,usp000481x,2014-11-07T00:46:10.012Z,"10 km WNW of Initao, Philippines",earthquake,,,,13.0,reviewed,us,us
1990-04-17T22:32:27.290Z,34.106,-117.722,2.903,4.5,ml,0.0,42.7,,0.164,ci,ci1057313,2020-07-09T21:10:33.319Z,"1km N of Claremont, CA",earthquake,,0.005,,22.0,reviewed,ci,ci
1990-04-18T03:11:15.660Z,15.337,147.524,33.0,5.0,mb,,,,0.9,us,usp0004823,2014-11-07T00:46:10.025Z,"190 km E of Saipan, Northern Mariana Islands",earthquake,,,,4.0,reviewed,us,us
1990-04-18T05:12:08.290Z,39.297,74.951,33.0,4.6,mb,,,,1.1,us,usp0004826,2014-11-07T00:46:10.032Z,"91 km WSW of Kashgar, China",earthquake,,,,9.0,reviewed,us,us
1990-04-18T05:18:16.830Z,15.182,147.474,27.2,5.0,mb,,,,0.9,us,usp0004827,2014-11-07T00:46:10.034Z,"184 km E of Saipan, Northern Mariana Islands",earthquake,,5.4,,7.0,reviewed,us,us
1990-04-18T05:26:02.310Z,14.995,147.626,33.0,4.6,ms,,,,1.0,us,usp0004828,2014-11-07T00:46:10.039Z,"202 km E of Saipan, Northern Mariana Islands",earthquake,,,,1.0,reviewed,us,us
1990-04-18T06:15:23.080Z,-6.43,129.101,234.7,4.9,mb,,,,1.4,us,usp000482c,2014-11-07T00:46:10.045Z,Banda Sea,earthquake,,9.6,,8.0,reviewed,us,us
1990-04-18T07:21:43.280Z,26.969,140.278,420.2,4.7,mb,,,,0.8,us,usp000482d,2014-11-07T00:46:10.048Z,"Bonin Islands, Japan region",earthquake,,7.4,,14.0,reviewed,us,us
1990-04-18T07:22:53.710Z,30.786,131.393,33.0,4.8,mb,,,,1.6,us,usp000482e,2014-11-07T00:46:10.053Z,"38 km E of Nishinoomote, Japan",earthquake,,,,4.0,reviewed,us,us
1990-04-18T07:55:56.680Z,-7.0,144.478,24.6,4.9,mb,,,,1.1,us,usp000482g,2014-11-07T00:46:10.056Z,"95 km SE of Ialibu, Papua New Guinea",earthquake,,,,7.0,reviewed,us,us
1990-04-18T10:33:48.950Z,-57.968,-10.316,10.0,5.4,mw,,,,1.0,us,usp000482q,2025-12-19T21:02:01.710Z,east of the South Sandwich Islands,earthquake,,,,,reviewed,us,hrv
1990-04-18T13:38:10.170Z,36.9276667,-121.6421667,4.473,4.7,ml,16.0,85.0,0.06757,0.17,nc,nc20091171,2016-12-17T05:03:23.896Z,"4 km N of Aromas, California",earthquake,0.42,1.06,,0.0,reviewed,nc,nc
1990-04-18T13:39:19.010Z,1.186,122.857,25.7,7.8,mw,,,,1.2,us,usp000482z,2022-04-28T19:52:05.247Z,"75 km NNW of Gorontalo, Indonesia",earthquake,,,,,reviewed,us,par
1990-04-18T13:41:38.640Z,36.9308333,-121.656,5.748,4.9,ml,97.0,45.0,0.004505,0.09,nc,nc20091172,2016-12-17T05:03:34.180Z,"4 km NNW of Aromas, California",earthquake,0.14,0.26,,0.0,reviewed,nc,nc
1990-04-18T13:53:51.300Z,36.9323333,-121.6568333,5.488,5.4,ml,100.0,36.0,0.004505,0.11,nc,nc20091154,2022-04-28T19:52:06.307Z,"5 km NNW of Aromas, California",earthquake,0.16,0.29,,0.0,reviewed,nc,nc
1990-04-18T13:54:19.030Z,0.368,123.131,33.0,5.6,mb,,,,1.6,us,usp0004832,2020-08-28T23:33:31.621Z,"20 km SSE of Gorontalo, Indonesia",earthquake,,,,3.0,reviewed,us,us
1990-04-18T14:19:02.090Z,1.212,122.999,33.0,5.3,mb,,,,1.5,us,usp0004834,2014-11-07T00:46:10.138Z,"74 km N of Gorontalo, Indonesia",earthquake,,,,4.0,reviewed,us,us
1990-04-18T14:23:56.220Z,1.182,122.819,33.0,5.4,mb,,,,1.4,us,usp0004835,2022-04-28T19:52:07.870Z,"76 km NNW of Gorontalo, Indonesia",earthquake,,,,14.0,reviewed,us,us
1990-04-18T14:29:01.380Z,1.321,123.039,33.0,5.3,mb,,,,1.6,us,usp0004837,2014-11-07T00:46:10.146Z,"86 km N of Gorontalo, Indonesia",earthquake,,,,3.0,reviewed,us,us
1990-04-18T14:35:17.070Z,1.129,122.645,33.0,5.6,mb,,,,0.8,us,usp0004839,2022-04-28T19:52:08.858Z,"80 km NW of Gorontalo, Indonesia",earthquake,,,,9.0,reviewed,us,us
1990-04-18T14:50:22.700Z,1.085,122.746,33.0,5.0,mb,,,,1.2,us,usp000483b,2014-11-07T00:46:10.166Z,"70 km NNW of Gorontalo, Indonesia",earthquake,,,,4.0,reviewed,us,us
1990-04-18T14:53:13.520Z,1.443,123.016,33.0,4.9,mb,,,,1.1,us,usp000483e,2014-11-07T00:46:10.175Z,"100 km N of Gorontalo, Indonesia",earthquake,,,,7.0,reviewed,us,us
1990-04-18T15:06:19.780Z,1.449,123.128,33.0,4.9,mb,,,,1.3,us,usp000483f,2014-11-07T00:46:10.178Z,"101 km N of Gorontalo, Indonesia",earthquake,,,,2.0,reviewed,us,us
1990-04-18T15:15:22.560Z,1.319,122.973,33.0,5.3,mb,,,,1.2,us,usp000483h,2014-11-07T00:46:10.181Z,"86 km N of Gorontalo, Indonesia",earthquake,,,,19.0,reviewed,us,us
1990-04-18T15:27:08.220Z,1.29,123.113,28.6,5.4,mb,,,,1.1,us,usp000483j,2022-04-28T19:52:09.917Z,"83 km N of Gorontalo, Indonesia",earthquake,,,,19.0,reviewed,us,us
1990-04-18T15:46:03.450Z,36.9588333,-121.6845,6.641,5.1,ml,87.0,28.0,0.00991,0.09,nc,nc20091155,2016-12-17T05:06:53.470Z,"4 km E of Interlaken, California",earthquake,0.14,0.28,,0.0,reviewed,nc,nc
1990-04-18T15:50:46.310Z,1.337,122.846,33.0,5.1,mb,,,,1.0,us,usp000483p,2014-11-07T00:46:10.200Z,"91 km NNW of Gorontalo, Indonesia",earthquake,,,,9.0,reviewed,us,us
1990-04-18T16:19:00.770Z,1.226,123.168,33.0,4.8,mb,,,,0.9,us,usp000483r,2014-11-07T00:46:10.206Z,"77 km N of Gorontalo, Indonesia",earthquake,,,,6.0,reviewed,us,us
1990-04-18T16:21:37.360Z,1.169,123.69,33.0,4.8,mb,,,,1.3,us,usp000483t,2014-11-07T00:46:10.210Z,"98 km NE of Gorontalo, Indonesia",earthquake,,,,3.0,reviewed,us,us
1990-04-18T16:23:31.250Z,-1.948,126.05,33.0,5.2,mb,,,,1.3,us,usp000483u,2014-11-07T00:46:10.212Z,"Pulau-Pulau Sula, Indonesia",earthquake,,,,4.0,reviewed,us,us
1990-04-18T16:54:46.360Z,1.221,123.039,33.0,5.0,mb,,,,1.0,us,usp000483w,2014-11-07T00:46:10.215Z,"75 km N of Gorontalo, Indonesia",earthquake,,,,8.0,reviewed,us,us
1990-04-18T17:06:18.490Z,1.263,122.984,35.3,5.7,mb,,,,1.1,us,usp000483x,2022-04-28T19:52:10.885Z,"80 km N of Gorontalo, Indonesia",earthquake,,,,45.0,reviewed,us,us
1990-04-18T17:17:53.230Z,1.393,123.506,33.0,5.1,mb,,,,1.1,us,usp000483y,2014-11-07T00:46:10.232Z,"106 km NNE of Gorontalo, Indonesia",earthquake,,,,8.0,reviewed,us,us
1990-04-18T17:26:08.550Z,1.224,122.994,33.0,5.0,mb,,,,1.3,us,usp000483z,2014-11-07T00:46:10.235Z,"76 km N of Gorontalo, Indonesia",earthquake,,,,1.0,reviewed,us,us
1990-04-18T18:12:24.680Z,0.68,123.557,33.0,4.7,mb,,,,1.1,us,usp0004843,2014-11-07T00:46:10.240Z,"57 km ENE of Gorontalo, Indonesia",earthquake,,,,2.0,reviewed,us,us
1990-04-18T18:24:50.930Z,1.215,123.429,31.2,5.4,mb,,,,1.0,us,usp0004844,2022-04-28T19:52:11.907Z,"Minahasa, Sulawesi, Indonesia",earthquake,,,,15.0,reviewed,us,us
1990-04-18T18:32:59.980Z,1.315,123.018,19.1,6.5,mw,,,,1.1,us,usp0004845,2022-04-28T19:52:13.772Z,"86 km N of Gorontalo, Indonesia",earthquake,,,,,reviewed,us,hrv
1990-04-18T18:45:24.150Z,1.244,123.002,33.0,5.1,mb,,,,1.2,us,usp0004847,2014-11-07T00:46:10.271Z,"78 km N of Gorontalo, Indonesia",earthquake,,,,10.0,reviewed,us,us
1990-04-18T18:54:38.560Z,1.232,123.358,28.5,5.4,mb,,,,1.1,us,usp0004848,2022-04-28T19:52:14.758Z,"83 km NNE of Gorontalo, Indonesia",earthquake,,,,15.0,reviewed,us,us
1990-04-18T19:08:00.810Z,1.305,123.359,33.0,5.2,mb,,,,1.3,us,usp0004849,2014-11-07T00:46:10.280Z,"91 km NNE of Gorontalo, Indonesia",earthquake,,,,6.0,reviewed,us,us
1990-04-18T19:19:29.890Z,1.257,123.47,33.0,5.1,mb,,,,1.0,us,usp000484a,2014-11-07T00:46:10.293Z,"91 km NNE of Gorontalo, Indonesia",earthquake,,,,13.0,reviewed,us,us
1990-04-18T19:22:40.280Z,1.229,123.441,36.8,5.5,mb,,,,1.1,us,usp000484b,2022-04-28T19:52:15.838Z,"87 km NNE of Gorontalo, Indonesia",earthquake,,,,24.0,reviewed,us,us
1990-04-18T19:38:08.930Z,31.107,51.678,47.1,4.7,mb,,,,1.3,us,usp000484c,2020-08-28T23:34:31.427Z,"35 km SSE of Sem?rom, Iran",earthquake,,8.7,,9.0,reviewed,us,us
1990-04-18T20:34:07.690Z,1.276,123.07,33.0,4.9,mb,,,,0.6,us,usp000484k,2014-11-07T00:46:10.321Z,"81 km N of Gorontalo, Indonesia",earthquake,,,,5.0,reviewed,us,us
1990-04-18T20:57:37.200Z,1.431,123.533,33.0,4.9,mb,,,,1.3,us,usp000484m,2014-11-07T00:46:10.323Z,"111 km NNE of Gorontalo, Indonesia",earthquake,,,,4.0,reviewed,us,us
1990-04-18T21:35:13.440Z,1.311,123.626,33.0,4.9,mb,,,,1.0,us,usp000484s,2014-11-07T00:46:10.331Z,"106 km NE of Gorontalo, Indonesia",earthquake,,,,5.0,reviewed,us,us
1990-04-18T22:27:58.380Z,1.342,123.084,33.0,4.5,mb,,,,0.7,us,usp000484u,2014-11-07T00:46:10.334Z,"88 km N of Gorontalo, Indonesia",earthquake,,,,4.0,reviewed,us,us
1990-04-18T22:47:30.790Z,1.39,122.907,33.0,5.0,mb,,,,1.0,us,usp000484v,2014-11-07T00:46:10.336Z,"95 km N of Gorontalo, Indonesia",earthquake,,,,11.0,reviewed,us,us
1990-04-18T23:06:29.210Z,-18.649,169.203,246.4,4.9,mb,,,,1.3,us,usp000484w,2014-11-07T00:46:10.340Z,"99 km N of Isangel, Vanuatu",earthquake,,7.4,,15.0,reviewed,us,us
1990-04-19T01:01:48.230Z,1.487,123.118,33.0,4.6,mb,,,,1.4,us,usp000484z,2014-11-07T00:46:10.355Z,"105 km N of Gorontalo, Indonesia",earthquake,,,,6.0,reviewed,us,us
1990-04-19T01:05:08.760Z,1.3,123.021,33.0,6.0,mw,,,,1.3,us,usp0004850,2022-04-28T19:52:21.280Z,"Minahasa, Sulawesi, Indonesia",earthquake,,,,,reviewed,us,hrv
1990-04-19T03:36:58.600Z,-6.583,128.901,193.5,4.6,mb,,,,1.2,us,usp0004855,2014-11-07T00:46:10.383Z,Banda Sea,earthquake,,7.5,,6.0,reviewed,us,us
1990-04-19T03:45:39.690Z,36.778,70.908,10.0,4.5,mb,,,,1.1,us,usp0004858,2014-11-07T00:46:10.389Z,"11 km SE of Jurm, Afghanistan",earthquake,,,,7.0,reviewed,us,us
1990-04-19T03:57:20.440Z,1.317,123.692,33.0,4.9,mb,,,,1.0,us,usp0004859,2014-11-07T00:46:10.391Z,"111 km NE of Gorontalo, Indonesia",earthquake,,,,5.0,reviewed,us,us
1990-04-19T03:59:22.450Z,1.188,123.463,28.1,5.3,mb,,,,1.1,us,usp000485a,2014-11-07T00:46:10.395Z,"84 km NNE of Gorontalo, Indonesia",earthquake,,,,12.0,reviewed,us,us
1990-04-19T08:28:33.250Z,1.429,123.576,33.0,5.4,mw,,,,1.1,us,usp000485f,2025-12-19T21:02:03.140Z,"113 km NNE of Gorontalo, Indonesia",earthquake,,,,,reviewed,us,hrv
1990-04-19T11:28:29.640Z,1.355,123.53,33.0,4.6,mb,,,,1.2,us,usp000485k,2014-11-07T00:46:10.420Z,"104 km NNE of Gorontalo, Indonesia",earthquake,,,,6.0,reviewed,us,us
1990-04-19T12:40:38.690Z,1.108,123.429,23.7,6.5,mw,,,,1.2,us,usp000485m,2022-04-28T19:52:26.603Z,"75 km NNE of Gorontalo, Indonesia",earthquake,,,,,reviewed,us,nc
1990-04-19T15:00:55.170Z,1.272,123.033,33.0,4.9,mb,,,,1.1,us,usp000485w,2014-11-07T00:46:10.471Z,"81 km N of Gorontalo, Indonesia",earthquake,,,,9.0,reviewed,us,us
1990-04-19T15:48:58.740Z,14.976,147.447,33.0,4.5,mb,,,,0.8,us,usp0004861,2014-11-07T00:46:10.482Z,"183 km E of Saipan, Northern Mariana Islands",earthquake,,,,5.0,reviewed,us,us
1990-04-19T15:59:21.300Z,15.138,147.482,33.0,4.7,mb,,,,0.8,us,usp0004862,2014-11-07T00:46:10.484Z,"185 km E of Saipan, Northern Mariana Islands",earthquake,,,,7.0,reviewed,us,us
1990-04-19T17:10:12.220Z,1.306,123.509,33.0,4.6,mb,,,,1.1,us,usp0004865,2014-11-07T00:46:10.490Z,"Minahasa, Sulawesi, Indonesia",earthquake,,,,7.0,reviewed,us,us
1990-04-19T18:35:32.660Z,1.567,123.238,33.0,4.6,mb,,,,1.1,us,usp0004866,2014-11-07T00:46:10.493Z,"115 km N of Gorontalo, Indonesia",earthquake,,,,6.0,reviewed,us,us
1990-04-19T18:55:54.460Z,-20.965,-68.857,101.0,4.7,mb,,,,1.2,us,usp0004867,2014-11-07T00:46:10.495Z,"158 km ESE of Iquique, Chile",earthquake,,,,12.0,reviewed,us,us
1990-04-19T21:53:10.100Z,1.53,123.54,33.0,4.5,mb,,,,1.3,us,usp000486a,2014-11-07T00:46:10.502Z,"121 km NNE of Gorontalo, Indonesia",earthquake,,,,2.0,reviewed,us,us
1990-04-19T22:03:08.130Z,1.093,123.876,25.8,5.1,mb,,,,1.3,us,usp000486b,2014-11-07T00:46:10.504Z,"106 km WSW of Tomohon, Indonesia",earthquake,,,,13.0,reviewed,us,us
1990-04-19T22:41:31.040Z,34.018,69.742,33.1,5.3,mw,,,,1.2,us,usp000486d,2022-04-28T19:52:32.203Z,"19 km SSE of ?uk?mat? Azrah, Afghanistan",earthquake,,,,,reviewed,us,hrv
1990-04-20T03:24:22.580Z,0.393,123.183,33.0,4.7,mb,,,,0.6,us,usp000486h,2014-11-07T00:46:10.526Z,"20 km SE of Gorontalo, Indonesia",earthquake,,,,4.0,reviewed,us,us
1990-04-20T07:01:22.550Z,36.195,27.188,10.0,4.7,mb,,,,1.7,us,usp000486r,2014-11-07T00:46:10.541Z,"46 km S of Mandráki, Greece",earthquake,,,,1.0,reviewed,us,us
1990-04-20T08:16:45.760Z,14.785,146.332,144.0,4.7,mb,,,,1.0,us,usp000486t,2014-11-07T00:46:10.547Z,"78 km SE of Saipan, Northern Mariana Islands",earthquake,,9.8,,8.0,reviewed,us,us
1990-04-20T08:51:35.010Z,-24.182,-179.655,474.2,5.2,mb,,,,0.9,us,usp000486u,2014-11-07T00:46:10.551Z,south of the Fiji Islands,earthquake,,,,28.0,reviewed,us,us
1990-04-20T11:51:48.530Z,1.058,124.083,33.0,4.8,mb,,,,1.5,us,usp000486x,2014-11-07T00:46:10.577Z,"Minahasa, Sulawesi, Indonesia",earthquake,,,,8.0,reviewed,us,us
1990-04-20T17:56:50.810Z,1.365,123.404,33.0,4.8,mb,,,,1.3,us,usp0004876,2014-11-07T00:46:10.592Z,"99 km NNE of Gorontalo, Indonesia",earthquake,,,,6.0,reviewed,us,us
1990-04-20T18:23:29.920Z,-14.859,-71.374,144.1,5.3,mw,,,,1.3,us,usp0004877,2025-12-19T20:56:28.218Z,"8 km SSE of Yauri, Peru",earthquake,,,,,reviewed,us,hrv
1990-04-20T18:25:38.610Z,-20.341,-177.526,362.2,4.9,mb,,,,0.9,us,usp0004878,2014-11-07T00:46:10.605Z,Fiji region,earthquake,,36.5,,10.0,reviewed,us,us
1990-04-20T19:25:34.190Z,29.695,57.427,10.0,4.6,mb,,,,1.5,us,usp0004879,2014-11-07T00:46:10.607Z,"73 km SSE of Kerman, Iran",earthquake,,,,7.0,reviewed,us,us
1990-04-20T20:33:38.070Z,13.241,-90.079,77.2,5.3,mw,,,,1.3,us,usp000487b,2025-12-19T21:02:04.522Z,near the coast of Guatemala,earthquake,,4.3,,,reviewed,us,hrv
1990-04-20T23:20:31.820Z,-6.27,151.178,51.9,5.5,mw,,,,1.1,us,usp000487g,2022-04-28T19:52:38.120Z,"New Britain region, Papua New Guinea",earthquake,,13.1,,,reviewed,us,hrv
1990-04-20T23:30:03.480Z,40.002,40.069,14.0,5.4,mw,,,,1.4,us,usp000487h,2022-04-28T19:52:39.559Z,"5 km NE of Otlukbeli, Turkey",earthquake,,,,,reviewed,us,hrv
1990-04-21T00:26:28.610Z,62.7972,-148.3173,55.0,4.5,mb,,,,0.2,ak,ak99053kt5n1,2020-09-14T18:29:59.849Z,"73 km SSE of Cantwell, Alaska",earthquake,,5.5,,,reviewed,ak,ak
1990-04-21T01:27:00.530Z,15.491,147.668,38.2,5.2,mb,,,,0.8,us,usp000487n,2014-11-07T00:46:10.669Z,"207 km E of Saipan, Northern Mariana Islands",earthquake,,,,25.0,reviewed,us,us
1990-04-21T02:06:24.950Z,36.289,70.927,79.0,4.6,mb,,,,1.1,us,usp000487s,2014-11-07T00:46:10.684Z,"Hindu Kush region, Afghanistan",earthquake,,17.2,,13.0,reviewed,us,us
1990-04-21T04:27:22.820Z,1.278,123.106,33.0,4.6,mb,,,,0.6,us,usp000487v,2014-11-07T00:46:10.695Z,"82 km N of Gorontalo, Indonesia",earthquake,,,,2.0,reviewed,us,us
1990-04-21T05:14:03.930Z,1.234,123.254,32.9,5.5,mw,,,,1.1,us,usp000487x,2022-04-28T19:52:46.116Z,"79 km NNE of Gorontalo, Indonesia",earthquake,,,,,reviewed,us,hrv
1990-04-21T08:25:05.890Z,-60.534,-47.071,10.0,4.8,mb,,,,1.1,us,usp0004880,2014-11-07T00:46:10.710Z,Scotia Sea,earthquake,,,,5.0,reviewed,us,us
1990-04-21T11:56:16.280Z,-7.077,130.044,62.8,4.6,mb,,,,1.3,us,usp000488a,2014-11-07T00:46:10.792Z,"Pulau Pulau Tanimbar, Indonesia",earthquake,,9.8,,5.0,reviewed,us,us
1990-04-21T17:44:21.190Z,-6.961,155.445,77.0,4.5,mb,,,,1.1,us,usp000488z,2014-11-07T00:46:11.106Z,"71 km S of Panguna, Papua New Guinea",earthquake,,10.9,,6.0,reviewed,us,us
1990-04-21T18:54:52.460Z,-36.985,-73.303,11.9,6.3,mw,,,,1.1,us,usp0004892,2022-04-28T19:52:51.417Z,"15 km WNW of Coronel, Chile",earthquake,,,,,reviewed,us,nc
1990-04-21T19:26:41.700Z,-2.99,-77.673,33.0,4.5,mb,,,,1.3,us,usp0004895,2014-11-07T00:46:11.142Z,"80 km SE of Sucúa, Ecuador",earthquake,,,,8.0,reviewed,us,us
1990-04-21T21:57:52.400Z,36.104,53.112,28.5,4.5,mb,,,,0.9,us,usp0004899,2014-11-07T00:46:11.154Z,"48 km NNW of Mahdishahr, Iran",earthquake,,9.1,,1.0,reviewed,us,us
1990-04-21T22:56:55.340Z,47.488,138.956,505.2,5.5,mw,,,,0.7,us,usp000489d,2022-04-28T19:52:53.023Z,"115 km NNE of Svetlaya, Russia",earthquake,,,,,reviewed,us,hrv
1990-04-21T23:20:20.980Z,-22.524,-70.269,46.8,5.1,mb,,,,1.1,us,usp000489j,2014-11-07T00:46:11.190Z,"48 km S of Tocopilla, Chile",earthquake,,11.4,,11.0,reviewed,us,us
1990-04-22T00:36:45.710Z,15.097,147.436,37.7,4.8,mb,,,,0.9,us,usp000489p,2014-11-07T00:46:11.203Z,"181 km E of Saipan, Northern Mariana Islands",earthquake,,11.4,,13.0,reviewed,us,us
1990-04-22T00:48:53.800Z,15.118,147.38,45.5,4.8,mb,,,,0.9,us,usp000489q,2014-11-07T00:46:11.207Z,"175 km E of Saipan, Northern Mariana Islands",earthquake,,3.6,,15.0,reviewed,us,us
1990-04-22T01:44:12.910Z,15.135,147.419,33.0,4.9,mb,,,,0.8,us,usp000489u,2014-11-07T00:46:11.219Z,"179 km E of Saipan, Northern Mariana Islands",earthquake,,,,5.0,reviewed,us,us
1990-04-22T01:45:43.200Z,-5.258,152.117,79.8,4.8,mb,,,,0.5,us,usp000489v,2014-11-07T00:46:11.221Z,"102 km S of Kokopo, Papua New Guinea",earthquake,,16.0,,12.0,reviewed,us,us
1990-04-22T01:56:05.630Z,15.097,147.482,33.0,4.9,mb,,,,0.9,us,usp000489w,2014-11-07T00:46:11.224Z,"186 km E of Saipan, Northern Mariana Islands",earthquake,,,,20.0,reviewed,us,us
1990-04-22T02:00:43.880Z,15.058,147.496,33.0,4.9,mb,,,,0.9,us,usp000489y,2014-11-07T00:46:11.234Z,Mariana Islands region,earthquake,,,,11.0,reviewed,us,us
1990-04-22T04:46:08.360Z,-18.139,-178.492,620.7,4.6,mb,,,,1.0,us,usp00048a1,2014-11-07T00:46:11.242Z,"232 km E of Levuka, Fiji",earthquake,,32.6,,7.0,reviewed,us,us
1990-04-22T05:54:24.910Z,6.734,-73.122,168.4,5.0,mb,,,,0.9,us,usp00048a5,2014-11-07T00:46:11.247Z,"2 km W of Jordán, Colombia",earthquake,,,,25.0,reviewed,us,us
1990-04-22T06:18:03.130Z,10.748,-62.685,116.3,4.9,mb,,,,1.0,us,usp00048a6,2014-11-07T00:46:11.256Z,"46 km WNW of Güiria, Venezuela",earthquake,,,,49.0,reviewed,us,us
1990-04-22T07:41:37.520Z,-20.879,-178.791,587.8,4.5,mb,,,,1.0,us,usp00048a9,2014-11-07T00:46:11.274Z,Fiji region,earthquake,,14.3,,10.0,reviewed,us,us
1990-04-22T08:23:20.080Z,-36.972,-73.334,33.0,5.2,mb,,,,0.8,us,usp00048ac,2014-11-07T00:46:11.281Z,"18 km WNW of Coronel, Chile",earthquake,,,,14.0,reviewed,us,us
1990-04-22T10:42:54.360Z,85.939,31.134,10.0,4.7,mb,,,,1.0,us,usp00048af,2014-11-07T00:46:11.301Z,north of Svalbard,earthquake,,,,12.0,reviewed,us,us
1990-04-22T14:42:28.380Z,-5.215,146.912,229.9,4.5,mb,,,,1.3,us,usp00048ap,2014-11-07T00:46:11.318Z,"eastern New Guinea region, Papua New Guinea",earthquake,,9.6,,3.0,reviewed,us,us
1990-04-22T16:35:43.370Z,36.502,26.854,149.1,4.7,mb,,,,1.1,us,usp00048ax,2014-11-07T00:46:11.334Z,"27 km WSW of Mandráki, Greece",earthquake,,3.5,,37.0,reviewed,us,us
1990-04-22T16:47:24.620Z,-21.058,-178.782,576.1,4.8,mb,,,,1.0,us,usp00048az,2014-11-07T00:46:11.353Z,Fiji region,earthquake,,15.4,,23.0,reviewed,us,us
1990-04-22T19:01:42.860Z,15.066,147.546,45.6,4.6,mb,,,,0.6,us,usp00048b2,2014-11-07T00:46:11.370Z,"193 km E of Saipan, Northern Mariana Islands",earthquake,,12.5,,4.0,reviewed,us,us
1990-04-22T20:25:24.850Z,-37.977,-73.3,26.1,5.7,mw,,,,1.0,us,usp00048b7,2022-04-28T19:52:54.521Z,"21 km SSE of Cañete, Chile",earthquake,,,,,reviewed,us,hrv
1990-04-22T23:51:52.550Z,0.955,120.064,33.0,5.3,mw,,,,1.1,us,usp00048bd,2022-04-28T19:52:55.867Z,"207 km N of Palu, Indonesia",earthquake,,,,,reviewed,us,hrv
1990-04-23T02:59:46.090Z,52.743,-167.771,33.0,4.9,mb,,,,1.1,us,usp00048bj,2014-11-07T00:46:11.412Z,"76 km ESE of Nikolski, Alaska",earthquake,,,,45.0,reviewed,us,us
1990-04-23T08:17:30.290Z,30.61,138.762,387.3,4.5,mb,,,,1.1,us,usp00048bs,2014-11-07T00:46:11.435Z,"Izu Islands, Japan region",earthquake,,12.7,,25.0,reviewed,us,us
1990-04-23T09:19:22.910Z,1.016,123.842,33.0,4.8,mb,,,,1.0,us,usp00048bw,2014-11-07T00:46:11.447Z,"101 km ENE of Gorontalo, Indonesia",earthquake,,,,3.0,reviewed,us,us
1990-04-23T09:44:09.650Z,31.11,51.515,33.0,4.6,mb,,,,1.2,us,usp00048bz,2014-11-07T00:46:11.454Z,"34 km S of Sem?rom, Iran",earthquake,,,,7.0,reviewed,us,us
1990-04-23T13:29:21.820Z,15.205,147.61,23.2,4.5,mb,,,,0.7,us,usp00048c3,2014-11-07T00:46:11.468Z,"199 km E of Saipan, Northern Mariana Islands",earthquake,,19.7,,6.0,reviewed,us,us
1990-04-23T16:35:26.120Z,-24.057,-66.791,190.5,4.5,mb,,,,1.5,us,usp00048c8,2014-11-07T00:46:11.478Z,"51 km WNW of San Antonio de los Cobres, Argentina",earthquake,,12.1,,4.0,reviewed,us,us
1990-04-24T04:55:16.720Z,15.181,147.567,35.7,4.7,mb,,,,0.7,us,usp00048cz,2014-11-07T00:46:11.550Z,"194 km E of Saipan, Northern Mariana Islands",earthquake,,13.0,,8.0,reviewed,us,us
1990-04-24T10:00:39.880Z,1.404,123.486,32.4,5.1,mb,,,,1.2,us,usp00048d7,2022-04-28T19:52:57.324Z,"106 km NNE of Gorontalo, Indonesia",earthquake,,13.4,,22.0,reviewed,us,us
1990-04-24T11:00:25.810Z,-18.447,168.357,55.9,4.8,mb,,,,1.4,us,usp00048d8,2014-11-07T00:46:11.571Z,"78 km S of Port-Vila, Vanuatu",earthquake,,9.5,,6.0,reviewed,us,us
1990-04-24T13:06:30.350Z,1.428,123.525,33.0,4.5,mb,,,,1.1,us,usp00048da,2014-11-07T00:46:11.580Z,"111 km NNE of Gorontalo, Indonesia",earthquake,,,,5.0,reviewed,us,us
1990-04-24T16:20:40.870Z,42.138,19.196,22.5,4.6,md,,,,1.2,us,usp00048dg,2014-11-07T00:46:11.592Z,"6 km NE of Stari Bar, Montenegro",earthquake,,3.4,,,reviewed,us,tri
1990-04-24T19:30:40.020Z,42.129,19.131,21.2,5.1,mb,,,,1.2,us,usp00048ds,2014-11-07T00:46:11.620Z,"3 km N of Stari Bar, Montenegro",earthquake,,2.7,,9.0,reviewed,us,us
1990-04-24T20:35:00.840Z,36.54,71.473,45.5,4.8,mb,,,,1.1,us,usp00048dy,2014-11-07T00:46:11.649Z,"16 km SSW of Ashk?sham, Afghanistan",earthquake,,20.5,,11.0,reviewed,us,us
1990-04-24T21:05:17.430Z,1.37,123.547,42.0,4.8,mb,,,,1.0,us,usp00048e1,2014-11-07T00:46:11.655Z,"106 km NNE of Gorontalo, Indonesia",earthquake,,10.5,,8.0,reviewed,us,us
1990-04-24T23:49:49.460Z,26.359,128.818,12.2,5.1,mb,,,,0.9,us,usp00048ec,2014-11-07T00:46:11.670Z,"87 km ESE of Nago, Japan",earthquake,,,,26.0,reviewed,us,us
1990-04-25T02:07:39.120Z,17.263,145.183,137.4,4.7,mb,,,,1.1,us,usp00048eh,2014-11-07T00:46:11.683Z,"235 km NNW of Saipan, Northern Mariana Islands",earthquake,,15.4,,5.0,reviewed,us,us
1990-04-25T02:13:32.070Z,-15.358,-179.055,441.4,5.4,mw,,,,1.0,us,usp00048ej,2025-12-19T21:02:05.788Z,"152 km SW of Leava, Wallis and Futuna",earthquake,,3.5,,,reviewed,us,hrv
1990-04-25T02:24:21.940Z,24.285,123.488,39.8,5.2,mb,,,,0.9,us,usp00048em,2014-11-07T00:46:11.712Z,"53 km ESE of Yonakuni, Japan",earthquake,,6.9,,52.0,reviewed,us,us
1990-04-25T04:58:30.100Z,-17.912,-178.605,605.1,4.8,mb,,,,0.8,us,usp00048ev,2014-11-07T00:46:11.751Z,"220 km E of Levuka, Fiji",earthquake,,3.7,,27.0,reviewed,us,us
1990-04-25T05:16:14.940Z,44.96,142.596,249.4,4.6,mb,,,,0.8,us,usp00048ew,2014-11-07T00:46:11.760Z,"68 km N of Nayoro, Japan",earthquake,,6.4,,44.0,reviewed,us,us
1990-04-25T07:10:53.930Z,48.261,154.364,38.3,5.4,mw,,,,0.8,us,usp00048f3,2025-12-19T21:02:06.914Z,"297 km SSW of Severo-Kuril’sk, Russia",earthquake,,,,,reviewed,us,hrv
1990-04-25T11:33:53.700Z,32.331,141.632,33.0,4.6,mb,,,,0.6,us,usp00048fc,2014-11-07T00:46:11.809Z,"Izu Islands, Japan region",earthquake,,,,5.0,reviewed,us,us
1990-04-25T15:32:21.730Z,-7.077,150.112,23.4,5.4,mb,,,,0.9,us,usp00048fk,2022-04-28T19:53:02.913Z,"114 km SSE of Kandrian, Papua New Guinea",earthquake,,17.3,,13.0,reviewed,us,us
1990-04-25T18:30:54.670Z,-9.411,107.634,31.0,4.8,mb,,,,1.2,us,usp00048fr,2014-11-07T00:46:11.835Z,"233 km SSW of Kawalu, Indonesia",earthquake,,,,7.0,reviewed,us,us
1990-04-25T18:38:48.890Z,9.7,124.663,55.3,4.6,mb,,,,1.0,us,usp00048fs,2014-11-07T00:46:11.840Z,"11 km ESE of Bacong, Philippines",earthquake,,13.0,,8.0,reviewed,us,us
1990-04-25T19:25:38.640Z,-12.364,166.72,265.8,5.0,mb,,,,1.0,us,usp00048fu,2014-11-07T00:46:11.843Z,"190 km NNW of Sola, Vanuatu",earthquake,,19.8,,8.0,reviewed,us,us
1990-04-25T19:54:29.720Z,1.398,123.378,33.0,4.6,mb,,,,1.4,us,usp00048fx,2014-11-07T00:46:11.852Z,"101 km NNE of Gorontalo, Indonesia",earthquake,,,,7.0,reviewed,us,us
1990-04-26T01:14:48.860Z,24.018,94.626,102.4,4.6,mb,,,,0.8,us,usp00048gb,2014-11-07T00:46:11.873Z,"47 km NNE of Mawlaik, Myanmar",earthquake,,,,36.0,reviewed,us,us
1990-04-26T02:50:02.790Z,10.35,-62.776,73.0,4.6,mb,,,,0.9,us,usp00048gd,2014-11-07T00:46:11.882Z,"58 km WSW of Güiria, Venezuela",earthquake,,3.0,,29.0,reviewed,us,us
1990-04-26T03:29:44.150Z,-17.369,-178.891,583.6,4.9,mb,,,,0.9,us,usp00048gf,2014-11-07T00:46:11.893Z,"205 km ENE of Levuka, Fiji",earthquake,,34.0,,11.0,reviewed,us,us
1990-04-26T09:37:10.940Z,36.04,100.274,10.0,6.3,mw,,,,1.0,us,usp00048gt,2022-04-29T23:41:01.938Z,"148 km WSW of Xining, China",earthquake,,,,,reviewed,us,hrv
1990-04-26T09:37:15.040Z,35.986,100.245,8.1,6.5,mw,,,,1.2,us,usp00048gu,2022-04-29T20:57:28.155Z,"153 km WSW of Xining, China",earthquake,,,,,reviewed,us,hrv
1990-04-26T09:37:45.380Z,36.239,100.254,9.6,6.3,mb,,,,1.1,us,usp00048gv,2022-04-28T19:53:06.213Z,"141 km WSW of Xining, China",earthquake,,,,9.0,reviewed,us,us
1990-04-26T10:15:37.060Z,36.072,99.887,10.0,4.6,mb,,,,1.0,us,usp00048gw,2014-11-07T00:46:11.980Z,"178 km WSW of Xining, China",earthquake,,,,7.0,reviewed,us,us
1990-04-26T11:27:42.770Z,41.011,19.776,39.1,4.8,mb,,,,1.2,us,usp00048gx,2014-11-07T00:46:11.982Z,"4 km SSE of Peqin, Albania",earthquake,,4.1,,14.0,reviewed,us,us
1990-04-26T15:39:22.930Z,-6.277,154.755,74.3,5.6,mb,,,,1.1,us,usp00048h2,2022-04-28T19:53:11.363Z,"80 km W of Panguna, Papua New Guinea",earthquake,,5.7,,26.0,reviewed,us,us
1990-04-26T15:40:34.400Z,1.059,122.825,24.4,6.0,mw,,,,1.0,us,usp00048h3,2022-04-28T19:53:16.476Z,"63 km NNW of Gorontalo, Indonesia",earthquake,,,,,reviewed,us,hrv
1990-04-26T18:11:57.330Z,15.776,147.967,41.0,4.5,mb,,,,0.4,us,usp00048h7,2014-11-07T00:46:12.046Z,Mariana Islands region,earthquake,,16.6,,3.0,reviewed,us,us
1990-04-26T18:54:16.290Z,13.451,-91.268,51.5,4.9,mb,,,,1.1,us,usp00048h8,2014-11-07T00:46:12.048Z,"71 km SW of Puerto San José, Guatemala",earthquake,,9.2,,10.0,reviewed,us,us
1990-04-26T20:36:33.520Z,45.747,151.289,33.0,5.1,mb,,,,0.8,us,usp00048hc,2014-11-07T00:46:12.060Z,"272 km E of Kuril’sk, Russia",earthquake,,,,51.0,reviewed,us,us
1990-04-26T23:28:40.090Z,1.313,122.987,33.0,4.8,mb,,,,1.3,us,usp00048hh,2014-11-07T00:46:12.074Z,"86 km N of Gorontalo, Indonesia",earthquake,,,,6.0,reviewed,us,us
1990-04-27T02:50:02.870Z,-13.708,166.762,56.2,5.3,mw,,,,1.0,us,usp00048hq,2022-04-28T19:53:22.347Z,"87 km WNW of Sola, Vanuatu",earthquake,,10.3,,,reviewed,us,hrv
1990-04-27T03:01:36.010Z,34.11,69.665,33.0,4.7,mb,,,,1.0,us,usp00048hr,2014-11-07T00:46:12.104Z,"7 km SSE of ?uk?mat? Azrah, Afghanistan",earthquake,,,,8.0,reviewed,us,us
1990-04-27T04:45:38.940Z,5.595,-82.469,33.0,4.5,mb,,,,1.3,us,usp00048hu,2014-11-07T00:46:12.111Z,"264 km SW of Arenas, Panama",earthquake,,,,8.0,reviewed,us,us
1990-04-27T05:09:02.850Z,1.245,122.881,45.8,5.0,mb,,,,1.0,us,usp00048hw,2014-11-07T00:46:12.115Z,"Minahasa, Sulawesi, Indonesia",earthquake,,10.2,,9.0,reviewed,us,us
1990-04-27T05:29:25.900Z,28.696,66.177,16.8,5.5,mw,,,,1.3,us,usp00048hx,2022-04-28T19:53:28.579Z,"23 km NNW of Surab, Pakistan",earthquake,,,,,reviewed,us,hrv
1990-04-27T09:42:31.050Z,1.462,123.566,36.8,5.4,mw,,,,1.2,us,usp00048j1,2025-12-19T21:02:08.270Z,"116 km NNE of Gorontalo, Indonesia",earthquake,,,,,reviewed,us,hrv
1990-04-27T16:02:04.420Z,-8.872,-108.786,33.0,5.1,mb,,,,1.2,us,usp00048ja,2014-11-07T00:46:12.170Z,central East Pacific Rise,earthquake,,,,15.0,reviewed,us,us
1990-04-27T16:31:10.250Z,13.046,-89.234,79.7,4.6,mb,,,,0.7,us,usp00048jb,2014-11-07T00:46:12.173Z,"49 km S of La Libertad, El Salvador",earthquake,,5.7,,1.0,reviewed,us,us
1990-04-27T17:53:23.330Z,-18.041,35.289,10.0,4.8,mb,,,,0.8,us,usp00048jf,2014-11-07T00:46:12.180Z,"124 km S of Nsanje, Malawi",earthquake,,,,10.0,reviewed,us,us
1990-04-27T19:03:03.860Z,-20.145,-68.979,131.6,4.7,mb,,,,0.9,us,usp00048jh,2014-11-07T00:46:12.184Z,"122 km E of Iquique, Chile",earthquake,,7.7,,11.0,reviewed,us,us
1990-04-28T00:47:19.200Z,-3.967,151.562,10.0,4.6,mb,,,,1.2,us,usp00048jt,2014-11-07T00:46:12.202Z,"71 km WNW of Rabaul, Papua New Guinea",earthquake,,,,7.0,reviewed,us,us
1990-04-28T01:23:11.510Z,8.887,-83.5,22.7,6.4,mw,,,,1.0,us,usp00048ju,2022-04-28T19:53:33.896Z,"8 km SSE of Ciudad Cortés, Costa Rica",earthquake,,,,,reviewed,us,hrv
1990-04-28T02:23:16.820Z,1.012,123.243,33.0,4.8,mb,,,,1.2,us,usp00048jv,2014-11-07T00:46:12.247Z,"56 km NNE of Gorontalo, Indonesia",earthquake,,,,4.0,reviewed,us,us
1990-04-28T03:56:46.760Z,36.225,99.999,10.0,4.8,mb,,,,0.9,us,usp00048jy,2014-11-07T00:46:12.251Z,"163 km WSW of Xining, China",earthquake,,,,28.0,reviewed,us,us
1990-04-28T06:33:44.510Z,36.922,71.3,45.8,4.7,mb,,,,1.4,us,usp00048k4,2014-11-07T00:46:12.268Z,"33 km NW of Ashk?sham, Afghanistan",earthquake,,18.9,,14.0,reviewed,us,us
1990-04-28T08:52:47.080Z,39.844,-29.832,10.0,4.5,mb,,,,1.0,us,usp00048k7,2014-11-07T00:46:12.273Z,"119 km ENE of Santa Cruz das Flores, Portugal",earthquake,,,,12.0,reviewed,us,us
1990-04-28T09:11:44.720Z,39.818,-29.837,10.0,4.5,mb,,,,1.1,us,usp00048k8,2014-11-07T00:46:12.276Z,"117 km ENE of Santa Cruz das Flores, Portugal",earthquake,,,,14.0,reviewed,us,us
1990-04-28T09:44:48.020Z,-5.547,-79.405,33.0,4.8,mb,,,,1.5,us,usp00048k9,2014-11-07T00:46:12.279Z,"15 km NW of Sallique, Peru",earthquake,,,,5.0,reviewed,us,us
1990-04-28T11:42:23.830Z,-26.113,-178.021,17.4,5.7,mw,,,,1.5,us,usp00048kb,2022-04-28T19:53:39.296Z,south of the Fiji Islands,earthquake,,,,,reviewed,us,hrv
1990-04-28T13:10:44.360Z,-2.96,129.867,33.0,4.5,mb,,,,1.4,us,usp00048kd,2014-11-07T00:46:12.301Z,"113 km ENE of Amahai, Indonesia",earthquake,,,,3.0,reviewed,us,us
1990-04-28T19:29:04.840Z,18.457,-72.901,10.0,4.8,ms,,,,0.9,us,usp00048kn,2014-11-07T00:46:12.314Z,"4 km NW of Tigwav, Haiti",earthquake,,,,2.0,reviewed,us,us
1990-04-28T20:20:52.550Z,10.098,122.237,33.0,4.7,mb,,,,1.1,us,usp00048kq,2014-11-07T00:46:12.319Z,"28 km NW of Linaon, Philippines",earthquake,,,,5.0,reviewed,us,us
1990-04-28T20:44:48.500Z,33.128,96.644,10.0,4.6,mb,,,,1.3,us,usp00048kr,2014-11-07T00:46:12.322Z,"227 km NNW of Qamdo, China",earthquake,,,,13.0,reviewed,us,us
1990-04-28T20:52:36.920Z,51.32,-179.953,33.0,4.5,mb,,,,1.3,us,usp00048ks,2014-11-07T00:46:12.324Z,"238 km WSW of Adak, Alaska",earthquake,,,,5.0,reviewed,us,us
1990-04-28T21:22:45.710Z,18.424,-72.856,10.0,4.7,mb,,,,1.1,us,usp00048kv,2014-11-07T00:46:12.329Z,"1 km SE of Tigwav, Haiti",earthquake,,,,12.0,reviewed,us,us
1990-04-28T22:09:59.920Z,36.314,100.045,10.0,4.5,mb,,,,0.7,us,usp00048ky,2014-11-07T00:46:12.335Z,"157 km WSW of Xining, China",earthquake,,,,16.0,reviewed,us,us
1990-04-29T05:14:34.730Z,18.121,145.353,319.3,4.6,mb,,,,1.0,us,usp00048m7,2014-11-07T00:46:12.353Z,"Pagan region, Northern Mariana Islands",earthquake,,,,23.0,reviewed,us,us
1990-04-29T05:43:40.620Z,-4.1,151.857,26.8,5.6,mw,,,,1.2,us,usp00048m8,2022-04-28T19:53:45.007Z,"35 km WNW of Rabaul, Papua New Guinea",earthquake,,8.5,,,reviewed,us,hrv
1990-04-29T06:40:20.910Z,-9.421,148.808,42.4,4.9,mb,,,,1.0,us,usp00048ma,2014-11-07T00:46:12.369Z,"96 km SE of Popondetta, Papua New Guinea",earthquake,,13.2,,7.0,reviewed,us,us
1990-04-29T08:00:05.260Z,51.083,-147.871,33.0,4.9,mb,,,,0.7,us,usp00048mc,2014-11-07T00:46:12.371Z,south of Alaska,earthquake,,,,26.0,reviewed,us,us
1990-04-29T08:20:16.760Z,47.899,153.993,33.0,5.0,mb,,,,0.7,us,usp00048md,2014-11-07T00:46:12.380Z,Kuril Islands,earthquake,,,,48.0,reviewed,us,us
1990-04-29T08:31:58.060Z,15.193,147.524,20.5,4.7,mb,,,,0.8,us,usp00048me,2014-11-07T00:46:12.388Z,"190 km E of Saipan, Northern Mariana Islands",earthquake,,6.9,,7.0,reviewed,us,us
1990-04-29T18:12:04.220Z,19.885,-73.783,10.0,4.7,mb,,,,1.2,us,usp00048mt,2014-11-07T00:46:12.411Z,"43 km WNW of Môle Saint-Nicolas, Haiti",earthquake,,,,18.0,reviewed,us,us
1990-04-29T19:32:30.290Z,16.524,145.964,33.0,4.6,mb,,,,1.1,us,usp00048mz,2014-11-07T00:46:12.427Z,"146 km N of Saipan, Northern Mariana Islands",earthquake,,,,2.0,reviewed,us,us
1990-04-29T23:33:17.660Z,40.434,142.278,33.0,4.7,mb,,,,0.8,us,usp00048n5,2014-11-07T00:46:12.436Z,"66 km E of Hachinohe, Japan",earthquake,,,,23.0,reviewed,us,us
1990-04-30T01:38:59.140Z,-17.26,-72.781,30.7,5.1,mb,,,,1.4,us,usp00048n9,2014-11-07T00:46:12.444Z,"70 km SSW of Quilca, Peru",earthquake,,13.6,,36.0,reviewed,us,us
1990-04-30T01:55:57.570Z,26.437,93.318,33.0,5.3,mb,,,,1.2,us,usp00048na,2014-11-07T00:46:12.452Z,"36 km SW of Bok?kh?t, India",earthquake,,,,6.0,reviewed,us,us
1990-04-30T02:30:56.750Z,39.931,142.932,44.7,5.0,mb,,,,0.8,us,usp00048nb,2014-11-07T00:46:12.454Z,"90 km ENE of Miyako, Japan",earthquake,,,,51.0,reviewed,us,us
1990-04-30T02:40:04.020Z,-6.487,130.18,153.6,4.6,mb,,,,0.8,us,usp00048nc,2014-11-07T00:46:12.464Z,Banda Sea,earthquake,,34.0,,4.0,reviewed,us,us
1990-04-30T02:49:16.190Z,-3.233,129.331,96.9,4.7,mb,,,,1.0,us,usp00048nd,2014-11-07T00:46:12.466Z,"47 km ENE of Amahai, Indonesia",earthquake,,8.2,,3.0,reviewed,us,us
1990-04-30T04:54:13.520Z,39.97,142.735,60.6,4.7,mb,,,,1.0,us,usp00048nn,2014-11-07T00:46:12.477Z,"76 km ENE of Miyako, Japan",earthquake,,18.1,,27.0,reviewed,us,us
1990-04-30T05:15:00.260Z,-17.317,-72.761,33.0,4.8,mb,,,,0.7,us,usp00048nq,2014-11-07T00:46:12.484Z,"75 km SSW of Quilca, Peru",earthquake,,,,1.0,reviewed,us,us
1990-04-30T05:54:41.490Z,-54.279,1.271,10.0,6.0,mw,,,,1.2,us,usp00048ns,2022-04-28T19:53:46.611Z,Bouvet Island region,earthquake,,,,,reviewed,us,hrv
1990-04-30T12:28:39.720Z,36.201,99.864,33.0,4.8,mb,,,,1.2,us,usp00048nv,2014-11-07T00:46:12.523Z,"176 km WSW of Xining, China",earthquake,,,,19.0,reviewed,us,us
1990-04-30T14:26:27.040Z,8.802,126.054,116.6,5.2,mw,,,,1.0,us,usp00048nx,2025-12-19T21:02:09.627Z,"19 km NNW of Lianga, Philippines",earthquake,,,,,reviewed,us,hrv
1990-04-30T18:00:16.970Z,7.329,94.308,20.8,5.6,mw,,,,1.0,us,usp00048p4,2022-04-28T19:53:47.611Z,"194 km NW of Sabang, Indonesia",earthquake,,,,,reviewed,us,hrv
1990-04-30T18:08:30.040Z,-25.14,-112.481,10.0,5.6,mw,,,,1.1,us,usp00048p5,2022-04-28T19:53:48.773Z,Easter Island region,earthquake,,,,,reviewed,us,hrv
1990-04-30T22:18:20.880Z,-13.327,-76.602,52.1,4.5,mb,,,,1.1,us,usp00048pj,2014-11-07T00:46:12.606Z,"36 km SW of San Vicente de Cañete, Peru",earthquake,,8.8,,8.0,reviewed,us,us
1990-04-30T23:32:45.830Z,36.191,100.167,10.0,4.5,mb,,,,1.2,us,usp00048pn,2014-11-07T00:46:12.613Z,"150 km WSW of Xining, China",earthquake,,,,15.0,reviewed,us,us
1990-05-01T00:07:02.640Z,50.99,-169.472,33.0,4.8,mb,,,,1.1,us,usp00048pq,2014-11-07T00:46:13.468Z,"220 km S of Nikolski, Alaska",earthquake,,,,3.0,reviewed,us,us
1990-05-01T00:08:28.590Z,-54.88,-129.536,10.0,5.2,mb,,,,0.8,us,usp00048pr,2014-11-07T00:46:13.993Z,Pacific-Antarctic Ridge,earthquake,,,,3.0,reviewed,us,us
1990-05-01T05:26:13.870Z,52.226,-168.512,33.0,4.7,mb,,,,1.0,us,usp00048pw,2014-11-07T00:46:14.158Z,"82 km SSE of Nikolski, Alaska",earthquake,,,,5.0,reviewed,us,us
1990-05-01T06:12:09.020Z,-7.782,129.236,111.7,4.5,mb,,,,1.5,us,usp00048px,2014-11-07T00:46:14.336Z,"259 km ENE of Lospalos, Timor Leste",earthquake,,54.2,,2.0,reviewed,us,us
1990-05-01T09:05:04.720Z,14.891,148.91,33.0,4.5,mb,,,,1.0,us,usp00048q2,2014-11-07T00:46:14.495Z,Mariana Islands region,earthquake,,,,4.0,reviewed,us,us
1990-05-01T09:48:01.730Z,-9.57,109.914,33.0,4.6,mb,,,,0.7,us,usp00048q6,2014-11-07T00:46:14.560Z,"183 km SSW of Bambanglipuro, Indonesia",earthquake,,,,2.0,reviewed,us,us
1990-05-01T10:37:11.180Z,-25.428,-175.601,33.0,5.1,mb,,,,1.3,us,usp00048q8,2014-11-07T00:46:14.578Z,south of Tonga,earthquake,,,,7.0,reviewed,us,us
1990-05-01T11:44:34.440Z,14.056,-91.69,41.0,5.8,mw,,,,1.2,us,usp00048qa,2022-04-28T19:48:16.914Z,"35 km SE of Champerico, Guatemala",earthquake,,7.1,,,reviewed,us,hrv
1990-05-01T16:12:20.405Z,58.5212,-156.5416,252.0,6.6,mw,,,,1.2,ak,ak9905kdmjlk,2022-04-28T19:48:19.282Z,"19 km SSE of King Salmon, Alaska",earthquake,,15.3,,,reviewed,ak,ak
1990-05-01T20:42:39.750Z,11.808,-86.962,33.0,4.7,mb,,,,1.0,us,usp00048qm,2014-11-07T00:46:15.321Z,"48 km W of Masachapa, Nicaragua",earthquake,,,,3.0,reviewed,us,us
1990-05-02T01:01:24.930Z,49.268,155.624,94.5,5.4,mw,,,,0.9,us,usp00048qs,2025-12-19T21:01:37.942Z,"160 km SSW of Severo-Kuril’sk, Russia",earthquake,,,,,reviewed,us,hrv
1990-05-02T03:28:46.620Z,-10.457,110.295,33.0,4.5,mb,,,,0.8,us,usp00048qv,2014-11-07T00:46:15.588Z,"277 km S of Pundong, Indonesia",earthquake,,,,5.0,reviewed,us,us
1990-05-02T04:13:50.570Z,-7.079,129.973,130.4,4.8,mb,,,,1.3,us,usp00048qy,2014-11-07T00:46:15.726Z,"Kepulauan Babar, Indonesia",earthquake,,10.0,,8.0,reviewed,us,us
1990-05-02T04:19:40.790Z,0.019,124.252,103.2,5.3,mw,,,,1.1,us,usp00048qz,2025-12-19T21:01:38.649Z,"144 km ESE of Gorontalo, Indonesia",earthquake,,2.5,,,reviewed,us,hrv
1990-05-02T05:08:01.170Z,-7.974,123.564,352.6,5.0,mb,,,,1.1,us,usp00048r2,2014-11-07T00:46:16.033Z,"162 km NNW of Pante Makasar, Timor Leste",earthquake,,11.1,,10.0,reviewed,us,us
1990-05-02T06:50:43.450Z,42.616,146.648,33.0,4.5,mb,,,,1.0,us,usp00048r6,2014-11-07T00:46:16.065Z,"117 km SE of Nemuro, Japan",earthquake,,,,6.0,reviewed,us,us
1990-05-02T09:16:07.740Z,15.976,147.395,33.0,4.8,mb,,,,0.7,us,usp00048re,2014-11-07T00:46:16.103Z,"195 km ENE of Saipan, Northern Mariana Islands",earthquake,,,,13.0,reviewed,us,us
1990-05-02T10:43:13.870Z,36.416,71.124,254.0,4.6,mb,,,,0.9,us,usp00048rg,2014-11-07T00:46:16.120Z,"47 km SW of Ashk?sham, Afghanistan",earthquake,,,,55.0,reviewed,us,us
1990-05-02T11:59:42.160Z,-55.824,-26.951,33.0,5.1,mb,,,,1.2,us,usp00048rj,2014-11-07T00:46:16.162Z,South Sandwich Islands region,earthquake,,,,3.0,reviewed,us,us
1990-05-02T12:06:04.110Z,36.419,71.134,244.8,4.5,mb,,,,0.8,us,usp00048rk,2014-11-07T00:46:16.172Z,"46 km SW of Ashk?sham, Afghanistan",earthquake,,,,36.0,reviewed,us,us
1990-05-02T14:03:37.770Z,-5.398,150.505,142.2,5.0,mb,,,,0.9,us,usp00048rq,2014-11-07T00:46:16.217Z,"44 km ENE of Kimbe, Papua New Guinea",earthquake,,,,29.0,reviewed,us,us
1990-05-02T18:07:16.760Z,-33.686,178.883,169.8,4.9,mb,,,,1.3,us,usp00048rx,2014-11-07T00:46:16.277Z,south of the Kermadec Islands,earthquake,,30.8,,2.0,reviewed,us,us
1990-05-02T18:44:59.570Z,-19.002,-172.882,33.0,4.9,mb,,,,0.9,us,usp00048ry,2014-11-07T00:46:16.281Z,"122 km ESE of Neiafu, Tonga",earthquake,,,,2.0,reviewed,us,us
1990-05-02T18:50:25.610Z,-14.994,-71.939,138.1,4.5,mb,,,,0.9,us,usp00048rz,2014-11-07T00:46:16.284Z,"36 km SSE of Cayarani, Peru",earthquake,,5.9,,12.0,reviewed,us,us
1990-05-02T19:57:08.130Z,30.412,138.677,419.3,4.5,mb,,,,0.5,us,usp00048s2,2014-11-07T00:46:16.312Z,"Izu Islands, Japan region",earthquake,,8.8,,14.0,reviewed,us,us
1990-05-02T20:34:03.180Z,46.83,154.248,33.0,4.8,mb,,,,1.5,us,usp00048s4,2014-11-07T00:46:16.322Z,east of the Kuril Islands,earthquake,,,,21.0,reviewed,us,us
1990-05-02T21:15:02.420Z,54.068,159.587,33.0,4.5,mb,,,,0.9,us,usp00048s5,2014-11-07T00:46:16.333Z,"93 km SE of Mil’kovo, Russia",earthquake,,,,18.0,reviewed,us,us
1990-05-02T22:50:29.560Z,-5.604,150.164,81.6,6.4,mw,,,,1.0,us,usp00048s8,2022-04-28T19:48:20.848Z,"6 km SSE of Kimbe, Papua New Guinea",earthquake,,,,,reviewed,us,hrv
1990-05-03T00:11:40.340Z,-4.982,150.336,33.0,5.0,mb,,,,1.2,us,usp00048sa,2014-11-07T00:46:16.505Z,"66 km NNE of Kimbe, Papua New Guinea",earthquake,,,,3.0,reviewed,us,us
1990-05-03T00:59:52.050Z,-5.519,150.257,116.7,4.8,mb,,,,0.6,us,usp00048sc,2014-11-07T00:46:16.540Z,"13 km ENE of Kimbe, Papua New Guinea",earthquake,,14.1,,5.0,reviewed,us,us
1990-05-03T04:22:52.070Z,-5.655,150.374,119.4,4.7,mb,,,,1.3,us,usp00048sg,2014-11-07T00:46:16.582Z,"28 km ESE of Kimbe, Papua New Guinea",earthquake,,11.5,,8.0,reviewed,us,us
1990-05-03T05:31:42.700Z,1.328,123.157,37.0,4.6,mb,,,,1.0,us,usp00048sp,2014-11-07T00:46:16.608Z,"88 km N of Gorontalo, Indonesia",earthquake,,12.5,,5.0,reviewed,us,us
1990-05-03T07:45:43.020Z,36.439,140.51,64.2,5.2,mw,,,,0.9,us,usp00048sw,2022-04-28T19:48:26.519Z,"5 km NNW of Hitachi-Naka, Japan",earthquake,,6.8,,,reviewed,us,hrv
1990-05-03T08:05:32.010Z,-15.645,-72.067,33.0,4.5,mb,,,,1.3,us,usp00048sx,2014-11-07T00:46:16.699Z,"10 km SE of Choco, Peru",earthquake,,,,3.0,reviewed,us,us
1990-05-03T10:02:22.220Z,42.79,76.88,33.0,4.7,mb,,,,1.0,us,usp00048t2,2014-11-07T00:46:16.718Z,"22 km NW of Cholpon-Ata, Kyrgyzstan",earthquake,,,,22.0,reviewed,us,us
1990-05-03T19:14:26.050Z,-0.439,132.82,22.7,5.2,mb,,,,1.2,us,usp00048tj,2014-11-07T00:46:16.778Z,"146 km WNW of Manokwari, Indonesia",earthquake,,,,16.0,reviewed,us,us
1990-05-03T21:05:15.680Z,39.599,38.447,10.0,4.6,mb,,,,1.2,us,usp00048ts,2014-11-07T00:46:16.813Z,"19 km NNW of ?liç, Turkey",earthquake,,,,49.0,reviewed,us,us
1990-05-04T02:59:23.860Z,1.481,123.585,30.0,5.0,mb,,,,0.9,us,usp00048u5,2014-11-07T00:46:16.894Z,"119 km NNE of Gorontalo, Indonesia",earthquake,,17.0,,12.0,reviewed,us,us
1990-05-04T10:12:06.860Z,11.754,40.964,10.3,5.0,mb,,,,1.1,us,usp00048ug,2022-04-28T19:48:31.859Z,"6 km SW of Semera, Ethiopia",earthquake,,3.9,,45.0,reviewed,us,us
1990-05-04T17:31:39.260Z,20.159,121.984,129.8,4.8,mb,,,,0.8,us,usp00048uu,2014-11-07T00:46:17.128Z,"32 km S of Basco, Philippines",earthquake,,10.8,,2.0,reviewed,us,us
1990-05-04T18:24:12.810Z,23.91,123.88,10.0,4.6,mb,,,,0.9,us,usp00048uw,2014-11-07T00:46:17.135Z,"55 km SSW of Ishigaki, Japan",earthquake,,,,4.0,reviewed,us,us
1990-05-04T23:44:52.670Z,-23.016,-68.798,104.5,4.7,mb,,,,1.2,us,usp00048v7,2014-11-07T00:46:17.198Z,"62 km W of San Pedro de Atacama, Chile",earthquake,,7.9,,4.0,reviewed,us,us
1990-05-05T01:26:20.100Z,-18.284,-177.973,523.8,5.0,mb,,,,0.9,us,usp00048vb,2014-11-07T00:46:17.222Z,"287 km E of Levuka, Fiji",earthquake,,10.0,,19.0,reviewed,us,us
1990-05-05T02:37:52.240Z,45.501,104.307,33.0,4.6,mb,,,,1.3,us,usp00048ve,2014-11-07T00:46:17.270Z,"146 km SE of Arvayheer, Mongolia",earthquake,,,,9.0,reviewed,us,us
1990-05-05T05:46:12.510Z,51.48,159.336,33.0,4.8,mb,,,,1.0,us,usp00048vj,2014-11-07T00:46:17.316Z,"173 km SSE of Vilyuchinsk, Russia",earthquake,,,,17.0,reviewed,us,us
1990-05-05T05:51:51.980Z,51.62,158.642,33.0,4.6,mb,,,,1.3,us,usp00048vk,2014-11-07T00:46:17.327Z,"146 km S of Vilyuchinsk, Russia",earthquake,,,,12.0,reviewed,us,us
1990-05-05T05:54:43.420Z,51.649,159.138,33.0,4.7,mb,,,,1.2,us,usp00048vm,2014-11-07T00:46:17.332Z,"151 km SSE of Vilyuchinsk, Russia",earthquake,,,,17.0,reviewed,us,us
1990-05-05T07:21:18.000Z,40.744,15.853,12.7,4.6,mb,,,,1.3,us,usp00048vq,2022-05-09T19:15:12.293Z,"1 km W of Pietragalla, Italy",earthquake,,1.8,,11.0,reviewed,us,us
1990-05-05T07:21:29.540Z,40.775,15.766,10.0,5.8,mw,,,,1.4,us,usp00048vr,2022-04-28T19:48:37.039Z,"6 km NE of Avigliano, Italy",earthquake,,,,,reviewed,us,hrv
1990-05-05T07:34:32.330Z,0.018,123.566,213.4,4.8,mb,,,,1.3,us,usp00048vu,2014-11-07T00:46:17.447Z,"Minahasa, Sulawesi, Indonesia",earthquake,,13.4,,11.0,reviewed,us,us
1990-05-05T07:38:12.330Z,40.75,15.814,15.0,4.5,mb,,,,1.3,us,usp00048vv,2014-11-07T00:46:17.453Z,"5 km W of Pietragalla, Italy",earthquake,,3.8,,9.0,reviewed,us,us
1990-05-05T08:09:28.510Z,5.653,61.491,10.0,4.6,mb,,,,1.2,us,usp00048vz,2014-11-07T00:46:17.503Z,Carlsberg Ridge,earthquake,,,,6.0,reviewed,us,us
1990-05-05T09:41:54.680Z,1.164,123.577,33.0,4.6,mb,,,,0.9,us,usp00048w7,2014-11-07T00:46:17.604Z,"89 km NE of Gorontalo, Indonesia",earthquake,,,,6.0,reviewed,us,us
1990-05-05T13:49:26.100Z,45.658,104.451,33.0,4.8,mb,,,,1.3,us,usp00048wj,2020-08-28T23:39:39.312Z,"142 km W of Mandalgovi, Mongolia",earthquake,,,,18.0,reviewed,us,us
1990-05-05T14:11:18.930Z,1.115,123.658,27.8,4.9,mb,,,,1.3,us,usp00048wm,2014-11-07T00:46:18.366Z,"92 km NE of Gorontalo, Indonesia",earthquake,,,,4.0,reviewed,us,us
1990-05-05T15:43:09.550Z,-24.263,-179.657,484.3,4.9,mb,,,,1.2,us,usp00048wr,2014-11-07T00:46:18.414Z,south of the Fiji Islands,earthquake,,21.4,,16.0,reviewed,us,us
1990-05-05T17:10:10.520Z,-2.716,-79.657,28.8,4.8,mb,,,,1.3,us,usp00048ww,2014-11-07T00:46:18.489Z,"6 km SW of Naranjal, Ecuador",earthquake,,9.5,,9.0,reviewed,us,us
1990-05-05T17:18:57.990Z,15.913,54.178,10.0,4.7,mb,,,,1.0,us,usp00048wx,2014-11-07T00:46:18.565Z,"122 km S of ?al?lah, Oman",earthquake,,,,22.0,reviewed,us,us
1990-05-05T23:45:33.630Z,59.9743,-141.2472,3.6,4.8,mb,,,,0.42,ak,ak9905r452gj,2020-09-14T18:32:02.069Z,"97 km WNW of Yakutat, Alaska",earthquake,,18.8,,,reviewed,ak,ak
1990-05-06T07:55:05.590Z,-16.669,-175.247,33.0,4.9,mb,,,,0.8,us,usp00048xn,2014-11-07T00:46:18.660Z,"174 km WSW of Hihifo, Tonga",earthquake,,,,2.0,reviewed,us,us
1990-05-06T10:20:25.260Z,54.198,-35.238,10.0,4.7,mb,,,,0.9,us,usp00048xu,2014-11-07T00:46:18.670Z,Reykjanes Ridge,earthquake,,,,35.0,reviewed,us,us
1990-05-06T10:30:08.190Z,29.88,90.073,33.0,4.5,mb,,,,1.5,us,usp00048xv,2014-11-07T00:46:18.680Z,"63 km W of Dêqên, China",earthquake,,,,11.0,reviewed,us,us
1990-05-06T10:36:21.950Z,54.081,-35.289,10.0,4.5,mb,,,,0.8,us,usp00048xx,2014-11-07T00:46:18.685Z,Reykjanes Ridge,earthquake,,,,18.0,reviewed,us,us
1990-05-06T10:44:41.120Z,54.194,-35.217,10.0,4.5,mb,,,,1.2,us,usp00048xy,2014-11-07T00:46:18.690Z,Reykjanes Ridge,earthquake,,,,31.0,reviewed,us,us
1990-05-06T15:14:36.750Z,46.524,153.847,33.0,4.5,mb,,,,1.1,us,usp00048y9,2014-11-07T00:46:18.714Z,Kuril Islands,earthquake,,,,14.0,reviewed,us,us
1990-05-06T16:46:13.220Z,-35.253,-104.142,10.0,5.7,mw,,,,1.2,us,usp00048ya,2022-04-28T19:48:38.687Z,southeast of Easter Island,earthquake,,,,,reviewed,us,hrv
1990-05-06T19:22:15.540Z,-15.826,-177.217,383.5,4.7,mb,,,,1.0,us,usp00048ye,2014-11-07T00:46:18.730Z,Fiji region,earthquake,,11.5,,12.0,reviewed,us,us
1990-05-06T23:53:42.100Z,-14.961,-173.512,33.0,5.2,ms,,,,1.1,us,usp00048yq,2014-11-07T00:46:18.752Z,"114 km NNE of Hihifo, Tonga",earthquake,,,,3.0,reviewed,us,us
1990-05-07T02:36:52.800Z,-18.474,85.847,10.0,4.7,mb,,,,0.8,us,usp00048yz,2014-11-07T00:46:18.838Z,South Indian Ocean,earthquake,,,,5.0,reviewed,us,us
1990-05-07T05:17:37.660Z,36.032,100.341,33.0,5.3,mw,,,,1.1,us,usp00048z5,2022-04-28T19:48:40.046Z,"143 km WSW of Xining, China",earthquake,,,,,reviewed,us,hrv
1990-05-07T06:44:57.920Z,13.366,-89.667,33.0,4.6,mb,,,,1.1,us,usp00048z6,2014-11-07T00:46:18.906Z,"30 km SE of Acajutla, El Salvador",earthquake,,,,9.0,reviewed,us,us
1990-05-07T08:13:09.790Z,-9.423,155.652,10.0,4.8,mb,,,,1.0,us,usp00048z8,2014-11-07T00:46:18.911Z,"196 km SW of Gizo, Solomon Islands",earthquake,,,,5.0,reviewed,us,us
1990-05-07T10:53:45.070Z,-0.578,135.702,33.0,4.7,mb,,,,0.7,us,usp00048zg,2014-11-07T00:46:18.936Z,"72 km NNW of Insrom, Indonesia",earthquake,,,,10.0,reviewed,us,us
1990-05-07T13:03:04.350Z,-31.035,-177.858,48.8,4.8,mb,,,,1.2,us,usp00048zk,2014-11-07T00:46:18.944Z,Kermadec Islands region,earthquake,,,,6.0,reviewed,us,us
1990-05-07T14:48:03.740Z,30.983,51.715,33.0,4.6,ms,,,,1.4,us,usp00048zq,2014-11-07T00:46:18.957Z,"36 km NNE of Yasuj, Iran",earthquake,,,,1.0,reviewed,us,us
1990-05-07T14:52:51.690Z,-9.648,155.537,25.2,5.1,mb,,,,1.0,us,usp00048zr,2014-11-07T00:46:18.964Z,"223 km SW of Gizo, Solomon Islands",earthquake,,,,9.0,reviewed,us,us
1990-05-07T15:24:50.870Z,27.238,66.36,41.9,4.8,mb,,,,1.1,us,usp00048zs,2014-11-07T00:46:18.970Z,"68 km SSW of Khuzdar, Pakistan",earthquake,,15.0,,32.0,reviewed,us,us
1990-05-07T16:46:10.110Z,-35.248,-105.212,10.0,5.2,mb,,,,1.2,us,usp00048zv,2014-11-07T00:46:18.983Z,southern East Pacific Rise,earthquake,,,,6.0,reviewed,us,us
1990-05-07T20:51:41.250Z,15.563,147.71,40.1,5.0,mb,,,,0.7,us,usp00048zy,2014-11-07T00:46:18.990Z,"213 km E of Saipan, Northern Mariana Islands",earthquake,,8.9,,20.0,reviewed,us,us
1990-05-07T21:15:29.770Z,15.621,147.779,33.0,4.6,mb,,,,0.8,us,usp0004900,2014-11-07T00:46:19.001Z,"221 km ENE of Saipan, Northern Mariana Islands",earthquake,,,,5.0,reviewed,us,us
1990-05-07T21:16:53.940Z,15.533,147.87,33.0,4.6,mb,,,,1.2,us,usp0004901,2014-11-07T00:46:19.004Z,"229 km E of Saipan, Northern Mariana Islands",earthquake,,,,2.0,reviewed,us,us
1990-05-07T22:19:09.920Z,42.216,143.169,67.2,4.5,mb,,,,0.8,us,usp0004903,2014-11-07T00:46:19.009Z,"67 km ESE of Shizunai-furukawach?, Japan",earthquake,,4.5,,17.0,reviewed,us,us
1990-05-08T00:01:40.020Z,6.905,-82.622,9.6,6.5,mw,,,,1.0,us,usp0004904,2022-04-28T19:48:41.652Z,"127 km SSE of Punta de Burica, Panama",earthquake,,,,,reviewed,us,hrv
1990-05-08T00:16:11.300Z,56.073,162.044,33.0,4.6,mb,,,,0.8,us,usp0004905,2014-11-07T00:46:19.089Z,"31 km WSW of Ust’-Kamchatsk Staryy, Russia",earthquake,,,,7.0,reviewed,us,us
1990-05-08T01:40:03.850Z,-17.054,168.495,229.2,5.7,mw,,,,0.9,us,usp0004907,2022-04-28T19:48:43.371Z,"77 km NNE of Port-Vila, Vanuatu",earthquake,,4.9,,,reviewed,us,hrv
1990-05-08T02:33:17.170Z,-18.349,-177.905,531.7,4.5,mb,,,,0.6,us,usp0004909,2014-11-07T00:46:19.378Z,"295 km E of Levuka, Fiji",earthquake,,5.0,,7.0,reviewed,us,us
1990-05-08T04:22:02.680Z,51.676,176.397,33.0,4.7,mb,,,,1.2,us,usp000490b,2014-11-07T00:46:19.488Z,"254 km ESE of Attu Station, Alaska",earthquake,,,,17.0,reviewed,us,us
1990-05-08T08:14:04.250Z,7.802,-82.757,10.0,4.7,mb,,,,1.2,us,usp000490n,2014-11-07T00:46:19.703Z,"28 km SSE of Punta de Burica, Panama",earthquake,,,,10.0,reviewed,us,us
1990-05-08T09:55:04.680Z,1.209,123.789,33.0,5.0,mb,,,,1.0,us,usp000490q,2014-11-07T00:46:19.707Z,"109 km NE of Gorontalo, Indonesia",earthquake,,,,7.0,reviewed,us,us
1990-05-08T10:41:48.620Z,-20.387,-178.565,480.0,4.5,mb,,,,1.1,us,usp000490r,2014-11-07T00:46:19.713Z,Fiji region,earthquake,,,,9.0,reviewed,us,us
1990-05-08T14:44:41.490Z,-31.158,-68.983,119.5,4.9,mb,,,,1.0,us,usp0004912,2014-11-07T00:46:19.735Z,"46 km ENE of Calingasta, Argentina",earthquake,,5.7,,2.0,reviewed,us,us
1990-05-08T15:37:16.940Z,-21.89,-179.429,614.8,4.5,mb,,,,1.2,us,usp0004913,2014-11-07T00:46:19.746Z,Fiji region,earthquake,,24.9,,5.0,reviewed,us,us
1990-05-08T20:22:16.890Z,43.511,147.824,44.5,4.6,mb,,,,1.2,us,usp000491e,2014-11-07T00:46:19.771Z,"94 km ESE of Shikotan, Russia",earthquake,,,,17.0,reviewed,us,us
1990-05-09T00:50:59.450Z,15.059,147.526,33.0,4.5,mb,,,,0.8,us,usp0004924,2014-11-07T00:46:19.834Z,"191 km E of Saipan, Northern Mariana Islands",earthquake,,,,6.0,reviewed,us,us
1990-05-09T02:38:59.720Z,57.3992,-155.3328,48.3,5.2,mb,,,,0.28,ak,ak9905xdqwqc,2020-09-14T18:31:54.469Z,"55 km WSW of Karluk, Alaska",earthquake,,30.5,,,reviewed,ak,ak
1990-05-09T03:47:47.230Z,-11.786,66.129,10.0,4.8,mb,,,,0.8,us,usp000492p,2014-11-07T00:46:19.930Z,Mid-Indian Ridge,earthquake,,,,16.0,reviewed,us,us
1990-05-09T04:21:10.190Z,-56.381,-27.058,33.0,6.0,mw,,,,1.0,us,usp000492q,2022-04-28T19:48:44.955Z,South Sandwich Islands region,earthquake,,,,,reviewed,us,hrv
1990-05-09T04:42:49.690Z,-5.989,147.586,69.2,5.5,mb,,,,0.9,us,usp000492r,2022-04-28T19:48:46.498Z,"69 km NNW of Finschhafen, Papua New Guinea",earthquake,,6.2,,21.0,reviewed,us,us
1990-05-09T06:35:18.250Z,48.179,154.932,33.0,4.5,mb,,,,0.6,us,usp000492w,2014-11-07T00:46:19.995Z,"290 km SSW of Severo-Kuril’sk, Russia",earthquake,,,,18.0,reviewed,us,us
1990-05-09T08:05:33.610Z,-2.167,-80.596,27.8,4.7,mb,,,,1.2,us,usp0004931,2014-11-07T00:46:20.005Z,near the coast of Ecuador,earthquake,,12.2,,6.0,reviewed,us,us
1990-05-09T10:03:28.960Z,-19.757,-177.857,449.3,4.9,mb,,,,0.9,us,usp0004932,2014-11-07T00:46:20.007Z,Fiji region,earthquake,,4.1,,23.0,reviewed,us,us
1990-05-09T10:49:51.760Z,26.937,142.197,33.0,4.9,mb,,,,0.9,us,usp0004933,2014-11-07T00:46:20.018Z,"Bonin Islands, Japan region",earthquake,,,,1.0,reviewed,us,us
1990-05-09T12:18:40.320Z,1.453,123.78,33.0,4.5,mb,,,,1.4,us,usp0004935,2014-11-07T00:46:20.022Z,"114 km W of Tomohon, Indonesia",earthquake,,,,2.0,reviewed,us,us
1990-05-09T14:33:35.760Z,-11.485,166.585,33.5,5.0,mw,,,,0.9,us,usp0004936,2025-12-19T21:01:39.451Z,"120 km SE of Lata, Solomon Islands",earthquake,,,,,reviewed,us,hrv
1990-05-09T16:08:33.800Z,12.812,-88.353,58.4,5.0,mb,,,,1.4,us,usp0004939,2014-11-07T00:46:20.031Z,off the coast of Central America,earthquake,,,,18.0,reviewed,us,us
1990-05-09T16:44:54.690Z,-13.158,167.219,195.3,4.9,mb,,,,0.9,us,usp000493a,2014-11-07T00:46:20.037Z,"87 km NNW of Sola, Vanuatu",earthquake,,12.0,,17.0,reviewed,us,us
1990-05-09T16:51:38.500Z,-6.382,152.033,33.0,4.5,mb,,,,1.5,us,usp000493b,2014-11-07T00:46:20.078Z,"226 km S of Kokopo, Papua New Guinea",earthquake,,,,2.0,reviewed,us,us
1990-05-09T18:55:08.240Z,-18.383,-174.088,99.1,5.2,mw,,,,1.3,us,usp000493f,2025-12-19T21:01:40.775Z,"31 km NNW of Neiafu, Tonga",earthquake,,,,,reviewed,us,hrv
1990-05-09T19:46:43.110Z,-2.813,119.729,33.0,5.2,mw,,,,1.1,us,usp000493h,2022-04-28T19:48:48.229Z,"25 km NW of Rantepao, Indonesia",earthquake,,,,,reviewed,us,hrv
1990-05-09T22:38:19.070Z,-61.979,161.434,10.0,5.8,mw,,,,1.1,us,usp000493q,2022-04-28T19:48:49.720Z,Balleny Islands region,earthquake,,,,,reviewed,us,hrv
1990-05-10T00:58:48.660Z,-54.824,146.247,10.0,5.9,mw,,,,1.1,us,usp000493x,2022-04-28T19:48:51.071Z,west of Macquarie Island,earthquake,,,,,reviewed,us,hrv
1990-05-10T01:36:57.080Z,12.334,129.797,33.0,4.8,mb,,,,1.1,us,usp000493z,2014-11-07T00:46:20.682Z,east of the Philippine Islands,earthquake,,,,14.0,reviewed,us,us
1990-05-10T02:04:50.760Z,-16.267,-69.449,160.2,4.9,mb,,,,0.5,us,usp0004940,2014-11-07T00:46:20.809Z,"5 km S of Juli, Peru",earthquake,,16.2,,1.0,reviewed,us,us
1990-05-10T02:08:56.730Z,27.272,140.231,353.5,4.7,mb,,,,0.9,us,usp0004941,2014-11-07T00:46:20.816Z,"Bonin Islands, Japan region",earthquake,,16.6,,12.0,reviewed,us,us
1990-05-10T08:14:35.350Z,-6.176,146.807,100.8,5.5,mw,,,,1.0,us,usp0004948,2022-04-28T19:48:52.423Z,"64 km NNW of Lae, Papua New Guinea",earthquake,,6.5,,,reviewed,us,hrv
1990-05-10T09:24:08.600Z,51.66,-173.391,33.0,5.0,mb,,,,1.0,us,usp000494b,2014-11-07T00:46:20.850Z,"81 km SE of Atka, Alaska",earthquake,,,,28.0,reviewed,us,us
1990-05-10T11:18:49.450Z,51.558,-173.361,33.0,4.8,mb,,,,0.9,us,usp000494c,2014-11-07T00:46:20.859Z,"91 km SE of Atka, Alaska",earthquake,,,,42.0,reviewed,us,us
1990-05-10T14:30:07.800Z,42.687,144.602,93.5,4.6,mb,,,,0.9,us,usp000494m,2014-11-07T00:46:21.012Z,"36 km SSE of Kushiro, Japan",earthquake,,6.4,,6.0,reviewed,us,us
1990-05-10T20:50:34.050Z,13.225,143.781,185.7,4.8,mb,,,,0.9,us,usp000494y,2014-11-07T00:46:21.037Z,"95 km W of Umatac Village, Guam",earthquake,,6.5,,10.0,reviewed,us,us
1990-05-10T21:15:37.990Z,9.581,-84.727,33.0,4.9,mb,,,,0.9,us,usp0004951,2014-11-07T00:46:21.044Z,"11 km WSW of Jacó, Costa Rica",earthquake,,,,53.0,reviewed,us,us
1990-05-11T01:01:12.340Z,-23.616,179.982,561.8,4.8,mb,,,,1.0,us,usp000495b,2014-11-07T00:46:21.068Z,south of the Fiji Islands,earthquake,,21.1,,9.0,reviewed,us,us
1990-05-11T03:42:07.240Z,15.933,147.079,33.0,4.9,mb,,,,0.7,us,usp000495k,2014-11-07T00:46:21.082Z,"162 km ENE of Saipan, Northern Mariana Islands",earthquake,,,,3.0,reviewed,us,us
1990-05-11T03:47:04.550Z,15.556,147.861,33.0,4.6,mb,,,,0.6,us,usp000495m,2014-11-07T00:46:21.083Z,"229 km E of Saipan, Northern Mariana Islands",earthquake,,,,6.0,reviewed,us,us
1990-05-11T05:03:27.290Z,51.476,159.387,10.0,5.1,mw,,,,1.0,us,usp000495q,2025-12-19T21:01:41.393Z,"175 km SSE of Vilyuchinsk, Russia",earthquake,,,,,reviewed,us,hrv
1990-05-11T05:03:59.410Z,51.708,159.224,10.0,5.3,mb,,,,0.6,us,usp000495r,2014-11-07T00:46:21.100Z,"147 km SSE of Vilyuchinsk, Russia",earthquake,,,,4.0,reviewed,us,us
1990-05-11T05:22:24.160Z,7.553,126.693,30.7,4.7,mb,,,,1.2,us,usp000495s,2014-11-07T00:46:21.105Z,"14 km E of Baganga, Philippines",earthquake,,,,6.0,reviewed,us,us
1990-05-11T05:51:24.650Z,51.577,159.246,10.0,4.7,mb,,,,1.4,us,usp000495u,2014-11-07T00:46:21.111Z,"161 km SSE of Vilyuchinsk, Russia",earthquake,,,,11.0,reviewed,us,us
1990-05-11T06:33:46.800Z,51.427,159.483,10.0,4.5,mb,,,,1.4,us,usp000495v,2014-11-07T00:46:21.113Z,"182 km SSE of Vilyuchinsk, Russia",earthquake,,,,4.0,reviewed,us,us
1990-05-11T07:04:50.410Z,51.497,159.282,10.0,4.8,mb,,,,0.9,us,usp000495w,2014-11-07T00:46:21.115Z,"170 km SSE of Vilyuchinsk, Russia",earthquake,,,,16.0,reviewed,us,us
1990-05-11T10:36:22.220Z,-3.86,141.195,68.8,4.9,mb,,,,1.5,us,usp0004960,2014-11-07T00:46:21.124Z,"130 km S of Vanimo, Papua New Guinea",earthquake,,31.4,,2.0,reviewed,us,us
1990-05-11T13:10:20.290Z,41.82,130.858,578.5,6.3,mw,,,,0.9,us,usp0004962,2022-04-28T19:48:53.742Z,"67 km SE of Rajin, North Korea",earthquake,,,,,reviewed,us,nc
1990-05-11T18:59:07.470Z,39.753,143.224,31.5,4.8,mb,,,,1.0,us,usp000496c,2014-11-07T00:46:21.208Z,"110 km E of Miyako, Japan",earthquake,,,,20.0,reviewed,us,us
1990-05-11T19:42:23.340Z,1.329,123.59,21.5,5.3,mw,,,,1.1,us,usp000496d,2025-12-19T20:56:25.793Z,"105 km NE of Gorontalo, Indonesia",earthquake,,,,,reviewed,us,hrv
1990-05-11T19:48:36.120Z,12.37,125.449,33.0,4.6,mb,,,,1.4,us,usp000496e,2014-11-07T00:46:21.233Z,"12 km NNE of Arteche, Philippines",earthquake,,,,2.0,reviewed,us,us
1990-05-11T20:21:30.300Z,-3.25,135.977,33.0,4.5,mb,,,,1.1,us,usp000496f,2014-11-07T00:46:21.324Z,"54 km ENE of Nabire, Indonesia",earthquake,,,,2.0,reviewed,us,us
1990-05-11T21:05:33.110Z,12.311,125.425,39.8,5.1,mb,,,,1.0,us,usp000496h,2014-11-07T00:46:21.331Z,"5 km NNE of Arteche, Philippines",earthquake,,21.2,,3.0,reviewed,us,us
1990-05-11T23:43:50.490Z,17.282,-100.679,28.0,5.6,mw,,,,1.1,us,usp000496r,2022-04-28T19:48:55.053Z,"7 km NW of El Súchil, Mexico",earthquake,,,,,reviewed,us,hrv
1990-05-12T04:50:08.710Z,49.037,141.847,605.7,7.2,mw,,,,0.8,us,usp000496v,2022-04-28T19:48:56.523Z,"16 km WSW of Uglegorsk, Russia",earthquake,,,,,reviewed,us,hrv
1990-05-12T14:36:45.090Z,-55.332,-26.131,33.0,5.1,mb,,,,1.5,us,usp0004976,2014-11-07T00:46:21.458Z,South Sandwich Islands region,earthquake,,,,6.0,reviewed,us,us
1990-05-12T15:05:53.640Z,-3.181,137.52,33.0,4.6,mb,,,,1.1,us,usp0004978,2014-11-07T00:46:21.462Z,"225 km E of Nabire, Indonesia",earthquake,,,,2.0,reviewed,us,us
1990-05-12T17:23:42.240Z,15.619,147.776,33.0,4.7,mb,,,,0.7,us,usp000497f,2014-11-07T00:46:21.472Z,"221 km ENE of Saipan, Northern Mariana Islands",earthquake,,,,6.0,reviewed,us,us
1990-05-12T17:24:17.880Z,37.127,72.848,33.7,4.6,mb,,,,1.0,us,usp000497g,2014-11-07T00:46:21.474Z,"51 km ENE of Khand?d, Afghanistan",earthquake,,,,19.0,reviewed,us,us
1990-05-12T21:15:28.240Z,-6.07,149.775,74.2,5.8,mw,,,,1.0,us,usp000497t,2022-04-28T19:48:57.827Z,"29 km ENE of Kandrian, Papua New Guinea",earthquake,,,,,reviewed,us,hrv
1990-05-13T04:23:09.600Z,-40.296,176.064,20.6,6.4,mw,,,,1.2,us,usp0004985,2022-04-28T17:25:10.959Z,"39 km E of Palmerston North, New Zealand",earthquake,,,,,reviewed,us,nc
1990-05-13T04:43:48.990Z,32.395,92.77,33.0,4.6,mb,,,,0.3,us,usp0004987,2014-11-07T00:46:21.571Z,"122 km NNE of Nagqu, China",earthquake,,,,4.0,reviewed,us,us
1990-05-13T08:08:40.680Z,36.34,100.225,33.0,4.6,mb,,,,1.0,us,usp000498e,2014-11-07T00:46:21.584Z,"140 km WSW of Xining, China",earthquake,,,,13.0,reviewed,us,us
1990-05-13T14:39:59.800Z,44.676,78.905,25.5,4.6,mb,,,,1.2,us,usp000498v,2014-11-07T00:46:21.620Z,"18 km SSE of Tekeli, Kazakhstan",earthquake,,,,25.0,reviewed,us,us
1990-05-13T16:40:27.470Z,-8.815,118.571,153.7,5.0,mb,,,,1.4,us,usp000498y,2014-11-07T00:46:21.630Z,"Sumbawa region, Indonesia",earthquake,,11.2,,18.0,reviewed,us,us
1990-05-13T16:50:56.110Z,-8.331,117.63,33.0,4.7,mb,,,,1.3,us,usp000498z,2014-11-07T00:46:21.636Z,"18 km ENE of Pototano, Indonesia",earthquake,,,,1.0,reviewed,us,us
1990-05-13T17:23:48.440Z,40.506,142.275,70.6,4.7,mb,,,,1.0,us,usp0004991,2014-11-07T00:46:21.639Z,"65 km E of Hachinohe, Japan",earthquake,,9.8,,18.0,reviewed,us,us
1990-05-13T21:37:05.060Z,37.995,73.368,33.0,4.6,mb,,,,0.5,us,usp0004996,2014-11-07T00:46:21.654Z,"56 km WSW of Murghob, Tajikistan",earthquake,,,,1.0,reviewed,us,us
1990-05-14T00:54:58.280Z,84.826,101.15,10.0,4.8,mb,,,,1.0,us,usp0004999,2014-11-07T00:46:21.658Z,north of Severnaya Zemlya,earthquake,,,,54.0,reviewed,us,us
1990-05-14T05:23:32.170Z,-15.312,-174.017,33.0,4.6,mb,,,,1.3,us,usp000499h,2014-11-07T00:46:21.690Z,"74 km NNW of Hihifo, Tonga",earthquake,,,,10.0,reviewed,us,us
1990-05-14T06:52:11.840Z,-37.283,47.736,10.0,5.4,mw,,,,1.2,us,usp000499k,2025-12-19T21:01:42.129Z,Southwest Indian Ridge,earthquake,,,,,reviewed,us,hrv
1990-05-14T08:54:10.590Z,-7.535,129.073,189.1,4.6,mb,,,,1.0,us,usp000499s,2014-11-07T00:46:21.717Z,"253 km ENE of Lospalos, Timor Leste",earthquake,,37.5,,5.0,reviewed,us,us
1990-05-14T11:54:30.190Z,-23.789,179.89,539.6,5.3,mw,,,,0.8,us,usp000499x,2025-12-19T21:01:42.901Z,south of the Fiji Islands,earthquake,,,,,reviewed,us,hrv
1990-05-14T12:38:55.670Z,-34.329,-105.213,10.0,4.7,mb,,,,1.2,us,usp000499z,2014-11-07T00:46:21.738Z,southern East Pacific Rise,earthquake,,,,7.0,reviewed,us,us
1990-05-14T14:09:51.970Z,26.509,127.241,87.5,4.6,mb,,,,1.0,us,usp00049a0,2014-11-07T00:46:21.740Z,"54 km NW of Naha, Japan",earthquake,,8.2,,10.0,reviewed,us,us
1990-05-14T17:04:21.630Z,40.68,19.812,9.0,4.7,mb,,,,1.3,us,usp00049a3,2014-11-07T00:46:21.746Z,"11 km NE of Ballsh, Albania",earthquake,,,,14.0,reviewed,us,us
1990-05-14T21:34:04.200Z,-35.925,-71.415,75.9,6.2,mw,,,,1.1,us,usp00049ac,2022-04-28T17:25:16.828Z,"18 km ESE of Linares, Chile",earthquake,,,,,reviewed,us,hrv
1990-05-15T05:07:04.290Z,-4.974,-81.041,31.9,5.0,mb,,,,1.1,us,usp00049an,2014-11-07T00:46:21.950Z,"7 km NNE of Salinera Colán, Peru",earthquake,,,,15.0,reviewed,us,us
1990-05-15T09:49:48.280Z,-8.746,118.413,128.2,4.6,mb,,,,1.5,us,usp00049as,2014-11-07T00:46:21.960Z,"23 km SSW of Dompu, Indonesia",earthquake,,21.4,,5.0,reviewed,us,us
1990-05-15T14:25:20.690Z,36.043,70.428,113.1,6.0,mw,,,,1.0,us,usp00049b0,2022-04-28T19:48:59.233Z,"77 km SE of Farkh?r, Afghanistan",earthquake,,,,,reviewed,us,hrv
1990-05-15T15:21:26.260Z,-3.225,35.744,5.0,5.4,mw,,,,1.3,us,usp00049b1,2022-04-28T19:49:04.867Z,"14 km NE of Kiratu, Tanzania",earthquake,,,,,reviewed,us,hrv
1990-05-15T15:59:02.100Z,-0.767,122.63,48.7,4.6,mb,,,,1.5,us,usp00049b2,2014-11-07T00:46:22.056Z,"26 km NW of Luwuk, Indonesia",earthquake,,18.8,,4.0,reviewed,us,us
1990-05-15T16:24:19.510Z,-3.075,35.891,5.0,5.5,mw,,,,1.1,us,usp00049b3,2022-04-28T19:49:09.991Z,"30 km N of Mto wa Mbu, Tanzania",earthquake,,,,,reviewed,us,hrv
1990-05-15T16:33:35.460Z,5.743,126.219,33.0,5.2,mb,,,,0.8,us,usp00049b4,2014-11-07T00:46:22.075Z,"65 km ESE of Mangili, Philippines",earthquake,,,,5.0,reviewed,us,us
1990-05-15T17:15:40.370Z,36.076,27.162,17.5,4.7,mb,,,,1.5,us,usp00049b6,2014-11-07T00:46:22.079Z,"59 km S of Mandráki, Greece",earthquake,,7.4,,4.0,reviewed,us,us
1990-05-15T18:31:39.680Z,1.158,123.869,29.7,6.0,mw,,,,1.1,us,usp00049b9,2022-04-28T17:25:23.279Z,"105 km W of Tomohon, Indonesia",earthquake,,,,,reviewed,us,hrv
1990-05-15T19:09:35.380Z,1.256,123.992,33.0,4.9,mb,,,,1.0,us,usp00049ba,2014-11-07T00:46:22.101Z,"90 km W of Tomohon, Indonesia",earthquake,,,,4.0,reviewed,us,us
1990-05-15T20:07:32.170Z,-10.151,161.051,57.4,5.5,mb,,,,0.9,us,usp00049bd,2022-04-28T17:25:30.290Z,"100 km WNW of Kirakira, Solomon Islands",earthquake,,,,33.0,reviewed,us,us
1990-05-15T20:35:34.620Z,-7.797,129.467,56.5,4.8,mb,,,,1.6,us,usp00049bg,2014-11-07T00:46:22.121Z,"283 km ENE of Lospalos, Timor Leste",earthquake,,14.6,,5.0,reviewed,us,us
1990-05-15T21:33:30.200Z,-31.835,-178.027,41.2,5.7,mw,,,,1.1,us,usp00049bk,2022-04-28T17:25:36.193Z,Kermadec Islands region,earthquake,,,,,reviewed,us,hrv
1990-05-15T22:07:52.920Z,42.429,144.298,68.3,4.9,mb,,,,0.9,us,usp00049bn,2014-11-07T00:46:22.152Z,"60 km S of Kushiro, Japan",earthquake,,,,33.0,reviewed,us,us
1990-05-15T22:29:59.300Z,36.112,100.118,14.0,5.3,mw,,,,1.1,us,usp00049bp,2022-04-28T19:49:10.953Z,"157 km WSW of Xining, China",earthquake,,,,,reviewed,us,hrv
1990-05-15T23:17:31.130Z,42.497,144.254,70.2,4.8,mb,,,,0.8,us,usp00049br,2014-11-07T00:46:22.182Z,"54 km S of Kushiro, Japan",earthquake,,,,40.0,reviewed,us,us
1990-05-16T00:18:32.810Z,-5.703,131.269,96.6,4.6,mb,,,,1.4,us,usp00049bu,2014-11-07T00:46:22.193Z,"164 km W of Tual, Indonesia",earthquake,,18.7,,4.0,reviewed,us,us
1990-05-16T02:31:50.810Z,35.156,23.117,45.8,4.5,mb,,,,1.1,us,usp00049bw,2014-11-07T00:46:22.198Z,"52 km W of Palaióchora, Greece",earthquake,,5.7,,35.0,reviewed,us,us
1990-05-16T04:43:13.990Z,54.216,-163.674,74.2,4.6,mb,,,,1.2,us,usp00049c2,2014-11-07T00:46:22.233Z,"73 km SSW of False Pass, Alaska",earthquake,,9.7,,19.0,reviewed,us,us
1990-05-16T05:24:19.170Z,-5.648,150.233,80.9,5.6,mw,,,,1.2,us,usp00049c3,2022-04-28T17:25:37.778Z,"15 km SE of Kimbe, Papua New Guinea",earthquake,,,,,reviewed,us,hrv
1990-05-16T05:36:06.370Z,9.885,57.559,10.0,4.9,mb,,,,1.3,us,usp00049c4,2014-11-07T00:46:22.251Z,Carlsberg Ridge,earthquake,,,,14.0,reviewed,us,us
1990-05-16T13:13:25.980Z,16.166,-98.225,18.5,4.8,mb,,,,1.0,us,usp00049cq,2014-11-07T00:46:22.294Z,"8 km SSW of Corralero, Mexico",earthquake,,,,22.0,reviewed,us,us
1990-05-16T13:32:36.060Z,10.94,-85.475,73.3,5.5,mw,,,,1.1,us,usp00049cs,2025-12-19T21:01:43.591Z,"22 km SE of La Cruz, Costa Rica",earthquake,,,,,reviewed,us,hrv
1990-05-16T14:08:28.450Z,-24.064,179.854,575.5,4.6,mb,,,,1.2,us,usp00049ct,2014-11-07T00:46:22.318Z,south of the Fiji Islands,earthquake,,43.9,,3.0,reviewed,us,us
1990-05-16T17:09:56.130Z,-0.358,99.144,68.2,5.0,mb,,,,1.3,us,usp00049cw,2014-11-07T00:46:22.344Z,"112 km WNW of Pariaman, Indonesia",earthquake,,16.6,,5.0,reviewed,us,us
1990-05-16T17:17:23.120Z,11.893,41.755,10.0,4.5,mb,,,,0.8,us,usp00049cx,2014-11-07T00:46:22.347Z,"21 km NNW of Gâlâfi, Djibouti",earthquake,,,,1.0,reviewed,us,us
1990-05-16T20:15:20.050Z,15.024,147.398,10.0,4.7,mb,,,,0.7,us,usp00049d5,2014-11-07T00:46:22.429Z,"177 km E of Saipan, Northern Mariana Islands",earthquake,,,,7.0,reviewed,us,us
1990-05-16T20:15:51.000Z,-5.686,150.35,112.3,4.8,mb,,,,1.0,us,usp00049d6,2014-11-07T00:46:22.431Z,"27 km ESE of Kimbe, Papua New Guinea",earthquake,,8.6,,7.0,reviewed,us,us
1990-05-17T01:02:46.870Z,-30.244,-72.257,31.4,5.2,mb,,,,1.1,us,usp00049dc,2014-11-07T00:46:22.440Z,"94 km WSW of Coquimbo, Chile",earthquake,,,,9.0,reviewed,us,us
1990-05-17T01:04:07.590Z,37.06,136.88,267.0,5.4,mw,,,,0.8,us,usp00049dd,2025-12-19T21:01:44.443Z,"7 km W of Nanao, Japan",earthquake,,,,,reviewed,us,hrv
1990-05-17T04:15:55.450Z,-29.53,-177.841,33.0,5.3,mb,,,,1.7,us,usp00049dj,2014-11-07T00:46:22.478Z,"Kermadec Islands, New Zealand",earthquake,,,,3.0,reviewed,us,us
1990-05-17T08:44:05.260Z,38.419,22.189,36.3,4.8,mb,,,,1.2,us,usp00049du,2014-11-07T00:46:22.494Z,"11 km S of Lidoríki, Greece",earthquake,,3.9,,30.0,reviewed,us,us
1990-05-17T09:40:11.470Z,13.504,121.026,33.0,5.1,mb,,,,1.0,us,usp00049dw,2014-11-07T00:46:22.512Z,"5 km E of Sabang, Philippines",earthquake,,,,4.0,reviewed,us,us
1990-05-17T10:17:34.130Z,-6.675,129.71,124.9,4.7,mb,,,,1.2,us,usp00049dy,2014-11-07T00:46:22.516Z,Banda Sea,earthquake,,23.8,,6.0,reviewed,us,us
1990-05-17T11:03:24.750Z,-18.08,-69.626,105.9,5.8,mw,,,,1.1,us,usp00049e3,2022-04-28T19:49:16.343Z,"48 km SE of Palca, Peru",earthquake,,,,,reviewed,us,hrv
1990-05-17T13:21:07.480Z,38.43,74.363,114.0,5.7,mw,,,,0.9,us,usp00049e6,2022-04-28T19:49:21.673Z,"45 km NE of Murghob, Tajikistan",earthquake,,,,,reviewed,us,hrv
1990-05-17T15:59:56.530Z,-25.398,178.101,613.5,5.9,mw,,,,1.0,us,usp00049e8,2022-04-28T19:49:27.275Z,south of the Fiji Islands,earthquake,,,,,reviewed,us,hrv
1990-05-17T17:37:55.210Z,14.931,147.423,34.9,4.8,ms,,,,0.9,us,usp00049ed,2014-11-07T00:46:22.619Z,"182 km E of Saipan, Northern Mariana Islands",earthquake,,,,1.0,reviewed,us,us
1990-05-17T17:58:07.650Z,-19.46,-176.769,33.0,4.6,mb,,,,1.2,us,usp00049ee,2014-11-07T00:46:22.623Z,"247 km NW of Nuku‘alofa, Tonga",earthquake,,,,3.0,reviewed,us,us
1990-05-17T18:54:11.190Z,4.243,96.034,33.0,4.7,mb,,,,1.2,us,usp00049eg,2014-11-07T00:46:22.627Z,"15 km NW of Meulaboh, Indonesia",earthquake,,,,5.0,reviewed,us,us
1990-05-17T19:51:18.130Z,15.89,-95.476,51.5,4.6,mb,,,,1.5,us,usp00049em,2014-11-07T00:46:22.632Z,"21 km SSW of El Carrizal, Mexico",earthquake,,15.5,,2.0,reviewed,us,us
1990-05-17T20:07:54.060Z,-17.84,-178.648,585.7,4.5,mb,,,,0.9,us,usp00049ep,2014-11-07T00:46:22.635Z,"217 km E of Levuka, Fiji",earthquake,,26.6,,13.0,reviewed,us,us
1990-05-17T23:25:50.880Z,39.508,143.267,33.0,4.8,mb,,,,1.0,us,usp00049ew,2014-11-07T00:46:22.646Z,"113 km E of Yamada, Japan",earthquake,,,,18.0,reviewed,us,us
1990-05-17T23:28:00.120Z,26.619,127.846,32.6,5.8,mw,,,,0.9,us,usp00049ex,2022-04-28T19:49:28.654Z,"13 km W of Nago, Japan",earthquake,,,,,reviewed,us,hrv
1990-05-18T01:44:21.000Z,-15.196,168.018,33.0,5.0,mb,,,,1.3,us,usp00049f3,2014-11-07T00:46:22.697Z,"98 km ENE of Luganville, Vanuatu",earthquake,,,,4.0,reviewed,us,us
1990-05-18T03:30:43.530Z,-4.157,102.475,77.7,5.2,mb,,,,1.1,us,usp00049f9,2014-11-07T00:46:22.709Z,"45 km SSE of Bengkulu, Indonesia",earthquake,,9.7,,21.0,reviewed,us,us
1990-05-18T08:30:04.040Z,29.948,138.824,421.6,4.5,mb,,,,0.8,us,usp00049fg,2014-11-07T00:46:22.723Z,"Izu Islands, Japan region",earthquake,,9.1,,17.0,reviewed,us,us
1990-05-18T11:04:56.020Z,45.824,149.616,33.0,4.8,mb,,,,1.0,us,usp00049fk,2014-11-07T00:46:22.730Z,"151 km ENE of Kuril’sk, Russia",earthquake,,,,22.0,reviewed,us,us
1990-05-18T11:22:56.050Z,43.949,141.693,200.6,4.9,mb,,,,0.8,us,usp00049fm,2014-11-07T00:46:22.733Z,"4 km ENE of Rumoi, Japan",earthquake,,,,73.0,reviewed,us,us
1990-05-19T06:46:35.810Z,40.213,143.253,26.5,5.3,mw,,,,1.0,us,usp00049gn,2025-12-19T21:01:45.419Z,"128 km ENE of Miyako, Japan",earthquake,,,,,reviewed,us,hrv
1990-05-19T09:28:02.880Z,1.356,124.137,31.0,5.0,mb,,,,1.2,us,usp00049gr,2014-11-07T00:46:22.848Z,"74 km W of Tomohon, Indonesia",earthquake,,,,12.0,reviewed,us,us
1990-05-19T13:27:41.080Z,13.081,143.841,140.7,5.5,mw,,,,1.0,us,usp00049gt,2022-04-28T19:49:29.585Z,"92 km WSW of Merizo Village, Guam",earthquake,,3.0,,,reviewed,us,hrv
1990-05-19T13:37:36.580Z,17.321,-101.203,30.3,5.0,mb,,,,1.2,us,usp00049gu,2014-11-07T00:46:22.871Z,"16 km WSW of Coyuquilla Norte, Mexico",earthquake,,,,39.0,reviewed,us,us
1990-05-19T15:48:08.230Z,27.273,140.301,339.6,4.6,mb,,,,1.0,us,usp00049gy,2014-11-07T00:46:23.061Z,"Bonin Islands, Japan region",earthquake,,9.1,,15.0,reviewed,us,us
1990-05-19T17:44:02.530Z,13.793,-60.985,16.5,4.6,mb,,,,0.8,us,usp00049h2,2014-11-07T00:46:23.072Z,"4 km N of Laborie, Saint Lucia",earthquake,,3.8,,6.0,reviewed,us,us
1990-05-20T02:22:01.620Z,5.121,32.145,14.9,7.2,mw,,,,1.1,us,usp00049hf,2022-04-28T19:49:30.595Z,"69 km ENE of Juba, South Sudan",earthquake,,,,,reviewed,us,nc
1990-05-20T02:44:03.170Z,29.436,128.167,33.0,5.0,mb,,,,1.0,us,usp00049hg,2014-11-07T00:46:23.146Z,"174 km NW of Naze, Japan",earthquake,,,,5.0,reviewed,us,us
1990-05-20T05:47:04.990Z,36.058,100.13,15.0,4.8,mb,,,,1.1,us,usp00049hn,2014-11-07T00:46:23.156Z,"159 km WSW of Xining, China",earthquake,,,,30.0,reviewed,us,us
1990-05-20T05:57:22.780Z,37.751,20.849,10.0,4.5,mb,,,,1.2,us,usp00049hp,2014-11-07T00:46:23.161Z,"2 km WSW of Ambelókipoi, Greece",earthquake,,,,6.0,reviewed,us,us
1990-05-20T06:04:00.490Z,-19.188,-177.904,596.3,4.5,mb,,,,1.1,us,usp00049hq,2014-11-07T00:46:23.167Z,Fiji region,earthquake,,50.7,,4.0,reviewed,us,us
1990-05-20T06:41:23.480Z,4.541,32.179,10.0,4.6,mb,,,,0.9,us,usp00049hr,2020-08-28T23:43:57.404Z,"45 km WNW of Torit, South Sudan",earthquake,,,,15.0,reviewed,us,us
1990-05-20T06:43:45.380Z,43.874,147.623,17.9,5.7,mb,,,,0.9,us,usp00049hs,2022-04-28T19:49:31.540Z,"72 km E of Shikotan, Russia",earthquake,,,,82.0,reviewed,us,us
1990-05-20T07:32:37.270Z,-18.102,-175.13,232.2,6.3,mw,,,,1.0,us,usp00049ht,2022-04-28T19:49:32.620Z,"135 km WNW of Neiafu, Tonga",earthquake,,,,,reviewed,us,nc
1990-05-20T09:10:02.320Z,28.458,83.343,33.0,4.8,mb,,,,0.8,us,usp00049hx,2014-11-07T00:46:23.236Z,"31 km NW of B?glung, Nepal",earthquake,,,,27.0,reviewed,us,us
1990-05-20T09:53:47.490Z,-32.5,179.624,345.6,6.1,mw,,,,1.1,us,usp00049hz,2022-04-28T19:49:33.548Z,south of the Kermadec Islands,earthquake,,,,,reviewed,us,hrv
1990-05-20T13:42:38.190Z,-30.23,-72.174,23.8,5.0,mb,,,,1.2,us,usp00049j8,2014-11-07T00:46:23.403Z,"86 km WSW of Coquimbo, Chile",earthquake,,6.4,,12.0,reviewed,us,us
1990-05-20T18:01:57.390Z,28.26,83.193,62.1,4.5,mb,,,,0.8,us,usp00049jd,2014-11-07T00:46:23.435Z,"38 km W of B?glung, Nepal",earthquake,,20.2,,6.0,reviewed,us,us
1990-05-20T19:30:44.500Z,5.143,31.976,10.0,4.5,mb,,,,0.8,us,usp00049jf,2020-08-28T23:44:07.993Z,"54 km NE of Juba, South Sudan",earthquake,,,,17.0,reviewed,us,us
1990-05-21T02:44:33.900Z,40.275,77.718,33.0,4.5,mb,,,,0.6,us,usp00049js,2014-11-07T00:46:23.455Z,"172 km ENE of Kashgar, China",earthquake,,,,16.0,reviewed,us,us
1990-05-21T08:40:59.700Z,41.398,141.949,82.6,4.8,mb,,,,1.2,us,usp00049k3,2014-11-07T00:46:23.500Z,"62 km E of Mutsu, Japan",earthquake,,17.4,,24.0,reviewed,us,us
1990-05-21T11:19:03.230Z,-34.63,-71.526,75.8,4.8,mb,,,,1.2,us,usp00049k7,2014-11-07T00:46:23.511Z,"14 km W of Santa Cruz, Chile",earthquake,,10.9,,1.0,reviewed,us,us
1990-05-21T13:00:09.750Z,53.558,-163.537,33.0,5.5,mw,,,,0.9,us,usp00049k8,2022-04-28T19:49:34.499Z,"144 km S of False Pass, Alaska",earthquake,,,,,reviewed,us,hrv
1990-05-21T13:24:36.690Z,-8.137,109.043,27.5,5.6,mw,,,,1.1,us,usp00049k9,2022-04-28T19:49:39.931Z,"60 km SSW of Kroya, Indonesia",earthquake,,,,,reviewed,us,hrv
1990-05-21T20:50:55.150Z,-11.097,161.913,86.1,4.5,mb,,,,1.0,us,usp00049kf,2014-11-07T00:46:23.574Z,"71 km S of Kirakira, Solomon Islands",earthquake,,28.2,,5.0,reviewed,us,us
1990-05-21T20:59:27.510Z,-32.818,-178.425,65.2,5.3,mb,,,,1.7,us,usp00049kg,2014-11-07T00:46:23.576Z,south of the Kermadec Islands,earthquake,,27.2,,8.0,reviewed,us,us
1990-05-21T22:26:55.910Z,-32.607,-177.935,33.0,4.6,mb,,,,1.6,us,usp00049km,2014-11-07T00:46:23.585Z,south of the Kermadec Islands,earthquake,,,,1.0,reviewed,us,us
1990-05-22T08:53:23.510Z,-21.054,-178.796,627.7,4.6,mb,,,,0.6,us,usp00049m1,2014-11-07T00:46:23.612Z,Fiji region,earthquake,,14.7,,13.0,reviewed,us,us
1990-05-22T11:23:00.970Z,-17.84,-178.702,575.7,4.8,mb,,,,0.9,us,usp00049m7,2014-11-07T00:46:23.626Z,"211 km E of Levuka, Fiji",earthquake,,4.0,,26.0,reviewed,us,us
1990-05-22T13:25:36.320Z,-36.299,-97.876,33.0,6.1,mw,,,,1.2,us,usp00049mb,2022-04-28T19:49:41.178Z,West Chile Rise,earthquake,,,,,reviewed,us,hrv
1990-05-22T15:54:28.560Z,-64.586,175.385,10.0,4.7,ms,,,,1.3,us,usp00049mk,2014-11-07T00:46:23.664Z,Balleny Islands region,earthquake,,,,1.0,reviewed,us,us
1990-05-22T16:44:41.720Z,-53.687,140.012,10.0,4.7,mb,,,,1.2,us,usp00049mm,2014-11-07T00:46:23.666Z,west of Macquarie Island,earthquake,,,,3.0,reviewed,us,us
1990-05-22T17:59:44.150Z,-4.691,103.173,87.8,5.1,mb,,,,1.0,us,usp00049mr,2014-11-07T00:46:23.673Z,"74 km S of Pagar Alam, Indonesia",earthquake,,11.3,,16.0,reviewed,us,us
1990-05-22T20:35:38.590Z,19.741,-76.023,13.5,5.4,mw,,,,1.0,us,usp00049ms,2022-04-28T19:49:42.179Z,Cuba region,earthquake,,3.8,,,reviewed,us,hrv
1990-05-22T20:47:31.630Z,0.499,123.499,280.0,4.6,mb,,,,0.9,us,usp00049mt,2014-11-07T00:46:23.692Z,"48 km E of Gorontalo, Indonesia",earthquake,,34.5,,5.0,reviewed,us,us
1990-05-23T01:15:04.630Z,43.934,-128.481,10.0,4.9,ms,,,,1.0,us,usp00049n2,2014-11-07T00:46:23.710Z,off the coast of Oregon,earthquake,,,,2.0,reviewed,us,us
1990-05-23T03:55:00.160Z,-4.213,136.249,33.0,5.1,mb,,,,1.1,us,usp00049na,2014-11-07T00:46:23.731Z,"125 km SE of Nabire, Indonesia",earthquake,,,,3.0,reviewed,us,us
1990-05-23T09:57:21.630Z,-2.92,141.551,52.6,5.4,mw,,,,1.2,us,usp00049nk,2022-04-28T17:25:42.896Z,"near the north coast of New Guinea, Papua New Guinea",earthquake,,14.2,,,reviewed,us,hrv
1990-05-23T10:37:25.620Z,-21.757,-174.669,33.0,4.8,mb,,,,1.0,us,usp00049nm,2014-11-07T00:46:23.753Z,Tonga,earthquake,,,,5.0,reviewed,us,us
1990-05-23T10:50:55.100Z,-8.289,156.268,33.0,4.7,mb,,,,1.0,us,usp00049nn,2014-11-07T00:46:23.755Z,"66 km WSW of Gizo, Solomon Islands",earthquake,,,,8.0,reviewed,us,us
1990-05-23T12:26:49.730Z,5.494,31.681,10.0,4.9,mb,,,,1.0,us,usp00049nq,2020-08-28T23:44:29.531Z,Sudan,earthquake,,,,11.0,reviewed,us,us
1990-05-23T12:52:25.150Z,20.634,120.894,35.3,5.2,mw,,,,0.8,us,usp00049nr,2025-12-19T21:01:46.204Z,Philippine Islands region,earthquake,,,,,reviewed,us,hrv
1990-05-23T16:07:44.160Z,4.92,94.475,51.1,5.0,mb,,,,0.8,us,usp00049nu,2014-11-07T00:46:23.779Z,"117 km SW of Banda Aceh, Indonesia",earthquake,,,,33.0,reviewed,us,us
1990-05-23T16:27:42.620Z,-30.2,179.101,519.0,4.6,mb,,,,0.9,us,usp00049nv,2014-11-07T00:46:23.787Z,Kermadec Islands region,earthquake,,6.6,,5.0,reviewed,us,us
1990-05-23T19:35:14.900Z,-7.343,128.803,129.0,5.4,mw,,,,0.9,us,usp00049p0,2025-12-19T21:01:46.978Z,"237 km ENE of Lospalos, Timor Leste",earthquake,,,,,reviewed,us,hrv
1990-05-23T20:59:37.420Z,-18.89,168.858,161.8,5.3,mw,,,,1.0,us,usp00049p1,2025-12-19T21:01:47.687Z,"84 km NNW of Isangel, Vanuatu",earthquake,,,,,reviewed,us,hrv
1990-05-24T00:33:06.250Z,28.741,142.598,33.0,4.5,mb,,,,1.0,us,usp00049pa,2014-11-07T00:46:23.877Z,"Bonin Islands, Japan region",earthquake,,,,7.0,reviewed,us,us
1990-05-24T04:06:32.070Z,-17.927,-178.557,590.3,5.2,mb,,,,0.8,us,usp00049pg,2014-11-07T00:46:23.888Z,"225 km E of Levuka, Fiji",earthquake,,2.8,,47.0,reviewed,us,us
1990-05-24T09:03:48.830Z,26.6,95.522,82.3,4.8,mb,,,,0.8,us,usp00049pn,2014-11-07T00:46:23.915Z,"46 km S of Khonsa, India",earthquake,,15.3,,8.0,reviewed,us,us
1990-05-24T12:09:39.270Z,28.18,129.688,31.1,4.9,mb,,,,1.3,us,usp00049ps,2014-11-07T00:46:23.921Z,"28 km SE of Naze, Japan",earthquake,,7.8,,24.0,reviewed,us,us
1990-05-24T12:41:18.770Z,1.244,123.031,8.3,4.7,mb,,,,1.0,us,usp00049pt,2014-11-07T00:46:23.930Z,"Minahasa, Sulawesi, Indonesia",earthquake,,7.2,,6.0,reviewed,us,us
1990-05-24T13:16:19.910Z,1.33,123.037,45.6,4.7,mb,,,,1.1,us,usp00049pu,2014-11-07T00:46:23.933Z,"87 km N of Gorontalo, Indonesia",earthquake,,10.8,,4.0,reviewed,us,us
1990-05-24T15:12:17.140Z,32.944,46.801,58.6,4.9,mb,,,,1.0,us,usp00049px,2022-04-28T19:49:43.777Z,"51 km WNW of Dehlor?n, Iran",earthquake,,6.8,,30.0,reviewed,us,us
1990-05-24T18:02:13.540Z,-19.978,-68.585,119.4,5.0,mb,,,,1.3,us,usp00049q3,2014-11-07T00:46:23.963Z,"165 km E of Iquique, Chile",earthquake,,11.1,,5.0,reviewed,us,us
1990-05-24T19:02:28.280Z,13.749,120.681,78.3,4.9,mb,,,,0.7,us,usp00049q6,2014-11-07T00:46:23.973Z,"10 km SSE of Calatagan, Philippines",earthquake,,13.1,,7.0,reviewed,us,us
1990-05-24T19:34:44.240Z,5.277,31.829,16.5,6.5,mw,,,,1.1,us,usp00049q9,2022-04-28T19:49:44.830Z,"54 km NNE of Juba, South Sudan",earthquake,,,,,reviewed,us,hrv
1990-05-24T20:00:08.190Z,5.358,31.848,16.0,7.1,mw,,,,1.0,us,usp00049qe,2022-04-28T19:49:45.747Z,"63 km NNE of Juba, South Sudan",earthquake,,,,,reviewed,us,hrv
1990-05-24T20:09:23.240Z,-7.363,120.363,588.9,7.1,mw,,,,0.9,us,usp00049qg,2022-04-28T19:49:46.775Z,"135 km NNE of Labuan Bajo, Indonesia",earthquake,,,,,reviewed,us,hrv
1990-05-24T20:30:36.120Z,-8.184,127.876,126.1,4.5,mb,,,,1.4,us,usp00049qh,2014-11-07T00:46:24.108Z,"103 km ENE of Lospalos, Timor Leste",earthquake,,54.2,,1.0,reviewed,us,us
1990-05-24T21:59:20.060Z,39.619,143.352,33.0,4.8,mb,,,,0.6,us,usp00049qk,2014-11-07T00:46:24.111Z,"121 km E of Miyako, Japan",earthquake,,,,2.0,reviewed,us,us
1990-05-24T22:16:03.380Z,5.436,31.876,10.0,5.5,mb,,,,1.0,us,usp00049qn,2022-04-28T19:49:47.710Z,"72 km NNE of Juba, South Sudan",earthquake,,,,53.0,reviewed,us,us
1990-05-25T00:42:31.970Z,5.425,31.848,10.0,5.3,mb,,,,1.0,us,usp00049qv,2022-04-28T19:49:48.678Z,"69 km NNE of Juba, South Sudan",earthquake,,,,48.0,reviewed,us,us
1990-05-25T01:02:21.610Z,8.129,32.035,10.0,4.7,mb,,,,0.9,us,usp00049qw,2020-08-28T23:46:35.155Z,"160 km SSE of Malakal, South Sudan",earthquake,,,,15.0,reviewed,us,us
1990-05-25T02:03:27.560Z,-2.871,130.338,14.6,5.9,mw,,,,1.0,us,usp00049qy,2022-04-28T19:49:49.709Z,"165 km ENE of Amahai, Indonesia",earthquake,,,,,reviewed,us,hrv
1990-05-25T02:49:02.320Z,5.358,31.328,10.0,4.8,mb,,,,1.2,us,usp00049qz,2020-08-28T23:46:56.463Z,"62 km NNW of Juba, South Sudan",earthquake,,,,21.0,reviewed,us,us
1990-05-25T06:12:44.880Z,4.49,31.49,10.0,4.8,mb,,,,0.5,us,usp00049r1,2020-08-28T23:47:06.940Z,"41 km SSW of Juba, South Sudan",earthquake,,,,6.0,reviewed,us,us
1990-05-25T06:31:52.100Z,2.936,127.288,64.0,4.7,mb,,,,0.3,us,usp00049r2,2014-11-07T00:46:24.197Z,"155 km NNW of Tobelo, Indonesia",earthquake,,29.4,,3.0,reviewed,us,us
1990-05-25T10:00:13.140Z,-6.469,129.043,289.6,4.8,mb,,,,0.9,us,usp00049r7,2014-11-07T00:46:24.203Z,Banda Sea,earthquake,,4.6,,21.0,reviewed,us,us
1990-05-25T15:04:58.490Z,-14.845,168.001,33.0,4.5,mb,,,,1.2,us,usp00049rh,2014-11-07T00:46:24.221Z,"102 km ENE of Port-Olry, Vanuatu",earthquake,,,,2.0,reviewed,us,us
1990-05-25T15:14:03.940Z,5.375,31.763,10.0,4.7,mb,,,,0.9,us,usp00049rj,2020-08-28T23:47:17.347Z,"61 km NNE of Juba, South Sudan",earthquake,,,,14.0,reviewed,us,us
1990-05-25T16:21:47.670Z,37.222,72.954,86.6,4.7,mb,,,,1.4,us,usp00049rn,2014-11-07T00:46:24.230Z,"64 km ENE of Khand?d, Afghanistan",earthquake,,17.1,,17.0,reviewed,us,us
1990-05-25T16:25:31.970Z,37.087,73.113,73.6,4.8,mb,,,,1.1,us,usp00049rp,2014-11-07T00:46:24.235Z,"72 km ENE of Khand?d, Afghanistan",earthquake,,14.8,,9.0,reviewed,us,us
1990-05-25T16:30:55.880Z,3.923,126.73,48.9,4.7,ms,,,,1.2,us,usp00049rq,2014-11-07T00:46:24.239Z,"215 km SE of Sarangani, Philippines",earthquake,,22.2,,2.0,reviewed,us,us
1990-05-25T17:38:35.510Z,3.828,126.525,73.9,4.8,mb,,,,0.7,us,usp00049rt,2014-11-07T00:46:24.244Z,"210 km SE of Sarangani, Philippines",earthquake,,19.1,,3.0,reviewed,us,us
1990-05-25T18:28:53.360Z,15.715,147.382,34.6,5.0,mb,,,,1.0,us,usp00049ru,2014-11-07T00:46:24.246Z,"183 km ENE of Saipan, Northern Mariana Islands",earthquake,,,,18.0,reviewed,us,us
1990-05-25T18:37:24.640Z,-0.536,-19.757,10.0,4.6,mb,,,,1.0,us,usp00049rw,2014-11-07T00:46:24.252Z,central Mid-Atlantic Ridge,earthquake,,,,17.0,reviewed,us,us
1990-05-25T21:04:47.520Z,15.664,147.625,33.0,4.8,mb,,,,1.1,us,usp00049s0,2014-11-07T00:46:24.261Z,"206 km ENE of Saipan, Northern Mariana Islands",earthquake,,,,10.0,reviewed,us,us
1990-05-26T02:56:29.260Z,63.057,-24.734,10.0,4.6,mb,,,,0.9,us,usp00049sh,2014-11-07T00:46:24.294Z,"143 km SW of Grindavík, Iceland",earthquake,,,,28.0,reviewed,us,us
1990-05-26T02:57:34.820Z,1.342,123.371,33.8,5.8,mw,,,,1.3,us,usp00049sj,2022-04-28T19:49:50.750Z,"95 km NNE of Gorontalo, Indonesia",earthquake,,,,,reviewed,us,hrv
1990-05-26T03:12:14.180Z,12.018,143.654,33.0,4.6,mb,,,,0.8,us,usp00049sk,2014-11-07T00:46:24.311Z,"176 km SW of Merizo Village, Guam",earthquake,,,,4.0,reviewed,us,us
1990-05-26T05:11:13.250Z,-17.031,168.443,222.7,5.4,mw,,,,1.1,us,usp00049sq,2025-12-19T21:01:48.503Z,"79 km N of Port-Vila, Vanuatu",earthquake,,7.1,,,reviewed,us,hrv
1990-05-26T05:53:50.600Z,5.321,32.044,10.0,4.8,mb,,,,0.7,us,usp00049sr,2020-08-28T23:47:39.022Z,"72 km NE of Juba, South Sudan",earthquake,,,,12.0,reviewed,us,us
1990-05-26T07:59:45.570Z,1.135,123.3,64.8,4.7,mb,,,,1.2,us,usp00049sy,2014-11-07T00:46:24.350Z,"71 km NNE of Gorontalo, Indonesia",earthquake,,24.5,,3.0,reviewed,us,us
1990-05-26T07:59:57.820Z,41.566,88.688,0.0,5.4,mb,,,,1.0,us,usp00049sz,2015-06-16T17:27:54.177Z,"158 km SSW of Turpan, China",nuclear explosion,,,,66.0,reviewed,us,us
1990-05-26T08:05:57.360Z,43.682,147.658,33.2,4.8,mb,,,,1.0,us,usp00049t0,2014-11-07T00:46:24.368Z,"76 km E of Shikotan, Russia",earthquake,,,,20.0,reviewed,us,us
1990-05-26T09:21:05.660Z,38.306,-11.626,13.6,4.7,mb,,,,1.0,us,usp00049t2,2014-11-07T00:46:24.376Z,"197 km WSW of Cascais, Portugal",earthquake,,2.9,,14.0,reviewed,us,us
1990-05-26T12:31:35.420Z,36.505,70.44,192.5,4.5,mb,,,,0.7,us,usp00049t9,2014-11-07T00:46:24.408Z,"52 km E of Farkh?r, Afghanistan",earthquake,,14.2,,7.0,reviewed,us,us
1990-05-26T13:25:56.720Z,12.412,121.888,35.8,5.0,mb,,,,1.1,us,usp00049te,2014-11-07T00:46:24.415Z,"11 km W of Odiongan, Philippines",earthquake,,,,19.0,reviewed,us,us
1990-05-26T14:22:40.890Z,5.134,31.769,10.0,5.0,mb,,,,1.0,us,usp00049tf,2022-04-28T19:49:52.428Z,"37 km NNE of Juba, South Sudan",earthquake,,,,24.0,reviewed,us,us
1990-05-26T14:39:51.570Z,4.835,33.638,10.0,4.6,mb,,,,1.3,us,usp00049tg,2020-04-16T19:21:27.278Z,"8 km NE of Kapoeta, South Sudan",earthquake,,,,7.0,reviewed,us,us
1990-05-26T22:22:02.930Z,53.439,-163.567,33.0,5.0,mb,,,,1.0,us,usp00049u0,2014-11-07T00:46:24.459Z,"157 km S of False Pass, Alaska",earthquake,,,,38.0,reviewed,us,us
1990-05-27T02:54:46.820Z,36.688,71.594,33.0,4.7,mb,,,,1.3,us,usp00049u6,2014-11-07T00:46:24.501Z,"4 km SSW of Ishqoshim, Tajikistan",earthquake,,,,5.0,reviewed,us,us
1990-05-27T03:03:42.250Z,6.91,-82.714,17.4,5.4,mw,,,,1.2,us,usp00049u9,2025-12-19T20:56:26.642Z,south of Panama,earthquake,,,,,reviewed,us,hrv
1990-05-27T03:22:49.560Z,15.462,147.655,39.1,5.3,mw,,,,0.9,us,usp00049ua,2025-12-19T21:01:49.159Z,"205 km E of Saipan, Northern Mariana Islands",earthquake,,,,,reviewed,us,hrv
1990-05-27T04:18:39.880Z,15.558,147.612,31.6,4.6,mb,,,,0.8,us,usp00049uc,2014-11-07T00:46:24.538Z,"203 km E of Saipan, Northern Mariana Islands",earthquake,,,,11.0,reviewed,us,us
1990-05-27T04:30:17.380Z,15.492,147.824,38.9,4.5,mb,,,,0.7,us,usp00049ud,2014-11-07T00:46:24.542Z,"224 km E of Saipan, Northern Mariana Islands",earthquake,,22.1,,4.0,reviewed,us,us
1990-05-27T05:32:58.060Z,15.379,147.833,33.0,4.7,mb,,,,1.3,us,usp00049uf,2014-11-07T00:46:24.545Z,"223 km E of Saipan, Northern Mariana Islands",earthquake,,,,5.0,reviewed,us,us
1990-05-27T07:29:32.640Z,4.804,31.743,10.0,5.0,mb,,,,1.1,us,usp00049ug,2020-08-28T23:48:00.156Z,"18 km ESE of Juba, South Sudan",earthquake,,,,20.0,reviewed,us,us
1990-05-27T08:47:38.420Z,50.972,173.424,33.0,4.6,mb,,,,1.1,us,usp00049uj,2014-11-07T00:46:24.554Z,"209 km S of Attu Station, Alaska",earthquake,,,,7.0,reviewed,us,us
1990-05-27T10:01:39.630Z,-20.912,-178.702,601.0,4.5,mb,,,,0.9,us,usp00049up,2014-11-07T00:46:24.561Z,Fiji region,earthquake,,42.1,,11.0,reviewed,us,us
1990-05-27T12:24:46.570Z,15.544,147.74,35.6,5.1,mw,,,,0.9,us,usp00049us,2025-12-19T21:01:49.804Z,"216 km E of Saipan, Northern Mariana Islands",earthquake,,,,,reviewed,us,hrv
1990-05-27T14:00:36.370Z,12.703,120.933,33.0,5.1,mb,,,,1.1,us,usp00049uv,2014-11-07T00:46:24.580Z,"Mindoro, Philippines",earthquake,,,,19.0,reviewed,us,us
1990-05-27T14:04:04.610Z,15.586,147.645,33.0,4.9,mb,,,,0.9,us,usp00049uw,2014-11-07T00:46:24.589Z,"207 km ENE of Saipan, Northern Mariana Islands",earthquake,,,,18.0,reviewed,us,us
1990-05-27T14:30:06.880Z,15.559,147.723,33.0,4.8,mb,,,,1.0,us,usp00049ux,2014-11-07T00:46:24.594Z,"215 km E of Saipan, Northern Mariana Islands",earthquake,,,,8.0,reviewed,us,us
1990-05-27T15:33:23.740Z,34.467,23.978,13.7,4.5,mb,,,,1.3,us,usp00049uz,2014-11-07T00:46:24.610Z,"41 km SSW of Kastrí, Greece",earthquake,,4.8,,29.0,reviewed,us,us
1990-05-27T18:27:57.360Z,40.869,44.236,10.0,4.9,mb,,,,1.3,us,usp00049v4,2022-04-28T19:49:53.468Z,Armenia,earthquake,,,,55.0,reviewed,us,us
1990-05-27T18:56:56.860Z,13.129,39.927,52.2,5.0,mb,,,,1.0,us,usp00049v5,2022-04-28T19:49:54.494Z,"56 km NE of Maych’ew, Ethiopia",earthquake,,,,43.0,reviewed,us,us
1990-05-27T19:31:31.520Z,-7.433,120.426,636.3,4.6,mb,,,,0.5,us,usp00049v7,2014-11-07T00:46:24.656Z,"130 km N of Ruteng, Indonesia",earthquake,,34.1,,6.0,reviewed,us,us
1990-05-27T21:49:35.460Z,74.225,8.828,29.1,5.8,mw,,,,1.0,us,usp00049vd,2022-04-28T19:49:55.909Z,Greenland Sea,earthquake,,,,,reviewed,us,hrv
1990-05-27T21:52:55.790Z,7.715,-36.963,10.0,5.9,mw,,,,1.5,us,usp00049ve,2022-04-28T17:25:44.172Z,central Mid-Atlantic Ridge,earthquake,,,,,reviewed,us,hrv
1990-05-27T21:57:44.220Z,8.469,-37.499,10.0,4.7,mb,,,,0.6,us,usp00049vf,2014-11-07T00:46:24.713Z,central Mid-Atlantic Ridge,earthquake,,,,15.0,reviewed,us,us
1990-05-27T23:11:20.650Z,3.606,122.736,33.0,4.7,mb,,,,0.9,us,usp00049vh,2014-11-07T00:46:24.718Z,"283 km SSE of Tabiauan, Philippines",earthquake,,,,4.0,reviewed,us,us
1990-05-27T23:55:31.080Z,-7.739,127.893,97.4,4.9,mb,,,,1.3,us,usp00049vj,2014-11-07T00:46:24.719Z,"131 km NE of Lospalos, Timor Leste",earthquake,,13.3,,7.0,reviewed,us,us
1990-05-28T00:35:50.790Z,55.257,58.699,33.0,4.5,mb,,,,0.8,us,usp00049vm,2020-08-28T23:48:22.089Z,"10 km NNW of Mezhevoy, Russia",earthquake,,,,12.0,reviewed,us,us
1990-05-28T01:11:57.210Z,5.462,31.847,10.0,4.8,mb,,,,1.0,us,usp00049vr,2020-08-28T23:48:34.174Z,"73 km NNE of Juba, South Sudan",earthquake,,,,29.0,reviewed,us,us
1990-05-28T02:41:28.260Z,55.225,58.676,33.0,4.5,mb,,,,0.9,us,usp00049vt,2020-08-28T23:48:44.453Z,"9 km NW of Mezhevoy, Russia",earthquake,,,,18.0,reviewed,us,us
1990-05-28T04:43:48.300Z,74.043,6.926,10.0,4.7,mb,,,,1.1,us,usp00049vx,2014-11-07T00:46:24.751Z,Greenland Sea,earthquake,,,,11.0,reviewed,us,us
1990-05-28T07:15:51.020Z,37.638,73.46,33.0,4.6,mb,,,,1.2,us,usp00049w0,2014-11-07T00:46:24.757Z,"73 km SW of Murghob, Tajikistan",earthquake,,,,9.0,reviewed,us,us
1990-05-28T09:55:39.930Z,-30.212,-72.487,36.9,4.7,mb,,,,0.9,us,usp00049w2,2014-11-07T00:46:24.761Z,"114 km WSW of Coquimbo, Chile",earthquake,,19.6,,1.0,reviewed,us,us
1990-05-28T11:28:47.690Z,-20.874,-177.987,485.8,5.9,mw,,,,0.9,us,usp00049w4,2022-04-28T19:49:57.596Z,"289 km W of Haveluloto, Tonga",earthquake,,,,,reviewed,us,hrv
1990-05-28T13:34:03.130Z,51.4,157.033,33.0,4.8,mb,,,,0.7,us,usp00049w7,2014-11-07T00:46:24.803Z,"38 km ESE of Ozernovskiy, Russia",earthquake,,,,2.0,reviewed,us,us
1990-05-28T14:18:42.820Z,48.825,156.242,33.0,4.5,mb,,,,1.1,us,usp00049w8,2014-11-07T00:46:24.804Z,"205 km S of Severo-Kuril’sk, Russia",earthquake,,,,13.0,reviewed,us,us
1990-05-28T15:12:00.170Z,-7.139,127.309,329.0,5.4,mw,,,,1.1,us,usp00049wa,2025-12-19T21:01:50.606Z,"156 km NNE of Lospalos, Timor Leste",earthquake,,8.9,,,reviewed,us,hrv
1990-05-28T16:11:59.560Z,43.919,147.378,34.2,5.4,mw,,,,1.0,us,usp00049wd,2025-12-19T21:01:51.445Z,"54 km ENE of Shikotan, Russia",earthquake,,,,,reviewed,us,hrv
1990-05-28T17:07:34.470Z,54.866,161.812,33.0,4.7,mb,,,,0.8,us,usp00049we,2014-11-07T00:46:24.833Z,"157 km SSW of Ust’-Kamchatsk Staryy, Russia",earthquake,,,,18.0,reviewed,us,us
1990-05-28T19:12:25.730Z,30.321,50.812,33.0,4.6,mb,,,,1.2,us,usp00049wj,2020-08-28T23:48:56.634Z,"4 km SSE of Dogonbadan, Iran",earthquake,,,,20.0,reviewed,us,us
1990-05-28T21:39:08.130Z,-4.633,152.187,96.4,5.3,mw,,,,0.9,us,usp00049wp,2025-12-19T21:01:52.203Z,"33 km SSW of Kokopo, Papua New Guinea",earthquake,,,,,reviewed,us,hrv
1990-05-29T04:37:29.800Z,5.467,32.568,10.0,4.7,mb,,,,0.6,us,usp00049ww,2020-08-28T23:49:09.020Z,"116 km N of Torit, South Sudan",earthquake,,,,15.0,reviewed,us,us
1990-05-29T07:14:11.210Z,43.333,144.404,105.9,4.9,mb,,,,0.8,us,usp00049wz,2014-11-07T00:46:24.883Z,"39 km N of Kushiro, Japan",earthquake,,11.9,,24.0,reviewed,us,us
1990-05-29T09:42:28.200Z,1.376,124.154,41.5,4.8,mb,,,,1.0,us,usp00049x1,2014-11-07T00:46:24.888Z,"72 km W of Tomohon, Indonesia",earthquake,,21.9,,5.0,reviewed,us,us
1990-05-29T12:35:28.920Z,15.97,120.237,45.9,5.2,mw,,,,1.0,us,usp00049x9,2022-04-28T19:49:58.636Z,"2 km NE of Bugallon, Philippines",earthquake,,5.5,,,reviewed,us,hrv
1990-05-29T18:30:56.410Z,55.6505,-153.2433,10.0,6.1,mw,,,,0.22,ak,ak9906upz2ax,2022-05-12T17:17:18.329Z,"155 km SSE of Akhiok, Alaska",earthquake,,52.8,,,reviewed,ak,ak
1990-05-29T19:56:55.840Z,10.019,-84.157,39.5,4.7,mb,,,,1.1,us,usp00049xn,2014-11-07T00:46:24.988Z,"2 km N of Llorente, Costa Rica",earthquake,,36.6,,2.0,reviewed,us,us
1990-05-30T01:21:22.200Z,-6.25,130.169,218.8,4.7,mb,,,,1.2,us,usp00049xx,2014-11-07T00:46:25.002Z,"294 km WSW of Tual, Indonesia",earthquake,,8.9,,6.0,reviewed,us,us
1990-05-30T01:32:05.440Z,36.463,70.396,203.9,4.7,mb,,,,1.0,us,usp00049xy,2014-11-07T00:46:25.005Z,"49 km ESE of Farkh?r, Afghanistan",earthquake,,,,55.0,reviewed,us,us
1990-05-30T02:34:05.880Z,-6.016,-77.229,24.2,6.6,mw,,,,1.0,us,usp00049xz,2022-04-28T19:50:00.844Z,"6 km ESE of Segunda Jerusalén - Azunguillo, Peru",earthquake,,,,,reviewed,us,nc
1990-05-30T04:02:31.000Z,-24.149,-66.745,163.1,4.8,mb,,,,0.9,us,usp00049y3,2014-11-07T00:46:25.071Z,"43 km W of San Antonio de los Cobres, Argentina",earthquake,,5.8,,11.0,reviewed,us,us
1990-05-30T05:36:21.350Z,-6.041,-77.422,33.0,4.7,mb,,,,1.5,us,usp00049y9,2014-11-07T00:46:25.085Z,"17 km WSW of Segunda Jerusalén - Azunguillo, Peru",earthquake,,,,4.0,reviewed,us,us
1990-05-30T09:22:23.170Z,-8.875,122.561,93.9,5.4,mw,,,,1.1,us,usp00049yg,2025-12-19T21:01:53.035Z,"47 km SE of Maumere, Indonesia",earthquake,,12.5,,,reviewed,us,hrv
1990-05-30T09:53:15.160Z,-6.019,-77.147,30.8,4.8,mb,,,,1.1,us,usp00049yj,2014-11-07T00:46:25.108Z,"4 km NNE of Rioja, Peru",earthquake,,10.6,,12.0,reviewed,us,us
1990-05-30T10:40:06.140Z,45.841,26.668,89.3,7.0,mw,,,,1.0,us,usp00049yk,2022-04-28T19:50:02.373Z,"5 km W of Nistore?ti, Romania",earthquake,,,,,reviewed,us,hrv
1990-05-30T12:38:04.990Z,24.21,126.512,33.0,4.9,mb,,,,1.5,us,usp00049yq,2022-04-28T19:50:07.889Z,"139 km ESE of Hirara, Japan",earthquake,,,,19.0,reviewed,us,us
1990-05-30T16:45:57.970Z,-5.058,152.099,80.7,5.1,mb,,,,1.0,us,usp00049yw,2014-11-07T00:46:25.197Z,"81 km SSW of Kokopo, Papua New Guinea",earthquake,,,,10.0,reviewed,us,us
1990-05-30T16:49:26.880Z,-6.018,-77.127,21.5,5.7,mw,,,,1.1,us,usp00049yx,2022-04-28T19:50:13.303Z,"6 km NE of Rioja, Peru",earthquake,,,,,reviewed,us,hrv
1990-05-30T17:56:48.980Z,-21.899,-178.033,541.0,4.8,mb,,,,1.1,us,usp00049z0,2014-11-07T00:46:25.221Z,Fiji region,earthquake,,56.3,,6.0,reviewed,us,us
1990-05-30T18:34:53.260Z,28.305,141.753,33.0,4.7,mb,,,,1.2,us,usp00049z2,2014-11-07T00:46:25.225Z,"Bonin Islands, Japan region",earthquake,,,,11.0,reviewed,us,us
1990-05-31T00:17:47.850Z,45.811,26.769,88.2,6.3,mw,,,,1.0,us,usp00049za,2022-04-28T19:50:18.679Z,"2 km SSW of N?ruja, Romania",earthquake,,,,,reviewed,us,hrv
1990-05-31T02:46:12.760Z,-33.812,-179.401,75.0,4.8,mb,,,,0.6,us,usp00049zd,2014-11-07T00:46:25.309Z,south of the Kermadec Islands,earthquake,,19.4,,3.0,reviewed,us,us
1990-05-31T03:03:12.210Z,-6.159,133.654,33.0,4.8,mb,,,,1.3,us,usp00049ze,2014-11-07T00:46:25.311Z,"115 km ESE of Tual, Indonesia",earthquake,,,,3.0,reviewed,us,us
1990-05-31T07:35:27.010Z,17.26,-100.707,22.6,6.0,mw,,,,1.0,us,usp00049zs,2022-04-28T19:50:29.562Z,"7 km NE of Nuxco, Mexico",earthquake,,,,,reviewed,us,nc
1990-05-31T23:02:54.640Z,-33.517,-178.254,33.0,5.0,mb,,,,1.2,us,usp0004a02,2014-11-07T00:46:25.386Z,south of the Kermadec Islands,earthquake,,,,4.0,reviewed,us,us
1990-06-01T01:00:35.760Z,2.107,97.308,33.0,4.8,mb,,,,1.3,us,usp0004a04,2014-11-07T00:46:26.239Z,"57 km WSW of Singkil, Indonesia",earthquake,,,,6.0,reviewed,us,us
1990-06-01T01:22:11.590Z,35.522,140.339,67.0,6.3,mw,,,,1.0,us,usp0004a05,2022-04-28T19:45:19.193Z,"near the east coast of Honshu, Japan",earthquake,,,,,reviewed,us,hrv
1990-06-01T04:45:49.850Z,-5.119,147.722,33.0,5.5,mw,,,,1.3,us,usp0004a0a,2022-04-28T19:45:24.763Z,"159 km N of Finschhafen, Papua New Guinea",earthquake,,,,,reviewed,us,hrv
1990-06-01T10:02:46.650Z,-15.697,167.938,192.5,4.8,mb,,,,0.9,us,usp0004a0k,2014-11-07T00:46:27.425Z,"70 km NE of Norsup, Vanuatu",earthquake,,9.8,,7.0,reviewed,us,us
1990-06-01T10:29:37.580Z,4.244,128.281,160.0,4.9,mb,,,,1.3,us,usp0004a0p,2014-11-07T00:46:27.474Z,"279 km N of Tobelo, Indonesia",earthquake,,,,6.0,reviewed,us,us
1990-06-01T11:00:23.110Z,15.985,147.391,34.9,5.0,mw,,,,0.9,us,usp0004a0s,2016-11-09T22:39:37.643Z,"195 km ENE of Saipan, Northern Mariana Islands",earthquake,,,,,reviewed,us,hrv
1990-06-01T11:08:35.830Z,-26.048,-176.567,74.8,5.4,mw,,,,1.2,us,usp0004a0t,2026-02-04T20:11:49.167Z,south of the Fiji Islands,earthquake,,,,,reviewed,us,hrv
1990-06-01T11:14:09.290Z,15.913,147.295,36.7,5.3,mb,,,,0.8,us,usp0004a0u,2014-11-07T00:46:27.627Z,"182 km ENE of Saipan, Northern Mariana Islands",earthquake,,,,28.0,reviewed,us,us
1990-06-01T13:48:08.650Z,-14.999,-176.34,13.2,5.0,mb,,,,1.1,us,usp0004a0y,2014-11-07T00:46:27.782Z,"190 km S of Mata-Utu, Wallis and Futuna",earthquake,,,,14.0,reviewed,us,us
1990-06-01T14:05:33.140Z,52.82,171.405,33.0,4.9,mb,,,,0.9,us,usp0004a0z,2014-11-07T00:46:27.821Z,"120 km W of Attu Station, Alaska",earthquake,,,,38.0,reviewed,us,us
1990-06-01T14:20:39.210Z,-4.685,152.271,100.0,4.9,mb,,,,0.9,us,usp0004a10,2014-11-07T00:46:27.857Z,"37 km S of Kokopo, Papua New Guinea",earthquake,,7.7,,5.0,reviewed,us,us
1990-06-01T16:16:21.920Z,3.621,-31.551,10.0,4.7,mb,,,,0.8,us,usp0004a12,2014-11-07T00:46:27.883Z,central Mid-Atlantic Ridge,earthquake,,,,3.0,reviewed,us,us
1990-06-01T16:17:32.430Z,2.547,-31.528,10.0,4.7,mb,,,,1.0,us,usp0004a13,2014-11-07T00:46:27.889Z,central Mid-Atlantic Ridge,earthquake,,,,3.0,reviewed,us,us
1990-06-01T16:49:35.730Z,-29.455,-178.867,33.0,5.3,mb,,,,0.8,us,usp0004a15,2014-11-07T00:46:27.898Z,"Kermadec Islands, New Zealand",earthquake,,,,8.0,reviewed,us,us
1990-06-01T18:14:44.650Z,-5.485,154.117,144.7,5.5,mw,,,,1.0,us,usp0004a19,2022-04-28T19:45:30.094Z,"177 km WNW of Panguna, Papua New Guinea",earthquake,,,,,reviewed,us,hrv
1990-06-01T18:14:58.640Z,-4.279,135.759,33.0,4.9,mb,,,,0.9,us,usp0004a1a,2014-11-07T00:46:27.999Z,"105 km SSE of Nabire, Indonesia",earthquake,,,,2.0,reviewed,us,us
1990-06-01T20:39:57.360Z,13.936,-93.202,33.0,4.6,mb,,,,1.1,us,usp0004a1h,2014-11-07T00:46:28.052Z,"120 km SW of Puerto Madero, Mexico",earthquake,,,,4.0,reviewed,us,us
1990-06-01T22:22:06.150Z,51.355,-176.89,33.0,4.7,mb,,,,1.3,us,usp0004a1m,2014-11-07T00:46:28.067Z,"60 km SSW of Adak, Alaska",earthquake,,,,16.0,reviewed,us,us
1990-06-01T23:26:20.410Z,-10.021,108.128,33.0,4.9,mb,,,,1.2,us,usp0004a1p,2014-11-07T00:46:28.084Z,"289 km SSW of Sidareja, Indonesia",earthquake,,,,5.0,reviewed,us,us
1990-06-02T00:32:35.020Z,32.434,92.802,12.9,5.2,mw,,,,0.9,us,usp0004a1r,2022-04-28T19:45:36.782Z,"127 km NE of Nagqu, China",earthquake,,,,,reviewed,us,hrv
1990-06-02T04:57:57.020Z,1.081,122.776,33.8,5.5,mw,,,,1.1,us,usp0004a1z,2022-04-28T19:45:38.239Z,"68 km NNW of Gorontalo, Indonesia",earthquake,,,,,reviewed,us,hrv
1990-06-02T05:40:48.260Z,-10.057,108.182,33.0,4.8,mb,,,,0.6,us,usp0004a20,2014-11-07T00:46:28.338Z,"292 km SSW of Sidareja, Indonesia",earthquake,,,,3.0,reviewed,us,us
1990-06-02T07:06:12.970Z,55.071,161.941,33.0,4.8,mb,,,,0.8,us,usp0004a24,2014-11-07T00:46:28.378Z,"133 km SSW of Ust’-Kamchatsk Staryy, Russia",earthquake,,,,35.0,reviewed,us,us
1990-06-02T12:39:02.420Z,8.122,-83.401,33.0,4.5,mb,,,,0.7,us,usp0004a2c,2014-11-07T00:46:28.431Z,Costa Rica,earthquake,,,,3.0,reviewed,us,us
1990-06-02T17:29:58.540Z,-21.877,-138.918,0.0,5.3,mb,,,,0.7,us,usp0004a2m,2015-06-16T17:27:55.121Z,"Tuamotu Archipelago, French Polynesia region",nuclear explosion,,,,16.0,reviewed,us,us
1990-06-03T00:55:16.270Z,-5.976,-77.164,37.9,4.8,mb,,,,1.0,us,usp0004a2v,2014-11-07T00:46:28.533Z,"8 km N of Rioja, Peru",earthquake,,5.3,,18.0,reviewed,us,us
1990-06-03T03:50:34.710Z,-7.424,106.688,33.0,4.7,mb,,,,1.2,us,usp0004a30,2014-11-07T00:46:28.577Z,"50 km SSE of Pelabuhanratu, Indonesia",earthquake,,,,8.0,reviewed,us,us
1990-06-03T07:57:28.030Z,-6.041,-77.095,37.8,4.7,mb,,,,0.9,us,usp0004a33,2014-11-07T00:46:28.631Z,"8 km ENE of Rioja, Peru",earthquake,,5.6,,11.0,reviewed,us,us
1990-06-03T11:39:11.980Z,44.636,17.577,10.0,4.6,mb,,,,1.3,us,usp0004a38,2014-11-07T00:46:28.659Z,"8 km NNE of Maslovare, Bosnia and Herzegovina",earthquake,,,,11.0,reviewed,us,us
1990-06-03T12:49:43.960Z,2.193,32.336,10.0,4.7,mb,,,,1.4,us,usp0004a3b,2014-11-07T00:46:28.712Z,"32 km NW of Apac, Uganda",earthquake,,,,11.0,reviewed,us,us
1990-06-03T14:56:49.630Z,-42.474,-82.642,10.0,5.0,mb,,,,1.3,us,usp0004a3h,2014-11-07T00:46:28.737Z,West Chile Rise,earthquake,,,,5.0,reviewed,us,us
1990-06-03T16:23:39.140Z,5.442,32.121,10.0,5.1,mb,,,,1.4,us,usp0004a3m,2022-04-28T19:45:45.243Z,"88 km NE of Juba, South Sudan",earthquake,,,,27.0,reviewed,us,us
1990-06-03T20:41:52.280Z,4.62,31.863,10.0,4.6,mb,,,,0.8,us,usp0004a3u,2020-08-28T23:50:49.070Z,"40 km SE of Juba, South Sudan",earthquake,,,,4.0,reviewed,us,us
1990-06-04T00:24:32.380Z,-22.217,-179.466,590.3,5.0,mb,,,,0.9,us,usp0004a3z,2014-11-07T00:46:28.943Z,south of the Fiji Islands,earthquake,,7.0,,10.0,reviewed,us,us
1990-06-04T04:45:44.180Z,-24.14,-179.98,544.3,4.8,mb,,,,1.0,us,usp0004a43,2014-11-07T00:46:28.985Z,south of the Fiji Islands,earthquake,,25.8,,4.0,reviewed,us,us
1990-06-04T05:29:51.010Z,-4.608,138.676,33.0,4.8,mb,,,,1.1,us,usp0004a46,2014-11-07T00:46:28.997Z,"Papua, Indonesia",earthquake,,,,2.0,reviewed,us,us
1990-06-04T09:26:36.580Z,-14.41,167.8,49.7,5.1,mw,,,,1.1,us,usp0004a4b,2022-04-28T19:45:50.686Z,"64 km SSE of Sola, Vanuatu",earthquake,,10.4,,,reviewed,us,hrv
1990-06-04T09:44:37.950Z,-14.351,167.742,26.5,5.1,mb,,,,1.0,us,usp0004a4c,2020-08-28T23:50:59.716Z,"56 km SSE of Sola, Vanuatu",earthquake,,,,18.0,reviewed,us,us
1990-06-04T10:33:37.880Z,-11.063,162.867,69.4,5.2,mw,,,,0.8,us,usp0004a4g,2025-12-19T21:01:23.540Z,"123 km ESE of Kirakira, Solomon Islands",earthquake,,9.9,,,reviewed,us,hrv
1990-06-04T21:16:41.090Z,-14.45,167.862,33.0,4.5,mb,,,,1.1,us,usp0004a4v,2014-11-07T00:46:29.219Z,"71 km SSE of Sola, Vanuatu",earthquake,,,,8.0,reviewed,us,us
1990-06-04T23:00:09.840Z,-6.257,-77.239,10.0,4.7,mb,,,,1.4,us,usp0004a4x,2014-11-07T00:46:29.251Z,"13 km SSE of Vista Alegre, Peru",earthquake,,,,3.0,reviewed,us,us
1990-06-05T04:50:52.190Z,-17.759,-178.59,571.4,4.6,mb,,,,1.0,us,usp0004a56,2014-11-07T00:46:29.283Z,"224 km E of Levuka, Fiji",earthquake,,8.3,,4.0,reviewed,us,us
1990-06-05T06:48:42.110Z,53.203,160.595,33.0,4.5,mb,,,,1.3,us,usp0004a59,2014-11-07T00:46:29.295Z,"131 km E of Petropavlovsk-Kamchatsky, Russia",earthquake,,,,5.0,reviewed,us,us
1990-06-05T11:32:47.750Z,-14.44,167.77,53.8,4.7,mb,,,,1.1,us,usp0004a5g,2014-11-07T00:46:29.322Z,"66 km SSE of Sola, Vanuatu",earthquake,,14.9,,10.0,reviewed,us,us
1990-06-05T13:42:51.200Z,35.412,139.045,121.5,5.3,mw,,,,0.9,us,usp0004a5r,2025-12-19T21:01:24.505Z,"13 km NE of Gotenba, Japan",earthquake,,,,,reviewed,us,hrv
1990-06-05T23:25:57.900Z,-4.651,103.222,68.8,4.6,mb,,,,0.8,us,usp0004a62,2014-11-07T00:46:29.550Z,"69 km S of Pagar Alam, Indonesia",earthquake,,15.0,,7.0,reviewed,us,us
1990-06-06T02:01:08.240Z,-6.131,-77.213,25.3,5.3,mw,,,,0.8,us,usp0004a66,2022-04-28T19:45:55.807Z,"9 km SSW of Rioja, Peru",earthquake,,,,,reviewed,us,hrv
1990-06-06T04:10:30.730Z,-27.051,-71.661,97.0,4.6,mb,,,,0.9,us,usp0004a68,2014-11-07T00:46:29.614Z,"136 km WNW of Copiapó, Chile",earthquake,,18.8,,2.0,reviewed,us,us
1990-06-06T18:34:29.480Z,53.672,-163.846,33.0,4.5,mb,,,,1.1,us,usp0004a6v,2014-11-07T00:46:29.707Z,"134 km SSW of False Pass, Alaska",earthquake,,,,2.0,reviewed,us,us
1990-06-06T23:47:42.540Z,-9.503,119.746,33.8,5.0,mb,,,,1.3,us,usp0004a70,2014-11-07T00:46:29.729Z,"59 km WNW of Waingapu, Indonesia",earthquake,,,,12.0,reviewed,us,us
1990-06-07T06:01:10.060Z,8.255,-103.003,43.0,5.0,ms,,,,1.3,us,usp0004a77,2014-11-07T00:46:29.764Z,northern East Pacific Rise,earthquake,,,,1.0,reviewed,us,us
1990-06-07T07:14:42.400Z,-20.117,66.555,10.0,5.4,mw,,,,1.4,us,usp0004a7a,2025-12-19T21:01:25.241Z,Mauritius - Reunion region,earthquake,,,,,reviewed,us,hrv
1990-06-07T09:25:19.190Z,-3.563,144.432,29.3,6.5,mw,,,,1.2,us,usp0004a7d,2022-04-28T19:45:56.707Z,"68 km NE of Angoram, Papua New Guinea",earthquake,,,,,reviewed,us,hrv
1990-06-07T10:27:55.860Z,51.368,-176.798,33.0,4.8,mb,,,,1.3,us,usp0004a7g,2014-11-07T00:46:30.036Z,"57 km SSW of Adak, Alaska",earthquake,,,,2.0,reviewed,us,us
1990-06-07T11:18:53.390Z,60.1858,-152.3182,80.0,4.7,mb,,,,0.33,ak,ak99079hkkor,2020-09-14T18:32:58.801Z,"39 km WNW of Ninilchik, Alaska",earthquake,,3.0,,,reviewed,ak,ak
1990-06-07T13:24:39.380Z,-16.125,-176.885,33.0,5.6,mw,,,,1.2,us,usp0004a7p,2022-04-28T19:45:57.722Z,"240 km SSE of Alo, Wallis and Futuna",earthquake,,,,,reviewed,us,hrv
1990-06-07T13:53:45.000Z,44.143,148.275,33.0,4.8,mb,,,,1.4,us,usp0004a7q,2014-11-07T00:46:30.095Z,"124 km SSE of Kuril’sk, Russia",earthquake,,,,8.0,reviewed,us,us
1990-06-07T15:30:13.170Z,10.99,-62.992,17.9,4.8,mb,,,,1.1,us,usp0004a7s,2014-11-07T00:46:30.108Z,"45 km NE of Carúpano, Venezuela",earthquake,,,,11.0,reviewed,us,us
1990-06-07T16:19:56.970Z,53.347,-163.587,33.0,4.5,mb,,,,1.1,us,usp0004a7u,2014-11-07T00:46:30.123Z,"168 km S of False Pass, Alaska",earthquake,,,,2.0,reviewed,us,us
1990-06-07T19:31:30.860Z,32.358,141.487,43.5,5.0,mb,,,,1.0,us,usp0004a81,2014-11-07T00:46:30.143Z,"Izu Islands, Japan region",earthquake,,,,19.0,reviewed,us,us
1990-06-07T22:18:24.330Z,17.609,40.466,10.0,4.5,mb,,,,1.0,us,usp0004a86,2014-11-07T00:46:30.169Z,"189 km W of Ad Darb, Saudi Arabia",earthquake,,,,2.0,reviewed,us,us
1990-06-07T23:40:25.310Z,-1.211,-24.419,10.0,5.6,mw,,,,1.1,us,usp0004a8b,2022-04-28T19:46:08.312Z,central Mid-Atlantic Ridge,earthquake,,,,,reviewed,us,hrv
1990-06-08T00:24:19.720Z,-9.06,124.026,33.0,4.5,mb,,,,1.3,us,usp0004a8e,2014-11-07T00:46:30.202Z,"42 km WNW of Pante Makasar, Timor Leste",earthquake,,,,4.0,reviewed,us,us
1990-06-08T00:31:50.000Z,9.855,-84.327,10.0,4.7,mb,,,,1.3,us,usp0004a8f,2020-08-28T23:51:33.590Z,"1 km NW of Santiago, Costa Rica",earthquake,,,,33.0,reviewed,us,us
1990-06-08T02:22:56.770Z,23.813,123.63,33.0,4.5,mb,,,,1.4,us,usp0004a8j,2014-11-07T00:46:30.229Z,"79 km SW of Ishigaki, Japan",earthquake,,,,10.0,reviewed,us,us
1990-06-08T03:17:02.070Z,17.529,40.972,10.0,4.5,mb,,,,1.4,us,usp0004a8k,2014-11-07T00:46:30.234Z,"137 km W of Ad Darb, Saudi Arabia",earthquake,,,,6.0,reviewed,us,us
1990-06-08T03:42:01.910Z,-27.962,-66.578,179.0,4.6,mb,,,,1.4,us,usp0004a8m,2014-11-07T00:46:30.239Z,"49 km SSW of Andalgalá, Argentina",earthquake,,,,14.0,reviewed,us,us
1990-06-08T08:16:51.240Z,-33.184,-73.273,10.0,4.6,mb,,,,0.9,us,usp0004a8u,2014-11-07T00:46:30.270Z,"154 km W of Valparaíso, Chile",earthquake,,,,2.0,reviewed,us,us
1990-06-08T09:15:48.970Z,-6.106,148.513,87.7,4.7,mb,,,,1.1,us,usp0004a8x,2014-11-07T00:46:30.281Z,"89 km NE of Finschhafen, Papua New Guinea",earthquake,,16.7,,2.0,reviewed,us,us
1990-06-08T09:59:22.240Z,55.354,-156.355,33.0,4.8,mb,,,,1.1,us,usp0004a8y,2014-11-07T00:46:30.284Z,"165 km SE of Chignik, Alaska",earthquake,,,,28.0,reviewed,us,us
1990-06-08T13:49:22.930Z,-17.573,-71.824,26.8,5.7,mw,,,,1.1,us,usp0004a97,2022-04-28T19:46:09.648Z,"44 km S of Punta de Bombón, Peru",earthquake,,,,,reviewed,us,hrv
1990-06-08T15:05:09.520Z,-18.874,-178.789,499.2,6.5,mw,,,,1.1,us,usp0004a9a,2022-04-28T19:46:10.458Z,"219 km ESE of Levuka, Fiji",earthquake,,,,,reviewed,us,hrv
1990-06-08T16:27:24.190Z,-5.426,152.304,49.1,4.9,mb,,,,0.7,us,usp0004a9c,2014-11-07T00:46:30.424Z,"119 km S of Kokopo, Papua New Guinea",earthquake,,7.5,,6.0,reviewed,us,us
1990-06-08T16:43:19.300Z,52.347,-169.457,33.0,5.1,mb,,,,1.1,us,usp0004a9d,2014-11-07T00:46:30.429Z,"77 km SSW of Nikolski, Alaska",earthquake,,,,63.0,reviewed,us,us
1990-06-08T20:35:36.690Z,-5.54,152.474,33.0,4.7,mb,,,,0.5,us,usp0004a9g,2014-11-07T00:46:30.467Z,"134 km S of Kokopo, Papua New Guinea",earthquake,,,,2.0,reviewed,us,us
1990-06-08T21:30:45.170Z,-6.128,-77.121,43.5,5.0,mb,,,,1.1,us,usp0004a9m,2021-10-20T17:48:53.522Z,"2 km WNW of Soritor, Peru",earthquake,,8.0,,6.0,reviewed,us,us
1990-06-08T21:37:38.450Z,-9.103,120.264,33.0,5.5,mw,,,,1.1,us,usp0004a9n,2022-04-28T19:46:17.077Z,"58 km SSW of Ruteng, Indonesia",earthquake,,,,,reviewed,us,hrv
1990-06-09T00:34:50.020Z,9.934,-84.155,25.0,4.7,mb,,,,1.2,us,usp0004a9u,2014-11-07T00:46:30.522Z,"2 km WNW of San Rafael, Costa Rica",earthquake,,8.9,,25.0,reviewed,us,us
1990-06-09T01:14:34.570Z,-6.062,-77.136,25.6,5.5,mw,,,,1.0,us,usp0004a9w,2022-04-28T19:46:18.645Z,"3 km E of Rioja, Peru",earthquake,,,,,reviewed,us,hrv
1990-06-09T08:06:03.390Z,5.445,32.022,10.0,4.7,mb,,,,1.3,us,usp0004aa8,2020-08-28T23:52:06.984Z,"81 km NE of Juba, South Sudan",earthquake,,,,15.0,reviewed,us,us
1990-06-09T08:41:04.330Z,1.854,98.956,20.8,4.5,mb,,,,1.1,us,usp0004aaa,2014-11-07T00:46:30.610Z,"23 km ENE of Sibolga, Indonesia",earthquake,,,,3.0,reviewed,us,us
1990-06-09T08:47:29.780Z,45.768,151.613,47.2,4.8,mb,,,,0.6,us,usp0004aab,2014-11-07T00:46:30.612Z,"298 km E of Kuril’sk, Russia",earthquake,,,,21.0,reviewed,us,us
1990-06-09T14:48:35.910Z,-15.374,167.49,125.3,4.5,mb,,,,1.0,us,usp0004aam,2014-11-07T00:46:30.649Z,"38 km ENE of Luganville, Vanuatu",earthquake,,10.4,,5.0,reviewed,us,us
1990-06-09T15:06:45.060Z,40.104,-29.641,10.0,4.8,mb,,,,1.2,us,usp0004aan,2014-11-07T00:46:30.655Z,"146 km ENE of Santa Cruz das Flores, Portugal",earthquake,,,,43.0,reviewed,us,us
1990-06-09T15:20:04.970Z,43.876,148.142,107.6,4.9,mb,,,,0.8,us,usp0004aaq,2014-11-07T00:46:30.669Z,"114 km E of Shikotan, Russia",earthquake,,,,51.0,reviewed,us,us
1990-06-09T17:24:52.300Z,40.121,-29.7,10.0,5.0,ms,,,,1.2,us,usp0004aat,2014-11-07T00:46:30.683Z,"142 km ENE of Santa Cruz das Flores, Portugal",earthquake,,,,16.0,reviewed,us,us
1990-06-09T18:24:34.250Z,75.092,113.096,33.0,5.1,ms,,,,0.6,us,usp0004aav,2014-11-07T00:46:30.698Z,"near the coast of central Siberia, Russia",earthquake,,,,1.0,reviewed,us,us
1990-06-09T20:08:30.920Z,44.467,148.305,33.0,4.7,mb,,,,0.8,us,usp0004aax,2014-11-07T00:46:30.706Z,"90 km SSE of Kuril’sk, Russia",earthquake,,,,20.0,reviewed,us,us
1990-06-09T21:38:21.170Z,1.253,123.422,34.3,5.6,mw,,,,1.3,us,usp0004ab0,2024-01-17T20:45:15.236Z,"88 km NNE of Gorontalo, Indonesia",earthquake,,,,,reviewed,us,hrv
1990-06-10T02:09:00.430Z,57.071,158.082,33.0,4.7,mb,,,,1.4,us,usp0004ab4,2014-11-07T00:46:30.736Z,"Kamchatka Peninsula, Russia",earthquake,,,,21.0,reviewed,us,us
1990-06-10T03:17:44.520Z,-24.191,-66.912,158.3,4.7,mb,,,,1.0,us,usp0004ab6,2014-11-07T00:46:30.743Z,"Salta, Argentina",earthquake,,6.3,,13.0,reviewed,us,us
1990-06-10T04:43:46.880Z,-5.507,150.882,90.1,4.7,mb,,,,0.9,us,usp0004ab9,2014-11-07T00:46:30.755Z,"82 km E of Kimbe, Papua New Guinea",earthquake,,23.0,,7.0,reviewed,us,us
1990-06-10T04:57:52.790Z,-5.957,150.544,118.1,4.6,mb,,,,0.6,us,usp0004abb,2014-11-07T00:46:30.759Z,"63 km SE of Kimbe, Papua New Guinea",earthquake,,23.1,,1.0,reviewed,us,us
1990-06-10T05:00:54.600Z,62.361,-124.292,10.0,5.1,mb,,,,,us,usp0004abc,2022-04-28T19:46:25.275Z,"Northwest Territories, Canada",earthquake,,,,50.0,reviewed,pgc,us
1990-06-10T05:41:38.720Z,-56.787,-24.581,33.0,5.0,mb,,,,1.6,us,usp0004abd,2014-11-07T00:46:30.776Z,South Sandwich Islands region,earthquake,,,,4.0,reviewed,us,us
1990-06-10T06:39:15.090Z,-18.105,-71.873,10.0,4.8,mb,,,,1.1,us,usp0004abe,2014-11-07T00:46:30.779Z,"75 km SW of Pacocha, Peru",earthquake,,,,2.0,reviewed,us,us
1990-06-10T10:42:38.710Z,5.88,127.235,71.0,4.6,mb,,,,1.0,us,usp0004abj,2014-11-07T00:46:30.785Z,"128 km ESE of Pondaguitan, Philippines",earthquake,,12.6,,8.0,reviewed,us,us
1990-06-10T10:53:28.660Z,5.844,127.259,73.9,4.5,mb,,,,1.1,us,usp0004abk,2014-11-07T00:46:30.788Z,"132 km ESE of Pondaguitan, Philippines",earthquake,,14.5,,9.0,reviewed,us,us
1990-06-10T11:25:40.060Z,-18.166,-69.594,132.4,4.9,mb,,,,1.0,us,usp0004abm,2014-11-07T00:46:30.792Z,"58 km SE of Palca, Peru",earthquake,,10.1,,2.0,reviewed,us,us
1990-06-10T15:11:52.690Z,0.008,123.322,172.3,4.7,mb,,,,0.9,us,usp0004abu,2014-11-07T00:46:30.813Z,"65 km SSE of Gorontalo, Indonesia",earthquake,,9.3,,6.0,reviewed,us,us
1990-06-10T15:58:50.300Z,43.65,148.545,47.6,4.8,mb,,,,0.8,us,usp0004abx,2014-11-07T00:46:30.818Z,"147 km E of Shikotan, Russia",earthquake,,,,33.0,reviewed,us,us
1990-06-10T16:18:02.710Z,53.044,170.995,33.0,4.9,mb,,,,0.7,us,usp0004aby,2014-11-07T00:46:30.824Z,"148 km W of Attu Station, Alaska",earthquake,,,,4.0,reviewed,us,us
1990-06-10T19:36:10.650Z,52.818,-131.935,10.0,4.6,mb,,,,1.4,us,usp0004ac1,2014-11-07T00:46:30.830Z,"197 km SSW of Prince Rupert, Canada",earthquake,,,,24.0,reviewed,us,us
1990-06-10T20:11:35.150Z,-32.073,-71.637,64.6,4.7,mb,,,,0.7,us,usp0004ac4,2014-11-07T00:46:30.852Z,"56 km NW of La Ligua, Chile",earthquake,,13.9,,1.0,reviewed,us,us
1990-06-11T00:01:54.400Z,-7.236,-118.896,33.0,5.0,mw,,,,1.1,us,usp0004ac7,2016-11-09T22:44:08.724Z,east central Pacific Ocean,earthquake,,,,,reviewed,us,hrv
1990-06-11T00:49:09.490Z,32.334,48.722,15.6,4.6,mb,,,,1.0,us,usp0004ac8,2014-11-07T00:46:30.869Z,"23 km E of Shahrak-e K?l?r?, Iran",earthquake,,,,31.0,reviewed,us,us
1990-06-11T02:42:52.330Z,-10.468,124.467,92.5,4.6,mb,,,,1.3,us,usp0004acd,2014-11-07T00:46:30.883Z,"70 km SSE of Soe, Indonesia",earthquake,,38.2,,1.0,reviewed,us,us
1990-06-11T04:52:52.050Z,27.394,-111.26,10.0,4.8,mb,,,,1.3,us,usp0004ach,2014-11-07T00:46:30.889Z,"65 km SSW of San Carlos, Mexico",earthquake,,,,19.0,reviewed,us,us
1990-06-11T05:43:03.370Z,-7.398,-118.795,33.0,5.2,mw,,,,1.1,us,usp0004ack,2025-12-19T21:01:26.067Z,east central Pacific Ocean,earthquake,,,,,reviewed,us,hrv
1990-06-11T08:28:10.860Z,57.182,158.03,64.6,4.9,mb,,,,1.3,us,usp0004acs,2014-11-07T00:46:30.918Z,"75 km SSW of Tigil’, Russia",earthquake,,,,40.0,reviewed,us,us
1990-06-11T17:49:42.090Z,-6.777,106.42,106.0,4.8,mb,,,,1.2,us,usp0004acy,2014-11-07T00:46:30.935Z,"27 km NNW of Pelabuhanratu, Indonesia",earthquake,,18.3,,4.0,reviewed,us,us
1990-06-11T23:10:29.020Z,-2.998,130.457,23.5,4.7,mb,,,,1.1,us,usp0004adc,2014-11-07T00:46:30.965Z,"174 km ENE of Amahai, Indonesia",earthquake,,,,3.0,reviewed,us,us
1990-06-12T07:17:15.010Z,-9.768,159.752,36.5,4.8,mb,,,,0.8,us,usp0004adq,2014-11-07T00:46:30.988Z,"8 km SSE of Malango, Solomon Islands",earthquake,,10.2,,5.0,reviewed,us,us
1990-06-12T08:00:12.040Z,-2.898,130.315,33.0,5.0,mb,,,,0.9,us,usp0004ads,2014-11-07T00:46:30.992Z,"162 km ENE of Amahai, Indonesia",earthquake,,,,13.0,reviewed,us,us
1990-06-12T09:58:25.910Z,-33.236,-178.513,61.1,5.0,mb,,,,1.5,us,usp0004adv,2014-11-07T00:46:31.022Z,south of the Kermadec Islands,earthquake,,21.3,,1.0,reviewed,us,us
1990-06-12T11:43:04.290Z,36.175,99.911,32.2,4.5,mb,,,,1.4,us,usp0004ae1,2014-11-07T00:46:31.034Z,"173 km WSW of Xining, China",earthquake,,7.7,,11.0,reviewed,us,us
1990-06-12T14:11:53.820Z,11.589,-87.004,33.5,4.7,mb,,,,1.2,us,usp0004ae8,2014-11-07T00:46:31.054Z,"57 km WSW of Masachapa, Nicaragua",earthquake,,,,10.0,reviewed,us,us
1990-06-12T15:05:24.170Z,-33.553,-178.915,100.7,4.9,mb,,,,1.5,us,usp0004ae9,2014-11-07T00:46:31.058Z,south of the Kermadec Islands,earthquake,,31.6,,1.0,reviewed,us,us
1990-06-12T15:43:43.030Z,-33.577,-179.126,112.3,4.9,mb,,,,1.5,us,usp0004aea,2014-11-07T00:46:31.060Z,south of the Kermadec Islands,earthquake,,31.0,,1.0,reviewed,us,us
1990-06-12T18:45:23.980Z,-6.188,147.813,59.4,4.9,mb,,,,1.3,us,usp0004aee,2014-11-07T00:46:31.067Z,"41 km N of Finschhafen, Papua New Guinea",earthquake,,11.4,,7.0,reviewed,us,us
1990-06-12T19:07:47.070Z,-60.794,-54.026,10.0,5.0,mb,,,,1.6,us,usp0004aeg,2014-11-07T00:46:31.081Z,South Shetland Islands,earthquake,,,,4.0,reviewed,us,us
1990-06-12T19:56:59.260Z,-6.575,130.234,140.1,4.8,mb,,,,1.0,us,usp0004aeh,2014-11-07T00:46:31.083Z,"297 km WSW of Tual, Indonesia",earthquake,,10.0,,12.0,reviewed,us,us
1990-06-13T02:44:08.030Z,9.457,138.202,20.6,5.6,mw,,,,0.9,us,usp0004aev,2022-04-28T19:46:26.494Z,"10 km SE of Colonia, Micronesia",earthquake,,,,,reviewed,us,hrv
1990-06-13T16:00:00.010Z,37.262,-116.42,0.0,5.7,mb,,,,,us,usp0004af6,2016-04-02T02:32:53.068Z,"49 km NE of Beatty, Nevada",nuclear explosion,,,,85.0,reviewed,doe,us
1990-06-13T16:32:57.380Z,40.002,106.232,10.0,4.5,mb,,,,1.3,us,usp0004af7,2014-11-07T00:46:31.191Z,"61 km NW of Wuhai, China",earthquake,,,,4.0,reviewed,us,us
1990-06-13T16:41:53.600Z,6.371,126.396,77.2,5.8,mw,,,,1.0,us,usp0004af8,2022-04-28T19:46:31.626Z,"24 km E of Pondaguitan, Philippines",earthquake,,,,,reviewed,us,hrv
1990-06-13T17:33:23.960Z,6.295,126.349,33.0,4.8,mb,,,,1.0,us,usp0004afd,2014-11-07T00:46:31.226Z,"20 km ESE of Pondaguitan, Philippines",earthquake,,,,6.0,reviewed,us,us
1990-06-13T20:41:59.860Z,19.656,144.544,497.3,4.5,mb,,,,0.8,us,usp0004afp,2014-11-07T00:46:31.249Z,"Maug Islands region, Northern Mariana Islands",earthquake,,7.6,,14.0,reviewed,us,us
1990-06-13T23:00:43.790Z,5.754,124.528,74.0,5.1,mb,,,,1.4,us,usp0004aft,2014-11-07T00:46:31.261Z,"27 km SW of Tambilil, Philippines",earthquake,,14.4,,8.0,reviewed,us,us
1990-06-13T23:48:54.090Z,24.702,122.639,14.2,4.8,mb,,,,1.2,us,usp0004afw,2014-11-07T00:46:31.273Z,"44 km NW of Yonakuni, Japan",earthquake,,8.7,,2.0,reviewed,us,us
1990-06-14T03:55:24.210Z,56.5487,-155.0452,29.1,5.0,mb,,,,0.34,ak,ak9907kxsejp,2020-09-14T18:32:44.138Z,"69 km SW of Akhiok, Alaska",earthquake,,38.2,,,reviewed,ak,ak
1990-06-14T06:28:34.930Z,18.211,147.197,23.5,5.3,mw,,,,1.1,us,usp0004ag3,2025-12-19T21:01:27.059Z,Mariana Islands region,earthquake,,,,,reviewed,us,hrv
1990-06-14T07:20:52.440Z,37.11,72.861,57.3,4.8,mb,,,,1.1,us,usp0004ag5,2014-11-07T00:46:31.414Z,"51 km ENE of Khand?d, Afghanistan",earthquake,,12.6,,19.0,reviewed,us,us
1990-06-14T07:40:56.210Z,11.76,121.899,18.1,7.1,mw,,,,1.2,us,usp0004ag6,2022-04-28T17:25:09.249Z,"0 km ESE of Union, Philippines",earthquake,,,,,reviewed,us,hrv
1990-06-14T08:31:10.010Z,11.603,121.808,17.8,5.6,ms,,,,1.1,us,usp0004aga,2020-08-28T23:53:15.286Z,"19 km SSW of Union, Philippines",earthquake,,,,1.0,reviewed,us,us
1990-06-14T08:48:46.550Z,51.744,-176.354,66.3,4.5,mb,,,,1.1,us,usp0004agc,2014-11-07T00:46:31.694Z,"24 km SE of Adak, Alaska",earthquake,,8.2,,10.0,reviewed,us,us
1990-06-14T09:21:39.360Z,11.662,121.474,26.1,4.7,mb,,,,1.1,us,usp0004age,2014-11-07T00:46:31.699Z,"22 km S of Jarigue, Philippines",earthquake,,9.2,,6.0,reviewed,us,us
1990-06-14T10:34:38.790Z,11.571,122.47,33.0,4.8,mb,,,,0.9,us,usp0004agh,2014-11-07T00:46:31.705Z,"3 km WSW of Ambulong, Philippines",earthquake,,,,2.0,reviewed,us,us
1990-06-14T11:49:01.350Z,11.49,122.281,16.9,5.0,mb,,,,1.4,us,usp0004agk,2014-11-07T00:46:31.709Z,"2 km WNW of Libacao, Philippines",earthquake,,,,16.0,reviewed,us,us
1990-06-14T12:47:28.820Z,47.869,85.076,57.9,6.6,mw,,,,1.0,us,usp0004agn,2022-04-28T19:46:32.907Z,"47 km NNE of Zaysan, Kazakhstan",earthquake,,,,,reviewed,us,hrv
1990-06-14T14:02:02.140Z,-7.004,125.074,567.0,5.0,mb,,,,0.9,us,usp0004agr,2014-11-07T00:46:31.822Z,"177 km N of Likisá, Timor Leste",earthquake,,9.6,,5.0,reviewed,us,us
1990-06-14T14:18:10.620Z,47.892,85.05,37.1,5.2,mb,,,,1.0,us,usp0004ags,2022-04-28T19:46:38.242Z,"49 km NNE of Zaysan, Kazakhstan",earthquake,,,,74.0,reviewed,us,us
1990-06-14T14:46:51.860Z,11.161,122.111,33.0,4.8,mb,,,,1.3,us,usp0004agu,2014-11-07T00:46:31.859Z,"10 km NE of Guisijan, Philippines",earthquake,,,,8.0,reviewed,us,us
1990-06-14T15:28:21.410Z,24.976,94.019,60.7,4.5,mb,,,,1.1,us,usp0004agw,2014-11-07T00:46:31.863Z,"20 km NNE of Imph?l, India",earthquake,,,,11.0,reviewed,us,us
1990-06-14T19:01:30.420Z,29.882,138.761,444.8,4.6,mb,,,,1.0,us,usp0004agz,2014-11-07T00:46:31.869Z,"Izu Islands, Japan region",earthquake,,13.5,,17.0,reviewed,us,us
1990-06-14T19:31:59.310Z,-24.403,-179.974,498.9,4.9,mb,,,,0.9,us,usp0004ah0,2014-11-07T00:46:31.873Z,south of the Fiji Islands,earthquake,,16.5,,13.0,reviewed,us,us
1990-06-14T20:22:17.480Z,6.342,126.338,95.0,5.0,mb,,,,1.2,us,usp0004ah2,2014-11-07T00:46:31.881Z,"17 km E of Pondaguitan, Philippines",earthquake,,9.8,,12.0,reviewed,us,us
1990-06-14T21:56:48.190Z,11.312,122.252,22.9,5.5,mw,,,,1.3,us,usp0004ah4,2022-04-28T19:46:45.050Z,"8 km SSW of Manika, Philippines",earthquake,,,,,reviewed,us,hrv
1990-06-14T22:25:26.030Z,-5.87,153.302,49.5,5.0,mb,,,,1.1,us,usp0004ah7,2014-11-07T00:46:31.917Z,"204 km SE of Kokopo, Papua New Guinea",earthquake,,,,6.0,reviewed,us,us
1990-06-14T23:04:33.140Z,-30.15,-69.409,117.0,4.9,mb,,,,1.2,us,usp0004aha,2014-11-07T00:46:31.924Z,"64 km W of San José de Jáchal, Argentina",earthquake,,6.0,,1.0,reviewed,us,us
1990-06-15T00:30:51.400Z,-23.297,178.955,563.4,4.8,mb,,,,1.1,us,usp0004ahd,2014-11-07T00:46:31.934Z,south of the Fiji Islands,earthquake,,9.4,,11.0,reviewed,us,us
1990-06-15T06:31:27.570Z,11.568,121.791,33.0,4.8,mb,,,,1.2,us,usp0004ahr,2014-11-07T00:46:31.987Z,"24 km SSW of Union, Philippines",earthquake,,,,13.0,reviewed,us,us
1990-06-15T07:21:57.470Z,-6.168,-77.1,35.3,4.8,mb,,,,0.9,us,usp0004ahs,2014-11-07T00:46:31.992Z,"3 km S of Soritor, Peru",earthquake,,,,23.0,reviewed,us,us
1990-06-15T08:12:26.250Z,-5.041,152.082,60.1,6.0,mw,,,,0.9,us,usp0004aht,2022-04-28T19:46:56.579Z,"79 km SSW of Kokopo, Papua New Guinea",earthquake,,,,,reviewed,us,hrv
1990-06-15T13:05:07.530Z,35.685,140.271,67.4,4.5,mb,,,,0.8,us,usp0004aj4,2014-11-07T00:46:32.042Z,"3 km S of Shisui, Japan",earthquake,,11.6,,1.0,reviewed,us,us
1990-06-15T13:21:24.830Z,10.221,127.094,33.0,5.1,mb,,,,0.9,us,usp0004aj6,2014-11-07T00:46:32.046Z,"115 km ENE of Pilar, Philippines",earthquake,,,,6.0,reviewed,us,us
1990-06-15T15:04:50.930Z,-6.422,131.24,62.4,5.0,mb,,,,1.5,us,usp0004aj7,2014-11-07T00:46:32.049Z,"189 km WSW of Tual, Indonesia",earthquake,,13.5,,12.0,reviewed,us,us
1990-06-15T20:26:20.050Z,-6.785,142.994,33.0,4.8,mb,,,,1.2,us,usp0004ajf,2014-11-07T00:46:32.067Z,"101 km SW of Mendi, Papua New Guinea",earthquake,,,,6.0,reviewed,us,us
1990-06-16T01:34:11.220Z,-22.607,-176.72,139.4,5.6,mw,,,,1.1,us,usp0004ajm,2022-04-28T19:47:02.123Z,"223 km SW of Vaini, Tonga",earthquake,,,,,reviewed,us,hrv
1990-06-16T02:05:37.740Z,-38.365,-16.587,10.0,5.0,mb,,,,0.7,us,usp0004ajn,2014-11-07T00:46:32.089Z,southern Mid-Atlantic Ridge,earthquake,,,,13.0,reviewed,us,us
1990-06-16T02:16:21.120Z,39.258,20.528,31.7,5.6,mw,,,,1.3,us,usp0004ajp,2022-04-28T19:47:04.891Z,"6 km WNW of Kanaláki, Greece",earthquake,,,,,reviewed,us,hrv
1990-06-16T04:53:42.940Z,27.998,127.976,27.0,6.0,mw,,,,1.2,us,usp0004ajw,2022-04-28T19:47:10.750Z,"153 km N of Nago, Japan",earthquake,,5.1,,,reviewed,us,hrv
1990-06-16T08:47:02.010Z,-33.385,-178.51,33.0,4.9,ms,,,,1.3,us,usp0004ak3,2014-11-07T00:46:32.171Z,south of the Kermadec Islands,earthquake,,,,3.0,reviewed,us,us
1990-06-16T10:44:43.270Z,36.234,70.42,190.6,4.6,mb,,,,0.6,us,usp0004ak8,2014-11-07T00:46:32.181Z,"62 km SE of Farkh?r, Afghanistan",earthquake,,27.7,,6.0,reviewed,us,us
1990-06-16T11:09:30.480Z,-6.682,149.145,54.1,4.6,mb,,,,1.1,us,usp0004aka,2014-11-07T00:46:32.184Z,"New Britain region, Papua New Guinea",earthquake,,,,4.0,reviewed,us,us
1990-06-16T14:00:30.070Z,-7.477,128.809,145.2,5.2,mb,,,,1.3,us,usp0004akg,2014-11-07T00:46:32.213Z,"230 km ENE of Lospalos, Timor Leste",earthquake,,29.0,,2.0,reviewed,us,us
1990-06-16T19:27:12.370Z,24.555,141.671,122.8,4.7,mb,,,,1.0,us,usp0004akq,2014-11-07T00:46:32.222Z,"Volcano Islands, Japan region",earthquake,,,,8.0,reviewed,us,us
1990-06-16T19:47:26.750Z,12.077,125.177,33.0,4.9,mb,,,,1.0,us,usp0004akr,2014-11-07T00:46:32.225Z,"10 km SW of Maslog, Philippines",earthquake,,,,7.0,reviewed,us,us
1990-06-16T20:08:50.390Z,26.706,-44.611,10.0,4.5,mb,,,,0.6,us,usp0004akt,2014-11-07T00:46:32.229Z,northern Mid-Atlantic Ridge,earthquake,,,,11.0,reviewed,us,us
1990-06-16T22:52:37.160Z,35.872,70.705,109.0,4.6,mb,,,,1.4,us,usp0004akz,2014-11-07T00:46:32.244Z,"53 km NNW of P?r?n, Afghanistan",earthquake,,56.4,,7.0,reviewed,us,us
1990-06-17T04:23:57.170Z,13.129,-88.769,74.5,4.7,mb,,,,1.0,us,usp0004ama,2014-11-07T00:46:32.261Z,"28 km SW of Jiquilisco, El Salvador",earthquake,,4.8,,4.0,reviewed,us,us
1990-06-17T04:51:45.510Z,27.398,65.719,14.5,6.1,mw,,,,1.2,us,usp0004amb,2022-04-28T19:47:12.428Z,"99 km WSW of Khuzdar, Pakistan",earthquake,,,,,reviewed,us,nc
1990-06-17T16:46:04.210Z,-38.477,-16.454,10.0,5.3,mb,,,,0.9,us,usp0004an4,2014-11-07T00:46:32.366Z,southern Mid-Atlantic Ridge,earthquake,,,,29.0,reviewed,us,us
1990-06-17T17:17:43.160Z,27.302,65.548,15.3,5.6,mw,,,,1.2,us,usp0004an6,2022-04-28T19:47:18.133Z,"119 km WSW of Khuzdar, Pakistan",earthquake,,,,,reviewed,us,hrv
1990-06-17T21:15:26.060Z,3.879,125.69,167.7,5.5,mw,,,,1.2,us,usp0004and,2022-04-28T19:47:19.345Z,"170 km S of Sarangani, Philippines",earthquake,,,,,reviewed,us,hrv
1990-06-18T01:36:04.050Z,-19.609,-175.083,99.7,4.8,mb,,,,1.4,us,usp0004anm,2014-11-07T00:46:32.423Z,"79 km WNW of Pangai, Tonga",earthquake,,,,5.0,reviewed,us,us
1990-06-18T01:44:39.270Z,-21.882,170.841,115.7,5.3,mw,,,,1.1,us,usp0004ann,2025-12-19T21:01:28.404Z,southeast of the Loyalty Islands,earthquake,,,,,reviewed,us,hrv
1990-06-18T04:05:39.720Z,11.163,121.962,33.0,4.8,mb,,,,1.4,us,usp0004anr,2014-11-07T00:46:32.440Z,"12 km NW of Guisijan, Philippines",earthquake,,,,4.0,reviewed,us,us
1990-06-18T04:25:25.770Z,4.479,125.76,207.2,5.3,mw,,,,1.3,us,usp0004ans,2025-12-19T21:01:29.332Z,"107 km SSE of Sarangani, Philippines",earthquake,,16.3,,,reviewed,us,hrv
1990-06-18T05:59:34.250Z,-16.746,-173.263,33.0,5.1,mb,,,,1.3,us,usp0004anu,2014-11-07T00:46:32.456Z,"104 km SSE of Hihifo, Tonga",earthquake,,,,2.0,reviewed,us,us
1990-06-18T10:12:04.630Z,4.943,31.994,10.0,4.5,mb,,,,1.6,us,usp0004anv,2020-08-28T23:54:45.030Z,"46 km ENE of Juba, South Sudan",earthquake,,,,8.0,reviewed,us,us
1990-06-18T11:42:32.390Z,24.887,122.508,22.6,4.8,mb,,,,1.4,us,usp0004anx,2014-11-07T00:46:32.461Z,"68 km NW of Yonakuni, Japan",earthquake,,,,11.0,reviewed,us,us
1990-06-18T16:52:55.260Z,-8.813,111.235,33.0,5.0,mb,,,,1.0,us,usp0004ap9,2014-11-07T00:46:32.483Z,"96 km SSW of Trenggalek, Indonesia",earthquake,,,,15.0,reviewed,us,us
1990-06-18T19:02:57.330Z,-21.825,-68.438,117.0,5.3,mw,,,,1.2,us,usp0004apd,2025-12-19T21:01:30.183Z,"86 km NE of Calama, Chile",earthquake,,,,,reviewed,us,hrv
1990-06-18T23:10:11.630Z,-6.909,128.154,33.0,4.7,mb,,,,1.0,us,usp0004apj,2014-11-07T00:46:32.543Z,"219 km NE of Lospalos, Timor Leste",earthquake,,,,3.0,reviewed,us,us
1990-06-19T08:45:05.470Z,-10.238,110.577,33.0,4.7,mb,,,,1.1,us,usp0004apv,2014-11-07T00:46:32.561Z,"254 km S of Pundong, Indonesia",earthquake,,,,3.0,reviewed,us,us
1990-06-19T09:15:58.540Z,-62.027,-55.719,10.0,5.1,mb,,,,1.2,us,usp0004apx,2014-11-07T00:46:32.565Z,southwestern Atlantic Ocean,earthquake,,,,3.0,reviewed,us,us
1990-06-19T10:34:43.680Z,-38.409,-16.45,10.0,5.0,mb,,,,1.2,us,usp0004apz,2014-11-07T00:46:32.570Z,southern Mid-Atlantic Ridge,earthquake,,,,14.0,reviewed,us,us
1990-06-19T11:30:25.340Z,-22.558,-177.795,303.7,4.6,mb,,,,1.0,us,usp0004aq2,2014-11-07T00:46:32.577Z,south of the Fiji Islands,earthquake,,10.7,,16.0,reviewed,us,us
1990-06-19T14:58:22.590Z,35.912,70.338,33.0,4.9,mb,,,,1.1,us,usp0004aq4,2014-11-07T00:46:32.585Z,"75 km NW of P?r?n, Afghanistan",earthquake,,,,33.0,reviewed,us,us
1990-06-19T17:20:09.070Z,45.943,83.185,33.0,4.6,mb,,,,0.7,us,usp0004aqc,2014-11-07T00:46:32.615Z,"94 km NE of Druzhba, Kazakhstan",earthquake,,,,12.0,reviewed,us,us
1990-06-19T18:11:23.220Z,19.74,-109.209,33.0,4.6,mb,,,,1.3,us,usp0004aqe,2014-11-07T00:46:32.619Z,Revilla Gigedo Islands region,earthquake,,,,11.0,reviewed,us,us
1990-06-19T19:07:48.450Z,-21.038,-178.855,612.2,5.6,mw,,,,0.9,us,usp0004aqf,2022-04-28T19:47:25.167Z,Fiji region,earthquake,,2.8,,,reviewed,us,hrv
1990-06-19T19:39:39.840Z,24.291,141.569,151.2,4.5,mb,,,,1.0,us,usp0004aqh,2014-11-07T00:46:32.648Z,"Volcano Islands, Japan region",earthquake,,24.8,,5.0,reviewed,us,us
1990-06-19T21:33:03.330Z,5.892,125.429,88.0,5.1,mb,,,,1.3,us,usp0004aqn,2014-11-07T00:46:32.655Z,"13 km ENE of Kiupo, Philippines",earthquake,,,,20.0,reviewed,us,us
1990-06-19T21:37:19.650Z,-4.098,154.098,365.5,4.5,mb,,,,0.6,us,usp0004aqp,2014-11-07T00:46:32.663Z,"204 km E of Kokopo, Papua New Guinea",earthquake,,9.8,,3.0,reviewed,us,us
1990-06-19T22:23:46.660Z,10.926,125.657,33.0,4.5,mb,,,,0.5,us,usp0004aqt,2014-11-07T00:46:32.674Z,"13 km SSW of Guiuan, Philippines",earthquake,,,,4.0,reviewed,us,us
1990-06-19T23:41:39.910Z,54.512,-161.937,33.0,5.0,ms,,,,0.9,us,usp0004aqu,2014-11-07T00:46:32.677Z,"65 km SSE of King Cove, Alaska",earthquake,,,,1.0,reviewed,us,us
1990-06-19T23:56:09.840Z,0.941,-26.53,10.0,5.2,mw,,,,1.2,us,usp0004aqv,2025-12-19T21:01:30.946Z,central Mid-Atlantic Ridge,earthquake,,,,,reviewed,us,hrv
1990-06-20T01:44:10.370Z,8.046,-38.767,10.0,4.6,mb,,,,1.1,us,usp0004aqx,2014-11-07T00:46:32.689Z,central Mid-Atlantic Ridge,earthquake,,,,6.0,reviewed,us,us
1990-06-20T08:30:26.080Z,-6.931,155.656,85.9,5.2,mw,,,,1.1,us,usp0004ar4,2025-12-19T21:01:31.817Z,"70 km SSE of Panguna, Papua New Guinea",earthquake,,9.4,,,reviewed,us,hrv
1990-06-20T15:17:27.960Z,-1.12,126.816,24.2,5.6,mb,,,,1.2,us,usp0004are,2022-04-28T19:47:28.693Z,"220 km SSW of Ternate, Indonesia",earthquake,,,,32.0,reviewed,us,us
1990-06-20T16:24:30.970Z,-37.967,-16.897,10.0,5.0,mb,,,,1.1,us,usp0004arg,2014-11-07T00:46:32.762Z,southern Mid-Atlantic Ridge,earthquake,,,,13.0,reviewed,us,us
1990-06-20T18:47:58.950Z,5.412,31.717,15.6,5.0,mb,,,,1.0,us,usp0004ark,2020-08-28T23:54:55.973Z,"63 km NNE of Juba, South Sudan",earthquake,,,,29.0,reviewed,us,us
1990-06-20T19:02:43.050Z,-17.956,169.239,33.0,4.9,mb,,,,1.0,us,usp0004arm,2014-11-07T00:46:32.777Z,"101 km ESE of Port-Vila, Vanuatu",earthquake,,,,2.0,reviewed,us,us
1990-06-20T21:00:09.980Z,36.957,49.409,18.5,7.4,mw,,,,1.2,us,usp0004arq,2022-04-28T19:47:30.083Z,"23 km N of P?deg?n-e Manj?l, Iran",earthquake,,,,,reviewed,us,hrv
1990-06-20T21:30:12.120Z,37.495,48.792,10.0,4.7,mb,,,,1.1,us,usp0004ars,2014-11-07T00:46:32.833Z,"26 km ESE of Khalkh?l, Iran",earthquake,,,,13.0,reviewed,us,us
1990-06-20T21:41:32.480Z,37.705,48.961,10.0,4.5,mb,,,,1.0,us,usp0004art,2014-11-07T00:46:32.837Z,"11 km SSE of Hashtpar, Iran",earthquake,,,,7.0,reviewed,us,us
1990-06-20T22:04:06.980Z,36.724,49.731,10.0,4.6,mb,,,,0.8,us,usp0004aru,2014-11-07T00:46:32.839Z,"28 km E of P?deg?n-e Manj?l, Iran",earthquake,,,,17.0,reviewed,us,us
1990-06-20T22:20:04.900Z,37.055,49.226,10.0,4.6,mb,,,,1.2,us,usp0004arv,2014-11-07T00:46:32.841Z,"20 km SSW of F?man, Iran",earthquake,,,,3.0,reviewed,us,us
1990-06-20T22:58:51.720Z,36.825,49.473,18.5,4.9,mb,,,,1.2,us,usp0004ary,2014-11-07T00:46:32.846Z,"10 km NNE of P?deg?n-e Manj?l, Iran",earthquake,,,,21.0,reviewed,us,us
1990-06-20T23:00:36.550Z,36.891,49.591,15.0,4.9,mb,,,,1.0,us,usp0004arz,2014-11-07T00:46:32.851Z,"22 km NE of P?deg?n-e Manj?l, Iran",earthquake,,,,21.0,reviewed,us,us
1990-06-20T23:27:43.810Z,36.99,50.314,10.0,4.7,mb,,,,1.0,us,usp0004as1,2014-11-07T00:46:32.855Z,"16 km S of R?dsar, Iran",earthquake,,,,9.0,reviewed,us,us
1990-06-20T23:33:24.980Z,37.1,49.736,10.0,4.5,mb,,,,1.5,us,usp0004as2,2014-11-07T00:46:32.858Z,"23 km SE of Rasht, Iran",earthquake,,,,10.0,reviewed,us,us
1990-06-20T23:48:44.840Z,36.641,49.83,15.6,5.1,ms,,,,1.2,us,usp0004as3,2014-11-07T00:46:32.860Z,"38 km ESE of P?deg?n-e Manj?l, Iran",earthquake,,,,1.0,reviewed,us,us
1990-06-21T00:22:33.470Z,37.326,49.415,10.0,4.6,mb,,,,0.8,us,usp0004as6,2014-11-07T00:46:32.869Z,"14 km NE of F?man, Iran",earthquake,,,,11.0,reviewed,us,us
1990-06-21T00:35:51.870Z,37.462,48.961,10.0,4.5,mb,,,,0.6,us,usp0004as7,2014-11-07T00:46:32.872Z,"25 km W of Ziabar (Gaskar), Iran",earthquake,,,,13.0,reviewed,us,us
1990-06-21T00:52:35.360Z,36.804,49.568,10.0,4.8,mb,,,,1.0,us,usp0004as8,2014-11-07T00:46:32.875Z,"15 km ENE of P?deg?n-e Manj?l, Iran",earthquake,,,,30.0,reviewed,us,us
1990-06-21T02:08:51.070Z,36.789,49.789,10.0,5.4,mb,,,,1.0,us,usp0004asc,2022-04-28T19:47:31.193Z,"33 km E of P?deg?n-e Manj?l, Iran",earthquake,,,,70.0,reviewed,us,us
1990-06-21T03:32:54.680Z,46.002,152.085,33.0,4.7,mb,,,,0.7,us,usp0004ask,2014-11-07T00:46:32.923Z,Kuril Islands,earthquake,,,,17.0,reviewed,us,us
1990-06-21T04:40:26.220Z,37.508,49.63,10.0,4.5,mb,,,,0.9,us,usp0004asn,2014-11-07T00:46:32.930Z,"15 km ENE of Bandar-e Anzal?, Iran",earthquake,,,,11.0,reviewed,us,us
1990-06-21T05:35:58.230Z,37.146,49.882,10.0,4.6,mb,,,,1.1,us,usp0004asr,2014-11-07T00:46:32.942Z,"14 km SSW of ?st?neh-ye Ashraf?yeh, Iran",earthquake,,,,8.0,reviewed,us,us
1990-06-21T06:40:33.570Z,-5.702,149.315,165.9,5.0,mb,,,,0.8,us,usp0004ast,2014-11-07T00:46:32.946Z,"61 km NNW of Kandrian, Papua New Guinea",earthquake,,6.9,,18.0,reviewed,us,us
1990-06-21T06:49:34.560Z,-38.456,-16.449,10.0,5.1,mb,,,,0.9,us,usp0004asu,2014-11-07T00:46:32.951Z,southern Mid-Atlantic Ridge,earthquake,,,,4.0,reviewed,us,us
1990-06-21T07:41:50.180Z,29.019,130.475,33.0,4.6,mb,,,,1.4,us,usp0004asw,2014-11-07T00:46:32.955Z,"120 km NE of Naze, Japan",earthquake,,,,13.0,reviewed,us,us
1990-06-21T07:50:23.080Z,36.988,49.523,10.0,4.9,mb,,,,1.1,us,usp0004asx,2014-11-07T00:46:32.958Z,"28 km NNE of P?deg?n-e Manj?l, Iran",earthquake,,,,10.0,reviewed,us,us
1990-06-21T09:02:14.620Z,36.636,49.799,15.2,5.8,mw,,,,1.1,us,usp0004asy,2022-04-28T19:47:32.102Z,"36 km ESE of P?deg?n-e Manj?l, Iran",earthquake,,,,,reviewed,us,hrv
1990-06-21T10:06:19.710Z,4.725,126.311,93.7,4.8,mb,,,,1.1,us,usp0004at0,2014-11-07T00:46:33.008Z,"Pulau-Pulau Talaud, Indonesia",earthquake,,24.2,,7.0,reviewed,us,us
1990-06-21T10:12:25.700Z,54.017,-165.449,73.0,4.6,mb,,,,0.9,us,usp0004at3,2014-11-07T00:46:33.014Z,"25 km ESE of Akutan, Alaska",earthquake,,7.6,,12.0,reviewed,us,us
1990-06-21T10:21:35.030Z,-56.066,-128.494,10.0,5.0,mb,,,,1.4,us,usp0004at4,2014-11-07T00:46:33.019Z,Pacific-Antarctic Ridge,earthquake,,,,3.0,reviewed,us,us
1990-06-21T12:17:27.540Z,36.732,49.407,10.0,5.3,mb,,,,1.3,us,usp0004atg,2022-04-28T19:47:33.763Z,"1 km SW of P?deg?n-e Manj?l, Iran",earthquake,,,,23.0,reviewed,us,us
1990-06-21T14:37:12.400Z,17.876,122.406,32.6,5.4,mw,,,,1.4,us,usp0004ath,2022-04-28T19:47:39.396Z,"52 km E of Awallan, Philippines",earthquake,,,,,reviewed,us,hrv
1990-06-21T15:15:54.040Z,50.873,-172.575,33.0,5.1,mw,,,,1.1,us,usp0004atj,2025-12-19T20:56:24.925Z,"185 km SE of Atka, Alaska",earthquake,,,,,reviewed,us,hrv
1990-06-21T18:22:08.970Z,40.343,63.326,10.0,4.5,mb,,,,1.4,us,usp0004ats,2014-11-07T00:46:33.084Z,"26 km NNW of Gazli, Uzbekistan",earthquake,,,,8.0,reviewed,us,us
1990-06-21T19:38:16.610Z,-21.551,175.185,33.0,4.8,mb,,,,1.2,us,usp0004att,2014-11-07T00:46:33.085Z,south of the Fiji Islands,earthquake,,,,5.0,reviewed,us,us
1990-06-21T21:26:29.800Z,19.134,-65.376,45.4,4.6,mb,,,,1.0,us,usp0004au1,2014-11-07T00:46:33.098Z,"91 km NNE of Luquillo, Puerto Rico",earthquake,,12.3,,7.0,reviewed,us,us
1990-06-21T21:27:39.620Z,36.516,49.661,10.0,4.9,mb,,,,1.2,us,usp0004au2,2014-11-07T00:46:33.100Z,"33 km SE of P?deg?n-e Manj?l, Iran",earthquake,,,,32.0,reviewed,us,us
1990-06-21T21:31:07.700Z,36.794,49.333,10.0,4.8,mb,,,,1.3,us,usp0004au3,2014-11-07T00:46:33.107Z,"9 km NW of P?deg?n-e Manj?l, Iran",earthquake,,,,12.0,reviewed,us,us
1990-06-21T22:46:31.000Z,26.985,126.914,139.7,5.0,mb,,,,1.1,us,usp0004au5,2014-11-07T00:46:33.115Z,"109 km NW of Ishikawa, Japan",earthquake,,8.7,,28.0,reviewed,us,us
1990-06-21T23:13:07.880Z,37.286,49.642,10.0,4.5,mb,,,,0.8,us,usp0004au6,2014-11-07T00:46:33.122Z,"4 km ENE of Rasht, Iran",earthquake,,,,1.0,reviewed,us,us
1990-06-22T03:32:48.140Z,37.078,49.73,10.0,4.7,mb,,,,0.7,us,usp0004auc,2014-11-07T00:46:33.135Z,"25 km SSE of Rasht, Iran",earthquake,,,,5.0,reviewed,us,us
1990-06-22T06:01:37.340Z,-19.31,-70.077,128.8,4.5,mb,,,,0.9,us,usp0004aug,2014-11-07T00:46:33.151Z,"95 km SSE of Arica, Chile",earthquake,,47.7,,1.0,reviewed,us,us
1990-06-22T06:07:50.100Z,37.257,48.854,10.0,4.6,ms,,,,1.5,us,usp0004auh,2014-11-07T00:46:33.153Z,northwestern Iran,earthquake,,,,1.0,reviewed,us,us
1990-06-22T06:21:51.510Z,36.827,49.359,10.0,4.9,mb,,,,0.6,us,usp0004auj,2014-11-07T00:46:33.157Z,"10 km NNW of P?deg?n-e Manj?l, Iran",earthquake,,,,6.0,reviewed,us,us
1990-06-22T07:43:36.210Z,-14.558,167.887,33.0,5.5,mw,,,,1.1,us,usp0004aup,2022-04-28T19:47:40.681Z,"83 km SSE of Sola, Vanuatu",earthquake,,,,,reviewed,us,hrv
1990-06-22T07:43:54.000Z,-14.88,167.82,193.0,5.4,mwc,,,,,gcmt,gcmtb062290a,2016-11-09T22:49:13.509Z,"82 km ENE of Port-Olry, Vanuatu",earthquake,,,,,automatic,gcmt,gcmt
1990-06-22T07:44:23.580Z,-14.676,167.832,33.0,5.3,ms,,,,1.3,us,usp0004auq,2014-11-07T00:46:33.184Z,"91 km ENE of Port-Olry, Vanuatu",earthquake,,,,5.0,reviewed,us,us
1990-06-22T09:22:40.230Z,-8.971,117.833,71.4,5.2,mb,,,,1.1,us,usp0004aur,2014-11-07T00:46:33.189Z,"69 km SE of Sumbawa Besar, Indonesia",earthquake,,20.2,,6.0,reviewed,us,us
1990-06-22T09:35:36.690Z,-14.769,168.043,33.0,4.9,mb,,,,1.4,us,usp0004aus,2014-11-07T00:46:33.192Z,Vanuatu,earthquake,,,,3.0,reviewed,us,us
1990-06-22T11:48:45.530Z,-19.648,-69.128,103.0,5.5,mw,,,,1.0,us,usp0004auw,2022-04-28T19:47:41.815Z,"123 km ENE of Iquique, Chile",earthquake,,,,,reviewed,us,hrv
1990-06-22T15:04:37.980Z,-5.738,146.645,230.1,4.9,mb,,,,0.8,us,usp0004auz,2014-11-07T00:46:33.219Z,"105 km NE of Kainantu, Papua New Guinea",earthquake,,10.3,,3.0,reviewed,us,us
1990-06-22T15:25:54.970Z,-5.582,104.974,105.2,4.8,mb,,,,1.3,us,usp0004av0,2014-11-07T00:46:33.220Z,"36 km WSW of Bandar Lampung, Indonesia",earthquake,,18.6,,6.0,reviewed,us,us
1990-06-22T19:56:20.310Z,-14.659,167.909,39.5,5.4,mb,,,,1.1,us,usp0004av6,2014-11-07T00:46:33.229Z,"94 km SSE of Sola, Vanuatu",earthquake,,11.0,,23.0,reviewed,us,us
1990-06-22T20:06:33.300Z,-14.688,167.886,33.0,5.2,mb,,,,1.1,us,usp0004av7,2014-11-07T00:46:33.241Z,"95 km ENE of Port-Olry, Vanuatu",earthquake,,,,12.0,reviewed,us,us
1990-06-22T21:16:52.620Z,11.915,-85.798,28.4,5.4,mw,,,,1.1,us,usp0004ava,2022-04-28T19:47:42.946Z,"17 km E of Granada, Nicaragua",earthquake,,,,,reviewed,us,hrv
1990-06-22T21:20:43.540Z,-14.64,167.934,19.1,5.5,mw,,,,1.0,us,usp0004avc,2022-04-28T19:47:45.037Z,"94 km SSE of Sola, Vanuatu",earthquake,,,,,reviewed,us,hrv
1990-06-22T21:48:43.150Z,-14.566,168.034,33.0,4.7,mb,,,,1.4,us,usp0004avd,2014-11-07T00:46:33.279Z,"92 km SE of Sola, Vanuatu",earthquake,,,,3.0,reviewed,us,us
1990-06-22T21:49:08.640Z,-14.607,167.939,22.4,5.7,mw,,,,1.0,us,usp0004ave,2022-04-28T19:47:46.354Z,"91 km SSE of Sola, Vanuatu",earthquake,,,,,reviewed,us,hrv
1990-06-22T23:00:08.980Z,1.67,127.238,140.0,5.1,mb,,,,0.9,us,usp0004avf,2014-11-07T00:46:33.305Z,"86 km W of Tobelo, Indonesia",earthquake,,10.1,,20.0,reviewed,us,us
1990-06-23T03:22:00.760Z,-14.849,66.03,10.0,4.9,mb,,,,0.8,us,usp0004avq,2014-11-07T00:46:33.323Z,Mid-Indian Ridge,earthquake,,,,8.0,reviewed,us,us
1990-06-23T04:27:42.470Z,-62.867,-157.837,10.0,4.9,mb,,,,1.1,us,usp0004avs,2014-11-07T00:46:33.327Z,Pacific-Antarctic Ridge,earthquake,,,,3.0,reviewed,us,us
1990-06-23T05:01:44.510Z,-0.611,146.473,23.9,6.2,mw,,,,1.0,us,usp0004avt,2022-04-28T19:47:47.468Z,"180 km NNW of Lorengau, Papua New Guinea",earthquake,,,,,reviewed,us,nc
1990-06-23T05:31:21.330Z,-21.037,173.902,33.0,5.3,ms,,,,1.2,us,usp0004avu,2014-11-07T00:46:33.359Z,Vanuatu region,earthquake,,,,2.0,reviewed,us,us
1990-06-23T06:32:03.990Z,6.828,-72.989,155.5,5.2,mb,,,,0.9,us,usp0004avx,2014-11-07T00:46:33.369Z,"8 km N of Cepitá, Colombia",earthquake,,3.5,,21.0,reviewed,us,us
1990-06-23T10:41:08.260Z,37.129,49.725,10.0,4.6,mb,,,,1.1,us,usp0004aw9,2014-11-07T00:46:33.395Z,"20 km SE of Rasht, Iran",earthquake,,,,3.0,reviewed,us,us
1990-06-23T13:17:55.350Z,0.81,123.115,38.8,5.1,mb,,,,1.1,us,usp0004awj,2014-11-07T00:46:33.409Z,"30 km N of Gorontalo, Indonesia",earthquake,,14.3,,14.0,reviewed,us,us
1990-06-23T13:57:21.560Z,-22.294,175.048,33.0,5.0,mb,,,,1.6,us,usp0004awk,2014-11-07T00:46:33.414Z,south of the Fiji Islands,earthquake,,,,2.0,reviewed,us,us
1990-06-23T14:46:35.630Z,-14.556,167.937,33.0,5.4,mb,,,,1.1,us,usp0004awq,2014-11-07T00:46:33.427Z,"85 km SSE of Sola, Vanuatu",earthquake,,,,17.0,reviewed,us,us
1990-06-23T16:35:13.620Z,6.806,-72.949,158.9,4.7,mb,,,,0.7,us,usp0004awv,2014-11-07T00:46:33.444Z,"6 km NNE of Cepitá, Colombia",earthquake,,5.6,,10.0,reviewed,us,us
1990-06-23T16:51:32.010Z,37.169,49.922,10.0,4.5,mb,,,,0.9,us,usp0004awy,2014-11-07T00:46:33.450Z,"10 km S of ?st?neh-ye Ashraf?yeh, Iran",earthquake,,,,9.0,reviewed,us,us
1990-06-23T21:38:18.750Z,-21.568,-176.483,180.5,6.9,mw,,,,1.0,us,usp0004axa,2022-04-28T19:47:48.551Z,"139 km WSW of Haveluloto, Tonga",earthquake,,,,,reviewed,us,nc
1990-06-23T23:07:31.640Z,-13.384,166.281,79.3,4.9,mb,,,,1.2,us,usp0004axb,2014-11-07T00:46:33.560Z,"147 km WNW of Sola, Vanuatu",earthquake,,12.4,,7.0,reviewed,us,us
1990-06-23T23:35:00.680Z,36.452,70.578,204.6,4.7,mb,,,,1.0,us,usp0004axc,2014-11-07T00:46:33.579Z,"51 km SSW of Jurm, Afghanistan",earthquake,,7.1,,62.0,reviewed,us,us
1990-06-24T00:29:11.330Z,-2.479,139.716,24.1,5.1,mb,,,,1.3,us,usp0004axf,2014-11-07T00:46:33.594Z,"102 km W of Abepura, Indonesia",earthquake,,,,19.0,reviewed,us,us
1990-06-24T01:13:29.780Z,37.259,72.327,33.0,4.5,mb,,,,0.4,us,usp0004axh,2014-11-07T00:46:33.602Z,"34 km N of Khand?d, Afghanistan",earthquake,,,,7.0,reviewed,us,us
1990-06-24T05:08:44.120Z,32.4,49.978,33.0,4.5,mb,,,,1.1,us,usp0004axs,2014-11-07T00:46:33.621Z,"57 km WNW of F?rs?n, Iran",earthquake,,,,24.0,reviewed,us,us
1990-06-24T05:29:26.690Z,0.483,122.389,153.3,5.1,mb,,,,1.1,us,usp0004axt,2014-11-07T00:46:33.630Z,"75 km W of Gorontalo, Indonesia",earthquake,,8.1,,14.0,reviewed,us,us
1990-06-24T08:35:24.980Z,-21.61,-176.502,193.2,5.8,mw,,,,1.0,us,usp0004ay4,2022-04-28T19:47:49.644Z,"142 km WSW of Haveluloto, Tonga",earthquake,,,,,reviewed,us,hrv
1990-06-24T08:51:54.990Z,-8.904,119.515,196.0,4.5,mb,,,,1.5,us,usp0004ay5,2014-11-07T00:46:33.685Z,"34 km S of Komodo, Indonesia",earthquake,,23.4,,3.0,reviewed,us,us
1990-06-24T09:45:57.000Z,36.863,49.405,10.0,5.4,mw,,,,1.0,us,usp0004ay6,2022-04-28T19:47:50.849Z,"13 km N of P?deg?n-e Manj?l, Iran",earthquake,,,,,reviewed,us,hrv
1990-06-24T11:37:00.880Z,44.052,149.171,33.0,4.8,mb,,,,1.2,us,usp0004ay9,2014-11-07T00:46:33.708Z,"166 km SE of Kuril’sk, Russia",earthquake,,,,6.0,reviewed,us,us
1990-06-24T12:16:31.890Z,6.81,-72.967,167.0,4.7,mb,,,,0.9,us,usp0004ayb,2014-11-07T00:46:33.713Z,"6 km N of Cepitá, Colombia",earthquake,,4.1,,19.0,reviewed,us,us
1990-06-24T19:05:21.440Z,37.222,49.647,10.0,4.8,mb,,,,1.0,us,usp0004ayn,2014-11-07T00:46:33.731Z,"7 km SE of Rasht, Iran",earthquake,,,,4.0,reviewed,us,us
1990-06-24T19:34:05.000Z,32.442,49.898,33.0,4.5,mb,,,,1.1,us,usp0004ayr,2014-11-07T00:46:33.735Z,"59 km SSW of Fereyd?nshahr, Iran",earthquake,,,,9.0,reviewed,us,us
1990-06-24T23:06:23.630Z,-21.537,-68.669,131.0,4.5,mb,,,,1.1,us,usp0004az1,2014-11-07T00:46:33.754Z,"105 km NNE of Calama, Chile",earthquake,,8.3,,8.0,reviewed,us,us
1990-06-25T02:52:19.440Z,-6.224,-76.136,33.0,4.8,mb,,,,1.0,us,usp0004aza,2014-11-07T00:46:33.769Z,"35 km S of Yurimaguas, Peru",earthquake,,,,1.0,reviewed,us,us
1990-06-25T07:19:05.110Z,56.115,164.572,30.5,5.2,mw,,,,1.2,us,usp0004azq,2025-12-19T21:01:32.680Z,"130 km E of Ust’-Kamchatsk Staryy, Russia",earthquake,,,,,reviewed,us,hrv
1990-06-25T13:03:33.140Z,1.369,122.877,58.4,4.6,mb,,,,1.3,us,usp0004azv,2014-11-07T00:46:33.813Z,"94 km NNW of Gorontalo, Indonesia",earthquake,,17.1,,1.0,reviewed,us,us
1990-06-25T14:34:18.240Z,50.226,176.897,33.0,4.6,mb,,,,1.0,us,usp0004azz,2014-11-07T00:46:33.818Z,"Rat Islands, Aleutian Islands, Alaska",earthquake,,,,10.0,reviewed,us,us
1990-06-25T17:28:02.210Z,-20.378,-68.898,136.6,4.8,mb,,,,1.2,us,usp0004b03,2014-11-07T00:46:33.826Z,"132 km E of Iquique, Chile",earthquake,,9.5,,5.0,reviewed,us,us
1990-06-25T18:34:59.310Z,-1.454,-77.933,193.0,4.5,mb,,,,0.8,us,usp0004b07,2014-11-07T00:46:33.832Z,"8 km ENE of Puyo, Ecuador",earthquake,,33.9,,1.0,reviewed,us,us
1990-06-25T19:06:23.310Z,-20.611,-178.507,548.0,5.0,mb,,,,1.4,us,usp0004b09,2014-11-07T00:46:33.835Z,Fiji region,earthquake,,17.8,,7.0,reviewed,us,us
1990-06-25T19:53:39.530Z,-3.458,131.0,33.5,5.7,mw,,,,1.1,us,usp0004b0a,2022-04-28T19:47:51.956Z,"231 km E of Amahai, Indonesia",earthquake,,11.2,,,reviewed,us,hrv
1990-06-25T21:04:47.760Z,-7.07,129.737,160.5,4.9,mb,,,,1.4,us,usp0004b0d,2014-11-07T00:46:33.852Z,"Kepulauan Babar, Indonesia",earthquake,,14.5,,8.0,reviewed,us,us
1990-06-25T22:46:28.660Z,4.452,127.396,135.7,5.0,mb,,,,0.7,us,usp0004b0j,2014-11-07T00:46:33.863Z,"238 km ESE of Sarangani, Philippines",earthquake,,21.9,,4.0,reviewed,us,us
1990-06-26T00:04:12.010Z,-18.785,169.206,253.1,4.9,mb,,,,0.9,us,usp0004b0k,2014-11-07T00:46:33.864Z,"84 km N of Isangel, Vanuatu",earthquake,,6.1,,11.0,reviewed,us,us
1990-06-26T00:53:55.170Z,-3.39,100.799,57.6,5.4,mb,,,,1.1,us,usp0004b0m,2014-11-07T00:46:33.872Z,"161 km SSW of Sungai Penuh, Indonesia",earthquake,,12.5,,20.0,reviewed,us,us
1990-06-26T01:39:51.950Z,36.603,71.043,185.6,4.5,mb,,,,1.0,us,usp0004b0n,2014-11-07T00:46:33.880Z,"34 km SSE of Jurm, Afghanistan",earthquake,,19.3,,8.0,reviewed,us,us
1990-06-26T02:36:21.720Z,1.158,122.98,31.1,5.3,mw,,,,1.3,us,usp0004b0r,2022-04-28T19:47:53.097Z,"69 km N of Gorontalo, Indonesia",earthquake,,20.4,,,reviewed,us,hrv
1990-06-26T03:24:58.150Z,-14.99,-173.667,33.0,4.9,mb,,,,0.9,us,usp0004b0u,2014-11-07T00:46:33.893Z,"107 km N of Hihifo, Tonga",earthquake,,,,2.0,reviewed,us,us
1990-06-26T04:59:01.480Z,28.542,59.065,33.0,4.9,mb,,,,1.4,us,usp0004b0z,2022-04-28T19:47:54.434Z,"93 km SE of Bam, Iran",earthquake,,,,25.0,reviewed,us,us
1990-06-26T07:14:20.350Z,4.552,95.238,59.8,5.0,mb,,,,1.0,us,usp0004b10,2014-11-07T00:46:33.918Z,"northern Sumatra, Indonesia",earthquake,,,,40.0,reviewed,us,us
1990-06-26T11:06:52.090Z,48.231,154.357,33.0,4.5,mb,,,,0.5,us,usp0004b16,2014-11-07T00:46:33.937Z,Kuril Islands,earthquake,,,,10.0,reviewed,us,us
1990-06-26T12:08:29.390Z,-22.015,-179.473,586.8,6.3,mw,,,,1.0,us,usp0004b17,2022-04-28T19:47:55.529Z,south of the Fiji Islands,earthquake,,,,,reviewed,us,hrv
1990-06-26T17:59:58.250Z,-22.215,-138.841,0.0,5.5,mb,,,,0.9,us,usp0004b1a,2015-06-16T17:27:56.121Z,"Tuamotu Archipelago, French Polynesia region",nuclear explosion,,,,26.0,reviewed,us,us
1990-06-26T21:24:37.480Z,-4.17,136.019,33.0,5.1,mb,,,,1.2,us,usp0004b1m,2014-11-07T00:46:34.047Z,"106 km SSE of Nabire, Indonesia",earthquake,,,,3.0,reviewed,us,us
1990-06-26T21:54:45.730Z,34.858,138.99,149.7,5.4,mw,,,,1.0,us,usp0004b1n,2025-12-19T21:01:33.346Z,"near the south coast of Honshu, Japan",earthquake,,2.9,,,reviewed,us,hrv
1990-06-26T23:34:38.850Z,-16.447,-176.314,390.9,4.6,mb,,,,0.7,us,usp0004b1q,2014-11-07T00:46:34.073Z,"274 km W of Hihifo, Tonga",earthquake,,4.4,,12.0,reviewed,us,us
1990-06-27T01:18:28.870Z,0.12,123.556,181.0,4.8,mb,,,,1.1,us,usp0004b1t,2014-11-07T00:46:34.083Z,"71 km SE of Gorontalo, Indonesia",earthquake,,11.5,,8.0,reviewed,us,us
1990-06-27T02:00:45.820Z,52.364,-173.953,33.0,5.4,mw,,,,1.2,us,usp0004b1u,2022-04-28T19:47:56.755Z,"25 km NE of Atka, Alaska",earthquake,,,,,reviewed,us,hrv
1990-06-27T03:56:20.540Z,37.007,49.785,10.0,4.8,mb,,,,1.0,us,usp0004b1x,2014-11-07T00:46:34.101Z,"31 km SSW of ?st?neh-ye Ashraf?yeh, Iran",earthquake,,,,40.0,reviewed,us,us
1990-06-27T05:10:13.460Z,-21.734,-176.451,189.1,5.4,mw,,,,1.2,us,usp0004b1y,2025-12-19T21:01:34.291Z,"143 km WSW of Haveluloto, Tonga",earthquake,,,,,reviewed,us,hrv
1990-06-27T09:20:37.400Z,51.414,178.883,42.3,4.6,mb,,,,0.9,us,usp0004b28,2014-11-07T00:46:34.140Z,"Rat Islands, Aleutian Islands, Alaska",earthquake,,,,10.0,reviewed,us,us
1990-06-27T12:07:56.860Z,-25.146,-177.373,143.4,4.9,mb,,,,0.9,us,usp0004b29,2014-11-07T00:46:34.144Z,south of the Fiji Islands,earthquake,,24.2,,12.0,reviewed,us,us
1990-06-27T22:18:52.820Z,-14.905,167.358,136.3,5.0,mb,,,,1.1,us,usp0004b2r,2014-11-07T00:46:34.171Z,"34 km ENE of Port-Olry, Vanuatu",earthquake,,15.2,,14.0,reviewed,us,us
1990-06-28T03:20:35.080Z,37.085,49.642,10.0,4.8,mb,,,,1.2,us,usp0004b32,2014-11-07T00:46:34.202Z,"21 km SSE of Rasht, Iran",earthquake,,,,29.0,reviewed,us,us
1990-06-28T12:14:10.850Z,56.134,164.58,29.7,5.3,ms,,,,1.2,us,usp0004b3h,2022-04-28T19:47:58.013Z,"Komandorskiye Ostrova, Russia region",earthquake,,,,7.0,reviewed,us,us
1990-06-28T12:48:12.340Z,-20.993,-179.009,639.3,4.9,mb,,,,1.1,us,usp0004b3j,2014-11-07T00:46:34.244Z,Fiji region,earthquake,,9.9,,13.0,reviewed,us,us
1990-06-28T17:21:03.840Z,36.751,49.852,10.0,4.7,mb,,,,1.1,us,usp0004b3s,2014-11-07T00:46:34.255Z,"38 km E of P?deg?n-e Manj?l, Iran",earthquake,,,,22.0,reviewed,us,us
1990-06-29T00:16:38.750Z,-8.524,121.529,161.0,4.7,mb,,,,1.1,us,usp0004b3z,2014-11-07T00:46:34.276Z,"38 km NNW of Ende, Indonesia",earthquake,,25.0,,4.0,reviewed,us,us
1990-06-29T01:12:43.400Z,-16.182,-73.344,110.4,4.5,mb,,,,1.4,us,usp0004b43,2014-11-07T00:46:34.283Z,"25 km SW of Urasqui, Peru",earthquake,,13.6,,6.0,reviewed,us,us
1990-06-29T02:54:30.650Z,-14.937,167.281,111.1,5.0,mb,,,,1.2,us,usp0004b48,2014-11-07T00:46:34.297Z,"25 km ENE of Port-Olry, Vanuatu",earthquake,,28.6,,8.0,reviewed,us,us
1990-06-29T03:53:28.760Z,-21.552,-179.332,616.3,5.7,mw,,,,1.0,us,usp0004b4a,2022-04-28T19:48:03.814Z,Fiji region,earthquake,,,,,reviewed,us,hrv
1990-06-29T06:25:48.000Z,36.691,49.816,10.0,4.5,mb,,,,1.0,us,usp0004b4e,2014-11-07T00:46:34.342Z,"36 km E of P?deg?n-e Manj?l, Iran",earthquake,,,,11.0,reviewed,us,us
1990-06-29T06:31:25.890Z,-28.578,-68.746,123.0,5.3,mw,,,,1.2,us,usp0004b4g,2025-12-19T21:01:35.209Z,"56 km WNW of Vinchina, Argentina",earthquake,,,,,reviewed,us,hrv
1990-06-29T07:24:35.010Z,10.133,57.424,10.0,4.8,mb,,,,0.4,us,usp0004b4k,2014-11-07T00:46:34.363Z,Carlsberg Ridge,earthquake,,,,11.0,reviewed,us,us
1990-06-29T10:53:34.380Z,52.762,171.94,33.0,4.6,mb,,,,0.8,us,usp0004b4q,2014-11-07T00:46:34.372Z,"Near Islands, Aleutian Islands, Alaska",earthquake,,,,30.0,reviewed,us,us
1990-06-29T14:41:45.520Z,-7.598,128.273,168.6,4.7,mb,,,,1.3,us,usp0004b4y,2014-11-07T00:46:34.403Z,"173 km NE of Lospalos, Timor Leste",earthquake,,17.7,,6.0,reviewed,us,us
1990-06-29T20:20:48.190Z,2.696,123.836,414.0,4.8,mb,,,,1.1,us,usp0004b58,2014-11-07T00:46:34.426Z,"175 km NW of Manado, Indonesia",earthquake,,8.3,,14.0,reviewed,us,us
1990-06-29T23:25:34.300Z,15.729,147.811,30.8,5.0,mb,,,,1.1,us,usp0004b5d,2014-11-07T00:46:34.440Z,"227 km ENE of Saipan, Northern Mariana Islands",earthquake,,,,21.0,reviewed,us,us
1990-06-30T01:07:39.090Z,47.209,152.698,33.0,4.5,mb,,,,0.3,us,usp0004b5h,2014-11-07T00:46:34.453Z,Kuril Islands,earthquake,,,,3.0,reviewed,us,us
1990-06-30T01:22:55.780Z,-23.632,-13.413,10.0,4.6,mb,,,,0.7,us,usp0004b5k,2014-11-07T00:46:34.455Z,southern Mid-Atlantic Ridge,earthquake,,,,3.0,reviewed,us,us
1990-06-30T03:42:01.940Z,37.079,50.147,10.0,4.7,mb,,,,1.0,us,usp0004b5r,2014-11-07T00:46:34.464Z,"12 km S of Langar?d, Iran",earthquake,,,,4.0,reviewed,us,us
1990-06-30T09:41:02.280Z,28.453,-43.735,10.0,5.4,mw,,,,0.9,us,usp0004b61,2025-12-19T21:01:36.071Z,northern Mid-Atlantic Ridge,earthquake,,,,,reviewed,us,hrv
1990-06-30T11:15:44.460Z,-5.157,129.791,206.8,4.9,mb,,,,1.3,us,usp0004b63,2014-11-07T00:46:34.501Z,"223 km SSE of Amahai, Indonesia",earthquake,,10.7,,11.0,reviewed,us,us
1990-06-30T14:10:30.740Z,-6.154,130.423,153.6,4.9,mb,,,,1.1,us,usp0004b6a,2014-11-07T00:46:34.512Z,"264 km WSW of Tual, Indonesia",earthquake,,12.1,,12.0,reviewed,us,us
1990-06-30T14:51:07.940Z,9.857,-84.392,8.1,5.5,mw,,,,1.3,us,usp0004b6c,2022-04-28T19:48:11.381Z,"8 km W of Santiago, Costa Rica",earthquake,,3.3,,,reviewed,us,hrv
1990-06-30T14:55:23.690Z,9.981,-84.109,10.0,4.8,mb,,,,1.2,us,usp0004b6e,2014-11-07T00:46:34.552Z,"2 km SW of San Pablo, Costa Rica",earthquake,,,,23.0,reviewed,us,us
1990-06-30T14:59:07.630Z,10.264,-83.923,10.0,4.9,mb,,,,1.3,us,usp0004b6f,2014-11-07T00:46:34.558Z,"16 km WNW of Guápiles, Costa Rica",earthquake,,,,5.0,reviewed,us,us
1990-06-30T17:18:43.820Z,36.538,70.802,168.2,4.5,mb,,,,0.8,us,usp0004b6m,2014-11-07T00:46:34.568Z,"36 km S of Jurm, Afghanistan",earthquake,,16.0,,9.0,reviewed,us,us
1990-06-30T18:49:18.080Z,44.29,149.179,8.8,5.3,mw,,,,0.9,us,usp0004b6r,2025-12-19T21:01:37.065Z,"146 km SE of Kuril’sk, Russia",earthquake,,,,,reviewed,us,hrv
1990-06-30T18:57:49.480Z,44.864,148.856,33.0,4.7,mb,,,,1.3,us,usp0004b6s,2014-11-07T00:46:34.588Z,Kuril Islands,earthquake,,,,17.0,reviewed,us,us
1990-06-30T19:02:21.900Z,1.419,123.596,33.0,4.5,mb,,,,1.3,us,usp0004b6t,2014-11-07T00:46:34.591Z,"114 km NNE of Gorontalo, Indonesia",earthquake,,,,5.0,reviewed,us,us
1990-06-30T19:31:25.980Z,-5.225,147.126,192.9,4.9,mb,,,,1.1,us,usp0004b6v,2014-11-07T00:46:34.595Z,"148 km E of Madang, Papua New Guinea",earthquake,,8.8,,8.0,reviewed,us,us
1990-06-30T19:32:50.450Z,44.114,149.31,33.0,4.8,mb,,,,0.9,us,usp0004b6w,2014-11-07T00:46:34.597Z,"167 km SE of Kuril’sk, Russia",earthquake,,,,18.0,reviewed,us,us
1990-06-30T20:51:45.600Z,44.149,149.233,50.2,5.0,mb,,,,0.8,us,usp0004b71,2014-11-07T00:46:34.609Z,"160 km SE of Kuril’sk, Russia",earthquake,,14.0,,30.0,reviewed,us,us
1990-06-30T23:49:29.280Z,1.32,122.924,33.0,5.0,mb,,,,1.0,us,usp0004b76,2014-11-07T00:46:34.628Z,"87 km N of Gorontalo, Indonesia",earthquake,,,,15.0,reviewed,us,us
1990-07-01T00:11:00.190Z,1.619,123.275,33.0,4.7,mb,,,,1.1,us,usp0004b79,2014-11-07T00:46:36.188Z,"121 km N of Gorontalo, Indonesia",earthquake,,,,7.0,reviewed,us,us
1990-07-01T04:05:26.770Z,-7.374,128.489,147.0,5.0,mb,,,,1.0,us,usp0004b7f,2014-11-07T00:46:36.274Z,"207 km NE of Lospalos, Timor Leste",earthquake,,4.6,,21.0,reviewed,us,us
1990-07-01T07:42:32.670Z,-11.489,162.994,65.4,4.8,mb,,,,1.0,us,usp0004b7k,2014-11-07T00:46:36.380Z,"163 km SE of Kirakira, Solomon Islands",earthquake,,14.2,,15.0,reviewed,us,us
1990-07-01T09:58:57.700Z,-3.323,102.052,110.9,5.3,mb,,,,1.0,us,usp0004b7s,2014-11-07T00:46:36.486Z,"54 km WNW of Curup, Indonesia",earthquake,,,,33.0,reviewed,us,us
1990-07-01T12:24:57.200Z,37.181,49.885,10.0,4.8,mb,,,,1.3,us,usp0004b7u,2014-11-07T00:46:36.589Z,"10 km SSW of ?st?neh-ye Ashraf?yeh, Iran",earthquake,,,,21.0,reviewed,us,us
1990-07-01T17:19:44.170Z,37.28,48.818,10.0,4.6,mb,,,,1.4,us,usp0004b84,2014-11-07T00:46:36.731Z,"41 km WSW of Ziabar (Gaskar), Iran",earthquake,,,,25.0,reviewed,us,us
1990-07-01T21:16:48.390Z,37.285,48.82,10.0,4.7,mb,,,,1.0,us,usp0004b86,2014-11-07T00:46:36.783Z,"40 km WSW of Ziabar (Gaskar), Iran",earthquake,,,,28.0,reviewed,us,us
1990-07-01T23:45:14.530Z,1.349,123.051,33.0,4.8,mb,,,,1.5,us,usp0004b8a,2014-11-07T00:46:36.865Z,"89 km N of Gorontalo, Indonesia",earthquake,,,,5.0,reviewed,us,us
1990-07-02T00:14:29.330Z,-15.125,-173.805,33.0,4.9,mb,,,,0.8,us,usp0004b8b,2014-11-07T00:46:36.882Z,"91 km N of Hihifo, Tonga",earthquake,,,,2.0,reviewed,us,us
1990-07-02T00:33:34.140Z,15.191,147.475,33.0,5.0,mb,,,,0.9,us,usp0004b8d,2014-11-07T00:46:36.897Z,"184 km E of Saipan, Northern Mariana Islands",earthquake,,,,9.0,reviewed,us,us
1990-07-02T02:42:32.460Z,3.324,95.273,33.0,4.6,mb,,,,0.8,us,usp0004b8k,2014-11-07T00:46:36.982Z,"131 km SW of Meulaboh, Indonesia",earthquake,,,,4.0,reviewed,us,us
1990-07-02T07:29:36.650Z,-15.893,-73.503,90.8,4.7,mb,,,,1.1,us,usp0004b8t,2014-11-07T00:46:37.086Z,"37 km NNE of Atico, Peru",earthquake,,9.3,,4.0,reviewed,us,us
1990-07-02T08:15:57.540Z,-0.596,123.541,33.0,4.9,mb,,,,1.1,us,usp0004b8v,2014-11-07T00:46:37.105Z,"92 km ENE of Luwuk, Indonesia",earthquake,,,,6.0,reviewed,us,us
1990-07-02T10:03:52.030Z,1.21,123.126,33.5,5.0,ms,,,,1.4,us,usp0004b8z,2014-11-07T00:46:37.134Z,"74 km N of Gorontalo, Indonesia",earthquake,,,,7.0,reviewed,us,us
1990-07-02T18:27:33.700Z,-11.838,65.657,10.0,5.3,mw,,,,0.9,us,usp0004b9d,2025-12-19T21:01:05.374Z,Mid-Indian Ridge,earthquake,,,,,reviewed,us,hrv
1990-07-02T22:54:17.690Z,-28.326,-68.798,101.3,4.8,mb,,,,1.0,us,usp0004b9p,2014-11-07T00:46:37.410Z,"75 km NW of Vinchina, Argentina",earthquake,,5.8,,14.0,reviewed,us,us
1990-07-02T23:47:43.610Z,37.194,72.924,32.9,5.1,mb,,,,1.1,us,usp0004b9t,2022-04-28T19:42:01.211Z,"60 km ENE of Khand?d, Afghanistan",earthquake,,,,53.0,reviewed,us,us
1990-07-03T01:06:42.170Z,37.583,20.943,10.0,4.8,mb,,,,1.4,us,usp0004b9w,2014-11-07T00:46:37.528Z,"18 km SSE of Lithakiá, Greece",earthquake,,,,20.0,reviewed,us,us
1990-07-03T02:37:39.840Z,3.62,126.604,85.9,4.8,mb,,,,0.5,us,usp0004ba1,2014-11-07T00:46:37.593Z,"234 km SSE of Sarangani, Philippines",earthquake,,15.5,,5.0,reviewed,us,us
1990-07-03T02:38:32.750Z,15.678,147.97,22.3,5.1,mb,,,,0.9,us,usp0004ba2,2014-11-07T00:46:37.598Z,"243 km ENE of Saipan, Northern Mariana Islands",earthquake,,7.6,,24.0,reviewed,us,us
1990-07-03T05:12:02.540Z,3.471,126.441,106.6,4.5,mb,,,,1.0,us,usp0004ba8,2014-11-07T00:46:37.637Z,"239 km SSE of Sarangani, Philippines",earthquake,,17.5,,4.0,reviewed,us,us
1990-07-03T07:45:20.230Z,-6.138,149.813,51.8,5.6,mw,,,,0.9,us,usp0004ban,2022-04-28T19:42:02.695Z,"30 km ENE of Kandrian, Papua New Guinea",earthquake,,7.2,,,reviewed,us,hrv
1990-07-03T09:56:04.460Z,-6.198,105.521,156.4,4.5,mb,,,,1.1,us,usp0004bar,2014-11-07T00:46:37.729Z,"39 km WNW of Labuan, Indonesia",earthquake,,20.3,,5.0,reviewed,us,us
1990-07-03T12:18:08.710Z,37.213,72.828,33.0,4.7,mb,,,,1.0,us,usp0004bav,2014-11-07T00:46:37.780Z,"53 km ENE of Khand?d, Afghanistan",earthquake,,,,20.0,reviewed,us,us
1990-07-03T15:38:18.180Z,-22.259,-179.729,572.7,5.1,mb,,,,0.8,us,usp0004baz,2014-11-07T00:46:37.809Z,south of the Fiji Islands,earthquake,,3.3,,23.0,reviewed,us,us
1990-07-03T17:58:10.740Z,15.589,148.201,95.9,4.7,mb,,,,0.8,us,usp0004bb4,2014-11-07T00:46:37.861Z,"265 km E of Saipan, Northern Mariana Islands",earthquake,,16.7,,5.0,reviewed,us,us
1990-07-03T18:22:10.190Z,37.233,71.689,33.0,4.7,mb,,,,1.3,us,usp0004bb7,2014-11-07T00:46:37.876Z,Afghanistan-Tajikistan border region,earthquake,,,,23.0,reviewed,us,us
1990-07-03T18:32:14.110Z,35.926,140.049,78.5,5.2,mw,,,,1.0,us,usp0004bb8,2025-12-19T21:01:06.291Z,"4 km NW of Toride, Japan",earthquake,,3.5,,,reviewed,us,hrv
1990-07-03T23:01:54.300Z,-22.985,-66.76,207.5,4.5,mb,,,,1.1,us,usp0004bbg,2014-11-07T00:46:37.957Z,"112 km WSW of Abra Pampa, Argentina",earthquake,,7.4,,5.0,reviewed,us,us
1990-07-04T02:01:48.950Z,-44.751,-15.605,10.0,4.8,mb,,,,1.1,us,usp0004bbk,2014-11-07T00:46:37.971Z,southern Mid-Atlantic Ridge,earthquake,,,,13.0,reviewed,us,us
1990-07-04T02:24:41.940Z,25.372,124.473,132.7,5.6,mw,,,,1.0,us,usp0004bbm,2022-04-28T19:42:04.067Z,"104 km NW of Hirara, Japan",earthquake,,3.8,,,reviewed,us,hrv
1990-07-04T04:54:51.610Z,35.984,140.323,80.4,4.5,mb,,,,1.0,us,usp0004bbn,2014-11-07T00:46:38.052Z,"3 km N of Inashiki, Japan",earthquake,,11.3,,1.0,reviewed,us,us
1990-07-04T05:12:32.450Z,-23.623,179.986,517.5,4.7,mb,,,,1.1,us,usp0004bbp,2014-11-07T00:46:38.057Z,south of the Fiji Islands,earthquake,,36.1,,6.0,reviewed,us,us
1990-07-04T06:05:10.340Z,8.143,-71.905,56.7,4.5,mb,,,,1.0,us,usp0004bbs,2014-11-07T00:46:38.070Z,"38 km ESE of La Fría, Venezuela",earthquake,,8.9,,1.0,reviewed,us,us
1990-07-04T06:21:16.220Z,-10.968,110.01,33.0,5.2,mb,,,,1.4,us,usp0004bbt,2014-11-07T00:46:38.077Z,"south of Java, Indonesia",earthquake,,,,8.0,reviewed,us,us
1990-07-04T07:31:35.060Z,-2.898,127.122,69.2,5.1,mb,,,,1.1,us,usp0004bc1,2014-11-07T00:46:38.102Z,"Ceram Sea, Indonesia",earthquake,,11.1,,12.0,reviewed,us,us
1990-07-04T15:52:58.550Z,-30.704,-69.046,124.4,4.7,mb,,,,1.0,us,usp0004bck,2014-11-07T00:46:38.179Z,"58 km SSW of San José de Jáchal, Argentina",earthquake,,6.7,,2.0,reviewed,us,us
1990-07-04T17:59:58.670Z,-21.85,-139.042,0.0,5.1,mb,,,,0.9,us,usp0004bcn,2015-06-16T17:27:56.961Z,"Tuamotu Archipelago, French Polynesia region",nuclear explosion,,,,11.0,reviewed,us,us
1990-07-04T20:30:46.760Z,-14.545,-72.036,10.0,4.8,mb,,,,0.3,us,usp0004bcs,2014-11-07T00:46:38.220Z,"12 km SSE of Santo Tomas, Peru",earthquake,,,,1.0,reviewed,us,us
1990-07-04T21:48:42.610Z,15.657,147.848,112.9,4.9,mb,,,,1.0,us,usp0004bcx,2014-11-07T00:46:38.241Z,"230 km ENE of Saipan, Northern Mariana Islands",earthquake,,16.2,,5.0,reviewed,us,us
1990-07-05T01:09:26.670Z,37.591,69.241,31.4,5.4,mw,,,,1.5,us,usp0004bd8,2022-04-28T19:42:05.315Z,"18 km NW of Farkhor, Tajikistan",earthquake,,,,,reviewed,us,hrv
1990-07-05T02:04:02.430Z,37.871,72.663,70.8,4.6,mb,,,,1.0,us,usp0004bdc,2014-11-07T00:46:38.338Z,"106 km NNE of Khand?d, Afghanistan",earthquake,,15.5,,16.0,reviewed,us,us
1990-07-05T04:24:03.950Z,-15.892,-71.764,172.5,4.5,mb,,,,0.7,us,usp0004bdk,2014-11-07T00:46:38.388Z,"27 km S of Maca, Peru",earthquake,,38.6,,1.0,reviewed,us,us
1990-07-05T11:35:06.430Z,-17.69,-178.28,494.3,4.6,mb,,,,0.7,us,usp0004bds,2014-11-07T00:46:38.406Z,"258 km E of Levuka, Fiji",earthquake,,6.8,,14.0,reviewed,us,us
1990-07-05T12:29:20.650Z,15.576,147.9,33.0,4.5,mb,,,,1.0,us,usp0004bdt,2014-11-07T00:46:38.416Z,"233 km E of Saipan, Northern Mariana Islands",earthquake,,,,6.0,reviewed,us,us
1990-07-05T13:07:53.450Z,9.759,124.859,33.0,5.1,mb,,,,1.4,us,usp0004bdv,2014-11-07T00:46:38.425Z,"31 km E of Bacong, Philippines",earthquake,,,,1.0,reviewed,us,us
1990-07-05T17:14:45.270Z,15.624,148.03,33.0,4.8,mb,,,,0.9,us,usp0004be3,2014-11-07T00:46:38.470Z,"248 km E of Saipan, Northern Mariana Islands",earthquake,,,,10.0,reviewed,us,us
1990-07-05T21:17:53.190Z,-16.037,-173.592,33.0,4.7,mb,,,,0.8,us,usp0004bed,2014-11-07T00:46:38.527Z,"23 km ESE of Hihifo, Tonga",earthquake,,,,5.0,reviewed,us,us
1990-07-05T22:41:20.520Z,-0.091,124.178,72.4,5.3,mw,,,,1.2,us,usp0004bef,2025-12-19T21:01:08.537Z,"142 km ESE of Gorontalo, Indonesia",earthquake,,,,,reviewed,us,hrv
1990-07-06T00:16:20.440Z,-6.904,108.12,13.5,5.5,mw,,,,1.4,us,usp0004beh,2022-04-28T19:42:06.482Z,"14 km WSW of Majalengka, Indonesia",earthquake,,,,,reviewed,us,hrv
1990-07-06T02:12:48.680Z,8.792,126.424,73.0,4.9,mb,,,,1.1,us,usp0004ben,2014-11-07T00:46:38.633Z,"14 km E of Marihatag, Philippines",earthquake,,10.1,,17.0,reviewed,us,us
1990-07-06T05:02:27.900Z,45.371,150.17,41.5,5.6,mw,,,,0.8,us,usp0004bex,2022-04-28T19:42:07.572Z,"180 km E of Kuril’sk, Russia",earthquake,,,,,reviewed,us,hrv
1990-07-06T08:33:58.800Z,-7.353,128.002,128.1,4.7,mb,,,,1.1,us,usp0004bez,2014-11-07T00:46:38.782Z,"170 km NE of Lospalos, Timor Leste",earthquake,,21.1,,5.0,reviewed,us,us
1990-07-06T11:19:43.750Z,2.897,128.66,231.9,5.1,mb,,,,1.1,us,usp0004bf3,2014-11-07T00:46:38.802Z,"148 km NNE of Tobelo, Indonesia",earthquake,,8.7,,25.0,reviewed,us,us
1990-07-06T11:42:38.130Z,-3.599,150.996,438.4,5.6,mw,,,,0.8,us,usp0004bf5,2022-04-28T19:42:08.673Z,"115 km S of Kavieng, Papua New Guinea",earthquake,,3.0,,,reviewed,us,hrv
1990-07-06T12:14:05.760Z,24.566,142.16,33.0,4.7,mb,,,,1.2,us,usp0004bf6,2014-11-07T00:46:38.877Z,"Volcano Islands, Japan region",earthquake,,,,12.0,reviewed,us,us
1990-07-06T13:39:32.120Z,1.056,121.5,30.3,5.6,mw,,,,1.1,us,usp0004bf9,2022-04-28T19:42:09.856Z,"183 km WNW of Gorontalo, Indonesia",earthquake,,,,,reviewed,us,hrv
1990-07-06T19:34:52.490Z,36.861,49.303,34.6,5.3,mw,,,,0.9,us,usp0004bfm,2022-04-28T19:42:11.054Z,"16 km NW of P?deg?n-e Manj?l, Iran",earthquake,,,,,reviewed,us,hrv
1990-07-06T19:35:23.850Z,-6.355,146.342,108.6,4.5,mb,,,,0.9,us,usp0004bfn,2014-11-07T00:46:39.059Z,"53 km E of Kainantu, Papua New Guinea",earthquake,,18.4,,2.0,reviewed,us,us
1990-07-06T23:27:05.660Z,-14.87,167.233,33.0,4.8,mb,,,,0.9,us,usp0004bfu,2014-11-07T00:46:39.084Z,"25 km NE of Port-Olry, Vanuatu",earthquake,,,,4.0,reviewed,us,us
1990-07-07T03:57:01.890Z,30.194,130.317,100.0,4.6,mb,,,,1.3,us,usp0004bg4,2014-11-07T00:46:39.137Z,"13 km SW of Kurio, Japan",earthquake,,11.0,,12.0,reviewed,us,us
1990-07-07T10:01:28.810Z,1.087,121.396,33.0,4.7,mb,,,,1.3,us,usp0004bgf,2014-11-07T00:46:39.203Z,"195 km WNW of Gorontalo, Indonesia",earthquake,,,,3.0,reviewed,us,us
1990-07-07T10:33:40.240Z,-33.174,-72.316,9.1,4.8,mb,,,,1.0,us,usp0004bgj,2014-11-07T00:46:39.216Z,"65 km WSW of Valparaíso, Chile",earthquake,,4.2,,1.0,reviewed,us,us
1990-07-07T11:22:43.800Z,-8.96,123.203,158.9,4.6,mb,,,,1.0,us,usp0004bgm,2014-11-07T00:46:39.233Z,"94 km NW of Naisano Dua, Indonesia",earthquake,,25.5,,3.0,reviewed,us,us
1990-07-07T14:30:15.740Z,-7.211,129.892,116.9,4.8,mb,,,,1.4,us,usp0004bgu,2014-11-07T00:46:39.264Z,"Kepulauan Babar, Indonesia",earthquake,,22.7,,2.0,reviewed,us,us
1990-07-07T15:00:21.630Z,-5.683,148.752,154.3,5.1,mb,,,,0.8,us,usp0004bgw,2014-11-07T00:46:39.273Z,"105 km WNW of Kandrian, Papua New Guinea",earthquake,,6.3,,17.0,reviewed,us,us
1990-07-07T15:37:24.420Z,12.217,120.662,26.7,5.7,mw,,,,1.1,us,usp0004bgx,2022-04-28T19:42:12.253Z,"41 km SW of Adela, Philippines",earthquake,,,,,reviewed,us,hrv
1990-07-07T16:27:51.490Z,-5.981,154.318,66.0,5.2,mw,,,,1.0,us,usp0004bgy,2022-04-28T19:42:13.451Z,"134 km WNW of Panguna, Papua New Guinea",earthquake,,9.8,,,reviewed,us,hrv
1990-07-07T16:50:11.020Z,12.272,120.571,33.0,4.5,mb,,,,1.0,us,usp0004bgz,2014-11-07T00:46:39.377Z,"47 km WSW of Adela, Philippines",earthquake,,,,4.0,reviewed,us,us
1990-07-07T17:08:46.810Z,-29.865,-71.935,40.8,5.1,mb,,,,1.3,us,usp0004bh0,2014-11-07T00:46:39.383Z,"58 km W of Coquimbo, Chile",earthquake,,11.0,,6.0,reviewed,us,us
1990-07-07T17:34:40.830Z,48.104,154.502,33.0,4.5,mb,,,,0.5,us,usp0004bh1,2014-11-07T00:46:39.391Z,Kuril Islands,earthquake,,,,13.0,reviewed,us,us
1990-07-07T20:35:57.240Z,-15.516,168.091,33.0,5.2,mw,,,,1.0,us,usp0004bh8,2022-04-28T19:42:14.660Z,"96 km NE of Norsup, Vanuatu",earthquake,,,,,reviewed,us,hrv
1990-07-08T03:25:55.340Z,3.633,124.833,217.7,4.8,mb,,,,1.1,us,usp0004bhk,2014-11-07T00:46:39.489Z,"207 km SSW of Sarangani, Philippines",earthquake,,13.8,,6.0,reviewed,us,us
1990-07-08T06:55:30.390Z,-0.096,122.997,140.0,4.7,mb,,,,1.1,us,usp0004bht,2014-11-07T00:46:39.527Z,"70 km S of Gorontalo, Indonesia",earthquake,,7.7,,15.0,reviewed,us,us
1990-07-08T07:48:33.900Z,28.502,138.439,551.1,4.6,mb,,,,0.9,us,usp0004bhu,2014-11-07T00:46:39.558Z,"Bonin Islands, Japan region",earthquake,,11.0,,16.0,reviewed,us,us
1990-07-08T09:31:02.640Z,15.689,147.038,37.8,4.5,ms,,,,0.9,us,usp0004bhy,2014-11-07T00:46:39.572Z,"147 km ENE of Saipan, Northern Mariana Islands",earthquake,,12.6,,1.0,reviewed,us,us
1990-07-08T15:12:32.410Z,35.624,99.88,33.0,4.5,mb,,,,0.9,us,usp0004bj8,2014-11-07T00:46:39.596Z,"202 km SW of Xining, China",earthquake,,,,2.0,reviewed,us,us
1990-07-08T16:30:02.140Z,-17.827,-178.903,559.6,5.9,mw,,,,1.0,us,usp0004bjd,2022-04-28T19:42:15.808Z,"190 km E of Levuka, Fiji",earthquake,,3.2,,,reviewed,us,hrv
1990-07-08T17:29:08.580Z,-4.521,-12.294,10.0,5.1,ms,,,,0.8,us,usp0004bjf,2014-11-07T00:46:39.639Z,north of Ascension Island,earthquake,,,,1.0,reviewed,us,us
1990-07-08T19:45:40.710Z,18.394,-68.76,125.5,4.8,mb,,,,0.8,us,usp0004bjh,2014-11-07T00:46:39.650Z,"9 km WSW of San Rafael del Yuma, Dominican Republic",earthquake,,12.3,,1.0,reviewed,us,us
1990-07-08T21:13:07.410Z,41.084,142.159,63.6,4.9,mb,,,,0.9,us,usp0004bjm,2014-11-07T00:46:39.656Z,"78 km NE of Misawa, Japan",earthquake,,,,40.0,reviewed,us,us
1990-07-08T21:55:28.590Z,4.952,126.32,89.9,4.7,mb,,,,1.3,us,usp0004bjp,2014-11-07T00:46:39.675Z,"107 km ESE of Sarangani, Philippines",earthquake,,10.9,,11.0,reviewed,us,us
1990-07-08T22:26:35.860Z,-25.033,179.795,545.2,4.6,mb,,,,1.3,us,usp0004bjt,2014-11-07T00:46:39.685Z,south of the Fiji Islands,earthquake,,28.2,,7.0,reviewed,us,us
1990-07-08T23:27:19.420Z,1.132,121.468,39.1,5.2,mb,,,,1.2,us,usp0004bjy,2014-11-07T00:46:39.695Z,"189 km WNW of Gorontalo, Indonesia",earthquake,,13.6,,11.0,reviewed,us,us
1990-07-09T07:13:57.880Z,-7.984,-76.122,159.0,4.5,mb,,,,1.1,us,usp0004bkb,2014-11-07T00:46:39.721Z,"49 km ENE of Tocache, Peru",earthquake,,39.2,,1.0,reviewed,us,us
1990-07-09T08:25:17.910Z,24.24,122.431,28.6,4.7,mb,,,,1.2,us,usp0004bkd,2014-11-07T00:46:39.725Z,"62 km WSW of Yonakuni, Japan",earthquake,,6.6,,9.0,reviewed,us,us
1990-07-09T11:22:20.350Z,35.066,26.64,59.8,5.4,mw,,,,1.2,us,usp0004bkj,2022-04-28T19:42:16.887Z,"38 km ESE of Palekastro, Greece",earthquake,,,,,reviewed,us,hrv
1990-07-09T12:37:34.550Z,37.384,72.133,33.0,4.6,mb,,,,0.8,us,usp0004bkm,2014-11-07T00:46:39.765Z,"50 km NNW of Khand?d, Afghanistan",earthquake,,,,4.0,reviewed,us,us
1990-07-09T13:19:53.970Z,15.308,94.029,33.0,5.0,mb,,,,1.4,us,usp0004bkn,2014-11-07T00:46:39.766Z,near the south coast of Myanmar,earthquake,,,,5.0,reviewed,us,us
1990-07-09T15:11:20.380Z,5.395,31.654,12.6,6.6,mw,,,,1.2,us,usp0004bkr,2022-04-28T17:25:07.565Z,"60 km N of Juba, South Sudan",earthquake,,,,,reviewed,us,nc
1990-07-10T00:51:54.500Z,8.493,-103.127,33.0,5.8,mw,,,,0.9,us,usp0004bm0,2022-04-28T19:42:18.251Z,northern East Pacific Rise,earthquake,,,,,reviewed,us,hrv
1990-07-10T03:17:59.290Z,-10.353,161.119,66.3,6.4,mw,,,,1.0,us,usp0004bm5,2022-04-28T19:42:19.333Z,"88 km W of Kirakira, Solomon Islands",earthquake,,,,,reviewed,us,hrv
1990-07-10T04:51:14.290Z,30.63,138.599,410.3,4.5,mb,,,,0.7,us,usp0004bm6,2014-11-07T00:46:39.885Z,"Izu Islands, Japan region",earthquake,,6.5,,36.0,reviewed,us,us
1990-07-10T06:33:46.820Z,-43.884,169.211,10.0,5.2,mb,,,,1.3,us,usp0004bm7,2014-11-07T00:46:39.891Z,South Island of New Zealand,earthquake,,,,10.0,reviewed,us,us
1990-07-10T06:44:52.670Z,16.957,-99.271,46.8,4.5,mb,,,,1.1,us,usp0004bm8,2014-11-07T00:46:39.896Z,"3 km SSW of Tecoanapa, Mexico",earthquake,,9.7,,12.0,reviewed,us,us
1990-07-10T10:11:01.250Z,-19.58,-69.019,135.2,4.5,mb,,,,0.8,us,usp0004bmn,2014-11-07T00:46:39.929Z,"137 km ENE of Iquique, Chile",earthquake,,6.5,,2.0,reviewed,us,us
1990-07-10T10:23:24.900Z,7.943,-103.937,10.0,4.5,mb,,,,1.5,us,usp0004bmq,2014-11-07T00:46:39.932Z,northern East Pacific Rise,earthquake,,,,3.0,reviewed,us,us
1990-07-10T14:19:10.960Z,-15.027,-173.699,33.0,5.2,mw,,,,0.9,us,usp0004bmy,2025-12-19T21:01:09.363Z,"103 km N of Hihifo, Tonga",earthquake,,,,,reviewed,us,hrv
1990-07-10T18:24:11.390Z,-30.903,-177.777,33.0,5.3,mw,,,,1.4,us,usp0004bn5,2025-12-19T21:01:10.058Z,"Kermadec Islands, New Zealand",earthquake,,,,,reviewed,us,hrv
1990-07-10T20:56:39.340Z,6.945,127.45,15.9,4.6,mb,,,,0.8,us,usp0004bn9,2014-11-07T00:46:40.261Z,"104 km ESE of Santiago, Philippines",earthquake,,7.3,,8.0,reviewed,us,us
1990-07-10T21:20:11.390Z,-54.116,-29.488,33.0,4.5,ms,,,,0.9,us,usp0004bnb,2014-11-07T00:46:40.268Z,South Sandwich Islands region,earthquake,,,,1.0,reviewed,us,us
1990-07-10T21:51:21.740Z,-15.741,-75.551,35.8,5.2,mb,,,,1.0,us,usp0004bnd,2014-11-07T00:46:40.271Z,"58 km SW of San Juan, Peru",earthquake,,,,14.0,reviewed,us,us
1990-07-11T00:39:21.150Z,28.183,57.035,33.0,4.7,mb,,,,1.3,us,usp0004bnh,2014-11-07T00:46:40.281Z,"116 km N of M?n?b, Iran",earthquake,,,,29.0,reviewed,us,us
1990-07-11T00:46:08.730Z,-12.67,166.894,96.5,5.5,mb,,,,1.1,us,usp0004bnk,2022-04-28T19:42:20.553Z,"151 km NNW of Sola, Vanuatu",earthquake,,15.0,,19.0,reviewed,us,us
1990-07-11T02:04:38.000Z,15.262,147.493,33.0,4.8,mb,,,,0.8,us,usp0004bnn,2014-11-07T00:46:40.296Z,"186 km E of Saipan, Northern Mariana Islands",earthquake,,,,11.0,reviewed,us,us
1990-07-11T04:31:46.050Z,12.676,122.026,33.0,4.5,mb,,,,1.0,us,usp0004bns,2014-11-07T00:46:40.305Z,"7 km NW of Calatrava, Philippines",earthquake,,,,3.0,reviewed,us,us
1990-07-11T04:36:08.600Z,37.015,49.53,33.0,4.5,mb,,,,0.4,us,usp0004bnt,2014-11-07T00:46:40.307Z,"29 km S of Rasht, Iran",earthquake,,,,10.0,reviewed,us,us
1990-07-11T05:35:47.390Z,-13.65,-74.624,99.6,4.7,mb,,,,1.3,us,usp0004bnu,2014-11-07T00:46:40.309Z,"10 km WSW of Vilcanchos, Peru",earthquake,,10.5,,1.0,reviewed,us,us
1990-07-11T08:07:33.970Z,8.306,126.439,33.0,4.9,mb,,,,0.1,us,usp0004bp3,2014-11-07T00:46:40.337Z,"11 km E of Tidman, Philippines",earthquake,,,,2.0,reviewed,us,us
1990-07-11T11:37:17.570Z,54.151,-163.364,33.0,4.5,mb,,,,1.2,us,usp0004bpb,2014-11-07T00:46:40.350Z,"78 km S of False Pass, Alaska",earthquake,,,,7.0,reviewed,us,us
1990-07-11T12:47:03.990Z,15.158,147.434,41.0,4.7,mb,,,,0.7,us,usp0004bpg,2014-11-07T00:46:40.382Z,"180 km E of Saipan, Northern Mariana Islands",earthquake,,10.5,,6.0,reviewed,us,us
1990-07-11T13:07:25.010Z,-57.2,-25.49,61.9,5.5,mb,,,,0.9,us,usp0004bph,2022-04-28T19:42:21.965Z,South Sandwich Islands region,earthquake,,,,12.0,reviewed,us,us
1990-07-11T14:11:57.920Z,32.809,138.965,218.6,4.6,mb,,,,1.5,us,usp0004bpn,2014-11-07T00:46:40.400Z,"207 km S of Shimoda, Japan",earthquake,,13.5,,12.0,reviewed,us,us
1990-07-11T15:14:04.500Z,59.325,-136.47,10.0,5.5,mw,,,,0.18,ak,ak9908ts759e,2022-04-28T19:42:23.098Z,"27 km WSW of Covenant Life, Alaska",earthquake,,52.8,,,reviewed,ak,ak
1990-07-11T16:11:40.330Z,-37.115,176.186,443.8,4.9,mb,,,,0.7,us,usp0004bpv,2014-11-07T00:46:40.444Z,"29 km ENE of Whangamata, New Zealand",earthquake,,6.2,,3.0,reviewed,us,us
1990-07-11T16:38:40.450Z,-10.583,166.842,33.0,4.7,mb,,,,0.8,us,usp0004bpx,2014-11-07T00:46:40.450Z,"115 km E of Lata, Solomon Islands",earthquake,,,,4.0,reviewed,us,us
1990-07-11T17:34:48.990Z,-21.738,-177.295,202.6,5.2,mb,,,,1.4,us,usp0004bpz,2014-11-07T00:46:40.453Z,"225 km WSW of Haveluloto, Tonga",earthquake,,10.9,,12.0,reviewed,us,us
1990-07-11T19:48:08.140Z,-25.355,178.342,584.8,6.0,mw,,,,1.1,us,usp0004bq3,2022-04-28T19:42:24.255Z,south of the Fiji Islands,earthquake,,,,,reviewed,us,hrv
1990-07-11T19:49:13.920Z,-25.366,178.234,589.8,6.0,mw,,,,1.0,us,usp0004bq4,2022-04-28T19:42:25.475Z,south of the Fiji Islands,earthquake,,,,,reviewed,us,hrv
1990-07-12T06:50:48.220Z,-21.917,-179.383,597.4,4.6,mb,,,,0.6,us,usp0004bqt,2014-11-07T00:46:40.822Z,Fiji region,earthquake,,30.5,,5.0,reviewed,us,us
1990-07-12T09:03:52.420Z,24.02,-108.516,10.0,4.7,mb,,,,1.2,us,usp0004bqz,2014-11-07T00:46:40.831Z,"90 km SW of Altata, Mexico",earthquake,,,,11.0,reviewed,us,us
1990-07-12T11:09:35.110Z,-10.162,166.38,117.3,4.6,mb,,,,1.2,us,usp0004br2,2014-11-07T00:46:40.841Z,"89 km NE of Lata, Solomon Islands",earthquake,,22.3,,3.0,reviewed,us,us
1990-07-12T13:36:35.000Z,-8.399,156.385,20.2,4.7,mb,,,,1.0,us,usp0004br8,2014-11-07T00:46:40.853Z,"60 km WSW of Gizo, Solomon Islands",earthquake,,,,6.0,reviewed,us,us
1990-07-12T14:38:24.920Z,-60.39,-19.146,10.0,4.9,mb,,,,1.6,us,usp0004bra,2014-11-07T00:46:40.858Z,east of the South Sandwich Islands,earthquake,,,,7.0,reviewed,us,us
1990-07-12T15:02:00.720Z,12.997,51.076,10.0,4.5,mb,,,,1.1,us,usp0004brc,2014-11-07T00:46:40.872Z,"119 km NNE of Caluula, Somalia",earthquake,,,,1.0,reviewed,us,us
1990-07-12T16:48:25.970Z,12.168,120.645,33.0,4.5,mb,,,,1.6,us,usp0004brd,2014-11-07T00:46:40.875Z,"46 km SW of San Agustin, Philippines",earthquake,,,,3.0,reviewed,us,us
1990-07-12T19:20:13.160Z,-6.572,130.02,127.5,4.8,mb,,,,1.3,us,usp0004brk,2014-11-07T00:46:40.886Z,Banda Sea,earthquake,,14.6,,2.0,reviewed,us,us
1990-07-12T19:56:14.610Z,1.683,127.101,124.0,4.9,mb,,,,1.1,us,usp0004brn,2014-11-07T00:46:40.889Z,"101 km W of Tobelo, Indonesia",earthquake,,17.6,,4.0,reviewed,us,us
1990-07-12T20:27:04.880Z,29.516,103.183,30.8,4.6,mb,,,,1.2,us,usp0004brr,2014-11-07T00:46:40.894Z,"56 km W of Leshan, China",earthquake,,8.8,,13.0,reviewed,us,us
1990-07-12T20:36:52.730Z,2.256,98.175,101.9,4.6,mb,,,,1.0,us,usp0004brs,2014-11-07T00:46:40.899Z,"43 km E of Singkil, Indonesia",earthquake,,18.6,,15.0,reviewed,us,us
1990-07-12T23:08:22.530Z,14.647,-60.458,28.0,5.8,mw,,,,0.9,us,usp0004brv,2022-04-28T19:42:26.643Z,Windward Islands,earthquake,,,,,reviewed,us,hrv
1990-07-12T23:49:58.870Z,-22.556,-177.0,201.9,4.8,mb,,,,1.0,us,usp0004bry,2014-11-07T00:46:40.943Z,"241 km SW of Haveluloto, Tonga",earthquake,,,,10.0,reviewed,us,us
1990-07-13T08:11:37.330Z,-6.245,154.787,59.4,5.5,mw,,,,1.1,us,usp0004bse,2022-04-28T19:42:27.816Z,"77 km W of Panguna, Papua New Guinea",earthquake,,,,,reviewed,us,hrv
1990-07-13T08:36:36.910Z,-13.295,-112.27,10.0,5.5,mw,,,,1.4,us,usp0004bsh,2025-12-19T21:01:10.881Z,central East Pacific Rise,earthquake,,,,,reviewed,us,hrv
1990-07-13T08:42:59.120Z,54.467,-161.223,97.4,4.5,mb,,,,1.4,us,usp0004bsj,2014-11-07T00:46:41.030Z,"96 km SE of King Cove, Alaska",earthquake,,17.6,,1.0,reviewed,us,us
1990-07-13T13:04:10.560Z,36.481,50.068,33.0,4.7,mb,,,,1.1,us,usp0004bsw,2014-11-07T00:46:41.053Z,"24 km NNE of Qazvin, Iran",earthquake,,,,25.0,reviewed,us,us
1990-07-13T13:50:25.640Z,12.925,-87.723,22.4,5.0,ms,,,,1.1,us,usp0004bsx,2020-08-28T23:58:05.867Z,"35 km NW of Jiquilillo, Nicaragua",earthquake,,,,1.0,reviewed,us,us
1990-07-13T14:09:36.260Z,45.611,148.826,33.0,4.6,mb,,,,1.2,us,usp0004bsy,2014-11-07T00:46:41.063Z,"85 km ENE of Kuril’sk, Russia",earthquake,,,,4.0,reviewed,us,us
1990-07-13T14:20:43.470Z,36.415,70.789,216.8,6.4,mw,,,,1.1,us,usp0004bt0,2022-04-28T19:42:28.941Z,"50 km S of Jurm, Afghanistan",earthquake,,,,,reviewed,us,hrv
1990-07-13T16:07:40.130Z,39.505,143.317,33.0,4.5,mb,,,,1.1,us,usp0004bt1,2014-11-07T00:46:41.119Z,"117 km E of Yamada, Japan",earthquake,,,,4.0,reviewed,us,us
1990-07-13T16:26:01.480Z,-7.602,128.32,171.3,4.8,mb,,,,1.4,us,usp0004bt2,2014-11-07T00:46:41.121Z,"177 km NE of Lospalos, Timor Leste",earthquake,,47.3,,2.0,reviewed,us,us
1990-07-13T17:48:06.890Z,-30.08,179.095,517.0,4.5,mb,,,,1.1,us,usp0004bt4,2014-11-07T00:46:41.125Z,Kermadec Islands region,earthquake,,14.8,,5.0,reviewed,us,us
1990-07-13T22:12:06.770Z,39.598,143.512,20.1,4.8,mb,,,,1.1,us,usp0004btg,2014-11-07T00:46:41.153Z,"135 km E of Miyako, Japan",earthquake,,,,25.0,reviewed,us,us
1990-07-13T23:42:34.710Z,-17.987,-178.568,575.7,4.8,mb,,,,1.0,us,usp0004btn,2014-11-07T00:46:41.164Z,"224 km E of Levuka, Fiji",earthquake,,6.2,,8.0,reviewed,us,us
1990-07-14T02:21:58.470Z,-6.251,154.958,59.9,5.0,mb,,,,0.8,us,usp0004btv,2014-11-07T00:46:41.186Z,"58 km W of Panguna, Papua New Guinea",earthquake,,,,18.0,reviewed,us,us
1990-07-14T02:28:49.870Z,8.904,126.286,84.8,4.9,mb,,,,1.3,us,usp0004btw,2014-11-07T00:46:41.192Z,"3 km S of Bacolod, Philippines",earthquake,,10.8,,11.0,reviewed,us,us
1990-07-14T03:48:32.410Z,-10.484,161.411,91.9,5.4,mw,,,,0.9,us,usp0004btx,2025-12-19T21:01:11.692Z,"55 km W of Kirakira, Solomon Islands",earthquake,,6.8,,,reviewed,us,hrv
1990-07-14T03:51:55.820Z,20.528,100.67,29.4,4.5,mb,,,,1.3,us,usp0004bty,2014-11-07T00:46:41.247Z,"38 km NE of Ban Houakhoua, Laos",earthquake,,15.0,,23.0,reviewed,us,us
1990-07-14T05:54:25.490Z,0.003,-17.376,11.1,6.6,mw,,,,1.0,us,usp0004bu4,2022-04-28T19:42:30.102Z,north of Ascension Island,earthquake,,,,,reviewed,us,hrv
1990-07-14T07:24:39.680Z,-0.074,-17.523,11.7,5.7,mw,,,,0.9,us,usp0004bu7,2022-04-28T19:42:35.501Z,north of Ascension Island,earthquake,,,,,reviewed,us,hrv
1990-07-14T09:56:45.770Z,11.732,143.162,33.0,5.0,mb,,,,1.0,us,usp0004bug,2014-11-07T00:46:41.398Z,"235 km SW of Merizo Village, Guam",earthquake,,,,15.0,reviewed,us,us
1990-07-14T10:08:00.510Z,11.801,143.065,16.9,4.6,mb,,,,1.0,us,usp0004buh,2014-11-07T00:46:41.404Z,"238 km SW of Merizo Village, Guam",earthquake,,,,8.0,reviewed,us,us
1990-07-14T14:36:05.430Z,-14.174,65.985,10.0,4.7,mb,,,,1.0,us,usp0004buq,2014-11-07T00:46:41.416Z,Mid-Indian Ridge,earthquake,,,,3.0,reviewed,us,us
1990-07-14T14:55:03.780Z,-5.332,146.99,190.4,4.8,mb,,,,1.3,us,usp0004bus,2014-11-07T00:46:41.418Z,"133 km E of Madang, Papua New Guinea",earthquake,,14.6,,4.0,reviewed,us,us
1990-07-14T16:12:26.450Z,11.721,143.165,26.6,5.6,mw,,,,1.1,us,usp0004bux,2022-04-28T19:42:41.081Z,"236 km SW of Merizo Village, Guam",earthquake,,,,,reviewed,us,hrv
1990-07-14T16:30:01.290Z,11.837,143.234,33.0,4.9,mb,,,,1.2,us,usp0004bv0,2014-11-07T00:46:41.447Z,"222 km SW of Merizo Village, Guam",earthquake,,,,17.0,reviewed,us,us
1990-07-14T18:49:31.960Z,-17.411,-174.283,160.5,5.7,mw,,,,1.3,us,usp0004bv6,2022-04-28T19:42:46.896Z,"140 km NNW of Neiafu, Tonga",earthquake,,,,,reviewed,us,hrv
1990-07-14T19:50:09.030Z,13.696,144.854,130.4,4.7,mb,,,,1.2,us,usp0004bv9,2014-11-07T00:46:41.499Z,"18 km NNW of Yigo Village, Guam",earthquake,,,,8.0,reviewed,us,us
1990-07-14T20:32:43.070Z,38.369,70.221,33.0,4.5,mb,,,,0.3,us,usp0004bvc,2014-11-07T00:46:41.507Z,"33 km NNE of M?’minobod, Tajikistan",earthquake,,,,4.0,reviewed,us,us
1990-07-15T05:32:41.620Z,52.854,-168.349,60.0,5.3,mw,,,,1.0,us,usp0004bw2,2022-04-28T19:42:53.138Z,"35 km ESE of Nikolski, Alaska",earthquake,,6.8,,,reviewed,us,hrv
1990-07-15T06:14:52.000Z,51.154,-178.99,33.0,4.5,mb,,,,1.2,us,usp0004bw4,2014-11-07T00:46:41.562Z,"Andreanof Islands, Aleutian Islands, Alaska",earthquake,,,,7.0,reviewed,us,us
1990-07-15T07:26:39.080Z,-6.589,104.996,33.0,5.1,ms,,,,1.2,us,usp0004bw5,2014-11-07T00:46:41.565Z,"95 km WSW of Labuan, Indonesia",earthquake,,,,2.0,reviewed,us,us
1990-07-15T09:51:31.230Z,13.328,-45.146,10.0,4.8,mb,,,,1.0,us,usp0004bw7,2014-11-07T00:46:41.575Z,northern Mid-Atlantic Ridge,earthquake,,,,4.0,reviewed,us,us
1990-07-15T09:57:53.100Z,39.523,75.142,33.0,4.5,mb,,,,1.0,us,usp0004bw8,2014-11-07T00:46:41.577Z,"73 km W of Kashgar, China",earthquake,,,,9.0,reviewed,us,us
1990-07-15T10:01:06.690Z,-23.124,-175.21,38.2,5.4,mw,,,,1.3,us,usp0004bw9,2025-12-19T20:56:23.370Z,"200 km S of ‘Ohonua, Tonga",earthquake,,,,,reviewed,us,hrv
1990-07-15T10:10:18.960Z,-2.429,-77.827,132.9,4.6,mb,,,,1.7,us,usp0004bwa,2014-11-07T00:46:41.588Z,"34 km ESE of Macas, Ecuador",earthquake,,11.0,,2.0,reviewed,us,us
1990-07-15T15:08:28.380Z,5.002,32.188,10.0,4.5,mb,,,,1.1,us,usp0004bwj,2020-08-28T23:58:42.854Z,"69 km ENE of Juba, South Sudan",earthquake,,,,2.0,reviewed,us,us
1990-07-15T19:11:18.490Z,44.616,-28.382,10.0,4.8,mb,,,,1.4,us,usp0004bws,2014-11-07T00:46:41.614Z,northern Mid-Atlantic Ridge,earthquake,,,,26.0,reviewed,us,us
1990-07-15T20:13:29.920Z,-9.126,118.223,86.8,5.3,mw,,,,1.4,us,usp0004bwv,2025-12-19T21:01:12.949Z,"70 km SSW of Dompu, Indonesia",earthquake,,,,,reviewed,us,hrv
1990-07-15T21:50:36.320Z,36.493,25.519,23.4,4.5,mb,,,,1.3,us,usp0004bwx,2014-11-07T00:46:41.638Z,"11 km NE of Firá, Greece",earthquake,,4.1,,40.0,reviewed,us,us
1990-07-15T23:31:07.820Z,37.786,71.092,33.0,4.7,mb,,,,0.2,us,usp0004bx3,2014-11-07T00:46:41.684Z,"52 km NW of Khorugh, Tajikistan",earthquake,,,,2.0,reviewed,us,us
1990-07-16T05:11:12.450Z,32.331,142.311,48.8,4.9,mb,,,,0.9,us,usp0004bxh,2014-11-07T00:46:41.707Z,"Izu Islands, Japan region",earthquake,,,,11.0,reviewed,us,us
1990-07-16T07:12:23.870Z,24.217,121.841,23.3,5.0,mb,,,,1.1,us,usp0004bxq,2014-11-07T00:46:41.722Z,"35 km NE of Hualien City, Taiwan",earthquake,,,,28.0,reviewed,us,us
1990-07-16T07:26:34.610Z,15.679,121.172,25.1,7.7,mw,,,,1.1,us,usp0004bxs,2022-04-28T19:42:58.516Z,"4 km E of Macapsing, Philippines",earthquake,,,,,reviewed,us,hrv
1990-07-16T07:38:11.730Z,16.619,120.404,33.0,5.3,mb,,,,1.0,us,usp0004bxu,2014-11-07T00:46:41.862Z,"3 km WNW of Bagulin, Philippines",earthquake,,,,6.0,reviewed,us,us
1990-07-16T07:40:36.880Z,16.857,120.35,33.0,5.3,mb,,,,0.5,us,usp0004bxv,2014-11-07T00:46:41.875Z,"5 km WSW of Rimus, Philippines",earthquake,,,,4.0,reviewed,us,us
1990-07-16T07:45:58.750Z,15.664,121.178,33.0,5.2,mb,,,,1.0,us,usp0004bxy,2014-11-07T00:46:41.927Z,"5 km NE of Bongabon, Philippines",earthquake,,,,4.0,reviewed,us,us
1990-07-16T07:53:51.890Z,16.293,120.408,33.0,5.4,mb,,,,0.9,us,usp0004bxz,2022-04-28T19:42:59.616Z,"1 km NE of Bail, Philippines",earthquake,,,,21.0,reviewed,us,us
1990-07-16T07:59:39.360Z,15.762,121.038,33.0,4.9,mb,,,,1.3,us,usp0004by0,2014-11-07T00:46:41.937Z,"0 km NNW of Porais, Philippines",earthquake,,,,6.0,reviewed,us,us
1990-07-16T08:00:52.460Z,16.499,120.24,33.0,5.2,mb,,,,1.4,us,usp0004by1,2014-11-07T00:46:41.940Z,"9 km W of Payocpoc Sur, Philippines",earthquake,,,,10.0,reviewed,us,us
1990-07-16T08:05:55.970Z,16.207,120.612,33.0,4.8,mb,,,,1.6,us,usp0004by2,2014-11-07T00:46:41.944Z,"7 km NE of Labayug, Philippines",earthquake,,,,3.0,reviewed,us,us
1990-07-16T08:17:07.900Z,15.752,120.747,33.0,4.6,mb,,,,1.1,us,usp0004by3,2014-11-07T00:46:41.946Z,"4 km NW of San Andres, Philippines",earthquake,,,,7.0,reviewed,us,us
1990-07-16T08:25:06.340Z,15.463,120.756,33.0,4.6,mb,,,,0.4,us,usp0004by4,2014-11-07T00:46:42.060Z,"2 km SW of Santa Lucia, Philippines",earthquake,,,,4.0,reviewed,us,us
1990-07-16T08:26:59.960Z,16.332,121.014,33.0,4.8,mb,,,,0.9,us,usp0004by5,2014-11-07T00:46:42.128Z,"4 km S of Salinas, Philippines",earthquake,,,,12.0,reviewed,us,us
1990-07-16T08:30:32.930Z,16.165,120.179,33.0,5.0,mb,,,,1.4,us,usp0004by6,2014-11-07T00:46:42.133Z,"11 km ENE of Pangascasan, Philippines",earthquake,,,,7.0,reviewed,us,us
1990-07-16T08:32:00.990Z,16.753,120.471,33.0,5.0,mb,,,,0.5,us,usp0004by7,2014-11-07T00:46:42.245Z,"5 km SSE of Corrooy, Philippines",earthquake,,,,6.0,reviewed,us,us
1990-07-16T08:35:32.700Z,16.18,120.857,33.0,5.3,mb,,,,1.2,us,usp0004by8,2014-11-07T00:46:42.252Z,"12 km NE of Cabalitian, Philippines",earthquake,,,,28.0,reviewed,us,us
1990-07-16T08:43:56.990Z,15.672,120.912,33.0,4.9,mb,,,,1.2,us,usp0004by9,2014-11-07T00:46:42.304Z,"2 km E of Maligaya, Philippines",earthquake,,,,14.0,reviewed,us,us
1990-07-16T08:50:23.140Z,16.407,121.072,33.0,5.2,mb,,,,1.1,us,usp0004bya,2014-11-07T00:46:42.412Z,"4 km WNW of Bambang, Philippines",earthquake,,,,40.0,reviewed,us,us
1990-07-16T09:03:01.850Z,15.979,120.434,33.0,4.5,mb,,,,1.3,us,usp0004byd,2014-11-07T00:46:42.460Z,"2 km WSW of Maticmatic, Philippines",earthquake,,,,6.0,reviewed,us,us
1990-07-16T09:07:55.230Z,16.309,120.333,33.0,4.6,mb,,,,0.7,us,usp0004byf,2014-11-07T00:46:42.465Z,"4 km W of Namboongan, Philippines",earthquake,,,,2.0,reviewed,us,us
1990-07-16T09:11:30.430Z,16.477,120.469,33.0,4.8,mb,,,,1.1,us,usp0004byg,2014-11-07T00:46:42.466Z,"3 km WSW of Sablan, Philippines",earthquake,,,,13.0,reviewed,us,us
1990-07-16T09:15:39.820Z,15.785,120.66,33.0,4.8,mb,,,,0.6,us,usp0004byj,2014-11-07T00:46:42.473Z,"0 km NW of Cuyapo, Philippines",earthquake,,,,3.0,reviewed,us,us
1990-07-16T09:16:06.520Z,16.34,120.888,23.4,5.3,mb,,,,1.3,us,usp0004byk,2014-11-07T00:46:42.476Z,"14 km WSW of Salinas, Philippines",earthquake,,,,27.0,reviewed,us,us
1990-07-16T09:28:33.280Z,15.533,120.955,33.0,4.9,mb,,,,0.8,us,usp0004bym,2014-11-07T00:46:42.484Z,"1 km SSW of Buliran, Philippines",earthquake,,,,9.0,reviewed,us,us
1990-07-16T09:29:06.680Z,16.385,120.412,18.2,5.6,mb,,,,1.0,us,usp0004byn,2022-04-28T19:43:06.057Z,"2 km N of Halog West, Philippines",earthquake,,,,60.0,reviewed,us,us
1990-07-16T09:35:13.810Z,16.359,120.527,33.0,4.9,mb,,,,1.4,us,usp0004byq,2014-11-07T00:46:42.504Z,"4 km NE of Taloy, Philippines",earthquake,,,,11.0,reviewed,us,us
1990-07-16T09:39:21.770Z,16.521,120.93,15.7,5.6,mb,,,,1.2,us,usp0004byu,2022-04-28T19:43:11.636Z,"19 km NNW of Salinas, Philippines",earthquake,,,,58.0,reviewed,us,us
1990-07-16T09:47:08.470Z,16.765,120.806,33.0,4.5,mb,,,,1.2,us,usp0004byv,2014-11-07T00:46:42.527Z,"2 km NE of Gambang, Philippines",earthquake,,,,6.0,reviewed,us,us
1990-07-16T09:51:43.940Z,16.263,121.074,33.0,4.7,mb,,,,1.2,us,usp0004byw,2014-11-07T00:46:42.529Z,"5 km SE of Aritao, Philippines",earthquake,,,,6.0,reviewed,us,us
1990-07-16T10:05:49.470Z,16.363,121.848,33.0,4.6,mb,,,,1.3,us,usp0004byx,2014-11-07T00:46:42.531Z,"16 km ENE of Dumabato, Philippines",earthquake,,,,5.0,reviewed,us,us
1990-07-16T10:08:13.420Z,36.123,141.354,33.0,5.0,mb,,,,0.9,us,usp0004byy,2014-11-07T00:46:42.532Z,"63 km NE of Hasaki, Japan",earthquake,,,,32.0,reviewed,us,us
1990-07-16T10:12:57.510Z,9.218,125.518,33.0,5.3,mb,,,,1.3,us,usp0004byz,2022-04-28T19:43:13.173Z,"5 km WSW of Jagupit, Philippines",earthquake,,,,25.0,reviewed,us,us
1990-07-16T10:15:58.700Z,15.108,120.413,33.0,4.8,mb,,,,1.4,us,usp0004bz0,2014-11-07T00:46:42.559Z,"11 km WNW of Babo-Pangulo, Philippines",earthquake,,,,5.0,reviewed,us,us
1990-07-16T10:24:24.270Z,16.445,120.945,33.0,5.2,mb,,,,1.1,us,usp0004bz1,2014-11-07T00:46:42.561Z,"11 km NW of Salinas, Philippines",earthquake,,,,24.0,reviewed,us,us
1990-07-16T10:32:56.640Z,16.421,120.215,33.0,4.6,mb,,,,1.1,us,usp0004bz2,2014-11-07T00:46:42.571Z,"13 km W of Caba, Philippines",earthquake,,,,3.0,reviewed,us,us
1990-07-16T11:05:39.790Z,16.057,120.472,33.0,4.5,mb,,,,1.1,us,usp0004bz7,2014-11-07T00:46:42.578Z,"2 km NW of Manaoag, Philippines",earthquake,,,,3.0,reviewed,us,us
1990-07-16T11:14:10.990Z,16.383,121.123,33.0,4.5,mb,,,,1.3,us,usp0004bz8,2014-11-07T00:46:42.579Z,"1 km SW of San Fernando, Philippines",earthquake,,,,6.0,reviewed,us,us
1990-07-16T11:18:02.680Z,15.683,120.391,33.0,4.6,mb,,,,1.4,us,usp0004bz9,2014-11-07T00:46:42.581Z,"2 km W of Camiling, Philippines",earthquake,,,,5.0,reviewed,us,us
1990-07-16T11:29:28.860Z,16.291,120.496,33.0,4.8,mb,,,,1.4,us,usp0004bza,2014-11-07T00:46:42.583Z,"2 km WSW of Tabaan, Philippines",earthquake,,,,12.0,reviewed,us,us
1990-07-16T11:39:47.380Z,16.203,120.473,33.0,4.7,mb,,,,1.4,us,usp0004bzb,2014-11-07T00:46:42.586Z,"3 km SW of Subusub, Philippines",earthquake,,,,4.0,reviewed,us,us
1990-07-16T12:17:09.850Z,16.345,121.191,33.0,4.6,mb,,,,1.0,us,usp0004bzd,2014-11-07T00:46:42.590Z,"7 km ENE of Mabasa, Philippines",earthquake,,,,6.0,reviewed,us,us
1990-07-16T12:18:36.960Z,16.076,120.983,33.0,4.8,mb,,,,1.2,us,usp0004bze,2014-11-07T00:46:42.591Z,"7 km W of Burgos, Philippines",earthquake,,,,17.0,reviewed,us,us
1990-07-16T12:32:05.980Z,16.208,120.797,33.0,5.0,mb,,,,1.3,us,usp0004bzf,2014-11-07T00:46:42.596Z,"13 km N of Cabalitian, Philippines",earthquake,,,,15.0,reviewed,us,us
1990-07-16T12:35:11.100Z,39.299,141.877,68.3,5.0,mb,,,,0.9,us,usp0004bzg,2014-11-07T00:46:42.600Z,"2 km NNE of Kamaishi, Japan",earthquake,,5.0,,40.0,reviewed,us,us
1990-07-16T13:02:41.880Z,15.746,121.224,33.0,5.4,mb,,,,1.1,us,usp0004bzh,2022-04-28T19:43:18.764Z,"5 km ENE of General Luna, Philippines",earthquake,,,,41.0,reviewed,us,us
1990-07-16T13:17:37.520Z,16.226,120.375,33.0,4.9,mb,,,,1.2,us,usp0004bzk,2014-11-07T00:46:42.623Z,"3 km WSW of Damortis, Philippines",earthquake,,,,7.0,reviewed,us,us
1990-07-16T13:31:13.220Z,16.285,120.457,12.7,5.7,ms,,,,1.0,us,usp0004bzn,2022-04-28T19:43:24.432Z,"2 km NNE of Caronoan West, Philippines",earthquake,,,,7.0,reviewed,us,us
1990-07-16T13:40:22.320Z,16.304,120.505,33.0,4.9,mb,,,,1.1,us,usp0004bzp,2014-11-07T00:46:42.646Z,"1 km WNW of Tabaan, Philippines",earthquake,,,,8.0,reviewed,us,us
1990-07-16T13:43:38.930Z,15.532,120.858,33.0,4.5,mb,,,,1.3,us,usp0004bzq,2014-11-07T00:46:42.686Z,"1 km NNW of Bibiclat, Philippines",earthquake,,,,3.0,reviewed,us,us
1990-07-16T13:44:15.730Z,-15.192,-173.6,33.0,4.7,mb,,,,0.8,us,usp0004bzr,2014-11-07T00:46:42.689Z,"86 km NNE of Hihifo, Tonga",earthquake,,,,7.0,reviewed,us,us
1990-07-16T14:17:32.280Z,15.457,120.998,33.0,4.5,mb,,,,0.9,us,usp0004bzs,2014-11-07T00:46:42.692Z,"3 km NNE of Soledad, Philippines",earthquake,,,,3.0,reviewed,us,us
1990-07-16T14:51:35.700Z,-32.46,-69.958,102.0,5.7,mb,,,,1.2,us,usp0004bzv,2022-04-28T19:43:30.849Z,"72 km NE of Los Andes, Chile",earthquake,,,,64.0,reviewed,us,us
1990-07-16T15:04:27.030Z,16.31,120.443,33.0,5.4,mb,,,,0.9,us,usp0004bzx,2022-04-28T19:43:32.772Z,"2 km SSE of Lloren, Philippines",earthquake,,,,27.0,reviewed,us,us
1990-07-16T15:08:07.610Z,16.509,120.62,33.0,5.3,mb,,,,1.2,us,usp0004bzz,2014-11-07T00:46:42.740Z,"3 km SSE of Tublay, Philippines",earthquake,,,,2.0,reviewed,us,us
1990-07-16T15:18:13.040Z,16.116,120.369,33.0,4.5,mb,,,,1.6,us,usp0004c01,2014-11-07T00:46:42.744Z,"2 km W of Sagud-Bahley, Philippines",earthquake,,,,2.0,reviewed,us,us
1990-07-16T15:32:14.800Z,15.606,121.353,33.0,4.9,mb,,,,1.1,us,usp0004c03,2014-11-07T00:46:42.746Z,"12 km NNE of Ligaya, Philippines",earthquake,,,,14.0,reviewed,us,us
1990-07-16T15:46:34.880Z,16.048,120.348,33.0,4.5,mb,,,,1.0,us,usp0004c04,2014-11-07T00:46:42.751Z,"1 km ENE of Dagupan, Philippines",earthquake,,,,1.0,reviewed,us,us
1990-07-16T16:03:16.810Z,17.213,120.864,33.0,4.6,mb,,,,1.5,us,usp0004c06,2014-11-07T00:46:42.754Z,"13 km N of Besao, Philippines",earthquake,,,,5.0,reviewed,us,us
1990-07-16T16:14:47.320Z,13.853,120.702,175.9,4.7,mb,,,,0.9,us,usp0004c07,2014-11-07T00:46:42.756Z,"0 km N of Hukay, Philippines",earthquake,,13.5,,15.0,reviewed,us,us
1990-07-16T16:19:34.010Z,16.338,120.424,33.0,5.3,mb,,,,1.0,us,usp0004c08,2022-04-28T19:43:35.126Z,"1 km WNW of Lloren, Philippines",earthquake,,,,36.0,reviewed,us,us
1990-07-16T16:47:39.740Z,16.073,120.265,33.0,4.5,mb,,,,1.1,us,usp0004c0a,2014-11-07T00:46:42.772Z,"4 km N of Binmaley, Philippines",earthquake,,,,5.0,reviewed,us,us
1990-07-16T16:53:37.620Z,15.802,121.258,33.0,4.7,mb,,,,1.3,us,usp0004c0c,2014-11-07T00:46:42.775Z,"11 km NE of General Luna, Philippines",earthquake,,,,10.0,reviewed,us,us
1990-07-16T17:02:27.120Z,16.315,120.607,33.0,4.6,mb,,,,1.1,us,usp0004c0d,2014-11-07T00:46:42.779Z,"9 km SW of Itogon, Philippines",earthquake,,,,8.0,reviewed,us,us
1990-07-16T17:25:22.570Z,15.753,121.294,33.0,4.8,mb,,,,1.2,us,usp0004c0e,2014-11-07T00:46:42.781Z,"12 km ENE of General Luna, Philippines",earthquake,,,,9.0,reviewed,us,us
1990-07-16T17:39:40.110Z,15.999,121.127,33.0,4.6,mb,,,,1.4,us,usp0004c0f,2014-11-07T00:46:42.784Z,"7 km ENE of Carranglan, Philippines",earthquake,,,,6.0,reviewed,us,us
1990-07-16T18:26:30.710Z,16.385,120.724,33.0,4.5,mb,,,,1.5,us,usp0004c0m,2014-11-07T00:46:42.792Z,"5 km ENE of Itogon, Philippines",earthquake,,,,4.0,reviewed,us,us
1990-07-16T19:14:51.740Z,24.249,121.818,18.8,5.7,mw,,,,1.0,us,usp0004c0q,2022-04-28T19:43:37.144Z,"37 km NE of Hualien City, Taiwan",earthquake,,,,,reviewed,us,hrv
1990-07-16T19:45:25.110Z,16.365,120.546,33.0,5.4,mw,,,,0.9,us,usp0004c0t,2022-04-28T19:43:38.644Z,"6 km NE of Taloy, Philippines",earthquake,,,,,reviewed,us,hrv
1990-07-16T20:16:02.890Z,16.425,120.547,12.9,5.2,mb,,,,1.4,us,usp0004c0x,2014-11-07T00:46:43.108Z,"4 km SE of Bayabas, Philippines",earthquake,,,,28.0,reviewed,us,us
1990-07-16T20:31:24.960Z,17.519,121.048,33.0,5.1,mb,,,,1.2,us,usp0004c0y,2022-04-28T19:43:40.243Z,"17 km NNW of Pasil, Philippines",earthquake,,,,35.0,reviewed,us,us
1990-07-16T20:35:07.330Z,17.302,120.86,33.0,4.5,mb,,,,1.5,us,usp0004c0z,2014-11-07T00:46:43.162Z,"18 km SE of Bantay, Philippines",earthquake,,,,3.0,reviewed,us,us
1990-07-16T20:44:18.440Z,15.47,121.317,33.0,5.0,mb,,,,1.1,us,usp0004c10,2014-11-07T00:46:43.182Z,"1 km SE of Bagong-Sikat, Philippines",earthquake,,,,24.0,reviewed,us,us
1990-07-16T21:09:14.940Z,-17.933,-178.424,574.0,4.9,mb,,,,1.3,us,usp0004c12,2014-11-07T00:46:43.215Z,"239 km E of Levuka, Fiji",earthquake,,8.9,,6.0,reviewed,us,us
1990-07-16T21:26:21.300Z,16.281,120.488,33.0,5.0,mb,,,,1.1,us,usp0004c13,2014-11-07T00:46:43.395Z,"2 km NNE of Inabaan Sur, Philippines",earthquake,,,,18.0,reviewed,us,us
1990-07-16T21:27:14.860Z,16.47,120.317,33.0,5.0,mb,,,,1.1,us,usp0004c14,2014-11-07T00:46:43.466Z,"2 km SSW of Payocpoc Sur, Philippines",earthquake,,,,3.0,reviewed,us,us
1990-07-16T21:28:42.710Z,15.397,121.579,33.0,4.8,mb,,,,0.9,us,usp0004c15,2014-11-07T00:46:43.468Z,"19 km E of Dingalan, Philippines",earthquake,,,,1.0,reviewed,us,us
1990-07-16T21:29:57.520Z,16.121,120.19,24.9,4.9,mb,,,,1.6,us,usp0004c16,2014-11-07T00:46:43.470Z,"10 km ENE of Agoo, Philippines",earthquake,,,,11.0,reviewed,us,us
1990-07-17T00:06:53.550Z,17.155,120.962,33.0,4.8,ms,,,,1.2,us,usp0004c1c,2014-11-07T00:46:43.485Z,"7 km NNW of Bontoc, Philippines",earthquake,,,,1.0,reviewed,us,us
1990-07-17T00:18:39.730Z,15.316,147.112,27.3,5.4,mb,,,,0.9,us,usp0004c1d,2022-04-28T19:43:41.704Z,"146 km E of Saipan, Northern Mariana Islands",earthquake,,,,32.0,reviewed,us,us
1990-07-17T00:31:06.240Z,16.067,120.62,33.0,4.9,mb,,,,0.8,us,usp0004c1f,2014-11-07T00:46:43.502Z,"3 km ENE of Binalonan, Philippines",earthquake,,,,10.0,reviewed,us,us
1990-07-17T02:45:04.530Z,15.883,121.039,33.0,4.5,mb,,,,1.2,us,usp0004c1k,2014-11-07T00:46:43.510Z,"5 km N of Tayabo, Philippines",earthquake,,,,5.0,reviewed,us,us
1990-07-17T03:37:27.890Z,48.779,131.908,33.0,4.6,mb,,,,1.4,us,usp0004c1m,2014-11-07T00:46:43.512Z,"27 km SSW of Londoko, Russia",earthquake,,,,11.0,reviewed,us,us
1990-07-17T03:59:53.730Z,15.697,121.179,33.0,4.8,mb,,,,1.1,us,usp0004c1p,2014-11-07T00:46:43.517Z,"3 km S of General Luna, Philippines",earthquake,,,,6.0,reviewed,us,us
1990-07-17T04:02:09.230Z,37.137,49.979,33.0,4.6,mb,,,,0.9,us,usp0004c1q,2014-11-07T00:46:43.518Z,"14 km SSE of ?st?neh-ye Ashraf?yeh, Iran",earthquake,,,,16.0,reviewed,us,us
1990-07-17T04:05:22.190Z,-0.294,122.761,94.8,5.1,mw,,,,1.1,us,usp0004c1r,2025-12-19T21:01:13.729Z,"72 km N of Luwuk, Indonesia",earthquake,,8.0,,,reviewed,us,hrv
1990-07-17T04:46:04.230Z,15.351,121.364,33.0,4.7,mb,,,,1.4,us,usp0004c1s,2014-11-07T00:46:43.527Z,"4 km N of Cabog, Philippines",earthquake,,,,9.0,reviewed,us,us
1990-07-17T06:11:12.750Z,16.248,120.985,12.8,5.4,mw,,,,1.4,us,usp0004c1x,2025-12-19T21:01:14.609Z,"1 km WNW of Bone South, Philippines",earthquake,,,,,reviewed,us,hrv
1990-07-17T07:20:24.880Z,1.205,121.501,33.0,5.1,mb,,,,1.2,us,usp0004c20,2014-11-07T00:46:43.549Z,"188 km WNW of Gorontalo, Indonesia",earthquake,,,,12.0,reviewed,us,us
1990-07-17T09:30:36.130Z,16.115,120.483,33.0,4.6,mb,,,,1.0,us,usp0004c26,2014-11-07T00:46:43.558Z,"2 km NE of Labney, Philippines",earthquake,,,,8.0,reviewed,us,us
1990-07-17T10:59:13.970Z,15.689,121.198,33.0,4.6,mb,,,,1.2,us,usp0004c2a,2014-11-07T00:46:43.577Z,"5 km SSE of General Luna, Philippines",earthquake,,,,5.0,reviewed,us,us
1990-07-17T11:23:32.980Z,15.553,-93.623,33.0,4.5,mb,,,,1.0,us,usp0004c2b,2014-11-07T00:46:43.580Z,"28 km S of Manuel Ávila Camacho (Ponte Duro), Mexico",earthquake,,,,7.0,reviewed,us,us
1990-07-17T12:49:04.000Z,16.191,120.77,33.0,4.5,mb,,,,0.9,us,usp0004c2g,2014-11-07T00:46:43.593Z,"11 km NNW of Cabalitian, Philippines",earthquake,,,,1.0,reviewed,us,us
1990-07-17T14:55:56.090Z,16.223,121.31,33.0,4.6,mb,,,,1.3,us,usp0004c2s,2014-11-07T00:46:43.608Z,"7 km NE of Belance, Philippines",earthquake,,,,6.0,reviewed,us,us
1990-07-17T16:24:32.060Z,16.38,121.04,33.0,4.5,mb,,,,1.3,us,usp0004c2w,2014-11-07T00:46:43.615Z,"2 km ENE of Salinas, Philippines",earthquake,,,,7.0,reviewed,us,us
1990-07-17T17:53:37.030Z,-36.972,176.434,238.7,4.6,mb,,,,1.1,us,usp0004c2x,2014-11-07T00:46:43.617Z,"52 km E of Tairua, New Zealand",earthquake,,53.9,,6.0,reviewed,us,us
1990-07-17T18:06:35.330Z,16.433,120.838,18.3,6.1,mw,,,,1.3,us,usp0004c30,2022-04-28T19:43:43.260Z,"10 km ESE of Ambuclao, Philippines",earthquake,,,,,reviewed,us,hrv
1990-07-17T18:48:51.680Z,17.377,121.053,33.0,5.0,mb,,,,1.2,us,usp0004c32,2014-11-07T00:46:43.646Z,"8 km W of Pasil, Philippines",earthquake,,,,18.0,reviewed,us,us
1990-07-17T20:29:01.660Z,16.072,120.819,33.0,4.6,mb,,,,1.4,us,usp0004c35,2014-11-07T00:46:43.654Z,"3 km ESE of Cabalitian, Philippines",earthquake,,,,8.0,reviewed,us,us
1990-07-17T21:14:43.860Z,16.495,120.981,23.1,6.5,mw,,,,1.3,us,usp0004c36,2022-04-28T19:43:44.560Z,"14 km NNW of Salinas, Philippines",earthquake,,,,,reviewed,us,hrv
1990-07-17T21:40:11.310Z,16.252,120.922,33.0,5.0,mb,,,,0.9,us,usp0004c37,2014-11-07T00:46:43.703Z,"7 km W of Bone South, Philippines",earthquake,,,,11.0,reviewed,us,us
1990-07-17T21:47:28.900Z,17.277,120.868,33.0,5.0,mb,,,,1.4,us,usp0004c38,2014-11-07T00:46:43.706Z,"20 km N of Besao, Philippines",earthquake,,,,19.0,reviewed,us,us
1990-07-17T21:54:21.000Z,15.619,121.557,33.0,4.8,mb,,,,1.5,us,usp0004c39,2014-11-07T00:46:43.712Z,"15 km S of Suklayin, Philippines",earthquake,,,,10.0,reviewed,us,us
1990-07-17T22:03:28.060Z,16.377,121.103,33.0,4.8,mb,,,,1.1,us,usp0004c3c,2014-11-07T00:46:43.717Z,"1 km SSW of Bambang, Philippines",earthquake,,,,9.0,reviewed,us,us
1990-07-17T22:07:37.960Z,16.025,120.412,33.0,4.5,mb,,,,0.8,us,usp0004c3d,2014-11-07T00:46:43.720Z,"1 km N of Malanay, Philippines",earthquake,,,,6.0,reviewed,us,us
1990-07-17T22:26:13.220Z,16.338,121.063,33.0,4.7,mb,,,,1.0,us,usp0004c3f,2014-11-07T00:46:43.723Z,"2 km NNE of Banganan, Philippines",earthquake,,,,11.0,reviewed,us,us
1990-07-17T22:29:53.010Z,16.343,121.235,33.0,5.0,mb,,,,1.2,us,usp0004c3g,2014-11-07T00:46:43.725Z,"11 km ENE of Mabasa, Philippines",earthquake,,,,10.0,reviewed,us,us
1990-07-17T22:32:36.510Z,16.287,120.986,33.0,4.7,mb,,,,1.4,us,usp0004c3h,2014-11-07T00:46:43.730Z,"4 km NNW of Bone South, Philippines",earthquake,,,,6.0,reviewed,us,us
1990-07-17T22:39:50.540Z,16.212,120.959,33.0,5.0,mb,,,,1.0,us,usp0004c3j,2014-11-07T00:46:43.732Z,"5 km SW of Bone South, Philippines",earthquake,,,,19.0,reviewed,us,us
1990-07-17T22:46:04.020Z,16.42,120.87,33.0,5.0,mb,,,,1.5,us,usp0004c3k,2014-11-07T00:46:43.736Z,"14 km ESE of Ambuclao, Philippines",earthquake,,,,14.0,reviewed,us,us
1990-07-17T23:16:57.870Z,16.451,121.247,33.0,4.9,mb,,,,1.4,us,usp0004c3m,2014-11-07T00:46:43.741Z,"3 km SSE of Buliwao, Philippines",earthquake,,,,7.0,reviewed,us,us
1990-07-17T23:19:46.060Z,16.173,120.546,33.0,4.8,mb,,,,0.7,us,usp0004c3n,2014-11-07T00:46:43.744Z,"1 km ENE of Paldit, Philippines",earthquake,,,,19.0,reviewed,us,us
1990-07-18T01:32:28.190Z,16.307,121.357,33.0,4.6,mb,,,,1.3,us,usp0004c3s,2014-11-07T00:46:43.756Z,"17 km NE of Belance, Philippines",earthquake,,,,6.0,reviewed,us,us
1990-07-18T01:35:12.380Z,16.482,120.993,18.6,5.1,mb,,,,1.2,us,usp0004c3u,2014-11-07T00:46:43.758Z,"12 km NNW of Salinas, Philippines",earthquake,,,,22.0,reviewed,us,us
1990-07-18T01:56:50.430Z,16.402,121.092,33.0,5.2,mb,,,,1.4,us,usp0004c3v,2014-11-07T00:46:43.768Z,"2 km NW of Bambang, Philippines",earthquake,,,,33.0,reviewed,us,us
1990-07-18T02:01:12.940Z,16.537,120.709,33.0,4.9,mb,,,,1.1,us,usp0004c3w,2014-11-07T00:46:43.779Z,"2 km S of Topdac, Philippines",earthquake,,,,11.0,reviewed,us,us
1990-07-18T02:19:17.560Z,44.664,146.667,33.0,4.6,mb,,,,0.7,us,usp0004c3x,2014-11-07T00:46:43.782Z,"92 km NE of Otrada, Russia",earthquake,,,,9.0,reviewed,us,us
1990-07-18T02:40:21.830Z,16.292,120.833,33.0,4.5,mb,,,,1.5,us,usp0004c3y,2014-11-07T00:46:43.784Z,"12 km ESE of Dalupirip, Philippines",earthquake,,,,3.0,reviewed,us,us
1990-07-18T03:39:29.200Z,-41.209,-88.882,10.0,4.9,mb,,,,1.3,us,usp0004c44,2014-11-07T00:46:43.793Z,West Chile Rise,earthquake,,,,7.0,reviewed,us,us
1990-07-18T04:36:13.310Z,14.44,121.776,24.1,4.9,mb,,,,1.1,us,usp0004c46,2014-11-07T00:46:43.797Z,"21 km SE of Tignoan, Philippines",earthquake,,,,13.0,reviewed,us,us
1990-07-18T04:37:51.850Z,14.343,121.815,27.9,5.1,mb,,,,1.1,us,usp0004c47,2014-11-07T00:46:43.801Z,"15 km NNE of Cagsiay, Philippines",earthquake,,,,13.0,reviewed,us,us
1990-07-18T04:57:17.710Z,16.317,121.434,33.0,4.5,mb,,,,1.1,us,usp0004c48,2014-11-07T00:46:43.805Z,"20 km WNW of Nagtipunan, Philippines",earthquake,,,,3.0,reviewed,us,us
1990-07-18T05:18:29.950Z,12.615,-87.386,57.6,5.7,mw,,,,1.3,us,usp0004c49,2022-04-28T19:43:46.227Z,"16 km SSE of Jiquilillo, Nicaragua",earthquake,,,,,reviewed,us,hrv
1990-07-18T06:24:35.210Z,46.1,152.191,33.0,4.5,mb,,,,1.6,us,usp0004c4c,2014-11-07T00:46:43.824Z,Kuril Islands,earthquake,,,,2.0,reviewed,us,us
1990-07-18T06:24:56.700Z,16.218,120.405,33.0,4.7,mb,,,,1.2,us,usp0004c4d,2014-11-07T00:46:43.825Z,"2 km S of Damortis, Philippines",earthquake,,,,8.0,reviewed,us,us
1990-07-18T06:26:08.270Z,16.373,121.013,33.0,4.6,mb,,,,1.0,us,usp0004c4e,2014-11-07T00:46:43.829Z,"0 km WNW of Salinas, Philippines",earthquake,,,,6.0,reviewed,us,us
1990-07-18T06:30:44.830Z,1.403,123.336,45.0,4.8,mb,,,,1.6,us,usp0004c4f,2014-11-07T00:46:43.830Z,"100 km NNE of Gorontalo, Indonesia",earthquake,,14.3,,6.0,reviewed,us,us
1990-07-18T06:37:27.250Z,16.227,120.998,33.0,4.5,mb,,,,0.8,us,usp0004c4h,2014-11-07T00:46:43.834Z,"1 km S of Bone South, Philippines",earthquake,,,,3.0,reviewed,us,us
1990-07-18T07:17:15.690Z,16.543,120.76,31.3,5.2,mb,,,,1.2,us,usp0004c4k,2014-11-07T00:46:43.837Z,"5 km ESE of Topdac, Philippines",earthquake,,,,26.0,reviewed,us,us
1990-07-18T08:00:12.880Z,16.511,121.007,13.5,5.6,mw,,,,1.0,us,usp0004c4m,2022-04-28T19:43:47.540Z,"13 km WNW of Busilak, Philippines",earthquake,,,,,reviewed,us,hrv
1990-07-18T08:17:12.220Z,16.146,120.268,33.0,4.5,mb,,,,0.4,us,usp0004c4n,2014-11-07T00:46:43.873Z,"12 km N of Binmaley, Philippines",earthquake,,,,3.0,reviewed,us,us
1990-07-18T10:03:19.320Z,12.204,121.019,33.0,4.8,mb,,,,0.8,us,usp0004c4t,2014-11-07T00:46:43.886Z,"11 km WSW of Santa Teresa, Philippines",earthquake,,,,4.0,reviewed,us,us
1990-07-18T10:16:40.890Z,16.332,120.681,33.0,4.6,mb,,,,1.1,us,usp0004c4u,2014-11-07T00:46:43.888Z,"3 km S of Itogon, Philippines",earthquake,,,,5.0,reviewed,us,us
1990-07-18T11:03:32.340Z,-26.811,26.701,5.0,4.7,mb,,,,1.1,us,usp0004c4w,2020-08-29T00:00:46.960Z,"5 km NE of Klerksdorp, South Africa",earthquake,,,,4.0,reviewed,us,us
1990-07-18T11:29:24.950Z,36.99,29.595,17.2,5.5,mw,,,,1.2,us,usp0004c4y,2022-04-28T19:43:48.875Z,"4 km E of Alt?nyayla, Turkey",earthquake,,,,,reviewed,us,hrv
1990-07-18T13:09:03.200Z,1.354,127.07,128.6,4.9,mb,,,,1.1,us,usp0004c56,2014-11-07T00:46:44.079Z,"71 km NNW of Ternate, Indonesia",earthquake,,13.7,,4.0,reviewed,us,us
1990-07-18T13:56:53.410Z,-24.875,-176.347,33.0,5.2,mb,,,,1.0,us,usp0004c59,2014-11-07T00:46:44.084Z,south of the Fiji Islands,earthquake,,,,6.0,reviewed,us,us
1990-07-18T14:59:18.500Z,16.421,121.288,33.0,4.5,mb,,,,1.2,us,usp0004c5g,2014-11-07T00:46:44.113Z,"9 km SSE of Quezon, Philippines",earthquake,,,,4.0,reviewed,us,us
1990-07-18T15:39:29.490Z,0.435,125.469,84.3,5.1,mw,,,,1.0,us,usp0004c5p,2025-12-19T21:01:15.639Z,"114 km SSE of Tondano, Indonesia",earthquake,,9.6,,,reviewed,us,hrv
1990-07-18T16:06:23.390Z,16.308,120.926,33.0,4.9,mb,,,,0.9,us,usp0004c5s,2014-11-07T00:46:44.127Z,"10 km NW of Bone South, Philippines",earthquake,,,,14.0,reviewed,us,us
1990-07-18T16:38:06.190Z,0.872,127.033,51.8,5.4,mw,,,,1.1,us,usp0004c5u,2022-04-28T19:43:50.249Z,"40 km WNW of Ternate, Indonesia",earthquake,,9.3,,,reviewed,us,hrv
1990-07-18T17:21:47.060Z,-6.82,130.601,97.1,5.7,mw,,,,1.0,us,usp0004c5w,2022-04-28T19:43:51.659Z,Banda Sea,earthquake,,2.9,,,reviewed,us,hrv
1990-07-18T20:10:21.980Z,12.642,123.585,33.0,5.0,mb,,,,1.1,us,usp0004c65,2014-11-07T00:46:44.185Z,"8 km W of Monreal, Philippines",earthquake,,,,19.0,reviewed,us,us
1990-07-19T03:53:41.930Z,15.766,121.416,33.0,4.6,mb,,,,1.2,us,usp0004c6u,2014-11-07T00:46:44.216Z,"7 km WSW of Maria Aurora, Philippines",earthquake,,,,6.0,reviewed,us,us
1990-07-19T04:25:31.950Z,8.741,122.274,33.0,4.6,mb,,,,1.0,us,usp0004c6x,2014-11-07T00:46:44.222Z,"79 km NNW of Kalawit, Philippines",earthquake,,,,8.0,reviewed,us,us
1990-07-19T07:52:55.580Z,15.617,120.721,33.0,4.5,mb,,,,0.5,us,usp0004c79,2014-11-07T00:46:44.240Z,"2 km N of Calibungan, Philippines",earthquake,,,,3.0,reviewed,us,us
1990-07-19T08:55:10.600Z,16.216,120.947,33.0,4.9,mb,,,,1.1,us,usp0004c7a,2014-11-07T00:46:44.241Z,"6 km WSW of Bone South, Philippines",earthquake,,,,7.0,reviewed,us,us
1990-07-19T09:45:26.730Z,16.266,121.077,33.0,4.8,mb,,,,0.9,us,usp0004c7b,2014-11-07T00:46:44.244Z,"5 km SW of Malasin, Philippines",earthquake,,,,12.0,reviewed,us,us
1990-07-19T11:27:02.090Z,-6.052,104.868,105.1,4.9,mb,,,,1.4,us,usp0004c7f,2014-11-07T00:46:44.251Z,"81 km SSW of Bandar Lampung, Indonesia",earthquake,,15.6,,7.0,reviewed,us,us
1990-07-19T13:49:18.070Z,16.244,121.018,33.0,4.6,mb,,,,1.5,us,usp0004c7s,2014-11-07T00:46:44.267Z,"2 km E of Bone South, Philippines",earthquake,,,,4.0,reviewed,us,us
1990-07-19T15:44:21.460Z,17.322,121.042,31.3,5.1,mb,,,,1.0,us,usp0004c7z,2014-11-07T00:46:44.278Z,"11 km SW of Pasil, Philippines",earthquake,,,,26.0,reviewed,us,us
1990-07-19T17:06:07.640Z,4.256,31.544,10.0,4.6,mb,,,,0.8,us,usp0004c81,2020-08-29T00:01:18.052Z,"66 km S of Juba, South Sudan",earthquake,,,,14.0,reviewed,us,us
1990-07-20T04:05:25.310Z,4.661,-82.601,10.0,5.2,mw,,,,0.9,us,usp0004c8h,2025-12-19T21:01:16.561Z,south of Panama,earthquake,,,,,reviewed,us,hrv
1990-07-20T08:57:22.010Z,15.48,121.664,33.0,4.6,mb,,,,0.5,us,usp0004c90,2014-11-07T00:46:44.347Z,"30 km ENE of Dingalan, Philippines",earthquake,,,,5.0,reviewed,us,us
1990-07-20T13:45:46.960Z,16.179,121.098,33.0,4.7,mb,,,,1.2,us,usp0004c9h,2014-11-07T00:46:44.368Z,"12 km NNE of Burgos, Philippines",earthquake,,,,10.0,reviewed,us,us
1990-07-20T14:42:10.310Z,-17.962,-177.338,303.8,4.5,mb,,,,1.1,us,usp0004c9j,2014-11-07T00:46:44.372Z,Fiji region,earthquake,,19.3,,3.0,reviewed,us,us
1990-07-20T15:02:38.950Z,-14.556,167.311,200.8,4.9,mb,,,,1.1,us,usp0004c9k,2014-11-07T00:46:44.374Z,"59 km NNE of Port-Olry, Vanuatu",earthquake,,12.2,,19.0,reviewed,us,us
1990-07-20T15:11:17.860Z,16.386,120.938,17.0,5.8,mw,,,,1.4,us,usp0004c9m,2022-04-28T19:43:53.068Z,"8 km WNW of Salinas, Philippines",earthquake,,,,,reviewed,us,hrv
1990-07-20T15:29:58.990Z,-9.323,118.186,99.6,5.2,mb,,,,1.4,us,usp0004c9n,2014-11-07T00:46:44.404Z,"92 km SSW of Dompu, Indonesia",earthquake,,13.0,,13.0,reviewed,us,us
1990-07-20T18:03:29.750Z,3.832,95.411,46.6,4.8,mb,,,,0.9,us,usp0004c9s,2014-11-07T00:46:44.413Z,"86 km WSW of Meulaboh, Indonesia",earthquake,,9.5,,21.0,reviewed,us,us
1990-07-20T19:49:08.340Z,33.458,46.792,76.6,4.6,mb,,,,1.0,us,usp0004c9z,2014-11-07T00:46:44.432Z,"39 km ESE of ?l?m, Iran",earthquake,,9.8,,30.0,reviewed,us,us
1990-07-20T22:49:45.700Z,16.221,121.124,33.0,5.0,mb,,,,0.9,us,usp0004ca3,2014-11-07T00:46:44.443Z,"9 km SSE of Malasin, Philippines",earthquake,,,,17.0,reviewed,us,us
1990-07-21T00:39:51.200Z,-28.753,-178.561,201.1,4.7,mb,,,,1.2,us,usp0004cab,2014-11-07T00:46:44.490Z,Kermadec Islands region,earthquake,,10.6,,7.0,reviewed,us,us
1990-07-21T00:41:53.970Z,40.525,115.919,33.0,4.7,mb,,,,1.4,us,usp0004cac,2014-11-07T00:46:44.493Z,"43 km NW of Changping, China",earthquake,,,,18.0,reviewed,us,us
1990-07-21T04:09:17.200Z,16.364,121.001,33.0,4.8,mb,,,,1.1,us,usp0004cag,2014-11-07T00:46:44.670Z,"1 km WSW of Salinas, Philippines",earthquake,,,,13.0,reviewed,us,us
1990-07-21T07:23:35.820Z,16.4,120.919,26.3,5.7,mw,,,,1.1,us,usp0004cau,2022-04-28T19:43:54.415Z,"11 km WNW of Salinas, Philippines",earthquake,,,,,reviewed,us,hrv
1990-07-21T07:28:33.240Z,1.877,128.313,210.1,5.1,mb,,,,0.9,us,usp0004cav,2014-11-07T00:46:44.716Z,"37 km ENE of Tobelo, Indonesia",earthquake,,12.2,,7.0,reviewed,us,us
1990-07-21T12:06:52.640Z,23.866,121.724,29.3,4.6,mb,,,,0.9,us,usp0004cb2,2014-11-07T00:46:44.739Z,"17 km SE of Hualien City, Taiwan",earthquake,,5.3,,13.0,reviewed,us,us
1990-07-21T21:10:05.420Z,-5.612,146.804,205.1,5.1,mb,,,,0.9,us,usp0004cbk,2014-11-07T00:46:45.046Z,"120 km ESE of Madang, Papua New Guinea",earthquake,,10.0,,3.0,reviewed,us,us
1990-07-22T01:26:09.440Z,-19.133,168.758,45.5,5.3,mw,,,,1.1,us,usp0004cbx,2022-04-28T19:43:55.660Z,"71 km NW of Isangel, Vanuatu",earthquake,,,,,reviewed,us,hrv
1990-07-22T04:57:04.270Z,43.613,-127.371,10.0,4.5,mb,,,,0.8,us,usp0004cc8,2014-11-07T00:46:45.389Z,"246 km WNW of Bandon, Oregon",earthquake,,,,9.0,reviewed,us,us
1990-07-22T06:03:04.640Z,16.445,121.059,12.7,5.4,mw,,,,1.0,us,usp0004cca,2025-12-19T21:01:17.235Z,"7 km WSW of Busilak, Philippines",earthquake,,,,,reviewed,us,hrv
1990-07-22T06:14:02.540Z,46.042,154.614,33.0,4.6,mb,,,,1.1,us,usp0004ccb,2014-11-07T00:46:45.418Z,east of the Kuril Islands,earthquake,,,,23.0,reviewed,us,us
1990-07-22T07:20:52.510Z,-5.521,146.192,73.5,4.9,mb,,,,1.1,us,usp0004ccd,2014-11-07T00:46:45.426Z,"55 km SE of Madang, Papua New Guinea",earthquake,,9.9,,10.0,reviewed,us,us
1990-07-22T09:18:52.430Z,12.005,143.703,13.3,5.3,mb,,,,1.1,us,usp0004cch,2022-04-28T19:44:06.367Z,"174 km SW of Merizo Village, Guam",earthquake,,4.8,,23.0,reviewed,us,us
1990-07-22T09:26:14.600Z,-23.622,-179.893,531.3,6.3,mw,,,,0.9,us,usp0004ccj,2022-04-28T19:44:12.205Z,south of the Fiji Islands,earthquake,,,,,reviewed,us,hrv
1990-07-22T09:50:26.430Z,-23.466,-179.921,533.6,5.2,mb,,,,0.9,us,usp0004ccn,2014-11-07T00:46:45.502Z,south of the Fiji Islands,earthquake,,,,25.0,reviewed,us,us
1990-07-22T09:53:38.080Z,15.947,120.935,45.3,5.1,mb,,,,0.9,us,usp0004ccp,2014-11-07T00:46:45.511Z,"4 km W of Digdig, Philippines",earthquake,,6.4,,26.0,reviewed,us,us
1990-07-22T10:20:44.550Z,-7.223,120.5,521.8,4.9,mb,,,,1.4,us,usp0004ccs,2014-11-07T00:46:45.521Z,"153 km N of Ruteng, Indonesia",earthquake,,11.4,,10.0,reviewed,us,us
1990-07-22T11:20:09.650Z,16.532,121.045,33.0,5.3,mb,,,,1.0,us,usp0004ccv,2022-04-28T19:44:17.906Z,"10 km NW of Busilak, Philippines",earthquake,,,,54.0,reviewed,us,us
1990-07-22T12:26:58.860Z,12.036,143.75,22.5,5.5,mw,,,,1.1,us,usp0004ccw,2022-04-28T19:44:23.483Z,"168 km SW of Merizo Village, Guam",earthquake,,,,,reviewed,us,hrv
1990-07-22T14:15:20.860Z,16.461,120.825,33.0,4.7,mb,,,,1.4,us,usp0004ccz,2014-11-07T00:46:45.558Z,"8 km ESE of Ambuclao, Philippines",earthquake,,,,8.0,reviewed,us,us
1990-07-22T16:32:18.120Z,-36.918,78.381,10.0,5.3,mw,,,,1.1,us,usp0004cd1,2025-12-19T21:01:17.985Z,Mid-Indian Ridge,earthquake,,,,,reviewed,us,hrv
1990-07-22T18:07:07.340Z,16.287,120.842,10.0,4.6,mb,,,,1.4,us,usp0004cd6,2014-11-07T00:46:45.574Z,"13 km ESE of Dalupirip, Philippines",earthquake,,,,6.0,reviewed,us,us
1990-07-22T18:17:57.770Z,53.005,144.277,19.7,5.0,mb,,,,0.8,us,usp0004cd7,2014-11-07T00:46:45.576Z,"98 km ESE of Tungor, Russia",earthquake,,,,60.0,reviewed,us,us
1990-07-22T21:54:40.720Z,16.099,121.581,33.0,4.7,mb,,,,1.4,us,usp0004cdd,2014-11-07T00:46:45.596Z,"13 km S of Nagtipunan, Philippines",earthquake,,,,2.0,reviewed,us,us
1990-07-22T22:03:40.700Z,16.385,120.552,33.0,4.7,mb,,,,1.5,us,usp0004cde,2014-11-07T00:46:45.598Z,"5 km SW of Baguio, Philippines",earthquake,,,,6.0,reviewed,us,us
1990-07-22T23:28:35.980Z,-4.025,-104.269,10.0,4.8,mb,,,,1.3,us,usp0004cdk,2014-11-07T00:46:45.606Z,central East Pacific Rise,earthquake,,,,13.0,reviewed,us,us
1990-07-23T00:48:58.900Z,16.488,120.658,19.5,5.6,mw,,,,1.1,us,usp0004cdm,2022-04-28T19:44:28.924Z,"6 km S of Loacan, Philippines",earthquake,,,,,reviewed,us,hrv
1990-07-23T02:36:44.130Z,35.973,100.153,33.0,4.5,mb,,,,0.7,us,usp0004cdr,2014-11-07T00:46:45.630Z,"161 km WSW of Xining, China",earthquake,,,,8.0,reviewed,us,us
1990-07-23T02:58:31.030Z,-9.39,114.61,42.7,4.8,mb,,,,0.9,us,usp0004cds,2014-11-07T00:46:45.633Z,"89 km SW of Jimbaran, Indonesia",earthquake,,19.7,,6.0,reviewed,us,us
1990-07-23T04:46:16.470Z,-5.724,110.927,582.5,5.1,mb,,,,1.0,us,usp0004cdt,2014-11-07T00:46:45.635Z,"87 km NNE of Batang, Indonesia",earthquake,,34.1,,5.0,reviewed,us,us
1990-07-23T05:27:08.310Z,9.481,-84.546,28.5,5.5,mw,,,,1.0,us,usp0004cdv,2022-04-28T19:44:30.699Z,"17 km SSE of Jacó, Costa Rica",earthquake,,12.1,,,reviewed,us,hrv
1990-07-23T06:23:53.600Z,-2.045,99.67,33.0,4.7,ms,,,,1.2,us,usp0004cdy,2014-11-07T00:46:45.659Z,"143 km SSW of Padang, Indonesia",earthquake,,,,2.0,reviewed,us,us
1990-07-23T06:33:13.760Z,-5.388,131.169,33.0,4.8,mb,,,,1.0,us,usp0004ce0,2014-11-07T00:46:45.663Z,"177 km W of Tual, Indonesia",earthquake,,,,8.0,reviewed,us,us
1990-07-23T07:22:01.390Z,15.497,121.45,33.0,5.0,mb,,,,1.3,us,usp0004ce2,2014-11-07T00:46:45.668Z,"12 km ENE of Gabaldon, Philippines",earthquake,,,,11.0,reviewed,us,us
1990-07-23T07:56:10.710Z,-5.769,146.788,188.3,4.8,mb,,,,0.9,us,usp0004ce4,2014-11-07T00:46:45.685Z,"108 km NNW of Lae, Papua New Guinea",earthquake,,11.5,,1.0,reviewed,us,us
1990-07-23T08:39:20.490Z,53.485,-163.641,33.0,4.7,mb,,,,1.4,us,usp0004ce6,2014-11-07T00:46:45.688Z,"153 km S of False Pass, Alaska",earthquake,,,,7.0,reviewed,us,us
1990-07-23T10:57:28.280Z,-4.711,145.578,30.0,5.3,mw,,,,1.1,us,usp0004ceb,2022-04-28T19:44:32.198Z,"61 km NNW of Madang, Papua New Guinea",earthquake,,,,,reviewed,us,hrv
1990-07-23T15:12:33.530Z,15.657,121.16,33.0,4.6,mb,,,,0.9,us,usp0004cef,2014-11-07T00:46:45.710Z,"3 km NNE of Bongabon, Philippines",earthquake,,,,6.0,reviewed,us,us
1990-07-23T16:06:28.800Z,-10.388,124.032,33.0,4.5,mb,,,,1.3,us,usp0004ceh,2014-11-07T00:46:45.715Z,"52 km ESE of Kupang, Indonesia",earthquake,,,,3.0,reviewed,us,us
1990-07-23T18:02:50.980Z,11.269,122.348,16.3,5.6,mw,,,,1.4,us,usp0004cep,2022-04-28T19:44:33.221Z,"7 km W of Da-an Sur, Philippines",earthquake,,,,,reviewed,us,hrv
1990-07-23T19:33:12.680Z,-14.152,167.022,143.5,5.3,mw,,,,1.0,us,usp0004cet,2025-12-19T21:01:19.076Z,"64 km WSW of Sola, Vanuatu",earthquake,,9.6,,,reviewed,us,hrv
1990-07-23T20:54:56.680Z,42.719,45.947,33.0,4.8,mb,,,,0.9,us,usp0004ceu,2014-11-07T00:46:45.754Z,"14 km WNW of Ansalta, Russia",earthquake,,,,11.0,reviewed,us,us
1990-07-23T22:20:42.020Z,16.1,119.64,18.0,5.4,mw,,,,1.0,us,usp0004cey,2022-04-28T19:44:39.902Z,"15 km WSW of Aloleng, Philippines",earthquake,,,,,reviewed,us,hrv
1990-07-23T23:08:32.390Z,-22.735,-69.305,85.7,4.8,mb,,,,1.3,us,usp0004cf0,2014-11-07T00:46:45.773Z,"49 km SW of Calama, Chile",earthquake,,18.9,,1.0,reviewed,us,us
1990-07-23T23:29:25.110Z,-3.7,138.4,103.9,4.8,mb,,,,0.9,us,usp0004cf1,2014-11-07T00:46:45.776Z,"276 km WSW of Abepura, Indonesia",earthquake,,18.8,,8.0,reviewed,us,us
1990-07-24T05:34:50.890Z,-22.911,-68.726,93.3,5.0,mb,,,,1.3,us,usp0004cf8,2014-11-07T00:46:45.789Z,"53 km W of San Pedro de Atacama, Chile",earthquake,,8.4,,6.0,reviewed,us,us
1990-07-24T07:27:17.180Z,36.846,49.815,10.0,4.5,mb,,,,0.8,us,usp0004cf9,2014-11-07T00:46:45.795Z,"37 km ENE of P?deg?n-e Manj?l, Iran",earthquake,,,,5.0,reviewed,us,us
1990-07-24T07:45:59.410Z,-4.811,102.75,79.6,5.0,mb,,,,1.1,us,usp0004cfa,2014-11-07T00:46:45.798Z,"102 km SSW of Pagar Alam, Indonesia",earthquake,,10.8,,16.0,reviewed,us,us
1990-07-24T08:21:43.760Z,32.54,140.243,89.7,4.8,mb,,,,0.8,us,usp0004cfb,2014-11-07T00:46:45.806Z,"265 km SSE of Shimoda, Japan",earthquake,,9.2,,8.0,reviewed,us,us
1990-07-24T17:34:34.370Z,16.083,120.196,33.0,4.7,mb,,,,1.5,us,usp0004cfx,2014-11-07T00:46:46.030Z,"8 km NNW of Lingayen, Philippines",earthquake,,,,6.0,reviewed,us,us
1990-07-24T17:55:11.700Z,-3.816,151.388,10.0,5.1,mw,,,,1.0,us,usp0004cfy,2022-04-28T19:44:41.260Z,"95 km WNW of Rabaul, Papua New Guinea",earthquake,,,,,reviewed,us,hrv
1990-07-24T17:59:48.160Z,32.876,48.243,10.0,5.1,mb,,,,1.0,us,usp0004cfz,2022-04-28T19:44:42.401Z,"61 km NNW of Shahrak-e K?l?r?, Iran",earthquake,,,,56.0,reviewed,us,us
1990-07-24T18:20:11.670Z,14.959,148.513,33.0,4.8,mb,,,,0.5,us,usp0004cg0,2014-11-07T00:46:46.057Z,"297 km E of Saipan, Northern Mariana Islands",earthquake,,,,1.0,reviewed,us,us
1990-07-24T20:37:16.330Z,-22.186,-69.392,93.4,4.6,mb,,,,1.4,us,usp0004cg5,2014-11-07T00:46:46.071Z,"56 km WNW of Calama, Chile",earthquake,,11.2,,1.0,reviewed,us,us
1990-07-24T23:04:09.490Z,-31.686,-72.325,13.4,5.1,mb,,,,1.3,us,usp0004cge,2014-11-07T00:46:46.086Z,"109 km W of Illapel, Chile",earthquake,,4.3,,3.0,reviewed,us,us
1990-07-25T02:27:00.190Z,10.508,141.816,33.0,4.5,mb,,,,0.5,us,usp0004cgj,2014-11-07T00:46:46.094Z,"State of Yap, Federated States of Micronesia",earthquake,,,,6.0,reviewed,us,us
1990-07-25T07:24:38.110Z,-3.207,129.698,79.1,4.9,mb,,,,1.4,us,usp0004cgt,2014-11-07T00:46:46.116Z,"87 km E of Amahai, Indonesia",earthquake,,19.2,,9.0,reviewed,us,us
1990-07-25T10:48:40.850Z,3.563,127.376,33.0,4.8,mb,,,,0.7,us,usp0004ch1,2014-11-07T00:46:46.130Z,"214 km NNW of Tobelo, Indonesia",earthquake,,,,4.0,reviewed,us,us
1990-07-25T13:37:14.830Z,-15.433,-174.723,280.4,5.1,mw,,,,1.0,us,usp0004ch9,2025-12-19T20:56:24.201Z,"114 km WNW of Hihifo, Tonga",earthquake,,6.7,,,reviewed,us,hrv
1990-07-25T14:42:42.040Z,53.702,-156.713,47.5,5.3,mw,,,,0.9,us,usp0004chd,2025-12-19T21:01:19.812Z,"291 km SSE of Perryville, Alaska",earthquake,,,,,reviewed,us,hrv
1990-07-25T15:00:00.060Z,37.207,-116.214,0.0,4.7,mb,,,,,us,usp0004chf,2016-04-01T23:16:48.228Z,"58 km NE of Beatty, Nevada",nuclear explosion,,,,24.0,reviewed,doe,us
1990-07-25T16:51:10.460Z,33.631,141.602,33.0,5.2,mb,,,,0.3,us,usp0004chj,2014-11-07T00:46:46.203Z,"205 km SE of Katsuura, Japan",earthquake,,,,3.0,reviewed,us,us
1990-07-25T19:55:12.650Z,-45.036,98.594,10.0,5.1,mb,,,,1.1,us,usp0004chs,2014-11-07T00:46:46.213Z,southeast Indian Ridge,earthquake,,,,8.0,reviewed,us,us
1990-07-25T20:10:17.420Z,17.791,94.744,33.0,4.8,mb,,,,1.0,us,usp0004cht,2014-11-07T00:46:46.217Z,"77 km WNW of Hinthada, Myanmar",earthquake,,,,41.0,reviewed,us,us
1990-07-26T04:18:28.910Z,-7.504,127.76,130.5,5.5,mw,,,,1.1,us,usp0004cj1,2022-04-28T19:44:43.864Z,"140 km NE of Lospalos, Timor Leste",earthquake,,,,,reviewed,us,hrv
1990-07-26T05:15:43.920Z,-2.948,35.854,10.0,4.9,mb,,,,0.9,us,usp0004cj2,2022-04-28T19:44:49.482Z,"44 km N of Mto wa Mbu, Tanzania",earthquake,,,,36.0,reviewed,us,us
1990-07-26T06:53:56.380Z,27.247,65.508,18.8,5.9,mw,,,,1.0,us,usp0004cj5,2022-04-28T19:44:50.470Z,"125 km WSW of Khuzdar, Pakistan",earthquake,,,,,reviewed,us,hrv
1990-07-26T08:47:24.640Z,16.095,120.596,10.0,4.5,mb,,,,1.1,us,usp0004cja,2014-11-07T00:46:46.310Z,"4 km N of Binalonan, Philippines",earthquake,,,,3.0,reviewed,us,us
1990-07-26T11:27:46.140Z,16.158,143.37,33.0,4.7,mb,,,,0.2,us,usp0004cjj,2014-11-07T00:46:46.324Z,"274 km WNW of San Jose Village, Northern Mariana Islands",earthquake,,,,3.0,reviewed,us,us
1990-07-26T15:58:38.450Z,15.072,147.622,33.1,5.1,mw,,,,0.9,us,usp0004cjs,2025-12-19T21:01:20.612Z,"201 km E of Saipan, Northern Mariana Islands",earthquake,,,,,reviewed,us,hrv
1990-07-26T19:14:52.950Z,49.2,155.866,33.0,4.7,mb,,,,1.0,us,usp0004cjy,2014-11-07T00:46:46.362Z,"165 km S of Severo-Kuril’sk, Russia",earthquake,,,,34.0,reviewed,us,us
1990-07-26T19:27:39.470Z,-9.343,158.842,33.0,5.2,mb,,,,0.9,us,usp0004cjz,2014-11-07T00:46:46.368Z,"103 km WNW of Malango, Solomon Islands",earthquake,,,,23.0,reviewed,us,us
1990-07-26T20:37:26.940Z,-8.573,-74.575,144.6,4.7,mb,,,,0.9,us,usp0004ck1,2014-11-07T00:46:46.377Z,"19 km SSW of San Fernando, Peru",earthquake,,,,28.0,reviewed,us,us
1990-07-26T22:13:04.450Z,10.223,125.4,33.0,4.9,mb,,,,1.1,us,usp0004ck6,2014-11-07T00:46:46.392Z,"21 km SW of Tubajon, Philippines",earthquake,,,,17.0,reviewed,us,us
1990-07-26T23:34:49.030Z,-20.229,-174.054,70.0,5.0,mb,,,,1.5,us,usp0004cka,2014-11-07T00:46:46.403Z,"55 km SE of Pangai, Tonga",earthquake,,,,5.0,reviewed,us,us
1990-07-27T00:39:58.710Z,37.983,141.751,53.1,4.8,mb,,,,1.0,us,usp0004ckd,2014-11-07T00:46:46.409Z,"62 km SE of Ishinomaki, Japan",earthquake,,5.3,,33.0,reviewed,us,us
1990-07-27T00:54:56.800Z,16.062,-86.229,14.3,5.4,mw,,,,1.0,us,usp0004cke,2022-04-28T19:44:55.678Z,"26 km NNE of Río Esteban, Honduras",earthquake,,,,,reviewed,us,hrv
1990-07-27T05:31:00.140Z,37.318,49.585,10.0,4.8,mb,,,,1.1,us,usp0004cku,2014-11-07T00:46:46.463Z,"4 km N of Rasht, Iran",earthquake,,,,7.0,reviewed,us,us
1990-07-27T05:44:26.100Z,-24.594,179.695,583.2,4.6,mb,,,,0.9,us,usp0004ckx,2014-11-07T00:46:46.472Z,south of the Fiji Islands,earthquake,,30.0,,7.0,reviewed,us,us
1990-07-27T12:37:59.550Z,-15.355,167.464,125.7,7.2,mw,,,,1.0,us,usp0004cm6,2022-04-28T19:44:57.622Z,"37 km ENE of Luganville, Vanuatu",earthquake,,,,,reviewed,us,hrv
1990-07-27T14:55:44.330Z,-22.865,69.369,10.0,5.1,mb,,,,1.0,us,usp0004cmd,2014-11-07T00:46:46.660Z,Mid-Indian Ridge,earthquake,,,,6.0,reviewed,us,us
1990-07-27T15:02:23.960Z,-22.936,69.165,10.0,4.9,mb,,,,0.9,us,usp0004cme,2014-11-07T00:46:46.664Z,Mid-Indian Ridge,earthquake,,,,10.0,reviewed,us,us
1990-07-27T15:53:00.210Z,-23.188,69.042,10.0,4.7,mb,,,,1.1,us,usp0004cmf,2014-11-07T00:46:46.667Z,Mid-Indian Ridge,earthquake,,,,3.0,reviewed,us,us
1990-07-27T20:41:31.090Z,5.072,32.078,10.0,4.8,mb,,,,0.9,us,usp0004cmr,2020-08-29T00:03:13.631Z,"60 km ENE of Juba, South Sudan",earthquake,,,,38.0,reviewed,us,us
1990-07-27T22:05:55.020Z,-7.746,128.893,33.0,4.7,mb,,,,1.2,us,usp0004cmv,2014-11-07T00:46:46.711Z,"225 km ENE of Lospalos, Timor Leste",earthquake,,,,6.0,reviewed,us,us
1990-07-27T23:02:22.480Z,18.631,-46.226,10.0,4.6,mb,,,,1.0,us,usp0004cmy,2014-11-07T00:46:46.718Z,northern Mid-Atlantic Ridge,earthquake,,,,9.0,reviewed,us,us
1990-07-28T01:24:10.710Z,37.33,141.902,40.5,4.6,mb,,,,1.0,us,usp0004cn2,2014-11-07T00:46:46.724Z,"81 km ESE of Namie, Japan",earthquake,,14.0,,5.0,reviewed,us,us
1990-07-28T03:59:56.440Z,37.061,142.028,30.1,5.0,mb,,,,1.0,us,usp0004cn5,2014-11-07T00:46:46.730Z,"101 km E of Iwaki, Japan",earthquake,,,,58.0,reviewed,us,us
1990-07-28T08:42:51.210Z,-15.429,167.402,113.1,5.6,mw,,,,1.0,us,usp0004cnc,2022-04-28T19:44:59.298Z,"27 km ENE of Luganville, Vanuatu",earthquake,,,,,reviewed,us,hrv
1990-07-28T09:23:59.450Z,11.908,122.466,33.0,4.6,mb,,,,1.4,us,usp0004cnd,2014-11-07T00:46:46.792Z,"23 km NNE of Brgy. Bachaw Norte, Kalibo, Philippines",earthquake,,,,5.0,reviewed,us,us
1990-07-28T10:35:41.660Z,-11.234,-74.92,72.7,4.6,mb,,,,0.7,us,usp0004cnh,2014-11-07T00:46:46.805Z,"26 km NW of Mariposa, Peru",earthquake,,25.2,,2.0,reviewed,us,us
1990-07-28T12:30:04.300Z,32.792,48.153,33.0,4.7,mb,,,,1.0,us,usp0004cnm,2014-11-07T00:46:46.810Z,"57 km NNW of Shahrak-e K?l?r?, Iran",earthquake,,,,27.0,reviewed,us,us
1990-07-28T13:59:48.700Z,-36.423,-104.519,10.0,5.6,mw,,,,0.9,us,usp0004cnr,2022-04-28T19:45:00.971Z,southeast of Easter Island,earthquake,,,,,reviewed,us,hrv
1990-07-28T15:41:38.460Z,-6.414,146.815,209.3,4.8,mb,,,,0.9,us,usp0004cnt,2014-11-07T00:46:46.830Z,"39 km NNW of Lae, Papua New Guinea",earthquake,,15.5,,2.0,reviewed,us,us
1990-07-28T16:46:02.700Z,5.225,32.604,10.0,5.4,mw,,,,1.0,us,usp0004cnw,2022-04-28T19:45:02.544Z,"90 km N of Torit, South Sudan",earthquake,,,,,reviewed,us,hrv
1990-07-28T17:35:29.860Z,-12.331,165.923,33.0,4.8,mb,,,,1.3,us,usp0004cnz,2014-11-07T00:46:46.854Z,"178 km S of Lata, Solomon Islands",earthquake,,,,8.0,reviewed,us,us
1990-07-28T18:43:28.630Z,33.726,86.941,33.0,4.6,mb,,,,1.2,us,usp0004cp2,2014-11-07T00:46:46.861Z,western Xizang,earthquake,,,,7.0,reviewed,us,us
1990-07-28T19:08:02.620Z,-13.834,167.115,217.2,5.2,mb,,,,1.1,us,usp0004cp3,2014-11-07T00:46:46.863Z,"47 km W of Sola, Vanuatu",earthquake,,7.6,,30.0,reviewed,us,us
1990-07-28T21:13:28.100Z,29.811,99.082,28.6,4.6,mb,,,,1.0,us,usp0004cp6,2014-11-07T00:46:46.883Z,"228 km NNW of Shangri-La, China",earthquake,,8.2,,8.0,reviewed,us,us
1990-07-29T05:41:31.160Z,-17.645,-178.683,639.7,4.9,mb,,,,0.7,us,usp0004cpj,2014-11-07T00:46:46.910Z,"217 km ENE of Levuka, Fiji",earthquake,,49.3,,7.0,reviewed,us,us
1990-07-29T09:20:00.960Z,31.46,140.173,33.0,4.9,mb,,,,1.1,us,usp0004cpq,2014-11-07T00:46:46.918Z,"Izu Islands, Japan region",earthquake,,,,15.0,reviewed,us,us
1990-07-29T11:35:17.920Z,30.889,142.049,33.0,5.0,mb,,,,0.6,us,usp0004cpt,2014-11-07T00:46:46.928Z,"Izu Islands, Japan region",earthquake,,,,5.0,reviewed,us,us
1990-07-29T11:36:11.290Z,30.913,142.083,33.0,4.5,mb,,,,1.1,us,usp0004cpv,2014-11-07T00:46:46.932Z,"Izu Islands, Japan region",earthquake,,,,4.0,reviewed,us,us
1990-07-29T13:34:13.220Z,-20.832,-178.407,589.4,4.6,mb,,,,0.9,us,usp0004cpx,2014-11-07T00:46:46.936Z,Fiji region,earthquake,,5.8,,11.0,reviewed,us,us
1990-07-29T14:28:41.300Z,11.563,-87.837,33.0,4.5,mb,,,,1.3,us,usp0004cpz,2014-11-07T00:46:46.943Z,"124 km SW of Corinto, Nicaragua",earthquake,,,,5.0,reviewed,us,us
1990-07-29T15:29:12.510Z,-4.893,-80.857,39.1,5.2,mw,,,,0.8,us,usp0004cq1,2022-04-28T19:45:08.710Z,"11 km E of La Huaca, Peru",earthquake,,,,,reviewed,us,hrv
1990-07-29T21:04:35.120Z,-19.839,-175.996,265.2,4.8,mb,,,,1.0,us,usp0004cq7,2014-11-07T00:46:46.965Z,"166 km NNW of Nuku‘alofa, Tonga",earthquake,,5.8,,23.0,reviewed,us,us
1990-07-29T22:17:35.680Z,16.359,121.053,33.0,4.8,mb,,,,1.0,us,usp0004cqa,2014-11-07T00:46:46.984Z,"3 km ESE of Salinas, Philippines",earthquake,,,,14.0,reviewed,us,us
1990-07-29T23:08:00.500Z,1.253,121.994,449.1,4.8,mb,,,,0.9,us,usp0004cqc,2014-11-07T00:46:46.989Z,"142 km WNW of Gorontalo, Indonesia",earthquake,,29.7,,8.0,reviewed,us,us
1990-07-29T23:15:16.970Z,41.905,142.368,69.7,4.9,mb,,,,0.9,us,usp0004cqd,2014-11-07T00:46:46.991Z,"47 km S of Shizunai-furukawach?, Japan",earthquake,,6.2,,60.0,reviewed,us,us
1990-07-30T01:13:18.160Z,29.926,130.361,78.9,5.0,mb,,,,1.0,us,usp0004cqj,2014-11-07T00:46:47.007Z,"36 km SSW of Yudomari, Japan",earthquake,,5.4,,54.0,reviewed,us,us
1990-07-30T10:04:52.550Z,-4.369,-10.779,10.0,4.8,mb,,,,1.1,us,usp0004cqx,2014-11-07T00:46:47.444Z,north of Ascension Island,earthquake,,,,25.0,reviewed,us,us
1990-07-30T10:06:15.020Z,-4.349,-10.819,10.0,5.1,mb,,,,1.0,us,usp0004cqy,2014-11-07T00:46:47.704Z,north of Ascension Island,earthquake,,,,8.0,reviewed,us,us
1990-07-30T10:19:00.830Z,16.319,120.903,25.8,4.5,mb,,,,1.0,us,usp0004cr0,2014-11-07T00:46:47.710Z,"12 km NW of Bone South, Philippines",earthquake,,7.6,,3.0,reviewed,us,us
1990-07-30T16:24:53.870Z,-41.333,-88.411,10.0,5.5,mw,,,,0.9,us,usp0004cr6,2022-04-28T19:45:10.063Z,West Chile Rise,earthquake,,,,,reviewed,us,hrv
1990-07-30T20:06:18.100Z,-18.226,-173.477,33.0,5.3,mb,,,,0.4,us,usp0004cra,2014-11-07T00:46:47.740Z,Tonga,earthquake,,,,3.0,reviewed,us,us
1990-07-30T21:50:10.000Z,53.686,-163.929,33.0,4.7,mb,,,,0.8,us,usp0004crc,2014-11-07T00:46:47.743Z,"131 km ESE of Akutan, Alaska",earthquake,,,,13.0,reviewed,us,us
1990-07-31T02:15:44.600Z,24.201,126.565,18.3,4.9,mb,,,,1.2,us,usp0004crm,2014-11-07T00:46:47.765Z,"144 km ESE of Hirara, Japan",earthquake,,,,25.0,reviewed,us,us
1990-07-31T03:17:29.360Z,42.382,-126.654,10.0,4.7,mb,,,,0.9,us,usp0004crq,2014-11-07T00:46:47.778Z,"181 km WSW of Port Orford, Oregon",earthquake,,,,20.0,reviewed,us,us
1990-07-31T03:19:46.870Z,42.416,-126.682,10.0,5.8,mw,,,,1.2,us,usp0004crr,2022-04-28T19:45:11.479Z,"183 km WSW of Port Orford, Oregon",earthquake,,,,,reviewed,us,hrv
1990-07-31T04:12:47.550Z,-0.544,-14.266,10.0,4.8,mb,,,,0.9,us,usp0004cru,2014-11-07T00:46:47.817Z,north of Ascension Island,earthquake,,,,2.0,reviewed,us,us
1990-07-31T04:28:44.120Z,-10.946,162.206,54.5,5.3,mw,,,,1.2,us,usp0004crv,2022-04-28T19:45:13.040Z,"62 km SSE of Kirakira, Solomon Islands",earthquake,,15.4,,,reviewed,us,hrv
1990-07-31T06:49:31.730Z,37.245,21.462,57.8,4.8,mb,,,,1.4,us,usp0004crz,2014-11-07T00:46:47.827Z,"14 km NW of Filiatrá, Greece",earthquake,,4.4,,47.0,reviewed,us,us
1990-07-31T09:15:17.300Z,17.712,-61.288,54.5,4.6,mb,,,,1.2,us,usp0004cs5,2014-11-07T00:46:47.864Z,"58 km E of Codrington, Antigua and Barbuda",earthquake,,10.9,,5.0,reviewed,us,us
1990-07-31T09:55:16.540Z,14.23,-91.081,93.1,4.5,mb,,,,1.1,us,usp0004cs7,2014-11-07T00:46:47.868Z,"13 km SSW of Santa Lucía Cotzumalguapa, Guatemala",earthquake,,5.3,,10.0,reviewed,us,us
1990-07-31T13:28:20.120Z,44.998,148.022,11.3,4.7,mb,,,,0.9,us,usp0004cse,2014-11-07T00:46:47.885Z,"27 km SSE of Kuril’sk, Russia",earthquake,,6.0,,9.0,reviewed,us,us
1990-07-31T13:49:21.640Z,4.49,127.63,149.4,5.0,mb,,,,0.8,us,usp0004csg,2014-11-07T00:46:47.890Z,"260 km ESE of Sarangani, Philippines",earthquake,,13.7,,7.0,reviewed,us,us
1990-07-31T15:50:52.830Z,43.022,17.807,10.0,4.9,mb,,,,1.3,us,usp0004csh,2020-08-29T00:03:47.875Z,"12 km SE of Tasov?i?i, Bosnia and Herzegovina",earthquake,,,,11.0,reviewed,us,us
1990-07-31T18:25:50.750Z,3.812,95.369,29.9,5.1,mw,,,,0.8,us,usp0004css,2025-12-19T21:01:21.785Z,"91 km WSW of Meulaboh, Indonesia",earthquake,,,,,reviewed,us,hrv
1990-07-31T22:27:48.400Z,15.358,146.89,45.7,4.9,mb,,,,1.1,us,usp0004csz,2014-11-07T00:46:47.958Z,"123 km E of Saipan, Northern Mariana Islands",earthquake,,12.3,,14.0,reviewed,us,us
1990-08-01T02:04:27.990Z,-31.794,-71.968,59.1,4.7,mb,,,,1.1,us,usp0004ctf,2014-11-07T00:46:49.956Z,"77 km WSW of Illapel, Chile",earthquake,,10.1,,5.0,reviewed,us,us
1990-08-01T02:10:45.420Z,-31.849,-72.043,62.4,4.8,mb,,,,0.5,us,usp0004ctg,2014-11-07T00:46:50.054Z,"86 km WSW of Illapel, Chile",earthquake,,12.1,,1.0,reviewed,us,us
1990-08-01T02:44:57.010Z,-11.78,166.547,30.7,5.7,mw,,,,1.0,us,usp0004cth,2022-04-28T19:39:06.032Z,"142 km SE of Lata, Solomon Islands",earthquake,,,,,reviewed,us,hrv
1990-08-01T04:25:48.130Z,16.406,120.745,23.0,4.5,mb,,,,1.5,us,usp0004ctn,2014-11-07T00:46:50.360Z,"8 km S of Ambuclao, Philippines",earthquake,,6.1,,5.0,reviewed,us,us
1990-08-01T11:04:58.030Z,-7.909,123.036,203.3,4.7,mb,,,,0.8,us,usp0004cty,2014-11-07T00:46:50.484Z,"120 km NE of Maumere, Indonesia",earthquake,,32.7,,4.0,reviewed,us,us
1990-08-01T21:33:45.900Z,17.944,121.386,10.0,4.7,mb,,,,1.0,us,usp0004cua,2014-11-07T00:46:50.704Z,"17 km NNE of Conner, Philippines",earthquake,,,,7.0,reviewed,us,us
1990-08-01T22:48:01.530Z,-31.761,-72.218,61.5,4.8,mb,,,,1.0,us,usp0004cub,2014-11-07T00:46:50.725Z,"100 km W of Illapel, Chile",earthquake,,20.1,,1.0,reviewed,us,us
1990-08-02T00:09:48.220Z,-31.817,-71.736,65.9,4.9,mb,,,,1.3,us,usp0004cud,2014-11-07T00:46:50.754Z,"57 km WSW of Illapel, Chile",earthquake,,8.1,,12.0,reviewed,us,us
1990-08-02T00:52:33.950Z,-31.692,-71.879,46.8,4.8,mb,,,,0.6,us,usp0004cuh,2014-11-07T00:46:50.939Z,"67 km W of Illapel, Chile",earthquake,,9.0,,1.0,reviewed,us,us
1990-08-02T02:31:24.330Z,24.626,94.987,170.5,4.7,mb,,,,0.4,us,usp0004cup,2014-11-07T00:46:51.053Z,"93 km E of W?ngjing, India",earthquake,,11.1,,3.0,reviewed,us,us
1990-08-02T02:41:37.130Z,17.158,121.0,23.2,4.9,mb,,,,1.3,us,usp0004cuq,2014-11-07T00:46:51.061Z,"8 km NNE of Bontoc, Philippines",earthquake,,8.2,,21.0,reviewed,us,us
1990-08-02T05:24:08.550Z,-31.62,-71.695,35.8,6.0,mw,,,,1.0,us,usp0004cuw,2022-04-28T19:39:07.424Z,"49 km W of Illapel, Chile",earthquake,,3.4,,,reviewed,us,hrv
1990-08-02T05:37:22.880Z,19.8228333,-155.6186667,16.03,4.67,ml,47.0,102.0,,0.09,hv,hv350285,2020-03-31T20:23:41.900Z,"22 km SE of Waikoloa, Hawaii",earthquake,0.59,2.51,0.31,2.0,reviewed,hv,hv
1990-08-02T05:42:03.440Z,-31.924,-71.803,33.0,4.7,mb,,,,1.3,us,usp0004cv0,2014-11-07T00:46:51.346Z,"68 km WSW of Illapel, Chile",earthquake,,,,4.0,reviewed,us,us
1990-08-02T05:58:26.790Z,-11.336,166.37,154.8,4.9,mb,,,,0.9,us,usp0004cv1,2014-11-07T00:46:51.448Z,"92 km SE of Lata, Solomon Islands",earthquake,,11.5,,20.0,reviewed,us,us
1990-08-02T08:46:39.450Z,-31.7,-72.012,50.4,4.5,mb,,,,1.0,us,usp0004cv9,2014-11-07T00:46:51.632Z,"80 km W of Illapel, Chile",earthquake,,10.5,,8.0,reviewed,us,us
1990-08-02T15:03:27.650Z,-6.46,105.396,47.6,5.8,mw,,,,1.0,us,usp0004cvr,2022-04-28T19:39:12.871Z,"48 km W of Labuan, Indonesia",earthquake,,,,,reviewed,us,hrv
1990-08-02T19:08:55.210Z,22.629,94.265,120.8,4.8,mb,,,,1.5,us,usp0004cvz,2014-11-07T00:46:52.197Z,"67 km E of Hakha, Myanmar",earthquake,,10.8,,14.0,reviewed,us,us
1990-08-02T23:35:11.930Z,39.115,72.515,33.0,4.5,mb,,,,1.2,us,usp0004cwf,2014-11-07T00:46:52.300Z,"54 km SSE of Kyzyl-Eshme, Kyrgyzstan",earthquake,,,,6.0,reviewed,us,us
1990-08-03T04:57:47.560Z,-8.036,-82.886,33.0,5.1,mb,,,,1.2,us,usp0004cwq,2014-11-07T00:46:52.351Z,off the coast of northern Peru,earthquake,,,,1.0,reviewed,us,us
1990-08-03T07:50:57.920Z,-31.758,-72.099,31.9,4.5,mb,,,,1.0,us,usp0004cwu,2014-11-07T00:46:52.370Z,"89 km W of Illapel, Chile",earthquake,,,,7.0,reviewed,us,us
1990-08-03T08:17:16.440Z,17.314,121.068,10.0,4.9,mb,,,,1.0,us,usp0004cww,2014-11-07T00:46:52.399Z,"10 km SW of Pasil, Philippines",earthquake,,,,9.0,reviewed,us,us
1990-08-03T08:36:30.590Z,-14.671,-173.388,36.7,5.1,mb,,,,1.1,us,usp0004cwx,2014-11-07T00:46:52.406Z,"146 km SW of Gataivai, Samoa",earthquake,,,,17.0,reviewed,us,us
1990-08-03T09:15:06.150Z,47.963,84.961,33.4,6.2,mw,,,,1.0,us,usp0004cx1,2022-04-28T19:39:14.784Z,"55 km N of Zaysan, Kazakhstan",earthquake,,,,,reviewed,us,nc
1990-08-03T10:28:45.770Z,-15.641,-173.99,33.0,4.9,mb,,,,0.9,us,usp0004cx4,2014-11-07T00:46:52.843Z,"40 km NNW of Hihifo, Tonga",earthquake,,,,8.0,reviewed,us,us
1990-08-03T11:57:13.070Z,32.758,48.213,45.1,5.3,mw,,,,1.2,us,usp0004cx5,2022-04-28T19:39:20.402Z,"51 km NNW of Shahrak-e K?l?r?, Iran",earthquake,,6.6,,,reviewed,us,hrv
1990-08-03T11:59:07.790Z,-7.348,129.236,145.9,4.9,mb,,,,1.1,us,usp0004cx6,2014-11-07T00:46:53.146Z,"278 km ENE of Lospalos, Timor Leste",earthquake,,8.5,,12.0,reviewed,us,us
1990-08-03T13:42:03.980Z,16.27,120.75,20.2,4.5,mb,,,,1.3,us,usp0004cxa,2014-11-07T00:46:53.166Z,"6 km SSE of Dalupirip, Philippines",earthquake,,9.2,,4.0,reviewed,us,us
1990-08-03T14:45:35.840Z,-20.881,-178.461,580.0,4.6,mb,,,,1.1,us,usp0004cxd,2014-11-07T00:46:53.178Z,Fiji region,earthquake,,,,5.0,reviewed,us,us
1990-08-03T14:50:03.240Z,40.283,70.861,33.0,4.7,mb,,,,0.9,us,usp0004cxe,2014-11-07T00:46:53.186Z,"11 km SSE of Yaypan, Uzbekistan",earthquake,,,,21.0,reviewed,us,us
1990-08-03T15:07:16.620Z,32.668,48.163,44.5,4.9,mb,,,,1.3,us,usp0004cxf,2022-04-28T19:39:25.715Z,"45 km NW of Shahrak-e K?l?r?, Iran",earthquake,,7.9,,39.0,reviewed,us,us
1990-08-03T15:43:33.100Z,29.207,142.277,41.7,4.9,mb,,,,1.2,us,usp0004cxh,2014-11-07T00:46:53.223Z,"Izu Islands, Japan region",earthquake,,,,18.0,reviewed,us,us
1990-08-03T16:55:13.480Z,46.035,143.054,324.9,4.6,mb,,,,0.8,us,usp0004cxj,2014-11-07T00:46:53.241Z,"69 km SSE of Korsakov, Russia",earthquake,,10.3,,27.0,reviewed,us,us
1990-08-03T18:46:24.730Z,11.278,122.136,57.3,4.8,mb,,,,1.2,us,usp0004cxr,2014-11-07T00:46:53.276Z,"9 km E of Malabor, Philippines",earthquake,,12.4,,5.0,reviewed,us,us
1990-08-04T00:38:36.550Z,6.868,-72.8,150.2,4.5,mb,,,,0.9,us,usp0004cy1,2014-11-07T00:46:53.359Z,northern Colombia,earthquake,,8.2,,3.0,reviewed,us,us
1990-08-04T02:40:03.170Z,43.888,146.809,33.0,4.7,mb,,,,0.7,us,usp0004cy5,2014-11-07T00:46:53.380Z,"12 km NE of Shikotan, Russia",earthquake,,,,19.0,reviewed,us,us
1990-08-04T03:48:35.480Z,32.97,47.793,71.2,4.5,mb,,,,0.8,us,usp0004cy8,2014-11-07T00:46:53.399Z,"34 km E of ?bd?n?n, Iran",earthquake,,8.8,,11.0,reviewed,us,us
1990-08-04T05:05:40.800Z,-0.118,99.517,111.4,5.1,mb,,,,1.1,us,usp0004cyb,2014-11-07T00:46:53.417Z,"87 km NW of Pariaman, Indonesia",earthquake,,11.6,,22.0,reviewed,us,us
1990-08-04T05:28:24.460Z,16.153,120.462,41.4,4.8,mb,,,,1.3,us,usp0004cyc,2014-11-07T00:46:53.435Z,"3 km NNE of Binday, Philippines",earthquake,,7.4,,11.0,reviewed,us,us
1990-08-04T07:29:26.360Z,39.315,20.443,36.5,5.0,mb,,,,1.4,us,usp0004cyh,2014-11-07T00:46:53.473Z,"4 km NE of Párga, Greece",earthquake,,4.3,,51.0,reviewed,us,us
1990-08-04T08:31:51.060Z,26.848,125.369,225.1,5.1,mb,,,,1.0,us,usp0004cyk,2014-11-07T00:46:53.530Z,"226 km N of Hirara, Japan",earthquake,,,,67.0,reviewed,us,us
1990-08-04T09:19:29.260Z,1.289,123.155,36.1,5.4,mw,,,,1.1,us,usp0004cyn,2022-04-28T19:39:27.556Z,"83 km N of Gorontalo, Indonesia",earthquake,,,,,reviewed,us,hrv
1990-08-04T11:06:00.160Z,25.136,141.195,171.1,5.2,mw,,,,1.0,us,usp0004cyp,2025-12-19T21:00:43.082Z,"Volcano Islands, Japan region",earthquake,,,,,reviewed,us,hrv
1990-08-04T12:52:26.780Z,29.566,103.255,10.0,4.7,mb,,,,1.5,us,usp0004cyr,2014-11-07T00:46:53.652Z,"49 km W of Leshan, China",earthquake,,,,15.0,reviewed,us,us
1990-08-04T17:21:39.410Z,-3.489,145.967,33.0,4.9,mb,,,,1.4,us,usp0004cyv,2014-11-07T00:46:53.818Z,"192 km N of Madang, Papua New Guinea",earthquake,,,,4.0,reviewed,us,us
1990-08-04T21:14:32.500Z,-31.878,-72.036,65.9,4.8,mb,,,,1.4,us,usp0004cyx,2014-11-07T00:46:53.981Z,"Off the coast of Coquimbo, Chile",earthquake,,12.7,,1.0,reviewed,us,us
1990-08-05T01:08:46.530Z,22.925,142.476,33.0,4.9,mb,,,,1.2,us,usp0004cz5,2014-11-07T00:46:54.267Z,"Volcano Islands, Japan region",earthquake,,,,9.0,reviewed,us,us
1990-08-05T01:34:55.830Z,29.551,137.63,496.2,6.5,mw,,,,1.1,us,usp0004cz8,2022-04-28T19:39:28.664Z,"Izu Islands, Japan region",earthquake,,,,,reviewed,us,hrv
1990-08-05T03:16:10.120Z,27.487,141.608,47.7,5.4,mb,,,,0.8,us,usp0004cz9,2022-04-28T19:39:33.789Z,"Bonin Islands, Japan region",earthquake,,,,59.0,reviewed,us,us
1990-08-05T03:36:22.290Z,36.31,141.072,26.6,6.1,mw,,,,0.9,us,usp0004cza,2022-04-28T19:39:39.751Z,"43 km E of ?arai, Japan",earthquake,,,,,reviewed,us,hrv
1990-08-05T07:12:28.300Z,-4.585,103.118,115.7,4.6,mb,,,,0.9,us,usp0004czk,2014-11-07T00:46:54.595Z,"63 km SSW of Pagar Alam, Indonesia",earthquake,,20.2,,9.0,reviewed,us,us
1990-08-05T07:13:02.880Z,35.074,139.038,47.3,5.1,mw,,,,0.7,us,usp0004czm,2022-04-28T19:39:45.348Z,"2 km SW of Atami, Japan",earthquake,,5.3,,,reviewed,us,hrv
1990-08-05T07:24:39.510Z,-5.375,129.63,240.9,4.7,mb,,,,1.1,us,usp0004czn,2014-11-07T00:46:54.621Z,"238 km SSE of Amahai, Indonesia",earthquake,,9.2,,10.0,reviewed,us,us
1990-08-05T13:10:12.740Z,-1.12,-12.909,10.0,4.6,mb,,,,1.2,us,usp0004d00,2014-11-07T00:46:54.739Z,north of Ascension Island,earthquake,,,,12.0,reviewed,us,us
1990-08-05T14:47:54.410Z,51.759,-175.276,59.4,5.1,mw,,,,0.9,us,usp0004d03,2022-04-28T19:39:47.168Z,"88 km SW of Atka, Alaska",earthquake,,6.2,,,reviewed,us,hrv
1990-08-05T15:26:03.150Z,15.334,121.275,23.8,4.9,mb,,,,1.1,us,usp0004d04,2014-11-07T00:46:54.771Z,"10 km WNW of Cabog, Philippines",earthquake,,6.4,,9.0,reviewed,us,us
1990-08-05T17:42:32.170Z,-1.08,-13.887,10.0,6.4,mw,,,,1.0,us,usp0004d06,2022-04-28T19:39:48.811Z,north of Ascension Island,earthquake,,,,,reviewed,us,hrv
1990-08-05T18:31:50.240Z,40.205,33.869,25.4,4.8,mb,,,,1.0,us,usp0004d08,2014-11-07T00:46:54.823Z,"14 km ENE of Sulakyurt, Turkey",earthquake,,3.5,,53.0,reviewed,us,us
1990-08-05T18:48:20.920Z,6.044,126.863,128.6,5.0,mb,,,,1.0,us,usp0004d09,2014-11-07T00:46:54.842Z,"83 km ESE of Pondaguitan, Philippines",earthquake,,6.9,,17.0,reviewed,us,us
1990-08-05T21:18:46.260Z,43.411,146.539,33.0,4.8,mb,,,,0.9,us,usp0004d0g,2014-11-07T00:46:54.864Z,"45 km SSW of Shikotan, Russia",earthquake,,,,16.0,reviewed,us,us
1990-08-06T02:30:41.110Z,16.23,120.498,39.3,5.1,mw,,,,0.9,us,usp0004d0s,2022-04-28T19:39:50.382Z,"0 km NE of Subusub, Philippines",earthquake,,,,,reviewed,us,hrv
1990-08-06T03:29:01.400Z,17.337,120.831,10.0,4.5,mb,,,,1.4,us,usp0004d0v,2014-11-07T00:46:54.931Z,"13 km SE of Bantay, Philippines",earthquake,,,,7.0,reviewed,us,us
1990-08-06T08:38:04.060Z,52.311,-169.521,33.0,4.6,mb,,,,0.9,us,usp0004d14,2014-11-07T00:46:54.961Z,"82 km SSW of Nikolski, Alaska",earthquake,,,,2.0,reviewed,us,us
1990-08-06T08:40:01.590Z,-24.121,-66.831,180.6,4.6,mb,,,,1.1,us,usp0004d15,2014-11-07T00:46:54.962Z,"53 km WNW of San Antonio de los Cobres, Argentina",earthquake,,5.5,,9.0,reviewed,us,us
1990-08-06T13:59:10.640Z,-59.137,159.386,10.0,4.9,mb,,,,1.1,us,usp0004d1m,2014-11-07T00:46:54.996Z,Macquarie Island region,earthquake,,,,3.0,reviewed,us,us
1990-08-06T16:23:17.890Z,-15.962,-173.572,81.1,5.6,mw,,,,1.1,us,usp0004d1t,2022-04-28T19:39:56.243Z,"24 km E of Hihifo, Tonga",earthquake,,,,,reviewed,us,hrv
1990-08-06T20:30:44.960Z,-56.104,-27.7,112.4,5.4,mw,,,,0.8,us,usp0004d1x,2025-12-19T21:00:44.302Z,South Sandwich Islands region,earthquake,,,,,reviewed,us,hrv
1990-08-07T03:55:21.890Z,-11.332,118.843,33.0,5.0,mb,,,,1.2,us,usp0004d23,2014-11-07T00:46:55.069Z,"241 km SW of Waingapu, Indonesia",earthquake,,,,20.0,reviewed,us,us
1990-08-07T07:14:01.200Z,-19.08,65.595,10.0,5.1,mb,,,,0.6,us,usp0004d2b,2014-11-07T00:46:55.088Z,"238 km ENE of Port Mathurin, Mauritius",earthquake,,,,6.0,reviewed,us,us
1990-08-07T10:36:46.200Z,27.743,102.465,10.0,4.8,mb,,,,1.2,us,usp0004d2g,2014-11-07T00:46:55.099Z,"26 km SE of Xichang, China",earthquake,,,,3.0,reviewed,us,us
1990-08-07T14:54:43.180Z,42.129,144.808,33.9,4.7,mb,,,,1.1,us,usp0004d2r,2014-11-07T00:46:55.120Z,"100 km SSE of Kushiro, Japan",earthquake,,7.7,,18.0,reviewed,us,us
1990-08-07T19:22:06.550Z,-19.097,65.62,10.0,5.1,mb,,,,0.7,us,usp0004d2z,2014-11-07T00:46:55.138Z,"240 km ENE of Port Mathurin, Mauritius",earthquake,,,,9.0,reviewed,us,us
1990-08-07T19:50:06.810Z,8.706,126.414,84.1,4.5,mb,,,,1.1,us,usp0004d30,2014-11-07T00:46:55.144Z,"16 km SE of Marihatag, Philippines",earthquake,,11.6,,4.0,reviewed,us,us
1990-08-07T20:49:21.570Z,-19.128,-175.883,277.1,4.9,mb,,,,0.9,us,usp0004d33,2014-11-07T00:46:55.153Z,"177 km WNW of Pangai, Tonga",earthquake,,8.0,,19.0,reviewed,us,us
1990-08-07T21:35:05.180Z,34.056,140.25,84.1,4.5,mb,,,,0.9,us,usp0004d35,2014-11-07T00:46:55.178Z,"108 km SSE of Tateyama, Japan",earthquake,,19.4,,2.0,reviewed,us,us
1990-08-07T21:44:09.270Z,12.964,143.685,142.3,4.5,mb,,,,0.6,us,usp0004d37,2014-11-07T00:46:55.183Z,"111 km WSW of Merizo Village, Guam",earthquake,,4.4,,8.0,reviewed,us,us
1990-08-08T00:35:06.830Z,37.171,22.039,10.0,4.8,mb,,,,1.2,us,usp0004d3d,2014-11-07T00:46:55.214Z,"1 km NNW of Arfará, Greece",earthquake,,,,38.0,reviewed,us,us
1990-08-08T08:24:33.780Z,-17.877,-178.169,540.8,4.8,mb,,,,0.5,us,usp0004d3n,2014-11-07T00:46:55.248Z,"267 km E of Levuka, Fiji",earthquake,,8.6,,3.0,reviewed,us,us
1990-08-08T11:10:49.120Z,35.753,140.153,123.6,4.8,mb,,,,0.9,us,usp0004d3y,2014-11-07T00:46:55.270Z,"8 km WNW of Sakura, Japan",earthquake,,11.1,,12.0,reviewed,us,us
1990-08-08T11:52:10.680Z,35.555,73.822,33.0,4.8,mb,,,,0.9,us,usp0004d3z,2014-11-07T00:46:55.273Z,"59 km SW of Gilgit, Pakistan",earthquake,,,,5.0,reviewed,us,us
1990-08-08T12:18:23.540Z,-6.394,130.016,139.1,4.7,mb,,,,1.2,us,usp0004d40,2014-11-07T00:46:55.275Z,Banda Sea,earthquake,,19.3,,14.0,reviewed,us,us
1990-08-08T14:42:38.950Z,8.497,-103.253,10.0,5.5,mw,,,,1.3,us,usp0004d43,2025-12-19T20:56:20.947Z,northern East Pacific Rise,earthquake,,,,,reviewed,us,hrv
1990-08-08T19:27:06.250Z,-6.189,149.034,60.8,4.7,mb,,,,0.8,us,usp0004d4b,2014-11-07T00:46:55.306Z,"56 km W of Kandrian, Papua New Guinea",earthquake,,10.7,,3.0,reviewed,us,us
1990-08-08T19:54:42.330Z,-14.041,166.287,40.2,5.0,mb,,,,1.1,us,usp0004d4d,2014-11-07T00:46:55.310Z,"137 km W of Sola, Vanuatu",earthquake,,12.2,,16.0,reviewed,us,us
1990-08-08T23:27:46.430Z,16.286,120.642,19.8,5.0,mb,,,,1.3,us,usp0004d4h,2014-11-07T00:46:55.325Z,"9 km SSW of Itogon, Philippines",earthquake,,5.8,,34.0,reviewed,us,us
1990-08-09T02:06:36.060Z,19.3316667,-155.1101667,8.696,4.71,ml,51.0,110.0,,0.11,hv,hv350994,2020-03-31T20:24:48.750Z,"15 km S of Fern Forest, Hawaii",earthquake,0.55,0.4,0.7,2.0,reviewed,hv,hv
1990-08-09T02:42:08.750Z,-15.636,-172.603,33.0,5.0,ms,,,,0.7,us,usp0004d4r,2014-11-07T00:46:55.351Z,"132 km ENE of Hihifo, Tonga",earthquake,,,,3.0,reviewed,us,us
1990-08-09T06:56:51.060Z,-13.228,-112.106,10.0,5.3,mw,,,,0.9,us,usp0004d4v,2025-12-19T21:00:45.580Z,central East Pacific Rise,earthquake,,,,,reviewed,us,hrv
1990-08-09T07:33:52.350Z,-7.199,129.187,112.5,5.1,mb,,,,1.0,us,usp0004d4w,2014-11-07T00:46:55.372Z,"282 km ENE of Lospalos, Timor Leste",earthquake,,12.6,,17.0,reviewed,us,us
1990-08-09T13:08:50.380Z,-6.555,127.476,426.6,4.6,mb,,,,1.0,us,usp0004d53,2014-11-07T00:46:55.387Z,"223 km NNE of Lospalos, Timor Leste",earthquake,,17.9,,9.0,reviewed,us,us
1990-08-09T13:44:39.690Z,2.548,128.359,41.1,5.1,mb,,,,1.3,us,usp0004d55,2014-11-07T00:46:55.412Z,"98 km NNE of Tobelo, Indonesia",earthquake,,22.3,,6.0,reviewed,us,us
1990-08-09T15:10:48.910Z,-30.134,-179.573,384.3,4.5,mb,,,,1.2,us,usp0004d5a,2014-11-07T00:46:55.425Z,Kermadec Islands region,earthquake,,27.2,,2.0,reviewed,us,us
1990-08-10T00:16:16.500Z,40.261,70.886,33.0,4.6,mb,,,,0.7,us,usp0004d64,2014-11-07T00:46:55.480Z,"14 km SSE of Yaypan, Uzbekistan",earthquake,,,,33.0,reviewed,us,us
1990-08-10T01:51:19.440Z,-0.076,122.954,172.1,5.5,mw,,,,1.0,us,usp0004d65,2022-04-28T19:39:57.517Z,"68 km S of Gorontalo, Indonesia",earthquake,,1.6,,,reviewed,us,hrv
1990-08-10T02:50:09.280Z,-9.169,67.246,10.0,4.6,mb,,,,1.3,us,usp0004d66,2014-11-07T00:46:55.505Z,Mid-Indian Ridge,earthquake,,,,12.0,reviewed,us,us
1990-08-10T05:37:52.150Z,-20.199,168.328,47.4,5.8,mw,,,,0.9,us,usp0004d6b,2022-04-28T19:40:02.657Z,"123 km SW of Isangel, Vanuatu",earthquake,,,,,reviewed,us,hrv
1990-08-10T06:15:05.900Z,-15.837,-176.584,21.7,4.8,mb,,,,1.0,us,usp0004d6c,2014-11-07T00:46:55.563Z,"235 km SE of Alo, Wallis and Futuna",earthquake,,,,9.0,reviewed,us,us
1990-08-10T08:16:12.720Z,-4.52,152.896,86.4,4.9,mb,,,,0.8,us,usp0004d6g,2014-11-07T00:46:55.575Z,"72 km ESE of Kokopo, Papua New Guinea",earthquake,,16.6,,2.0,reviewed,us,us
1990-08-10T10:49:55.590Z,-5.952,153.45,32.1,4.6,mb,,,,1.0,us,usp0004d6n,2014-11-07T00:46:55.583Z,"220 km SE of Kokopo, Papua New Guinea",earthquake,,8.8,,4.0,reviewed,us,us
1990-08-10T11:23:32.680Z,15.936,-93.979,78.9,5.1,mb,,,,0.8,us,usp0004d6r,2014-11-07T00:46:55.594Z,"16 km WSW of San Luqueño, Mexico",earthquake,,2.9,,51.0,reviewed,us,us
1990-08-10T11:41:29.410Z,-18.239,-177.906,469.2,4.8,mb,,,,1.1,us,usp0004d6s,2014-11-07T00:46:55.606Z,"294 km E of Levuka, Fiji",earthquake,,4.3,,30.0,reviewed,us,us
1990-08-10T13:21:19.060Z,35.365,135.279,378.4,4.7,mb,,,,1.2,us,usp0004d6y,2014-11-07T00:46:55.623Z,"7 km NNE of Ayabe, Japan",earthquake,,8.0,,8.0,reviewed,us,us
1990-08-10T14:32:21.970Z,16.473,121.026,10.0,4.7,mb,,,,1.4,us,usp0004d6z,2014-11-07T00:46:55.625Z,"10 km W of Busilak, Philippines",earthquake,,,,8.0,reviewed,us,us
1990-08-10T15:00:00.240Z,57.413,-33.094,10.0,4.8,mb,,,,1.1,us,usp0004d71,2014-11-07T00:46:55.632Z,Reykjanes Ridge,earthquake,,,,46.0,reviewed,us,us
1990-08-10T15:44:31.360Z,0.333,126.175,53.2,6.2,mw,,,,1.1,us,usp0004d74,2022-04-28T19:40:03.945Z,"143 km WSW of Ternate, Indonesia",earthquake,,2.7,,,reviewed,us,hrv
1990-08-10T16:33:25.680Z,17.5,121.412,35.5,4.8,mb,,,,1.5,us,usp0004d75,2014-11-07T00:46:55.678Z,"6 km WNW of Tabuk, Philippines",earthquake,,9.2,,16.0,reviewed,us,us
1990-08-10T16:49:07.050Z,0.304,126.191,90.5,4.9,mb,,,,1.2,us,usp0004d76,2014-11-07T00:46:55.684Z,Molucca Sea,earthquake,,14.0,,9.0,reviewed,us,us
1990-08-10T17:47:36.780Z,-19.805,-177.385,372.9,5.9,mw,,,,1.0,us,usp0004d7a,2022-04-28T19:40:09.314Z,"271 km WNW of Haveluloto, Tonga",earthquake,,,,,reviewed,us,hrv
1990-08-10T19:02:17.680Z,57.51,-32.943,10.0,5.3,mw,,,,1.0,us,usp0004d7b,2025-12-19T21:00:46.848Z,Reykjanes Ridge,earthquake,,,,,reviewed,us,hrv
1990-08-10T21:11:49.040Z,6.572,60.24,10.0,5.5,mw,,,,1.1,us,usp0004d7e,2022-04-28T19:40:10.641Z,Carlsberg Ridge,earthquake,,,,,reviewed,us,hrv
1990-08-11T00:16:19.340Z,-22.821,-179.288,600.0,4.5,mb,,,,0.8,us,usp0004d7h,2014-11-07T00:46:55.778Z,south of the Fiji Islands,earthquake,,,,5.0,reviewed,us,us
1990-08-11T02:34:22.270Z,0.165,33.118,33.0,4.5,mb,,,,1.8,us,usp0004d7q,2014-11-07T00:46:55.795Z,"30 km SE of Lugazi, Uganda",earthquake,,,,3.0,reviewed,us,us
1990-08-11T02:45:18.140Z,-6.106,130.479,120.2,5.1,mb,,,,1.0,us,usp0004d7r,2014-11-07T00:46:55.796Z,"257 km WSW of Tual, Indonesia",earthquake,,13.1,,14.0,reviewed,us,us
1990-08-11T02:59:54.970Z,-0.059,-78.449,5.0,5.3,mw,,,,1.2,us,usp0004d7s,2022-04-28T19:40:11.816Z,"20 km NNE of Quito, Ecuador",earthquake,,,,,reviewed,us,hrv
1990-08-11T04:55:38.750Z,28.403,127.967,23.9,4.7,mb,,,,1.3,us,usp0004d80,2014-11-07T00:46:55.840Z,"148 km W of Naze, Japan",earthquake,,10.0,,12.0,reviewed,us,us
1990-08-11T06:09:38.580Z,18.968,-103.478,56.8,4.5,mb,,,,1.6,us,usp0004d86,2014-11-07T00:46:55.858Z,"20 km SE of Los Tepames, Mexico",earthquake,,,,11.0,reviewed,us,us
1990-08-11T07:20:08.410Z,-31.927,-178.256,33.0,5.2,mb,,,,1.4,us,usp0004d8c,2014-11-07T00:46:55.877Z,Kermadec Islands region,earthquake,,,,3.0,reviewed,us,us
1990-08-11T07:49:05.940Z,-4.913,151.217,194.8,4.8,mb,,,,0.7,us,usp0004d8d,2014-11-07T00:46:55.879Z,"131 km SW of Rabaul, Papua New Guinea",earthquake,,15.0,,5.0,reviewed,us,us
1990-08-11T08:00:14.820Z,-22.182,171.138,131.3,5.5,mw,,,,1.1,us,usp0004d8e,2022-04-28T19:40:13.040Z,southeast of the Loyalty Islands,earthquake,,,,,reviewed,us,hrv
1990-08-11T16:51:31.930Z,-20.292,168.276,33.0,4.7,mb,,,,1.6,us,usp0004d8u,2014-11-07T00:46:55.906Z,"126 km ENE of Wé, New Caledonia",earthquake,,,,2.0,reviewed,us,us
1990-08-11T21:09:39.670Z,16.352,120.414,30.4,5.0,mw,,,,0.9,us,usp0004d90,2022-04-28T19:40:18.164Z,"1 km S of Halog West, Philippines",earthquake,,5.1,,,reviewed,us,hrv
1990-08-11T22:46:58.240Z,-18.386,168.066,33.0,4.7,mb,,,,1.6,us,usp0004d94,2014-11-07T00:46:55.940Z,"76 km SSW of Port-Vila, Vanuatu",earthquake,,,,1.0,reviewed,us,us
1990-08-11T23:17:30.700Z,7.139,-34.203,10.0,4.8,ms,,,,0.9,us,usp0004d95,2014-11-07T00:46:55.946Z,central Mid-Atlantic Ridge,earthquake,,,,3.0,reviewed,us,us
1990-08-12T00:09:30.110Z,-6.05,130.479,128.8,5.2,mb,,,,0.9,us,usp0004d97,2014-11-07T00:46:55.950Z,"256 km W of Tual, Indonesia",earthquake,,,,20.0,reviewed,us,us
1990-08-12T00:35:03.210Z,0.964,-28.808,10.0,5.5,mw,,,,1.0,us,usp0004d98,2022-04-28T19:40:19.849Z,central Mid-Atlantic Ridge,earthquake,,,,,reviewed,us,hrv
1990-08-12T03:04:16.950Z,-59.137,159.068,10.0,4.7,mb,,,,1.6,us,usp0004d9g,2014-11-07T00:46:55.988Z,Macquarie Island region,earthquake,,,,3.0,reviewed,us,us
1990-08-12T07:25:51.200Z,-5.842,151.56,46.7,4.7,mb,,,,1.0,us,usp0004d9r,2014-11-07T00:46:56.012Z,"160 km ESE of Kimbe, Papua New Guinea",earthquake,,13.2,,7.0,reviewed,us,us
1990-08-12T07:51:55.130Z,13.277,143.935,143.7,5.5,mw,,,,1.1,us,usp0004d9s,2025-12-19T21:00:48.118Z,"78 km W of Umatac Village, Guam",earthquake,,4.6,,,reviewed,us,hrv
1990-08-12T11:55:55.080Z,44.513,148.721,33.0,4.6,mb,,,,0.7,us,usp0004da6,2014-11-07T00:46:56.058Z,"103 km SE of Kuril’sk, Russia",earthquake,,,,12.0,reviewed,us,us
1990-08-12T21:25:21.950Z,-19.435,169.132,140.4,7.1,mw,,,,1.1,us,usp0004dad,2022-04-28T19:40:21.017Z,"19 km NW of Isangel, Vanuatu",earthquake,,,,,reviewed,us,hrv
1990-08-13T00:05:58.270Z,-20.584,168.353,33.9,4.9,mb,,,,1.3,us,usp0004dap,2014-11-07T00:46:56.233Z,"117 km NNE of Tadine, New Caledonia",earthquake,,,,3.0,reviewed,us,us
1990-08-13T02:47:04.500Z,5.335,31.882,10.0,4.7,mb,,,,1.5,us,usp0004dav,2020-08-29T00:05:20.368Z,"62 km NNE of Juba, South Sudan",earthquake,,,,11.0,reviewed,us,us
1990-08-13T06:18:25.180Z,36.663,49.884,34.8,4.6,mb,,,,1.0,us,usp0004db1,2014-11-07T00:46:56.264Z,"42 km ESE of P?deg?n-e Manj?l, Iran",earthquake,,10.6,,26.0,reviewed,us,us
1990-08-13T08:00:47.400Z,-5.623,150.249,33.0,4.6,mb,,,,0.9,us,usp0004db4,2014-11-07T00:46:56.275Z,"14 km ESE of Kimbe, Papua New Guinea",earthquake,,,,2.0,reviewed,us,us
1990-08-13T08:46:45.940Z,12.225,93.701,33.0,4.5,mb,,,,1.1,us,usp0004db5,2014-11-07T00:46:56.276Z,"120 km ENE of Port Blair, India",earthquake,,,,2.0,reviewed,us,us
1990-08-13T13:30:13.220Z,-15.11,-175.769,33.0,5.2,ms,,,,1.1,us,usp0004dbd,2014-11-07T00:46:56.304Z,"206 km SSE of Mata-Utu, Wallis and Futuna",earthquake,,,,5.0,reviewed,us,us
1990-08-13T13:49:17.210Z,15.996,122.632,33.0,4.6,mb,,,,1.2,us,usp0004dbe,2014-11-07T00:46:56.310Z,"102 km SE of Minuri, Philippines",earthquake,,,,7.0,reviewed,us,us
1990-08-13T14:57:41.180Z,-18.719,65.398,10.0,4.9,mb,,,,1.0,us,usp0004dbj,2014-11-07T00:46:56.319Z,"234 km ENE of Port Mathurin, Mauritius",earthquake,,,,5.0,reviewed,us,us
1990-08-13T16:07:49.620Z,1.599,123.795,45.9,4.5,mb,,,,1.3,us,usp0004dbn,2014-11-07T00:46:56.324Z,"116 km WNW of Tomohon, Indonesia",earthquake,,18.6,,4.0,reviewed,us,us
1990-08-13T16:12:33.380Z,1.371,123.377,37.4,4.9,mb,,,,1.0,us,usp0004dbp,2014-11-07T00:46:56.326Z,"98 km NNE of Gorontalo, Indonesia",earthquake,,11.7,,13.0,reviewed,us,us
1990-08-13T17:08:18.350Z,-18.54,-178.236,677.7,4.7,mb,,,,1.4,us,usp0004dbq,2014-11-07T00:46:56.331Z,"263 km E of Levuka, Fiji",earthquake,,14.3,,6.0,reviewed,us,us
1990-08-13T20:37:12.590Z,-29.487,-176.289,33.0,4.5,mb,,,,1.6,us,usp0004dbx,2014-11-07T00:46:56.348Z,Kermadec Islands region,earthquake,,,,1.0,reviewed,us,us
1990-08-13T22:36:30.910Z,-28.985,-66.071,22.4,4.9,mb,,,,1.4,us,usp0004dbz,2014-11-07T00:46:56.351Z,"23 km S of Capayán, Argentina",earthquake,,,,11.0,reviewed,us,us
1990-08-13T23:04:21.690Z,60.0243,-151.9245,71.5,5.5,mw,,,,0.28,ak,ak990achmyk9,2022-04-28T19:40:22.208Z,"13 km NW of Happy Valley, Alaska",earthquake,,1.7,,,reviewed,ak,ak
1990-08-14T00:26:26.790Z,-4.068,102.014,33.0,4.6,mb,,,,0.9,us,usp0004dc3,2014-11-07T00:46:56.389Z,"40 km SW of Bengkulu, Indonesia",earthquake,,,,2.0,reviewed,us,us
1990-08-14T00:50:39.210Z,27.024,65.969,21.2,5.5,mw,,,,1.1,us,usp0004dc6,2022-04-28T19:40:24.754Z,"94 km NNW of Bela, Pakistan",earthquake,,,,,reviewed,us,hrv
1990-08-14T02:33:37.800Z,-8.566,-76.498,33.0,4.5,mb,,,,0.9,us,usp0004dc8,2014-11-07T00:46:56.463Z,"12 km SSW of Uchiza, Peru",earthquake,,,,3.0,reviewed,us,us
1990-08-14T06:10:55.500Z,-20.143,168.282,40.2,5.1,mb,,,,1.2,us,usp0004dcd,2014-11-07T00:46:56.475Z,"124 km WSW of Isangel, Vanuatu",earthquake,,,,12.0,reviewed,us,us
1990-08-14T06:47:18.310Z,1.902,127.365,33.0,4.9,mb,,,,1.1,us,usp0004dce,2014-11-07T00:46:56.488Z,"74 km WNW of Tobelo, Indonesia",earthquake,,,,9.0,reviewed,us,us
1990-08-14T09:31:32.640Z,8.057,126.949,63.9,5.1,mb,,,,1.3,us,usp0004dcn,2014-11-07T00:46:56.499Z,"56 km E of Santa Maria, Philippines",earthquake,,16.6,,17.0,reviewed,us,us
1990-08-14T10:35:45.030Z,-5.419,131.382,33.0,4.6,mb,,,,1.7,us,usp0004dcr,2014-11-07T00:46:56.508Z,"153 km W of Tual, Indonesia",earthquake,,,,3.0,reviewed,us,us
1990-08-14T13:38:28.330Z,15.052,147.67,33.5,5.0,mb,,,,0.9,us,usp0004dcv,2014-11-07T00:46:56.523Z,"206 km E of Saipan, Northern Mariana Islands",earthquake,,,,18.0,reviewed,us,us
1990-08-14T13:46:29.610Z,15.137,147.59,30.6,4.6,mb,,,,1.1,us,usp0004dcx,2014-11-07T00:46:56.531Z,"197 km E of Saipan, Northern Mariana Islands",earthquake,,,,3.0,reviewed,us,us
1990-08-14T15:13:28.600Z,35.432,-35.648,10.0,6.3,mw,,,,1.4,us,usp0004dcy,2022-04-28T19:40:25.909Z,northern Mid-Atlantic Ridge,earthquake,,,,,reviewed,us,hrv
1990-08-14T15:59:07.860Z,53.113,158.714,33.0,5.1,mb,,,,0.7,us,usp0004dd5,2014-11-07T00:46:56.584Z,"8 km NNE of Petropavlovsk-Kamchatsky, Russia",earthquake,,,,49.0,reviewed,us,us
1990-08-14T16:09:57.420Z,-10.456,123.956,33.0,4.7,mb,,,,1.1,us,usp0004dd6,2014-11-07T00:46:56.591Z,"49 km SE of Kupang, Indonesia",earthquake,,,,8.0,reviewed,us,us
1990-08-14T16:10:54.880Z,36.111,100.078,33.0,4.6,mb,,,,1.2,us,usp0004dd7,2014-11-07T00:46:56.593Z,"161 km WSW of Xining, China",earthquake,,,,17.0,reviewed,us,us
1990-08-14T19:45:28.140Z,51.294,-178.901,33.0,5.5,mw,,,,1.0,us,usp0004ddg,2022-04-28T19:40:27.097Z,"169 km WSW of Adak, Alaska",earthquake,,,,,reviewed,us,hrv
1990-08-14T20:58:31.670Z,-38.823,175.688,139.3,4.5,mb,,,,0.9,us,usp0004ddj,2014-11-07T00:46:56.627Z,"21 km NNW of Turangi, New Zealand",earthquake,,5.7,,2.0,reviewed,us,us
1990-08-14T21:11:48.610Z,-17.493,-176.615,260.0,4.7,mb,,,,1.2,us,usp0004ddm,2014-11-07T00:46:56.633Z,Fiji region,earthquake,,,,5.0,reviewed,us,us
1990-08-15T08:58:13.600Z,-31.003,-179.706,358.3,5.5,mb,,,,1.7,us,usp0004de8,2014-11-07T00:46:56.673Z,Kermadec Islands region,earthquake,,21.8,,2.0,reviewed,us,us
1990-08-15T13:23:36.370Z,-18.834,-69.096,120.2,5.3,mw,,,,1.4,us,usp0004dej,2025-12-19T21:00:49.305Z,"127 km SSW of Curahuara de Carangas, Bolivia",earthquake,,,,,reviewed,us,hrv
1990-08-15T15:54:41.950Z,-40.382,176.394,31.2,5.2,mw,,,,1.3,us,usp0004dep,2022-04-28T19:40:28.288Z,"59 km NNE of Castlepoint, New Zealand",earthquake,,,,,reviewed,us,hrv
1990-08-15T18:03:58.950Z,53.38,163.415,18.2,4.7,mb,,,,1.0,us,usp0004det,2014-11-07T00:46:56.897Z,"off the east coast of the Kamchatka Peninsula, Russia",earthquake,,,,7.0,reviewed,us,us
1990-08-15T21:24:42.490Z,-4.294,-80.758,32.8,5.0,mb,,,,1.3,us,usp0004dex,2014-11-07T00:46:56.906Z,"14 km ESE of La Breita, Peru",earthquake,,,,33.0,reviewed,us,us
1990-08-15T22:58:44.020Z,3.901,95.097,33.0,4.8,mb,,,,1.1,us,usp0004dez,2014-11-07T00:46:56.914Z,"117 km WSW of Meulaboh, Indonesia",earthquake,,,,7.0,reviewed,us,us
1990-08-15T23:08:56.040Z,43.757,143.297,161.5,5.3,mw,,,,0.7,us,usp0004df0,2025-12-19T21:00:50.567Z,"43 km ESE of Kamikawa, Japan",earthquake,,,,,reviewed,us,hrv
1990-08-16T00:27:48.160Z,-31.702,-72.622,33.0,4.8,mb,,,,1.2,us,usp0004df2,2014-11-07T00:46:56.941Z,"137 km W of Illapel, Chile",earthquake,,,,2.0,reviewed,us,us
1990-08-16T03:14:02.230Z,54.258,161.053,33.0,4.5,mb,,,,1.1,us,usp0004df9,2014-11-07T00:46:56.954Z,"165 km ESE of Mil’kovo, Russia",earthquake,,,,11.0,reviewed,us,us
1990-08-16T04:04:55.310Z,3.156,128.508,92.8,4.8,mb,,,,0.8,us,usp0004dfd,2014-11-07T00:46:56.964Z,"167 km NNE of Tobelo, Indonesia",earthquake,,22.1,,6.0,reviewed,us,us
1990-08-16T04:32:18.590Z,44.709,34.948,25.6,4.6,mb,,,,1.2,us,usp0004dfe,2014-11-07T00:46:56.966Z,"13 km SSE of Novy Svet, Ukraine",earthquake,,,,35.0,reviewed,us,us
1990-08-16T04:41:53.380Z,-5.167,130.423,63.6,5.2,mb,,,,1.0,us,usp0004dff,2014-11-07T00:46:56.977Z,"262 km SE of Amahai, Indonesia",earthquake,,14.7,,22.0,reviewed,us,us
1990-08-16T04:59:57.690Z,41.564,88.77,0.0,6.2,mb,,,,0.9,us,usp0004dfg,2015-06-16T17:27:57.801Z,"157 km SSW of Turpan, China",nuclear explosion,,,,134.0,reviewed,us,us
1990-08-16T07:54:37.720Z,-2.522,140.456,10.0,4.9,mb,,,,1.1,us,usp0004dfp,2014-11-07T00:46:57.027Z,"21 km WNW of Abepura, Indonesia",earthquake,,,,8.0,reviewed,us,us
1990-08-16T11:57:07.880Z,45.727,149.861,94.7,4.9,mb,,,,0.7,us,usp0004dfz,2014-11-07T00:46:57.048Z,"164 km ENE of Kuril’sk, Russia",earthquake,,,,26.0,reviewed,us,us
1990-08-16T14:26:11.620Z,4.289,95.448,86.6,4.9,mb,,,,0.9,us,usp0004dg6,2014-11-07T00:46:57.064Z,"77 km WNW of Meulaboh, Indonesia",earthquake,,12.4,,26.0,reviewed,us,us
1990-08-16T16:07:42.310Z,24.186,121.706,10.0,4.5,mb,,,,0.7,us,usp0004dg9,2014-11-07T00:46:57.072Z,"25 km NNE of Hualien City, Taiwan",earthquake,,,,1.0,reviewed,us,us
1990-08-16T17:57:58.210Z,-5.627,147.505,175.9,5.1,mb,,,,0.8,us,usp0004dgf,2014-11-07T00:46:57.084Z,"109 km NNW of Finschhafen, Papua New Guinea",earthquake,,6.5,,18.0,reviewed,us,us
1990-08-16T19:12:18.750Z,-11.167,161.963,31.8,5.7,mw,,,,1.4,us,usp0004dgj,2022-04-28T19:40:35.088Z,"78 km S of Kirakira, Solomon Islands",earthquake,,8.9,,,reviewed,us,hrv
1990-08-16T19:22:50.510Z,-26.948,-71.036,30.0,4.9,mb,,,,1.2,us,usp0004dgm,2014-11-07T00:46:57.103Z,"83 km NW of Copiapó, Chile",earthquake,,9.9,,1.0,reviewed,us,us
1990-08-16T20:04:00.420Z,-16.96,168.072,33.0,4.7,ms,,,,1.5,us,usp0004dgp,2014-11-07T00:46:57.108Z,"89 km NNW of Port-Vila, Vanuatu",earthquake,,,,3.0,reviewed,us,us
1990-08-16T20:38:25.520Z,-40.078,77.527,10.0,4.9,mb,,,,0.4,us,usp0004dgr,2014-11-07T00:46:57.113Z,Mid-Indian Ridge,earthquake,,,,6.0,reviewed,us,us
1990-08-16T23:52:17.500Z,27.794,56.858,62.2,4.7,mb,,,,0.7,us,usp0004dgt,2014-11-07T00:46:57.117Z,"76 km NNW of M?n?b, Iran",earthquake,,8.3,,21.0,reviewed,us,us
1990-08-17T01:28:43.880Z,52.473,-167.498,33.0,4.8,mb,,,,1.1,us,usp0004dgw,2014-11-07T00:46:57.125Z,"105 km ESE of Nikolski, Alaska",earthquake,,,,40.0,reviewed,us,us
1990-08-17T01:55:34.660Z,52.346,-167.452,33.0,4.9,mb,,,,1.4,us,usp0004dgz,2014-11-07T00:46:57.140Z,"115 km SE of Nikolski, Alaska",earthquake,,,,33.0,reviewed,us,us
1990-08-17T02:56:06.070Z,3.386,122.537,560.0,5.2,mb,,,,0.9,us,usp0004dh5,2014-11-07T00:46:57.166Z,"297 km SE of Latung, Philippines",earthquake,,5.3,,26.0,reviewed,us,us
1990-08-17T09:20:50.040Z,-7.987,156.445,33.0,5.0,mb,,,,1.0,us,usp0004dhh,2014-11-07T00:46:57.188Z,"45 km WNW of Gizo, Solomon Islands",earthquake,,,,11.0,reviewed,us,us
1990-08-17T09:22:24.550Z,-15.812,-177.031,33.0,5.0,mb,,,,1.1,us,usp0004dhj,2014-11-07T00:46:57.191Z,"202 km SE of Alo, Wallis and Futuna",earthquake,,,,6.0,reviewed,us,us
1990-08-17T11:05:36.750Z,23.914,122.243,45.6,4.7,mb,,,,1.4,us,usp0004dhn,2014-11-07T00:46:57.199Z,"65 km E of Hualien City, Taiwan",earthquake,,11.8,,5.0,reviewed,us,us
1990-08-17T13:07:17.420Z,-11.164,161.997,29.1,6.7,mw,,,,1.4,us,usp0004dhv,2022-04-28T19:40:41.987Z,"78 km S of Kirakira, Solomon Islands",earthquake,,,,,reviewed,us,hrv
1990-08-17T13:34:35.830Z,-11.458,162.006,33.0,4.9,mb,,,,1.4,us,usp0004dhw,2014-11-07T00:46:57.560Z,"111 km S of Kirakira, Solomon Islands",earthquake,,,,2.0,reviewed,us,us
1990-08-17T15:39:50.760Z,-11.358,162.002,33.0,4.8,mb,,,,0.9,us,usp0004dj3,2014-11-07T00:46:57.573Z,"100 km S of Kirakira, Solomon Islands",earthquake,,,,7.0,reviewed,us,us
1990-08-17T17:26:18.880Z,-20.851,-68.9,101.2,4.5,mb,,,,1.0,us,usp0004dj6,2014-11-07T00:46:57.578Z,"148 km ESE of Iquique, Chile",earthquake,,17.6,,2.0,reviewed,us,us
1990-08-17T18:50:57.010Z,-8.357,118.266,33.0,4.6,mb,,,,1.0,us,usp0004dj9,2014-11-07T00:46:57.594Z,"29 km NW of Dompu, Indonesia",earthquake,,,,3.0,reviewed,us,us
1990-08-17T19:20:18.040Z,2.748,126.957,67.0,4.5,mb,,,,1.1,us,usp0004dja,2014-11-07T00:46:57.596Z,"162 km NW of Tobelo, Indonesia",earthquake,,32.6,,5.0,reviewed,us,us
1990-08-17T21:40:28.910Z,-24.466,-179.692,500.0,4.6,mb,,,,1.1,us,usp0004djd,2014-11-07T00:46:57.602Z,south of the Fiji Islands,earthquake,,,,6.0,reviewed,us,us
1990-08-17T21:46:08.810Z,-11.199,162.107,15.3,5.4,mw,,,,1.0,us,usp0004dje,2022-04-28T19:40:48.873Z,"84 km SSE of Kirakira, Solomon Islands",earthquake,,,,,reviewed,us,hrv
1990-08-18T01:04:59.410Z,-32.37,-178.936,33.0,4.9,mb,,,,1.1,us,usp0004djk,2014-11-07T00:46:57.670Z,south of the Kermadec Islands,earthquake,,,,3.0,reviewed,us,us
1990-08-18T03:35:02.660Z,-8.398,118.115,33.0,4.8,mb,,,,0.9,us,usp0004djr,2014-11-07T00:46:57.678Z,"41 km WNW of Dompu, Indonesia",earthquake,,,,4.0,reviewed,us,us
1990-08-18T05:30:48.940Z,6.851,-73.078,157.9,4.7,mb,,,,1.1,us,usp0004djv,2014-11-07T00:46:57.686Z,"13 km N of Jordán, Colombia",earthquake,,5.1,,5.0,reviewed,us,us
1990-08-18T07:51:08.360Z,-11.204,161.845,33.0,4.7,mb,,,,1.0,us,usp0004djz,2014-11-07T00:46:57.695Z,"83 km S of Kirakira, Solomon Islands",earthquake,,,,6.0,reviewed,us,us
1990-08-18T08:03:28.110Z,58.224,-142.728,10.0,4.5,mb,,,,,us,usp0004dk0,2020-09-14T18:35:24.854Z,"227 km SW of Yakutat, Alaska",earthquake,,,,1.0,reviewed,ags,us
1990-08-18T09:51:40.780Z,37.004,56.131,13.0,4.8,mb,,,,1.2,us,usp0004dk2,2014-11-07T00:46:57.702Z,"70 km SE of Kal?leh, Iran",earthquake,,,,34.0,reviewed,us,us
1990-08-18T10:38:34.570Z,-11.96,124.783,33.0,4.6,mb,,,,1.5,us,usp0004dk4,2014-11-07T00:46:57.714Z,"235 km SSE of Kupang, Indonesia",earthquake,,,,2.0,reviewed,us,us
1990-08-18T10:38:51.630Z,-11.225,162.34,24.0,4.9,mb,,,,0.8,us,usp0004dk5,2014-11-07T00:46:57.717Z,"96 km SSE of Kirakira, Solomon Islands",earthquake,,9.8,,4.0,reviewed,us,us
1990-08-18T10:47:21.570Z,-40.186,77.773,10.0,5.2,ms,,,,1.2,us,usp0004dk6,2014-11-07T00:46:57.719Z,Mid-Indian Ridge,earthquake,,,,1.0,reviewed,us,us
1990-08-18T11:07:30.800Z,-2.703,-76.658,135.7,5.0,mb,,,,1.3,us,usp0004dk7,2014-11-07T00:46:57.720Z,"88 km NNW of Alianza Cristiana, Peru",earthquake,,,,1.0,reviewed,us,us
1990-08-18T12:54:48.620Z,-40.276,78.301,10.0,5.2,mw,,,,0.9,us,usp0004dka,2025-12-19T21:00:52.031Z,Mid-Indian Ridge,earthquake,,,,,reviewed,us,hrv
1990-08-18T13:38:17.390Z,26.979,101.154,12.3,5.7,ms,,,,1.2,us,usp0004dkb,2022-04-28T19:40:54.047Z,"72 km NW of Dadukou, China",earthquake,,6.4,,3.0,reviewed,us,us
1990-08-18T13:55:07.510Z,-40.229,78.308,10.0,6.2,mw,,,,1.3,us,usp0004dkd,2022-04-28T19:40:59.646Z,Mid-Indian Ridge,earthquake,,,,,reviewed,us,hrv
1990-08-18T14:29:16.480Z,-40.112,78.134,10.0,5.4,mb,,,,1.1,us,usp0004dkg,2014-11-07T00:46:57.757Z,Mid-Indian Ridge,earthquake,,,,8.0,reviewed,us,us
1990-08-18T17:23:52.410Z,13.778,144.607,115.3,4.9,mb,,,,1.2,us,usp0004dkk,2014-11-07T00:46:57.773Z,"35 km NNW of Asan-Maina Village, Guam",earthquake,,6.3,,9.0,reviewed,us,us
1990-08-18T18:24:44.580Z,-8.626,128.724,183.9,4.6,mb,,,,1.2,us,usp0004dkq,2014-11-07T00:46:57.814Z,"190 km E of Lospalos, Timor Leste",earthquake,,38.1,,3.0,reviewed,us,us
1990-08-18T18:52:36.840Z,7.507,93.975,21.4,6.0,mw,,,,1.4,us,usp0004dkt,2022-04-28T19:41:01.135Z,"232 km NW of Sabang, Indonesia",earthquake,,,,,reviewed,us,hrv
1990-08-18T22:33:46.510Z,-6.223,130.071,101.9,4.5,mb,,,,1.2,us,usp0004dm0,2014-11-07T00:46:58.071Z,Banda Sea,earthquake,,35.7,,3.0,reviewed,us,us
1990-08-19T08:03:44.060Z,-20.619,-178.038,556.2,5.1,mb,,,,1.0,us,usp0004dmn,2014-11-07T00:46:58.114Z,"299 km WNW of Haveluloto, Tonga",earthquake,,,,31.0,reviewed,us,us
1990-08-19T10:12:13.620Z,16.005,120.76,33.0,4.7,mb,,,,1.4,us,usp0004dmu,2014-11-07T00:46:58.136Z,"1 km W of Panganiban, Philippines",earthquake,,,,3.0,reviewed,us,us
1990-08-19T15:21:00.100Z,-7.257,155.847,76.2,4.6,mb,,,,0.8,us,usp0004dn5,2014-11-07T00:46:58.161Z,"111 km SSE of Panguna, Papua New Guinea",earthquake,,18.7,,4.0,reviewed,us,us
1990-08-19T15:32:47.350Z,29.881,99.165,29.6,4.8,mb,,,,1.3,us,usp0004dn6,2014-11-07T00:46:58.163Z,"233 km NNW of Shangri-La, China",earthquake,,13.5,,20.0,reviewed,us,us
1990-08-19T16:04:41.930Z,-17.03,168.013,33.0,4.6,mb,,,,1.6,us,usp0004dn7,2014-11-07T00:46:58.168Z,"84 km NNW of Port-Vila, Vanuatu",earthquake,,,,4.0,reviewed,us,us
1990-08-19T16:06:26.890Z,-16.812,168.271,33.0,4.9,ms,,,,0.8,us,usp0004dn8,2014-11-07T00:46:58.171Z,"102 km N of Port-Vila, Vanuatu",earthquake,,,,1.0,reviewed,us,us
1990-08-19T17:13:26.540Z,-17.074,168.099,33.0,4.8,mb,,,,0.6,us,usp0004dn9,2014-11-07T00:46:58.173Z,"76 km NNW of Port-Vila, Vanuatu",earthquake,,,,1.0,reviewed,us,us
1990-08-19T17:44:58.790Z,-34.597,-107.776,10.0,5.7,mw,,,,1.4,us,usp0004dnb,2022-04-28T19:41:02.602Z,southern East Pacific Rise,earthquake,,,,,reviewed,us,hrv
1990-08-19T19:23:46.670Z,-20.02,168.123,43.3,4.5,mb,,,,1.1,us,usp0004dne,2014-11-07T00:46:58.184Z,"132 km WSW of Isangel, Vanuatu",earthquake,,,,5.0,reviewed,us,us
1990-08-19T20:46:46.290Z,17.203,120.131,24.0,5.3,mb,,,,1.0,us,usp0004dnh,2014-11-07T00:46:58.196Z,"30 km W of Darapidap, Philippines",earthquake,,,,42.0,reviewed,us,us
1990-08-19T21:38:17.890Z,15.539,147.688,34.1,4.6,mb,,,,1.0,us,usp0004dnk,2014-11-07T00:46:58.207Z,"210 km E of Saipan, Northern Mariana Islands",earthquake,,,,4.0,reviewed,us,us
1990-08-20T00:03:52.780Z,46.189,142.289,309.4,5.7,mw,,,,0.8,us,usp0004dnp,2022-04-28T19:41:04.054Z,"42 km SE of Shebunino, Russia",earthquake,,,,,reviewed,us,hrv
1990-08-20T02:40:45.270Z,-33.602,-67.7,190.4,4.5,mb,,,,0.9,us,usp0004dns,2014-11-07T00:46:58.274Z,"91 km SE of San Martín, Argentina",earthquake,,6.4,,7.0,reviewed,us,us
1990-08-20T03:41:53.010Z,-11.366,118.157,33.0,4.7,mb,,,,1.3,us,usp0004dnx,2014-11-07T00:46:58.294Z,"298 km SW of Waingapu, Indonesia",earthquake,,,,7.0,reviewed,us,us
1990-08-20T09:37:18.350Z,60.3223,-151.7132,57.7,4.7,mb,,,,0.21,ak,ak990anu9dx7,2020-09-14T18:35:17.497Z,"20 km WNW of Clam Gulch, Alaska",earthquake,,1.4,,,reviewed,ak,ak
1990-08-20T12:20:11.040Z,36.956,49.72,33.0,4.8,mb,,,,1.6,us,usp0004dp7,2014-11-07T00:46:58.320Z,"36 km NE of P?deg?n-e Manj?l, Iran",earthquake,,,,13.0,reviewed,us,us
1990-08-20T13:16:00.840Z,-11.319,162.077,33.0,4.7,mb,,,,1.2,us,usp0004dp9,2014-11-07T00:46:58.328Z,"97 km S of Kirakira, Solomon Islands",earthquake,,,,5.0,reviewed,us,us
1990-08-20T13:20:53.540Z,-4.477,125.721,33.0,4.8,mb,,,,1.4,us,usp0004dpb,2014-11-07T00:46:58.332Z,"286 km WSW of Ambon, Indonesia",earthquake,,,,5.0,reviewed,us,us
1990-08-20T14:11:43.010Z,-11.246,161.919,43.5,5.7,mw,,,,1.0,us,usp0004dpe,2022-04-28T19:41:05.636Z,"87 km S of Kirakira, Solomon Islands",earthquake,,9.7,,,reviewed,us,hrv
1990-08-20T17:48:31.020Z,8.575,126.885,74.6,4.6,mb,,,,1.1,us,usp0004dpt,2014-11-07T00:46:58.385Z,"64 km ENE of Hinatuan, Philippines",earthquake,,16.1,,9.0,reviewed,us,us
1990-08-20T18:29:48.530Z,6.817,-76.84,41.2,4.6,mb,,,,1.2,us,usp0004dpw,2014-11-07T00:46:58.402Z,"18 km S of Murindó, Colombia",earthquake,,,,8.0,reviewed,us,us
1990-08-20T18:58:08.590Z,-10.325,161.494,74.9,4.9,mb,,,,1.2,us,usp0004dpz,2014-11-07T00:46:58.408Z,Solomon Islands,earthquake,,11.4,,8.0,reviewed,us,us
1990-08-20T19:48:31.780Z,-6.764,147.044,90.4,4.9,mb,,,,0.9,us,usp0004dq0,2014-11-07T00:46:58.414Z,"6 km SE of Lae, Papua New Guinea",earthquake,,6.7,,11.0,reviewed,us,us
1990-08-21T00:57:28.500Z,-33.373,-178.046,33.0,5.9,mw,,,,1.0,us,usp0004dq4,2022-04-28T19:41:11.554Z,south of the Kermadec Islands,earthquake,,,,,reviewed,us,hrv
1990-08-21T02:21:45.320Z,17.269,144.402,33.0,4.5,mb,,,,1.5,us,usp0004dq8,2014-11-07T00:46:58.455Z,"269 km NNW of Saipan, Northern Mariana Islands",earthquake,,,,3.0,reviewed,us,us
1990-08-21T03:47:26.280Z,37.309,49.685,10.0,4.8,mb,,,,1.3,us,usp0004dqd,2014-11-07T00:46:58.463Z,"9 km ENE of Rasht, Iran",earthquake,,,,18.0,reviewed,us,us
1990-08-21T09:13:01.320Z,-33.025,178.797,162.6,5.2,mb,,,,1.1,us,usp0004dqq,2014-11-07T00:46:58.484Z,south of the Kermadec Islands,earthquake,,28.4,,4.0,reviewed,us,us
1990-08-21T09:34:43.890Z,12.995,-89.284,78.1,4.5,mb,,,,1.1,us,usp0004dqr,2014-11-07T00:46:58.486Z,off the coast of Central America,earthquake,,15.7,,1.0,reviewed,us,us
1990-08-21T11:13:52.570Z,33.125,131.844,33.0,4.5,mb,,,,1.0,us,usp0004dqt,2014-11-07T00:46:58.490Z,"3 km E of Usuki, Japan",earthquake,,,,3.0,reviewed,us,us
1990-08-21T14:13:04.840Z,-27.487,-104.266,10.5,6.0,mw,,,,1.0,us,usp0004dqw,2022-04-28T19:41:13.268Z,Easter Island region,earthquake,,,,,reviewed,us,hrv
1990-08-21T15:41:55.530Z,-5.581,133.405,33.0,4.6,mb,,,,1.5,us,usp0004dqx,2014-11-07T00:46:58.533Z,"72 km E of Tual, Indonesia",earthquake,,,,5.0,reviewed,us,us
1990-08-21T16:00:57.860Z,22.576,121.98,16.8,5.4,mw,,,,1.2,us,usp0004dr0,2022-04-28T19:41:18.817Z,"142 km ENE of Hengchun, Taiwan",earthquake,,5.8,,,reviewed,us,hrv
1990-08-21T17:45:14.970Z,-34.619,-179.164,35.0,5.29,mw,,,,,iscgem,iscgem360247,2025-12-19T21:00:53.240Z,south of the Kermadec Islands,earthquake,,25.0,0.1,,reviewed,iscgem,iscgem
1990-08-21T17:45:32.000Z,-35.363,179.187,118.4,5.3,mw,,,,1.1,us,usp0004dr3,2016-11-09T23:17:57.039Z,off the east coast of the North Island of New Zealand,earthquake,,20.7,,,reviewed,us,hrv
1990-08-21T18:11:33.490Z,16.076,120.686,33.7,4.8,mb,,,,0.9,us,usp0004dr5,2014-11-07T00:46:58.728Z,"1 km NNE of Guiset East, Philippines",earthquake,,10.3,,7.0,reviewed,us,us
1990-08-21T20:11:09.520Z,-34.593,-179.613,33.0,4.8,mb,,,,0.8,us,usp0004dr7,2014-11-07T00:46:58.731Z,south of the Kermadec Islands,earthquake,,,,3.0,reviewed,us,us
1990-08-22T00:39:28.470Z,-22.118,175.014,32.5,5.5,mw,,,,1.4,us,usp0004drh,2025-12-19T21:00:54.510Z,south of the Fiji Islands,earthquake,,,,,reviewed,us,hrv
1990-08-22T01:23:51.970Z,2.464,126.564,33.0,4.8,mb,,,,1.2,us,usp0004drk,2014-11-07T00:46:58.762Z,"180 km WNW of Tobelo, Indonesia",earthquake,,,,10.0,reviewed,us,us
1990-08-22T01:58:00.220Z,-27.497,-104.312,10.0,5.1,mb,,,,1.0,us,usp0004drn,2014-11-07T00:46:58.766Z,Easter Island region,earthquake,,,,8.0,reviewed,us,us
1990-08-22T03:25:26.670Z,1.059,123.434,33.0,5.1,mb,,,,0.9,us,usp0004drr,2014-11-07T00:46:58.774Z,"70 km NE of Gorontalo, Indonesia",earthquake,,,,15.0,reviewed,us,us
1990-08-22T03:34:33.770Z,-40.756,78.482,10.0,4.9,mb,,,,1.2,us,usp0004drs,2014-11-07T00:46:58.778Z,Mid-Indian Ridge,earthquake,,,,6.0,reviewed,us,us
1990-08-22T12:37:04.230Z,-15.722,-173.31,128.9,5.3,mw,,,,1.4,us,usp0004ds8,2025-12-19T21:00:55.755Z,"58 km ENE of Hihifo, Tonga",earthquake,,26.7,,,reviewed,us,hrv
1990-08-22T17:18:49.870Z,3.585,124.562,334.1,5.2,mw,,,,1.1,us,usp0004dsj,2025-12-19T21:00:57.316Z,"224 km SSW of Sarangani, Philippines",earthquake,,6.8,,,reviewed,us,hrv
1990-08-22T20:08:01.270Z,-15.453,167.38,136.1,5.1,mb,,,,1.1,us,usp0004dsq,2014-11-07T00:46:58.840Z,"24 km ENE of Luganville, Vanuatu",earthquake,,10.2,,6.0,reviewed,us,us
1990-08-22T22:14:12.290Z,-41.71,173.599,75.6,4.6,mb,,,,0.3,us,usp0004dss,2014-11-07T00:46:58.845Z,"36 km SW of Blenheim, New Zealand",earthquake,,38.5,,3.0,reviewed,us,us
1990-08-22T22:31:48.900Z,2.953,127.271,33.0,5.2,mb,,,,0.8,us,usp0004dst,2014-11-07T00:46:58.847Z,"158 km NNW of Tobelo, Indonesia",earthquake,,,,6.0,reviewed,us,us
1990-08-22T23:47:05.750Z,35.215,140.421,26.0,5.2,mw,,,,1.1,us,usp0004dsw,2022-04-28T19:41:20.597Z,"4 km SE of ?hara, Japan",earthquake,,3.9,,,reviewed,us,hrv
1990-08-23T01:35:31.430Z,17.419,146.146,130.5,4.6,mb,,,,0.9,us,usp0004dsy,2014-11-07T00:46:58.866Z,"247 km N of Saipan, Northern Mariana Islands",earthquake,,13.1,,5.0,reviewed,us,us
1990-08-23T02:44:56.910Z,35.303,140.359,44.1,4.9,mb,,,,1.2,us,usp0004dt1,2014-11-07T00:46:58.870Z,"6 km NNW of ?hara, Japan",earthquake,,6.4,,25.0,reviewed,us,us
1990-08-23T12:12:06.830Z,-8.273,108.345,69.0,4.5,mb,,,,0.8,us,usp0004dt9,2014-11-07T00:46:58.906Z,"99 km S of Kawalu, Indonesia",earthquake,,15.4,,10.0,reviewed,us,us
1990-08-23T12:45:52.690Z,-6.13,131.705,33.0,4.8,mb,,,,1.4,us,usp0004dta,2014-11-07T00:46:58.909Z,"128 km WSW of Tual, Indonesia",earthquake,,,,8.0,reviewed,us,us
1990-08-23T16:11:09.910Z,-2.009,137.597,33.0,4.5,mb,,,,1.3,us,usp0004dtf,2014-11-07T00:46:58.918Z,"192 km ESE of Biak, Indonesia",earthquake,,,,2.0,reviewed,us,us
1990-08-23T18:04:43.850Z,-17.338,-173.487,33.0,5.1,mb,,,,1.0,us,usp0004dtj,2014-11-07T00:46:58.923Z,"154 km NNE of Neiafu, Tonga",earthquake,,,,3.0,reviewed,us,us
1990-08-23T19:11:13.470Z,61.9752,-149.3193,39.2,4.5,mb,,,,0.23,ak,ak990asyo6gj,2020-09-14T18:35:09.128Z,"26 km N of Fishhook, Alaska",earthquake,,1.4,,,reviewed,ak,ak
1990-08-23T19:12:49.870Z,-23.288,-114.829,10.0,4.8,mb,,,,1.3,us,usp0004dtq,2014-11-07T00:46:58.938Z,Easter Island region,earthquake,,,,6.0,reviewed,us,us
1990-08-24T00:05:53.840Z,-59.243,-24.741,33.0,5.0,mb,,,,1.1,us,usp0004dtw,2014-11-07T00:46:58.951Z,South Sandwich Islands region,earthquake,,,,6.0,reviewed,us,us
1990-08-24T00:13:58.120Z,-14.7,-174.002,33.0,5.1,mb,,,,1.1,us,usp0004dtx,2014-11-07T00:46:58.954Z,"140 km N of Hihifo, Tonga",earthquake,,,,7.0,reviewed,us,us
1990-08-24T01:50:26.280Z,6.15,127.656,56.1,4.9,mb,,,,0.8,us,usp0004du1,2014-11-07T00:46:58.971Z,"165 km E of Pondaguitan, Philippines",earthquake,,,,6.0,reviewed,us,us
1990-08-24T11:14:23.430Z,29.767,60.598,33.0,4.9,mb,,,,0.9,us,usp0004due,2014-11-07T00:46:58.999Z,"39 km NW of Zahedan, Iran",earthquake,,,,47.0,reviewed,us,us
1990-08-24T12:54:39.480Z,38.267,20.411,10.0,4.5,mb,,,,1.2,us,usp0004dug,2014-11-07T00:46:59.009Z,"7 km NNW of Lixoúri, Greece",earthquake,,,,13.0,reviewed,us,us
1990-08-24T15:41:20.080Z,-17.699,-13.253,10.0,5.4,mw,,,,1.1,us,usp0004dum,2025-12-19T20:56:21.768Z,southern Mid-Atlantic Ridge,earthquake,,,,,reviewed,us,hrv
1990-08-24T16:24:38.660Z,-4.455,144.508,214.3,5.5,mw,,,,0.8,us,usp0004duq,2022-04-28T19:41:22.151Z,"65 km SE of Angoram, Papua New Guinea",earthquake,,,,,reviewed,us,hrv
1990-08-24T17:48:58.490Z,-22.874,-66.506,231.2,4.5,mb,,,,1.2,us,usp0004dut,2014-11-07T00:46:59.056Z,"84 km WSW of Abra Pampa, Argentina",earthquake,,8.9,,6.0,reviewed,us,us
1990-08-24T19:02:07.270Z,-4.805,152.217,84.7,5.2,mw,,,,1.0,us,usp0004duw,2025-12-19T21:00:58.554Z,"51 km S of Kokopo, Papua New Guinea",earthquake,,6.6,,,reviewed,us,hrv
1990-08-25T03:17:31.680Z,60.15,165.586,10.0,4.5,mb,,,,1.1,us,usp0004dv7,2014-11-07T00:46:59.223Z,"40 km SW of Tilichiki, Russia",earthquake,,,,6.0,reviewed,us,us
1990-08-25T03:25:28.340Z,-6.522,155.601,213.1,5.2,mb,,,,0.8,us,usp0004dv8,2014-11-07T00:46:59.225Z,"26 km SSE of Panguna, Papua New Guinea",earthquake,,7.6,,36.0,reviewed,us,us
1990-08-25T06:21:16.210Z,32.592,140.462,74.9,5.1,mb,,,,1.0,us,usp0004dvd,2014-11-07T00:46:59.248Z,"270 km SSE of Shimoda, Japan",earthquake,,,,58.0,reviewed,us,us
1990-08-25T07:42:52.340Z,-4.035,127.484,214.0,4.6,mb,,,,0.8,us,usp0004dvg,2014-11-07T00:46:59.264Z,Banda Sea,earthquake,,12.0,,6.0,reviewed,us,us
1990-08-25T11:43:23.750Z,5.786,-77.592,13.8,5.3,mw,,,,1.0,us,usp0004dvu,2022-04-28T19:41:23.613Z,"36 km WNW of Nuquí, Colombia",earthquake,,3.8,,,reviewed,us,hrv
1990-08-25T11:47:31.240Z,5.792,-77.504,10.0,5.6,mw,,,,1.0,us,usp0004dvw,2022-04-28T17:25:05.922Z,"27 km WNW of Nuquí, Colombia",earthquake,,,,,reviewed,us,hrv
1990-08-25T12:25:04.970Z,40.156,63.152,33.0,4.7,mb,,,,0.8,us,usp0004dvy,2014-11-07T00:46:59.327Z,"26 km W of Gazli, Uzbekistan",earthquake,,,,32.0,reviewed,us,us
1990-08-25T14:12:33.880Z,-19.993,-172.963,50.6,5.1,mb,,,,1.1,us,usp0004dw3,2014-11-07T00:46:59.338Z,"147 km E of Pangai, Tonga",earthquake,,,,28.0,reviewed,us,us
1990-08-25T14:57:57.980Z,35.86,28.087,50.2,4.7,mb,,,,1.2,us,usp0004dw7,2014-11-07T00:46:59.355Z,"26 km SSE of Lárdos, Greece",earthquake,,4.9,,42.0,reviewed,us,us
1990-08-25T15:27:24.510Z,17.484,145.871,184.6,4.7,mb,,,,0.7,us,usp0004dw8,2014-11-07T00:46:59.372Z,"251 km N of Saipan, Northern Mariana Islands",earthquake,,14.2,,4.0,reviewed,us,us
1990-08-25T15:47:53.890Z,0.525,126.084,11.3,6.4,mw,,,,1.1,us,usp0004dw9,2022-04-28T19:41:29.274Z,"147 km WSW of Ternate, Indonesia",earthquake,,,,,reviewed,us,hrv
1990-08-25T18:39:34.900Z,-57.93,-23.477,33.0,5.1,mb,,,,1.2,us,usp0004dwd,2014-11-07T00:46:59.432Z,South Sandwich Islands region,earthquake,,,,5.0,reviewed,us,us
1990-08-26T02:49:32.460Z,-6.236,150.543,10.0,4.5,mb,,,,1.5,us,usp0004dwk,2014-11-07T00:46:59.448Z,"88 km SSE of Kimbe, Papua New Guinea",earthquake,,,,5.0,reviewed,us,us
1990-08-26T04:47:04.930Z,-58.379,-25.916,33.0,5.3,mb,,,,1.1,us,usp0004dwp,2014-11-07T00:46:59.458Z,South Sandwich Islands region,earthquake,,,,4.0,reviewed,us,us
1990-08-26T05:16:39.850Z,-9.152,110.765,33.0,5.5,mw,,,,1.1,us,usp0004dwq,2025-12-19T21:00:59.693Z,"140 km SSE of Pundong, Indonesia",earthquake,,,,,reviewed,us,hrv
1990-08-26T07:53:41.690Z,19.592,-77.874,10.0,5.5,mw,,,,1.1,us,usp0004dwu,2022-04-28T19:41:34.407Z,"58 km SSW of Niquero, Cuba",earthquake,,,,,reviewed,us,hrv
1990-08-26T13:45:02.260Z,-34.067,-178.93,12.5,5.3,mw,,,,1.3,us,usp0004dx3,2025-12-19T21:01:00.941Z,south of the Kermadec Islands,earthquake,,8.1,,,reviewed,us,hrv
1990-08-26T15:07:40.250Z,-33.653,-176.693,33.0,5.2,mb,,,,1.3,us,usp0004dx6,2014-11-07T00:46:59.534Z,south of the Kermadec Islands,earthquake,,,,4.0,reviewed,us,us
1990-08-26T15:13:13.890Z,-34.208,-177.57,33.0,5.0,mb,,,,1.2,us,usp0004dx7,2014-11-07T00:46:59.538Z,south of the Kermadec Islands,earthquake,,,,3.0,reviewed,us,us
1990-08-26T18:52:24.190Z,-3.405,135.668,33.0,5.0,mb,,,,1.3,us,usp0004dxa,2014-11-07T00:46:59.544Z,"19 km ESE of Nabire, Indonesia",earthquake,,,,4.0,reviewed,us,us
1990-08-26T21:28:49.840Z,-34.318,-177.208,33.0,4.8,mb,,,,0.9,us,usp0004dxc,2014-11-07T00:46:59.549Z,south of the Kermadec Islands,earthquake,,,,3.0,reviewed,us,us
1990-08-26T21:31:28.610Z,-21.595,-69.715,90.6,4.9,mb,,,,1.3,us,usp0004dxd,2014-11-07T00:46:59.551Z,"74 km NE of Tocopilla, Chile",earthquake,,14.7,,1.0,reviewed,us,us
1990-08-26T21:34:14.520Z,9.742,-40.871,10.0,4.6,mb,,,,1.2,us,usp0004dxe,2014-11-07T00:46:59.553Z,central Mid-Atlantic Ridge,earthquake,,,,6.0,reviewed,us,us
1990-08-26T21:51:21.310Z,9.526,-40.602,10.0,4.9,mb,,,,1.1,us,usp0004dxf,2014-11-07T00:46:59.554Z,central Mid-Atlantic Ridge,earthquake,,,,41.0,reviewed,us,us
1990-08-26T22:35:26.200Z,-4.62,103.105,116.9,4.7,mb,,,,0.8,us,usp0004dxg,2014-11-07T00:46:59.567Z,"67 km SSW of Pagar Alam, Indonesia",earthquake,,15.8,,12.0,reviewed,us,us
1990-08-26T23:13:33.690Z,-9.196,110.764,33.0,5.3,mb,,,,1.0,us,usp0004dxh,2022-04-28T19:41:40.563Z,"144 km SSE of Pundong, Indonesia",earthquake,,,,29.0,reviewed,us,us
1990-08-26T23:14:04.680Z,31.113,137.997,434.7,4.6,mb,,,,0.8,us,usp0004dxj,2014-11-07T00:46:59.577Z,"Izu Islands, Japan region",earthquake,,6.7,,41.0,reviewed,us,us
1990-08-27T01:53:33.700Z,3.453,126.44,33.0,4.9,mb,,,,1.0,us,usp0004dxy,2014-11-07T00:46:59.620Z,"241 km SSE of Sarangani, Philippines",earthquake,,,,14.0,reviewed,us,us
1990-08-27T02:44:16.540Z,-34.701,-70.555,94.1,4.7,mb,,,,1.2,us,usp0004dy1,2014-11-07T00:46:59.628Z,"42 km SE of Rengo, Chile",earthquake,,7.6,,6.0,reviewed,us,us
1990-08-27T04:11:59.830Z,-26.109,-177.553,33.0,5.7,mw,,,,1.3,us,usp0004dyb,2022-04-28T19:41:46.504Z,south of the Fiji Islands,earthquake,,,,,reviewed,us,hrv
1990-08-27T04:12:59.510Z,0.48,126.203,63.1,5.0,ms,,,,1.4,us,usp0004dyc,2014-11-07T00:46:59.655Z,"135 km WSW of Ternate, Indonesia",earthquake,,19.1,,1.0,reviewed,us,us
1990-08-27T05:38:14.530Z,-5.752,147.125,221.2,4.6,mb,,,,1.1,us,usp0004dyj,2014-11-07T00:46:59.734Z,"108 km N of Lae, Papua New Guinea",earthquake,,18.2,,1.0,reviewed,us,us
1990-08-27T05:40:11.870Z,1.297,123.448,33.0,5.0,mb,,,,0.8,us,usp0004dyk,2014-11-07T00:46:59.818Z,"94 km NNE of Gorontalo, Indonesia",earthquake,,,,3.0,reviewed,us,us
1990-08-27T06:58:56.930Z,45.28,98.556,33.0,4.8,mb,,,,1.2,us,usp0004dyq,2014-11-07T00:46:59.833Z,"196 km WSW of Bayanhongor, Mongolia",earthquake,,,,22.0,reviewed,us,us
1990-08-27T07:15:25.280Z,17.781,-61.654,41.6,5.1,mb,,,,0.8,us,usp0004dys,2014-11-07T00:46:59.992Z,"25 km NE of Codrington, Antigua and Barbuda",earthquake,,4.8,,43.0,reviewed,us,us
1990-08-27T10:52:53.010Z,29.361,141.972,33.9,5.4,mw,,,,0.9,us,usp0004dyw,2025-12-19T21:01:01.985Z,"Izu Islands, Japan region",earthquake,,,,,reviewed,us,hrv
1990-08-27T15:17:12.030Z,-6.87,125.452,506.4,5.9,mw,,,,0.9,us,usp0004dz3,2022-04-28T19:41:47.772Z,"186 km N of Metinaro, Timor Leste",earthquake,,,,,reviewed,us,hrv
1990-08-27T15:30:11.880Z,-5.683,-107.607,10.0,5.4,mb,,,,1.5,us,usp0004dz4,2014-11-07T00:47:00.074Z,central East Pacific Rise,earthquake,,,,2.0,reviewed,us,us
1990-08-27T16:02:37.950Z,-6.725,125.391,515.0,5.0,mb,,,,0.5,us,usp0004dz6,2014-11-07T00:47:00.077Z,"203 km N of Metinaro, Timor Leste",earthquake,,,,3.0,reviewed,us,us
1990-08-27T21:27:54.930Z,9.346,126.145,33.0,4.9,mb,,,,0.8,us,usp0004dze,2014-11-07T00:47:00.094Z,"8 km NW of Cortes, Philippines",earthquake,,,,9.0,reviewed,us,us
1990-08-27T22:20:39.500Z,3.843,122.569,607.5,4.8,mb,,,,0.9,us,usp0004dzg,2014-11-07T00:47:00.099Z,"252 km SSE of Tabiauan, Philippines",earthquake,,18.2,,10.0,reviewed,us,us
1990-08-27T22:55:03.130Z,15.516,121.957,30.2,4.6,mb,,,,1.4,us,usp0004dzh,2014-11-07T00:47:00.100Z,"51 km ESE of Suklayin, Philippines",earthquake,,12.2,,6.0,reviewed,us,us
1990-08-27T23:02:09.440Z,-31.712,-72.258,31.2,4.6,mb,,,,1.2,us,usp0004dzj,2014-11-07T00:47:00.103Z,"103 km W of Illapel, Chile",earthquake,,6.4,,2.0,reviewed,us,us
1990-08-27T23:11:22.430Z,-31.728,-72.088,41.6,5.0,mb,,,,1.3,us,usp0004dzn,2014-11-07T00:47:00.109Z,"87 km W of Illapel, Chile",earthquake,,11.1,,7.0,reviewed,us,us
1990-08-28T00:19:11.300Z,19.147,145.656,33.0,4.8,mb,,,,0.6,us,usp0004dzt,2014-11-07T00:47:00.133Z,"Maug Islands region, Northern Mariana Islands",earthquake,,,,6.0,reviewed,us,us
1990-08-28T02:02:50.110Z,52.191,-168.571,33.0,5.2,mw,,,,1.0,us,usp0004dzw,2025-12-19T21:01:02.837Z,"85 km SSE of Nikolski, Alaska",earthquake,,,,,reviewed,us,hrv
1990-08-28T03:03:12.470Z,52.85,-31.887,28.6,5.3,mw,,,,1.1,us,usp0004dzy,2025-12-19T21:01:03.724Z,northern Mid-Atlantic Ridge,earthquake,,,,,reviewed,us,hrv
1990-08-28T03:16:52.730Z,-19.447,-175.735,243.8,5.6,mw,,,,1.0,us,usp0004e00,2022-04-28T19:41:49.082Z,"150 km WNW of Pangai, Tonga",earthquake,,,,,reviewed,us,hrv
1990-08-28T05:28:10.310Z,-16.43,178.056,10.0,4.9,mb,,,,0.8,us,usp0004e02,2014-11-07T00:47:00.238Z,"128 km NNE of Ba, Fiji",earthquake,,,,9.0,reviewed,us,us
1990-08-28T06:08:40.880Z,47.015,153.796,33.0,4.7,mb,,,,0.9,us,usp0004e08,2014-11-07T00:47:00.251Z,Kuril Islands,earthquake,,,,22.0,reviewed,us,us
1990-08-28T08:53:03.490Z,-33.837,-178.353,33.0,4.5,mb,,,,0.5,us,usp0004e0f,2014-11-07T00:47:00.272Z,south of the Kermadec Islands,earthquake,,,,1.0,reviewed,us,us
1990-08-28T08:58:05.850Z,-19.645,-69.876,64.3,5.3,mw,,,,1.4,us,usp0004e0g,2025-12-19T20:56:22.612Z,"69 km NNE of Iquique, Chile",earthquake,,,,,reviewed,us,hrv
1990-08-28T14:21:48.010Z,52.784,-168.871,33.0,4.7,mb,,,,0.8,us,usp0004e0u,2014-11-07T00:47:00.302Z,"17 km S of Nikolski, Alaska",earthquake,,,,21.0,reviewed,us,us
1990-08-28T16:20:43.880Z,-2.906,126.596,66.1,4.6,mb,,,,0.7,us,usp0004e0x,2014-11-07T00:47:00.309Z,"196 km WNW of Ambon, Indonesia",earthquake,,14.8,,3.0,reviewed,us,us
1990-08-29T02:41:35.010Z,27.187,92.755,33.0,4.8,mb,,,,1.1,us,usp0004e1c,2014-11-07T00:47:00.354Z,"33 km ESE of Bomdila, India",earthquake,,,,36.0,reviewed,us,us
1990-08-29T03:22:40.290Z,-24.145,-64.059,33.0,4.6,mb,,,,0.9,us,usp0004e1f,2014-11-07T00:47:00.364Z,"30 km SE of Palma Sola, Argentina",earthquake,,,,5.0,reviewed,us,us
1990-08-29T03:53:44.520Z,36.42,70.447,99.6,4.5,mb,,,,1.2,us,usp0004e1h,2014-11-07T00:47:00.367Z,"55 km ESE of Farkh?r, Afghanistan",earthquake,,18.2,,10.0,reviewed,us,us
1990-08-29T05:16:06.340Z,-20.604,-179.013,611.0,4.5,mb,,,,0.8,us,usp0004e1m,2014-11-07T00:47:00.373Z,Fiji region,earthquake,,26.2,,12.0,reviewed,us,us
1990-08-29T06:02:19.190Z,-4.843,153.276,81.8,5.2,mw,,,,1.0,us,usp0004e1p,2022-04-28T19:41:50.374Z,"124 km ESE of Kokopo, Papua New Guinea",earthquake,,,,,reviewed,us,hrv
1990-08-29T06:29:42.240Z,-4.499,153.189,94.0,4.6,mb,,,,1.5,us,usp0004e1r,2014-11-07T00:47:00.389Z,"103 km E of Kokopo, Papua New Guinea",earthquake,,13.5,,7.0,reviewed,us,us
1990-08-29T13:15:55.210Z,36.177,100.004,38.6,4.6,mb,,,,1.5,us,usp0004e1y,2014-11-07T00:47:00.407Z,"164 km WSW of Xining, China",earthquake,,16.5,,10.0,reviewed,us,us
1990-08-29T18:07:18.010Z,2.586,128.659,33.0,5.0,mb,,,,1.4,us,usp0004e28,2014-11-07T00:47:00.423Z,"119 km NE of Tobelo, Indonesia",earthquake,,,,15.0,reviewed,us,us
1990-08-29T18:59:24.180Z,-15.348,167.375,136.5,4.8,mb,,,,0.9,us,usp0004e2b,2014-11-07T00:47:00.432Z,Vanuatu,earthquake,,9.2,,8.0,reviewed,us,us
1990-08-29T20:44:23.070Z,11.791,95.034,24.6,5.2,mb,,,,0.9,us,usp0004e2g,2014-11-07T00:47:00.444Z,"249 km E of Port Blair, India",earthquake,,,,60.0,reviewed,us,us
1990-08-29T23:36:08.300Z,12.033,140.602,49.4,5.1,mb,,,,0.9,us,usp0004e2k,2022-04-28T19:41:51.941Z,"250 km N of Fais, Micronesia",earthquake,,8.7,,25.0,reviewed,us,us
1990-08-29T23:59:31.270Z,12.233,140.503,33.0,4.9,mb,,,,1.2,us,usp0004e2m,2014-11-07T00:47:00.467Z,"272 km N of Fais, Micronesia",earthquake,,,,9.0,reviewed,us,us
1990-08-30T01:55:55.840Z,12.01,140.53,40.7,4.7,mb,,,,0.7,us,usp0004e2q,2014-11-07T00:47:00.473Z,"248 km N of Fais, Micronesia",earthquake,,20.6,,4.0,reviewed,us,us
1990-08-30T02:41:13.550Z,-0.044,-17.317,10.0,4.8,mb,,,,1.1,us,usp0004e2t,2014-11-07T00:47:00.479Z,north of Ascension Island,earthquake,,,,30.0,reviewed,us,us
1990-08-30T06:28:50.040Z,23.474,143.012,33.0,4.8,mb,,,,1.1,us,usp0004e32,2014-11-07T00:47:00.502Z,"Volcano Islands, Japan region",earthquake,,,,16.0,reviewed,us,us
1990-08-30T06:33:14.790Z,26.394,125.938,150.8,4.8,mb,,,,1.0,us,usp0004e33,2014-11-07T00:47:00.507Z,"175 km W of Naha, Japan",earthquake,,9.1,,33.0,reviewed,us,us
1990-08-30T10:06:34.290Z,-16.552,-173.781,33.0,4.7,mb,,,,0.9,us,usp0004e3b,2014-11-07T00:47:00.545Z,"66 km S of Hihifo, Tonga",earthquake,,,,5.0,reviewed,us,us
1990-08-30T12:19:25.530Z,40.277,77.138,54.3,4.9,mb,,,,0.9,us,usp0004e3e,2014-11-07T00:47:00.551Z,"132 km NE of Kashgar, China",earthquake,,9.9,,46.0,reviewed,us,us
1990-08-30T12:36:06.710Z,-21.71,-68.39,151.6,4.9,mb,,,,1.1,us,usp0004e3f,2014-11-07T00:47:00.560Z,"99 km NNE of Calama, Chile",earthquake,,15.5,,1.0,reviewed,us,us
1990-08-30T14:27:27.600Z,15.456,147.235,33.0,4.9,mb,,,,0.6,us,usp0004e3k,2014-11-07T00:47:00.570Z,"161 km E of Saipan, Northern Mariana Islands",earthquake,,,,3.0,reviewed,us,us
1990-08-30T15:54:29.810Z,15.968,-47.92,10.0,5.7,mw,,,,1.1,us,usp0004e3n,2022-04-28T19:41:53.087Z,northern Mid-Atlantic Ridge,earthquake,,,,,reviewed,us,hrv
1990-08-30T16:14:47.460Z,16.015,-47.852,10.0,5.1,ms,,,,1.2,us,usp0004e3p,2014-11-07T00:47:00.603Z,northern Mid-Atlantic Ridge,earthquake,,,,2.0,reviewed,us,us
1990-08-30T16:37:18.150Z,12.066,140.461,23.6,5.4,mw,,,,0.9,us,usp0004e3r,2025-12-19T21:01:04.442Z,"254 km N of Fais, Micronesia",earthquake,,12.8,,,reviewed,us,hrv
1990-08-30T17:11:28.780Z,3.134,125.419,191.5,4.9,mb,,,,1.2,us,usp0004e3t,2014-11-07T00:47:00.679Z,"188 km NNE of Laikit, Laikit II (Dimembe), Indonesia",earthquake,,,,21.0,reviewed,us,us
1990-08-30T17:36:47.430Z,-8.587,-74.387,157.4,4.7,mb,,,,0.9,us,usp0004e3u,2014-11-07T00:47:00.684Z,"26 km SE of San Fernando, Peru",earthquake,,,,35.0,reviewed,us,us
1990-08-30T18:33:00.870Z,6.146,-82.634,10.0,5.5,mw,,,,1.4,us,usp0004e3w,2022-04-28T19:41:54.218Z,"210 km S of Punta de Burica, Panama",earthquake,,,,,reviewed,us,hrv
1990-08-30T19:34:47.180Z,-11.144,164.977,47.5,4.5,mb,,,,0.8,us,usp0004e3x,2014-11-07T00:47:00.792Z,"100 km WSW of Lata, Solomon Islands",earthquake,,18.5,,3.0,reviewed,us,us
1990-08-30T22:20:51.120Z,9.751,-84.556,53.6,5.0,ms,,,,1.1,us,usp0004e44,2014-11-07T00:47:00.808Z,"17 km NNE of Jacó, Costa Rica",earthquake,,12.4,,6.0,reviewed,us,us
1990-08-31T00:13:56.840Z,12.006,140.616,52.0,5.5,mw,,,,1.0,us,usp0004e47,2022-04-28T19:41:55.349Z,"247 km N of Fais, Micronesia",earthquake,,8.9,,,reviewed,us,hrv
1990-08-31T01:01:36.750Z,-3.079,131.115,33.0,4.6,mb,,,,1.1,us,usp0004e48,2014-11-07T00:47:00.827Z,"243 km S of Sorong, Indonesia",earthquake,,,,4.0,reviewed,us,us
1990-08-31T03:24:31.560Z,-6.984,106.37,33.0,4.9,mb,,,,1.5,us,usp0004e4e,2014-11-07T00:47:00.834Z,"20 km W of Pelabuhanratu, Indonesia",earthquake,,,,4.0,reviewed,us,us
1990-08-31T05:55:41.370Z,12.053,140.427,33.0,4.5,mb,,,,0.7,us,usp0004e4n,2014-11-07T00:47:00.846Z,"253 km N of Fais, Micronesia",earthquake,,,,4.0,reviewed,us,us
1990-08-31T07:00:02.710Z,39.676,143.247,48.3,4.9,mb,,,,0.8,us,usp0004e4p,2014-11-07T00:47:00.847Z,"112 km E of Miyako, Japan",earthquake,,7.6,,35.0,reviewed,us,us
1990-08-31T08:05:12.690Z,-3.881,127.644,33.0,5.1,mb,,,,1.4,us,usp0004e4q,2014-11-07T00:47:00.854Z,"63 km WSW of Ambon, Indonesia",earthquake,,,,7.0,reviewed,us,us
1990-08-31T08:14:06.580Z,11.911,140.559,33.0,4.8,mb,,,,1.2,us,usp0004e4r,2014-11-07T00:47:00.855Z,"237 km N of Fais, Micronesia",earthquake,,,,12.0,reviewed,us,us
1990-08-31T09:34:53.760Z,-6.272,147.917,51.9,4.7,mb,,,,0.9,us,usp0004e4v,2014-11-07T00:47:00.868Z,"32 km NNE of Finschhafen, Papua New Guinea",earthquake,,8.2,,9.0,reviewed,us,us
1990-08-31T11:05:14.080Z,11.987,140.548,60.7,4.5,mb,,,,1.1,us,usp0004e4z,2014-11-07T00:47:00.876Z,"245 km N of Fais, Micronesia",earthquake,,12.1,,8.0,reviewed,us,us
1990-08-31T11:07:36.630Z,11.976,140.426,33.0,4.5,mb,,,,0.9,us,usp0004e50,2014-11-07T00:47:00.879Z,"244 km N of Fais, Micronesia",earthquake,,,,4.0,reviewed,us,us
1990-08-31T12:08:51.370Z,39.815,143.503,34.6,4.8,mb,,,,1.1,us,usp0004e53,2014-11-07T00:47:00.885Z,"135 km E of Miyako, Japan",earthquake,,11.0,,24.0,reviewed,us,us
1990-08-31T15:42:59.110Z,27.296,53.914,33.0,4.6,mb,,,,1.2,us,usp0004e57,2014-11-07T00:47:00.897Z,"46 km SSW of Ger?sh, Iran",earthquake,,,,29.0,reviewed,us,us
1990-08-31T18:29:15.280Z,-3.883,126.261,33.0,4.7,mb,,,,1.0,us,usp0004e5a,2014-11-07T00:47:00.907Z,"214 km W of Ambon, Indonesia",earthquake,,,,4.0,reviewed,us,us
1990-08-31T19:20:00.760Z,6.366,-82.512,33.0,4.7,mb,,,,1.1,us,usp0004e5c,2014-11-07T00:47:00.911Z,"188 km SSE of Punta de Burica, Panama",earthquake,,,,9.0,reviewed,us,us
1990-08-31T19:21:36.650Z,-9.725,160.277,47.1,4.5,mb,,,,0.7,us,usp0004e5d,2014-11-07T00:47:00.914Z,"48 km SE of Honiara, Solomon Islands",earthquake,,8.7,,7.0,reviewed,us,us
1990-08-31T23:01:40.500Z,11.383,140.652,33.0,4.7,mb,,,,1.0,us,usp0004e5j,2014-11-07T00:47:00.922Z,"179 km N of Fais, Micronesia",earthquake,,,,4.0,reviewed,us,us
1990-09-01T00:17:12.320Z,12.031,140.47,33.0,4.9,mb,,,,1.2,us,usp0004e5m,2014-11-07T00:47:02.222Z,"250 km N of Fais, Micronesia",earthquake,,,,12.0,reviewed,us,us
1990-09-01T10:00:45.350Z,2.73,126.319,59.3,4.8,mb,,,,1.2,us,usp0004e5x,2014-11-07T00:47:02.543Z,"203 km NE of Laikit, Laikit II (Dimembe), Indonesia",earthquake,,18.0,,17.0,reviewed,us,us
1990-09-01T10:15:06.960Z,-24.856,179.697,538.2,4.6,mb,,,,0.7,us,usp0004e5y,2014-11-07T00:47:02.576Z,south of the Fiji Islands,earthquake,,16.5,,11.0,reviewed,us,us
1990-09-01T13:42:36.510Z,4.637,127.842,68.8,4.8,mb,,,,1.0,us,usp0004e61,2014-11-07T00:47:02.639Z,"Pulau-Pulau Talaud, Indonesia",earthquake,,10.4,,14.0,reviewed,us,us
1990-09-01T20:05:12.550Z,22.584,144.553,55.8,4.5,mb,,,,1.2,us,usp0004e6b,2014-11-07T00:47:03.068Z,"Volcano Islands, Japan region",earthquake,,,,6.0,reviewed,us,us
1990-09-01T21:32:49.860Z,39.375,74.76,17.3,4.7,mb,,,,1.1,us,usp0004e6g,2014-11-07T00:47:03.154Z,"106 km W of Kashgar, China",earthquake,,,,32.0,reviewed,us,us
1990-09-02T02:54:59.890Z,-0.118,123.121,146.7,4.9,mb,,,,1.1,us,usp0004e6p,2014-11-07T00:47:03.286Z,"Sulawesi, Indonesia",earthquake,,19.7,,18.0,reviewed,us,us
1990-09-02T04:26:48.070Z,-0.143,-80.283,14.2,6.6,mw,,,,1.1,us,usp0004e6r,2022-04-28T19:36:46.221Z,"34 km SW of Pedernales, Ecuador",earthquake,,,,,reviewed,us,nc
1990-09-02T05:07:16.280Z,-0.087,-80.229,28.0,5.0,mb,,,,1.1,us,usp0004e6t,2014-11-07T00:47:03.569Z,"26 km SW of Pedernales, Ecuador",earthquake,,5.4,,32.0,reviewed,us,us
1990-09-02T05:36:59.050Z,-6.048,154.603,414.6,4.6,mb,,,,0.7,us,usp0004e6v,2014-11-07T00:47:03.610Z,"102 km WNW of Panguna, Papua New Guinea",earthquake,,7.2,,10.0,reviewed,us,us
1990-09-02T06:29:24.830Z,26.645,92.673,45.9,5.2,mb,,,,0.9,us,usp0004e6x,2022-04-28T19:36:51.611Z,"12 km W of Tezpur, India",earthquake,,7.7,,60.0,reviewed,us,us
1990-09-02T07:03:06.750Z,16.48,121.147,10.0,4.6,mb,,,,1.1,us,usp0004e6y,2014-11-07T00:47:03.692Z,"0 km WSW of Bayombong, Philippines",earthquake,,,,9.0,reviewed,us,us
1990-09-02T09:52:42.970Z,-23.015,-174.612,40.0,5.2,ms,,,,1.2,us,usp0004e76,2014-11-07T00:47:03.766Z,"189 km S of ‘Ohonua, Tonga",earthquake,,,,2.0,reviewed,us,us
1990-09-02T09:56:31.900Z,-23.852,-70.484,43.0,4.7,mb,,,,1.0,us,usp0004e77,2014-11-07T00:47:03.779Z,"23 km SSW of Antofagasta, Chile",earthquake,,6.8,,5.0,reviewed,us,us
1990-09-02T10:06:52.080Z,-41.21,-90.129,10.0,5.6,mw,,,,1.2,us,usp0004e78,2022-04-28T19:36:56.710Z,southeast of Easter Island,earthquake,,,,,reviewed,us,hrv
1990-09-02T12:49:42.230Z,-3.148,148.388,41.7,5.0,mb,,,,1.1,us,usp0004e7d,2014-11-07T00:47:03.853Z,"174 km SE of Lorengau, Papua New Guinea",earthquake,,9.6,,13.0,reviewed,us,us
1990-09-02T12:51:17.670Z,-3.134,148.134,40.6,5.8,mw,,,,1.2,us,usp0004e7e,2022-04-28T19:36:58.782Z,"154 km SE of Lorengau, Papua New Guinea",earthquake,,,,,reviewed,us,hrv
1990-09-02T13:05:07.300Z,-3.197,148.225,22.8,6.0,mw,,,,1.4,us,usp0004e7g,2022-04-28T19:37:00.311Z,"166 km SE of Lorengau, Papua New Guinea",earthquake,,9.4,,,reviewed,us,hrv
1990-09-02T13:23:21.260Z,-3.123,148.246,33.0,4.7,mb,,,,0.8,us,usp0004e7h,2014-11-07T00:47:03.954Z,"161 km SE of Lorengau, Papua New Guinea",earthquake,,,,4.0,reviewed,us,us
1990-09-02T13:49:48.790Z,-27.672,-104.448,10.0,4.8,mb,,,,0.8,us,usp0004e7j,2014-11-07T00:47:03.960Z,Easter Island region,earthquake,,,,5.0,reviewed,us,us
1990-09-02T16:16:31.230Z,2.694,125.912,98.3,4.7,mb,,,,1.2,us,usp0004e7t,2014-11-07T00:47:04.004Z,"169 km NE of Laikit, Laikit II (Dimembe), Indonesia",earthquake,,19.6,,8.0,reviewed,us,us
1990-09-02T20:34:52.310Z,31.576,140.729,33.0,4.7,mb,,,,0.7,us,usp0004e7y,2014-11-07T00:47:04.037Z,"Izu Islands, Japan region",earthquake,,,,10.0,reviewed,us,us
1990-09-03T00:39:01.570Z,-3.14,148.174,51.6,5.5,mw,,,,1.3,us,usp0004e85,2022-04-28T19:37:01.944Z,"158 km SE of Lorengau, Papua New Guinea",earthquake,,13.9,,,reviewed,us,hrv
1990-09-03T01:02:51.010Z,-14.488,167.799,83.7,4.9,mb,,,,0.9,us,usp0004e86,2014-11-07T00:47:04.136Z,"72 km SSE of Sola, Vanuatu",earthquake,,16.6,,11.0,reviewed,us,us
1990-09-03T02:40:59.110Z,36.409,70.671,201.6,5.3,mw,,,,1.0,us,usp0004e87,2025-12-19T21:00:15.960Z,"52 km SSW of Jurm, Afghanistan",earthquake,,,,,reviewed,us,hrv
1990-09-03T04:56:53.780Z,-6.229,150.074,167.2,4.7,mb,,,,1.0,us,usp0004e8b,2014-11-07T00:47:04.235Z,"58 km E of Kandrian, Papua New Guinea",earthquake,,14.2,,4.0,reviewed,us,us
1990-09-03T05:13:27.150Z,16.31,120.71,24.5,5.3,mb,,,,0.6,us,usp0004e8c,2014-11-07T00:47:04.238Z,"2 km SW of Dalupirip, Philippines",earthquake,,6.3,,6.0,reviewed,us,us
1990-09-03T06:01:55.440Z,-19.85,-70.52,33.0,4.8,mb,,,,1.1,us,usp0004e8f,2014-11-07T00:47:04.277Z,"55 km NW of Iquique, Chile",earthquake,,,,8.0,reviewed,us,us
1990-09-03T06:11:23.510Z,-8.706,-79.877,39.0,4.7,mb,,,,1.4,us,usp0004e8g,2014-11-07T00:47:04.291Z,"108 km SW of Santiago de Cao, Peru",earthquake,,13.9,,7.0,reviewed,us,us
1990-09-03T10:48:33.130Z,45.915,15.873,20.2,4.8,mb,,,,1.2,us,usp0004e8z,2014-11-07T00:47:04.386Z,"1 km ENE of Donja Bistra, Croatia",earthquake,,2.4,,18.0,reviewed,us,us
1990-09-03T14:22:14.450Z,-18.125,-178.598,623.6,4.5,mb,,,,0.9,us,usp0004e99,2014-11-07T00:47:04.474Z,"220 km E of Levuka, Fiji",earthquake,,39.1,,10.0,reviewed,us,us
1990-09-03T14:53:49.620Z,-18.389,-177.746,653.0,4.6,mb,,,,0.9,us,usp0004e9a,2014-11-07T00:47:04.478Z,Fiji region,earthquake,,36.2,,11.0,reviewed,us,us
1990-09-03T18:50:24.880Z,2.18,125.847,198.4,4.9,mb,,,,0.4,us,usp0004e9f,2014-11-07T00:47:04.494Z,"123 km NE of Laikit, Laikit II (Dimembe), Indonesia",earthquake,,7.8,,8.0,reviewed,us,us
1990-09-03T19:31:00.210Z,34.51,140.117,33.0,4.8,mb,,,,0.8,us,usp0004e9g,2014-11-07T00:47:04.498Z,"57 km SSE of Tateyama, Japan",earthquake,,,,3.0,reviewed,us,us
1990-09-03T22:44:48.940Z,-26.738,-175.65,21.0,5.2,mb,,,,1.3,us,usp0004e9n,2014-11-07T00:47:04.519Z,south of Tonga,earthquake,,,,5.0,reviewed,us,us
1990-09-04T01:48:00.760Z,-0.479,29.085,10.0,5.4,mw,,,,1.1,us,usp0004e9r,2022-04-28T19:37:03.642Z,"72 km SSW of Butembo, Democratic Republic of the Congo",earthquake,,,,,reviewed,us,hrv
1990-09-04T01:51:58.660Z,52.471,-168.401,33.0,4.9,ms,,,,1.2,us,usp0004e9s,2014-11-07T00:47:04.560Z,"60 km SSE of Nikolski, Alaska",earthquake,,,,1.0,reviewed,us,us
1990-09-04T02:56:57.620Z,49.794,142.392,15.5,4.9,mb,,,,1.0,us,usp0004e9u,2014-11-07T00:47:04.566Z,"22 km NE of Boshnyakovo, Russia",earthquake,,,,36.0,reviewed,us,us
1990-09-04T04:22:11.000Z,-5.213,152.536,54.7,5.3,mw,,,,1.0,us,usp0004e9w,2022-04-28T19:37:05.304Z,"100 km SSE of Kokopo, Papua New Guinea",earthquake,,9.4,,,reviewed,us,hrv
1990-09-04T06:44:16.310Z,-5.663,147.005,208.0,4.8,mb,,,,0.9,us,usp0004e9y,2014-11-07T00:47:04.601Z,"117 km N of Lae, Papua New Guinea",earthquake,,7.6,,4.0,reviewed,us,us
1990-09-04T08:03:04.260Z,19.803,-75.69,33.3,5.2,mw,,,,0.9,us,usp0004ea1,2022-04-28T19:37:06.536Z,"28 km SSE of Santiago de Cuba, Cuba",earthquake,,,,,reviewed,us,hrv
1990-09-04T09:29:23.300Z,-4.861,151.514,159.6,4.9,mb,,,,0.8,us,usp0004ea3,2014-11-07T00:47:04.643Z,"101 km SW of Kokopo, Papua New Guinea",earthquake,,8.1,,8.0,reviewed,us,us
1990-09-04T10:09:43.210Z,-22.848,178.145,685.5,4.7,mb,,,,0.5,us,usp0004ea4,2014-11-07T00:47:04.648Z,south of the Fiji Islands,earthquake,,31.9,,3.0,reviewed,us,us
1990-09-04T10:59:17.840Z,34.87,70.902,33.0,4.6,mb,,,,1.0,us,usp0004ea6,2014-11-07T00:47:04.660Z,"22 km W of Asad?b?d, Afghanistan",earthquake,,,,9.0,reviewed,us,us
1990-09-04T13:26:47.630Z,-1.669,136.219,33.0,4.5,mb,,,,1.1,us,usp0004eaa,2014-11-07T00:47:04.680Z,"56 km SSE of Biak, Indonesia",earthquake,,,,5.0,reviewed,us,us
1990-09-04T13:27:18.280Z,51.583,-173.847,52.9,5.2,mw,,,,0.8,us,usp0004eab,2025-12-19T21:00:17.295Z,"72 km SSE of Atka, Alaska",earthquake,,,,,reviewed,us,hrv
1990-09-04T15:48:14.240Z,55.117,161.719,39.7,5.0,mb,,,,0.9,us,usp0004ead,2014-11-07T00:47:04.723Z,"132 km SSW of Ust’-Kamchatsk Staryy, Russia",earthquake,,,,49.0,reviewed,us,us
1990-09-04T17:51:41.610Z,6.852,-72.988,156.6,4.9,mb,,,,0.9,us,usp0004eag,2014-11-07T00:47:04.753Z,"10 km N of Cepitá, Colombia",earthquake,,,,9.0,reviewed,us,us
1990-09-04T19:57:12.260Z,-7.177,146.036,161.4,5.2,mw,,,,0.8,us,usp0004eam,2025-12-19T21:00:18.721Z,"66 km W of Bulolo, Papua New Guinea",earthquake,,5.2,,,reviewed,us,hrv
1990-09-04T20:22:03.720Z,2.296,126.634,96.6,4.5,mb,,,,1.4,us,usp0004ean,2014-11-07T00:47:04.795Z,"165 km WNW of Tobelo, Indonesia",earthquake,,22.8,,8.0,reviewed,us,us
1990-09-04T21:03:31.990Z,25.965,127.807,33.0,4.5,mb,,,,1.3,us,usp0004eaq,2014-11-07T00:47:04.805Z,"22 km SE of Itoman, Japan",earthquake,,,,7.0,reviewed,us,us
1990-09-04T23:15:11.350Z,-31.262,-69.063,112.1,5.7,mw,,,,1.0,us,usp0004eau,2022-04-28T19:37:07.823Z,"34 km ENE of Calingasta, Argentina",earthquake,,,,,reviewed,us,hrv
1990-09-05T03:23:52.620Z,36.423,22.814,110.3,4.5,mb,,,,1.2,us,usp0004eb2,2014-11-07T00:47:04.919Z,"34 km NNW of Kýthira, Greece",earthquake,,4.7,,27.0,reviewed,us,us
1990-09-05T05:45:38.640Z,38.721,142.255,68.6,4.5,mb,,,,0.6,us,usp0004eb5,2014-11-07T00:47:04.974Z,"60 km SE of ?funato, Japan",earthquake,,8.3,,3.0,reviewed,us,us
1990-09-05T05:49:19.710Z,-2.213,-80.361,63.6,4.9,mb,,,,0.8,us,usp0004eb6,2014-11-07T00:47:04.980Z,"40 km W of Santa Lucía, Ecuador",earthquake,,,,10.0,reviewed,us,us
1990-09-05T07:11:05.000Z,8.461,126.506,84.2,5.8,mw,,,,1.2,us,usp0004eb8,2022-04-28T19:37:09.353Z,"21 km ENE of Hinatuan, Philippines",earthquake,,5.0,,,reviewed,us,hrv
1990-09-05T17:29:38.050Z,-4.024,152.737,33.0,4.7,mb,,,,1.1,us,usp0004ebn,2014-11-07T00:47:05.142Z,"62 km NE of Kokopo, Papua New Guinea",earthquake,,,,4.0,reviewed,us,us
1990-09-05T18:35:22.700Z,42.5,141.06,115.2,4.9,mb,,,,1.1,us,usp0004ebp,2014-11-07T00:47:05.147Z,"16 km ENE of Date, Japan",earthquake,,7.9,,32.0,reviewed,us,us
1990-09-06T02:53:46.330Z,23.61,121.894,63.7,4.8,mb,,,,0.7,us,usp0004ec3,2014-11-07T00:47:05.227Z,"50 km SE of Hualien City, Taiwan",earthquake,,5.3,,7.0,reviewed,us,us
1990-09-06T03:35:27.180Z,17.146,120.592,33.0,4.6,mb,,,,1.4,us,usp0004ec6,2014-11-07T00:47:05.265Z,"6 km N of Sigay, Philippines",earthquake,,,,9.0,reviewed,us,us
1990-09-06T05:08:55.210Z,-17.193,67.486,10.0,4.5,mb,,,,1.3,us,usp0004ec8,2014-11-07T00:47:05.278Z,Mid-Indian Ridge,earthquake,,,,4.0,reviewed,us,us
1990-09-06T08:37:41.500Z,32.086,141.563,33.0,4.5,mb,,,,1.2,us,usp0004ech,2014-11-07T00:47:05.312Z,"Izu Islands, Japan region",earthquake,,,,3.0,reviewed,us,us
1990-09-06T14:27:00.490Z,12.91,-88.906,63.7,5.0,mb,,,,1.3,us,usp0004ecp,2014-11-07T00:47:05.327Z,"56 km SW of Puerto El Triunfo, El Salvador",earthquake,,7.5,,4.0,reviewed,us,us
1990-09-06T16:20:11.020Z,-2.629,133.971,33.0,4.8,mb,,,,1.4,us,usp0004ecr,2014-11-07T00:47:05.340Z,"188 km WNW of Nabire, Indonesia",earthquake,,,,9.0,reviewed,us,us
1990-09-06T19:03:19.750Z,24.11,127.118,50.0,4.5,mb,,,,1.1,us,usp0004ect,2014-11-07T00:47:05.352Z,"199 km ESE of Hirara, Japan",earthquake,,,,8.0,reviewed,us,us
1990-09-06T19:51:26.810Z,-6.717,124.829,590.3,4.6,mb,,,,0.6,us,usp0004ecw,2014-11-07T00:47:05.363Z,"213 km N of Maubara, Timor Leste",earthquake,,34.3,,8.0,reviewed,us,us
1990-09-06T21:32:23.970Z,-26.638,67.937,10.0,5.1,mb,,,,1.1,us,usp0004ecy,2014-11-07T00:47:05.371Z,Indian Ocean Triple Junction,earthquake,,,,12.0,reviewed,us,us
1990-09-07T00:12:26.210Z,5.443,31.686,10.0,5.6,mw,,,,1.0,us,usp0004ed1,2022-04-28T19:37:11.115Z,"66 km N of Juba, South Sudan",earthquake,,,,,reviewed,us,hrv
1990-09-07T02:38:57.450Z,16.454,120.828,10.0,4.7,mb,,,,1.3,us,usp0004ed3,2014-11-07T00:47:05.415Z,"8 km ESE of Ambuclao, Philippines",earthquake,,,,4.0,reviewed,us,us
1990-09-07T08:21:58.250Z,-56.316,-140.768,10.0,4.9,mb,,,,1.0,us,usp0004edc,2014-11-07T00:47:05.445Z,Pacific-Antarctic Ridge,earthquake,,,,4.0,reviewed,us,us
1990-09-07T10:10:27.810Z,21.685,142.937,327.4,4.5,mb,,,,0.8,us,usp0004edh,2014-11-07T00:47:05.464Z,Mariana Islands region,earthquake,,8.5,,8.0,reviewed,us,us
1990-09-07T11:34:35.530Z,-31.071,-178.397,10.0,5.3,mw,,,,1.0,us,usp0004edk,2025-12-19T21:00:19.977Z,Kermadec Islands region,earthquake,,,,,reviewed,us,hrv
1990-09-07T12:32:18.620Z,-4.127,135.36,33.0,4.6,mb,,,,1.2,us,usp0004edn,2014-11-07T00:47:05.495Z,"86 km S of Nabire, Indonesia",earthquake,,,,4.0,reviewed,us,us
1990-09-07T16:09:19.620Z,-24.26,-66.957,161.4,5.4,mw,,,,1.1,us,usp0004ee0,2025-12-19T21:00:21.241Z,"64 km W of San Antonio de los Cobres, Argentina",earthquake,,4.6,,,reviewed,us,hrv
1990-09-07T17:36:35.810Z,-4.42,147.631,33.0,4.9,mb,,,,1.1,us,usp0004ee3,2014-11-07T00:47:05.573Z,"222 km ENE of Madang, Papua New Guinea",earthquake,,,,9.0,reviewed,us,us
1990-09-07T18:05:26.020Z,-1.078,124.582,59.4,5.4,mw,,,,1.2,us,usp0004ee4,2025-12-19T21:00:22.452Z,"200 km E of Luwuk, Indonesia",earthquake,,3.1,,,reviewed,us,hrv
1990-09-07T19:06:34.400Z,0.789,123.788,187.9,4.7,mb,,,,0.8,us,usp0004ee6,2014-11-07T00:47:05.596Z,"85 km ENE of Gorontalo, Indonesia",earthquake,,32.9,,8.0,reviewed,us,us
1990-09-07T22:16:11.410Z,-35.821,178.84,134.5,4.7,mb,,,,0.8,us,usp0004ee7,2014-11-07T00:47:05.599Z,"279 km NNE of Opotiki, New Zealand",earthquake,,34.8,,2.0,reviewed,us,us
1990-09-07T23:17:23.440Z,-18.504,167.758,10.0,4.7,mb,,,,1.1,us,usp0004eea,2014-11-07T00:47:05.608Z,"103 km SW of Port-Vila, Vanuatu",earthquake,,,,4.0,reviewed,us,us
1990-09-08T01:42:24.840Z,-35.62,178.265,93.7,4.6,mb,,,,0.6,us,usp0004eef,2014-11-07T00:47:05.622Z,"266 km NE of Tairua, New Zealand",earthquake,,14.1,,4.0,reviewed,us,us
1990-09-08T02:28:10.860Z,-35.319,178.734,59.9,4.9,mb,,,,1.5,us,usp0004eeg,2014-11-07T00:47:05.624Z,off the east coast of the North Island of New Zealand,earthquake,,22.8,,3.0,reviewed,us,us
1990-09-08T04:11:01.930Z,-5.883,-77.066,10.0,4.7,mb,,,,1.2,us,usp0004eem,2014-11-07T00:47:05.633Z,"19 km NNW of Moyobamba, Peru",earthquake,,,,1.0,reviewed,us,us
1990-09-08T05:29:42.420Z,-35.135,178.296,10.0,4.7,mb,,,,1.0,us,usp0004ees,2014-11-07T00:47:05.643Z,off the east coast of the North Island of New Zealand,earthquake,,,,3.0,reviewed,us,us
1990-09-08T08:59:15.500Z,4.112,94.492,57.9,4.5,mb,,,,1.0,us,usp0004eev,2014-11-07T00:47:05.652Z,"181 km W of Meulaboh, Indonesia",earthquake,,17.4,,8.0,reviewed,us,us
1990-09-08T09:51:49.560Z,-13.964,-14.402,10.0,4.8,mb,,,,0.7,us,usp0004eew,2014-11-07T00:47:05.656Z,southern Mid-Atlantic Ridge,earthquake,,,,12.0,reviewed,us,us
1990-09-08T09:56:30.810Z,-0.037,123.064,246.3,4.7,mb,,,,1.4,us,usp0004eex,2014-11-07T00:47:05.659Z,"63 km S of Gorontalo, Indonesia",earthquake,,16.3,,14.0,reviewed,us,us
1990-09-08T11:39:19.840Z,-13.972,-14.506,10.0,5.0,mb,,,,0.9,us,usp0004ef0,2014-11-07T00:47:05.666Z,southern Mid-Atlantic Ridge,earthquake,,,,19.0,reviewed,us,us
1990-09-08T12:11:23.790Z,-6.788,106.178,115.6,5.1,mb,,,,1.2,us,usp0004ef1,2014-11-07T00:47:05.672Z,"46 km WNW of Pelabuhanratu, Indonesia",earthquake,,14.2,,34.0,reviewed,us,us
1990-09-08T13:28:52.930Z,37.731,69.7,35.7,4.5,mb,,,,1.0,us,usp0004ef5,2014-11-07T00:47:05.688Z,"9 km SSE of Hulbuk, Tajikistan",earthquake,,,,15.0,reviewed,us,us
1990-09-08T16:04:43.050Z,18.542,-69.061,130.5,4.6,mb,,,,0.9,us,usp0004efb,2014-11-07T00:47:05.704Z,"10 km WSW of Guaymate, Dominican Republic",earthquake,,8.1,,8.0,reviewed,us,us
1990-09-08T18:46:29.830Z,-7.338,155.892,30.0,5.6,mw,,,,0.8,us,usp0004efe,2022-04-28T19:37:16.748Z,"121 km SSE of Panguna, Papua New Guinea",earthquake,,,,,reviewed,us,hrv
1990-09-08T18:49:02.340Z,-7.061,156.143,21.0,5.2,mb,,,,1.0,us,usp0004eff,2014-11-07T00:47:05.726Z,"109 km SSE of Kieta, Papua New Guinea",earthquake,,,,5.0,reviewed,us,us
1990-09-08T18:51:45.240Z,-24.449,-177.227,132.1,5.7,mw,,,,1.0,us,usp0004efg,2022-04-28T19:37:18.130Z,south of the Fiji Islands,earthquake,,,,,reviewed,us,hrv
1990-09-08T18:52:30.110Z,-7.294,156.197,33.0,4.9,mb,,,,1.0,us,usp0004efh,2014-11-07T00:47:05.749Z,"114 km NW of Gizo, Solomon Islands",earthquake,,,,12.0,reviewed,us,us
1990-09-08T19:33:18.850Z,27.5,66.092,27.9,5.5,mw,,,,1.0,us,usp0004efj,2022-04-28T19:37:19.200Z,"61 km SW of Khuzdar, Pakistan",earthquake,,13.1,,,reviewed,us,hrv
1990-09-08T20:21:48.300Z,-57.888,-25.434,33.0,5.1,mb,,,,1.0,us,usp0004efk,2014-11-07T00:47:05.900Z,South Sandwich Islands region,earthquake,,,,9.0,reviewed,us,us
1990-09-08T20:31:57.750Z,-20.548,-174.173,33.0,6.0,mw,,,,1.0,us,usp0004efm,2022-04-28T19:37:20.620Z,"83 km SSE of Pangai, Tonga",earthquake,,,,,reviewed,us,hrv
1990-09-08T21:01:43.860Z,37.182,29.615,24.4,4.7,mb,,,,1.0,us,usp0004efn,2014-11-07T00:47:05.953Z,"10 km ENE of Gölhisar, Turkey",earthquake,,6.6,,2.0,reviewed,us,us
1990-09-08T21:38:42.460Z,24.779,122.708,33.0,4.7,mb,,,,0.7,us,usp0004efp,2014-11-07T00:47:05.956Z,"45 km NW of Yonakuni, Japan",earthquake,,,,2.0,reviewed,us,us
1990-09-09T00:16:52.510Z,56.446,-34.351,10.0,4.9,mb,,,,0.9,us,usp0004eft,2014-11-07T00:47:05.964Z,Reykjanes Ridge,earthquake,,,,21.0,reviewed,us,us
1990-09-09T00:30:08.790Z,56.215,-34.431,10.0,5.0,mb,,,,1.2,us,usp0004efv,2014-11-07T00:47:05.970Z,Reykjanes Ridge,earthquake,,,,25.0,reviewed,us,us
1990-09-09T02:14:51.080Z,56.654,-34.395,10.0,5.4,mw,,,,1.0,us,usp0004efy,2025-12-19T21:00:23.731Z,Reykjanes Ridge,earthquake,,,,,reviewed,us,hrv
1990-09-09T02:39:48.360Z,15.354,-45.392,10.0,4.7,mb,,,,0.8,us,usp0004efz,2014-11-07T00:47:06.006Z,northern Mid-Atlantic Ridge,earthquake,,,,9.0,reviewed,us,us
1990-09-09T02:42:30.880Z,-33.573,-178.799,33.0,5.1,mb,,,,1.2,us,usp0004eg0,2014-11-07T00:47:06.009Z,south of the Kermadec Islands,earthquake,,,,11.0,reviewed,us,us
1990-09-09T02:50:26.620Z,28.032,139.316,532.6,5.5,mw,,,,1.1,us,usp0004eg1,2025-12-19T21:00:24.995Z,"Bonin Islands, Japan region",earthquake,,5.2,,,reviewed,us,hrv
1990-09-09T03:16:49.860Z,2.891,99.012,184.8,4.8,mb,,,,1.2,us,usp0004eg4,2014-11-07T00:47:06.034Z,"9 km SW of Pematangsiantar, Indonesia",earthquake,,10.4,,9.0,reviewed,us,us
1990-09-09T03:45:03.220Z,0.505,126.124,33.0,4.5,mb,,,,0.7,us,usp0004eg6,2014-11-07T00:47:06.041Z,"143 km WSW of Ternate, Indonesia",earthquake,,,,5.0,reviewed,us,us
1990-09-09T04:39:42.550Z,-21.519,-68.661,118.8,4.9,mb,,,,1.3,us,usp0004eg8,2014-11-07T00:47:06.044Z,"107 km NNE of Calama, Chile",earthquake,,,,11.0,reviewed,us,us
1990-09-09T04:52:52.510Z,47.117,152.254,115.9,4.9,mb,,,,0.7,us,usp0004eg9,2014-11-07T00:47:06.053Z,Kuril Islands,earthquake,,,,47.0,reviewed,us,us
1990-09-09T05:35:45.910Z,-5.178,151.729,73.8,6.0,mw,,,,0.8,us,usp0004egb,2022-04-28T19:37:26.123Z,"110 km SSW of Kokopo, Papua New Guinea",earthquake,,3.2,,,reviewed,us,hrv
1990-09-09T06:24:57.530Z,56.509,-34.423,10.0,5.2,mb,,,,0.9,us,usp0004egd,2014-11-07T00:47:06.097Z,Reykjanes Ridge,earthquake,,,,41.0,reviewed,us,us
1990-09-09T06:35:22.510Z,56.364,-34.454,10.0,5.2,ms,,,,1.2,us,usp0004ege,2022-04-28T19:37:27.295Z,Reykjanes Ridge,earthquake,,,,5.0,reviewed,us,us
1990-09-09T07:08:58.450Z,35.377,23.589,18.5,4.9,mb,,,,1.3,us,usp0004egf,2014-11-07T00:47:06.118Z,"14 km SSW of Kíssamos, Greece",earthquake,,6.6,,5.0,reviewed,us,us
1990-09-09T07:21:05.640Z,14.619,146.684,48.2,5.2,mb,,,,1.2,us,usp0004egg,2022-04-28T19:37:28.405Z,"119 km ESE of Saipan, Northern Mariana Islands",earthquake,,11.5,,24.0,reviewed,us,us
1990-09-09T08:37:58.050Z,36.77,71.394,189.5,4.6,mb,,,,1.3,us,usp0004egk,2014-11-07T00:47:06.179Z,"15 km NW of Ashk?sham, Afghanistan",earthquake,,25.1,,6.0,reviewed,us,us
1990-09-09T11:07:10.560Z,6.213,-82.506,10.0,4.6,ms,,,,1.1,us,usp0004egp,2014-11-07T00:47:06.194Z,"205 km S of Punta de Burica, Panama",earthquake,,,,1.0,reviewed,us,us
1990-09-09T12:02:04.600Z,56.176,-34.521,10.0,4.5,mb,,,,1.1,us,usp0004egq,2014-11-07T00:47:06.197Z,Reykjanes Ridge,earthquake,,,,15.0,reviewed,us,us
1990-09-09T12:27:20.150Z,54.504,168.611,33.0,4.6,mb,,,,1.3,us,usp0004egs,2014-11-07T00:47:06.203Z,"Komandorskiye Ostrova, Russia region",earthquake,,,,11.0,reviewed,us,us
1990-09-09T12:34:48.930Z,56.5,-34.426,10.0,4.9,mb,,,,1.0,us,usp0004egt,2014-11-07T00:47:06.208Z,Reykjanes Ridge,earthquake,,,,37.0,reviewed,us,us
1990-09-09T22:29:27.400Z,1.126,123.006,33.7,5.7,mw,,,,1.3,us,usp0004eh7,2022-04-28T19:37:29.525Z,"65 km N of Gorontalo, Indonesia",earthquake,,,,,reviewed,us,hrv
1990-09-10T00:13:55.760Z,-20.721,-174.303,33.0,4.9,mb,,,,1.5,us,usp0004ehd,2014-11-07T00:47:06.279Z,"91 km ENE of Kolonga, Tonga",earthquake,,,,11.0,reviewed,us,us
1990-09-10T03:51:24.060Z,46.577,155.467,23.2,5.3,mw,,,,0.8,us,usp0004ehh,2025-12-19T21:00:26.260Z,east of the Kuril Islands,earthquake,,,,,reviewed,us,hrv
1990-09-10T07:30:07.600Z,52.301,-178.692,143.3,5.2,mw,,,,1.0,us,usp0004ehr,2025-12-19T21:00:27.746Z,"148 km WNW of Adak, Alaska",earthquake,,,,,reviewed,us,hrv
1990-09-10T08:27:31.130Z,16.43,120.069,10.0,5.0,mb,,,,1.4,us,usp0004ehs,2014-11-07T00:47:06.333Z,"12 km NE of Cabungan, Philippines",earthquake,,,,12.0,reviewed,us,us
1990-09-10T12:00:33.700Z,-29.698,-176.469,84.7,4.8,mb,,,,1.0,us,usp0004ej1,2014-11-07T00:47:06.362Z,Kermadec Islands region,earthquake,,16.2,,5.0,reviewed,us,us
1990-09-10T12:17:36.610Z,70.77,-13.803,10.0,5.0,mb,,,,0.8,us,usp0004ej2,2014-11-07T00:47:06.366Z,"186 km W of Olonkinbyen, Svalbard and Jan Mayen",earthquake,,,,49.0,reviewed,us,us
1990-09-10T12:42:51.430Z,35.703,142.137,13.0,4.9,mb,,,,1.3,us,usp0004ej3,2022-04-28T19:37:34.220Z,"118 km E of Hasaki, Japan",earthquake,,6.1,,10.0,reviewed,us,us
1990-09-10T13:55:03.780Z,16.217,120.258,19.9,4.9,mb,,,,1.4,us,usp0004ej4,2014-11-07T00:47:06.387Z,"15 km SW of Namboongan, Philippines",earthquake,,9.2,,9.0,reviewed,us,us
1990-09-10T15:45:25.510Z,16.669,-99.067,40.7,4.6,mb,,,,1.2,us,usp0004ej9,2014-11-07T00:47:06.400Z,"4 km SSW of Jalapa, Mexico",earthquake,,9.8,,9.0,reviewed,us,us
1990-09-10T17:11:16.940Z,-5.426,151.709,55.8,4.5,mb,,,,0.6,us,usp0004ejb,2014-11-07T00:47:06.406Z,"134 km SSW of Kokopo, Papua New Guinea",earthquake,,11.4,,4.0,reviewed,us,us
1990-09-10T18:30:47.420Z,16.224,120.396,33.0,4.7,mb,,,,1.4,us,usp0004ejf,2014-11-07T00:47:06.413Z,"2 km SSW of Damortis, Philippines",earthquake,,,,7.0,reviewed,us,us
1990-09-10T23:26:04.260Z,4.528,62.37,10.0,4.8,mb,,,,1.0,us,usp0004ejq,2014-11-07T00:47:06.436Z,Carlsberg Ridge,earthquake,,,,13.0,reviewed,us,us
1990-09-11T01:46:06.970Z,-17.909,-178.718,600.0,5.0,mb,,,,0.7,us,usp0004ejs,2014-11-07T00:47:06.446Z,"208 km E of Levuka, Fiji",earthquake,,,,12.0,reviewed,us,us
1990-09-11T05:20:45.250Z,-6.885,126.705,439.4,4.8,mb,,,,0.8,us,usp0004ek3,2014-11-07T00:47:06.497Z,"178 km N of Baukau, Timor Leste",earthquake,,15.9,,10.0,reviewed,us,us
1990-09-11T08:08:36.660Z,6.952,-77.994,32.6,4.6,mb,,,,1.5,us,usp0004ek7,2014-11-07T00:47:06.507Z,"30 km WSW of Juradó, Colombia",earthquake,,,,3.0,reviewed,us,us
1990-09-11T13:56:48.360Z,-24.985,-179.98,558.1,4.8,mb,,,,0.4,us,usp0004ekf,2014-11-07T00:47:06.527Z,south of the Fiji Islands,earthquake,,58.4,,3.0,reviewed,us,us
1990-09-11T14:09:02.530Z,22.692,120.909,33.0,5.8,mw,,,,1.0,us,usp0004ekg,2022-04-28T19:37:39.734Z,"53 km ENE of Donggang, Taiwan",earthquake,,2.8,,,reviewed,us,hrv
1990-09-11T15:26:10.730Z,-3.528,101.638,65.3,5.1,mb,,,,0.8,us,usp0004ekh,2014-11-07T00:47:06.562Z,"75 km WNW of Bengkulu, Indonesia",earthquake,,13.2,,9.0,reviewed,us,us
1990-09-11T17:15:22.710Z,71.658,-2.54,10.0,4.7,mb,,,,1.3,us,usp0004ekn,2014-11-07T00:47:06.573Z,"235 km ENE of Olonkinbyen, Svalbard and Jan Mayen",earthquake,,,,47.0,reviewed,us,us
1990-09-11T21:07:24.060Z,75.383,12.256,10.0,4.5,mb,,,,1.3,us,usp0004eku,2014-11-07T00:47:06.591Z,Svalbard region,earthquake,,,,8.0,reviewed,us,us
1990-09-11T22:37:19.540Z,-8.476,158.932,162.5,4.9,mb,,,,1.0,us,usp0004eky,2014-11-07T00:47:06.596Z,"81 km WSW of Buala, Solomon Islands",earthquake,,14.5,,12.0,reviewed,us,us
1990-09-12T00:39:24.260Z,-0.478,98.315,33.0,5.2,mw,,,,1.3,us,usp0004em0,2022-04-28T19:37:41.177Z,"201 km W of Pariaman, Indonesia",earthquake,,,,,reviewed,us,hrv
1990-09-12T02:09:19.800Z,32.988,141.162,37.1,5.0,mb,,,,1.0,us,usp0004em3,2014-11-07T00:47:06.613Z,"251 km SSE of Tateyama, Japan",earthquake,,16.8,,6.0,reviewed,us,us
1990-09-12T02:35:36.160Z,-36.701,177.164,162.4,5.1,mb,,,,1.2,us,usp0004em4,2014-11-07T00:47:06.616Z,"122 km ENE of Tairua, New Zealand",earthquake,,10.2,,7.0,reviewed,us,us
1990-09-12T04:44:06.360Z,-5.216,151.95,62.6,4.9,mb,,,,1.1,us,usp0004em6,2014-11-07T00:47:06.629Z,"102 km SSW of Kokopo, Papua New Guinea",earthquake,,9.6,,14.0,reviewed,us,us
1990-09-12T05:45:42.190Z,53.831,158.89,33.0,4.7,mb,,,,0.5,us,usp0004em8,2014-11-07T00:47:06.634Z,"79 km NNE of Yelizovo, Russia",earthquake,,,,4.0,reviewed,us,us
1990-09-12T09:42:27.300Z,4.306,96.46,33.0,5.0,mb,,,,0.7,us,usp0004emj,2014-11-07T00:47:06.653Z,"41 km ENE of Meulaboh, Indonesia",earthquake,,,,4.0,reviewed,us,us
1990-09-12T10:21:49.300Z,6.355,126.379,90.4,5.4,mw,,,,1.1,us,usp0004emn,2025-12-19T21:00:28.980Z,"22 km E of Pondaguitan, Philippines",earthquake,,3.8,,,reviewed,us,hrv
1990-09-12T14:37:39.370Z,-6.282,148.109,78.0,4.6,mb,,,,1.2,us,usp0004emv,2014-11-07T00:47:06.680Z,"42 km NE of Finschhafen, Papua New Guinea",earthquake,,9.4,,6.0,reviewed,us,us
1990-09-12T15:28:35.530Z,15.12,59.267,10.0,5.5,mw,,,,1.1,us,usp0004emw,2025-12-19T21:00:30.312Z,Owen Fracture Zone region,earthquake,,,,,reviewed,us,hrv
1990-09-12T18:07:29.450Z,14.607,123.343,71.6,4.9,mb,,,,1.0,us,usp0004en0,2014-11-07T00:47:06.712Z,"62 km NE of Sabang Indan, Philippines",earthquake,,8.4,,6.0,reviewed,us,us
1990-09-12T20:16:18.960Z,-60.447,-65.029,10.0,5.8,mw,,,,1.2,us,usp0004en5,2022-04-28T19:37:42.587Z,Drake Passage,earthquake,,,,,reviewed,us,hrv
1990-09-12T22:10:29.870Z,26.723,142.025,33.0,4.6,mb,,,,0.3,us,usp0004en9,2014-11-07T00:47:06.737Z,"Bonin Islands, Japan region",earthquake,,,,4.0,reviewed,us,us
1990-09-12T22:45:14.730Z,52.635,157.693,134.3,4.9,mb,,,,0.8,us,usp0004enb,2014-11-07T00:47:06.740Z,"52 km SW of Paratunka, Russia",earthquake,,,,66.0,reviewed,us,us
1990-09-13T01:13:27.230Z,-24.453,179.904,562.1,4.8,mb,,,,1.3,us,usp0004ene,2014-11-07T00:47:06.761Z,south of the Fiji Islands,earthquake,,24.6,,7.0,reviewed,us,us
1990-09-13T02:58:46.550Z,33.495,140.992,50.9,5.4,mw,,,,0.9,us,usp0004enf,2025-12-19T20:56:20.211Z,"193 km SSE of Katsuura, Japan",earthquake,,,,,reviewed,us,hrv
1990-09-13T04:37:24.300Z,13.001,-88.71,73.2,4.6,mb,,,,1.4,us,usp0004enj,2014-11-07T00:47:06.789Z,"35 km SSW of Puerto El Triunfo, El Salvador",earthquake,,,,6.0,reviewed,us,us
1990-09-13T07:11:24.630Z,6.912,-78.053,32.0,4.5,mb,,,,1.1,us,usp0004enk,2014-11-07T00:47:06.793Z,"38 km WSW of Juradó, Colombia",earthquake,,,,5.0,reviewed,us,us
1990-09-13T12:07:45.710Z,14.39,146.713,64.4,4.7,mb,,,,0.9,us,usp0004ens,2014-11-07T00:47:06.801Z,"133 km ESE of San Jose Village, Northern Mariana Islands",earthquake,,13.5,,3.0,reviewed,us,us
1990-09-13T17:08:47.210Z,-36.54,-97.69,10.0,5.0,mb,,,,1.1,us,usp0004ep4,2014-11-07T00:47:06.821Z,West Chile Rise,earthquake,,,,4.0,reviewed,us,us
1990-09-13T17:40:29.240Z,11.003,92.426,33.0,4.6,mb,,,,1.0,us,usp0004ep5,2014-11-07T00:47:06.823Z,"81 km SSW of Port Blair, India",earthquake,,,,14.0,reviewed,us,us
1990-09-13T19:07:49.160Z,43.942,81.779,33.0,4.8,mb,,,,0.8,us,usp0004ep6,2014-11-07T00:47:06.827Z,"57 km ENE of Qapqal, China",earthquake,,,,12.0,reviewed,us,us
1990-09-13T22:10:07.150Z,27.161,35.125,10.0,4.6,mb,,,,1.2,us,usp0004eph,2014-11-07T00:47:06.852Z,"59 km WSW of Duba, Saudi Arabia",earthquake,,,,25.0,reviewed,us,us
1990-09-14T01:18:05.130Z,27.971,139.596,500.0,4.6,mb,,,,0.5,us,usp0004epp,2014-11-07T00:47:06.865Z,"Bonin Islands, Japan region",earthquake,,,,5.0,reviewed,us,us
1990-09-14T01:18:25.440Z,52.14,-168.622,33.0,5.1,mb,,,,0.8,us,usp0004epq,2014-11-07T00:47:06.867Z,"90 km S of Nikolski, Alaska",earthquake,,,,65.0,reviewed,us,us
1990-09-14T02:01:53.600Z,52.372,-168.578,33.0,4.8,mb,,,,1.1,us,usp0004eps,2014-11-07T00:47:06.882Z,"65 km SSE of Nikolski, Alaska",earthquake,,,,41.0,reviewed,us,us
1990-09-14T02:52:21.880Z,71.734,-2.679,10.0,4.8,mb,,,,1.1,us,usp0004epv,2014-11-07T00:47:06.893Z,"234 km ENE of Olonkinbyen, Svalbard and Jan Mayen",earthquake,,,,1.0,reviewed,us,us
1990-09-14T07:00:02.690Z,51.457,-164.118,33.0,5.6,mw,,,,0.9,us,usp0004epz,2022-04-28T19:37:43.756Z,south of Alaska,earthquake,,,,,reviewed,us,hrv
1990-09-14T07:37:27.790Z,35.795,23.017,5.0,4.6,mb,,,,1.5,us,usp0004eq0,2014-11-07T00:47:06.941Z,"39 km S of Kýthira, Greece",earthquake,,,,2.0,reviewed,us,us
1990-09-14T09:20:18.910Z,-60.689,-22.794,33.0,6.0,mw,,,,1.1,us,usp0004eq3,2022-04-28T19:37:49.585Z,South Sandwich Islands region,earthquake,,,,,reviewed,us,hrv
1990-09-14T17:43:40.360Z,-20.681,-178.627,540.9,4.5,mb,,,,1.2,us,usp0004eqr,2014-11-07T00:47:06.993Z,Fiji region,earthquake,,27.8,,5.0,reviewed,us,us
1990-09-14T17:59:26.590Z,-22.123,-68.644,108.6,4.6,mb,,,,1.4,us,usp0004eqs,2014-11-07T00:47:06.995Z,"46 km NE of Calama, Chile",earthquake,,,,7.0,reviewed,us,us
1990-09-14T20:27:18.130Z,-21.277,-178.221,579.8,4.5,mb,,,,0.9,us,usp0004eqv,2014-11-07T00:47:07.001Z,Fiji region,earthquake,,22.8,,4.0,reviewed,us,us
1990-09-14T20:40:18.350Z,13.382,51.456,10.0,5.5,mw,,,,1.0,us,usp0004eqw,2022-04-28T19:37:55.694Z,"156 km NNW of Kilmia, Yemen",earthquake,,,,,reviewed,us,hrv
1990-09-15T01:22:37.420Z,24.851,122.075,10.0,4.5,mb,,,,1.1,us,usp0004er2,2014-11-07T00:47:07.036Z,"34 km ENE of Yilan, Taiwan",earthquake,,,,7.0,reviewed,us,us
1990-09-15T02:44:49.270Z,25.246,124.084,132.0,4.7,mb,,,,0.8,us,usp0004er4,2014-11-07T00:47:07.043Z,"100 km N of Ishigaki, Japan",earthquake,,,,25.0,reviewed,us,us
1990-09-15T03:04:55.240Z,-12.073,167.62,356.1,4.6,mb,,,,1.0,us,usp0004er6,2014-11-07T00:47:07.051Z,"199 km N of Sola, Vanuatu",earthquake,,12.9,,8.0,reviewed,us,us
1990-09-15T03:11:16.550Z,-4.421,144.082,113.2,5.3,mb,,,,1.0,us,usp0004er8,2022-04-28T19:38:01.620Z,"39 km S of Angoram, Papua New Guinea",earthquake,,,,27.0,reviewed,us,us
1990-09-15T05:03:59.980Z,42.649,144.382,64.5,4.7,mb,,,,1.1,us,usp0004er9,2014-11-07T00:47:07.064Z,"36 km S of Kushiro, Japan",earthquake,,,,19.0,reviewed,us,us
1990-09-15T07:15:52.350Z,-2.766,139.512,33.0,4.9,mb,,,,1.7,us,usp0004erf,2014-11-07T00:47:07.081Z,"125 km W of Abepura, Indonesia",earthquake,,,,1.0,reviewed,us,us
1990-09-15T08:45:55.000Z,13.764,-90.686,85.9,4.7,mb,,,,1.1,us,usp0004erh,2014-11-07T00:47:07.086Z,"18 km S of Iztapa, Guatemala",earthquake,,5.5,,4.0,reviewed,us,us
1990-09-15T10:59:52.010Z,-25.672,179.749,476.8,4.6,mb,,,,0.9,us,usp0004erm,2014-11-07T00:47:07.094Z,south of the Fiji Islands,earthquake,,10.9,,9.0,reviewed,us,us
1990-09-15T11:12:38.410Z,86.397,71.738,10.0,4.6,mb,,,,1.0,us,usp0004ern,2014-11-07T00:47:07.097Z,north of Severnaya Zemlya,earthquake,,,,10.0,reviewed,us,us
1990-09-15T12:21:43.670Z,-24.455,-117.578,10.0,5.0,mb,,,,1.0,us,usp0004erq,2014-11-07T00:47:07.102Z,southern East Pacific Rise,earthquake,,,,8.0,reviewed,us,us
1990-09-15T12:50:58.590Z,19.205,-69.332,82.7,4.5,mb,,,,1.0,us,usp0004ers,2014-11-07T00:47:07.111Z,"0 km E of Samaná, Dominican Republic",earthquake,,,,6.0,reviewed,us,us
1990-09-15T12:55:19.750Z,41.311,-29.352,10.0,4.5,mb,,,,0.9,us,usp0004ert,2014-11-07T00:47:07.116Z,"255 km NE of Santa Cruz das Flores, Portugal",earthquake,,,,16.0,reviewed,us,us
1990-09-15T13:09:07.180Z,19.214,-69.361,76.9,4.7,mb,,,,1.4,us,usp0004eru,2014-11-07T00:47:07.119Z,"2 km WNW of Samaná, Dominican Republic",earthquake,,,,4.0,reviewed,us,us
1990-09-15T16:28:03.120Z,-7.158,154.493,73.7,4.5,mb,,,,1.6,us,usp0004ery,2014-11-07T00:47:07.131Z,"143 km SW of Panguna, Papua New Guinea",earthquake,,22.6,,2.0,reviewed,us,us
1990-09-15T19:22:52.840Z,-5.205,133.816,30.1,5.3,mw,,,,1.4,us,usp0004es2,2025-12-19T21:00:31.507Z,"126 km ENE of Tual, Indonesia",earthquake,,,,,reviewed,us,hrv
1990-09-15T22:35:13.730Z,21.616,143.0,326.9,4.7,mb,,,,1.1,us,usp0004es8,2014-11-07T00:47:07.157Z,Mariana Islands region,earthquake,,12.0,,15.0,reviewed,us,us
1990-09-15T22:52:04.540Z,-15.101,-173.493,33.0,5.2,mb,,,,0.9,us,usp0004esa,2014-11-07T00:47:07.162Z,"99 km NNE of Hihifo, Tonga",earthquake,,,,15.0,reviewed,us,us
1990-09-15T23:07:42.860Z,64.655,-17.617,10.0,5.6,mw,,,,1.2,us,usp0004esb,2022-04-28T19:38:06.711Z,"116 km S of Akureyri, Iceland",earthquake,,,,,reviewed,us,hrv
1990-09-16T03:04:13.580Z,-0.151,122.867,169.3,4.6,mb,,,,0.6,us,usp0004ese,2014-11-07T00:47:07.199Z,"79 km SSW of Gorontalo, Indonesia",earthquake,,29.0,,2.0,reviewed,us,us
1990-09-16T03:42:16.710Z,-6.161,146.782,104.2,5.5,mw,,,,1.0,us,usp0004esg,2022-04-28T19:38:13.931Z,"66 km NNW of Lae, Papua New Guinea",earthquake,,,,,reviewed,us,hrv
1990-09-16T05:14:31.900Z,-22.924,-66.157,257.0,4.6,mb,,,,1.3,us,usp0004esk,2014-11-07T00:47:07.221Z,"Jujuy, Argentina",earthquake,,,,12.0,reviewed,us,us
1990-09-16T09:42:32.310Z,-5.348,133.72,33.0,4.5,mb,,,,1.4,us,usp0004est,2014-11-07T00:47:07.238Z,"111 km ENE of Tual, Indonesia",earthquake,,,,2.0,reviewed,us,us
1990-09-16T10:54:58.540Z,-7.015,124.913,546.5,5.0,mb,,,,0.8,us,usp0004esx,2014-11-07T00:47:07.245Z,"179 km N of Maubara, Timor Leste",earthquake,,11.8,,5.0,reviewed,us,us
1990-09-16T15:51:16.350Z,42.183,79.328,33.0,4.6,mb,,,,0.4,us,usp0004et3,2014-11-07T00:47:07.258Z,Kyrgyzstan,earthquake,,,,7.0,reviewed,us,us
1990-09-16T15:57:22.880Z,41.832,139.486,193.6,4.5,mb,,,,0.7,us,usp0004et4,2014-11-07T00:47:07.259Z,"96 km W of Kamiiso, Japan",earthquake,,5.1,,31.0,reviewed,us,us
1990-09-16T16:11:18.730Z,41.482,79.51,13.9,4.9,mb,,,,0.8,us,usp0004et6,2014-11-07T00:47:07.268Z,"72 km WNW of Aksu, China",earthquake,,,,29.0,reviewed,us,us
1990-09-17T00:05:24.580Z,-18.336,169.119,41.8,5.1,mb,,,,1.1,us,usp0004etf,2014-11-07T00:47:07.285Z,Vanuatu,earthquake,,17.2,,2.0,reviewed,us,us
1990-09-17T02:09:14.070Z,-18.385,169.383,33.0,5.4,mb,,,,1.3,us,usp0004etk,2014-11-07T00:47:07.294Z,"128 km N of Isangel, Vanuatu",earthquake,,,,1.0,reviewed,us,us
1990-09-17T03:04:24.700Z,30.535,141.003,63.8,4.8,mb,,,,1.1,us,usp0004etm,2014-11-07T00:47:07.298Z,"Izu Islands, Japan region",earthquake,,11.5,,19.0,reviewed,us,us
1990-09-17T04:42:52.200Z,-16.318,-173.801,128.8,4.5,mb,,,,1.4,us,usp0004etn,2014-11-07T00:47:07.303Z,"40 km S of Hihifo, Tonga",earthquake,,,,11.0,reviewed,us,us
1990-09-17T07:03:32.050Z,37.384,48.929,60.7,4.5,mb,,,,1.1,us,usp0004etr,2014-11-07T00:47:07.316Z,"28 km W of Ziabar (Gaskar), Iran",earthquake,,13.7,,18.0,reviewed,us,us
1990-09-17T08:52:56.710Z,9.445,-83.852,33.0,4.8,mb,,,,1.1,us,usp0004etv,2014-11-07T00:47:07.324Z,"19 km WNW of San Isidro, Costa Rica",earthquake,,,,25.0,reviewed,us,us
1990-09-17T09:22:53.340Z,35.961,100.084,16.5,4.8,mb,,,,1.0,us,usp0004etw,2014-11-07T00:47:07.329Z,"167 km WSW of Xining, China",earthquake,,,,19.0,reviewed,us,us
1990-09-17T10:06:29.520Z,-2.435,127.77,33.0,4.7,mb,,,,0.9,us,usp0004ety,2014-11-07T00:47:07.334Z,"146 km NNW of Ambon, Indonesia",earthquake,,,,1.0,reviewed,us,us
1990-09-17T10:19:31.660Z,13.701,146.273,61.6,5.0,mb,,,,1.0,us,usp0004etz,2014-11-07T00:47:07.335Z,"150 km E of Yigo Village, Guam",earthquake,,11.6,,6.0,reviewed,us,us
1990-09-17T11:57:24.110Z,-5.917,103.796,59.0,5.8,mw,,,,1.0,us,usp0004eu2,2022-04-28T19:38:20.079Z,"170 km SW of Kotabumi, Indonesia",earthquake,,,,,reviewed,us,hrv
1990-09-17T13:04:52.670Z,18.293,-68.154,148.2,4.9,mb,,,,1.0,us,usp0004eu4,2014-11-07T00:47:07.385Z,"41 km SE of Punta Cana, Dominican Republic",earthquake,,,,46.0,reviewed,us,us
1990-09-17T13:23:39.080Z,18.846,-62.733,53.8,4.7,mb,,,,1.2,us,usp0004eu6,2014-11-07T00:47:07.396Z,"77 km NNE of The Valley, Anguilla",earthquake,,,,12.0,reviewed,us,us
1990-09-17T13:47:26.640Z,-53.155,159.632,10.0,6.4,mw,,,,1.3,us,usp0004eu7,2022-04-28T19:38:26.659Z,Macquarie Island region,earthquake,,,,,reviewed,us,hrv
1990-09-17T18:41:54.730Z,5.648,124.729,42.1,5.2,mb,,,,0.8,us,usp0004euc,2014-11-07T00:47:07.440Z,"28 km SSW of Katubao, Philippines",earthquake,,11.4,,11.0,reviewed,us,us
1990-09-18T02:47:37.850Z,-4.615,143.611,115.0,4.9,mb,,,,1.0,us,usp0004eum,2014-11-07T00:47:07.456Z,"79 km SW of Angoram, Papua New Guinea",earthquake,,13.1,,4.0,reviewed,us,us
1990-09-18T03:18:39.730Z,51.453,177.899,40.9,5.7,mw,,,,1.1,us,usp0004eun,2022-04-28T19:38:28.298Z,"Rat Islands, Aleutian Islands, Alaska",earthquake,,,,,reviewed,us,hrv
1990-09-18T04:55:42.030Z,-4.061,29.483,10.0,5.0,mb,,,,1.0,us,usp0004eus,2022-04-28T19:38:29.765Z,"10 km SSE of Rumonge, Burundi",earthquake,,,,34.0,reviewed,us,us
1990-09-18T05:37:35.130Z,0.129,123.111,122.7,4.6,mb,,,,0.6,us,usp0004eut,2014-11-07T00:47:07.505Z,"45 km S of Gorontalo, Indonesia",earthquake,,44.7,,2.0,reviewed,us,us
1990-09-18T12:31:03.330Z,0.453,126.101,62.6,4.6,mb,,,,1.0,us,usp0004eux,2014-11-07T00:47:07.510Z,"147 km WSW of Ternate, Indonesia",earthquake,,18.0,,3.0,reviewed,us,us
1990-09-18T13:06:15.340Z,11.546,-61.285,33.0,4.5,ml,,,,0.6,us,usp0004euy,2014-11-07T00:47:07.512Z,"69 km SE of Saint David’s, Grenada",earthquake,,,,,reviewed,us,fdf
1990-09-18T15:48:51.910Z,-6.853,129.015,200.3,5.0,mb,,,,0.9,us,usp0004euz,2014-11-07T00:47:07.514Z,"289 km NE of Lospalos, Timor Leste",earthquake,,11.3,,2.0,reviewed,us,us
1990-09-18T19:06:13.080Z,24.907,122.192,24.9,4.7,mb,,,,1.2,us,usp0004ev2,2014-11-07T00:47:07.522Z,"41 km ESE of Jiufen, Taiwan",earthquake,,11.9,,1.0,reviewed,us,us
1990-09-18T20:58:46.990Z,-8.205,121.854,53.1,4.9,mb,,,,1.3,us,usp0004ev7,2014-11-07T00:47:07.530Z,"60 km NW of Maumere, Indonesia",earthquake,,16.7,,9.0,reviewed,us,us
1990-09-19T00:57:18.770Z,-5.675,146.157,54.9,5.1,mb,,,,1.0,us,usp0004evc,2014-11-07T00:47:07.550Z,"64 km SE of Madang, Papua New Guinea",earthquake,,9.4,,12.0,reviewed,us,us
1990-09-19T04:12:11.020Z,-23.656,179.988,550.0,4.8,mb,,,,0.9,us,usp0004evd,2014-11-07T00:47:07.554Z,south of the Fiji Islands,earthquake,,,,14.0,reviewed,us,us
1990-09-19T17:49:51.330Z,31.002,131.554,47.2,4.7,mb,,,,0.5,us,usp0004evu,2014-11-07T00:47:07.587Z,"60 km ENE of Nishinoomote, Japan",earthquake,,14.2,,7.0,reviewed,us,us
1990-09-19T19:23:24.170Z,-5.873,146.71,217.8,4.8,mb,,,,1.1,us,usp0004evz,2014-11-07T00:47:07.596Z,"99 km NNW of Lae, Papua New Guinea",earthquake,,15.9,,1.0,reviewed,us,us
1990-09-20T02:43:40.670Z,-3.234,138.525,40.9,5.0,mb,,,,1.4,us,usp0004ew8,2014-11-07T00:47:07.608Z,"244 km WSW of Abepura, Indonesia",earthquake,,15.7,,4.0,reviewed,us,us
1990-09-20T02:55:20.320Z,37.381,71.999,107.9,4.8,mb,,,,0.9,us,usp0004ew9,2014-11-07T00:47:07.611Z,"41 km ESE of Khorugh, Tajikistan",earthquake,,20.4,,7.0,reviewed,us,us
1990-09-20T03:20:22.130Z,9.189,-83.794,33.0,4.6,mb,,,,1.6,us,usp0004ewa,2014-11-07T00:47:07.613Z,"21 km SW of Daniel Flores, Costa Rica",earthquake,,,,10.0,reviewed,us,us
1990-09-20T07:36:47.260Z,-16.802,-178.81,319.5,4.9,mb,,,,1.4,us,usp0004ewd,2014-11-07T00:47:07.624Z,"199 km ESE of Labasa, Fiji",earthquake,,43.3,,7.0,reviewed,us,us
1990-09-20T08:16:48.720Z,27.716,-44.084,10.0,4.9,mb,,,,0.9,us,usp0004ewg,2014-11-07T00:47:07.629Z,northern Mid-Atlantic Ridge,earthquake,,,,20.0,reviewed,us,us
1990-09-20T09:45:51.520Z,53.895,-165.668,80.3,4.7,mb,,,,1.4,us,usp0004ewk,2014-11-07T00:47:07.637Z,"27 km SSE of Akutan, Alaska",earthquake,,15.8,,7.0,reviewed,us,us
1990-09-20T12:13:25.410Z,4.208,9.062,10.0,4.7,mb,,,,1.1,us,usp0004ewt,2020-08-29T00:09:09.153Z,"20 km WNW of Buea, Cameroon",earthquake,,,,2.0,reviewed,us,us
1990-09-20T12:22:47.960Z,48.62,155.677,33.0,4.9,mb,,,,1.7,us,usp0004ewu,2014-11-07T00:47:07.650Z,"230 km S of Severo-Kuril’sk, Russia",earthquake,,,,14.0,reviewed,us,us
1990-09-20T17:02:03.050Z,-28.513,-71.888,69.8,4.7,mb,,,,1.2,us,usp0004ewy,2014-11-07T00:47:07.659Z,"110 km W of Vallenar, Chile",earthquake,,17.8,,1.0,reviewed,us,us
1990-09-20T23:13:40.670Z,41.69,-126.946,10.0,5.3,mw,,,,1.0,us,usp0004ex7,2025-12-19T21:00:32.828Z,"221 km WSW of Pistol River, Oregon",earthquake,,,,,reviewed,us,hrv
1990-09-21T03:19:00.370Z,-12.995,165.984,33.0,5.6,mw,,,,1.3,us,usp0004exd,2022-04-28T19:38:35.107Z,"195 km WNW of Sola, Vanuatu",earthquake,,,,,reviewed,us,hrv
1990-09-21T03:48:25.490Z,-10.26,161.16,54.7,5.4,mw,,,,0.9,us,usp0004exf,2025-12-19T21:00:34.126Z,"86 km WNW of Kirakira, Solomon Islands",earthquake,,11.9,,,reviewed,us,hrv
1990-09-21T08:58:00.120Z,-0.637,119.669,77.8,4.7,mb,,,,1.2,us,usp0004exq,2014-11-07T00:47:07.742Z,"37 km NW of Palu, Indonesia",earthquake,,26.5,,2.0,reviewed,us,us
1990-09-21T10:51:07.770Z,-16.509,176.639,33.0,4.7,mb,,,,1.2,us,usp0004exr,2014-11-07T00:47:07.744Z,"149 km NW of Lautoka, Fiji",earthquake,,,,2.0,reviewed,us,us
1990-09-21T12:02:28.530Z,61.849,-148.498,55.5,4.6,mb,,,,0.9,us,usp0004ext,2014-11-07T00:47:07.747Z,"6 km NNW of Chickaloon, Alaska",earthquake,,2.5,,22.0,reviewed,us,us
1990-09-21T14:51:52.060Z,-6.282,103.436,33.0,4.9,mb,,,,1.4,us,usp0004exx,2014-11-07T00:47:07.761Z,"223 km WSW of Bandar Lampung, Indonesia",earthquake,,,,4.0,reviewed,us,us
1990-09-21T16:08:20.750Z,29.741,79.791,33.0,5.1,mb,,,,1.0,us,usp0004exz,2022-04-28T19:38:36.933Z,"10 km S of B?geshwar, India",earthquake,,,,33.0,reviewed,us,us
1990-09-21T20:13:16.280Z,13.291,123.816,33.0,4.8,mb,,,,0.9,us,usp0004ey3,2014-11-07T00:47:07.787Z,"2 km E of Bacacay, Philippines",earthquake,,,,10.0,reviewed,us,us
1990-09-22T00:00:09.210Z,-21.695,169.671,49.8,4.8,mb,,,,1.0,us,usp0004ey8,2014-11-07T00:47:07.796Z,"186 km E of Tadine, New Caledonia",earthquake,,12.0,,2.0,reviewed,us,us
1990-09-22T02:00:16.530Z,-4.507,149.388,72.3,4.7,mb,,,,1.4,us,usp0004eyb,2014-11-07T00:47:07.802Z,"142 km NW of Kimbe, Papua New Guinea",earthquake,,17.2,,5.0,reviewed,us,us
1990-09-22T05:47:47.410Z,17.0,121.108,33.0,4.7,mb,,,,1.1,us,usp0004eyg,2014-11-07T00:47:07.812Z,"4 km S of Barlig, Philippines",earthquake,,,,3.0,reviewed,us,us
1990-09-22T07:13:01.420Z,-6.223,124.287,35.5,5.2,mb,,,,1.1,us,usp0004eyh,2014-11-07T00:47:07.813Z,"242 km SE of Katabu, Indonesia",earthquake,,11.0,,13.0,reviewed,us,us
1990-09-22T08:52:36.900Z,50.008,-178.051,25.5,4.7,mb,,,,0.9,us,usp0004eym,2014-11-07T00:47:07.822Z,"230 km SSW of Adak, Alaska",earthquake,,,,12.0,reviewed,us,us
1990-09-22T15:55:04.700Z,-5.151,152.126,92.2,4.7,mb,,,,0.6,us,usp0004eyu,2014-11-07T00:47:07.835Z,"90 km S of Kokopo, Papua New Guinea",earthquake,,17.3,,1.0,reviewed,us,us
1990-09-22T18:21:49.880Z,13.414,144.064,133.0,4.6,mb,,,,0.6,us,usp0004eyv,2014-11-07T00:47:07.836Z,"64 km W of Agat Village, Guam",earthquake,,22.8,,3.0,reviewed,us,us
1990-09-22T20:53:57.580Z,15.469,119.327,33.0,5.6,mw,,,,1.4,us,usp0004eyz,2022-04-28T19:38:38.580Z,"62 km W of Palauig, Philippines",earthquake,,,,,reviewed,us,hrv
1990-09-22T22:57:16.370Z,15.428,119.212,33.0,4.5,mb,,,,1.2,us,usp0004ez3,2014-11-07T00:47:07.856Z,"74 km W of Palauig, Philippines",earthquake,,,,1.0,reviewed,us,us
1990-09-22T23:28:27.320Z,35.919,141.897,12.6,4.7,mb,,,,0.9,us,usp0004ez4,2014-11-07T00:47:07.858Z,"98 km ENE of Hasaki, Japan",earthquake,,4.2,,6.0,reviewed,us,us
1990-09-23T00:01:12.740Z,53.295,159.189,33.0,4.6,mb,,,,1.0,us,usp0004ez5,2014-11-07T00:47:07.861Z,"45 km NE of Petropavlovsk-Kamchatsky, Russia",earthquake,,,,14.0,reviewed,us,us
1990-09-23T06:43:36.570Z,13.045,49.874,10.0,4.9,mb,,,,1.0,us,usp0004ezc,2014-11-07T00:47:07.873Z,"153 km NW of Caluula, Somalia",earthquake,,,,4.0,reviewed,us,us
1990-09-23T06:50:33.090Z,-14.989,-173.632,33.0,6.0,mw,,,,1.3,us,usp0004ezd,2022-04-28T19:38:40.201Z,"108 km N of Hihifo, Tonga",earthquake,,,,,reviewed,us,hrv
1990-09-23T08:26:39.530Z,16.379,121.037,33.0,5.1,mb,,,,1.4,us,usp0004ezh,2014-11-07T00:47:07.902Z,"2 km ENE of Salinas, Philippines",earthquake,,,,9.0,reviewed,us,us
1990-09-23T08:29:45.460Z,-14.275,-173.861,33.0,5.2,mb,,,,1.0,us,usp0004ezj,2014-11-07T00:47:07.905Z,"156 km WSW of Asau, Samoa",earthquake,,,,1.0,reviewed,us,us
1990-09-23T10:06:02.080Z,39.444,143.005,53.0,4.5,mb,,,,0.8,us,usp0004ezk,2014-11-07T00:47:07.907Z,"90 km E of Yamada, Japan",earthquake,,10.5,,11.0,reviewed,us,us
1990-09-23T11:01:32.600Z,-15.911,-72.791,116.5,4.7,mb,,,,1.1,us,usp0004ezm,2014-11-07T00:47:07.911Z,"14 km SSE of Andaray, Peru",earthquake,,10.7,,10.0,reviewed,us,us
1990-09-23T17:45:43.530Z,-55.945,-27.068,33.0,5.4,mb,,,,1.0,us,usp0004ezu,2014-11-07T00:47:07.924Z,South Sandwich Islands region,earthquake,,,,11.0,reviewed,us,us
1990-09-23T17:54:02.960Z,-17.732,167.612,10.0,6.4,mw,,,,1.3,us,usp0004ezv,2022-04-28T19:38:41.573Z,"74 km W of Port-Vila, Vanuatu",earthquake,,,,,reviewed,us,hrv
1990-09-23T20:33:49.730Z,-6.726,130.373,33.0,6.5,ms,,,,1.1,us,usp0004ezz,2014-11-07T00:47:07.959Z,"289 km WSW of Tual, Indonesia",earthquake,,,,1.0,reviewed,us,us
1990-09-23T21:13:07.460Z,33.267,138.643,10.0,6.5,mw,,,,1.3,us,usp0004f00,2022-04-28T19:38:43.112Z,"153 km SSE of ?yama, Japan",earthquake,,,,,reviewed,us,nc
1990-09-23T22:09:04.270Z,33.189,138.685,10.0,6.2,ms,,,,1.1,us,usp0004f02,2022-04-28T19:38:45.529Z,"162 km SSE of ?yama, Japan",earthquake,,,,7.0,reviewed,us,us
1990-09-23T22:09:11.530Z,-16.431,168.113,33.0,4.7,mb,,,,1.3,us,usp0004f03,2014-11-07T00:47:08.017Z,"82 km ESE of Lakatoro, Vanuatu",earthquake,,,,3.0,reviewed,us,us
1990-09-23T22:52:37.650Z,-17.834,167.678,28.1,4.9,mb,,,,1.2,us,usp0004f04,2014-11-07T00:47:08.023Z,"68 km W of Port-Vila, Vanuatu",earthquake,,10.9,,9.0,reviewed,us,us
1990-09-23T23:14:38.170Z,-17.64,167.675,33.0,4.8,mb,,,,1.3,us,usp0004f06,2014-11-07T00:47:08.032Z,"68 km W of Port-Vila, Vanuatu",earthquake,,,,3.0,reviewed,us,us
1990-09-24T00:47:58.400Z,-17.619,167.732,31.5,4.8,mb,,,,1.2,us,usp0004f08,2014-11-07T00:47:08.036Z,"63 km WNW of Port-Vila, Vanuatu",earthquake,,16.2,,5.0,reviewed,us,us
1990-09-24T00:59:21.860Z,35.66,140.597,71.4,4.5,mb,,,,0.6,us,usp0004f09,2014-11-07T00:47:08.040Z,"6 km SE of Y?kaichiba, Japan",earthquake,,6.5,,5.0,reviewed,us,us
1990-09-24T01:00:38.720Z,-17.732,167.598,33.0,4.8,mb,,,,1.4,us,usp0004f0a,2014-11-07T00:47:08.043Z,"75 km W of Port-Vila, Vanuatu",earthquake,,,,5.0,reviewed,us,us
1990-09-24T01:26:17.260Z,-58.82,-23.438,33.0,5.0,mb,,,,1.0,us,usp0004f0b,2014-11-07T00:47:08.047Z,South Sandwich Islands region,earthquake,,,,4.0,reviewed,us,us
1990-09-24T01:44:20.250Z,-17.609,167.696,20.7,5.1,mb,,,,1.1,us,usp0004f0d,2014-11-07T00:47:08.051Z,"67 km WNW of Port-Vila, Vanuatu",earthquake,,11.4,,4.0,reviewed,us,us
1990-09-24T01:58:01.920Z,-17.59,167.833,25.7,5.9,mw,,,,1.3,us,usp0004f0e,2022-04-28T19:38:51.210Z,"53 km WNW of Port-Vila, Vanuatu",earthquake,,9.4,,,reviewed,us,hrv
1990-09-24T03:03:39.510Z,-17.916,167.661,33.0,4.6,mb,,,,1.6,us,usp0004f0h,2014-11-07T00:47:08.077Z,"71 km WSW of Port-Vila, Vanuatu",earthquake,,,,3.0,reviewed,us,us
1990-09-24T03:46:23.430Z,-17.65,167.87,33.0,4.6,mb,,,,1.3,us,usp0004f0k,2014-11-07T00:47:08.082Z,"48 km WNW of Port-Vila, Vanuatu",earthquake,,,,4.0,reviewed,us,us
1990-09-24T04:16:12.820Z,-18.088,167.619,33.0,4.7,mb,,,,1.3,us,usp0004f0p,2014-11-07T00:47:08.090Z,"83 km WSW of Port-Vila, Vanuatu",earthquake,,,,4.0,reviewed,us,us
1990-09-24T05:03:56.270Z,-3.578,127.191,33.0,5.3,mb,,,,0.6,us,usp0004f0q,2014-11-07T00:47:08.094Z,"111 km W of Ambon, Indonesia",earthquake,,,,4.0,reviewed,us,us
1990-09-24T06:35:13.930Z,38.253,47.951,10.0,4.6,mb,,,,1.4,us,usp0004f0r,2014-11-07T00:47:08.095Z,"17 km WSW of Om?dcheh, Iran",earthquake,,,,7.0,reviewed,us,us
1990-09-24T07:04:12.010Z,2.432,128.576,231.5,4.9,mb,,,,1.1,us,usp0004f0t,2014-11-07T00:47:08.099Z,"100 km NE of Tobelo, Indonesia",earthquake,,10.8,,11.0,reviewed,us,us
1990-09-24T15:33:15.610Z,-10.618,-73.444,135.3,4.8,mb,,,,0.9,us,usp0004f10,2014-11-07T00:47:08.114Z,"111 km ENE of Puerto Ocopa, Peru",earthquake,,,,25.0,reviewed,us,us
1990-09-24T19:51:51.200Z,28.283,56.918,33.0,4.7,mb,,,,0.9,us,usp0004f16,2014-11-07T00:47:08.132Z,"110 km S of K?h Sef?d, Iran",earthquake,,,,21.0,reviewed,us,us
1990-09-24T21:37:59.220Z,-36.288,-97.53,10.0,5.0,ms,,,,1.6,us,usp0004f17,2014-11-07T00:47:08.135Z,West Chile Rise,earthquake,,,,1.0,reviewed,us,us
1990-09-24T21:39:38.870Z,-17.645,167.647,10.0,4.7,mb,,,,1.5,us,usp0004f18,2014-11-07T00:47:08.137Z,"71 km W of Port-Vila, Vanuatu",earthquake,,,,2.0,reviewed,us,us
1990-09-24T23:55:51.140Z,15.393,119.605,47.9,5.0,mb,,,,0.9,us,usp0004f1b,2014-11-07T00:47:08.147Z,"32 km W of Palauig, Philippines",earthquake,,12.1,,14.0,reviewed,us,us
1990-09-25T02:36:27.300Z,-7.615,119.463,284.0,5.0,mb,,,,1.2,us,usp0004f1e,2014-11-07T00:47:08.153Z,"107 km N of Komodo, Indonesia",earthquake,,24.6,,4.0,reviewed,us,us
1990-09-25T05:51:10.340Z,-27.593,-178.888,371.4,4.9,mb,,,,1.1,us,usp0004f1k,2014-11-07T00:47:08.169Z,Kermadec Islands region,earthquake,,,,26.0,reviewed,us,us
1990-09-25T07:24:35.290Z,33.298,138.539,6.7,4.5,mb,,,,1.1,us,usp0004f1p,2014-11-07T00:47:08.193Z,"147 km SSE of ?yama, Japan",earthquake,,5.0,,6.0,reviewed,us,us
1990-09-25T09:57:17.280Z,-0.527,125.64,33.0,4.8,mb,,,,1.2,us,usp0004f1w,2014-11-07T00:47:08.205Z,"218 km SSE of Tondano, Indonesia",earthquake,,,,5.0,reviewed,us,us
1990-09-25T12:12:15.300Z,36.79,49.855,10.0,4.8,mb,,,,1.4,us,usp0004f1z,2014-11-07T00:47:08.213Z,"39 km E of P?deg?n-e Manj?l, Iran",earthquake,,,,34.0,reviewed,us,us
1990-09-25T12:16:26.280Z,-17.963,167.747,26.4,4.9,mb,,,,0.9,us,usp0004f20,2014-11-07T00:47:08.229Z,"65 km WSW of Port-Vila, Vanuatu",earthquake,,8.1,,5.0,reviewed,us,us
1990-09-25T16:23:04.010Z,3.727,128.773,33.0,4.5,mb,,,,0.4,us,usp0004f25,2014-11-07T00:47:08.241Z,"236 km NNE of Tobelo, Indonesia",earthquake,,,,3.0,reviewed,us,us
1990-09-25T20:56:34.610Z,-13.709,165.749,33.0,4.9,mb,,,,1.1,us,usp0004f2a,2014-11-07T00:47:08.248Z,"195 km W of Sola, Vanuatu",earthquake,,,,3.0,reviewed,us,us
1990-09-26T04:14:09.910Z,40.4213333,-125.4911667,6.332,4.7,ml,49.0,268.0,0.8838,0.14,nc,nc20092326,2016-12-17T17:37:21.635Z,"105 km W of Ferndale, California",earthquake,2.57,14.19,,0.0,reviewed,nc,nc
1990-09-26T04:37:02.070Z,6.414,93.978,80.3,4.8,mb,,,,1.1,us,usp0004f2m,2014-11-07T00:47:08.278Z,"159 km WNW of Sabang, Indonesia",earthquake,,13.5,,4.0,reviewed,us,us
1990-09-26T07:44:31.430Z,-6.278,124.294,33.0,5.2,mb,,,,0.9,us,usp0004f2p,2014-11-07T00:47:08.283Z,"246 km SE of Katabu, Indonesia",earthquake,,,,8.0,reviewed,us,us
1990-09-26T12:47:14.660Z,-5.456,102.271,46.3,5.3,mb,,,,1.0,us,usp0004f2u,2014-11-07T00:47:08.294Z,"183 km S of Bengkulu, Indonesia",earthquake,,30.4,,3.0,reviewed,us,us
1990-09-26T13:18:51.710Z,37.152,-89.613,1.0,4.8,md,,,,,nm,nm603773,2020-07-10T14:26:37.070Z,"4 km SE of Chaffee, Missouri",earthquake,,,,,reviewed,nm,nm
1990-09-26T13:24:18.920Z,-3.989,102.385,58.6,5.0,mw,,,,1.0,us,usp0004f2w,2025-12-19T21:00:35.433Z,"24 km SSE of Bengkulu, Indonesia",earthquake,,,,,reviewed,us,hrv
1990-09-26T13:42:19.190Z,-33.655,-70.601,83.5,4.7,mb,,,,0.4,us,usp0004f2y,2014-11-07T00:47:08.318Z,"5 km SSW of Puente Alto, Chile",earthquake,,9.0,,1.0,reviewed,us,us
1990-09-26T15:32:40.260Z,29.147,60.906,33.0,5.6,mw,,,,1.1,us,usp0004f2z,2022-04-28T19:38:52.803Z,"38 km S of Zahedan, Iran",earthquake,,,,,reviewed,us,hrv
1990-09-26T15:40:42.430Z,-36.19,-100.795,10.0,5.6,mw,,,,1.4,us,usp0004f30,2022-04-28T19:38:54.430Z,southeast of Easter Island,earthquake,,,,,reviewed,us,hrv
1990-09-26T18:54:51.260Z,-10.497,124.407,52.3,4.8,mb,,,,1.1,us,usp0004f36,2014-11-07T00:47:08.350Z,"71 km S of Soe, Indonesia",earthquake,,22.3,,6.0,reviewed,us,us
1990-09-26T19:54:37.660Z,-16.166,-172.887,33.0,5.0,mb,,,,1.1,us,usp0004f37,2014-11-07T00:47:08.352Z,"100 km ESE of Hihifo, Tonga",earthquake,,,,11.0,reviewed,us,us
1990-09-26T20:10:41.930Z,-14.736,-173.372,33.0,5.0,mb,,,,0.9,us,usp0004f38,2014-11-07T00:47:08.358Z,"142 km NNE of Hihifo, Tonga",earthquake,,,,9.0,reviewed,us,us
1990-09-26T20:16:24.230Z,26.804,57.453,33.0,4.6,mb,,,,1.0,us,usp0004f39,2014-11-07T00:47:08.364Z,"51 km SE of M?n?b, Iran",earthquake,,,,8.0,reviewed,us,us
1990-09-26T23:08:23.960Z,-28.014,26.727,5.0,5.0,mw,,,,0.9,us,usp0004f3f,2022-04-28T19:38:55.914Z,"4 km S of Welkom, South Africa",earthquake,,,,,reviewed,us,hrv
1990-09-27T00:54:26.070Z,58.457,-142.699,10.0,4.5,mb,,,,,us,usp0004f3j,2020-09-14T18:36:19.920Z,"209 km SW of Yakutat, Alaska",earthquake,,,,2.0,reviewed,ags,us
1990-09-27T06:22:59.420Z,15.457,146.451,33.0,4.7,mb,,,,1.0,us,usp0004f3v,2014-11-07T00:47:08.417Z,"79 km ENE of Saipan, Northern Mariana Islands",earthquake,,,,4.0,reviewed,us,us
1990-09-27T06:26:26.440Z,-42.611,83.842,10.0,5.1,mb,,,,1.4,us,usp0004f3w,2014-11-07T00:47:08.419Z,Mid-Indian Ridge,earthquake,,,,8.0,reviewed,us,us
1990-09-27T12:34:52.970Z,28.975,60.76,33.0,4.8,mb,,,,1.2,us,usp0004f41,2014-11-07T00:47:08.427Z,"58 km S of Zahedan, Iran",earthquake,,,,17.0,reviewed,us,us
1990-09-27T15:38:56.070Z,7.335,126.869,54.6,4.8,mb,,,,1.1,us,usp0004f4a,2014-11-07T00:47:08.443Z,"33 km E of Santiago, Philippines",earthquake,,17.1,,6.0,reviewed,us,us
1990-09-27T16:50:05.950Z,-6.214,154.088,63.1,5.2,mb,,,,0.9,us,usp0004f4d,2014-11-07T00:47:08.450Z,"154 km W of Panguna, Papua New Guinea",earthquake,,10.5,,10.0,reviewed,us,us
1990-09-27T20:30:39.900Z,-27.613,-70.69,110.3,4.6,mb,,,,1.3,us,usp0004f4h,2014-11-07T00:47:08.457Z,"44 km SW of Copiapó, Chile",earthquake,,14.0,,2.0,reviewed,us,us
1990-09-27T21:07:38.420Z,51.689,176.307,34.4,5.3,mw,,,,1.0,us,usp0004f4k,2025-12-19T21:00:36.745Z,"Rat Islands, Aleutian Islands, Alaska",earthquake,,,,,reviewed,us,hrv
1990-09-27T21:12:32.570Z,47.903,84.961,33.4,5.0,mb,,,,0.9,us,usp0004f4n,2022-04-28T19:38:57.261Z,"48 km N of Zaysan, Kazakhstan",earthquake,,,,36.0,reviewed,us,us
1990-09-28T03:51:00.050Z,-2.559,118.992,33.0,4.8,mb,,,,0.8,us,usp0004f4s,2014-11-07T00:47:08.501Z,"17 km NE of Mamuju, Indonesia",earthquake,,,,4.0,reviewed,us,us
1990-09-28T05:56:58.450Z,-28.92,-176.291,15.9,4.9,mb,,,,1.2,us,usp0004f4w,2014-11-07T00:47:08.509Z,Kermadec Islands region,earthquake,,,,7.0,reviewed,us,us
1990-09-28T07:46:13.690Z,-25.267,179.518,532.1,5.3,mb,,,,1.2,us,usp0004f4x,2014-11-07T00:47:08.512Z,south of the Fiji Islands,earthquake,,34.1,,1.0,reviewed,us,us
1990-09-28T11:57:50.310Z,-20.511,-178.077,617.7,4.6,mb,,,,1.5,us,usp0004f4z,2014-11-07T00:47:08.516Z,Fiji region,earthquake,,26.2,,3.0,reviewed,us,us
1990-09-28T12:33:34.930Z,-16.692,178.16,33.0,5.3,mb,,,,1.6,us,usp0004f50,2014-11-07T00:47:08.518Z,"106 km NNE of Ba, Fiji",earthquake,,,,2.0,reviewed,us,us
1990-09-28T14:17:10.230Z,-26.348,-66.602,225.3,4.8,mb,,,,1.1,us,usp0004f52,2014-11-07T00:47:08.522Z,"69 km WSW of Cafayate, Argentina",earthquake,,11.4,,2.0,reviewed,us,us
1990-09-28T16:50:59.290Z,-41.243,85.491,10.0,5.2,mw,,,,1.1,us,usp0004f56,2025-12-19T21:00:38.059Z,southeast Indian Ridge,earthquake,,,,,reviewed,us,hrv
1990-09-28T19:44:47.120Z,-13.559,167.079,176.0,6.7,mw,,,,1.1,us,usp0004f5b,2022-04-28T19:38:58.755Z,"62 km NW of Sola, Vanuatu",earthquake,,,,,reviewed,us,nc
1990-09-28T20:43:40.870Z,51.284,-176.76,33.0,5.0,mb,,,,0.9,us,usp0004f5c,2014-11-07T00:47:08.637Z,"66 km S of Adak, Alaska",earthquake,,,,15.0,reviewed,us,us
1990-09-28T22:57:13.920Z,34.942,134.256,25.7,4.9,mb,,,,1.0,us,usp0004f5e,2014-11-07T00:47:08.645Z,"24 km NNW of Kariya, Japan",earthquake,,3.4,,15.0,reviewed,us,us
1990-09-29T01:23:44.660Z,5.092,31.973,10.0,4.5,mb,,,,1.1,us,usp0004f5h,2020-08-29T00:11:20.014Z,"50 km ENE of Juba, South Sudan",earthquake,,,,15.0,reviewed,us,us
1990-09-29T03:33:15.740Z,28.894,60.97,33.0,4.7,mb,,,,0.9,us,usp0004f5m,2014-11-07T00:47:08.672Z,"67 km S of Zahedan, Iran",earthquake,,,,6.0,reviewed,us,us
1990-09-29T10:22:26.840Z,-6.911,143.703,33.0,4.8,mb,,,,1.3,us,usp0004f5u,2014-11-07T00:47:08.690Z,"76 km SSW of Ialibu, Papua New Guinea",earthquake,,,,2.0,reviewed,us,us
1990-09-29T11:16:10.920Z,-8.701,122.385,33.0,5.0,mb,,,,1.2,us,usp0004f5v,2014-11-07T00:47:08.692Z,"21 km ESE of Maumere, Indonesia",earthquake,,,,13.0,reviewed,us,us
1990-09-29T12:01:55.430Z,-33.394,77.58,10.0,5.2,mw,,,,1.2,us,usp0004f5x,2025-12-19T21:00:39.400Z,Mid-Indian Ridge,earthquake,,,,,reviewed,us,hrv
1990-09-29T12:32:33.380Z,-5.579,141.876,21.9,5.0,mb,,,,1.1,us,usp0004f5z,2014-11-07T00:47:08.702Z,"88 km NE of Kiunga, Papua New Guinea",earthquake,,,,16.0,reviewed,us,us
1990-09-29T12:58:54.010Z,37.768,72.488,91.8,4.8,mb,,,,0.9,us,usp0004f60,2014-11-07T00:47:08.710Z,"88 km ENE of Khorugh, Tajikistan",earthquake,,20.6,,20.0,reviewed,us,us
1990-09-29T13:08:25.250Z,47.36,153.201,33.0,4.6,mb,,,,0.8,us,usp0004f61,2014-11-07T00:47:08.713Z,Kuril Islands,earthquake,,,,15.0,reviewed,us,us
1990-09-29T16:11:30.470Z,51.426,-178.266,57.0,5.1,mb,,,,0.8,us,usp0004f66,2014-11-07T00:47:08.725Z,"123 km WSW of Adak, Alaska",earthquake,,6.2,,59.0,reviewed,us,us
1990-09-29T17:53:09.400Z,28.896,60.849,33.0,4.8,mb,,,,1.2,us,usp0004f68,2014-11-07T00:47:08.740Z,"66 km S of Zahedan, Iran",earthquake,,,,6.0,reviewed,us,us
1990-09-29T18:39:33.110Z,12.18,142.465,33.0,5.0,mb,,,,0.8,us,usp0004f69,2014-11-07T00:47:08.744Z,"267 km WSW of Merizo Village, Guam",earthquake,,,,3.0,reviewed,us,us
1990-09-29T21:39:43.710Z,13.1,145.232,52.7,5.4,mw,,,,1.2,us,usp0004f6e,2025-12-19T21:00:40.636Z,"55 km ESE of Inarajan Village, Guam",earthquake,,6.7,,,reviewed,us,hrv
1990-09-29T23:10:33.960Z,-20.788,-68.287,102.4,5.0,mb,,,,1.0,us,usp0004f6g,2014-11-07T00:47:08.775Z,"151 km WSW of Colchani, Bolivia",earthquake,,11.9,,3.0,reviewed,us,us
1990-09-30T03:15:03.050Z,13.038,145.39,49.4,5.6,mw,,,,1.1,us,usp0004f6n,2022-04-28T19:39:00.472Z,"74 km ESE of Inarajan Village, Guam",earthquake,,6.8,,,reviewed,us,hrv
1990-09-30T06:13:17.570Z,13.088,145.277,56.4,5.5,mw,,,,1.1,us,usp0004f6s,2022-04-28T19:39:01.830Z,"60 km ESE of Inarajan Village, Guam",earthquake,,5.0,,,reviewed,us,hrv
1990-09-30T06:24:03.940Z,29.028,60.855,33.0,4.9,mb,,,,0.9,us,usp0004f6t,2014-11-07T00:47:08.817Z,"51 km S of Zahedan, Iran",earthquake,,,,24.0,reviewed,us,us
1990-09-30T06:49:22.790Z,52.705,160.57,33.0,5.5,ms,,,,1.1,us,usp0004f6u,2014-11-07T00:47:08.825Z,"134 km ESE of Petropavlovsk-Kamchatsky, Russia",earthquake,,,,1.0,reviewed,us,us
1990-09-30T07:14:44.830Z,28.451,131.72,33.0,4.8,mb,,,,1.5,us,usp0004f6v,2014-11-07T00:47:08.835Z,"219 km E of Naze, Japan",earthquake,,,,5.0,reviewed,us,us
1990-09-30T07:48:57.910Z,52.78,160.647,33.0,4.7,mb,,,,0.9,us,usp0004f6w,2014-11-07T00:47:08.837Z,"137 km ESE of Petropavlovsk-Kamchatsky, Russia",earthquake,,,,16.0,reviewed,us,us
1990-09-30T09:13:15.950Z,41.781,-126.907,10.0,5.0,mw,,,,0.9,us,usp0004f6y,2025-12-19T21:00:41.812Z,"215 km WSW of Pistol River, Oregon",earthquake,,,,,reviewed,us,hrv
1990-09-30T11:21:38.030Z,-23.572,-179.367,578.0,5.0,mb,,,,0.5,us,usp0004f73,2014-11-07T00:47:08.912Z,south of the Fiji Islands,earthquake,,11.7,,3.0,reviewed,us,us
1990-09-30T12:45:24.870Z,12.964,145.38,55.7,4.6,mb,,,,0.9,us,usp0004f75,2014-11-07T00:47:08.995Z,"76 km ESE of Inarajan Village, Guam",earthquake,,13.0,,5.0,reviewed,us,us
1990-09-30T13:08:39.180Z,-30.762,-71.501,69.6,4.9,mb,,,,1.2,us,usp0004f76,2014-11-07T00:47:09.004Z,"Near the coast of Coquimbo, Chile",earthquake,,9.2,,12.0,reviewed,us,us
1990-09-30T14:21:38.350Z,-6.68,147.547,61.5,5.0,mb,,,,0.6,us,usp0004f78,2014-11-07T00:47:09.013Z,"36 km WSW of Finschhafen, Papua New Guinea",earthquake,,7.5,,3.0,reviewed,us,us
1990-09-30T19:05:02.460Z,24.248,125.215,35.0,6.1,mw,,,,1.0,us,usp0004f7e,2022-04-28T19:39:03.254Z,"62 km S of Hirara, Japan",earthquake,,,,,reviewed,us,hrv
1990-09-30T21:23:00.890Z,38.795,70.829,33.0,5.0,mb,,,,1.0,us,usp0004f7j,2022-04-28T19:39:04.671Z,"47 km ESE of Rasht, Tajikistan",earthquake,,,,50.0,reviewed,us,us
1990-09-30T22:08:44.060Z,16.087,120.512,36.6,4.9,mb,,,,0.9,us,usp0004f7n,2014-11-07T00:47:09.379Z,"0 km W of Dilan, Philippines",earthquake,,8.5,,14.0,reviewed,us,us
1990-10-01T06:59:07.250Z,52.602,160.724,22.5,4.9,mb,,,,1.1,us,usp0004f7y,2014-11-07T00:47:10.778Z,"148 km ESE of Petropavlovsk-Kamchatsky, Russia",earthquake,,,,42.0,reviewed,us,us
1990-10-01T09:12:16.420Z,52.876,160.413,33.0,4.6,mb,,,,0.7,us,usp0004f81,2014-11-07T00:47:11.024Z,"119 km E of Petropavlovsk-Kamchatsky, Russia",earthquake,,,,5.0,reviewed,us,us
1990-10-01T11:50:56.050Z,-7.072,106.494,53.5,4.7,mb,,,,1.3,us,usp0004f89,2014-11-07T00:47:11.326Z,"11 km SW of Pelabuhanratu, Indonesia",earthquake,,,,7.0,reviewed,us,us
1990-10-01T12:49:58.720Z,14.543,124.232,33.0,4.6,mb,,,,0.7,us,usp0004f8a,2014-11-07T00:47:11.368Z,"55 km N of Pandan, Philippines",earthquake,,,,4.0,reviewed,us,us
1990-10-01T13:44:54.600Z,14.561,124.062,33.0,4.9,mb,,,,0.9,us,usp0004f8b,2014-11-07T00:47:11.407Z,"58 km NNW of Pandan, Philippines",earthquake,,,,14.0,reviewed,us,us
1990-10-01T14:16:48.550Z,13.096,145.297,57.4,4.6,mb,,,,1.0,us,usp0004f8c,2014-11-07T00:47:11.490Z,"62 km ESE of Inarajan Village, Guam",earthquake,,7.5,,9.0,reviewed,us,us
1990-10-01T14:44:13.540Z,-30.831,-177.6,33.0,5.1,mb,,,,1.3,us,usp0004f8d,2014-11-07T00:47:11.533Z,"Kermadec Islands, New Zealand",earthquake,,,,7.0,reviewed,us,us
1990-10-01T16:36:40.150Z,-20.506,-171.524,33.0,5.0,mb,,,,1.0,us,usp0004f8h,2014-11-07T00:47:11.754Z,Tonga region,earthquake,,,,4.0,reviewed,us,us
1990-10-01T18:35:31.900Z,18.229,-65.932,166.9,4.7,mb,,,,0.7,us,usp0004f8n,2014-11-07T00:47:11.914Z,"1 km W of Juncos, Puerto Rico",earthquake,,,,45.0,reviewed,us,us
1990-10-01T20:42:38.240Z,30.264,49.942,33.0,4.9,mb,,,,1.5,us,usp0004f8q,2014-11-07T00:47:11.984Z,"46 km SW of Behbah?n, Iran",earthquake,,,,2.0,reviewed,us,us
1990-10-01T21:45:31.020Z,-17.778,167.603,5.0,4.9,ms,,,,1.1,us,usp0004f8r,2014-11-07T00:47:11.993Z,"75 km W of Port-Vila, Vanuatu",earthquake,,,,8.0,reviewed,us,us
1990-10-02T04:08:53.790Z,-17.71,167.768,33.0,4.8,mb,,,,1.0,us,usp0004f90,2014-11-07T00:47:12.157Z,"57 km W of Port-Vila, Vanuatu",earthquake,,,,3.0,reviewed,us,us
1990-10-02T07:48:27.970Z,-17.634,167.831,26.3,5.3,mw,,,,1.0,us,usp0004f94,2022-04-28T19:34:20.169Z,"52 km WNW of Port-Vila, Vanuatu",earthquake,,6.0,,,reviewed,us,hrv
1990-10-02T08:08:26.370Z,-17.617,167.799,19.8,5.9,mw,,,,1.1,us,usp0004f95,2022-04-28T19:34:21.714Z,"56 km WNW of Port-Vila, Vanuatu",earthquake,,7.1,,,reviewed,us,hrv
1990-10-02T08:57:46.950Z,-17.588,167.792,26.1,4.8,mb,,,,1.2,us,usp0004f98,2014-11-07T00:47:12.501Z,"57 km WNW of Port-Vila, Vanuatu",earthquake,,12.6,,6.0,reviewed,us,us
1990-10-02T12:38:58.980Z,32.53,94.027,32.5,5.0,mb,,,,1.2,us,usp0004f9e,2022-04-28T19:34:28.135Z,"219 km ENE of Nagqu, China",earthquake,,8.2,,42.0,reviewed,us,us
1990-10-02T13:19:28.960Z,-17.596,167.579,33.0,4.6,mb,,,,1.1,us,usp0004f9g,2014-11-07T00:47:12.588Z,"79 km WNW of Port-Vila, Vanuatu",earthquake,,,,3.0,reviewed,us,us
1990-10-02T13:27:06.160Z,3.734,95.793,59.9,5.0,mb,,,,1.1,us,usp0004f9h,2014-11-07T00:47:12.596Z,"58 km SW of Meulaboh, Indonesia",earthquake,,,,9.0,reviewed,us,us
1990-10-02T13:43:44.610Z,-17.052,-174.338,33.0,5.0,mb,,,,1.0,us,usp0004f9k,2014-11-07T00:47:12.616Z,"134 km SSW of Hihifo, Tonga",earthquake,,,,8.0,reviewed,us,us
1990-10-02T14:45:30.540Z,47.465,89.607,33.0,4.8,mb,,,,1.1,us,usp0004f9n,2022-04-28T19:34:33.725Z,"118 km ESE of Altay, China",earthquake,,,,16.0,reviewed,us,us
1990-10-02T15:00:52.110Z,24.17,64.679,10.0,4.6,mb,,,,1.3,us,usp0004f9q,2014-11-07T00:47:12.654Z,"115 km S of Ormara, Pakistan",earthquake,,,,7.0,reviewed,us,us
1990-10-02T15:06:44.610Z,-24.036,-174.646,9.3,5.8,mw,,,,0.9,us,usp0004f9s,2022-04-28T19:34:39.662Z,south of Tonga,earthquake,,,,,reviewed,us,hrv
1990-10-02T16:11:48.390Z,-54.405,-119.54,10.0,5.1,ms,,,,0.9,us,usp0004f9w,2014-11-07T00:47:12.780Z,southern East Pacific Rise,earthquake,,,,1.0,reviewed,us,us
1990-10-03T01:15:15.610Z,-25.163,173.277,33.0,4.5,mb,,,,0.8,us,usp0004fa9,2014-11-07T00:47:12.851Z,southeast of the Loyalty Islands,earthquake,,,,1.0,reviewed,us,us
1990-10-03T04:22:02.250Z,36.51,139.352,118.1,4.9,mb,,,,0.8,us,usp0004faf,2014-11-07T00:47:13.045Z,"11 km NE of ?mamach?-?mama, Japan",earthquake,,4.7,,3.0,reviewed,us,us
1990-10-03T06:02:57.050Z,11.567,125.381,33.0,4.8,mb,,,,1.0,us,usp0004fah,2014-11-07T00:47:13.207Z,"7 km SW of Borongan, Philippines",earthquake,,,,11.0,reviewed,us,us
1990-10-03T07:28:36.820Z,52.791,160.554,33.0,4.7,mb,,,,1.0,us,usp0004fak,2014-11-07T00:47:13.325Z,"131 km ESE of Petropavlovsk-Kamchatsky, Russia",earthquake,,,,9.0,reviewed,us,us
1990-10-03T16:09:47.910Z,-58.869,-24.577,33.0,4.9,mb,,,,1.1,us,usp0004fb2,2014-11-07T00:47:13.446Z,South Sandwich Islands region,earthquake,,,,4.0,reviewed,us,us
1990-10-03T17:11:06.950Z,-23.943,-174.727,33.0,4.9,mb,,,,1.4,us,usp0004fb4,2014-11-07T00:47:13.463Z,"289 km S of ‘Ohonua, Tonga",earthquake,,,,8.0,reviewed,us,us
1990-10-04T03:47:28.980Z,-17.765,-178.766,546.6,5.3,mb,,,,1.0,us,usp0004fbj,2014-11-07T00:47:13.530Z,"205 km E of Levuka, Fiji",earthquake,,8.7,,26.0,reviewed,us,us
1990-10-04T08:46:56.450Z,71.605,-4.275,10.0,4.9,mb,,,,1.2,us,usp0004fbk,2014-11-07T00:47:13.557Z,"176 km ENE of Olonkinbyen, Svalbard and Jan Mayen",earthquake,,,,31.0,reviewed,us,us
1990-10-04T09:11:33.740Z,-0.257,-20.894,10.0,4.8,mb,,,,1.2,us,usp0004fbm,2014-11-07T00:47:13.577Z,central Mid-Atlantic Ridge,earthquake,,,,1.0,reviewed,us,us
1990-10-04T09:23:27.740Z,0.314,125.838,50.0,4.9,mb,,,,1.0,us,usp0004fbn,2014-11-07T00:47:13.581Z,"150 km SE of Tondano, Indonesia",earthquake,,14.3,,12.0,reviewed,us,us
1990-10-04T14:39:02.370Z,33.784,139.274,33.0,4.5,mb,,,,0.6,us,usp0004fbv,2014-11-07T00:47:13.618Z,"103 km SSE of Shimoda, Japan",earthquake,,,,5.0,reviewed,us,us
1990-10-04T17:33:02.140Z,-20.037,179.972,599.9,5.3,mb,,,,0.9,us,usp0004fby,2014-11-07T00:47:13.629Z,"228 km SSE of Levuka, Fiji",earthquake,,13.8,,1.0,reviewed,us,us
1990-10-04T20:57:14.970Z,2.089,126.691,68.4,5.1,mb,,,,1.1,us,usp0004fc2,2014-11-07T00:47:13.648Z,"152 km WNW of Tobelo, Indonesia",earthquake,,13.4,,13.0,reviewed,us,us
1990-10-04T22:19:32.940Z,43.38,150.002,33.0,4.7,mb,,,,1.1,us,usp0004fc3,2014-11-07T00:47:13.657Z,"266 km SE of Kuril’sk, Russia",earthquake,,,,7.0,reviewed,us,us
1990-10-04T23:17:33.130Z,36.536,139.275,123.2,4.8,mb,,,,0.6,us,usp0004fc4,2014-11-07T00:47:13.661Z,"11 km N of ?mamach?-?mama, Japan",earthquake,,3.5,,4.0,reviewed,us,us
1990-10-04T23:48:31.380Z,-41.48,174.955,36.7,5.6,mw,,,,1.2,us,usp0004fc5,2022-04-28T19:34:44.973Z,"25 km SE of Brooklyn, New Zealand",earthquake,,6.0,,,reviewed,us,hrv
1990-10-05T05:07:24.520Z,-17.803,167.453,33.0,4.7,mb,,,,1.5,us,usp0004fcf,2014-11-07T00:47:13.740Z,"91 km W of Port-Vila, Vanuatu",earthquake,,,,1.0,reviewed,us,us
1990-10-05T06:33:17.750Z,-32.697,178.257,262.1,4.6,mb,,,,1.4,us,usp0004fcm,2014-11-07T00:47:13.767Z,south of the Kermadec Islands,earthquake,,37.2,,2.0,reviewed,us,us
1990-10-05T08:43:29.710Z,2.924,96.324,50.2,4.7,mb,,,,1.1,us,usp0004fcq,2014-11-07T00:47:13.777Z,"49 km N of Sinabang, Indonesia",earthquake,,12.4,,9.0,reviewed,us,us
1990-10-05T10:42:24.670Z,37.653,72.107,33.0,4.6,mb,,,,0.9,us,usp0004fcv,2014-11-07T00:47:13.800Z,"52 km ENE of Khorugh, Tajikistan",earthquake,,,,3.0,reviewed,us,us
1990-10-05T15:16:26.030Z,-28.966,-177.071,67.6,4.6,mb,,,,1.0,us,usp0004fd0,2014-11-07T00:47:13.814Z,Kermadec Islands region,earthquake,,13.4,,7.0,reviewed,us,us
1990-10-05T15:43:01.410Z,47.224,153.007,97.4,4.9,mb,,,,0.7,us,usp0004fd2,2014-11-07T00:47:13.821Z,Kuril Islands,earthquake,,,,40.0,reviewed,us,us
1990-10-05T21:53:04.370Z,13.926,146.335,69.7,4.8,mb,,,,0.9,us,usp0004fd9,2014-11-07T00:47:13.950Z,"138 km SSE of San Jose Village, Northern Mariana Islands",earthquake,,9.5,,6.0,reviewed,us,us
1990-10-05T22:11:07.590Z,16.165,-94.115,110.9,4.5,mb,,,,1.3,us,usp0004fda,2014-11-07T00:47:13.958Z,"2 km NNW of La Gloria, Mexico",earthquake,,7.1,,10.0,reviewed,us,us
1990-10-05T23:43:34.720Z,-10.955,-70.83,616.1,4.8,mb,,,,0.8,us,usp0004fdd,2014-11-07T00:47:14.014Z,"136 km W of Iñapari, Peru",earthquake,,,,38.0,reviewed,us,us
1990-10-06T00:18:51.330Z,-5.86,146.747,108.4,5.1,mb,,,,1.3,us,usp0004fdf,2014-11-07T00:47:14.174Z,"99 km NNW of Lae, Papua New Guinea",earthquake,,11.1,,5.0,reviewed,us,us
1990-10-06T00:22:37.280Z,-6.179,147.586,33.0,4.7,mb,,,,0.9,us,usp0004fdg,2014-11-07T00:47:14.284Z,"50 km NW of Finschhafen, Papua New Guinea",earthquake,,,,2.0,reviewed,us,us
1990-10-06T02:41:15.430Z,-41.589,175.344,39.1,5.5,mw,,,,1.0,us,usp0004fds,2022-04-28T19:34:50.965Z,"24 km SW of Waipawa, New Zealand",earthquake,,11.1,,,reviewed,us,hrv
1990-10-06T07:20:11.040Z,5.224,126.399,33.0,4.7,mb,,,,1.2,us,usp0004fdz,2014-11-07T00:47:14.576Z,"105 km E of Sarangani, Philippines",earthquake,,,,4.0,reviewed,us,us
1990-10-06T09:08:09.180Z,-2.711,67.908,10.0,5.7,mw,,,,1.4,us,usp0004fe0,2022-04-28T19:34:56.938Z,Carlsberg Ridge,earthquake,,,,,reviewed,us,hrv
1990-10-06T10:02:30.790Z,13.49,120.383,34.1,5.1,mb,,,,1.0,us,usp0004fe2,2014-11-07T00:47:14.652Z,"7 km NW of Harrison, Philippines",earthquake,,,,19.0,reviewed,us,us
1990-10-06T10:09:01.990Z,13.445,-92.058,41.3,5.5,mw,,,,1.0,us,usp0004fe3,2025-12-19T20:59:54.865Z,"95 km S of Champerico, Guatemala",earthquake,,6.8,,,reviewed,us,hrv
1990-10-06T14:21:14.130Z,3.981,62.601,10.0,5.1,mb,,,,1.1,us,usp0004fe8,2014-11-07T00:47:14.753Z,Carlsberg Ridge,earthquake,,,,10.0,reviewed,us,us
1990-10-06T14:33:01.320Z,36.424,140.583,70.4,5.2,mw,,,,1.0,us,usp0004fe9,2022-04-28T19:35:03.752Z,"4 km SSE of Funaishikawa, Japan",earthquake,,4.2,,,reviewed,us,hrv
1990-10-06T17:10:26.760Z,-31.679,-72.115,60.2,4.7,mb,,,,1.2,us,usp0004fec,2014-11-07T00:47:14.811Z,"89 km W of Illapel, Chile",earthquake,,12.4,,1.0,reviewed,us,us
1990-10-06T19:09:56.180Z,45.496,26.234,142.2,4.8,mb,,,,1.1,us,usp0004fef,2014-11-07T00:47:14.826Z,"2 km NW of Lunca Jari?tei, Romania",earthquake,,2.7,,49.0,reviewed,us,us
1990-10-06T19:49:13.620Z,-24.854,179.676,505.8,4.8,mb,,,,0.9,us,usp0004feh,2014-11-07T00:47:14.973Z,south of the Fiji Islands,earthquake,,5.7,,18.0,reviewed,us,us
1990-10-06T23:04:41.560Z,12.885,144.637,33.0,4.6,mb,,,,0.6,us,usp0004fep,2014-11-07T00:47:15.026Z,"42 km S of Merizo Village, Guam",earthquake,,,,3.0,reviewed,us,us
1990-10-07T01:58:26.790Z,-2.828,68.005,10.0,4.9,ms,,,,1.2,us,usp0004fev,2014-11-07T00:47:15.343Z,Carlsberg Ridge,earthquake,,,,2.0,reviewed,us,us
1990-10-07T02:53:28.130Z,18.85,-62.598,43.6,4.5,mb,,,,0.9,us,usp0004fey,2014-11-07T00:47:15.459Z,"85 km NE of The Valley, Anguilla",earthquake,,9.6,,7.0,reviewed,us,us
1990-10-07T04:45:54.680Z,-28.848,-177.0,60.0,5.4,mw,,,,1.2,us,usp0004ff1,2025-12-19T20:59:55.591Z,Kermadec Islands region,earthquake,,,,,reviewed,us,hrv
1990-10-07T05:29:33.570Z,-29.217,-176.713,53.3,5.0,ms,,,,1.3,us,usp0004ff2,2014-11-07T00:47:15.487Z,Kermadec Islands region,earthquake,,18.2,,1.0,reviewed,us,us
1990-10-07T07:15:44.560Z,18.922,-62.475,31.5,4.9,ms,,,,1.2,us,usp0004ff4,2014-11-07T00:47:15.496Z,"99 km NE of The Valley, Anguilla",earthquake,,9.5,,6.0,reviewed,us,us
1990-10-07T09:02:25.940Z,7.648,126.991,33.0,4.7,mb,,,,0.5,us,usp0004ffb,2014-11-07T00:47:15.527Z,"48 km E of Baganga, Philippines",earthquake,,,,5.0,reviewed,us,us
1990-10-07T11:32:13.750Z,-56.167,-27.008,99.8,5.4,mw,,,,1.2,us,usp0004ffj,2025-12-19T20:59:56.441Z,South Sandwich Islands region,earthquake,,,,,reviewed,us,hrv
1990-10-07T13:10:35.290Z,20.348,146.737,62.4,4.9,mb,,,,0.5,us,usp0004ffm,2014-11-07T00:47:15.562Z,Mariana Islands region,earthquake,,10.2,,14.0,reviewed,us,us
1990-10-07T14:47:51.580Z,27.043,53.003,33.0,4.5,mb,,,,1.0,us,usp0004ffp,2014-11-07T00:47:15.569Z,"57 km SSE of Mohr, Iran",earthquake,,,,19.0,reviewed,us,us
1990-10-07T15:40:02.730Z,3.947,62.786,10.0,5.0,mb,,,,1.2,us,usp0004ffs,2014-11-07T00:47:15.586Z,Carlsberg Ridge,earthquake,,,,12.0,reviewed,us,us
1990-10-07T16:57:29.730Z,10.118,126.084,33.0,4.9,mb,,,,1.2,us,usp0004ffu,2014-11-07T00:47:15.606Z,"11 km NNE of Santa Monica, Philippines",earthquake,,,,13.0,reviewed,us,us
1990-10-07T22:36:30.960Z,-23.62,-66.578,229.3,4.7,mb,,,,1.4,us,usp0004fg4,2014-11-07T00:47:15.654Z,"71 km NNW of San Antonio de los Cobres, Argentina",earthquake,,,,17.0,reviewed,us,us
1990-10-08T00:51:32.450Z,4.011,62.648,10.0,5.0,mb,,,,1.3,us,usp0004fg7,2014-11-07T00:47:15.684Z,Carlsberg Ridge,earthquake,,,,4.0,reviewed,us,us
1990-10-08T03:23:09.590Z,-10.519,162.46,40.6,5.3,mw,,,,1.3,us,usp0004fgd,2022-04-28T19:35:08.928Z,"59 km E of Kirakira, Solomon Islands",earthquake,,14.0,,,reviewed,us,hrv
1990-10-08T03:55:11.440Z,16.354,145.694,538.2,4.8,mb,,,,1.0,us,usp0004fge,2014-11-07T00:47:15.720Z,"126 km N of Saipan, Northern Mariana Islands",earthquake,,5.9,,18.0,reviewed,us,us
1990-10-08T14:49:05.140Z,9.814,92.792,33.0,4.8,mb,,,,1.4,us,usp0004fgt,2014-11-07T00:47:15.770Z,"204 km S of Port Blair, India",earthquake,,,,6.0,reviewed,us,us
1990-10-08T17:00:06.980Z,-9.231,110.783,92.0,5.0,mb,,,,1.1,us,usp0004fgy,2014-11-07T00:47:15.786Z,"149 km SSE of Pundong, Indonesia",earthquake,,20.0,,9.0,reviewed,us,us
1990-10-08T21:02:14.980Z,-12.43,-76.827,72.3,4.8,mb,,,,1.0,us,usp0004fh5,2014-11-07T00:47:15.804Z,"7 km SW of San Bartolo, Peru",earthquake,,6.2,,8.0,reviewed,us,us
1990-10-08T23:03:35.390Z,-13.267,167.214,168.3,5.2,mw,,,,1.0,us,usp0004fhb,2025-12-19T20:59:57.088Z,"76 km NNW of Sola, Vanuatu",earthquake,,,,,reviewed,us,hrv
1990-10-08T23:35:00.770Z,-21.377,-67.936,144.5,4.8,mb,,,,1.2,us,usp0004fhd,2014-11-07T00:47:15.856Z,"153 km SW of Uyuni, Bolivia",earthquake,,,,10.0,reviewed,us,us
1990-10-09T00:58:24.690Z,-16.368,-175.112,325.3,5.0,mb,,,,0.9,us,usp0004fhg,2014-11-07T00:47:15.882Z,"147 km WSW of Hihifo, Tonga",earthquake,,42.7,,12.0,reviewed,us,us
1990-10-09T02:52:09.650Z,-29.161,-71.219,166.4,4.5,mb,,,,1.3,us,usp0004fhp,2014-11-07T00:47:15.904Z,"78 km SW of Vallenar, Chile",earthquake,,19.7,,1.0,reviewed,us,us
1990-10-09T09:27:02.140Z,-20.826,-178.708,596.4,4.6,mb,,,,0.7,us,usp0004fj5,2014-11-07T00:47:15.943Z,Fiji region,earthquake,,7.8,,12.0,reviewed,us,us
1990-10-09T10:42:46.170Z,-58.714,-25.229,33.0,5.0,mb,,,,0.9,us,usp0004fj9,2014-11-07T00:47:15.952Z,South Sandwich Islands region,earthquake,,,,8.0,reviewed,us,us
1990-10-09T18:04:36.480Z,-22.144,-70.914,10.0,4.9,mb,,,,0.8,us,usp0004fjn,2014-11-07T00:47:15.993Z,"74 km W of Tocopilla, Chile",earthquake,,,,1.0,reviewed,us,us
1990-10-09T18:05:10.150Z,-3.551,100.83,25.3,5.4,mw,,,,1.1,us,usp0004fjp,2022-04-28T19:35:10.328Z,"161 km W of Bengkulu, Indonesia",earthquake,,,,,reviewed,us,hrv
1990-10-09T21:57:20.330Z,10.203,-60.259,28.7,4.7,mb,,,,1.2,us,usp0004fju,2014-11-07T00:47:16.018Z,"101 km E of Rio Claro, Trinidad and Tobago",earthquake,,6.9,,1.0,reviewed,us,us
1990-10-10T01:00:05.500Z,-19.503,-66.618,266.0,6.6,mw,,,,1.2,us,usp0004fjz,2022-04-28T19:35:11.381Z,"68 km SSE of Challapata, Bolivia",earthquake,,,,,reviewed,us,nc
1990-10-10T01:01:32.300Z,-4.769,126.82,31.6,5.2,mb,,,,1.2,us,usp0004fk0,2014-11-07T00:47:16.094Z,"192 km SW of Ambon, Indonesia",earthquake,,10.1,,13.0,reviewed,us,us
1990-10-10T01:59:55.810Z,5.452,126.053,135.9,4.5,mb,,,,1.1,us,usp0004fk2,2014-11-07T00:47:16.103Z,"65 km E of Sarangani, Philippines",earthquake,,30.7,,3.0,reviewed,us,us
1990-10-10T05:54:53.540Z,-23.497,179.029,548.5,6.1,mw,,,,0.9,us,usp0004fk7,2022-04-28T19:35:17.560Z,south of the Fiji Islands,earthquake,,,,,reviewed,us,hrv
1990-10-10T07:35:40.350Z,19.213,145.634,140.7,4.8,mb,,,,0.4,us,usp0004fkb,2014-11-07T00:47:16.205Z,"Maug Islands region, Northern Mariana Islands",earthquake,,8.1,,10.0,reviewed,us,us
1990-10-10T07:45:07.950Z,-1.602,99.479,57.0,5.2,mb,,,,1.0,us,usp0004fkc,2014-11-07T00:47:16.209Z,"121 km SW of Padang, Indonesia",earthquake,,,,17.0,reviewed,us,us
1990-10-10T08:22:53.660Z,27.195,140.119,384.0,5.2,mb,,,,0.8,us,usp0004fke,2014-11-07T00:47:16.220Z,"Bonin Islands, Japan region",earthquake,,,,58.0,reviewed,us,us
1990-10-10T13:22:58.800Z,-23.602,179.024,584.3,5.2,mb,,,,1.0,us,usp0004fkm,2022-04-28T19:35:23.555Z,south of the Fiji Islands,earthquake,,15.8,,10.0,reviewed,us,us
1990-10-10T14:34:06.170Z,15.436,147.08,36.5,4.9,mb,,,,0.9,us,usp0004fkn,2014-11-07T00:47:16.254Z,"144 km E of Saipan, Northern Mariana Islands",earthquake,,14.7,,5.0,reviewed,us,us
1990-10-10T15:32:16.270Z,29.162,132.0,33.0,5.1,mw,,,,0.9,us,usp0004fks,2025-12-19T20:59:57.796Z,"185 km SE of Koshima, Japan",earthquake,,,,,reviewed,us,hrv
1990-10-10T19:43:04.380Z,46.049,151.946,33.0,4.5,mb,,,,1.0,us,usp0004fm0,2014-11-07T00:47:16.290Z,Kuril Islands,earthquake,,,,12.0,reviewed,us,us
1990-10-10T19:47:38.220Z,-35.288,-72.532,12.9,4.8,mb,,,,1.1,us,usp0004fm1,2014-11-07T00:47:16.293Z,"12 km WNW of Constitución, Chile",earthquake,,3.6,,2.0,reviewed,us,us
1990-10-10T20:40:38.640Z,-13.968,167.059,142.4,4.9,mb,,,,0.4,us,usp0004fm3,2014-11-07T00:47:16.298Z,"54 km W of Sola, Vanuatu",earthquake,,42.0,,2.0,reviewed,us,us
1990-10-11T04:25:25.230Z,-33.656,-72.087,32.9,5.4,mw,,,,1.1,us,usp0004fme,2022-04-28T19:35:29.032Z,"45 km W of San Antonio, Chile",earthquake,,,,,reviewed,us,hrv
1990-10-11T10:13:00.600Z,54.87,109.634,33.0,4.5,mb,,,,0.5,us,usp0004fmp,2014-11-07T00:47:16.338Z,"75 km NW of Kurumkan, Russia",earthquake,,,,3.0,reviewed,us,us
1990-10-11T13:57:05.100Z,32.838,48.212,45.9,5.0,mw,,,,0.9,us,usp0004fms,2022-04-28T19:35:34.851Z,"59 km NNW of Shahrak-e K?l?r?, Iran",earthquake,,5.1,,,reviewed,us,hrv
1990-10-11T15:14:45.050Z,18.726,-69.376,100.8,5.3,mw,,,,0.8,us,usp0004fmw,2025-12-19T20:59:58.752Z,"11 km ESE of El Puerto, Dominican Republic",earthquake,,,,,reviewed,us,hrv
1990-10-11T20:48:53.530Z,-3.457,146.597,25.4,5.3,mw,,,,1.3,us,usp0004fn2,2025-12-19T21:00:00.059Z,"174 km SSW of Lorengau, Papua New Guinea",earthquake,,,,,reviewed,us,hrv
1990-10-11T23:51:59.220Z,3.523,123.95,421.6,4.5,mb,,,,0.6,us,usp0004fn7,2014-11-07T00:47:16.429Z,"246 km NNW of Manado, Indonesia",earthquake,,20.3,,6.0,reviewed,us,us
1990-10-12T01:49:19.500Z,29.076,60.977,28.7,4.8,mb,,,,1.1,us,usp0004fn9,2014-11-07T00:47:16.432Z,"47 km SSE of Zahedan, Iran",earthquake,,,,16.0,reviewed,us,us
1990-10-12T03:20:56.000Z,14.826,-97.996,33.0,4.5,mb,,,,1.1,us,usp0004fnb,2014-11-07T00:47:16.439Z,"143 km SSW of Santa Rosa de Lima, Mexico",earthquake,,,,1.0,reviewed,us,us
1990-10-12T05:34:28.170Z,27.775,130.771,33.0,5.1,mb,,,,1.2,us,usp0004fnf,2014-11-07T00:47:16.449Z,"142 km ESE of Naze, Japan",earthquake,,,,19.0,reviewed,us,us
1990-10-12T06:40:42.850Z,-15.773,-173.938,33.0,4.7,ms,,,,0.7,us,usp0004fnh,2014-11-07T00:47:16.467Z,"25 km NW of Hihifo, Tonga",earthquake,,,,2.0,reviewed,us,us
1990-10-12T13:30:33.160Z,32.721,48.342,47.4,4.6,mb,,,,1.5,us,usp0004fnu,2014-11-07T00:47:16.484Z,"42 km NNW of Shahrak-e K?l?r?, Iran",earthquake,,22.4,,4.0,reviewed,us,us
1990-10-12T16:14:25.500Z,13.377,-87.56,207.5,4.5,mb,,,,1.0,us,usp0004fp0,2014-11-07T00:47:16.509Z,"10 km S of Agua Fría, Honduras",earthquake,,,,10.0,reviewed,us,us
1990-10-12T17:30:00.080Z,37.248,-116.494,0.0,5.6,mb,,,,,us,usp0004fp1,2016-04-02T02:30:31.214Z,"44 km NNE of Beatty, Nevada",nuclear explosion,,,,75.0,reviewed,doe,us
1990-10-12T18:00:05.430Z,50.198,143.723,33.0,4.6,mb,,,,1.6,us,usp0004fp2,2014-11-07T00:47:16.554Z,"81 km NE of Smirnykh, Russia",earthquake,,,,3.0,reviewed,us,us
1990-10-12T19:23:22.700Z,-55.926,-27.739,33.0,5.3,mb,,,,1.2,us,usp0004fp5,2014-11-07T00:47:16.558Z,South Sandwich Islands region,earthquake,,,,10.0,reviewed,us,us
1990-10-13T00:03:04.790Z,54.42,159.511,131.0,4.6,mb,,,,0.8,us,usp0004fp8,2014-11-07T00:47:16.564Z,"65 km ESE of Mil’kovo, Russia",earthquake,,,,33.0,reviewed,us,us
1990-10-13T00:20:23.380Z,15.724,147.931,36.8,5.9,mw,,,,1.1,us,usp0004fpa,2022-04-28T19:35:36.634Z,"240 km ENE of Saipan, Northern Mariana Islands",earthquake,,,,,reviewed,us,hrv
1990-10-13T01:34:13.700Z,17.929,122.109,33.0,4.6,mb,,,,1.3,us,usp0004fpd,2014-11-07T00:47:16.601Z,"20 km E of Awallan, Philippines",earthquake,,,,5.0,reviewed,us,us
1990-10-13T04:28:27.720Z,9.012,122.647,24.0,4.9,mb,,,,1.2,us,usp0004fpn,2014-11-07T00:47:16.625Z,"32 km WSW of Bonawon, Philippines",earthquake,,,,12.0,reviewed,us,us
1990-10-13T11:14:33.150Z,-2.225,-80.044,75.6,5.0,mb,,,,0.8,us,usp0004fq3,2014-11-07T00:47:16.653Z,"6 km SW of Santa Lucía, Ecuador",earthquake,,,,10.0,reviewed,us,us
1990-10-13T14:44:06.640Z,26.495,126.325,86.1,4.7,mb,,,,1.7,us,usp0004fqc,2014-11-07T00:47:16.678Z,"139 km WNW of Naha, Japan",earthquake,,34.3,,3.0,reviewed,us,us
1990-10-13T15:53:17.370Z,-23.281,-179.844,500.0,4.7,mb,,,,1.0,us,usp0004fqd,2014-11-07T00:47:16.680Z,south of the Fiji Islands,earthquake,,,,14.0,reviewed,us,us
1990-10-13T20:15:13.910Z,4.282,95.3,76.1,5.0,mb,,,,0.9,us,usp0004fqh,2014-11-07T00:47:16.688Z,"93 km W of Meulaboh, Indonesia",earthquake,,11.1,,12.0,reviewed,us,us
1990-10-13T22:02:16.190Z,-20.29,-175.789,248.4,4.8,mb,,,,1.3,us,usp0004fqs,2014-11-07T00:47:16.704Z,"112 km NNW of Nuku‘alofa, Tonga",earthquake,,16.7,,5.0,reviewed,us,us
1990-10-13T22:11:54.510Z,15.345,147.559,33.0,4.5,mb,,,,1.3,us,usp0004fqt,2014-11-07T00:47:16.707Z,"194 km E of Saipan, Northern Mariana Islands",earthquake,,,,2.0,reviewed,us,us
1990-10-13T22:53:32.880Z,-23.493,179.135,572.2,5.6,mw,,,,1.1,us,usp0004fqv,2022-04-28T19:35:42.241Z,south of the Fiji Islands,earthquake,,,,,reviewed,us,hrv
1990-10-13T23:52:46.180Z,15.654,147.987,33.0,4.8,mb,,,,0.9,us,usp0004fqy,2014-11-07T00:47:16.730Z,"244 km E of Saipan, Northern Mariana Islands",earthquake,,,,6.0,reviewed,us,us
1990-10-14T00:31:34.350Z,15.805,147.984,33.0,4.6,mb,,,,0.7,us,usp0004fr1,2014-11-07T00:47:16.736Z,"248 km ENE of Saipan, Northern Mariana Islands",earthquake,,,,1.0,reviewed,us,us
1990-10-14T01:58:42.840Z,-17.65,-178.906,556.3,5.3,mw,,,,1.0,us,usp0004fr4,2025-12-19T21:00:01.271Z,"193 km ENE of Levuka, Fiji",earthquake,,,,,reviewed,us,hrv
1990-10-14T02:21:12.540Z,16.209,120.501,26.9,4.8,mb,,,,0.9,us,usp0004fr6,2014-11-07T00:47:16.766Z,"1 km WNW of Sagunto, Philippines",earthquake,,,,15.0,reviewed,us,us
1990-10-14T06:05:51.370Z,30.534,67.495,12.3,4.7,mb,,,,1.0,us,usp0004fra,2014-11-07T00:47:16.780Z,"5 km NNW of Alik Ghund, Pakistan",earthquake,,,,16.0,reviewed,us,us
1990-10-14T07:01:27.810Z,-6.414,130.734,133.6,4.5,mb,,,,1.4,us,usp0004frd,2014-11-07T00:47:16.791Z,"239 km WSW of Tual, Indonesia",earthquake,,29.3,,2.0,reviewed,us,us
1990-10-14T09:52:41.010Z,30.823,86.385,12.0,4.9,mb,,,,1.4,us,usp0004frm,2014-11-07T00:47:16.802Z,"200 km NE of Saga, China",earthquake,,,,27.0,reviewed,us,us
1990-10-14T11:02:40.180Z,16.301,144.815,33.0,5.1,mb,,,,1.4,us,usp0004frt,2014-11-07T00:47:16.815Z,"156 km NW of Saipan, Northern Mariana Islands",earthquake,,,,1.0,reviewed,us,us
1990-10-14T18:28:36.930Z,-17.861,-178.709,588.4,5.2,mb,,,,0.8,us,usp0004fs4,2014-11-07T00:47:16.853Z,Fiji region,earthquake,,5.6,,16.0,reviewed,us,us
1990-10-14T19:48:12.610Z,-46.121,33.554,10.0,4.9,mb,,,,0.8,us,usp0004fs9,2014-11-07T00:47:16.866Z,Prince Edward Islands region,earthquake,,,,6.0,reviewed,us,us
1990-10-14T21:45:03.720Z,-56.148,-27.27,33.0,5.0,mb,,,,0.7,us,usp0004fse,2014-11-07T00:47:16.876Z,South Sandwich Islands region,earthquake,,,,3.0,reviewed,us,us
1990-10-15T01:35:44.560Z,-2.211,92.249,32.2,6.8,mw,,,,1.0,us,usp0004fsp,2022-04-28T19:35:43.774Z,"southwest of Sumatra, Indonesia",earthquake,,,,,reviewed,us,nc
1990-10-15T06:30:20.390Z,15.311,-46.35,10.0,5.4,mw,,,,0.9,us,usp0004fsu,2025-12-19T20:56:18.831Z,northern Mid-Atlantic Ridge,earthquake,,,,,reviewed,us,hrv
1990-10-15T09:38:16.830Z,85.119,94.193,10.0,4.6,mb,,,,1.0,us,usp0004fsy,2014-11-07T00:47:16.992Z,north of Severnaya Zemlya,earthquake,,,,7.0,reviewed,us,us
1990-10-15T11:46:38.980Z,-7.202,122.996,544.8,5.0,mb,,,,1.0,us,usp0004ft0,2014-11-07T00:47:16.996Z,"179 km NNE of Maumere, Indonesia",earthquake,,7.8,,16.0,reviewed,us,us
1990-10-15T19:06:52.680Z,33.64,56.808,33.0,5.1,mw,,,,1.1,us,usp0004ft4,2022-04-28T19:35:45.373Z,"11 km WNW of Tabas, Iran",earthquake,,,,,reviewed,us,hrv
1990-10-15T19:50:24.060Z,-10.047,114.607,70.3,5.4,mw,,,,1.4,us,usp0004ft6,2025-12-19T21:00:03.020Z,"151 km SSW of Jimbaran, Indonesia",earthquake,,11.2,,,reviewed,us,hrv
1990-10-16T01:29:24.250Z,36.01,143.004,33.0,4.5,mb,,,,1.3,us,usp0004ftb,2014-11-07T00:47:17.045Z,"198 km E of Hasaki, Japan",earthquake,,,,2.0,reviewed,us,us
1990-10-16T04:12:14.530Z,46.176,152.889,33.0,4.8,mb,,,,1.1,us,usp0004fte,2014-11-07T00:47:17.051Z,Kuril Islands,earthquake,,,,13.0,reviewed,us,us
1990-10-16T04:21:28.600Z,45.832,152.609,33.0,4.5,mb,,,,1.5,us,usp0004ftf,2014-11-07T00:47:17.054Z,east of the Kuril Islands,earthquake,,,,2.0,reviewed,us,us
1990-10-16T06:13:13.740Z,49.043,155.076,82.9,5.9,mw,,,,0.9,us,usp0004fth,2022-04-28T19:35:46.853Z,"196 km SSW of Severo-Kuril’sk, Russia",earthquake,,,,,reviewed,us,hrv
1990-10-16T16:27:20.920Z,51.253,-175.096,33.0,4.7,mb,,,,1.1,us,usp0004fty,2014-11-07T00:47:17.121Z,"121 km SSW of Atka, Alaska",earthquake,,,,15.0,reviewed,us,us
1990-10-16T16:28:54.740Z,51.293,-175.053,33.0,4.8,mb,,,,1.1,us,usp0004ftz,2014-11-07T00:47:17.125Z,"116 km SSW of Atka, Alaska",earthquake,,,,10.0,reviewed,us,us
1990-10-16T17:09:37.010Z,-13.221,167.03,204.9,5.2,mb,,,,1.0,us,usp0004fu0,2014-11-07T00:47:17.128Z,"91 km NW of Sola, Vanuatu",earthquake,,14.4,,5.0,reviewed,us,us
1990-10-16T18:01:51.460Z,51.254,-174.999,33.0,4.8,mb,,,,1.2,us,usp0004fu2,2014-11-07T00:47:17.134Z,"118 km SSW of Atka, Alaska",earthquake,,,,11.0,reviewed,us,us
1990-10-16T21:12:39.050Z,-16.945,168.124,225.0,4.7,mb,,,,1.6,us,usp0004fu8,2014-11-07T00:47:17.152Z,"89 km NNW of Port-Vila, Vanuatu",earthquake,,15.7,,1.0,reviewed,us,us
1990-10-16T21:55:31.880Z,-24.092,-66.705,192.6,4.9,mb,,,,0.9,us,usp0004fuc,2014-11-07T00:47:17.161Z,"41 km WNW of San Antonio de los Cobres, Argentina",earthquake,,4.3,,8.0,reviewed,us,us
1990-10-16T22:50:00.550Z,-10.248,161.683,94.2,4.5,mb,,,,0.0,us,usp0004fue,2014-11-07T00:47:17.169Z,"34 km NW of Kirakira, Solomon Islands",earthquake,,27.6,,1.0,reviewed,us,us
1990-10-16T23:14:09.440Z,-28.132,-67.402,151.2,4.9,mb,,,,1.2,us,usp0004fuf,2014-11-07T00:47:17.170Z,"17 km ESE of Tinogasta, Argentina",earthquake,,8.6,,2.0,reviewed,us,us
1990-10-16T23:28:13.650Z,-1.663,134.502,33.0,4.5,mb,,,,1.2,us,usp0004fug,2014-11-07T00:47:17.173Z,"101 km SSE of Manokwari, Indonesia",earthquake,,,,3.0,reviewed,us,us
1990-10-16T23:38:44.160Z,-29.131,-177.391,33.0,5.3,mb,,,,1.5,us,usp0004fuh,2014-11-07T00:47:17.174Z,"Kermadec Islands, New Zealand",earthquake,,,,7.0,reviewed,us,us
1990-10-17T01:32:23.530Z,-1.155,128.957,33.0,4.8,mb,,,,0.6,us,usp0004fum,2014-11-07T00:47:17.182Z,"241 km N of Amahai, Indonesia",earthquake,,,,2.0,reviewed,us,us
1990-10-17T07:54:01.560Z,-4.24,142.221,123.6,4.9,mb,,,,1.2,us,usp0004fut,2014-11-07T00:47:17.192Z,"66 km W of Ambunti, Papua New Guinea",earthquake,,,,4.0,reviewed,us,us
1990-10-17T12:16:29.120Z,-25.557,-176.311,44.4,5.8,mw,,,,1.2,us,usp0004fv3,2022-04-28T19:35:48.546Z,south of the Fiji Islands,earthquake,,,,,reviewed,us,hrv
1990-10-17T14:30:13.160Z,-10.97,-70.776,598.8,7.0,mw,,,,1.0,us,usp0004fv5,2022-04-28T19:35:54.346Z,"130 km W of Iñapari, Peru",earthquake,,,,,reviewed,us,nc
1990-10-17T15:12:18.830Z,-9.227,-71.056,600.0,5.3,mb,,,,0.6,us,usp0004fv6,2014-11-07T00:47:17.299Z,"122 km SSW of Tarauacá, Brazil",earthquake,,,,2.0,reviewed,us,us
1990-10-17T17:06:27.840Z,36.9,49.344,21.1,4.5,mb,,,,1.2,us,usp0004fv8,2014-11-07T00:47:17.304Z,"18 km NNW of P?deg?n-e Manj?l, Iran",earthquake,,,,8.0,reviewed,us,us
1990-10-17T21:50:45.870Z,34.646,58.226,11.6,4.6,mb,,,,1.2,us,usp0004fve,2014-11-07T00:47:17.315Z,"53 km NW of Gon?b?d, Iran",earthquake,,,,7.0,reviewed,us,us
1990-10-17T23:24:38.500Z,-16.633,-71.351,40.1,5.0,mb,,,,0.9,us,usp0004fvj,2014-11-07T00:47:17.321Z,"13 km SSE of Pocsi, Peru",earthquake,,6.0,,21.0,reviewed,us,us
1990-10-18T01:01:38.980Z,19.967,121.187,33.0,4.6,mb,,,,1.4,us,usp0004fvp,2014-11-07T00:47:17.334Z,"97 km WSW of Basco, Philippines",earthquake,,,,6.0,reviewed,us,us
1990-10-18T03:06:52.330Z,-7.348,129.279,47.6,5.3,mb,,,,0.9,us,usp0004fvs,2014-11-07T00:47:17.346Z,"282 km ENE of Lospalos, Timor Leste",earthquake,,10.5,,16.0,reviewed,us,us
1990-10-18T07:14:18.200Z,-24.12,-66.669,202.5,4.7,mb,,,,1.6,us,usp0004fvx,2014-11-07T00:47:17.357Z,"37 km WNW of San Antonio de los Cobres, Argentina",earthquake,,11.7,,2.0,reviewed,us,us
1990-10-18T12:54:48.740Z,49.047,153.797,150.0,4.5,mb,,,,0.6,us,usp0004fw8,2014-11-07T00:47:17.375Z,"246 km SW of Severo-Kuril’sk, Russia",earthquake,,,,15.0,reviewed,us,us
1990-10-18T13:28:50.770Z,15.775,146.418,33.0,4.6,mb,,,,0.4,us,usp0004fwb,2014-11-07T00:47:17.392Z,"94 km NE of Saipan, Northern Mariana Islands",earthquake,,,,1.0,reviewed,us,us
1990-10-18T19:12:15.930Z,17.643,-62.172,53.6,5.2,mb,,,,1.0,us,usp0004fwn,2014-11-07T00:47:17.412Z,"35 km W of Codrington, Antigua and Barbuda",earthquake,,,,47.0,reviewed,us,us
1990-10-18T22:21:16.160Z,-3.431,143.544,46.3,5.2,mw,,,,0.7,us,usp0004fwt,2022-04-28T19:35:56.054Z,"16 km NW of Wewak, Papua New Guinea",earthquake,,7.7,,,reviewed,us,hrv
1990-10-18T23:22:22.280Z,-1.897,100.102,68.0,5.4,mb,,,,1.1,us,usp0004fwu,2022-04-28T19:36:01.413Z,"108 km SSW of Padang, Indonesia",earthquake,,12.7,,23.0,reviewed,us,us
1990-10-19T02:39:05.790Z,-7.139,129.318,98.2,5.1,mb,,,,1.1,us,usp0004fx8,2014-11-07T00:47:17.511Z,"298 km ENE of Lospalos, Timor Leste",earthquake,,12.9,,11.0,reviewed,us,us
1990-10-19T03:28:07.570Z,-38.391,176.154,177.4,4.8,mb,,,,1.1,us,usp0004fxa,2014-11-07T00:47:17.518Z,"29 km SSW of Rotorua, New Zealand",earthquake,,6.2,,2.0,reviewed,us,us
1990-10-19T07:01:57.400Z,46.47,-75.59,13.0,4.6,mb,,,,,us,usp0004fxg,2020-08-29T00:12:44.491Z,"11 km SW of Mont-Laurier, Canada",earthquake,,,,24.0,reviewed,ott,us
1990-10-19T07:51:00.190Z,15.535,146.717,33.0,4.9,mb,,,,0.2,us,usp0004fxh,2014-11-07T00:47:17.541Z,"109 km ENE of Saipan, Northern Mariana Islands",earthquake,,,,2.0,reviewed,us,us
1990-10-19T08:12:38.540Z,-21.777,-178.768,648.8,4.6,mb,,,,1.3,us,usp0004fxj,2014-11-07T00:47:17.543Z,Fiji region,earthquake,,12.2,,2.0,reviewed,us,us
1990-10-19T09:28:01.180Z,14.334,-92.639,65.2,4.7,mb,,,,1.4,us,usp0004fxm,2014-11-07T00:47:17.546Z,"48 km SSW of Puerto Madero, Mexico",earthquake,,12.8,,5.0,reviewed,us,us
1990-10-19T13:21:28.890Z,-30.22,-177.699,40.7,4.9,mb,,,,1.6,us,usp0004fxu,2014-11-07T00:47:17.557Z,"Kermadec Islands, New Zealand",earthquake,,,,4.0,reviewed,us,us
1990-10-19T16:03:47.520Z,-24.098,179.158,543.0,5.2,mb,,,,1.1,us,usp0004fy0,2014-11-07T00:47:17.572Z,south of the Fiji Islands,earthquake,,8.4,,20.0,reviewed,us,us
1990-10-19T16:41:24.030Z,-3.429,136.143,33.0,5.0,mb,,,,1.1,us,usp0004fy1,2014-11-07T00:47:17.578Z,"71 km E of Nabire, Indonesia",earthquake,,,,1.0,reviewed,us,us
1990-10-19T17:42:10.800Z,-20.338,168.41,33.0,5.1,mb,,,,1.2,us,usp0004fy6,2014-11-07T00:47:17.585Z,"126 km SW of Isangel, Vanuatu",earthquake,,,,3.0,reviewed,us,us
1990-10-19T18:48:55.380Z,10.856,125.973,33.0,4.8,mb,,,,1.1,us,usp0004fy7,2014-11-07T00:47:17.588Z,"18 km ESE of Sulangan, Philippines",earthquake,,,,4.0,reviewed,us,us
1990-10-19T23:39:21.470Z,30.317,57.474,33.0,4.7,mb,,,,1.2,us,usp0004fyf,2022-04-28T19:36:07.107Z,"38 km E of Kerman, Iran",earthquake,,,,15.0,reviewed,us,us
1990-10-20T08:07:27.590Z,37.093,103.781,11.7,5.7,mw,,,,1.4,us,usp0004fyy,2022-04-28T19:36:08.637Z,"Gansu, China",earthquake,,,,,reviewed,us,hrv
1990-10-20T08:39:17.500Z,37.148,103.606,10.4,4.9,mb,,,,1.1,us,usp0004fyz,2022-04-28T19:36:10.187Z,"83 km NW of Baiyin, China",earthquake,,,,28.0,reviewed,us,us
1990-10-20T10:01:31.250Z,-7.729,-74.413,162.0,5.0,mb,,,,0.9,us,usp0004fz3,2014-11-07T00:47:17.673Z,"73 km NNE of Pucallpa, Peru",earthquake,,,,34.0,reviewed,us,us
1990-10-20T13:10:19.790Z,-29.67,-178.946,323.6,5.0,mb,,,,1.2,us,usp0004fz9,2014-11-07T00:47:17.688Z,"Kermadec Islands, New Zealand",earthquake,,9.6,,4.0,reviewed,us,us
1990-10-20T15:13:30.280Z,-28.701,-176.517,50.2,5.0,mb,,,,1.3,us,usp0004fzf,2014-11-07T00:47:17.700Z,Kermadec Islands region,earthquake,,,,4.0,reviewed,us,us
1990-10-20T23:55:22.800Z,52.029,-169.371,33.0,4.7,mb,,,,1.2,us,usp0004fzs,2014-11-07T00:47:17.719Z,"107 km SSW of Nikolski, Alaska",earthquake,,,,4.0,reviewed,us,us
1990-10-21T01:57:33.990Z,-14.949,166.738,47.1,5.0,mb,,,,1.1,us,usp0004fzu,2014-11-07T00:47:17.723Z,"37 km WNW of Port-Olry, Vanuatu",earthquake,,10.8,,12.0,reviewed,us,us
1990-10-21T03:27:20.340Z,12.867,-87.964,85.7,4.6,mb,,,,1.3,us,usp0004fzw,2014-11-07T00:47:17.732Z,"37 km SSE of Intipucá, El Salvador",earthquake,,9.4,,11.0,reviewed,us,us
1990-10-21T03:43:02.000Z,-17.362,-69.272,181.8,4.8,mb,,,,0.9,us,usp0004fzx,2014-11-07T00:47:17.736Z,"81 km ENE of Estique, Peru",earthquake,,5.0,,15.0,reviewed,us,us
1990-10-21T04:22:56.940Z,2.563,64.788,10.0,4.9,mb,,,,1.0,us,usp0004fzy,2014-11-07T00:47:17.739Z,Carlsberg Ridge,earthquake,,,,13.0,reviewed,us,us
1990-10-21T07:19:05.850Z,-24.891,-13.584,10.0,4.6,mb,,,,0.9,us,usp0004g01,2014-11-07T00:47:17.748Z,southern Mid-Atlantic Ridge,earthquake,,,,3.0,reviewed,us,us
1990-10-21T10:32:00.060Z,-18.663,-178.009,526.9,4.9,mb,,,,1.1,us,usp0004g08,2014-11-07T00:47:17.757Z,"290 km ESE of Levuka, Fiji",earthquake,,11.5,,9.0,reviewed,us,us
1990-10-21T10:47:47.900Z,-5.011,151.178,40.1,4.6,mb,,,,1.4,us,usp0004g0c,2014-11-07T00:47:17.765Z,"129 km ENE of Kimbe, Papua New Guinea",earthquake,,18.9,,4.0,reviewed,us,us
1990-10-21T10:56:30.820Z,37.635,72.131,33.0,4.7,mb,,,,1.0,us,usp0004g0d,2014-11-07T00:47:17.767Z,"53 km ENE of Khorugh, Tajikistan",earthquake,,,,10.0,reviewed,us,us
1990-10-21T13:16:29.290Z,37.801,73.424,33.0,4.5,mb,,,,1.2,us,usp0004g0e,2014-11-07T00:47:17.769Z,"62 km SW of Murghob, Tajikistan",earthquake,,,,5.0,reviewed,us,us
1990-10-21T13:18:46.940Z,-3.075,136.46,33.0,5.1,mb,,,,1.2,us,usp0004g0f,2014-11-07T00:47:17.771Z,"111 km ENE of Nabire, Indonesia",earthquake,,,,5.0,reviewed,us,us
1990-10-21T15:10:43.700Z,-3.989,-77.274,116.3,5.4,mw,,,,0.8,us,usp0004g0j,2025-12-19T21:00:04.311Z,"109 km WSW of Alianza Cristiana, Peru",earthquake,,,,,reviewed,us,hrv
1990-10-21T16:04:22.260Z,-0.413,124.318,33.0,4.7,mb,,,,1.2,us,usp0004g0n,2014-11-07T00:47:17.805Z,"174 km SE of Gorontalo, Indonesia",earthquake,,,,3.0,reviewed,us,us
1990-10-21T19:05:47.720Z,-20.894,-177.939,497.6,5.3,mw,,,,1.0,us,usp0004g0x,2025-12-19T21:00:05.635Z,"284 km W of Haveluloto, Tonga",earthquake,,,,,reviewed,us,hrv
1990-10-21T20:51:45.720Z,0.619,126.631,33.0,4.9,mb,,,,1.4,us,usp0004g10,2014-11-07T00:47:17.846Z,"85 km WSW of Ternate, Indonesia",earthquake,,,,7.0,reviewed,us,us
1990-10-21T22:53:33.610Z,-8.911,123.843,122.3,5.1,mw,,,,1.3,us,usp0004g13,2025-12-19T21:00:06.963Z,"67 km WNW of Pante Makasar, Timor Leste",earthquake,,,,,reviewed,us,hrv
1990-10-22T01:25:47.300Z,-17.813,-72.192,33.0,4.5,mb,,,,0.8,us,usp0004g17,2014-11-07T00:47:17.864Z,"82 km SSW of Punta de Bombón, Peru",earthquake,,,,2.0,reviewed,us,us
1990-10-22T03:50:20.330Z,36.933,49.298,10.0,4.7,mb,,,,1.0,us,usp0004g19,2014-11-07T00:47:17.869Z,"23 km NNW of P?deg?n-e Manj?l, Iran",earthquake,,,,28.0,reviewed,us,us
1990-10-22T05:14:52.280Z,-6.032,128.204,269.6,4.7,mb,,,,0.8,us,usp0004g1a,2014-11-07T00:47:17.875Z,"258 km S of Ambon, Indonesia",earthquake,,19.2,,6.0,reviewed,us,us
1990-10-22T06:03:25.750Z,-17.826,-178.779,553.1,4.7,mb,,,,0.9,us,usp0004g1c,2014-11-07T00:47:17.878Z,"203 km E of Levuka, Fiji",earthquake,,26.1,,8.0,reviewed,us,us
1990-10-22T06:12:00.180Z,17.212,121.05,33.0,4.5,mb,,,,1.4,us,usp0004g1d,2014-11-07T00:47:17.882Z,"Luzon, Philippines",earthquake,,,,2.0,reviewed,us,us
1990-10-22T12:21:35.180Z,13.74,121.029,33.0,5.1,mb,,,,1.3,us,usp0004g1r,2014-11-07T00:47:17.899Z,"2 km W of Wawa, Philippines",earthquake,,,,14.0,reviewed,us,us
1990-10-22T14:35:22.220Z,-16.244,-173.153,30.6,5.6,mw,,,,1.1,us,usp0004g1v,2022-04-28T19:36:11.619Z,"75 km ESE of Hihifo, Tonga",earthquake,,,,,reviewed,us,hrv
1990-10-22T22:53:31.250Z,-15.157,-173.578,33.0,4.8,mb,,,,1.0,us,usp0004g23,2014-11-07T00:47:17.938Z,"91 km NNE of Hihifo, Tonga",earthquake,,,,7.0,reviewed,us,us
1990-10-22T23:51:47.590Z,16.282,145.222,33.0,4.9,mb,,,,0.4,us,usp0004g26,2014-11-07T00:47:17.943Z,"131 km NNW of Saipan, Northern Mariana Islands",earthquake,,,,2.0,reviewed,us,us
1990-10-23T00:10:59.920Z,15.546,147.706,33.0,4.5,mb,,,,1.0,us,usp0004g27,2014-11-07T00:47:17.944Z,"212 km E of Saipan, Northern Mariana Islands",earthquake,,,,4.0,reviewed,us,us
1990-10-23T04:08:00.500Z,-21.94,-179.39,591.9,5.5,mw,,,,1.0,us,usp0004g2b,2025-12-19T21:00:08.235Z,Fiji region,earthquake,,5.3,,,reviewed,us,hrv
1990-10-23T10:52:33.130Z,10.072,-104.004,10.0,4.6,mb,,,,0.8,us,usp0004g2k,2014-11-07T00:47:17.975Z,northern East Pacific Rise,earthquake,,,,8.0,reviewed,us,us
1990-10-23T11:23:58.800Z,-16.58,-173.522,93.1,5.0,mb,,,,1.1,us,usp0004g2m,2014-11-07T00:47:17.979Z,"75 km SSE of Hihifo, Tonga",earthquake,,,,12.0,reviewed,us,us
1990-10-23T15:14:29.400Z,-5.604,153.925,58.8,5.5,mw,,,,0.9,us,usp0004g2q,2025-12-19T21:00:09.587Z,"189 km WNW of Panguna, Papua New Guinea",earthquake,,6.8,,,reviewed,us,hrv
1990-10-23T19:08:25.580Z,-19.16,-177.564,624.1,4.9,mb,,,,0.9,us,usp0004g2v,2014-11-07T00:47:18.013Z,Fiji region,earthquake,,5.6,,19.0,reviewed,us,us
1990-10-23T20:14:56.890Z,-30.833,-178.065,16.4,5.4,mb,,,,1.2,us,usp0004g2x,2014-11-07T00:47:18.023Z,"Kermadec Islands, New Zealand",earthquake,,8.4,,7.0,reviewed,us,us
1990-10-24T04:07:04.150Z,-3.132,142.196,33.0,5.1,mb,,,,0.9,us,usp0004g36,2014-11-07T00:47:18.046Z,"17 km W of Aitape, Papua New Guinea",earthquake,,,,7.0,reviewed,us,us
1990-10-24T06:15:19.950Z,38.0618333,-119.1191667,10.903,5.8,ml,124.0,173.0,0.3577,0.13,nc,nc20092556,2022-04-28T19:36:13.102Z,"3 km NE of Mono City, California",earthquake,0.23,0.32,,0.0,reviewed,nc,nc
1990-10-24T06:55:36.660Z,-3.165,142.076,39.5,5.2,mb,,,,1.3,us,usp0004g3e,2014-11-07T00:47:18.072Z,"30 km W of Aitape, Papua New Guinea",earthquake,,13.2,,4.0,reviewed,us,us
1990-10-24T11:27:10.290Z,36.395,140.529,101.9,4.5,mb,,,,1.1,us,usp0004g3p,2014-11-07T00:47:18.089Z,"0 km WSW of Hitachi-Naka, Japan",earthquake,,5.7,,10.0,reviewed,us,us
1990-10-24T12:18:16.410Z,-15.794,-172.112,32.4,5.3,mw,,,,1.0,us,usp0004g3s,2025-12-19T21:00:10.847Z,"181 km E of Hihifo, Tonga",earthquake,,,,,reviewed,us,hrv
1990-10-24T14:57:58.110Z,73.361,54.707,0.0,5.7,mb,,,,0.9,us,usp0004g3y,2015-06-16T17:27:58.577Z,"Novaya Zemlya, Russia",nuclear explosion,,,,102.0,reviewed,us,us
1990-10-24T20:56:30.100Z,19.896,144.226,453.5,4.8,mb,,,,0.6,us,usp0004g48,2014-11-07T00:47:18.185Z,"Maug Islands region, Northern Mariana Islands",earthquake,,13.3,,10.0,reviewed,us,us
1990-10-24T21:47:15.380Z,-6.958,130.999,33.0,4.9,mb,,,,1.2,us,usp0004g4a,2014-11-07T00:47:18.189Z,"243 km SW of Tual, Indonesia",earthquake,,,,12.0,reviewed,us,us
1990-10-24T23:09:42.300Z,33.544,141.063,57.6,5.1,mb,,,,1.0,us,usp0004g4b,2014-11-07T00:47:18.194Z,"190 km SSE of Katsuura, Japan",earthquake,,11.8,,7.0,reviewed,us,us
1990-10-24T23:38:15.180Z,44.117,83.856,20.1,5.2,mw,,,,0.9,us,usp0004g4d,2022-04-28T19:36:18.579Z,"90 km NNE of Xinyuan, China",earthquake,,,,,reviewed,us,hrv
1990-10-24T23:46:57.600Z,44.119,83.876,21.6,5.3,mb,,,,0.9,us,usp0004g4e,2022-04-28T19:36:20.255Z,"91 km NNE of Xinyuan, China",earthquake,,,,77.0,reviewed,us,us
1990-10-25T03:24:09.150Z,23.83,-108.715,10.0,5.3,mw,,,,1.3,us,usp0004g4q,2025-12-19T21:00:12.266Z,"92 km ENE of La Rivera, Mexico",earthquake,,,,,reviewed,us,hrv
1990-10-25T04:52:06.030Z,76.243,8.409,10.0,4.6,mb,,,,1.5,us,usp0004g4r,2014-11-07T00:47:18.282Z,"283 km SW of Longyearbyen, Svalbard and Jan Mayen",earthquake,,,,7.0,reviewed,us,us
1990-10-25T04:53:59.980Z,35.121,70.486,113.9,5.8,mw,,,,1.0,us,usp0004g4s,2022-04-28T19:36:21.551Z,"51 km SW of P?r?n, Afghanistan",earthquake,,,,,reviewed,us,hrv
1990-10-25T07:28:24.160Z,51.841,156.716,33.0,4.7,mb,,,,1.1,us,usp0004g4x,2014-11-07T00:47:18.337Z,"41 km NNE of Ozernovskiy, Russia",earthquake,,,,12.0,reviewed,us,us
1990-10-25T09:05:25.440Z,-24.174,-179.731,537.9,5.0,mb,,,,1.1,us,usp0004g4y,2014-11-07T00:47:18.339Z,south of the Fiji Islands,earthquake,,22.1,,6.0,reviewed,us,us
1990-10-25T09:33:14.590Z,14.1,-92.323,58.7,4.6,mb,,,,1.2,us,usp0004g4z,2014-11-07T00:47:18.342Z,"47 km SSW of Ocós, Guatemala",earthquake,,11.0,,15.0,reviewed,us,us
1990-10-25T11:01:38.720Z,8.307,126.462,44.1,6.5,mw,,,,1.1,us,usp0004g51,2022-04-28T19:36:22.980Z,"13 km E of Tidman, Philippines",earthquake,,,,,reviewed,us,nc
1990-10-25T14:15:29.370Z,28.307,54.198,45.4,4.7,mb,,,,1.1,us,usp0004g55,2014-11-07T00:47:18.395Z,"59 km SW of D?r?b, Iran",earthquake,,8.6,,23.0,reviewed,us,us
1990-10-25T16:33:33.450Z,-6.189,154.96,142.0,5.9,mw,,,,1.0,us,usp0004g5a,2022-04-28T19:36:24.294Z,"59 km WNW of Panguna, Papua New Guinea",earthquake,,,,,reviewed,us,hrv
1990-10-25T21:10:25.300Z,-19.064,169.253,245.1,4.6,mb,,,,0.6,us,usp0004g5q,2014-11-07T00:47:18.460Z,"52 km N of Isangel, Vanuatu",earthquake,,6.2,,5.0,reviewed,us,us
1990-10-26T00:17:50.580Z,33.979,25.941,30.9,4.5,mb,,,,1.3,us,usp0004g5w,2014-11-07T00:47:18.518Z,"116 km S of Ierápetra, Greece",earthquake,,5.4,,29.0,reviewed,us,us
1990-10-26T05:49:37.940Z,-35.143,-16.426,10.0,6.1,mw,,,,1.2,us,usp0004g67,2022-04-28T19:36:29.712Z,southern Mid-Atlantic Ridge,earthquake,,,,,reviewed,us,hrv
1990-10-26T06:04:15.730Z,-35.368,-16.108,10.0,5.5,ms,,,,1.2,us,usp0004g69,2022-04-28T17:25:00.615Z,southern Mid-Atlantic Ridge,earthquake,,,,3.0,reviewed,us,us
1990-10-26T13:40:39.550Z,-8.017,129.473,190.9,5.4,mb,,,,1.4,us,usp0004g6n,2014-11-07T00:47:18.877Z,"278 km ENE of Lospalos, Timor Leste",earthquake,,40.9,,4.0,reviewed,us,us
1990-10-26T18:17:35.130Z,56.121,110.048,21.1,5.2,mw,,,,0.9,us,usp0004g6u,2022-04-28T19:36:35.473Z,"20 km N of Kichera, Russia",earthquake,,,,,reviewed,us,hrv
1990-10-26T20:06:59.600Z,-56.136,-27.737,110.0,4.9,mb,,,,1.0,us,usp0004g6y,2014-11-07T00:47:18.910Z,South Sandwich Islands region,earthquake,,,,3.0,reviewed,us,us
1990-10-26T21:07:27.040Z,-9.792,121.736,33.0,5.0,mb,,,,1.3,us,usp0004g6z,2014-11-07T00:47:18.912Z,"105 km S of Ende, Indonesia",earthquake,,,,1.0,reviewed,us,us
1990-10-26T21:40:53.310Z,29.711,50.845,33.0,4.6,mb,,,,1.3,us,usp0004g70,2014-11-07T00:47:18.913Z,"34 km ENE of Bandar-e Gen?veh, Iran",earthquake,,,,6.0,reviewed,us,us
1990-10-26T22:18:09.150Z,28.355,52.4,26.2,4.6,mb,,,,1.3,us,usp0004g71,2014-11-07T00:47:18.915Z,"56 km SSW of F?r?z?b?d, Iran",earthquake,,10.7,,14.0,reviewed,us,us
1990-10-26T23:53:18.440Z,1.145,129.122,33.0,4.7,mb,,,,1.1,us,usp0004g73,2014-11-07T00:47:18.922Z,"139 km ESE of Tobelo, Indonesia",earthquake,,,,4.0,reviewed,us,us
1990-10-27T03:42:13.210Z,37.139,71.759,33.0,5.0,mb,,,,0.5,us,usp0004g79,2014-11-07T00:47:18.936Z,"42 km SSE of Khorugh, Tajikistan",earthquake,,,,6.0,reviewed,us,us
1990-10-27T03:59:39.180Z,45.039,146.182,143.9,4.7,mb,,,,0.9,us,usp0004g7c,2014-11-07T00:47:18.940Z,"110 km NNE of Otrada, Russia",earthquake,,16.2,,39.0,reviewed,us,us
1990-10-27T07:30:11.660Z,-31.372,-178.96,503.2,4.8,mb,,,,1.3,us,usp0004g7g,2014-11-07T00:47:18.949Z,Kermadec Islands region,earthquake,,21.4,,2.0,reviewed,us,us
1990-10-27T12:47:20.350Z,18.321,-63.304,63.2,5.2,mb,,,,0.8,us,usp0004g7v,2014-11-07T00:47:18.970Z,"26 km WNW of Sandy Ground Village, Anguilla",earthquake,,,,59.0,reviewed,us,us
1990-10-27T14:04:41.810Z,34.154,139.336,10.0,4.6,mb,,,,1.2,us,usp0004g7x,2014-11-07T00:47:19.156Z,"68 km SSE of Shimoda, Japan",earthquake,,,,7.0,reviewed,us,us
1990-10-27T15:07:55.030Z,-0.892,129.148,33.0,5.0,mb,,,,1.5,us,usp0004g7z,2014-11-07T00:47:19.163Z,"235 km W of Sorong, Indonesia",earthquake,,,,2.0,reviewed,us,us
1990-10-27T15:49:14.020Z,-23.467,178.917,560.9,4.9,mb,,,,0.9,us,usp0004g81,2014-11-07T00:47:19.167Z,south of the Fiji Islands,earthquake,,5.2,,19.0,reviewed,us,us
1990-10-27T16:31:21.700Z,6.75,-71.949,40.5,5.0,mb,,,,1.0,us,usp0004g83,2014-11-07T00:47:19.176Z,"19 km WSW of Fortul, Colombia",earthquake,,4.7,,55.0,reviewed,us,us
1990-10-27T19:16:53.290Z,1.494,99.033,128.8,4.9,mb,,,,1.0,us,usp0004g84,2014-11-07T00:47:19.186Z,"29 km WNW of Padangsidempuan, Indonesia",earthquake,,13.4,,19.0,reviewed,us,us
1990-10-28T01:18:35.630Z,14.254,-90.038,184.6,4.5,mb,,,,0.9,us,usp0004g89,2014-11-07T00:47:19.199Z,"1 km S of Quesada, Guatemala",earthquake,,32.9,,2.0,reviewed,us,us
1990-10-28T01:34:45.060Z,7.26,-72.853,184.3,4.5,mb,,,,0.7,us,usp0004g8a,2014-11-07T00:47:19.200Z,"5 km SSE of Vetas, Colombia",earthquake,,7.9,,9.0,reviewed,us,us
1990-10-28T02:27:44.330Z,-4.816,-76.898,33.0,4.8,mb,,,,1.4,us,usp0004g8b,2020-04-16T19:17:34.334Z,"24 km W of Barranca, Peru",earthquake,,,,1.0,reviewed,us,us
1990-10-28T06:53:01.290Z,49.682,155.885,47.6,5.4,mw,,,,0.9,us,usp0004g8h,2022-04-28T19:36:40.615Z,"111 km S of Severo-Kuril’sk, Russia",earthquake,,,,,reviewed,us,hrv
1990-10-28T07:41:09.070Z,-2.662,88.362,10.0,5.3,mb,,,,1.2,us,usp0004g8j,2014-11-07T00:47:19.237Z,South Indian Ocean,earthquake,,,,11.0,reviewed,us,us
1990-10-28T11:43:38.010Z,-7.561,129.204,33.0,4.5,mb,,,,1.2,us,usp0004g8r,2014-11-07T00:47:19.252Z,"265 km ENE of Lospalos, Timor Leste",earthquake,,,,5.0,reviewed,us,us
1990-10-28T15:57:24.660Z,-7.44,128.379,156.2,5.4,mb,,,,1.1,us,usp0004g90,2022-04-28T19:36:42.025Z,"193 km NE of Lospalos, Timor Leste",earthquake,,5.6,,33.0,reviewed,us,us
1990-10-28T16:03:41.920Z,-57.911,-23.151,33.0,5.3,mb,,,,0.9,us,usp0004g91,2014-11-07T00:47:19.278Z,South Sandwich Islands region,earthquake,,,,1.0,reviewed,us,us
1990-10-28T17:14:50.910Z,30.682,81.555,33.0,4.5,mb,,,,1.1,us,usp0004g95,2014-11-07T00:47:19.287Z,"56 km NE of Burang, China",earthquake,,,,8.0,reviewed,us,us
1990-10-28T17:56:42.900Z,10.1,93.789,33.0,4.6,mb,,,,1.0,us,usp0004g96,2014-11-07T00:47:19.290Z,"207 km SSE of Port Blair, India",earthquake,,,,10.0,reviewed,us,us
1990-10-28T20:12:30.180Z,40.321,139.101,178.7,4.5,mb,,,,0.3,us,usp0004g98,2014-11-07T00:47:19.293Z,"79 km W of Noshiro, Japan",earthquake,,21.1,,14.0,reviewed,us,us
1990-10-29T00:11:54.650Z,-11.428,161.196,33.0,4.8,mb,,,,1.1,us,usp0004g9f,2014-11-07T00:47:19.309Z,"133 km SW of Kirakira, Solomon Islands",earthquake,,,,9.0,reviewed,us,us
1990-10-29T00:26:00.760Z,-63.497,172.276,10.0,5.0,mb,,,,1.2,us,usp0004g9g,2014-11-07T00:47:19.312Z,Balleny Islands region,earthquake,,,,4.0,reviewed,us,us
1990-10-29T01:05:00.470Z,-15.271,-173.666,42.3,5.4,ms,,,,0.9,us,usp0004g9k,2014-11-07T00:47:19.324Z,"76 km N of Hihifo, Tonga",earthquake,,,,1.0,reviewed,us,us
1990-10-29T02:21:28.550Z,18.941,-102.004,98.6,5.1,mb,,,,1.0,us,usp0004g9n,2014-11-07T00:47:19.331Z,"6 km NE of El Chauz, Mexico",earthquake,,4.1,,39.0,reviewed,us,us
1990-10-29T05:47:27.980Z,-63.653,172.65,10.0,5.5,mw,,,,1.1,us,usp0004g9t,2025-12-19T21:00:13.546Z,Balleny Islands region,earthquake,,,,,reviewed,us,hrv
1990-10-29T06:19:11.210Z,-63.49,172.361,10.0,5.4,ms,,,,1.2,us,usp0004g9u,2022-04-28T19:36:43.546Z,Balleny Islands region,earthquake,,,,3.0,reviewed,us,us
1990-10-29T06:42:41.710Z,-55.981,-143.243,10.0,5.5,mw,,,,1.3,us,usp0004g9v,2025-12-19T21:00:14.778Z,Pacific-Antarctic Ridge,earthquake,,,,,reviewed,us,hrv
1990-10-29T08:16:14.120Z,36.232,14.671,23.9,4.5,mb,,,,1.4,us,usp0004g9z,2014-11-07T00:47:19.366Z,"37 km NNE of Pembroke, Malta",earthquake,,4.5,,6.0,reviewed,us,us
1990-10-29T08:52:40.180Z,40.289,77.887,33.0,5.1,mb,,,,0.9,us,usp0004ga2,2014-11-07T00:47:19.379Z,"186 km ENE of Kashgar, China",earthquake,,,,8.0,reviewed,us,us
1990-10-29T10:07:53.200Z,-15.527,167.43,127.3,4.8,mb,,,,1.0,us,usp0004ga5,2014-11-07T00:47:19.383Z,"28 km E of Luganville, Vanuatu",earthquake,,16.9,,6.0,reviewed,us,us
1990-10-29T11:31:38.640Z,36.512,141.838,16.4,4.6,mb,,,,1.0,us,usp0004ga9,2014-11-07T00:47:19.391Z,"102 km ESE of Kitaibaraki, Japan",earthquake,,8.4,,1.0,reviewed,us,us
1990-10-29T11:32:54.620Z,26.521,92.405,33.0,4.9,mb,,,,0.8,us,usp0004gaa,2014-11-07T00:47:19.394Z,"9 km NW of Dhing, India",earthquake,,,,18.0,reviewed,us,us
1990-10-29T13:01:26.910Z,36.381,70.352,206.7,4.8,mb,,,,0.5,us,usp0004gad,2014-11-07T00:47:19.400Z,"49 km ESE of Farkh?r, Afghanistan",earthquake,,23.1,,2.0,reviewed,us,us
1990-10-29T16:53:57.080Z,8.815,126.637,75.0,5.0,mb,,,,0.7,us,usp0004gah,2014-11-07T00:47:19.407Z,"36 km ESE of Aras-asan, Philippines",earthquake,,18.0,,10.0,reviewed,us,us
1990-10-29T22:04:25.210Z,-31.888,-70.269,116.3,4.5,mb,,,,1.1,us,usp0004gar,2014-11-07T00:47:19.421Z,"66 km E of Salamanca, Chile",earthquake,,6.6,,4.0,reviewed,us,us
1990-10-29T22:26:19.210Z,-20.666,168.729,43.3,4.5,mb,,,,1.0,us,usp0004gas,2014-11-07T00:47:19.423Z,"131 km NE of Tadine, New Caledonia",earthquake,,16.4,,1.0,reviewed,us,us
1990-10-29T23:29:33.930Z,-9.09,108.926,33.0,4.9,mb,,,,0.9,us,usp0004gav,2014-11-07T00:47:19.429Z,"164 km SSW of Kroya, Indonesia",earthquake,,,,11.0,reviewed,us,us
1990-10-30T01:01:00.690Z,-17.451,-70.236,125.0,4.5,mb,,,,1.3,us,usp0004gax,2014-11-07T00:47:19.434Z,"5 km NNW of Chipispaya, Peru",earthquake,,7.1,,8.0,reviewed,us,us
1990-10-30T04:05:16.810Z,14.694,146.894,40.9,5.6,mb,,,,1.1,us,usp0004gb2,2014-11-07T00:47:19.448Z,"135 km ESE of Saipan, Northern Mariana Islands",earthquake,,,,7.0,reviewed,us,us
1990-10-30T04:29:02.400Z,-21.829,170.036,33.0,5.0,mb,,,,1.4,us,usp0004gb3,2014-11-07T00:47:19.451Z,"225 km E of Tadine, New Caledonia",earthquake,,,,7.0,reviewed,us,us
1990-10-30T07:30:06.510Z,3.796,123.235,550.9,5.4,mw,,,,0.9,us,usp0004gb5,2025-12-19T20:56:19.555Z,"284 km SSW of Maitum, Philippines",earthquake,,4.6,,,reviewed,us,hrv
1990-10-30T09:46:52.880Z,36.745,71.89,33.0,4.7,mb,,,,0.6,us,usp0004gbc,2014-11-07T00:47:19.475Z,"24 km E of Ishqoshim, Tajikistan",earthquake,,,,6.0,reviewed,us,us
1990-10-30T11:05:22.950Z,-10.396,124.137,18.9,4.6,mb,,,,0.7,us,usp0004gbd,2014-11-07T00:47:19.476Z,"61 km SSW of Soe, Indonesia",earthquake,,10.7,,8.0,reviewed,us,us
1990-10-30T12:30:36.370Z,63.013,-24.514,5.0,4.8,mb,,,,1.1,us,usp0004gbe,2014-11-07T00:47:19.478Z,"138 km SW of Grindavík, Iceland",earthquake,,,,28.0,reviewed,us,us
1990-10-30T12:54:46.690Z,63.102,-24.671,5.0,4.7,mb,,,,1.1,us,usp0004gbf,2014-11-07T00:47:19.483Z,"138 km SW of Grindavík, Iceland",earthquake,,,,15.0,reviewed,us,us
1990-10-30T13:07:10.050Z,63.045,-24.588,5.0,4.7,mb,,,,1.2,us,usp0004gbh,2014-11-07T00:47:19.487Z,"138 km SW of Grindavík, Iceland",earthquake,,,,18.0,reviewed,us,us
1990-10-30T13:35:52.090Z,63.347,-24.466,5.0,5.1,mb,,,,0.6,us,usp0004gbj,2014-11-07T00:47:19.490Z,"114 km WSW of Grindavík, Iceland",earthquake,,,,6.0,reviewed,us,us
1990-10-30T13:57:55.170Z,63.252,-24.509,5.0,4.9,mb,,,,1.2,us,usp0004gbk,2014-11-07T00:47:19.492Z,"121 km WSW of Grindavík, Iceland",earthquake,,,,21.0,reviewed,us,us
1990-10-30T14:03:35.630Z,63.116,-24.302,5.0,4.9,mw,,,,1.3,us,usp0004gbm,2016-11-09T23:50:57.794Z,"122 km SW of Grindavík, Iceland",earthquake,,,,,reviewed,us,hrv
1990-10-30T15:47:30.560Z,63.303,-24.148,5.0,4.7,mb,,,,0.6,us,usp0004gbp,2014-11-07T00:47:19.505Z,"103 km SW of Grindavík, Iceland",earthquake,,,,8.0,reviewed,us,us
1990-10-30T18:24:14.530Z,34.835,140.077,141.1,4.9,mb,,,,0.5,us,usp0004gbu,2014-11-07T00:47:19.517Z,"25 km SE of Tateyama, Japan",earthquake,,6.3,,4.0,reviewed,us,us
1990-10-30T19:09:34.000Z,12.566,48.253,10.0,4.7,mb,,,,1.2,us,usp0004gbv,2014-11-07T00:47:19.519Z,"155 km N of Las Khorey, Somalia",earthquake,,,,4.0,reviewed,us,us
1990-10-30T19:15:49.920Z,63.234,-24.308,5.0,4.8,mb,,,,1.1,us,usp0004gbw,2014-11-07T00:47:19.521Z,"114 km SW of Grindavík, Iceland",earthquake,,,,37.0,reviewed,us,us
1990-10-30T21:23:36.780Z,63.224,-24.405,5.0,4.7,mb,,,,1.1,us,usp0004gc0,2014-11-07T00:47:19.534Z,"119 km SW of Grindavík, Iceland",earthquake,,,,15.0,reviewed,us,us
1990-10-30T23:08:59.810Z,-40.085,78.294,10.0,4.9,ms,,,,0.5,us,usp0004gc4,2014-11-07T00:47:19.546Z,Mid-Indian Ridge,earthquake,,,,2.0,reviewed,us,us
1990-10-30T23:10:04.620Z,63.197,-24.378,5.0,4.6,mb,,,,1.3,us,usp0004gc5,2014-11-07T00:47:19.549Z,"120 km SW of Grindavík, Iceland",earthquake,,,,9.0,reviewed,us,us
1990-10-31T00:51:43.360Z,63.221,-24.352,5.0,5.0,mb,,,,1.2,us,usp0004gc7,2014-11-07T00:47:19.554Z,"117 km SW of Grindavík, Iceland",earthquake,,,,27.0,reviewed,us,us
1990-10-31T02:11:52.510Z,-8.738,124.065,49.3,4.8,mb,,,,0.9,us,usp0004gc9,2014-11-07T00:47:19.562Z,"61 km NW of Pante Makasar, Timor Leste",earthquake,,14.6,,9.0,reviewed,us,us
1990-10-31T03:44:17.300Z,63.303,-24.153,5.0,4.7,mb,,,,0.9,us,usp0004gcb,2014-11-07T00:47:19.594Z,"103 km SW of Grindavík, Iceland",earthquake,,,,12.0,reviewed,us,us
1990-10-31T04:00:45.010Z,63.294,-24.638,5.0,4.8,mb,,,,1.1,us,usp0004gcc,2014-11-07T00:47:19.597Z,"124 km WSW of Grindavík, Iceland",earthquake,,,,13.0,reviewed,us,us
1990-10-31T04:50:10.900Z,62.891,-24.634,5.0,5.0,mb,,,,0.6,us,usp0004gce,2014-11-07T00:47:19.669Z,"152 km SW of Grindavík, Iceland",earthquake,,,,7.0,reviewed,us,us
1990-10-31T05:52:17.390Z,63.239,-24.548,5.0,4.7,mb,,,,0.6,us,usp0004gcg,2014-11-07T00:47:19.673Z,"124 km WSW of Grindavík, Iceland",earthquake,,,,8.0,reviewed,us,us
1990-10-31T06:23:37.320Z,63.198,-24.192,5.0,4.8,mb,,,,1.0,us,usp0004gcj,2014-11-07T00:47:19.719Z,"112 km SW of Grindavík, Iceland",earthquake,,,,9.0,reviewed,us,us
1990-10-31T06:58:53.480Z,63.26,-24.341,5.0,4.7,mb,,,,1.1,us,usp0004gcm,2014-11-07T00:47:19.747Z,Iceland region,earthquake,,,,21.0,reviewed,us,us
1990-10-31T08:34:22.070Z,14.992,-60.887,71.7,4.9,mb,,,,1.3,us,usp0004gcp,2014-11-07T00:47:19.773Z,"25 km NE of Le Lorrain, Martinique",earthquake,,4.4,,11.0,reviewed,us,us
1990-10-31T08:39:37.670Z,63.61,-24.499,5.0,4.7,mb,,,,1.0,us,usp0004gcq,2014-11-07T00:47:19.792Z,"100 km WSW of Sandgerði, Iceland",earthquake,,,,1.0,reviewed,us,us
1990-10-31T09:20:32.450Z,-6.057,127.802,221.1,4.8,mb,,,,1.3,us,usp0004gct,2014-11-07T00:47:19.860Z,"264 km S of Ambon, Indonesia",earthquake,,22.1,,6.0,reviewed,us,us
1990-10-31T10:05:48.040Z,-7.435,127.872,130.6,4.6,mb,,,,1.0,us,usp0004gcy,2014-11-07T00:47:19.873Z,"154 km NE of Lospalos, Timor Leste",earthquake,,29.9,,4.0,reviewed,us,us
1990-10-31T12:25:14.380Z,-17.813,-178.798,540.1,4.8,mb,,,,1.0,us,usp0004gd1,2014-11-07T00:47:19.910Z,"201 km E of Levuka, Fiji",earthquake,,5.0,,29.0,reviewed,us,us
1990-10-31T14:39:27.220Z,-26.634,-70.481,59.9,5.6,mw,,,,1.1,us,usp0004gd4,2022-04-28T19:36:45.169Z,"52 km SW of Diego de Almagro, Chile",earthquake,,,,,reviewed,us,hrv
1990-10-31T15:15:11.320Z,51.984,158.683,33.0,5.1,mb,,,,0.7,us,usp0004gd6,2014-11-07T00:47:20.131Z,"107 km S of Vilyuchinsk, Russia",earthquake,,,,32.0,reviewed,us,us
1990-10-31T20:53:28.540Z,-8.734,123.973,75.5,5.4,mb,,,,1.2,us,usp0004gde,2014-11-07T00:47:20.149Z,"68 km NW of Pante Makasar, Timor Leste",earthquake,,17.7,,6.0,reviewed,us,us
1990-10-31T21:20:06.740Z,42.744,142.59,99.9,4.5,mb,,,,0.9,us,usp0004gdg,2014-11-07T00:47:20.154Z,"49 km NNE of Shizunai-furukawach?, Japan",earthquake,,8.3,,8.0,reviewed,us,us
1990-11-01T01:56:44.650Z,-55.997,-143.195,10.0,5.2,mw,,,,1.1,us,usp0004gdp,2025-12-19T20:56:01.777Z,Pacific-Antarctic Ridge,earthquake,,,,,reviewed,us,hrv
1990-11-01T03:39:43.900Z,-3.533,139.367,35.3,5.7,mw,,,,1.0,us,usp0004gds,2022-04-28T19:32:57.080Z,"174 km SW of Abepura, Indonesia",earthquake,,,,,reviewed,us,hrv
1990-11-01T04:03:19.060Z,-6.704,125.636,515.3,5.5,mw,,,,0.9,us,usp0004gdu,2025-12-19T20:56:02.463Z,"202 km N of Metinaro, Timor Leste",earthquake,,5.8,,,reviewed,us,hrv
1990-11-01T04:06:57.050Z,-30.63,177.94,33.0,4.5,mb,,,,1.3,us,usp0004gdv,2014-11-07T00:47:22.126Z,north of New Zealand,earthquake,,,,1.0,reviewed,us,us
1990-11-01T06:06:53.250Z,-4.479,-104.735,10.0,5.5,mw,,,,1.2,us,usp0004gdx,2025-12-19T20:56:03.387Z,central East Pacific Rise,earthquake,,,,,reviewed,us,hrv
1990-11-01T06:57:01.110Z,-5.707,150.132,159.6,4.7,mb,,,,1.0,us,usp0004gdy,2014-11-07T00:47:22.220Z,"17 km S of Kimbe, Papua New Guinea",earthquake,,12.9,,3.0,reviewed,us,us
1990-11-01T13:48:02.510Z,-7.202,-76.069,112.3,4.6,mb,,,,0.7,us,usp0004ge1,2014-11-07T00:47:22.256Z,"42 km SE of Picota, Peru",earthquake,,12.6,,1.0,reviewed,us,us
1990-11-01T17:52:26.420Z,-18.094,-178.427,601.4,5.0,mb,,,,0.8,us,usp0004ge5,2014-11-07T00:47:22.297Z,"238 km E of Levuka, Fiji",earthquake,,4.6,,45.0,reviewed,us,us
1990-11-01T19:41:41.410Z,-21.145,32.653,10.0,4.6,mb,,,,1.2,us,usp0004ge9,2014-11-07T00:47:22.417Z,"103 km E of Chiredzi, Zimbabwe",earthquake,,,,1.0,reviewed,us,us
1990-11-01T20:19:15.000Z,-5.637,148.984,177.4,5.0,mb,,,,0.8,us,usp0004geb,2014-11-07T00:47:22.439Z,"88 km NW of Kandrian, Papua New Guinea",earthquake,,6.0,,7.0,reviewed,us,us
1990-11-02T01:16:36.750Z,-17.092,-175.225,307.0,4.5,mb,,,,1.1,us,usp0004gej,2014-11-07T00:47:22.502Z,"197 km SW of Hihifo, Tonga",earthquake,,19.0,,3.0,reviewed,us,us
1990-11-02T01:41:28.410Z,-23.854,179.855,570.1,5.1,mb,,,,1.1,us,usp0004gek,2014-11-07T00:47:22.520Z,south of the Fiji Islands,earthquake,,15.6,,10.0,reviewed,us,us
1990-11-02T07:22:35.650Z,-21.251,-174.366,28.3,5.6,mw,,,,1.2,us,usp0004geu,2022-04-28T19:32:58.132Z,"61 km E of ‘Ohonua, Tonga",earthquake,,,,,reviewed,us,hrv
1990-11-02T08:45:33.260Z,26.406,129.15,33.0,4.9,mb,,,,1.1,us,usp0004gez,2014-11-07T00:47:22.806Z,"118 km ESE of Nago, Japan",earthquake,,,,7.0,reviewed,us,us
1990-11-02T11:09:18.130Z,13.777,143.934,33.0,4.8,mb,,,,1.0,us,usp0004gf2,2014-11-07T00:47:22.832Z,"89 km WNW of Piti Village, Guam",earthquake,,,,5.0,reviewed,us,us
1990-11-02T12:50:17.820Z,41.188,142.158,71.0,5.4,mw,,,,1.0,us,usp0004gf4,2025-12-19T20:56:04.279Z,"79 km E of Mutsu, Japan",earthquake,,,,,reviewed,us,hrv
1990-11-02T20:59:26.820Z,-26.951,-63.317,558.2,5.1,mb,,,,1.0,us,usp0004gfb,2014-11-07T00:47:22.979Z,"12 km NW of El Hoyo, Argentina",earthquake,,4.7,,47.0,reviewed,us,us
1990-11-02T21:54:04.450Z,65.239,145.92,10.0,4.6,mb,,,,1.0,us,usp0004gfe,2014-11-07T00:47:23.040Z,"147 km ENE of Ust-Nera, Russia",earthquake,,,,8.0,reviewed,us,us
1990-11-03T00:31:28.800Z,-21.358,33.282,10.0,5.1,mw,,,,1.4,us,usp0004gfh,2022-04-28T19:32:59.257Z,"146 km SSE of Chipinge, Zimbabwe",earthquake,,,,,reviewed,us,hrv
1990-11-03T04:35:15.030Z,27.562,96.758,41.6,4.7,mb,,,,1.2,us,usp0004gfp,2014-11-07T00:47:23.110Z,"60 km SSE of Hayuliang, India",earthquake,,14.1,,4.0,reviewed,us,us
1990-11-03T11:20:19.320Z,14.656,54.303,10.0,5.3,mw,,,,1.2,us,usp0004gfx,2025-12-19T20:56:05.055Z,"224 km N of Hadibu, Yemen",earthquake,,,,,reviewed,us,hrv
1990-11-03T14:17:49.570Z,-18.129,-178.458,601.5,5.3,mw,,,,0.9,us,usp0004gg5,2025-12-19T20:56:05.922Z,"235 km E of Levuka, Fiji",earthquake,,3.5,,,reviewed,us,hrv
1990-11-03T15:21:01.790Z,12.902,122.493,33.0,4.7,mb,,,,1.4,us,usp0004gg8,2014-11-07T00:47:23.695Z,"33 km SSW of Pansoy, Philippines",earthquake,,,,8.0,reviewed,us,us
1990-11-03T16:39:57.700Z,39.031,71.426,51.2,5.4,mw,,,,1.2,us,usp0004gga,2022-04-28T19:33:00.348Z,"24 km SSW of Karakenja, Tajikistan",earthquake,,9.9,,,reviewed,us,hrv
1990-11-03T17:25:13.860Z,40.882,89.071,22.0,5.1,mb,,,,1.0,us,usp0004ggb,2022-04-28T19:33:01.558Z,"229 km S of Turpan, China",earthquake,,,,55.0,reviewed,us,us
1990-11-03T19:47:09.270Z,-17.605,-69.487,143.8,4.8,mb,,,,1.2,us,usp0004ggd,2014-11-07T00:47:23.925Z,"53 km ENE of Palca, Peru",earthquake,,6.4,,12.0,reviewed,us,us
1990-11-03T20:00:20.870Z,-7.475,128.273,139.5,5.4,mb,,,,1.0,us,usp0004gge,2014-11-07T00:47:23.965Z,"Kepulauan Barat Daya, Indonesia",earthquake,,5.4,,26.0,reviewed,us,us
1990-11-03T20:43:03.200Z,45.204,150.091,50.0,4.6,mb,,,,0.7,us,usp0004ggf,2014-11-07T00:47:23.992Z,"173 km E of Kuril’sk, Russia",earthquake,,,,19.0,reviewed,us,us
1990-11-04T06:08:54.050Z,56.339,-153.554,33.0,4.6,mb,,,,1.0,us,usp0004ggs,2014-11-07T00:47:24.037Z,"77 km SSE of Akhiok, Alaska",earthquake,,,,8.0,reviewed,us,us
1990-11-04T06:09:18.510Z,57.9453,-152.9815,45.5,4.6,mb,,,,0.4,ak,ak990e5h5gln,2020-09-14T18:41:45.292Z,"10 km NW of Port Lions, Alaska",earthquake,,2.1,,,reviewed,ak,ak
1990-11-04T06:55:59.850Z,-13.117,-173.466,33.0,4.7,mb,,,,1.3,us,usp0004ggt,2014-11-07T00:47:24.051Z,"100 km WNW of Asau, Samoa",earthquake,,,,2.0,reviewed,us,us
1990-11-04T11:13:22.710Z,30.729,139.963,104.0,4.6,mb,,,,0.9,us,usp0004gh1,2014-11-07T00:47:24.096Z,"Izu Islands, Japan region",earthquake,,7.8,,13.0,reviewed,us,us
1990-11-04T12:41:53.720Z,30.094,140.183,33.0,4.7,mb,,,,1.3,us,usp0004gh3,2014-11-07T00:47:24.109Z,"Izu Islands, Japan region",earthquake,,,,10.0,reviewed,us,us
1990-11-04T12:59:40.650Z,-27.924,-66.68,174.3,4.5,mb,,,,1.4,us,usp0004gh4,2014-11-07T00:47:24.117Z,"50 km ESE of Londres, Argentina",earthquake,,8.7,,3.0,reviewed,us,us
1990-11-04T15:43:07.100Z,-14.654,167.218,148.5,4.9,mb,,,,0.9,us,usp0004gha,2014-11-07T00:47:24.142Z,"45 km NNE of Port-Olry, Vanuatu",earthquake,,6.9,,17.0,reviewed,us,us
1990-11-04T17:57:32.880Z,19.755,145.316,171.3,4.6,mb,,,,0.9,us,usp0004ghc,2014-11-07T00:47:24.176Z,"Maug Islands region, Northern Mariana Islands",earthquake,,24.5,,6.0,reviewed,us,us
1990-11-04T18:13:43.060Z,-15.721,-72.619,121.0,5.8,mw,,,,1.1,us,usp0004ghd,2022-04-28T19:33:02.662Z,"15 km N of Iray, Peru",earthquake,,4.9,,,reviewed,us,hrv
1990-11-04T18:26:08.130Z,0.808,125.187,33.0,5.3,mb,,,,1.1,us,usp0004ghe,2014-11-07T00:47:24.227Z,"62 km SSE of Tondano, Indonesia",earthquake,,,,11.0,reviewed,us,us
1990-11-04T22:04:45.480Z,51.186,178.948,33.0,5.5,mw,,,,0.9,us,usp0004ghn,2022-04-28T19:33:03.836Z,"Rat Islands, Aleutian Islands, Alaska",earthquake,,,,,reviewed,us,hrv
1990-11-04T22:23:06.340Z,12.975,145.198,51.8,5.4,mw,,,,1.2,us,usp0004ghp,2025-12-19T20:56:06.733Z,"58 km SE of Inarajan Village, Guam",earthquake,,7.5,,,reviewed,us,hrv
1990-11-05T00:20:05.320Z,33.825,137.702,317.3,4.9,mb,,,,0.8,us,usp0004ghq,2014-11-07T00:47:24.355Z,"97 km S of Hamamatsu, Japan",earthquake,,,,60.0,reviewed,us,us
1990-11-05T02:21:42.370Z,27.006,53.44,39.8,4.5,mb,,,,1.1,us,usp0004ghs,2014-11-07T00:47:24.393Z,"76 km NW of K?sh, Iran",earthquake,,12.4,,12.0,reviewed,us,us
1990-11-05T08:07:45.800Z,46.871,150.433,130.0,4.5,mb,,,,1.3,us,usp0004gj1,2014-11-07T00:47:24.448Z,"269 km NE of Kuril’sk, Russia",earthquake,,,,12.0,reviewed,us,us
1990-11-05T12:33:56.020Z,51.912,174.955,33.0,4.9,mb,,,,1.3,us,usp0004gj7,2014-11-07T00:47:24.474Z,"159 km SE of Attu Station, Alaska",earthquake,,,,5.0,reviewed,us,us
1990-11-05T12:47:36.960Z,-17.015,176.986,33.0,5.0,mb,,,,1.3,us,usp0004gj8,2014-11-07T00:47:24.478Z,"82 km NW of Lautoka, Fiji",earthquake,,,,4.0,reviewed,us,us
1990-11-05T13:22:54.530Z,-17.495,167.984,33.4,5.3,mw,,,,1.1,us,usp0004gj9,2025-12-19T20:56:07.666Z,"44 km NW of Port-Vila, Vanuatu",earthquake,,,,,reviewed,us,hrv
1990-11-05T15:34:13.220Z,-43.651,-16.157,10.0,5.3,mw,,,,1.2,us,usp0004gjc,2025-12-19T20:56:08.474Z,southern Mid-Atlantic Ridge,earthquake,,,,,reviewed,us,hrv
1990-11-05T17:20:52.790Z,15.775,-93.234,121.9,4.7,mb,,,,1.2,us,usp0004gjg,2014-11-07T00:47:24.559Z,"10 km NNW of Pijijiapan, Mexico",earthquake,,6.3,,12.0,reviewed,us,us
1990-11-05T17:29:16.790Z,33.526,140.898,74.1,4.6,mb,,,,1.3,us,usp0004gjj,2014-11-07T00:47:24.575Z,"187 km SSE of Tateyama, Japan",earthquake,,10.7,,10.0,reviewed,us,us
1990-11-05T19:17:17.010Z,38.87,71.366,33.0,4.8,ms,,,,1.4,us,usp0004gjn,2014-11-07T00:47:24.598Z,"42 km SSW of Karakenja, Tajikistan",earthquake,,,,1.0,reviewed,us,us
1990-11-06T00:37:15.650Z,16.336,121.095,10.0,5.0,mb,,,,1.2,us,usp0004gjq,2014-11-07T00:47:24.617Z,"1 km S of Almaguer North, Philippines",earthquake,,,,19.0,reviewed,us,us
1990-11-06T00:40:34.260Z,-20.501,-178.673,607.0,5.4,mw,,,,1.0,us,usp0004gjr,2025-12-19T20:52:44.080Z,Fiji region,earthquake,,6.0,,,reviewed,us,hrv
1990-11-06T01:54:30.810Z,11.892,143.596,32.2,4.8,mb,,,,1.1,us,usp0004gjs,2014-11-07T00:47:24.703Z,"191 km SW of Merizo Village, Guam",earthquake,,6.4,,12.0,reviewed,us,us
1990-11-06T03:41:54.190Z,-59.819,-26.391,33.0,4.9,mb,,,,0.6,us,usp0004gjt,2014-11-07T00:47:24.713Z,South Sandwich Islands region,earthquake,,,,4.0,reviewed,us,us
1990-11-06T05:46:24.950Z,-8.127,118.023,201.9,5.1,mb,,,,1.1,us,usp0004gjv,2014-11-07T00:47:24.728Z,"66 km NW of Dompu, Indonesia",earthquake,,12.7,,14.0,reviewed,us,us
1990-11-06T10:24:04.740Z,11.873,143.638,33.0,4.9,mb,,,,0.9,us,usp0004gk0,2014-11-07T00:47:24.747Z,"190 km SW of Merizo Village, Guam",earthquake,,9.9,,10.0,reviewed,us,us
1990-11-06T13:00:09.240Z,-20.111,169.348,107.5,4.7,mb,,,,1.2,us,usp0004gk1,2014-11-07T00:47:24.754Z,"63 km S of Isangel, Vanuatu",earthquake,,10.6,,5.0,reviewed,us,us
1990-11-06T14:04:26.850Z,11.866,143.601,30.8,4.9,mb,,,,0.9,us,usp0004gk4,2014-11-07T00:47:24.777Z,"193 km SW of Merizo Village, Guam",earthquake,,5.5,,10.0,reviewed,us,us
1990-11-06T14:50:29.400Z,-37.937,177.25,157.3,4.8,mb,,,,1.1,us,usp0004gk5,2014-11-07T00:47:24.786Z,"8 km NNW of Opotiki, New Zealand",earthquake,,3.6,,6.0,reviewed,us,us
1990-11-06T15:14:41.860Z,-6.618,130.258,33.0,5.0,mb,,,,1.4,us,usp0004gk6,2014-11-07T00:47:24.800Z,"296 km WSW of Tual, Indonesia",earthquake,,,,5.0,reviewed,us,us
1990-11-06T15:39:08.430Z,-0.952,-79.09,109.1,4.5,mb,,,,0.6,us,usp0004gk8,2014-11-07T00:47:24.813Z,"15 km E of La Maná, Ecuador",earthquake,,8.1,,2.0,reviewed,us,us
1990-11-06T17:27:54.710Z,-7.623,159.163,39.2,5.2,mw,,,,1.0,us,usp0004gkd,2022-04-28T19:33:05.038Z,"74 km NW of Buala, Solomon Islands",earthquake,,,,,reviewed,us,hrv
1990-11-06T18:45:52.230Z,28.251,55.462,10.6,6.6,mw,,,,1.0,us,usp0004gkf,2022-04-28T19:33:06.147Z,"105 km ESE of D?r?b, Iran",earthquake,,,,,reviewed,us,hrv
1990-11-06T19:30:20.070Z,28.237,55.365,17.9,5.7,ms,,,,1.1,us,usp0004gkg,2022-04-28T19:33:07.286Z,"98 km SE of D?r?b, Iran",earthquake,,,,2.0,reviewed,us,us
1990-11-06T20:14:29.740Z,53.452,169.871,24.8,7.1,mw,,,,0.9,us,usp0004gkj,2022-04-28T19:33:08.375Z,"231 km WNW of Attu Station, Alaska",earthquake,,,,,reviewed,us,hrv
1990-11-06T20:57:33.710Z,53.309,169.827,33.0,4.7,mb,,,,1.1,us,usp0004gkk,2014-11-07T00:47:25.181Z,"230 km WNW of Attu Station, Alaska",earthquake,,,,5.0,reviewed,us,us
1990-11-06T22:17:27.810Z,9.439,145.439,42.7,4.9,mb,,,,1.1,us,usp0004gkm,2014-11-07T00:47:25.186Z,"State of Yap, Federated States of Micronesia",earthquake,,,,3.0,reviewed,us,us
1990-11-06T22:27:00.270Z,53.628,169.426,40.4,5.0,mb,,,,0.8,us,usp0004gkn,2014-11-07T00:47:25.198Z,"265 km WNW of Attu Station, Alaska",earthquake,,,,38.0,reviewed,us,us
1990-11-06T23:02:28.830Z,53.381,169.761,31.4,4.9,mb,,,,0.9,us,usp0004gkp,2014-11-07T00:47:25.222Z,"236 km WNW of Attu Station, Alaska",earthquake,,,,14.0,reviewed,us,us
1990-11-06T23:22:53.150Z,53.404,169.835,33.0,4.5,mb,,,,1.0,us,usp0004gkq,2014-11-07T00:47:25.229Z,"232 km WNW of Attu Station, Alaska",earthquake,,,,3.0,reviewed,us,us
1990-11-06T23:38:23.530Z,34.126,63.219,179.2,4.5,mb,,,,0.4,us,usp0004gkr,2014-11-07T00:47:25.232Z,"70 km SE of Karukh, Afghanistan",earthquake,,11.2,,2.0,reviewed,us,us
1990-11-07T04:12:40.960Z,-27.617,-71.696,59.5,4.7,mb,,,,1.1,us,usp0004gkv,2014-11-07T00:47:25.262Z,"137 km WSW of Copiapó, Chile",earthquake,,11.0,,2.0,reviewed,us,us
1990-11-07T14:36:27.790Z,5.643,125.247,77.8,5.7,mw,,,,1.3,us,usp0004gm7,2022-04-28T19:33:09.585Z,"7 km SSW of Pangyan, Philippines",earthquake,,6.5,,,reviewed,us,hrv
1990-11-07T14:59:37.590Z,-58.669,-25.633,33.0,4.9,mb,,,,1.2,us,usp0004gm8,2014-11-07T00:47:25.372Z,South Sandwich Islands region,earthquake,,,,4.0,reviewed,us,us
1990-11-07T16:48:38.760Z,-20.701,-178.293,541.7,5.4,mw,,,,0.8,us,usp0004gmc,2025-12-19T20:56:09.254Z,Fiji region,earthquake,,,,,reviewed,us,hrv
1990-11-07T17:51:52.780Z,-4.099,140.201,66.8,4.5,mb,,,,1.2,us,usp0004gmd,2014-11-07T00:47:25.465Z,"172 km SSW of Abepura, Indonesia",earthquake,,15.1,,1.0,reviewed,us,us
1990-11-07T19:05:27.970Z,-55.974,-27.538,47.6,5.7,mw,,,,1.0,us,usp0004gmf,2022-04-28T19:33:10.779Z,South Sandwich Islands region,earthquake,,,,,reviewed,us,hrv
1990-11-07T20:42:29.070Z,5.876,92.075,35.0,4.6,mb,,,,1.0,us,usp0004gmg,2014-11-07T00:47:25.503Z,off the west coast of northern Sumatra,earthquake,,,,5.0,reviewed,us,us
1990-11-08T00:38:42.750Z,-10.912,112.814,63.5,4.8,mb,,,,1.2,us,usp0004gmk,2014-11-07T00:47:25.516Z,"297 km SSW of Kencong, Indonesia",earthquake,,16.5,,8.0,reviewed,us,us
1990-11-08T07:06:16.840Z,-9.919,116.511,71.7,5.1,mb,,,,1.1,us,usp0004gmx,2014-11-07T00:47:25.548Z,"136 km S of Praya, Indonesia",earthquake,,15.9,,14.0,reviewed,us,us
1990-11-08T08:46:38.780Z,-4.989,101.768,33.0,4.6,mb,,,,0.4,us,usp0004gn1,2014-11-07T00:47:25.568Z,"142 km SSW of Bengkulu, Indonesia",earthquake,,,,3.0,reviewed,us,us
1990-11-08T09:53:55.890Z,14.026,-92.514,43.6,4.8,mb,,,,1.2,us,usp0004gn4,2014-11-07T00:47:25.577Z,"63 km SSW of Ocós, Guatemala",earthquake,,11.8,,7.0,reviewed,us,us
1990-11-08T10:15:46.150Z,-28.881,-176.187,50.6,5.3,mw,,,,1.1,us,usp0004gn8,2025-12-19T20:56:10.115Z,Kermadec Islands region,earthquake,,,,,reviewed,us,hrv
1990-11-08T11:37:33.240Z,2.55,126.649,33.0,4.9,mb,,,,1.3,us,usp0004gnb,2014-11-07T00:47:25.628Z,"176 km WNW of Tobelo, Indonesia",earthquake,,,,7.0,reviewed,us,us
1990-11-08T13:12:54.920Z,11.757,-85.872,163.3,5.5,mw,,,,1.3,us,usp0004gnd,2025-12-19T20:56:10.840Z,"19 km E of Nandaime, Nicaragua",earthquake,,,,,reviewed,us,hrv
1990-11-08T14:10:42.240Z,-8.549,108.939,73.6,5.3,mw,,,,1.2,us,usp0004gne,2025-12-19T20:56:11.581Z,"106 km SSW of Kroya, Indonesia",earthquake,,13.0,,,reviewed,us,hrv
1990-11-08T14:56:00.480Z,-13.809,66.221,10.0,5.2,mw,,,,0.9,us,usp0004gnj,2025-12-19T20:56:12.436Z,Mid-Indian Ridge,earthquake,,,,,reviewed,us,hrv
1990-11-08T16:49:22.160Z,-14.054,170.514,33.0,5.3,mw,,,,1.0,us,usp0004gnm,2016-11-09T23:55:14.006Z,Vanuatu region,earthquake,,,,,reviewed,us,hrv
1990-11-08T16:50:23.920Z,-14.382,170.497,628.0,5.25,mw,,,,,iscgem,iscgem349989,2025-12-19T20:56:13.322Z,Vanuatu region,earthquake,,25.0,0.1,,reviewed,iscgem,iscgem
1990-11-08T20:38:19.940Z,-4.8,151.749,162.5,4.7,mb,,,,1.0,us,usp0004gnx,2014-11-07T00:47:25.714Z,"76 km SW of Kokopo, Papua New Guinea",earthquake,,8.1,,8.0,reviewed,us,us
1990-11-09T10:39:19.080Z,-8.133,-74.412,147.5,4.8,mb,,,,0.9,us,usp0004gpd,2014-11-07T00:47:25.748Z,"31 km NNE of Pucallpa, Peru",earthquake,,5.7,,30.0,reviewed,us,us
1990-11-09T14:40:24.520Z,11.869,143.587,33.0,4.5,mb,,,,0.8,us,usp0004gpr,2014-11-07T00:47:25.780Z,"194 km SW of Merizo Village, Guam",earthquake,,,,1.0,reviewed,us,us
1990-11-09T14:54:26.400Z,11.272,-62.407,116.9,4.5,mb,,,,1.2,us,usp0004gps,2014-11-07T00:47:25.782Z,"77 km N of Güiria, Venezuela",earthquake,,28.4,,1.0,reviewed,us,us
1990-11-09T15:10:47.160Z,11.923,143.726,48.1,5.0,mb,,,,1.0,us,usp0004gpt,2014-11-07T00:47:25.784Z,"180 km SW of Merizo Village, Guam",earthquake,,9.3,,17.0,reviewed,us,us
1990-11-09T16:50:42.700Z,30.632,86.233,10.0,4.7,mb,,,,1.1,us,usp0004gpx,2014-11-07T00:47:25.794Z,"174 km NE of Saga, China",earthquake,,,,22.0,reviewed,us,us
1990-11-09T19:09:23.470Z,30.733,86.289,10.0,4.9,mb,,,,1.3,us,usp0004gpz,2014-11-07T00:47:25.800Z,"186 km NNE of Saga, China",earthquake,,,,21.0,reviewed,us,us
1990-11-09T19:13:39.680Z,30.921,86.327,10.0,4.9,mb,,,,1.0,us,usp0004gq0,2014-11-07T00:47:25.807Z,"206 km NNE of Saga, China",earthquake,,,,23.0,reviewed,us,us
1990-11-09T20:59:49.140Z,-11.522,117.573,33.0,4.5,mb,,,,1.3,us,usp0004gq4,2014-11-07T00:47:25.816Z,"south of Sumbawa, Indonesia",earthquake,,,,5.0,reviewed,us,us
1990-11-09T21:11:42.210Z,9.053,-84.121,35.7,4.5,mb,,,,1.3,us,usp0004gq6,2014-11-07T00:47:25.821Z,"42 km S of Quepos, Costa Rica",earthquake,,15.4,,9.0,reviewed,us,us
1990-11-09T22:46:08.540Z,-24.157,-66.861,175.2,4.9,mb,,,,1.1,us,usp0004gq8,2014-11-07T00:47:25.826Z,"Salta, Argentina",earthquake,,7.3,,8.0,reviewed,us,us
1990-11-09T23:06:05.740Z,11.835,143.688,37.9,4.9,mb,,,,0.9,us,usp0004gq9,2014-11-07T00:47:25.829Z,"190 km SW of Merizo Village, Guam",earthquake,,10.8,,14.0,reviewed,us,us
1990-11-09T23:11:13.150Z,11.809,143.694,33.0,4.8,mb,,,,0.8,us,usp0004gqa,2014-11-07T00:47:25.833Z,"192 km SSW of Merizo Village, Guam",earthquake,,,,5.0,reviewed,us,us
1990-11-10T01:14:12.770Z,15.441,-94.703,39.4,5.0,mb,,,,1.0,us,usp0004gqe,2014-11-07T00:47:25.840Z,"87 km S of San Francisco del Mar Viejo, Mexico",earthquake,,6.8,,33.0,reviewed,us,us
1990-11-10T09:46:03.250Z,35.329,71.587,33.0,5.3,mb,,,,0.1,us,usp0004gqu,2014-11-07T00:47:25.871Z,"29 km WNW of Upper Dir, Pakistan",earthquake,,,,4.0,reviewed,us,us
1990-11-10T10:04:12.610Z,-19.218,-178.204,519.9,4.6,mb,,,,1.1,us,usp0004gqv,2014-11-07T00:47:25.872Z,"290 km ESE of Levuka, Fiji",earthquake,,11.9,,3.0,reviewed,us,us
1990-11-10T11:07:46.860Z,-1.664,100.478,80.1,4.9,mb,,,,1.1,us,usp0004gqy,2014-11-07T00:47:25.878Z,"80 km S of Padang, Indonesia",earthquake,,9.9,,11.0,reviewed,us,us
1990-11-10T11:30:29.080Z,12.212,93.749,33.0,5.4,mw,,,,1.1,us,usp0004gr0,2022-04-28T19:33:11.944Z,"124 km ENE of Port Blair, India",earthquake,,,,,reviewed,us,hrv
1990-11-10T15:41:22.090Z,-21.116,-178.979,632.8,5.2,mb,,,,0.9,us,usp0004gr5,2014-11-07T00:47:25.908Z,Fiji region,earthquake,,5.8,,40.0,reviewed,us,us
1990-11-10T17:20:29.960Z,-6.954,-80.075,33.0,4.8,mb,,,,0.8,us,usp0004gr7,2014-11-07T00:47:25.926Z,"20 km SW of Pimentel, Peru",earthquake,,,,4.0,reviewed,us,us
1990-11-10T19:05:54.110Z,44.367,142.161,15.6,5.1,mb,,,,1.0,us,usp0004gr8,2014-11-07T00:47:25.928Z,"23 km W of Nayoro, Japan",earthquake,,,,41.0,reviewed,us,us
1990-11-10T19:28:24.900Z,-7.354,128.43,136.8,4.9,mb,,,,1.0,us,usp0004gr9,2014-11-07T00:47:25.938Z,"203 km NE of Lospalos, Timor Leste",earthquake,,10.4,,19.0,reviewed,us,us
1990-11-10T21:13:02.490Z,33.571,140.826,39.7,4.9,mb,,,,0.8,us,usp0004gre,2014-11-07T00:47:25.954Z,"179 km SSE of Tateyama, Japan",earthquake,,16.6,,2.0,reviewed,us,us
1990-11-11T01:53:40.730Z,49.444,-28.544,10.0,4.7,ms,,,,1.0,us,usp0004grg,2014-11-07T00:47:25.959Z,northern Mid-Atlantic Ridge,earthquake,,,,14.0,reviewed,us,us
1990-11-11T01:57:20.900Z,-9.613,159.818,39.4,4.9,ms,,,,1.1,us,usp0004grh,2014-11-07T00:47:25.991Z,"14 km NE of Malango, Solomon Islands",earthquake,,6.7,,1.0,reviewed,us,us
1990-11-11T03:19:44.360Z,39.215,71.832,33.0,5.1,mb,,,,1.2,us,usp0004grj,2022-04-28T19:33:13.093Z,"26 km E of Karakenja, Tajikistan",earthquake,,,,60.0,reviewed,us,us
1990-11-11T04:31:13.990Z,9.815,-78.457,33.0,4.8,mb,,,,1.2,us,usp0004grq,2014-11-07T00:47:26.018Z,"43 km NNE of Narganá, Panama",earthquake,,,,8.0,reviewed,us,us
1990-11-11T07:06:28.900Z,74.683,8.182,10.0,5.3,mw,,,,1.3,us,usp0004grt,2025-12-19T20:56:14.143Z,Greenland Sea,earthquake,,,,,reviewed,us,hrv
1990-11-11T07:46:06.840Z,31.006,141.667,33.0,4.5,mb,,,,1.1,us,usp0004grv,2014-11-07T00:47:26.045Z,"Izu Islands, Japan region",earthquake,,,,5.0,reviewed,us,us
1990-11-11T07:48:22.360Z,30.992,141.592,36.5,5.4,mw,,,,1.1,us,usp0004grw,2025-12-19T20:56:14.895Z,"Izu Islands, Japan region",earthquake,,,,,reviewed,us,hrv
1990-11-11T09:05:11.320Z,47.08,146.839,400.0,4.5,mb,,,,1.0,us,usp0004gry,2014-11-07T00:47:26.071Z,"221 km NNW of Kuril’sk, Russia",earthquake,,,,9.0,reviewed,us,us
1990-11-11T11:33:15.470Z,13.841,144.442,142.9,5.4,mb,,,,0.9,us,usp0004gs3,2014-11-07T00:47:26.089Z,"49 km NNW of Piti Village, Guam",earthquake,,6.3,,2.0,reviewed,us,us
1990-11-11T11:57:37.210Z,33.985,11.941,10.0,5.2,mw,,,,1.2,us,usp0004gs4,2025-12-19T20:56:15.628Z,"89 km ENE of Midoun, Tunisia",earthquake,,,,,reviewed,us,hrv
1990-11-11T15:10:10.140Z,0.317,122.228,130.9,5.1,mb,,,,0.9,us,usp0004gsc,2014-11-07T00:47:26.129Z,"96 km WSW of Gorontalo, Indonesia",earthquake,,15.3,,17.0,reviewed,us,us
1990-11-11T17:13:34.010Z,73.894,10.105,10.0,5.2,mb,,,,1.4,us,usp0004gsj,2014-11-07T00:47:26.145Z,Norwegian Sea,earthquake,,,,4.0,reviewed,us,us
1990-11-11T22:16:24.940Z,46.136,14.054,22.3,4.7,ml,,,,1.2,us,usp0004gss,2014-11-07T00:47:26.167Z,"5 km ENE of Cerkno, Slovenia",earthquake,,3.4,,,reviewed,us,grf
1990-11-11T23:59:03.530Z,24.091,121.758,34.3,5.5,mw,,,,1.1,us,usp0004gsy,2022-04-28T19:33:18.431Z,"20 km NE of Hualien City, Taiwan",earthquake,,5.3,,,reviewed,us,hrv
1990-11-12T00:51:31.040Z,-9.455,113.813,89.6,4.5,mb,,,,1.6,us,usp0004gt1,2014-11-07T00:47:26.216Z,"122 km SSW of Gambiran Satu, Indonesia",earthquake,,20.7,,2.0,reviewed,us,us
1990-11-12T02:47:13.880Z,-5.493,128.871,163.7,4.8,mb,,,,1.4,us,usp0004gt6,2014-11-07T00:47:26.228Z,"212 km SSE of Ambon, Indonesia",earthquake,,40.5,,2.0,reviewed,us,us
1990-11-12T04:12:56.260Z,-6.014,130.413,117.5,5.2,mb,,,,1.0,us,usp0004gt8,2014-11-07T00:47:26.233Z,"262 km W of Tual, Indonesia",earthquake,,14.0,,15.0,reviewed,us,us
1990-11-12T05:52:56.020Z,-5.195,154.233,428.1,5.0,mb,,,,1.5,us,usp0004gtb,2014-11-07T00:47:26.244Z,"186 km NW of Panguna, Papua New Guinea",earthquake,,14.1,,3.0,reviewed,us,us
1990-11-12T07:05:42.080Z,21.718,142.997,310.1,4.7,mb,,,,1.0,us,usp0004gtd,2014-11-07T00:47:26.248Z,Mariana Islands region,earthquake,,8.5,,14.0,reviewed,us,us
1990-11-12T07:59:24.490Z,-4.616,131.055,33.0,4.5,mb,,,,1.2,us,usp0004gte,2014-11-07T00:47:26.253Z,"218 km WNW of Tual, Indonesia",earthquake,,,,2.0,reviewed,us,us
1990-11-12T11:19:50.660Z,36.403,71.16,235.9,5.2,mw,,,,1.0,us,usp0004gtv,2025-12-19T20:56:16.457Z,"45 km SW of Ashk?sham, Afghanistan",earthquake,,,,,reviewed,us,hrv
1990-11-12T12:23:01.430Z,31.106,141.739,54.7,4.7,mb,,,,1.0,us,usp0004gtz,2014-11-07T00:47:26.318Z,"Izu Islands, Japan region",earthquake,,16.3,,4.0,reviewed,us,us
1990-11-12T12:28:51.520Z,42.959,78.071,19.1,6.4,mw,,,,1.2,us,usp0004gu0,2022-04-28T19:33:19.638Z,"35 km NW of Tyup, Kyrgyzstan",earthquake,,,,,reviewed,us,nc
1990-11-12T15:45:20.480Z,33.414,75.715,67.9,4.7,mb,,,,1.2,us,usp0004gu9,2014-11-07T00:47:26.382Z,"12 km NNW of Kishtw?r, India",earthquake,,12.4,,18.0,reviewed,us,us
1990-11-12T15:47:13.860Z,8.4,58.319,10.0,5.0,mb,,,,0.8,us,usp0004gua,2014-11-07T00:47:26.387Z,Carlsberg Ridge,earthquake,,,,16.0,reviewed,us,us
1990-11-12T15:48:08.260Z,9.006,58.548,10.0,5.2,mb,,,,0.4,us,usp0004gub,2014-11-07T00:47:26.391Z,Carlsberg Ridge,earthquake,,,,15.0,reviewed,us,us
1990-11-12T15:49:56.880Z,9.83,58.514,10.0,4.9,mb,,,,0.3,us,usp0004guc,2014-11-07T00:47:26.393Z,Carlsberg Ridge,earthquake,,,,7.0,reviewed,us,us
1990-11-12T15:54:33.030Z,8.074,58.857,10.0,5.1,mb,,,,0.5,us,usp0004gud,2014-11-07T00:47:26.395Z,Carlsberg Ridge,earthquake,,,,9.0,reviewed,us,us
1990-11-12T16:00:50.550Z,40.254,51.621,53.6,5.1,mb,,,,0.9,us,usp0004gue,2022-04-28T19:33:21.354Z,"112 km ESE of Pirallah?, Azerbaijan",earthquake,,8.2,,48.0,reviewed,us,us
1990-11-12T16:38:43.820Z,-15.588,167.47,119.3,4.9,mb,,,,1.3,us,usp0004guk,2014-11-07T00:47:26.425Z,"33 km ESE of Luganville, Vanuatu",earthquake,,10.6,,6.0,reviewed,us,us
1990-11-12T17:22:44.340Z,-5.018,153.192,69.3,4.6,mb,,,,1.5,us,usp0004gun,2014-11-07T00:47:26.433Z,"126 km SE of Kokopo, Papua New Guinea",earthquake,,27.5,,3.0,reviewed,us,us
1990-11-12T19:31:51.680Z,-4.381,152.575,104.3,4.6,mb,,,,1.1,us,usp0004gus,2014-11-07T00:47:26.453Z,"34 km E of Kokopo, Papua New Guinea",earthquake,,,,4.0,reviewed,us,us
1990-11-12T20:58:57.330Z,-25.863,179.415,490.8,5.1,mb,,,,1.3,us,usp0004guy,2014-11-07T00:47:26.466Z,south of the Fiji Islands,earthquake,,9.1,,13.0,reviewed,us,us
1990-11-13T00:48:43.930Z,11.122,-83.599,33.0,4.5,mb,,,,1.7,us,usp0004gv2,2014-11-07T00:47:26.477Z,"24 km NE of Greytown, Nicaragua",earthquake,,,,1.0,reviewed,us,us
1990-11-13T02:35:07.870Z,46.104,138.637,14.1,5.9,mw,,,,1.0,us,usp0004gv5,2022-04-28T19:33:22.633Z,"54 km SSE of Svetlaya, Russia",earthquake,,,,,reviewed,us,hrv
1990-11-13T07:15:11.510Z,15.452,147.618,33.0,4.8,mb,,,,0.9,us,usp0004gvb,2014-11-07T00:47:26.535Z,"201 km E of Saipan, Northern Mariana Islands",earthquake,,,,1.0,reviewed,us,us
1990-11-13T07:38:57.090Z,15.588,147.802,33.0,4.7,mb,,,,0.8,us,usp0004gvc,2014-11-07T00:47:26.537Z,"223 km E of Saipan, Northern Mariana Islands",earthquake,,,,8.0,reviewed,us,us
1990-11-13T10:25:15.950Z,9.226,126.3,33.0,4.7,mb,,,,0.9,us,usp0004gvj,2014-11-07T00:47:26.548Z,"13 km ESE of Burgos, Philippines",earthquake,,,,5.0,reviewed,us,us
1990-11-13T10:30:00.380Z,-2.445,139.863,33.0,5.2,mb,,,,1.2,us,usp0004gvk,2014-11-07T00:47:26.549Z,"87 km W of Abepura, Indonesia",earthquake,,,,15.0,reviewed,us,us
1990-11-13T11:04:12.100Z,36.6,71.369,183.7,4.5,mb,,,,1.0,us,usp0004gvp,2014-11-07T00:47:26.557Z,"17 km WSW of Ashk?sham, Afghanistan",earthquake,,8.8,,41.0,reviewed,us,us
1990-11-13T12:29:19.800Z,15.575,147.809,31.2,5.0,mb,,,,0.8,us,usp0004gvw,2014-11-07T00:47:26.572Z,"224 km E of Saipan, Northern Mariana Islands",earthquake,,,,19.0,reviewed,us,us
1990-11-13T12:37:57.710Z,15.553,147.732,33.0,4.8,mb,,,,0.6,us,usp0004gvx,2014-11-07T00:47:26.579Z,"215 km E of Saipan, Northern Mariana Islands",earthquake,,,,3.0,reviewed,us,us
1990-11-13T15:22:03.200Z,44.537,-129.489,10.0,4.5,mb,,,,0.5,us,usp0004gw1,2014-11-07T00:47:26.586Z,off the coast of Oregon,earthquake,,,,1.0,reviewed,us,us
1990-11-13T18:58:43.040Z,-6.785,131.683,33.0,5.0,mb,,,,1.2,us,usp0004gw6,2014-11-07T00:47:26.601Z,"174 km SW of Tual, Indonesia",earthquake,,,,10.0,reviewed,us,us
1990-11-13T20:13:29.380Z,-0.062,-16.671,10.0,5.0,mb,,,,1.1,us,usp0004gw8,2014-11-07T00:47:26.608Z,north of Ascension Island,earthquake,,,,31.0,reviewed,us,us
1990-11-13T20:26:20.910Z,-6.948,128.777,74.9,4.6,mb,,,,1.6,us,usp0004gwa,2014-11-07T00:47:26.615Z,"262 km NE of Lospalos, Timor Leste",earthquake,,35.1,,1.0,reviewed,us,us
1990-11-13T21:18:55.320Z,-31.054,-178.722,207.7,5.2,mb,,,,1.3,us,usp0004gwd,2014-11-07T00:47:26.620Z,Kermadec Islands region,earthquake,,10.6,,4.0,reviewed,us,us
1990-11-13T22:11:52.350Z,15.64,147.789,34.3,4.7,mb,,,,0.9,us,usp0004gwe,2014-11-07T00:47:26.622Z,"223 km ENE of Saipan, Northern Mariana Islands",earthquake,,,,11.0,reviewed,us,us
1990-11-14T00:31:39.490Z,-28.122,26.789,5.0,4.8,mb,,,,1.5,us,usp0004gwm,2020-08-29T00:15:21.951Z,"7 km WSW of Virginia, South Africa",earthquake,,,,2.0,reviewed,us,us
1990-11-14T01:49:12.150Z,44.154,148.745,79.1,4.7,mb,,,,1.1,us,usp0004gwq,2014-11-07T00:47:26.639Z,"137 km SSE of Kuril’sk, Russia",earthquake,,11.8,,16.0,reviewed,us,us
1990-11-14T03:14:37.260Z,-3.034,142.068,33.0,5.2,mb,,,,1.1,us,usp0004gws,2014-11-07T00:47:26.648Z,"near the north coast of New Guinea, Papua New Guinea",earthquake,,,,3.0,reviewed,us,us
1990-11-14T07:44:55.720Z,7.616,-36.026,10.0,5.0,mb,,,,0.7,us,usp0004gx1,2014-11-07T00:47:26.664Z,central Mid-Atlantic Ridge,earthquake,,,,16.0,reviewed,us,us
1990-11-14T09:45:17.240Z,46.05,150.944,33.0,4.9,mb,,,,1.0,us,usp0004gx4,2014-11-07T00:47:26.673Z,"255 km ENE of Kuril’sk, Russia",earthquake,,,,33.0,reviewed,us,us
1990-11-14T14:43:37.440Z,46.105,138.527,25.1,4.8,mb,,,,0.9,us,usp0004gxh,2014-11-07T00:47:26.695Z,"Primor'ye, Russia",earthquake,,,,35.0,reviewed,us,us
1990-11-14T16:30:59.040Z,12.251,141.136,126.8,5.4,mb,,,,1.1,us,usp0004gxp,2014-11-07T00:47:26.713Z,"283 km NNE of Fais, Micronesia",earthquake,,19.2,,4.0,reviewed,us,us
1990-11-14T18:11:58.030Z,-22.258,-138.805,0.0,5.5,mb,,,,1.1,us,usp0004gxs,2015-06-16T17:27:59.513Z,"Tuamotu Archipelago, French Polynesia region",nuclear explosion,,,,18.0,reviewed,us,us
1990-11-14T18:45:03.860Z,27.44,66.092,37.1,5.6,mw,,,,0.9,us,usp0004gxy,2022-04-28T19:33:23.795Z,"65 km SW of Khuzdar, Pakistan",earthquake,,,,,reviewed,us,hrv
1990-11-14T19:17:00.710Z,37.227,-116.371,0.0,5.4,mb,,,,,us,usp0004gy0,2016-04-01T23:15:52.136Z,"49 km NE of Beatty, Nevada",nuclear explosion,,,,56.0,reviewed,doe,us
1990-11-14T21:08:41.400Z,15.59,147.753,30.2,4.9,mb,,,,0.9,us,usp0004gy8,2014-11-07T00:47:26.792Z,"218 km E of Saipan, Northern Mariana Islands",earthquake,,,,17.0,reviewed,us,us
1990-11-14T21:17:19.530Z,16.171,148.028,33.0,4.7,mb,,,,0.8,us,usp0004gy9,2014-11-07T00:47:26.795Z,"265 km ENE of Saipan, Northern Mariana Islands",earthquake,,,,1.0,reviewed,us,us
1990-11-14T22:51:07.920Z,-7.382,128.503,140.1,4.7,mb,,,,1.3,us,usp0004gyc,2014-11-07T00:47:26.801Z,"208 km NE of Lospalos, Timor Leste",earthquake,,44.1,,1.0,reviewed,us,us
1990-11-15T02:34:32.400Z,3.908,97.457,48.4,6.7,mw,,,,1.1,us,usp0004gyj,2022-04-28T19:33:25.006Z,"84 km SW of Langsa, Indonesia",earthquake,,,,,reviewed,us,hrv
1990-11-15T03:28:27.970Z,23.895,92.937,49.4,5.2,ms,,,,1.0,us,usp0004gyk,2022-04-28T19:33:26.160Z,"13 km S of Darlawn, India",earthquake,,,,1.0,reviewed,us,us
1990-11-15T04:27:17.020Z,17.91,-97.33,70.4,4.7,mb,,,,1.2,us,usp0004gyp,2014-11-07T00:47:26.883Z,"21 km N of Coixtlahuaca, Mexico",earthquake,,,,10.0,reviewed,us,us
1990-11-15T04:48:12.220Z,3.982,97.324,30.4,5.8,mb,,,,1.1,us,usp0004gyr,2022-04-28T19:33:27.328Z,"89 km SW of Langsa, Indonesia",earthquake,,12.0,,70.0,reviewed,us,us
1990-11-15T05:18:45.870Z,3.909,97.291,53.5,5.6,mb,,,,1.1,us,usp0004gys,2022-04-28T19:33:28.434Z,"97 km SW of Langsa, Indonesia",earthquake,,11.8,,55.0,reviewed,us,us
1990-11-15T05:47:22.000Z,3.923,97.349,48.5,5.4,mb,,,,1.0,us,usp0004gyt,2014-11-07T00:47:26.931Z,"91 km SW of Langsa, Indonesia",earthquake,,10.6,,59.0,reviewed,us,us
1990-11-15T09:43:11.820Z,15.024,122.036,22.1,4.9,mb,,,,1.2,us,usp0004gz0,2014-11-07T00:47:26.954Z,"5 km N of Karligan, Philippines",earthquake,,,,10.0,reviewed,us,us
1990-11-15T15:18:00.680Z,51.119,93.238,29.1,5.0,mb,,,,1.0,us,usp0004gzm,2022-04-28T19:33:29.581Z,"33 km W of Khovu-Aksy, Russia",earthquake,,,,50.0,reviewed,us,us
1990-11-15T16:40:52.280Z,38.993,144.586,33.0,4.5,mb,,,,0.7,us,usp0004gzn,2014-11-07T00:47:26.990Z,"233 km ESE of Yamada, Japan",earthquake,,,,4.0,reviewed,us,us
1990-11-15T17:32:26.230Z,0.43,125.325,33.0,5.0,mb,,,,0.7,us,usp0004gzq,2014-11-07T00:47:26.993Z,"107 km SSE of Tondano, Indonesia",earthquake,,,,7.0,reviewed,us,us
1990-11-15T21:41:27.750Z,49.563,156.037,33.0,4.6,mb,,,,0.6,us,usp0004gzt,2014-11-07T00:47:27.003Z,"123 km S of Severo-Kuril’sk, Russia",earthquake,,,,18.0,reviewed,us,us
1990-11-15T21:48:16.900Z,26.18,128.699,33.0,4.7,mb,,,,1.5,us,usp0004gzu,2014-11-07T00:47:27.005Z,"84 km ESE of Katsuren-haebaru, Japan",earthquake,,,,7.0,reviewed,us,us
1990-11-16T04:18:23.440Z,29.884,70.582,33.0,4.7,mb,,,,0.6,us,usp0004h02,2020-04-16T19:17:11.365Z,"18 km SSW of Dera Ghazi Khan, Pakistan",earthquake,,,,5.0,reviewed,us,us
1990-11-16T07:20:10.160Z,-59.707,-26.244,33.0,5.7,mw,,,,1.0,us,usp0004h09,2022-04-28T19:33:30.683Z,South Sandwich Islands region,earthquake,,,,,reviewed,us,hrv
1990-11-16T10:06:49.610Z,2.882,95.823,33.0,4.9,mb,,,,1.4,us,usp0004h0c,2014-11-07T00:47:27.053Z,"76 km NW of Sinabang, Indonesia",earthquake,,,,8.0,reviewed,us,us
1990-11-16T11:53:30.630Z,-33.728,-177.395,33.0,4.8,mb,,,,1.5,us,usp0004h0d,2014-11-07T00:47:27.055Z,south of the Kermadec Islands,earthquake,,,,2.0,reviewed,us,us
1990-11-16T14:43:52.330Z,-31.688,-178.605,82.9,5.6,mb,,,,1.3,us,usp0004h0m,2014-11-07T00:47:27.074Z,Kermadec Islands region,earthquake,,11.1,,6.0,reviewed,us,us
1990-11-16T15:41:20.930Z,-15.256,-177.7,407.2,4.6,mb,,,,1.0,us,usp0004h0q,2014-11-07T00:47:27.085Z,"113 km SSE of Alo, Wallis and Futuna",earthquake,,9.3,,10.0,reviewed,us,us
1990-11-16T16:29:04.230Z,52.099,-170.983,56.1,4.8,mb,,,,0.9,us,usp0004h0r,2014-11-07T00:47:27.090Z,"171 km SW of Nikolski, Alaska",earthquake,,8.6,,29.0,reviewed,us,us
1990-11-16T19:55:39.280Z,12.308,145.006,33.0,4.5,mb,,,,0.4,us,usp0004h0u,2014-11-07T00:47:27.099Z,"110 km SSE of Inarajan Village, Guam",earthquake,,,,1.0,reviewed,us,us
1990-11-16T21:38:50.810Z,-35.211,-17.127,10.0,4.9,mb,,,,1.1,us,usp0004h0v,2014-11-07T00:47:27.100Z,southern Mid-Atlantic Ridge,earthquake,,,,1.0,reviewed,us,us
1990-11-16T22:54:49.060Z,28.046,139.132,542.9,4.7,mb,,,,0.9,us,usp0004h0x,2014-11-07T00:47:27.104Z,"Bonin Islands, Japan region",earthquake,,12.7,,11.0,reviewed,us,us
1990-11-16T23:17:43.280Z,-20.345,-177.904,566.3,4.7,mb,,,,1.0,us,usp0004h0y,2014-11-07T00:47:27.107Z,"294 km WNW of Haveluloto, Tonga",earthquake,,10.6,,14.0,reviewed,us,us
1990-11-17T02:09:24.610Z,-5.83,129.231,222.4,5.1,mb,,,,1.3,us,usp0004h11,2014-11-07T00:47:27.118Z,"263 km SSE of Ambon, Indonesia",earthquake,,15.2,,14.0,reviewed,us,us
1990-11-17T02:13:05.070Z,1.261,99.059,127.3,4.9,mb,,,,1.1,us,usp0004h12,2014-11-07T00:47:27.122Z,"27 km WSW of Padangsidempuan, Indonesia",earthquake,,10.7,,11.0,reviewed,us,us
1990-11-17T10:24:24.770Z,-8.679,-79.881,35.0,4.7,mb,,,,0.8,us,usp0004h1c,2014-11-07T00:47:27.146Z,"106 km SW of Santiago de Cao, Peru",earthquake,,,,8.0,reviewed,us,us
1990-11-17T10:52:27.250Z,37.677,72.347,150.0,4.6,mb,,,,0.4,us,usp0004h1e,2014-11-07T00:47:27.152Z,"73 km ENE of Khorugh, Tajikistan",earthquake,,,,6.0,reviewed,us,us
1990-11-17T13:05:37.300Z,24.693,122.5,99.7,4.5,mb,,,,1.1,us,usp0004h1j,2014-11-07T00:47:27.158Z,"56 km WNW of Yonakuni, Japan",earthquake,,10.8,,12.0,reviewed,us,us
1990-11-17T19:15:10.430Z,35.782,140.717,33.0,4.6,mb,,,,1.2,us,usp0004h1w,2014-11-07T00:47:27.180Z,"9 km NE of Asahi, Japan",earthquake,,,,4.0,reviewed,us,us
1990-11-17T19:41:13.790Z,51.185,-179.384,33.0,4.6,mb,,,,0.9,us,usp0004h1y,2014-11-07T00:47:27.185Z,"205 km WSW of Adak, Alaska",earthquake,,,,9.0,reviewed,us,us
1990-11-17T20:00:49.440Z,5.6,126.254,33.0,4.8,mb,,,,0.9,us,usp0004h1z,2014-11-07T00:47:27.187Z,"76 km ESE of Caburan, Philippines",earthquake,,,,11.0,reviewed,us,us
1990-11-18T00:21:14.440Z,-25.831,-177.298,179.0,4.5,mb,,,,1.0,us,usp0004h22,2014-11-07T00:47:27.193Z,south of the Fiji Islands,earthquake,,34.8,,3.0,reviewed,us,us
1990-11-18T11:30:27.790Z,41.389,142.819,54.0,5.0,mb,,,,1.1,us,usp0004h2k,2014-11-07T00:47:27.226Z,"111 km SSE of Shizunai-furukawach?, Japan",earthquake,,,,28.0,reviewed,us,us
1990-11-18T14:15:56.610Z,2.289,-84.407,33.0,5.0,mb,,,,1.2,us,usp0004h2v,2014-11-07T00:47:27.257Z,off the coast of Central America,earthquake,,,,10.0,reviewed,us,us
1990-11-18T16:06:54.100Z,3.878,97.357,61.8,5.1,mw,,,,1.1,us,usp0004h32,2022-04-28T19:33:31.754Z,"94 km SW of Langsa, Indonesia",earthquake,,7.4,,,reviewed,us,hrv
1990-11-18T16:23:06.950Z,3.942,97.343,67.2,5.5,mw,,,,1.1,us,usp0004h33,2022-04-28T19:33:36.865Z,"90 km SW of Langsa, Indonesia",earthquake,,,,,reviewed,us,hrv
1990-11-18T19:46:59.340Z,-14.622,-71.902,136.3,4.8,mb,,,,1.5,us,usp0004h38,2014-11-07T00:47:27.328Z,"14 km ENE of Cayarani, Peru",earthquake,,13.2,,1.0,reviewed,us,us
1990-11-18T20:28:15.380Z,17.8,-63.036,91.8,5.4,mw,,,,0.8,us,usp0004h3a,2025-12-19T20:56:17.443Z,"26 km NE of Upper Hell's Gate, Bonaire, Saint Eustatius and Saba ",earthquake,,,,,reviewed,us,hrv
1990-11-18T23:59:40.460Z,48.436,157.037,33.0,4.5,mb,,,,0.6,us,usp0004h3e,2014-11-07T00:47:27.477Z,"257 km SSE of Severo-Kuril’sk, Russia",earthquake,,,,7.0,reviewed,us,us
1990-11-19T01:36:47.010Z,9.892,126.008,124.0,4.7,mb,,,,1.1,us,usp0004h3g,2014-11-07T00:47:27.484Z,"2 km ENE of Libas, Philippines",earthquake,,33.7,,14.0,reviewed,us,us
1990-11-19T02:41:22.540Z,-19.14,169.308,258.8,4.8,mb,,,,0.9,us,usp0004h3j,2014-11-07T00:47:27.618Z,"44 km N of Isangel, Vanuatu",earthquake,,5.9,,14.0,reviewed,us,us
1990-11-19T04:15:26.240Z,-18.663,-178.925,510.6,4.8,mb,,,,0.9,us,usp0004h3n,2014-11-07T00:47:27.694Z,"197 km ESE of Levuka, Fiji",earthquake,,5.5,,14.0,reviewed,us,us
1990-11-19T13:57:56.890Z,-10.732,164.163,40.2,4.8,mb,,,,0.8,us,usp0004h3y,2014-11-07T00:47:27.750Z,"178 km W of Lata, Solomon Islands",earthquake,,14.4,,4.0,reviewed,us,us
1990-11-19T15:31:39.920Z,-1.774,134.389,33.0,4.9,mb,,,,1.2,us,usp0004h41,2014-11-07T00:47:27.756Z,"107 km SSE of Manokwari, Indonesia",earthquake,,,,4.0,reviewed,us,us
1990-11-20T07:24:07.200Z,27.559,140.039,476.5,5.0,mb,,,,0.8,us,usp0004h4h,2014-11-07T00:47:27.782Z,"Bonin Islands, Japan region",earthquake,,11.0,,32.0,reviewed,us,us
1990-11-20T09:03:37.130Z,0.171,127.01,114.1,5.8,mw,,,,1.1,us,usp0004h4k,2022-04-28T19:33:38.244Z,"80 km SSW of Ternate, Indonesia",earthquake,,,,,reviewed,us,hrv
1990-11-20T13:37:34.810Z,45.311,150.846,41.0,5.1,mw,,,,0.8,us,usp0004h4z,2025-12-19T20:56:18.137Z,"233 km E of Kuril’sk, Russia",earthquake,,7.4,,,reviewed,us,hrv
1990-11-20T16:28:26.930Z,-22.691,-69.884,58.3,5.1,mb,,,,1.2,us,usp0004h51,2014-11-07T00:47:27.844Z,"73 km SSE of Tocopilla, Chile",earthquake,,,,9.0,reviewed,us,us
1990-11-20T20:17:40.250Z,-18.109,-174.667,60.4,5.6,mw,,,,1.4,us,usp0004h57,2022-04-28T19:33:39.363Z,Tonga,earthquake,,18.4,,,reviewed,us,hrv
1990-11-20T22:33:08.530Z,-26.385,-70.816,56.0,4.7,mb,,,,1.2,us,usp0004h5b,2014-11-07T00:47:27.874Z,"76 km W of Diego de Almagro, Chile",earthquake,,,,3.0,reviewed,us,us
1990-11-21T01:48:26.400Z,51.65,-171.331,33.0,6.0,mw,,,,1.1,us,usp0004h5e,2022-04-28T19:33:40.520Z,"206 km ESE of Atka, Alaska",earthquake,,,,,reviewed,us,hrv
1990-11-21T02:03:28.350Z,-7.292,145.318,49.6,4.6,mb,,,,0.7,us,usp0004h5h,2014-11-07T00:47:27.923Z,"89 km NW of Kerema, Papua New Guinea",earthquake,,14.5,,1.0,reviewed,us,us
1990-11-21T03:42:38.510Z,28.367,55.551,57.2,4.6,mb,,,,0.8,us,usp0004h5n,2014-11-07T00:47:27.935Z,"107 km ESE of D?r?b, Iran",earthquake,,7.8,,23.0,reviewed,us,us
1990-11-21T06:11:03.830Z,-11.617,166.349,63.2,4.9,mb,,,,0.7,us,usp0004h5t,2014-11-07T00:47:27.945Z,"115 km SSE of Lata, Solomon Islands",earthquake,,13.9,,8.0,reviewed,us,us
1990-11-21T07:56:07.320Z,-20.496,-68.922,126.0,4.6,mb,,,,1.0,us,usp0004h5v,2014-11-07T00:47:27.952Z,"132 km ESE of Iquique, Chile",earthquake,,8.6,,5.0,reviewed,us,us
1990-11-21T12:09:07.810Z,13.196,51.319,10.0,4.6,mb,,,,1.4,us,usp0004h65,2014-11-07T00:47:27.970Z,"149 km NNE of Caluula, Somalia",earthquake,,,,3.0,reviewed,us,us
1990-11-21T12:58:50.420Z,14.895,-87.549,33.0,4.5,mb,,,,1.1,us,usp0004h6a,2014-11-07T00:47:27.977Z,"17 km SW of Las Vegas, Honduras",earthquake,,,,5.0,reviewed,us,us
1990-11-21T14:02:48.090Z,37.01,29.585,20.4,5.0,mb,,,,1.1,us,usp0004h6b,2014-11-07T00:47:27.979Z,"3 km ENE of Alt?nyayla, Turkey",earthquake,,4.3,,4.0,reviewed,us,us
1990-11-21T15:24:16.180Z,30.241,142.203,33.0,4.7,mb,,,,0.9,us,usp0004h6f,2014-11-07T00:47:27.988Z,"Izu Islands, Japan region",earthquake,,,,8.0,reviewed,us,us
1990-11-21T16:45:48.830Z,-17.534,-69.097,169.2,4.5,mb,,,,0.7,us,usp0004h6j,2014-11-07T00:47:28.005Z,"79 km WNW of Curahuara de Carangas, Bolivia",earthquake,,10.1,,3.0,reviewed,us,us
1990-11-21T16:59:58.150Z,-21.936,-138.967,0.0,5.4,mb,,,,1.0,us,usp0004h6k,2015-06-16T17:28:00.369Z,"Tuamotu Archipelago, French Polynesia region",nuclear explosion,,,,18.0,reviewed,us,us
1990-11-21T21:15:13.810Z,15.377,147.445,76.4,4.8,mb,,,,0.9,us,usp0004h6r,2014-11-07T00:47:28.024Z,"182 km E of Saipan, Northern Mariana Islands",earthquake,,17.4,,8.0,reviewed,us,us
1990-11-21T23:23:21.740Z,-22.9,-68.709,81.4,4.6,mb,,,,1.1,us,usp0004h6v,2014-11-07T00:47:28.031Z,"52 km W of San Pedro de Atacama, Chile",earthquake,,12.8,,4.0,reviewed,us,us
1990-11-21T23:39:56.460Z,-21.325,-179.029,637.7,5.1,mb,,,,0.8,us,usp0004h6x,2014-11-07T00:47:28.036Z,Fiji region,earthquake,,4.6,,21.0,reviewed,us,us
1990-11-22T01:17:55.010Z,-32.189,-69.993,119.7,4.6,mb,,,,1.3,us,usp0004h71,2014-11-07T00:47:28.056Z,"91 km NE of Los Andes, Chile",earthquake,,7.8,,1.0,reviewed,us,us
1990-11-22T04:48:58.670Z,-6.089,130.021,119.0,5.1,mb,,,,0.5,us,usp0004h76,2014-11-07T00:47:28.069Z,Banda Sea,earthquake,,21.8,,7.0,reviewed,us,us
1990-11-22T05:06:13.570Z,-6.435,147.471,105.7,4.5,mb,,,,0.7,us,usp0004h77,2014-11-07T00:47:28.071Z,"43 km WNW of Finschhafen, Papua New Guinea",earthquake,,21.7,,1.0,reviewed,us,us
1990-11-22T05:13:45.780Z,51.764,-175.275,59.1,5.2,mw,,,,0.8,us,usp0004h78,2022-04-28T19:33:41.615Z,"88 km WSW of Atka, Alaska",earthquake,,6.4,,,reviewed,us,hrv
1990-11-22T05:30:35.150Z,5.017,125.431,196.5,4.9,mb,,,,0.6,us,usp0004h79,2014-11-07T00:47:28.083Z,"42 km S of Sarangani, Philippines",earthquake,,16.1,,5.0,reviewed,us,us
1990-11-22T06:08:21.710Z,41.266,142.576,65.6,4.6,mb,,,,1.1,us,usp0004h7a,2014-11-07T00:47:28.086Z,"113 km E of Mutsu, Japan",earthquake,,18.4,,17.0,reviewed,us,us
1990-11-22T13:18:13.370Z,-52.7,10.417,10.0,4.8,mb,,,,0.8,us,usp0004h7t,2014-11-07T00:47:28.124Z,southwest of Africa,earthquake,,,,6.0,reviewed,us,us
1990-11-22T14:25:12.710Z,-10.13,-78.617,47.5,5.1,mw,,,,0.9,us,usp0004h7y,2022-04-28T19:33:46.518Z,"51 km W of Huarmey, Peru",earthquake,,,,,reviewed,us,hrv
1990-11-22T17:31:02.360Z,3.807,95.257,57.2,4.8,mb,,,,1.5,us,usp0004h85,2014-11-07T00:47:28.166Z,"103 km WSW of Meulaboh, Indonesia",earthquake,,26.2,,6.0,reviewed,us,us
1990-11-22T19:15:15.830Z,44.413,148.996,66.1,4.6,mb,,,,1.2,us,usp0004h8a,2014-11-07T00:47:28.173Z,"126 km SE of Kuril’sk, Russia",earthquake,,11.9,,9.0,reviewed,us,us
1990-11-22T20:49:06.740Z,-5.575,150.993,28.7,6.3,mw,,,,1.0,us,usp0004h8f,2022-04-28T19:33:47.652Z,"94 km E of Kimbe, Papua New Guinea",earthquake,,,,,reviewed,us,nc
1990-11-23T00:56:08.900Z,-5.005,145.791,61.8,5.7,mw,,,,1.2,us,usp0004h8t,2022-04-28T19:33:48.764Z,"23 km N of Madang, Papua New Guinea",earthquake,,9.7,,,reviewed,us,hrv
1990-11-23T01:18:58.020Z,39.742,143.176,52.4,4.8,mb,,,,0.8,us,usp0004h8v,2014-11-07T00:47:28.287Z,"106 km E of Miyako, Japan",earthquake,,14.3,,11.0,reviewed,us,us
1990-11-23T02:25:17.700Z,-5.066,151.307,191.3,5.0,mb,,,,0.5,us,usp0004h8y,2014-11-07T00:47:28.292Z,"133 km SW of Kokopo, Papua New Guinea",earthquake,,17.8,,4.0,reviewed,us,us
1990-11-23T03:59:33.450Z,51.105,179.179,33.0,4.7,mb,,,,0.8,us,usp0004h90,2014-11-07T00:47:28.295Z,"Rat Islands, Aleutian Islands, Alaska",earthquake,,,,7.0,reviewed,us,us
1990-11-23T05:58:23.520Z,-6.385,154.693,78.5,5.1,mb,,,,0.7,us,usp0004h93,2014-11-07T00:47:28.300Z,"87 km W of Panguna, Papua New Guinea",earthquake,,11.3,,8.0,reviewed,us,us
1990-11-23T07:27:35.680Z,-3.616,-80.823,33.0,4.9,mb,,,,0.8,us,usp0004h97,2014-11-07T00:47:28.311Z,"17 km WNW of Zorritos, Peru",earthquake,,,,1.0,reviewed,us,us
1990-11-23T07:41:57.960Z,5.538,125.851,125.0,5.5,mw,,,,1.1,us,usp0004h98,2025-12-19T20:56:33.718Z,"44 km ESE of Kalbay, Philippines",earthquake,,2.0,,,reviewed,us,hrv
1990-11-23T10:08:03.000Z,-17.742,-178.472,551.6,5.3,mb,,,,0.9,us,usp0004h9f,2014-11-07T00:47:28.338Z,"237 km E of Levuka, Fiji",earthquake,,4.6,,35.0,reviewed,us,us
1990-11-23T10:33:30.670Z,35.188,133.405,10.0,4.6,mb,,,,1.4,us,usp0004h9h,2014-11-07T00:47:28.347Z,"23 km NNW of Niimi, Japan",earthquake,,,,4.0,reviewed,us,us
1990-11-23T20:22:34.230Z,-9.997,118.69,98.5,4.9,mb,,,,1.3,us,usp0004h9y,2014-11-07T00:47:28.371Z,"163 km S of Dompu, Indonesia",earthquake,,21.5,,7.0,reviewed,us,us
1990-11-23T22:15:59.600Z,-1.803,-78.084,155.7,4.7,mb,,,,0.6,us,usp0004ha2,2014-11-07T00:47:28.379Z,"17 km SW of Palora, Ecuador",earthquake,,3.1,,26.0,reviewed,us,us
1990-11-23T22:35:34.710Z,4.707,-75.574,144.6,6.1,mw,,,,0.9,us,usp0004ha4,2022-04-28T19:33:50.127Z,"7 km N of Salento, Colombia",earthquake,,,,,reviewed,us,nc
1990-11-24T01:58:25.420Z,-4.139,102.363,52.2,5.2,mb,,,,0.9,us,usp0004ha9,2014-11-07T00:47:28.441Z,"38 km SSE of Bengkulu, Indonesia",earthquake,,,,20.0,reviewed,us,us
1990-11-24T07:46:06.960Z,-15.512,-177.302,414.6,5.4,mw,,,,0.9,us,usp0004ham,2025-12-19T20:59:50.776Z,"158 km SSE of Alo, Wallis and Futuna",earthquake,,15.0,,,reviewed,us,hrv
1990-11-24T07:53:31.030Z,10.76,-69.42,41.9,5.1,mb,,,,1.0,us,usp0004hap,2022-04-28T19:33:51.185Z,"76 km SSE of Coro, Venezuela",earthquake,,6.2,,42.0,reviewed,us,us
1990-11-24T16:16:59.310Z,-2.029,135.294,33.0,5.3,mw,,,,1.1,us,usp0004hbp,2022-04-28T19:33:52.366Z,"127 km SW of Insrom, Indonesia",earthquake,,,,,reviewed,us,hrv
1990-11-24T17:24:38.710Z,41.907,133.619,463.9,4.8,mb,,,,0.8,us,usp0004hbq,2014-11-07T00:47:28.572Z,"101 km SSE of Vrangel’, Russia",earthquake,,4.3,,58.0,reviewed,us,us
1990-11-24T18:18:41.060Z,-3.182,139.549,36.1,5.3,mb,,,,1.3,us,usp0004hbr,2014-11-07T00:47:28.582Z,"136 km WSW of Abepura, Indonesia",earthquake,,15.6,,10.0,reviewed,us,us
1990-11-24T20:33:51.860Z,-23.502,-176.266,214.9,4.5,mb,,,,0.8,us,usp0004hby,2014-11-07T00:47:28.604Z,"275 km SSW of ‘Ohonua, Tonga",earthquake,,46.8,,6.0,reviewed,us,us
1990-11-25T00:32:14.620Z,-5.627,130.901,72.0,5.1,mb,,,,1.2,us,usp0004hc3,2014-11-07T00:47:28.613Z,"205 km W of Tual, Indonesia",earthquake,,21.1,,9.0,reviewed,us,us
1990-11-25T01:00:53.150Z,-23.575,-175.824,29.1,5.7,mw,,,,1.0,us,usp0004hc5,2022-04-28T19:33:53.537Z,"264 km SSW of ‘Ohonua, Tonga",earthquake,,,,,reviewed,us,hrv
1990-11-25T01:52:06.440Z,8.091,-75.062,73.8,4.7,mb,,,,1.1,us,usp0004hc8,2014-11-07T00:47:28.634Z,"18 km NE of Caucasia, Colombia",earthquake,,10.4,,12.0,reviewed,us,us
1990-11-25T03:36:12.980Z,-23.78,-175.771,58.9,5.8,mw,,,,1.1,us,usp0004hcc,2022-04-28T19:33:54.638Z,"283 km SSW of ‘Ohonua, Tonga",earthquake,,17.9,,,reviewed,us,hrv
1990-11-25T04:02:43.870Z,-23.89,-175.779,33.0,5.5,mw,,,,1.1,us,usp0004hcd,2025-12-19T20:59:51.850Z,"295 km SSW of ‘Ohonua, Tonga",earthquake,,,,,reviewed,us,hrv
1990-11-25T04:03:01.000Z,-23.45,-176.25,177.0,5.4,mwc,,,,,gcmt,gcmtb112590c,2016-11-10T00:03:06.220Z,"269 km SSW of ‘Ohonua, Tonga",earthquake,,,,,automatic,gcmt,gcmt
1990-11-25T04:19:55.200Z,-31.01,-178.992,33.0,5.6,mb,,,,1.1,us,usp0004hce,2022-04-28T19:33:55.813Z,Kermadec Islands region,earthquake,,,,22.0,reviewed,us,us
1990-11-25T12:32:45.190Z,-2.692,-77.773,25.4,5.4,mw,,,,1.0,us,usp0004hcr,2022-04-28T19:33:56.936Z,"51 km ESE of Sucúa, Ecuador",earthquake,,,,,reviewed,us,hrv
1990-11-25T15:39:57.190Z,51.774,-179.974,93.5,4.6,mb,,,,0.8,us,usp0004hcu,2014-11-07T00:47:28.722Z,"230 km W of Adak, Alaska",earthquake,,,,16.0,reviewed,us,us
1990-11-25T16:22:56.960Z,30.862,130.237,199.3,4.7,mb,,,,1.1,us,usp0004hcv,2014-11-07T00:47:28.727Z,"45 km S of Makurazaki, Japan",earthquake,,14.2,,15.0,reviewed,us,us
1990-11-25T16:57:17.320Z,10.134,126.172,34.5,4.8,mb,,,,1.1,us,usp0004hcx,2014-11-07T00:47:28.732Z,"19 km NE of Santa Monica, Philippines",earthquake,,,,12.0,reviewed,us,us
1990-11-25T22:02:07.080Z,37.552,71.902,33.0,5.0,mb,,,,0.9,us,usp0004hd1,2014-11-07T00:47:28.740Z,"31 km ENE of Khorugh, Tajikistan",earthquake,,,,7.0,reviewed,us,us
1990-11-26T02:05:33.870Z,1.506,126.378,75.4,4.7,mb,,,,0.7,us,usp0004hd3,2014-11-07T00:47:28.743Z,"137 km NW of Ternate, Indonesia",earthquake,,17.9,,7.0,reviewed,us,us
1990-11-26T07:06:51.770Z,-7.264,128.975,183.3,4.6,mb,,,,0.6,us,usp0004hd9,2014-11-07T00:47:28.755Z,"258 km ENE of Lospalos, Timor Leste",earthquake,,10.2,,1.0,reviewed,us,us
1990-11-26T09:57:11.360Z,44.299,97.52,12.0,5.0,mb,,,,1.1,us,usp0004hdf,2022-04-28T19:33:58.147Z,"250 km SSE of Altai, Mongolia",earthquake,,,,29.0,reviewed,us,us
1990-11-26T17:53:04.400Z,-37.003,177.475,9.5,4.6,ml,,,,0.7,us,usp0004hdz,2014-11-07T00:47:28.802Z,"112 km N of Opotiki, New Zealand",earthquake,,4.8,,,reviewed,us,wel
1990-11-26T18:50:40.450Z,-21.349,-68.723,124.2,4.5,mb,,,,0.9,us,usp0004he1,2014-11-07T00:47:28.807Z,"124 km N of Calama, Chile",earthquake,,9.0,,3.0,reviewed,us,us
1990-11-26T19:34:50.020Z,-10.545,112.894,33.0,4.6,mb,,,,0.9,us,usp0004he2,2014-11-07T00:47:28.809Z,"255 km SSW of Kencong, Indonesia",earthquake,,,,3.0,reviewed,us,us
1990-11-26T20:09:19.860Z,-21.72,-179.3,613.5,5.4,mw,,,,0.9,us,usp0004he4,2025-12-19T20:59:52.508Z,Fiji region,earthquake,,4.9,,,reviewed,us,hrv
1990-11-26T21:18:32.150Z,62.047,-149.5073,44.9,4.9,mb,,,,0.24,ak,ak990f63yk1b,2020-09-14T18:40:12.152Z,"21 km SE of Susitna North, Alaska",earthquake,,1.6,,,reviewed,ak,ak
1990-11-26T22:37:58.340Z,-20.489,-177.81,503.1,4.8,mb,,,,1.2,us,usp0004heb,2014-11-07T00:47:28.854Z,"280 km WNW of Haveluloto, Tonga",earthquake,,23.6,,18.0,reviewed,us,us
1990-11-27T00:24:41.720Z,-5.703,129.667,97.8,5.0,mb,,,,0.8,us,usp0004hed,2014-11-07T00:47:28.871Z,"274 km SSE of Amahai, Indonesia",earthquake,,17.0,,5.0,reviewed,us,us
1990-11-27T00:28:28.050Z,3.322,98.401,144.9,5.1,mb,,,,1.1,us,usp0004hee,2014-11-07T00:47:28.873Z,"18 km NW of Berastagi, Indonesia",earthquake,,5.5,,41.0,reviewed,us,us
1990-11-27T04:37:58.590Z,43.853,16.633,24.0,5.6,mw,,,,1.1,us,usp0004hep,2022-04-28T19:33:59.415Z,"10 km N of Hrvace, Croatia",earthquake,,,,,reviewed,us,hrv
1990-11-27T04:51:36.420Z,43.895,16.641,10.0,5.1,ms,,,,1.3,us,usp0004heq,2022-04-28T19:34:05.063Z,"14 km N of Hrvace, Croatia",earthquake,,,,4.0,reviewed,us,us
1990-11-27T09:34:52.250Z,7.552,126.867,63.5,4.6,mb,,,,0.6,us,usp0004hf6,2014-11-07T00:47:29.012Z,"33 km ENE of Baculin, Philippines",earthquake,,25.8,,4.0,reviewed,us,us
1990-11-27T12:37:18.440Z,31.379,68.682,33.0,4.6,mb,,,,1.2,us,usp0004hfe,2014-11-07T00:47:29.034Z,"73 km W of Zhob, Pakistan",earthquake,,,,7.0,reviewed,us,us
1990-11-27T17:32:32.240Z,-15.24,166.992,150.3,4.6,mb,,,,1.2,us,usp0004hfr,2014-11-07T00:47:29.055Z,"23 km SSW of Port-Olry, Vanuatu",earthquake,,15.2,,2.0,reviewed,us,us
1990-11-27T21:16:27.930Z,-20.098,133.644,5.0,4.8,mb,,,,1.4,us,usp0004hg3,2014-11-07T00:47:29.088Z,"75 km SW of Tennant Creek, Australia",earthquake,,,,7.0,reviewed,us,us
1990-11-27T22:49:34.010Z,17.103,120.091,65.3,4.7,mb,,,,0.9,us,usp0004hg9,2014-11-07T00:47:29.100Z,"36 km WSW of Darapidap, Philippines",earthquake,,7.3,,15.0,reviewed,us,us
1990-11-28T06:02:18.840Z,-6.884,129.242,129.4,4.7,mb,,,,1.0,us,usp0004hgp,2014-11-07T00:47:29.122Z,Banda Sea,earthquake,,34.7,,2.0,reviewed,us,us
1990-11-28T15:10:27.700Z,13.8,145.101,33.0,4.9,mb,,,,0.6,us,usp0004hhc,2014-11-07T00:47:29.164Z,"37 km NE of Yigo Village, Guam",earthquake,,,,2.0,reviewed,us,us
1990-11-28T19:30:33.580Z,-3.051,139.526,33.0,4.8,mb,,,,1.2,us,usp0004hhh,2014-11-07T00:47:29.172Z,"132 km WSW of Abepura, Indonesia",earthquake,,,,2.0,reviewed,us,us
1990-11-29T00:40:31.800Z,-21.088,-178.867,620.2,5.6,mw,,,,1.0,us,usp0004hhp,2022-04-28T19:34:06.403Z,Fiji region,earthquake,,,,,reviewed,us,hrv
1990-11-29T04:03:52.980Z,-7.241,128.858,102.3,4.8,mb,,,,1.1,us,usp0004hht,2014-11-07T00:47:29.208Z,"249 km NE of Lospalos, Timor Leste",earthquake,,9.0,,1.0,reviewed,us,us
1990-11-29T04:29:06.780Z,15.127,147.478,31.8,5.1,mw,,,,1.0,us,usp0004hhu,2025-12-19T20:59:53.295Z,"185 km E of Saipan, Northern Mariana Islands",earthquake,,,,,reviewed,us,hrv
1990-11-29T05:53:38.700Z,15.11,147.563,23.3,4.8,mb,,,,0.8,us,usp0004hhw,2014-11-07T00:47:29.220Z,"194 km E of Saipan, Northern Mariana Islands",earthquake,,6.2,,10.0,reviewed,us,us
1990-11-29T08:02:32.130Z,5.674,126.781,217.6,4.6,mb,,,,1.2,us,usp0004hj0,2014-11-07T00:47:29.237Z,"101 km SE of Pondaguitan, Philippines",earthquake,,20.1,,5.0,reviewed,us,us
1990-11-29T08:56:23.710Z,-21.31,33.011,10.0,4.5,mb,,,,1.4,us,usp0004hj3,2014-11-07T00:47:29.248Z,"130 km SSE of Chipinge, Zimbabwe",earthquake,,,,1.0,reviewed,us,us
1990-11-29T09:24:59.090Z,37.107,135.06,380.1,4.5,mb,,,,0.9,us,usp0004hj5,2014-11-07T00:47:29.252Z,"138 km NW of Mikuni, Japan",earthquake,,6.7,,23.0,reviewed,us,us
1990-11-29T10:20:32.790Z,24.308,94.488,90.5,5.0,mb,,,,1.0,us,usp0004hj7,2014-11-07T00:47:29.256Z,"53 km SE of W?ngjing, India",earthquake,,7.4,,12.0,reviewed,us,us
1990-11-29T11:08:51.300Z,78.499,-107.651,10.0,4.5,mb,,,,,us,usp0004hj9,2014-11-07T00:47:29.271Z,"Sverdrup Islands, Nunavut, Canada",earthquake,,,,10.0,reviewed,pgc,us
1990-11-29T12:00:51.720Z,35.712,140.814,59.0,4.7,mb,,,,1.4,us,usp0004hjb,2014-11-07T00:47:29.277Z,"2 km SW of Hasaki, Japan",earthquake,,8.4,,15.0,reviewed,us,us
1990-11-29T14:50:06.260Z,12.996,143.833,126.6,5.1,mb,,,,0.9,us,usp0004hjj,2014-11-07T00:47:29.298Z,"95 km WSW of Merizo Village, Guam",earthquake,,5.5,,17.0,reviewed,us,us
1990-11-29T19:12:40.610Z,17.064,147.236,69.2,4.6,mb,,,,1.0,us,usp0004hjs,2014-11-07T00:47:29.316Z,"259 km NE of Saipan, Northern Mariana Islands",earthquake,,15.9,,10.0,reviewed,us,us
1990-11-29T20:58:11.080Z,-28.041,-179.707,415.0,6.1,mw,,,,1.2,us,usp0004hjw,2022-04-28T19:34:11.713Z,Kermadec Islands region,earthquake,,,,,reviewed,us,hrv
1990-11-29T21:26:19.980Z,-41.853,88.417,10.0,5.3,mw,,,,0.9,us,usp0004hjy,2025-12-19T20:59:53.929Z,southeast Indian Ridge,earthquake,,,,,reviewed,us,hrv
1990-11-29T21:35:00.630Z,-41.978,88.263,10.0,5.3,ms,,,,0.9,us,usp0004hjz,2014-11-07T00:47:29.341Z,southeast Indian Ridge,earthquake,,,,2.0,reviewed,us,us
1990-11-30T11:39:09.760Z,27.72,64.0,33.0,4.5,mb,,,,1.3,us,usp0004hkj,2014-11-07T00:47:29.394Z,"135 km SSW of Dalbandin, Pakistan",earthquake,,,,7.0,reviewed,us,us
1990-11-30T13:19:27.640Z,1.03,123.97,28.3,5.8,mw,,,,1.0,us,usp0004hkn,2022-04-28T19:34:17.315Z,"98 km WSW of Tomohon, Indonesia",earthquake,,,,,reviewed,us,hrv
1990-11-30T14:17:06.160Z,1.021,124.003,55.3,5.3,mw,,,,0.8,us,usp0004hks,2022-04-28T19:34:19.058Z,"94 km WSW of Tomohon, Indonesia",earthquake,,6.9,,,reviewed,us,hrv
1990-11-30T15:24:41.570Z,16.444,145.739,543.2,4.5,mb,,,,0.9,us,usp0004hkt,2014-11-07T00:47:29.435Z,"136 km N of Saipan, Northern Mariana Islands",earthquake,,7.9,,9.0,reviewed,us,us
1990-11-30T20:57:10.180Z,-47.98,104.355,10.0,5.3,mb,,,,0.6,us,usp0004hm1,2014-11-07T00:47:29.450Z,southeast Indian Ridge,earthquake,,,,1.0,reviewed,us,us
1990-12-01T18:09:28.870Z,40.854,73.553,28.8,5.2,mw,,,,0.9,us,usp0004hnb,2022-04-28T19:29:05.343Z,"23 km ENE of Uzgen, Kyrgyzstan",earthquake,,,,,reviewed,us,hrv
1990-12-01T18:25:41.580Z,7.616,126.59,77.0,5.2,mb,,,,1.0,us,usp0004hnd,2014-11-07T00:47:31.716Z,"5 km NE of Baganga, Philippines",earthquake,,9.1,,20.0,reviewed,us,us
1990-12-01T19:00:48.520Z,-6.027,146.789,220.4,4.9,mb,,,,0.8,us,usp0004hnf,2014-11-07T00:47:31.842Z,"80 km NNW of Lae, Papua New Guinea",earthquake,,18.2,,1.0,reviewed,us,us
1990-12-01T19:56:23.980Z,-17.316,-178.144,570.0,4.5,mb,,,,0.8,us,usp0004hnm,2014-11-07T00:47:31.977Z,"281 km ENE of Levuka, Fiji",earthquake,,,,1.0,reviewed,us,us
1990-12-01T23:46:56.980Z,-18.472,-173.688,33.0,4.8,mb,,,,1.5,us,usp0004hnp,2014-11-07T00:47:32.012Z,"36 km ENE of Neiafu, Tonga",earthquake,,,,3.0,reviewed,us,us
1990-12-02T07:08:36.280Z,-8.171,108.502,102.4,4.7,mb,,,,1.4,us,usp0004hp0,2014-11-07T00:47:32.522Z,"82 km SSW of Sidareja, Indonesia",earthquake,,28.8,,4.0,reviewed,us,us
1990-12-02T08:05:54.400Z,40.198,143.466,41.1,5.5,mw,,,,0.9,us,usp0004hp2,2022-04-28T19:29:11.407Z,"144 km ENE of Miyako, Japan",earthquake,,7.2,,,reviewed,us,hrv
1990-12-02T08:44:02.030Z,-26.722,-114.127,10.0,5.9,mw,,,,1.4,us,usp0004hp4,2022-04-28T19:29:13.073Z,Easter Island region,earthquake,,,,,reviewed,us,hrv
1990-12-02T14:37:26.900Z,-21.823,-68.333,120.7,5.3,mw,,,,1.3,us,usp0004hpa,2025-12-19T20:55:34.874Z,"92 km NE of Calama, Chile",earthquake,,,,,reviewed,us,hrv
1990-12-03T00:38:38.120Z,6.769,-72.974,159.0,5.3,mw,,,,0.9,us,usp0004hpn,2025-12-19T20:52:41.605Z,"1 km N of Cepitá, Colombia",earthquake,,,,,reviewed,us,hrv
1990-12-03T05:47:19.940Z,40.74,73.71,33.0,5.0,mb,,,,1.2,us,usp0004hpv,2020-08-29T00:18:20.803Z,"34 km E of Uzgen, Kyrgyzstan",earthquake,,,,6.0,reviewed,us,us
1990-12-03T05:48:17.900Z,-22.727,166.7,11.8,5.6,mw,,,,1.1,us,usp0004hpw,2022-04-28T19:29:14.640Z,"53 km SSE of Mont-Dore, New Caledonia",earthquake,,,,,reviewed,us,hrv
1990-12-03T06:10:40.470Z,24.206,125.03,33.0,4.9,mb,,,,1.1,us,usp0004hpy,2014-11-07T00:47:33.707Z,"71 km SSW of Hirara, Japan",earthquake,,,,13.0,reviewed,us,us
1990-12-03T07:40:36.330Z,-20.211,-173.488,10.0,5.2,mb,,,,1.0,us,usp0004hq0,2014-11-07T00:47:33.719Z,Tonga,earthquake,,,,13.0,reviewed,us,us
1990-12-03T08:23:11.470Z,-5.373,153.682,50.2,4.8,mb,,,,0.7,us,usp0004hq2,2014-11-07T00:47:33.752Z,"193 km SE of Kokopo, Papua New Guinea",earthquake,,19.8,,2.0,reviewed,us,us
1990-12-03T18:19:22.650Z,45.886,154.027,33.0,4.6,mb,,,,0.5,us,usp0004hqj,2014-11-07T00:47:33.889Z,east of the Kuril Islands,earthquake,,,,3.0,reviewed,us,us
1990-12-04T01:47:20.150Z,-1.076,119.797,33.0,4.8,mb,,,,1.0,us,usp0004hqy,2014-11-07T00:47:33.994Z,"20 km SSW of Palu, Indonesia",earthquake,,,,6.0,reviewed,us,us
1990-12-04T07:38:58.390Z,-35.148,-176.479,33.0,4.8,mb,,,,1.0,us,usp0004hr7,2014-11-07T00:47:34.065Z,east of the North Island of New Zealand,earthquake,,,,2.0,reviewed,us,us
1990-12-04T08:02:36.930Z,10.915,-84.849,159.0,4.8,mb,,,,1.2,us,usp0004hr8,2014-11-07T00:47:34.068Z,"18 km E of Upala, Costa Rica",earthquake,,,,40.0,reviewed,us,us
1990-12-04T09:12:51.820Z,43.729,-28.864,16.2,5.5,mw,,,,0.9,us,usp0004hr9,2022-04-28T19:29:16.143Z,northern Mid-Atlantic Ridge,earthquake,,,,,reviewed,us,hrv
1990-12-04T09:17:41.250Z,-0.141,125.097,63.9,5.4,mw,,,,1.1,us,usp0004hra,2025-12-19T20:55:36.113Z,"161 km S of Tondano, Indonesia",earthquake,,,,,reviewed,us,hrv
1990-12-04T12:34:14.820Z,36.653,71.141,202.0,4.6,mb,,,,0.9,us,usp0004hrd,2014-11-07T00:47:34.170Z,"35 km W of Ashk?sham, Afghanistan",earthquake,,13.8,,8.0,reviewed,us,us
1990-12-05T12:35:18.050Z,52.548,-167.904,33.0,4.7,mb,,,,1.0,us,usp0004hs7,2014-11-07T00:47:34.308Z,"77 km SE of Nikolski, Alaska",earthquake,,,,20.0,reviewed,us,us
1990-12-05T16:08:51.460Z,-5.264,131.37,75.1,6.1,mw,,,,1.1,us,usp0004hsc,2022-04-28T19:29:21.445Z,"158 km WNW of Tual, Indonesia",earthquake,,,,,reviewed,us,hrv
1990-12-05T18:38:33.470Z,-14.229,-73.64,91.8,4.6,mb,,,,0.7,us,usp0004hsj,2014-11-07T00:47:34.432Z,"11 km WSW of Pampachiri, Peru",earthquake,,8.6,,5.0,reviewed,us,us
1990-12-05T22:52:47.280Z,44.672,146.843,27.2,5.2,mb,,,,1.1,us,usp0004hsp,2014-11-07T00:47:34.447Z,"97 km N of Shikotan, Russia",earthquake,,6.3,,56.0,reviewed,us,us
1990-12-05T23:36:15.660Z,14.153,-91.851,33.0,4.8,mb,,,,0.8,us,usp0004hsq,2014-11-07T00:47:34.498Z,"16 km SSE of Champerico, Guatemala",earthquake,,,,17.0,reviewed,us,us
1990-12-06T01:16:55.140Z,-16.69,66.764,10.0,5.0,mb,,,,0.9,us,usp0004hst,2014-11-07T00:47:34.526Z,Mid-Indian Ridge,earthquake,,,,3.0,reviewed,us,us
1990-12-06T11:29:00.040Z,-60.601,-22.411,33.0,5.0,mb,,,,1.3,us,usp0004ht3,2014-11-07T00:47:34.608Z,South Sandwich Islands region,earthquake,,,,8.0,reviewed,us,us
1990-12-06T16:02:20.540Z,-26.397,27.343,5.0,4.5,mb,,,,1.4,us,usp0004ht5,2020-08-29T00:18:46.094Z,"6 km SW of Carletonville, South Africa",earthquake,,,,1.0,reviewed,us,us
1990-12-06T16:14:08.830Z,-19.491,-70.903,38.9,5.0,mb,,,,1.3,us,usp0004ht7,2014-11-07T00:47:34.637Z,"112 km NW of Iquique, Chile",earthquake,,13.1,,3.0,reviewed,us,us
1990-12-06T22:39:31.060Z,-33.038,-177.717,33.0,4.9,mb,,,,1.2,us,usp0004htf,2014-11-07T00:47:34.702Z,south of the Kermadec Islands,earthquake,,,,2.0,reviewed,us,us
1990-12-06T23:32:34.820Z,-6.897,155.167,87.6,4.8,mb,,,,0.6,us,usp0004htk,2014-11-07T00:47:34.720Z,"73 km SSW of Panguna, Papua New Guinea",earthquake,,11.5,,7.0,reviewed,us,us
1990-12-07T02:24:30.860Z,-27.804,-66.543,162.3,4.9,mb,,,,1.3,us,usp0004htq,2014-11-07T00:47:34.739Z,"33 km SW of Andalgalá, Argentina",earthquake,,6.3,,13.0,reviewed,us,us
1990-12-07T04:11:12.380Z,1.556,-90.849,10.0,4.8,mb,,,,1.3,us,usp0004hts,2014-11-07T00:47:34.761Z,"260 km NNW of Puerto Ayora, Ecuador",earthquake,,,,8.0,reviewed,us,us
1990-12-07T08:25:03.030Z,-16.993,-177.268,413.5,5.9,mw,,,,0.9,us,usp0004htx,2022-04-28T19:29:27.244Z,Fiji region,earthquake,,,,,reviewed,us,hrv
1990-12-07T08:55:12.770Z,61.5728,-150.4083,50.2,5.0,mb,,,,0.28,ak,ak990fo3cmlp,2020-09-14T18:44:02.827Z,"6 km ENE of Susitna, Alaska",earthquake,,1.0,,,reviewed,ak,ak
1990-12-07T09:38:16.460Z,37.22,138.489,10.0,5.3,mw,,,,1.0,us,usp0004hu0,2022-04-28T19:29:38.189Z,"17 km SSW of Kashiwazaki, Japan",earthquake,,,,,reviewed,us,hrv
1990-12-07T09:40:43.620Z,37.31,138.467,14.9,5.1,mb,,,,0.8,us,usp0004hu1,2014-11-07T00:47:34.998Z,"9 km SW of Kashiwazaki, Japan",earthquake,,3.6,,36.0,reviewed,us,us
1990-12-07T10:41:26.080Z,37.274,138.542,10.0,4.6,mb,,,,1.3,us,usp0004hu5,2014-11-07T00:47:35.022Z,"10 km S of Kashiwazaki, Japan",earthquake,,,,9.0,reviewed,us,us
1990-12-07T12:17:40.670Z,-7.022,108.768,220.7,4.9,mb,,,,1.2,us,usp0004hu9,2014-11-07T00:47:35.045Z,"16 km SW of Ketanggungan, Indonesia",earthquake,,5.2,,21.0,reviewed,us,us
1990-12-07T13:30:11.020Z,37.267,138.515,10.0,4.9,mb,,,,1.2,us,usp0004hub,2014-11-07T00:47:35.077Z,"11 km SSW of Kashiwazaki, Japan",earthquake,,,,26.0,reviewed,us,us
1990-12-07T20:31:03.220Z,-6.787,132.26,33.0,5.2,mb,,,,1.1,us,usp0004hup,2014-11-07T00:47:35.141Z,"139 km SSW of Tual, Indonesia",earthquake,,,,11.0,reviewed,us,us
1990-12-07T21:51:57.500Z,40.6383333,-125.3856667,4.392,4.5,ml,159.0,260.0,0.8162,0.26,nc,nc202007,2016-12-17T22:30:26.705Z,"95 km W of Ferndale, California",earthquake,1.27,2.08,,0.0,reviewed,nc,nc
1990-12-07T23:08:13.310Z,-21.041,-178.861,569.6,5.4,mw,,,,1.0,us,usp0004hut,2025-12-19T20:55:37.246Z,Fiji region,earthquake,,8.7,,,reviewed,us,hrv
1990-12-08T00:35:33.590Z,-6.276,155.162,148.8,4.6,mb,,,,1.5,us,usp0004huu,2014-11-07T00:47:35.201Z,"36 km W of Panguna, Papua New Guinea",earthquake,,14.5,,2.0,reviewed,us,us
1990-12-08T00:38:13.110Z,-6.67,147.415,78.8,5.5,mw,,,,0.9,us,usp0004huv,2025-12-19T20:55:38.446Z,"46 km E of Lae, Papua New Guinea",earthquake,,6.6,,,reviewed,us,hrv
1990-12-08T03:48:34.860Z,2.162,-30.738,10.0,4.7,mb,,,,1.0,us,usp0004hv0,2014-11-07T00:47:35.234Z,central Mid-Atlantic Ridge,earthquake,,,,4.0,reviewed,us,us
1990-12-08T03:53:17.030Z,-11.882,166.64,174.4,5.0,mb,,,,1.2,us,usp0004hv1,2014-11-07T00:47:35.236Z,"157 km SE of Lata, Solomon Islands",earthquake,,15.9,,9.0,reviewed,us,us
1990-12-08T04:45:25.460Z,-23.573,179.333,543.2,5.1,mb,,,,1.1,us,usp0004hv5,2014-11-07T00:47:35.302Z,south of the Fiji Islands,earthquake,,27.4,,7.0,reviewed,us,us
1990-12-08T05:07:01.960Z,-22.968,-63.742,543.5,4.5,mb,,,,1.1,us,usp0004hv6,2014-11-07T00:47:35.308Z,"41 km S of General Mosconi, Argentina",earthquake,,8.7,,3.0,reviewed,us,us
1990-12-08T06:03:13.460Z,-57.877,-25.152,33.0,5.3,mw,,,,1.0,us,usp0004hv8,2025-12-19T20:55:39.749Z,South Sandwich Islands region,earthquake,,,,,reviewed,us,hrv
1990-12-08T06:27:38.520Z,-18.23,-177.962,600.5,5.1,mb,,,,1.1,us,usp0004hv9,2014-11-07T00:47:35.473Z,"288 km E of Levuka, Fiji",earthquake,,7.3,,33.0,reviewed,us,us
1990-12-08T12:45:48.860Z,37.604,70.422,33.0,4.6,mb,,,,1.1,us,usp0004hvk,2014-11-07T00:47:35.613Z,"55 km NNW of Fayzabad, Afghanistan",earthquake,,,,9.0,reviewed,us,us
1990-12-08T13:34:13.440Z,-17.975,-178.563,591.0,4.5,mb,,,,1.0,us,usp0004hvm,2014-11-07T00:47:35.616Z,"224 km E of Levuka, Fiji",earthquake,,9.5,,13.0,reviewed,us,us
1990-12-08T14:23:28.030Z,29.174,130.141,54.4,4.8,mb,,,,1.2,us,usp0004hvn,2014-11-07T00:47:35.622Z,"110 km NE of Naze, Japan",earthquake,,12.4,,17.0,reviewed,us,us
1990-12-08T14:38:34.240Z,44.506,148.337,33.0,5.0,mb,,,,1.2,us,usp0004hvq,2014-11-07T00:47:35.628Z,"87 km SSE of Kuril’sk, Russia",earthquake,,,,23.0,reviewed,us,us
1990-12-08T15:01:31.460Z,-2.935,138.482,33.0,4.8,mb,,,,1.2,us,usp0004hvs,2014-11-07T00:47:35.633Z,"242 km W of Abepura, Indonesia",earthquake,,,,6.0,reviewed,us,us
1990-12-08T15:47:56.870Z,-3.169,126.511,33.0,4.8,mb,,,,0.3,us,usp0004hvt,2014-11-07T00:47:35.635Z,"194 km WNW of Ambon, Indonesia",earthquake,,,,3.0,reviewed,us,us
1990-12-08T17:53:54.700Z,-3.278,134.528,33.0,5.0,mb,,,,1.2,us,usp0004hvx,2014-11-07T00:47:35.649Z,"108 km W of Nabire, Indonesia",earthquake,,,,12.0,reviewed,us,us
1990-12-08T20:56:14.080Z,-11.849,165.077,33.0,4.5,mb,,,,1.4,us,usp0004hw2,2014-11-07T00:47:35.658Z,"147 km SSW of Lata, Solomon Islands",earthquake,,,,1.0,reviewed,us,us
1990-12-09T00:18:42.600Z,0.984,-26.699,10.0,4.5,mb,,,,0.8,us,usp0004hw6,2014-11-07T00:47:35.669Z,central Mid-Atlantic Ridge,earthquake,,,,7.0,reviewed,us,us
1990-12-09T03:40:52.220Z,36.297,140.627,103.3,4.5,mb,,,,1.1,us,usp0004hwa,2014-11-07T00:47:35.678Z,"4 km ESE of ?arai, Japan",earthquake,,5.3,,15.0,reviewed,us,us
1990-12-09T05:26:49.670Z,-8.676,110.587,33.0,5.0,mb,,,,1.5,us,usp0004hwb,2014-11-07T00:47:35.683Z,"84 km SSE of Pundong, Indonesia",earthquake,,,,13.0,reviewed,us,us
1990-12-09T06:44:59.470Z,-33.627,178.958,87.1,4.8,mb,,,,1.2,us,usp0004hwe,2014-11-07T00:47:35.695Z,south of the Kermadec Islands,earthquake,,20.4,,3.0,reviewed,us,us
1990-12-09T07:33:15.710Z,-8.165,110.811,33.0,4.8,mb,,,,1.5,us,usp0004hwh,2014-11-07T00:47:35.700Z,"42 km S of Selogiri, Indonesia",earthquake,,,,7.0,reviewed,us,us
1990-12-09T11:07:34.120Z,-48.3,31.392,10.0,5.3,mb,,,,0.9,us,usp0004hwr,2014-11-07T00:47:35.713Z,south of Africa,earthquake,,,,7.0,reviewed,us,us
1990-12-09T11:08:58.860Z,-58.432,-144.767,10.0,4.9,mb,,,,1.2,us,usp0004hws,2014-11-07T00:47:35.716Z,Pacific-Antarctic Ridge,earthquake,,,,3.0,reviewed,us,us
1990-12-09T11:17:37.920Z,0.205,122.151,177.1,4.9,mb,,,,0.7,us,usp0004hwt,2014-11-07T00:47:35.718Z,"107 km WSW of Gorontalo, Indonesia",earthquake,,16.5,,13.0,reviewed,us,us
1990-12-09T15:36:26.920Z,54.881,162.109,26.0,5.5,mw,,,,0.9,us,usp0004hwy,2022-04-28T19:29:39.259Z,"151 km S of Ust’-Kamchatsk Staryy, Russia",earthquake,,,,,reviewed,us,hrv
1990-12-09T16:25:04.250Z,24.039,121.502,10.0,4.6,mb,,,,0.8,us,usp0004hx0,2014-11-07T00:47:35.781Z,"12 km WNW of Hualien City, Taiwan",earthquake,,,,2.0,reviewed,us,us
1990-12-09T16:47:23.250Z,47.205,150.545,270.0,4.5,mb,,,,0.5,us,usp0004hx2,2014-11-07T00:47:35.785Z,Kuril Islands,earthquake,,,,9.0,reviewed,us,us
1990-12-09T23:33:02.350Z,29.024,138.205,523.9,4.6,mb,,,,0.8,us,usp0004hx8,2014-11-07T00:47:35.797Z,"Izu Islands, Japan region",earthquake,,13.1,,12.0,reviewed,us,us
1990-12-10T01:15:54.930Z,-20.143,-177.473,376.4,5.2,mw,,,,1.0,us,usp0004hxc,2025-12-19T20:55:40.932Z,"260 km WNW of Haveluloto, Tonga",earthquake,,,,,reviewed,us,hrv
1990-12-10T01:27:29.900Z,28.074,57.01,51.0,4.7,mb,,,,1.1,us,usp0004hxf,2014-11-07T00:47:35.827Z,"104 km N of M?n?b, Iran",earthquake,,9.4,,10.0,reviewed,us,us
1990-12-10T07:27:22.140Z,42.913,145.48,38.4,5.4,mb,,,,0.9,us,usp0004hxr,2014-11-07T00:47:35.848Z,"Hokkaido, Japan region",earthquake,,,,79.0,reviewed,us,us
1990-12-10T09:34:33.030Z,-5.94,142.282,32.4,6.0,mw,,,,0.9,us,usp0004hxx,2022-04-28T19:29:40.721Z,"74 km W of Tari, Papua New Guinea",earthquake,,2.6,,,reviewed,us,hrv
1990-12-10T09:42:16.120Z,-5.869,142.26,33.0,5.5,mb,,,,0.9,us,usp0004hxy,2020-08-29T00:19:22.821Z,"76 km W of Tari, Papua New Guinea",earthquake,,,,7.0,reviewed,us,us
1990-12-10T13:04:47.720Z,51.078,-178.413,33.0,4.6,mb,,,,1.1,us,usp0004hy5,2014-11-07T00:47:35.916Z,"152 km SW of Adak, Alaska",earthquake,,,,5.0,reviewed,us,us
1990-12-10T16:20:15.450Z,-34.836,-111.258,10.0,5.0,mw,,,,1.0,us,usp0004hyb,2025-12-19T20:55:42.183Z,southern East Pacific Rise,earthquake,,,,,reviewed,us,hrv
1990-12-10T17:24:07.580Z,-7.237,147.507,88.6,4.7,mb,,,,0.7,us,usp0004hye,2014-11-07T00:47:35.933Z,"80 km SE of Lae, Papua New Guinea",earthquake,,11.4,,1.0,reviewed,us,us
1990-12-10T19:07:12.880Z,-15.108,-173.635,33.0,4.7,mb,,,,0.4,us,usp0004hyj,2014-11-07T00:47:35.940Z,"95 km N of Hihifo, Tonga",earthquake,,,,6.0,reviewed,us,us
1990-12-10T22:56:04.620Z,35.371,140.345,47.2,4.5,ms,,,,1.3,us,usp0004hyp,2014-11-07T00:47:35.948Z,"7 km SE of Mobara, Japan",earthquake,,11.4,,1.0,reviewed,us,us
1990-12-11T01:11:03.840Z,-22.164,-174.306,38.3,5.4,mw,,,,1.2,us,usp0004hys,2025-12-19T20:55:43.333Z,"113 km SE of ‘Ohonua, Tonga",earthquake,,,,,reviewed,us,hrv
1990-12-11T05:09:08.580Z,5.35,32.639,10.0,5.0,mb,,,,1.2,us,usp0004hyz,2020-08-29T00:19:33.148Z,"104 km N of Torit, South Sudan",earthquake,,,,8.0,reviewed,us,us
1990-12-11T08:57:34.410Z,13.161,-89.862,31.9,5.4,mw,,,,1.1,us,usp0004hz5,2022-04-28T19:29:41.877Z,"47 km S of Acajutla, El Salvador",earthquake,,8.2,,,reviewed,us,hrv
1990-12-11T12:34:16.530Z,-6.051,142.159,33.0,4.7,mb,,,,1.7,us,usp0004hzc,2014-11-07T00:47:36.151Z,"90 km WSW of Tari, Papua New Guinea",earthquake,,,,3.0,reviewed,us,us
1990-12-11T13:25:43.020Z,38.229,140.049,20.4,4.8,mb,,,,1.4,us,usp0004hzd,2014-11-07T00:47:36.153Z,"13 km N of Nagai, Japan",earthquake,,4.7,,9.0,reviewed,us,us
1990-12-11T13:37:12.050Z,4.392,127.969,33.0,4.7,mb,,,,0.3,us,usp0004hze,2014-11-07T00:47:36.156Z,"294 km N of Tobelo, Indonesia",earthquake,,,,7.0,reviewed,us,us
1990-12-11T14:41:42.550Z,-15.461,-173.117,12.8,6.4,mw,,,,1.2,us,usp0004hzg,2022-04-28T19:29:48.419Z,"90 km NE of Hihifo, Tonga",earthquake,,,,,reviewed,us,nc
1990-12-11T14:54:09.950Z,-15.337,-173.133,33.0,4.6,mb,,,,1.4,us,usp0004hzh,2014-11-07T00:47:36.189Z,"98 km NE of Hihifo, Tonga",earthquake,,,,7.0,reviewed,us,us
1990-12-11T16:09:31.010Z,-15.372,-173.052,33.0,5.8,mw,,,,1.6,us,usp0004hzk,2022-04-28T19:29:50.058Z,"102 km NE of Hihifo, Tonga",earthquake,,,,,reviewed,us,hrv
1990-12-11T18:22:27.290Z,14.922,-94.145,30.2,4.5,mb,,,,1.4,us,usp0004hzq,2014-11-07T00:47:36.212Z,"114 km SSW of Manuel Ávila Camacho (Ponte Duro), Mexico",earthquake,,9.5,,3.0,reviewed,us,us
1990-12-11T18:55:35.460Z,-14.885,-172.802,33.0,4.6,mb,,,,1.4,us,usp0004hzt,2014-11-07T00:47:36.222Z,"130 km SSW of Gataivai, Samoa",earthquake,,,,6.0,reviewed,us,us
1990-12-11T21:41:46.710Z,-5.914,142.503,33.0,5.4,mb,,,,1.1,us,usp0004j02,2022-04-28T19:29:55.179Z,"49 km W of Tari, Papua New Guinea",earthquake,,,,21.0,reviewed,us,us
1990-12-11T21:47:09.420Z,59.8545,-150.85,37.4,4.6,mb,,,,0.24,ak,ak990fux6xge,2020-09-14T18:43:42.540Z,"6 km E of Fox River, Alaska",earthquake,,0.8,,,reviewed,ak,ak
1990-12-12T03:20:43.730Z,47.852,-128.721,10.0,4.7,mb,,,,0.8,us,usp0004j0e,2014-11-07T00:47:36.279Z,"253 km SW of Tofino, Canada",earthquake,,,,4.0,reviewed,us,us
1990-12-12T03:25:51.230Z,27.115,126.403,158.4,5.4,mw,,,,1.1,us,usp0004j0g,2025-12-19T20:55:44.592Z,"160 km WNW of Ishikawa, Japan",earthquake,,,,,reviewed,us,hrv
1990-12-12T03:55:16.810Z,23.793,121.64,10.0,4.8,mb,,,,1.2,us,usp0004j0h,2014-11-07T00:47:36.312Z,"20 km S of Hualien City, Taiwan",earthquake,,,,15.0,reviewed,us,us
1990-12-12T04:54:14.580Z,-7.297,128.566,198.8,5.2,mb,,,,1.0,us,usp0004j0j,2014-11-07T00:47:36.315Z,"219 km NE of Lospalos, Timor Leste",earthquake,,41.4,,1.0,reviewed,us,us
1990-12-12T05:44:10.260Z,12.236,93.812,55.3,4.8,mb,,,,1.2,us,usp0004j0n,2014-11-07T00:47:36.320Z,"132 km ENE of Port Blair, India",earthquake,,9.7,,17.0,reviewed,us,us
1990-12-12T07:21:05.700Z,-5.864,142.262,33.0,5.3,mw,,,,1.2,us,usp0004j0s,2025-12-19T20:55:45.831Z,"75 km W of Tari, Papua New Guinea",earthquake,,,,,reviewed,us,hrv
1990-12-12T16:20:21.990Z,-4.687,152.028,161.9,4.8,mb,,,,0.3,us,usp0004j1d,2014-11-07T00:47:36.406Z,"46 km SW of Kokopo, Papua New Guinea",earthquake,,9.9,,2.0,reviewed,us,us
1990-12-12T16:48:51.430Z,14.936,-94.102,48.5,5.2,mb,,,,1.1,us,usp0004j1e,2014-11-07T00:47:36.408Z,"111 km SSW of Manuel Ávila Camacho (Ponte Duro), Mexico",earthquake,,7.3,,34.0,reviewed,us,us
1990-12-12T17:13:58.330Z,-17.438,-177.35,392.0,4.5,mb,,,,0.9,us,usp0004j1f,2014-11-07T00:47:36.419Z,Fiji region,earthquake,,6.4,,6.0,reviewed,us,us
1990-12-12T17:16:30.380Z,37.589,72.12,33.0,4.5,mb,,,,0.4,us,usp0004j1g,2014-11-07T00:47:36.423Z,"51 km ENE of Khorugh, Tajikistan",earthquake,,,,3.0,reviewed,us,us
1990-12-12T18:24:09.730Z,1.096,123.714,33.0,5.3,mb,,,,1.1,us,usp0004j1j,2022-04-28T19:30:02.044Z,"95 km NE of Gorontalo, Indonesia",earthquake,,,,11.0,reviewed,us,us
1990-12-12T23:32:38.450Z,47.257,153.399,33.0,4.8,mb,,,,1.0,us,usp0004j1u,2014-11-07T00:47:36.454Z,Kuril Islands,earthquake,,,,9.0,reviewed,us,us
1990-12-13T00:24:25.710Z,37.3,15.438,11.1,5.6,mw,,,,1.4,us,usp0004j1w,2022-04-28T19:30:07.919Z,"20 km ENE of Augusta, Italy",earthquake,,3.1,,,reviewed,us,hrv
1990-12-13T03:01:48.050Z,23.916,121.636,12.1,6.3,mw,,,,1.2,us,usp0004j21,2022-04-28T19:30:09.273Z,"7 km SSE of Hualien City, Taiwan",earthquake,,,,,reviewed,us,hrv
1990-12-13T04:33:42.260Z,36.319,141.241,42.7,4.8,mb,,,,1.0,us,usp0004j22,2014-11-07T00:47:36.545Z,"59 km E of ?arai, Japan",earthquake,,,,7.0,reviewed,us,us
1990-12-13T05:34:20.440Z,23.86,121.679,10.0,4.5,mb,,,,1.4,us,usp0004j25,2014-11-07T00:47:36.551Z,"15 km SSE of Hualien City, Taiwan",earthquake,,,,6.0,reviewed,us,us
1990-12-13T08:28:55.760Z,31.573,77.438,33.0,4.7,mb,,,,1.0,us,usp0004j2e,2014-11-07T00:47:36.571Z,"11 km SE of Banj?r, India",earthquake,,,,15.0,reviewed,us,us
1990-12-13T08:37:28.800Z,23.736,121.706,10.0,5.0,mb,,,,1.1,us,usp0004j2f,2014-11-07T00:47:36.575Z,"28 km SSE of Hualien City, Taiwan",earthquake,,,,22.0,reviewed,us,us
1990-12-13T10:13:20.590Z,35.5,140.93,23.1,5.0,mb,,,,1.5,us,usp0004j2h,2014-11-07T00:47:36.608Z,"27 km SSE of Hasaki, Japan",earthquake,,,,17.0,reviewed,us,us
1990-12-13T12:26:40.750Z,1.116,124.034,33.0,6.2,mw,,,,1.2,us,usp0004j2m,2022-04-28T19:30:16.940Z,"88 km WSW of Tomohon, Indonesia",earthquake,,,,,reviewed,us,nc
1990-12-13T12:41:02.440Z,1.05,123.981,33.0,5.3,mb,,,,1.0,us,usp0004j2n,2014-11-07T00:47:36.653Z,"96 km WSW of Tomohon, Indonesia",earthquake,,,,10.0,reviewed,us,us
1990-12-13T13:00:05.970Z,1.109,124.006,33.0,5.1,mb,,,,1.3,us,usp0004j2p,2014-11-07T00:47:36.656Z,"91 km WSW of Tomohon, Indonesia",earthquake,,,,3.0,reviewed,us,us
1990-12-13T14:38:47.860Z,1.295,124.339,33.0,4.6,mb,,,,1.4,us,usp0004j2s,2014-11-07T00:47:36.662Z,"51 km W of Tomohon, Indonesia",earthquake,,,,2.0,reviewed,us,us
1990-12-13T16:27:01.040Z,-21.988,-175.981,209.9,4.7,mb,,,,1.4,us,usp0004j2w,2014-11-07T00:47:36.669Z,"121 km SW of Vaini, Tonga",earthquake,,44.8,,7.0,reviewed,us,us
1990-12-13T19:18:21.390Z,0.863,123.88,33.0,4.7,mb,,,,0.8,us,usp0004j31,2014-11-07T00:47:36.678Z,"97 km ENE of Gorontalo, Indonesia",earthquake,,,,2.0,reviewed,us,us
1990-12-13T19:24:31.070Z,1.238,124.133,33.0,4.9,mb,,,,1.1,us,usp0004j32,2014-11-07T00:47:36.680Z,"75 km W of Tomohon, Indonesia",earthquake,,,,4.0,reviewed,us,us
1990-12-13T19:28:03.880Z,1.175,124.12,33.0,5.2,mb,,,,1.2,us,usp0004j33,2014-11-07T00:47:36.682Z,"77 km WSW of Tomohon, Indonesia",earthquake,,,,6.0,reviewed,us,us
1990-12-13T19:50:17.880Z,23.722,121.627,10.0,6.7,mw,,,,1.1,us,usp0004j34,2022-04-28T17:24:57.887Z,"28 km S of Hualien City, Taiwan",earthquake,,,,,reviewed,us,nc
1990-12-13T20:04:47.640Z,23.707,121.809,10.0,4.6,mb,,,,1.3,us,usp0004j35,2014-11-07T00:47:36.727Z,"36 km SE of Hualien City, Taiwan",earthquake,,,,6.0,reviewed,us,us
1990-12-13T20:16:21.410Z,23.921,121.719,10.0,4.6,mb,,,,0.7,us,usp0004j37,2014-11-07T00:47:36.734Z,"13 km ESE of Hualien City, Taiwan",earthquake,,,,2.0,reviewed,us,us
1990-12-13T20:21:04.370Z,23.724,121.72,10.0,4.5,mb,,,,1.0,us,usp0004j38,2014-11-07T00:47:36.736Z,"30 km SSE of Hualien City, Taiwan",earthquake,,,,5.0,reviewed,us,us
1990-12-13T20:28:08.690Z,23.781,121.832,6.9,5.3,mb,,,,1.4,us,usp0004j39,2014-11-07T00:47:36.739Z,"31 km SE of Hualien City, Taiwan",earthquake,,,,33.0,reviewed,us,us
1990-12-13T20:39:24.150Z,23.686,121.761,10.0,4.8,mb,,,,1.2,us,usp0004j3a,2014-11-07T00:47:36.746Z,"35 km SSE of Hualien City, Taiwan",earthquake,,,,3.0,reviewed,us,us
1990-12-13T20:42:37.470Z,23.665,121.811,10.0,5.2,mb,,,,1.4,us,usp0004j3b,2014-11-07T00:47:36.749Z,"40 km SSE of Hualien City, Taiwan",earthquake,,,,20.0,reviewed,us,us
1990-12-13T21:00:05.230Z,23.845,121.78,10.0,4.7,mb,,,,1.6,us,usp0004j3c,2014-11-07T00:47:36.755Z,"23 km SE of Hualien City, Taiwan",earthquake,,,,5.0,reviewed,us,us
1990-12-13T21:05:09.300Z,23.805,121.977,10.0,4.5,mb,,,,1.0,us,usp0004j3d,2014-11-07T00:47:36.759Z,"42 km ESE of Hualien City, Taiwan",earthquake,,,,5.0,reviewed,us,us
1990-12-13T21:30:31.050Z,23.812,121.638,10.0,5.1,mb,,,,1.2,us,usp0004j3e,2014-11-07T00:47:36.761Z,"18 km S of Hualien City, Taiwan",earthquake,,,,21.0,reviewed,us,us
1990-12-13T21:56:38.300Z,23.713,121.673,10.0,5.3,mb,,,,1.2,us,usp0004j3h,2022-04-28T19:30:22.849Z,"30 km SSE of Hualien City, Taiwan",earthquake,,,,25.0,reviewed,us,us
1990-12-13T22:18:32.850Z,23.791,121.737,10.0,4.9,mb,,,,1.2,us,usp0004j3j,2014-11-07T00:47:36.779Z,"24 km SSE of Hualien City, Taiwan",earthquake,,,,12.0,reviewed,us,us
1990-12-13T22:39:22.380Z,-6.02,142.291,33.0,5.5,mw,,,,1.5,us,usp0004j3m,2022-04-28T19:30:28.445Z,"75 km WSW of Tari, Papua New Guinea",earthquake,,,,,reviewed,us,hrv
1990-12-13T22:43:01.860Z,23.988,121.636,10.0,4.9,mb,,,,1.2,us,usp0004j3p,2014-11-07T00:47:36.792Z,"3 km ENE of Hualien City, Taiwan",earthquake,,,,6.0,reviewed,us,us
1990-12-13T23:18:59.330Z,23.681,121.625,10.0,5.9,mw,,,,1.4,us,usp0004j3s,2022-04-28T19:30:34.021Z,"32 km S of Hualien City, Taiwan",earthquake,,,,,reviewed,us,hrv
1990-12-13T23:28:04.480Z,23.807,121.678,10.0,5.7,mb,,,,1.3,us,usp0004j3u,2022-04-28T19:30:39.603Z,"20 km SSE of Hualien City, Taiwan",earthquake,,,,58.0,reviewed,us,us
1990-12-13T23:58:00.080Z,23.87,121.688,10.0,4.7,mb,,,,1.1,us,usp0004j3v,2014-11-07T00:47:36.828Z,"14 km SE of Hualien City, Taiwan",earthquake,,,,3.0,reviewed,us,us
1990-12-14T01:20:48.860Z,23.942,121.73,10.0,4.6,mb,,,,1.2,us,usp0004j3y,2014-11-07T00:47:36.848Z,"13 km ESE of Hualien City, Taiwan",earthquake,,,,9.0,reviewed,us,us
1990-12-14T01:43:53.130Z,23.822,121.716,10.0,5.1,mb,,,,1.1,us,usp0004j3z,2022-04-28T19:30:41.543Z,"20 km SSE of Hualien City, Taiwan",earthquake,,,,28.0,reviewed,us,us
1990-12-14T02:37:38.670Z,23.584,121.677,10.0,5.3,mw,,,,1.2,us,usp0004j42,2022-04-28T19:30:47.174Z,"44 km S of Hualien City, Taiwan",earthquake,,,,,reviewed,us,hrv
1990-12-14T02:53:18.990Z,-25.461,-70.995,33.0,4.7,mb,,,,1.4,us,usp0004j45,2014-11-07T00:47:36.876Z,"51 km W of Taltal, Chile",earthquake,,,,2.0,reviewed,us,us
1990-12-14T03:13:53.080Z,23.925,121.642,10.0,5.1,mb,,,,1.3,us,usp0004j46,2014-11-07T00:47:36.881Z,"6 km SSE of Hualien City, Taiwan",earthquake,,,,11.0,reviewed,us,us
1990-12-14T03:17:03.160Z,-18.99,176.35,33.0,4.8,ms,,,,1.0,us,usp0004j47,2014-11-07T00:47:36.886Z,"173 km SW of Nadi, Fiji",earthquake,,,,2.0,reviewed,us,us
1990-12-14T03:21:26.820Z,39.347,15.355,276.4,5.3,mw,,,,1.1,us,usp0004j48,2025-12-19T20:52:42.429Z,"50 km WSW of Cittadella del Capo, Italy",earthquake,,1.8,,,reviewed,us,hrv
1990-12-14T04:28:28.060Z,2.551,-100.045,10.0,4.5,mb,,,,1.1,us,usp0004j4a,2014-11-07T00:47:36.918Z,Galapagos Triple Junction region,earthquake,,,,4.0,reviewed,us,us
1990-12-14T04:55:30.390Z,23.883,121.758,10.0,4.6,mb,,,,1.4,us,usp0004j4d,2022-04-28T19:30:49.022Z,"18 km ESE of Hualien City, Taiwan",earthquake,,,,15.0,reviewed,us,us
1990-12-14T10:44:23.670Z,23.717,121.624,10.0,4.8,mb,,,,1.1,us,usp0004j4m,2014-11-07T00:47:36.942Z,"28 km S of Hualien City, Taiwan",earthquake,,,,15.0,reviewed,us,us
1990-12-14T11:22:39.330Z,-9.691,-78.982,38.2,5.6,mw,,,,1.1,us,usp0004j4p,2022-04-28T19:30:51.169Z,"70 km WSW of Puerto Casma, Peru",earthquake,,,,,reviewed,us,hrv
1990-12-14T11:46:31.950Z,1.403,123.425,33.0,4.7,ms,,,,1.0,us,usp0004j4r,2014-11-07T00:47:36.966Z,"103 km NNE of Gorontalo, Indonesia",earthquake,,,,1.0,reviewed,us,us
1990-12-14T11:56:13.830Z,23.701,121.634,10.0,4.7,mb,,,,1.3,us,usp0004j4s,2014-11-07T00:47:36.970Z,"30 km S of Hualien City, Taiwan",earthquake,,,,13.0,reviewed,us,us
1990-12-14T14:09:07.300Z,-2.982,136.488,33.0,5.5,mw,,,,1.0,us,usp0004j4v,2022-04-28T19:30:52.718Z,"117 km ENE of Nabire, Indonesia",earthquake,,,,,reviewed,us,hrv
1990-12-14T15:00:02.780Z,-15.899,167.394,55.1,5.0,ms,,,,1.4,us,usp0004j4z,2014-11-07T00:47:36.990Z,"18 km N of Norsup, Vanuatu",earthquake,,14.5,,2.0,reviewed,us,us
1990-12-14T17:23:30.950Z,23.957,121.702,10.0,4.6,mb,,,,1.4,us,usp0004j50,2014-11-07T00:47:36.993Z,"10 km ESE of Hualien City, Taiwan",earthquake,,,,6.0,reviewed,us,us
1990-12-15T02:48:16.740Z,-17.355,-174.527,183.7,4.6,mb,,,,1.3,us,usp0004j5j,2014-11-07T00:47:37.031Z,"154 km NNW of Neiafu, Tonga",earthquake,,14.2,,6.0,reviewed,us,us
1990-12-15T02:55:53.670Z,-5.474,105.984,33.0,4.9,mb,,,,1.3,us,usp0004j5k,2014-11-07T00:47:37.037Z,"73 km NNW of Serang, Indonesia",earthquake,,,,2.0,reviewed,us,us
1990-12-15T05:01:30.810Z,23.636,121.688,10.0,4.5,mb,,,,1.0,us,usp0004j5r,2014-11-07T00:47:37.045Z,"38 km SSE of Hualien City, Taiwan",earthquake,,,,7.0,reviewed,us,us
1990-12-15T10:25:45.300Z,-7.445,156.672,77.6,4.8,mb,,,,1.2,us,usp0004j5x,2014-11-07T00:47:37.065Z,"75 km NNW of Gizo, Solomon Islands",earthquake,,11.9,,8.0,reviewed,us,us
1990-12-15T20:30:12.200Z,24.699,145.53,51.5,5.2,mb,,,,0.8,us,usp0004j6f,2014-11-07T00:47:37.114Z,East of the Volcano Islands,earthquake,,,,19.0,reviewed,us,us
1990-12-15T20:56:51.300Z,0.18,29.529,18.2,4.7,mb,,,,1.1,us,usp0004j6j,2014-11-07T00:47:37.127Z,"26 km E of Butembo, Democratic Republic of the Congo",earthquake,,,,21.0,reviewed,us,us
1990-12-15T23:07:51.580Z,-26.262,-175.639,33.0,4.6,ms,,,,1.5,us,usp0004j6m,2014-11-07T00:47:37.137Z,south of Tonga,earthquake,,,,1.0,reviewed,us,us
1990-12-16T03:52:23.410Z,52.222,-169.501,33.0,4.8,mb,,,,0.8,us,usp0004j6q,2014-11-07T00:47:37.143Z,"90 km SSW of Nikolski, Alaska",earthquake,,,,34.0,reviewed,us,us
1990-12-16T05:23:54.820Z,35.605,140.214,70.0,5.0,mb,,,,1.1,us,usp0004j6u,2014-11-07T00:47:37.155Z,"6 km SE of Yotsukaid?, Japan",earthquake,,,,24.0,reviewed,us,us
1990-12-16T08:40:24.050Z,53.683,153.81,516.8,4.8,mb,,,,0.8,us,usp0004j70,2014-11-07T00:47:37.170Z,Sea of Okhotsk,earthquake,,,,63.0,reviewed,us,us
1990-12-16T10:06:55.710Z,-7.021,127.231,279.0,5.0,mb,,,,1.0,us,usp0004j72,2014-11-07T00:47:37.181Z,"167 km N of Lospalos, Timor Leste",earthquake,,4.1,,13.0,reviewed,us,us
1990-12-16T13:50:28.810Z,37.28,15.448,25.7,4.5,mb,,,,1.3,us,usp0004j75,2014-11-07T00:47:37.190Z,"20 km ENE of Augusta, Italy",earthquake,,4.9,,12.0,reviewed,us,us
1990-12-16T15:45:40.700Z,41.361,43.715,33.0,5.5,mw,,,,1.2,us,usp0004j77,2022-04-28T19:30:54.218Z,"14 km NE of Ninotsminda, Georgia",earthquake,,,,,reviewed,us,hrv
1990-12-16T16:53:33.570Z,2.303,97.139,33.0,4.8,mb,,,,1.0,us,usp0004j79,2014-11-07T00:47:37.453Z,"72 km W of Singkil, Indonesia",earthquake,,,,7.0,reviewed,us,us
1990-12-16T20:19:48.100Z,-6.002,142.167,33.0,5.4,mb,,,,1.1,us,usp0004j7f,2022-04-28T19:30:55.536Z,"88 km WSW of Tari, Papua New Guinea",earthquake,,,,19.0,reviewed,us,us
1990-12-16T20:28:50.610Z,-19.467,-173.278,33.0,5.7,mw,,,,1.3,us,usp0004j7h,2022-04-28T19:31:01.762Z,"117 km SE of Neiafu, Tonga",earthquake,,,,,reviewed,us,hrv
1990-12-16T22:18:49.880Z,29.044,51.304,15.4,5.7,mw,,,,1.2,us,usp0004j7k,2022-04-28T19:31:07.333Z,"26 km SSE of Bor?zj?n, Iran",earthquake,,,,,reviewed,us,hrv
1990-12-16T22:42:59.430Z,23.88,121.754,10.0,4.7,mb,,,,1.3,us,usp0004j7m,2014-11-07T00:47:37.525Z,"18 km SE of Hualien City, Taiwan",earthquake,,,,8.0,reviewed,us,us
1990-12-17T01:21:07.830Z,1.412,123.23,33.0,5.1,mw,,,,1.4,us,usp0004j7u,2022-04-28T19:31:13.761Z,"98 km N of Gorontalo, Indonesia",earthquake,,,,,reviewed,us,hrv
1990-12-17T01:43:48.650Z,1.298,123.188,33.0,5.5,mw,,,,1.2,us,usp0004j7w,2022-04-28T19:31:15.144Z,"85 km N of Gorontalo, Indonesia",earthquake,,,,,reviewed,us,hrv
1990-12-17T02:18:38.050Z,29.079,51.26,30.6,4.8,mb,,,,1.1,us,usp0004j7z,2014-11-07T00:47:37.554Z,"21 km S of Bor?zj?n, Iran",earthquake,,7.7,,36.0,reviewed,us,us
1990-12-17T02:45:35.060Z,29.155,51.248,33.0,4.7,mb,,,,1.2,us,usp0004j81,2014-11-07T00:47:37.564Z,"13 km SSE of Bor?zj?n, Iran",earthquake,,,,18.0,reviewed,us,us
1990-12-17T04:15:14.410Z,-24.134,-179.823,628.0,5.2,mb,,,,1.3,us,usp0004j84,2014-11-07T00:47:37.571Z,south of the Fiji Islands,earthquake,,43.0,,6.0,reviewed,us,us
1990-12-17T07:08:02.200Z,-6.424,142.356,33.0,4.5,mb,,,,1.3,us,usp0004j8c,2014-11-07T00:47:37.586Z,"91 km SW of Tari, Papua New Guinea",earthquake,,,,1.0,reviewed,us,us
1990-12-17T07:14:57.910Z,1.232,123.013,33.0,5.0,mb,,,,1.5,us,usp0004j8e,2014-11-07T00:47:37.590Z,"76 km N of Gorontalo, Indonesia",earthquake,,,,5.0,reviewed,us,us
1990-12-17T10:17:58.940Z,-7.205,129.902,33.0,4.5,mb,,,,1.4,us,usp0004j8n,2014-11-07T00:47:37.602Z,"Kepulauan Babar, Indonesia",earthquake,,,,3.0,reviewed,us,us
1990-12-17T11:00:18.920Z,6.554,-82.113,19.9,5.2,mb,,,,1.2,us,usp0004j8q,2022-04-28T19:31:20.848Z,south of Panama,earthquake,,,,8.0,reviewed,us,us
1990-12-17T11:00:29.850Z,6.638,-81.926,19.3,6.3,mw,,,,1.3,us,usp0004j8r,2022-04-28T19:31:22.535Z,"136 km SSW of Río Grande, Panama",earthquake,,,,,reviewed,us,hrv
1990-12-17T12:34:24.920Z,7.201,-82.082,33.0,4.9,mb,,,,1.2,us,usp0004j8t,2014-11-07T00:47:37.708Z,"100 km SW of Río Grande, Panama",earthquake,,,,20.0,reviewed,us,us
1990-12-18T01:24:45.740Z,19.697,121.452,33.0,4.7,mb,,,,1.5,us,usp0004j98,2014-11-07T00:47:37.746Z,"99 km SSW of Basco, Philippines",earthquake,,,,7.0,reviewed,us,us
1990-12-18T01:47:56.010Z,19.68,121.576,33.0,4.7,mb,,,,0.5,us,usp0004j9a,2014-11-07T00:47:37.752Z,"94 km SSW of Basco, Philippines",earthquake,,,,8.0,reviewed,us,us
1990-12-18T02:33:12.370Z,-42.553,-16.14,10.0,5.3,mw,,,,1.1,us,usp0004j9b,2025-12-19T20:55:47.101Z,southern Mid-Atlantic Ridge,earthquake,,,,,reviewed,us,hrv
1990-12-18T02:40:49.760Z,30.336,79.117,18.7,4.9,mb,,,,1.1,us,usp0004j9c,2014-11-07T00:47:37.759Z,"14 km ENE of Rudrapray?g, India",earthquake,,,,30.0,reviewed,us,us
1990-12-18T02:49:22.800Z,-42.667,-15.948,11.7,5.5,mw,,,,1.3,us,usp0004j9d,2025-12-19T20:55:48.326Z,Tristan da Cunha region,earthquake,,,,,reviewed,us,hrv
1990-12-18T04:06:11.480Z,41.187,142.101,95.8,4.7,mb,,,,0.8,us,usp0004j9e,2014-11-07T00:47:37.771Z,"74 km E of Mutsu, Japan",earthquake,,20.3,,24.0,reviewed,us,us
1990-12-18T04:39:11.820Z,23.766,121.772,10.0,5.4,mw,,,,1.0,us,usp0004j9m,2022-04-28T19:31:28.125Z,"28 km SE of Hualien City, Taiwan",earthquake,,,,,reviewed,us,hrv
1990-12-18T06:28:33.100Z,0.782,124.038,166.8,4.5,mb,,,,1.0,us,usp0004j9p,2014-11-07T00:47:37.795Z,"103 km SW of Tomohon, Indonesia",earthquake,,29.3,,3.0,reviewed,us,us
1990-12-18T07:26:49.600Z,-34.186,179.998,33.0,4.7,mb,,,,1.3,us,usp0004j9r,2014-11-07T00:47:37.798Z,south of the Kermadec Islands,earthquake,,,,2.0,reviewed,us,us
1990-12-18T10:37:32.560Z,8.353,122.405,33.0,4.9,mb,,,,1.4,us,usp0004j9v,2014-11-07T00:47:37.806Z,"33 km NNW of Kalawit, Philippines",earthquake,,,,5.0,reviewed,us,us
1990-12-18T14:57:33.410Z,-39.489,-91.816,18.0,4.9,mb,,,,0.9,us,usp0004ja4,2014-11-07T00:47:37.817Z,West Chile Rise,earthquake,,,,10.0,reviewed,us,us
1990-12-18T15:01:23.730Z,-40.421,-91.738,17.6,5.2,mw,,,,1.2,us,usp0004ja6,2025-12-19T20:55:49.553Z,West Chile Rise,earthquake,,,,,reviewed,us,hrv
1990-12-18T18:36:19.550Z,15.69,-87.645,33.0,4.6,mb,,,,1.5,us,usp0004jag,2014-11-07T00:47:37.843Z,"11 km N of Mezapa, Honduras",earthquake,,,,2.0,reviewed,us,us
1990-12-18T21:38:13.170Z,-29.434,-68.242,105.9,4.6,mb,,,,1.2,us,usp0004jar,2014-11-07T00:47:37.886Z,"74 km S of Vinchina, Argentina",earthquake,,5.8,,10.0,reviewed,us,us
1990-12-19T00:08:13.210Z,23.574,121.526,10.0,5.1,mb,,,,1.1,us,usp0004jav,2014-11-07T00:47:37.902Z,"45 km S of Hualien City, Taiwan",earthquake,,,,24.0,reviewed,us,us
1990-12-19T00:20:24.780Z,23.701,121.579,10.0,5.6,mw,,,,1.1,us,usp0004jaw,2022-04-28T19:31:30.144Z,"30 km S of Hualien City, Taiwan",earthquake,,,,,reviewed,us,hrv
1990-12-19T06:16:33.050Z,-24.053,-66.985,181.3,4.5,mb,,,,0.9,us,usp0004jb6,2014-11-07T00:47:37.937Z,"70 km WNW of San Antonio de los Cobres, Argentina",earthquake,,7.1,,4.0,reviewed,us,us
1990-12-19T07:34:22.180Z,-27.369,-175.497,41.2,5.1,mw,,,,1.0,us,usp0004jb7,2025-12-19T20:55:50.698Z,Kermadec Islands region,earthquake,,,,,reviewed,us,hrv
1990-12-19T08:48:04.370Z,-10.779,163.191,33.0,5.3,mb,,,,1.2,us,usp0004jb8,2014-11-07T00:47:37.947Z,"143 km ESE of Kirakira, Solomon Islands",earthquake,,,,7.0,reviewed,us,us
1990-12-19T12:38:59.170Z,34.926,23.282,42.9,4.6,mb,,,,1.2,us,usp0004jbm,2014-11-07T00:47:37.975Z,"49 km SW of Palaióchora, Greece",earthquake,,5.3,,44.0,reviewed,us,us
1990-12-19T13:48:22.690Z,52.618,160.716,21.7,6.0,mw,,,,1.0,us,usp0004jbn,2022-04-28T19:31:31.683Z,"147 km ESE of Petropavlovsk-Kamchatsky, Russia",earthquake,,,,,reviewed,us,hrv
1990-12-19T14:07:58.180Z,10.792,-85.876,23.4,4.9,ms,,,,1.4,us,usp0004jbp,2014-11-07T00:47:38.041Z,"39 km NW of Sardinal, Costa Rica",earthquake,,,,1.0,reviewed,us,us
1990-12-19T17:01:14.240Z,-16.768,-73.16,84.9,4.9,mb,,,,1.2,us,usp0004jbv,2014-11-07T00:47:38.068Z,"49 km WSW of El Cardo, Peru",earthquake,,13.3,,9.0,reviewed,us,us
1990-12-19T17:27:02.540Z,8.104,-73.929,91.1,4.5,mb,,,,1.6,us,usp0004jbw,2014-11-07T00:47:38.071Z,"16 km N of Simití, Colombia",earthquake,,13.4,,1.0,reviewed,us,us
1990-12-19T22:01:22.100Z,-29.132,-67.626,125.2,4.8,mb,,,,1.5,us,usp0004jc5,2014-11-07T00:47:38.087Z,"12 km WNW of Chilecito, Argentina",earthquake,,,,6.0,reviewed,us,us
1990-12-19T23:00:34.810Z,-5.837,102.259,33.0,5.1,mb,,,,1.5,us,usp0004jc8,2014-11-07T00:47:38.096Z,"225 km S of Bengkulu, Indonesia",earthquake,,,,6.0,reviewed,us,us
1990-12-19T23:38:35.650Z,23.669,121.606,10.0,5.5,mw,,,,1.0,us,usp0004jca,2022-04-28T19:31:33.218Z,"34 km S of Hualien City, Taiwan",earthquake,,,,,reviewed,us,hrv
1990-12-19T23:48:52.460Z,23.658,121.454,10.0,5.1,mb,,,,0.6,us,usp0004jcb,2014-11-07T00:47:38.114Z,"38 km SSW of Hualien City, Taiwan",earthquake,,,,23.0,reviewed,us,us
1990-12-20T00:05:46.310Z,23.749,121.721,10.0,4.9,mb,,,,1.2,us,usp0004jcc,2014-11-07T00:47:38.118Z,"27 km SSE of Hualien City, Taiwan",earthquake,,,,5.0,reviewed,us,us
1990-12-20T07:02:59.350Z,37.612,70.338,8.3,5.6,mw,,,,1.0,us,usp0004jct,2022-04-28T19:31:34.637Z,"55 km E of Chubek, Tajikistan",earthquake,,,,,reviewed,us,hrv
1990-12-20T07:18:49.340Z,18.011,-60.571,30.5,4.8,mb,,,,0.9,us,usp0004jcu,2014-11-07T00:47:38.179Z,"140 km ENE of Codrington, Antigua and Barbuda",earthquake,,4.4,,26.0,reviewed,us,us
1990-12-20T08:17:29.670Z,54.353,167.541,33.0,4.9,mb,,,,0.9,us,usp0004jcv,2014-11-07T00:47:38.187Z,"Komandorskiye Ostrova, Russia region",earthquake,,,,18.0,reviewed,us,us
1990-12-20T17:04:44.080Z,28.138,82.944,66.8,4.8,mb,,,,1.2,us,usp0004jd6,2014-11-07T00:47:38.223Z,"53 km ESE of Besisahar, Nepal",earthquake,,8.8,,9.0,reviewed,us,us
1990-12-20T17:19:25.970Z,-7.256,128.862,104.5,4.9,mb,,,,1.0,us,usp0004jd7,2014-11-07T00:47:38.226Z,"248 km NE of Lospalos, Timor Leste",earthquake,,31.8,,4.0,reviewed,us,us
1990-12-20T18:37:44.190Z,-0.318,29.46,33.0,4.5,mb,,,,1.0,us,usp0004jda,2014-11-07T00:47:38.230Z,"54 km SSE of Butembo, Democratic Republic of the Congo",earthquake,,,,1.0,reviewed,us,us
1990-12-20T22:44:47.140Z,-51.085,15.879,10.0,4.8,mb,,,,1.6,us,usp0004jdf,2014-11-07T00:47:38.238Z,southwest of Africa,earthquake,,,,4.0,reviewed,us,us
1990-12-21T03:25:49.460Z,41.489,142.255,33.0,4.7,mb,,,,0.7,us,usp0004jdk,2014-11-07T00:47:38.253Z,"89 km ENE of Mutsu, Japan",earthquake,,,,7.0,reviewed,us,us
1990-12-21T03:26:43.090Z,-16.626,-177.556,10.0,5.9,mw,,,,1.1,us,usp0004jdm,2022-04-28T19:31:36.245Z,"262 km SSE of Alo, Wallis and Futuna",earthquake,,,,,reviewed,us,hrv
1990-12-21T04:03:12.610Z,-20.265,-177.557,558.6,4.5,mb,,,,1.4,us,usp0004jdn,2014-11-07T00:47:38.268Z,"263 km WNW of Haveluloto, Tonga",earthquake,,29.9,,3.0,reviewed,us,us
1990-12-21T05:29:28.720Z,-20.467,-174.161,13.3,6.8,mw,,,,1.3,us,usp0004jdq,2022-04-28T19:31:37.880Z,"74 km SSE of Pangai, Tonga",earthquake,,,,,reviewed,us,nc
1990-12-21T06:01:23.080Z,54.344,167.455,33.0,4.8,mb,,,,0.9,us,usp0004jdr,2014-11-07T00:47:38.302Z,"Komandorskiye Ostrova, Russia region",earthquake,,,,10.0,reviewed,us,us
1990-12-21T06:57:42.990Z,41.004,22.3,13.3,6.1,mw,,,,1.1,us,usp0004jdt,2022-04-28T19:31:39.226Z,"14 km WNW of Gouménissa, Greece",earthquake,,,,,reviewed,us,hrv
1990-12-21T11:38:18.070Z,-20.597,-178.574,599.3,5.5,mw,,,,0.8,us,usp0004jf1,2025-12-19T20:55:52.240Z,Fiji region,earthquake,,3.2,,,reviewed,us,hrv
1990-12-21T12:55:45.530Z,-18.891,-177.971,457.0,5.6,mw,,,,1.0,us,usp0004jfa,2022-04-28T19:31:40.614Z,Fiji region,earthquake,,,,,reviewed,us,hrv
1990-12-21T16:19:48.210Z,41.018,22.322,10.0,4.6,mb,,,,1.2,us,usp0004jfx,2014-11-07T00:47:38.526Z,"13 km NW of Gouménissa, Greece",earthquake,,,,3.0,reviewed,us,us
1990-12-21T17:34:19.070Z,36.543,71.048,170.3,5.0,mb,,,,0.5,us,usp0004jg0,2014-11-07T00:47:38.538Z,"40 km SSE of Jurm, Afghanistan",earthquake,,16.9,,1.0,reviewed,us,us
1990-12-21T18:31:43.830Z,-32.696,-69.647,116.3,5.5,mw,,,,1.0,us,usp0004jga,2025-12-19T20:55:53.431Z,"79 km WNW of Mendoza, Argentina",earthquake,,3.0,,,reviewed,us,hrv
1990-12-21T18:32:01.510Z,35.771,73.661,33.0,4.6,mb,,,,0.6,us,usp0004jgb,2014-11-07T00:47:38.566Z,"46 km SSW of Gahkuch, Pakistan",earthquake,,,,8.0,reviewed,us,us
1990-12-21T20:34:43.380Z,20.296,-45.702,10.0,5.3,mw,,,,0.9,us,usp0004jgu,2025-12-19T20:55:54.682Z,northern Mid-Atlantic Ridge,earthquake,,,,,reviewed,us,hrv
1990-12-21T20:44:49.650Z,13.298,-89.134,78.9,4.5,mb,,,,1.5,us,usp0004jgw,2014-11-07T00:47:38.604Z,"24 km SSW of El Rosario, El Salvador",earthquake,,6.5,,4.0,reviewed,us,us
1990-12-21T23:58:52.960Z,44.183,148.577,33.0,4.9,mb,,,,1.2,us,usp0004jhd,2014-11-07T00:47:38.632Z,"128 km SSE of Kuril’sk, Russia",earthquake,,,,8.0,reviewed,us,us
1990-12-22T07:37:10.450Z,-37.462,47.991,10.0,4.5,mb,,,,1.6,us,usp0004jjp,2014-11-07T00:47:38.726Z,Southwest Indian Ridge,earthquake,,,,4.0,reviewed,us,us
1990-12-22T16:32:10.700Z,8.603,122.541,62.2,4.9,mb,,,,0.9,us,usp0004jkj,2014-11-07T00:47:38.772Z,"55 km WNW of Ponot, Philippines",earthquake,,10.6,,12.0,reviewed,us,us
1990-12-22T17:27:54.840Z,9.869,-84.302,17.3,6.0,mw,,,,0.9,us,usp0004jkq,2022-04-28T17:24:59.282Z,"2 km NNE of Santiago, Costa Rica",earthquake,,3.0,,,reviewed,us,hrv
1990-12-22T18:18:51.740Z,18.767,145.527,198.3,5.0,mb,,,,1.0,us,usp0004jkt,2014-11-07T00:47:38.808Z,"Pagan region, Northern Mariana Islands",earthquake,,20.4,,30.0,reviewed,us,us
1990-12-22T18:38:51.020Z,4.754,125.965,33.0,4.5,mb,,,,1.1,us,usp0004jku,2014-11-07T00:47:38.815Z,"90 km SE of Sarangani, Philippines",earthquake,,,,3.0,reviewed,us,us
1990-12-22T19:01:41.810Z,-14.948,168.036,26.7,5.7,mw,,,,0.9,us,usp0004jkx,2022-04-28T19:31:46.564Z,"104 km E of Port-Olry, Vanuatu",earthquake,,,,,reviewed,us,hrv
1990-12-22T20:04:00.620Z,11.654,-62.269,143.7,4.8,mb,,,,0.9,us,usp0004jm2,2014-11-07T00:47:38.851Z,"71 km SW of Saint George's, Grenada",earthquake,,2.2,,48.0,reviewed,us,us
1990-12-22T20:48:41.940Z,-18.48,-176.392,33.0,5.0,mb,,,,0.8,us,usp0004jm6,2014-11-07T00:47:38.879Z,"254 km W of Neiafu, Tonga",earthquake,,,,10.0,reviewed,us,us
1990-12-22T23:25:28.610Z,28.985,51.375,38.1,4.8,mb,,,,1.1,us,usp0004jmh,2014-11-07T00:47:38.903Z,"35 km SSE of Bor?zj?n, Iran",earthquake,,8.4,,16.0,reviewed,us,us
1990-12-23T01:11:25.200Z,1.093,124.146,49.5,5.4,mw,,,,1.2,us,usp0004jmu,2022-04-28T19:31:48.581Z,"77 km WSW of Tomohon, Indonesia",earthquake,,10.8,,,reviewed,us,hrv
1990-12-23T14:43:30.720Z,-10.886,166.357,167.8,4.8,mb,,,,1.2,us,usp0004jny,2014-11-07T00:47:38.989Z,"63 km ESE of Lata, Solomon Islands",earthquake,,14.7,,11.0,reviewed,us,us
1990-12-23T16:39:16.580Z,-49.231,30.493,10.0,5.1,mb,,,,1.3,us,usp0004jp4,2014-11-07T00:47:39.001Z,south of Africa,earthquake,,,,8.0,reviewed,us,us
1990-12-23T17:48:40.450Z,-15.182,167.386,143.0,5.6,mb,,,,1.1,us,usp0004jp6,2022-04-28T19:31:50.098Z,"37 km ESE of Port-Olry, Vanuatu",earthquake,,5.5,,34.0,reviewed,us,us
1990-12-23T21:03:03.770Z,-0.656,127.387,31.7,5.6,mw,,,,1.1,us,usp0004jpd,2022-04-28T19:31:57.392Z,"155 km S of Sofifi, Indonesia",earthquake,,14.0,,,reviewed,us,hrv
1990-12-23T21:25:48.420Z,25.1,101.623,33.0,4.5,mb,,,,1.2,us,usp0004jpe,2014-11-07T00:47:39.047Z,"72 km NW of Longquan, China",earthquake,,,,3.0,reviewed,us,us
1990-12-24T04:21:22.710Z,-55.788,-27.155,33.0,5.0,mb,,,,1.5,us,usp0004jq2,2014-11-07T00:47:39.091Z,South Sandwich Islands region,earthquake,,,,3.0,reviewed,us,us
1990-12-24T04:55:21.670Z,-7.921,108.787,45.5,4.9,mb,,,,1.1,us,usp0004jq4,2014-11-07T00:47:39.100Z,"48 km S of Sidareja, Indonesia",earthquake,,19.5,,5.0,reviewed,us,us
1990-12-24T08:22:46.390Z,-19.253,-173.499,30.9,5.3,mw,,,,1.4,us,usp0004jqa,2025-12-19T20:55:55.637Z,"84 km SE of Neiafu, Tonga",earthquake,,,,,reviewed,us,hrv
1990-12-24T09:32:52.200Z,54.019,-164.337,52.8,4.8,mb,,,,0.9,us,usp0004jqd,2014-11-07T00:47:39.126Z,"95 km E of Akutan, Alaska",earthquake,,7.8,,20.0,reviewed,us,us
1990-12-24T10:12:13.060Z,-5.376,151.49,53.0,5.9,mw,,,,0.9,us,usp0004jqh,2022-04-28T19:32:02.919Z,"143 km SW of Kokopo, Papua New Guinea",earthquake,,,,,reviewed,us,hrv
1990-12-24T12:37:40.120Z,39.738,143.075,43.8,4.9,mb,,,,1.2,us,usp0004jqq,2014-11-07T00:47:39.168Z,"97 km E of Miyako, Japan",earthquake,,8.9,,18.0,reviewed,us,us
1990-12-24T14:52:31.280Z,-52.987,22.44,10.0,4.8,mb,,,,1.2,us,usp0004jqv,2014-11-07T00:47:39.183Z,south of Africa,earthquake,,,,2.0,reviewed,us,us
1990-12-24T15:59:40.950Z,-53.068,22.235,10.0,4.9,mb,,,,1.2,us,usp0004jqx,2014-11-07T00:47:39.188Z,south of Africa,earthquake,,,,1.0,reviewed,us,us
1990-12-24T16:26:27.240Z,-21.026,-11.485,10.0,4.9,mb,,,,0.9,us,usp0004jqy,2014-11-07T00:47:39.190Z,southern Mid-Atlantic Ridge,earthquake,,,,16.0,reviewed,us,us
1990-12-24T16:40:12.670Z,-21.013,-11.595,10.0,5.2,mw,,,,1.0,us,usp0004jr0,2025-12-19T20:55:56.681Z,southern Mid-Atlantic Ridge,earthquake,,,,,reviewed,us,hrv
1990-12-24T19:15:46.820Z,-5.643,146.381,56.9,5.4,mw,,,,0.9,us,usp0004jr2,2022-04-28T19:32:09.115Z,"80 km SE of Madang, Papua New Guinea",earthquake,,6.6,,,reviewed,us,hrv
1990-12-24T21:09:03.300Z,41.921,142.347,71.3,5.0,mb,,,,1.0,us,usp0004jr3,2014-11-07T00:47:39.217Z,"45 km S of Shizunai-furukawach?, Japan",earthquake,,5.0,,55.0,reviewed,us,us
1990-12-24T22:17:22.910Z,-33.268,-178.279,33.0,5.1,mb,,,,1.2,us,usp0004jr5,2014-11-07T00:47:39.227Z,south of the Kermadec Islands,earthquake,,,,3.0,reviewed,us,us
1990-12-24T22:20:46.710Z,-33.327,-179.022,33.0,4.6,mb,,,,1.4,us,usp0004jr6,2014-11-07T00:47:39.230Z,south of the Kermadec Islands,earthquake,,,,1.0,reviewed,us,us
1990-12-24T23:21:36.840Z,-52.918,22.424,10.0,4.6,mb,,,,1.2,us,usp0004jr9,2014-11-07T00:47:39.239Z,south of Africa,earthquake,,,,3.0,reviewed,us,us
1990-12-25T01:06:54.820Z,12.156,93.644,33.0,5.3,mw,,,,1.1,us,usp0004jre,2022-04-28T19:32:19.930Z,"111 km ENE of Port Blair, India",earthquake,,,,,reviewed,us,hrv
1990-12-25T01:57:52.620Z,13.746,120.217,59.1,4.8,mb,,,,0.9,us,usp0004jrh,2014-11-07T00:47:39.266Z,"4 km NW of Looc, Philippines",earthquake,,8.2,,23.0,reviewed,us,us
1990-12-25T03:56:46.130Z,33.331,75.712,51.1,5.3,mb,,,,1.0,us,usp0004jrn,2022-04-28T19:32:24.999Z,"5 km WNW of Kishtw?r, India",earthquake,,10.6,,69.0,reviewed,us,us
1990-12-25T07:51:10.300Z,-40.732,-85.765,10.0,5.7,mw,,,,1.2,us,usp0004jrr,2022-04-28T19:32:30.763Z,West Chile Rise,earthquake,,,,,reviewed,us,hrv
1990-12-25T14:21:53.220Z,23.766,121.592,17.7,5.9,mw,,,,1.2,us,usp0004jsa,2022-04-28T19:32:36.161Z,"23 km S of Hualien City, Taiwan",earthquake,,,,,reviewed,us,hrv
1990-12-25T14:30:09.350Z,23.781,121.629,37.1,5.3,mb,,,,1.1,us,usp0004jsb,2014-11-07T00:47:39.356Z,"21 km S of Hualien City, Taiwan",earthquake,,9.6,,23.0,reviewed,us,us
1990-12-25T15:30:24.850Z,2.436,128.522,80.1,5.0,mb,,,,1.1,us,usp0004jsf,2014-11-07T00:47:39.370Z,"96 km NE of Tobelo, Indonesia",earthquake,,27.1,,5.0,reviewed,us,us
1990-12-25T19:42:21.120Z,-27.828,-66.963,159.8,4.6,mb,,,,1.4,us,usp0004jsq,2014-11-07T00:47:39.389Z,"20 km SE of Londres, Argentina",earthquake,,7.2,,11.0,reviewed,us,us
1990-12-25T19:59:19.320Z,-5.156,146.483,121.3,4.9,mb,,,,1.1,us,usp0004jsr,2014-11-07T00:47:39.393Z,"77 km E of Madang, Papua New Guinea",earthquake,,11.7,,2.0,reviewed,us,us
1990-12-25T20:21:25.670Z,-24.871,179.783,497.4,5.3,mb,,,,1.0,us,usp0004jsu,2014-11-07T00:47:39.400Z,south of the Fiji Islands,earthquake,,5.0,,43.0,reviewed,us,us
1990-12-25T22:59:21.020Z,-0.726,127.445,41.9,5.1,mw,,,,1.1,us,usp0004jsx,2022-04-28T19:32:37.435Z,"162 km S of Sofifi, Indonesia",earthquake,,10.7,,,reviewed,us,hrv
1990-12-25T23:14:05.010Z,37.82,101.951,33.0,4.7,mb,,,,1.1,us,usp0004jsy,2014-11-07T00:47:39.421Z,"61 km WSW of Wuwei, China",earthquake,,,,12.0,reviewed,us,us
1990-12-26T01:24:34.070Z,48.313,153.898,87.7,5.0,mb,,,,0.8,us,usp0004jt2,2014-11-07T00:47:39.428Z,Kuril Islands,earthquake,,,,65.0,reviewed,us,us
1990-12-26T01:38:59.440Z,21.047,145.7,33.0,4.8,mb,,,,0.9,us,usp0004jt4,2014-11-07T00:47:39.442Z,Mariana Islands region,earthquake,,,,7.0,reviewed,us,us
1990-12-26T01:59:36.380Z,-0.668,127.337,38.7,5.6,mw,,,,1.1,us,usp0004jt5,2022-04-28T19:32:38.691Z,"157 km S of Sofifi, Indonesia",earthquake,,14.0,,,reviewed,us,hrv
1990-12-26T04:36:42.130Z,-8.229,118.651,116.8,5.0,mb,,,,1.1,us,usp0004jt8,2014-11-07T00:47:39.455Z,"26 km NNW of Bima, Indonesia",earthquake,,19.3,,8.0,reviewed,us,us
1990-12-26T05:58:30.600Z,-5.136,-78.303,33.0,4.6,mb,,,,1.1,us,usp0004jtb,2014-11-07T00:47:39.466Z,"54 km NNE of La Peca, Peru",earthquake,,,,7.0,reviewed,us,us
1990-12-26T08:12:28.110Z,18.927,-68.162,33.0,4.5,mb,,,,1.3,us,usp0004jth,2014-11-07T00:47:39.480Z,"45 km NE of Punta Cana, Dominican Republic",earthquake,,,,6.0,reviewed,us,us
1990-12-26T14:19:46.140Z,52.637,160.987,33.0,4.9,mb,,,,1.0,us,usp0004jtu,2014-11-07T00:47:39.501Z,"163 km ESE of Petropavlovsk-Kamchatsky, Russia",earthquake,,,,37.0,reviewed,us,us
1990-12-26T14:50:57.710Z,52.736,160.903,43.8,5.1,mb,,,,1.2,us,usp0004jtw,2014-11-07T00:47:39.509Z,"155 km ESE of Petropavlovsk-Kamchatsky, Russia",earthquake,,,,63.0,reviewed,us,us
1990-12-26T15:02:19.240Z,52.663,161.066,32.8,5.1,mb,,,,1.2,us,usp0004jtx,2014-11-07T00:47:39.520Z,"168 km ESE of Petropavlovsk-Kamchatsky, Russia",earthquake,,,,48.0,reviewed,us,us
1990-12-26T15:03:10.530Z,-31.573,-68.18,17.4,4.9,mb,,,,0.5,us,usp0004jty,2014-11-07T00:47:39.528Z,"12 km NE of Caucete, Argentina",earthquake,,10.9,,1.0,reviewed,us,us
1990-12-26T15:31:59.360Z,52.663,160.951,34.3,5.2,mw,,,,1.0,us,usp0004jtz,2025-12-19T20:55:57.545Z,"160 km ESE of Petropavlovsk-Kamchatsky, Russia",earthquake,,,,,reviewed,us,hrv
1990-12-26T15:37:21.930Z,-9.778,107.188,33.0,4.8,mb,,,,1.4,us,usp0004ju0,2014-11-07T00:47:39.591Z,"286 km S of Banjar, Indonesia",earthquake,,,,5.0,reviewed,us,us
1990-12-26T16:19:27.840Z,10.159,126.03,70.3,4.7,mb,,,,1.1,us,usp0004ju4,2014-11-07T00:47:39.824Z,"15 km N of Santa Monica, Philippines",earthquake,,13.8,,10.0,reviewed,us,us
1990-12-26T16:26:12.340Z,-0.229,99.14,73.9,5.0,mb,,,,0.9,us,usp0004ju5,2014-11-07T00:47:39.902Z,"117 km WNW of Pariaman, Indonesia",earthquake,,10.1,,16.0,reviewed,us,us
1990-12-26T22:29:48.470Z,-20.893,-68.968,133.5,4.5,mb,,,,0.3,us,usp0004jue,2014-11-07T00:47:39.926Z,"144 km ESE of Iquique, Chile",earthquake,,16.4,,1.0,reviewed,us,us
1990-12-27T08:36:52.000Z,51.4,-176.152,33.0,4.9,mb,,,,0.9,us,usp0004jum,2014-11-07T00:47:39.936Z,"62 km SSE of Adak, Alaska",earthquake,,,,21.0,reviewed,us,us
1990-12-27T10:14:24.840Z,-19.429,-177.482,580.7,5.1,mb,,,,1.0,us,usp0004jun,2014-11-07T00:47:39.944Z,Fiji region,earthquake,,6.2,,12.0,reviewed,us,us
1990-12-27T11:08:03.220Z,-6.275,145.872,123.7,4.6,mb,,,,0.6,us,usp0004juq,2014-11-07T00:47:39.955Z,"1 km NNE of Kainantu, Papua New Guinea",earthquake,,5.7,,4.0,reviewed,us,us
1990-12-27T13:26:57.110Z,36.539,48.907,10.0,4.7,mb,,,,0.9,us,usp0004juu,2014-11-07T00:47:39.965Z,"33 km NW of Alvand, Iran",earthquake,,,,6.0,reviewed,us,us
1990-12-27T13:35:10.090Z,-6.873,129.542,180.9,5.7,mw,,,,0.9,us,usp0004juv,2022-04-28T19:32:39.823Z,Banda Sea,earthquake,,,,,reviewed,us,hrv
1990-12-27T15:56:46.610Z,-14.916,167.52,143.0,4.9,mb,,,,1.3,us,usp0004jv0,2014-11-07T00:47:40.003Z,"50 km ENE of Port-Olry, Vanuatu",earthquake,,10.8,,5.0,reviewed,us,us
1990-12-27T16:08:34.670Z,-22.725,-70.006,63.7,5.5,mw,,,,0.9,us,usp0004jv1,2025-12-19T20:55:58.395Z,"72 km SSE of Tocopilla, Chile",earthquake,,,,,reviewed,us,hrv
1990-12-27T16:10:34.130Z,54.207,160.092,106.2,5.1,mb,,,,0.8,us,usp0004jv2,2014-11-07T00:47:40.014Z,"109 km ESE of Mil’kovo, Russia",earthquake,,,,58.0,reviewed,us,us
1990-12-27T17:01:21.610Z,52.356,161.067,33.0,5.1,mb,,,,1.4,us,usp0004jv4,2014-11-07T00:47:40.027Z,"180 km ESE of Petropavlovsk-Kamchatsky, Russia",earthquake,,,,7.0,reviewed,us,us
1990-12-27T18:01:41.730Z,-19.53,168.814,59.3,5.4,mw,,,,1.1,us,usp0004jv9,2022-04-28T19:32:40.947Z,"49 km W of Isangel, Vanuatu",earthquake,,6.0,,,reviewed,us,hrv
1990-12-27T20:54:57.750Z,-24.018,-66.474,205.6,4.5,mb,,,,0.8,us,usp0004jvd,2014-11-07T00:47:40.069Z,"27 km NW of San Antonio de los Cobres, Argentina",earthquake,,4.9,,13.0,reviewed,us,us
1990-12-27T21:12:49.350Z,-4.305,102.81,137.0,5.3,mb,,,,0.9,us,usp0004jve,2014-11-07T00:47:40.073Z,"57 km WSW of Pagar Alam, Indonesia",earthquake,,15.6,,8.0,reviewed,us,us
1990-12-28T01:42:35.970Z,52.609,160.987,33.0,5.1,mb,,,,1.1,us,usp0004jvr,2014-11-07T00:47:40.093Z,"off the east coast of the Kamchatka Peninsula, Russia",earthquake,,,,59.0,reviewed,us,us
1990-12-28T03:27:30.120Z,41.435,141.989,72.5,4.9,mb,,,,1.1,us,usp0004jvt,2014-11-07T00:47:40.106Z,"66 km ENE of Mutsu, Japan",earthquake,,5.3,,38.0,reviewed,us,us
1990-12-28T04:03:53.650Z,37.106,49.227,10.0,5.0,mb,,,,1.2,us,usp0004jvv,2022-04-28T19:32:42.153Z,"15 km SSW of F?man, Iran",earthquake,,,,27.0,reviewed,us,us
1990-12-28T04:15:39.820Z,-1.125,-24.442,10.0,4.9,mb,,,,0.8,us,usp0004jvw,2014-11-07T00:47:40.124Z,central Mid-Atlantic Ridge,earthquake,,,,4.0,reviewed,us,us
1990-12-28T05:04:49.190Z,18.122,122.821,33.0,4.7,mb,,,,1.1,us,usp0004jvx,2014-11-07T00:47:40.126Z,"78 km ESE of Casambalangan, Philippines",earthquake,,,,2.0,reviewed,us,us
1990-12-28T06:36:00.170Z,62.9532,-148.8077,73.8,5.3,mb,,,,0.21,ak,ak990gmsby6p,2020-09-14T18:42:16.925Z,"49 km S of Cantwell, Alaska",earthquake,,2.0,,,reviewed,ak,ak
1990-12-28T07:40:09.890Z,52.541,161.022,23.9,5.1,mb,,,,0.9,us,usp0004jw0,2022-04-28T19:32:43.374Z,"169 km ESE of Petropavlovsk-Kamchatsky, Russia",earthquake,,,,49.0,reviewed,us,us
1990-12-28T08:25:08.060Z,-5.727,151.889,42.0,5.1,mb,,,,0.8,us,usp0004jw2,2014-11-07T00:47:40.159Z,"158 km SSW of Kokopo, Papua New Guinea",earthquake,,9.3,,12.0,reviewed,us,us
1990-12-28T09:51:37.870Z,3.725,129.584,33.0,4.9,mb,,,,1.3,us,usp0004jw4,2014-11-07T00:47:40.165Z,"188 km WNW of Tobi Village, Palau",earthquake,,,,6.0,reviewed,us,us
1990-12-28T10:32:06.620Z,-0.892,127.342,33.0,4.8,mb,,,,0.8,us,usp0004jw6,2014-11-07T00:47:40.168Z,"181 km S of Sofifi, Indonesia",earthquake,,,,3.0,reviewed,us,us
1990-12-28T11:16:39.720Z,48.716,-128.316,10.0,5.1,ms,,,,0.9,us,usp0004jwb,2014-11-07T00:47:40.177Z,"183 km WSW of Tofino, Canada",earthquake,,,,3.0,reviewed,us,us
1990-12-28T11:29:21.830Z,52.933,160.81,33.0,5.0,mb,,,,0.8,us,usp0004jwc,2014-11-07T00:47:40.202Z,"145 km E of Petropavlovsk-Kamchatsky, Russia",earthquake,,,,6.0,reviewed,us,us
1990-12-28T13:03:47.600Z,29.843,99.043,33.0,5.0,mb,,,,0.9,us,usp0004jwe,2014-11-07T00:47:40.207Z,"228 km SE of Qamdo, China",earthquake,,,,13.0,reviewed,us,us
1990-12-28T14:20:15.120Z,23.822,125.359,33.0,4.7,mb,,,,0.9,us,usp0004jwf,2014-11-07T00:47:40.210Z,"108 km S of Hirara, Japan",earthquake,,,,16.0,reviewed,us,us
1990-12-28T14:34:53.000Z,-6.152,131.368,33.0,4.8,mb,,,,0.9,us,usp0004jwg,2014-11-07T00:47:40.214Z,"163 km WSW of Tual, Indonesia",earthquake,,,,6.0,reviewed,us,us
1990-12-28T16:33:10.280Z,48.709,-128.339,10.0,4.9,mb,,,,0.8,us,usp0004jwj,2014-11-07T00:47:40.218Z,"184 km WSW of Tofino, Canada",earthquake,,,,23.0,reviewed,us,us
1990-12-28T17:48:00.210Z,3.437,128.584,37.3,5.1,mb,,,,1.0,us,usp0004jwp,2014-11-07T00:47:40.234Z,"199 km NNE of Tobelo, Indonesia",earthquake,,17.9,,11.0,reviewed,us,us
1990-12-28T18:47:41.990Z,3.532,128.722,33.0,4.6,mb,,,,0.7,us,usp0004jws,2014-11-07T00:47:40.241Z,"214 km NNE of Tobelo, Indonesia",earthquake,,,,2.0,reviewed,us,us
1990-12-28T20:45:19.080Z,-0.845,127.64,33.0,5.2,mb,,,,1.0,us,usp0004jwz,2014-11-07T00:47:40.253Z,"175 km S of Sofifi, Indonesia",earthquake,,,,12.0,reviewed,us,us
1990-12-28T22:11:48.430Z,-15.189,66.673,10.0,4.9,mb,,,,0.9,us,usp0004jx0,2014-11-07T00:47:40.256Z,Mid-Indian Ridge,earthquake,,,,4.0,reviewed,us,us
1990-12-28T22:32:17.270Z,-14.875,66.777,17.2,5.9,mw,,,,0.9,us,usp0004jx2,2022-04-28T19:32:44.537Z,Mid-Indian Ridge,earthquake,,,,,reviewed,us,hrv
1990-12-29T00:40:50.440Z,-0.105,123.026,192.2,5.3,mb,,,,1.1,us,usp0004jx4,2014-11-07T00:47:40.296Z,"71 km S of Gorontalo, Indonesia",earthquake,,9.9,,24.0,reviewed,us,us
1990-12-29T01:55:13.700Z,3.272,-77.443,89.9,4.5,mb,,,,1.0,us,usp0004jx5,2014-11-07T00:47:40.301Z,"60 km SW of Buenaventura, Colombia",earthquake,,6.3,,4.0,reviewed,us,us
1990-12-29T02:30:52.100Z,68.425,-18.279,10.0,4.5,mb,,,,1.3,us,usp0004jx6,2014-11-07T00:47:40.304Z,"254 km N of Siglufjörður, Iceland",earthquake,,,,5.0,reviewed,us,us
1990-12-29T02:57:42.730Z,68.279,-18.314,10.0,4.9,ms,,,,1.3,us,usp0004jx7,2014-11-07T00:47:40.306Z,"238 km N of Siglufjörður, Iceland",earthquake,,,,1.0,reviewed,us,us
1990-12-29T04:40:38.860Z,23.933,102.899,33.0,4.6,mb,,,,1.5,us,usp0004jx9,2014-11-07T00:47:40.311Z,"48 km WNW of Kaiyuan, China",earthquake,,,,15.0,reviewed,us,us
1990-12-29T07:36:30.880Z,28.253,55.296,33.0,4.6,mb,,,,1.0,us,usp0004jxg,2014-11-07T00:47:40.323Z,"92 km SE of D?r?b, Iran",earthquake,,,,16.0,reviewed,us,us
1990-12-29T11:36:10.250Z,44.111,149.092,33.0,4.8,mb,,,,0.9,us,usp0004jxs,2014-11-07T00:47:40.342Z,"156 km SE of Kuril’sk, Russia",earthquake,,,,32.0,reviewed,us,us
1990-12-29T11:55:27.350Z,56.166,164.206,33.0,4.5,mb,,,,0.9,us,usp0004jxt,2014-11-07T00:47:40.347Z,"107 km E of Ust’-Kamchatsk Staryy, Russia",earthquake,,,,16.0,reviewed,us,us
1990-12-29T13:23:54.320Z,8.257,94.061,18.0,6.1,mw,,,,1.1,us,usp0004jxw,2022-04-28T19:32:45.671Z,"296 km NNW of Sabang, Indonesia",earthquake,,,,,reviewed,us,hrv
1990-12-29T15:12:02.700Z,14.929,145.585,245.0,4.7,mb,,,,0.7,us,usp0004jy3,2014-11-07T00:47:40.393Z,"5 km SW of San Jose Village, Northern Mariana Islands",earthquake,,12.3,,7.0,reviewed,us,us
1990-12-29T15:34:16.080Z,32.602,47.896,57.4,5.1,mb,,,,0.9,us,usp0004jy4,2022-04-28T19:32:46.922Z,"55 km NW of Sh?sh, Iran",earthquake,,5.4,,58.0,reviewed,us,us
1990-12-29T15:45:01.980Z,-19.759,175.242,41.2,4.8,mb,,,,1.1,us,usp0004jy5,2014-11-07T00:47:40.424Z,south of the Fiji Islands,earthquake,,23.7,,2.0,reviewed,us,us
1990-12-29T16:25:32.670Z,-17.952,-175.489,250.0,5.0,mb,,,,1.1,us,usp0004jy6,2014-11-07T00:47:40.426Z,"176 km WNW of Neiafu, Tonga",earthquake,,,,6.0,reviewed,us,us
1990-12-29T16:43:09.430Z,24.0,121.654,10.0,5.2,mb,,,,0.9,us,usp0004jy7,2014-11-07T00:47:40.428Z,"5 km ENE of Hualien City, Taiwan",earthquake,,,,20.0,reviewed,us,us
1990-12-29T18:54:34.690Z,52.102,-170.532,58.2,5.0,mb,,,,0.9,us,usp0004jya,2014-11-07T00:47:40.438Z,"146 km SW of Nikolski, Alaska",earthquake,,9.2,,27.0,reviewed,us,us
1990-12-29T19:10:46.980Z,36.015,11.08,10.0,5.0,mb,,,,0.9,us,usp0004jyb,2014-11-07T00:47:40.442Z,"34 km NE of Monastir, Tunisia",earthquake,,,,7.0,reviewed,us,us
1990-12-29T19:24:12.150Z,26.619,92.579,33.0,5.0,mb,,,,1.2,us,usp0004jyc,2014-11-07T00:47:40.447Z,"13 km SE of Dhekiajuli, India",earthquake,,,,7.0,reviewed,us,us
1990-12-29T21:05:27.800Z,5.707,125.912,114.2,5.2,mw,,,,1.1,us,usp0004jye,2025-12-19T20:55:59.080Z,"38 km SE of Caburan, Philippines",earthquake,,9.0,,,reviewed,us,hrv
1990-12-29T22:44:36.530Z,-8.803,118.826,138.5,4.8,mb,,,,1.2,us,usp0004jyg,2014-11-07T00:47:40.463Z,"39 km SSE of Bima, Indonesia",earthquake,,14.0,,12.0,reviewed,us,us
1990-12-29T23:24:30.730Z,-11.38,118.294,33.0,5.4,mb,,,,1.3,us,usp0004jym,2014-11-07T00:47:40.480Z,"287 km SW of Waingapu, Indonesia",earthquake,,,,6.0,reviewed,us,us
1990-12-30T00:39:38.530Z,-5.546,147.145,200.4,5.4,mw,,,,0.9,us,usp0004jyr,2025-12-19T20:56:00.067Z,"131 km N of Lae, Papua New Guinea",earthquake,,4.0,,,reviewed,us,hrv
1990-12-30T01:30:54.590Z,15.052,94.376,33.0,4.5,mb,,,,1.1,us,usp0004jyw,2014-11-07T00:47:40.515Z,"174 km SSW of Mawlamyinegyunn, Myanmar",earthquake,,,,7.0,reviewed,us,us
1990-12-30T01:40:56.010Z,7.263,126.922,62.6,4.7,mb,,,,1.1,us,usp0004jyx,2014-11-07T00:47:40.516Z,"38 km E of Santiago, Philippines",earthquake,,29.1,,4.0,reviewed,us,us
1990-12-30T04:56:41.670Z,8.263,126.614,66.5,5.2,mb,,,,0.7,us,usp0004jz7,2014-11-07T00:47:40.539Z,"22 km ENE of Barcelona, Philippines",earthquake,,14.9,,8.0,reviewed,us,us
1990-12-30T05:19:33.760Z,-7.061,144.909,33.0,5.2,mb,,,,0.5,us,usp0004jz8,2014-11-07T00:47:40.541Z,"115 km S of Kundiawa, Papua New Guinea",earthquake,,,,1.0,reviewed,us,us
1990-12-30T06:22:17.010Z,-0.072,123.11,181.3,5.4,mw,,,,1.1,us,usp0004jz9,2025-12-19T20:56:00.912Z,"67 km S of Gorontalo, Indonesia",earthquake,,3.2,,,reviewed,us,hrv
1990-12-30T07:01:07.260Z,-30.174,178.928,532.2,5.6,mb,,,,1.0,us,usp0004jzb,2014-11-07T00:47:40.555Z,Kermadec Islands region,earthquake,,21.0,,5.0,reviewed,us,us
1990-12-30T09:34:05.450Z,35.318,140.351,40.9,4.6,mb,,,,1.1,us,usp0004jzd,2014-11-07T00:47:40.560Z,"8 km NNW of ?hara, Japan",earthquake,,9.4,,11.0,reviewed,us,us
1990-12-30T09:36:43.760Z,8.419,94.123,33.0,4.6,mb,,,,1.3,us,usp0004jze,2014-11-07T00:47:40.564Z,"Nicobar Islands, India region",earthquake,,,,9.0,reviewed,us,us
1990-12-30T10:31:17.570Z,23.944,121.86,10.0,5.2,mb,,,,1.4,us,usp0004jzj,2022-04-28T19:32:52.047Z,"26 km E of Hualien City, Taiwan",earthquake,,,,8.0,reviewed,us,us
1990-12-30T11:47:40.950Z,11.265,139.584,65.2,5.1,mw,,,,1.1,us,usp0004jzp,2025-12-19T20:52:43.247Z,"194 km NNW of Fais, Micronesia",earthquake,,10.0,,,reviewed,us,hrv
1990-12-30T13:05:12.140Z,-13.556,167.26,244.7,4.7,mb,,,,1.4,us,usp0004jzs,2014-11-07T00:47:40.595Z,"47 km NW of Sola, Vanuatu",earthquake,,19.9,,1.0,reviewed,us,us
1990-12-30T14:31:43.860Z,-20.737,-173.493,33.0,5.1,mb,,,,1.2,us,usp0004jzu,2014-11-07T00:47:40.600Z,"136 km SE of Pangai, Tonga",earthquake,,,,9.0,reviewed,us,us
1990-12-30T15:43:41.160Z,-6.441,154.535,74.2,4.8,mb,,,,0.7,us,usp0004jzv,2014-11-07T00:47:40.608Z,"105 km W of Panguna, Papua New Guinea",earthquake,,9.2,,4.0,reviewed,us,us
1990-12-30T15:53:34.200Z,19.09,121.267,33.0,4.5,mb,,,,0.9,us,usp0004jzw,2014-11-07T00:47:40.610Z,"54 km NNE of Namuac, Philippines",earthquake,,,,7.0,reviewed,us,us
1990-12-30T19:14:18.930Z,-5.097,150.967,178.6,7.5,mw,,,,1.2,us,usp0004k00,2022-04-28T19:32:53.354Z,"104 km ENE of Kimbe, Papua New Guinea",earthquake,,,,,reviewed,us,hrv
1990-12-30T21:30:29.200Z,18.668,-107.016,33.0,5.2,mb,,,,0.9,us,usp0004k04,2014-11-07T00:47:40.689Z,"221 km SW of La Cruz de Loreto, Mexico",earthquake,,,,36.0,reviewed,us,us
1990-12-30T22:28:02.230Z,-7.591,122.949,269.7,4.6,mb,,,,0.9,us,usp0004k06,2014-11-07T00:47:40.701Z,"139 km NE of Maumere, Indonesia",earthquake,,18.5,,4.0,reviewed,us,us
1990-12-30T23:05:11.150Z,35.319,140.331,55.3,4.9,mb,,,,1.1,us,usp0004k07,2014-11-07T00:47:40.719Z,"9 km NW of ?hara, Japan",earthquake,,5.6,,27.0,reviewed,us,us
1990-12-31T00:08:23.950Z,-3.427,140.561,37.9,4.9,mb,,,,1.1,us,usp0004k0a,2014-11-07T00:47:40.734Z,"92 km S of Abepura, Indonesia",earthquake,,13.1,,10.0,reviewed,us,us
1990-12-31T02:38:43.160Z,6.807,-72.984,154.9,5.2,mb,,,,0.9,us,usp0004k0d,2014-11-07T00:47:40.743Z,"5 km N of Cepitá, Colombia",earthquake,,3.3,,53.0,reviewed,us,us
1990-12-31T03:33:50.700Z,-28.672,-112.577,10.0,5.1,mb,,,,1.0,us,usp0004k0f,2014-11-07T00:47:40.762Z,Easter Island region,earthquake,,,,4.0,reviewed,us,us
1990-12-31T08:26:37.370Z,-34.853,178.971,170.3,5.1,mb,,,,1.3,us,usp0004k0q,2014-11-07T00:47:40.779Z,south of the Kermadec Islands,earthquake,,58.8,,2.0,reviewed,us,us
1990-12-31T09:00:06.580Z,10.832,141.144,33.0,4.6,mb,,,,1.2,us,usp0004k0t,2014-11-07T00:47:40.783Z,"136 km NNE of Fais, Micronesia",earthquake,,,,4.0,reviewed,us,us
1990-12-31T11:01:02.920Z,37.222,138.556,30.8,4.7,mb,,,,1.4,us,usp0004k0y,2014-11-07T00:47:40.793Z,"16 km S of Kashiwazaki, Japan",earthquake,,6.9,,9.0,reviewed,us,us
1990-12-31T12:23:08.820Z,-14.28,167.366,218.7,5.0,mb,,,,1.0,us,usp0004k10,2014-11-07T00:47:40.797Z,"48 km SSW of Sola, Vanuatu",earthquake,,7.6,,16.0,reviewed,us,us
1990-12-31T16:30:23.670Z,-17.248,-174.361,33.0,5.1,mb,,,,1.2,us,usp0004k17,2014-11-07T00:47:40.823Z,"155 km SSW of Hihifo, Tonga",earthquake,,,,14.0,reviewed,us,us
1990-12-31T17:57:03.200Z,0.857,126.689,70.5,5.5,mb,,,,1.2,us,usp0004k19,2022-04-28T19:32:54.705Z,"77 km W of Ternate, Indonesia",earthquake,,12.4,,29.0,reviewed,us,us
1990-12-31T20:33:06.330Z,24.189,126.296,33.0,4.6,mb,,,,0.8,us,usp0004k1g,2014-11-07T00:47:40.850Z,"121 km SE of Hirara, Japan",earthquake,,,,11.0,reviewed,us,us
1990-12-31T21:47:21.840Z,0.45,126.422,33.0,5.0,mb,,,,0.3,us,usp0004k1k,2014-11-07T00:47:40.854Z,"113 km WSW of Ternate, Indonesia",earthquake,,,,1.0,reviewed,us,us
1990-12-31T22:11:30.330Z,-21.953,174.818,10.2,5.6,mw,,,,1.2,us,usp0004k1p,2022-04-28T19:32:55.876Z,Vanuatu region,earthquake,,,,,reviewed,us,hrv
