Year, Month,  Highest, MHHW, MHW, MSL, MTL, MLW, MLLW, DTL, GT, MN, DHQ, DLQ, HWI, LWI, Lowest, Inferred 
1900,1,4.023,3.469,3.264,2.652,2.67,2.079,1.734,2.602,1.735,1.186,0.204,0.344,7.7,0.86,1.433,0
1900,2,3.627,3.365,3.197,2.579,2.585,1.975,1.707,2.536,1.658,1.222,0.168,0.268,7.75,0.96,1.28,0
1900,3,3.627,3.347,3.222,2.6,2.615,2.006,1.771,2.559,1.576,1.216,0.125,0.235,7.78,0.98,1.524,0
1900,4,3.627,3.261,3.121,2.512,2.521,1.92,1.631,2.446,1.63,1.201,0.14,0.29,7.74,0.94,1.28,0
1900,5,3.566,3.338,3.152,2.533,2.554,1.954,1.603,2.47,1.735,1.198,0.186,0.351,7.85,1.04,1.219,0
1900,6,3.658,3.432,3.194,2.582,2.606,2.015,1.64,2.536,1.792,1.18,0.238,0.375,7.86,1.06,1.311,0
1900,7,3.597,3.469,3.222,2.609,2.624,2.03,1.67,2.57,1.799,1.192,0.247,0.36,7.74,1.12,1.311,0
1900,8,3.627,3.435,3.225,2.615,2.63,2.036,1.728,2.582,1.707,1.189,0.21,0.308,7.75,1.2,1.433,0
1900,9,3.627,3.371,3.231,2.609,2.627,2.021,1.743,2.557,1.628,1.21,0.14,0.277,7.69,1.13,1.585,0
1900,10,3.78,3.368,3.243,2.612,2.627,2.015,1.731,2.55,1.637,1.228,0.125,0.283,7.72,1.11,1.494,0
1900,11,3.78,3.441,3.252,2.597,2.627,2.006,1.64,2.54,1.801,1.247,0.189,0.366,7.61,1.1,1.25,0
1900,12,3.688,3.45,3.228,2.594,2.603,1.975,1.588,2.519,1.862,1.253,0.223,0.387,7.75,1.13,1.219,0
1901,1,3.932,3.493,3.283,2.664,2.676,2.073,1.747,2.62,1.746,1.21,0.21,0.326,7.84,0.95,1.402,0
1901,2,3.719,3.444,3.274,2.67,2.682,2.091,1.838,2.641,1.606,1.183,0.171,0.253,7.72,0.94,1.372,0
1901,3,3.536,3.292,3.158,2.573,2.585,2.012,1.783,2.538,1.509,1.146,0.134,0.229,7.72,0.81,1.402,0
1901,4,3.536,3.203,3.069,2.46,2.469,1.871,1.579,2.391,1.624,1.198,0.134,0.293,7.7,1.02,1.219,0
1901,5,3.627,3.319,3.136,2.533,2.551,1.963,1.594,2.456,1.725,1.173,0.183,0.369,7.75,0.94,1.097,0
1901,6,3.688,3.362,3.142,2.533,2.554,1.969,1.576,2.469,1.786,1.173,0.219,0.393,7.77,0.88,1.219,0
1901,7,3.658,3.399,3.182,2.573,2.588,1.996,1.628,2.514,1.771,1.186,0.216,0.369,7.83,1.1,1.311,0
1901,8,3.658,3.408,3.222,2.609,2.621,2.024,1.71,2.559,1.698,1.198,0.186,0.314,7.78,1.1,1.494,0
1901,9,3.627,3.353,3.234,2.615,2.627,2.024,1.811,2.582,1.542,1.21,0.119,0.213,7.63,1.1,1.554,0
1901,10,3.688,3.304,3.213,2.585,2.6,1.987,1.71,2.507,1.594,1.225,0.091,0.277,7.67,1.14,1.25,0
1901,11,3.749,3.392,3.24,2.591,2.615,1.99,1.631,2.512,1.761,1.25,0.152,0.36,7.72,1.1,1.219,0
1901,12,3.749,3.399,3.182,2.545,2.56,1.939,1.573,2.486,1.826,1.244,0.216,0.366,7.75,1.14,1.158,0
1902,1,3.688,3.408,3.191,2.554,2.563,1.939,1.585,2.496,1.823,1.253,0.216,0.354,7.8,1.16,1.219,0
1902,2,3.658,3.399,3.246,2.618,2.633,2.024,1.71,2.554,1.689,1.222,0.152,0.314,7.79,1.11,1.433,0
1902,3,3.566,3.289,3.161,2.573,2.594,2.027,1.768,2.528,1.521,1.134,0.128,0.259,7.89,0.91,1.494,0
1902,4,3.536,3.258,3.124,2.518,2.533,1.939,1.637,2.448,1.621,1.186,0.134,0.302,7.82,1.14,1.28,0
1902,5,3.627,3.335,3.139,2.527,2.542,1.945,1.597,2.466,1.738,1.195,0.195,0.347,7.8,1.05,1.25,0
1902,6,3.719,3.42,3.197,2.576,2.594,1.99,1.609,2.514,1.811,1.207,0.223,0.381,7.89,1.06,1.189,0
1902,7,3.749,3.478,3.264,2.643,2.655,2.045,1.722,2.6,1.756,1.219,0.213,0.323,7.83,1.21,1.25,0
1902,8,3.719,3.453,3.28,2.655,2.67,2.06,1.774,2.614,1.679,1.219,0.174,0.287,7.75,1.24,1.372,0
1902,9,3.536,3.411,3.304,2.682,2.697,2.088,1.881,2.646,1.53,1.216,0.107,0.207,7.82,1.28,1.615,0
1902,10,3.658,3.408,3.31,2.685,2.704,2.097,1.841,2.624,1.567,1.213,0.098,0.256,7.74,1.24,1.524,0
1902,11,3.749,3.456,3.277,2.658,2.667,2.054,1.719,2.588,1.737,1.222,0.18,0.335,7.78,1.21,1.28,0
1902,12,3.78,3.484,3.286,2.652,2.67,2.054,1.679,2.582,1.805,1.231,0.198,0.375,7.8,1.16,1.25,0
1903,1,3.81,3.481,3.271,2.646,2.655,2.042,1.722,2.602,1.759,1.228,0.21,0.32,7.78,1.17,1.311,0
1903,2,3.627,3.362,3.2,2.594,2.6,2.003,1.75,2.556,1.612,1.198,0.162,0.253,7.8,0.97,1.311,0
1903,3,3.597,3.374,3.258,2.655,2.655,2.051,1.856,2.615,1.518,1.207,0.116,0.195,7.72,1.07,1.494,0
1903,4,3.566,3.24,3.139,2.551,2.563,1.984,1.737,2.488,1.503,1.155,0.101,0.247,7.78,0.92,1.341,0
1903,5,3.505,3.301,3.139,2.536,2.545,1.951,1.631,2.466,1.67,1.189,0.162,0.32,7.85,1.07,1.219,0
1903,6,3.658,3.371,3.161,2.548,2.56,1.963,1.612,2.492,1.759,1.198,0.21,0.351,7.87,1.09,1.189,0
1903,7,3.627,3.386,3.167,2.576,2.569,1.969,1.64,2.513,1.746,1.198,0.213,0.329,7.9,1.37,1.219,0
1903,8,3.627,3.432,3.243,2.649,2.646,2.048,1.765,2.598,1.667,1.195,0.189,0.283,7.94,1.54,1.463,0
1903,9,3.536,3.399,3.274,2.643,2.658,2.045,1.804,2.602,1.595,1.228,0.125,0.241,7.7,1.1,1.585,0
1903,10,3.566,3.359,3.249,2.621,2.633,2.021,1.765,2.562,1.594,1.228,0.11,0.256,7.64,1.09,1.585,0
1903,11,3.688,3.386,3.231,2.585,2.603,1.978,1.622,2.504,1.764,1.253,0.155,0.357,7.64,1.03,1.341,0
1903,12,3.719,3.411,3.219,2.588,2.6,1.981,1.594,2.502,1.817,1.237,0.192,0.387,7.7,1.0,1.311,0
1904,1,3.688,3.353,3.164,2.521,2.533,1.905,1.582,2.468,1.771,1.259,0.189,0.323,7.63,0.99,1.128,0
1904,2,3.658,3.38,3.228,2.597,2.606,1.984,1.676,2.528,1.704,1.244,0.152,0.308,7.74,0.99,1.25,0
1904,3,3.505,3.325,3.228,2.664,2.67,2.112,1.923,2.624,1.402,1.116,0.098,0.189,7.74,0.85,1.402,0
1904,4,3.566,3.295,3.191,2.594,2.609,2.03,1.798,2.546,1.497,1.161,0.104,0.232,7.72,0.84,1.463,0
1904,5,3.658,3.368,3.216,2.6,2.621,2.027,1.728,2.548,1.64,1.189,0.152,0.299,7.77,0.91,1.372,0
1904,6,3.688,3.432,3.222,2.612,2.63,2.042,1.704,2.568,1.728,1.18,0.21,0.338,7.78,0.9,1.372,0
1904,7,3.688,3.475,3.255,2.64,2.655,2.054,1.701,2.588,1.774,1.201,0.219,0.354,7.8,1.1,1.341,0
1904,8,3.688,3.456,3.258,2.652,2.658,2.06,1.78,2.618,1.676,1.198,0.198,0.28,7.85,1.3,1.494,0
1904,9,3.658,3.444,3.298,2.728,2.734,2.17,1.954,2.699,1.49,1.128,0.146,0.216,8.3,1.92,1.646,0
1904,10,3.78,3.392,3.289,2.673,2.688,2.091,1.835,2.614,1.557,1.198,0.104,0.256,7.93,1.38,1.615,0
1904,11,3.627,3.456,3.307,2.658,2.676,2.045,1.704,2.58,1.752,1.262,0.149,0.341,7.7,1.07,1.402,0
1904,12,3.871,3.475,3.277,2.618,2.637,1.996,1.603,2.539,1.872,1.28,0.198,0.393,7.63,1.08,1.311,0
1905,1,3.78,3.514,3.31,2.667,2.676,2.042,1.698,2.606,1.816,1.268,0.204,0.344,7.74,1.05,1.372,0
1905,2,3.84,3.517,3.371,2.758,2.771,2.167,1.884,2.7,1.633,1.204,0.146,0.283,7.75,0.99,1.585,0
1905,3,3.627,3.444,3.322,2.694,2.707,2.091,1.856,2.65,1.588,1.231,0.122,0.235,7.71,0.93,1.524,0
1905,4,3.749,3.359,3.243,2.621,2.63,2.018,1.768,2.564,1.591,1.225,0.116,0.25,7.77,0.89,1.463,0
1905,5,3.719,3.362,3.203,2.582,2.597,1.987,1.646,2.504,1.716,1.216,0.158,0.341,7.73,1.01,1.25,0
1905,6,3.719,3.38,3.176,2.557,2.573,1.969,1.606,2.493,1.774,1.207,0.204,0.363,7.77,1.03,1.341,0
1905,7,3.719,3.466,3.255,2.624,2.646,2.036,1.667,2.566,1.799,1.219,0.21,0.369,7.8,1.07,1.311,0
1905,8,3.627,3.423,3.252,2.63,2.643,2.036,1.75,2.586,1.673,1.216,0.171,0.287,7.78,1.08,1.463,0
1905,9,3.597,3.362,3.255,2.633,2.646,2.036,1.823,2.592,1.539,1.219,0.107,0.213,7.77,1.19,1.615,0
1905,10,3.688,3.331,3.258,2.621,2.633,2.006,1.774,2.552,1.557,1.253,0.073,0.232,7.76,1.12,1.433,0
1905,11,3.871,3.435,3.304,2.664,2.682,2.06,1.722,2.578,1.713,1.244,0.131,0.338,7.78,1.18,1.189,0
1905,12,3.719,3.447,3.234,2.579,2.6,1.966,1.588,2.518,1.859,1.268,0.213,0.378,7.78,1.12,1.158,0
1906,1,3.749,3.505,3.28,2.64,2.652,2.021,1.652,2.578,1.853,1.259,0.226,0.369,7.78,1.02,1.402,0
1906,2,3.719,3.508,3.313,2.694,2.707,2.103,1.795,2.652,1.713,1.21,0.195,0.308,7.78,1.01,1.524,0
1906,3,3.81,3.453,3.301,2.71,2.722,2.14,1.89,2.672,1.563,1.161,0.152,0.25,7.79,0.96,1.554,0
1906,4,3.505,3.298,3.185,2.594,2.609,2.033,1.753,2.526,1.545,1.152,0.113,0.28,7.78,0.75,1.402,0
1906,5,3.688,3.356,3.182,2.563,2.588,1.99,1.652,2.504,1.704,1.192,0.174,0.338,7.66,0.84,1.341,0
1906,6,3.719,3.414,3.2,2.576,2.606,2.009,1.618,2.516,1.796,1.192,0.213,0.39,7.73,0.91,1.189,0
1906,7,3.749,3.472,3.252,2.633,2.655,2.057,1.686,2.579,1.786,1.195,0.219,0.372,7.76,0.79,1.25,0
1906,8,3.749,3.484,3.301,2.673,2.688,2.076,1.756,2.62,1.728,1.225,0.183,0.32,7.87,0.99,1.372,0
1906,9,3.536,3.362,3.246,2.621,2.633,2.024,1.765,2.564,1.597,1.222,0.116,0.259,7.67,1.02,1.463,0
1906,10,3.475,3.271,3.194,2.563,2.579,1.966,1.692,2.482,1.579,1.228,0.076,0.274,7.68,1.07,1.311,0
1906,11,3.627,3.301,3.161,2.518,2.536,1.914,1.548,2.424,1.753,1.247,0.14,0.366,7.69,1.05,1.067,0
1906,12,3.78,3.456,3.252,2.606,2.627,2.003,1.591,2.524,1.865,1.25,0.204,0.411,7.71,1.07,1.097,0
1907,1,3.993,3.505,3.292,2.67,2.688,2.088,1.725,2.615,1.78,1.204,0.213,0.363,7.85,1.01,1.341,0
1907,2,3.749,3.417,3.234,2.646,2.658,2.085,1.807,2.612,1.61,1.149,0.183,0.277,7.85,0.77,1.372,0
1907,3,3.658,3.392,3.304,2.725,2.743,2.185,1.96,2.676,1.432,1.119,0.088,0.226,7.58,0.81,1.463,0
1907,4,3.627,3.304,3.206,2.63,2.652,2.094,1.838,2.571,1.466,1.113,0.098,0.256,7.89,0.9,1.433,0
1907,5,3.81,3.331,3.191,2.588,2.609,2.024,1.692,2.512,1.639,1.167,0.14,0.332,7.82,0.88,1.341,0
1907,6,3.81,3.453,3.243,2.618,2.646,2.048,1.682,2.568,1.771,1.195,0.21,0.366,7.82,0.95,1.219,0
1907,7,3.84,3.511,3.28,2.655,2.673,2.07,1.701,2.606,1.81,1.21,0.232,0.369,7.84,0.94,1.28,0
1907,8,3.78,3.505,3.307,2.679,2.694,2.085,1.734,2.62,1.771,1.222,0.198,0.351,7.83,1.05,1.433,0
1907,9,3.566,3.402,3.264,2.649,2.661,2.06,1.771,2.586,1.631,1.204,0.137,0.29,7.82,1.2,1.524,0
1907,10,3.536,3.383,3.286,2.658,2.676,2.067,1.759,2.571,1.624,1.219,0.098,0.308,7.75,1.16,1.615,0
1907,11,3.688,3.359,3.213,2.569,2.594,1.975,1.588,2.474,1.771,1.237,0.146,0.387,7.77,1.16,1.402,0
1907,12,3.932,3.438,3.228,2.585,2.609,1.987,1.564,2.501,1.874,1.241,0.21,0.424,7.78,1.08,1.25,0
1908,1,3.871,3.493,3.283,2.643,2.658,2.033,1.649,2.571,1.844,1.25,0.21,0.384,7.73,0.99,1.067,0
1908,2,4.084,3.377,3.216,2.585,2.597,1.975,1.655,2.516,1.722,1.241,0.162,0.32,7.8,0.96,1.341,0
1908,3,3.627,3.264,3.164,2.542,2.554,1.945,1.673,2.468,1.591,1.219,0.101,0.271,7.85,1.0,1.311,0
1908,4,3.536,3.267,3.161,2.533,2.551,1.942,1.643,2.455,1.624,1.219,0.107,0.299,7.71,1.06,1.372,0
1908,5,3.566,3.243,3.097,2.475,2.493,1.893,1.527,2.385,1.716,1.204,0.146,0.366,7.71,1.06,1.189,0
1908,6,3.658,3.365,3.149,2.527,2.548,1.948,1.548,2.456,1.817,1.201,0.216,0.399,7.76,1.09,1.219,0
1908,7,3.78,3.481,3.243,2.612,2.633,2.024,1.64,2.56,1.841,1.219,0.238,0.384,7.78,1.15,1.189,0
1908,8,3.749,3.453,3.24,2.615,2.627,2.015,1.667,2.56,1.786,1.225,0.213,0.347,7.82,1.18,1.25,0
1908,9,3.597,3.392,3.252,2.624,2.637,2.021,1.716,2.554,1.676,1.231,0.14,0.305,7.75,1.03,1.311,0
1908,10,3.536,3.316,3.206,2.569,2.591,1.975,1.643,2.48,1.673,1.231,0.11,0.332,7.74,1.07,1.494,0
1908,11,3.658,3.365,3.206,2.557,2.579,1.951,1.551,2.458,1.814,1.256,0.158,0.399,7.69,1.12,1.189,0
1908,12,3.688,3.42,3.206,2.551,2.576,1.945,1.487,2.454,1.933,1.262,0.213,0.457,7.56,1.08,1.128,0
1909,1,3.993,3.566,3.347,2.728,2.755,2.164,1.756,2.661,1.81,1.183,0.219,0.408,7.7,1.01,1.402,0
1909,2,3.78,3.441,3.255,2.679,2.704,2.149,1.829,2.635,1.612,1.106,0.186,0.32,7.77,0.86,1.25,0
1909,3,3.566,3.31,3.176,2.573,2.588,2.003,1.698,2.504,1.612,1.173,0.134,0.305,7.75,0.87,1.341,0
1909,4,3.505,3.274,3.152,2.53,2.551,1.948,1.622,2.448,1.652,1.204,0.122,0.326,7.74,0.95,1.311,0
1909,5,3.597,3.322,3.149,2.536,2.56,1.972,1.579,2.45,1.743,1.177,0.174,0.393,7.67,0.9,1.25,0
1909,6,3.627,3.402,3.176,2.566,2.594,2.012,1.582,2.492,1.82,1.164,0.226,0.43,7.78,0.83,1.28,0
1909,7,3.688,3.432,3.203,2.585,2.612,2.018,1.579,2.506,1.853,1.186,0.229,0.439,7.79,0.99,1.219,0
1909,8,3.688,3.405,3.213,2.6,2.612,2.015,1.649,2.527,1.756,1.198,0.192,0.366,7.79,1.04,1.28,0
1909,9,3.505,3.38,3.246,2.63,2.637,2.027,1.759,2.57,1.621,1.219,0.134,0.268,7.71,1.06,1.463,0
1909,10,3.627,3.313,3.228,2.597,2.618,2.006,1.682,2.498,1.631,1.222,0.085,0.323,7.71,1.06,1.25,0
1909,11,3.688,3.307,3.158,2.518,2.545,1.935,1.53,2.418,1.777,1.222,0.149,0.405,7.73,1.04,1.006,0
1909,12,3.84,3.478,3.28,2.649,2.676,2.073,1.625,2.552,1.853,1.207,0.198,0.448,7.79,1.06,1.28,0
1910,1,3.84,3.432,3.194,2.576,2.6,2.006,1.588,2.51,1.844,1.189,0.238,0.418,7.83,0.95,1.311,0
1910,2,3.536,3.344,3.127,2.521,2.536,1.948,1.582,2.463,1.762,1.18,0.216,0.366,7.78,0.91,1.25,0
1910,3,3.566,3.341,3.182,2.591,2.603,2.027,1.713,2.527,1.628,1.155,0.158,0.314,7.78,0.9,1.372,0
1910,4,3.627,3.271,3.13,2.527,2.551,1.972,1.625,2.448,1.646,1.158,0.14,0.347,7.78,0.95,1.311,0
1910,5,3.658,3.31,3.118,2.505,2.533,1.948,1.545,2.428,1.765,1.17,0.192,0.402,7.77,0.93,1.158,0
1910,6,3.749,3.402,3.164,2.539,2.563,1.963,1.521,2.462,1.881,1.201,0.238,0.442,7.76,0.91,1.158,0
1910,7,3.658,3.478,3.225,2.603,2.624,2.027,1.603,2.54,1.875,1.198,0.253,0.424,7.73,1.03,1.128,0
1910,8,3.749,3.441,3.231,2.603,2.627,2.024,1.64,2.54,1.801,1.207,0.21,0.384,7.76,1.06,1.341,0
1910,9,3.597,3.377,3.234,2.612,2.63,2.024,1.713,2.545,1.664,1.21,0.143,0.311,7.57,1.04,1.433,0
1910,10,3.719,3.325,3.216,2.591,2.609,2.003,1.667,2.496,1.658,1.213,0.11,0.335,7.65,1.0,1.372,0
1910,11,3.78,3.362,3.194,2.56,2.588,1.978,1.551,2.456,1.811,1.216,0.168,0.427,7.6,1.01,1.097,0
1910,12,3.78,3.42,3.203,2.557,2.588,1.972,1.497,2.458,1.923,1.231,0.216,0.475,7.73,1.06,1.036,0
1911,1,3.932,3.484,3.255,2.63,2.646,2.036,1.609,2.546,1.875,1.219,0.229,0.427,7.75,0.9,1.158,0
1911,2,3.81,3.411,3.222,2.652,2.667,2.109,1.759,2.585,1.652,1.113,0.189,0.351,7.8,0.77,1.402,0
1911,3,3.749,3.38,3.246,2.67,2.685,2.121,1.838,2.609,1.542,1.125,0.134,0.283,7.84,0.81,1.402,0
1911,4,3.627,3.295,3.173,2.576,2.597,2.021,1.707,2.501,1.588,1.152,0.122,0.314,7.77,0.82,1.219,0
1911,5,3.78,3.344,3.155,2.548,2.573,1.99,1.606,2.475,1.738,1.164,0.189,0.384,7.79,0.86,1.158,0
1911,6,3.597,3.432,3.206,2.603,2.624,2.042,1.615,2.524,1.817,1.164,0.226,0.427,7.79,0.82,1.097,0
1911,7,3.627,3.502,3.249,2.633,2.658,2.067,1.631,2.566,1.871,1.183,0.253,0.436,7.85,0.86,1.128,0
1911,8,3.719,3.438,3.213,2.603,2.612,2.015,1.6,2.519,1.838,1.198,0.226,0.415,7.8,1.05,1.311,0
1911,9,3.566,3.417,3.255,2.649,2.661,2.067,1.719,2.568,1.698,1.189,0.162,0.347,7.75,1.0,1.494,0
1911,10,3.658,3.447,3.316,2.691,2.713,2.109,1.74,2.594,1.707,1.207,0.131,0.369,7.73,1.05,1.585,0
1911,11,3.719,3.408,3.24,2.612,2.637,2.03,1.594,2.501,1.814,1.21,0.168,0.436,7.73,0.98,1.158,0
1911,12,3.81,3.481,3.261,2.63,2.655,2.045,1.558,2.52,1.923,1.216,0.219,0.488,7.69,1.02,1.158,0
1912,1,3.81,3.53,3.289,2.655,2.679,2.07,1.658,2.594,1.872,1.219,0.241,0.411,7.76,1.05,1.067,0
1912,2,3.749,3.338,3.149,2.521,2.539,1.932,1.573,2.456,1.765,1.216,0.189,0.36,7.79,1.02,1.158,0
1912,3,3.688,3.402,3.258,2.633,2.652,2.045,1.728,2.565,1.674,1.213,0.143,0.317,7.76,1.04,1.28,0
1912,4,3.536,3.28,3.155,2.533,2.554,1.954,1.603,2.442,1.677,1.201,0.125,0.351,7.71,1.05,1.28,0
1912,5,3.719,3.371,3.179,2.557,2.585,1.993,1.588,2.48,1.783,1.186,0.192,0.405,7.72,1.03,1.219,0
1912,6,3.719,3.444,3.222,2.609,2.64,2.057,1.631,2.538,1.813,1.164,0.223,0.427,7.82,1.04,1.097,0
1912,7,3.84,3.481,3.234,2.621,2.643,2.051,1.625,2.553,1.856,1.183,0.247,0.427,7.75,1.1,1.189,0
1912,8,3.749,3.438,3.213,2.597,2.612,2.015,1.628,2.533,1.81,1.198,0.226,0.387,7.7,1.09,1.219,0
1912,9,3.597,3.386,3.231,2.612,2.627,2.024,1.692,2.539,1.694,1.207,0.155,0.332,7.71,1.07,1.341,0
1912,10,3.566,3.374,3.24,2.612,2.637,2.033,1.661,2.518,1.713,1.207,0.134,0.372,7.66,1.09,1.402,0
1912,11,3.719,3.435,3.231,2.594,2.624,2.015,1.561,2.498,1.874,1.216,0.204,0.454,7.69,1.11,1.25,0
1912,12,3.688,3.402,3.164,2.524,2.545,1.929,1.454,2.428,1.948,1.234,0.238,0.475,7.69,1.06,0.975,0
1913,1,3.84,3.453,3.206,2.569,2.594,1.978,1.551,2.502,1.902,1.228,0.247,0.427,7.63,1.0,1.097,0
1913,2,3.688,3.429,3.222,2.603,2.624,2.027,1.655,2.542,1.774,1.195,0.207,0.372,7.72,0.99,1.219,0
1913,3,3.475,3.286,3.13,2.512,2.53,1.932,1.582,2.434,1.704,1.198,0.155,0.351,7.67,0.98,1.341,0
1913,4,3.627,3.286,3.142,2.53,2.548,1.957,1.579,2.432,1.707,1.186,0.143,0.378,7.61,1.0,1.311,0
1913,5,3.658,3.356,3.149,2.539,2.563,1.978,1.545,2.45,1.811,1.17,0.207,0.433,7.69,0.99,1.28,0
1913,6,3.658,3.438,3.194,2.588,2.615,2.033,1.57,2.504,1.868,1.161,0.244,0.463,7.71,1.04,1.28,0
1913,7,3.627,3.459,3.222,2.615,2.637,2.054,1.585,2.522,1.874,1.167,0.238,0.469,7.58,0.99,1.189,0
1913,8,3.719,3.475,3.267,2.652,2.67,2.073,1.698,2.586,1.777,1.195,0.207,0.375,7.66,1.06,1.28,0
1913,9,3.597,3.435,3.292,2.673,2.685,2.082,1.777,2.606,1.658,1.21,0.143,0.305,7.62,1.02,1.554,0
1913,10,3.749,3.325,3.219,2.603,2.618,2.018,1.673,2.499,1.652,1.201,0.107,0.344,7.61,1.01,1.311,0
1913,11,3.749,3.423,3.261,2.63,2.655,2.051,1.64,2.532,1.783,1.21,0.162,0.411,7.66,1.06,1.128,0
1913,12,3.871,3.463,3.234,2.606,2.63,2.03,1.579,2.521,1.884,1.204,0.229,0.451,7.72,1.07,1.219,0
1914,1,3.962,3.6,3.338,2.755,2.786,2.234,1.823,2.712,1.777,1.103,0.262,0.411,7.72,0.87,1.311,0
1914,2,3.81,3.487,3.267,2.697,2.719,2.17,1.82,2.654,1.667,1.097,0.219,0.351,7.74,0.89,1.372,0
1914,3,3.688,3.392,3.255,2.67,2.688,2.124,1.798,2.595,1.594,1.131,0.137,0.326,7.75,0.91,1.463,0
1914,4,3.658,3.368,3.225,2.627,2.655,2.085,1.719,2.544,1.649,1.14,0.143,0.366,7.73,0.97,1.341,0
1914,5,3.749,3.432,3.243,2.637,2.67,2.097,1.692,2.562,1.74,1.146,0.189,0.405,7.75,0.96,1.219,0
1914,6,3.78,3.463,3.225,2.615,2.646,2.067,1.612,2.538,1.851,1.158,0.238,0.454,7.77,0.99,1.189,0
1914,7,3.749,3.511,3.264,2.652,2.676,2.091,1.634,2.572,1.877,1.173,0.247,0.457,7.83,1.06,1.25,0
1914,8,3.688,3.527,3.316,2.697,2.722,2.128,1.762,2.644,1.765,1.189,0.21,0.366,7.8,1.09,1.372,0
1914,9,3.719,3.456,3.31,2.691,2.713,2.118,1.792,2.624,1.664,1.192,0.146,0.326,7.7,1.07,1.524,0
1914,10,3.78,3.45,3.331,2.713,2.734,2.14,1.777,2.614,1.673,1.192,0.119,0.363,7.67,1.07,1.341,0
1914,11,3.84,3.469,3.304,2.679,2.707,2.109,1.667,2.568,1.802,1.195,0.165,0.442,7.71,1.1,1.189,0
1914,12,4.084,3.645,3.42,2.792,2.822,2.225,1.762,2.704,1.883,1.195,0.226,0.463,7.74,1.11,1.372,0
1915,1,4.084,3.557,3.344,2.722,2.749,2.155,1.737,2.647,1.82,1.189,0.213,0.418,7.74,1.05,1.158,0
1915,2,3.901,3.584,3.389,2.807,2.829,2.268,1.945,2.764,1.639,1.122,0.195,0.323,7.73,0.89,1.433,0
1915,3,3.597,3.371,3.234,2.655,2.667,2.103,1.811,2.591,1.56,1.131,0.137,0.293,7.68,0.82,1.494,0
1915,4,3.749,3.38,3.231,2.64,2.661,2.094,1.771,2.576,1.609,1.137,0.149,0.323,7.68,0.92,1.189,0
1915,5,3.81,3.417,3.222,2.618,2.649,2.076,1.692,2.554,1.725,1.146,0.195,0.384,7.73,0.91,1.158,0
1915,6,3.719,3.386,3.167,2.569,2.6,2.033,1.597,2.492,1.789,1.134,0.219,0.436,7.76,0.91,1.036,0
1915,7,3.81,3.49,3.237,2.63,2.649,2.063,1.631,2.56,1.859,1.173,0.253,0.433,7.78,1.0,1.311,0
1915,8,3.688,3.453,3.237,2.637,2.652,2.07,1.722,2.588,1.731,1.167,0.216,0.347,7.69,1.03,1.463,0
1915,9,3.597,3.453,3.286,2.685,2.701,2.115,1.78,2.616,1.673,1.17,0.168,0.335,7.67,1.07,1.554,0
1915,10,3.597,3.365,3.225,2.618,2.637,2.048,1.679,2.522,1.686,1.177,0.14,0.369,7.6,1.0,1.433,0
1915,11,3.871,3.42,3.222,2.594,2.615,2.012,1.579,2.5,1.841,1.21,0.198,0.433,7.61,1.02,1.25,0
1915,12,3.84,3.459,3.231,2.606,2.627,2.027,1.567,2.513,1.892,1.204,0.229,0.46,7.66,1.03,1.067,0
1916,1,4.023,3.594,3.359,2.749,2.774,2.192,1.795,2.694,1.799,1.167,0.235,0.396,7.75,0.89,1.219,0
1916,2,3.749,3.435,3.24,2.655,2.67,2.103,1.798,2.616,1.637,1.137,0.195,0.305,7.74,0.84,1.128,0
1916,3,3.658,3.347,3.197,2.612,2.63,2.063,1.78,2.564,1.567,1.134,0.149,0.283,7.74,0.89,1.433,0
1916,4,3.536,3.28,3.136,2.551,2.566,1.999,1.67,2.475,1.61,1.137,0.143,0.329,7.68,0.92,1.28,0
1916,5,3.658,3.316,3.109,2.518,2.536,1.966,1.57,2.443,1.746,1.143,0.207,0.396,7.65,0.95,1.097,0
1916,6,3.749,3.368,3.133,2.536,2.563,1.996,1.573,2.47,1.795,1.137,0.235,0.424,7.7,0.97,1.158,0
1916,7,3.78,3.456,3.213,2.609,2.627,2.042,1.615,2.536,1.841,1.17,0.244,0.427,7.79,1.06,1.189,0
1916,8,3.658,3.411,3.206,2.603,2.615,2.027,1.682,2.546,1.729,1.18,0.204,0.344,7.74,1.11,1.219,0
1916,9,3.566,3.359,3.216,2.612,2.621,2.03,1.731,2.545,1.628,1.186,0.143,0.299,7.71,1.12,1.402,0
1916,10,3.566,3.344,3.222,2.609,2.627,2.036,1.686,2.515,1.658,1.186,0.122,0.351,7.73,1.2,1.311,0
1916,11,3.688,3.353,3.164,2.539,2.557,1.954,1.524,2.438,1.829,1.21,0.189,0.43,7.64,1.07,1.158,0
1916,12,4.023,3.447,3.21,2.582,2.603,1.996,1.554,2.5,1.893,1.213,0.238,0.442,7.66,1.09,1.128,0
1917,1,3.719,3.444,3.2,2.582,2.597,1.996,1.591,2.518,1.853,1.204,0.244,0.405,7.71,1.01,1.097,0
1917,2,3.932,3.435,3.228,2.615,2.633,2.039,1.719,2.577,1.716,1.189,0.207,0.32,7.69,0.86,1.341,0
1917,3,3.414,3.264,3.1,2.512,2.521,1.945,1.628,2.446,1.636,1.155,0.165,0.317,7.71,0.94,1.402,0
1917,4,3.566,3.274,3.118,2.521,2.536,1.954,1.603,2.438,1.671,1.164,0.155,0.351,7.71,1.02,1.372,0
1917,5,3.566,3.331,3.121,2.527,2.548,1.975,1.554,2.442,1.777,1.146,0.21,0.421,7.78,1.04,1.28,0
1917,6,3.536,3.38,3.139,2.548,2.569,1.999,1.545,2.462,1.835,1.14,0.241,0.454,7.81,1.01,1.158,0
1917,7,3.78,3.481,3.24,2.637,2.652,2.067,1.646,2.564,1.835,1.173,0.241,0.421,7.76,1.06,1.311,0
1917,8,3.719,3.392,3.216,2.606,2.618,2.021,1.704,2.548,1.688,1.195,0.177,0.317,7.66,1.06,1.28,0
1917,9,3.566,3.371,3.24,2.633,2.643,2.045,1.783,2.577,1.588,1.195,0.131,0.262,7.65,1.07,1.524,0
1917,10,3.658,3.356,3.252,2.637,2.649,2.045,1.737,2.546,1.619,1.207,0.104,0.308,7.67,1.11,1.341,0
1917,11,3.658,3.38,3.216,2.597,2.612,2.009,1.652,2.516,1.728,1.207,0.165,0.357,7.52,1.12,1.219,0
1917,12,3.719,3.45,3.228,2.603,2.621,2.015,1.625,2.538,1.825,1.213,0.223,0.39,7.72,1.11,1.28,0
1918,1,3.688,3.426,3.176,2.557,2.569,1.966,1.588,2.507,1.838,1.21,0.25,0.378,7.71,1.11,1.219,0
1918,2,3.566,3.402,3.194,2.582,2.588,1.984,1.679,2.54,1.723,1.21,0.207,0.305,7.67,1.08,1.25,0
1918,3,3.658,3.374,3.231,2.637,2.64,2.051,1.786,2.58,1.588,1.18,0.143,0.265,7.69,1.01,1.524,0
1918,4,3.658,3.338,3.194,2.591,2.606,2.021,1.695,2.516,1.643,1.173,0.143,0.326,7.74,1.0,1.311,0
1918,5,3.688,3.405,3.2,2.594,2.609,2.021,1.64,2.522,1.765,1.18,0.204,0.381,7.78,1.06,1.189,0
1918,6,3.78,3.533,3.286,2.67,2.685,2.088,1.695,2.614,1.838,1.198,0.247,0.393,7.7,0.97,1.311,0
1918,7,3.749,3.511,3.277,2.658,2.673,2.07,1.679,2.595,1.832,1.207,0.235,0.39,7.65,1.08,1.402,0
1918,8,3.627,3.508,3.313,2.697,2.707,2.103,1.783,2.646,1.725,1.21,0.195,0.32,7.66,1.09,1.494,0
1918,9,3.749,3.493,3.356,2.74,2.749,2.146,1.881,2.687,1.612,1.21,0.137,0.265,7.66,0.94,1.646,0
1918,10,3.81,3.444,3.331,2.713,2.725,2.118,1.817,2.63,1.627,1.213,0.113,0.302,7.59,1.06,1.433,0
1918,11,4.176,3.53,3.344,2.719,2.731,2.121,1.768,2.649,1.762,1.222,0.186,0.354,7.64,1.09,1.372,0
1918,12,3.871,3.514,3.292,2.664,2.682,2.073,1.695,2.604,1.819,1.219,0.223,0.378,7.66,1.08,1.28,0
1919,1,3.78,3.45,3.252,2.633,2.646,2.042,1.722,2.586,1.728,1.21,0.198,0.32,7.65,1.05,1.25,0
1919,2,3.871,3.411,3.228,2.637,2.646,2.063,1.82,2.616,1.591,1.164,0.183,0.244,7.68,0.94,1.402,0
1919,3,3.658,3.322,3.206,2.606,2.612,2.021,1.78,2.551,1.542,1.186,0.116,0.241,7.63,0.91,1.524,0
1919,4,3.749,3.289,3.176,2.573,2.579,1.984,1.713,2.501,1.576,1.192,0.113,0.271,7.66,0.9,1.402,0
1919,5,3.81,3.395,3.228,2.615,2.633,2.039,1.704,2.55,1.691,1.189,0.168,0.335,7.7,0.91,1.189,0
1919,6,3.78,3.429,3.21,2.594,2.606,2.003,1.64,2.534,1.789,1.207,0.219,0.363,7.69,1.04,1.219,0
1919,7,3.719,3.496,3.261,2.64,2.652,2.042,1.686,2.591,1.81,1.219,0.235,0.357,7.64,1.06,1.341,0
1919,8,3.627,3.459,3.255,2.64,2.646,2.039,1.731,2.595,1.728,1.216,0.204,0.308,7.63,1.08,1.494,0
1919,9,3.597,3.447,3.31,2.691,2.704,2.094,1.829,2.638,1.618,1.216,0.137,0.265,7.65,1.08,1.707,0
1919,10,3.688,3.402,3.283,2.661,2.676,2.063,1.759,2.58,1.643,1.219,0.119,0.305,7.63,1.1,1.524,0
1919,11,3.658,3.392,3.225,2.591,2.606,1.987,1.594,2.493,1.798,1.237,0.168,0.393,7.6,1.06,1.158,0
1919,12,3.962,3.481,3.261,2.618,2.637,2.012,1.622,2.552,1.859,1.25,0.219,0.39,7.62,1.04,1.158,0
1920,1,3.84,3.469,3.261,2.624,2.64,2.018,1.67,2.57,1.799,1.244,0.207,0.347,7.61,1.12,1.128,0
1920,2,3.749,3.399,3.243,2.612,2.618,1.993,1.74,2.57,1.659,1.25,0.155,0.253,7.62,1.02,1.341,0
1920,3,3.658,3.307,3.194,2.566,2.576,1.957,1.719,2.513,1.588,1.237,0.113,0.238,7.59,1.0,1.463,0
1920,4,3.505,3.246,3.124,2.509,2.515,1.905,1.622,2.434,1.624,1.219,0.122,0.283,7.58,0.96,1.219,0
1920,5,3.719,3.353,3.179,2.563,2.576,1.975,1.64,2.496,1.713,1.204,0.174,0.335,7.6,0.94,1.28,0
1920,6,3.749,3.441,3.222,2.6,2.618,2.015,1.649,2.545,1.792,1.207,0.219,0.366,7.63,1.04,1.128,0
1920,7,3.719,3.423,3.2,2.585,2.594,1.987,1.628,2.526,1.795,1.213,0.223,0.36,7.59,1.06,1.189,0
1920,8,3.719,3.444,3.264,2.652,2.652,2.042,1.768,2.606,1.676,1.222,0.18,0.274,7.62,1.06,1.433,0
1920,9,3.475,3.356,3.237,2.624,2.624,2.015,1.792,2.574,1.564,1.222,0.119,0.223,7.58,1.06,1.494,0
1920,10,3.658,3.359,3.252,2.624,2.633,2.018,1.75,2.554,1.609,1.234,0.107,0.268,7.65,1.1,1.433,0
1920,11,3.749,3.417,3.258,2.618,2.633,2.012,1.661,2.539,1.756,1.247,0.158,0.351,7.42,1.08,1.189,0
1920,12,3.78,3.49,3.28,2.649,2.664,2.051,1.719,2.604,1.771,1.228,0.21,0.332,7.61,0.93,1.189,0
1921,1,3.871,3.511,3.292,2.673,2.682,2.076,1.734,2.622,1.777,1.216,0.219,0.341,7.67,0.87,1.402,0
1921,2,3.597,3.347,3.173,2.569,2.582,1.99,1.71,2.528,1.637,1.183,0.174,0.28,7.71,0.87,1.341,0
1921,3,3.566,3.335,3.203,2.6,2.606,2.012,1.765,2.55,1.57,1.192,0.128,0.247,7.69,0.91,1.494,0
1921,4,3.475,3.228,3.109,2.502,2.518,1.926,1.615,2.422,1.613,1.183,0.119,0.311,7.67,0.95,1.372,0
1921,5,3.658,3.383,3.194,2.579,2.594,1.996,1.649,2.516,1.734,1.198,0.189,0.347,7.7,1.02,1.341,0
1921,6,3.658,3.432,3.216,2.6,2.615,2.015,1.637,2.534,1.795,1.201,0.216,0.378,7.69,0.97,1.28,0
1921,7,3.84,3.523,3.313,2.685,2.701,2.085,1.737,2.63,1.786,1.228,0.21,0.347,7.62,1.06,1.372,0
1921,8,3.719,3.432,3.267,2.627,2.646,2.024,1.753,2.592,1.679,1.244,0.165,0.271,7.65,1.04,1.341,0
1921,9,3.627,3.386,3.289,2.658,2.667,2.048,1.844,2.615,1.542,1.241,0.098,0.204,7.62,1.06,1.554,0
1921,10,3.658,3.411,3.304,2.661,2.673,2.042,1.807,2.609,1.604,1.262,0.107,0.235,7.74,1.05,1.402,0
1921,11,3.566,3.356,3.21,2.579,2.594,1.975,1.649,2.502,1.707,1.234,0.146,0.326,7.71,0.94,1.311,0
1921,12,4.023,3.484,3.277,2.64,2.655,2.03,1.67,2.577,1.814,1.247,0.207,0.36,7.71,1.06,1.28,0
1922,1,3.658,3.389,3.179,2.557,2.569,1.957,1.631,2.51,1.758,1.222,0.21,0.326,7.71,1.02,1.25,0
1922,2,3.993,3.478,3.283,2.664,2.67,2.057,1.798,2.638,1.68,1.225,0.192,0.259,7.76,0.86,1.372,0
1922,3,3.566,3.249,3.133,2.533,2.539,1.942,1.728,2.488,1.521,1.192,0.116,0.213,7.71,0.92,1.402,0
1922,4,3.444,3.173,3.063,2.466,2.472,1.881,1.615,2.394,1.558,1.183,0.11,0.265,7.76,0.94,1.311,0
1922,5,3.597,3.325,3.167,2.557,2.576,1.981,1.667,2.496,1.658,1.186,0.158,0.314,7.72,0.78,1.25,0
1922,6,3.658,3.456,3.24,2.649,2.655,2.067,1.74,2.598,1.716,1.173,0.216,0.326,7.81,0.95,1.433,0
1922,7,3.688,3.508,3.292,2.667,2.679,2.067,1.75,2.629,1.758,1.225,0.216,0.317,7.72,1.0,1.341,0
1922,8,3.627,3.45,3.261,2.63,2.64,2.018,1.728,2.589,1.722,1.244,0.189,0.29,7.56,1.0,1.463,0
1922,9,3.597,3.411,3.286,2.655,2.664,2.045,1.817,2.614,1.594,1.241,0.125,0.229,7.56,1.01,1.615,0
1922,10,3.627,3.371,3.271,2.646,2.652,2.036,1.78,2.576,1.591,1.234,0.101,0.256,7.55,1.04,1.433,0
1922,11,3.658,3.353,3.21,2.585,2.591,1.975,1.637,2.495,1.716,1.234,0.143,0.338,7.47,0.97,1.25,0
1922,12,3.749,3.475,3.271,2.655,2.667,2.063,1.689,2.582,1.786,1.207,0.204,0.375,7.63,1.0,1.311,0
1923,1,3.627,3.389,3.203,2.588,2.6,1.993,1.673,2.531,1.716,1.21,0.186,0.32,7.64,0.93,1.311,0
1923,2,3.597,3.338,3.191,2.588,2.594,1.996,1.75,2.544,1.588,1.195,0.146,0.247,7.54,0.92,1.433,0
1923,3,3.566,3.197,3.103,2.493,2.496,1.89,1.667,2.432,1.53,1.213,0.094,0.223,7.55,0.96,1.463,0
1923,4,3.597,3.295,3.21,2.597,2.603,1.996,1.756,2.526,1.539,1.213,0.085,0.241,7.53,0.87,1.433,0
1923,5,3.688,3.298,3.158,2.539,2.551,1.942,1.646,2.472,1.652,1.216,0.14,0.296,7.61,0.94,1.158,0
1923,6,3.688,3.395,3.2,2.573,2.588,1.975,1.646,2.52,1.749,1.225,0.195,0.329,7.62,1.04,1.25,0
1923,7,3.658,3.438,3.228,2.603,2.612,1.999,1.655,2.546,1.783,1.228,0.21,0.344,7.62,1.07,1.372,0
1923,8,3.536,3.42,3.228,2.609,2.612,1.999,1.704,2.562,1.716,1.228,0.192,0.296,7.6,1.08,1.433,0
1923,9,3.566,3.417,3.286,2.664,2.673,2.06,1.826,2.622,1.591,1.225,0.131,0.235,7.57,1.01,1.615,0
1923,10,3.627,3.38,3.283,2.655,2.664,2.045,1.777,2.578,1.603,1.237,0.098,0.268,7.52,0.96,1.524,0
1923,11,3.81,3.453,3.313,2.676,2.688,2.063,1.725,2.589,1.728,1.25,0.14,0.338,7.57,1.02,1.402,0
1923,12,3.78,3.432,3.231,2.582,2.597,1.963,1.561,2.496,1.871,1.268,0.201,0.402,7.58,1.0,0.975,0
1924,1,3.719,3.444,3.234,2.591,2.6,1.969,1.615,2.53,1.829,1.265,0.21,0.354,7.6,1.01,1.158,0
1924,2,3.627,3.371,3.203,2.566,2.573,1.945,1.679,2.525,1.692,1.259,0.168,0.265,7.59,0.99,1.219,0
1924,3,3.627,3.313,3.176,2.542,2.554,1.935,1.707,2.51,1.606,1.241,0.137,0.229,7.56,1.01,1.433,0
1924,4,3.566,3.261,3.161,2.533,2.545,1.929,1.664,2.462,1.597,1.231,0.101,0.265,7.58,1.03,1.372,0
1924,5,3.658,3.31,3.149,2.521,2.53,1.911,1.576,2.443,1.734,1.237,0.162,0.335,7.53,1.01,1.189,0
1924,6,3.719,3.392,3.185,2.579,2.585,1.981,1.606,2.499,1.786,1.204,0.207,0.375,7.65,1.08,1.128,0
1924,7,3.719,3.444,3.228,2.606,2.621,2.012,1.625,2.534,1.819,1.216,0.216,0.387,7.61,1.04,1.189,0
1924,8,3.627,3.386,3.203,2.582,2.591,1.978,1.667,2.526,1.719,1.225,0.183,0.311,7.63,1.06,1.28,0
1924,9,3.627,3.35,3.24,2.621,2.627,2.015,1.78,2.565,1.57,1.225,0.11,0.235,7.6,1.06,1.524,0
1924,10,3.688,3.289,3.21,2.585,2.594,1.975,1.716,2.502,1.573,1.234,0.079,0.259,7.64,1.05,1.311,0
1924,11,3.688,3.301,3.164,2.53,2.542,1.923,1.573,2.437,1.728,1.241,0.137,0.351,7.58,1.04,1.158,0
1924,12,3.688,3.399,3.197,2.554,2.566,1.939,1.618,2.508,1.781,1.259,0.201,0.32,7.6,1.0,1.067,0
1925,1,3.871,3.377,3.155,2.521,2.53,1.905,1.591,2.484,1.786,1.25,0.223,0.314,7.59,0.96,1.219,0
1925,2,3.749,3.405,3.231,2.633,2.643,2.051,1.768,2.586,1.637,1.18,0.174,0.283,7.75,0.87,1.524,0
1925,3,3.475,3.338,3.219,2.627,2.637,2.054,1.801,2.57,1.537,1.164,0.119,0.253,7.69,0.87,1.463,0
1925,4,3.505,3.274,3.176,2.576,2.588,2.003,1.716,2.495,1.558,1.173,0.098,0.287,7.7,0.89,1.524,0
1925,5,3.627,3.392,3.243,2.637,2.652,2.06,1.731,2.562,1.661,1.183,0.149,0.329,7.66,0.94,1.158,0
1925,6,3.719,3.459,3.249,2.627,2.646,2.042,1.686,2.572,1.773,1.207,0.21,0.357,7.69,1.0,1.189,0
1925,7,3.81,3.502,3.267,2.643,2.652,2.036,1.682,2.592,1.82,1.231,0.235,0.354,7.62,1.03,1.219,0
1925,8,3.78,3.472,3.289,2.643,2.655,2.024,1.682,2.577,1.79,1.265,0.183,0.341,7.66,1.05,1.25,0
1925,9,3.688,3.414,3.292,2.652,2.661,2.033,1.771,2.592,1.643,1.259,0.122,0.262,7.67,1.08,1.433,0
1925,10,3.597,3.405,3.322,2.673,2.685,2.051,1.798,2.602,1.607,1.271,0.082,0.253,7.63,1.06,1.615,0
1925,11,3.749,3.414,3.277,2.63,2.649,2.021,1.658,2.536,1.756,1.256,0.137,0.363,7.67,1.06,1.341,0
1925,12,3.901,3.52,3.325,2.679,2.701,2.076,1.661,2.59,1.859,1.25,0.195,0.415,7.67,1.05,1.311,0
1926,1,3.871,3.52,3.322,2.688,2.704,2.085,1.719,2.62,1.801,1.237,0.198,0.366,7.61,0.96,1.28,0
1926,2,3.871,3.487,3.307,2.697,2.704,2.1,1.817,2.652,1.67,1.207,0.18,0.283,7.59,0.88,1.463,0
1926,3,3.597,3.377,3.271,2.667,2.673,2.079,1.838,2.608,1.539,1.192,0.107,0.241,7.61,0.88,1.402,0
1926,4,3.627,3.374,3.246,2.64,2.652,2.06,1.777,2.576,1.597,1.186,0.128,0.283,7.66,0.94,1.554,0
1926,5,3.505,3.338,3.179,2.548,2.573,1.966,1.585,2.462,1.753,1.213,0.158,0.381,7.62,0.97,1.219,0
1926,6,3.688,3.447,3.246,2.603,2.621,1.999,1.573,2.51,1.874,1.247,0.201,0.427,7.58,1.02,1.219,0
1926,7,3.719,3.472,3.249,2.606,2.621,1.99,1.622,2.547,1.85,1.259,0.223,0.369,7.57,1.08,1.189,0
1926,8,3.688,3.459,3.252,2.627,2.637,2.024,1.682,2.57,1.777,1.228,0.207,0.341,7.68,1.13,1.25,0
1926,9,3.505,3.356,3.228,2.603,2.615,2.006,1.701,2.528,1.655,1.222,0.128,0.305,7.69,1.1,1.341,0
1926,10,3.627,3.347,3.249,2.621,2.637,2.027,1.722,2.534,1.625,1.222,0.098,0.305,7.67,1.13,1.402,0
1926,11,3.78,3.447,3.316,2.679,2.694,2.076,1.71,2.578,1.737,1.241,0.131,0.366,7.62,1.07,1.402,0
1926,12,3.688,3.417,3.225,2.6,2.621,2.021,1.6,2.508,1.817,1.204,0.192,0.421,7.67,1.11,1.311,0
1927,1,3.749,3.472,3.252,2.621,2.64,2.03,1.618,2.545,1.854,1.222,0.219,0.411,7.64,0.96,1.25,0
1927,2,3.84,3.472,3.289,2.701,2.716,2.146,1.832,2.652,1.64,1.143,0.183,0.314,7.57,0.84,1.28,0
1927,3,3.658,3.28,3.152,2.536,2.554,1.957,1.664,2.472,1.616,1.195,0.128,0.293,7.61,0.74,1.372,0
1927,4,3.597,3.298,3.188,2.566,2.582,1.978,1.695,2.496,1.603,1.21,0.11,0.283,7.63,0.81,1.463,0
1927,5,3.597,3.347,3.164,2.521,2.548,1.929,1.554,2.45,1.793,1.234,0.183,0.375,7.68,0.93,1.128,0
1927,6,3.719,3.466,3.243,2.615,2.637,2.03,1.606,2.536,1.86,1.213,0.223,0.424,7.74,0.94,1.158,0
1927,7,3.688,3.478,3.249,2.6,2.627,2.006,1.6,2.539,1.878,1.244,0.229,0.405,7.62,1.03,1.341,0
1927,8,3.749,3.453,3.267,2.64,2.652,2.039,1.701,2.577,1.752,1.228,0.186,0.338,7.66,1.07,1.433,0
1927,9,3.658,3.411,3.267,2.643,2.658,2.045,1.765,2.588,1.646,1.222,0.143,0.28,7.65,1.04,1.524,0
1927,10,3.688,3.399,3.283,2.661,2.682,2.079,1.74,2.57,1.659,1.204,0.116,0.338,7.65,1.01,1.554,0
1927,11,3.993,3.459,3.316,2.676,2.701,2.085,1.673,2.566,1.786,1.231,0.143,0.411,7.73,1.09,1.28,0
1927,12,3.84,3.517,3.322,2.682,2.707,2.088,1.661,2.589,1.856,1.234,0.195,0.427,7.68,1.02,1.219,0
1928,1,3.719,3.456,3.24,2.612,2.624,2.009,1.637,2.546,1.819,1.231,0.216,0.372,7.73,1.05,1.128,0
1928,2,3.993,3.463,3.261,2.646,2.658,2.06,1.716,2.59,1.747,1.201,0.201,0.344,7.7,0.95,1.372,0
1928,3,3.658,3.356,3.216,2.606,2.621,2.03,1.704,2.53,1.652,1.186,0.14,0.326,7.8,1.08,1.463,0
1928,4,3.566,3.316,3.197,2.582,2.606,2.015,1.698,2.507,1.618,1.183,0.119,0.317,7.73,0.98,1.311,0
1928,5,3.749,3.362,3.179,2.566,2.585,1.993,1.631,2.496,1.731,1.186,0.183,0.363,7.7,0.97,1.219,0
1928,6,3.871,3.456,3.222,2.6,2.624,2.03,1.6,2.528,1.856,1.192,0.235,0.43,7.69,1.03,1.158,0
1928,7,3.81,3.508,3.261,2.63,2.655,2.051,1.612,2.56,1.896,1.21,0.247,0.439,7.72,1.08,1.189,0
1928,8,3.78,3.496,3.289,2.664,2.679,2.073,1.695,2.596,1.801,1.216,0.207,0.378,7.67,1.05,1.433,0
1928,9,3.536,3.392,3.255,2.63,2.643,2.033,1.74,2.566,1.652,1.222,0.137,0.293,7.63,0.97,1.433,0
1928,10,3.688,3.383,3.261,2.618,2.637,2.015,1.67,2.526,1.713,1.247,0.122,0.344,7.6,1.0,1.219,0
1928,11,3.81,3.399,3.237,2.594,2.615,1.996,1.564,2.482,1.835,1.241,0.162,0.433,7.6,0.97,1.097,0
1928,12,3.962,3.487,3.28,2.63,2.655,2.033,1.576,2.532,1.911,1.247,0.207,0.457,7.7,1.05,1.128,0
1929,1,3.749,3.496,3.274,2.649,2.667,2.06,1.686,2.591,1.81,1.213,0.223,0.375,7.69,1.05,1.219,0
1929,2,3.597,3.395,3.197,2.576,2.585,1.975,1.631,2.513,1.764,1.222,0.198,0.344,7.65,0.97,1.219,0
1929,3,3.597,3.277,3.121,2.521,2.533,1.948,1.622,2.45,1.655,1.173,0.155,0.326,7.65,0.96,1.341,0
1929,4,3.536,3.28,3.155,2.542,2.566,1.978,1.618,2.449,1.662,1.177,0.125,0.36,7.64,1.0,1.372,0
1929,5,3.658,3.325,3.155,2.548,2.566,1.981,1.576,2.45,1.749,1.173,0.171,0.405,7.56,0.96,1.158,0
1929,6,3.84,3.466,3.234,2.606,2.633,2.033,1.606,2.536,1.86,1.201,0.232,0.427,7.56,0.96,1.158,0
1929,7,3.962,3.542,3.28,2.661,2.676,2.076,1.661,2.602,1.881,1.204,0.262,0.415,7.65,1.01,1.25,0
1929,8,3.749,3.487,3.264,2.633,2.652,2.042,1.634,2.56,1.853,1.222,0.223,0.408,7.55,1.04,1.158,0
1929,9,3.688,3.472,3.322,2.688,2.704,2.085,1.75,2.611,1.722,1.237,0.149,0.335,7.69,1.04,1.28,0
1929,10,3.627,3.377,3.267,2.63,2.646,2.027,1.704,2.54,1.673,1.241,0.11,0.323,7.66,1.03,1.494,0
1929,11,3.719,3.42,3.249,2.612,2.633,2.021,1.6,2.51,1.82,1.228,0.171,0.421,7.61,1.02,1.219,0
1929,12,3.81,3.45,3.228,2.594,2.624,2.021,1.536,2.493,1.914,1.207,0.223,0.485,7.68,0.95,1.006,0
1930,1,3.962,3.527,3.298,2.682,2.704,2.109,1.67,2.598,1.857,1.189,0.229,0.439,7.66,0.9,1.219,0
1930,2,3.749,3.463,3.264,2.655,2.667,2.073,1.707,2.585,1.756,1.192,0.198,0.366,7.66,0.73,1.158,0
1930,3,3.81,3.395,3.261,2.673,2.682,2.106,1.823,2.609,1.572,1.155,0.134,0.283,7.69,0.84,1.341,0
1930,4,3.658,3.353,3.203,2.6,2.618,2.036,1.686,2.52,1.667,1.167,0.149,0.351,7.63,0.91,1.463,0
1930,5,3.719,3.408,3.203,2.582,2.609,2.015,1.576,2.492,1.832,1.189,0.204,0.439,7.57,0.91,1.25,0
1930,6,3.719,3.484,3.246,2.618,2.64,2.036,1.579,2.532,1.905,1.21,0.238,0.457,7.61,0.8,1.097,0
1930,7,3.84,3.523,3.286,2.652,2.667,2.051,1.634,2.578,1.889,1.234,0.238,0.418,7.64,1.02,1.189,0
1930,8,3.78,3.517,3.295,2.676,2.691,2.091,1.704,2.61,1.813,1.204,0.223,0.387,7.8,1.07,1.341,0
1930,9,3.658,3.481,3.338,2.716,2.734,2.134,1.783,2.632,1.698,1.204,0.143,0.351,7.72,1.06,1.524,0
1930,10,3.627,3.426,3.307,2.697,2.713,2.121,1.75,2.588,1.676,1.186,0.119,0.372,7.65,1.05,1.463,0
1930,11,3.749,3.484,3.304,2.688,2.707,2.112,1.701,2.592,1.783,1.192,0.18,0.411,7.71,0.83,1.28,0
1930,12,3.81,3.523,3.295,2.667,2.691,2.091,1.67,2.596,1.853,1.204,0.229,0.421,7.68,1.0,1.311,0
1931,1,3.84,3.523,3.289,2.664,2.688,2.088,1.646,2.584,1.877,1.201,0.235,0.442,7.7,0.97,1.25,0
1931,2,3.901,3.514,3.31,2.691,2.707,2.103,1.75,2.632,1.764,1.207,0.204,0.354,7.54,0.86,1.311,0
1931,3,3.597,3.344,3.188,2.557,2.579,1.972,1.618,2.481,1.726,1.216,0.155,0.354,7.58,0.93,1.219,0
1931,4,3.566,3.35,3.21,2.582,2.597,1.984,1.649,2.5,1.701,1.225,0.14,0.335,7.54,0.96,1.402,0
1931,5,3.719,3.469,3.255,2.618,2.643,2.03,1.609,2.539,1.86,1.225,0.213,0.421,7.61,1.0,1.28,0
1931,6,3.719,3.49,3.249,2.618,2.649,2.048,1.57,2.53,1.92,1.201,0.241,0.479,7.65,1.06,1.189,0
1931,7,3.749,3.536,3.286,2.658,2.685,2.085,1.628,2.582,1.908,1.201,0.25,0.457,7.64,1.03,1.25,0
1931,8,3.749,3.466,3.264,2.652,2.667,2.07,1.698,2.582,1.768,1.195,0.201,0.372,7.69,0.97,1.341,0
1931,9,3.627,3.414,3.252,2.652,2.661,2.07,1.747,2.58,1.667,1.183,0.162,0.323,7.6,0.92,1.402,0
1931,10,3.688,3.377,3.231,2.621,2.637,2.042,1.655,2.516,1.722,1.189,0.146,0.387,7.62,0.96,1.402,0
1931,11,3.78,3.405,3.228,2.597,2.621,2.018,1.558,2.482,1.847,1.21,0.177,0.46,7.63,0.95,1.219,0
1931,12,3.81,3.484,3.267,2.637,2.661,2.054,1.612,2.548,1.872,1.213,0.216,0.442,7.6,0.95,1.189,0
1932,1,3.688,3.487,3.231,2.612,2.624,2.021,1.631,2.559,1.856,1.21,0.256,0.39,7.74,0.93,1.189,0
1932,2,3.749,3.481,3.274,2.664,2.682,2.091,1.725,2.603,1.756,1.183,0.207,0.366,7.68,0.85,1.341,0
1932,3,3.505,3.331,3.173,2.566,2.585,1.993,1.64,2.486,1.691,1.18,0.158,0.354,7.73,0.9,1.372,0
1932,4,3.749,3.356,3.216,2.603,2.618,2.024,1.664,2.51,1.692,1.192,0.14,0.36,7.57,0.86,1.25,0
1932,5,3.871,3.444,3.243,2.643,2.664,2.088,1.698,2.571,1.746,1.155,0.201,0.39,7.7,0.94,1.158,0
1932,6,3.78,3.481,3.24,2.633,2.661,2.085,1.625,2.553,1.856,1.155,0.241,0.46,7.75,0.93,1.067,0
1932,7,3.78,3.523,3.283,2.67,2.694,2.109,1.652,2.588,1.871,1.173,0.241,0.457,7.72,0.98,1.25,0
1932,8,3.749,3.545,3.331,2.707,2.725,2.121,1.743,2.644,1.802,1.21,0.213,0.378,7.63,0.98,1.463,0
1932,9,3.688,3.511,3.368,2.752,2.765,2.161,1.853,2.682,1.658,1.207,0.143,0.308,7.57,0.87,1.554,0
1932,10,3.78,3.441,3.295,2.661,2.682,2.067,1.698,2.57,1.743,1.228,0.146,0.369,7.62,0.94,1.28,0
1932,11,3.932,3.435,3.249,2.609,2.637,2.024,1.564,2.5,1.871,1.225,0.186,0.46,7.64,0.96,1.219,0
1932,12,3.749,3.481,3.252,2.609,2.637,2.021,1.564,2.522,1.917,1.231,0.229,0.457,7.61,0.96,0.945,0
1933,1,3.901,3.469,3.234,2.612,2.627,2.024,1.634,2.552,1.835,1.21,0.235,0.39,7.64,0.96,1.219,0
1933,2,3.536,3.35,3.142,2.524,2.536,1.932,1.588,2.469,1.762,1.21,0.207,0.344,7.75,1.03,1.219,0
1933,3,3.719,3.347,3.179,2.573,2.594,2.009,1.679,2.513,1.668,1.17,0.168,0.329,7.72,0.97,1.433,0
1933,4,3.627,3.325,3.176,2.569,2.594,2.015,1.634,2.48,1.691,1.161,0.149,0.381,7.71,0.98,1.311,0
1933,5,3.719,3.319,3.13,2.521,2.545,1.96,1.527,2.423,1.792,1.17,0.189,0.433,7.69,1.06,1.097,0
1933,6,3.81,3.45,3.206,2.597,2.615,2.024,1.597,2.524,1.853,1.183,0.244,0.427,7.68,0.99,1.067,0
1933,7,3.901,3.548,3.28,2.661,2.679,2.079,1.676,2.612,1.872,1.201,0.268,0.402,7.56,0.93,1.158,0
1933,8,3.78,3.508,3.277,2.655,2.67,2.063,1.667,2.588,1.841,1.213,0.232,0.396,7.66,1.0,1.25,0
1933,9,3.658,3.429,3.274,2.646,2.661,2.048,1.716,2.572,1.713,1.225,0.155,0.332,7.73,1.06,1.463,0
1933,10,3.719,3.362,3.231,2.6,2.615,1.999,1.664,2.513,1.698,1.231,0.131,0.335,7.53,0.96,1.28,0
1933,11,3.749,3.402,3.216,2.579,2.603,1.99,1.548,2.475,1.854,1.225,0.186,0.442,7.7,1.04,1.097,0
1933,12,3.871,3.496,3.261,2.633,2.652,2.042,1.564,2.53,1.932,1.219,0.235,0.479,7.67,0.99,0.945,0
1934,1,3.81,3.456,3.225,2.603,2.627,2.03,1.606,2.531,1.85,1.195,0.232,0.424,7.7,1.01,1.097,0
1934,2,3.688,3.456,3.258,2.655,2.67,2.079,1.737,2.596,1.719,1.18,0.198,0.341,7.67,0.92,1.219,0
1934,3,3.536,3.362,3.219,2.618,2.627,2.033,1.747,2.554,1.615,1.186,0.143,0.287,7.58,0.81,1.463,0
1934,4,3.566,3.359,3.191,2.579,2.597,2.006,1.649,2.504,1.71,1.186,0.168,0.357,7.66,0.89,1.372,0
1934,5,3.78,3.459,3.231,2.606,2.63,2.03,1.594,2.526,1.865,1.201,0.229,0.436,7.58,0.94,1.219,0
1934,6,3.78,3.502,3.255,2.624,2.643,2.03,1.591,2.546,1.911,1.225,0.247,0.439,7.58,0.97,1.067,0
1934,7,3.78,3.511,3.271,2.637,2.652,2.03,1.661,2.586,1.85,1.241,0.241,0.369,7.63,0.88,1.128,0
1934,8,3.719,3.481,3.258,2.652,2.658,2.057,1.707,2.594,1.774,1.201,0.223,0.351,7.7,1.04,1.402,0
1934,9,3.627,3.459,3.307,2.697,2.713,2.121,1.783,2.621,1.676,1.186,0.152,0.338,7.7,1.11,1.615,0
1934,10,3.566,3.362,3.24,2.63,2.646,2.051,1.695,2.528,1.667,1.189,0.122,0.357,7.69,1.14,1.311,0
1934,11,3.78,3.45,3.267,2.646,2.664,2.06,1.655,2.552,1.795,1.207,0.183,0.405,7.63,1.03,1.372,0
1934,12,3.84,3.487,3.255,2.633,2.652,2.048,1.631,2.559,1.856,1.207,0.232,0.418,7.69,1.12,1.28,0
1935,1,4.084,3.545,3.304,2.691,2.713,2.118,1.713,2.629,1.832,1.186,0.241,0.405,7.75,0.84,1.28,0
1935,2,3.78,3.441,3.243,2.64,2.649,2.054,1.728,2.584,1.713,1.189,0.198,0.326,7.82,0.8,1.25,0
1935,3,3.749,3.399,3.243,2.63,2.646,2.045,1.731,2.565,1.668,1.198,0.155,0.314,7.68,0.84,1.494,0
1935,4,3.719,3.402,3.252,2.649,2.667,2.082,1.777,2.59,1.625,1.17,0.149,0.305,7.71,0.76,1.463,0
1935,5,3.658,3.466,3.243,2.63,2.652,2.063,1.661,2.564,1.805,1.18,0.223,0.402,7.7,0.86,1.311,0
1935,6,3.719,3.505,3.258,2.646,2.676,2.091,1.655,2.58,1.85,1.167,0.247,0.436,7.76,0.91,1.28,0
1935,7,3.78,3.536,3.286,2.664,2.685,2.085,1.676,2.606,1.86,1.201,0.25,0.408,7.79,1.03,1.341,0
1935,8,3.78,3.53,3.335,2.707,2.728,2.121,1.804,2.667,1.726,1.213,0.195,0.317,7.77,1.05,1.463,0
1935,9,3.627,3.447,3.298,2.673,2.691,2.085,1.814,2.63,1.633,1.213,0.149,0.271,7.68,0.96,1.494,0
1935,10,3.81,3.441,3.295,2.67,2.688,2.079,1.728,2.584,1.713,1.216,0.146,0.351,7.57,0.92,1.463,0
1935,11,3.749,3.429,3.246,2.609,2.633,2.018,1.588,2.508,1.841,1.228,0.183,0.43,7.58,0.87,1.219,0
1935,12,3.81,3.53,3.316,2.673,2.694,2.07,1.652,2.591,1.878,1.247,0.213,0.418,7.61,0.94,1.25,0
1936,1,3.688,3.487,3.243,2.621,2.64,2.036,1.67,2.578,1.817,1.207,0.244,0.366,7.69,0.84,1.25,0
1936,2,3.749,3.539,3.338,2.74,2.749,2.164,1.856,2.698,1.683,1.173,0.201,0.308,7.71,0.77,1.494,0
1936,3,3.566,3.368,3.225,2.627,2.646,2.063,1.771,2.57,1.597,1.161,0.143,0.293,7.65,0.74,1.341,0
1936,4,3.78,3.31,3.173,2.56,2.579,1.984,1.664,2.487,1.646,1.189,0.137,0.32,7.6,0.72,1.372,0
1936,5,3.688,3.435,3.234,2.624,2.643,2.051,1.692,2.564,1.743,1.183,0.201,0.36,7.73,0.87,1.158,0
1936,6,3.688,3.475,3.234,2.627,2.655,2.076,1.658,2.566,1.817,1.158,0.241,0.418,7.68,0.88,1.219,0
1936,7,3.749,3.527,3.28,2.661,2.685,2.091,1.679,2.603,1.848,1.189,0.247,0.411,7.56,0.92,1.341,0
1936,8,3.719,3.53,3.328,2.697,2.71,2.091,1.768,2.649,1.762,1.237,0.201,0.323,7.61,0.96,1.463,0
1936,9,3.658,3.469,3.344,2.71,2.722,2.1,1.847,2.658,1.622,1.244,0.125,0.253,7.49,0.89,1.676,0
1936,10,3.901,3.484,3.344,2.694,2.707,2.07,1.75,2.617,1.734,1.274,0.14,0.32,7.58,0.97,1.341,0
1936,11,3.901,3.493,3.31,2.658,2.682,2.051,1.637,2.565,1.856,1.259,0.183,0.415,7.51,0.96,1.219,0
1936,12,4.054,3.539,3.322,2.664,2.685,2.048,1.631,2.585,1.908,1.274,0.216,0.418,7.63,0.94,1.311,0
1937,1,3.719,3.466,3.246,2.609,2.63,2.012,1.676,2.571,1.79,1.234,0.219,0.335,7.57,0.93,1.219,0
1937,2,3.78,3.505,3.31,2.691,2.697,2.085,1.811,2.658,1.694,1.225,0.195,0.274,7.74,0.87,1.463,0
1937,3,3.78,3.408,3.261,2.676,2.685,2.106,1.841,2.624,1.567,1.155,0.146,0.265,7.65,0.72,1.646,0
1937,4,3.627,3.298,3.149,2.551,2.576,1.999,1.682,2.49,1.616,1.149,0.149,0.317,7.67,0.81,1.372,0
1937,5,3.688,3.408,3.228,2.624,2.649,2.067,1.689,2.548,1.719,1.161,0.18,0.378,7.61,0.76,1.128,0
1937,6,3.81,3.472,3.249,2.637,2.652,2.054,1.686,2.579,1.786,1.195,0.223,0.369,7.64,0.8,1.25,0
1937,7,3.932,3.569,3.325,2.701,2.716,2.103,1.743,2.656,1.826,1.222,0.244,0.36,7.51,0.9,1.372,0
1937,8,3.719,3.52,3.313,2.682,2.694,2.076,1.759,2.64,1.761,1.237,0.207,0.317,7.6,0.95,1.402,0
1937,9,3.658,3.438,3.307,2.682,2.691,2.076,1.811,2.624,1.627,1.231,0.131,0.265,7.56,0.9,1.646,0
1937,10,3.78,3.417,3.301,2.667,2.679,2.057,1.78,2.598,1.637,1.244,0.116,0.277,7.54,0.96,1.494,0
1937,11,3.84,3.472,3.301,2.664,2.685,2.067,1.695,2.584,1.777,1.234,0.171,0.372,7.51,0.97,1.25,0
1937,12,3.901,3.578,3.368,2.746,2.771,2.173,1.777,2.678,1.801,1.195,0.21,0.396,7.7,0.88,1.311,0
1938,1,3.962,3.511,3.304,2.682,2.697,2.088,1.728,2.62,1.783,1.216,0.207,0.36,7.7,0.89,1.311,0
1938,2,3.962,3.52,3.347,2.786,2.804,2.262,2.009,2.764,1.511,1.085,0.174,0.253,7.64,0.76,1.646,0
1938,3,3.84,3.402,3.283,2.71,2.725,2.167,1.945,2.674,1.457,1.116,0.119,0.223,7.68,0.78,1.676,0
1938,4,3.658,3.344,3.194,2.609,2.624,2.057,1.768,2.556,1.576,1.137,0.149,0.29,7.6,0.7,1.554,0
1938,5,3.719,3.426,3.228,2.627,2.649,2.073,1.704,2.565,1.722,1.155,0.198,0.369,7.56,0.72,1.25,0
1938,6,3.901,3.539,3.31,2.685,2.716,2.118,1.74,2.64,1.799,1.192,0.229,0.378,7.67,0.73,1.341,0
1938,7,3.901,3.545,3.331,2.691,2.704,2.076,1.725,2.635,1.82,1.256,0.213,0.351,7.6,0.87,1.372,0
1938,8,3.719,3.493,3.298,2.67,2.682,2.067,1.798,2.646,1.695,1.231,0.195,0.268,7.46,0.9,1.463,0
1938,9,3.536,3.414,3.283,2.661,2.673,2.067,1.811,2.612,1.603,1.216,0.131,0.256,7.48,1.0,1.615,0
1938,10,3.597,3.362,3.264,2.652,2.664,2.063,1.771,2.566,1.591,1.201,0.098,0.293,7.55,1.02,1.585,0
1938,11,3.627,3.383,3.219,2.594,2.612,2.006,1.655,2.519,1.728,1.213,0.165,0.351,7.53,1.01,1.341,0
1938,12,3.749,3.49,3.274,2.643,2.658,2.042,1.679,2.584,1.811,1.231,0.216,0.363,7.52,0.98,1.25,0
1939,1,4.023,3.469,3.249,2.612,2.627,2.009,1.676,2.572,1.793,1.241,0.219,0.332,7.51,1.0,1.25,0
1939,2,3.78,3.316,3.136,2.502,2.512,1.887,1.618,2.467,1.698,1.25,0.18,0.268,7.5,0.91,1.28,0
1939,3,3.536,3.274,3.149,2.518,2.527,1.905,1.649,2.462,1.625,1.244,0.125,0.256,7.55,0.99,1.341,0
1939,4,3.505,3.298,3.17,2.539,2.548,1.929,1.664,2.481,1.634,1.241,0.128,0.265,7.58,1.0,1.463,0
1939,5,3.658,3.402,3.206,2.563,2.579,1.948,1.615,2.508,1.787,1.259,0.195,0.332,7.46,0.98,1.341,0
1939,6,3.627,3.453,3.228,2.585,2.603,1.978,1.615,2.534,1.838,1.25,0.226,0.363,7.47,0.99,1.189,0
1939,7,3.688,3.472,3.249,2.618,2.624,1.999,1.664,2.568,1.808,1.25,0.223,0.335,7.47,0.95,1.28,0
1939,8,3.749,3.484,3.304,2.682,2.685,2.067,1.789,2.636,1.695,1.237,0.18,0.277,7.46,0.96,1.433,0
1939,9,3.719,3.49,3.365,2.749,2.749,2.134,1.926,2.708,1.564,1.231,0.125,0.207,7.44,1.0,1.676,0
1939,10,3.688,3.438,3.322,2.688,2.701,2.076,1.795,2.616,1.643,1.247,0.116,0.28,7.43,0.99,1.585,0
1939,11,3.81,3.523,3.365,2.725,2.725,2.082,1.737,2.63,1.786,1.283,0.158,0.344,7.63,0.82,1.463,0
1939,12,4.084,3.52,3.325,2.67,2.682,2.036,1.664,2.592,1.856,1.289,0.195,0.372,7.53,0.98,1.341,0
1940,1,3.932,3.594,3.383,2.758,2.768,2.149,1.85,2.722,1.744,1.234,0.21,0.299,7.55,0.9,1.494,0
1940,2,3.962,3.545,3.365,2.752,2.761,2.158,1.899,2.722,1.646,1.207,0.18,0.259,7.62,0.81,1.554,0
1940,3,3.688,3.423,3.298,2.713,2.722,2.146,1.92,2.672,1.503,1.152,0.125,0.226,7.75,0.75,1.585,0
1940,4,3.658,3.316,3.206,2.624,2.64,2.076,1.814,2.565,1.502,1.131,0.11,0.262,7.76,0.92,1.402,0
1940,5,3.81,3.395,3.222,2.615,2.627,2.033,1.737,2.566,1.658,1.189,0.174,0.296,7.72,0.95,1.402,0
1940,6,3.719,3.484,3.271,2.655,2.658,2.045,1.71,2.597,1.774,1.225,0.213,0.335,7.58,0.82,1.372,0
1940,7,3.719,3.514,3.289,2.658,2.667,2.045,1.731,2.622,1.783,1.244,0.226,0.314,7.69,0.98,1.433,0
1940,8,3.658,3.514,3.331,2.691,2.701,2.067,1.783,2.648,1.731,1.265,0.183,0.283,7.72,1.02,1.463,0
1940,9,3.627,3.481,3.374,2.731,2.743,2.109,1.899,2.69,1.582,1.265,0.107,0.21,7.7,1.02,1.585,0
1940,10,3.688,3.447,3.347,2.688,2.701,2.054,1.795,2.621,1.652,1.292,0.101,0.259,7.71,0.98,1.341,0
1940,11,3.871,3.499,3.341,2.682,2.701,2.057,1.713,2.606,1.786,1.283,0.158,0.344,7.73,1.0,1.372,0
1940,12,4.206,3.709,3.517,2.862,2.877,2.237,1.878,2.794,1.831,1.28,0.192,0.36,7.77,1.03,1.372,0
1941,1,3.932,3.655,3.469,2.865,2.883,2.298,2.006,2.83,1.649,1.17,0.186,0.293,7.81,0.75,1.615,0
1941,2,4.145,3.679,3.511,2.929,2.938,2.365,2.121,2.9,1.558,1.146,0.168,0.244,7.84,0.75,1.676,0
1941,3,3.84,3.591,3.466,2.877,2.896,2.323,2.121,2.856,1.47,1.143,0.125,0.201,7.73,0.8,1.768,0
1941,4,3.78,3.441,3.313,2.719,2.74,2.167,1.908,2.674,1.533,1.146,0.128,0.259,7.77,0.69,1.554,0
1941,5,3.962,3.444,3.28,2.67,2.691,2.103,1.78,2.612,1.664,1.177,0.165,0.323,7.75,0.71,1.494,0
1941,6,3.688,3.444,3.243,2.63,2.64,2.033,1.695,2.57,1.749,1.21,0.201,0.338,7.76,0.76,1.219,0
1941,7,3.81,3.572,3.353,2.722,2.728,2.103,1.811,2.692,1.761,1.25,0.219,0.293,7.6,0.89,1.372,0
1941,8,3.719,3.517,3.325,2.694,2.701,2.079,1.798,2.658,1.719,1.247,0.192,0.28,7.62,0.95,1.463,0
1941,9,3.627,3.505,3.389,2.752,2.761,2.134,1.899,2.702,1.606,1.256,0.116,0.235,7.56,0.94,1.646,0
1941,10,3.78,3.472,3.38,2.737,2.749,2.115,1.875,2.674,1.597,1.265,0.091,0.241,7.52,0.91,1.554,0
1941,11,3.901,3.539,3.392,2.752,2.768,2.14,1.823,2.681,1.716,1.253,0.146,0.317,7.56,0.96,1.311,0
1941,12,4.145,3.661,3.463,2.822,2.841,2.216,1.856,2.758,1.805,1.247,0.198,0.36,7.62,0.91,1.341,0
1942,1,3.871,3.578,3.371,2.761,2.777,2.182,1.844,2.711,1.734,1.189,0.207,0.338,7.81,0.83,1.341,0
1942,2,3.749,3.523,3.356,2.795,2.807,2.259,2.006,2.764,1.517,1.097,0.168,0.253,7.65,0.71,1.554,0
1942,3,3.871,3.353,3.246,2.63,2.637,2.027,1.804,2.578,1.549,1.219,0.107,0.223,7.64,0.76,1.585,0
1942,4,3.749,3.432,3.322,2.704,2.719,2.112,1.884,2.658,1.548,1.21,0.11,0.229,7.66,0.85,1.646,0
1942,5,3.688,3.395,3.219,2.597,2.609,1.996,1.664,2.53,1.731,1.222,0.177,0.332,7.59,0.73,1.219,0
1942,6,3.81,3.456,3.246,2.609,2.633,2.018,1.649,2.552,1.807,1.228,0.21,0.369,7.55,0.76,1.25,0
1942,7,3.871,3.527,3.322,2.673,2.685,2.048,1.71,2.618,1.817,1.274,0.204,0.338,7.54,0.83,1.341,0
1942,8,3.749,3.496,3.313,2.67,2.682,2.054,1.789,2.642,1.707,1.259,0.183,0.265,7.45,0.9,1.494,0
1942,9,3.597,3.444,3.319,2.697,2.704,2.088,1.856,2.65,1.588,1.231,0.125,0.232,7.51,0.95,1.585,0
1942,10,3.566,3.362,3.277,2.664,2.676,2.076,1.795,2.578,1.567,1.201,0.085,0.28,7.66,1.06,1.585,0
1942,11,3.658,3.405,3.264,2.637,2.646,2.027,1.686,2.546,1.719,1.237,0.14,0.341,7.64,1.01,1.372,0
1942,12,3.78,3.432,3.237,2.609,2.621,2.003,1.643,2.538,1.789,1.234,0.195,0.36,7.56,0.94,1.158,0
1943,1,3.901,3.539,3.319,2.713,2.719,2.121,1.792,2.666,1.747,1.198,0.219,0.329,7.6,0.84,1.189,0
1943,2,3.78,3.478,3.298,2.682,2.694,2.094,1.811,2.644,1.667,1.204,0.18,0.283,7.74,0.71,1.25,0
1943,3,3.78,3.402,3.277,2.676,2.682,2.091,1.847,2.624,1.555,1.186,0.125,0.244,7.8,0.83,1.554,0
1943,4,3.597,3.322,3.222,2.612,2.618,2.015,1.759,2.54,1.563,1.207,0.101,0.256,7.65,0.71,1.463,0
1943,5,3.627,3.395,3.231,2.612,2.621,2.015,1.71,2.552,1.685,1.216,0.165,0.305,7.73,0.9,1.311,0
1943,6,3.81,3.496,3.283,2.661,2.679,2.076,1.713,2.604,1.783,1.207,0.213,0.363,7.64,0.86,1.25,0
1943,7,3.871,3.533,3.316,2.679,2.697,2.079,1.722,2.628,1.811,1.237,0.216,0.357,7.64,1.01,1.311,0
1943,8,3.81,3.475,3.292,2.67,2.676,2.06,1.75,2.612,1.725,1.231,0.183,0.311,7.68,0.98,1.372,0
1943,9,3.627,3.45,3.338,2.719,2.725,2.109,1.884,2.667,1.566,1.228,0.113,0.226,7.64,1.04,1.463,0
1943,10,3.597,3.432,3.328,2.697,2.707,2.088,1.82,2.626,1.612,1.241,0.104,0.268,7.6,0.93,1.585,0
1943,11,3.719,3.463,3.307,2.67,2.682,2.06,1.695,2.579,1.768,1.247,0.155,0.366,7.58,0.9,1.402,0
1943,12,3.901,3.53,3.347,2.694,2.707,2.07,1.661,2.596,1.869,1.277,0.183,0.408,7.56,0.93,1.311,0
1944,1,3.84,3.481,3.28,2.646,2.658,2.033,1.695,2.588,1.786,1.247,0.201,0.338,7.54,0.8,1.158,0
1944,2,3.871,3.484,3.298,2.673,2.676,2.057,1.771,2.628,1.713,1.241,0.186,0.287,7.6,0.8,1.463,0
1944,3,3.597,3.368,3.237,2.627,2.63,2.024,1.765,2.566,1.603,1.213,0.131,0.259,7.64,0.74,1.372,0
1944,4,3.566,3.295,3.191,2.566,2.579,1.966,1.661,2.478,1.634,1.225,0.104,0.305,7.54,0.79,1.402,0
1944,5,3.719,3.405,3.24,2.627,2.64,2.039,1.701,2.553,1.704,1.201,0.165,0.338,7.65,0.99,1.402,0
1944,6,3.719,3.469,3.261,2.643,2.658,2.054,1.698,2.584,1.771,1.207,0.207,0.357,7.61,0.99,1.402,0
1944,7,3.81,3.563,3.331,2.697,2.725,2.115,1.774,2.668,1.789,1.216,0.232,0.341,7.66,1.14,1.372,0
1944,8,3.78,3.505,3.304,2.658,2.676,2.048,1.704,2.604,1.801,1.256,0.201,0.344,7.62,0.96,1.341,0
1944,9,3.719,3.481,3.347,2.71,2.716,2.085,1.811,2.646,1.67,1.262,0.134,0.274,7.67,0.97,1.433,0
1944,10,3.78,3.414,3.319,2.664,2.676,2.03,1.765,2.59,1.649,1.289,0.094,0.265,7.56,0.91,1.585,0
1944,11,3.84,3.502,3.341,2.688,2.707,2.073,1.704,2.603,1.798,1.268,0.162,0.369,7.48,0.9,1.402,0
1944,12,3.932,3.539,3.335,2.682,2.701,2.063,1.625,2.582,1.914,1.271,0.204,0.439,7.6,1.02,1.341,0
1945,1,3.719,3.49,3.289,2.652,2.667,2.048,1.673,2.582,1.817,1.241,0.201,0.375,7.68,0.89,1.311,0
1945,2,3.627,3.429,3.237,2.633,2.649,2.057,1.756,2.592,1.673,1.18,0.192,0.302,7.71,0.86,1.341,0
1945,3,3.597,3.304,3.185,2.579,2.585,1.984,1.737,2.52,1.567,1.201,0.119,0.247,7.72,0.89,1.402,0
1945,4,3.475,3.246,3.124,2.527,2.533,1.942,1.631,2.438,1.615,1.183,0.122,0.311,7.7,0.87,1.28,0
1945,5,3.78,3.365,3.194,2.576,2.6,2.003,1.625,2.495,1.74,1.192,0.171,0.378,7.77,0.82,1.341,0
1945,6,3.749,3.496,3.286,2.655,2.676,2.067,1.661,2.578,1.835,1.219,0.21,0.405,7.68,0.81,1.189,0
1945,7,3.871,3.551,3.325,2.701,2.713,2.097,1.747,2.649,1.804,1.228,0.226,0.351,7.48,0.95,1.372,0
1945,8,3.719,3.52,3.307,2.685,2.701,2.091,1.74,2.63,1.78,1.216,0.213,0.351,7.65,1.01,1.433,0
1945,9,3.688,3.496,3.35,2.728,2.743,2.137,1.835,2.666,1.661,1.213,0.146,0.302,7.61,1.05,1.554,0
1945,10,3.688,3.438,3.344,2.716,2.731,2.115,1.814,2.626,1.624,1.228,0.094,0.302,7.7,0.96,1.372,0
1945,11,3.78,3.453,3.298,2.661,2.676,2.051,1.689,2.571,1.764,1.247,0.155,0.363,7.61,0.96,1.219,0
1945,12,4.023,3.572,3.359,2.743,2.761,2.161,1.743,2.658,1.829,1.198,0.213,0.418,7.72,0.96,1.28,0
1946,1,3.78,3.453,3.234,2.633,2.661,2.088,1.686,2.57,1.767,1.146,0.219,0.402,7.72,0.89,1.25,0
1946,2,3.719,3.426,3.237,2.64,2.649,2.06,1.731,2.578,1.695,1.177,0.189,0.329,7.58,0.94,1.341,0
1946,3,3.536,3.316,3.188,2.576,2.588,1.987,1.695,2.506,1.621,1.201,0.128,0.293,7.56,0.96,1.372,0
1946,4,3.627,3.322,3.203,2.582,2.594,1.984,1.692,2.507,1.63,1.219,0.119,0.293,7.66,0.89,1.494,0
1946,5,3.78,3.456,3.258,2.621,2.646,2.03,1.649,2.552,1.807,1.228,0.198,0.381,7.83,0.88,1.189,0
1946,6,3.78,3.469,3.234,2.6,2.618,2.003,1.567,2.518,1.902,1.231,0.235,0.436,,,1.128,0
1946,7,3.749,3.536,3.304,2.664,2.688,2.07,1.661,2.598,1.875,1.234,0.232,0.408,7.72,1.14,1.219,0
1946,8,3.719,3.481,3.286,2.661,2.676,2.063,1.731,2.606,1.75,1.222,0.195,0.332,7.66,1.0,1.402,0
1946,9,3.658,3.472,3.322,2.71,2.725,2.124,1.829,2.65,1.643,1.198,0.149,0.296,7.69,1.02,1.646,0
1946,10,3.719,3.399,3.286,2.673,2.691,2.097,1.756,2.578,1.643,1.189,0.113,0.341,7.78,0.95,1.615,0
1946,11,3.871,3.469,3.325,2.694,2.719,2.112,1.71,2.59,1.759,1.213,0.143,0.402,7.68,0.91,1.28,0
1946,12,3.932,3.533,3.331,2.694,2.713,2.097,1.661,2.597,1.872,1.234,0.201,0.436,7.67,0.87,1.128,0
1947,1,3.932,3.508,3.271,2.64,2.652,2.033,1.661,2.584,1.847,1.237,0.238,0.372,7.66,0.9,1.189,0
1947,2,3.84,3.511,3.313,2.679,2.704,2.094,1.74,2.626,1.771,1.219,0.198,0.354,7.71,0.83,1.219,0
1947,3,3.719,3.438,3.295,2.682,2.691,2.088,1.765,2.602,1.673,1.207,0.143,0.323,7.77,0.9,1.433,0
1947,4,3.627,3.313,3.188,2.566,2.585,1.981,1.646,2.48,1.667,1.207,0.125,0.335,7.74,0.96,1.433,0
1947,5,3.84,3.469,3.28,2.64,2.664,2.045,1.689,2.579,1.78,1.234,0.189,0.357,7.64,0.95,1.311,0
1947,6,3.932,3.536,3.298,2.658,2.688,2.076,1.655,2.596,1.881,1.222,0.238,0.421,7.63,0.92,1.158,0
1947,7,3.81,3.493,3.252,2.621,2.646,2.042,1.622,2.558,1.871,1.21,0.241,0.421,7.78,1.04,1.128,0
1947,8,3.81,3.49,3.283,2.661,2.679,2.076,1.692,2.591,1.798,1.207,0.207,0.384,7.68,0.9,1.28,0
1947,9,3.688,3.438,3.292,2.673,2.688,2.088,1.789,2.614,1.649,1.204,0.146,0.299,7.75,0.99,1.433,0
1947,10,3.688,3.429,3.304,2.673,2.694,2.082,1.747,2.588,1.682,1.222,0.125,0.335,7.7,0.98,1.494,0
1947,11,3.81,3.438,3.261,2.615,2.64,2.021,1.585,2.512,1.853,1.241,0.177,0.436,7.66,0.99,1.25,0
1947,12,3.901,3.517,3.292,2.637,2.664,2.033,1.548,2.532,1.969,1.259,0.226,0.485,7.62,0.94,1.128,0
1948,1,4.054,3.551,3.331,2.688,2.713,2.091,1.692,2.622,1.859,1.241,0.219,0.399,7.59,0.86,1.28,0
1948,2,3.749,3.45,3.246,2.615,2.627,2.009,1.67,2.56,1.78,1.237,0.204,0.338,7.66,0.91,1.128,0
1948,3,3.688,3.38,3.228,2.612,2.63,2.033,1.704,2.542,1.676,1.195,0.152,0.329,7.79,0.87,1.341,0
1948,4,3.627,3.399,3.274,2.664,2.682,2.091,1.734,2.566,1.665,1.183,0.125,0.357,7.77,0.88,1.402,0
1948,5,3.627,3.383,3.21,2.612,2.633,2.054,1.673,2.528,1.71,1.155,0.174,0.381,7.66,0.79,1.341,0
1948,6,3.78,3.514,3.286,2.682,2.713,2.137,1.719,2.616,1.795,1.149,0.229,0.418,7.74,0.79,1.341,0
1948,7,3.78,3.563,3.307,2.701,2.719,2.134,1.71,2.636,1.853,1.173,0.256,0.424,7.7,1.0,1.219,0
1948,8,3.84,3.542,3.316,2.691,2.713,2.106,1.707,2.624,1.835,1.21,0.226,0.399,7.75,0.99,1.311,0
1948,9,3.688,3.484,3.328,2.701,2.719,2.106,1.774,2.629,1.71,1.222,0.155,0.332,7.66,0.91,1.311,0
1948,10,3.658,3.408,3.292,2.655,2.67,2.051,1.728,2.568,1.68,1.241,0.116,0.323,7.62,0.94,1.463,0
1948,11,3.749,3.459,3.28,2.633,2.661,2.042,1.612,2.536,1.847,1.237,0.18,0.43,7.61,0.95,1.189,0
1948,12,3.871,3.536,3.301,2.664,2.688,2.079,1.594,2.565,1.942,1.222,0.235,0.485,7.77,1.1,1.219,0
1949,1,3.84,3.493,3.264,2.637,2.661,2.057,1.643,2.568,1.85,1.207,0.229,0.415,7.77,0.99,1.189,0
1949,2,3.749,3.505,3.304,2.685,2.704,2.103,1.756,2.63,1.749,1.201,0.201,0.347,7.74,1.02,1.28,0
1949,3,3.749,3.426,3.274,2.682,2.694,2.118,1.835,2.63,1.591,1.155,0.152,0.283,7.78,0.8,1.463,0
1949,4,3.749,3.353,3.2,2.597,2.615,2.027,1.667,2.51,1.686,1.173,0.152,0.36,7.69,0.87,1.433,0
1949,5,3.81,3.466,3.261,2.64,2.67,2.082,1.643,2.554,1.823,1.18,0.204,0.439,7.76,0.9,1.311,0
1949,6,3.81,3.56,3.328,2.704,2.731,2.131,1.679,2.62,1.881,1.198,0.232,0.451,7.7,1.03,1.311,0
1949,7,3.749,3.554,3.307,2.673,2.694,2.082,1.695,2.624,1.859,1.225,0.247,0.387,7.68,1.0,1.341,0
1949,8,3.719,3.533,3.298,2.679,2.694,2.091,1.701,2.617,1.832,1.207,0.235,0.39,7.72,0.96,1.372,0
1949,9,3.719,3.505,3.341,2.728,2.743,2.149,1.804,2.654,1.701,1.192,0.165,0.344,7.72,0.97,1.646,0
1949,10,3.688,3.386,3.267,2.646,2.667,2.067,1.71,2.548,1.676,1.201,0.119,0.357,7.72,1.0,1.25,0
1949,11,3.81,3.463,3.28,2.652,2.676,2.073,1.667,2.565,1.796,1.207,0.183,0.405,7.68,1.02,1.158,0
1949,12,3.932,3.463,3.228,2.606,2.627,2.03,1.582,2.522,1.881,1.198,0.235,0.448,7.72,1.05,1.067,0
1950,1,3.932,3.487,3.252,2.624,2.652,2.051,1.606,2.546,1.881,1.201,0.235,0.445,7.85,0.96,1.219,0
1950,2,3.688,3.42,3.213,2.618,2.633,2.051,1.695,2.558,1.725,1.161,0.207,0.357,7.8,0.72,1.28,0
1950,3,3.566,3.325,3.17,2.557,2.573,1.975,1.634,2.48,1.691,1.195,0.155,0.341,7.7,0.88,1.372,0
1950,4,3.658,3.347,3.203,2.585,2.603,2.006,1.67,2.508,1.677,1.198,0.143,0.335,7.67,0.73,1.402,0
1950,5,3.993,3.487,3.261,2.615,2.652,2.039,1.615,2.551,1.872,1.222,0.226,0.424,7.58,0.81,1.097,0
1950,6,3.962,3.539,3.289,2.664,2.691,2.094,1.631,2.585,1.908,1.195,0.25,0.463,7.71,0.91,1.158,0
1950,7,3.871,3.606,3.35,2.722,2.743,2.137,1.716,2.661,1.89,1.213,0.256,0.421,7.66,0.94,1.28,0
1950,8,3.688,3.496,3.295,2.676,2.694,2.094,1.743,2.62,1.753,1.201,0.201,0.351,7.76,0.99,1.402,0
1950,9,3.688,3.469,3.31,2.704,2.719,2.131,1.814,2.642,1.655,1.18,0.158,0.317,7.74,0.93,1.615,0
1950,10,3.749,3.447,3.307,2.704,2.725,2.14,1.765,2.606,1.682,1.167,0.14,0.375,7.71,0.97,1.463,0
1950,11,3.871,3.487,3.313,2.697,2.725,2.134,1.692,2.59,1.795,1.18,0.174,0.442,7.76,1.01,1.25,0
1950,12,4.054,3.584,3.368,2.774,2.807,2.246,1.798,2.691,1.786,1.122,0.216,0.448,7.87,0.87,1.311,0
1951,1,3.84,3.523,3.267,2.664,2.685,2.103,1.698,2.61,1.825,1.164,0.256,0.405,7.82,0.81,1.097,0
1951,2,3.84,3.517,3.313,2.704,2.725,2.137,1.789,2.653,1.728,1.177,0.204,0.347,7.79,0.76,1.311,0
1951,3,3.658,3.417,3.249,2.633,2.652,2.051,1.71,2.564,1.707,1.198,0.168,0.341,7.72,0.81,1.402,0
1951,4,3.719,3.395,3.252,2.633,2.655,2.057,1.695,2.545,1.7,1.195,0.143,0.363,7.66,0.87,1.311,0
1951,5,3.962,3.508,3.295,2.673,2.701,2.103,1.719,2.614,1.789,1.192,0.213,0.384,7.82,0.91,1.25,0
1951,6,3.993,3.591,3.338,2.716,2.749,2.158,1.716,2.654,1.875,1.18,0.253,0.442,7.78,1.06,1.219,0
1951,7,3.932,3.606,3.356,2.728,2.755,2.158,1.737,2.672,1.869,1.198,0.25,0.421,7.83,1.08,1.25,0
1951,8,3.871,3.597,3.383,2.752,2.78,2.173,1.795,2.696,1.802,1.21,0.213,0.378,7.67,0.93,1.402,0
1951,9,3.81,3.536,3.386,2.765,2.78,2.173,1.871,2.704,1.665,1.213,0.149,0.302,7.6,0.88,1.676,0
1951,10,3.749,3.514,3.374,2.74,2.758,2.143,1.792,2.653,1.722,1.231,0.14,0.351,7.56,0.9,1.433,0
1951,11,4.023,3.612,3.411,2.777,2.798,2.188,1.74,2.676,1.872,1.222,0.201,0.448,7.64,0.9,1.311,0
1951,12,4.115,3.652,3.414,2.765,2.795,2.176,1.707,2.68,1.945,1.237,0.238,0.469,7.67,0.87,1.341,0
1952,1,4.145,3.667,3.438,2.829,2.856,2.271,1.884,2.776,1.783,1.167,0.229,0.387,7.82,0.78,1.311,0
1952,2,3.78,3.52,3.316,2.719,2.737,2.158,1.835,2.678,1.685,1.158,0.204,0.323,7.83,0.81,1.341,0
1952,3,3.719,3.438,3.271,2.679,2.697,2.124,1.804,2.621,1.634,1.146,0.168,0.32,7.89,0.82,1.372,0
1952,4,3.658,3.411,3.261,2.673,2.704,2.143,1.786,2.598,1.625,1.119,0.149,0.357,7.84,0.86,1.524,0
1952,5,3.658,3.402,3.213,2.63,2.664,2.115,1.716,2.559,1.686,1.097,0.189,0.399,7.92,0.84,1.28,0
1952,6,3.871,3.527,3.286,2.679,2.713,2.14,1.722,2.624,1.805,1.146,0.241,0.418,7.87,0.9,1.311,0
1952,7,3.901,3.584,3.322,2.707,2.725,2.128,1.716,2.65,1.868,1.195,0.262,0.411,7.74,0.9,1.25,0
1952,8,3.871,3.572,3.344,2.713,2.734,2.124,1.737,2.654,1.835,1.219,0.229,0.387,7.74,0.96,1.311,0
1952,9,3.78,3.517,3.359,2.725,2.746,2.134,1.804,2.66,1.713,1.225,0.158,0.329,7.84,1.03,1.494,0
1952,10,3.78,3.463,3.344,2.694,2.719,2.094,1.765,2.614,1.698,1.25,0.119,0.329,7.77,1.04,1.585,0
1952,11,3.932,3.587,3.395,2.749,2.771,2.149,1.719,2.653,1.868,1.247,0.192,0.43,7.75,1.03,1.372,0
1952,12,4.145,3.67,3.429,2.783,2.813,2.195,1.725,2.698,1.945,1.234,0.241,0.469,7.76,0.96,1.372,0
1953,1,3.932,3.587,3.35,2.743,2.771,2.192,1.795,2.691,1.792,1.158,0.238,0.396,7.73,0.72,1.219,0
1953,2,3.688,3.417,3.216,2.609,2.624,2.033,1.707,2.562,1.71,1.183,0.201,0.326,7.65,0.79,1.28,0
1953,3,3.78,3.402,3.252,2.633,2.643,2.03,1.753,2.578,1.649,1.222,0.149,0.277,7.65,0.81,1.463,0
1953,4,3.627,3.368,3.2,2.585,2.6,2.003,1.649,2.508,1.719,1.198,0.168,0.354,7.72,0.9,1.28,0
1953,5,3.749,3.444,3.231,2.603,2.63,2.027,1.594,2.519,1.85,1.204,0.213,0.433,7.71,0.88,1.311,0
1953,6,3.749,3.496,3.252,2.621,2.652,2.051,1.618,2.557,1.878,1.201,0.244,0.433,7.64,0.83,1.25,0
1953,7,3.78,3.569,3.328,2.694,2.716,2.1,1.719,2.644,1.85,1.228,0.241,0.381,7.58,0.85,1.372,0
1953,8,3.719,3.517,3.292,2.673,2.688,2.082,1.737,2.627,1.78,1.21,0.226,0.344,7.58,0.88,1.463,0
1953,9,3.749,3.523,3.362,2.74,2.755,2.149,1.835,2.679,1.688,1.213,0.162,0.314,7.64,0.89,1.615,0
1953,10,3.84,3.42,3.298,2.679,2.694,2.091,1.747,2.584,1.673,1.207,0.122,0.344,7.63,0.92,1.402,0
1953,11,3.78,3.533,3.338,2.71,2.728,2.115,1.722,2.628,1.811,1.222,0.195,0.393,7.6,0.97,1.158,0
1953,12,3.84,3.484,3.246,2.621,2.643,2.036,1.631,2.558,1.853,1.21,0.238,0.405,7.62,0.89,1.189,0
1954,1,3.962,3.591,3.353,2.725,2.749,2.143,1.74,2.666,1.851,1.21,0.238,0.402,7.69,0.88,1.341,0
1954,2,3.81,3.496,3.298,2.697,2.71,2.121,1.82,2.658,1.676,1.177,0.198,0.302,7.68,0.73,1.402,0
1954,3,3.871,3.469,3.319,2.707,2.722,2.124,1.829,2.649,1.64,1.195,0.149,0.296,7.7,0.9,1.585,0
1954,4,3.78,3.411,3.255,2.643,2.658,2.057,1.753,2.582,1.658,1.198,0.155,0.305,7.65,0.71,1.372,0
1954,5,3.81,3.514,3.289,2.655,2.676,2.067,1.673,2.594,1.841,1.222,0.226,0.393,7.72,0.81,1.219,0
1954,6,3.871,3.533,3.28,2.643,2.664,2.048,1.622,2.578,1.911,1.231,0.253,0.427,7.62,0.98,1.128,0
1954,7,3.84,3.56,3.313,2.67,2.688,2.06,1.667,2.614,1.893,1.253,0.247,0.393,7.62,0.94,1.25,0
1954,8,3.688,3.52,3.325,2.691,2.707,2.085,1.789,2.654,1.731,1.241,0.195,0.296,7.63,0.92,1.554,0
1954,9,3.658,3.447,3.295,2.67,2.685,2.076,1.804,2.626,1.643,1.219,0.152,0.271,7.61,0.92,1.646,0
1954,10,3.749,3.414,3.274,2.649,2.664,2.054,1.707,2.56,1.707,1.219,0.14,0.347,7.54,0.85,1.341,0
1954,11,3.993,3.478,3.301,2.664,2.682,2.063,1.646,2.562,1.832,1.237,0.177,0.418,7.58,0.89,1.189,0
1954,12,4.054,3.533,3.31,2.685,2.701,2.088,1.689,2.611,1.844,1.222,0.223,0.399,7.64,0.9,1.128,0
1955,1,3.901,3.52,3.28,2.658,2.667,2.057,1.707,2.614,1.813,1.222,0.241,0.351,7.6,0.84,1.28,0
1955,2,3.688,3.447,3.249,2.615,2.624,1.999,1.698,2.572,1.749,1.25,0.198,0.302,7.6,0.85,1.219,0
1955,3,3.719,3.405,3.246,2.618,2.63,2.012,1.716,2.56,1.689,1.234,0.158,0.296,7.54,0.82,1.524,0
1955,4,3.749,3.353,3.216,2.582,2.594,1.972,1.646,2.5,1.707,1.244,0.137,0.326,7.53,0.84,1.28,0
1955,5,3.932,3.463,3.252,2.618,2.63,2.012,1.667,2.565,1.796,1.241,0.21,0.344,7.5,0.88,1.25,0
1955,6,3.871,3.533,3.289,2.652,2.673,2.054,1.664,2.598,1.869,1.234,0.244,0.39,7.56,0.93,1.158,0
1955,7,3.81,3.533,3.283,2.649,2.667,2.048,1.643,2.588,1.89,1.234,0.25,0.405,7.64,0.96,1.189,0
1955,8,3.78,3.536,3.331,2.701,2.716,2.1,1.777,2.656,1.759,1.231,0.204,0.323,7.7,1.03,1.433,0
1955,9,3.627,3.435,3.307,2.688,2.694,2.082,1.832,2.634,1.603,1.225,0.128,0.25,7.62,0.96,1.646,0
1955,10,3.627,3.392,3.261,2.624,2.64,2.018,1.679,2.536,1.713,1.244,0.131,0.338,7.74,1.03,1.341,0
1955,11,3.84,3.466,3.267,2.615,2.637,2.009,1.594,2.53,1.872,1.259,0.198,0.415,7.71,1.03,1.128,0
1955,12,4.023,3.606,3.368,2.725,2.746,2.124,1.707,2.656,1.899,1.244,0.238,0.418,7.59,0.8,1.219,0
1956,1,4.115,3.581,3.374,2.783,2.807,2.243,1.911,2.746,1.67,1.131,0.207,0.332,7.68,0.72,1.433,0
1956,2,3.81,3.478,3.286,2.685,2.697,2.112,1.853,2.666,1.625,1.173,0.192,0.259,7.74,0.68,1.494,0
1956,3,3.475,3.328,3.182,2.582,2.594,2.009,1.737,2.532,1.591,1.173,0.146,0.271,7.64,0.69,1.494,0
1956,4,3.749,3.417,3.264,2.637,2.655,2.045,1.731,2.574,1.686,1.219,0.152,0.314,7.58,0.79,1.463,0
1956,5,3.719,3.472,3.289,2.673,2.697,2.103,1.743,2.608,1.729,1.186,0.183,0.36,7.7,0.8,1.219,0
1956,6,3.81,3.517,3.289,2.667,2.691,2.091,1.734,2.626,1.783,1.198,0.229,0.357,7.73,0.85,1.25,0
1956,7,3.871,3.575,3.331,2.704,2.716,2.097,1.75,2.662,1.825,1.234,0.244,0.347,7.59,0.94,1.28,0
1956,8,3.719,3.53,3.325,2.691,2.704,2.079,1.768,2.649,1.762,1.247,0.204,0.311,7.66,0.9,1.28,0
1956,9,3.688,3.463,3.328,2.685,2.701,2.073,1.814,2.638,1.649,1.256,0.134,0.259,7.57,0.95,1.554,0
1956,10,3.658,3.432,3.316,2.664,2.679,2.039,1.765,2.598,1.667,1.277,0.116,0.274,7.61,0.94,1.524,0
1956,11,3.719,3.472,3.286,2.63,2.655,2.021,1.652,2.562,1.82,1.265,0.186,0.369,7.58,0.91,1.311,0
1956,12,3.78,3.49,3.271,2.612,2.63,1.993,1.6,2.545,1.89,1.277,0.219,0.393,7.54,0.9,1.219,0
1957,1,3.901,3.542,3.328,2.682,2.694,2.063,1.719,2.63,1.823,1.265,0.213,0.344,7.53,0.86,1.189,0
1957,2,3.78,3.53,3.344,2.716,2.716,2.088,1.826,2.678,1.704,1.256,0.186,0.262,7.55,0.89,1.402,0
1957,3,3.719,3.38,3.261,2.652,2.652,2.045,1.829,2.604,1.551,1.216,0.119,0.216,7.6,0.77,1.494,0
1957,4,3.81,3.441,3.286,2.652,2.664,2.042,1.753,2.597,1.688,1.244,0.155,0.29,7.55,0.84,1.463,0
1957,5,3.84,3.551,3.356,2.722,2.737,2.121,1.768,2.66,1.783,1.234,0.195,0.354,7.63,0.85,1.402,0
1957,6,3.932,3.569,3.341,2.701,2.716,2.091,1.698,2.634,1.871,1.25,0.229,0.393,7.62,0.85,1.433,0
1957,7,3.901,3.63,3.414,2.752,2.761,2.112,1.783,2.706,1.847,1.301,0.216,0.329,7.62,0.94,1.524,0
1957,8,3.81,3.569,3.371,2.734,2.737,2.1,1.841,2.705,1.728,1.271,0.198,0.259,7.62,1.0,1.554,0
1957,9,3.84,3.56,3.423,2.789,2.798,2.17,1.917,2.738,1.643,1.253,0.137,0.253,7.65,0.88,1.737,0
1957,10,3.901,3.52,3.417,2.783,2.792,2.17,1.878,2.699,1.642,1.247,0.104,0.293,7.66,0.98,1.494,0
1957,11,3.81,3.548,3.383,2.746,2.758,2.134,1.792,2.67,1.756,1.25,0.165,0.341,7.67,0.97,1.341,0
1957,12,3.993,3.6,3.389,2.771,2.774,2.158,1.804,2.702,1.796,1.231,0.21,0.354,7.59,0.94,1.433,0
1958,1,3.81,3.615,3.399,2.771,2.783,2.167,1.847,2.731,1.768,1.231,0.216,0.32,7.63,0.8,1.433,0
1958,2,4.176,3.673,3.493,2.905,2.923,2.35,2.109,2.891,1.564,1.143,0.18,0.241,7.66,0.74,1.768,0
1958,3,3.719,3.523,3.402,2.801,2.813,2.228,1.993,2.758,1.53,1.173,0.122,0.235,7.96,0.68,1.676,0
1958,4,3.932,3.447,3.325,2.737,2.758,2.192,1.942,2.694,1.505,1.134,0.122,0.25,7.54,0.74,1.646,0
1958,5,3.81,3.539,3.344,2.701,2.716,2.085,1.777,2.658,1.762,1.259,0.195,0.308,7.61,0.69,1.372,0
1958,6,3.871,3.591,3.365,2.722,2.746,2.128,1.777,2.684,1.814,1.237,0.226,0.351,7.71,0.77,1.402,0
1958,7,3.84,3.609,3.389,2.734,2.746,2.106,1.762,2.686,1.847,1.283,0.219,0.344,7.74,0.91,1.402,0
1958,8,3.78,3.6,3.426,2.786,2.795,2.167,1.908,2.754,1.692,1.259,0.174,0.259,7.6,0.88,1.646,0
1958,9,3.749,3.563,3.444,2.795,2.813,2.182,1.981,2.772,1.582,1.262,0.119,0.201,7.56,0.83,1.768,0
1958,10,3.84,3.542,3.429,2.798,2.801,2.176,1.905,2.724,1.637,1.253,0.113,0.271,7.6,0.85,1.585,0
1958,11,3.871,3.52,3.365,2.713,2.728,2.088,1.734,2.627,1.786,1.277,0.155,0.354,7.57,0.91,1.311,0
1958,12,3.993,3.615,3.429,2.78,2.783,2.14,1.78,2.698,1.835,1.289,0.186,0.36,7.49,0.74,1.311,0
1959,1,4.176,3.645,3.429,2.78,2.786,2.146,1.847,2.746,1.798,1.283,0.216,0.299,7.42,0.76,1.554,0
1959,2,3.993,3.63,3.459,2.804,2.816,2.17,1.917,2.774,1.713,1.289,0.171,0.253,7.52,0.68,1.554,0
1959,3,3.627,3.386,3.261,2.63,2.633,2.006,1.771,2.578,1.615,1.256,0.125,0.235,7.56,0.72,1.463,0
1959,4,3.84,3.444,3.331,2.676,2.682,2.036,1.771,2.608,1.673,1.295,0.113,0.265,7.54,0.82,1.433,0
1959,5,3.871,3.435,3.261,2.624,2.63,1.999,1.698,2.566,1.737,1.262,0.174,0.302,7.52,0.86,1.311,0
1959,6,3.871,3.511,3.295,2.643,2.658,2.018,1.682,2.596,1.829,1.277,0.216,0.335,7.53,0.82,1.28,0
1959,7,3.901,3.618,3.395,2.743,2.755,2.112,1.765,2.692,1.853,1.283,0.223,0.347,7.5,0.86,1.402,0
1959,8,3.81,3.581,3.399,2.758,2.768,2.134,1.85,2.716,1.731,1.265,0.183,0.283,7.56,0.84,1.585,0
1959,9,3.719,3.527,3.411,2.765,2.774,2.134,1.917,2.722,1.61,1.277,0.116,0.216,7.51,0.86,1.737,0
1959,10,3.719,3.511,3.423,2.771,2.78,2.134,1.893,2.702,1.618,1.289,0.088,0.241,7.48,0.9,1.524,0
1959,11,3.962,3.52,3.368,2.707,2.719,2.073,1.737,2.628,1.783,1.295,0.152,0.335,7.53,0.74,1.402,0
1959,12,3.993,3.609,3.408,2.728,2.74,2.073,1.667,2.638,1.942,1.335,0.201,0.405,7.49,0.83,1.25,0
1960,1,3.901,3.587,3.389,2.728,2.731,2.076,1.762,2.675,1.825,1.314,0.198,0.314,7.59,0.95,1.311,0
1960,2,3.719,3.487,3.316,2.679,2.679,2.042,1.795,2.641,1.692,1.274,0.171,0.247,7.59,0.76,1.372,0
1960,3,3.597,3.383,3.264,2.637,2.643,2.021,1.804,2.594,1.579,1.244,0.119,0.216,7.54,0.73,1.646,0
1960,4,3.658,3.31,3.197,2.563,2.579,1.96,1.692,2.501,1.618,1.237,0.113,0.268,7.55,0.86,1.311,0
1960,5,3.688,3.359,3.2,2.563,2.566,1.935,1.597,2.478,1.762,1.265,0.158,0.338,7.49,0.84,1.219,0
1960,6,3.871,3.536,3.328,2.682,2.697,2.067,1.728,2.632,1.808,1.262,0.207,0.338,7.51,0.93,1.219,0
1960,7,3.962,3.557,3.328,2.688,2.688,2.048,1.743,2.65,1.814,1.28,0.229,0.305,7.62,0.93,1.311,0
1960,8,3.78,3.523,3.328,2.685,2.697,2.067,1.768,2.646,1.755,1.262,0.195,0.299,7.58,0.97,1.311,0
1960,9,3.719,3.475,3.353,2.722,2.725,2.094,1.85,2.662,1.625,1.259,0.122,0.244,7.61,1.03,1.463,0
1960,10,3.658,3.411,3.328,2.673,2.688,2.048,1.798,2.605,1.613,1.28,0.082,0.25,7.51,0.9,1.585,0
1960,11,3.749,3.487,3.331,2.688,2.701,2.07,1.743,2.615,1.744,1.262,0.155,0.326,7.6,0.87,1.25,0
1960,12,3.932,3.551,3.344,2.694,2.707,2.073,1.686,2.619,1.865,1.271,0.207,0.387,7.56,0.96,1.158,0
1961,1,3.871,3.578,3.371,2.713,2.731,2.091,1.75,2.664,1.828,1.28,0.207,0.341,7.56,0.98,1.25,0
1961,2,3.749,3.456,3.286,2.661,2.661,2.039,1.771,2.614,1.685,1.247,0.171,0.268,7.64,0.89,1.341,0
1961,3,3.627,3.353,3.264,2.643,2.637,2.009,1.786,2.57,1.567,1.256,0.088,0.223,7.53,0.84,1.494,0
1961,4,3.566,3.362,3.252,2.621,2.624,1.993,1.74,2.551,1.622,1.259,0.11,0.253,7.55,0.84,1.615,0
1961,5,3.719,3.399,3.219,2.576,2.582,1.945,1.606,2.503,1.793,1.274,0.18,0.338,7.48,0.88,1.341,0
1961,6,3.81,3.557,3.338,2.688,2.691,2.048,1.679,2.618,1.878,1.289,0.219,0.369,7.39,0.77,1.158,0
1961,7,3.871,3.603,3.389,2.719,2.731,2.073,1.731,2.667,1.872,1.317,0.213,0.341,7.36,0.85,1.311,0
1961,8,3.78,3.563,3.374,2.722,2.725,2.076,1.804,2.684,1.759,1.298,0.189,0.271,7.42,0.76,1.402,0
1961,9,3.688,3.505,3.374,2.74,2.746,2.118,1.881,2.693,1.624,1.256,0.131,0.238,7.55,0.89,1.646,0
1961,10,3.658,3.386,3.298,2.673,2.673,2.048,1.765,2.576,1.621,1.25,0.088,0.283,7.58,0.91,1.524,0
1961,11,3.78,3.463,3.331,2.694,2.704,2.079,1.737,2.6,1.726,1.253,0.131,0.341,7.66,1.05,1.433,0
1961,12,3.78,3.536,3.338,2.697,2.71,2.079,1.698,2.617,1.838,1.259,0.198,0.381,7.55,0.91,1.372,0
1962,1,3.81,3.551,3.331,2.682,2.694,2.06,1.722,2.637,1.829,1.271,0.219,0.338,7.63,0.86,1.311,0
1962,2,3.84,3.591,3.411,2.783,2.798,2.182,1.905,2.748,1.686,1.228,0.18,0.277,7.59,0.76,1.341,0
1962,3,3.932,3.395,3.274,2.655,2.661,2.048,1.777,2.586,1.618,1.225,0.122,0.271,7.58,0.78,1.463,0
1962,4,3.444,3.286,3.185,2.548,2.551,1.917,1.64,2.463,1.646,1.268,0.101,0.277,7.54,0.81,1.433,0
1962,5,3.688,3.456,3.277,2.624,2.633,1.99,1.679,2.568,1.777,1.286,0.18,0.311,7.48,0.81,1.372,0
1962,6,3.749,3.539,3.322,2.679,2.688,2.057,1.689,2.614,1.85,1.265,0.216,0.369,7.43,0.82,1.341,0
1962,7,3.871,3.6,3.371,2.722,2.731,2.094,1.731,2.666,1.869,1.277,0.229,0.363,7.58,1.03,1.433,0
1962,8,3.81,3.578,3.386,2.737,2.749,2.112,1.814,2.696,1.764,1.274,0.192,0.299,7.53,0.96,1.433,0
1962,9,3.749,3.53,3.408,2.761,2.774,2.14,1.908,2.719,1.622,1.268,0.122,0.232,7.49,0.94,1.615,0
1962,10,3.993,3.533,3.426,2.798,2.798,2.17,1.893,2.713,1.64,1.256,0.107,0.277,7.53,0.78,1.646,0
1962,11,,3.49,3.338,2.697,2.71,2.082,1.731,2.611,1.759,1.256,0.152,0.351,,,1.402,11
1962,12,3.932,3.578,3.383,2.737,2.755,2.128,1.707,2.642,1.871,1.256,0.195,0.421,7.62,0.99,1.402,0
1963,1,3.871,3.575,3.368,2.719,2.74,2.109,1.756,2.666,1.819,1.259,0.207,0.354,7.66,1.06,1.433,0
1963,2,3.962,3.603,3.411,2.792,2.807,2.201,1.917,2.76,1.686,1.21,0.192,0.283,7.69,0.85,1.463,0
1963,3,3.78,3.408,3.271,2.637,2.643,2.018,1.759,2.584,1.649,1.253,0.137,0.259,7.52,0.8,1.524,0
1963,4,3.901,3.426,3.319,2.701,2.716,2.112,1.817,2.622,1.609,1.207,0.107,0.296,7.57,0.72,1.433,0
1963,5,3.901,3.466,3.304,2.679,2.691,2.082,1.756,2.611,1.71,1.222,0.162,0.326,7.52,0.78,1.341,0
1963,6,3.84,3.554,3.338,2.716,2.728,2.121,1.753,2.654,1.801,1.216,0.216,0.369,7.7,0.97,1.28,0
1963,7,3.901,3.603,3.368,2.731,2.746,2.128,1.768,2.686,1.835,1.241,0.235,0.36,7.7,1.17,1.372,0
1963,8,3.81,3.548,3.356,2.722,2.74,2.124,1.783,2.666,1.765,1.231,0.192,0.341,7.79,1.19,1.463,0
1963,9,3.719,3.545,3.408,2.768,2.777,2.146,1.862,2.704,1.683,1.262,0.137,0.283,7.55,1.01,1.615,0
1963,10,3.749,3.478,3.386,2.734,2.737,2.088,1.82,2.649,1.658,1.298,0.091,0.268,7.42,0.83,1.676,0
1963,11,3.962,3.591,3.432,2.761,2.783,2.131,1.756,2.674,1.835,1.301,0.158,0.375,7.53,0.95,1.372,0
1963,12,4.023,3.642,3.429,2.758,2.777,2.124,1.676,2.659,1.966,1.305,0.213,0.448,7.41,0.83,1.25,0
1964,1,3.901,3.569,3.362,2.716,2.725,2.088,1.686,2.628,1.883,1.274,0.207,0.402,7.67,0.97,1.28,0
1964,2,3.658,3.438,3.258,2.633,2.64,2.018,1.704,2.571,1.734,1.241,0.18,0.314,7.88,1.03,1.341,0
1964,3,3.566,3.35,3.225,2.591,2.6,1.975,1.719,2.535,1.631,1.25,0.125,0.256,7.8,0.97,1.494,0
1964,4,3.658,3.341,3.213,2.566,2.594,1.975,1.655,2.498,1.686,1.237,0.128,0.32,7.7,0.91,1.402,0
1964,5,3.749,3.402,3.231,2.612,2.621,2.012,1.622,2.512,1.78,1.219,0.171,0.39,7.75,1.0,1.219,0
1964,6,3.84,3.499,3.289,2.646,2.664,2.042,1.637,2.568,1.862,1.247,0.21,0.405,7.83,1.12,1.097,0
1964,7,3.84,3.539,3.307,2.643,2.664,2.024,1.658,2.598,1.881,1.283,0.232,0.366,7.76,1.08,1.067,0
1964,8,3.871,3.594,3.371,2.74,2.743,2.115,1.756,2.675,1.838,1.256,0.223,0.36,7.56,1.05,1.311,0
1964,9,3.719,3.527,3.383,2.758,2.755,2.124,1.811,2.669,1.716,1.259,0.143,0.314,7.57,0.99,1.433,0
1964,10,3.719,3.456,3.356,2.719,2.719,2.082,1.765,2.611,1.691,1.274,0.101,0.317,7.5,0.95,1.494,0
1964,11,3.871,3.527,3.362,2.716,2.725,2.085,1.713,2.62,1.814,1.277,0.165,0.372,7.46,0.81,1.219,0
1964,12,4.084,3.603,3.389,2.749,2.774,2.158,1.716,2.66,1.887,1.231,0.213,0.442,7.57,0.87,1.28,0
1965,1,3.962,3.6,3.374,2.774,2.807,2.24,1.829,2.714,1.771,1.134,0.226,0.411,7.71,0.84,1.28,0
1965,2,3.84,3.527,3.328,2.716,2.728,2.128,1.783,2.655,1.744,1.201,0.198,0.344,7.52,0.7,1.311,0
1965,3,3.688,3.484,3.353,2.719,2.74,2.124,1.829,2.656,1.655,1.228,0.131,0.296,7.62,0.83,1.494,0
1965,4,3.749,3.472,3.353,2.722,2.746,2.14,1.853,2.663,1.619,1.213,0.119,0.287,7.66,0.84,1.676,0
1965,5,3.901,3.435,3.243,2.6,2.624,2.009,1.609,2.522,1.826,1.234,0.192,0.399,7.67,0.84,1.28,0
1965,6,3.932,3.56,3.335,2.685,2.71,2.088,1.634,2.597,1.926,1.247,0.226,0.454,7.64,0.95,1.189,0
1965,7,,3.575,3.344,2.697,2.71,2.076,1.652,2.614,1.923,1.268,0.232,0.424,,,,11
1965,8,3.901,3.575,3.386,2.749,2.755,2.124,1.804,2.69,1.771,1.262,0.189,0.32,7.78,1.1,1.433,0
1965,9,3.749,3.572,3.42,2.783,2.795,2.173,1.884,2.728,1.688,1.247,0.152,0.29,7.7,1.16,1.585,0
1965,10,3.749,3.487,3.371,2.746,2.765,2.158,1.82,2.654,1.667,1.213,0.116,0.338,7.69,0.97,1.585,0
1965,11,3.932,3.621,3.469,2.841,2.856,2.243,1.859,2.74,1.762,1.225,0.152,0.384,7.66,0.96,1.494,0
1965,12,4.084,3.694,3.472,2.853,2.868,2.265,1.862,2.778,1.832,1.207,0.223,0.402,7.66,0.96,1.494,0
1966,1,3.962,3.63,3.389,2.774,2.789,2.188,1.795,2.713,1.835,1.201,0.241,0.393,7.71,0.82,1.25,0
1966,2,4.054,3.542,3.335,2.713,2.719,2.106,1.731,2.637,1.811,1.228,0.207,0.375,7.71,0.76,1.402,0
1966,3,3.688,3.417,3.261,2.64,2.646,2.03,1.695,2.556,1.722,1.231,0.155,0.335,7.57,0.84,1.28,0
1966,4,3.719,3.45,3.338,2.697,2.713,2.091,1.734,2.592,1.716,1.247,0.113,0.357,7.72,0.93,1.524,0
1966,5,3.749,3.523,3.341,2.688,2.707,2.073,1.698,2.61,1.825,1.268,0.183,0.375,7.76,1.03,1.372,0
1966,6,3.871,3.575,3.338,2.691,2.71,2.082,1.628,2.602,1.947,1.256,0.238,0.454,7.72,0.96,1.28,0
1966,7,3.84,3.597,3.365,2.716,2.743,2.121,1.676,2.637,1.921,1.244,0.232,0.445,7.76,1.06,1.25,0
1966,8,3.901,3.587,3.395,2.758,2.78,2.161,1.795,2.691,1.792,1.234,0.192,0.366,7.58,1.07,1.402,0
1966,9,3.719,3.496,3.356,2.731,2.737,2.118,1.823,2.66,1.673,1.237,0.14,0.296,7.75,0.87,1.402,0
1966,10,3.78,3.505,3.362,2.728,2.749,2.137,1.798,2.652,1.707,1.225,0.143,0.338,7.7,0.99,1.524,0
1966,11,3.871,3.597,3.411,2.774,2.792,2.176,1.756,2.677,1.841,1.234,0.186,0.421,7.78,0.88,1.433,0
1966,12,3.871,3.627,3.392,2.743,2.78,2.17,1.698,2.663,1.929,1.222,0.235,0.472,7.76,0.75,1.25,0
1967,1,4.115,3.624,3.386,2.755,2.777,2.164,1.756,2.69,1.868,1.222,0.238,0.408,7.81,0.76,1.341,0
1967,2,3.81,3.53,3.319,2.71,2.725,2.131,1.777,2.654,1.753,1.189,0.21,0.354,,,1.585,0
1967,3,3.658,3.517,3.35,2.731,2.746,2.143,1.811,2.664,1.706,1.207,0.168,0.332,,,1.524,0
1967,4,3.81,3.447,3.316,2.704,2.728,2.137,1.774,2.611,1.673,1.18,0.131,0.363,7.48,1.19,1.372,0
1967,5,3.871,3.463,3.283,2.679,2.704,2.121,1.725,2.594,1.738,1.161,0.18,0.396,7.72,0.66,1.311,0
1967,6,3.871,3.572,3.35,2.734,2.765,2.182,1.762,2.667,1.81,1.167,0.223,0.421,7.65,0.65,1.311,0
1967,7,3.81,3.581,3.338,2.74,2.752,2.17,1.765,2.673,1.816,1.167,0.244,0.405,7.75,0.73,1.341,0
1967,8,3.78,3.581,3.368,2.755,2.771,2.173,1.795,2.688,1.786,1.195,0.213,0.378,7.73,0.87,1.463,0
1967,9,3.719,3.557,3.402,2.771,2.783,2.161,1.838,2.698,1.719,1.241,0.155,0.323,7.41,0.71,1.494,0
1967,10,3.749,3.463,3.347,2.707,2.716,2.088,1.768,2.616,1.695,1.259,0.116,0.32,7.75,0.93,1.524,0
1967,11,4.084,3.627,3.432,2.783,2.795,2.161,1.756,2.692,1.871,1.271,0.195,0.405,,,1.402,1
1967,12,3.993,3.618,3.374,2.701,2.734,2.097,1.622,2.62,1.996,1.277,0.244,0.475,7.68,0.96,1.189,0
1968,1,4.054,3.627,3.38,2.737,2.752,2.128,1.686,2.656,1.941,1.253,0.247,0.442,7.65,0.87,1.311,0
1968,2,3.81,3.603,3.408,2.786,2.804,2.198,1.847,2.725,1.756,1.21,0.195,0.351,7.64,0.71,1.524,0
1968,3,3.688,3.463,3.313,2.713,2.725,2.134,1.844,2.654,1.619,1.18,0.149,0.29,7.68,0.76,1.524,0
1968,4,3.749,3.389,3.243,2.618,2.643,2.042,1.676,2.533,1.713,1.201,0.146,0.366,7.48,0.81,1.311,0
1968,5,3.901,3.365,3.274,2.64,2.664,2.057,1.612,2.488,1.753,1.216,0.091,0.445,7.44,0.73,1.158,0
1968,6,3.993,3.575,3.347,2.701,2.731,2.115,1.652,2.614,1.923,1.231,0.229,0.463,7.58,0.84,1.067,0
1968,7,3.993,3.6,3.365,2.722,2.74,2.115,1.713,2.656,1.887,1.25,0.235,0.402,7.31,0.67,1.219,0
1968,8,3.901,3.606,3.377,2.743,2.761,2.143,1.771,2.688,1.835,1.234,0.229,0.372,7.37,0.73,1.341,0
1968,9,3.78,3.575,3.408,2.765,2.786,2.167,1.82,2.698,1.755,1.241,0.168,0.347,7.53,0.74,1.554,0
1968,10,3.871,3.508,3.377,2.722,2.749,2.121,1.768,2.638,1.74,1.256,0.131,0.354,7.61,0.81,1.433,0
1968,11,3.962,3.554,3.359,2.71,2.731,2.1,1.716,2.635,1.838,1.259,0.195,0.384,7.51,0.75,1.219,0
1968,12,4.054,3.655,3.392,2.74,2.761,2.134,1.673,2.664,1.982,1.259,0.262,0.46,7.51,0.88,1.158,0
1969,1,4.206,3.746,3.508,2.89,2.911,2.313,1.875,2.81,1.871,1.195,0.238,0.439,7.71,0.79,1.25,0
1969,2,4.145,3.706,3.493,2.926,2.944,2.393,2.054,2.88,1.652,1.1,0.213,0.338,7.72,0.69,1.615,0
1969,3,3.658,3.472,3.325,2.728,2.749,2.176,1.862,2.667,1.61,1.149,0.146,0.314,7.54,0.49,1.463,0
1969,4,3.932,3.459,3.301,2.682,2.71,2.118,1.789,2.624,1.67,1.183,0.158,0.329,7.92,0.56,1.585,0
1969,5,4.023,3.514,3.304,2.67,2.707,2.112,1.682,2.598,1.832,1.192,0.21,0.43,7.44,0.94,1.341,0
1969,6,3.962,3.572,3.328,2.697,2.737,2.146,1.67,2.621,1.902,1.183,0.244,0.475,7.5,0.43,1.158,0
1969,7,3.962,3.633,3.392,2.734,2.758,2.124,1.682,2.658,1.951,1.268,0.241,0.442,7.5,0.68,1.158,0
1969,8,3.81,3.603,3.405,2.752,2.768,2.131,1.795,2.699,1.808,1.274,0.198,0.335,7.49,0.78,1.341,0
1969,9,,3.572,3.411,2.78,2.798,2.185,1.844,2.708,1.728,1.225,0.162,0.341,,,,11
1969,10,3.871,3.52,3.383,2.765,2.786,2.192,1.826,2.673,1.694,1.192,0.137,0.366,7.47,0.72,1.585,0
1969,11,3.962,3.594,3.414,2.786,2.81,2.207,1.792,2.693,1.802,1.207,0.18,0.415,7.48,0.75,1.433,0
1969,12,4.054,3.652,3.423,2.801,2.829,2.231,1.801,2.727,1.851,1.192,0.229,0.43,7.53,0.82,1.311,0
1970,1,4.206,3.667,3.414,2.832,2.856,2.298,1.832,2.75,1.835,1.116,0.253,0.466,7.66,0.85,1.219,0
1970,2,3.932,3.597,3.389,2.786,2.804,2.216,1.871,2.734,1.726,1.173,0.207,0.344,7.75,0.57,1.311,0
1970,3,3.932,3.53,3.362,2.74,2.755,2.146,1.817,2.674,1.713,1.216,0.168,0.329,7.63,0.71,1.524,0
1970,4,3.597,3.356,3.216,2.573,2.591,1.969,1.585,2.47,1.771,1.247,0.14,0.384,7.57,0.8,1.311,0
1970,5,3.719,3.49,3.28,2.637,2.649,2.015,1.612,2.551,1.878,1.265,0.21,0.402,7.59,0.86,1.28,0
1970,6,3.84,3.557,3.307,2.664,2.688,2.07,1.606,2.582,1.951,1.237,0.25,0.463,7.56,0.95,1.25,0
1970,7,3.901,3.597,3.353,2.71,2.731,2.109,1.661,2.629,1.936,1.244,0.244,0.448,7.64,1.01,1.25,0
1970,8,3.901,3.557,3.35,2.713,2.725,2.103,1.737,2.647,1.82,1.247,0.207,0.366,7.46,0.9,1.372,0
1970,9,3.78,3.508,3.362,2.734,2.746,2.131,1.835,2.672,1.673,1.231,0.146,0.296,7.39,0.78,1.585,0
1970,10,3.78,3.517,3.371,2.737,2.755,2.14,1.801,2.659,1.716,1.231,0.146,0.338,7.38,0.84,1.494,0
1970,11,4.023,3.612,3.405,2.771,2.792,2.176,1.734,2.673,1.878,1.228,0.207,0.442,7.32,0.75,1.28,0
1970,12,3.871,3.664,3.432,2.801,2.829,2.225,1.747,2.706,1.917,1.207,0.232,0.479,7.31,0.57,1.28,0
1971,1,3.81,3.56,3.322,2.701,2.716,2.109,1.722,2.641,1.838,1.213,0.238,0.387,7.24,0.45,1.25,0
1971,2,3.658,3.447,3.234,2.609,2.624,2.015,1.664,2.556,1.783,1.219,0.213,0.351,7.58,0.66,1.219,0
1971,3,3.688,3.389,3.21,2.563,2.582,1.951,1.609,2.499,1.78,1.259,0.18,0.341,7.58,0.72,1.402,0
1971,4,3.78,3.374,3.216,2.594,2.615,2.018,1.637,2.506,1.737,1.198,0.158,0.381,7.47,0.66,1.25,0
1971,5,3.81,3.45,3.261,2.637,2.658,2.054,1.634,2.542,1.816,1.207,0.189,0.421,7.51,0.77,1.25,0
1971,6,3.749,3.514,3.277,2.655,2.679,2.085,1.655,2.584,1.859,1.192,0.238,0.43,7.55,0.8,1.28,0
1971,7,3.78,3.557,3.31,2.697,2.719,2.128,1.713,2.635,1.844,1.183,0.247,0.415,7.55,0.83,1.28,0
1971,8,3.81,3.584,3.359,2.746,2.761,2.164,1.807,2.696,1.777,1.195,0.226,0.357,7.53,0.79,1.433,0
1971,9,3.78,3.563,3.399,2.774,2.789,2.179,1.865,2.714,1.698,1.219,0.165,0.314,7.47,0.71,1.524,0
1971,10,3.871,3.508,3.374,2.716,2.731,2.088,1.768,2.638,1.74,1.286,0.134,0.32,7.81,0.59,1.554,0
1971,11,3.901,3.554,3.35,2.697,2.719,2.085,1.679,2.616,1.875,1.265,0.204,0.405,7.47,0.76,1.28,0
1971,12,3.993,3.633,3.362,2.701,2.719,2.076,1.594,2.614,2.039,1.286,0.271,0.482,7.54,0.83,1.189,0
1972,1,3.901,3.6,3.35,2.694,2.713,2.076,1.661,2.63,1.939,1.274,0.25,0.415,,,1.28,0
1972,2,3.719,3.545,3.347,2.713,2.731,2.115,1.792,2.668,1.753,1.231,0.198,0.323,7.65,0.8,1.463,0
1972,3,3.81,3.438,3.298,2.661,2.679,2.06,1.789,2.614,1.649,1.237,0.14,0.271,7.51,,1.615,0
1972,4,3.84,3.435,3.277,2.64,2.661,2.045,1.686,2.56,1.749,1.231,0.158,0.36,,0.81,1.341,0
1972,5,3.932,3.523,3.316,2.673,2.694,2.073,1.64,2.582,1.883,1.244,0.207,0.433,7.55,0.82,1.219,0
1972,6,3.962,3.627,3.395,2.734,2.758,2.118,1.686,2.656,1.941,1.277,0.232,0.433,7.51,0.79,1.158,0
1972,7,3.871,3.639,3.411,2.743,2.758,2.109,1.743,2.691,1.896,1.301,0.229,0.366,7.34,0.78,1.189,0
1972,8,3.932,3.673,3.447,2.795,2.804,2.161,1.844,2.758,1.829,1.286,0.226,0.317,7.68,0.83,1.524,0
1972,9,3.871,3.618,3.45,2.792,2.813,2.179,1.865,2.742,1.753,1.271,0.168,0.314,7.62,0.79,1.646,0
1972,10,4.023,3.648,3.517,2.856,2.874,2.231,1.905,2.777,1.743,1.286,0.131,0.326,7.62,0.78,1.463,0
1972,11,4.054,3.7,3.502,2.85,2.859,2.213,1.841,2.77,1.859,1.289,0.198,0.372,7.52,0.82,1.28,0
1972,12,4.115,3.743,3.496,2.859,2.865,2.237,1.814,2.778,1.929,1.259,0.247,0.424,7.63,0.83,1.25,0
1973,1,4.298,3.697,3.456,2.847,2.859,2.265,1.862,2.78,1.835,1.192,0.241,0.402,7.64,0.68,1.463,0
1973,2,3.962,3.716,3.496,2.902,2.911,2.326,2.027,2.872,1.689,1.17,0.219,0.299,7.96,0.5,1.524,0
1973,3,3.719,3.463,3.316,2.697,2.725,2.134,1.847,2.655,1.615,1.183,0.146,0.287,7.59,0.54,1.524,0
1973,4,3.658,3.377,3.222,2.576,2.603,1.981,1.67,2.524,1.707,1.241,0.155,0.311,7.95,0.74,1.402,0
1973,5,3.993,3.523,3.304,2.643,2.661,2.018,1.609,2.566,1.914,1.286,0.219,0.408,7.96,0.73,1.25,0
1973,6,3.993,3.606,3.356,2.694,2.713,2.073,1.634,2.62,1.972,1.283,0.25,0.439,7.86,0.79,1.219,0
1973,7,3.932,3.591,3.356,2.691,2.707,2.06,1.667,2.629,1.924,1.295,0.235,0.393,7.57,0.93,1.219,0
1973,8,3.749,3.563,3.377,2.725,2.731,2.088,1.804,2.684,1.759,1.289,0.186,0.283,7.49,0.92,1.463,0
1973,9,3.597,3.478,3.328,2.682,2.694,2.06,1.786,2.632,1.692,1.268,0.149,0.274,7.46,0.86,1.615,0
1973,10,3.749,3.475,3.347,2.701,2.725,2.103,1.765,2.621,1.71,1.244,0.128,0.338,7.29,0.77,1.494,0
1973,11,3.901,3.502,3.322,2.682,2.707,2.094,1.701,2.602,1.801,1.228,0.18,0.393,7.5,0.88,1.311,0
1973,12,3.932,3.548,3.325,2.722,2.725,2.128,1.725,2.636,1.823,1.198,0.223,0.402,7.63,1.07,1.219,0
1974,1,4.054,3.624,3.377,2.786,2.798,2.219,1.884,2.754,1.74,1.158,0.247,0.335,7.77,0.65,1.341,0
1974,2,3.78,3.505,3.307,2.673,2.682,2.054,1.756,2.63,1.749,1.253,0.198,0.299,7.62,0.61,1.28,0
1974,3,3.84,3.551,3.392,2.774,2.783,2.173,1.881,2.716,1.67,1.219,0.158,0.293,7.56,0.68,1.463,0
1974,4,3.78,3.447,3.319,2.701,2.728,2.134,1.826,2.636,1.621,1.186,0.128,0.308,7.59,0.56,1.494,0
1974,5,3.749,3.496,3.298,2.655,2.67,2.042,1.686,2.591,1.81,1.256,0.198,0.357,7.49,0.61,1.219,0
1974,6,3.962,3.603,3.368,2.719,2.734,2.1,1.689,2.646,1.914,1.268,0.235,0.411,7.45,0.76,1.311,0
1974,7,3.871,3.597,3.368,2.716,2.737,2.103,1.719,2.658,1.878,1.265,0.229,0.384,7.6,0.78,1.28,0
1974,8,3.81,3.554,3.368,2.737,2.743,2.118,1.811,2.682,1.743,1.25,0.186,0.308,7.44,0.69,1.402,0
1974,9,3.749,3.533,3.411,2.783,2.792,2.173,1.932,2.732,1.601,1.237,0.122,0.241,7.43,0.89,1.737,0
1974,10,3.749,3.53,3.395,2.752,2.765,2.134,1.832,2.681,1.698,1.262,0.134,0.302,7.35,0.86,1.554,0
1974,11,3.871,3.572,3.368,2.731,2.743,2.121,1.728,2.65,1.844,1.247,0.204,0.393,7.42,0.77,1.402,0
1974,12,4.054,3.597,3.359,2.701,2.716,2.073,1.658,2.628,1.939,1.286,0.238,0.415,7.62,0.64,1.25,0
1975,1,3.84,3.551,3.322,2.661,2.673,2.024,1.673,2.612,1.878,1.298,0.229,0.351,7.42,0.73,1.311,0
1975,2,3.78,3.545,3.35,2.722,2.728,2.106,1.829,2.688,1.716,1.244,0.195,0.277,7.61,0.68,1.372,0
1975,3,3.749,3.517,3.368,2.719,2.743,2.121,1.847,2.682,1.67,1.247,0.149,0.274,7.54,0.54,1.494,0
1975,4,3.81,3.441,3.307,2.685,2.697,2.085,1.759,2.6,1.682,1.222,0.134,0.326,7.45,0.62,1.311,0
1975,5,3.749,3.429,3.252,2.618,2.633,2.018,1.646,2.536,1.783,1.234,0.177,0.372,7.54,0.85,1.341,0
1975,6,3.78,3.545,3.325,2.682,2.713,2.097,1.719,2.633,1.826,1.228,0.219,0.378,7.38,0.79,1.372,0
1975,7,3.749,3.566,3.328,2.704,2.713,2.1,1.765,2.664,1.801,1.228,0.238,0.335,7.38,0.73,1.311,0
1975,8,3.81,3.557,3.356,2.722,2.728,2.103,1.801,2.679,1.756,1.253,0.201,0.302,7.47,0.76,1.372,0
1975,9,3.78,3.514,3.377,2.737,2.74,2.106,1.853,2.682,1.661,1.271,0.137,0.253,7.43,0.74,1.615,0
1975,10,3.871,3.466,3.347,2.694,2.691,2.039,1.777,2.621,1.689,1.308,0.119,0.262,7.47,0.8,1.524,0
1975,11,3.871,3.502,3.304,2.64,2.655,2.003,1.649,2.576,1.853,1.301,0.198,0.354,7.47,0.86,1.25,0
1975,12,3.81,3.53,3.292,2.633,2.646,2.003,1.603,2.566,1.926,1.289,0.238,0.399,7.44,0.75,1.219,0
1976,1,3.81,3.578,3.347,2.673,2.688,2.027,1.664,2.621,1.914,1.32,0.232,0.363,7.4,0.75,1.311,0
1976,2,3.719,3.551,3.365,2.713,2.719,2.073,1.817,2.682,1.734,1.292,0.186,0.256,7.45,0.81,1.494,0
1976,3,3.749,3.389,3.264,2.615,2.621,1.975,1.765,2.579,1.625,1.289,0.125,0.21,7.42,0.78,1.463,0
1976,4,3.78,3.435,3.292,2.643,2.652,2.015,1.725,2.579,1.71,1.277,0.143,0.29,7.53,0.91,1.25,0
1976,5,3.901,3.496,3.307,2.649,2.664,2.024,1.658,2.579,1.838,1.283,0.189,0.366,7.5,0.87,1.25,0
1976,6,3.84,3.551,3.331,2.667,2.685,2.039,1.67,2.609,1.881,1.292,0.219,0.369,7.49,0.89,1.219,0
1976,7,3.81,3.682,3.469,2.801,2.813,2.158,1.838,2.761,1.844,1.311,0.213,0.32,7.39,0.79,1.463,0
1976,8,3.81,3.642,3.453,2.792,2.798,2.143,1.896,2.768,1.747,1.311,0.189,0.247,7.43,0.8,1.524,0
1976,9,3.871,3.606,3.469,2.807,2.816,2.167,1.929,2.768,1.676,1.301,0.137,0.238,7.44,0.78,1.737,0
1976,10,3.962,3.533,3.426,2.774,2.783,2.14,1.865,2.701,1.667,1.286,0.107,0.274,7.55,0.85,1.341,0
1976,11,3.993,3.615,3.435,2.765,2.774,2.115,1.795,2.707,1.82,1.32,0.18,0.32,7.48,0.81,1.341,0
1976,12,3.993,3.667,3.444,2.786,2.801,2.158,1.801,2.734,1.865,1.286,0.223,0.357,7.54,0.91,1.25,0
1977,1,3.901,3.636,3.405,2.746,2.755,2.106,1.765,2.701,1.871,1.298,0.232,0.341,7.38,0.88,1.311,1
1977,2,3.78,3.49,3.301,2.646,2.649,1.996,1.722,2.606,1.768,1.305,0.189,0.274,7.38,0.78,1.433,0
1977,3,3.597,3.319,3.197,2.548,2.551,1.905,1.664,2.49,1.655,1.292,0.122,0.241,7.46,0.77,1.463,0
1977,4,3.566,3.322,3.203,2.545,2.551,1.902,1.643,2.481,1.679,1.301,0.119,0.259,7.51,0.86,1.341,0
1977,5,3.81,3.45,3.261,2.591,2.597,1.935,1.597,2.524,1.853,1.326,0.189,0.338,7.47,0.9,1.189,0
1977,6,3.932,3.566,3.344,2.658,2.676,2.009,1.628,2.597,1.939,1.335,0.223,0.381,7.53,0.9,1.097,0
1977,7,3.84,3.575,3.353,2.673,2.688,2.021,1.673,2.624,1.902,1.332,0.223,0.347,7.63,0.99,1.28,0
1977,8,3.749,3.56,3.395,2.734,2.743,2.088,1.832,2.694,1.728,1.308,0.165,0.256,7.46,0.86,1.554,1
1977,9,3.719,3.539,3.423,2.771,2.78,2.137,1.923,2.731,1.615,1.286,0.116,0.213,7.45,0.83,1.768,1
1977,10,3.749,3.499,3.386,2.728,2.737,2.088,1.814,2.655,1.686,1.298,0.113,0.274,7.41,0.73,1.524,0
1977,11,3.901,3.533,3.371,2.707,2.719,2.067,1.728,2.63,1.804,1.305,0.162,0.338,7.44,0.78,1.28,0
1977,12,3.962,3.633,3.429,2.758,2.777,2.124,1.768,2.701,1.865,1.305,0.204,0.357,7.4,0.73,1.219,0
1978,1,4.237,3.728,3.514,2.886,2.896,2.274,1.981,2.853,1.747,1.241,0.213,0.293,7.57,0.68,1.463,1
1978,2,4.206,3.642,3.447,2.816,2.825,2.204,1.948,2.795,1.695,1.244,0.195,0.256,7.59,0.77,1.676,1
1978,3,4.054,3.597,3.478,2.825,2.853,2.231,1.999,2.798,1.597,1.247,0.119,0.232,7.53,0.72,1.707,0
1978,4,3.871,3.505,3.402,2.752,2.761,2.124,1.862,2.682,1.643,1.277,0.104,0.262,7.58,0.71,1.585,0
1978,5,3.81,3.487,3.322,2.682,2.694,2.067,1.753,2.621,1.734,1.256,0.165,0.314,7.52,0.72,1.28,0
1978,6,3.828,3.478,3.271,2.624,2.637,2.003,1.646,2.563,1.832,1.268,0.207,0.357,7.45,0.83,1.219,0
1978,7,3.932,3.563,3.347,2.694,2.707,2.07,1.722,2.643,1.841,1.277,0.216,0.347,7.46,0.87,1.311,0
1978,8,3.871,3.563,3.395,2.743,2.752,2.112,1.832,2.697,1.731,1.283,0.168,0.28,7.61,0.95,1.433,0
1978,9,3.719,3.493,3.383,2.74,2.746,2.109,1.89,2.691,1.603,1.274,0.11,0.219,7.53,0.88,1.646,0
1978,10,3.7,3.508,3.408,2.758,2.768,2.128,1.89,2.697,1.618,1.28,0.101,0.238,7.45,0.81,1.707,0
1978,11,3.78,3.569,3.399,2.737,2.749,2.103,1.774,2.67,1.795,1.295,0.171,0.329,7.46,0.85,1.372,0
1978,12,3.962,3.578,3.359,2.682,2.697,2.036,1.646,2.612,1.932,1.323,0.219,0.39,7.42,0.79,1.28,0
1979,1,3.932,3.685,3.472,2.801,2.813,2.155,1.817,2.749,1.868,1.317,0.213,0.338,7.49,0.82,1.274,0
1979,2,3.792,3.575,3.392,2.752,2.755,2.121,1.865,2.719,1.71,1.271,0.183,0.256,7.52,0.84,1.494,0
1979,3,3.917,3.499,3.371,2.737,2.743,2.112,1.896,2.697,1.603,1.259,0.128,0.216,7.6,0.83,1.618,0
1979,4,3.658,3.38,3.271,2.633,2.643,2.018,1.743,2.563,1.637,1.253,0.11,0.274,7.46,0.77,1.463,1
1979,5,3.719,3.453,3.31,2.673,2.682,2.054,1.725,2.591,1.728,1.256,0.143,0.329,7.46,0.86,1.463,1
1979,6,3.798,3.514,3.31,2.664,2.673,2.036,1.676,2.597,1.838,1.274,0.204,0.36,7.44,0.83,1.387,0
1979,7,3.819,3.554,3.344,2.697,2.707,2.067,1.75,2.652,1.804,1.277,0.21,0.317,7.42,0.83,1.271,0
1979,8,3.853,3.557,3.362,2.725,2.725,2.091,1.82,2.688,1.737,1.271,0.195,0.271,7.43,0.83,1.366,0
1979,9,3.728,3.53,3.395,2.749,2.755,2.115,1.878,2.704,1.652,1.28,0.134,0.238,7.49,0.84,1.503,0
1979,10,3.703,3.496,3.408,2.749,2.758,2.109,1.859,2.679,1.637,1.298,0.088,0.25,7.49,0.88,1.661,0
1979,11,3.865,3.523,3.365,2.701,2.71,2.057,1.756,2.64,1.768,1.308,0.162,0.302,7.45,0.86,1.411,0
1979,12,3.993,3.656,3.428,2.763,2.774,2.119,1.751,2.704,1.905,1.309,0.228,0.368,7.49,0.81,1.35,0
1980,1,3.984,3.712,3.49,2.853,2.874,2.262,1.902,2.807,1.811,1.231,0.223,0.36,7.61,0.7,1.524,0
1980,2,4.194,3.694,3.523,2.914,2.929,2.335,2.06,2.877,1.634,1.189,0.171,0.274,7.59,0.75,1.707,0
1980,3,3.737,3.463,3.362,2.768,2.783,2.204,1.996,2.731,1.466,1.161,0.098,0.204,7.59,0.72,1.53,0
1980,4,3.676,3.408,3.295,2.658,2.667,2.042,1.789,2.6,1.618,1.253,0.113,0.253,7.51,0.68,1.433,0
1980,5,3.813,3.484,3.316,2.676,2.688,2.06,1.716,2.6,1.768,1.256,0.168,0.344,7.45,0.71,1.304,0
1980,6,3.801,3.551,3.347,2.697,2.713,2.082,1.698,2.624,1.853,1.265,0.207,0.384,7.46,0.8,1.384,0
1980,7,3.862,3.581,3.377,2.716,2.731,2.085,1.728,2.655,1.853,1.295,0.201,0.354,7.37,0.79,1.381,0
1980,8,3.81,3.621,3.444,2.786,2.795,2.146,1.884,2.752,1.737,1.298,0.177,0.262,7.48,0.89,1.554,0
1980,9,3.746,3.554,3.423,2.774,2.783,2.143,1.896,2.725,1.658,1.28,0.128,0.247,7.5,0.86,1.682,0
1980,10,3.825,3.478,3.386,2.737,2.752,2.118,1.832,2.655,1.646,1.268,0.091,0.287,7.47,0.82,1.469,0
1980,11,3.92,3.493,3.341,2.682,2.697,2.057,1.722,2.606,1.771,1.286,0.152,0.335,7.45,0.85,1.244,0
1980,12,3.932,3.6,3.392,2.746,2.758,2.128,1.774,2.685,1.826,1.265,0.207,0.354,7.48,0.86,1.277,0
1981,1,4.014,3.655,3.435,2.786,2.804,2.17,1.798,2.725,1.856,1.265,0.219,0.372,7.52,0.87,1.487,0
1981,2,3.697,3.542,3.359,2.716,2.722,2.088,1.789,2.664,1.753,1.274,0.18,0.299,7.38,0.72,1.436,0
1981,3,3.773,3.472,3.344,2.71,2.722,2.103,1.832,2.652,1.64,1.241,0.128,0.271,7.5,0.8,1.554,0
1981,4,3.639,3.386,3.289,2.646,2.655,2.021,1.722,2.554,1.664,1.268,0.098,0.299,7.41,0.78,1.475,0
1981,5,3.859,3.502,3.328,2.667,2.679,2.03,1.695,2.6,1.804,1.298,0.171,0.335,7.44,0.83,1.225,0
1981,6,3.929,3.548,3.325,2.661,2.679,2.033,1.631,2.591,1.914,1.292,0.223,0.399,7.46,0.87,1.247,0
1981,7,3.923,3.633,3.405,2.737,2.752,2.1,1.71,2.67,1.923,1.305,0.229,0.39,7.52,0.89,1.295,0
1981,8,3.74,3.548,3.365,2.716,2.725,2.085,1.774,2.661,1.774,1.28,0.186,0.311,7.52,0.86,1.463,0
1981,9,3.621,3.493,3.365,2.722,2.731,2.097,1.859,2.676,1.631,1.265,0.128,0.238,7.44,0.83,1.637,0
1981,10,3.725,3.493,3.386,2.74,2.755,2.128,1.841,2.667,1.652,1.259,0.107,0.287,7.42,0.79,1.536,0
1981,11,4.081,3.594,3.432,2.78,2.801,2.17,1.804,2.697,1.792,1.262,0.165,0.366,7.41,0.76,1.481,0
1981,12,4.081,3.597,3.389,2.765,2.786,2.179,1.774,2.685,1.823,1.21,0.207,0.405,7.51,0.66,1.311,0
1982,1,4.014,3.609,3.389,2.777,2.798,2.21,1.853,2.731,1.753,1.177,0.219,0.357,7.54,0.63,1.381,0
1982,2,3.874,3.572,3.38,2.758,2.774,2.167,1.856,2.713,1.716,1.213,0.192,0.314,7.7,0.79,1.387,0
1982,3,3.85,3.591,3.444,2.828,2.846,2.248,1.986,2.788,1.605,1.196,0.147,0.262,7.59,0.67,1.579,0
1982,4,3.807,3.493,3.38,2.777,2.801,2.222,1.914,2.704,1.576,1.158,0.11,0.308,7.7,0.69,1.533,0
1982,5,3.981,3.545,3.389,2.761,2.783,2.176,1.832,2.688,1.713,1.216,0.155,0.344,7.56,0.71,1.43,0
1982,6,4.02,3.606,3.402,2.765,2.786,2.17,1.786,2.697,1.82,1.231,0.207,0.384,7.54,0.86,1.335,0
1982,7,3.993,3.615,3.392,2.758,2.777,2.161,1.771,2.691,1.844,1.228,0.223,0.393,7.63,0.94,1.286,0
1982,8,3.92,3.615,3.426,2.789,2.804,2.182,1.832,2.722,1.783,1.244,0.189,0.351,7.51,0.9,1.442,0
1982,9,3.901,3.639,3.508,2.874,2.89,2.271,1.987,2.813,1.652,1.237,0.131,0.283,7.47,0.82,1.746,0
1982,10,3.77,3.578,3.484,2.844,2.856,2.225,1.951,2.765,1.628,1.259,0.094,0.274,7.47,0.8,1.744,0
1982,11,4.252,3.758,3.606,2.957,2.978,2.35,1.984,2.871,1.777,1.253,0.155,0.366,7.46,0.75,1.646,0
1982,12,4.158,3.773,3.551,2.896,2.926,2.298,1.856,2.816,1.917,1.256,0.223,0.442,7.57,0.66,1.353,0
1983,1,4.462,3.868,3.639,2.984,3.011,2.384,1.981,2.923,1.89,1.256,0.232,0.405,7.55,0.65,1.454,0
1983,2,4.218,3.825,3.621,3.036,3.063,2.502,2.201,3.014,1.628,1.119,0.204,0.305,7.61,0.79,1.701,0
1983,3,4.176,3.722,3.581,3.011,3.039,2.496,2.243,2.981,1.478,1.082,0.14,0.253,7.56,0.87,1.728,0
1983,4,3.904,3.581,3.453,2.862,2.886,2.32,2.012,2.795,1.57,1.134,0.128,0.308,7.5,0.6,1.804,0
1983,5,3.837,3.591,3.423,2.825,2.856,2.289,1.911,2.749,1.679,1.134,0.168,0.378,7.5,0.62,1.445,0
1983,6,3.972,3.676,3.472,2.853,2.886,2.301,1.881,2.78,1.792,1.17,0.204,0.418,7.47,0.61,1.442,0
1983,7,4.06,3.728,3.505,2.886,2.911,2.316,1.932,2.829,1.795,1.189,0.219,0.387,7.69,0.82,1.402,0
1983,8,4.112,3.74,3.527,2.905,2.92,2.313,1.984,2.862,1.756,1.213,0.213,0.329,7.69,0.91,1.527,0
1983,9,4.1,3.767,3.612,2.984,2.999,2.387,2.07,2.92,1.698,1.228,0.155,0.314,7.5,0.66,1.704,0
1983,10,3.944,3.652,3.536,2.902,2.914,2.295,1.972,2.813,1.679,1.241,0.116,0.323,7.62,0.86,1.753,0
1983,11,3.959,3.712,3.536,2.886,2.911,2.283,1.932,2.822,1.777,1.25,0.177,0.351,7.51,0.7,1.551,0
1983,12,4.459,3.758,3.508,2.88,2.911,2.316,1.893,2.825,1.865,1.192,0.25,0.427,7.6,0.67,1.414,0
1984,1,3.987,3.673,3.444,2.825,2.856,2.271,1.859,2.765,1.817,1.173,0.232,0.415,7.65,0.73,1.356,0
1984,2,3.898,3.569,3.371,2.749,2.765,2.155,1.807,2.688,1.762,1.216,0.198,0.347,7.57,0.7,1.289,0
1984,3,3.828,3.487,3.353,2.728,2.74,2.131,1.847,2.667,1.64,1.222,0.134,0.283,7.5,0.69,1.527,0
1984,4,3.749,3.402,3.264,2.633,2.646,2.03,1.719,2.56,1.682,1.234,0.137,0.311,7.47,0.76,1.487,0
1984,5,3.789,3.496,3.304,2.658,2.682,2.063,1.649,2.573,1.847,1.244,0.192,0.415,7.44,0.8,1.298,0
1984,6,3.877,3.63,3.395,2.743,2.771,2.146,1.692,2.661,1.939,1.253,0.235,0.454,7.44,0.83,1.347,0
1984,7,3.935,3.728,3.496,2.838,2.859,2.225,1.798,2.765,1.929,1.271,0.232,0.424,7.45,0.79,1.42,0
1984,8,3.953,3.682,3.484,2.838,2.85,2.216,1.89,2.786,1.792,1.268,0.198,0.323,7.44,0.81,1.551,0
1984,9,3.847,3.679,3.52,2.886,2.899,2.28,1.972,2.825,1.707,1.241,0.162,0.308,7.48,0.76,1.716,0
1984,10,3.923,3.514,3.392,2.761,2.78,2.164,1.814,2.664,1.701,1.231,0.122,0.351,7.48,0.8,1.484,0
1984,11,4.051,3.624,3.456,2.813,2.835,2.213,1.817,2.722,1.807,1.241,0.171,0.396,7.44,0.82,1.402,0
1984,12,3.968,3.648,3.417,2.795,2.816,2.213,1.789,2.719,1.859,1.204,0.232,0.424,7.57,0.79,1.289,0
1985,1,4.017,3.627,3.38,2.755,2.774,2.167,1.753,2.688,1.875,1.213,0.247,0.415,7.53,0.81,1.378,0
1985,2,3.749,3.536,3.331,2.691,2.716,2.1,1.716,2.624,1.82,1.231,0.204,0.384,7.42,0.73,1.302,0
1985,3,3.746,3.426,3.283,2.652,2.667,2.048,1.716,2.569,1.713,1.234,0.143,0.332,7.46,0.8,1.411,0
1985,4,3.761,3.432,3.307,2.661,2.679,2.054,1.686,2.557,1.747,1.253,0.125,0.369,7.45,0.8,1.487,0
1985,5,3.825,3.478,3.289,2.633,2.655,2.021,1.625,2.551,1.85,1.268,0.189,0.396,7.48,0.84,1.25,0
1985,6,3.892,3.624,3.383,2.725,2.752,2.121,1.661,2.643,1.963,1.262,0.241,0.46,7.5,0.86,1.201,0
1985,7,3.904,3.648,3.399,2.743,2.771,2.143,1.686,2.667,1.963,1.259,0.25,0.457,7.49,0.84,1.241,0
1985,8,3.789,3.581,3.377,2.737,2.752,2.124,1.75,2.667,1.832,1.253,0.204,0.375,7.62,0.97,1.417,0
1985,9,3.828,3.581,3.441,2.801,2.816,2.192,1.899,2.74,1.682,1.25,0.14,0.29,7.58,1.01,1.588,0
1985,10,3.895,3.527,3.383,2.752,2.774,2.161,1.817,2.67,1.71,1.222,0.14,0.344,7.46,0.84,1.53,0
1985,11,3.975,3.569,3.38,2.737,2.765,2.149,1.716,2.643,1.856,1.231,0.189,0.436,7.58,0.89,1.237,0
1985,12,3.962,3.606,3.377,2.734,2.761,2.146,1.676,2.643,1.929,1.231,0.229,0.469,7.59,0.9,1.125,0
1986,1,3.959,3.664,3.426,2.777,2.801,2.176,1.762,2.713,1.902,1.25,0.238,0.415,7.51,0.88,1.195,0
1986,2,3.904,3.712,3.499,2.911,2.932,2.365,2.012,2.862,1.701,1.134,0.216,0.354,7.65,0.89,1.387,0
1986,3,3.923,3.615,3.444,2.859,2.89,2.335,2.006,2.81,1.606,1.106,0.171,0.329,7.6,0.71,1.682,0
1986,4,3.786,3.478,3.341,2.716,2.746,2.152,1.78,2.627,1.698,1.189,0.137,0.372,7.57,0.69,1.314,0
1986,5,3.938,3.511,3.338,2.691,2.716,2.094,1.676,2.594,1.835,1.241,0.174,0.421,7.52,0.79,1.198,0
1986,6,3.99,3.584,3.35,2.707,2.734,2.118,1.676,2.63,1.905,1.231,0.235,0.442,7.5,0.84,1.17,0
1986,7,3.993,3.652,3.408,2.774,2.798,2.188,1.756,2.704,1.899,1.219,0.244,0.436,7.62,0.95,1.256,0
1986,8,3.901,3.636,3.426,2.789,2.813,2.198,1.811,2.725,1.826,1.228,0.21,0.387,7.57,0.94,1.372,0
1986,9,3.719,3.594,3.441,2.807,2.829,2.213,1.884,2.74,1.71,1.228,0.152,0.329,7.56,0.89,1.576,0
1986,10,3.795,3.554,3.432,2.792,2.813,2.195,1.871,2.713,1.682,1.237,0.122,0.323,7.49,0.9,1.679,0
1986,11,3.984,3.621,3.423,2.774,2.798,2.173,1.756,2.688,1.865,1.253,0.195,0.418,7.53,0.87,1.396,0
1986,12,4.093,3.74,3.493,2.813,2.847,2.201,1.722,2.731,2.018,1.289,0.247,0.479,7.54,0.88,1.213,0
1987,1,4.023,3.642,3.386,2.719,2.743,2.1,1.646,2.643,1.996,1.286,0.256,0.454,7.47,0.78,1.21,0
1987,2,3.901,3.624,3.411,2.771,2.789,2.167,1.807,2.716,1.817,1.244,0.213,0.36,7.57,0.88,1.384,0
1987,3,3.804,3.514,3.362,2.722,2.734,2.109,1.807,2.661,1.707,1.25,0.155,0.302,7.56,0.81,1.436,0
1987,4,3.716,3.435,3.28,2.643,2.667,2.054,1.676,2.554,1.759,1.225,0.155,0.375,7.55,0.84,1.426,0
1987,5,4.017,3.6,3.399,2.749,2.783,2.17,1.722,2.661,1.878,1.228,0.201,0.448,7.64,1.04,1.466,0
1987,6,3.956,3.594,3.362,2.716,2.746,2.131,1.658,2.627,1.932,1.231,0.232,0.469,7.58,0.94,1.228,0
1987,7,4.06,3.658,3.423,2.777,2.798,2.176,1.762,2.71,1.896,1.247,0.235,0.415,7.51,0.86,1.271,0
1987,8,4.051,3.688,3.463,2.829,2.844,2.222,1.881,2.783,1.807,1.241,0.226,0.341,7.6,0.9,1.426,0
1987,9,3.88,3.621,3.444,2.801,2.825,2.204,1.859,2.74,1.762,1.237,0.177,0.347,7.57,0.9,1.509,0
1987,10,3.831,3.591,3.447,2.801,2.825,2.204,1.835,2.713,1.753,1.244,0.143,0.366,7.54,0.89,1.564,0
1987,11,3.932,3.648,3.453,2.795,2.819,2.185,1.792,2.722,1.856,1.268,0.195,0.393,7.51,0.86,1.396,0
1987,12,4.072,3.709,3.444,2.783,2.813,2.179,1.713,2.713,1.996,1.268,0.265,0.463,7.59,0.92,1.161,0
1988,1,4.221,3.648,3.386,2.731,2.761,2.137,1.686,2.667,1.963,1.25,0.262,0.451,7.59,0.89,1.073,0
1988,2,3.917,3.609,3.399,2.755,2.777,2.158,1.792,2.701,1.817,1.241,0.21,0.366,7.55,0.85,1.344,0
1988,3,3.758,3.481,3.335,2.694,2.716,2.097,1.78,2.63,1.701,1.237,0.146,0.314,7.58,0.94,1.527,0
1988,4,3.816,3.511,3.353,2.713,2.734,2.115,1.774,2.643,1.737,1.237,0.158,0.341,7.56,0.95,1.448,0
1988,5,3.77,3.517,3.301,2.649,2.679,2.057,1.615,2.566,1.902,1.244,0.216,0.442,7.64,0.97,1.332,0
1988,6,3.822,3.536,3.283,2.624,2.658,2.033,1.561,2.548,1.975,1.25,0.25,0.472,7.64,1.02,1.173,0
1988,7,3.908,3.627,3.377,2.71,2.737,2.097,1.658,2.643,1.969,1.28,0.25,0.439,7.57,0.92,1.25,0
1988,8,3.822,3.597,3.399,2.734,2.755,2.115,1.789,2.691,1.807,1.283,0.198,0.326,7.54,0.77,1.42,0
1988,9,3.731,3.563,3.392,2.752,2.768,2.14,1.817,2.688,1.75,1.253,0.171,0.323,7.59,0.93,1.539,0
1988,10,3.892,3.52,3.38,2.74,2.765,2.146,1.771,2.646,1.753,1.234,0.14,0.375,7.52,0.87,1.451,0
1988,11,3.965,3.514,3.325,2.676,2.704,2.085,1.658,2.588,1.856,1.241,0.189,0.427,7.53,0.86,1.317,0
1988,12,3.968,3.56,3.313,2.67,2.701,2.085,1.652,2.606,1.908,1.225,0.247,0.433,7.57,0.92,1.286,0
1989,1,3.825,3.523,3.264,2.624,2.646,2.027,1.618,2.573,1.905,1.237,0.262,0.408,7.51,0.84,1.125,0
1989,2,3.798,3.511,3.292,2.64,2.664,2.036,1.658,2.585,1.853,1.256,0.219,0.378,7.47,0.79,1.25,0
1989,3,3.853,3.502,3.335,2.701,2.719,2.103,1.765,2.633,1.74,1.231,0.168,0.341,7.53,0.81,1.362,0
1989,4,3.856,3.466,3.328,2.682,2.707,2.082,1.701,2.585,1.765,1.244,0.14,0.381,7.51,0.82,1.472,0
1989,5,3.923,3.548,3.335,2.679,2.704,2.076,1.667,2.609,1.884,1.259,0.216,0.408,7.51,0.88,1.338,0
1989,6,3.978,3.636,3.383,2.728,2.755,2.128,1.661,2.649,1.975,1.256,0.253,0.466,7.6,0.92,1.289,0
1989,7,3.865,3.648,3.399,2.746,2.771,2.143,1.695,2.673,1.954,1.256,0.25,0.448,7.65,1.05,1.301,0
1989,8,3.865,3.642,3.444,2.807,2.819,2.198,1.841,2.74,1.801,1.247,0.198,0.357,7.54,0.89,1.475,0
1989,9,3.904,3.6,3.45,2.816,2.832,2.213,1.926,2.765,1.673,1.237,0.149,0.287,7.59,0.91,1.701,0
1989,10,3.901,3.557,3.399,2.758,2.783,2.167,1.817,2.685,1.74,1.231,0.158,0.351,7.49,0.85,1.411,0
1989,11,3.987,3.612,3.408,2.758,2.786,2.164,1.734,2.673,1.881,1.244,0.204,0.433,7.61,0.97,1.256,0
1989,12,4.033,3.679,3.441,2.789,2.819,2.198,1.734,2.707,1.948,1.244,0.241,0.463,7.51,0.84,1.283,0
1990,1,4.008,3.648,3.408,2.755,2.774,2.14,1.743,2.694,1.905,1.268,0.241,0.399,7.42,0.74,1.268,0
1990,2,3.728,3.563,3.347,2.701,2.719,2.088,1.762,2.661,1.804,1.259,0.216,0.329,7.63,0.93,1.289,0
1990,3,3.798,3.493,3.316,2.67,2.688,2.063,1.728,2.612,1.762,1.253,0.174,0.332,7.44,0.78,1.527,0
1990,4,3.853,3.52,3.371,2.719,2.743,2.118,1.737,2.63,1.786,1.253,0.152,0.381,7.44,0.82,1.241,0
1990,5,3.914,3.551,3.368,2.713,2.734,2.1,1.689,2.618,1.865,1.268,0.183,0.411,7.57,0.98,1.167,0
1990,6,4.069,3.612,3.368,2.716,2.74,2.112,1.689,2.649,1.923,1.259,0.241,0.424,7.44,0.8,1.259,0
1990,7,3.984,3.67,3.423,2.789,2.81,2.198,1.798,2.734,1.871,1.225,0.247,0.396,7.69,1.01,1.396,0
1990,8,3.834,3.652,3.444,2.816,2.838,2.231,1.884,2.768,1.768,1.21,0.21,0.347,7.6,0.91,1.53,0
1990,9,3.795,3.609,3.456,2.822,2.844,2.228,1.923,2.765,1.686,1.228,0.152,0.308,7.49,0.83,1.689,0
1990,10,3.923,3.56,3.423,2.774,2.795,2.167,1.856,2.707,1.704,1.256,0.137,0.311,7.5,0.83,1.609,0
1990,11,3.908,3.591,3.386,2.725,2.749,2.109,1.701,2.646,1.89,1.277,0.204,0.408,7.52,0.83,1.292,0
1990,12,3.926,3.652,3.399,2.719,2.746,2.097,1.634,2.643,2.021,1.305,0.253,0.463,7.52,0.87,1.116,0
1991,1,3.944,3.63,3.38,2.707,2.728,2.076,1.664,2.646,1.969,1.305,0.253,0.411,7.55,0.87,1.192,0
1991,2,3.929,3.606,3.392,2.755,2.771,2.146,1.829,2.716,1.777,1.247,0.21,0.317,7.63,0.95,1.494,0
1991,3,3.868,3.563,3.411,2.758,2.777,2.143,1.871,2.719,1.692,1.268,0.152,0.268,7.55,0.88,1.667,0
1991,4,3.719,3.405,3.24,2.597,2.618,1.999,1.649,2.527,1.753,1.241,0.165,0.347,7.54,0.86,1.372,0
1991,5,3.776,3.45,3.249,2.609,2.633,2.018,1.594,2.521,1.859,1.231,0.204,0.427,7.61,0.93,1.18,0
1991,6,3.996,3.603,3.368,2.713,2.74,2.115,1.679,2.64,1.923,1.253,0.238,0.436,7.55,0.92,1.21,0
1991,7,3.981,3.648,3.42,2.771,2.789,2.161,1.783,2.716,1.865,1.259,0.226,0.378,7.58,0.92,1.268,0
1991,8,3.962,3.636,3.417,2.774,2.786,2.155,1.853,2.743,1.783,1.262,0.216,0.302,7.59,0.91,1.445,0
1991,9,3.807,3.627,3.456,2.81,2.825,2.195,1.89,2.758,1.737,1.262,0.171,0.305,7.57,0.87,1.615,0
1991,10,3.908,3.603,3.466,2.819,2.838,2.213,1.865,2.734,1.74,1.253,0.14,0.351,7.54,0.9,1.503,0
1991,11,3.904,3.603,3.402,2.74,2.761,2.121,1.753,2.676,1.853,1.277,0.204,0.372,7.48,0.87,1.301,0
1991,12,3.978,3.712,3.459,2.798,2.816,2.173,1.759,2.734,1.951,1.286,0.25,0.415,7.54,0.87,1.231,0
1992,1,4.042,3.719,3.475,2.81,2.835,2.195,1.804,2.761,1.914,1.28,0.244,0.39,7.54,0.87,1.347,0
1992,2,4.097,3.789,3.584,2.938,2.957,2.332,2.027,2.908,1.762,1.253,0.204,0.305,7.5,0.79,1.573,0
1992,3,3.975,3.694,3.557,2.917,2.932,2.304,2.039,2.865,1.655,1.25,0.137,0.265,7.57,0.93,1.756,0
1992,4,3.795,3.557,3.405,2.765,2.78,2.155,1.853,2.707,1.704,1.25,0.152,0.302,7.58,0.94,1.49,0
1992,5,3.947,3.642,3.432,2.777,2.798,2.164,1.777,2.71,1.865,1.268,0.21,0.387,7.62,1.04,1.5,0
1992,6,3.99,3.676,3.435,2.777,2.798,2.161,1.74,2.71,1.935,1.271,0.244,0.421,7.62,0.99,1.393,0
1992,7,3.959,3.709,3.469,2.801,2.819,2.167,1.792,2.752,1.914,1.301,0.238,0.375,7.65,0.99,1.369,0
1992,8,3.844,3.661,3.475,2.819,2.825,2.176,1.911,2.786,1.75,1.298,0.186,0.265,7.68,1.08,1.576,0
1992,9,3.813,3.606,3.453,2.807,2.819,2.185,1.923,2.765,1.682,1.268,0.149,0.265,7.57,0.95,1.692,0
1992,10,3.95,3.618,3.487,2.841,2.859,2.231,1.908,2.765,1.71,1.259,0.131,0.323,7.46,0.82,1.582,0
1992,11,3.965,3.615,3.438,2.786,2.807,2.176,1.804,2.71,1.811,1.262,0.177,0.372,7.47,0.86,1.481,0
1992,12,4.06,3.7,3.466,2.822,2.841,2.219,1.847,2.774,1.853,1.25,0.235,0.369,7.43,0.83,1.375,0
1993,1,4.197,3.78,3.539,2.914,2.935,2.332,1.993,2.886,1.783,1.207,0.241,0.335,7.53,0.83,1.591,0
1993,2,4.103,3.761,3.566,2.923,2.938,2.307,2.03,2.896,1.734,1.259,0.195,0.28,7.47,0.69,1.622,0
1993,3,3.831,3.584,3.441,2.819,2.829,2.216,1.951,2.768,1.634,1.225,0.143,0.265,7.55,0.75,1.573,0
1993,4,3.825,3.49,3.356,2.716,2.734,2.115,1.786,2.64,1.704,1.244,0.134,0.329,7.48,0.67,1.524,0
1993,5,3.853,3.633,3.438,2.783,2.798,2.161,1.807,2.719,1.823,1.28,0.192,0.351,7.49,0.81,1.28,0
1993,6,3.947,3.664,3.432,2.789,2.804,2.179,1.783,2.722,1.881,1.25,0.232,0.396,7.49,0.77,1.454,0
1993,7,3.886,3.712,3.478,2.819,2.838,2.198,1.82,2.765,1.89,1.28,0.235,0.375,7.47,0.87,1.509,0
1993,8,3.795,3.648,3.466,2.813,2.825,2.185,1.89,2.771,1.756,1.28,0.183,0.296,7.47,0.86,1.603,0
1993,9,3.837,3.569,3.447,2.807,2.816,2.188,1.96,2.765,1.609,1.259,0.125,0.229,7.46,0.81,1.737,0
1993,10,3.987,3.6,3.469,2.816,2.835,2.198,1.902,2.752,1.698,1.271,0.131,0.296,7.42,0.82,1.576,0
1993,11,3.99,3.639,3.447,2.789,2.81,2.17,1.798,2.719,1.841,1.277,0.192,0.375,7.45,0.85,1.292,0
1993,12,4.2,3.658,3.426,2.758,2.777,2.128,1.722,2.688,1.935,1.298,0.232,0.405,7.42,0.8,1.344,0
1994,1,3.856,3.618,3.402,2.74,2.752,2.103,1.759,2.688,1.856,1.298,0.216,0.341,7.42,0.79,1.366,0
1994,2,4.033,3.621,3.423,2.777,2.786,2.149,1.881,2.752,1.74,1.274,0.198,0.268,7.51,0.86,1.582,0
1994,3,3.749,3.511,3.359,2.704,2.713,2.07,1.817,2.664,1.695,1.286,0.152,0.253,7.4,0.74,1.463,0
1994,4,3.926,3.466,3.328,2.667,2.682,2.036,1.713,2.588,1.75,1.292,0.137,0.323,7.43,0.8,1.366,0
1994,5,3.929,3.517,3.347,2.685,2.7,2.057,1.689,2.603,1.829,1.289,0.171,0.369,7.42,0.85,1.268,0
1994,6,3.904,3.581,3.359,2.704,2.716,2.076,1.713,2.649,1.868,1.28,0.222,0.363,7.54,0.97,1.25,0
1994,7,3.886,3.639,3.411,2.774,2.789,2.164,1.844,2.74,1.792,1.247,0.229,0.32,7.54,0.93,1.445,0
1994,8,3.807,3.578,3.386,2.749,2.762,2.137,1.856,2.719,1.722,1.247,0.192,0.28,7.54,0.92,1.606,0
1994,9,3.652,3.536,3.408,2.762,2.777,2.143,1.902,2.719,1.634,1.265,0.128,0.241,7.44,0.84,1.71,0
1994,10,3.85,3.53,3.414,2.762,2.774,2.137,1.874,2.7,1.655,1.277,0.116,0.262,7.46,0.89,1.603,0
1994,11,3.996,3.563,3.38,2.716,2.734,2.088,1.744,2.652,1.82,1.292,0.183,0.344,7.52,0.94,1.314,0
1994,12,4.142,3.682,3.447,2.762,2.783,2.121,1.731,2.707,1.951,1.326,0.238,0.387,7.58,0.99,1.366,0
1995,1,4.045,3.837,3.609,2.96,2.978,2.35,1.996,2.917,1.841,1.262,0.226,0.354,7.58,0.74,1.375,0
1995,2,3.883,3.636,3.456,2.853,2.865,2.277,2.027,2.832,1.609,1.183,0.18,0.25,7.66,0.75,1.698,0
1995,3,3.935,3.639,3.508,2.923,2.938,2.368,2.167,2.902,1.472,1.143,0.128,0.201,7.64,0.78,1.926,0
1995,4,3.77,3.478,3.341,2.731,2.752,2.164,1.893,2.685,1.585,1.176,0.137,0.271,7.61,0.81,1.481,0
1995,5,3.938,3.53,3.356,2.749,2.771,2.188,1.838,2.682,1.692,1.164,0.177,0.35,7.73,0.8,1.42,0
1995,6,3.935,3.594,3.377,2.746,2.771,2.161,1.795,2.694,1.798,1.216,0.216,0.369,7.69,0.87,1.271,0
1995,7,3.965,3.642,3.435,2.792,2.807,2.179,1.847,2.743,1.795,1.259,0.207,0.332,7.6,0.79,1.353,0
1995,8,3.975,3.655,3.469,2.819,2.826,2.181,1.938,2.798,1.716,1.286,0.186,0.244,7.61,0.96,1.545,0
1995,9,3.773,3.615,3.478,2.832,2.838,2.201,1.966,2.792,1.649,1.277,0.137,0.235,7.5,0.85,1.661,0
1995,10,3.761,3.551,3.435,2.783,2.795,2.155,1.878,2.713,1.673,1.277,0.116,0.28,7.46,0.81,1.484,0
1995,11,3.886,3.563,3.392,2.728,2.74,2.088,1.756,2.661,1.808,1.304,0.171,0.332,7.5,0.9,1.32,0
1995,12,4.017,3.664,3.435,2.777,2.789,2.14,1.792,2.728,1.874,1.295,0.229,0.35,7.49,0.85,1.311,0
1996,1,3.959,3.605,3.388,2.741,2.756,2.124,1.797,2.701,1.808,1.264,0.217,0.327,7.52,0.85,1.27,0
1996,2,3.996,3.676,3.51,2.895,2.919,2.328,2.085,2.88,1.591,1.182,0.166,0.243,7.49,0.77,1.663,0
1996,3,3.743,3.516,3.404,2.807,2.824,2.244,2.023,2.77,1.493,1.16,0.112,0.221,7.6,0.71,1.729,0
1996,4,3.717,3.428,3.316,2.684,2.7,2.085,1.839,2.634,1.589,1.231,0.112,0.246,7.54,0.75,1.588,0
1996,5,3.875,3.536,3.362,2.722,2.74,2.118,1.799,2.668,1.737,1.244,0.174,0.319,7.52,0.78,1.448,0
1996,6,3.869,3.58,3.365,2.71,2.724,2.082,1.718,2.649,1.862,1.283,0.215,0.364,7.5,0.79,1.372,0
1996,7,3.941,3.67,3.453,2.777,2.79,2.128,1.775,2.722,1.895,1.325,0.217,0.353,7.43,0.82,1.366,0
1996,8,3.8,3.617,3.45,2.782,2.791,2.132,1.878,2.748,1.739,1.318,0.167,0.254,7.43,0.8,1.51,0
1996,9,3.715,3.581,3.459,2.808,2.816,2.173,1.964,2.772,1.617,1.286,0.122,0.209,7.45,0.83,1.775,0
1996,10,3.776,3.512,3.404,2.759,2.771,2.138,1.871,2.692,1.641,1.266,0.108,0.267,7.45,0.83,1.568,0
1996,11,3.894,3.527,3.372,2.72,2.736,2.1,1.766,2.646,1.761,1.272,0.155,0.334,7.49,0.87,1.433,0
1996,12,4.116,3.674,3.466,2.823,2.844,2.222,1.857,2.766,1.817,1.244,0.208,0.365,7.53,0.75,1.404,0
1997,1,3.966,3.716,3.509,2.939,2.97,2.431,2.12,2.918,1.596,1.078,0.207,0.311,7.57,0.8,1.528,0
1997,2,3.879,3.561,3.363,2.754,2.77,2.176,1.905,2.733,1.656,1.187,0.198,0.271,7.57,0.7,1.507,0
1997,3,3.672,3.481,3.359,2.715,2.73,2.102,1.86,2.67,1.621,1.257,0.122,0.242,7.52,0.7,1.498,0
1997,4,3.648,3.411,3.294,2.634,2.648,2.002,1.71,2.56,1.701,1.292,0.117,0.292,7.53,0.84,1.484,0
1997,5,3.769,3.55,3.388,2.727,2.741,2.094,1.772,2.661,1.778,1.294,0.162,0.322,7.53,0.89,1.459,0
1997,6,3.944,3.675,3.462,2.795,2.809,2.156,1.804,2.74,1.871,1.306,0.213,0.352,7.5,0.87,1.414,0
1997,7,3.922,3.699,3.48,2.816,2.83,2.18,1.836,2.768,1.863,1.3,0.219,0.344,7.53,0.89,1.506,0
1997,8,3.99,3.708,3.532,2.872,2.882,2.231,1.957,2.832,1.751,1.301,0.176,0.274,7.5,0.89,1.642,0
1997,9,3.862,3.627,3.514,2.87,2.878,2.242,2.039,2.833,1.588,1.272,0.113,0.203,7.5,0.86,1.695,0
1997,10,3.95,3.645,3.544,2.894,2.904,2.265,2.046,2.846,1.599,1.279,0.101,0.219,7.48,0.89,1.73,0
1997,11,4.167,3.805,3.643,2.978,2.995,2.347,2.023,2.914,1.782,1.296,0.162,0.324,7.53,0.9,1.663,0
1997,12,4.147,3.842,3.625,2.948,2.97,2.314,1.948,2.895,1.894,1.311,0.217,0.366,7.53,0.88,1.575,0
1998,1,4.143,3.857,3.644,2.981,3.0,2.357,2.02,2.938,1.837,1.287,0.213,0.337,7.51,0.79,1.687,0
1998,2,4.376,3.836,3.653,3.082,3.102,2.552,2.291,3.064,1.545,1.101,0.183,0.261,7.58,0.82,1.679,0
1998,3,3.856,3.615,3.49,2.859,2.882,2.275,2.068,2.842,1.547,1.215,0.125,0.207,7.52,0.66,1.717,0
1998,4,3.85,3.52,3.403,2.776,2.798,2.193,1.925,2.722,1.595,1.21,0.117,0.268,7.53,0.66,1.507,0
1998,5,3.903,3.578,3.42,2.787,2.812,2.203,1.875,2.726,1.703,1.217,0.158,0.328,7.54,0.69,1.438,0
1998,6,3.951,3.648,3.452,2.826,2.85,2.247,1.895,2.772,1.753,1.205,0.196,0.352,7.57,0.72,1.515,0
1998,7,3.903,3.641,3.433,2.816,2.832,2.23,1.921,2.781,1.72,1.203,0.208,0.309,7.57,0.76,1.579,0
1998,8,3.866,3.64,3.461,2.841,2.854,2.246,1.977,2.808,1.663,1.215,0.179,0.269,7.52,0.81,1.648,0
1998,9,3.853,3.613,3.495,2.86,2.872,2.249,2.009,2.811,1.604,1.246,0.118,0.24,7.55,0.86,1.792,0
1998,10,3.798,3.49,3.399,2.755,2.764,2.129,1.874,2.682,1.616,1.27,0.091,0.255,7.51,0.88,1.654,0
1998,11,4.048,3.582,3.415,2.751,2.765,2.115,1.801,2.692,1.781,1.3,0.167,0.314,7.51,0.86,1.346,0
1998,12,4.005,3.559,3.341,2.678,2.7,2.059,1.678,2.618,1.881,1.282,0.218,0.381,7.59,0.79,1.312,0
1999,1,3.883,3.614,3.388,2.726,2.74,2.093,1.708,2.661,1.906,1.295,0.226,0.385,7.57,0.86,1.247,0
1999,2,3.683,3.539,3.35,2.732,2.748,2.146,1.841,2.69,1.698,1.204,0.189,0.305,7.63,0.74,1.404,0
1999,3,3.754,3.498,3.386,2.757,2.77,2.155,1.915,2.706,1.583,1.231,0.112,0.24,7.6,0.74,1.554,0
1999,4,3.75,3.422,3.308,2.672,2.684,2.06,1.803,2.612,1.619,1.248,0.114,0.257,7.58,0.77,1.456,0
1999,5,3.794,3.489,3.312,2.667,2.683,2.054,1.705,2.597,1.784,1.258,0.177,0.349,7.55,0.87,1.237,0
1999,6,3.885,3.585,3.375,2.72,2.741,2.107,1.713,2.649,1.872,1.268,0.21,0.394,7.53,0.88,1.213,0
1999,7,4.013,3.632,3.417,2.763,2.78,2.143,1.766,2.699,1.866,1.274,0.215,0.377,7.51,0.9,1.393,0
1999,8,3.906,3.577,3.397,2.751,2.763,2.129,1.845,2.711,1.732,1.268,0.18,0.284,7.49,0.87,1.462,0
1999,9,3.806,3.565,3.427,2.782,2.794,2.16,1.917,2.741,1.648,1.267,0.138,0.243,7.51,0.89,1.707,0
1999,10,3.823,3.491,3.386,2.735,2.752,2.117,1.824,2.658,1.667,1.269,0.105,0.293,7.48,0.87,1.487,0
1999,11,3.809,3.529,3.382,2.718,2.736,2.091,1.743,2.636,1.786,1.291,0.147,0.348,7.48,0.89,1.119,0
1999,12,3.931,3.523,3.311,2.648,2.666,2.02,1.651,2.587,1.872,1.291,0.212,0.369,7.5,0.92,1.122,0
2000,1,3.998,3.584,3.355,2.702,2.718,2.08,1.702,2.643,1.882,1.275,0.229,0.378,7.59,0.94,1.286,0
2000,2,3.993,3.671,3.479,2.85,2.87,2.261,1.949,2.81,1.722,1.218,0.192,0.312,7.6,0.78,1.468,0
2000,3,3.732,3.467,3.337,2.746,2.762,2.188,1.917,2.692,1.55,1.149,0.13,0.271,7.66,0.8,1.518,0
2000,4,3.771,3.428,3.328,2.686,2.706,2.083,1.791,2.61,1.637,1.245,0.1,0.292,7.56,0.88,1.592,0
2000,5,3.773,3.5,3.334,2.686,2.704,2.075,1.74,2.62,1.76,1.259,0.166,0.335,7.56,0.84,1.411,0
2000,6,3.967,3.646,3.429,2.765,2.786,2.144,1.746,2.696,1.9,1.285,0.217,0.398,7.52,0.88,1.294,0
2000,7,4.027,3.662,3.43,2.754,2.769,2.108,1.711,2.686,1.951,1.322,0.232,0.397,7.52,0.92,1.275,0
2000,8,3.941,3.619,3.437,2.771,2.786,2.134,1.81,2.714,1.809,1.303,0.182,0.324,7.51,0.9,1.4,0
2000,9,3.75,3.578,3.45,2.803,2.815,2.18,1.94,2.759,1.638,1.27,0.128,0.24,7.55,0.92,1.707,0
2000,10,3.824,3.543,3.43,2.785,2.8,2.171,1.875,2.709,1.668,1.259,0.113,0.296,7.51,0.91,1.664,0
2000,11,3.77,3.507,3.348,2.701,2.724,2.099,1.725,2.616,1.782,1.249,0.159,0.374,7.53,0.94,1.404,0
2000,12,3.907,3.542,3.341,2.69,2.714,2.086,1.671,2.606,1.871,1.255,0.201,0.415,7.49,0.89,1.231,0
2001,1,4.28,3.614,3.397,2.739,2.758,2.12,1.754,2.684,1.86,1.277,0.217,0.366,7.49,0.86,1.384,0
2001,2,3.859,3.609,3.397,2.74,2.752,2.106,1.782,2.696,1.827,1.291,0.212,0.324,7.54,0.87,1.185,0
2001,3,3.917,3.537,3.396,2.751,2.77,2.144,1.868,2.702,1.669,1.252,0.141,0.276,7.53,0.78,1.554,0
2001,4,3.623,3.415,3.286,2.631,2.65,2.013,1.667,2.541,1.748,1.273,0.129,0.346,7.53,0.9,1.513,0
2001,5,3.804,3.543,3.379,2.721,2.74,2.102,1.725,2.634,1.818,1.277,0.164,0.377,7.5,0.9,1.414,0
2001,6,3.897,3.602,3.378,2.721,2.739,2.1,1.708,2.655,1.894,1.278,0.224,0.392,7.49,0.9,1.334,0
2001,7,3.949,3.664,3.425,2.775,2.796,2.166,1.767,2.716,1.897,1.259,0.239,0.399,7.57,0.97,1.334,0
2001,8,3.895,3.608,3.407,2.762,2.778,2.15,1.791,2.7,1.817,1.257,0.201,0.359,7.58,0.96,1.377,0
2001,9,3.793,3.571,3.435,2.8,2.81,2.186,1.903,2.737,1.668,1.249,0.136,0.283,7.52,0.91,1.557,0
2001,10,3.789,3.526,3.407,2.771,2.786,2.166,1.894,2.71,1.632,1.241,0.119,0.272,7.51,0.91,1.669,0
2001,11,3.898,3.611,3.431,2.784,2.806,2.18,1.811,2.711,1.8,1.251,0.18,0.369,7.49,0.9,1.524,0
2001,12,4.08,3.639,3.406,2.749,2.776,2.145,1.7,2.67,1.939,1.261,0.233,0.445,7.53,0.88,1.314,0
2002,1,3.986,3.626,3.392,2.737,2.76,2.129,1.707,2.666,1.919,1.263,0.234,0.422,7.53,0.75,1.265,0
2002,2,3.867,3.554,3.352,2.708,2.724,2.096,1.76,2.657,1.794,1.256,0.202,0.336,7.53,0.88,1.397,0
2002,3,3.764,3.501,3.358,2.699,2.712,2.067,1.796,2.648,1.705,1.291,0.143,0.271,7.53,0.84,1.507,0
2002,4,3.787,3.457,3.324,2.672,2.692,2.059,1.724,2.59,1.733,1.265,0.133,0.335,7.54,0.88,1.422,0
2002,5,3.858,3.493,3.315,2.662,2.688,2.062,1.65,2.572,1.843,1.253,0.178,0.412,7.59,0.98,1.355,0
2002,6,3.837,3.566,3.352,2.706,2.73,2.107,1.679,2.622,1.887,1.245,0.214,0.428,7.72,1.1,1.349,0
2002,7,3.906,3.643,3.415,2.784,2.803,2.191,1.808,2.726,1.835,1.224,0.228,0.383,7.73,1.13,1.449,0
2002,8,3.874,3.622,3.417,2.799,2.814,2.21,1.883,2.752,1.739,1.207,0.205,0.327,7.76,1.13,1.463,0
2002,9,3.79,3.618,3.464,2.83,2.848,2.231,1.925,2.772,1.693,1.233,0.154,0.306,7.72,1.1,1.544,0
2002,10,3.862,3.552,3.445,2.801,2.822,2.199,1.875,2.714,1.677,1.246,0.107,0.324,7.64,1.03,1.679,0
2002,11,4.055,3.647,3.483,2.826,2.848,2.213,1.846,2.746,1.801,1.27,0.164,0.367,7.52,0.92,1.433,0
2002,12,4.096,3.799,3.563,2.902,2.925,2.287,1.858,2.828,1.941,1.276,0.236,0.429,7.59,0.92,1.337,0
2003,1,3.979,3.696,3.455,2.816,2.846,2.236,1.807,2.752,1.889,1.219,0.241,0.429,7.65,0.81,1.446,0
2003,2,3.9,3.658,3.456,2.824,2.844,2.232,1.865,2.762,1.793,1.224,0.202,0.367,7.57,0.79,1.497,0
2003,3,3.759,3.447,3.311,2.677,2.692,2.074,1.755,2.601,1.692,1.237,0.136,0.319,7.55,0.84,1.506,0
2003,4,3.808,3.481,3.355,2.717,2.736,2.118,1.802,2.642,1.679,1.237,0.126,0.316,7.41,0.73,1.395,0
2003,5,3.84,3.503,3.32,2.696,2.722,2.123,1.719,2.611,1.784,1.197,0.183,0.404,7.48,0.73,1.181,0
2003,6,3.936,3.613,3.386,2.745,2.776,2.167,1.709,2.661,1.904,1.219,0.227,0.458,7.43,0.78,1.191,0
2003,7,3.908,3.644,3.409,2.761,2.79,2.172,1.724,2.684,1.92,1.237,0.235,0.448,7.4,0.81,1.283,0
2003,8,3.866,3.659,3.467,2.825,2.846,2.225,1.878,2.768,1.781,1.242,0.192,0.347,7.41,0.78,1.456,0
2003,9,3.773,3.618,3.456,2.82,2.838,2.22,1.918,2.768,1.7,1.236,0.162,0.302,7.43,0.77,1.629,0
2003,10,3.94,3.581,3.446,2.806,2.833,2.22,1.859,2.72,1.722,1.226,0.135,0.361,7.41,0.75,1.538,0
2003,11,3.983,3.569,3.403,2.759,2.788,2.174,1.762,2.666,1.807,1.229,0.166,0.412,7.43,0.81,1.228,0
2003,12,4.296,3.687,3.47,2.825,2.856,2.241,1.817,2.752,1.87,1.229,0.217,0.424,7.42,0.8,1.406,0
2004,1,3.981,3.68,3.434,2.814,2.836,2.237,1.822,2.751,1.858,1.197,0.246,0.415,7.49,0.76,1.298,0
2004,2,3.93,3.62,3.406,2.792,2.815,2.224,1.855,2.738,1.765,1.182,0.214,0.369,7.46,0.74,1.432,0
2004,3,3.707,3.511,3.363,2.769,2.791,2.219,1.887,2.699,1.624,1.144,0.148,0.332,7.6,0.68,1.615,0
2004,4,3.699,3.436,3.312,2.678,2.704,2.095,1.738,2.587,1.698,1.217,0.124,0.357,7.46,0.76,1.5,0
2004,5,3.916,3.532,3.35,2.704,2.729,2.108,1.716,2.624,1.816,1.242,0.182,0.392,7.43,0.8,1.355,0
2004,6,3.983,3.638,3.397,2.74,2.772,2.147,1.685,2.662,1.953,1.25,0.241,0.462,7.45,0.82,1.179,0
2004,7,4.048,3.696,3.445,2.779,2.804,2.164,1.71,2.703,1.986,1.281,0.251,0.454,7.49,0.82,1.214,0
2004,8,3.969,3.652,3.449,2.797,2.818,2.186,1.811,2.732,1.841,1.263,0.203,0.375,7.45,0.81,1.349,0
2004,9,3.764,3.629,3.482,2.845,2.866,2.25,1.959,2.794,1.67,1.232,0.147,0.291,7.5,0.84,1.658,0
2004,10,3.926,3.573,3.444,2.813,2.838,2.232,1.88,2.726,1.693,1.212,0.129,0.352,7.46,0.82,1.695,0
2004,11,3.938,3.587,3.41,2.778,2.81,2.209,1.782,2.684,1.805,1.201,0.177,0.427,7.46,0.83,1.389,0
2004,12,4.08,3.672,3.458,2.818,2.852,2.247,1.78,2.726,1.892,1.211,0.214,0.467,7.48,0.78,1.252,0
2005,1,4.303,3.73,3.506,2.876,2.9,2.294,1.888,2.809,1.842,1.212,0.224,0.406,7.45,0.75,1.377,0
2005,2,3.946,3.698,3.494,2.853,2.874,2.255,1.901,2.8,1.797,1.239,0.204,0.354,7.52,0.8,1.32,0
2005,3,3.733,3.569,3.417,2.791,2.814,2.21,1.886,2.728,1.683,1.207,0.152,0.324,7.45,0.69,1.497,0
2005,4,3.845,3.495,3.339,2.713,2.74,2.14,1.76,2.628,1.735,1.199,0.156,0.38,7.5,0.72,1.581,0
2005,5,3.912,3.588,3.409,2.773,2.804,2.2,1.773,2.68,1.815,1.209,0.179,0.427,7.48,0.72,1.4,0
2005,6,3.936,3.63,3.385,2.75,2.78,2.175,1.736,2.683,1.894,1.21,0.245,0.439,7.45,0.71,1.23,0
2005,7,4.1,3.728,3.471,2.826,2.856,2.24,1.799,2.764,1.929,1.231,0.257,0.441,7.49,0.84,1.307,0
2005,8,4.007,3.695,3.479,2.838,2.864,2.249,1.856,2.776,1.839,1.23,0.216,0.393,7.52,0.88,1.441,0
2005,9,3.791,3.607,3.451,2.819,2.838,2.226,1.902,2.754,1.705,1.225,0.156,0.324,7.46,0.83,1.549,0
2005,10,3.876,3.567,3.427,2.787,2.81,2.192,1.868,2.718,1.699,1.235,0.14,0.324,7.42,0.81,1.579,0
2005,11,3.829,3.599,3.395,2.751,2.78,2.166,1.749,2.674,1.85,1.229,0.204,0.417,7.44,0.83,1.464,0
2005,12,4.288,3.718,3.462,2.805,2.84,2.217,1.73,2.724,1.988,1.245,0.256,0.487,7.46,0.8,1.192,0
2006,1,4.26,3.693,3.439,2.832,2.866,2.292,1.848,2.77,1.845,1.147,0.254,0.444,7.54,0.64,1.296,0
2006,2,4.082,3.603,3.388,2.776,2.802,2.215,1.857,2.73,1.746,1.173,0.215,0.358,7.58,0.61,1.415,0
2006,3,3.952,3.612,3.447,2.823,2.843,2.239,1.952,2.782,1.66,1.208,0.165,0.287,7.5,0.6,1.601,0
2006,4,3.924,3.663,3.498,2.918,2.948,2.399,2.055,2.859,1.608,1.099,0.165,0.344,7.57,0.62,1.521,0
2006,5,4.006,3.648,3.459,2.835,2.878,2.298,1.857,2.752,1.791,1.161,0.189,0.441,7.52,0.71,1.391,0
2006,6,3.913,3.632,3.406,2.785,2.818,2.231,1.776,2.704,1.856,1.175,0.226,0.455,7.52,0.73,1.417,0
2006,7,3.963,3.69,3.464,2.84,2.866,2.268,1.855,2.772,1.835,1.196,0.226,0.413,7.48,0.79,1.38,0
2006,8,3.974,3.715,3.485,2.865,2.885,2.285,1.941,2.828,1.774,1.2,0.23,0.344,7.49,0.79,1.488,0
2006,9,3.853,3.659,3.491,2.856,2.88,2.27,1.936,2.798,1.723,1.221,0.168,0.334,7.48,0.77,1.529,0
2006,10,3.98,3.618,3.487,2.844,2.87,2.254,1.893,2.756,1.725,1.233,0.131,0.361,7.46,0.82,1.674,0
2006,11,3.926,3.608,3.424,2.769,2.796,2.168,1.772,2.69,1.836,1.256,0.184,0.396,7.45,0.8,1.403,0
2006,12,3.914,3.66,3.402,2.749,2.774,2.147,1.703,2.682,1.957,1.255,0.258,0.444,7.52,0.85,1.35,0
2007,1,3.904,3.615,3.366,2.711,2.744,2.123,1.667,2.641,1.948,1.243,0.249,0.456,7.55,0.82,1.318,0
2007,2,3.83,3.556,3.351,2.715,2.736,2.12,1.747,2.652,1.809,1.231,0.205,0.373,7.48,0.76,1.283,0
2007,3,3.74,3.419,3.276,2.642,2.665,2.054,1.732,2.576,1.687,1.222,0.143,0.322,7.49,0.75,1.489,0
2007,4,3.86,3.419,3.27,2.636,2.66,2.049,1.702,2.56,1.717,1.221,0.149,0.347,7.46,0.79,1.286,0
2007,5,3.84,3.52,3.308,2.669,2.694,2.081,1.663,2.592,1.857,1.227,0.212,0.418,7.5,0.85,1.175,0
2007,6,3.979,3.595,3.348,2.708,2.74,2.133,1.659,2.627,1.936,1.215,0.247,0.474,7.43,0.78,1.342,0
2007,7,3.935,3.662,3.418,2.768,2.798,2.177,1.726,2.694,1.936,1.241,0.244,0.451,7.41,0.74,1.376,0
2007,8,3.848,3.633,3.434,2.792,2.812,2.191,1.852,2.742,1.781,1.243,0.199,0.339,7.45,0.78,1.531,0
2007,9,3.896,3.597,3.425,2.789,2.808,2.192,1.881,2.739,1.716,1.233,0.172,0.311,7.4,0.69,1.661,0
2007,10,3.925,3.534,3.378,2.731,2.758,2.139,1.754,2.644,1.78,1.239,0.156,0.385,7.38,0.72,1.3,0
2007,11,3.986,3.556,3.369,2.717,2.747,2.125,1.693,2.624,1.863,1.244,0.187,0.432,7.4,0.77,1.206,0
2007,12,3.877,3.574,3.336,2.683,2.714,2.091,1.657,2.616,1.917,1.245,0.238,0.434,7.41,0.78,1.08,0
2008,1,4.077,3.67,3.42,2.79,2.814,2.207,1.803,2.736,1.867,1.213,0.25,0.404,7.48,0.82,1.341,0
2008,2,3.819,3.572,3.365,2.739,2.762,2.159,1.798,2.685,1.774,1.206,0.207,0.361,7.51,0.7,1.418,0
2008,3,3.611,3.39,3.227,2.612,2.636,2.044,1.699,2.544,1.691,1.183,0.163,0.345,7.52,0.76,1.472,0
2008,4,3.721,3.392,3.25,2.615,2.64,2.029,1.653,2.522,1.739,1.221,0.142,0.376,7.46,0.8,1.374,0
2008,5,3.896,3.536,3.336,2.691,2.718,2.101,1.7,2.618,1.836,1.235,0.2,0.401,7.4,0.77,1.211,0
2008,6,3.969,3.632,3.384,2.734,2.764,2.145,1.684,2.658,1.948,1.239,0.248,0.461,7.42,0.8,1.158,0
2008,7,4.017,3.742,3.487,2.831,2.854,2.221,1.782,2.762,1.96,1.266,0.255,0.439,7.47,0.79,1.291,0
2008,8,3.949,3.71,3.508,2.859,2.879,2.25,1.902,2.806,1.808,1.258,0.202,0.348,7.48,0.8,1.443,0
2008,9,3.783,3.626,3.485,2.86,2.876,2.266,2.0,2.813,1.626,1.219,0.141,0.266,7.45,0.82,1.793,0
2008,10,3.878,3.548,3.397,2.766,2.787,2.177,1.828,2.688,1.72,1.22,0.151,0.349,7.41,0.78,1.544,0
2008,11,3.937,3.6,3.4,2.759,2.788,2.177,1.749,2.674,1.851,1.223,0.2,0.428,7.4,0.75,1.274,0
2008,12,4.05,3.619,3.393,2.75,2.78,2.167,1.707,2.663,1.912,1.226,0.226,0.46,7.4,0.76,1.262,0
2009,1,3.871,3.569,3.338,2.693,2.713,2.088,1.69,2.63,1.879,1.25,0.231,0.398,7.37,0.74,1.078,0
2009,2,3.965,3.636,3.424,2.782,2.798,2.171,1.851,2.744,1.785,1.253,0.212,0.32,7.47,0.72,1.431,0
2009,3,3.733,3.505,3.343,2.71,2.73,2.116,1.802,2.654,1.703,1.227,0.162,0.314,7.44,0.67,1.564,0
2009,4,3.737,3.449,3.282,2.638,2.662,2.043,1.657,2.553,1.792,1.239,0.167,0.386,7.42,0.73,1.351,0
2009,5,3.931,3.558,3.365,2.716,2.743,2.121,1.697,2.628,1.861,1.244,0.193,0.424,7.35,0.73,1.28,0
2009,6,4.082,3.704,3.462,2.812,2.839,2.216,1.796,2.75,1.908,1.246,0.242,0.42,7.43,0.82,1.318,0
2009,7,4.006,3.691,3.435,2.797,2.821,2.207,1.801,2.746,1.89,1.228,0.256,0.406,7.51,0.86,1.309,0
2009,8,3.968,3.676,3.46,2.827,2.846,2.232,1.881,2.778,1.795,1.228,0.216,0.351,7.54,0.87,1.537,0
2009,9,3.814,3.623,3.469,2.834,2.848,2.227,1.931,2.777,1.692,1.242,0.154,0.296,7.48,0.85,1.656,0
2009,10,3.943,3.626,3.476,2.846,2.862,2.249,1.94,2.783,1.686,1.227,0.15,0.309,7.44,0.83,1.743,0
2009,11,3.93,3.621,3.411,2.765,2.792,2.174,1.757,2.689,1.864,1.237,0.21,0.417,7.44,0.82,1.438,0
2009,12,3.997,3.764,3.514,2.857,2.884,2.254,1.803,2.784,1.961,1.26,0.25,0.451,7.5,0.81,1.37,0
2010,1,4.092,3.835,3.593,2.92,2.942,2.291,1.884,2.86,1.951,1.302,0.242,0.407,7.45,0.74,1.302,0
2010,2,4.145,3.739,3.528,2.893,2.912,2.295,1.974,2.856,1.765,1.233,0.211,0.321,7.47,0.67,1.642,0
2010,3,3.921,3.549,3.403,2.747,2.761,2.119,1.851,2.7,1.698,1.284,0.146,0.268,7.43,0.7,1.601,0
2010,4,3.889,3.591,3.431,2.784,2.804,2.178,1.842,2.716,1.749,1.253,0.16,0.336,7.44,0.77,1.376,0
2010,5,3.833,3.506,3.304,2.665,2.691,2.078,1.658,2.582,1.848,1.226,0.202,0.42,7.45,0.78,1.359,0
2010,6,3.802,3.585,3.356,2.716,2.742,2.128,1.708,2.646,1.877,1.228,0.229,0.42,7.42,0.79,1.33,0
2010,7,3.981,3.65,3.421,2.783,2.804,2.188,1.824,2.737,1.826,1.233,0.229,0.364,7.43,0.81,1.408,0
2010,8,3.896,3.631,3.416,2.792,2.808,2.199,1.912,2.772,1.719,1.217,0.215,0.287,7.42,0.79,1.481,0
2010,9,3.799,3.586,3.421,2.786,2.804,2.186,1.896,2.741,1.69,1.235,0.165,0.29,7.45,0.8,1.646,0
2010,10,3.807,3.558,3.418,2.766,2.789,2.16,1.828,2.693,1.73,1.258,0.14,0.332,7.44,0.81,1.492,0
2010,11,3.979,3.591,3.403,2.742,2.763,2.123,1.756,2.674,1.835,1.28,0.188,0.367,7.42,0.8,1.452,0
2010,12,4.089,3.714,3.467,2.815,2.834,2.202,1.788,2.751,1.926,1.265,0.247,0.414,7.46,0.74,1.371,0
2011,1,3.999,3.647,3.402,2.763,2.789,2.176,1.775,2.711,1.872,1.226,0.245,0.401,7.51,0.73,1.369,0
2011,2,3.952,3.593,3.402,2.761,2.773,2.144,1.831,2.712,1.762,1.258,0.191,0.313,7.43,0.68,1.542,0
2011,3,4.159,3.552,3.411,2.793,2.81,2.208,1.943,2.748,1.609,1.203,0.141,0.265,7.49,0.74,1.605,0
2011,4,3.927,3.484,3.331,2.738,2.764,2.196,1.913,2.698,1.571,1.135,0.153,0.283,7.52,0.72,1.496,0
2011,5,4.116,3.582,3.378,2.748,2.773,2.168,1.796,2.689,1.786,1.21,0.204,0.372,7.54,0.75,1.453,0
2011,6,3.942,3.67,3.435,2.801,2.828,2.222,1.804,2.737,1.866,1.213,0.235,0.418,7.5,0.71,1.435,0
2011,7,3.897,3.708,3.477,2.836,2.856,2.235,1.84,2.774,1.868,1.242,0.231,0.395,7.46,0.72,1.545,0
2011,8,3.809,3.653,3.47,2.813,2.828,2.186,1.9,2.776,1.753,1.284,0.183,0.286,7.38,0.74,1.675,0
2011,9,3.947,3.63,3.479,2.83,2.845,2.211,1.957,2.794,1.673,1.268,0.151,0.254,7.39,0.73,1.703,0
2011,10,3.959,3.593,3.45,2.796,2.818,2.185,1.858,2.726,1.735,1.265,0.143,0.327,7.36,0.71,1.431,0
2011,11,4.076,3.593,3.411,2.757,2.776,2.14,1.76,2.676,1.833,1.271,0.182,0.38,7.39,0.76,1.207,0
2011,12,3.898,3.591,3.378,2.724,2.745,2.112,1.726,2.658,1.865,1.266,0.213,0.386,7.4,0.78,1.235,0
2012,1,3.945,3.616,3.378,2.739,2.755,2.132,1.79,2.703,1.826,1.246,0.238,0.342,7.43,0.8,1.452,0
2012,2,3.87,3.56,3.356,2.703,2.718,2.081,1.792,2.676,1.768,1.275,0.204,0.289,7.4,0.75,1.466,0
2012,3,3.794,3.504,3.351,2.722,2.736,2.121,1.838,2.671,1.666,1.23,0.153,0.283,7.43,0.74,1.586,0
2012,4,3.915,3.5,3.368,2.725,2.74,2.111,1.796,2.648,1.704,1.257,0.132,0.315,7.43,0.73,1.479,0
2012,5,3.92,3.553,3.37,2.721,2.738,2.107,1.755,2.654,1.798,1.263,0.183,0.352,7.43,0.79,1.307,0
2012,6,3.961,3.669,3.437,2.767,2.788,2.14,1.749,2.709,1.92,1.297,0.232,0.391,7.45,0.84,1.175,0
2012,7,4.001,3.707,3.472,2.799,2.818,2.165,1.792,2.75,1.915,1.307,0.235,0.373,7.49,0.88,1.319,0
2012,10,3.93,3.602,3.471,2.831,2.846,2.22,1.938,2.77,1.664,1.251,0.131,0.282,7.45,0.83,1.601,0
2012,11,3.985,3.647,3.465,2.814,2.836,2.207,1.838,2.742,1.809,1.258,0.182,0.369,7.45,0.83,1.34,0
2012,12,4.147,3.727,3.516,2.864,2.886,2.256,1.861,2.794,1.866,1.26,0.211,0.395,7.41,0.72,1.436,0
2013,1,3.946,3.574,3.367,2.723,2.737,2.107,1.769,2.672,1.805,1.26,0.207,0.338,7.37,0.7,1.249,0
2013,2,3.858,3.521,3.333,2.688,2.698,2.064,1.801,2.661,1.72,1.269,0.188,0.263,7.44,0.77,1.446,0
2013,3,3.763,3.471,3.336,2.686,2.7,2.064,1.822,2.646,1.649,1.272,0.135,0.242,7.38,0.73,1.59,0
2013,4,3.789,3.48,3.348,2.686,2.706,2.064,1.753,2.616,1.727,1.284,0.132,0.311,7.38,0.76,1.383,0
2013,5,3.859,3.54,3.365,2.704,2.724,2.083,1.724,2.632,1.816,1.282,0.175,0.359,7.38,0.82,1.257,0
2013,6,4.012,3.645,3.418,2.758,2.777,2.136,1.782,2.714,1.863,1.282,0.227,0.354,7.4,0.83,1.32,0
2013,7,4.039,3.692,3.462,2.819,2.836,2.21,1.881,2.786,1.811,1.252,0.23,0.329,7.46,0.85,1.463,0
2013,8,3.943,3.634,3.439,2.804,2.818,2.197,1.914,2.774,1.72,1.242,0.195,0.283,7.5,0.9,1.628,0
2013,9,3.76,3.597,3.468,2.829,2.842,2.217,1.979,2.788,1.618,1.251,0.129,0.238,7.45,0.86,1.787,0
2013,10,3.783,3.568,3.454,2.814,2.827,2.2,1.952,2.76,1.616,1.254,0.114,0.248,7.45,0.86,1.795,0
2013,11,3.841,3.621,3.441,2.789,2.804,2.167,1.824,2.722,1.797,1.274,0.18,0.343,7.42,0.83,1.477,0
2013,12,3.989,3.649,3.419,2.757,2.779,2.139,1.749,2.699,1.9,1.28,0.23,0.39,7.44,0.81,1.307,0
2014,1,4.02,3.682,3.453,2.782,2.796,2.14,1.788,2.735,1.894,1.313,0.229,0.352,7.42,0.77,1.356,0
2014,2,4.102,3.593,3.409,2.759,2.772,2.135,1.867,2.73,1.726,1.274,0.184,0.268,7.43,0.82,1.426,0
2014,3,4.005,3.568,3.45,2.781,2.794,2.137,1.924,2.746,1.644,1.313,0.118,0.213,7.41,0.79,1.751,0
2014,4,3.8,3.556,3.423,2.768,2.784,2.145,1.87,2.713,1.686,1.278,0.133,0.275,7.43,0.82,1.588,0
2014,5,3.821,3.605,3.42,2.762,2.782,2.145,1.793,2.699,1.812,1.275,0.185,0.352,7.43,0.85,1.517,0
2014,6,3.947,3.681,3.475,2.817,2.838,2.2,1.838,2.76,1.843,1.275,0.206,0.362,7.45,0.87,1.384,0
2014,7,4.053,3.726,3.52,2.869,2.885,2.25,1.929,2.828,1.797,1.27,0.206,0.321,7.44,0.84,1.468,0
2014,8,3.942,3.691,3.507,2.871,2.882,2.256,2.025,2.858,1.666,1.251,0.184,0.231,7.42,0.83,1.553,0
2014,9,3.884,3.708,3.567,2.927,2.94,2.312,2.094,2.901,1.614,1.255,0.141,0.218,7.45,0.83,1.797,0
2014,10,3.941,3.692,3.58,2.922,2.942,2.305,2.033,2.862,1.659,1.275,0.112,0.272,7.45,0.83,1.757,0
2014,11,3.859,3.667,3.509,2.84,2.858,2.207,1.891,2.779,1.776,1.302,0.158,0.316,7.45,0.85,1.491,0
2014,12,4.189,3.824,3.604,2.942,2.958,2.313,1.978,2.901,1.846,1.291,0.22,0.335,7.46,0.81,1.503,0
2015,1,3.944,3.722,3.506,2.848,2.864,2.223,1.887,2.804,1.835,1.283,0.216,0.336,7.45,0.8,1.468,0
2015,2,3.882,3.685,3.51,2.854,2.871,2.232,1.978,2.832,1.707,1.278,0.175,0.254,7.37,0.75,1.582,0
2015,3,3.779,3.538,3.437,2.789,2.802,2.167,1.942,2.74,1.596,1.27,0.101,0.225,7.46,0.85,1.735,0
2015,4,3.895,3.508,3.398,2.748,2.763,2.128,1.887,2.698,1.621,1.27,0.11,0.241,7.45,0.86,1.642,0
2015,5,3.883,3.627,3.458,2.807,2.825,2.192,1.881,2.754,1.746,1.266,0.169,0.311,7.46,0.87,1.521,0
2015,6,3.997,3.703,3.497,2.843,2.862,2.228,1.873,2.788,1.83,1.269,0.206,0.355,7.46,0.87,1.561,0
2015,7,3.983,3.782,3.573,2.91,2.922,2.272,1.938,2.86,1.844,1.301,0.209,0.334,7.47,0.83,1.588,0
2015,8,3.962,3.709,3.542,2.881,2.893,2.244,1.975,2.842,1.734,1.298,0.167,0.269,7.43,0.8,1.682,0
2015,9,3.97,3.758,3.636,2.972,2.984,2.333,2.129,2.944,1.629,1.303,0.122,0.204,7.44,0.81,1.948,0
2015,10,4.025,3.739,3.631,2.964,2.979,2.327,2.06,2.9,1.679,1.304,0.108,0.267,7.41,0.8,1.621,0
2015,11,4.133,3.689,3.529,2.861,2.88,2.232,1.895,2.792,1.794,1.297,0.16,0.337,7.46,0.86,1.58,0
2015,12,4.046,3.744,3.547,2.886,2.905,2.263,1.898,2.821,1.846,1.284,0.197,0.365,7.5,0.86,1.392,0
2016,1,4.031,3.745,3.545,2.89,2.907,2.269,1.953,2.849,1.792,1.276,0.2,0.316,7.48,0.84,1.582,0
2016,2,3.974,3.639,3.462,2.814,2.826,2.189,1.931,2.785,1.708,1.273,0.177,0.258,7.4,0.79,1.619,0
2016,3,3.885,3.581,3.455,2.846,2.863,2.27,2.037,2.809,1.544,1.184,0.126,0.234,7.44,0.67,1.701,0
2016,4,3.887,3.464,3.357,2.717,2.732,2.108,1.828,2.646,1.636,1.249,0.107,0.28,7.41,0.73,1.681,0
2016,5,3.96,3.582,3.429,2.774,2.792,2.154,1.838,2.71,1.744,1.275,0.153,0.316,7.41,0.81,1.471,0
2016,6,4.028,3.662,3.452,2.791,2.81,2.168,1.82,2.741,1.842,1.284,0.21,0.348,7.42,0.81,1.492,0
2016,7,4.01,3.705,3.484,2.823,2.839,2.194,1.848,2.776,1.857,1.29,0.221,0.346,7.45,0.85,1.525,0
2016,8,3.952,3.709,3.526,2.871,2.88,2.235,1.956,2.832,1.753,1.291,0.183,0.279,7.46,0.86,1.673,0
2016,9,3.837,3.622,3.512,2.867,2.879,2.246,2.039,2.83,1.583,1.266,0.11,0.207,7.44,0.85,1.835,0
2016,10,3.921,3.595,3.493,2.847,2.862,2.231,2.0,2.798,1.595,1.262,0.102,0.231,7.42,0.82,1.59,0
2016,11,3.984,3.644,3.492,2.837,2.856,2.221,1.89,2.767,1.754,1.271,0.152,0.331,7.42,0.85,1.435,0
2016,12,4.125,3.646,3.436,2.782,2.804,2.172,1.798,2.722,1.848,1.264,0.21,0.374,7.46,0.78,1.359,0
2017,1,4.15,3.754,3.548,2.942,2.963,2.378,2.052,2.903,1.702,1.17,0.206,0.326,7.48,0.68,1.619,0
2017,2,4.071,3.731,3.552,2.987,3.012,2.471,2.208,2.97,1.523,1.081,0.179,0.263,7.5,0.69,1.769,0
2017,3,3.718,3.547,3.424,2.834,2.855,2.286,2.084,2.816,1.463,1.138,0.123,0.202,7.46,0.59,1.758,0
2017,4,3.805,3.518,3.403,2.79,2.813,2.223,1.948,2.733,1.57,1.18,0.115,0.275,7.47,0.56,1.482,0
2017,5,4.049,3.576,3.422,2.796,2.824,2.225,1.881,2.728,1.695,1.197,0.154,0.344,7.43,0.63,1.4,0
2017,6,4.102,3.657,3.458,2.821,2.841,2.224,1.862,2.76,1.795,1.234,0.199,0.362,7.42,0.67,1.412,0
2017,7,4.045,3.7,3.482,2.84,2.856,2.229,1.897,2.798,1.803,1.253,0.218,0.332,7.45,0.81,1.458,0
2017,8,3.991,3.712,3.529,2.89,2.904,2.28,1.99,2.851,1.722,1.249,0.183,0.29,7.52,0.89,1.66,0
2017,9,3.803,3.661,3.537,2.902,2.914,2.292,2.045,2.853,1.616,1.245,0.124,0.247,7.44,0.81,1.814,0
2017,10,3.828,3.552,3.461,2.822,2.836,2.21,1.951,2.752,1.601,1.251,0.091,0.259,7.42,0.82,1.743,0
2017,11,3.92,3.637,3.484,2.827,2.844,2.204,1.89,2.763,1.747,1.28,0.153,0.314,7.4,0.82,1.513,0
2017,12,4.01,3.668,3.452,2.787,2.808,2.164,1.782,2.725,1.886,1.288,0.216,0.382,7.43,0.8,1.304,0
2018,1,4.039,3.7,3.467,2.795,2.814,2.16,1.777,2.738,1.923,1.307,0.233,0.383,7.4,0.77,1.36,0
2018,2,3.899,3.584,3.404,2.758,2.773,2.142,1.84,2.712,1.744,1.262,0.18,0.302,7.42,0.78,1.436,0
2018,3,3.932,3.574,3.458,2.799,2.811,2.163,1.917,2.745,1.657,1.295,0.116,0.246,7.44,0.8,1.499,0
2018,4,3.708,3.481,3.371,2.738,2.752,2.132,1.874,2.677,1.607,1.239,0.11,0.258,7.44,0.69,1.598,0
2018,5,3.839,3.59,3.42,2.768,2.79,2.159,1.812,2.701,1.778,1.261,0.17,0.347,7.42,0.79,1.465,0
2018,6,4.064,3.658,3.45,2.796,2.82,2.19,1.802,2.73,1.856,1.26,0.208,0.388,7.41,0.79,1.438,0
2018,7,4.105,3.7,3.487,2.836,2.856,2.224,1.848,2.774,1.852,1.263,0.213,0.376,7.41,0.82,1.412,0
2018,8,4.039,3.689,3.506,2.863,2.875,2.245,1.967,2.828,1.722,1.261,0.183,0.278,7.37,0.78,1.501,0
2018,9,3.871,3.647,3.506,2.865,2.878,2.25,2.009,2.828,1.638,1.256,0.141,0.241,7.4,0.79,1.634,0
2018,10,3.904,3.665,3.547,2.899,2.919,2.291,1.999,2.832,1.666,1.256,0.118,0.292,7.41,0.79,1.733,0
2018,11,3.984,3.686,3.545,2.881,2.902,2.26,1.914,2.8,1.772,1.285,0.141,0.346,7.4,0.82,1.562,0
2018,12,4.071,3.723,3.514,2.847,2.864,2.215,1.854,2.788,1.869,1.299,0.209,0.361,7.39,0.82,1.398,0
2019,1,4.118,3.784,3.556,2.905,2.921,2.286,1.921,2.852,1.863,1.27,0.228,0.365,7.46,0.81,1.309,0
2019,2,4.119,3.735,3.551,2.926,2.945,2.339,2.026,2.88,1.709,1.212,0.184,0.313,7.43,0.57,1.446,0
2019,3,3.877,3.604,3.481,2.899,2.92,2.358,2.092,2.848,1.512,1.123,0.123,0.266,7.56,0.7,1.672,0
2019,4,3.839,3.528,3.426,2.824,2.845,2.264,1.991,2.76,1.537,1.162,0.102,0.273,7.49,0.63,1.627,0
2019,5,3.999,3.623,3.462,2.845,2.867,2.272,1.947,2.785,1.676,1.19,0.161,0.325,7.47,0.71,1.627,0
2019,6,3.891,3.686,3.48,2.853,2.88,2.279,1.887,2.786,1.799,1.201,0.206,0.392,7.52,0.72,1.548,0
2019,7,3.983,3.713,3.488,2.837,2.856,2.223,1.826,2.77,1.887,1.265,0.225,0.397,7.4,0.78,1.457,0
2019,8,4.015,3.702,3.51,2.85,2.866,2.223,1.877,2.79,1.825,1.287,0.192,0.346,7.39,0.78,1.469,0
2019,9,3.869,3.656,3.533,2.88,2.894,2.254,2.002,2.829,1.654,1.279,0.123,0.252,7.42,0.76,1.771,0
2019,10,3.922,3.583,3.473,2.815,2.832,2.192,1.889,2.736,1.694,1.281,0.11,0.303,7.41,0.78,1.579,0
2019,11,4.08,3.702,3.541,2.885,2.908,2.275,1.898,2.8,1.804,1.266,0.161,0.377,7.43,0.83,1.557,0
2019,12,4.118,3.777,3.574,2.917,2.944,2.314,1.894,2.836,1.883,1.26,0.203,0.42,7.46,0.88,1.509,0
2020,1,3.921,3.651,3.435,2.79,2.809,2.183,1.796,2.724,1.855,1.252,0.216,0.387,7.43,0.81,1.369,0
2020,2,3.933,3.622,3.432,2.786,2.803,2.173,1.856,2.739,1.766,1.259,0.19,0.317,7.45,0.82,1.451,0
2020,3,3.898,3.594,3.46,2.822,2.845,2.229,1.938,2.766,1.656,1.231,0.134,0.291,7.43,0.78,1.63,0
2020,4,3.856,3.521,3.394,2.747,2.77,2.146,1.797,2.659,1.724,1.248,0.127,0.349,7.45,0.81,1.651,0
2020,5,3.929,3.58,3.423,2.774,2.796,2.17,1.782,2.681,1.798,1.253,0.157,0.388,7.43,0.84,1.49,0
2020,6,4.038,3.665,3.447,2.794,2.817,2.187,1.789,2.727,1.876,1.26,0.218,0.398,7.44,0.84,1.352,0
2020,7,4.035,3.748,3.504,2.851,2.873,2.241,1.833,2.791,1.915,1.263,0.244,0.408,7.49,0.86,1.486,0
2020,8,3.867,3.717,3.511,2.863,2.88,2.248,1.882,2.8,1.835,1.263,0.206,0.366,7.46,0.83,1.522,0
2020,9,3.826,3.636,3.497,2.862,2.877,2.257,1.978,2.807,1.658,1.24,0.139,0.279,7.43,0.81,1.707,0
2020,10,3.938,3.602,3.492,2.854,2.87,2.249,1.973,2.788,1.629,1.243,0.11,0.276,7.41,0.8,1.584,0
2020,11,4.002,3.589,3.412,2.769,2.792,2.173,1.796,2.692,1.793,1.239,0.177,0.377,7.43,0.85,1.344,0
2020,12,4.015,3.637,3.411,2.756,2.784,2.156,1.703,2.67,1.934,1.255,0.226,0.453,7.45,0.84,1.175,0
2021,1,3.978,3.684,3.452,2.794,2.816,2.18,1.756,2.72,1.928,1.272,0.232,0.424,7.41,0.78,1.3,0
2021,2,3.878,3.557,3.35,2.71,2.727,2.104,1.76,2.659,1.797,1.246,0.207,0.344,7.45,0.79,1.419,0
2021,3,3.722,3.495,3.356,2.7,2.716,2.077,1.796,2.646,1.699,1.279,0.139,0.281,7.4,0.74,1.598,0
2021,4,3.859,3.524,3.388,2.731,2.754,2.12,1.772,2.648,1.752,1.268,0.136,0.348,7.42,0.78,1.376,0
2021,5,3.95,3.586,3.408,2.747,2.777,2.147,1.724,2.655,1.862,1.261,0.178,0.423,7.38,0.8,1.253,0
2021,6,4.063,3.676,3.462,2.809,2.836,2.21,1.775,2.725,1.901,1.252,0.214,0.435,7.45,0.87,1.364,0
2021,7,4.001,3.718,3.488,2.855,2.877,2.266,1.881,2.8,1.837,1.222,0.23,0.385,7.47,0.87,1.39,0
2021,8,4.014,3.718,3.51,2.891,2.911,2.312,1.967,2.842,1.751,1.198,0.208,0.345,7.55,0.9,1.662,0
2021,9,3.774,3.641,3.49,2.862,2.882,2.273,1.956,2.798,1.685,1.217,0.151,0.317,7.52,0.9,1.752,0
2021,10,3.901,3.6,3.489,2.85,2.874,2.26,1.922,2.761,1.678,1.229,0.111,0.338,7.49,0.86,1.636,0
2021,11,3.945,3.614,3.447,2.789,2.814,2.182,1.806,2.71,1.808,1.265,0.167,0.376,7.41,0.83,1.383,0
2021,12,4.091,3.772,3.534,2.872,2.896,2.259,1.821,2.796,1.951,1.275,0.238,0.438,7.46,0.84,1.273,0
2022,1,4.119,3.721,3.469,2.816,2.845,2.22,1.766,2.744,1.955,1.249,0.252,0.454,7.46,0.76,1.296,0
2022,2,3.954,3.584,3.385,2.747,2.763,2.141,1.77,2.677,1.814,1.244,0.199,0.371,7.47,0.84,1.35,0
2022,3,3.747,3.523,3.385,2.733,2.757,2.129,1.804,2.664,1.719,1.256,0.138,0.325,7.47,0.83,1.441,0
2022,4,3.81,3.461,3.325,2.684,2.705,2.085,1.761,2.611,1.7,1.24,0.136,0.324,7.46,0.83,1.51,0
2022,5,3.861,3.528,3.338,2.692,2.721,2.105,1.682,2.605,1.846,1.233,0.19,0.423,7.49,0.88,1.241,0
2022,6,3.964,3.654,3.426,2.782,2.814,2.202,1.739,2.696,1.915,1.224,0.228,0.463,7.5,0.91,1.241,0
2022,7,4.116,3.69,3.456,2.811,2.84,2.224,1.779,2.734,1.911,1.232,0.234,0.445,7.47,0.87,1.301,0
2022,8,3.999,3.688,3.493,2.852,2.873,2.253,1.909,2.798,1.779,1.24,0.195,0.344,7.47,0.86,1.392,0
2022,9,3.991,3.686,3.522,2.889,2.909,2.297,1.992,2.839,1.694,1.225,0.164,0.305,7.46,0.84,1.672,0
2022,10,3.821,3.626,3.479,2.835,2.864,2.248,1.882,2.754,1.744,1.231,0.147,0.366,7.45,0.82,1.519,0
2022,11,3.992,3.623,3.449,2.786,2.817,2.185,1.766,2.695,1.857,1.264,0.174,0.419,7.45,0.83,1.355,0
2022,12,4.071,3.745,3.517,2.855,2.885,2.252,1.825,2.785,1.92,1.265,0.228,0.427,7.42,0.82,1.181,0
2023,1,4.157,3.816,3.574,2.965,2.994,2.415,1.994,2.905,1.822,1.159,0.242,0.421,7.54,0.75,1.3,0
2023,2,3.978,3.646,3.441,2.799,2.822,2.204,1.839,2.742,1.807,1.237,0.205,0.365,7.46,0.69,1.413,0
2023,3,3.989,3.59,3.446,2.853,2.877,2.307,1.973,2.781,1.617,1.139,0.144,0.334,7.61,0.75,1.707,0
2023,4,3.678,3.484,3.361,2.763,2.792,2.222,1.88,2.682,1.604,1.139,0.123,0.342,7.53,0.69,1.545,0
2023,5,3.889,3.669,3.492,2.883,2.917,2.343,1.973,2.821,1.696,1.149,0.177,0.37,7.54,0.73,1.61,0
2023,6,4.059,3.726,3.502,2.881,2.918,2.334,1.89,2.808,1.836,1.168,0.224,0.444,7.52,0.73,1.596,0
2023,7,4.109,3.769,3.526,2.883,2.914,2.303,1.849,2.809,1.92,1.223,0.243,0.454,7.47,0.8,1.459,0
2023,8,4.067,3.799,3.587,2.927,2.948,2.31,1.934,2.866,1.865,1.277,0.212,0.376,7.45,0.83,1.446,0
2023,9,3.971,3.717,3.573,2.921,2.941,2.309,2.012,2.864,1.705,1.264,0.144,0.297,7.44,0.81,1.676,0
2023,10,3.96,3.728,3.589,2.933,2.957,2.326,1.976,2.852,1.752,1.263,0.139,0.35,7.46,0.82,1.594,0
2023,11,4.059,3.762,3.572,2.921,2.952,2.333,1.908,2.835,1.854,1.239,0.19,0.425,7.48,0.88,1.626,0
2023,12,4.092,3.81,3.587,2.933,2.966,2.345,1.884,2.847,1.926,1.242,0.223,0.461,7.47,0.85,1.481,0
2024,8,3.866,3.674,3.46,2.819,2.846,2.231,1.836,2.755,1.838,1.229,0.214,0.395,7.54,0.85,1.483,0
2024,9,3.889,3.632,3.482,2.848,2.868,2.255,1.939,2.786,1.693,1.227,0.15,0.316,7.48,0.8,1.701,0
2024,10,3.972,3.614,3.474,2.84,2.865,2.255,1.939,2.776,1.675,1.219,0.14,0.316,7.48,0.84,1.54,0
2024,11,3.971,3.62,3.417,2.778,2.81,2.202,1.783,2.702,1.837,1.215,0.203,0.419,7.5,0.84,1.306,0
2024,12,4.296,3.715,3.465,2.824,2.859,2.254,1.769,2.742,1.946,1.211,0.25,0.485,7.5,0.81,1.31,0
2025,1,3.919,3.669,3.427,2.791,2.82,2.212,1.766,2.718,1.903,1.215,0.242,0.446,7.51,0.68,1.405,0
2025,2,3.914,3.634,3.429,2.834,2.86,2.292,1.944,2.789,1.69,1.137,0.205,0.348,7.56,0.74,1.529,0
2025,3,3.971,3.594,3.443,2.799,2.818,2.194,1.915,2.754,1.679,1.249,0.151,0.279,,,1.659,0
2025,4,3.951,3.579,3.416,2.778,2.808,2.2,1.825,2.702,1.754,1.216,0.163,0.375,7.47,0.66,1.406,0
2025,5,4.002,3.63,3.434,2.784,2.822,2.21,1.764,2.697,1.866,1.224,0.196,0.446,7.43,0.73,1.322,0
2025,6,4.033,3.687,3.461,2.82,2.852,2.243,1.789,2.738,1.898,1.218,0.226,0.454,7.48,0.85,1.384,0
2025,7,4.0,3.715,3.479,2.851,2.877,2.275,1.88,2.798,1.835,1.204,0.236,0.395,7.51,0.86,1.47,0
2025,8,3.848,3.668,3.45,2.841,2.864,2.277,1.928,2.798,1.74,1.173,0.218,0.349,7.56,0.84,1.599,0
2025,9,3.839,3.673,3.512,2.892,2.917,2.323,1.994,2.833,1.679,1.189,0.161,0.329,7.52,0.81,1.761,0
2025,10,4.029,3.636,3.503,2.873,2.902,2.3,1.942,2.789,1.694,1.203,0.133,0.358,7.48,0.85,1.707,0
2025,11,4.137,3.717,3.522,2.873,2.903,2.284,1.888,2.803,1.829,1.238,0.195,0.396,7.46,0.83,1.383,0
2025,12,4.128,3.774,3.531,2.874,2.902,2.273,1.823,2.798,1.951,1.258,0.243,0.45,7.49,0.85,1.312,0
