pl_name,st_teff,st_rad,pl_orbsmax,pl_rade,pl_eqt,discoverymethod
Kepler-1513 b,5491.0,0.95,,8.594,,Transit
TOI-4914 b,5805.0,1.0,0.098,12.87,894.0,Transit
TOI-237 c,3226.0,0.2056,0.016,1.206,515.0,Transit
TOI-1898 b,6241.0,1.6131,0.269,9.39553231,674.54,Transit
HD 330075 b,5000.0,0.84,0.04,,,Radial Velocity
KOI-351 f,6080.0,1.2,0.48,2.88,,Transit
Kepler-1812 b,6174.0,1.103,,2.3249424,,Transit
KMT-2017-BLG-0428L b,,,1.81,,,Microlensing
Kepler-516 b,7099.0,2.02,,5.74,,Transit
Kepler-1685 b,5484.0,0.835451,,2.57673985,,Transit
Kepler-299 e,5617.0,1.032,0.22,1.87,,Transit
TOI-1749 b,3985.0,0.55,0.0291,1.39,831.0,Transit
Kepler-406 b,5538.0,1.07,,1.43,,Transit
OGLE-2016-BLG-1190L b,,,2.17,,,Microlensing
Kepler-46 b,5155.0,0.938,0.1968,9.057,543.0,Transit
Kepler-1215 b,5616.0,0.93,,1.22,,Transit
Kepler-434 b,5977.0,1.38,0.1143,12.67,1000.0,Transit
Kepler-1998 b,5640.0,0.921,0.0405,0.6,1187.0,Transit
Kepler-189 b,5235.0,0.75,0.088,1.21,,Transit
HD 3765 b,5049.8,0.83061,2.108,,,Radial Velocity
Kepler-400 c,5886.0,1.145,0.134,1.49,,Transit
Kepler-852 b,6100.0,1.16,,2.54,,Transit
Kepler-444 e,5046.0,0.752,0.0696,0.546,,Transit
WASP-89 b,5130.0,0.88,0.0427,11.65736,1120.0,Transit
K2-415 b,3173.0,0.1965,0.027,1.015,412.4,Transit
Kepler-328 c,,1.06,,5.4,,Transit
HATS-13 b,5523.0,0.887,0.04057,13.585308,1244.0,Transit
Kepler-476 b,5837.0,1.09,,3.08,,Transit
HIP 94235 b,5991.0,1.08,0.0787,3.0,1060.0,Transit
Kepler-763 d,4999.0,0.843,0.0634,1.67,804.0,Transit
Kepler-134 c,5983.0,1.176,0.092,1.26,,Transit
HD 136352 c,5664.0,1.058,0.1721,2.916,677.0,Radial Velocity
Kepler-359 b,6248.0,1.086,0.178,3.53,,Transit
Kepler-777 b,4043.0,0.56,,1.47,,Transit
Kepler-1923 b,5881.0,1.294,,1.95958179,,Transit
Kepler-836 b,5895.0,1.04,,2.73,,Transit
Kepler-48 c,5194.0,0.89,,2.71,,Transit
Kepler-521 b,6406.0,1.46,,3.18,,Transit
CWISEP J193518.59-154620.3 b,,,2.48,,390.0,Imaging
Kepler-726 b,5452.0,0.85,,3.26,,Transit
Kepler-1461 b,4919.0,0.74,,2.03,,Transit
Kepler-1471 b,5660.0,0.93,,1.41,,Transit
HD 212301 b,6239.0,1.16,0.03,,,Radial Velocity
GQ Lup b,,,100.0,33.6,2650.0,Imaging
KMT-2019-BLG-1339L b,,,2.15,,,Microlensing
HD 159243 c,6123.0,1.12,0.8,,,Radial Velocity
EPIC 205950854 c,5502.7,0.83,,1.31,960.6,Transit
KMT-2022-BLG-2076L b,,,5.67,,,Microlensing
K2-162 b,4842.0,0.69,0.0795,1.44,631.0,Transit
Kepler-1320 b,4817.0,0.74,,1.7,,Transit
K2-80 b,5441.0,0.87,0.135,2.01,,Transit
Kepler-24 b,6028.0,1.099,,2.348,,Transit
HAT-P-56 b,6566.0,1.47,,16.92559,,Transit
Kepler-1701 b,5146.0,0.840217,,2.22186207,,Transit
WASP-195 b,6300.0,1.578,0.063,10.31226224,1522.0,Transit
Kepler-93 c,5669.0,0.92,,,,Radial Velocity
HD 117207 b,5732.0,1.074,3.787,,,Radial Velocity
Kepler-1530 d,5678.0,1.303,,3.27870115,,Transit
TOI-1728 b,3980.0,0.6243,0.0391,5.05,767.0,Transit
Kepler-610 b,5943.0,1.13,,4.19,,Transit
HD 188641 b,,,12.027,,,Radial Velocity
HD 221287 b,6304.0,,1.25,,,Radial Velocity
K2-147 b,3690.0,0.578,0.01575,1.47286006,1077.0,Transit
TOI-251 b,5875.0,0.881,0.05741,2.74,,Transit
HD 30562 b,5882.0,1.61,2.34,,,Radial Velocity
Kepler-1047 c,5754.0,1.13,,0.99,,Transit
HD 102329 c,,,,,,Radial Velocity
Kepler-1504 b,5393.0,0.81,,2.13,,Transit
TOI-1452 b,3185.0,0.275,0.061,1.672,326.0,Transit
Kepler-289 e,,0.985,,,,Transit
Kepler-1154 c,6327.0,1.43,,2.36,,Transit
TOI-1836 b,6380.0,1.577,0.1597,8.00321222,966.0,Transit
TOI-2654 b,4594.08,0.756095,,7.94454164,,Transit
NY Vir c,32780.0,0.151,,,,Eclipse Timing Variations
Kepler-30 c,5498.0,0.95,0.3,12.3,,Transit
TOI-1246 e,5213.0,0.8649,0.212,3.5141875,463.98,Transit
HIP 107772 b,,,0.243,,,Radial Velocity
Kepler-1898 b,5702.0,1.125,,0.93353523,,Transit
TIC 172900988 b,6050.0,1.3842,0.90281,11.25,,Transit
Kepler-1266 b,5044.0,0.76,,2.58,,Transit
Kepler-739 b,5601.0,0.9,,3.32,,Transit
TOI-7149 b,3363.0,0.351,0.02603,13.2,593.0,Transit
HD 97037 b,,,6.925,,,Radial Velocity
KMT-2021-BLG-0712L b,,,2.22,,,Microlensing
HAT-P-35 b,6096.0,1.435,0.04978,14.930388,,Transit
TOI-2015 c,3297.0,0.3273,0.041232,,448.0,Transit Timing Variations
Kepler-1266 c,4996.0,0.831,,1.68023962,,Transit
Kepler-357 c,5036.0,0.834,0.12,2.67,,Transit
Kepler-174 d,4880.0,0.622,0.677,2.19,,Transit
GJ 463 b,3563.0,0.483,3.53,,,Radial Velocity
K2-391 b,5543.0,0.566,,1.371,,Transit
Kepler-198 d,5636.0,0.93,,1.53,,Transit
TOI-1117 b,5635.0,1.05,0.033,2.46,1538.0,Transit
HD 11506 b,6123.0,,2.885,,,Radial Velocity
Kepler-1152 b,3964.0,0.53,,0.87,,Transit
TOI-3486 b,4930.0,0.788,0.03138,10.5700688,1190.0,Transit
K2-216 b,4503.0,0.72,0.028,1.75,1103.0,Transit
WASP-34 b,5700.0,0.91,,11.209,,Transit
HD 98649 b,,,5.97,,,Radial Velocity
Kepler-967 c,5178.0,0.8,,3.65,,Transit
Kepler-327 d,3799.0,0.492,0.09,1.73,,Transit
WASP-93 b,6700.0,1.524,0.04211,17.900773,1942.0,Transit
Kepler-1874 b,4701.0,0.775,,2.21110724,,Transit
TOI-2096 b,3300.0,0.235,0.025,1.243,445.0,Transit
CoRoT-28 b,5150.0,1.78,0.0603,10.704595,,Transit
Gaia23braL b,,,4.847,,,Microlensing
K2-275 c,4841.0,0.69,0.0881,2.21,653.0,Transit
TOI-5789 c,5185.0,0.833,0.1009,2.86,718.0,Transit
Kepler-1050 c,6010.0,1.13,,1.48,,Transit
Kepler-275 b,6165.0,1.383,0.098,2.34,,Transit
OGLE-2014-BLG-1760L b,,,1.887,,,Microlensing
HD 96700 b,5845.0,,0.0777,,,Radial Velocity
Kepler-464 b,5933.0,1.59,,3.3,,Transit
Kepler-297 c,5619.0,0.915,0.336,6.54,,Transit
Kepler-454 b,5687.0,1.066,0.09528,2.37,916.0,Transit
TOI-5027 b,5909.0,0.92,0.093,10.76062147,1056.0,Transit
Kepler-834 b,4554.0,0.66,,2.02,,Transit
K2-105 b,5373.0,0.905,,3.4,805.0,Transit
Kepler-1228 b,5063.0,0.74,,1.54,,Transit
Kepler-100 d,5825.0,1.49,,1.61,,Transit
Kepler-1208 b,5001.0,0.76,,2.32,,Transit
16 Cyg B b,5750.0,1.13,1.66,,,Radial Velocity
Kepler-1481 b,4908.0,0.75,,1.23,,Transit
HD 175607 b,5392.0,0.7,,,,Radial Velocity
HD 109749 b,5824.0,1.22,0.0615,,,Radial Velocity
Kepler-1166 b,5446.0,0.86,,1.69,,Transit
Kepler-157 c,5774.0,1.044,0.11,2.24,,Transit
Kepler-837 b,5403.0,0.81,,2.56,,Transit
Kepler-360 c,6053.0,1.058,0.075,2.1,,Transit
K2-333 b,5880.0,1.22,,6.18,826.0,Transit
HD 27894 c,,,0.198,,,Radial Velocity
Kepler-1165 c,6249.0,1.076,,3.36093385,,Transit
Kepler-371 c,5666.0,0.992,0.313,1.78,,Transit
K2-350 b,5789.0,1.04,,1.54,1158.0,Transit
NGTS-6 b,4730.0,0.754,0.01677,14.863134,1283.9,Transit
Kepler-540 b,5946.0,1.08,,2.71,,Transit
HATS-26 b,6071.0,2.04,0.04735,19.61575,1918.0,Transit
Kepler-85 b,5505.2,0.875,,1.778,,Transit
K2-16 c,4742.0,0.66,0.1229,2.54,485.0,Transit
TOI-7510 c,5720.0,1.035,0.1595,10.81,702.0,Transit
Kepler-805 b,6112.0,1.65,,2.89,,Transit
YZ Cet d,3151.0,0.157,0.02851,,356.7,Radial Velocity
Kepler-414 c,,0.946,,3.01,,Transit Timing Variations
WASP-68 b,5910.0,1.79,,14.79588,,Transit
HD 97658 b,5212.0,0.728,,2.12,751.0,Radial Velocity
Kepler-1379 b,5188.0,0.79,,1.3,,Transit
Kepler-1850 b,4239.0,0.6,,0.72909663,,Transit
Kepler-1943 b,6032.0,0.973,,1.54869189,,Transit
Kepler-519 b,5260.0,0.8,,2.1,,Transit
Kepler-661 b,4483.0,0.67,,3.07,,Transit
Kepler-1813 b,5167.0,0.787,,1.413,,Transit
Kepler-237 b,4861.0,0.725,0.05,1.41,,Transit
Kepler-177 b,5732.0,1.324,,3.5,,Transit
K2-237 b,6180.0,1.236,0.03552,16.06246934,1759.0,Transit
TIC 139702105 b,5742.35,1.25423,,2.45316949,,Transit
Kepler-696 b,5903.0,1.08,,6.14,,Transit
Kepler-1846 b,4825.0,0.732,,1.76378826,,Transit
Kepler-1456 b,4231.0,0.62,,1.14,,Transit
Kepler-137 b,5187.0,0.802,0.077,1.47,,Transit
K2-11 b,5433.0,5.15,0.2257,7.55,734.0,Transit
Kepler-248 b,5190.0,0.831,0.066,3.02,,Transit
Kepler-55 d,4503.0,0.619,0.029,1.59,,Transit
K2-73 c,5867.0,1.058,,,186.1,Radial Velocity
WASP-160 B b,5298.0,0.868,0.0452,12.21781,1119.0,Transit
TOI-6034 b,3635.0,0.489,0.02949,11.92,714.0,Transit
HIP 75092 b,4891.0,4.53,2.02,,,Radial Velocity
TOI-139 b,4570.0,0.7007,,2.4566,561.17,Transit
TOI-269 b,3514.0,0.398,0.0345,2.77,531.0,Transit
Kepler-31 d,6340.0,1.22,0.4,3.9,,Transit
Kepler-109 c,5950.0,1.387,0.1546,2.65,859.0,Transit
Kepler-1397 b,6026.0,1.12,,1.72,,Transit
WTS-2 b,5000.0,0.752,0.01855,15.277867,2000.0,Transit
TIC 160113658 b,4817.31,0.789834,,3.49015778,,Transit
HAT-P-44 b,5295.0,0.949,0.0507,13.922,1108.0,Transit
K2-75 b,5995.0,1.56,0.081,2.67,,Transit
Kepler-1945 b,4991.0,0.804,,1.289,,Transit
WASP-126 c,5800.0,1.27,,,,Transit Timing Variations
TOI-1789 b,5991.0,2.168,0.04882,16.14093221,1927.0,Transit
Kepler-1092 b,5862.0,1.0,,2.07,,Transit
K2-186 b,5784.0,0.98083,,3.17207779,,Transit
Kepler-1497 b,5675.0,0.95,,1.66,,Transit
HD 154088 b,5374.0,,0.134,,,Radial Velocity
KMT-2021-BLG-1391L b,,,2.29,,,Microlensing
Kepler-1193 b,5908.0,1.21,,1.32,,Transit
OGLE-2012-BLG-0358L b,,,0.87,,,Microlensing
Kepler-15 b,5515.0,0.992,0.05714,10.76,,Transit
KMT-2021-BLG-0240L b,,,2.8,,,Microlensing
TOI-3464 b,6370.0,1.56,0.0515,13.7646283,1693.0,Transit
TOI-209 b,4806.66,0.742779,,2.3947209,,Transit
HD 33844 c,4861.0,5.29,2.24,,,Radial Velocity
HAT-P-2 c,,,,,,Radial Velocity
Kepler-201 c,6065.0,1.229,0.573,2.85,,Transit
Kepler-29 b,5378.0,0.732,,2.55,,Transit
Kepler-233 c,5360.0,0.758,0.287,2.71,,Transit
K2-254 c,4629.0,0.67,0.0923,2.19,551.0,Transit
TOI-4137 b,6202.0,1.438,0.05222,13.57407563,1570.0,Transit
Kepler-918 b,6028.0,1.14,,1.74,,Transit
bet Pic d,,,26.0,14.12331568,600.0,Imaging
HD 134606 e,5576.0,1.158,0.0527,,,Radial Velocity
Kepler-433 b,6360.0,2.26,0.0679,16.25,1776.0,Transit
Kepler-1976 b,5712.0,1.082,0.0565,12.21,1103.0,Transit Timing Variations
CoRoT-8 b,5080.0,0.77,0.063,6.39,,Transit
Kepler-546 b,5967.0,1.15,,7.0,,Transit
HATS-7 b,4985.0,0.815,0.04012,6.310667,1084.0,Transit
TOI-6954 b,5170.87,0.947112,,3.63524486,,Transit
MASCARA-1 b,7490.0,2.082,0.040352,17.90074218,2594.3,Transit
TOI-5800 b,4850.0,0.773,0.0344,2.46,1108.0,Transit
HD 214823 b,,,3.08,,,Radial Velocity
Kepler-1518 b,6846.0,1.88,,3.05,,Transit
K2-320 b,3157.0,0.3,0.0142,2.62,698.0,Transit
OGLE-2018-BLG-1269L b,,,4.51,,,Microlensing
TOI-1062 b,5328.0,0.84,0.052,2.265,1077.0,Transit
TOI-1062 c,5328.0,0.84,0.08,,859.0,Radial Velocity
Kepler-1953 b,4858.0,0.707,,1.28574667,,Transit
HD 5278 b,6203.0,1.194,0.1202,2.45,943.0,Transit
HD 5278 c,6203.0,1.194,0.2416,,,Radial Velocity
TOI-2109 b,6540.0,1.698,0.01791,15.098497,3646.0,Transit
pi Men d,5998.0,1.19,,,,Radial Velocity
TOI-1107 b,6311.0,1.81,0.0561,14.57167491,1728.0,Transit
TOI-1230.01,5696.0,1.15281,,2.38627705,1046.51,Transit
Kepler-324 b,5194.0,0.84,0.05,1.14,,Transit
TOI-880.02,5050.0,0.83,0.0349,2.19,1085.0,Transit
Kepler-375 c,5826.0,0.837,0.141,2.65,,Transit
HD 101581 b,4675.0,0.63,0.046,0.956,834.0,Transit
EPIC 229004835 b,5868.0,0.999,0.1237,2.332,804.0,Transit
Kepler-1334 b,5614.0,0.91,,2.29,,Transit
Kepler-337 c,5684.0,1.761,0.093,2.05,,Transit
WASP-147 b,5702.0,1.429,0.0549,12.498035,1404.0,Transit
TOI-3593 b,5550.0,0.918,0.0481,11.02963701,1170.0,Transit
Kepler-999 b,6237.0,1.65,,2.34,,Transit
TOI-2443 b,4375.0,0.631,0.105,2.363,519.0,Transit
OGLE-2011-BLG-0173L b,,,8.0,,,Microlensing
Kepler-722 b,5863.0,1.05,,2.63,,Transit
HD 191806 b,,,2.749,,,Radial Velocity
Kepler-11 f,5663.0,1.065,0.25,2.49,,Transit
Kepler-1226 b,5923.0,1.02,,1.45,,Transit
TIC 437041147 b,5224.36,0.961092,,2.21526814,,Transit
K2-83 b,3910.0,0.424,0.03014,1.244,,Transit
Kepler-731 b,5849.0,1.06,,13.88,,Transit
HD 213240 b,5979.0,1.51,1.89,,,Radial Velocity
Kepler-561 b,5646.0,0.94,,6.96,,Transit
K2-138 g,5356.3,0.863,0.23109,3.013,,Transit
HIP 29442 d,5289.0,0.98,0.0673,1.538,920.0,Radial Velocity
HD 62364 c,,,36.984,,,Radial Velocity
Kepler-978 b,6002.0,1.09,,2.99,,Transit
HD 29985 b,,,13.39,,,Radial Velocity
GJ 682 b,3028.0,,0.08,,,Radial Velocity
Kepler-454 d,5687.0,1.066,5.1,,,Radial Velocity
Kepler-1933 b,5661.0,1.008,,1.17984089,,Transit
Kepler-1101 b,5614.0,0.91,,2.47,,Transit
HD 18438 b,3860.0,88.475,2.1,,,Radial Velocity
HD 95735 c,3719.0,0.3685,2.94,,,Radial Velocity
Kepler-292 d,5299.0,0.826,0.068,2.23,,Transit
HD 45364 b,5466.0,0.89,0.6793,,,Radial Velocity
HATS-53 b,5644.0,1.101,0.04753,15.02006,1312.0,Transit
Kepler-260 b,5250.0,0.862,0.075,2.01,,Transit
TOI-4156 b,5971.64,1.03963,,2.53823825,,Transit
Kepler-347 c,6088.0,1.005,0.183,1.75,,Transit
HD 110014 b,4445.0,20.9,2.14,,,Radial Velocity
HD 220197 b,5683.0,0.98,2.729,,,Radial Velocity
WASP-37 b,5800.0,1.003,0.0446,13.002,,Transit
Kepler-335 c,5877.0,1.854,0.356,3.07,,Transit
KOI-3503 c,6001.0,1.255,,1.21,686.0,Transit
WASP-46 b,5600.0,0.858,0.02335,13.159366,1636.0,Transit
HD 115404 A c,,,11.364,,,Radial Velocity
Kepler-1507 b,5410.0,0.85,,0.84,,Transit
K2-273 b,5161.0,0.85,0.0729,3.05,849.0,Transit
TOI-1221 b,5592.0,1.031,0.387,2.91,440.0,Transit
Kepler-253 d,5208.0,0.786,0.13,3.17,,Transit
CoRoT-4 b,6190.0,1.17,0.09,13.34,1074.0,Transit
TOI-3894 b,6000.0,1.502,0.05354,15.27784069,1531.0,Transit
Kepler-1038 b,5335.0,0.83,,3.53,,Transit
Kepler-846 b,5579.0,0.91,,2.48,,Transit
Kepler-866 b,4751.0,0.71,,1.63,,Transit
TOI-2411 b,4099.0,0.68,0.0144,1.68,1355.0,Transit
Kepler-301 c,5815.0,0.9,0.06,1.35,,Transit
K2-409 b,5742.0,1.228,,2.482,,Transit
Kepler-560 b,3556.0,0.33,,1.72,,Transit
KMT-2023-BLG-1866L b,,,2.63,,,Microlensing
HD 74156 c,,,3.678,,,Radial Velocity
GJ 273 c,3382.0,0.293,0.036467,,,Radial Velocity
Kepler-1921 c,6120.0,2.0,0.0454,1.41,1791.0,Transit
K2-99 c,6069.0,2.55,1.43,,390.0,Radial Velocity
TOI-1064 b,4734.0,0.726,0.06152,2.587,784.0,Transit
Kepler-841 b,5324.0,0.81,,5.23,,Transit
TOI-5605 b,4583.79,0.736044,,2.52611303,,Transit
HD 27894 d,,,5.362,,,Radial Velocity
Kepler-186 e,3788.0,0.472,0.11,1.27,,Transit
Kepler-1987 d,4769.0,0.714,0.0571,2.66,744.0,Transit
Kepler-1233 b,6198.0,1.25,,2.6,,Transit
HD 29021 b,,,2.294,,,Radial Velocity
Kepler-205 b,4321.0,0.546,0.032,1.51,,Transit
Kepler-549 c,5360.0,0.84,,2.93,,Transit
Kepler-1221 b,5194.0,0.82,,1.88,,Transit
Kepler-1836 b,6123.0,0.987,,2.55303229,,Transit
Kepler-257 b,5180.0,1.037,0.034,2.61,,Transit
Kepler-42 b,3068.0,0.17,0.0116,0.78,519.0,Transit
HD 75302 b,,,5.3,,,Radial Velocity
Kepler-44 b,5800.0,1.35,0.0446,12.22,1544.0,Transit
Kepler-425 b,5170.0,0.86,0.0464,10.962,1070.0,Transit
KOI-984 c,5295.0,0.818,0.1467,,597.0,Transit Timing Variations
Kepler-1912 b,5734.0,0.962,,1.35670508,,Transit
Kepler-336 d,5867.0,1.304,0.154,2.37,,Transit
HD 156098 c,,,8.415,,,Radial Velocity
Kepler-1258 b,5839.0,0.99,,0.86,,Transit
HD 142 b,,,1.039,,,Radial Velocity
KMT-2021-BLG-0171L b,5200.0,,3.5,,,Microlensing
Kepler-132 b,6003.0,1.178,0.067,1.21,,Transit
TOI-5174 b,5643.77,1.09457,,5.351,,Transit
WASP-97 b,5640.0,1.08,,12.77826,,Transit
Kepler-1646 b,3299.0,0.26,,1.23,,Transit
HD 63433 c,5553.0,0.934,,2.692,678.92,Transit
K2-342 b,5920.0,1.09,,2.03,861.0,Transit
Kepler-188 c,6021.0,1.141,0.066,3.19,,Transit
Kepler-1096 b,4306.0,0.63,,1.24,,Transit
HD 173416 b,4683.0,13.5,1.158,,,Radial Velocity
Kepler-111 c,5914.0,1.145,0.751,7.0840758,352.2,Transit
KMT-2022-BLG-1013L b,,,1.38,,,Microlensing
Kepler-284 b,5615.0,0.814,0.104,2.24,,Transit
MOA-2013-BLG-605L b,,,0.93,,,Microlensing
OGLE-2016-BLG-1227L b,,,3.4,,,Microlensing
HATS-52 b,6010.0,1.046,0.02498,15.490838,1834.0,Transit
HD 32963 b,5727.0,,3.41,,,Radial Velocity
Kepler-131 b,5685.0,1.03,,2.41,,Transit
MOA-2008-BLG-379L b,,,2.7,,,Microlensing
Kepler-1241 b,5261.0,0.8,,2.63,,Transit
HIP 55507 b,,,5.062,,,Radial Velocity
HD 1690 b,4374.0,21.66,1.36,,,Radial Velocity
TOI-2498 b,5905.0,1.26,0.0491,6.06,1443.0,Transit
HD 29399 b,4845.0,4.5,1.913,,,Radial Velocity
WASP-1 b,,1.47,0.03889,16.623,,Transit
HD 151450 b,,,0.16,,,Radial Velocity
OGLE-TR-111 b,,0.83,0.0473,11.421971,,Transit
Kepler-361 c,6169.0,1.343,0.3,2.52,,Transit
K2-136 b,4500.0,0.677,0.0707,1.014,610.0,Transit
K2-136 c,4500.0,0.677,0.1185,3.0,470.0,Transit
K2-136 d,4500.0,0.677,0.1538,1.565,420.0,Transit
TOI-913 b,4969.0,0.7325,,2.4528,712.01,Transit
LHS 1815 b,3643.0,0.501,,1.088,,Transit
LHS 475 b,3300.0,0.2789,,0.991,586.0,Transit
HD 18143 c,,,17.53,,,Radial Velocity
LHS 1678 d,3490.0,0.329,0.04,0.981,,Transit
WASP-157 b,5772.0,1.1,0.0499,11.19,1193.0,Transit
EPIC 201833600 c,,,,1.0,,Transit
Kepler-93 b,5669.0,0.919,0.05343,1.478,1133.0,Transit
HD 106270 b,5509.0,2.66,3.34,,,Radial Velocity
TOI-220 b,5298.0,0.858,0.08911,3.03,805.0,Transit
HD 2638 b,5186.0,0.94,0.04,,,Radial Velocity
HD 39194 c,,,0.1083,,,Radial Velocity
Kepler-511 b,5770.0,1.2,,6.35,,Transit
K2-151 b,3695.0,0.45,0.0373,1.49,566.0,Transit
HIP 54373 b,4021.0,,0.063,,,Radial Velocity
Kepler-426 b,5725.0,0.92,0.0414,12.22,1300.0,Transit
TOI-6054.02,6047.0,1.662,0.1079,2.82,1143.0,Transit
TOI-5795 b,5715.0,1.082,0.064,5.62,1136.78,Transit
HS Psc b,4203.0,0.65,0.0435,,,Radial Velocity
TOI-1443 b,5224.0,0.7511,0.147,2.30381001,520.66,Transit
HD 134606 f,5576.0,1.158,0.1784,,,Radial Velocity
Kepler-1717 b,6200.0,1.64,,2.98929758,,Transit
TOI-4329 b,6000.0,2.31,,16.81347105,,Transit
Kepler-784 c,5676.0,1.487,0.1309,1.55,844.0,Transit
Kepler-1972 b,5818.0,1.384,,0.802,,Transit
HD 100546 b,10500.0,,53.0,77.3421,,Imaging
Kepler-238 e,,0.96,,5.6,,Transit
Kepler-993 b,3843.0,0.54,,2.97,,Transit
Teegarden's Star d,3034.0,0.12,0.0791,,159.0,Radial Velocity
OGLE-TR-132 b,6210.0,1.32,0.03035,13.45,2013.0,Transit
TOI-4342 c,3866.0,0.598,0.0804,2.349,514.0,Transit
Kepler-1761 b,3871.0,0.532,,1.39109603,,Transit
Kepler-865 c,5440.0,0.885,0.061,0.89,914.0,Transit
K2-59 b,5055.0,0.731,0.1354,2.41,,Transit
Kepler-1062 b,4597.0,0.7,,1.76,,Transit
OGLE-2018-BLG-0516L b,,,2.2,,,Microlensing
Kepler-809 b,5734.0,0.98,,3.01,,Transit
Kepler-941 b,5539.0,0.86,,3.08,,Transit
TOI-5799 b,3452.0,0.321,0.0348,1.733,505.0,Transit
Kepler-1400 b,5044.0,0.78,,1.62,,Transit
HD 10975 b,4840.0,11.16,0.95,,,Radial Velocity
HAT-P-20 b,4595.0,0.694,0.0361,9.718,970.0,Transit
Kepler-920 c,5403.0,0.85,,3.8,,Transit
KMT-2024-BLG-0404L c,,,,,,Microlensing
Kepler-1505 b,5686.0,0.86,,0.93,,Transit
Kepler-545 b,5882.0,1.07,,2.69,,Transit
TOI-1438 b,5230.0,0.82,0.0553,3.04,971.0,Transit
HATS-3 b,6351.0,1.404,0.0485,15.48,1648.0,Transit
HD 135694 b,5712.0,1.08,0.124695,2.857,,Transit
HR 5183 b,5794.0,1.53,18.0,,171.0,Radial Velocity
Kepler-374 c,5977.0,0.911,0.042,1.1,,Transit
TOI-2200 b,5036.17,0.826247,,6.96310517,,Transit
TOI-2295 c,5730.0,1.459,2.018,,234.9,Radial Velocity
TOI-205 b,6302.74,1.45382,,2.50121142,,Transit
Kepler-1547 b,6078.0,1.18,,0.9,,Transit
Kepler-1181 c,6688.0,1.347,0.0928,1.83,1124.0,Transit
EPIC 220674823 c,5578.0,0.99,0.1078,2.712,838.0,Transit
HD 160691 e,5773.0,1.33,,,,Radial Velocity
Kepler-1471 c,5533.0,1.166,0.0981,1.88,841.0,Transit
WASP-197 b,6050.0,2.112,0.065,14.44837612,1665.0,Transit
Kepler-1279 b,6221.0,1.33,,1.75,,Transit
Kepler-1438 b,5530.0,0.96,,0.94,,Transit
Kepler-446 b,3359.0,0.24,,1.5,,Transit
Kepler-1197 b,4708.0,0.72,,1.25,,Transit
KOBE-1 c,4135.0,0.619,0.16071,,392.5,Radial Velocity
Kepler-113 b,4725.0,0.69,,1.82,,Transit
Kepler-10 c,5708.0,1.065,0.241,2.355,579.0,Transit
Kepler-1963 b,5726.0,0.979,,0.74437023,,Transit
Kepler-357 b,5036.0,0.834,0.063,1.84,,Transit
WASP-24 b,6075.0,1.42,,15.46842,,Transit
TOI-3261 b,5068.0,0.849,0.01714,3.82,1722.0,Transit
Kepler-223 c,,1.72,,3.44,,Transit
Kepler-1417 b,5839.0,1.02,,1.0,,Transit
KMT-2016-BLG-2321L b,,,3.58,,,Microlensing
Kepler-755 b,5043.0,0.77,,1.76,,Transit
HD 180314 b,4917.0,9.2,1.448,,,Radial Velocity
Kepler-390 b,5166.0,0.776,0.065,0.82,,Transit
Kepler-202 b,4668.0,0.667,0.045,1.63,,Transit
KMT-2021-BLG-0748L b,,,2.43,,,Microlensing
Kepler-403 d,6209.0,1.45,,1.42,,Transit
K2-57 b,4413.0,0.671,0.0752,2.30905002,635.8,Transit
K2-28 b,3214.0,0.288,0.0214,2.32,568.0,Transit
Kepler-292 f,5299.0,0.826,0.141,2.35,,Transit
Kepler-220 d,4632.0,0.666,0.163,0.98,,Transit
Kepler-366 c,6209.0,1.048,0.11,1.79,,Transit
HD 67087 c,6330.0,1.55,3.86,,,Radial Velocity
HD 191939 f,5348.0,0.94,3.71,,,Radial Velocity
KMT-2019-BLG-1216L b,,,2.44,,,Microlensing
TOI-4465 b,5545.0,1.014,0.416,14.01122587,427.0,Transit
bet UMi b,4126.0,38.3,1.4,,,Radial Velocity
Kepler-309 b,4713.0,0.721,0.059,1.56,,Transit
Kepler-686 b,5649.0,0.92,,12.15,,Transit
TOI-2285 b,3491.0,0.464,,1.77,358.0,Transit
TOI-907.01,6272.0,2.059789,0.055225481,9.6158851,1846.6,Transit
TOI-3353.01,6365.0,1.0207,0.060118218,2.6667555,1264.36,Transit
NGTS-26 b,5550.0,1.16,0.049,14.88552637,1331.0,Transit
TIC 46432937 b,3572.0,0.5299,0.02065,13.31626907,872.0,Transit
HIP 67522 b,5675.0,1.38,0.0748,9.9872018,1175.0,Transit
HIP 67522 c,5675.0,1.38,0.1228,7.93595834,917.0,Transit
HD 39091 b,5998.0,1.17,3.28,,,Radial Velocity
TOI-2322 b,4664.0,0.662,0.0924,0.994,603.1,Transit
TOI-2322 c,4664.0,0.662,0.1362,1.874,496.8,Transit
Kepler-103 b,6047.0,1.492,0.133,3.4857,,Transit
Kepler-103 c,6047.0,1.492,0.6679,5.4539,,Transit
pi Men c,5998.0,1.17,,2.0189,,Transit
TOI-912 b,3572.0,0.419,0.041,1.93,551.0,Transit
TOI-1105 b,4678.46,0.755833,,3.05823658,,Transit
TOI-707 b,5424.0,0.978,0.275,2.416,491.7,Transit
WASP-5 b,5700.0,1.029,0.0267,12.184,1706.0,Transit
HD 7924 c,5075.0,0.7821,0.1134,,583.6,Radial Velocity
HD 183263 b,,,1.46,,,Radial Velocity
HD 171238 b,,,2.518,,,Radial Velocity
HD 175541 b,5013.0,4.19,0.975,,,Radial Velocity
HD 33142 b,5025.4,4.17,1.074,,,Radial Velocity
Kepler-291 b,6002.0,1.016,0.047,2.16,,Transit
HD 154672 b,5743.0,1.32,0.6,,,Radial Velocity
K2-77 b,5160.0,0.792,0.0753,2.4996027,806.0,Transit
K2-266 b,4285.0,0.703,0.01306,3.3,1515.0,Transit
Kepler-990 c,5948.0,1.08,,1.53,,Transit
TOI-2992 b,6000.0,1.545,0.0434,13.75341932,1726.0,Transit
Kepler-450 d,6197.21,1.64162,,0.837,,Transit
Kepler-638 b,5382.0,0.93,,1.83,,Transit
Kepler-479 b,5247.0,0.81,,2.12,,Transit
Kepler-363 d,5593.0,1.485,0.107,2.05,,Transit
Kepler-1946 b,5505.0,0.873,,2.48812698,,Transit
24 Sex c,5098.0,4.9,2.08,,,Radial Velocity
Kepler-1747 b,5477.0,0.865,,4.26508,,Transit
K2-335 b,6222.0,1.33,,2.21,949.0,Transit
K2-344 b,4374.0,0.49,,1.59,722.0,Transit
KELT-6 c,6272.0,1.529,2.39,,,Radial Velocity
Kepler-126 b,6239.0,1.358,0.099,1.52,,Transit
Kepler-122 e,6050.0,1.216,0.227,2.6,,Transit
Kepler-228 d,6043.0,1.014,0.101,4.04,,Transit
NGTS-15 b,5600.0,0.954,0.0441,12.32987877,1146.0,Transit
BD+37 3172 b,4500.0,50.24,4.65,,,Radial Velocity
CoRoT-19 b,6090.0,1.65,0.0518,14.46,2000.0,Transit
Kepler-1625 b,5677.0,0.94,,6.06,,Transit
Kepler-629 b,5444.0,0.84,,1.38,,Transit
TOI-6677 b,6572.28,1.57167,,5.83507112,,Transit
K2-397 b,5387.0,0.966,,2.417,,Transit
Kepler-1354 b,6168.0,1.24,,2.97,,Transit
TOI-1194 b,5394.0,0.9608,0.034,8.71664516,1264.29,Transit
KELT-17 b,7454.0,1.645,0.04881,17.093725,2087.0,Transit
TOI-3919 b,6100.0,1.319,0.0795,12.31866979,1198.0,Transit
Kepler-65 d,6211.0,1.41,0.084,1.52,,Transit
Kepler-1656 c,,1.1,3.053,,,Radial Velocity
MOA-2016-BLG-526L b,,,2.07,,,Microlensing
K2-71 b,4006.0,0.426,0.0559,2.15,,Transit
TOI-3785 b,3576.0,0.5,0.043,5.14,582.0,Transit
Kepler-1595 b,5203.0,0.8,,1.23,,Transit
KOI-351 d,6080.0,1.2,0.32,2.87,,Transit
TOI-837 b,5995.0,1.052,0.0888,9.16894621,995.3,Transit
TOI-4860 b,3260.0,0.358,0.01808,8.7,694.0,Transit
NGTS-3 A b,5600.0,0.93,0.023,16.58932,,Transit
K2-174 b,4455.0,0.676,0.126,2.6,455.0,Transit
Kepler-1880 b,4380.0,0.53,,2.11686218,,Transit
HAT-P-6 b,6570.0,1.62,,16.58932,,Transit
LHS 1903 d,3664.0,0.539,0.08604,2.5,442.0,Transit
TOI-1201 b,3476.0,0.508,0.0287,2.415,703.0,Transit
Kepler-1093 c,6166.0,1.2,,1.96,,Transit
Kepler-203 d,5821.0,1.114,0.1,1.44,,Transit
KMT-2018-BLG-1025L b,,,1.305,,,Microlensing
Kepler-379 c,6054.0,1.306,0.326,2.29,,Transit
WASP-181 b,5839.0,0.965,0.05427,13.271456,1186.0,Transit
Kepler-1033 b,5547.0,0.92,,2.51,,Transit
Kepler-684 b,5493.0,0.86,,3.36,,Transit
Kepler-393 b,6189.0,1.382,0.091,1.29,,Transit
WASP-72 b,6250.0,2.18,,14.45961,,Transit
Kepler-378 b,4661.0,0.671,0.112,0.75,,Transit
WASP-133 b,5700.0,1.44,0.0345,13.56289,1790.0,Transit
HATS-65 b,6277.0,1.31,0.04497,16.824709,1634.0,Transit
HD 35759 b,6060.0,,0.389,,,Radial Velocity
Kepler-1702 b,5093.0,0.725742,,1.60190793,,Transit
Kepler-550 b,5322.0,0.83,,4.42,,Transit
GJ 887 c,3688.0,0.468,0.121,,320.0,Radial Velocity
TOI-4458 b,6151.0,1.96,0.0522,12.40834163,1759.0,Transit
Kepler-1895 b,5076.0,0.763,,2.11934728,,Transit
TOI-1634 c,3472.0,0.45,,,,Radial Velocity
Kepler-1218 b,5986.0,1.1,,1.44,,Transit
GJ 238 b,3485.0,0.4314,0.02123,0.566,758.0,Transit
TIC 445839811 b,5408.25,0.850041,,2.47771211,,Transit
HIP 98599 b,5978.0,,3.96,,,Radial Velocity
Kepler-323 b,6004.0,1.12,0.02778,1.381,1838.0,Transit
K2-268 e,5106.0,0.78,,1.33,801.0,Transit
Kepler-8 b,6213.0,1.486,0.0474,15.871944,1680.0,Transit
Kepler-904 b,6160.0,1.25,,1.77,,Transit
Kepler-772 b,5714.0,1.11,,1.82,,Transit
Kepler-669 b,6038.0,1.2,,4.83,,Transit
Kepler-1610 c,5295.0,0.8,0.2323,2.09,433.0,Transit
Kepler-310 b,5797.0,0.876,0.111,1.19,,Transit
Kepler-427 b,5800.0,1.35,0.091,13.79,1100.0,Transit
NGTS-33 b,7437.0,1.47,0.048,18.38272835,1991.0,Transit
TOI-3976 A b,5975.0,1.501,0.0743,12.27383387,1295.0,Transit
HD 191939 e,5348.0,0.94,0.407,,390.0,Radial Velocity
Kepler-1876 b,6104.0,1.477,0.0758,0.853,1299.0,Transit
Kepler-1771 b,5661.0,0.934,,4.05537256,,Transit
HD 224693 b,5894.0,1.93,0.191,,,Radial Velocity
HD 457 b,,,15.369,,,Radial Velocity
TOI-469.01,5289.0,0.98,0.111,3.41,716.0,Transit
HIP 65891 b,5000.0,8.93,2.82,,,Radial Velocity
Kepler-227 c,5854.0,1.091,0.29,3.04,,Transit
Kepler-127 d,6106.0,1.359,0.28,2.64,,Transit
K2-184 b,5245.0,0.75,0.1685,1.47,533.0,Transit
Kepler-1026 b,4948.0,0.75,,2.21,,Transit
HD 63765 b,5449.0,0.83,0.94,,,Radial Velocity
Kepler-371 b,5666.0,0.992,0.2,1.89,,Transit
Kepler-438 b,3748.0,0.52,0.166,1.12,,Transit
HD 27442 b,4846.0,,1.271,,,Radial Velocity
Kepler-214 b,6169.0,1.352,0.13,2.61,,Transit
Kepler-398 b,4493.0,0.613,0.044,0.93,,Transit
Kepler-310 c,5797.0,0.876,0.281,3.38,,Transit
TOI-2485 b,,1.72,0.1093,12.1393261,1134.0,Transit
Kepler-982 b,6139.0,1.29,,2.25,,Transit
Kepler-1535 b,6021.0,1.11,,2.55,,Transit
Kepler-110 b,5960.0,1.149,0.107,1.83,,Transit
HD 73534 b,4917.0,2.58,2.99,,,Radial Velocity
Kepler-1630 b,4736.0,0.63,,2.19,,Transit
Kepler-824 b,6035.0,1.22,,1.87,,Transit
HATS-50 b,5990.0,1.117,0.05046,12.66617,,Transit
HD 177565 b,,,0.246,,,Radial Velocity
Kepler-1372 b,5677.0,0.97,,1.27,,Transit
KMT-2019-BLG-1367L b,,,1.7,,,Microlensing
TWA 7 b,,,52.0,,316.0,Imaging
K2-14 b,3789.0,0.45,0.0627,4.81,488.0,Transit
Kepler-511 c,5866.0,1.417,,4.20964327,,Transit
TOI-470 b,5190.0,0.831,0.119,4.34,660.0,Transit
Kepler-813 b,5743.0,0.93,,2.14,,Transit
TOI-2000 c,5611.0,1.134,0.0878,8.14,1038.0,Transit
Kepler-611 b,5761.0,1.01,,1.65,,Transit
Kepler-595 b,,0.821,,3.708,,Transit
HD 220689 b,5921.0,1.068,3.396,,,Radial Velocity
V830 Tau b,4250.0,2.0,0.057,,,Radial Velocity
HD 181433 d,,,6.74,,,Radial Velocity
Kepler-41 b,5750.0,1.29,0.03101,14.46,1790.0,Transit
Kepler-229 c,5120.0,0.728,0.117,4.92,,Transit
Kepler-1815 b,5516.0,0.967,,2.7489262,,Transit
Kepler-769 c,6186.0,1.28,,1.79,,Transit
Kepler-1770 b,5602.0,1.009,,2.84141754,,Transit
Kepler-520 c,6112.0,1.09,,1.07,,Transit
TOI-1268 b,5300.0,0.92,0.0711,9.1,918.9,Transit
Kepler-68 b,5847.0,1.2564,0.06135,2.357,1275.0,Transit
Kepler-79 d,6389.0,1.316,,7.15,,Transit
Kepler-600 b,5279.0,0.81,,2.9,,Transit
GJ 1061 d,2953.0,0.156,0.054,,,Radial Velocity
Kepler-374 d,5977.0,0.911,0.056,1.31,,Transit
Kepler-1292 b,5556.0,0.93,,1.82,,Transit
Kepler-1666 c,6293.0,1.14586,,3.23564749,,Transit
Kepler-1359 b,4709.0,0.72,,2.83,,Transit
TOI-6707 b,6289.49,1.58202,,5.72673066,,Transit
TOI-375 b,5259.9,2.9,0.099,10.77183045,1373.0,Transit
Kepler-342 b,6175.0,1.472,0.128,2.25,,Transit
WASP-153 b,5914.0,1.73,0.048,17.37395,1700.0,Transit
Kepler-853 b,6350.0,1.55,,1.69,,Transit
K2-124 b,3570.0,0.388,0.049,2.9,442.0,Transit
Kepler-1061 b,6067.0,1.07,,1.98,,Transit
TOI-201 d,6423.0,1.31,0.0698,1.39,,Transit
K2-413 b,4116.0,0.7,0.0117,0.7599,,Transit
TOI-6002 b,3229.0,0.2432,0.05722,1.65,321.4,Transit
TOI-1798.01,5165.0,0.78,0.074984,2.448,,Transit
TOI-5398 b,6000.0,1.051,0.098,10.3,947.0,Transit
Kepler-187 b,6105.0,1.287,0.059,1.41,,Transit
TOI-871 b,4929.0,0.719,0.1054,1.664,621.0,Transit
Kepler-270 b,6067.0,1.461,0.107,2.01,,Transit
Kepler-1378 b,4407.0,0.67,,2.2,,Transit
Kepler-1121 b,6231.0,1.59,,1.91,,Transit
Kepler-55 e,4503.0,0.619,0.048,1.55,,Transit
Kepler-1931 b,6167.0,1.221,,2.65323514,,Transit
Kepler-1865 b,5420.0,0.871,,1.57686072,,Transit
Kepler-341 c,6012.0,1.024,0.08,1.7,,Transit
BD-13 2130 b,4545.0,19.17,1.66,,,Radial Velocity
eps CrB b,4406.0,21.0,1.3,,,Radial Velocity
Kepler-1542 c,5564.0,0.99,,0.65,,Transit
Kepler-223 d,,1.72,,5.24,,Transit
Kepler-1268 b,5904.0,1.09,,2.03,,Transit
KMT-2023-BLG-1592L b,,,3.9,,,Microlensing
Kepler-394 b,6402.0,1.132,0.083,1.6,,Transit
GJ 1002 b,3024.0,0.137,0.0457,,230.9,Radial Velocity
TIC 231949697 b,3451.32,0.492584,,1.52831855,,Transit
Kepler-387 b,5774.0,1.046,0.068,1.03,,Transit
HD 4203 b,5596.0,1.42,1.17,,,Radial Velocity
TOI-2421 b,5607.0,1.75,0.0543,10.36830715,1534.0,Transit
Kepler-407 b,5487.0,1.04,,1.19,,Transit
HATS-54 b,5621.0,1.23,0.037,11.37711541,1429.0,Transit
Kepler-135 c,6090.0,1.275,0.103,1.16,,Transit
HD 69830 b,5385.0,,0.0785,,,Radial Velocity
Kepler-1307 b,5884.0,1.08,,2.47,,Transit
Kepler-139 c,5594.0,1.3,0.586,3.38,,Transit
Kepler-1012 b,5556.0,0.91,,1.29,,Transit
Kepler-1694 b,4954.0,0.756284,,1.17986031,,Transit
Kepler-1064 b,5153.0,0.79,,1.55,,Transit
OGLE-2017-BLG-0373L b,,,2.424,,,Microlensing
Kepler-216 c,6091.0,1.26,0.136,3.04,,Transit
K2-163 b,4937.0,0.762201,,2.46610713,,Transit
Kepler-296 c,3740.0,0.48,0.0521,2.0,,Transit
GJ 9689 b,3836.0,0.57,0.1139,,453.04,Radial Velocity
Kepler-284 c,5615.0,0.814,0.213,2.61,,Transit
GJ 27.1 b,3542.0,,0.101,,,Radial Velocity
Kepler-1075 b,3959.0,0.54,,1.42,,Transit
K2-404 b,3748.0,0.552,,2.53,,Transit
Kepler-1342 b,5527.0,0.9,,1.66,,Transit
Kepler-721 b,5075.0,0.78,,2.64,,Transit
HIP 54515 b,8100.0,,24.8,,,Imaging
TOI-2525 b,5096.0,0.785,0.1511,8.67575106,,Transit
KMT-2022-BLG-1551L b,,,2.29,,,Microlensing
Kepler-150 d,5560.0,0.939,0.104,2.79,,Transit
WASP-7 b,6400.0,1.432,0.0617,14.90797,1487.0,Transit
K2-104 b,3712.0,0.48,0.0242,1.79,798.0,Transit
HAT-P-59 b,5678.0,1.1038,0.05064,12.58768533,1277.8,Transit
Kepler-80 e,4540.0,0.678,0.0491,1.6,,Transit
Kepler-1764 b,6461.0,1.131,,4.55527871,,Transit
KIC 10001893 b,27500.0,,,,,Orbital Brightness Modulation
TOI-481 b,5735.0,1.66,0.097,11.09691,1370.0,Transit
Kepler-422 b,5972.0,1.24,0.082,12.89,,Transit
HD 13167 b,5671.0,2.39,4.1,,,Radial Velocity
HD 20782 b,5782.13,1.12681,1.3649,,,Radial Velocity
Kepler-773 b,5850.0,1.01,,1.43,,Transit
Kepler-218 d,5542.0,1.02,,2.66,,Transit
HATS-9 b,5599.0,1.56,0.0312,13.85,1746.0,Transit
Kepler-906 b,6035.0,1.02,,2.11,,Transit
Kepler-444 b,5046.0,0.752,0.04178,0.403,,Transit
K2-12 b,5672.0,1.117,0.0792,2.44,1026.0,Transit
Kepler-1819 b,6090.0,1.071,,3.90351256,,Transit
EPIC 249893012 b,5430.0,1.71,0.047,1.95,1616.0,Transit
WASP-172 b,6900.0,1.91,0.0694,17.59813,1740.0,Transit
Kepler-192 b,5479.0,1.007,0.09,2.74,,Transit
HATS-51 b,5758.0,1.44,0.04639,15.80469,1553.0,Transit
K2-21 c,4222.06,0.646783,0.107,2.49,,Transit
GJ 685 b,3816.0,0.54,0.1344,,,Radial Velocity
HATS-44 b,5080.0,0.847,0.03649,11.960003,1161.0,Transit
Kepler-1059 b,4906.0,0.72,,1.73,,Transit
Kepler-860 b,5836.0,1.06,,3.24,,Transit
BD+48 738 b,4414.0,11.0,1.0,,,Radial Velocity
Kepler-1212 b,6051.0,1.15,,2.14,,Transit
HD 11505 b,,,20.247,,,Radial Velocity
Kepler-124 c,4984.0,0.636,0.1,1.75,,Transit
HD 108341 b,5122.0,0.79,2.0,,,Radial Velocity
Kepler-30 b,5498.0,0.95,0.18,3.9,,Transit
HD 114386 c,4895.0,,1.05,,,Radial Velocity
HD 89839 b,,,4.713,,,Radial Velocity
HD 93083 b,5033.8,0.837,0.508,,,Radial Velocity
Kepler-979 b,5310.0,0.83,,2.72,,Transit
Kepler-1766 b,5868.0,1.042,,2.27904508,,Transit
Teegarden's Star b,3034.0,0.12,0.0259,,277.0,Radial Velocity
Kepler-1446 b,4865.0,0.75,,0.82,,Transit
HD 179949 b,6168.0,,0.0443,,,Radial Velocity
Kepler-558 b,5242.0,0.81,,2.37,,Transit
CoRoT-2 b,5625.0,0.906,0.02798,16.432,,Transit
KOI-1783.01,5922.0,1.143,,8.86,,Transit
TOI-1273 b,5690.0,1.06,0.0549,11.09689089,1211.0,Transit
TIC 356227008 b,5731.86,0.959792,,2.39024009,,Transit
TOI-375 d,5259.9,2.9,0.984,,434.0,Radial Velocity
Kepler-1622 b,6436.0,1.5,,1.47,,Transit
TOI-2525 c,5096.0,0.785,0.249,10.13291855,,Transit
TIC 423703298 b,4540.37,0.729825,,2.77230429,,Transit
WASP-49 b,5600.0,0.97,,12.44199,,Transit
Kepler-1727 b,5349.0,0.82,,3.17321625,,Transit
Kepler-1468 c,5893.0,1.05,,1.15,,Transit
K2-155 b,4258.0,0.58,0.0562,1.8,708.0,Transit
TOI-4666 b,3793.0,0.585,0.034,12.53164042,695.0,Transit
Kepler-1517 b,7010.0,1.95,,9.76,,Transit
Kepler-1303 b,5771.0,1.0,,1.42,,Transit
EPIC 201615463 c,,,,1.22,,Transit
HD 140901 c,,,11.8,,,Radial Velocity
HD 184010 b,4971.0,4.86,0.94,,,Radial Velocity
Kepler-1748 b,5774.0,0.864,,2.71275017,,Transit
TOI-1752 b,3762.0,0.53,0.01624,1.693,1036.0,Transit
TOI-733 b,5585.0,0.949,0.0618,1.992,1055.8,Transit
HD 207897 b,5106.0,0.7827,0.117,2.34302132,581.75,Transit
OGLE-2014-BLG-0319L b,,,3.49,,,Microlensing
HD 13808 c,5035.0,0.781,0.2554,,,Radial Velocity
TOI-5716 b,3436.0,0.22,,0.96,400.0,Transit
Kepler-1441 b,5802.0,1.0,,1.31,,Transit
Kepler-567 b,5148.0,0.79,,2.25,,Transit
Kepler-161 b,5078.0,0.806,0.054,2.12,,Transit
Kepler-1083 b,5049.0,0.77,,3.36,,Transit
K2-190 b,5631.0,0.912206,,1.35673729,,Transit
WASP-95 b,5830.0,1.23,,13.78707,,Transit
K2-224 b,5620.0,0.84,0.0516,1.56,1002.0,Transit
Kepler-1327 b,5885.0,1.03,,1.8,,Transit
Kepler-1984 b,3638.0,0.42,0.0238,6.81,675.0,Transit
Kepler-767 b,5694.0,0.94,,6.64,,Transit
Kepler-364 c,6108.0,1.284,0.312,2.15,,Transit
K2-6 b,5850.0,0.96,0.1898,2.5,615.0,Transit
Kepler-1821 b,5475.0,0.884,,2.59248115,,Transit
Kepler-963 b,5461.0,0.87,,2.66,,Transit
Kepler-52 b,4075.0,0.52,,2.1,,Transit
K2-2016-BLG-0005L b,,,4.16,,,Microlensing
Kepler-411 d,,0.82,0.279,3.319,410.0,Transit
Kepler-724 b,5437.0,0.86,,3.29,,Transit
Kepler-33 b,5904.0,1.82,0.0677,1.74,,Transit
Kepler-619 c,5980.0,1.11,,1.69,,Transit
Kepler-1371 b,5361.0,0.83,,0.73,,Transit
Kepler-1384 b,4919.0,0.74,,1.94,,Transit
EPIC 211822797 b,4057.0,0.58,0.1195,1.92,431.0,Transit
Kepler-1690 b,5404.0,0.862346,,2.81109223,,Transit
PSR B0329+54 b,,,10.26,,,Pulsar Timing
HATS-69 b,5137.0,0.8785,0.03211,10.592505,1295.7,Transit
HD 141399 d,5600.0,,2.09,,,Radial Velocity
HD 187123 b,5790.0,1.15043,0.0426,,,Radial Velocity
HD 20868 b,4802.0,0.76,0.95,,,Radial Velocity
TOI-2018 b,4174.0,0.62,,2.268,,Transit
Kepler-1248 b,6149.0,1.21,,1.18,,Transit
WASP-21 b,,,0.052,11.99,,Transit
Kepler-1929 b,5786.0,1.471,,3.07250761,,Transit
WASP-65 b,5600.0,1.01,0.0334,12.464,1480.0,Transit
Kepler-207 c,5920.0,1.588,0.044,1.5,,Transit
Kepler-920 b,5403.0,0.85,,2.42,,Transit
Kepler-1526 b,4601.0,0.69,,2.43,,Transit
Kepler-758 b,6228.0,1.42,,2.48,,Transit
Kepler-903 b,5682.0,0.97,,2.01,,Transit
Kepler-497 b,5834.0,1.11,,6.04,,Transit
Kepler-127 b,6106.0,1.359,0.125,1.4,,Transit
Kepler-1436 b,5972.0,1.09,,1.31,,Transit
Kepler-27 c,5400.0,0.59,0.191,4.9,,Transit
HD 148164 c,6032.0,1.34,6.15,,,Radial Velocity
K2-261 b,5490.0,1.663,0.1086,9.26982704,1036.0,Transit
Kepler-1917 b,5530.0,0.788,,1.88971288,,Transit
GJ 3998 c,3726.0,0.5,0.09,,,Radial Velocity
Kepler-290 b,5147.0,0.743,0.11,2.25,,Transit
Kepler-1290 b,5660.0,0.93,,1.42,,Transit
WASP-149 b,5750.0,1.08,0.024,15.24421375,1855.0,Transit
Kepler-826 b,6079.0,1.15,,1.25,,Transit
KIC 8540376 b,6474.0,1.26,,4.1,,Transit
K2-406 b,5784.0,0.961,,4.602,,Transit
Kepler-282 b,5602.0,0.904,0.082,1.01,,Transit
HD 219134 d,4699.0,0.778,0.237,1.61,410.5,Radial Velocity
Kepler-1794 b,5052.0,0.816,,1.79426276,,Transit
HD 70573 b,5737.0,,1.76,,,Radial Velocity
HD 143811 AB b,6791.0,,63.0,15.69257298,,Imaging
TOI-5803 b,5134.0,0.7625,,3.2732,678.87,Transit
OGLE-2012-BLG-0026L b,,,4.0,,,Microlensing
CoRoT-10 b,5075.0,0.79,0.1055,10.87,600.0,Transit
KOI-351 b,6080.0,1.2,0.074,1.31,,Transit
Kepler-1305 b,5701.0,0.96,,1.88,,Transit
Kepler-1259 b,5053.0,0.77,,1.43,,Transit
Kepler-255 b,5573.0,0.933,0.063,1.55,,Transit
Kepler-1599 b,5767.0,0.99,,1.62,,Transit
HATS-60 b,5688.0,1.46,0.04708,12.923977,1528.0,Transit
HATS-14 b,5346.0,0.933,0.03815,11.646151,1276.0,Transit
Kepler-343 c,5807.0,1.433,0.167,2.02,,Transit
HD 81040 b,,,1.946,,,Radial Velocity
Kepler-651 b,5522.0,0.87,,2.37,,Transit
Kepler-1742 b,5776.0,0.849,,2.1782413,,Transit
HD 168863 b,,,10.961,,,Radial Velocity
psi1 Dra B b,6212.0,,4.43,,,Radial Velocity
K2-107 b,6061.0,1.81,0.0475,15.98,1649.0,Transit
KMT-2025-BLG-0121L b,,,3.05,,,Microlensing
Kepler-290 c,5147.0,0.743,0.205,2.7,,Transit
Kepler-1779 b,5730.0,1.056,,3.03295685,,Transit
Kepler-1210 b,5568.0,0.92,,1.7,,Transit
Kepler-219 b,5786.0,1.491,0.057,2.95,,Transit
Kepler-1304 b,5259.0,0.81,,2.29,,Transit
Kepler-122 c,6050.0,1.216,0.108,5.87,,Transit
BD+45 564 b,5004.0,,0.83,,,Radial Velocity
Qatar-5 b,5747.0,1.076,0.04127,12.408363,1415.0,Transit
Kepler-894 b,5603.0,0.85,,2.78,,Transit
Kepler-154 b,5690.0,1.001,0.198,2.26,,Transit
TOI-5713 b,3225.0,0.2992,0.06008,1.77,347.2,Transit
HIP 90988 b,,,1.36,,,Radial Velocity
HD 23079 b,5994.0,1.08,,,,Radial Velocity
Kepler-107 b,5854.0,1.447,0.04544,1.536,1592.0,Transit
TOI-4515 b,5433.0,0.86,0.118,12.17,705.0,Transit
TOI-2267 b,3030.0,0.2075,0.0205,1.0,424.0,Transit
HD 360 b,4770.0,10.86,0.98,,,Radial Velocity
HIP 5158 b,4962.0,,0.89,,,Radial Velocity
Kepler-395 b,4262.0,0.556,0.061,1.03,,Transit
XO-2 S b,5325.0,1.02,0.1347,,,Radial Velocity
Kepler-81 c,,0.59,,2.37,,Transit
HD 76920 b,4664.0,8.33,1.091,,,Radial Velocity
K2-285 c,4975.0,0.787,0.0824,3.53,741.4,Transit
Kepler-385 b,6326.0,1.126,0.097,2.73,,Transit
Kepler-635 b,6174.0,1.51,,2.64,,Transit
Kepler-691 b,3715.0,0.5,,2.09,,Transit
Kepler-151 c,5460.0,0.83,0.16,2.09,,Transit
TOI-333 b,6241.0,1.1,0.049,4.26,1445.0,Transit
K2-8 b,4870.0,0.74,0.0856,3.58,631.0,Transit
Kepler-565 b,5735.0,0.95,,3.64,,Transit
TOI-929 b,4457.16,0.717414,,2.68983343,,Transit
Kepler-216 b,6091.0,1.26,0.079,2.35,,Transit
TOI-2005 b,7130.0,2.02,0.16,11.99360935,,Transit
Kepler-418 b,5820.0,1.09,,13.45,,Transit
KIC 10525077 b,6091.0,1.01,,5.5,,Transit
K2-155 d,4258.0,0.58,0.1937,1.9,381.0,Transit
HAT-P-15 b,5568.0,1.07,,11.88154,,Transit
KOI-142 b,5466.0,0.897,,3.438,,Transit
HD 238090 b,3933.0,0.57,0.0932,,469.6,Radial Velocity
Kepler-609 b,5971.0,1.14,,3.35,,Transit
TOI-6080 b,5775.46,1.06221,,3.32424168,,Transit
HD 192699 b,5041.0,4.41,1.063,,,Radial Velocity
Kepler-112 c,5544.0,0.841,0.172,2.4,,Transit
Kepler-215 e,5739.0,1.027,0.314,1.75,,Transit
Kepler-1100 b,6247.0,1.34,,1.75,,Transit
Kepler-347 d,5592.0,1.451,0.3802,3.04,482.0,Transit
Kepler-990 b,5948.0,1.08,,2.6,,Transit
TOI-6130 b,6110.0,1.51,0.036,14.3474953,1750.0,Transit
HATS-57 b,5587.0,0.96,0.03493,12.767051,1413.4,Transit
HD 41004 B b,,,,,,Radial Velocity
Kepler-271 b,5555.0,0.87,,1.23,,Transit
OGLE-2013-BLG-1721L b,,,2.6,,,Microlensing
Kepler-280 c,5744.0,0.886,0.056,2.01,,Transit
HIP 66074 b,4300.0,0.69,0.799,,,Astrometry
Kepler-1447 b,5722.0,0.95,,2.9,,Transit
Kepler-337 b,5684.0,1.761,0.045,1.54,,Transit
TrES-3 b,5650.0,0.829,0.02282,14.975,,Transit
Kepler-1553 b,5288.0,0.81,,1.15,,Transit
TOI-3288 b,4072.0,0.672,0.02285,12.24020692,973.0,Transit
HD 108147 b,6255.73,1.20664,0.102,,,Radial Velocity
Kepler-485 b,5958.0,1.09,,14.41,,Transit
Kepler-681 b,5021.0,0.76,,3.08,,Transit
TOI-5799 c,3452.0,0.321,0.0782,1.76,337.0,Transit
Kepler-632 b,5322.0,0.84,,2.21,,Transit
Kepler-68 d,5847.0,1.2564,1.469,,,Radial Velocity
TOI-1718 b,5304.91,0.939285,,4.10824994,,Transit
Kepler-105 b,5933.0,1.026,,2.53,,Transit
TOI-375 c,5259.9,2.9,0.524,,596.0,Radial Velocity
TOI-1260 b,4227.0,0.672,0.0367,2.41,871.0,Transit
KMT-2023-BLG-1431L b,,,3.2,,,Microlensing
Kepler-418 c,5822.0,1.081,,5.22108654,,Transit
Kepler-1247 b,5303.0,0.82,,2.33,,Transit
HD 97048 b,10000.0,2.25,130.0,,,Disk Kinematics
HD 103197 b,5250.0,0.88,0.25,,,Radial Velocity
HIP 67537 b,,,4.807,,,Radial Velocity
Kepler-62 f,4925.0,0.64,0.718,1.41,208.0,Transit
Kepler-1360 b,6778.0,1.83,,3.4,,Transit
Kepler-1664 b,5735.81,,,3.03320653,,Transit
Kepler-1172 b,5558.0,0.89,,3.2,,Transit
BD-14 3065 b,6935.0,2.35,0.0656,21.59,2001.0,Transit
WASP-126 b,5800.0,1.27,,,,Transit
TOI-1279 b,5457.0,0.8426,0.085,2.66146528,759.0,Transit
WASP-156 b,5036.0,,0.046,6.15,,Transit
TOI-1184 b,4534.0,0.69,0.056027,2.39,,Transit
TOI-1203 c,5737.0,1.179,,,,Radial Velocity
Kepler-66 b,5962.0,0.966,0.1352,2.8,,Transit
Kepler-260 c,5250.0,0.862,0.332,1.74,,Transit
HD 158996 b,4069.0,50.3,2.1,,,Radial Velocity
K2-117 c,3778.0,0.51,0.0492,2.06,537.0,Transit
TOI-5335 b,5528.92,0.916633,,4.02422162,,Transit
HD 16141 b,5757.0,1.48,0.36,,,Radial Velocity
Kepler-900 b,4836.0,0.73,,2.08,,Transit
HD 15906 b,4757.0,0.762,0.09,2.24,668.0,Transit
Kepler-472 b,4996.0,0.78,,3.22,,Transit
HAT-P-46 b,6120.0,1.396,0.0577,14.392,1458.0,Transit
Kepler-269 c,5847.0,0.959,0.081,1.69,,Transit
Kepler-821 b,5191.0,0.8,,1.31,,Transit
Kepler-1482 b,5381.0,0.84,,1.01,,Transit
Kepler-19 b,5541.0,0.859,0.0846,2.209,851.0,Transit
HD 98736 b,5271.0,0.93,1.864,,,Radial Velocity
Kepler-1035 b,5763.0,0.97,,1.17,,Transit
Kepler-505 b,3931.0,0.53,,2.6,,Transit
Kepler-376 c,5900.0,1.175,0.115,1.79,,Transit
Kepler-114 c,,0.54,,1.6,,Transit
Kepler-79 c,6389.0,1.316,,3.76,,Transit
Kepler-286 e,5580.0,0.863,0.176,1.77,,Transit
TOI-6383 A b,3444.0,0.457,0.02292,11.29,745.0,Transit
Kepler-279 e,,1.43,,,,Transit
HD 48265 c,5805.0,,10.4,,,Radial Velocity
Kepler-1687 b,4132.0,0.726119,,1.65623882,,Transit
EPIC 206042996 b,4114.0,0.5,,1.7,,Transit
Kepler-1544 b,4886.0,0.74,,1.78,,Transit
HD 98219 b,4925.0,4.6,1.26,,,Radial Velocity
rho CrB b,,,,,,Radial Velocity
HAT-P-9 b,6350.0,1.338,0.05287,15.614137,1540.0,Transit
TOI-2537 c,4870.0,0.771,2.78,,123.1,Radial Velocity
TOI-5160 b,5622.14,1.03315,,2.39729851,,Transit
Kepler-129 d,5770.0,1.653,4.0,,,Radial Velocity
Kepler-87 b,5600.0,1.82,0.481,13.49,478.0,Transit
Kepler-166 d,5350.0,0.83,,1.73,,Transit
LHS 1903 e,3664.0,0.539,0.15135,1.732,333.0,Transit
Kepler-587 b,5549.0,0.89,,2.23,,Transit
Kepler-74 b,6000.0,1.12,0.0781,10.76,1078.0,Transit
TOI-1842 b,6039.0,2.032,0.1,12.3485023,1199.55,Transit
HD 115954 b,5957.0,1.213,5.0,,144.9,Radial Velocity
K2-98 b,6260.0,1.518,0.0986,5.06645928,1185.0,Transit
Kepler-243 b,5228.0,0.842,0.062,2.45,,Transit
K2-290 c,6302.0,1.511,0.305,11.276254,676.0,Transit
Kepler-1371 c,5361.0,0.83,,0.64,,Transit
GJ 724 b,3799.0,0.52226,0.04685,,611.0,Radial Velocity
Kepler-247 b,5100.0,0.768,0.042,1.64,,Transit
KOI-884 e,5094.0,0.791,,,,Transit Timing Variations
Kepler-247 c,5100.0,0.768,0.084,4.09,,Transit
Kepler-247 d,5094.0,0.791,,4.5,,Transit
Kepler-1270 b,5047.0,3.38,,3.32,,Transit
TOI-2266 b,3200.0,0.24,0.02,1.54,550.0,Transit
Kepler-291 c,6002.0,1.016,0.065,1.88,,Transit
K2-211 b,5117.0,0.818,0.01419,1.33162691,1873.0,Transit
TOI-2136 b,3342.0,0.34,0.057,2.19,395.0,Transit
K2-171 b,5250.0,1.717458,,2.68657205,,Transit
HR 2562 b,,,22.2,,,Imaging
KOINTREAU-1 b,3551.0,,690.0,,,Imaging
K2-265 b,5420.0,0.92,0.03359,1.70824866,1366.0,Transit
KELT-1 b,6516.0,1.471,0.02466,12.442,,Transit
Kepler-1642 c,5355.0,0.84,,2.66,,Transit
Kepler-380 c,6045.0,1.224,0.078,1.27,,Transit
Kepler-969 c,5214.0,0.82,,0.99,,Transit
Kepler-1991 b,5478.0,1.053,0.1065,1.47,760.0,Transit
Kepler-738 b,5327.0,0.82,,2.5,,Transit
Kepler-1014 b,5388.0,0.84,,2.39,,Transit
Kepler-1155 b,5842.0,1.03,,2.03,,Transit
WASP-174 b,6399.0,1.347,0.05503,16.10730527,1528.0,Transit
HIP 29442 c,5289.0,0.98,0.04518,1.551,1123.0,Radial Velocity
KMT-2016-BLG-2605L b,,,0.681,,,Microlensing
TOI-4479 b,3400.0,0.451,0.0164,2.82,861.0,Transit
Kepler-1494 b,5659.0,0.94,,3.07,,Transit
TOI-444 b,5225.0,0.779,0.133,2.77,609.0,Transit
xi Aql b,4841.0,10.86,0.625,,,Radial Velocity
WASP-123 b,,,,15.13212395,1500.0,Transit
Ross 458 c,,,1100.0,14.01125,,Imaging
HD 75898 b,6122.0,,1.2025,,,Radial Velocity
Kepler-1007 b,4587.0,0.7,,1.44,,Transit
Kepler-1275 b,6296.0,1.36,,1.48,,Transit
Kepler-555 b,5894.0,1.04,,2.83,,Transit
HD 203387 b,,,1.771,,,Radial Velocity
Kepler-716 b,5099.0,0.78,,2.9,,Transit
Kepler-596 b,6267.0,1.32,,3.46,,Transit
Kepler-353 c,3903.0,0.504,0.065,1.38,,Transit
Kepler-896 b,5262.0,0.81,,2.53,,Transit
K2-326 b,3924.0,0.688,0.0198,2.28,1114.0,Transit
TIC 24750448 c,4545.43,0.713599,,3.09028272,,Transit
HD 5319 b,4871.0,4.06,1.57,,,Radial Velocity
HATS-76 b,4016.0,0.6259,0.02658,12.09449018,939.8,Transit
Kepler-1231 b,5778.0,1.0,,1.42,,Transit
OGLE-2013-BLG-1761L b,,,1.8,,,Microlensing
Kepler-896 c,5510.0,0.803,0.1792,3.15,515.0,Transit
Kepler-100 b,5837.0,1.51,,1.34,,Transit
WASP-11 b,4800.0,0.89,,12.44199,,Transit
OGLE-2018-BLG-0740L b,5912.0,,5.0,,,Microlensing
HD 7449 b,,,2.438,,,Radial Velocity
HD 148164 b,6032.0,1.34,0.993,,,Radial Velocity
HATS-56 b,6536.0,2.201,0.06043,18.920792,1902.0,Transit
HD 33142 d,5025.4,4.17,0.452,,,Radial Velocity
WASP-119 b,5650.0,1.2,0.0363,15.6926,1600.0,Transit
Kepler-499 b,5312.0,0.83,,2.17,,Transit
KMT-2022-BLG-0371L b,,,3.02,,,Microlensing
KMT-2021-BLG-2609L b,,,2.3,,,Microlensing
HAT-P-29 b,6087.0,1.3,,13.11453,,Transit
Kepler-1520 b,4677.0,0.71,,5.77,,Transit
HD 1605 b,4915.0,3.49,1.492,,,Radial Velocity
Kepler-962 b,5478.0,0.86,,1.97,,Transit
Kepler-1951 b,5468.0,1.306,,2.32107188,,Transit
K2-270 b,4877.0,0.77,0.0247,1.38,1203.0,Transit
MOA-2009-BLG-319L b,,,2.03,,,Microlensing
OGLE-2017-BLG-0448L b,,,5.75,,,Microlensing
Kepler-704 b,5616.0,0.96,,2.61,,Transit
HD 63454 b,4812.0,0.77,0.04,,,Radial Velocity
Kepler-294 c,5913.0,0.976,0.071,2.71,,Transit
HD 103720 b,5017.0,0.73,0.0498,,,Radial Velocity
TOI-6000 b,3419.0,0.38,,0.94,1120.0,Transit
K2-176 b,5428.0,0.86416,,1.49090097,,Transit
HD 45350 b,5566.0,1.26442,1.92,,,Radial Velocity
SWEEPS-11 b,,1.45,0.03,12.666,,Transit
Kepler-1294 b,5776.0,0.97,,3.19,,Transit
DE CVn b,,,5.75,,,Eclipse Timing Variations
Kepler-1635 b,5347.0,0.85,,3.64,,Transit
K2-201 c,5507.0,0.878161,,3.28568401,,Transit
TOI-2152 A b,6630.0,1.612,0.05064,14.35870428,1802.0,Transit
K2-185 c,5788.0,0.94,,2.39,477.0,Transit
TOI-1235 b,3997.0,0.619,,1.69,,Transit
Kepler-1613 b,6005.0,1.12,,2.08,,Transit
Kepler-1621 b,6158.0,1.24,,2.16,,Transit
NGTS-12 b,5690.0,1.589,0.0757,11.747032,1257.0,Transit
K2-295 b,4444.0,0.7,0.0451,10.054473,852.0,Transit
TOI-206 b,3383.0,0.35,0.0112,1.3,910.0,Transit
Kepler-325 d,5752.0,1.003,0.22,2.79,,Transit
Kepler-346 b,6033.0,1.021,0.071,2.66,,Transit
Kepler-372 d,6509.0,1.137,0.201,1.69,,Transit
K2-402 b,5716.0,1.28,,2.678,,Transit
gam Psc b,4742.0,11.2,1.32,,,Radial Velocity
HD 168746 b,5570.0,1.09,0.07,,,Radial Velocity
HD 219828 b,,,0.049,,,Radial Velocity
HD 5891 b,4673.0,10.64,0.64,,,Radial Velocity
TOI-2458 b,6005.0,1.31,0.0482,2.83,1509.4,Transit
K2-260 b,6860.0,1.755,0.04392,18.41635529,2090.0,Transit
Kepler-1542 e,5564.0,0.99,,0.76,,Transit
HD 180617 b,3534.0,0.481,0.343,,,Radial Velocity
K2-205 b,5890.0,1.077574,,1.99552771,,Transit
Kepler-578 b,5334.0,0.83,,2.0,,Transit
Kepler-1596 b,5706.0,0.92,,1.9,,Transit
Kepler-530 b,5697.0,0.89,,3.01,,Transit
Kepler-1562 b,5760.0,1.05,,3.55,,Transit
K2-398 c,5946.0,1.239,,5.098,,Transit
HATS-59 b,5670.0,1.036,0.06112,12.621334,1128.0,Transit
GJ 536 b,3641.0,0.529,0.0668,,451.0,Radial Velocity
Kepler-198 b,5574.0,0.94,0.131,2.82,,Transit
Kepler-1243 b,5667.0,0.94,,1.75,,Transit
K2-123 b,4035.0,0.59,0.1649,2.76,338.0,Transit
K2-348 b,5077.0,0.85,,3.26,908.0,Transit
Kepler-1388 c,4098.0,0.61,,2.26,,Transit
TOI-6038 A b,6110.0,1.648,0.069,6.41,1439.0,Transit
HD 56414 b,8500.0,1.751,0.229,3.71,1133.0,Transit
K2-337 b,5869.0,1.32,,2.62,850.0,Transit
Kepler-148 d,5172.0,0.81,,8.68,,Transit
Kepler-305 d,5090.0,0.792,,2.76,,Transit
K2-130 b,4356.47,0.744261,0.032,1.25,,Transit
Kepler-430 b,5884.0,1.485,0.2244,3.25,667.0,Transit
Kepler-1470 b,4961.0,0.76,,1.07,,Transit
Kepler-524 c,6014.0,1.1,,0.96,,Transit
Kepler-329 b,4257.0,0.523,0.061,1.4,,Transit
K2-322 b,4141.0,0.602,0.0594,1.92,635.0,Transit
2MASS J04414489+2301513 b,,,15.0,,,Imaging
Kepler-175 b,6064.0,1.01,0.105,2.56,,Transit
NGTS-10 b,4567.0,0.7,,13.89913607,1508.0,Transit
Kepler-620 b,6155.0,1.22,,3.32,,Transit
TOI-6158 b,3467.0,0.476,0.03275,10.4,636.0,Transit
KMT-2024-BLG-0349L b,,,6.46,,,Microlensing
TOI-2048 b,5185.0,0.79,,2.61,,Transit
Kepler-18 b,5345.0,1.108,0.0447,2.0,,Transit
Kepler-234 b,6224.0,1.113,0.04,3.7,,Transit
Kepler-1373 b,6299.0,1.33,,1.16,,Transit
K2-113 b,5660.0,1.24,0.0642,12.14,1098.0,Transit
TOI-2000 b,5611.0,1.134,0.04271,2.7,1488.0,Transit
Kepler-770 d,5598.0,0.92,,1.4,,Transit
KMT-2021-BLG-2010L b,,,1.79,,,Microlensing
KMT-2019-BLG-1715L b,,,3.32,,,Microlensing
TIC 270471727 b,5271.39,0.997091,,2.75029559,,Transit
TOI-1749 d,3985.0,0.55,0.0707,2.52,533.0,Transit
Kepler-354 b,4648.0,0.674,0.054,1.84,,Transit
HD 50499 b,6102.0,1.351,3.833,,,Radial Velocity
Kepler-1999 b,4406.0,0.628,0.0713,3.29,577.0,Transit
Kepler-1716 b,4894.0,0.684,,2.4247685,,Transit
TOI-1601 b,5982.0,2.195,0.069,14.19902343,1493.97,Transit
K2-241 b,5262.0,0.75,0.1567,2.55,507.0,Transit
Kepler-1804 b,5109.0,1.671,,1.59615726,,Transit
Kepler-1065 b,5635.0,0.93,,3.73,,Transit
HD 152843 b,6310.0,1.43,0.1049,3.05,,Transit
Kepler-58 c,5843.0,1.03,,2.86,,Transit
Kepler-348 b,6177.0,1.359,0.076,1.52,,Transit
Kepler-225 c,3682.0,0.48,0.111,1.84,,Transit
Kepler-1868 b,4658.0,0.686,,3.14950109,,Transit
Kepler-381 d,6197.0,2.188,,1.0667865,,Transit
HIP 81208 C b,,,23.04,,2050.0,Imaging
TOI-1439 b,5841.0,1.6184,0.192,4.2427861,748.4,Transit
HD 28471 d,5766.0,1.08,0.1,,945.0,Radial Velocity
Kepler-1539 b,5176.0,0.8,,2.7,,Transit
Kepler-657 b,5808.0,1.01,,3.52,,Transit
Kepler-222 d,5433.0,0.869,0.18,3.69,,Transit
TOI-1630.01,5504.0,0.83,0.101151,2.417,,Transit
Kepler-1616 b,6266.0,1.34,,1.02,,Transit
Kepler-794 b,5839.0,1.38,,2.11,,Transit
NGTS-21 b,4660.0,0.86,0.0236,14.90794433,1357.0,Transit
K2-264 b,3660.0,0.473,0.05023,2.231,496.0,Transit
ups And d,,1.56,2.51329,,,Radial Velocity
TOI-1181 b,6054.0,1.961,,17.02644168,,Transit
Kepler-1759 b,5017.0,0.797,,0.9037791,,Transit
TIC 52059926 b,4505.0,0.72,0.553,10.71,229.6,Transit
HD 167677 b,5474.0,,2.877,,,Radial Velocity
HIP 63242 b,4830.0,,0.565,,,Radial Velocity
Kepler-83 b,,0.61,,2.83,,Transit
Kepler-392 c,5938.0,1.129,0.093,1.1,,Transit
WASP-135 b,5675.0,0.96,0.0243,14.5717,,Transit
K2-133 e,3655.0,0.455,0.1346,1.73,296.0,Transit
KOI-1831 d,5233.0,0.835,,1.13,475.0,Transit
OGLE-2018-BLG-1647L b,,,1.36,,,Microlensing
KOI-319 c,5880.0,2.064,,,,Transit Timing Variations
KOI-319 b,5880.0,2.064,,10.67,,Transit
Kepler-349 b,5956.0,0.927,0.065,1.9,,Transit
TOI-1777.01,5859.0,0.98,0.119466,2.246,,Transit
Kepler-1718 b,5731.0,0.906,,2.5685207,,Transit
TOI-7394 B b,3717.0,0.609,0.01913,11.5,986.0,Transit
TOI-5811 B b,4840.0,3.73,0.0731,21.96960217,1530.0,Transit
BD+20 2457 c,4137.0,49.0,2.01,,,Radial Velocity
K2-395 c,5007.0,0.783,,3.395,,Transit
HR 810 b,6167.0,1.13,0.92,,,Radial Velocity
K2-280 b,5500.0,1.28,0.1461,7.5,787.0,Transit
K2-152 b,4044.0,0.61,0.1716,2.29,337.0,Transit
HD 66141 b,4323.0,21.4,1.2,,,Radial Velocity
K2-348 c,5077.0,0.85,,2.67,655.0,Transit
Kepler-341 b,6012.0,1.024,0.06,1.18,,Transit
Kepler-68 c,5847.0,1.2564,0.09008,0.979,1052.0,Transit
K2-332 b,3315.0,0.28,,2.2,266.0,Transit
Kepler-984 b,5610.0,0.93,,2.12,,Transit
Kepler-1126 c,5678.0,0.921,0.6193,1.45,305.0,Transit
Kepler-572 b,5212.0,0.79,,2.58,,Transit
Kepler-871 b,5993.0,1.14,,3.74,,Transit
TOI-4511 b,5418.77,1.00145,,2.75304932,,Transit
Kepler-579 b,5636.0,0.96,,2.0,,Transit
Kepler-1666 b,6293.0,1.14586,,2.88273782,,Transit
CoRoT-17 b,5740.0,1.59,0.0461,11.43,1626.0,Transit
K2-396 c,5236.0,0.92,,3.124,,Transit
WISPIT 1 c,4670.0,,840.0,,,Imaging
Kepler-564 b,5626.0,0.92,,4.63,,Transit
OGLE-2005-BLG-390L b,,,2.6,,50.0,Microlensing
K2-323 b,3710.0,0.549,0.1275,2.1,318.0,Transit
WASP-105 b,5070.0,0.9,0.075,10.76064,900.0,Transit
Kepler-1940 b,5431.0,0.717,,1.54732469,,Transit
Kepler-366 b,6209.0,1.048,0.045,1.46,,Transit
CoRoT-24 b,4950.0,0.86,0.056,3.7,1070.0,Transit
Kepler-150 f,5528.0,0.905339,1.24,3.64,,Transit
Kepler-1164 b,5183.0,0.79,,1.12,,Transit
Qatar-8 b,5738.0,1.315,0.0474,14.403565,1457.0,Transit
70 Vir b,5495.0,1.89,0.481,,,Radial Velocity
Kepler-760 b,5322.0,0.85,,3.06,,Transit
TOI-4600 b,5170.0,0.81,0.349,6.8,347.0,Transit
WASP-87 b,6450.0,1.627,0.02946,15.524465,,Transit
Kepler-127 c,6106.0,1.359,0.2,2.66,,Transit
Kepler-117 c,6150.0,1.606,0.2804,12.341,704.0,Transit
Kepler-231 c,3767.0,0.49,0.114,1.93,,Transit
Kepler-914 b,5877.0,1.15,,1.38,,Transit
Kepler-1480 b,5156.0,0.81,,1.67,,Transit
TOI-672 b,3810.0,0.54,0.0376,5.31,699.5,Transit
Kepler-1769 b,6071.0,1.295,,4.465,,Transit
Kepler-1551 b,6136.0,1.22,,2.66,,Transit
HD 118203 c,5742.0,2.04,6.28,,,Radial Velocity
Kepler-20 g,5495.0,0.9639,0.2055,,524.0,Radial Velocity
Kepler-771 b,5906.0,1.05,,1.82,,Transit
Kepler-164 c,5888.0,1.148,0.097,2.73,,Transit
KELT-10 b,5948.0,1.209,0.0525,15.681391,1377.0,Transit
75 Cet b,4809.0,10.38,1.912,,,Radial Velocity
K2-227 b,5673.0,0.890666,,1.66551298,,Transit
GJ 4276 b,3387.0,0.407,0.082,,,Radial Velocity
Kepler-148 b,5272.0,0.851,0.028,1.8,,Transit
Kepler-925 b,4673.0,0.72,,2.34,,Transit
HD 216435 b,5999.0,,2.56,,,Radial Velocity
HD 101581 c,4675.0,0.63,0.0573,0.99,747.0,Transit
HIP 113103 c,4930.0,0.742,0.10479,2.4,585.0,Transit
Kepler-136 c,6165.0,1.355,0.133,1.99,,Transit
HD 1461 b,5765.0,,0.0634,,,Radial Velocity
Kepler-1896 b,6122.0,0.996,,3.09935997,,Transit
HD 174205 b,4308.0,26.6,1.7,,,Radial Velocity
GJ 86 b,5182.0,0.77,0.11,,,Radial Velocity
HN Peg b,,,773.0,11.7768,,Imaging
Kepler-102 f,4909.0,0.724,0.1656,0.861,495.0,Transit
TOI-3688 A b,5950.0,1.302,0.0456,13.08088048,1534.0,Transit
Kepler-1029 b,5030.0,0.77,,1.26,,Transit
WASP-43 b,4400.0,0.6,0.0142,10.424,,Transit
WASP-52 b,5000.0,0.79,0.0272,14.24,1315.0,Transit
HAT-P-17 c,5336.96,0.838682,5.6,,,Radial Velocity
KOI-94 d,6182.0,1.52,0.1684,11.27,806.0,Transit
KOI-94 c,6182.0,1.52,0.1013,4.32,1012.0,Transit
KOI-94 e,6182.0,1.52,0.3046,6.56,584.0,Transit
KOI-94 b,6182.0,1.52,0.05119,1.71,1486.0,Transit
WASP-103 b,6110.0,1.436,0.01985,17.127,2508.0,Transit
Kepler-51 b,6018.0,0.94,0.2514,7.1,543.0,Transit
Kepler-51 d,6018.0,0.94,0.509,9.7,381.0,Transit
Kepler-51 c,6018.0,0.94,0.384,9.0,439.0,Transit
WASP-96 b,5540.0,1.05,0.0453,13.45,1285.0,Transit
Kepler-1386 b,5733.0,1.03,,1.24,,Transit
TOI-1232 c,5823.0,1.072,0.194,,,Transit Timing Variations
KMT-2021-BLG-1303L b,,,2.89,,,Microlensing
GJ 3222 b,,,0.091,,,Radial Velocity
K2-169 b,5548.0,0.919053,,1.27328671,,Transit
WASP-108 b,,,,15.13212395,1589.0,Transit
Kepler-878 b,5044.0,0.77,,1.93,,Transit
HD 148156 b,6308.0,1.21,2.45,,,Radial Velocity
HATS-23 b,5780.0,1.199,0.03397,20.84874,1654.0,Transit
Kepler-213 b,5696.0,1.195,0.036,1.62,,Transit
TOI-1180 b,4738.0,0.73,0.080799,3.072,,Transit
Kepler-790 b,5208.0,0.8,,2.18,,Transit
Kepler-369 c,3591.0,0.471,0.094,1.41,,Transit
TOI-3362 b,6532.0,1.83,0.153,12.80065596,,Transit
Kepler-1911 b,5721.0,0.972,,1.011,,Transit
Kepler-1328 b,5780.0,0.99,,0.98,,Transit
HATS-36 b,5950.0,1.1,0.0523,12.92,1203.0,Transit
Kepler-1345 b,6449.0,1.55,,2.36,,Transit
K2-384 b,3623.0,0.348,,1.076,,Transit
TOI-1064 c,4734.0,0.726,0.09429,2.651,634.0,Transit
HAT-P-53 b,5956.0,1.209,0.03159,14.773462,1778.0,Transit
HD 94771 b,5631.0,1.903,3.48,,,Radial Velocity
Kepler-1314 b,4188.0,0.59,,5.11,,Transit
HAT-P-57 b,6330.0,1.85,,19.50366,,Transit
Kepler-275 c,6165.0,1.383,0.132,3.38,,Transit
WASP-78 b,6100.0,2.46,,21.63337,,Transit
Kepler-82 c,,0.898,0.2626,5.34,,Transit
OGLE-2019-BLG-1492L b,,,2.7,,,Microlensing
HD 164922 e,5393.43,1.001813,0.2292,,,Radial Velocity
Kepler-195 c,5329.0,0.775,0.197,1.55,,Transit
Kepler-1488 c,5710.0,1.524,,1.65156749,,Transit
Kepler-1705 b,6312.0,1.259,,2.03,,Transit
WASP-48 b,5920.0,1.58,,16.8135,,Transit
Kepler-217 b,6171.0,1.799,0.065,2.23,,Transit
WASP-88 b,6430.0,1.8,,16.36514,,Transit
Kepler-237 c,4861.0,0.725,0.071,2.08,,Transit
Kepler-106 e,5858.0,1.04,,2.56,,Transit
G 196-3 b,,,350.0,,1670.0,Imaging
Kepler-431 c,6004.0,1.092,0.0847,0.668,951.0,Transit
Kepler-1542 d,5564.0,0.99,,0.87,,Transit
Kepler-1909 b,4935.0,0.685,,1.09217411,,Transit
Kepler-1477 b,5100.0,0.78,,1.18,,Transit
Ross 128 b,3192.0,0.1967,0.0496,,301.0,Radial Velocity
HATS-10 b,5880.0,1.105,0.04491,10.861521,1407.0,Transit
TOI-132 b,5397.0,0.9,0.026,3.42,1395.0,Transit
TOI-697 b,5681.95,0.968149,,2.35859364,,Transit
HD 28185 b,5602.0,1.048,1.034,,,Radial Velocity
Kepler-123 c,6089.0,1.264,0.181,1.48,,Transit
TOI-2768 b,4008.0,0.657,0.027,2.63,855.0,Transit
HIP 97166 b,5216.0,0.8418,0.091,2.4801338,701.66,Transit
WASP-171 b,5965.0,1.637,0.0504,10.98482,1642.0,Transit
Kepler-1254 b,4985.0,0.75,,1.55,,Transit
HAT-P-12 b,4650.0,0.701,0.0384,10.749,963.0,Transit
HAT-P-13 b,,,,14.258,,Transit
HAT-P-13 c,,,,,,Radial Velocity
HAT-P-1 b,5980.0,1.174,0.05561,14.784671,1322.0,Transit
HD 211403 b,6273.0,1.206,0.768,,380.0,Radial Velocity
K2-39 b,4881.0,2.97,,6.27704,,Transit
HD 156668 c,4903.69,0.774528,1.57,,,Radial Velocity
Kepler-396 c,,1.06,,5.3,,Transit
Kepler-483 b,6346.0,1.47,,3.21,,Transit
OGLE-2018-BLG-1011L b,,,1.8,,,Microlensing
Kepler-1459 b,4828.0,0.74,,1.36,,Transit
TOI-6420 b,6020.0,1.312,0.0753,11.93756445,1213.0,Transit
Kepler-1067 b,5592.0,0.93,,0.8,,Transit
SR 12 AB c,,,,,,Imaging
NGTS-16 b,5550.0,1.213,0.0523,14.57167491,1177.0,Transit
WASP-32 b,6140.0,0.95,,10.76064,,Transit
WASP-110 b,5392.0,0.853,,13.19297028,1158.0,Transit
Kepler-346 c,6033.0,1.021,0.168,3.07,,Transit
K2-324 b,3752.0,0.505,0.0331,2.43,707.0,Transit
Kepler-1431 b,5806.0,1.03,,1.47,,Transit
TOI-4145 A b,5281.0,0.859,0.04823,13.30506009,1074.0,Transit
TOI-2719 b,5762.0,1.69,,5.98,1710.0,Transit
HD 202696 c,5040.0,6.43,2.342,,,Radial Velocity
KMT-2016-BLG-1397L b,,,5.1,,,Microlensing
HD 10180 c,5911.0,1.109,0.06412,,,Radial Velocity
HD 1397 b,5521.0,2.336,0.1097,11.500434,1228.3,Transit
K2-64 b,5312.0,0.726,0.0619,2.07,,Transit
Kepler-419 b,6430.0,1.74,0.37,10.8,,Transit
Kepler-541 b,6166.0,2.06,,3.36,,Transit
HD 50499 c,6099.0,1.42,9.02,,,Radial Velocity
SWEEPS-4 b,,1.18,0.055,9.079,,Transit
TOI-1680 b,3225.0,0.2106,0.03144,1.466,404.0,Transit
K2-165 b,5185.0,0.803827,,1.27443657,,Transit
Kepler-340 b,6620.0,1.85,0.134,2.53,,Transit
K2-219 b,5753.0,1.189232,,1.34762583,,Transit
HD 208527 b,4035.0,51.1,2.1,,,Radial Velocity
Kepler-1274 b,6179.0,2.17,,1.42,,Transit
Kepler-1828 b,5806.0,0.899,,2.11598626,,Transit
11 UMi b,4213.0,29.79,1.53,,,Radial Velocity
TOI-6695 b,6400.0,1.517,0.402,9.52763359,599.0,Transit
Kepler-1261 b,5006.0,0.77,,2.26,,Transit
HD 106906 b,6516.0,,650.0,,1800.0,Imaging
TOI-904 b,3770.2,0.527,0.056,2.426,429.43,Transit
Kepler-1069 b,5722.0,0.98,,1.6,,Transit
Kepler-315 b,5796.0,1.037,0.402,3.77,,Transit
HD 108202 b,,,3.7,,,Radial Velocity
Kepler-197 b,6004.0,1.12,0.06,1.02,,Transit
TIC 290487717 b,5328.97,0.943767,,6.63777941,,Transit
BD-08 2823 b,4816.0,0.71,0.06,,,Radial Velocity
GJ 3293 e,3466.0,0.404,0.08208,,,Radial Velocity
GJ 411 b,3719.0,0.3685,0.07879,,,Radial Velocity
NGTS-20 b,5980.0,1.78,0.313,11.99360935,688.0,Transit
RR Cae b,,,5.3,,,Eclipse Timing Variations
Kepler-111 b,5952.0,1.157,0.046,1.58,,Transit
HD 231701 b,6101.0,1.53,0.567,,,Radial Velocity
WASP-57 b,5600.0,0.927,0.03769,11.76945,1338.0,Transit
TOI-1260 c,4227.0,0.672,0.0657,2.76,651.0,Transit
CoRoT-3 b,6740.0,1.56,,11.32,,Transit
Kepler-1355 b,5352.0,0.83,,1.46,,Transit
Kepler-256 d,5551.0,1.301,0.064,2.48,,Transit
Kepler-304 e,4817.0,0.73,,1.2,,Transit
8 UMi b,4847.0,10.73,0.462,,,Radial Velocity
HD 93385 d,5977.0,,0.2565,,,Radial Velocity
MOA-2020-BLG-135L b,,,1.11,,,Microlensing
Kepler-994 b,3934.0,0.54,,1.6,,Transit
Kepler-1925 b,5856.0,1.092,,3.00177922,,Transit
Kepler-508 b,6025.0,1.25,,1.64,,Transit
Kepler-331 d,4347.0,0.492,0.159,1.64,,Transit
Kepler-301 d,5815.0,0.9,0.112,1.75,,Transit
HD 89307 b,5955.0,1.1,3.27,,,Radial Velocity
HD 38529 b,,,0.115,,,Radial Velocity
Gl 410 b,3842.0,0.543,0.0531,,,Radial Velocity
Kepler-1782 b,4931.0,0.734,,2.22927435,,Transit
Kepler-1280 b,6227.0,1.32,,1.87,,Transit
HD 215152 d,4935.0,0.73,0.08799,,,Radial Velocity
TOI-2364 b,5306.0,0.886,0.04871,8.60849718,1091.0,Transit
Kepler-336 c,5867.0,1.304,0.092,2.1,,Transit
Kepler-1493 b,5863.0,1.29,,1.41,,Transit
Kepler-1185 b,5622.0,0.87,,1.33,,Transit
MOA-2022-BLG-033L b,,,2.15,,,Microlensing
HAT-P-23 b,5905.0,1.203,0.0232,15.334,2056.0,Transit
TOI-1232 b,5823.0,1.072,0.117,10.92875618,,Transit
TOI-1693 b,3499.0,0.46,0.0226,1.41,764.0,Transit
TOI-1716.01,5879.0,1.24,0.080496,3.143,,Transit
Kepler-356 c,6133.0,1.335,0.115,1.81,,Transit
HD 23472 c,4684.0,0.71,0.1646,1.87,467.0,Transit
TOI-1246 c,5213.0,0.8649,0.061,2.45109846,862.49,Transit
TOI-2497 b,7360.0,2.36,0.1166,11.14172682,1595.0,Transit
Kepler-173 b,6031.0,0.949,0.048,1.29,,Transit
K2-177 b,6063.0,1.213565,,2.1162048,,Transit
Kepler-593 b,5967.0,1.1,,2.87,,Transit
Kepler-1418 b,4770.0,0.72,,1.66,,Transit
Kepler-592 b,5913.0,1.04,,2.39,,Transit
KMT-2021-BLG-2478L b,,,1.85,,,Microlensing
Kepler-261 b,5098.0,0.794,0.088,2.18,,Transit
Kepler-534 c,5936.0,0.965,,1.227,,Transit
TOI-2337 b,4780.0,3.22,,10.08808263,,Transit
HD 109271 c,5783.0,,0.196,,,Radial Velocity
TOI-1333 b,6274.0,1.925,0.0626,15.647764,1679.0,Transit
TOI-1438 c,5230.0,0.82,0.083,2.75,794.0,Transit
CoRoT-20 b,,,0.09,,,Transit
Kepler-1834 c,4821.0,0.788,0.015,1.22,1541.0,Transit
TrES-1 b,5230.0,0.85,,12.66617,,Transit
GJ 3293 c,3466.0,0.404,0.36175,,,Radial Velocity
HD 47186 b,5657.0,1.08,0.05,,,Radial Velocity
Kepler-1800 b,5343.0,2.506,,0.99679734,,Transit
TOI-2081 b,3800.0,0.534,0.0752,2.04,488.0,Transit
HD 4732 b,4898.0,5.03,1.129,,,Radial Velocity
Kepler-215 b,5739.0,1.027,0.084,1.62,,Transit
TOI-4342 b,3866.0,0.598,0.0519,2.329,639.0,Transit
Kepler-193 c,6335.0,1.147,0.286,2.75,,Transit
XO-4 b,6397.0,1.45,,14.01125,,Transit
Kepler-184 d,5788.0,0.873,0.179,2.49,,Transit
TOI-559 b,5925.0,1.233,0.0723,12.22899794,1180.0,Transit
Kepler-130 d,5884.0,1.127,0.377,1.64,,Transit
Kepler-39 b,6350.0,1.4,0.164,13.9,897.0,Transit
Kepler-119 c,5595.0,0.839,0.049,0.92,,Transit
Wolf 503 b,4716.0,0.689,0.05706,2.043,790.0,Transit
HAT-P-61 b,5587.0,0.938,0.0301,10.07687365,1505.0,Transit
K2-225 b,5520.0,1.7,0.1409,3.60929179,923.0,Transit
HD 222237 b,4751.0,0.71,10.8,,,Radial Velocity
KELT-4 A b,6206.0,1.603,0.04317,19.044091,1823.0,Transit
WASP-94 B b,6040.0,1.35,0.0335,,,Radial Velocity
GJ 436 b,,0.455,0.0291,4.17,,Radial Velocity
Kepler-1238 b,6386.0,1.48,,1.93,,Transit
Kepler-648 b,5741.0,0.98,,3.22,,Transit
Kepler-91 b,4550.0,6.3,0.0731,15.322703,2040.0,Transit
Kepler-1376 b,5659.0,0.97,,1.05,,Transit
Kepler-1877 b,5615.0,0.936,,0.624086,,Transit
Kepler-259 c,5938.0,0.898,0.217,2.7,,Transit
51 Peg b,5761.0,1.19,0.052,,,Radial Velocity
HD 16905 b,,,8.8,,,Radial Velocity
TOI-2427 b,4072.0,0.65,0.0202,1.8,1117.0,Transit
Kepler-1181 b,6176.0,1.3,,1.57,,Transit
Kepler-1617 b,6167.0,1.22,,1.2,,Transit
Kepler-893 b,5820.0,0.99,,3.03,,Transit
TOI-1431 b,7690.0,1.92,0.046,16.70138124,2370.0,Transit
Kepler-142 d,5790.0,1.269,0.242,2.16,,Transit
Kepler-462 b,7500.0,1.57,,3.0,,Transit
OGLE-2018-BLG-1011L c,,,0.8,,,Microlensing
WASP-169 b,6110.0,2.011,0.0681,14.616536,1604.0,Transit
Kepler-1788 b,4786.0,0.704,,2.37850461,,Transit
WD 0806-661 b,10393.0,,,12.10569916,357.0,Imaging
HD 121504 b,6027.0,1.07,0.33,,,Radial Velocity
gam Lib c,4879.0,12.38,2.318,,,Radial Velocity
WASP-80 b,4143.0,0.586,0.0344,11.197791,825.0,Transit
HATS-6 b,3724.0,0.57,0.03623,11.186582,712.8,Transit
K2-33 b,3540.0,1.05,,5.04,,Transit
Kepler-307 b,5367.0,0.814,,2.43,,Transit
Kepler-84 d,6031.0,1.169,0.052,1.38,,Transit
TOI-5261 b,5790.0,1.021,0.05134,11.60129502,1244.0,Transit
Kepler-327 b,3799.0,0.492,0.029,1.11,,Transit
Kepler-1806 b,5311.0,0.788,,2.35560189,,Transit
Kepler-80 c,4540.0,0.678,0.0792,2.74,,Transit
WASP-50 b,5400.0,0.843,0.0293,13.069694,1394.84,Transit
HD 215497 c,,,1.31,,,Radial Velocity
Kepler-1167 b,4971.0,0.75,,1.71,,Transit
TOI-3896 b,5110.91,0.747752,,3.14949237,,Transit
Kepler-48 e,5194.0,0.89,,,,Radial Velocity
HATS-32 b,5700.0,1.097,0.04024,14.000041,1437.0,Transit
Kepler-276 d,,1.03,,2.8,,Transit
CD-35 2722 b,3689.0,,67.0,17.37392009,,Imaging
Kepler-245 b,5100.0,0.795,0.071,2.57,,Transit
KIC 5437945 b,6340.0,1.24,,6.4,,Transit
Kepler-1870 b,5508.0,0.84,,2.10143764,,Transit
Kepler-312 b,6115.0,1.467,0.031,1.29,,Transit
TOI-2194 b,4756.0,0.6909,,1.9892,590.88,Transit
Kepler-60 b,5905.0,1.257,,1.71,,Transit
Kepler-856 b,5535.0,0.93,,9.3,,Transit
Kepler-1202 b,5834.0,1.04,,2.94,,Transit
CoRoT-14 b,6035.0,1.21,0.027,12.22,1952.0,Transit
TYC 1422-614-1 b,4806.0,6.85,0.69,,,Radial Velocity
Kepler-1519 b,5644.0,0.91,,7.06,,Transit
TOI-2169 A b,6270.0,1.82,0.0896,12.50922246,1364.0,Transit
Kepler-1154 b,6327.0,1.43,,2.34,,Transit
TOI-4562 c,6096.0,1.152,5.219,,,Transit Timing Variations
HD 233832 b,4981.0,0.68,2.827,,,Radial Velocity
HD 127195 c,4981.0,4.16,,,,Radial Velocity
OGLE-2018-BLG-1367L b,,,,,,Microlensing
HR 8799 c,,,38.0,13.0,,Imaging
K2-3 d,3844.0,0.546,0.2014,1.458,305.2,Transit
Kepler-1997 b,6215.0,1.052,0.1815,2.28,660.0,Transit
Kepler-1903 b,6347.0,0.996,,2.28642395,,Transit
Kepler-205 c,4321.0,0.546,0.122,1.64,,Transit
Kepler-1969 b,6046.0,1.007,,1.68161001,,Transit
K2-217 b,5967.0,1.333718,,3.57854073,,Transit
HD 108863 b,4878.0,5.74,1.32,,,Radial Velocity
HD 185269 b,5923.0,2.0,0.077,,,Radial Velocity
Kepler-365 c,6012.0,1.048,0.137,1.64,,Transit
HD 222582 b,5790.0,1.13,1.34,,,Radial Velocity
HD 56957 b,,,6.426,,,Radial Velocity
Kepler-1745 b,5611.0,1.4,,1.92872921,,Transit
K2-25 b,3207.0,0.2932,0.0287,3.44,494.0,Transit
K2-188 c,5977.0,1.19,0.0785,2.83,1026.0,Transit
Kepler-889 b,5961.0,1.25,,1.09,,Transit
K2-383 b,5129.0,0.804,,1.564,,Transit
TOI-406 c,3392.0,0.41,0.0322,1.32,584.0,Transit
Kepler-1713 b,6477.0,1.459,,1.71673535,,Transit
Kepler-524 b,6014.0,1.1,,1.91,,Transit
Kepler-1321 c,4094.0,0.53,,2.4,,Transit
TOI-6692 b,5890.0,1.385,0.512,11.67975789,467.0,Transit
Kepler-1203 b,4105.0,0.61,,1.06,,Transit
OGLE-2018-BLG-0298L b,,,2.86,,,Microlensing
HATS-35 b,6300.0,1.433,0.03199,16.409976,2037.0,Transit
HD 19615 b,4263.0,32.3,1.1,,,Radial Velocity
Kepler-122 d,6050.0,1.216,0.155,2.2,,Transit
Kepler-318 b,5746.0,1.189,0.056,4.71,,Transit
K2-308 b,6100.0,1.24,,9.916,,Transit
Kepler-145 c,,1.85,,4.32,,Transit
K2-189 c,5442.0,0.879,,2.31,877.0,Transit
HD 169142 b,,,37.2,,,Imaging
MOA-2007-BLG-400L b,,,5.9,,,Microlensing
Kepler-326 b,5105.0,0.801,0.032,1.52,,Transit
Kepler-932 b,5331.0,0.84,,1.37,,Transit
b Cen AB b,,,556.0,,,Imaging
GJ 3138 d,3717.0,0.5,0.698,,,Radial Velocity
HD 145934 b,,,4.89,,,Radial Velocity
Kepler-917 b,5418.0,0.76,,1.91,,Transit
TOI-1347 c,5464.0,0.83,,1.6,1000.0,Transit
K2-329 b,5282.0,0.822,0.1016,8.675766,650.0,Transit
KELT-20 b,8720.0,1.565,0.0542,19.514869,2262.0,Transit
K2-18 c,3457.0,0.411,0.06,,363.0,Radial Velocity
Kepler-311 d,5903.0,1.156,0.7326,2.05,327.0,Transit
TIC 65612701 b,5692.29,1.73709,,5.07802804,,Transit
HD 125612 b,,,1.349,,,Radial Velocity
Kepler-436 b,4651.0,0.697,0.339,2.73,,Transit
GJ 414 A c,4120.0,0.68,1.4,8.4,124.7,Radial Velocity
GJ 3470 b,3600.0,0.547,0.0355,4.57,593.5,Radial Velocity
K2-232 b,6154.0,1.161,0.10356,11.209,1030.0,Transit
HAT-P-30 b,6304.0,1.31,,16.14096,,Transit
OGLE-2018-BLG-0932L b,,,1.75,,,Microlensing
ZTF J1828+2308 b,15900.0,0.0131,,11.13051784,,Transit
Kepler-1052 c,5818.0,0.848,0.6135,2.3,302.0,Transit
HD 105779 b,5792.0,0.94,3.38,,,Radial Velocity
Kepler-1143 c,5053.0,0.77,,3.6,,Transit
Kepler-1567 b,5655.0,0.93,,2.73,,Transit
Kepler-399 c,5502.0,0.68,0.155,1.43,,Transit
K2-168 b,5502.7,0.83,,1.86,766.35,Transit
Kepler-95 b,5699.0,1.41,,3.42,,Transit
Kepler-453 b,5527.0,0.833,0.7903,6.204,,Transit
HD 20003 c,5494.0,,0.1964,,,Radial Velocity
HD 122562 c,,,0.406,,,Radial Velocity
Kepler-513 b,5849.0,1.06,,2.2,,Transit
K2-259 b,6059.0,1.13,0.1271,2.32,795.0,Transit
HD 6860 b,3802.0,86.4,2.03,,,Radial Velocity
Kepler-874 b,6020.0,1.13,,3.94,,Transit
Kepler-864 c,6213.0,1.195,0.0382,1.62,1532.0,Transit
TIC 147027702 b,6410.0,2.136,0.274,10.92875618,863.0,Transit
HD 191939 g,5348.0,0.94,0.812,,278.0,Radial Velocity
GJ 15 A b,3607.0,0.38,0.072,,,Radial Velocity
K2-58 b,5413.0,0.86,0.0692,2.68,,Transit
OGLE-2015-BLG-1670L b,,,2.62,,,Microlensing
TOI-4994 b,5640.0,1.055,0.1515,8.54124329,717.6,Transit
Kepler-552 b,5863.0,1.04,,3.95,,Transit
HD 87816 b,4989.0,9.0,1.618,,,Radial Velocity
KMT-2017-BLG-2197L b,,,15.91,,,Microlensing
Wolf 1061 b,3342.0,0.307,0.0375,,,Radial Velocity
TOI-3877 b,5731.0,1.445,0.0529,11.67975789,1445.0,Transit
HATS-38 b,5732.0,1.105,0.05036,6.882326,1294.0,Transit
Kepler-1670 b,5838.0,1.51889,,3.3564801,,Transit
K2-37 c,5352.0,0.809,,2.41,839.0,Transit
Kepler-1529 b,5048.0,0.77,,2.1,,Transit
WASP-164 b,5806.0,0.932,0.02818,12.643752,1610.0,Transit
HAT-P-14 b,6600.0,1.82,,15.91678,,Transit
HAT-P-17 b,5246.0,0.87,,11.76945,,Transit
HAT-P-26 b,5079.0,0.87,,7.06167,,Transit
TrES-4 b,6200.0,1.66,,18.04649,,Transit
HD 149026 b,6179.0,1.41,,8.29466,,Radial Velocity
HD 189733 b,5052.0,0.75,,12.66617,,Radial Velocity
HD 209458 b,6091.0,1.19,,15.58051,,Radial Velocity
WASP-15 b,6300.0,1.48,,15.80469,,Transit
WASP-17 b,6550.0,1.49,,20.96083,,Transit
WASP-94 A b,6170.0,1.48,,17.71022,,Transit
WASP-63 b,5550.0,1.86,,15.80469,,Transit
KELT-7 b,6768.0,1.81,,17.9344,,Transit
KELT-8 b,5754.0,1.46,,18.15858,,Transit
NGTS-2 b,6478.0,1.702,0.063,17.878355,1468.0,Transit
Kepler-87 c,5600.0,1.82,0.676,6.14,403.0,Transit
HD 147873 b,5972.0,2.29,0.522,,,Radial Velocity
PSR J2322-2650 b,,,0.0102,,,Pulsar Timing
24 Boo b,4816.0,12.19,0.194,,,Radial Velocity
K2-208 b,5500.0,0.872,0.04878,1.67462172,1122.0,Transit
K2-352 c,5791.0,0.95,,1.92,885.0,Transit
K2-396 b,5236.0,0.92,,1.579,,Transit
Kepler-1150 b,4754.0,0.72,,1.02,,Transit
Kepler-239 c,4914.0,0.763,0.268,2.51,,Transit
Kepler-287 c,5806.0,1.032,0.246,3.26,,Transit
HD 73344 d,6148.0,1.22,6.7,,,Radial Velocity
TOI-1298 b,5752.0,1.4536,0.057,9.65807033,1278.0,Transit
Kepler-988 b,4005.0,0.53,,2.07,,Transit
K2-401 b,4213.0,0.675,,2.262,,Transit
Kepler-266 c,5885.0,1.028,0.457,3.89,,Transit
HD 158259 e,,1.21,,,,Radial Velocity
Kepler-1028 b,5522.0,0.87,,1.33,,Transit
GJ 676 A c,,,9.726,,,Radial Velocity
Kepler-1391 b,5840.0,1.1,,1.68,,Transit
Kepler-1546 b,5623.0,0.93,,3.13,,Transit
Kepler-209 b,5513.0,0.935,0.122,2.26,,Transit
HD 224018 d,5784.0,1.147,0.53,2.4,411.0,Transit
Kepler-169 d,4997.0,0.763,0.075,1.25,,Transit
HD 148427 b,5025.0,3.86,1.11,,,Radial Velocity
HD 155918 c,,,13.183,,,Radial Velocity
Kepler-1066 b,5762.0,0.98,,2.36,,Transit
Kepler-1757 b,5288.0,0.74,,2.94660251,,Transit
Kepler-737 b,3813.0,0.48,,1.96,,Transit
K2-347 b,4599.0,0.63,,2.41,640.0,Transit
K2-408 b,5335.0,0.784,,1.677,,Transit
Kepler-172 b,5526.0,1.085,0.04,2.35,,Transit
Kepler-235 b,4255.0,0.554,0.037,2.23,,Transit
Kepler-995 b,5206.0,0.8,,2.7,,Transit
Kepler-142 b,5790.0,1.269,0.032,1.99,,Transit
Kepler-54 c,3705.0,0.5,,1.23,,Transit
Kepler-389 b,5376.0,0.792,0.041,1.51,,Transit
Kepler-1557 b,6099.0,1.17,,1.53,,Transit
TIC 38825265 b,4375.52,0.664503,,2.18869476,,Transit
KMT-2023-BLG-0548L b,,,6.85,,,Microlensing
MOA-2010-BLG-328L b,,,0.92,,,Microlensing
Kepler-1686 b,5714.96,1.19951,,1.42553017,,Transit
K2-226 b,5288.0,0.889,0.04095,1.53899305,1187.0,Transit
KMT-2021-BLG-1253L b,,,1.52,,,Microlensing
Kepler-1614 b,5121.0,0.76,,1.49,,Transit
Kepler-306 e,4954.0,0.719,0.227,2.27,,Transit
HD 217786 c,,,0.038,,,Radial Velocity
TOI-3819 b,5859.0,1.538,0.04611,13.13692538,1633.0,Transit
Kepler-364 b,6108.0,1.284,0.178,1.55,,Transit
Kepler-265 e,5835.0,1.103,0.319,2.59,,Transit
Kepler-645 b,6170.0,1.21,,2.1,,Transit
Kepler-69 b,5638.0,0.93,0.094,2.24,779.0,Transit
HD 167768 b,4851.0,9.7,0.1512,,,Radial Velocity
YZ Cet b,3151.0,0.157,0.01634,,471.2,Radial Velocity
Kepler-280 b,5744.0,0.886,0.032,1.45,,Transit
KOI-351 g,,,,,,Transit
Kepler-1577 b,4862.0,0.74,,1.13,,Transit
Kepler-20 f,5495.0,0.9164,0.1387,0.952,681.0,Transit
HAT-P-27 b,5316.0,0.864673,0.04,11.43,,Transit
HD 156668 b,4850.0,0.72,0.05,,,Radial Velocity
K2-19 b,5322.0,0.82,,7.0,,Transit
Kepler-764 b,5557.0,0.89,,1.64,,Transit
HD 10180 e,5911.0,1.109,0.2699,,,Radial Velocity
Kepler-1785 b,5618.0,0.996,,2.70422447,,Transit
Kepler-1405 b,5925.0,1.07,,3.96,,Transit
Kepler-255 d,5431.0,0.86,,1.32,,Transit
USco CTIO 108 b,2700.0,,670.0,,,Imaging
Kepler-1445 b,6150.0,1.26,,0.96,,Transit
TOI-6478 b,3230.0,0.234,0.1136,4.6,204.4,Transit
WASP-163 b,5500.0,1.015,0.0266,13.473218,1638.0,Transit
TOI-2158 b,5673.0,1.41,0.075,10.76062147,1188.0,Transit
TOI-5153 b,6300.0,1.4,0.158,11.88151954,906.0,Transit
HATS-41 b,6424.0,1.71,0.0583,14.90797,1710.0,Transit
WASP-176 b,5941.0,1.925,0.0535,16.869545,1721.0,Transit
TOI-2154 b,6280.0,1.396,0.0513,16.28664896,1580.0,Transit
HAT-P-25 b,5519.0,0.919,0.0466,12.722215,1182.0,Transit
Kepler-1281 b,5353.0,0.83,,1.64,,Transit
GJ 328 c,3897.0,0.63,0.657,,,Radial Velocity
Kepler-170 b,5679.0,1.035,0.08,3.2,,Transit
Kepler-902 b,5647.0,0.93,,2.54,,Transit
K2-181 b,5528.0,1.06,,2.69,949.0,Transit
Kepler-162 c,5816.0,0.958,0.137,3.03,,Transit
Kepler-1194 b,5590.0,0.92,,1.51,,Transit
Kepler-57 c,5187.9,0.826,,2.196,,Transit
Kepler-1887 b,5749.0,0.864,,2.92454357,,Transit
TOI-6041 b,5445.0,0.879,0.1651,4.55,605.6,Transit
K2-129 b,3459.09,0.36001,0.057,1.04,,Transit
Kepler-903 c,5682.0,0.97,,2.53,,Transit
HD 103891 b,6072.0,2.22,3.27,,,Radial Velocity
HD 216520 c,5103.0,0.76,0.528,,,Radial Velocity
HD 34445 g,5836.0,1.38,6.36,,,Radial Velocity
Kepler-1237 b,5472.0,0.9,,2.86,,Transit
WTS-1 b,6250.0,1.15,0.047,16.7,1500.0,Transit
gam1 Leo b,4330.0,31.88,1.19,,,Radial Velocity
TIC 88785435 b,3998.0,0.911,0.08432,5.03,635.0,Transit
HIP 8152 c,5618.0,0.9603,0.139,2.52442508,650.68,Transit
Kepler-406 c,5538.0,1.07,,0.85,,Transit
HD 109271 b,5783.0,,0.079,,,Radial Velocity
Kepler-1434 b,6291.0,2.04,,1.11,,Transit
Kepler-80 d,4540.0,0.678,0.0372,1.53,,Transit
Kepler-1199 b,5889.0,1.17,,1.15,,Transit
Kepler-625 c,5789.0,0.96,,1.05,,Transit
TOI-2373 b,5651.0,1.102,0.112,10.42435205,860.0,Transit
GJ 1061 c,2953.0,0.156,0.0342,,,Radial Velocity
Kepler-448 c,,1.4,4.2,,,Transit Timing Variations
Kepler-968 b,4598.0,0.7,,2.0,,Transit
TOI-4311 c,5063.0,0.8441,0.1116,2.47,671.0,Transit
Kepler-610 c,5943.0,1.13,,3.3,,Transit
HD 47186 c,,,2.395,,,Radial Velocity
HD 144899 b,,,0.242,,,Radial Velocity
WASP-42 b,5315.0,0.892,0.0561,12.576498,1021.0,Transit
Kepler-1383 b,6370.0,1.44,,1.41,,Transit
Kepler-1449 b,5979.0,1.1,,1.68,,Transit
Kepler-1698 b,4975.03,0.741698,,1.07315686,,Transit
Kepler-49 b,4095.6,0.618,,2.579,,Transit
TOI-2803 A b,6280.0,1.245,0.03185,18.11371281,1893.0,Transit
TOI-1288 b,5388.0,0.9583,0.0374,4.96846551,1203.44,Transit
K2-247 b,4667.0,0.69,0.0304,2.12,979.0,Transit
HD 107148 c,5752.92,1.169193,0.1407,,,Radial Velocity
Kepler-791 b,6383.0,1.47,,3.05,,Transit
Kepler-150 b,5560.0,0.939,0.044,1.25,,Transit
HD 48948 c,4593.0,0.679,0.1951,,553.0,Radial Velocity
Kepler-180 c,5731.0,1.063,0.229,3.01,,Transit
Kepler-754 b,5935.0,1.08,,2.01,,Transit
HAT-P-62 b,5629.0,1.17,0.03772,12.02723629,1512.0,Transit
NGTS-5 b,4987.0,0.739,0.0382,12.733424,952.0,Transit
Kepler-62 e,4925.0,0.64,0.427,1.61,270.0,Transit
K2-117 b,3778.0,0.51,0.0189,2.03,868.0,Transit
WASP-190 b,6400.0,1.6,0.0663,12.89035,1500.0,Transit
WASP-92 b,6280.0,1.341,0.0348,16.376349,1871.0,Transit
TOI-5532 b,4208.45,0.662052,,2.52763693,,Transit
HD 86081 b,5939.0,1.46,0.0346,,,Radial Velocity
KMT-2023-BLG-0416L b,,,2.96,,,Microlensing
OGLE-2017-BLG-0173L b,,,3.913,,,Microlensing
Kepler-940 b,5769.0,0.96,,3.34,,Transit
Kepler-10 b,5708.0,1.065,0.01685,1.47,2188.0,Transit
TOI-262 b,5310.0,0.853,0.163,2.07,584.0,Transit
Kepler-922 b,5671.0,0.93,,1.42,,Transit
HD 19994 b,6188.0,,1.305,,,Radial Velocity
TOI-2570 b,5771.0,1.095,0.04145,13.64132951,1431.0,Transit
Kepler-232 b,5847.0,0.968,0.054,3.08,,Transit
Kepler-238 d,5751.0,1.43,0.115,3.07,,Transit
Kepler-1491 c,5626.0,1.389,0.3045,2.44,530.0,Transit
TOI-763 c,5450.0,0.897,0.1011,2.63,800.0,Transit
Kepler-863 b,5678.0,0.95,,2.9,,Transit
Kepler-1219 b,5944.0,1.94,,2.12,,Transit
WASP-130 b,5625.0,0.96,0.1012,9.97601,833.0,Transit
KMT-2019-BLG-1552L b,,,2.6,,,Microlensing
Kepler-1053 b,4529.0,0.69,,0.98,,Transit
K2-292 b,5725.0,1.09,0.13,2.63,795.0,Transit
K2-116 b,4348.35,0.6694,0.048,0.69,,Transit
WASP-161 b,6400.0,1.712,0.0673,12.811887,1557.0,Transit
Kepler-197 c,6004.0,1.12,0.09,1.23,,Transit
Kepler-518 b,5842.0,0.88,,2.11,,Transit
Kepler-544 b,6206.0,1.22,,2.12,,Transit
K2-387 b,3572.0,0.585,,7.322,,Transit
Kepler-608 b,5820.0,1.01,,3.64,,Transit
K2-370 b,5662.0,0.945,0.0321,2.67,,Transit
TOI-3980 b,5840.0,1.626,0.0494,14.4595851,1621.0,Transit
Kepler-24 e,5897.0,1.289,0.138,2.78,,Transit
Kepler-47 b,,0.936,0.2877,3.05,,Transit
Kepler-1985 b,5370.0,0.966,0.0426,2.27,1129.0,Transit
Kepler-125 b,3810.0,0.512,0.041,2.37,,Transit
OGLE-2012-BLG-0563L b,,,0.74,,,Microlensing
Kepler-1809 b,4901.0,0.716,,1.513,,Transit
Kepler-953 c,5416.0,0.99,,1.19,,Transit
Kepler-199 b,5644.0,0.967,0.158,3.11,,Transit
GJ 849 c,3467.0,0.45,4.95,,,Radial Velocity
K2-18 b,3457.0,0.411,0.1429,2.37,284.0,Transit
HAT-P-32 b,6001.0,1.367,0.03397,22.19382,1835.7,Transit
WASP-166 b,6050.0,1.22,0.0641,7.06167,1270.0,Transit
HD 106315 b,6327.0,1.296,0.0907,2.44,1153.0,Transit
HD 106315 c,6327.0,1.296,0.1536,4.35,886.0,Transit
GJ 357 c,3505.0,0.337,0.061,,401.2,Radial Velocity
GJ 357 d,3505.0,0.337,0.204,,219.6,Radial Velocity
KMT-2022-BLG-0440L b,,,1.9,,,Microlensing
Kepler-152 c,5088.0,0.724,0.356,2.39,,Transit
TIC 393818343 b,5756.0,1.086,0.1291,12.18416202,805.5,Transit
Kepler-415 c,,0.643,,,,Transit Timing Variations
Kepler-1514 c,6145.0,1.289,0.0997,1.1758241,1066.0,Transit
TOI-4214 b,6370.0,1.434,0.05018,10.68215861,1642.0,Transit
Kepler-616 d,6004.0,0.977,,2.653,,Transit
Kepler-1962 b,5700.0,1.006,,1.21463929,,Transit
WASP-106 b,6002.0,1.47,0.0901,12.10569916,,Transit
OGLE-2019-BLG-0249L b,,,1.84,,,Microlensing
Kepler-1893 b,5633.0,1.162,,1.70557445,,Transit
Kepler-1491 b,5728.0,0.99,,1.51,,Transit
OGLE-2017-BLG-1237L b,,,2.53,,,Microlensing
Kepler-1883 b,6208.0,1.024,,3.25107395,,Transit
TOI-1739 b,4814.0,0.781,0.073872,1.946,,Transit
Kepler-527 b,6388.0,1.45,,2.84,,Transit
TOI-628 b,6250.0,1.345,0.0486,11.88154,1586.0,Transit
Kepler-1791 b,5887.0,1.177,,3.12103321,,Transit
Kepler-1399 b,5735.0,0.96,,1.25,,Transit
HD 20794 b,5368.0,0.93,0.1257,,,Radial Velocity
KOI-3503 b,6001.0,1.255,,1.19,785.0,Transit
GJ 667 C c,3350.0,,0.125,,,Radial Velocity
HD 28254 b,,,2.45,,,Radial Velocity
TOI-257 b,6095.0,1.867,0.1528,7.16253867,1027.0,Transit
HD 34445 d,5836.0,1.38,0.4817,,,Radial Velocity
KMT-2021-BLG-1077L c,,,0.93,,,Microlensing
GJ 251 b,3342.0,0.36,0.0808,,336.0,Radial Velocity
HAT-P-31 b,6065.0,1.39,,12.21781,,Transit
Kepler-217 d,6341.0,1.76,,1.32,,Transit
DMPP-1 d,,,0.04467,,,Radial Velocity
Kepler-811 b,5747.0,1.24,,2.7,,Transit
OGLE2-TR-L9 b,6933.0,1.53,0.0308,18.046,,Transit
Kepler-1954 b,5840.0,0.849,,1.80235934,,Transit
TOI-4600 c,5170.0,0.81,1.152,9.42,191.0,Transit
TOI-2524 b,5831.0,1.119,0.073,11.2089807,1100.0,Transit
HD 96167 b,5733.0,1.94,1.332,,,Radial Velocity
OGLE-2017-BLG-0604L b,,,4.06,,,Microlensing
Kepler-359 c,6248.0,1.086,0.307,4.3,,Transit
TOI-1260 d,4227.0,0.672,0.1116,3.12,499.0,Transit
Kepler-444 c,5046.0,0.752,0.04881,0.497,,Transit
TOI-1749 c,3985.0,0.55,0.0443,2.12,673.0,Transit
Kepler-616 b,5753.0,0.97,,2.43,,Transit
TOI-237 b,3212.0,0.211,0.0341,1.44,388.0,Transit
HATS-1 b,5870.0,1.038,0.0444,14.594,1359.0,Transit
nu Oph c,4887.0,12.24,5.829,,,Radial Velocity
Kepler-977 b,5315.0,0.83,,2.62,,Transit
GJ 3138 b,3717.0,0.5,0.0197,,,Radial Velocity
HD 130322 b,5387.0,0.85,0.0925,,,Radial Velocity
TOI-6448 b,5910.0,0.897,0.131,8.47398941,745.0,Transit
Kepler-1363 b,4839.0,0.72,,1.25,,Transit
Kepler-880 b,6761.0,1.74,,2.66,,Transit
Kepler-849 b,5950.0,1.822,1.137,8.08167508,362.7,Transit
NGTS-23 b,6057.0,1.24,0.0504,14.20177855,1327.0,Transit
Kepler-299 b,5617.0,1.032,0.04,1.32,,Transit
HD 40307 b,4956.0,,0.0468,,,Radial Velocity
HAT-P-21 b,5588.0,1.21,,12.44199,,Transit
Kepler-478 b,5210.0,0.8,,2.71,,Transit
NGTS-18 b,5610.0,1.392,0.0448,13.56286665,1381.0,Transit
M62H b,,,,,,Pulsar Timing
K2-346 b,4801.0,0.7,,2.26,450.0,Transit
KIC 5479689 b,5459.1,0.894,,,,Orbital Brightness Modulation
Kepler-392 b,5938.0,1.129,0.059,1.0,,Transit
Kepler-363 c,5593.0,1.485,0.079,1.69,,Transit
Kepler-1464 c,5828.0,1.01,,1.0,,Transit
Kepler-223 b,,1.72,,2.99,,Transit
Kepler-1374 b,5323.0,0.81,,2.29,,Transit
Kepler-1370 b,6202.0,1.29,,1.84,,Transit
WASP-41 b,5545.0,0.83,,12.3299,,Transit
KMT-2019-BLG-1953L b,,,,,,Microlensing
HIP 97233 b,,,2.491,,,Radial Velocity
TOI-1794 b,5631.0,1.3162,0.082,3.29701268,992.91,Transit
EPIC 201427007 b,5633.0,0.94,,1.5,,Transit
TOI-6019 b,5561.0,2.02,0.1212,12.3,1095.0,Transit
TOI-2876 b,5271.0,0.873,0.0654,9.6397234,929.0,Transit
Gaia-4 b,4034.0,0.624,,,,Astrometry
HD 102195 b,5301.0,0.82,0.05,,,Radial Velocity
Kepler-650 b,5849.0,1.35,,2.96,,Transit
OGLE-2019-BLG-0960L b,,,1.9,,,Microlensing
TOI-4127 b,6096.0,1.293,0.303,12.07,556.0,Transit
Kepler-892 b,4747.0,0.72,,2.81,,Transit
TOI-5126 b,6150.0,1.241,0.06519,4.74,1442.0,Transit
Kepler-305 e,4974.0,0.827279,,1.7938153,,Transit
Kepler-228 b,6043.0,1.014,0.038,1.53,,Transit
Kepler-864 b,5754.0,1.0,,2.4,,Transit
TOI-5489 b,3547.0,0.42,,1.4,624.0,Transit
GJ 96 b,3785.0,,0.291,,,Radial Velocity
Kepler-1858 b,4939.0,0.819,,2.42168247,,Transit
Kepler-1743 b,5855.0,1.613,,1.59887007,,Transit
HD 181433 b,,,0.0828,,,Radial Velocity
HD 147018 c,5441.0,,1.922,,,Radial Velocity
K2-349 b,4385.0,0.49,,1.38,518.0,Transit
Kepler-25 d,,1.316,,,,Radial Velocity
WASP-178 b,9360.0,1.67,0.0558,20.28829,2470.0,Transit
WASP-39 b,5485.0,0.939,0.04828,14.336311,1166.0,Transit
Kepler-589 c,5372.0,0.916,,1.11727238,,Transit
Kepler-332 c,4955.0,0.72,0.114,1.09,,Transit
HD 222076 b,4806.0,4.1,1.83,,,Radial Velocity
Kepler-882 b,5476.0,0.87,,1.23,,Transit
HAT-P-67 b,6640.0,2.62,,23.9872187,,Transit
Kepler-304 b,4731.0,0.687,0.039,2.86,,Transit
HD 27894 b,,,0.125,,,Radial Velocity
HD 141399 b,5600.0,,0.415,,,Radial Velocity
Kepler-1080 b,5956.0,1.16,,3.28,,Transit
Kepler-355 b,6184.0,1.066,0.102,1.46,,Transit
K2-213 b,5794.0,1.20424,,1.51398464,,Transit
HIP 18606 b,4860.0,4.83,1.61,,,Radial Velocity
OGLE-2017-BLG-0406L b,,,3.5,,,Microlensing
Kepler-224 d,5018.0,0.676,0.089,2.3,,Transit
TOI-2578 b,6333.0,1.64,0.0495,19.66055215,1778.0,Transit
KOI-4978 b,5050.28,0.966,,0.7,,Transit
K2-102 b,4695.0,0.71,,1.3,,Transit
Kepler-757 b,6014.0,1.13,,1.36,,Transit
Kepler-164 b,5888.0,1.148,0.058,1.41,,Transit
Kepler-1196 b,5756.0,0.97,,2.23,,Transit
K2-356 b,5568.0,0.86,0.1599,2.29,624.0,Transit
HAT-P-44 c,5295.0,0.949,1.752,,,Radial Velocity
K2-75 c,5995.0,1.56,0.1429,2.77,,Transit
GJ 433 d,,,0.178,,,Radial Velocity
Kepler-308 c,5895.0,0.941,0.123,2.16,,Transit
HAT-P-64 b,6457.0,1.735,0.05387,19.08889413,1766.0,Transit
WASP-194 b,6405.0,1.409,0.047,15.47960235,1693.0,Transit
HD 73526 b,5601.0,1.53,0.65,,,Radial Velocity
HD 142 c,,,9.811,,,Radial Velocity
Kepler-1597 b,6377.0,1.39,,1.06,,Transit
G 264-012 b,3326.0,0.305,0.02279,,587.0,Radial Velocity
Kepler-256 e,5551.0,1.301,0.096,2.35,,Transit
WASP-64 b,5400.0,1.058,0.02648,14.247,1689.0,Transit
TOI-2145 b,6206.0,2.75,0.1117,12.24020692,,Transit
Kepler-411 e,,0.82,0.186,,503.0,Transit Timing Variations
K2-187 d,5438.0,0.83,,2.4,,Transit
BD+15 2375 b,4649.0,8.95,0.576,,,Radial Velocity
TOI-1751 b,5970.0,1.3137,0.215,2.9507845,651.64,Transit
GJ 3341 b,3526.0,0.439,0.089,,,Radial Velocity
K2-157 d,5334.0,0.86,0.309,,429.1,Radial Velocity
Kepler-1217 b,5905.0,1.08,,1.99,,Transit
GJ 536 c,3641.0,0.529,0.1617,,290.5,Radial Velocity
TIC 245076932 b,6130.0,1.288,0.157,10.87271128,845.0,Transit
HD 31527 d,5898.0,,0.8098,,,Radial Velocity
K2-381 d,4473.0,0.675,,1.689,,Transit
K2-27 b,5246.0,0.876,,4.74,836.0,Transit
Kepler-172 c,5526.0,1.085,0.068,2.86,,Transit
TOI-2986 b,5906.0,1.458,0.04489,9.292245,1622.0,Transit
TOI-756 b,3657.0,0.505,0.018,2.81,934.0,Transit
HD 28192 b,,,0.118,,,Radial Velocity
AB Pic b,,,260.0,,,Imaging
Kepler-782 b,5867.0,1.01,,3.21,,Transit
Kepler-679 b,5403.0,0.84,,3.01,,Transit
Kepler-1829 b,5230.0,0.777,,2.47887001,,Transit
EPIC 212737443 b,4684.0,0.673,0.098,2.586,536.0,Transit
HD 4208 b,5717.0,0.846,1.662,,,Radial Velocity
Kepler-307 c,5367.0,0.814,,2.2,,Transit
Kepler-138 c,3841.0,0.535,0.0913,1.51,410.0,Transit
Kepler-265 c,5835.0,1.103,0.127,2.63,,Transit
KOI-1599.02,,0.972,0.112293,1.9,,Transit
TOI-1203 b,5737.0,1.179,0.04869,1.52,1361.2,Radial Velocity
Kepler-1006 b,5328.0,0.74,,1.54,,Transit
OGLE-2003-BLG-235L b,,,4.3,,,Microlensing
OGLE-2017-BLG-0482L b,,,1.8,,,Microlensing
K2-132 b,4840.0,3.85,,14.5717,,Transit
Kepler-685 b,5963.0,1.16,,10.58,,Transit
Kepler-192 c,5479.0,1.007,0.15,2.79,,Transit
Wolf 1069 b,3158.0,0.1813,0.0672,,250.1,Radial Velocity
Kepler-32 e,3900.0,0.53,0.033,1.5,,Transit
K2-266 e,4285.0,0.703,0.1249,2.73,490.1,Transit
Kepler-1691 b,6000.0,1.13152,,1.83470985,,Transit
Kepler-1995 b,5029.0,0.93,0.3259,4.28,375.0,Transit
WASP-192 b,5910.0,1.32,0.0408,13.78707,1620.0,Transit
OGLE-2016-BLG-1067L b,,,1.7,,,Microlensing
HD 147379 b,4090.0,,,,,Radial Velocity
OGLE-2008-BLG-355L b,,,1.7,,,Microlensing
Kepler-1603 b,6241.0,1.31,,1.29,,Transit
Kepler-1867 b,5693.0,0.816,,1.15985997,,Transit
Kepler-450 b,6197.21,1.64162,,6.14,,Transit
OGLE-2013-BLG-0911L b,,,0.39,,,Microlensing
Kepler-1025 b,6089.0,1.13,,1.98,,Transit
TOI-7041 b,4700.0,4.1,,11.43316031,,Transit
HD 111232 b,,,2.148,,,Radial Velocity
Kepler-1198 b,5517.0,0.9,,1.47,,Transit
Kepler-187 c,6105.0,1.287,0.099,2.67,,Transit
TOI-125 b,5320.0,0.848,0.05186,2.726,1037.0,Transit
TOI-125 c,5320.0,0.848,0.0814,2.759,827.8,Transit
TOI-125 d,5320.0,0.848,0.137,2.93,638.1,Transit
HATS-48 A b,4546.0,0.7152,0.03769,8.9672,954.6,Transit
HATS-72 b,4656.1,0.7214,0.066517,8.0973816,739.3,Transit
TOI-1347 b,5464.0,0.83,,1.8,1400.0,Transit
HD 94890 b,4867.0,10.71,2.07,,,Radial Velocity
Kepler-76 b,6409.0,1.32,0.0274,15.24424,2140.0,Orbital Brightness Modulation
TOI-5502 b,6088.71,1.32375,,4.1287378,,Transit
TOI-329 b,5614.0,1.5326,0.0638,4.94057819,1213.02,Transit
Kepler-1772 b,5541.0,0.934,,2.68609988,,Transit
GJ 393 b,3579.0,0.426,0.05402,,485.0,Radial Velocity
HIP 65407 c,5460.0,,0.316,,,Radial Velocity
Kepler-197 d,6004.0,1.12,0.119,1.22,,Transit
HIP 79098 AB b,,,345.0,,2450.0,Imaging
Kepler-356 b,6133.0,1.335,0.057,1.57,,Transit
HD 11506 d,6123.0,,18.2,,,Radial Velocity
OGLE-2006-BLG-109L c,,,4.5,,,Microlensing
Kepler-1514 b,6145.0,1.289,0.753,12.419572,387.9,Transit
Kepler-274 b,6023.0,1.007,0.101,1.54,,Transit
K2-321 b,3750.0,0.595,0.02839,2.05124347,830.0,Transit
Kepler-1242 b,4895.0,0.74,,2.26,,Transit
Kepler-1249 b,6202.0,1.28,,2.38,,Transit
Kepler-75 b,5200.0,0.89,0.0818,11.77,767.0,Transit
TOI-2025 b,5977.0,1.459,0.0892,11.89272852,1166.0,Transit
TOI-4311 b,5063.0,0.8441,0.01817,1.376,1664.0,Transit
WASP-177 b,5017.0,0.885,0.03957,17.71022,1142.0,Transit
eps Ind A b,4700.0,0.713,15.76,,,Radial Velocity
TOI-5380 b,6400.78,1.5621,,3.48093238,,Transit
Kepler-345 b,4504.0,0.623,0.066,0.74,,Transit
Kepler-1389 b,5078.0,0.74,,1.77,,Transit
Kepler-574 b,5612.0,0.91,,2.39,,Transit
Kepler-1580 b,6228.0,2.15,,2.11,,Transit
nu Oph b,4887.0,12.24,1.765,,,Radial Velocity
Kepler-1773 b,6183.0,1.3,,3.50469499,,Transit
K2-187 c,5438.0,0.83,,1.4,,Transit
Kepler-161 c,5078.0,0.806,0.068,2.05,,Transit
BD-06 1339 c,4324.0,,0.435,,,Radial Velocity
Kepler-1499 b,5097.0,0.78,,1.19,,Transit
Kepler-1930 b,5083.0,0.844,,1.52955541,,Transit
TOI-1266 c,3563.0,0.4232,0.105,1.98,346.0,Transit
HD 43197 c,,,8.54,,,Radial Velocity
Kepler-1960 b,6371.0,1.072,,1.30749704,,Transit
CHXR 73 b,,,210.0,,,Imaging
K2-128 b,4469.51,0.777569,0.056,1.42,,Transit
BD+60 1417 b,4993.0,0.797,1662.0,14.68376472,1303.0,Imaging
TOI-712 c,4622.0,0.674,0.2447,2.701,369.9,Transit
Kepler-501 b,5904.0,1.04,,4.3,,Transit
TOI-5736 b,3949.0,0.58,,1.56,1311.0,Transit
K2-343 c,3804.0,0.46,,2.02,465.0,Transit
Kepler-387 c,5774.0,1.046,0.098,0.89,,Transit
TOI-4507 b,6260.0,1.04,0.456,8.2,,Transit
TOI-5181 A b,6060.0,1.53,0.0522,13.34989601,1585.0,Transit
Kepler-348 c,6177.0,1.359,0.138,1.33,,Transit
Kepler-844 b,4128.0,0.57,,1.68,,Transit
KMT-2019-BLG-0953L b,,,1.1,,,Microlensing
MOA-2016-BLG-319L b,,,0.95,,,Microlensing
LP 261-75 b,,,450.0,,1500.0,Imaging
Kepler-1285 b,6170.0,1.28,,0.97,,Transit
HD 49674 b,5602.0,1.02,0.06,,,Radial Velocity
LHS 1678 b,3490.0,0.329,0.01239,0.685,,Transit
Kepler-1583 b,5645.0,0.91,,0.6,,Transit
Kepler-674 b,4192.0,0.57,,1.69,,Transit
NN Ser d,,,,,,Eclipse Timing Variations
HD 220773 b,5940.0,,4.94,,,Radial Velocity
HD 8673 b,,,2.97,,,Radial Velocity
Kepler-62 c,4925.0,0.64,0.0929,0.54,578.0,Transit
Kepler-700 b,5692.0,0.96,,5.99,,Transit
55 Cnc e,5172.0,0.943,0.01544,1.875,,Radial Velocity
NGTS-11 b,5050.0,0.832,0.201,9.157753,435.0,Transit
HD 86226 b,5863.0,1.053,2.73,,176.0,Radial Velocity
WD 1856+534 b,4710.0,0.0131,0.0204,10.4,163.0,Transit
LTT 9779 b,5443.0,0.949,0.01679,4.72,1978.0,Transit
TOI-824 b,4600.0,0.695,0.02177,2.926,1253.0,Transit
GJ 3473 c,3347.0,0.364,0.0876,,329.1,Radial Velocity
WASP-127 b,,1.333,0.0484,14.694999,,Transit
HAT-P-18 b,4803.0,0.749,0.0559,11.153,852.0,Transit
WASP-139 b,5310.0,0.8,0.062,8.9672,910.0,Transit
K2-287 b,5695.0,1.07,0.1206,9.494023,804.0,Transit
GJ 3473 b,3347.0,0.364,0.01589,1.264,773.0,Transit
Kepler-12 b,5947.0,1.483,0.0553,19.660586,1480.0,Transit
HD 86226 c,5863.0,1.053,0.049,2.16,1311.0,Transit
HD 6061 b,5934.0,1.0072,0.06,2.42763557,1075.31,Transit
TOI-3321 b,5850.0,1.549,0.047,15.55806521,1616.0,Transit
Kepler-209 c,5513.0,0.935,0.231,3.1,,Transit
ups Leo b,4836.0,11.22,1.18,,,Radial Velocity
DMPP-7 b,,,0.05873,,,Radial Velocity
TOI-406.01,3392.0,0.41,0.0809,2.08,368.0,Transit
Kepler-20 d,5495.0,0.9164,0.3474,2.606,430.0,Transit
NGTS-8 b,5241.0,0.98,0.035,12.21781,1345.0,Transit
OGLE-2016-BLG-1195L b,,,1.16,,,Microlensing
Kepler-46 d,5309.0,0.79,0.067,1.64,,Transit
Kepler-1070 b,6261.0,1.32,,1.73,,Transit
mu2 Sco b,21700.0,5.6,242.4,,,Imaging
TIC 161045582 b,5683.87,1.07976,,2.24566738,,Transit
Kepler-53 d,6085.0,0.958,0.091,2.12,,Transit
KMT-2016-BLG-1105L b,,,2.44,,,Microlensing
Kepler-382 b,5600.0,0.945,0.055,1.32,,Transit
HD 190360 c,5560.0,,0.1298,,,Radial Velocity
Kepler-1309 b,5235.0,0.8,,2.37,,Transit
Kepler-603 c,5808.0,1.01,,6.5,,Transit
Kepler-946 b,5665.0,0.93,,1.93,,Transit
TOI-5678 b,5485.0,0.938,0.249,4.91,513.0,Transit
Kepler-77 b,5520.0,0.99,0.04501,10.761,1440.0,Transit
BD-06 1339 b,4324.0,,0.0428,,,Radial Velocity
Kepler-385 c,6326.0,1.126,0.127,3.04,,Transit
Kepler-272 d,5297.0,0.929,0.091,2.25,,Transit
Kepler-1564 b,5528.0,0.9,,1.47,,Transit
CT Cha b,,,440.0,24.66,2600.0,Imaging
WASP-13 b,5950.0,1.37,,13.67498,,Transit
Kepler-659 b,4870.0,0.74,,2.5,,Transit
Kepler-117 b,6150.0,1.606,0.1445,8.059,984.0,Transit
HD 47366 b,4866.0,7.3,1.207,,,Radial Velocity
Kepler-134 b,5983.0,1.176,0.06,2.0,,Transit
14 And b,4888.0,11.55,0.775,,,Radial Velocity
Kepler-1744 b,5986.0,0.85,,3.76754004,,Transit
TOI-1811 b,4766.0,0.769,0.04389,11.14172682,962.2,Transit
Kepler-1182 b,5924.0,1.05,,2.41,,Transit
TOI-5734 b,4750.0,0.639,0.05921,2.1,688.0,Transit
Kepler-384 b,5577.0,0.882,0.148,1.12,,Transit
Kepler-1317 b,5144.0,0.79,,1.56,,Transit
HD 224018 c,5784.0,1.147,0.217,2.42,641.0,Transit
Kepler-157 b,5774.0,1.044,0.028,1.32,,Transit
WASP-62 b,6230.0,1.23,,14.79588,,Transit
TOI-1855 b,5359.0,1.041,0.02398,18.49481816,1701.0,Transit
K2-172 c,5569.0,0.868889,,3.20569097,,Transit
WASP-102 b,5990.0,1.375,0.041,14.90794433,1671.0,Transit
EPIC 212499991 b,,,,1.6,,Transit
Kepler-736 b,5217.0,0.81,,2.93,,Transit
TOI-2260 b,5534.0,0.94,0.0097,1.62,2609.0,Transit
TOI-2445 b,3333.0,0.27,0.0064,1.25,1060.0,Transit
TOI-1442 b,3330.0,0.31,0.0071,1.17,1072.0,Transit
HATS-75 b,3790.4,0.5848,0.032742,9.90873894,772.3,Transit
LTT 1445 A c,3340.0,0.265,0.02661,1.147,508.0,Transit
WASP-18 b,6432.0,1.319,0.02024,13.89913607,2429.0,Transit
WASP-19 b,5616.0,1.006,0.01652,15.86070769,2113.0,Transit
WASP-189 b,8000.0,2.36,0.05053,18.14733975,3353.0,Transit
TOI-1670 b,6170.0,1.316,0.103,2.06,1062.0,Transit
TOI-1670 c,6170.0,1.316,0.249,11.06326395,684.0,Transit
K2-22 b,3879.0,0.58,,2.3,,Transit
K2-253 b,6027.0,1.1,0.0506,12.67,1238.0,Transit
Kepler-1472 b,6159.0,1.25,,1.9,,Transit
K2-264 c,3660.0,0.473,0.11283,2.668,331.0,Transit
TOI-4588 b,7746.12,1.57458,,2.92922558,,Transit
WASP-70 A b,5763.0,1.215,0.04853,13.047,1387.0,Transit
Kepler-783 b,5521.0,0.89,,0.78,,Transit
Kepler-351 b,5643.0,0.854,0.214,3.06,,Transit
Kepler-1640 b,6324.0,1.43,,4.82,,Transit
OGLE-2006-BLG-284L A b,,,2.17,,,Microlensing
Kepler-1611 b,5605.0,0.93,,0.81,,Transit
KMT-2022-BLG-1790L b,,,5.25,,,Microlensing
TOI-512 b,5277.0,0.89,,1.54,1009.0,Transit
Kepler-1530 c,5477.0,0.88,,1.65,,Transit
Kepler-1387 b,5046.0,0.77,,0.93,,Transit
Kepler-968 c,4598.0,0.7,,1.69,,Transit
Kepler-342 d,6175.0,1.472,0.242,2.49,,Transit
KOI-134 c,6160.0,1.667,0.2305,,,Transit Timing Variations
alf Ari b,4553.0,13.9,1.2,,,Radial Velocity
GJ 876 d,,0.3,0.02080665,,,Radial Velocity
GJ 3779 b,3324.0,0.281,0.026,,,Radial Velocity
TOI-6699 b,4705.1,0.75309,,2.32645266,,Transit
KELT-16 b,6236.0,1.36,0.02044,15.860735,2453.0,Transit
K2-384 c,3623.0,0.348,,1.191,,Transit
Kepler-1229 b,3784.0,0.51,,1.4,,Transit
Kepler-722 c,5863.0,1.05,,2.82,,Transit
TOI-1444 b,5460.0,0.9105,0.0116,1.41792246,2130.02,Transit
TOI-908 b,5626.0,1.028,0.041657,3.186,1317.0,Transit
K2-80 c,5441.0,0.87,0.0596,1.47,,Transit
Kepler-220 e,4632.0,0.666,0.226,1.33,,Transit
Kepler-1106 b,6104.0,1.17,,1.65,,Transit
TOI-4379 b,6020.0,1.976,,16.69017226,,Transit
TOI-1231 b,3553.0,0.476,0.1288,3.65,329.6,Transit
LHS 1478 b,3381.0,0.246,0.01848,1.242,595.0,Transit
TOI-674 b,3514.0,0.42,0.025,5.25,635.0,Transit
TOI-431 b,4850.0,0.731,0.0113,1.28,1862.0,Transit
TOI-431 c,4850.0,0.731,0.052,,867.0,Radial Velocity
TOI-431 d,4850.0,0.731,0.098,3.29,633.0,Transit
TRAPPIST-1 b,2566.0,0.1192,0.01154,1.116,,Transit
TRAPPIST-1 c,2566.0,0.1192,0.0158,1.097,,Transit
TRAPPIST-1 d,2566.0,0.1192,0.02227,0.788,,Transit
TRAPPIST-1 e,2566.0,0.1192,0.02925,0.92,,Transit
TRAPPIST-1 f,2566.0,0.1192,0.03849,1.045,,Transit
TRAPPIST-1 g,2566.0,0.1192,0.04683,1.129,,Transit
TRAPPIST-1 h,2566.0,0.1192,0.06189,0.755,,Transit
K2-34 b,6168.0,1.42,0.0442,13.75,1687.0,Transit
Kepler-162 b,5816.0,0.958,0.069,1.26,,Transit
K2-191 b,5176.0,0.839696,,1.57889322,,Transit
Kepler-1826 b,3821.0,0.486,,1.47519116,,Transit
HD 153950 b,6124.0,1.28,1.28,,,Radial Velocity
Kepler-1161 b,4253.0,0.57,,2.13,,Transit
Kepler-294 b,5913.0,0.976,0.048,1.77,,Transit
K2-133 c,3655.0,0.455,0.04341,1.603,,Transit
TOI-2147 b,5983.0,1.39,0.172,10.5,820.0,Transit
WASP-35 b,5990.0,1.08,,14.5717,,Transit
FU Tau b,2838.0,,800.0,,2375.0,Imaging
WASP-132 d,4686.0,0.758,2.71,,107.0,Radial Velocity
HD 74156 b,,,0.28,,,Radial Velocity
Kepler-1607 b,6116.0,1.21,,0.92,,Transit
HD 22781 b,5027.0,,1.167,,,Radial Velocity
HD 65216 c,5612.0,,5.75,,,Radial Velocity
EPIC 220674823 b,5578.0,0.99,0.0132,1.606,2324.0,Transit
TOI-1846 b,3568.0,0.397,0.03646,1.792,568.1,Transit
TOI-2141 c,5635.0,0.95,0.0585,,1095.0,Radial Velocity
K2-138 c,5356.3,0.863,0.04461,2.299,,Transit
Kepler-1737 b,5043.0,0.881,,5.395,,Transit
HATS-39 b,6572.0,1.621,0.06007,17.59813,1645.0,Transit
Kepler-320 c,6435.0,1.108,0.142,1.37,,Transit
NGTS-39 b,6053.0,1.16,0.3077,12.195371,519.0,Transit
HD 79498 b,5748.0,1.05,2.98,,,Radial Velocity
Kepler-1574 b,5892.0,1.08,,1.29,,Transit
K2-285 b,4975.0,0.787,0.03817,2.59,1088.9,Transit
HD 216770 b,5399.0,0.93,0.46,,,Radial Velocity
Kepler-693 b,4881.0,0.72,,10.18,,Transit
Kepler-84 e,6031.0,1.169,0.181,2.6,,Transit
Kepler-1206 b,4877.0,0.75,,1.64,,Transit
TOI-1466 b,4435.39,0.749646,,2.46741991,,Transit
Kepler-1901 b,5696.0,0.921,,1.47418907,,Transit
Kepler-891 b,5887.0,1.07,,6.41,,Transit
Kepler-88 d,5466.0,0.897,,,,Radial Velocity
TOI-4405 b,4467.38,0.687025,,2.55505441,,Transit
KMT-2024-BLG-2242L b,,,0.89,,,Microlensing
Kepler-1675 b,5853.19,1.12865,,3.12483349,,Transit
Kepler-319 b,5526.0,0.903,0.051,1.63,,Transit
HD 219077 b,,,5.935,,,Radial Velocity
Kepler-256 b,5551.0,1.301,0.027,1.59,,Transit
HD 204941 b,5026.0,0.78,2.55,,,Radial Velocity
Kepler-1627 b,5445.0,0.84,,3.69,,Transit
Kepler-482 b,4871.0,0.72,,2.36,,Transit
Kepler-709 b,5071.0,0.77,,2.92,,Transit
HD 38529 c,,,3.226,,,Radial Velocity
DMPP-4 b,6400.0,1.38,0.04853,,,Radial Velocity
Kepler-299 c,5617.0,1.032,0.07,2.65,,Transit
Kepler-234 c,6224.0,1.113,0.077,3.51,,Transit
TIC 320419023 b,5703.36,0.952319,,2.77280763,,Transit
HD 45184 c,5869.0,,0.11,,,Radial Velocity
Kepler-79 e,6389.0,1.316,,3.53,,Transit
Kepler-11 d,5663.0,1.065,0.155,3.12,,Transit
Kepler-884 b,5715.0,0.94,,1.23,,Transit
TOI-1839 c,5315.91,0.848099,,2.40867246,,Transit
K2-187 b,5438.0,0.83,,1.2,,Transit
K2-8 c,4870.0,0.74,0.0532,2.41,801.0,Transit
Kepler-747 b,5096.0,0.78,,5.27,,Transit
HIP 109600 b,5530.0,,0.706,,,Radial Velocity
GJ 9404 b,,,0.0943,,,Radial Velocity
Kepler-23 b,5828.0,1.548,,1.638,,Transit
WASP-159 b,6120.0,2.11,0.0538,15.46842,1850.0,Transit
TOI-2886 b,6240.0,1.241,0.02871,18.6405349,1978.0,Transit
GJ 9773 b,3528.0,0.362,2.921,,,Radial Velocity
HD 73526 c,,,1.03,,,Radial Velocity
OGLE-TR-182 b,5924.0,1.14,0.051,12.666,,Transit
Kepler-832 b,5596.0,0.9,,2.06,,Transit
K2-245 b,5793.0,1.25,0.0959,4.34,923.0,Transit
Kepler-859 b,5020.0,0.77,,3.09,,Transit
KELT-14 b,5720.0,1.52,0.03005,19.537287,1970.0,Transit
Kepler-1160 b,5519.0,0.89,,2.14,,Transit
TOI-1238 c,4089.0,0.58,0.037,2.11,695.0,Transit
Kepler-599 b,5127.0,0.79,,2.84,,Transit
Kepler-218 c,5502.0,1.063,0.248,3.14,,Transit
KMT-2021-BLG-1547L b,,,4.5,,,Microlensing
Kepler-381 b,6152.0,1.568,0.066,0.99,,Transit
HD 23127 b,5843.0,1.49,2.37,,,Radial Velocity
Kepler-712 c,5148.0,0.78,,4.85,,Transit
Kepler-128 c,6072.0,1.659,,1.521,,Transit
TOI-1080 b,3065.0,0.2019,0.0272,1.2,368.0,Transit
TOI-2379 b,3707.0,0.622,0.05263,11.72459381,624.0,Transit
HD 178911 B b,5588.0,1.08,0.34,,,Radial Velocity
K2-200 b,5233.0,0.791736,,1.3643987,,Transit
Kepler-1188 b,5913.0,1.06,,2.08,,Transit
HD 155358 c,5900.0,,1.02,,,Radial Velocity
K2-21 b,4222.06,0.646783,0.076,1.84,,Transit
CI Tau c,,,0.17,,,Radial Velocity
KOI-55 b,27730.0,0.203,0.006,0.759,,Orbital Brightness Modulation
K2-376 b,5937.0,1.149,,1.736,,Transit
HD 63433 d,5688.0,0.912,0.0503,1.073,1040.0,Transit
Kepler-515 b,5293.0,0.83,,1.46,,Transit
Kepler-639 b,5896.0,1.29,,2.38,,Transit
WASP-141 b,5900.0,1.37,0.0469,13.56289,1540.0,Transit
Kepler-203 c,5821.0,1.114,0.061,2.47,,Transit
Kepler-411 b,,0.82,0.0375,2.401,1138.0,Transit
TOI-1052 c,6146.0,1.264,0.2263,,719.0,Radial Velocity
K2-5 c,3930.0,0.57,0.0818,2.26,456.0,Transit
KOI-13 b,7650.0,1.74,0.03641,16.948008,2550.0,Transit
HATS-62 b,5416.0,0.933,0.04163,11.825495,1237.0,Transit
Kepler-393 c,6189.0,1.382,0.124,1.33,,Transit
IC 4651 9122 b,,,2.038,,,Radial Velocity
K2-239 b,3420.0,0.36,0.0441,1.1,502.0,Transit
TOI-1408 b,6117.0,1.53,0.05778,25.0,,Transit
TOI-5595 b,4417.3,0.743344,,4.73740402,,Transit
Kepler-33 d,5904.0,1.82,0.1662,5.35,,Transit
Kepler-556 b,5740.0,0.98,,2.24,,Transit
Kepler-1798 b,3967.0,0.587,,2.30911251,,Transit
KMT-2018-BLG-1743L b,,,1.449,,,Microlensing
VHS J125601.92-125723.9 b,,,350.0,13.67495645,1194.0,Imaging
TOI-2071 b,5755.41,1.00286,,2.56484195,,Transit
HD 145457 b,4757.0,9.9,0.762,,,Radial Velocity
Kepler-166 c,5413.0,0.742,0.195,2.38,,Transit
HAT-P-33 b,6446.0,1.79,,20.73665,,Transit
K2-154 c,4097.0,0.63,0.0677,2.07,552.0,Transit
Kepler-770 b,5598.0,0.92,,2.3,,Transit
WASP-54 b,6100.0,1.76,,17.71022,,Transit
HAT-P-5 b,5960.0,1.12,,13.56289,,Transit
TIC 77319217 b,5961.52,1.18439,,3.10879526,,Transit
Kepler-82 b,,0.898,0.1683,4.07,,Transit
Kepler-1980 b,5819.0,0.99,0.2049,2.21,564.0,Transit
TOI-1736 b,5636.0,1.4286,0.073,3.18175535,1099.79,Transit
Kepler-1254 d,4985.0,0.75,,1.31,,Transit
Kepler-1255 b,6018.0,1.12,,2.32,,Transit
K2-158 c,5503.0,0.95,0.0622,1.28,948.0,Transit
Kepler-869 b,5664.0,0.95,,3.61,,Transit
GJ 3512 b,3141.0,0.139,0.3376,,,Radial Velocity
Kepler-563 b,5066.0,0.77,,3.09,,Transit
Kepler-150 c,5560.0,0.939,0.073,3.69,,Transit
Kepler-586 b,5575.0,0.92,,2.79,,Transit
Kepler-698 b,5612.0,0.91,,3.68,,Transit
K2-29 b,5358.0,0.86,0.04217,13.33871,1171.0,Transit
MOA-bin-29 b,,,0.48,,,Microlensing
Kepler-206 c,5764.0,1.185,0.111,1.77,,Transit
HD 31527 b,5898.0,,0.1254,,,Radial Velocity
Kepler-450 c,6197.21,1.64162,,2.62,,Transit
TOI-2015 b,3297.0,0.3273,0.029322,3.309,530.9,Transit
Kepler-913 c,6068.0,1.797,,3.8580709,,Transit
K2-52 b,7147.0,2.192,0.054,18.0,2004.0,Transit
HD 38283 b,5981.0,1.49,1.02,,,Radial Velocity
TOI-5624 b,5327.0,0.82,0.04201,2.314,1136.0,Transit
KMT-2019-BLG-1042L b,,,1.7,,,Microlensing
TOI-6054.01,6047.0,1.662,0.0763,2.64,1360.0,Transit
XO-1 b,5750.0,0.88,,12.77826,,Transit
4 UMa b,4415.0,18.11,0.877,,,Radial Velocity
Kepler-1932 b,5278.0,0.815,,1.51482218,,Transit
HD 208487 b,6134.0,1.16,0.53,,,Radial Velocity
Kepler-202 c,4668.0,0.667,0.113,1.85,,Transit
Kepler-341 d,6012.0,1.024,0.182,1.85,,Transit
Kepler-48 f,,,5.719187877,,,Radial Velocity
K2-274 b,5044.0,0.7,0.0964,2.08,655.0,Transit
Kepler-1340 b,6331.0,1.42,,1.55,,Transit
GJ 1061 b,2953.0,0.156,0.021,,,Radial Velocity
GU Psc b,,,2000.0,14.179,1050.0,Imaging
TOI-2796 b,5764.0,1.069,0.0569,17.26183028,1205.0,Transit
KMT-2016-BLG-2364L b,,,2.63,,,Microlensing
AF Lep b,,,8.996,,,Imaging
Kepler-159 b,4625.0,0.663,0.082,2.38,,Transit
HIP 54597 b,,,4.0,,,Radial Velocity
TOI-4562 b,6096.0,1.152,,,,Transit
HD 149806 b,,,12.404,,,Radial Velocity
Kepler-901 b,4184.0,0.57,,1.37,,Transit
Kepler-1712 b,3732.0,0.509,,2.28372556,,Transit
OGLE-2017-BLG-0364L b,,,3.79,,,Microlensing
TIC 139270665 c,5844.0,1.016,2.0,,200.0,Radial Velocity
TOI-712 b,4622.0,0.674,0.07928,2.049,650.0,Transit
Kepler-568 b,3768.0,0.53,,2.26,,Transit
Kepler-1147 b,5941.0,1.14,,2.61,,Transit
Kepler-1572 b,5618.0,0.95,,0.94,,Transit
HAT-P-3 b,5185.0,0.87,,10.53646,,Transit
Kepler-383 c,4710.0,0.672,0.172,1.24,,Transit
Kepler-1700 b,6031.0,1.0937,,2.90129941,,Transit
Kepler-1322 b,5488.0,0.87,,1.61,,Transit
TOI-2133 b,4250.0,0.62,0.041,2.37,798.0,Transit
Kepler-416 b,,1.075,,2.48,,Transit Timing Variations
KOI-351 c,6080.0,1.2,0.089,1.19,,Transit
Kepler-614 b,5268.0,0.81,,2.39,,Transit
Kepler-281 c,5723.0,0.899,0.215,5.31,,Transit
OGLE-2005-BLG-071L b,,,3.6,,55.0,Microlensing
Kepler-221 c,5243.0,0.821,0.059,2.93,,Transit
Kepler-627 b,6424.0,1.49,,3.73,,Transit
Kepler-1140 b,4850.0,0.73,,2.77,,Transit
Kepler-1884 b,5984.0,0.906,,1.81406781,,Transit
Kepler-1653 b,4807.0,0.693,0.4706,2.17,284.0,Transit
Gl 378 b,3879.0,0.56,0.039435,,830.0,Radial Velocity
HIP 57274 c,4640.0,0.68,0.178,,,Radial Velocity
ups And c,,1.56,0.827774,,,Radial Velocity
Kepler-244 c,5554.0,0.803,0.087,2.05,,Transit
Kepler-1631 b,5679.0,0.95,,1.35,,Transit
Kepler-1034 b,5198.0,0.8,,2.26,,Transit
Kepler-143 b,5848.0,1.359,0.127,2.41,,Transit
HD 142415 b,5940.0,1.04,1.06,,,Radial Velocity
HD 169830 b,,,0.765,,,Radial Velocity
Kepler-921 b,5663.0,0.91,,2.87,,Transit
Kepler-333 c,4259.0,0.534,0.135,1.11,,Transit
Kepler-402 b,6090.0,1.264,0.051,1.22,,Transit
Kepler-670 b,5709.0,0.99,,13.18,,Transit
Kepler-758 e,6228.0,1.42,,1.53,,Transit
K2-412 b,5590.0,0.977,0.0586,2.116,,Transit
Kepler-311 b,5905.0,1.188,0.087,1.7,,Transit
Kepler-1297 b,5818.0,0.99,,0.97,,Transit
HD 145675 c,,,20.0,,,Radial Velocity
TOI-2093 c,4426.0,0.729,0.257,2.3,329.0,Transit
K2-334 b,6502.0,1.49,,5.65,1380.0,Transit
HD 4313 b,4943.0,5.14,1.157,,,Radial Velocity
Kepler-424 c,5460.0,0.94,0.73,,,Radial Velocity
Kepler-1628 b,3724.0,0.52,,6.43,,Transit
Kepler-230 b,5588.0,0.817,0.191,4.26,,Transit
GJ 3942 b,3867.0,0.61,0.0608,,590.0,Radial Velocity
Kepler-1660 AB b,,1.491,,,,Eclipse Timing Variations
Kepler-382 c,5600.0,0.945,0.097,1.59,,Transit
HD 5388 b,6297.0,1.91,1.757,,,Radial Velocity
mu Leo b,4538.2,11.4,1.1,,,Radial Velocity
Kepler-607 b,5196.0,0.8,,0.87,,Transit
Kepler-1839 b,5926.0,0.939,,1.9493759,,Transit
HD 12661 c,5748.0,1.11,2.8145,,,Radial Velocity
HD 45652 b,5294.0,0.94,0.237,,,Radial Velocity
TOI-2567 b,5611.0,1.686,0.0672,10.92875618,1352.0,Transit
HD 211970 b,4127.0,,0.143,,,Radial Velocity
HD 48265 b,5733.0,1.901,1.814,,,Radial Velocity
TOI-5232 b,6500.0,1.785,0.05593,12.778238,1772.0,Transit
Kepler-1959 b,5071.0,0.811,,1.14315727,,Transit
Kepler-949 c,5211.0,0.895,0.1394,2.97,582.0,Transit
Kepler-367 c,4710.0,0.695,0.253,1.2,,Transit
K2-315 b,3300.0,0.196,,0.95,460.0,Transit
Kepler-1549 b,5324.0,0.84,,2.57,,Transit
HD 86264 b,,,2.763,,,Radial Velocity
WASP-104 b,5475.0,0.963,0.02918,12.745,1516.0,Transit
KIC 10001893 c,27500.0,,,,,Orbital Brightness Modulation
TOI-833 b,3920.0,0.6,0.0171,1.27,1118.0,Transit
KMT-2017-BLG-0165L b,,,3.45,,,Microlensing
TOI-5728 b,3419.0,0.37,,1.31,382.0,Transit
Kepler-814 b,6162.0,1.22,,2.12,,Transit
Kepler-1894 c,5772.0,0.901,0.0576,1.21,1007.0,Transit
HD 211810 b,5652.0,1.13,2.656,,,Radial Velocity
KMT-2024-BLG-2087L b,,,3.03,,,Microlensing
Kepler-415 b,,0.643,,1.21,,Transit Timing Variations
Kepler-102 c,4909.0,0.724,0.06702,0.567,777.0,Transit
K2-37 d,5352.0,0.809,,2.31,646.0,Transit
Kepler-252 b,4208.0,0.549,0.058,1.23,,Transit
Kepler-17 b,5781.0,1.01034,0.02591,14.68,1570.0,Transit
Kepler-163 b,5776.0,0.917,0.078,1.05,,Transit
Kepler-1162 c,5225.0,0.859,0.2832,1.81,401.0,Transit
HR 8799 e,7400.0,,16.4,13.11453,1150.0,Imaging
DMPP-2 b,,,0.06638,,,Radial Velocity
HD 136925 b,5773.19,1.193078,5.13,,,Radial Velocity
K2-61 b,5748.0,0.995,,1.92,1325.0,Transit
KOINTREAU-3 b,3920.0,,342.0,,,Imaging
TOI-1453 b,4975.0,0.72,,1.173,944.2,Transit
Kepler-1841 b,5190.0,0.899,,1.48912557,,Transit
Kepler-1972 c,5818.0,1.384,,0.868,,Transit
K2-10 b,5533.0,0.956,,3.773,649.0,Transit
HD 127195 b,4981.0,4.16,,,,Radial Velocity
Kepler-1789 b,5436.0,0.888,,2.83137505,,Transit
Kepler-308 b,5895.0,0.941,0.09,2.12,,Transit
Kepler-636 b,5203.0,0.8,,4.45,,Transit
GJ 4274 c,3228.0,0.19,0.186,,,Radial Velocity
TOI-3082 b,4263.0,0.6847,,3.6621,1032.78,Transit
Barnard b,3195.0,0.185,0.0229,,438.0,Radial Velocity
MOA-bin-1L b,,,8.3,,,Microlensing
HD 155358 b,5905.0,1.38,0.63,,,Radial Velocity
Kepler-1928 b,5720.0,0.92,0.194,1.992,,Transit
HR 8799 b,,,68.0,13.0,,Imaging
Kepler-82 d,5428.0,0.945,0.034,1.77,,Transit
Kepler-141 b,4910.0,0.787,0.039,0.69,,Transit
Kepler-1927 b,6056.0,2.481,,3.40627075,,Transit
Kepler-265 d,5835.0,1.103,0.236,2.49,,Transit
Kepler-619 b,5980.0,1.11,,3.16,,Transit
WASP-36 b,5959.0,0.985,0.02677,14.874343,1733.0,Transit
HD 126105 b,4875.0,4.21,1.36,,,Radial Velocity
K2-281 b,4812.0,0.76,0.0773,8.18,665.0,Transit
Kepler-983 b,6052.0,1.08,,2.36,,Transit
Kepler-1790 b,5866.0,1.367,,3.1446145,,Transit
Kepler-230 c,5588.0,0.817,0.38,2.04,,Transit
Kepler-164 e,5888.0,1.097,0.4025,4.24,429.0,Transit
Kepler-461 b,5634.0,0.91,,2.58,,Transit
TOI-4794 b,6390.0,1.451,0.0492,14.35870428,1673.0,Transit
WASP-167 b,7000.0,1.79,0.0365,17.71022,2329.0,Transit
TOI-157 b,5404.0,1.167,0.03138,14.414774,1588.0,Transit
K2-115 b,5870.0,0.855,0.1415,11.80305668,696.0,Transit
Kepler-223 e,,1.72,,4.6,,Transit
HD 73344 b,6252.6,1.22,0.131,2.884,911.0,Transit
61 Vir d,5577.0,0.963,0.476,,,Radial Velocity
HD 164922 d,5390.0,0.946,0.103,,,Radial Velocity
HD 99109 b,5282.0,0.98,1.11,,,Radial Velocity
Kepler-118 b,5274.0,1.094,0.073,1.96,,Transit
Kepler-50 c,6225.0,1.58,0.087,2.17,,Transit
TOI-4156 c,5971.64,1.03963,,2.92303762,,Transit
Kepler-1993 b,5159.0,3.062,0.1943,4.15,903.0,Transit
K2-390 b,5558.0,0.966,,4.662,,Transit
Kepler-741 b,6129.0,1.24,,2.97,,Transit
HD 133131 A b,5799.0,,1.44,,,Radial Velocity
G 9-40 b,3395.0,0.3026,0.0418,1.9,440.6,Transit
Kepler-160 c,5471.0,1.118,0.1192,3.76,,Transit
K2-31 b,5280.0,0.78,0.022,11.88154,,Transit
Kepler-114 b,4605.0,0.667,0.053,1.26,,Transit
Kepler-1143 b,5053.0,0.77,,1.67,,Transit
Kepler-1129 c,5831.0,1.0,,2.73,,Transit
HR 8799 d,,,24.0,13.0,,Imaging
Kepler-1073 b,5792.0,1.0,,2.3,,Transit
Kepler-1966 b,5009.0,0.84,,1.10479327,,Transit
Kepler-58 d,6099.0,1.127,0.236,2.94,,Transit
Kepler-62 d,4925.0,0.64,0.12,1.95,510.0,Transit
Kepler-1866 b,5791.0,1.083,,2.08215108,,Transit
BD+20 2457 b,4137.0,49.0,1.45,,,Radial Velocity
Kepler-353 b,3903.0,0.504,0.051,0.89,,Transit
Kepler-1506 b,5676.0,0.93,,1.32,,Transit
K2-340 b,5532.0,1.13,,3.36,606.0,Transit
KIC 3558849 b,6175.0,1.01,,6.9,,Transit
TOI-2211.01,5253.0,0.834,0.04011,1.561,,Transit
Kepler-1786 b,5808.0,1.397,,3.16305828,,Transit
Kepler-973 b,5213.0,0.78,,1.96,,Transit
MOA-2019-BLG-008L b,,,,,,Microlensing
Kepler-333 b,4259.0,0.534,0.087,1.32,,Transit
HD 2952 b,4853.0,10.9,1.117,,,Radial Velocity
Kepler-35 b,5606.0,1.0284,0.60347,8.16,,Transit
TOI-5573 b,3790.0,0.594,0.0712,9.75,528.0,Transit
2MASS J22362452+4751425 b,4045.0,,230.0,,,Imaging
GJ 1002 c,3024.0,0.137,0.0738,,181.7,Radial Velocity
Kepler-1668 b,5542.0,1.01738,,4.34764405,,Transit
Kepler-167 e,4884.0,0.749,1.883,10.16,134.4,Transit
TOI-500 b,4440.0,0.678,0.01189,1.166,1617.0,Transit
TOI-500 c,4440.0,0.678,,,,Radial Velocity
TOI-500 d,4440.0,0.678,,,,Radial Velocity
TOI-500 e,4440.0,0.678,,,,Radial Velocity
GJ 3929 b,3384.0,0.32,0.0252,1.09,568.0,Transit
GJ 3929 c,3384.0,0.32,0.081,,317.0,Radial Velocity
HD 260655 b,3803.0,0.439,0.02933,1.24,709.0,Transit
HD 260655 c,3803.0,0.439,0.04749,1.533,557.0,Transit
TOI-3714 b,3660.0,0.51,0.027,11.32107051,750.0,Transit
Kepler-167 b,4884.0,0.749,0.04825,1.718,918.0,Transit
Kepler-167 c,4884.0,0.749,0.0684,1.674,771.0,Transit
Kepler-167 d,4884.0,0.749,0.1404,1.238,538.0,Transit
TOI-3757 b,3913.0,0.62,0.03845,12.0,759.0,Transit
Kepler-1795 b,4500.0,0.688,,1.66301611,,Transit
Kepler-1720 b,5573.0,0.839,,3.21585295,,Transit
HD 33844 b,4861.0,5.39,1.6,,,Radial Velocity
KMT-2025-BLG-1616L b,,,1.6,,,Microlensing
HD 32518 b,4580.0,10.22,0.594,,,Radial Velocity
Kepler-1830 b,6160.0,2.046,,3.32992941,,Transit
HD 65216 b,5612.0,,1.301,,,Radial Velocity
HAT-P-28 b,5680.0,1.103,0.0434,13.585,1384.0,Transit
K2-160 b,5649.0,0.913754,,3.17824034,,Transit
Kepler-296 d,3740.0,0.48,0.118,2.09,,Transit
Kepler-501 c,5794.0,1.216,,1.68119739,,Transit
HAT-P-66 b,6002.0,1.881,0.04363,17.82231,1896.0,Transit
Kepler-1708 b,6157.0,1.117,1.64,9.96,,Transit
GJ 480 b,3509.0,0.449,0.068,,406.0,Radial Velocity
HD 102956 b,4985.0,4.55,0.0807,,,Radial Velocity
Kepler-1394 b,6481.0,2.55,,1.39,,Transit
Kepler-1220 b,5842.0,0.99,,1.52,,Transit
HATS-49 b,4405.0,0.6977,0.04515,8.574885,834.8,Transit
Kepler-7 b,5933.0,1.966,0.06067,18.180998,1630.0,Transit
HD 135872 b,,,4.172,,,Radial Velocity
Kepler-658 b,4103.0,0.6,,1.63,,Transit
GJ 667 C e,3350.0,,0.213,,,Radial Velocity
Kepler-56 c,4840.0,4.23,0.1652,9.8,,Transit
Kepler-637 b,6096.0,2.56,,4.75,,Transit
Kepler-1440 b,5698.0,0.96,,1.26,,Transit
Kepler-1649 b,3240.0,0.2317,,1.017,307.0,Transit
Kepler-481 b,5802.0,1.09,,2.5,,Transit
Kepler-1257 b,5502.0,0.87,,1.52,,Transit
Kepler-1796 b,6036.0,0.949,,2.75047868,,Transit
Kepler-1831 b,6063.0,1.012,,1.97019818,,Transit
GJ 422 b,,,0.111,,,Radial Velocity
K2-148 b,4079.0,0.632,0.0454,1.33,,Transit
K2-316 c,3436.0,0.379,0.0582,1.83,423.0,Transit
KMT-2019-BLG-0414L b,,,1.16,,,Microlensing
TOI-2094 b,3435.0,0.384,0.136,1.9,276.0,Transit
2MASS J19383260+4603591 b,29564.0,0.203,,,,Eclipse Timing Variations
Kepler-799 c,5588.0,1.593,,2.78068551,,Transit
Kepler-110 c,5960.0,1.149,0.198,2.21,,Transit
GJ 849 b,3467.0,0.45,2.32,,,Radial Velocity
Kepler-92 d,5904.34,1.81719,,2.067,,Transit
K2-247 c,4667.0,0.69,0.0615,2.19,688.0,Transit
KELT-3 b,6304.0,1.7,,17.48604,,Transit
HATS-16 b,5738.0,1.238,0.03744,14.5717,1592.0,Transit
HD 137496 b,5799.0,1.59,0.02732,1.31,2130.0,Transit
Kepler-224 b,5018.0,0.676,0.038,1.39,,Transit
Kepler-526 b,5894.0,1.14,,1.99,,Transit
Kepler-331 c,4347.0,0.492,0.105,1.84,,Transit
CFHTWIR-Oph 98 b,2320.0,0.245,200.0,20.8487041,1800.0,Imaging
Kepler-1989 b,6032.0,1.06,0.0918,4.62,904.0,Transit
Kepler-1741 b,3683.0,0.424,,1.273,,Transit
Kepler-50 b,6225.0,1.58,0.077,1.71,,Transit
WISEP J121756.91+162640.2 A b,575.0,0.091,8.0,10.468,450.0,Imaging
TOI-1269 b,5499.0,0.8521,0.0496,2.40144286,1004.9,Transit
Kepler-1089 b,3753.0,0.49,,1.83,,Transit
K2-285 e,4975.0,0.787,0.18041,1.95,500.9,Transit
WASP-148 b,5555.0,0.912,0.08215,8.47398941,,Transit
WASP-148 c,5555.0,0.912,0.2044,,,Radial Velocity
LP 890-9 b,2850.0,0.1556,0.01875,1.32,396.0,Transit
LP 890-9 c,2850.0,0.1556,0.03984,1.367,272.0,Transit
TOI-1075 b,3875.0,0.581,0.01159,1.791,1323.0,Transit
Kepler-1588 b,5817.0,0.99,,0.76,,Transit
Kepler-945 b,5718.0,0.97,,2.63,,Transit
Kepler-1103 b,6092.0,1.15,,2.27,,Transit
Kepler-339 d,5631.0,0.802,0.091,1.17,,Transit
KMT-2022-BLG-1818L b,,,2.6,,,Microlensing
Kepler-1848 b,4847.0,0.737,,1.4088539,,Transit
Qatar-10 b,6124.0,1.254,0.0286,17.295487,1955.0,Transit
Kepler-1805 b,3867.0,0.552,,1.54502915,,Transit
HD 60292 b,4348.0,27.0,1.5,,,Radial Velocity
K2-182 b,5128.0,0.789,0.05174,2.71257333,965.8,Transit
Kepler-140 c,6077.0,1.288,0.414,1.8,,Transit
61 Vir b,5577.0,0.963,0.050201,,,Radial Velocity
Kepler-1109 b,5893.0,1.06,,2.19,,Transit
OGLE-2013-BLG-0341L B b,,,0.702,,,Microlensing
K2-285 d,4975.0,0.787,0.1178,2.48,619.9,Transit
Kepler-818 b,5638.0,0.92,,5.11,,Transit
HD 213885 b,5978.0,1.1011,0.02012,1.745,2128.0,Transit
Pr0201 b,6174.0,1.15,0.06,,,Radial Velocity
Kepler-665 b,4913.0,0.74,,2.6,,Transit
K2-238 b,5630.0,1.59,0.046,14.5717,1587.0,Transit
GJ 3323 b,3159.0,0.119,0.03282,,,Radial Velocity
WASP-81 b,5870.0,1.283,0.03908,16.017661,1623.0,Transit
K2-138 e,5356.3,0.863,0.0782,3.39,,Transit
TIC 188624430 b,5369.46,0.786574,,3.64811843,,Transit
HAT-P-50 b,6280.0,1.698,0.0453,14.437192,1862.0,Transit
HD 92788 c,5744.0,1.14,10.5,,,Radial Velocity
Kepler-1423 b,4939.0,0.75,,1.06,,Transit
HD 37124 b,,,0.53364,,,Radial Velocity
WASP-162 b,5300.0,1.11,0.0871,11.209,910.0,Transit
Kepler-949 b,5403.0,0.86,,2.91,,Transit
Kepler-293 b,5804.0,0.957,0.144,3.07,,Transit
TOI-778 b,6643.0,1.71,0.06,15.4,1561.0,Transit
Kepler-1525 b,5748.0,1.04,,0.91,,Transit
HAT-P-49 b,6820.0,2.06,,17.82231,,Transit
Kepler-1753 b,5180.0,0.769,,2.22678077,,Transit
TOI-756 c,3657.0,0.505,0.439,,194.0,Radial Velocity
Kepler-954 b,4990.0,0.76,,2.32,,Transit
Wolf 1061 d,3342.0,0.307,0.47,,,Radial Velocity
WASP-14 b,6475.0,1.4,,15.46842,,Transit
WASP-100 b,6900.0,1.57,,14.90797,,Transit
TOI-1448 b,3412.0,0.38,0.0567,2.749,426.0,Transit
Lupus-TR-3 b,5000.0,0.82,0.0464,9.976,,Transit
MOA-2011-BLG-262L b,,,0.95,,,Microlensing
K2-353 b,5698.0,0.99,,5.55,735.0,Transit
TOI-2068 b,3710.0,0.535,0.0632,1.821,520.62,Transit
HD 12648 b,4835.0,11.02,0.54,,,Radial Velocity
HD 102888 b,4990.0,8.6,1.05,,,Radial Velocity
KOI-1783.02,5922.0,1.143,,5.44,,Transit
HD 73583 c,4511.0,0.65,0.1242,2.39,498.0,Transit
TOI-1696 b,3185.0,0.2775,0.0229,3.09,489.0,Transit
Kepler-396 b,,1.06,,3.5,,Transit
Kepler-602 b,6062.0,1.13,,2.09,,Transit
GJ 180 c,3371.0,,0.129,,,Radial Velocity
Kepler-113 c,4725.0,0.69,,2.18,,Transit
Kepler-147 c,6012.0,1.468,0.216,2.43,,Transit
HD 12235 b,,,0.054,,,Radial Velocity
HD 25912 b,,,0.242,,,Radial Velocity
KMT-2021-BLG-1105L b,,,3.54,,,Microlensing
Kepler-867 b,5541.0,0.91,,4.64,,Transit
L 363-38 b,3129.0,0.274,0.048,,330.0,Radial Velocity
Kepler-139 f,5630.0,1.045,,,,Transit Timing Variations
EPIC 206024342 b,,,,1.7,,Transit
TOI-1224 b,3326.0,0.404,0.0355,2.104,541.0,Transit
Kepler-1044 b,5985.0,1.11,,2.67,,Transit
TYC 3667-1280-1 b,5130.0,6.26,0.21,,1350.0,Radial Velocity
Kepler-850 b,5932.0,1.09,,1.78,,Transit
HD 99706 b,4862.0,5.52,1.98,,,Radial Velocity
TOI-2267 d,,0.13,0.0145,1.77,422.0,Transit
TOI-1775 b,5284.0,0.8288,0.08,8.04728896,707.89,Transit
Kepler-298 d,4465.0,0.582,0.305,2.5,,Transit
K2-233 b,4796.0,0.71,0.03293,1.315,1127.0,Transit
EPIC 220492298 b,5620.0,0.89,,0.99,,Transit
K2-380 b,5911.0,1.32,,2.729,,Transit
K2-170 c,5748.0,0.981614,,1.8017647,,Transit
TOI-1386 c,5735.0,1.0235,0.75,,,Radial Velocity
Kepler-1262 b,5771.0,0.98,,1.82,,Transit
HD 20329 b,5596.0,1.13,0.018,1.72,2141.0,Transit
TOI-700 b,3459.0,0.421,0.0677,0.914,,Transit
TOI-700 c,3459.0,0.421,0.0929,2.6,,Transit
TOI-700 d,3459.0,0.421,0.1633,1.073,,Transit
TOI-700 e,3459.0,0.421,0.134,0.953,,Transit
TOI-3235 b,3388.8,0.3697,0.02709,11.39953337,604.0,Transit
TOI-836 b,4552.0,0.665,0.0422,1.704,871.0,Transit
TOI-836.01,4552.0,0.665,0.075,2.587,665.0,Transit
TOI-181 b,4994.0,0.745,0.0539,6.9559,895.1,Transit
TOI-5205 b,3430.0,0.394,0.0199,11.6,737.0,Transit
K2-141 b,4570.0,0.681,0.00747,1.51,2103.0,Transit
K2-141 c,4570.0,0.681,0.0683,7.0,695.0,Transit
LP 791-18 b,2960.0,0.182,0.00978,1.212,564.3,Transit
HD 207496 b,4819.0,0.769,0.0629,2.25,743.0,Transit
TOI-1416 b,4884.0,0.793,0.019,1.62,1517.0,Transit
TOI-4010 b,4960.0,0.83,0.0229,3.02,1441.0,Transit
TOI-4010 c,4960.0,0.83,0.058,5.93,907.0,Transit
TOI-4010 d,4960.0,0.83,0.113,6.18,650.0,Transit
TOI-4010 e,4960.0,0.83,1.57,,174.0,Radial Velocity
WASP-84 b,,0.768,0.0778,10.72,732.0,Transit
WASP-84 c,,0.768,0.02359,1.95,1329.0,Transit
TOI-3984 A b,3476.0,0.47,0.041,7.9,563.0,Transit
TOI-5293 A b,3586.0,0.52,0.034,11.9,675.0,Transit
GJ 367 c,3522.0,0.458,,,,Radial Velocity
GJ 367 d,3522.0,0.458,,,,Radial Velocity
GJ 357 b,3505.0,0.337,0.036,1.2,518.0,Transit
TOI-199 b,5255.0,0.82,0.4254,9.07927437,,Transit
TOI-199 c,5255.0,0.82,0.807,,,Transit Timing Variations
TOI-1801 b,3863.0,0.547,,2.079,493.7,Transit
TOI-1420 b,5510.0,0.923,0.071,11.89,957.0,Transit
HD 110067 b,5266.0,0.788,0.0793,2.2,800.0,Transit
HD 110067 c,5266.0,0.788,0.1039,2.388,699.0,Transit
HD 110067 d,5266.0,0.788,0.1362,2.852,602.0,Transit
HD 110067 e,5266.0,0.788,0.1785,1.94,533.0,Transit
HD 110067 f,5266.0,0.788,0.2163,2.601,489.0,Transit
HD 110067 g,5266.0,0.788,0.2621,2.607,440.0,Transit
AU Mic d,3678.0,0.744,,,,Transit Timing Variations
GJ 806 b,3600.0,0.4144,0.01406,1.331,940.0,Transit
GJ 806 c,3600.0,0.4144,0.0523,,490.0,Radial Velocity
HAT-P-65 b,5872.0,1.666,0.04042,18.05766791,1818.0,Transit
GJ 9827 b,4236.0,0.58,0.0189,1.44,1035.01,Transit
GJ 9827 c,4236.0,0.58,0.0395,1.13,715.94,Transit
LTT 3780 b,3358.0,0.38,0.01195,1.325,903.0,Transit
LTT 3780 c,3358.0,0.38,0.0757,2.39,359.0,Transit
LHS 1140 b,3096.0,0.2159,0.0946,1.73,226.0,Transit
LHS 1140 c,3096.0,0.2159,0.027,1.272,422.0,Transit
GJ 1214 b,3101.0,0.2162,0.01505,2.733,567.0,Transit
TOI-1136 b,5770.0,0.968,0.05106,,1216.0,Transit
TOI-1136 c,5770.0,0.968,0.0669,,1062.0,Transit
TOI-1136 d,5770.0,0.968,0.1062,,843.0,Transit
TOI-1136 e,5770.0,0.968,,,737.0,Transit
TOI-1136 f,5770.0,0.968,0.174,,658.0,Transit
TOI-1136 g,5770.0,0.968,0.229,,574.0,Transit
TOI-1899 b,3926.0,0.607,0.1525,11.09689089,378.0,Transit
TOI-421 b,5291.0,0.866,0.0554,2.64,922.0,Transit
TOI-421 c,5291.0,0.866,0.117,5.09,635.0,Transit
TOI-1338 b,,1.313,,7.661,,Transit
TOI-1338 c,,1.313,,,,Radial Velocity
TOI-3884 b,3180.0,0.302,0.0361,6.43,441.0,Transit
GJ 1132 b,3229.0,0.2211,0.0157,1.19151465,583.8,Transit
PH2 b,5734.0,0.949,0.833,9.33708092,295.1,Transit
TOI-2406 b,3100.0,0.204,0.02267,2.86,449.0,Transit
WASP-47 b,,1.156,,12.86,,Transit
WASP-47 c,,1.156,,,,Radial Velocity
WASP-47 d,,1.156,,3.65,,Transit
WASP-47 e,,1.156,,1.83,,Transit
TOI-776 b,3725.0,0.547,0.0653,1.798,520.0,Transit
TOI-776 c,3725.0,0.547,0.1001,2.047,420.0,Transit
WASP-76 b,6329.0,1.756,0.033,20.78145022,2228.0,Transit
HIP 9618 b,5649.0,0.9593,0.145,3.82838127,640.88,Transit
HIP 9618 c,5649.0,0.9593,0.269,3.42855926,470.31,Transit
TOI-1823 b,4927.0,0.8049,0.212,7.5406241,423.63,Transit
TOI-849 b,5257.0,0.97,0.0155,3.64,,Transit
HD 63935 b,5513.0,0.9598,0.083,2.91575244,825.22,Transit
HD 63935 c,5513.0,0.9598,0.148,3.06451296,619.59,Radial Velocity
TOI-1807 b,4914.0,0.746,0.0122,1.49681583,1694.1,Transit
LTT 1445 A b,,0.271,0.0381,1.34,431.0,Transit
TOI-1173 b,5350.0,0.934,0.0696,9.19,868.0,Transit
TOI-6255 b,3421.0,0.37,,1.079,,Transit
GJ 9827 d,4236.0,0.58,0.053,1.98,675.0,Transit
GJ 486 b,3317.0,0.3243,0.01714,1.289,696.3,Radial Velocity
L 168-9 b,3842.0,0.604,0.0208,1.63,998.0,Transit
TOI-1130 b,4360.0,0.697,0.0453,3.66,825.0,Transit
TOI-1130 c,4360.0,0.697,0.0731,13.0,650.0,Transit
Kepler-51 e,5674.0,0.87,,,,Transit Timing Variations
IRAS 04125+2902 b,4080.0,1.45,0.077,10.73820351,854.0,Transit
WASP-12 b,6265.0,1.69,0.0234,22.02564708,,Transit
Gl 725 A b,3433.0,0.351,0.068,,,Radial Velocity
HD 15337 b,5131.0,0.855,,1.77,,Transit
HD 15337 c,5131.0,0.855,,2.526,,Transit
GJ 341 b,3770.0,0.5066,,0.88,,Transit
TOI-561 b,,0.843,0.01064,1.397,2319.0,Transit
TOI-561 c,,0.843,0.0889,2.865,802.0,Transit
TOI-561 d,,0.843,0.1587,2.615,600.0,Transit
TOI-561 e,,0.843,0.33,2.517,416.0,Transit
HAT-P-11 b,,,0.05258,,,Transit
HAT-P-11 c,,,4.1,,,Radial Velocity
TOI-677 b,6295.0,1.28,0.1041,13.11450742,,Transit
BD+05 4868 A b,4596.0,0.69,0.0208,,1820.0,Transit
WASP-131 b,5990.0,1.561,0.0608,13.74221034,,Transit
TOI-6324 b,3247.0,0.293,,1.059,1216.0,Transit
TOI-771 b,3370.0,0.232,0.0208,1.36,543.0,Transit
TOI-771 c,3370.0,0.232,0.046,,365.0,Radial Velocity
WASP-77 A b,5617.0,0.91,0.023233633,,,Transit
TOI-6894 b,3007.0,0.2276,0.02604,9.5836785,417.9,Transit
KELT-11 b,5375.0,2.69,0.0623,15.13212395,1712.0,Transit
TOI-1468 b,3376.0,0.3714,0.02107,1.401,683.5,Transit
TOI-1468 c,3376.0,0.3714,0.08608,2.126,338.1,Transit
TOI-2031 A b,6490.0,1.241,0.066,14.20177855,1358.0,Transit
L 98-59 b,3415.0,0.3155,0.0223,0.837,620.0,Transit
L 98-59 c,3415.0,0.3155,0.0309,1.329,526.0,Transit
L 98-59 d,3415.0,0.3155,0.0494,1.627,416.0,Transit
L 98-59 e,3415.0,0.3155,0.0712,,347.0,Radial Velocity
L 98-59 f,3415.0,0.3155,0.1052,,285.0,Radial Velocity
WASP-69 b,4792.0,0.801,0.0453,11.21,971.0,Transit
AU Mic e,3665.0,0.82,,,,Radial Velocity
TOI-270 b,3506.0,0.38,,1.28,600.0,Transit
TOI-270 c,3506.0,0.38,,2.33,489.0,Transit
TOI-270 d,3506.0,0.38,,2.0,383.0,Transit
TOI-6109 b,5660.0,1.021,0.0599,4.8704,,Transit
TOI-6109 c,5660.0,1.021,0.0786,4.8326,,Transit
WASP-6 b,5438.0,0.79,,12.5428494,1167.0,Transit
WASP-25 b,5697.0,0.884,,13.80946422,1217.0,Transit
55 Cnc B b,3286.0,0.274,0.044,,,Radial Velocity
55 Cnc B c,3286.0,0.274,0.13,,,Radial Velocity
55 Cnc b,5198.0,0.98,0.118,,,Radial Velocity
55 Cnc c,5198.0,0.98,0.247,,,Radial Velocity
55 Cnc d,5198.0,0.98,5.6,,,Radial Velocity
55 Cnc f,5198.0,0.98,0.802,,,Radial Velocity
TOI-1685 b,3470.0,0.462,0.01164,1.421,1000.0,Transit
WASP-193 b,6080.0,1.213,0.0668,14.78464554,1250.0,Transit
WASP-121 b,6628.0,1.461,0.02571,19.52604438,2409.0,Transit
TOI-178 b,4316.0,0.662,,1.2,,Transit
TOI-178 c,4316.0,0.662,,1.754,,Transit
TOI-178 d,4316.0,0.662,,2.695,,Transit
TOI-178 e,4316.0,0.662,,2.301,,Transit
TOI-178 f,4316.0,0.662,,2.417,,Transit
TOI-178 g,4316.0,0.662,,2.939,,Transit
HD 80606 b,5565.0,1.05,0.4603,11.56766808,,Radial Velocity
WASP-20 b,,1.242,,15.46839337,1362.0,Transit
TOI-451 b,5490.0,0.85,0.0274,1.84,1474.0,Transit
TOI-451 c,5490.0,0.85,0.0795,2.93,865.0,Transit
TOI-451 d,5490.0,0.85,0.1168,3.93,714.0,Transit
WASP-107 b,,,,,,Transit
WASP-107 c,,,,,,Radial Velocity
GJ 3090 b,3707.0,0.516,0.0316,2.18,723.0,Transit
GJ 3090 c,3707.0,0.516,0.0997,,407.2,Radial Velocity
V1298 Tau b,4970.0,1.32,0.1685,9.41,666.0,Transit
V1298 Tau c,4970.0,1.32,0.0824,5.08,953.0,Transit
V1298 Tau d,4970.0,1.32,0.1081,6.53,831.0,Transit
V1298 Tau e,4970.0,1.32,0.2689,10.17,527.0,Transit
LP 791-18 c,2960.0,0.182,0.02961,2.488,,Transit
LP 791-18 d,2960.0,0.182,0.01992,1.032,,Transit
AU Mic b,3540.0,0.862,0.07,4.79,554.8,Transit
AU Mic c,3540.0,0.862,0.119,2.79,424.7,Transit
TOI-4336 A b,3307.0,0.326,0.0849,2.137,309.4,Transit
TOI-4336 A c,3307.0,0.326,0.05092,1.251,399.5,Transit
TOI-2431 b,4109.0,0.651,0.0063,1.534,2063.0,Transit
TOI-2076 b,,0.758,0.08781,2.59,736.0,Transit
TOI-2076 c,,0.758,0.1407,3.54,581.0,Transit
TOI-2076 d,,0.758,0.1982,3.27,490.0,Transit
TOI-2076 e,,0.758,0.03863,1.301,1110.0,Transit
LHS 3844 b,3080.0,0.189,0.00624,1.286,816.0,Transit
TOI-2374 b,5002.0,0.711,0.04818,7.48759911,926.0,Transit
GJ 1132 c,,0.226,,,,Radial Velocity
GJ 367 b,3535.0,0.457,,0.736,1329.0,Transit
HIP 41378 b,6290.0,1.3,,2.64,,Transit
HIP 41378 c,6290.0,1.3,,2.74,,Transit
HIP 41378 g,6290.0,1.3,,,,Radial Velocity
HIP 41378 d,6290.0,1.3,,3.65,,Transit
HIP 41378 e,6290.0,1.3,,5.19,,Transit
HIP 41378 f,6290.0,1.3,,9.47,,Transit
TOI-260 b,4026.0,0.607,0.0943,1.71,493.0,Transit
KELT-9 b,9270.0,2.418,0.03368,21.70058664,3921.0,Transit
TOI-2134 b,4580.0,0.709,0.07803,2.735,660.0,Transit
TOI-2134 c,4580.0,0.709,0.3715,7.35,302.0,Transit
HD 3167 b,5338.0,0.871,0.01814,1.601,1781.0,Transit
HD 3167 c,5338.0,0.871,0.1794,2.983,567.0,Transit
HD 3167 d,5338.0,0.871,0.077,,865.0,Radial Velocity
HD 3167 e,5338.0,0.871,0.3797,,389.0,Radial Velocity
TOI-7189 b,3775.0,0.591,0.03294,10.9,738.0,Transit
TOI-7265 B b,3503.0,0.497,0.04007,10.7,571.0,Transit
TOI-7393 b,3927.0,0.582,0.03664,11.3,747.0,Transit
HD 202206 b,5764.23,1.04,0.81,,,Radial Velocity
HD 202206 c,5764.23,1.04,2.39,,,Radial Velocity
TOI-5916 b,3541.0,0.487,0.02789,11.8,716.0,Transit
TOI-603 b,6027.0,1.477,0.1282,7.37,899.0,Transit
TOI-2114 b,6400.0,1.97,0.076,14.54925695,1472.0,Transit
TOI-4492 b,5711.0,1.222,0.0535,11.78063872,1207.0,Transit
TOI-5806 b,6730.0,1.387,0.0484,15.13212395,1621.0,Transit
TOI-7169 b,5714.0,1.5,0.0428,16.53324653,1631.0,Transit
HIP 81991 b,5100.0,,6.4,,,Radial Velocity
MOA-2020-BLG-108L b,,,3.69,,,Microlensing
Gl 725 B c,3379.0,0.28,0.139,,215.0,Radial Velocity
OGLE-2014-BLG-0676L b,,,2.04,,,Microlensing
HD 80653 b,5959.0,1.199,0.01657,1.621,2438.0,Transit
K2-312 c,5959.0,1.199,1.882,,229.0,Radial Velocity
TOI-762 A b,3266.0,0.425,0.03418,8.33948164,555.4,Transit
TOI-5292 A b,3919.0,0.611,0.0279,12.64373023,809.0,Transit
HD 60779 b,6081.0,1.129,0.1922,3.246,650.0,Transit
HD 60779 c,6081.0,1.129,,,,Radial Velocity
K2-24 b,5726.0,1.185,0.1673,5.638,732.0,Transit
K2-24 c,5726.0,1.185,0.262,7.93,591.0,Transit
TOI-4438 b,3501.0,0.365,0.0523,2.4,446.0,Transit
LP 714-47 b,4123.0,0.536,0.04056,4.25,722.8,Transit
TOI-5628 A b,3310.0,0.35,0.0368,8.29464572,492.0,Transit
TOI-4504 b,,0.93,0.0338,2.65,1345.0,Transit
TOI-4504 c,,0.93,0.3593,11.17,412.5,Transit
TOI-4504 d,,0.93,0.2219,11.26,524.8,Transit Timing Variations
MOA-2010-BLG-117L b,,,2.42,,,Microlensing
Kepler-1325 b,5550.0,0.91,,2.86,,Transit
GJ 514 b,3728.0,0.5,0.422,,202.0,Radial Velocity
Kepler-402 e,6090.0,1.264,0.102,1.46,,Transit
TOI-2981 b,5940.0,1.08,0.048,13.4,1358.0,Transit
HD 114082 b,6651.0,1.49,0.5109,11.2089807,,Radial Velocity
Kepler-1710 b,5650.0,0.899,,3.19744103,,Transit
TOI-1259 A b,,0.715,0.0408,11.6,,Transit
TOI-1774.01,5746.0,1.1303,,2.78,824.0,Transit
K2-249 b,6504.0,1.57,0.1151,2.79,1061.0,Transit
K2-368 b,4663.0,0.663,,1.332,,Transit
2MASS J03590986+2009361 b,,,572.0,,2369.0,Imaging
Kepler-1663 b,3844.0,0.62859,,3.30395896,,Transit
K2-219 c,5753.0,1.189232,,1.43839723,,Transit
Kepler-1169 b,6191.0,1.23,,0.94,,Transit
Kepler-1060 b,5797.0,0.99,,2.38,,Transit
Kepler-107 c,5854.0,1.447,0.06064,1.597,1378.0,Transit
Kepler-99 b,4782.0,0.73,,1.48,,Transit
HD 233604 b,4791.0,10.9,0.747,,,Radial Velocity
Kepler-368 b,5502.0,2.019,0.186,3.26,,Transit
Kepler-1856 b,4948.0,0.816,,1.73447868,,Transit
TIC 241249530 b,6166.0,1.397,0.641,13.29385111,,Transit
WASP-67 b,5200.0,0.88,,12.89035,,Transit
NGTS-38 b,6310.0,1.88,0.697,12.11690814,457.0,Transit
KMT-2023-BLG-0332L b,,,3.2,,,Microlensing
TOI-2345 c,4687.0,0.729,0.1257,2.451,544.0,Transit
TOI-5599 b,6137.02,1.91334,,7.1888212,,Transit
Kepler-562 b,5575.0,0.9,,5.21,,Transit
EPIC 248847494 b,4898.0,2.7,4.5,12.44199,183.0,Transit
GJ 414 A b,4120.0,0.68,0.2324,2.63,308.6,Radial Velocity
K2-204 b,5783.0,1.253,0.0738,3.17214154,1148.0,Transit
Kepler-179 c,5302.0,0.759,0.064,2.0,,Transit
HD 221420 b,5847.0,1.947,10.15,,,Radial Velocity
NSVS 14256825 b,40000.0,0.188,3.12,,,Eclipse Timing Variations
TYC 8998-760-1 c,,,320.0,12.3299,1240.0,Imaging
HD 36384 b,3940.0,38.4,1.3,,,Radial Velocity
TOI-905 b,5570.0,0.918,0.04666,13.125739,1192.0,Transit
Kepler-60 d,5905.0,1.257,,1.99,,Transit
Kepler-156 b,5094.0,0.807,0.054,2.3,,Transit
HD 99283 b,4886.0,11.21,1.08,,,Radial Velocity
GJ 720 A b,3837.0,0.56,0.119,,401.0,Radial Velocity
Kepler-1888 b,5557.0,1.249,,1.32578716,,Transit
Kepler-1001 c,5376.0,0.836475,,1.57799279,,Transit
TOI-3523 A b,6450.0,1.448,0.03559,15.9727975,1984.0,Transit
Kepler-950 b,5857.0,1.02,,8.98,,Transit
Kepler-1094 b,6112.0,1.21,,3.18,,Transit
HD 126614 b,,,2.249,,,Radial Velocity
K2-172 b,5569.0,0.868889,,1.66608079,,Transit
TOI-2416 b,5808.0,1.236,0.0831,9.86390302,1080.0,Transit
K2-32 b,5271.0,0.86,0.0795,5.299,837.0,Transit
K2-149 b,3745.0,0.568,0.083,1.64,,Transit
TOI-921 b,6011.66,1.14165,,3.53409617,,Transit
Kepler-154 d,5769.0,0.98,,3.84,,Transit
Kepler-1453 b,5665.0,0.94,,2.67,,Transit
TOI-791 b,6294.0,1.474,0.602,11.13051784,434.3,Transit
Kepler-243 c,5228.0,0.842,0.142,1.99,,Transit
Kepler-439 b,5431.0,0.866,0.563,2.24,,Transit
17 Sco b,4157.0,25.92,1.45,,,Radial Velocity
Kepler-445 d,3157.0,0.21,,1.25,,Transit
Kepler-423 b,5560.0,0.95,0.03585,13.361,1605.0,Transit
OGLE-2018-BLG-0596L b,,,0.97,,,Microlensing
HD 110113 b,5732.0,0.968,0.035,2.05,1371.0,Transit
K2-155 c,4258.0,0.58,0.0946,2.6,583.0,Transit
Kepler-1177 b,5712.0,0.97,,1.9,,Transit
Kepler-1032 b,4647.0,0.71,,1.87,,Transit
DMPP-8 b,,1.24,0.3098,,,Radial Velocity
CoRoT-1 b,5950.0,1.11,,16.7,1898.0,Transit
Kepler-53 b,5858.0,0.89,,2.89,,Transit
Qatar-4 b,5215.0,0.849,0.02803,12.722215,1385.0,Transit
TOI-1695 b,3690.0,0.515,0.033548,1.9,698.0,Transit
Kepler-688 b,5715.0,0.96,,9.76,,Transit
HD 217107 c,,1.2245,5.922,,,Radial Velocity
K2-419 A b,3711.0,0.541,0.1208,10.55,377.0,Transit
Kapteyn c,3550.0,0.291,0.311,,,Radial Velocity
HD 92788 b,5744.0,1.14,0.97,,,Radial Velocity
Kepler-715 b,5871.0,1.04,,3.75,,Transit
Kepler-1629 b,5776.0,1.01,,0.77,,Transit
Kepler-357 d,5036.0,0.834,0.246,3.43,,Transit
Kepler-510 b,5746.0,1.41,,2.47,,Transit
Kepler-1919 b,5513.0,0.818,,2.62390658,,Transit
KMT-2021-BLG-0736L b,,,4.0,,,Microlensing
K2-190 c,5631.0,0.912206,,1.09308317,,Transit
HD 13931 b,5867.0,1.25,5.15,,,Radial Velocity
Kepler-1388 e,4098.0,0.61,,2.46,,Transit
K2-43 c,3840.6,0.542,,2.42,1093.7,Transit
WASP-23 b,5150.0,0.765,0.0376,10.783,,Transit
Kepler-732 b,3631.0,0.46,,2.18,,Transit
TOI-7008 b,5116.06,0.95255,,4.94735276,,Transit
Kepler-185 c,5208.0,0.806,0.139,2.02,,Transit
TOI-1227 b,3072.0,0.56,0.0886,9.57246952,,Transit
KMT-2020-BLG-0202L b,,,4.17,,,Microlensing
KOI-7368 b,5241.0,0.874,,2.22,,Transit
Kepler-1225 b,6140.0,1.19,,1.82,,Transit
Kepler-1039 b,4870.0,0.74,,1.46,,Transit
Kepler-407 c,5476.0,1.01,,,,Radial Velocity
Kepler-971 b,5431.0,0.85,,2.13,,Transit
Kepler-1967 b,4970.0,1.806,,0.73022577,,Transit
Kepler-154 c,5690.0,1.001,0.303,2.95,,Transit
GJ 251 c,3342.0,0.36,0.196,,216.0,Radial Velocity
HD 188015 b,5746.0,,1.203,,,Radial Velocity
Kepler-1133 b,5569.0,0.9,,1.97,,Transit
BEBOP-4 AB b,,,3.634,,,Radial Velocity
Kepler-1875 b,6161.0,0.862,,3.22686692,,Transit
BEBOP-3 b,6033.0,1.414,1.444,,,Radial Velocity
K2-49 b,4175.0,0.45,0.0309,1.93,,Transit
TOI-5630 b,5385.64,0.933361,,2.37117553,,Transit
Kepler-171 c,5642.0,0.839,0.098,2.56,,Transit
Kepler-1174 b,5936.0,1.04,,1.59,,Transit
Kepler-354 d,4648.0,0.674,0.146,1.24,,Transit
TOI-4734 b,6070.0,1.857,0.074,10.9175472,1468.0,Transit
HD 33283 b,5935.0,1.97,0.1508,,,Radial Velocity
WASP-82 b,6480.0,2.1,,18.15858,,Transit
WASP-117 b,6040.0,1.22,,11.88154,,Transit
Kepler-328 b,,1.06,,2.3,,Transit
Kepler-652 b,5490.0,0.88,,2.49,,Transit
HD 213519 b,,,0.099,,,Radial Velocity
Kepler-1302 b,5236.0,0.82,,1.43,,Transit
HD 15906 c,4757.0,0.762,0.141,2.93,532.0,Transit
HD 125390 b,,,3.496,,,Radial Velocity
HD 7924 d,5075.0,0.7821,0.1551,,499.0,Radial Velocity
Kepler-352 d,5208.0,0.772,,0.80628032,,Transit
HD 176986 d,4931.0,0.782,0.28149,,363.0,Radial Velocity
TOI-2019 b,5626.0,1.7457,0.128,5.33275337,917.46,Transit
K2-411 b,5711.0,1.375,0.0511,0.9898,,Transit
HD 94890 c,4867.0,10.71,4.33,,,Radial Velocity
KMT-2021-BLG-1898L b,,,1.9,,,Microlensing
Kepler-176 e,5295.0,0.83,,1.45,,Transit
HD 153557 b,,,0.068,,,Radial Velocity
TIC 77552382 b,4981.07,0.886956,,5.69176189,,Transit
Pr0211 b,5300.0,0.827,0.03176,,,Radial Velocity
HD 96127 b,3943.0,35.0,1.41,,,Radial Velocity
Kepler-1111 b,6077.0,1.15,,2.0,,Transit
GJ 1148 b,3287.0,0.358519,0.166,,,Radial Velocity
HD 22496 b,4385.0,0.674,0.051,,573.0,Radial Velocity
Kepler-144 c,6075.0,1.235,0.094,1.35,,Transit
TOI-1694 b,5005.0,0.812,0.0445,5.27,1037.0,Transit
Kepler-1598 b,5940.0,1.09,,0.95,,Transit
Kepler-78 b,5058.0,0.7475,0.00901,1.201,2223.0,Transit
TOI-128.01,6086.0,1.13,0.05381019,2.21898,1344.51,Transit
Kepler-1004 b,4972.0,3.39,,6.28,,Transit
Kepler-130 b,5884.0,1.127,0.079,1.02,,Transit
Kepler-1126 b,5798.0,0.93,,1.73,,Transit
Kepler-26 b,3914.0,0.512,,2.78,,Transit
Kepler-52 c,4075.0,0.52,,1.84,,Transit
Kepler-1918 b,5889.0,0.924,,2.29763023,,Transit
Kepler-1416 b,6019.0,1.15,,0.88,,Transit
TOI-1772.01,5583.0,0.995,0.078375,2.905,,Transit
HD 30177 b,5680.0,,3.49,,,Radial Velocity
Kepler-147 b,6012.0,1.468,0.113,1.53,,Transit
HD 87816 c,4989.0,9.0,10.14,,,Radial Velocity
K2-42 b,4613.0,0.643,0.0617,2.15,,Transit
KELT-18 b,6670.0,1.908,0.0455,17.59813,2085.0,Transit
Kepler-1762 b,6572.0,1.238,,2.76022913,,Transit
Kepler-1988 b,6033.0,1.788,0.1038,1.53,1105.0,Transit
HD 125271 b,,,10.817,,,Radial Velocity
Kepler-444 d,5046.0,0.752,0.06,0.53,,Transit
Kepler-451 d,29564.0,0.203,,,,Eclipse Timing Variations
Kepler-1124 b,3658.0,0.34,,1.28,,Transit
Kepler-178 d,5676.0,1.066,0.397,3.95,,Transit
K2-32 d,5271.0,0.86,0.18422,3.484,550.0,Transit
K2-366 b,5601.0,0.94,,2.359,,Transit
HD 10442 b,4912.0,1.97,2.01,,,Radial Velocity
HD 14067 b,4815.0,12.4,5.15,,,Radial Velocity
7 CMa c,4826.0,4.87,2.153,,,Radial Velocity
kap CrB b,4840.0,4.68,2.5,,,Radial Velocity
Kepler-276 c,,1.03,,2.9,,Transit
Kepler-487 d,5422.0,0.887,,2.77513568,,Transit
HATS-30 b,5943.0,1.061,0.04354,13.170575,1414.0,Transit
Kepler-656 c,5550.0,0.954,0.0602,1.41,975.0,Transit
TOI-2095 b,3759.0,0.44,0.101,1.25,347.0,Transit
Kepler-67 b,5331.0,0.778,0.1171,2.94,,Transit
Kepler-349 c,5956.0,0.927,0.105,1.96,,Transit
Kepler-1873 b,5151.0,0.792,,1.62573811,,Transit
Kepler-1165 b,6080.0,1.18,,1.55,,Transit
Kepler-1774 b,6214.0,1.122,,3.18179549,,Transit
HD 202772 A b,6442.0,2.554,0.05208,18.2370116,2181.0,Transit
Kepler-1326 b,6725.0,1.74,,4.18,,Transit
Kepler-1051 b,6675.0,1.73,,3.4,,Transit
Kepler-788 b,6159.0,1.23,,2.55,,Transit
HIP 70849 b,,,3.99,,,Radial Velocity
HATS-28 b,5498.0,0.922,0.04131,13.383546,1253.0,Transit
HD 153557 d,,,21.449,,,Radial Velocity
Kepler-251 d,5526.0,0.89,0.182,2.77,,Transit
Kepler-32 f,3900.0,0.53,0.013,0.82,,Transit
Kepler-1592 b,6213.0,1.28,,1.54,,Transit
Kepler-283 c,4351.0,0.566,0.341,1.82,,Transit
Kepler-621 b,4521.0,0.68,,2.3,,Transit
TOI-2141 d,5635.0,0.95,0.2906,,491.4,Radial Velocity
Kepler-436 c,4685.0,0.71,,2.33,,Transit
Kepler-428 b,5150.0,0.8,0.0433,12.11,1070.0,Transit
TOI-6041 c,5445.0,0.879,0.3721,,403.5,Radial Velocity
Kepler-1346 b,6133.0,1.21,,1.58,,Transit
OGLE-2015-BLG-1649L b,,,2.07,,,Microlensing
Kepler-445 b,3157.0,0.21,,1.58,,Transit
Kepler-678 b,5520.0,0.91,,5.14,,Transit
Kepler-169 c,4997.0,0.763,0.062,1.21,,Transit
K2-407 b,5563.0,0.927,,1.283,,Transit
HD 30856 b,4895.0,4.4,1.85,,,Radial Velocity
Kepler-1021 b,5431.0,0.86,,2.33,,Transit
Kepler-1649 c,3240.0,0.2317,,1.06,234.0,Transit
GJ 4274 b,3228.0,0.19,0.0153,,,Radial Velocity
Kepler-80 g,4540.0,0.678,,1.13,418.0,Transit
TOI-6016 b,6110.0,1.51,0.055,13.67495645,1890.0,Transit
Kepler-296 f,3740.0,0.48,0.255,1.8,,Transit
TOI-4406 b,6219.0,1.29,0.201,11.2089807,904.0,Transit
TOI-4155 b,5724.0,0.95,,3.21,1255.0,Transit
Kepler-185 b,5208.0,0.806,0.026,1.17,,Transit
Kepler-1996 b,4580.0,0.675,0.1789,2.26,392.0,Transit
Kepler-1357 b,5597.0,0.9,,1.28,,Transit
LkCa 15 c,4194.0,1.60711,18.6,,,Imaging
Kepler-1353 b,4776.0,0.72,,1.8,,Transit
TOI-2384 b,3943.0,0.6113,0.02793,11.48920522,889.7,Transit
TOI-1238 b,4089.0,0.58,0.0139,1.21,1133.0,Transit
Kepler-1982 b,6202.0,1.122,0.0511,0.77,1282.0,Transit
K2-88 b,3537.0,0.256,0.0345,1.23,,Transit
Ross 176 b,4041.0,0.569,0.0464,1.84,682.0,Transit
Kepler-663 b,5264.0,0.82,,2.6,,Transit
Kepler-258 c,4942.0,0.915,0.193,3.61,,Transit
XO-6 b,6720.0,1.93,0.0815,23.20263,1577.0,Transit
Kepler-1176 b,5844.0,1.02,,2.45,,Transit
K2-388 b,5310.0,0.91,,3.9,874.0,Transit
HD 218566 b,4730.0,0.85,0.69,,,Radial Velocity
K2-72 e,3360.47,0.330989,0.106,1.29,,Transit
Kepler-1145 b,5064.0,0.75,,1.4,,Transit
Kepler-440 b,4134.0,0.559,0.242,1.86,,Transit
TOI-1411 b,4115.0,0.614,0.02122,1.19880592,976.4,Transit
HD 158259 f,,1.21,,,,Radial Velocity
Kepler-785 b,4739.0,0.71,,13.02,,Transit
TOI-1233.01,5660.0,0.877,0.1074,2.539,,Transit
TOI-5624 e,5327.0,0.82,0.1439,3.247,613.8,Transit
HD 21411 b,5605.0,,0.362,,,Radial Velocity
Kepler-1077 b,5816.0,1.02,,2.77,,Transit
TOI-2049 b,6164.0,3.2,0.06919,16.64533634,1869.0,Transit
KMT-2016-BLG-2397L b,,,3.64,,,Microlensing
K2-59 c,5055.0,0.731,0.0905,2.3,,Transit
Qatar-9 b,4309.0,0.696,0.0234,11.309881,1134.0,Transit
TIC 86380416 b,5723.74,0.989724,,2.4123612,,Transit
K2-263 b,5368.0,0.85,0.2573,2.513,482.0,Transit
HD 81688 b,4797.0,11.13,0.648,,,Radial Velocity
HIP 14810 b,5544.0,1.07,0.0696,,,Radial Velocity
Kepler-1081 b,5345.0,0.84,,1.01,,Transit
ome Ser b,4724.0,10.99,0.838,,,Radial Velocity
Kepler-640 b,5653.0,0.94,,2.56,,Transit
K2-157 b,5334.0,0.86,0.00962,0.935,2432.0,Transit
Kepler-1129 b,5831.0,1.0,,2.96,,Transit
Kepler-212 c,5852.0,1.455,0.207,2.74,,Transit
TOI-3862 b,5300.0,0.92,0.02539,5.53,1539.0,Transit
Qatar-1 b,5013.0,0.803,0.02332,12.811887,1418.0,Transit
K2-257 b,3725.0,0.5,0.0216,0.83,789.0,Transit
TOI-1248 b,5205.0,0.8686,0.051,6.8084859,952.09,Transit
TOI-4582 b,5190.0,2.5,,10.53644186,,Transit
TOI-4364 b,3528.0,0.4684,0.04753,2.01,488.0,Transit
Kepler-6 b,5647.0,1.391,0.04852,14.616536,1460.0,Transit
TOI-1806.01,3272.0,0.401575,0.087735044,3.4095367,337.47,Transit
EPIC 212297394 b,5171.0,0.8,,1.48,1149.0,Transit
HATS-33 b,5659.0,1.022,0.03727,13.78707,1429.0,Transit
TOI-5126 c,6150.0,1.241,0.1439,3.86,971.0,Transit
Kepler-334 b,5828.0,1.068,0.061,1.12,,Transit
TOI-6008 b,3075.0,0.242,0.010777,1.03,707.0,Transit
HD 181433 c,,,1.885,,,Radial Velocity
HD 104067 c,4952.0,0.78,0.1058,,,Radial Velocity
WASP-175 b,6229.0,1.204,0.04403,13.540472,1571.0,Transit
KELT-19 A b,7500.0,1.83,0.0637,21.40919,1935.0,Transit
Kepler-29 c,5378.0,0.732,,2.34,,Transit
HIP 5763 b,,,0.17,,,Radial Velocity
TOI-4363 b,4278.45,0.69132,,1.76689273,,Transit
GJ 15 A c,3607.0,0.38,5.4,,,Radial Velocity
Kepler-129 c,5770.0,1.653,0.39,2.52,,Transit
TOI-6564 b,5943.0,1.7,0.0542,16.39873876,1445.0,Transit
TOI-4747 b,5595.08,0.988751,,3.95803201,,Transit
Kepler-201 b,6065.0,1.229,0.175,2.46,,Transit
TOI-799 b,5662.81,0.915519,,2.06631784,,Transit
HIP 65407 b,5460.0,,0.177,,,Radial Velocity
Kepler-523 b,5515.0,0.86,,1.96,,Transit
Kepler-319 c,5526.0,0.903,0.069,2.63,,Transit
HN Lib b,3347.0,0.299,0.1417,,234.4,Radial Velocity
Kepler-119 b,5595.0,0.839,0.035,3.6,,Transit
TOI-411 b,6169.0,1.117,0.05727,1.362,1241.0,Transit
Kepler-495 b,5346.0,0.83,,5.23,,Transit
Kepler-1501 b,6229.0,1.3,,1.56,,Transit
Kepler-126 d,6239.0,1.358,0.448,2.5,,Transit
HD 41004 A b,,,,,,Radial Velocity
HD 11964 c,5303.0,2.00971,0.229,,,Radial Velocity
Kepler-812 b,6761.0,1.71,,3.55,,Transit
Kepler-1495 b,5831.0,1.04,,2.94,,Transit
NGTS-13 b,5819.0,1.788,0.0549,12.800678,1605.0,Transit
Kepler-273 b,5626.0,0.815,0.037,1.5,,Transit
HD 162020 b,4723.0,0.75,0.08,,,Radial Velocity
HAT-P-37 b,5500.0,0.877,0.0379,13.204,1271.0,Transit
PSR J1719-1438 b,4500.0,,0.0044,,,Pulsar Timing
Kepler-1827 b,5423.0,1.404,,1.85644292,,Transit
Kepler-242 b,5020.0,0.85,0.075,2.61,,Transit
Kepler-324 c,5194.0,0.84,0.26,3.15,,Transit
TOI-6330 b,3539.0,0.49,0.05763,10.89,495.0,Transit
LkCa 15 b,4194.0,1.60711,14.7,,,Imaging
Kepler-1178 b,4990.0,0.75,,1.07,,Transit
K2-357 b,5794.0,1.0,0.145,3.72,735.0,Transit
Kepler-120 c,4096.0,0.534,0.088,1.53,,Transit
Kepler-296 e,3740.0,0.48,0.169,1.53,,Transit
Kepler-282 e,,0.89,,3.1,,Transit
K2-325 b,3287.0,0.298,0.0419,2.2,423.0,Transit
HIP 74890 b,4850.0,5.77,2.1,,,Radial Velocity
Gaia-1 b,5470.0,0.952,0.04047,13.77583728,,Transit
Kepler-360 b,6053.0,1.058,0.044,1.65,,Transit
Kepler-666 b,5887.0,1.05,,2.4,,Transit
Kepler-153 b,5404.0,0.892,0.129,2.92,,Transit
TIC 434398831 c,5638.0,0.909,0.06572,5.63,1050.0,Transit
EPIC 206032309 b,,,,1.01,,Transit
Kepler-1676 b,5878.3,1.06066,,3.3769596,,Transit
Kepler-149 d,5381.0,0.953,0.571,3.96,,Transit
EPIC 206215704 b,3297.0,0.25,,1.0,,Transit
HD 190984 b,5988.0,1.53,5.5,,,Radial Velocity
Kepler-1312 b,5719.0,0.92,,2.1,,Transit
Kepler-605 c,5462.0,0.88,,0.86,,Transit
HD 52265 b,6136.0,,0.52,,,Radial Velocity
Kepler-296 b,3740.0,0.48,0.079,1.61,,Transit
Kepler-1726 b,5316.0,0.804,,2.50861954,,Transit
HD 168443 b,,,0.292,,,Radial Velocity
Kepler-388 b,4498.0,0.586,0.036,0.81,,Transit
HD 190228 b,,,2.406,,,Radial Velocity
Kepler-466 b,5927.0,1.05,,2.85,,Transit
OGLE-2018-BLG-0962L b,,,3.59,,,Microlensing
KMT-2023-BLG-2209L b,,,3.51,,,Microlensing
K2-382 b,5452.0,0.811,,2.072,,Transit
Kepler-1024 b,5143.0,0.78,,3.91,,Transit
TOI-1634 b,3550.0,0.45,0.01544,1.759,900.0,Transit
Kepler-1112 b,6496.0,1.54,,3.02,,Transit
Kepler-1398 c,6126.0,1.18,,1.03,,Transit
HAT-P-58 b,6078.0,1.53,0.04994,14.93036229,1622.0,Transit
Kepler-822 b,5928.0,1.08,,1.77,,Transit
HD 197037 b,6150.0,,2.07,,,Radial Velocity
Kepler-285 b,5411.0,0.808,0.036,1.34,,Transit
EPIC 201595106 b,5679.0,0.98,0.0177,1.565,2038.0,Transit
Kepler-861 b,5047.0,0.78,,2.28,,Transit
Kepler-1130 c,5450.0,0.842,,0.79239584,,Transit
MOA-2022-BLG-563L b,,,2.15,,,Microlensing
BD+49 828 b,4943.0,7.6,4.2,,,Radial Velocity
Kepler-18 c,5345.0,1.108,0.0752,5.49,,Transit
Kepler-168 b,6282.0,1.107,0.056,1.46,,Transit
HD 28471 b,5766.0,1.08,0.042,,1377.0,Radial Velocity
GJ 1137 c,5033.8,0.837,0.0835,,,Radial Velocity
HD 73256 c,,,3.8,,,Radial Velocity
OGLE-2019-BLG-0468L b,,,3.29,,,Microlensing
Kepler-183 b,5888.0,0.958,0.064,2.06,,Transit
KMT-2021-BLG-0322L b,,,,,,Microlensing
TOI-519 b,3322.0,0.35,0.0159,11.54525012,687.0,Transit
Kepler-1316 b,5884.0,1.12,,3.54,,Transit
Kepler-1335 b,4903.0,0.74,,1.45,,Transit
EPIC 212624936 c,5765.0,0.93,,2.3,,Transit
Kepler-1565 b,4940.0,0.73,,1.19,,Transit
Kepler-1778 b,6310.0,1.095,,3.01665969,,Transit
K2-384 e,3623.0,0.348,,1.345,,Transit
Kepler-298 b,4465.0,0.582,0.08,1.96,,Transit
Kepler-740 b,5438.0,0.87,,4.57,,Transit
Kepler-239 b,4914.0,0.763,0.095,2.33,,Transit
TOI-4495 b,6210.0,1.309,0.03957,2.483,1735.0,Transit
HD 70642 b,5732.0,0.984,3.318,,,Radial Velocity
Kepler-725 b,5395.0,0.88,0.2238,10.8,514.0,Transit
Kepler-1542 b,5564.0,0.99,,0.76,,Transit
KMT-2021-BLG-1372L b,,,2.37,,,Microlensing
Kepler-386 b,5178.0,0.767,0.096,1.39,,Transit
Kepler-471 b,6733.0,1.8,,14.96,,Transit
KMT-2020-BLG-0414L b,,,2.07,,,Microlensing
Kepler-577 b,4984.0,0.73,,2.55,,Transit
Kepler-262 b,5841.0,0.881,0.108,1.36,,Transit
TYC 2187-512-1 b,3734.0,0.495,1.22,,,Radial Velocity
TOI-942 c,,0.894,0.08598,4.67,,Transit
Kepler-1679 b,5501.0,0.873196,,2.0692036,,Transit
Kepler-293 c,5804.0,0.957,0.286,3.83,,Transit
Kepler-1055 b,5723.0,0.94,,1.23,,Transit
KMT-2024-BLG-0404L b,,,0.85,,,Microlensing
K2-19 d,5350.0,0.824,0.03478,1.044,1258.0,Transit
WASP-124 b,6050.0,1.02,0.0449,13.89916,1400.0,Transit
TOI-6884 b,6330.0,1.84,0.0629,10.39072511,1652.0,Transit
TOI-5788 c,5615.0,0.87,0.1197,2.272,667.0,Transit
Kepler-49 e,4252.0,0.559,0.116,1.56,,Transit
Kepler-745 b,5849.0,1.04,,2.16,,Transit
GJ 674 b,3600.0,,0.039,,,Radial Velocity
Kepler-551 b,4286.0,0.63,,2.73,,Transit
Kepler-9 d,5777.0,1.02,0.0273,1.64,2026.0,Transit
Kepler-1508 b,6158.0,1.22,,1.33,,Transit
Kepler-59 c,6074.0,0.94,,1.98,,Transit
Kepler-204 c,5812.0,1.238,0.173,1.79,,Transit
Kepler-1404 b,5261.0,0.8,,2.01,,Transit
Kepler-1396 b,6195.0,1.27,,2.07,,Transit
HD 190007 b,4610.0,,,,,Radial Velocity
TOI-1117 c,5635.0,1.05,0.0534,,1210.0,Radial Velocity
KMT-2022-BLG-1818L c,,,12.6,,,Microlensing
OGLE-2019-BLG-0299L b,,,2.8,,,Microlensing
TOI-2368 b,5360.0,0.846,0.05649,10.83908434,1000.0,Transit
V0391 Peg b,29300.0,0.23,1.7,,,Pulsation Timing Variations
HD 95089 c,4918.0,5.08,3.33,,,Radial Velocity
Kepler-222 c,5433.0,0.869,0.091,4.64,,Transit
Kepler-1714 b,6150.0,2.086,,3.26437302,,Transit
K2-243 c,6570.0,1.39,0.1817,2.01,801.0,Transit
KMT-2021-BLG-0912L b,,,3.14,,,Microlensing
Kepler-926 b,5806.0,1.01,,2.31,,Transit
KMT-2017-BLG-1038L b,,,1.8,,,Microlensing
Kepler-192 d,5487.0,0.94,,1.02,,Transit
TOI-2196 b,5634.0,1.043,0.02234,3.51,1860.0,Transit
Kepler-1250 b,5717.0,0.98,,1.92,,Transit
TOI-883 b,5713.15,1.01477,,7.17166228,,Transit
TOI-815 c,4869.0,0.77,0.193,2.62,469.0,Transit
HD 170469 b,5842.0,1.24,2.24,,,Radial Velocity
Kepler-330 c,5117.0,0.722,0.116,1.95,,Transit
K2-381 b,4473.0,0.675,,1.075,,Transit
Kepler-905 b,5461.0,0.86,,1.41,,Transit
HD 240210 b,4297.0,,1.16,,,Radial Velocity
HD 165131 b,5870.0,,3.54,,,Radial Velocity
Kepler-1977 b,4805.0,0.688,0.0486,1.66,798.0,Transit
Kepler-1594 b,5946.0,1.08,,1.06,,Transit
Kepler-909 b,6154.0,1.23,,1.47,,Transit
Kepler-345 c,4504.0,0.623,0.077,1.2,,Transit
KMT-2017-BLG-2509L b,,,2.14,,,Microlensing
Kepler-655 b,6170.0,1.24,,2.71,,Transit
Kepler-9 b,5774.0,0.958,0.143,8.29,,Transit
HD 150010 b,4153.0,16.2,1.4,,,Radial Velocity
KMT-2021-BLG-0119L b,,,2.92,,,Microlensing
K2-277 b,5680.0,0.973,0.0664,2.18575124,1049.0,Transit
ups And b,,1.56,0.05922166,,,Radial Velocity
KMT-2023-BLG-0949L b,,,2.03,,,Microlensing
Kepler-797 b,5680.0,0.95,,2.17,,Transit
Kepler-1123 b,5500.0,0.9,,1.67,,Transit
Kepler-137 c,5187.0,0.802,0.13,1.88,,Transit
Kepler-373 b,5787.0,0.845,0.06,1.36,,Transit
TrES-5 b,5171.0,0.868,0.02459,13.383546,1480.0,Transit
Kepler-1947 b,6040.0,1.686,,1.0101666,,Transit
Kepler-898 b,4223.0,0.62,,1.49,,Transit
HD 195019 b,5751.0,1.48,0.14,,,Radial Velocity
Kepler-109 b,5950.0,1.387,0.0701,2.49,1276.0,Transit
Kepler-1072 b,6199.0,1.32,,1.58,,Transit
TOI-2267 c,3030.0,0.2075,0.0263,1.14,374.0,Transit
MOA-2022-BLG-091L b,,,3.44,,,Microlensing
Kepler-1921 b,6120.0,2.0,,2.89459458,,Transit
KMT-2019-BLG-2974L b,,,2.0,,,Microlensing
GJ 3082 b,,,0.079,,,Radial Velocity
Kepler-835 b,5954.0,1.11,,2.79,,Transit
HD 125595 b,4691.0,0.74,0.08,,,Radial Velocity
Kepler-1045 b,5301.0,0.82,,2.69,,Transit
TOI-2227 b,5889.54,1.20847,,3.09885187,,Transit
Kepler-186 d,3788.0,0.472,0.0781,1.4,,Transit
Kepler-644 b,6747.0,1.81,,3.15,,Transit
Kepler-576 b,5672.0,0.97,,3.27,,Transit
Kepler-1604 b,4976.0,0.76,,1.41,,Transit
HATS-42 b,6060.0,1.48,0.03689,15.6926,1856.0,Transit
Kepler-441 b,4340.0,0.55,0.64,1.64,,Transit
TOI-3568 b,4969.0,0.719,0.0485,5.3,899.0,Transit
HD 30177 c,5680.0,,9.9,,,Radial Velocity
Kepler-947 b,5508.0,0.87,,2.28,,Transit
HD 129445 b,,,2.9,,,Radial Velocity
K2-198 b,5212.9,0.757,,4.189,715.8,Transit
Kepler-1824 b,6002.0,1.081,,2.38127597,,Transit
Kepler-334 d,5828.0,1.068,0.168,1.41,,Transit
Kepler-1523 b,5708.0,0.96,,1.58,,Transit
TOI-1288 c,5388.0,0.9583,1.07,,,Radial Velocity
Kepler-1153 b,5470.0,0.88,,1.73,,Transit
Kepler-1011 b,5416.0,0.88,,2.87,,Transit
Kepler-566 b,5132.0,0.79,,2.15,,Transit
HIP 114933 b,4823.0,5.27,2.84,,,Radial Velocity
Kepler-804 b,5817.0,1.05,,1.94,,Transit
Kepler-304 d,4731.0,0.687,0.08,2.75,,Transit
Kepler-561 c,5646.0,0.94,,2.68,,Transit
HAT-P-45 b,6330.0,1.319,0.0452,15.984,1652.0,Transit
Kepler-158 d,4895.97,0.668,,0.43,,Transit
OGLE-2012-BLG-0026L c,,,4.8,,,Microlensing
HD 190647 b,5656.0,1.376,2.231,,,Radial Velocity
TIC 9344899 b,5800.0,1.06,0.0815,9.16,923.0,Transit
HD 30669 b,5400.0,0.91,2.69,,,Radial Velocity
TOI-4961 b,5380.0,0.912,0.0726,12.34108775,919.0,Transit
Kepler-19 c,5544.0,0.859,,,,Transit Timing Variations
GJ 887 e,3688.0,0.468,0.0417,,544.0,Radial Velocity
Kepler-253 c,5208.0,0.786,0.089,2.65,,Transit
KMT-2023-BLG-0830L b,,,1.7,,,Microlensing
WASP-185 b,5900.0,1.5,0.0904,14.01125,1160.0,Transit
Kepler-970 b,4290.0,0.71,0.139,2.609,,Transit
Kepler-1550 b,5991.0,1.11,,3.02,,Transit
OGLE-2017-BLG-0640L b,,,1.14,,,Microlensing
Kepler-48 d,5194.0,0.89,,2.04,,Transit
Kepler-1569 b,6319.0,1.4,,1.68,,Transit
CoRoT-6 b,6090.0,1.025,0.0855,13.068,1017.0,Transit
HD 221416 b,5080.0,2.943,0.1228,9.17,,Transit
TOI-2537 b,4870.0,0.771,0.3715,11.25381662,338.0,Transit
TOI-1824 b,5165.0,0.8123,0.151,2.7438269,528.67,Transit
HD 128717 b,6210.0,1.248,4.85,,,Astrometry
KMT-2018-BLG-1976L b,,,3.54,,,Microlensing
HD 163607 c,5522.0,1.76,2.39,,,Radial Velocity
Kepler-1916 b,6246.0,1.092,,2.61757235,,Transit
TOI-283 b,5213.0,0.85,0.123,2.34,661.0,Transit
KMT-2016-BLG-1836L b,,,3.5,,,Microlensing
Kepler-1581 b,6022.0,1.23,,0.8,,Transit
Kepler-46 c,5155.0,0.938,0.2799,,455.0,Transit Timing Variations
TIC 62895484 b,5520.79,0.874291,,3.49391667,,Transit
KMT-2017-BLG-0673L b,,,2.34,,,Microlensing
Kepler-766 b,5992.0,1.15,,3.39,,Transit
Kepler-100 e,,,0.312391586,,,Radial Velocity
K2-47 b,5054.0,0.76,0.1779,1.89,,Transit
TOI-2295 b,5730.0,1.459,0.1992,16.47720163,747.0,Transit
BD+14 4559 b,4864.0,0.86,0.78,,,Radial Velocity
Kepler-395 c,4262.0,0.556,0.177,1.32,,Transit
HD 79181 b,4862.0,11.06,0.9,,,Radial Velocity
OGLE-2023-BLG-0836L b,,,3.7,,,Microlensing
Kepler-176 c,5232.0,0.891,0.102,2.6,,Transit
OGLE-2014-BLG-1722L c,,,1.7,,,Microlensing
Kepler-1017 b,5473.0,0.87,,1.99,,Transit
Kepler-1672 b,6131.95,1.08841,,2.97022762,,Transit
Kepler-1209 b,6210.0,1.38,,1.51,,Transit
Kepler-496 b,5293.0,0.82,,2.32,,Transit
Kepler-1410 b,4092.0,0.6,,1.78,,Transit
GJ 3021 b,5540.0,0.9,0.49,,350.0,Radial Velocity
Kepler-915 b,6173.0,1.38,,1.5,,Transit
HIP 10090 b,5661.0,,3.87,,,Radial Velocity
Kepler-626 b,5813.0,1.05,,2.29,,Transit
Kepler-1151 b,5470.0,0.85,,2.22,,Transit
Kepler-215 c,5739.0,1.027,0.113,1.77,,Transit
Kepler-271 c,5555.0,0.87,,0.95,,Transit
Kepler-1521 b,5042.0,0.76,,2.5,,Transit
Kepler-1015 b,6769.0,1.81,,3.55,,Transit
HD 68402 b,5950.0,1.02,2.18,,,Radial Velocity
Kepler-549 b,5360.0,0.84,,2.57,,Transit
K2-165 d,5185.0,0.803827,,2.64809498,,Transit
Kepler-714 b,5995.0,1.12,,9.67,,Transit
Kepler-1348 b,5911.0,1.04,,1.94,,Transit
TOI-277 b,4031.0,0.362,0.0269,2.65,,Transit
Kepler-1768 b,6050.0,1.572,,2.23346338,,Transit
OGLE-2013-BLG-0102L b,,,0.8,,,Microlensing
KMT-2018-BLG-0748L b,,,0.62,,,Microlensing
KMT-2019-BLG-0335L b,,,1.64,,,Microlensing
Kepler-431 d,6004.0,1.092,0.1045,1.11,856.0,Transit
Kepler-1362 b,4857.0,0.74,,2.6,,Transit
Kepler-1283 b,6175.0,1.25,,1.91,,Transit
KMT-2023-BLG-1454L b,,,1.18,,,Microlensing
XO-2 S d,5325.0,1.02,5.46,,,Radial Velocity
Kepler-186 f,3755.0,0.523,0.432,1.17,,Transit
EPIC 212297394 c,5171.0,0.8,,2.27,866.0,Transit
TOI-622 b,6400.0,1.415,0.0708,9.2362001,1388.0,Transit
Kepler-1842 b,5970.0,1.131,,2.35388681,,Transit
Kepler-1439 b,3578.0,0.43,,1.46,,Transit
Kepler-989 b,5074.0,0.78,,2.21,,Transit
Kepler-398 d,4557.0,0.67,,0.88,,Transit
TIC 365102760 b,4900.0,3.13,0.0622,6.21,,Transit
Kepler-1739 b,5757.0,0.762,,2.43056832,,Transit
Kepler-65 e,,1.437,,,,Radial Velocity
EPIC 201170410.02,3648.0,0.282,0.0349,1.047,,Transit
Kepler-94 c,4781.0,0.76,,,,Radial Velocity
OGLE-2017-BLG-1522L b,,,0.59,,,Microlensing
HD 181234 b,,,7.427,,,Radial Velocity
TOI-3693 b,5321.0,0.791,0.0813,12.59889431,801.0,Transit
PSR B1257+12 d,,,0.46,,,Pulsar Timing
GJ 667 C f,3350.0,,0.156,,,Radial Velocity
Kepler-351 c,5643.0,0.854,0.287,3.19,,Transit
Kepler-446 c,3359.0,0.24,,1.11,,Transit
Kepler-1288 b,6132.0,1.29,,1.12,,Transit
GJ 3512 c,3141.0,0.139,1.731,,,Radial Velocity
WASP-56 b,5600.0,0.96,,10.53646,,Transit
TOI-1533 b,5146.0,0.849,0.0445,2.89,,Transit
Kepler-25 c,,1.316,,5.217,,Transit
TOI-2453 b,3720.23,0.502498,,3.24380341,,Transit
Kepler-758 c,6228.0,1.42,,1.69,,Transit
Kepler-220 b,4632.0,0.666,0.046,0.81,,Transit
Kepler-1688 b,4632.11,,,1.26174569,,Transit
Kepler-839 b,6058.0,1.31,,2.57,,Transit
TIC 206466666 b,4620.3,0.667193,,2.14817673,,Transit
Kepler-1801 b,5738.0,0.981,,2.70926154,,Transit
WASP-142 b,6010.0,1.64,0.0347,17.14977,2000.0,Transit
Kepler-1454 b,5448.0,0.86,,1.88,,Transit
Kepler-245 c,5100.0,0.795,0.124,2.18,,Transit
Kepler-1271 b,6143.0,1.23,,1.48,,Transit
TOI-4034 b,5891.0,1.83,0.03289,17.71018951,1907.0,Transit
Ross 508 b,3071.0,0.2113,0.05366,,,Radial Velocity
91 Aqr b,4665.0,11.0,0.7,,,Radial Velocity
Kepler-125 c,3810.0,0.512,0.051,0.74,,Transit
Kepler-936 b,5482.0,0.89,,1.45,,Transit
Kepler-20 c,5495.0,0.9164,0.0936,2.894,828.0,Transit
Kepler-369 b,3591.0,0.471,0.03,1.13,,Transit
Kepler-115 c,5979.0,1.205,0.087,2.6,,Transit
OGLE-2016-BLG-0613L AB b,,,6.4,,,Microlensing
Kepler-913 b,4687.0,0.61,,2.06,,Transit
Kepler-1018 b,5518.0,0.88,,2.58,,Transit
HD 77946 b,6007.0,1.3174,0.073,2.89646124,1128.86,Transit
Kepler-761 b,5706.0,0.93,,2.03,,Transit
WASP-184 b,6000.0,1.65,0.0627,14.90797,1480.0,Transit
Kepler-11 c,5663.0,1.065,0.107,2.87,,Transit
Kepler-1186 b,5635.0,0.93,,2.23,,Transit
TOI-4662 b,4520.41,0.69375,,2.87998299,,Transit
Kepler-633 b,5899.0,1.15,,1.63,,Transit
Kepler-1847 b,6122.0,0.964,,2.74516914,,Transit
KOI-4777.01,3515.0,0.4,0.008,0.51,1180.0,Transit
Kepler-1329 b,4500.0,0.69,,2.17,,Transit
Kepler-730 c,5620.0,1.411,0.03997,1.56926,1607.0,Transit
HD 80883 b,,,6.462,,,Radial Velocity
Wendelstein-2 b,4591.0,0.66,0.0234,12.9934728,2470.0,Transit
TOI-1249 b,5497.0,0.9785,0.109,3.2710301,726.89,Transit
Kepler-623 b,5443.0,0.86,,3.01,,Transit
Kepler-531 b,4893.0,0.75,,2.78,,Transit
Kepler-1110 b,4781.0,0.7,,2.66,,Transit
HD 117618 b,5990.0,,0.18,,,Radial Velocity
HD 164604 c,4663.0,0.78,5.556,,,Radial Velocity
K2-385 b,4844.0,0.761,,1.539,,Transit
Kepler-80 f,4540.0,0.678,0.0175,1.21,,Transit
KMT-2018-BLG-1996L b,,,4.27,,,Microlensing
TOI-858 B b,5842.0,1.308,0.04435,14.06727078,1529.0,Transit
HD 196885 A b,6254.0,1.31,2.37,,,Radial Velocity
Kepler-897 b,5839.0,1.04,,2.39,,Transit
Kepler-581 b,5772.0,1.0,,2.63,,Transit
TIC 390586021 b,4434.81,0.726565,,2.86009388,,Transit
BD-210397 c,,,5.9,,,Radial Velocity
Kepler-717 b,5485.0,0.85,,2.42,,Transit
EPIC 212424622 b,,,,2.17,,Transit
HD 17092 b,4326.0,13.58,1.31,,,Radial Velocity
TOI-4602.01,5966.0,1.08,0.04747,2.45,1344.0,Transit
TIC 178172313 b,5405.59,0.84345,,2.80405322,,Transit
Kepler-965 b,5886.0,1.15,,3.38,,Transit
Kepler-289 b,5990.0,1.0,,2.49,,Transit
HATS-11 b,6563.0,1.54,0.0507,18.03,1596.0,Transit
TYC 0434-04538-1 b,4679.0,9.99,0.66,,,Radial Velocity
Kepler-1157 b,4679.0,0.71,,1.09,,Transit
Kepler-964 b,5427.0,0.84,,2.12,,Transit
KMT-2021-BLG-0909L b,,,1.75,,,Microlensing
Kepler-23 c,5828.0,1.548,,3.005,,Transit
GJ 676 A e,,,0.181,,,Radial Velocity
Kepler-502 b,6125.0,1.22,,4.77,,Transit
TYC 8998-760-1 b,,,146.0,,,Imaging
Kepler-1425 b,5718.0,0.95,,0.94,,Transit
Kepler-226 b,5571.0,0.802,0.047,1.55,,Transit
Kepler-1038 c,5159.0,0.821,,1.4162338,,Transit
Kepler-1730 b,5942.0,1.142,,4.48524519,,Transit
GJ 229 b,,,1.086,,,Radial Velocity
KMT-2021-BLG-2294L b,,,1.15,,,Microlensing
Kepler-1626 b,6826.0,1.85,,2.02,,Transit
MOA-2011-BLG-322L b,,,4.3,,,Microlensing
Kepler-85 e,5436.0,0.893,0.163,1.27,,Transit
K2-360 c,5679.0,0.98,0.0883,,912.0,Radial Velocity
Kepler-1849 b,4806.0,0.729,,2.38685349,,Transit
TOI-5398 c,6000.0,1.051,0.057,3.52,1242.0,Transit
HD 104985 b,4738.0,11.12,0.715,,,Radial Velocity
GJ 2056 b,,,0.283,,,Radial Velocity
TOI-663 d,3681.0,0.512,0.0576,1.92,482.0,Transit
Kepler-319 d,5526.0,0.903,0.191,2.29,,Transit
TOI-216.02,,0.748,,8.0,,Transit
Kepler-1638 b,5710.0,0.95,,1.87,,Transit
UCAC3 113-933 b,,,6100.0,,,Imaging
Kepler-1183 b,5765.0,0.99,,2.82,,Transit
Kepler-911 b,6112.0,1.99,,2.6,,Transit
Kepler-830 b,6037.0,1.11,,1.7,,Transit
Kepler-775 b,5468.0,0.84,,1.19,,Transit
KMT-2021-BLG-1150L b,,,4.5,,,Microlensing
OGLE-2018-BLG-1185L b,,,1.54,,,Microlensing
Kepler-156 c,5094.0,0.807,0.117,2.55,,Transit
Kepler-26 d,4486.0,0.571,0.039,1.07,,Transit
OGLE-2019-BLG-0304L b,,,1.23,,,Microlensing
Kepler-62 b,4925.0,0.64,0.0553,1.31,750.0,Transit
Kepler-937 b,6095.0,1.22,,3.72,,Transit
Kepler-843 b,5830.0,1.03,,2.59,,Transit
HD 37124 d,,,2.807,,,Radial Velocity
Kepler-1860 b,5420.0,0.868,,1.13863767,,Transit
KIC 10001893 d,27500.0,,,,,Orbital Brightness Modulation
Kepler-276 b,6105.0,1.046,0.119,2.87,,Transit
Kepler-952 b,5730.0,0.99,,7.65,,Transit
HD 66428 c,,,9.408,,,Radial Velocity
Kepler-350 c,,1.25,,3.1,,Transit
Kepler-1656 b,,1.1,0.1974,,,Transit
Qatar-7 b,6387.0,1.564,0.0352,19.0553,2053.0,Transit
Kepler-1793 b,5191.0,0.764,,3.79037518,,Transit
Kepler-208 b,6092.0,1.314,0.054,1.63,,Transit
Kepler-352 b,5212.0,0.781,0.085,0.86,,Transit
HD 167042 b,4919.0,4.63,1.22,,,Radial Velocity
TOI-4930 b,5624.72,1.15926,,6.93277225,,Transit
Kepler-1331 b,4508.0,0.69,,1.05,,Transit
WASP-2 b,5180.0,0.866,0.03144,12.116929,1311.0,Transit
Kepler-1483 b,6337.0,1.4,,1.52,,Transit
K2-90 b,4484.0,0.619,0.096,2.6,502.0,Transit
Kepler-190 b,5106.0,0.795,0.03,1.56,,Transit
Kepler-317 b,5497.0,0.941,0.061,2.09,,Transit
Kepler-931 b,5241.0,0.81,,1.33,,Transit
Kepler-240 c,4985.0,0.739,0.074,2.2,,Transit
Kepler-1560 b,5815.0,1.02,,0.89,,Transit
Kepler-2000 c,3757.0,0.576,0.1228,1.57,359.0,Transit
HD 20781 b,5256.0,,0.0529,,,Radial Velocity
TOI-2096 c,3300.0,0.235,0.04,1.914,349.0,Transit
TOI-4463 A b,5640.0,1.062,0.04036,13.26022417,1395.0,Transit
Kepler-1642 b,5355.0,0.84,,3.2,,Transit
Kepler-504 b,3519.0,0.33,,1.59,,Transit
Kepler-171 d,5642.0,0.839,0.223,1.89,,Transit
TOI-663 c,3681.0,0.512,0.0437,2.26,553.0,Transit
MOA-2012-BLG-006L b,,,10.2,,,Microlensing
Kepler-1156 b,5778.0,1.0,,1.32,,Transit
Kepler-53 c,5858.0,0.89,,3.17,,Transit
KMT-2022-BLG-0303L b,,,4.81,,,Microlensing
Kepler-268 b,6081.0,1.274,0.18,2.55,,Transit
TIC 153919886 b,4137.16,0.591697,,2.70601108,,Transit
Kepler-273 c,5626.0,0.815,0.073,1.98,,Transit
Kepler-1964 b,4803.0,0.698,,1.7810587,,Transit
OGLE-2017-BLG-1806L b,,,1.75,,,Microlensing
Kepler-183 c,5888.0,0.958,0.103,2.27,,Transit
KMT-2019-BLG-0371L b,,,0.79,,,Microlensing
K2-288 B b,3341.0,0.32,0.164,1.9,226.36,Transit
2MASS J21252752-8138278 b,,,7493.0,,1616.0,Imaging
KMT-2017-BLG-1194L b,,,1.78,,,Microlensing
HATS-2 b,,0.876,0.02317,12.57647635,1550.0,Transit
Kepler-1585 b,5538.0,0.91,,1.79,,Transit
HD 17674 b,5904.0,1.18,1.42,,,Radial Velocity
Kepler-5 b,6297.0,1.793,0.0538,15.984034,1750.0,Transit
OGLE-2018-BLG-0977L b,,,2.0,,,Microlensing
GJ 887 d,3688.0,0.468,0.212,,241.0,Radial Velocity
KMT-2016-BLG-1820L b,,,1.08,,,Microlensing
MXB 1658-298 b,,,1.613,,,Eclipse Timing Variations
BD-08 2823 c,4746.0,,0.68,,,Radial Velocity
TOI-2583 A b,5936.0,1.477,0.0571,14.4595851,1456.0,Transit
Kepler-1781 b,5568.0,0.957,,2.38091029,,Transit
TOI-7009 b,4080.0,0.564,0.0287,3.71,872.0,Transit
K2-220 b,5612.0,1.026,,2.37,761.0,Transit
Kepler-1065 c,5635.0,0.93,,1.6,,Transit
HATS-67 b,6594.0,1.441,0.03032,18.887165,2193.0,Transit
HD 24064 b,4052.0,40.0,1.29,,,Radial Velocity
TOI-2202 c,5144.0,0.794,0.15544,,,Transit Timing Variations
Kepler-302 b,5740.0,1.22,0.193,4.06,,Transit
TOI-4443.01,5834.0,1.01733,0.029962645,1.7193265,1638.82,Transit
HD 11112 b,,,13.38,,,Radial Velocity
BD+20 594 b,5766.0,1.08,,2.57807,,Transit
Kepler-1538 b,5837.0,1.03,,2.82,,Transit
Kepler-584 b,6195.0,1.24,,4.21,,Transit
Kepler-525 b,5573.0,1.15,,2.63,,Transit
Kepler-269 b,5847.0,0.959,0.061,2.47,,Transit
G 264-012 c,3326.0,0.305,0.0525,,387.0,Radial Velocity
K2-133 b,3655.0,0.455,0.03194,1.34,,Transit
TCP J05074264+2447555 b,,,0.94,,,Microlensing
TOI-7384 b,3185.0,0.319,0.0439,3.56,378.0,Transit
HD 176986 b,4931.0,0.782,0.062956,,767.0,Radial Velocity
Kepler-290 d,5142.0,0.755,0.0154,0.86,1589.0,Transit
Kepler-1135 b,5656.0,0.94,,1.85,,Transit
K2-119 b,4740.0,0.71,0.0698,2.53,666.0,Transit
Kepler-365 b,6012.0,1.048,0.098,2.04,,Transit
OGLE-2018-BLG-0506L b,,,3.0,,,Microlensing
K2-233 d,4796.0,0.71,0.1516,2.363,525.0,Transit
UCAC4 328-061594 b,,,19000.0,,,Imaging
GJ 433 c,,,4.819,,,Radial Velocity
Kepler-43 b,6041.0,1.42,0.046,13.663771,1620.0,Transit
HD 136352 d,5664.0,1.058,0.425,2.562,431.0,Radial Velocity
HD 191939 c,5348.0,0.94,0.1752,3.195,600.0,Transit
Kepler-605 b,5462.0,0.88,,1.44,,Transit
HD 51608 b,5358.0,,0.1059,,,Radial Velocity
Kepler-254 d,5957.0,0.91,0.139,2.5,,Transit
K2-218 b,5757.0,1.008231,,2.56948149,,Transit
HD 124330 b,5873.0,,0.86,,,Radial Velocity
HD 2685 b,6801.0,1.56,0.0568,16.14096,2061.0,Transit
Kepler-45 b,3820.0,0.55,0.03,10.76,1000.0,Transit
K2-87 b,5747.0,1.401,0.094,7.6,979.0,Transit
CoRoT-30 b,5650.0,0.91,0.0844,11.309881,,Transit
HATS-63 b,5627.0,1.07,0.04026,13.529263,1398.3,Transit
Kepler-1835 b,5903.0,0.961,,3.53387773,,Transit
Kepler-1802 b,4245.0,0.637,,1.671,,Transit
TOI-1244 b,4599.0,0.721,0.060694,2.467,,Transit
Kepler-68 e,5847.0,1.2564,4.6,,,Radial Velocity
Kepler-102 e,4909.0,0.724,0.1162,2.17,590.0,Transit
WISE J033605.05-014350.4 b,415.0,,0.97,,325.0,Imaging
HD 109286 b,5694.0,1.089,1.259,,259.4,Radial Velocity
Kepler-1427 b,5793.0,1.01,,1.1,,Transit
HD 141399 c,5600.0,,0.689,,,Radial Velocity
MOA-2016-BLG-227L b,,,1.39,,,Microlensing
HD 192310 c,5166.0,,1.18,,185.0,Radial Velocity
PSR B1257+12 c,,,0.36,,,Pulsar Timing
BD+48 740 b,4534.0,10.33,1.7,,,Radial Velocity
HD 42618 b,5727.0,0.999,0.554,,337.0,Radial Velocity
Kepler-749 b,5009.0,0.75,,3.1,,Transit
Kepler-443 b,4723.0,0.706,0.495,2.33,,Transit
Kepler-458 c,6117.21,2.21562,,4.2,,Transit
K2-131 b,5120.0,0.7595,0.00936,1.69,2223.0,Transit
Kepler-92 b,,1.7,,3.51,,Transit
GJ 1148 c,3287.0,0.358519,0.912,,,Radial Velocity
Kepler-542 b,5526.0,0.9,,1.57,,Transit
Kepler-716 c,5012.0,0.742183,,1.39281536,,Transit
Kepler-1634 b,5474.0,0.89,,3.19,,Transit
Kepler-929 b,5869.0,1.02,,1.11,,Transit
OGLE-2016-BLG-1266L b,,,0.43,,,Microlensing
Kepler-287 b,5806.0,1.032,0.145,2.33,,Transit
K2-32 c,5271.0,0.86,0.13843,3.134,634.0,Transit
HD 204313 e,,,7.457,,,Radial Velocity
HD 213885 c,5978.0,1.1011,0.056798,,1265.4,Radial Velocity
Kepler-718 b,6191.0,1.3,,16.56,,Transit
Kepler-139 e,,,3.23579639,,,Radial Velocity
TOI-942 b,,0.894,0.04866,3.89,,Transit
TOI-2104 b,4856.13,0.723757,,1.52898127,,Transit
Kepler-1838 b,5877.0,1.963,,1.66049425,,Transit
Kepler-1503 b,5069.0,0.74,,2.27,,Transit
K2-183 b,5482.0,0.87,,1.1,,Transit
Kepler-150 e,5560.0,0.939,0.189,3.12,,Transit
YZ Cet c,3151.0,0.157,0.02156,,410.3,Radial Velocity
Kepler-710 b,5611.0,0.91,,1.88,,Transit
Kepler-327 c,3799.0,0.492,0.047,1.03,,Transit
ZTF J1230-2655 b,10000.0,0.0123,,13.78704626,,Transit
HD 102843 b,5436.0,,4.074,,,Radial Velocity
Kepler-329 c,4257.0,0.523,0.113,1.93,,Transit
Kepler-1994 b,5495.0,0.961,0.053,0.51,1032.0,Transit
Kepler-1615 b,5865.0,1.05,,2.06,,Transit
Kepler-646 b,5634.0,0.91,,1.99,,Transit
Kepler-435 b,6161.0,3.21,0.0948,22.31,1729.0,Transit
K2-272 b,5397.0,0.83,0.1007,3.13,747.0,Transit
Kepler-56 d,4819.44,4.21799,2.16,,,Radial Velocity
HD 152581 b,5027.0,5.14,1.66,,,Radial Velocity
Kepler-314 b,5378.0,0.95,0.035,0.83,,Transit
MOA-2008-BLG-310L b,,,1.1,,,Microlensing
K2-138 f,5356.3,0.863,0.10447,2.904,,Transit
Kepler-139 d,,,0.0755533961,1.695,,Transit
HIP 116454 b,5048.0,0.758,0.0792,2.469,753.2,Transit
TOI-1750 b,4683.75,0.768675,,2.78943837,,Transit
TOI-3837 b,5905.0,1.2,0.099,10.87271128,1178.0,Transit
Kepler-966 b,5840.0,1.02,,4.13,,Transit
OGLE-2019-BLG-1180L b,,,5.19,,,Microlensing
TOI-172 b,5645.0,1.777,0.0914,10.816685,1198.0,Transit
TOI-1533 c,5146.0,0.849,0.076,7.5,,Transit
HD 105618 b,,,0.091,,,Radial Velocity
Kepler-292 c,5299.0,0.826,0.045,1.47,,Transit
Kepler-207 b,5920.0,1.588,0.029,1.57,,Transit
WASP-79 b,6600.0,1.51,0.0519,17.14974047,1716.2,Transit
HD 21749 c,4640.0,0.695,0.0695,0.892,701.0,Transit
Kepler-1515 b,6511.0,1.41,,9.55,,Transit
Kepler-193 b,6335.0,1.147,0.106,2.39,,Transit
TIC 237913194 b,5788.0,1.088,0.1207,12.520453,974.0,Transit
HD 142245 b,4922.0,4.63,2.78,,,Radial Velocity
HATS-27 b,6438.0,1.74,0.0611,16.8135,1659.0,Transit
K2-72 c,3360.47,0.330989,0.078,1.16,,Transit
Kepler-1093 b,6166.0,1.2,,1.95,,Transit
Kepler-1576 b,5876.0,1.06,,1.04,,Transit
HD 11755 b,4312.0,20.58,1.09,,,Radial Velocity
KOI-351 e,6080.0,1.2,0.42,2.66,,Transit
tau Gem b,4388.0,26.8,1.17,,,Radial Velocity
2MASS J12073346-3932539 b,,,,15.69257298,1163.0,Imaging
Kepler-1724 b,6092.0,0.943,,2.83677238,,Transit
Kepler-11 g,5663.0,1.065,0.466,3.33,,Transit
Kepler-1537 b,5079.0,0.77,,1.18,,Transit
Kepler-1736 b,6085.0,0.973,,3.8765856,,Transit
Kepler-372 b,6509.0,1.137,0.075,1.36,,Transit
Kepler-1428 b,6184.0,1.36,,1.64,,Transit
KMT-2023-BLG-1743L b,,,1.16,,,Microlensing
Kepler-1669 b,4303.0,0.714145,,2.78043818,,Transit
OGLE-2018-BLG-1428L b,,,3.3,,,Microlensing
K2-164 b,5791.0,2.196069,,3.24925008,,Transit
HD 210702 b,4912.0,4.54,1.079,,,Radial Velocity
Kepler-259 b,5938.0,0.898,0.079,2.8,,Transit
Kepler-244 b,5554.0,0.803,0.05,2.76,,Transit
Kepler-630 b,5829.0,1.04,,3.18,,Transit
Kepler-1448 b,5774.0,0.93,,1.61,,Transit
NGTS-35 b,4717.0,0.753,0.16,10.9,451.0,Transit
TOI-5489 c,3547.0,0.42,,1.28,536.0,Transit
OGLE-2018-BLG-1119L b,,,4.06,,,Microlensing
Kepler-1641 b,6152.0,1.19,,3.11,,Transit
Kepler-756 b,5282.0,0.79,,1.12,,Transit
Kepler-341 e,6012.0,1.024,0.242,1.99,,Transit
Kepler-47 c,,0.936,0.9638,4.65,,Transit
Kepler-42 d,3068.0,0.17,0.0154,0.57,450.0,Transit
OGLE-2018-BLG-0799L b,,,1.28,,,Microlensing
Kepler-1882 b,5691.0,1.458,,1.48674404,,Transit
HD 21693 c,5430.0,,0.2586,,,Radial Velocity
TOI-5076 b,4780.0,0.844,0.1481,3.48935569,550.0,Transit
WASP-71 b,6050.0,1.82,,13.22662,,Transit
HD 109246 b,5844.0,1.07,0.33,,,Radial Velocity
Kepler-225 b,3682.0,0.48,0.056,1.2,,Transit
Kepler-539 c,5820.0,0.952,2.42,,253.0,Transit Timing Variations
HD 111232 c,,,17.25,,,Radial Velocity
Kepler-1375 b,6704.0,1.78,,1.74,,Transit
TOI-1450 A b,3437.0,0.483,,1.13,722.0,Transit
Kepler-676 b,3701.0,0.49,,3.04,,Transit
TIC 279401253 b,5951.0,1.06,0.369,11.2089807,,Transit
Kepler-288 b,5918.0,1.091,0.065,1.67,,Transit
Kepler-267 b,4258.0,0.555,0.037,1.98,,Transit
HIP 109384 b,5180.0,,1.134,,,Radial Velocity
Kepler-1132 b,5298.0,0.83,,2.35,,Transit
K2-209 b,4720.0,0.712365,,0.86850263,,Transit
Kepler-474 b,5785.0,1.08,,3.06,,Transit
K2-291 b,5520.0,0.899,0.03261,1.589,,Transit
TOI-2346 b,6480.0,1.38,0.0473,16.11851425,1689.0,Transit
Kepler-712 b,5148.0,0.78,,3.41,,Transit
TOI-6716 b,3110.0,0.231,0.0319,0.982,369.0,Transit
WASP-99 b,6150.0,1.64,,11.43318,,Transit
K2-157 c,5334.0,0.86,0.165,,587.0,Radial Velocity
TOI-663 b,3681.0,0.512,0.0295,2.27,674.0,Transit
Kepler-442 b,4402.0,0.598,0.409,1.34,,Transit
Kepler-1005 b,5782.0,1.06,,1.5,,Transit
OGLE-2018-BLG-0532L b,,,1.064,,,Microlensing
Kepler-370 c,5852.0,0.9,0.14,1.91,,Transit
OGLE-2007-BLG-368L b,,,2.8,,,Microlensing
TOI-2580 b,6120.0,1.81,0.048,17.37392009,2410.0,Transit
Kepler-305 c,,0.8,,3.3,,Transit
KMT-2023-BLG-0735L b,,,2.96,,,Microlensing
Kepler-1433 b,6097.0,1.19,,1.56,,Transit
Kepler-262 c,5841.0,0.881,0.152,1.64,,Transit
KMT-2023-BLG-1642L b,,,1.41,,,Microlensing
Kepler-1099 b,5837.0,1.0,,2.83,,Transit
TOI-5218 b,4230.0,0.708,0.0469,9.86,783.0,Transit
TOI-1752 c,3762.0,0.53,0.1614,2.29,291.0,Transit
HD 93385 b,5977.0,,0.0756,,,Radial Velocity
K2-91 b,3622.0,0.284,0.0164,1.1,,Transit
Kepler-14 b,6395.0,2.048,,12.733,,Transit
GJ 896 A b,,,0.63965,,,Astrometry
Kepler-1104 b,6417.0,1.41,,1.23,,Transit
Kepler-957 b,4963.0,0.75,,5.5,,Transit
Kepler-267 c,4258.0,0.555,0.06,2.13,,Transit
Kepler-1235 b,5541.0,0.9,,0.79,,Transit
Kepler-654 b,5865.0,1.11,,2.07,,Transit
HD 13908 b,6255.0,1.67,0.154,,,Radial Velocity
KMT-2023-BLG-0119L b,,,3.14,,,Microlensing
K2-403 b,5511.0,0.886,,5.333,,Transit
Kepler-1435 b,6356.0,1.32,,0.86,,Transit
Kepler-120 b,4096.0,0.534,0.055,2.15,,Transit
Kepler-1509 b,5780.0,0.99,,1.85,,Transit
Kepler-750 c,6160.0,1.23,,1.62,,Transit
KMT-2016-BLG-1107L b,,,0.342,,,Microlensing
TOI-5300 b,4610.0,0.65,0.0295,9.86390302,1043.0,Transit
GJ 9714 b,,,12.319,,,Radial Velocity
Kepler-1090 b,5321.0,0.82,,2.25,,Transit
CoRoT-9 b,5625.0,0.96,0.4021,11.948794,420.0,Transit
Kepler-303 c,3944.0,0.485,0.057,1.14,,Transit
NY Vir b,32780.0,0.151,,,,Eclipse Timing Variations
KMT-2021-BLG-0320L b,,,1.54,,,Microlensing
Kepler-1981 b,5874.0,3.006,1.3292,9.23,390.0,Transit
Kepler-81 b,,0.59,,2.42,,Transit
HAT-P-4 b,5860.0,1.596,0.04438,14.28,1686.0,Transit
MASCARA-4 b,7800.0,1.79,0.0474,16.98160576,2250.0,Transit
Kepler-583 b,5523.0,0.91,,2.28,,Transit
TOI-286 b,5152.0,0.78,0.0503,1.42,979.0,Transit
Kepler-227 b,5854.0,1.091,0.09,3.11,,Transit
Kepler-468 b,5498.0,0.87,,13.34,,Transit
EPIC 206024342 d,5724.0,1.1,,2.6,,Transit
Kepler-1897 b,5165.0,0.761,,2.81407954,,Transit
TIC 279401253 c,5951.0,1.06,0.591,,,Transit
Kepler-1122 b,5544.0,0.89,,2.04,,Transit
KMT-2024-BLG-2059L b,,,2.55,,,Microlensing
Kepler-194 d,6089.0,1.025,0.275,2.4,,Transit
Kepler-136 b,6165.0,1.355,0.106,2.05,,Transit
AT2021ueyL b,3680.0,,4.01,,,Microlensing
K2-187 e,5438.0,0.83,,1.9,,Transit
TOI-5110 b,6160.0,2.333,0.2157,11.98240037,976.0,Transit
Kepler-145 b,,1.85,,2.65,,Transit
Kepler-1116 b,5641.0,0.93,,2.54,,Transit
MOA-2010-BLG-353L b,,,1.72,,,Microlensing
Kepler-842 b,4848.0,0.73,,1.6,,Transit
Kepler-1489 b,5655.0,0.9,,1.77,,Transit
Kepler-559 b,5630.0,0.95,,3.61,,Transit
KMT-2016-BLG-2142L b,,,0.83,,,Microlensing
Kepler-1833 b,6164.0,1.446,,1.30027362,,Transit
Kepler-23 d,5828.0,1.548,,2.206,,Transit
HD 219415 b,4820.0,2.9,3.2,,,Radial Velocity
Kepler-1834 b,4821.0,0.788,,1.4593834,,Transit
Kepler-1814 b,4922.0,0.823,,2.36961357,,Transit
K2-125 b,3654.47,0.402049,0.121,2.18,,Transit
Kepler-1709 b,5918.0,1.043,,3.12424875,,Transit
HD 93963 A c,5908.0,1.0311,0.04726,3.11976057,1212.45,Transit
Kepler-1996 c,4580.0,0.675,0.3608,2.81,276.0,Transit
MOA-2009-BLG-266L b,,,3.2,,,Microlensing
KOI-1257 b,5520.0,1.13,0.382,10.54,511.0,Transit
Kepler-974 b,3687.0,0.5,,1.57,,Transit
TOI-1744.01,6179.0,1.14,0.164086,2.68,,Transit
TOI-1451 b,5801.0,1.0162,0.127,2.61143902,723.33,Transit
TOI-1691 b,5759.0,1.0,0.129365,3.66,,Transit
Kepler-1263 b,5213.0,0.8,,1.14,,Transit
KMT-2019-BLG-0298L b,,,5.67,,,Microlensing
TIC 4672985 b,5757.0,1.15,0.33,11.5004142,517.2,Transit
Kepler-533 b,4758.0,0.72,,3.38,,Transit
Kepler-1366 b,4070.0,0.6,,1.43,,Transit
CoRoT-20 c,,,2.9,,,Radial Velocity
Kepler-1915 b,6020.0,1.057,,3.21798413,,Transit
TOI-1246 b,5151.0,0.86,0.049,3.01,955.0,Transit
HIP 8152 b,5618.0,0.9603,0.093,2.53625843,794.96,Transit
Kepler-1589 b,6166.0,1.25,,1.09,,Transit
Kepler-218 b,5502.0,1.063,0.046,1.48,,Transit
Kepler-283 b,4351.0,0.566,0.082,2.13,,Transit
Kepler-325 b,5752.0,1.003,0.053,2.91,,Transit
OGLE-2015-BLG-1609L b,,,,,,Microlensing
OGLE-2013-BLG-0132L b,,,3.6,,,Microlensing
HD 101930 b,5108.0,0.86,0.3,,,Radial Velocity
Kepler-181 b,5333.0,0.749,0.04,1.27,,Transit
CoRoT-18 b,5440.0,1.0,0.0295,14.68,1550.0,Transit
Kepler-1673 b,6014.95,1.13166,,2.9355194,,Transit
Kepler-1287 b,5715.0,0.94,,1.54,,Transit
GJ 433 b,,,0.062,,,Radial Velocity
HD 80869 b,,,2.905,,,Radial Velocity
HD 85390 b,5186.0,,1.373,,,Radial Velocity
TOI-2969 b,4738.0,0.7,0.0261,12.32987877,1186.0,Transit
PSR B1257+12 b,,,0.19,,,Pulsar Timing
Kepler-1253 b,5850.0,1.1,,1.33,,Transit
TOI-5624 c,5327.0,0.82,0.07374,2.474,857.0,Transit
TOI-1266 b,3563.0,0.4232,0.073,2.52,415.0,Transit
KMT-2018-BLG-0030L b,,,4.39,,,Microlensing
TOI-1782.01,4336.0,0.669,0.05024,2.368,,Transit
Kepler-92 c,,1.7,,2.6,,Transit
Kepler-1420 b,5187.0,0.79,,1.28,,Transit
Kepler-1500 b,5845.0,1.0,,1.2,,Transit
HD 22532 b,5038.0,5.69,1.9,,,Radial Velocity
Kepler-748 b,5934.0,1.1,,2.52,,Transit
Kepler-1057 b,5987.0,1.1,,3.36,,Transit
CoRoT-13 b,5945.0,1.01,0.051,9.92,1700.0,Transit
KIC 8121913 b,5975.3,2.233,,,,Orbital Brightness Modulation
Kepler-1323 b,6169.0,1.4,,1.52,,Transit
Kepler-573 b,5746.0,1.02,,2.79,,Transit
TOI-1278 b,3799.0,0.573,0.095,12.21778896,,Transit
HIP 111909 b,4891.0,4.53,1.32,,,Radial Velocity
UKIRT-2017-BLG-001L b,,,4.18,,,Microlensing
Kepler-1479 b,5796.0,0.98,,1.83,,Transit
Kepler-400 b,5886.0,1.145,0.087,1.65,,Transit
HD 285507 b,4503.0,0.69,0.06,,,Radial Velocity
Kepler-169 f,4997.0,0.763,0.359,2.58,,Transit
Kepler-1146 b,4692.0,0.7,,1.23,,Transit
TOI-532 b,3927.0,0.612,0.0296,5.82,867.0,Transit
OGLE-2015-BLG-1771L b,,,0.85,,,Microlensing
Kepler-598 c,5245.0,0.900316,,3.02420941,,Transit
24 Sex b,5098.0,4.9,1.333,,,Radial Velocity
Kepler-146 c,5948.0,1.208,0.364,3.13,,Transit
WASP-170 b,5600.0,0.938,0.0337,12.285064,1422.0,Transit
Kepler-647 b,6020.0,1.07,,1.17,,Transit
HIP 10090 c,5661.0,,0.9,,,Radial Velocity
HD 208897 b,4860.0,4.98,1.063,,,Radial Velocity
XO-2 N b,5290.0,0.998,0.03666,,,Transit
NGC 2682 YBP 1194 b,5780.0,,,,,Radial Velocity
KMT-2017-BLG-1057L b,,,2.36,,,Microlensing
Kepler-252 c,4208.0,0.549,0.08,2.15,,Transit
Kepler-1704 b,5746.0,1.697,2.027,11.94877343,253.8,Transit
Kepler-875 b,5958.0,1.11,,2.9,,Transit
Kepler-226 c,5571.0,0.802,0.058,2.27,,Transit
Kepler-865 b,5570.0,0.92,,2.49,,Transit
DENIS-P J082303.1-491201 b,,,0.36,,,Astrometry
Kepler-37 b,5357.0,0.789,0.1019,0.3098,718.0,Transit
Kepler-1987 e,4769.0,0.714,0.0765,1.92,643.0,Transit
GJ 667 C g,3350.0,,0.549,,,Radial Velocity
TOI-4153 b,6860.0,1.605,0.06311,16.11851425,1669.0,Transit
Kepler-277 b,,1.69,,2.92,,Transit
Kepler-557 b,6068.0,1.16,,2.67,,Transit
Kepler-895 b,4315.0,0.61,,1.54,,Transit
Kepler-1278 b,6074.0,1.16,,1.01,,Transit
Kepler-97 c,5779.0,0.98,,,,Radial Velocity
Kepler-708 b,5692.0,0.96,,2.93,,Transit
MOA-2015-BLG-337L b,,,0.24,,,Microlensing
Kepler-152 b,5088.0,0.724,0.124,2.79,,Transit
Kepler-222 b,5433.0,0.869,0.048,3.16,,Transit
XO-5 b,5430.0,1.13,0.0515,12.78,1230.0,Transit
MOA-2012-BLG-505L b,,,0.9,,,Microlensing
Kepler-690 b,5913.0,1.16,,5.95,,Transit
Kepler-1637 b,5789.0,1.02,,0.89,,Transit
G 192-15 b,,,0.01723,,453.6,Radial Velocity
K2-223 b,5859.0,1.0,,0.89,,Transit
Kepler-338 c,5923.0,1.735,0.172,2.34,,Transit
Kepler-1906 b,5868.0,0.894,,2.77615754,,Transit
Kepler-1022 b,4445.0,0.68,,2.36,,Transit
HD 217786 b,,,2.446,,,Radial Velocity
Kepler-1049 b,3864.0,0.49,,0.95,,Transit
TOI-1295 b,6280.0,1.7,0.047,15.69257298,2360.0,Transit
Kepler-1487 b,6541.0,1.63,,2.13,,Transit
OGLE-2017-BLG-1375L b,,,3.04,,,Microlensing
Kepler-198 c,5574.0,0.94,0.259,2.47,,Transit
POTS-1 b,4400.0,0.588,0.03734,10.548,,Transit
KMT-2021-BLG-0852L b,,,7.78,,,Microlensing
Kepler-876 b,5060.0,0.77,,1.43,,Transit
Kepler-1412 b,5880.0,1.27,,0.83,,Transit
Kepler-1571 b,6297.0,1.39,,1.52,,Transit
TOI-5777 b,4408.03,0.671912,,3.09551273,,Transit
Kepler-172 e,5526.0,1.085,0.211,2.76,,Transit
HD 25463 b,6353.0,1.4182,0.076,2.54535814,1198.46,Transit
Kepler-1802 c,4245.0,0.637,,2.322,,Transit
HD 164509 b,5859.0,1.11,0.87,,,Radial Velocity
WASP-66 b,6600.0,1.76,,15.6926,,Transit
TOI-3629 b,3870.0,0.6,0.043,8.29464572,690.0,Transit
HD 80913 b,,,9.95,,,Radial Velocity
K2-319 b,5440.0,0.898,0.1516,2.79,641.0,Transit
Kepler-1098 b,5794.0,0.99,,1.3,,Transit
Kepler-800 b,5315.0,0.82,,2.85,,Transit
Kepler-58 b,5843.0,1.03,,2.78,,Transit
HD 43197 b,,,0.882,,,Radial Velocity
Kepler-1020 b,5227.0,0.8,,2.28,,Transit
MOA-2010-BLG-073L b,,,1.21,,,Microlensing
Kepler-1175 b,5453.0,0.86,,2.99,,Transit
Kepler-389 c,5376.0,0.792,0.11,1.46,,Transit
Kepler-1853 b,4821.0,0.788,,1.51862272,,Transit
Kepler-373 c,5787.0,0.845,0.126,1.24,,Transit
TOI-558 b,6466.0,1.496,0.1291,12.17295304,1061.0,Transit
Kepler-424 b,5460.0,0.94,0.044,9.98,,Transit
MOA-2010-BLG-477L b,5950.0,,2.0,,,Microlensing
HD 46375 b,5285.0,,0.0398,,,Radial Velocity
GJ 163 d,,,1.0304,,,Radial Velocity
Kepler-1633 b,6256.0,1.32,,1.58,,Transit
TOI-261.01,5890.3,1.28018,0.034792189,3.0449863,1722.49,Transit
Kepler-1593 b,4995.0,0.77,,3.17,,Transit
K2-210 b,5500.0,0.89,,0.86,,Transit
TOI-4308 b,5243.0,0.7934,,2.4189,763.05,Transit
HD 50554 b,5987.0,1.02,2.353,,,Radial Velocity
OGLE-2015-BLG-0051L b,,,0.73,,,Microlensing
Kepler-100 c,5825.0,1.49,,2.2,,Transit
K2-258 b,6351.0,1.31,0.149,3.0,831.0,Transit
Kepler-641 b,5713.0,1.13,,1.85,,Transit
K2-9 b,3390.0,0.31,0.091,2.25,314.0,Transit
Kepler-1587 b,5933.0,1.22,,1.33,,Transit
Kepler-490 b,6045.0,1.12,,11.65,,Transit
WASP-3 b,6400.0,1.44,,15.91678,,Transit
Kepler-1528 b,5857.0,1.03,,1.46,,Transit
Kepler-1600 b,5214.0,0.82,,3.13,,Transit
KMT-2024-BLG-1044L b,,,,,,Microlensing
Gaia-5 b,3447.0,0.345,,,,Astrometry
Kepler-601 b,5160.0,0.79,,1.9,,Transit
Kepler-311 c,5905.0,1.188,0.145,1.43,,Transit
Kepler-760 c,5322.0,0.85,,1.48,,Transit
Kepler-537 b,5763.0,0.99,,1.41,,Transit
Kepler-104 d,5711.0,1.349,0.257,3.58,,Transit
HD 23472 f,4684.0,0.71,0.0906,1.137,630.0,Transit
Kepler-144 b,6075.0,1.235,0.066,1.33,,Transit
Kepler-224 e,5018.0,0.676,0.124,1.97,,Transit
Kepler-149 c,5381.0,0.953,0.281,1.61,,Transit
KMT-2019-BLG-2783L b,,,1.85,,,Microlensing
TOI-2989 b,4672.0,0.76,0.0384,12.55405838,1001.0,Transit
Kepler-532 b,5192.0,0.79,,2.57,,Transit
Kepler-1859 c,5887.0,1.235,0.0473,1.66,1327.0,Transit
TIC 139270665 b,5844.0,1.016,0.163,7.22979255,703.0,Transit
K2-372 b,5479.0,0.922,,2.945,,Transit
GJ 180 b,,,0.092,,,Radial Velocity
Kepler-1078 b,5612.0,0.92,,1.9,,Transit
OGLE-2008-BLG-092L b,,,15.0,,,Microlensing
KMT-2019-BLG-0297L b,,,0.96,,,Microlensing
KMT-2021-BLG-0192L b,,,1.62,,,Microlensing
Kepler-155 b,4508.0,0.62,0.056,2.09,,Transit
1RXS J160929.1-210524 b,4060.0,,330.0,,1700.0,Imaging
LHS 1678 c,3490.0,0.329,0.0327,0.941,,Transit
K2-339 b,4857.0,0.72,,1.92,508.0,Transit
HD 285968 b,,,0.066,,450.0,Radial Velocity
Gaia22dkvL b,,,1.4,,,Microlensing
OGLE-2019-BLG-0362L b,,,2.18,,,Microlensing
Kepler-115 b,5979.0,1.205,0.036,1.09,,Transit
eps Eri b,,,3.53,,,Radial Velocity
Kepler-106 b,5858.0,1.04,,0.82,,Transit
Kepler-332 b,4955.0,0.72,0.07,1.17,,Transit
WISPIT 2 b,4400.0,1.418,57.0,,,Imaging
HD 99492 c,4929.0,,,,,Radial Velocity
TOI-5720 b,3325.0,0.383,0.018288,1.09,708.0,Transit
Kepler-612 b,5693.0,0.96,,2.84,,Transit
TOI-1839 b,5315.91,0.848099,,2.21895097,,Transit
TOI-4603 b,6264.0,2.738,0.0888,11.67975789,1677.0,Transit
Kepler-831 b,5732.0,0.97,,1.27,,Transit
Kepler-445 c,3157.0,0.21,,2.51,,Transit
HIP 4845 b,,,0.176,,,Radial Velocity
Kepler-33 e,5904.0,1.82,0.2138,4.02,,Transit
Kepler-1469 b,5507.0,0.89,,2.8,,Transit
NGC 2682 Sand 978 b,4200.0,,,,,Radial Velocity
TOI-6281 b,4533.23,0.874219,,1.92416074,,Transit
TOI-6651 b,5940.0,1.721,0.0633,5.09,1493.0,Transit
TOI-791 c,6294.0,1.474,0.863,12.94637271,362.8,Transit
K2-290 b,6302.0,1.511,0.0923,3.06,1230.0,Transit
Kepler-191 d,5215.0,0.8,,2.28,,Transit
K2-395 b,5007.0,0.783,,2.597,,Transit
HD 192310 b,5166.0,,0.32,,355.0,Radial Velocity
HATS-47 b,4512.0,0.6564,0.04269,12.520453,852.9,Transit
GJ 682 c,3028.0,,0.176,,,Radial Velocity
HD 40307 c,4956.0,,0.0799,,,Radial Velocity
Kepler-1130 d,5450.0,0.842,,0.64472273,,Transit
HD 141004 b,5885.38,1.389372,0.1238,,,Radial Velocity
Kepler-1859 b,5887.0,1.235,,1.58313575,,Transit
Kepler-1050 b,6010.0,1.13,,1.6,,Transit
HD 42012 b,5405.0,0.82,1.67,,,Radial Velocity
Kepler-170 c,5679.0,1.035,0.131,2.86,,Transit
Kepler-55 b,4362.0,0.58,,2.43,,Transit
Kepler-236 c,3750.0,0.51,0.132,2.0,,Transit
Kepler-1941 b,6404.0,1.142,,2.64976949,,Transit
Kepler-1333 b,5628.0,0.92,,2.81,,Transit
GJ 160.2 b,4347.0,,0.053,,,Radial Velocity
TOI-2589 b,5579.0,1.07,0.3,12.10569916,592.0,Transit
TOI-2180 b,5695.0,1.636,0.828,11.32107051,348.0,Transit
Kepler-1924 b,5726.0,1.285,,2.65446572,,Transit
Kepler-1052 b,5888.0,1.03,,2.93,,Transit
Kepler-1223 b,4870.0,0.75,,1.22,,Transit
OGLE-2018-BLG-0677L b,,,0.63,,,Microlensing
Kepler-1934 b,5925.0,1.035,,0.91307734,,Transit
EPIC 206024342 c,5724.0,1.1,,1.4,,Transit
Kepler-313 b,5727.0,1.536,0.125,2.53,,Transit
HAT-P-69 b,7394.0,1.926,0.06555,18.786284,1930.0,Transit
HD 332231 b,6128.0,1.266,0.145,9.07303305,798.3,Transit
Kepler-1892 b,5383.0,0.759,,1.83707938,,Transit
EPIC 211945201 b,6069.0,1.39,0.1493,5.76,817.0,Transit
Kepler-38 b,5623.0,1.752,0.4632,4.3,475.0,Transit
K2-254 b,4629.0,0.67,0.0448,1.63,791.0,Transit
HD 200964 c,4982.0,4.92,1.96,,,Radial Velocity
Kepler-996 b,6014.0,1.14,,1.98,,Transit
KOI-3680 b,5830.0,0.96,0.534,11.09691,347.0,Transit
Kepler-289 d,5990.0,1.0,,3.03,,Transit
OGLE-2012-BLG-0950L b,,,2.6,,,Microlensing
HR 858 c,6354.0,1.258,0.0687,1.979,1309.0,Transit
Kepler-944 b,5409.0,0.83,,2.63,,Transit
KMT-2021-BLG-1689L b,4570.0,,2.5,,,Microlensing
Kepler-1983 b,5135.0,0.874,0.0689,2.33,807.0,Transit
K2-138 b,5356.3,0.863,0.03385,1.51,,Transit
Kepler-208 e,6092.0,1.314,0.132,1.48,,Transit
Kepler-1284 b,5123.0,0.79,,1.21,,Transit
HATS-31 b,6050.0,1.87,0.0478,18.38276,1823.0,Transit
Kepler-1619 b,5852.0,1.0,,0.76,,Transit
KOI-1599.01,,0.972,0.14728,1.9,,Transit
Kepler-1512 b,4372.0,0.67,,1.18,,Transit
Kepler-163 c,5776.0,0.917,0.152,2.26,,Transit
Kepler-953 b,5416.0,0.99,,4.21,,Transit
KMT-2020-BLG-0414L c,,,22.3,,,Microlensing
K2-240 b,3810.0,0.54,0.0513,2.0,586.0,Transit
HD 81817 b,,,3.233,,,Radial Velocity
OGLE-2017-BLG-1099L b,,,2.73,,,Microlensing
TOI-654.01,3521.0,0.43,0.01944,2.378,794.0,Transit
Kepler-196 c,5128.0,0.782,0.24,2.24,,Transit
OGLE-2014-BLG-1722L b,,,1.5,,,Microlensing
OGLE-2012-BLG-0838L b,,,4.43,,,Microlensing
HIP 8923 b,5980.0,,5.9,,,Radial Velocity
Kepler-935 b,4830.0,0.73,,1.35,,Transit
Kepler-268 c,6081.0,1.274,0.391,3.38,,Transit
K2-179 b,5015.0,0.768067,,2.51267885,,Transit
K2-35 b,4402.71,0.619575,0.031,1.32,,Transit
MOA-2011-BLG-293L b,,,1.1,,,Microlensing
Kepler-770 c,5598.0,0.92,,1.2,,Transit
Kepler-1330 b,5608.0,0.94,,1.65,,Transit
Kepler-1466 b,5884.0,1.02,,1.55,,Transit
Kepler-1869 b,5808.0,0.902,,1.11955354,,Transit
XO-2 S c,5325.0,1.02,0.4737,,,Radial Velocity
TOI-1301.01,4820.0,0.732,0.059866,2.477,,Transit
Kepler-1533 b,6431.0,1.51,,3.46,,Transit
HD 60532 c,6245.0,2.57,1.6,,,Radial Velocity
Kepler-361 b,6169.0,1.343,0.086,1.45,,Transit
Kepler-660 b,4779.0,0.71,,2.57,,Transit
MOA-2020-BLG-208L b,,,2.74,,,Microlensing
CoRoT-36 b,6730.0,1.52,0.066,15.80466279,1567.0,Transit
Kepler-312 c,6115.0,1.467,0.153,3.15,,Transit
K2-69 b,4127.0,0.491,0.0591,2.32,,Transit
HATS-66 b,6626.0,1.841,0.04714,15.815899,1998.0,Transit
Kepler-379 b,6054.0,1.306,0.152,1.66,,Transit
Kepler-591 b,5677.0,0.94,,3.39,,Transit
Kepler-174 c,4880.0,0.622,0.214,1.49,,Transit
Kepler-857 b,5773.0,0.99,,6.8,,Transit
Kepler-11 e,5663.0,1.065,0.195,4.19,,Transit
Kepler-1227 b,5747.0,0.95,,2.29,,Transit
KMT-2025-BLG-0481L b,,,2.18,,,Microlensing
Kepler-1695 b,5473.19,0.987155,,1.11948901,,Transit
TOI-669 b,5597.0,0.9882,0.048,2.58606487,1124.85,Transit
Kepler-154 f,5769.0,0.98,,1.5,,Transit
K2-95 b,3566.0,0.4,0.0525,3.31,474.0,Transit
OGLE-2023-BLG-0766L b,,,2.5,,,Microlensing
gam Lib b,4879.0,12.38,1.319,,,Radial Velocity
Kepler-484 b,5668.0,0.87,,2.28,,Transit
HAT-P-24 b,6373.0,1.38,,14.5717,,Transit
HD 158038 b,4860.0,4.5,1.5,,,Radial Velocity
Kepler-384 c,5577.0,0.882,0.236,1.13,,Transit
OGLE-2015-BLG-0966L b,,,2.7,,,Microlensing
Kepler-1046 b,5913.0,1.04,,1.71,,Transit
Kepler-1554 b,5297.0,0.81,,2.9,,Transit
K2-222 b,5942.0,1.072,0.1186,2.275,803.0,Transit
Kepler-277 c,,1.69,,3.36,,Transit
Kepler-1311 d,5616.0,1.674,,9.65837605,,Transit
Kepler-802 b,5507.0,0.9,,3.54,,Transit
TOI-5143 c,5183.0,0.852,0.05602,16.25302201,,Transit
HD 141937 b,5870.0,1.03,1.54,,,Radial Velocity
Kepler-956 b,6040.0,1.15,,3.0,,Transit
Kepler-200 b,5678.0,0.944,0.08,2.13,,Transit
Kepler-912 b,5998.0,1.11,,2.8,,Transit
HAT-P-52 b,5131.0,0.893,0.03694,11.309881,1218.0,Transit
Kepler-1090 c,5330.0,1.013,,3.29265785,,Transit
OGLE-2011-BLG-0251L b,,,2.72,,,Microlensing
HD 25171 b,6125.0,1.23,2.971,,,Radial Velocity
KMT-2018-BLG-1990L b,,,0.763,,,Microlensing
Kepler-787 b,4248.0,0.62,,1.28,,Transit
TOI-4487 A b,6206.0,1.634,0.05448,14.60530185,1639.0,Transit
Kepler-1291 b,5216.0,0.8,,1.66,,Transit
Kepler-169 e,4997.0,0.763,0.105,2.2,,Transit
Kepler-829 b,5698.0,0.97,,2.11,,Transit
Kepler-1127 b,5664.0,0.95,,1.96,,Transit
K2-68 b,4746.0,0.675,0.0708,1.58,,Transit
Kepler-1358 b,5181.0,0.79,,1.12,,Transit
OGLE-2017-BLG-1049L b,,,3.92,,,Microlensing
Kepler-245 e,5174.0,0.8,,1.75,,Transit
OGLE-2014-BLG-0221L b,,,3.76,,,Microlensing
NGTS-17 b,5650.0,1.337,0.0391,13.89913607,1457.0,Transit
Kepler-182 b,6250.0,1.146,0.096,2.58,,Transit
KMT-2024-BLG-1281L b,,,1.96,,,Microlensing
Kepler-845 b,4913.0,0.75,,2.04,,Transit
KMT-2024-BLG-1005L b,,,0.78,,,Microlensing
TOI-7166 b,3099.0,0.222,0.06191,2.01,249.0,Transit
Kepler-1814 c,4922.0,0.823,0.0133,1.76,1711.0,Transit
Kepler-1086 b,4350.0,0.66,,2.44,,Transit
Kepler-272 c,5297.0,0.929,0.061,1.79,,Transit
Kepler-266 b,5885.0,1.028,0.071,2.48,,Transit
K2-352 b,5791.0,0.95,,1.37,1160.0,Transit
Kepler-36 c,5979.0,1.634,,3.679,,Transit
Kepler-466 c,5927.0,1.05,,1.25,,Transit
HD 134987 b,5736.0,1.22,0.81,,,Radial Velocity
HD 189567 c,5726.0,,0.197,,,Radial Velocity
Kepler-1652 b,3638.0,0.382,0.1654,1.6,268.0,Transit
Teegarden's Star c,3034.0,0.12,0.0455,,209.0,Radial Velocity
Kepler-1899 b,4791.0,0.742,,1.55098292,,Transit
Kepler-352 c,5212.0,0.781,0.118,1.24,,Transit
Kepler-256 c,5551.0,1.301,0.045,2.15,,Transit
OGLE-2016-BLG-1598L b,,,2.5,,,Microlensing
HD 28678 b,4972.0,6.48,1.18,,,Radial Velocity
TOI-5386 A b,6094.0,1.245,0.04856,14.70618268,1488.0,Transit
Kepler-370 b,5852.0,0.9,0.054,1.59,,Transit
TOI-2641 b,6100.0,1.336,0.0607,18.10250383,1387.0,Transit
HD 83443 b,5442.0,0.94,0.0406,,,Radial Velocity
omi UMa b,5075.0,13.84,3.691,,,Radial Velocity
KMT-2017-BLG-2331L b,,,2.14,,,Microlensing
BD-10 3166 b,5393.0,0.91,0.04,,,Radial Velocity
KMT-2021-BLG-1554L b,,,0.72,,,Microlensing
HATS-71 b,3405.0,0.4783,0.03745,11.478016,586.8,Transit
TOI-1648 b,4850.0,0.81,0.0694,2.54,799.0,Transit
Kepler-1085 c,5816.0,1.0783,,3.26817741,,Transit
GJ 3138 c,3717.0,0.5,0.057,,,Radial Velocity
WASP-187 b,6150.0,2.83,0.0653,18.38276,,Transit
Kepler-948 b,5679.0,0.94,,1.85,,Transit
GJ 180 d,,,0.309,,,Radial Velocity
Kepler-509 b,6060.0,1.2,,2.49,,Transit
TOI-1659.01,5977.0,1.006,0.065757,2.255,,Transit
Kepler-1991 c,5478.0,1.053,0.1528,2.57,634.0,Transit
Kepler-1735 b,3975.0,0.509,,1.19429134,,Transit
Kepler-332 d,4955.0,0.72,0.189,1.18,,Transit
TIC 349520724 b,5098.6,0.818771,,2.82626313,,Transit
Kepler-752 b,5373.0,0.83,,2.81,,Transit
NGTS-27 b,5700.0,1.77,0.0446,15.64773706,1783.0,Transit
Kepler-1729 b,3837.0,0.517,,3.89404186,,Transit
Kepler-206 d,5764.0,1.185,0.163,1.19,,Transit
Kepler-1955 b,5825.0,1.291,,1.16654878,,Transit
HD 82943 c,5935.0,1.1826,0.74345,,,Radial Velocity
HIP 35965 b,,,15.898,,,Radial Velocity
CoRoT-31 b,5700.0,2.15,0.0586,16.36514,,Transit
Kepler-279 c,,1.07,,4.3,,Transit
Kepler-1486 b,5965.0,1.12,,2.32,,Transit
NGTS-31 b,5710.0,1.7,0.064,18.04645893,1410.0,Transit
HD 143361 b,5507.0,0.916,1.988,,,Radial Velocity
HD 132563 b,6289.0,1.29577,2.62,,,Radial Velocity
EPIC 206317286 b,,,,0.96,,Transit
TOI-1710 b,5775.0,0.93,0.1652,5.06,,Transit
Kepler-363 b,5593.0,1.485,0.048,1.16,,Transit
Kepler-102 d,4909.0,0.724,0.08618,1.154,686.0,Transit
TIC 260969020 b,4572.94,0.68988,,2.22686612,,Transit
Kepler-1234 b,4967.0,0.76,,2.81,,Transit
WASP-132 b,4686.0,0.758,0.0674,10.09929161,682.0,Transit
Kepler-354 c,4648.0,0.674,0.115,1.31,,Transit
TOI-1450 A c,3437.0,0.483,,,533.0,Transit
OGLE-2015-BLG-0954L b,,,1.6,,,Microlensing
Kepler-1891 b,5516.0,0.827,,1.52139156,,Transit
GJ 229 A c,,,0.384,,,Radial Velocity
Kepler-344 b,5774.0,0.976,0.153,2.61,,Transit
MOA-2009-BLG-387L b,,,1.8,,,Microlensing
HAT-P-70 b,8450.0,1.858,0.04739,20.96083,2562.0,Transit
K2-381 c,4473.0,0.675,,2.0,,Transit
HD 331093 b,5544.0,,1.44,,,Radial Velocity
HIP 38594 c,,,3.805,,,Radial Velocity
HD 196050 b,,,2.65,,,Radial Velocity
HATS-77 b,4071.0,0.6428,0.03607,13.05846252,828.3,Transit
HD 99706 c,,,,,,Radial Velocity
Kepler-10 d,5708.0,1.065,0.5379,,387.0,Radial Velocity
TOI-2040 b,5132.0,0.87,0.0473,10.32347122,1070.0,Transit
KELT-23 A b,5899.0,0.996,0.03302,14.829507,1561.0,Transit
TOI-2046 b,6250.0,1.21,,16.14093221,,Transit
HD 35843 c,5666.0,0.897,0.25,2.54,479.0,Transit
Kepler-1272 b,5926.0,1.09,,2.37,,Transit
Kepler-69 c,5638.0,0.93,0.64,1.71,299.0,Transit
Kepler-263 b,5265.0,0.785,0.12,2.67,,Transit
Kepler-594 b,5485.0,0.87,,2.18,,Transit
UZ For b,,,5.9,,,Eclipse Timing Variations
WASP-55 b,6096.0,1.09,,14.72860064,1342.0,Transit
Kepler-881 b,5961.0,1.09,,1.78,,Transit
TOI-2092 b,5842.06,1.0519,,2.94892961,,Transit
K2-194 b,5979.0,1.281115,,3.64229858,,Transit
OGLE-TR-10 b,5950.0,1.17,0.0434,14.011,,Transit
Kepler-139 b,5594.0,1.3,0.127,2.94,,Transit
HD 131496 b,4846.0,4.44,2.01,,,Radial Velocity
K2-17 b,4320.0,0.66,0.119,2.23,487.0,Transit
K2-188 b,5977.0,1.19,0.0289,1.35,1692.0,Transit
K2-38 b,5731.0,1.06,0.04994,1.54,1266.0,Transit
Kepler-1365 b,5770.0,1.05,,0.92,,Transit
Kepler-60 c,5905.0,1.257,,1.9,,Transit
LHS 3154 b,2861.0,0.1405,0.02262,,,Radial Velocity
HATS-17 b,5846.0,1.091,0.1308,8.709393,814.0,Transit
Kepler-1522 b,5706.0,0.93,,1.73,,Transit
Kepler-1411 b,5664.0,0.92,,2.82,,Transit
HD 183263 c,,,5.585,,,Radial Velocity
HD 88072 b,,,13.895,,,Radial Velocity
K2-140 b,5585.0,1.06,0.068,13.56286665,962.0,Transit
K2-43 b,3840.6,0.542,,4.51,939.3,Transit
Kepler-1780 b,5403.0,0.868,,3.60600667,,Transit
K2-284 b,4140.0,0.607,0.04771,2.78,653.0,Transit
Kepler-877 b,5261.0,0.81,,2.12,,Transit
HD 161178 b,4786.0,10.95,0.85,,,Radial Velocity
Kepler-390 c,5166.0,0.776,0.101,0.79,,Transit
TOI-4791 b,6058.0,1.409,0.0555,12.44196858,1472.0,Transit
Kepler-1191 b,5308.0,0.81,,1.51,,Transit
Kepler-1561 b,5957.0,1.11,,1.09,,Transit
HD 156279 c,,,5.486,,,Radial Velocity
TOI-5082.01,5670.0,0.93,0.051204842,2.54811,1164.91,Transit
Kepler-1475 b,6214.0,1.28,,2.92,,Transit
HD 100655 b,4891.0,10.06,0.68,,,Radial Velocity
Kepler-1816 b,5051.0,0.706,,1.9679397,,Transit
Kepler-475 b,5009.0,0.79,,2.49,,Transit
Kepler-303 b,3944.0,0.485,0.024,0.89,,Transit
Kepler-1260 b,5961.0,1.08,,1.77,,Transit
GJ 3988 b,3273.0,0.19734,0.0405,,348.0,Radial Velocity
Kepler-143 c,5848.0,1.359,0.181,3.37,,Transit
HD 180902 b,4961.0,4.16,1.4,,,Radial Velocity
Kepler-755 c,5043.0,0.77,,1.26,,Transit
WASP-136 b,,,,16.81347105,1630.0,Transit
Kepler-549 d,5312.0,0.986,0.1575,4.2,586.0,Transit
HD 126525 b,5638.0,0.979,1.837,,,Radial Velocity
HD 88133 b,5392.0,2.2,0.0479,,,Radial Velocity
Kepler-1368 b,5906.0,1.08,,1.65,,Transit
Kepler-1086 c,4350.0,0.66,,2.94,,Transit
Kepler-305 b,,0.8,,3.6,,Transit
Kepler-1321 b,4094.0,0.53,,4.92,,Transit
Kepler-1864 b,5854.0,0.979,,0.75408365,,Transit
TOI-1296 b,5567.0,1.7031,0.051,14.11645916,1414.84,Transit
HD 23472 b,4684.0,0.71,0.1162,2.0,543.0,Transit
HD 219134 c,4699.0,0.778,0.0653,1.511,782.0,Radial Velocity
Kepler-1752 b,5446.0,0.821,,4.54060463,,Transit
HD 95086 b,,,55.7,,1000.0,Imaging
TOI-4773 b,6740.0,1.55,0.03216,15.22179579,2255.0,Transit
Kepler-647 c,5906.74,1.54571,,4.00135002,,Transit
WASP-173 A b,5800.0,1.11,0.0248,13.4508,1880.0,Transit
Kepler-416 d,5670.0,1.022,0.0407,1.61,1253.0,Transit
HD 220074 b,3787.0,54.92,1.6,,,Radial Velocity
Kepler-1437 b,5557.0,0.9,,1.37,,Transit
Kepler-138 b,3841.0,0.535,0.0753,0.64,452.0,Transit
Kepler-487 b,5444.0,0.88,,11.42,,Transit
K2-384 f,3623.0,0.348,,2.222,,Transit
Kepler-1296 b,5359.0,0.83,,0.91,,Transit
Kepler-1192 b,5438.0,0.83,,2.36,,Transit
PZ Tel b,,,27.0,,,Imaging
Kepler-1180 b,6077.0,1.14,,1.99,,Transit
Kepler-618 b,5860.0,1.08,,2.6,,Transit
OGLE-2016-BLG-1093L b,,,2.13,,,Microlensing
GJ 1289 b,3296.0,,0.27,,150.0,Radial Velocity
Kepler-719 b,5777.0,0.98,,8.52,,Transit
HD 76700 b,5644.0,1.37,0.05,,,Radial Velocity
Kepler-779 b,3804.0,0.44,,0.92,,Transit
Kepler-326 c,5105.0,0.801,0.051,1.4,,Transit
Kepler-1530 b,5477.0,0.88,,1.64,,Transit
TOI-3474 b,6020.0,1.256,0.0502,14.67255574,1451.0,Transit
Kepler-1114 b,5374.0,0.83,,1.35,,Transit
Kepler-924 b,6167.0,1.23,,3.07,,Transit
WASP-138 b,6272.0,1.36,0.0494,12.21781,1590.0,Transit
Kepler-116 b,6142.0,1.454,0.069,3.42,,Transit
Kepler-774 b,6403.0,2.42,,3.17,,Transit
TOI-4030 b,5640.37,0.991737,,5.8462559,,Transit
KMT-2021-BLG-1077L b,,,1.26,,,Microlensing
Kepler-251 c,5526.0,0.89,0.122,2.77,,Transit
Kepler-1419 b,5796.0,1.01,,2.86,,Transit
KMT-2024-BLG-1870L b,,,3.15,,,Microlensing
Kepler-1590 b,6053.0,1.16,,1.14,,Transit
2MASS J0249-0557 c,,,,17.37392009,1723.0,Imaging
HD 62549 b,,,11.842,,,Radial Velocity
HD 39855 b,5576.0,,0.041,,,Radial Velocity
Kepler-83 d,4648.0,0.594,0.051,1.94,,Transit
Kepler-1464 b,5828.0,1.01,,1.66,,Transit
Kepler-324 e,5191.0,0.826,,2.03862444,,Transit
Kepler-1298 b,6339.0,2.0,,1.31,,Transit
HD 96700 d,5845.0,,0.424,,,Radial Velocity
Kepler-607 c,5244.0,0.888,,2.76001201,,Transit
Kepler-1211 b,5705.0,0.94,,2.55,,Transit
Kepler-1344 b,5981.0,1.13,,1.84,,Transit
HD 100777 b,,,1.06,,,Radial Velocity
HIP 5158 c,4813.0,0.754089,7.7,,,Radial Velocity
K2-268 d,5106.0,0.78,,1.49,888.0,Transit
Kepler-238 b,5751.0,1.43,0.034,1.73,,Transit
Kepler-1040 b,5694.0,0.96,,2.08,,Transit
HD 13189 b,4175.0,38.41,1.25,,,Radial Velocity
K2-97 b,4673.0,4.14,0.0854,13.45077684,1566.0,Transit
Kepler-1650 b,3410.0,0.334,,0.96,,Transit
Kepler-1531 b,6260.0,1.27,,1.11,,Transit
Kepler-514 b,6106.0,1.44,,1.72,,Transit
Kepler-174 b,4880.0,0.622,0.1,1.96,,Transit
Kepler-1144 b,5753.0,0.96,,1.99,,Transit
TOI-163 b,6495.0,1.648,0.058,16.690201,1669.0,Transit
Kepler-1832 b,5242.0,0.722,,1.22719556,,Transit
HATS-55 b,6214.0,1.126,0.05412,14.022459,1367.0,Transit
HATS-64 b,6554.0,2.113,0.06562,18.819911,1793.0,Transit
Kepler-460 c,6146.0,1.26,,5.52,,Transit
Kepler-656 b,5281.0,0.82,,3.12,,Transit
DH Tau b,,0.27,330.0,,,Imaging
Kepler-338 b,5923.0,1.735,0.117,2.44,,Transit
HD 150706 b,5961.0,0.96,6.7,,,Radial Velocity
TOI-1246 d,5213.0,0.8649,0.132,3.43139739,587.77,Transit
Kepler-1318 b,4598.0,0.7,,3.11,,Transit
TOI-3071 b,6177.0,1.31,0.0249,7.16,2155.0,Transit
HD 93351 b,,,0.035,,,Radial Velocity
NN Ser c,,,,,,Eclipse Timing Variations
Kepler-454 c,5687.0,1.066,1.287,,,Radial Velocity
Barnard e,3195.0,0.185,0.0381,,340.0,Radial Velocity
HD 72659 c,5929.0,1.36,21.5,,,Radial Velocity
K2-416 b,3746.0,0.554,0.088,2.66,447.0,Transit
K2-133 d,3655.0,0.455,0.07487,2.003,,Transit
Kepler-827 b,5602.0,0.91,,5.63,,Transit
Kepler-331 b,4347.0,0.492,0.065,1.82,,Transit
HAT-P-39 b,6430.0,1.625,0.0509,17.609,1752.0,Transit
HD 210277 b,5538.0,1.07,1.13,,,Radial Velocity
Kepler-1711 b,5706.0,1.034,,1.923,,Transit
Kepler-159 c,4625.0,0.663,0.218,3.41,,Transit
K2-378 b,4823.0,0.732,,2.88,,Transit
Kepler-399 d,5502.0,0.68,0.261,1.89,,Transit
Kepler-31 b,6340.0,1.22,0.16,5.5,,Transit
HD 11343 c,,,0.923,,,Radial Velocity
Kepler-908 b,5973.0,1.12,,1.22,,Transit
HATS-24 b,6125.0,1.12,0.0238,15.636555,2166.0,Transit
TOI-5726.01,5874.0,1.106,0.062186,2.554,,Transit
TOI-5340 b,5990.0,1.842,0.0628,15.07607904,1566.0,Transit
Kepler-226 d,5571.0,0.802,0.076,1.22,,Transit
Kepler-317 c,5497.0,0.941,0.083,1.72,,Transit
Kepler-1579 b,4584.0,0.7,,0.84,,Transit
TIC 294329732 b,5201.93,0.920172,,2.07692266,,Transit
HD 5319 c,4871.0,4.06,1.93,,,Radial Velocity
Kepler-1958 b,5749.0,0.864,,2.05124311,,Transit
Kepler-1076 b,4868.0,0.74,,0.8,,Transit
Kepler-1731 b,4859.0,0.72,,2.93295657,,Transit
Kepler-1350 b,3827.0,0.53,,2.52,,Transit
HD 133131 A c,5799.0,,4.49,,,Radial Velocity
Kepler-1645 b,5812.0,1.02,,1.78,,Transit
TOI-969 b,4435.0,0.671,0.02636,2.765,941.0,Transit
Kepler-1669 c,4224.0,0.603,,1.90120972,,Transit
Kepler-664 b,5754.0,1.02,,2.66,,Transit
Kepler-24 c,6028.0,1.099,,2.514,,Transit
Kepler-1468 b,5893.0,1.05,,1.73,,Transit
TOI-5422 b,5820.0,1.474,0.0619,9.10169233,1369.0,Transit
HD 204313 c,,,0.211,,,Radial Velocity
Kepler-204 b,5812.0,1.238,0.117,2.53,,Transit
Kepler-1986 b,5549.0,0.732,0.1307,1.89,579.0,Transit
Kepler-1009 b,4027.0,0.57,,2.17,,Transit
Kepler-1131 b,5851.0,1.04,,1.59,,Transit
HD 164922 b,5390.0,0.946,2.16,,,Radial Velocity
EPIC 246851721 b,6202.0,1.586,0.07229,11.780659,1401.0,Transit
Kepler-33 c,5904.0,1.82,0.1189,3.2,,Transit
Kepler-21 b,6305.0,1.902,0.0434,1.639,2015.0,Transit
Kepler-746 b,5418.0,0.93,,1.11,,Transit
2MASS J11550485-7919108 b,,,587.0,,2506.0,Imaging
Kepler-1511 b,6064.0,1.29,,1.68,,Transit
Kepler-528 b,5807.0,1.06,,2.08,,Transit
OGLE-2019-BLG-0679L b,,,6.99,,,Microlensing
HD 73267 c,,,12.688,,,Radial Velocity
HD 20781 d,5256.0,,0.1647,,,Radial Velocity
Kepler-281 d,5717.0,0.884,,5.93747806,,Transit
Kepler-1808 b,5530.0,0.892,,3.02511302,,Transit
Kepler-372 c,6509.0,1.137,0.154,2.09,,Transit
HAT-P-22 b,5302.0,1.11,,12.89035,,Transit
HD 95872 b,5312.0,0.84,5.15,,,Radial Velocity
HD 137496 c,5799.0,1.59,1.2163,,370.0,Radial Velocity
HD 4113 b,,,1.28,,,Radial Velocity
HD 9446 c,5793.0,1.0,0.654,,,Radial Velocity
HD 13808 b,5035.0,0.781,0.10519,,,Radial Velocity
75 Cet c,4809.0,10.38,3.929,,,Radial Velocity
81 Cet b,4734.0,11.21,2.104,,,Radial Velocity
HR 858 d,6354.0,1.258,0.1046,2.001,1061.0,Transit
HD 18143 b,,,0.088,,,Radial Velocity
HD 20794 f,5368.0,0.93,1.3541,,,Radial Velocity
HD 24040 c,5776.49,1.387296,1.3,,,Radial Velocity
HD 31527 c,5898.0,,0.2663,,,Radial Velocity
HD 34445 c,5836.0,1.38,0.7181,,,Radial Velocity
HD 290327 b,5505.0,0.95,3.43,,,Radial Velocity
HD 37605 b,5329.0,0.91,0.277,,,Radial Velocity
Kepler-1750 b,5644.0,0.969,,6.00434637,,Transit
Kepler-1913 b,6214.0,1.076,,1.51852059,,Transit
HD 184010 c,4971.0,4.86,1.334,,,Radial Velocity
HD 217958 b,,,3.758,,,Radial Velocity
Kepler-90 i,6015.0,1.29,,1.32,709.0,Transit
tau Cet g,,,0.133,,,Radial Velocity
Kepler-1432 b,6031.0,1.13,,2.22,,Transit
Kepler-1693 b,5432.34,0.878295,,1.28938413,,Transit
HD 219134 h,4913.0,0.77,3.11,,,Radial Velocity
Kepler-1886 b,5745.0,0.837,,2.58158428,,Transit
Kepler-939 b,5471.0,0.85,,1.75,,Transit
TOI-4495 c,6210.0,1.309,0.06323,4.03,1365.0,Transit
HD 8574 b,6064.0,1.38,0.76,,,Radial Velocity
TOI-238 c,5059.0,0.733,0.0749,2.18,696.0,Radial Velocity
TOI-5349 b,3751.0,0.58,0.0369,10.2,719.0,Transit
TOI-5319 b,3580.0,0.485,0.0506,2.83,695.0,Transit
K2-250 b,5003.0,0.797,0.04606,2.71257333,1003.0,Transit
Kepler-403 c,6090.0,1.329,0.297,1.75,,Transit
Kepler-169 b,4997.0,0.763,0.04,1.13,,Transit
TOI-1410.01,4635.0,0.7558,0.0207,3.10083009,1236.7,Transit
TOI-5238 b,5631.0,1.02283,,5.22,,Transit
K2-35 c,4402.71,0.619575,0.055,1.93,,Transit
Kepler-16 b,4450.0,0.6489,0.7048,8.4493,,Transit
Kepler-817 b,5861.0,1.03,,9.03,,Transit
K2-384 d,3623.0,0.348,,1.392,,Transit
HIP 67851 c,4840.0,5.45,4.55,,,Radial Velocity
TIC 249022743 b,5567.58,1.2084,,4.79568155,,Transit
TOI-564 b,5640.0,1.088,0.02734,11.43318,1714.0,Transit
Kepler-194 c,6089.0,1.025,0.131,2.59,,Transit
Kepler-1301 b,5188.0,0.81,,1.4,,Transit
HD 23472 d,4684.0,0.71,0.04298,0.75,909.0,Transit
HATS-40 b,6460.0,2.26,0.04997,17.71022,2101.0,Transit
rho CrB e,,,,,,Radial Velocity
HD 109988 b,,,12.518,,,Radial Velocity
DMPP-1 c,,,0.0973,,,Radial Velocity
Kepler-1037 b,5105.0,0.78,,1.28,,Transit
Kepler-851 b,5455.0,0.85,,1.68,,Transit
Kepler-1889 b,5646.0,0.817,,2.94360686,,Transit
K2-148 c,4079.0,0.632,0.0616,1.73,,Transit
EPIC 201754305 d,,,,1.03,,Transit
TIC 87422071 b,6150.0,1.489,0.106,10.8615023,1110.0,Transit
HD 22946 d,6169.0,1.117,0.2958,2.607,546.0,Transit
Kepler-248 c,5190.0,0.831,0.123,4.07,,Transit
HIP 111909 c,4891.0,4.53,1.97,,,Radial Velocity
HD 77338 b,5341.0,0.97,0.06,,,Radial Velocity
Kepler-1030 b,4983.0,0.76,,2.48,,Transit
TOI-2010 b,5929.0,1.079,0.5516,11.81426566,400.2,Transit
K2-36 c,4916.0,0.718,0.05528,3.2,854.0,Transit
Kepler-1608 b,4992.0,0.72,,1.73,,Transit
Kepler-208 c,6092.0,1.314,0.079,1.39,,Transit
Kepler-215 d,5739.0,1.027,0.185,2.39,,Transit
HD 108874 c,5551.0,,2.659,,,Radial Velocity
Kepler-1003 b,6109.0,1.17,,1.78,,Transit
HAT-P-8 b,6200.0,1.57,,15.6926,,Transit
Kepler-56 b,4840.0,4.23,0.1028,6.51,,Transit
Kepler-413 b,4700.0,0.7761,0.3553,4.347,,Transit
HD 136418 b,4989.0,3.78,1.29,,,Radial Velocity
Kepler-59 b,6074.0,0.94,,1.1,,Transit
K2-122 b,4009.0,0.59,0.0373,1.16,769.0,Transit
Kepler-1862 b,5644.0,0.806,,2.203,,Transit
Kepler-315 c,5796.0,1.037,0.791,4.15,,Transit
HD 156279 b,,,0.502,,,Radial Velocity
TOI-5344 b,3747.0,0.588,0.04041,10.60369574,689.0,Transit
Kepler-322 b,5388.0,0.89,0.027,1.01,,Transit
Kepler-961 b,5582.0,0.9,,2.55,,Transit
Kepler-404 c,5654.0,0.884,0.118,1.72,,Transit
HD 64114 b,5676.0,,0.246,,,Radial Velocity
HD 40307 d,4956.0,,0.1321,,,Radial Velocity
HD 40979 b,6165.0,1.21,0.85,,,Radial Velocity
HD 44219 b,,,1.26,,,Radial Velocity
HD 45184 b,5869.0,,0.0644,,,Radial Velocity
7 CMa b,4826.0,4.87,1.758,,,Radial Velocity
HD 62509 b,4892.63,,1.64,,,Radial Velocity
bet Cnc b,4092.1,47.2,1.7,,,Radial Velocity
TOI-5624 f,5327.0,0.82,0.2366,,478.5,Transit Timing Variations
Kepler-432 c,4995.0,4.06,,,,Radial Velocity
WASP-145 A b,4900.0,0.68,0.0261,10.0881,1200.0,Transit
NGTS-25 b,5321.0,0.86,0.0388,11.46678726,1101.0,Transit
Kepler-713 b,5785.0,0.99,,2.48,,Transit
Kepler-1056 b,6127.0,1.2,,3.01,,Transit
TOI-1470 c,3709.0,0.469,0.106,2.47,373.0,Transit
Kepler-987 b,5637.0,0.91,,3.26,,Transit
Kepler-1715 b,6212.0,1.209,,4.14042267,,Transit
Kepler-1683 b,5429.0,0.900327,,1.87477762,,Transit
GJ 581 b,3500.0,0.302,0.0399,,,Radial Velocity
TOI-5786 b,6235.0,1.36,0.114,8.54,1040.0,Transit
GJ 832 b,,,3.7,,,Radial Velocity
K2-286 b,3926.0,0.62,0.1768,2.1,347.0,Transit
K2-121 b,4526.0,0.675,,7.16,716.0,Transit
TOI-5108 b,5808.0,1.29,0.073,6.6,1180.0,Transit
K2-62 c,4455.0,0.696,,1.99,495.0,Transit
HD 108236 f,5660.0,0.877,0.1758,2.017,,Transit
HD 155193 b,6239.0,,1.04,,,Radial Velocity
TOI-4029 b,5662.53,1.17834,,6.73756618,,Transit
Kepler-1783 b,5129.0,1.781,,1.31946731,,Transit
K2-379 b,4603.0,0.751,,2.181,,Transit
Kepler-1956 b,4391.0,0.682,,1.08940238,,Transit
Kepler-414 b,,0.946,,1.71,,Transit Timing Variations
Kepler-1885 b,5591.0,0.86,,1.51110555,,Transit
Kepler-1016 b,5821.0,1.0,,2.18,,Transit
GJ 3323 c,3159.0,0.119,0.1264,,,Radial Velocity
K2-38 c,5731.0,1.06,0.09514,2.29,916.0,Transit
Kepler-231 b,3767.0,0.49,0.074,1.73,,Transit
Kepler-221 e,5243.0,0.821,0.13,2.63,,Transit
Kepler-1765 b,5692.0,1.064,,2.49508857,,Transit
Kepler-1019 b,4433.0,0.67,,1.46,,Transit
Kepler-1692 b,5146.0,0.866139,,1.11177184,,Transit
Kepler-1341 b,4662.0,0.72,,2.99,,Transit
BD-11 4672 b,4550.0,0.639,2.36,,,Radial Velocity
HIP 99770 b,,,15.8,,,Imaging
TOI-4552 b,3258.0,0.2869,0.0056255,1.11,1122.0,Transit
Kepler-825 b,5976.0,1.08,,1.53,,Transit
Kepler-362 b,5788.0,0.722,0.087,0.88,,Transit
K2-229 b,5315.0,0.79,,1.0,,Transit
TIC 154870955 b,4739.58,0.724328,,3.09467466,,Transit
HD 20781 e,5256.0,,0.3374,,,Radial Velocity
Kepler-937 c,6095.0,1.22,,2.67,,Transit
Kepler-671 b,5624.0,0.95,,2.69,,Transit
Kepler-398 c,4493.0,0.613,0.087,1.01,,Transit
HD 75784 c,4867.0,3.4,8.4,,,Radial Velocity
Kepler-751 b,5387.0,0.84,,2.46,,Transit
Kepler-1252 b,5949.0,1.09,,1.67,,Transit
Kepler-61 b,4017.0,0.62,,2.15,273.0,Transit
HD 25463 c,6353.0,1.4182,0.0443,1.36354953,1585.57,Transit
K2-196 b,6045.0,1.538801,,3.59970536,,Transit
HD 25723 b,4766.0,13.76,1.49,,,Radial Velocity
WASP-180 A b,6600.0,1.19,0.048,13.89916,1540.0,Transit
Kepler-430 c,5884.0,1.485,0.4757,1.75,458.0,Transit
K2-114 b,4899.0,0.832,0.0944,10.59248676,701.4,Transit
Kepler-1388 d,4098.0,0.61,,2.86,,Transit
HD 219666 b,5540.0,1.059,,4.898,1076.0,Transit
Kepler-1465 b,4726.0,0.71,,1.77,,Transit
2MASS J01225093-2439505 b,3530.0,,52.0,,,Imaging
HD 6434 b,5769.0,1.12,0.14,,,Radial Velocity
Kepler-617 b,3712.0,0.48,,1.32,,Transit
HD 83443 c,5442.0,0.94,8.0,,,Radial Velocity
WASP-83 b,5510.0,1.05,0.059,11.65736,1120.0,Transit
Kepler-980 b,5935.0,1.06,,2.67,,Transit
K2-72 d,3360.47,0.330989,0.05,1.01,,Transit
K2-414 c,4343.0,0.732,0.0552,1.9287,,Transit
TOI-3364 b,5706.0,1.419,0.0675,12.22899794,1264.0,Transit
Kepler-570 b,5496.0,0.9,,2.45,,Transit
TOI-480 b,6174.0,1.4877,0.077,2.85372018,1198.94,Transit
Kepler-1601 b,5869.0,1.07,,0.82,,Transit
Kepler-1881 b,5135.0,0.874,,2.98104391,,Transit
K2-374 b,5789.0,0.907,,1.593,,Transit
HD 24085 b,6034.0,,0.034,,,Radial Velocity
TOI-2818 b,5721.0,1.229,0.0493,15.27784069,1376.0,Transit
Kepler-1162 b,5390.0,0.84,,2.21,,Transit
TIC 67686059 b,5090.09,0.820458,,2.59125922,,Transit
Kepler-155 c,4508.0,0.62,0.242,2.24,,Transit
TOI-201 b,6423.0,1.31,0.303,11.4,,Transit
K2-86 b,5482.0,0.76,0.077,1.96,,Transit
HD 116029 c,,,,,,Radial Velocity
Kepler-907 b,6106.0,1.38,,1.2,,Transit
HD 181342 b,4945.0,4.71,1.592,,,Radial Velocity
Kepler-20 e,5495.0,0.9164,0.0637,0.821,1004.0,Transit
Kepler-28 b,4499.3,0.664,,1.959,,Transit
Kepler-1894 b,5772.0,0.901,,1.20117759,,Transit
Kepler-265 b,5835.0,1.103,0.069,1.86,,Transit
Kepler-253 b,5208.0,0.786,0.046,1.63,,Transit
EPIC 201238110 b,,,,1.87,,Transit
TOI-216.01,,0.748,,10.1,,Transit
GJ 328 b,3897.0,0.63,4.11,,,Radial Velocity
HIP 48714 b,,,0.112,,,Radial Velocity
HD 5583 b,4830.0,9.09,0.53,,,Radial Velocity
HAT-P-51 b,5453.0,0.995,0.05042,13.50682174,1168.2,Transit
TOI-5882 b,5920.0,2.26,0.0804,11.46678726,1515.0,Transit
Kepler-780 b,5769.0,1.02,,0.89,,Transit
Kepler-927 b,5743.0,0.99,,1.72,,Transit
Kepler-391 b,5038.0,2.879,0.083,2.5,930.0,Transit
TOI-521 b,3544.0,0.421,0.0195,1.98,794.0,Transit
Kepler-63 b,5576.0,0.901,0.08,6.11,,Transit
BD+20 274 b,4296.0,17.3,1.3,,,Radial Velocity
Kepler-1792 b,5229.0,1.005,,2.51990972,,Transit
HIP 71135 b,4146.0,,0.335,,,Radial Velocity
Kepler-885 b,6187.0,1.35,,2.5,,Transit
Kepler-378 c,4661.0,0.671,0.166,0.7,,Transit
Kepler-1289 b,6080.0,1.17,,1.52,,Transit
Kepler-720 b,5618.0,0.92,,8.41,,Transit
HD 175167 b,,,,,,Radial Velocity
HD 110082 b,6200.0,1.19,0.113,3.2,,Transit
HD 113996 b,4181.0,25.11,1.6,,,Radial Velocity
HD 87646 b,5770.0,1.55,0.117,,,Radial Velocity
HD 90156 b,5599.0,,0.25,,,Radial Velocity
HD 95089 b,4918.0,5.08,1.36,,,Radial Velocity
HD 102329 b,4745.0,9.82,1.81,,,Radial Velocity
HD 103949 b,4792.0,,0.439,,,Radial Velocity
HIP 65426 b,8840.0,1.77,92.0,16.8135,1500.0,Imaging
tau Boo b,6466.27,1.42588,0.049,,,Radial Velocity
HD 128311 b,,0.76,1.084,,,Radial Velocity
HD 28109 d,6189.0,1.425,,3.11,561.0,Transit
HD 109833 c,5881.0,1.0,,2.59,,Transit
Kepler-302 c,5740.0,1.22,0.503,12.45,,Transit
Kepler-417 c,,0.806,,,,Transit Timing Variations
HD 191939 b,5348.0,0.94,0.0804,3.41,880.0,Transit
K2-55 b,4300.0,0.715,,4.43,900.0,Transit
HD 47536 b,4380.0,23.47,1.93,,,Radial Velocity
BD-17 63 b,,,,,,Radial Velocity
Kepler-235 d,4255.0,0.554,0.122,2.05,,Transit
HD 169830 c,,,3.075,,,Radial Velocity
Kepler-1085 b,6000.0,1.14,,7.22,,Transit
Kepler-1680 b,5021.0,0.723259,,1.35954736,,Transit
Kepler-963 c,5169.47,0.928,,0.6,,Transit
Kepler-208 d,6092.0,1.314,0.103,1.2,,Transit
Kepler-108 c,5854.0,2.192,0.721,8.18,,Transit
Kepler-1823 b,6000.0,1.126,,2.0861268,,Transit
Kepler-1979 b,5942.0,0.938,0.1383,29.33,683.0,Transit
Kepler-1409 b,5160.0,0.79,,1.04,,Transit
Kepler-1573 b,5808.0,1.0,,1.2,,Transit
TOI-1453 c,4975.0,0.72,,2.224,819.8,Transit
Kepler-769 b,6186.0,1.28,,2.92,,Transit
K2-50 b,4326.0,0.546,0.0705,1.59,,Transit
Kepler-1467 b,5332.0,0.82,,3.3,,Transit
Kepler-323 c,6004.0,1.12,0.0458,1.57,1431.0,Transit
Kepler-1142 b,5685.0,0.96,,1.47,,Transit
K2-417 b,3861.0,0.5776,0.063,3.31,558.0,Transit
2M0437 b,3100.0,0.84,118.0,,1450.0,Imaging
HD 89345 b,5576.0,1.747,0.1066,7.39794,1089.0,Transit
HD 110537 b,,,16.714,,,Radial Velocity
Kepler-24 d,5897.0,1.289,0.051,1.67,,Transit
Kepler-306 b,4954.0,0.719,0.05,1.52,,Transit
EPIC 212737443 c,4684.0,0.673,0.28,2.69,316.0,Transit
Kepler-316 b,4204.0,0.52,0.027,1.06,,Transit
Kepler-411 c,,0.82,0.0739,4.421,838.0,Transit
Kepler-598 b,5307.0,0.86,,1.5,,Transit
GJ 649 b,3734.0,0.5,1.112,,,Radial Velocity
K2-197 b,5667.0,0.93,0.0806,2.56,848.0,Transit
HD 27631 b,5737.0,0.923,3.242,,,Radial Velocity
TOI-3682 b,5703.0,1.735,0.048,12.80065596,1657.0,Transit
K2-15 b,5131.0,0.68,0.091,2.48,676.0,Transit
HD 183579 b,5784.0,0.96,0.1322,3.49,752.0,Transit
WASP-60 b,5900.0,1.17,,9.86392,,Transit
Kepler-1902 b,3729.0,0.514,,1.17563613,,Transit
Kepler-1957 b,4904.0,0.772,,0.94374867,,Transit
Kepler-301 b,5815.0,0.9,0.036,1.35,,Transit
TIC 18942729 b,4360.11,0.825257,,2.00021315,,Transit
TOI-1937 A b,5814.0,1.08,0.01932,13.97759893,2097.0,Transit
KIC 7917485 b,7067.0,,,,,Pulsation Timing Variations
KOI-142 c,5466.0,0.897,,,,Transit Timing Variations
Kepler-160 d,5471.0,1.118,0.17,,,Transit Timing Variations
KOI-1843.03,3584.0,0.45,,0.61,,Transit
WASP-129 b,5900.0,0.9,0.0628,10.42437,1100.0,Transit
Kepler-1380 b,5570.0,0.94,,1.43,,Transit
Kepler-1430 b,4796.0,0.72,,1.18,,Transit
HD 164922 c,5390.0,0.946,0.341,,,Radial Velocity
K2-330 b,6232.0,1.5,,2.77,969.0,Transit
Kepler-251 e,5526.0,0.89,0.404,2.77,,Transit
Kepler-543 b,4671.0,0.67,,2.5,,Transit
Kepler-1267 b,6096.0,1.2,,3.01,,Transit
K2-317 b,3387.0,0.379,0.0542,2.93,432.0,Transit
Kepler-116 c,6142.0,1.454,0.116,2.3,,Transit
HD 12235 c,,,22.21,,,Radial Velocity
Kepler-4 b,5857.0,1.487,0.0456,4.002,1650.0,Transit
HD 10180 d,5911.0,1.109,0.12859,,,Radial Velocity
HD 11964 b,5303.0,2.00971,3.16,,,Radial Velocity
HD 125136 b,4959.0,5.39,,,,Radial Velocity
CoRoT-7 c,5256.0,0.864273,0.046,,,Radial Velocity
K2-74 b,6060.0,0.98,0.1402,2.31,,Transit
Kepler-1674 b,5473.91,0.877273,,3.2057749,,Transit
GJ 2030 c,,,16.761,,,Radial Velocity
Kepler-97 b,5779.0,0.98,,1.48,,Transit
Kepler-457 d,6474.0,1.242,,2.98467257,,Transit
HD 73344 c,6148.0,1.22,0.3388,,,Radial Velocity
TOI-1683.01,4402.0,0.7,0.036507593,2.6382,929.25,Transit
K2-368 c,4663.0,0.663,,1.361,,Transit
NGTS-30 b,5455.0,0.913,0.408,10.40193409,500.0,Transit
Kepler-219 d,5786.0,1.491,0.272,2.81,,Transit
Kepler-673 b,5355.0,0.84,,6.54,,Transit
K2-158 b,5503.0,0.95,0.0887,2.64,794.0,Transit
K2-276 b,5139.0,0.85,0.1291,3.77,583.0,Transit
Kepler-1990 c,5751.0,1.071,0.0504,0.98,1170.0,Transit
Kepler-680 b,5890.0,1.11,,2.42,,Transit
Kepler-1293 b,6241.0,1.28,,0.97,,Transit
Kepler-571 b,5527.0,0.9,,2.64,,Transit
TOI-2518 b,5751.2,0.993374,,2.26838675,,Transit
WISPIT 2 c,4530.0,1.3,14.0,17.93436912,2050.0,Imaging
K2-3 c,3844.0,0.546,0.1357,1.582,371.8,Transit
Kepler-489 b,5014.0,0.76,,7.72,,Transit
TYC 1422-614-1 c,4806.0,6.85,1.37,,,Radial Velocity
HD 1502 b,4947.0,4.67,1.262,,,Radial Velocity
HD 219134 b,4699.0,0.778,0.03876,1.602,1015.0,Radial Velocity
Kepler-1872 b,5223.0,0.885,,2.38421141,,Transit
TOI-4561 b,5537.93,0.851957,,1.77789214,,Transit
Kepler-1733 b,6320.0,1.252,,3.63582354,,Transit
Kepler-1478 b,5904.0,1.06,,1.73,,Transit
TOI-892 b,6261.0,1.39,0.092,11.99363,1397.0,Transit
Kepler-1534 b,5442.0,0.86,,1.89,,Transit
Kepler-1254 c,4985.0,0.75,,1.3,,Transit
Kepler-1277 b,5578.0,0.92,,1.6,,Transit
Kepler-334 c,5828.0,1.068,0.107,1.43,,Transit
KMT-2018-BLG-0247L b,,,2.46,,,Microlensing
HD 4203 c,5582.0,1.49795,6.95,,,Radial Velocity
Kepler-394 d,6398.0,1.101,,1.50066814,,Transit
EPIC 220554210 c,5499.0,1.0,,1.6,,Transit
HD 62364 b,6255.0,1.401,6.15,,,Radial Velocity
HD 184010 d,4971.0,4.86,1.92,,,Radial Velocity
HD 147513 b,5883.0,,1.32,,,Radial Velocity
HD 143105 b,6380.0,,0.0379,,,Radial Velocity
HD 136118 b,,,2.327,,,Radial Velocity
HD 158259 c,,1.21,,,,Radial Velocity
HD 158259 b,,1.21,,,,Radial Velocity
HD 159868 c,5534.0,2.13,1.032,,,Radial Velocity
HD 160691 b,5773.0,1.33,,,,Radial Velocity
HD 163607 b,5522.0,1.76,0.362,,,Radial Velocity
HD 168009 b,5778.33,1.209505,0.1192,,,Radial Velocity
GJ 740 b,3913.0,0.56,0.029,,829.0,Radial Velocity
HD 190360 d,5560.0,,0.3886,,,Radial Velocity
HD 189567 b,5726.0,,0.111,,,Radial Velocity
Kepler-1490 b,5515.0,0.87,,3.04,,Transit
K2-389 c,5782.0,1.084,,2.04,,Transit
Kepler-1245 b,5306.0,0.83,,1.44,,Transit
Kepler-1010 b,5253.0,0.82,,2.32,,Transit
K2-175 b,5909.0,1.420038,,2.03803688,,Transit
TOI-813 b,5907.0,1.94,0.423,6.71,610.0,Transit
GJ 1252 b,3458.0,0.391,,1.193,,Transit
Kepler-258 b,4942.0,0.915,0.103,4.06,,Transit
HD 94834 b,4798.0,4.2,2.74,,,Radial Velocity
Kepler-480 b,6322.0,1.34,,2.78,,Transit
HD 104067 b,4952.0,0.78,0.2674,,,Radial Velocity
Proxima Cen d,2900.0,0.141,0.02881,,282.0,Radial Velocity
Kepler-351 d,5225.0,0.78,,2.72,,Transit
Gliese 48 b,3450.0,0.463,0.1752,,271.0,Radial Velocity
Kepler-1810 b,5492.0,1.016,,3.91815325,,Transit
Kepler-11 b,5663.0,1.065,0.091,1.8,,Transit
Kepler-1207 b,5909.0,1.06,,1.62,,Transit
TOI-4940 b,5504.0,1.163,0.165,6.61,643.0,Transit
EPIC 249893012 d,5430.0,1.71,0.22,3.94,752.0,Transit
Kepler-339 c,5631.0,0.802,0.069,1.15,,Transit
SPECULOOS-3 b,2800.0,0.123,0.00733,0.977,553.0,Transit
G 261-6 b,,,0.02971,,322.3,Radial Velocity
Kepler-165 b,5211.0,0.77,0.072,2.32,,Transit
Kepler-421 b,5308.0,0.757,1.219,4.16,185.0,Transit
HATS-15 b,5311.0,0.922,0.02712,12.385945,1505.0,Transit
HD 87883 b,,,3.77,,,Radial Velocity
WASP-33 b,7430.0,1.444,0.0239,17.855937,2781.7,Transit
HD 10180 g,5911.0,1.109,1.427,,,Radial Velocity
NGTS-1 b,3916.0,0.573,0.0326,14.90797,790.0,Transit
Kepler-783 c,5411.49,0.872088,,2.33153725,,Transit
TOI-1470 b,3709.0,0.469,0.0285,2.18,734.0,Transit
K2-343 b,3804.0,0.46,,1.65,653.0,Transit
K2-80 d,5377.0,0.841458,,2.55211506,,Transit
Kepler-763 c,4999.0,0.843,0.0466,1.42,938.0,Transit
Kepler-649 b,5871.0,0.94,,2.26,,Transit
Kepler-1264 b,5791.0,0.98,,1.18,,Transit
Kepler-374 b,5977.0,0.911,0.029,1.03,,Transit
Kepler-1825 b,5123.0,0.847,,1.42200732,,Transit
HD 28109 c,6189.0,1.425,,4.13,643.0,Transit
TOI-1860 b,5752.0,0.94,0.0204,1.31,1885.0,Transit
Kepler-309 c,4713.0,0.721,0.401,2.51,,Transit
TOI-1011 b,5475.0,0.92,,1.45,,Transit
NGTS-32 b,5680.0,1.85,0.044,15.91675259,1750.0,Transit
K2-178 b,5525.0,0.887267,,3.55790985,,Transit
Kepler-1232 b,5471.0,0.89,,1.93,,Transit
Kepler-124 b,4984.0,0.636,0.039,0.73,,Transit
HD 67087 b,6330.0,1.55,1.08,,,Radial Velocity
Kepler-1269 b,5998.0,1.15,,1.63,,Transit
HD 37124 c,,,1.71,,,Radial Velocity
HD 181720 b,5736.0,1.5,1.85,,,Radial Velocity
Kepler-121 c,5311.0,0.701,0.216,2.27,,Transit
Kepler-285 c,5411.0,0.808,0.064,1.12,,Transit
Kepler-49 d,4252.0,0.559,0.031,1.6,,Transit
TOI-938 b,5829.42,0.985134,,4.82401567,,Transit
HD 10647 b,6218.0,1.1,2.015,,,Radial Velocity
WASP-182 b,5638.0,1.34,0.0451,9.52765,1479.0,Transit
HAT-P-47 b,6703.0,1.515,,14.71739166,1605.0,Transit
WASP-183 b,5313.0,0.871,0.04632,16.47723,1111.0,Transit
HATS-59 c,5670.0,1.036,2.504,,175.9,Radial Velocity
Kepler-798 b,6224.0,1.29,,2.39,,Transit
Kepler-1732 b,5821.0,1.494,,4.09903273,,Transit
WASP-45 b,5150.0,0.855,0.03963,10.603714,1153.0,Transit
K2-407 c,5563.0,0.927,,1.36,,Transit
Kepler-868 b,5614.0,0.89,,2.05,,Transit
K2-345 b,3779.0,0.52,,2.11,437.0,Transit
Kepler-1871 b,5741.0,0.946,,2.42172881,,Transit
HD 115404 A b,,,0.088,,,Radial Velocity
HATS-8 b,5679.0,1.086,0.04667,9.785457,1324.0,Transit
Kepler-1105 b,4299.0,0.68,,2.01,,Transit
OGLE-TR-56 b,6050.0,1.363,0.02383,15.278,2212.0,Transit
HD 8326 b,4914.0,,0.533,,,Radial Velocity
Qatar-6 b,5052.0,0.722,0.0423,11.903958,1006.0,Transit
Kepler-177 c,5732.0,1.324,,8.73,,Transit
OGLE-2017-BLG-1434L b,,,1.18,,,Microlensing
KMT-2023-BLG-0469L b,,,2.31,,,Microlensing
Kepler-789 b,5870.0,1.02,,2.12,,Transit
Kepler-401 c,6117.0,1.333,0.269,2.15,,Transit
Kepler-759 b,5860.0,1.04,,2.27,,Transit
Kepler-465 b,6310.0,1.29,,2.95,,Transit
CoRoT-11 b,6440.0,1.37,0.0436,16.03,1657.0,Transit
Kepler-1369 b,5761.0,0.99,,2.69,,Transit
Kepler-1276 b,6188.0,1.21,,1.19,,Transit
HD 204313 b,,,3.185,,,Radial Velocity
Kepler-694 b,5700.0,0.95,,2.8,,Transit
Kepler-1042 b,4815.0,0.72,,2.19,,Transit
TOI-1820 b,5734.0,1.51,0.061,12.778238,1375.0,Transit
TOI-3664 b,5593.0,1.11,0.0431,13.69737442,1232.0,Transit
Kepler-1734 b,6061.0,0.97,,3.08851092,,Transit
G 268-110 b,,,0.01283,,534.0,Radial Velocity
Kepler-1406 b,5892.0,1.12,,1.1,,Transit
Kepler-282 c,5602.0,0.904,0.106,1.2,,Transit
Kepler-449 c,5649.18,,,2.764,,Transit
iot Dra b,4504.0,11.79,1.453,,,Radial Velocity
Kepler-336 b,5867.0,1.304,0.033,1.02,,Transit
K2-183 c,5482.0,0.87,,2.3,,Transit
Kepler-786 b,4838.0,0.74,,2.43,,Transit
Kepler-553 b,5191.0,0.902,0.04766,4.74139884,1089.0,Transit
Kepler-1799 b,5831.0,0.921,,4.12801189,,Transit
Kepler-1498 b,5256.0,0.81,,1.33,,Transit
Kepler-1315 c,4818.0,0.856,,1.84398883,,Transit
Kepler-1392 b,5479.0,0.85,,1.96,,Transit
K2-73 b,5867.0,1.058,,2.58,968.0,Transit
Kepler-604 b,5890.0,1.03,,2.59,,Transit
KOI-134 b,6160.0,1.667,0.363,12.03844527,659.0,Transit
K2-389 b,5773.0,1.094,,2.33,932.0,Transit
HD 111591 b,4884.0,8.03,2.5,,,Radial Velocity
HD 217107 b,,1.2245,0.07359,,,Radial Velocity
HAT-P-19 b,4962.0,0.773,0.04599,11.29865255,981.2,Transit
HD 63433 b,5553.0,0.934,,2.14,967.11,Transit
TOI-1853 b,4985.0,0.808,0.0213,3.46,1479.0,Transit
Gl 686 b,3656.0,0.427,0.091,,,Radial Velocity
K2-248 b,5528.0,0.92,0.0699,2.57,886.0,Transit
K2-354 b,3669.0,0.41,,1.56,543.0,Transit
K2-84 c,5652.0,0.93,0.1768,2.03,,Transit
TOI-4551 b,4896.0,3.55,0.0994,11.85910158,,Transit
Kepler-326 d,5105.0,0.801,0.066,1.21,,Transit
Kepler-735 b,5107.0,0.8,,2.95,,Transit
Kepler-923 b,5988.0,1.26,,1.38,,Transit
HAT-P-43 b,5693.0,1.08,0.0444,13.63,1353.0,Transit
WASP-101 b,6380.0,1.31,,16.02887,,Transit
Kepler-255 c,5573.0,0.933,0.092,2.99,,Transit
Kepler-872 b,5902.0,1.08,,1.99,,Transit
TOI-1758 b,5169.0,0.81,0.141409,3.62,,Transit
TOI-5704 b,4590.0,0.7575,,3.2274,949.07,Transit
Kepler-981 b,5718.0,0.96,,2.31,,Transit
Kepler-1332 b,5581.0,0.9,,1.37,,Transit
KELT-2 A b,6327.0,1.93,,15.13215,,Transit
Kepler-250 b,5160.0,0.805,0.048,1.13,,Transit
Kepler-886 b,6098.0,1.16,,1.52,,Transit
Kepler-1195 b,4965.0,0.71,,2.08,,Transit
Kepler-668 b,5352.0,0.82,,2.7,,Transit
Kepler-1610 b,5383.0,0.87,,1.61,,Transit
TOI-5592 b,6237.0,1.393,0.03935,17.14974047,1789.0,Transit
KIC 9663113 b,6065.0,1.03,,4.6,,Transit
HIP 107773 b,4945.0,11.6,0.72,,,Radial Velocity
Kepler-734 b,5326.0,0.78,,3.56,,Transit
K2-199 b,4491.0,0.682,0.0382,1.73,913.0,Transit
Kepler-1125 b,5683.0,0.94,,1.84,,Transit
Kepler-112 b,5544.0,0.841,0.076,2.36,,Transit
TOI-2338 b,5581.0,1.05,0.158,11.2089807,799.0,Transit
Kepler-249 b,3568.0,0.482,0.035,1.09,,Transit
Kepler-241 c,4699.0,0.668,0.189,2.57,,Transit
TIC 38828280 b,5046.63,0.741147,,2.62701629,,Transit
K2-374 c,5789.0,0.907,,2.213,,Transit
Kepler-221 b,5243.0,0.821,0.037,1.71,,Transit
Kepler-1000 b,6453.0,1.51,,4.76,,Transit
NGC 2682 YBP 1514 b,5725.0,,,,,Radial Velocity
HD 116029 b,4819.0,4.89,1.65,,,Radial Velocity
Kepler-1767 b,5243.0,0.831,,3.01299077,,Transit
Kepler-1639 b,6150.0,1.18,,2.58,,Transit
PSR B1620-26 b,,,23.0,,,Pulsar Timing
Proxima Cen b,2900.0,0.141,0.04848,,218.0,Radial Velocity
TOI-1422 c,,,0.205,2.61,628.0,Radial Velocity
Kepler-246 c,5206.0,0.831,0.095,1.5,,Transit
Kepler-40 b,6510.0,2.13,0.08,13.11,1620.0,Transit
TIC 434398831 b,5638.0,0.909,0.04641,3.51,1250.0,Transit
HD 89744 b,6291.0,,0.917,,,Radial Velocity
KMT-2018-BLG-1292L b,,,6.03,,,Microlensing
GSC 06214-00210 b,4200.0,,320.0,,2300.0,Imaging
GJ 887 b,3688.0,0.468,0.0683,,426.0,Radial Velocity
HD 219828 c,,,5.657,,,Radial Velocity
HD 222155 b,5701.0,1.85,5.14,,,Radial Velocity
HD 224538 b,,,2.375,,,Radial Velocity
TOI-5624 d,5327.0,0.82,0.1067,3.584,712.6,Transit
Kepler-54 d,4252.0,0.554,0.126,1.53,,Transit
TOI-2449 b,6021.0,1.065,0.45,11.24,400.0,Transit
TIC 142589416 b,4396.27,0.713832,,2.67899519,,Transit
Kepler-101 b,5667.0,1.56,0.0474,5.77,1513.0,Transit
Kepler-195 b,5329.0,0.775,0.077,2.03,,Transit
Kepler-727 b,5441.0,0.86,,2.53,,Transit
Kepler-763 b,5166.0,0.8,,1.22,,Transit
TOI-954 b,5710.0,1.892,0.04963,9.550068,1526.0,Transit
HD 95338 b,5097.0,0.868,,4.27174254,,Radial Velocity
HD 13724 c,,,0.534,,,Radial Velocity
Kepler-928 b,4700.0,0.7,,1.59,,Transit
TOI-7155 b,4673.03,0.670748,,2.40821473,,Transit
Kepler-1879 b,5865.0,1.388,,2.06512018,,Transit
TOI-1694 c,5005.0,0.812,0.974,,222.0,Radial Velocity
TOI-6223 b,3895.0,0.576,0.04018,5.07,714.0,Transit
Kepler-1295 b,5486.0,0.89,,1.55,,Transit
Kepler-1319 b,3655.0,0.54,,1.34,,Transit
WASP-154 b,4774.0,0.823,0.044,10.76062147,994.0,Transit
K2-126 b,4339.0,0.65,0.0656,1.97,601.0,Transit
Kepler-49 c,4095.6,0.618,,2.444,,Transit
Kepler-1536 b,4434.0,0.67,,3.14,,Transit
TOI-1669 c,5497.0,1.0561,0.0376,2.2963977,1285.16,Transit
HD 48948 b,4593.0,0.679,0.0652,,957.0,Radial Velocity
Kepler-729 b,5633.0,0.91,,3.58,,Transit
Kepler-1669 d,4224.0,0.603,0.0468,1.22,669.0,Transit
TOI-3023 b,5760.0,1.668,0.0505,16.43236571,1596.0,Transit
K2-110 b,5010.0,0.713,0.10207,2.592,638.0,Transit
K2-46 b,6256.0,1.29,0.13821,2.05,,Transit
HAT-P-63 b,5400.0,0.9661,0.04294,12.5428494,1237.0,Transit
Kepler-967 b,5178.0,0.8,,2.35,,Transit
Kepler-292 b,5299.0,0.826,0.035,1.32,,Transit
HIP 39017 b,,,22.1,,,Imaging
Kepler-245 d,5100.0,0.795,0.202,3.03,,Transit
HD 215497 b,5110.0,0.85,0.05,,,Radial Velocity
Kepler-180 b,5731.0,1.063,0.109,1.5,,Transit
Kepler-1632 b,6137.0,1.19,,2.47,,Transit
Kepler-37 e,,0.772,,,,Transit Timing Variations
KOINTREAU-4 b,,,182.0,,,Imaging
GJ 163 b,,,0.0607,,,Radial Velocity
Kepler-101 c,5667.0,1.56,0.0684,1.25,1413.0,Transit
K2-231 b,5695.0,0.95,,2.5,,Transit
WASP-144 b,5200.0,0.81,0.0316,9.52765,1260.0,Transit
TIC 88692598 b,3483.17,0.532473,,1.81295951,,Transit
HD 171028 b,5671.0,2.47,1.32,,,Radial Velocity
Kepler-848 b,5695.0,1.2,,1.7,,Transit
HD 111998 b,,,1.91,,,Radial Velocity
ITG 15 b,,,435.0,,2601.0,Imaging
HD 164595 b,5790.0,,0.23,,,Radial Velocity
Kepler-1942 b,5834.0,0.797,,2.1170287,,Transit
Kepler-228 c,6043.0,1.014,0.052,2.7,,Transit
Kepler-975 c,4883.0,1.667,0.0567,10.69,1168.0,Transit
Kepler-358 b,5908.0,0.954,0.21,2.72,,Transit
Kepler-625 b,5789.0,0.96,,1.99,,Transit
Kepler-1914 b,5982.0,0.96,,2.9429803,,Transit
K2-369 b,5682.0,0.881,,1.313,,Transit
Kepler-1665 b,5049.84,0.777785,,2.83910787,,Transit
K2-233 c,4796.0,0.71,0.0664,1.272,794.0,Transit
Kepler-1364 b,6805.0,1.79,,2.15,,Transit
Kepler-1008 b,5066.0,0.78,,1.28,,Transit
HD 38801 b,5338.0,2.029,1.623,,,Radial Velocity
Kepler-1108 b,5406.0,0.84,,1.46,,Transit
Kepler-1818 b,6047.0,1.129,,1.71360684,,Transit
Kepler-229 b,5120.0,0.728,0.062,2.2,,Transit
Kepler-1187 b,5975.0,1.09,,2.61,,Transit
Kepler-606 b,6161.0,1.22,,3.31,,Transit
Kepler-126 c,6239.0,1.358,0.162,1.58,,Transit
Kepler-1763 b,5897.0,1.259,,1.14651332,,Transit
KMT-2018-BLG-0029L b,,,4.27,,,Microlensing
Kepler-264 c,6158.0,1.55,0.566,2.83,,Transit
HD 200964 b,4982.0,4.92,1.565,,,Radial Velocity
Kepler-879 c,5456.75,1.022,,0.4,,Transit
HIP 113103 b,4930.0,0.742,0.06899,1.829,721.0,Transit
HD 72892 b,,,0.228,,,Radial Velocity
K2-266 d,4285.0,0.703,0.1035,2.93,538.3,Transit
KMT-2018-BLG-2602L b,,,3.81,,,Microlensing
Kepler-402 c,6090.0,1.264,0.068,1.56,,Transit
Kepler-182 c,6250.0,1.146,0.157,3.43,,Transit
GJ 3634 b,,0.43,0.0287,,,Radial Velocity
TOI-3540 A b,5810.0,1.228,0.04289,23.53885947,1498.0,Transit
OGLE-2005-BLG-169L b,,,3.5,,,Microlensing
WASP-168 b,6000.0,1.12,0.0519,16.8135,1340.0,Transit
HD 284149 AB b,6035.0,1.36,431.16,,2395.0,Imaging
Kepler-452 b,5757.0,1.11,1.046,1.63,265.0,Transit
Kepler-1190 b,4730.0,0.72,,1.33,,Transit
Kepler-1013 b,4954.0,0.76,,2.15,,Transit
GJ 1265 b,3236.0,0.192,0.026,,,Radial Velocity
TIC 24750448 b,4545.43,0.713599,,2.43722231,,Transit
K2-138 d,5356.3,0.863,0.05893,2.39,,Transit
HATS-29 b,5670.0,1.073,0.05475,14.022459,1212.0,Transit
HD 69830 d,5385.0,,0.63,,,Radial Velocity
Kepler-165 c,5211.0,0.77,0.11,2.23,,Transit
Kepler-105 c,5933.0,1.026,,1.44,,Transit
Kepler-367 b,4710.0,0.695,0.201,1.3,,Transit
HD 8535 b,6136.0,1.19,2.45,,,Radial Velocity
Kepler-1054 b,6209.0,1.34,,2.63,,Transit
Kepler-1725 b,6020.0,1.085,,2.8125177,,Transit
K2-45 b,4103.0,0.445,0.0224,6.71,,Transit
GJ 667 C b,,,,,,Radial Velocity
Kepler-1426 b,5831.0,1.02,,1.56,,Transit
GJ 2030 b,,,0.034,,,Radial Velocity
Kepler-1754 b,4723.0,0.747,,2.43996509,,Transit
TOI-150.01,6255.0,1.526,0.07037,14.067295,1404.5,Transit
Wendelstein-1 b,4251.0,0.61,0.0282,11.5609626,2198.0,Transit
TOI-904 c,3770.2,0.527,0.312,2.167,217.26,Transit
Kepler-1907 b,5159.0,0.8,,0.86973029,,Transit
Kepler-491 b,5582.0,1.03,,8.92,,Transit
Kepler-992 b,4944.0,0.74,,1.62,,Transit
Kepler-667 b,5327.0,0.87,,4.73,,Transit
Kepler-404 b,5654.0,0.884,0.102,1.27,,Transit
Kepler-1213 b,6050.0,1.21,,1.19,,Transit
Kepler-1043 b,5629.0,0.9,,2.55,,Transit
TOI-4377 b,4974.0,3.52,0.0579,15.10970598,,Transit
Kepler-985 b,5434.0,0.85,,2.98,,Transit
CoRoT-21 b,6200.0,1.95,0.0417,14.5717,,Transit
TOI-4201 b,3794.0,0.63,0.04,13.67495645,725.0,Transit
HD 114783 b,5135.0,,1.16,,,Radial Velocity
K2-167 b,6310.0,1.499,0.0932,2.36509493,1220.0,Transit
Kepler-304 c,4731.0,0.687,0.054,2.17,,Transit
Kepler-1524 b,6179.0,1.25,,3.54,,Transit
Kepler-1840 b,4898.0,0.803,,2.77771129,,Transit
Kepler-1074 b,4002.0,0.57,,1.25,,Transit
K2-393 b,5678.0,1.071,,2.352,,Transit
Kepler-314 c,5378.0,0.95,0.064,2.9,,Transit
Kepler-1476 b,5663.0,0.96,,1.67,,Transit
Kepler-316 c,4204.0,0.52,0.058,1.16,,Transit
Kepler-1677 b,6013.72,1.24959,,2.70216183,,Transit
Kepler-219 c,5786.0,1.491,0.165,3.58,,Transit
K2-331 b,5994.0,1.06,,1.79,909.0,Transit
K2-338 b,4558.0,0.63,,1.03,783.0,Transit
HD 43691 b,6093.0,1.6,0.238,,,Radial Velocity
WASP-132 c,4686.0,0.758,0.01833,1.841,1329.0,Transit
K2-199 c,4491.0,0.682,0.0662,2.85,694.0,Transit
HD 134606 d,5576.0,1.158,1.941,,,Radial Velocity
TOI-1346 c,5099.0,0.78,,2.23,928.0,Transit
K2-89 b,3691.0,0.318,0.01462,0.615,,Transit
HD 28109 b,6189.0,1.425,,2.69,867.0,Transit
Kepler-409 b,5421.0,0.897,0.3192,1.199,438.0,Transit
HU Aqr AB b,,,3.6,,,Eclipse Timing Variations
Kepler-793 b,5745.0,0.97,,1.37,,Transit
Kepler-1084 b,6113.0,1.28,,1.11,,Transit
Kepler-1910 b,4234.0,0.639,,1.184,,Transit
Kepler-9 c,5774.0,0.958,0.227,8.08,,Transit
Kepler-261 c,5098.0,0.794,0.156,2.0,,Transit
K2-198 c,5212.9,0.757,,1.423,1229.9,Transit
Kepler-54 b,3705.0,0.5,,2.1,,Transit
TOI-2088 b,5081.0,0.8481,0.472,3.6831179,300.33,Transit
Kepler-951 b,4834.0,0.73,,5.59,,Transit
HD 134060 b,5966.0,,0.0444,,,Radial Velocity
HD 17156 b,6046.0,1.517,0.1632,12.26262489,888.0,Radial Velocity
Kepler-1385 b,5732.0,1.29,,0.85,,Transit
Kepler-279 b,6363.0,1.746,0.112,3.62,,Transit
K2-206 b,5043.0,0.758046,,2.79522879,,Transit
Kepler-1451 b,5782.0,0.99,,3.35,,Transit
TOI-1753 b,5621.0,0.9715,0.059,2.47852533,1005.43,Transit
Kepler-689 b,5518.0,0.88,,2.89,,Transit
Kepler-118 c,5274.0,1.094,0.141,7.68,,Transit
Kepler-96 b,5690.0,1.02,,2.67,,Transit
OGLE-2016-BLG-1800L b,,,1.88,,,Microlensing
WASP-58 b,5800.0,1.22,,16.02887,,Transit
TOI-1174 b,5030.0,0.76,0.07994,2.562,,Transit
HD 135344 A b,9540.0,1.5,16.5,16.25302201,1585.0,Imaging
Kepler-1944 b,5585.0,0.972,,2.75971163,,Transit
Kepler-123 b,6089.0,1.264,0.135,2.94,,Transit
TIC 257060897 b,5993.0,1.863,0.04922,17.26183028,1775.0,Transit
Kepler-1200 b,4612.0,0.7,,1.06,,Transit
Kepler-107 e,5854.0,1.447,0.12638,2.903,955.0,Transit
HD 212771 b,5003.0,5.27,1.19,,,Radial Velocity
K2-223 c,5859.0,1.0,,1.5,,Transit
Kepler-1566 b,5254.0,0.81,,0.79,,Transit
GJ 317 b,3496.0,0.403,1.138,,,Radial Velocity
Kepler-462 c,7500.0,1.57,,4.0,,Transit
HATS-61 b,5542.0,1.664,0.07908,13.394755,1226.1,Transit
HIP 57274 b,4510.0,0.78,0.07,,,Radial Velocity
TAP 26 b,4620.0,1.17,0.0968,,,Radial Velocity
K2-365 b,5561.0,1.051,,2.906,,Transit
Kepler-1102 b,5724.0,0.94,,2.66,,Transit
HD 25015 b,,,6.248,,,Radial Velocity
Kepler-1699 b,5575.53,,,1.56671124,,Transit
Kepler-1938 b,4522.0,0.655,,1.82828927,,Transit
HD 68475 b,5022.0,,7.27,,,Radial Velocity
Kepler-48 b,5194.0,0.89,,1.88,,Transit
K2-224 c,5620.0,0.84,0.0886,2.41,764.0,Transit
Kepler-47 d,,0.936,0.6992,7.04,,Transit
K2-293 b,5532.0,0.947,,2.45,750.0,Transit
K2-84 b,5652.0,0.93,0.0665,2.41,,Transit
Kepler-138 e,3841.0,0.535,0.1803,,292.0,Transit Timing Variations
Kepler-522 b,6392.0,1.98,,6.91,,Transit
Kepler-380 b,6045.0,1.224,0.05,1.19,,Transit
Kepler-286 d,5580.0,0.863,0.061,1.33,,Transit
Kepler-26 e,4486.0,0.571,0.22,2.41,,Transit
Kepler-838 b,5770.0,0.96,,2.73,,Transit
TOI-1798.02,5165.0,0.78,0.010789,1.464,,Transit
Kepler-1755 b,6086.0,0.921,,5.91688317,,Transit
PDS 70 c,4109.0,,34.3,22.19378179,1054.0,Imaging
Kepler-338 e,,1.735,,1.56,,Transit Timing Variations
HD 93385 c,5977.0,,0.112,,,Radial Velocity
Kepler-25 b,,1.316,,2.748,,Transit
K2-189 b,5442.0,0.879,,1.403,1203.0,Transit
Kepler-1171 b,7044.0,1.95,,2.56,,Transit
Kepler-375 b,5826.0,0.837,0.101,1.45,,Transit
Kepler-1457 b,5866.0,1.01,,1.99,,Transit
HR 858 b,6354.0,1.258,0.04888,2.004,1552.0,Transit
Kepler-447 b,5493.0,1.05,0.0769,18.49,,Transit
TOI-1386 b,5735.0,1.0235,0.173,6.2163865,615.03,Transit
HIP 77900 b,,,3319.0,,2507.0,Imaging
Kepler-548 b,5535.0,0.9,,11.99,,Transit
HD 224018 b,5784.0,1.147,0.0952,0.91,968.0,Radial Velocity
Kepler-1452 b,6101.0,2.06,,2.7,,Transit
Kepler-1158 b,6203.0,1.95,,2.34,,Transit
K2-111 c,5775.0,1.25,0.11565,,923.0,Radial Velocity
Kepler-692 b,5440.0,0.86,,3.11,,Transit
Kepler-160 b,5471.0,1.118,0.05511,1.715,,Transit
WASP-4 b,,0.912,0.02261,15.12091496,1653.0,Transit
K2-400 b,3578.0,0.382,,1.163,,Transit
Kepler-1159 b,6217.0,1.28,,2.37,,Transit
K2-63 c,6771.0,1.63,0.189,3.9,,Transit
HAT-P-38 b,5330.0,0.923,0.0523,9.247,1082.0,Transit
HD 10180 h,5911.0,1.109,3.381,,,Radial Velocity
Kepler-158 b,4623.0,0.624,0.111,2.12,,Transit
HU Aqr AB c,,,5.4,,,Eclipse Timing Variations
K2-229 c,5315.0,0.79,0.0769,2.03,750.0,Transit
Kepler-37 d,5357.0,0.789,0.2109,2.03,499.0,Transit
Kepler-1370 c,6202.0,1.29,,1.27,,Transit
LSPM J2116+0234 b,3475.0,0.431,0.0876,,,Radial Velocity
Qatar-3 b,6007.0,1.272,0.03783,12.285064,1681.0,Transit
Kepler-1230 b,5961.0,1.08,,2.71,,Transit
TOI-5322 b,5692.0,1.462,0.0604,16.6117094,1350.0,Transit
HD 156411 b,5900.0,2.16,1.88,,,Radial Velocity
K2-146 c,3385.0,0.33,,2.19,,Transit
TOI-1782.02,4336.0,0.669,0.025739,1.839,,Transit
Kepler-1443 b,6289.0,1.27,,0.97,,Transit
HD 109833 b,5881.0,1.0,,2.888,,Transit
Gliese 12 b,3328.0,0.265,,0.93,,Transit
HD 3651 b,5221.0,,0.295,,,Radial Velocity
Kepler-338 d,5923.0,1.735,0.257,3.0,,Transit
HD 10697 b,,,2.051,,,Radial Velocity
Kepler-1722 b,5506.0,0.788,,2.86719266,,Transit
Kepler-506 b,6236.0,1.19,,2.73,,Transit
Kepler-595 c,,0.821,,1.009,,Transit
HD 20794 d,5368.0,0.93,0.3625,,,Radial Velocity
Kepler-368 c,5502.0,2.019,0.36,3.88,,Transit
Kepler-1545 b,5201.0,0.8,,2.7,,Transit
K2-192 b,5222.0,0.81,0.049,1.52,939.0,Transit
Kepler-124 d,4984.0,0.636,0.17,1.11,,Transit
MOA-2011-BLG-291L b,,,0.69,,,Microlensing
HD 95127 b,4218.0,41.01,1.28,,,Radial Velocity
HD 112570 b,4750.0,9.85,3.9,,,Radial Velocity
TOI-1243 b,3515.0,0.511,,2.33,450.0,Transit
Kepler-1421 b,6335.0,1.42,,0.93,,Transit
Kepler-732 c,3631.0,0.46,,1.27,,Transit
Kepler-1845 b,4703.0,0.701,,2.43836702,,Transit
OGLE-2018-BLG-0383L b,,,1.8,,,Microlensing
Kepler-1141 b,5791.0,1.07,,0.82,,Transit
HD 160691 d,5773.0,1.33,,,,Radial Velocity
K2-185 b,5788.0,0.94,,1.15,809.0,Transit
47 UMa d,5872.0,1.21334,11.6,,,Radial Velocity
Kepler-286 b,5580.0,0.863,0.027,1.24,,Transit
Kepler-1721 b,5351.0,0.796,,3.11856756,,Transit
Kepler-344 c,5774.0,0.976,0.488,2.95,,Transit
Kepler-687 b,4841.0,0.73,,3.52,,Transit
Kepler-622 b,4201.0,0.61,,2.13,,Transit
TOI-1291 b,6139.95,1.8109,,5.63826391,,Transit
Kepler-495 c,5392.0,1.087,,1.21936414,,Transit
HD 68988 b,5932.0,1.19,0.07,,,Radial Velocity
KMT-2018-BLG-1988L b,,,3.09,,,Microlensing
TOI-1859 b,6341.0,1.36,0.337,9.75181321,,Transit
TOI-1736 c,5636.0,1.4286,1.37,,,Radial Velocity
Kepler-1321 d,3640.0,0.503,,2.62843782,,Transit
Kepler-30 d,5498.0,0.95,0.5,8.8,,Transit
KMT-2024-BLG-1209L b,,,2.51,,,Microlensing
TOI-1994 b,7700.0,2.3,0.0613,13.67495645,2290.0,Transit
TOI-5788 b,5615.0,0.87,0.064,1.528,910.0,Transit
Kepler-1591 b,6082.0,1.16,,1.27,,Transit
Kepler-310 d,5797.0,0.876,0.392,2.47,,Transit
Kepler-166 b,5413.0,0.742,0.072,2.27,,Transit
HATS-58 A b,7175.0,1.433,0.05798,12.273855,1721.0,Transit
HD 215152 e,4935.0,0.73,0.15417,,,Radial Velocity
K2-3 b,3844.0,0.546,0.0747,2.078,501.3,Transit
Kepler-1463 b,5679.0,0.95,,1.86,,Transit
HD 75289 b,6117.0,1.23,0.05,,,Radial Velocity
Kepler-339 b,5631.0,0.802,0.055,1.42,,Transit
TOI-3912 b,5725.0,1.392,0.0463,14.28024141,1512.0,Transit
Kepler-1844 b,5776.0,0.849,,3.03648191,,Transit
eps Tau b,4877.0,12.35,1.878,,,Radial Velocity
HD 216520 b,5103.0,0.76,0.198,,,Radial Velocity
OGLE-TR-113 b,4790.0,0.774,0.02289,12.251,,Transit
Kepler-31 c,6340.0,1.22,0.26,5.3,,Transit
Kepler-1952 b,5973.0,1.305,,1.23923346,,Transit
Kepler-405 c,5818.0,0.893,0.188,4.66,,Transit
HD 20003 b,5494.0,,0.0974,,,Radial Velocity
HD 207832 c,5710.0,0.901,2.112,,,Radial Velocity
TOI-286 c,5152.0,0.78,0.213,1.88,475.0,Transit
Qatar-2 b,4645.0,0.776,0.02153,14.056,1344.0,Transit
HD 93351 c,,,11.154,,,Radial Velocity
TOI-2977 b,5691.0,1.073,0.03386,13.15934334,1544.0,Transit
Kepler-1118 b,5688.0,0.97,,2.74,,Transit
K2-331 c,5994.0,1.06,,2.72,673.0,Transit
Kepler-1746 b,6018.0,1.286,,8.93504475,,Transit
WASP-28 b,,1.083,0.0442,13.66374747,1456.0,Transit
HD 11506 c,6123.0,,0.771,,,Radial Velocity
HD 25912 c,,,17.848,,,Radial Velocity
Kepler-419 c,6430.0,1.74,1.68,,,Transit Timing Variations
GJ 900 b,,,12000.0,,,Imaging
K2-19 c,5322.0,0.82,,4.1,,Transit
CoRoT-24 c,4950.0,0.86,0.098,5.0,850.0,Transit
HATS-18 b,5600.0,1.02,0.0174,14.896761,2069.48,Transit
Kepler-403 b,6090.0,1.329,0.076,1.25,,Transit
HATS-74 A b,3776.9,0.5758,0.02384,11.56766808,895.1,Transit
Kepler-1048 b,4651.0,0.7,,1.61,,Transit
Kepler-1023 b,5494.0,0.89,,2.63,,Transit
TOI-880 c,5050.0,0.83,0.0635,4.95,805.0,Transit
HD 205739 b,6176.0,1.33,0.896,,,Radial Velocity
HD 194490 b,,,11.116,,,Radial Velocity
Kepler-254 c,5957.0,0.91,0.105,2.15,,Transit
HAT-P-34 b,6442.0,1.53,0.06774,13.417173,,Transit
K2-377 b,4200.0,0.691,,1.693,,Transit
TOI-1036 b,5664.68,1.17554,,6.28499593,,Transit
Kepler-554 b,5447.0,0.92,,4.29,,Transit
HAT-P-42 b,5743.0,1.53,0.0575,14.348,1428.0,Transit
TOI-2407 b,3530.0,0.567,0.033,4.26,705.0,Transit
KOI-217 b,5545.0,0.86,0.0477,12.442,,Transit
Kepler-803 b,5919.0,1.12,,3.79,,Transit
HD 215152 c,4935.0,0.73,0.067393,,,Radial Velocity
HIP 78530 b,10500.0,,740.0,,2700.0,Imaging
WASP-98 b,5473.0,0.741,0.03762,12.823096,1171.0,Transit
Kepler-2000 b,3757.0,0.576,0.0562,2.73,530.0,Transit
CoRoT-7 b,5275.0,0.83,,1.68135,,Transit
CoRoT-5 b,6100.0,1.186,0.04947,15.558,1438.0,Transit
Kepler-1678 b,5754.0,0.834976,,3.30422249,,Transit
Kepler-1705 c,6312.0,1.259,,2.05,,Transit
K2-255 b,4676.0,0.69,0.0274,2.9,1034.0,Transit
HD 82943 b,5935.0,1.1826,1.18306,,,Radial Velocity
TOI-1203.01,5737.0,1.179,0.1632,2.918,743.6,Transit
HD 102272 b,4790.0,10.3,0.51,,,Radial Velocity
HD 66428 b,,,3.395,,,Radial Velocity
WASP-26 b,6034.0,1.22,,13.56289,,Transit
Kepler-1578 b,5545.0,0.86,,1.04,,Transit
Kepler-1756 b,4915.0,0.812,,1.47199944,,Transit
HAT-P-7 b,6389.0,2.0,,16.92559,,Transit
Kepler-960 b,4755.0,0.72,,2.29,,Transit
OGLE-2017-BLG-1140L b,,,1.02,,,Microlensing
Kepler-114 d,,0.54,,2.53,,Transit
OGLE-2019-BLG-0954L b,,,2.65,,,Microlensing
HD 235088 b,5075.0,0.772,0.0706,1.982,,Transit
HD 35843 b,5666.0,0.897,0.088,,,Radial Velocity
Kepler-57 b,5187.9,0.826,,3.135,,Transit
HD 240237 b,3926.0,71.23,1.92,,,Radial Velocity
Kepler-242 c,5020.0,0.85,0.109,2.0,,Transit
Kepler-321 b,5740.0,1.194,0.057,1.77,,Transit
Kepler-1063 b,5945.0,1.14,,1.49,,Transit
Kepler-1407 b,6010.0,1.15,,2.25,,Transit
HD 113538 b,4462.0,0.53,1.24,,,Radial Velocity
OGLE-2019-BLG-0468L c,,,2.77,,,Microlensing
GJ 273 b,3382.0,0.293,0.091101,,,Radial Velocity
TOI-1294 c,5718.0,1.5566,0.61,,,Radial Velocity
TOI-640 b,6460.0,2.082,,19.2794468,1816.0,Transit
Kepler-603 d,5808.0,1.01,,1.32,,Transit
GJ 625 b,3499.0,0.31,0.078361,,,Radial Velocity
TOI-3160 A b,6190.0,1.346,0.0505,13.7646283,1539.0,Transit
TOI-620 b,3708.0,0.55,0.04825,3.76,603.6,Transit
K2-368 d,4663.0,0.663,,1.948,,Transit
Kepler-910 b,6230.0,1.5,,0.82,,Transit
Kepler-1837 b,5966.0,0.961,,2.06673842,,Transit
CoRoT-23 b,5900.0,1.61,0.048,11.77,1660.0,Transit
HD 34445 f,5836.0,1.38,1.543,,,Radial Velocity
TOI-808 b,5078.2,0.833198,,2.20344362,,Transit
CoRoT-22 b,5939.0,1.136,0.092,4.88,885.0,Transit
HIP 65 A b,4590.0,0.7242,0.01782,22.75427,1411.0,Transit
HD 28471 c,5766.0,1.08,0.065,,1066.0,Radial Velocity
Kepler-1091 b,5851.0,1.03,,1.46,,Transit
K2-101 b,4927.0,0.76,0.1124,2.0,618.0,Transit
HATS-70 b,7930.0,1.881,0.03632,15.513256,2730.0,Transit
Kepler-355 c,6184.0,1.066,0.179,2.71,,Transit
TOI-1873 b,5597.99,0.971675,,2.86356397,,Transit
TOI-1478 b,,,0.0818,11.99360935,,Transit
Kepler-295 b,5603.0,0.898,0.099,1.22,,Transit
Kepler-1173 b,5252.0,0.82,,0.89,,Transit
Kepler-796 b,5475.0,1.09,,1.3,,Transit
Kepler-1667 b,5941.54,1.08751,,2.98385261,,Transit
TOI-6086 b,3200.0,0.259,0.01541,1.18,634.0,Transit
Kepler-148 c,5272.0,0.851,0.05,3.6,,Transit
Barnard c,3195.0,0.185,0.0274,,400.0,Radial Velocity
Kepler-682 b,5559.0,0.89,,7.37,,Transit
TOI-4898 b,4201.57,0.639344,,3.7197954,,Transit
HD 206893 c,,,3.74,,,Imaging
TOI-2093 b,4426.0,0.729,0.097,,535.0,Radial Velocity
KOI-55 c,27730.0,0.203,0.0076,0.867,,Orbital Brightness Modulation
TrES-2 b,5850.0,1.12,,15.24424,,Transit
Kepler-588 b,5835.0,1.0,,2.63,,Transit
HAT-P-68 b,4508.0,0.6701,0.02996,12.016048,1027.8,Transit
KOBE-1 b,4135.0,0.619,0.07006,,594.4,Radial Velocity
Kepler-553 c,5191.0,0.902,0.898,11.57887706,251.0,Transit
Kepler-84 b,,1.43,,2.23,,Transit
Kepler-350 b,6186.0,1.534,0.104,1.85,,Transit
Kepler-1352 b,6118.0,1.16,,0.89,,Transit
HD 20781 c,5256.0,,0.1004,,,Radial Velocity
Kepler-1584 b,6069.0,1.13,,1.61,,Transit
Kepler-335 b,5877.0,1.854,0.075,3.39,,Transit
Kepler-129 b,5770.0,1.653,0.13,2.4,,Transit
Kepler-1556 b,5608.0,0.95,,1.96,,Transit
TOI-1199 b,5710.0,1.45,0.04988,10.5140239,1486.0,Transit
WASP-53 b,4953.0,0.798,0.04101,12.038466,1053.0,Transit
Kepler-1300 b,6130.0,1.79,,1.37,,Transit
Kepler-381 c,6152.0,1.568,0.117,1.12,,Transit
TOI-5486 b,3750.17,0.553216,,3.96824928,,Transit
Kepler-65 c,6211.0,1.41,0.068,2.58,,Transit
Kepler-1623 b,5772.0,1.0,,1.31,,Transit
Kepler-1120 b,4904.0,0.74,,1.38,,Transit
HIP 54373 c,4021.0,,0.099,,,Radial Velocity
TOI-1467 b,3834.0,0.491,0.050748,1.92,,Transit
K2-7 b,5700.0,1.533,0.1867,4.03523305,786.0,Transit
Kepler-1510 b,6200.0,1.28,,3.36,,Transit
GJ 3998 b,3726.0,0.5,0.03,,,Radial Velocity
Kepler-619 d,6122.0,0.964,0.1021,4.17,830.0,Transit
K2-161 b,4972.0,2.568173,,6.11721229,,Transit
TOI-2257 b,3430.0,0.313,0.145,2.194,256.0,Transit
Kepler-179 b,5302.0,0.759,0.036,1.64,,Transit
TOI-2545 b,5846.29,1.25324,,2.75,,Transit
Kepler-233 b,5360.0,0.758,0.077,2.43,,Transit
Kepler-1041 b,5957.0,1.08,,2.94,,Transit
Kepler-1738 b,6063.0,1.001,,2.82472883,,Transit
K2-251 b,3717.0,0.49,0.0694,2.35,437.0,Transit
Kepler-1948 b,3872.0,0.557,,1.03283226,,Transit
Kepler-26 c,3914.0,0.512,,2.72,,Transit
Kepler-37 c,5357.0,0.789,0.139,0.755,615.0,Transit
TOI-1803 b,4687.0,0.715,0.06,2.99,747.0,Transit
Kepler-887 c,6194.0,1.29,,1.13,,Transit
Kepler-750 b,6160.0,1.23,,3.07,,Transit
Kepler-146 b,5948.0,1.208,0.2,3.71,,Transit
Kepler-675 b,4945.0,0.75,,2.44,,Transit
HD 68988 c,5883.41,1.255733,13.2,,,Radial Velocity
Kepler-1082 b,5923.0,1.14,,1.12,,Transit
WASP-8 c,,,5.28,,,Radial Velocity
Kepler-288 d,5918.0,1.091,0.287,2.67,,Transit
OGLE-2012-BLG-0724L b,,,1.6,,,Microlensing
Kepler-1251 b,5545.0,0.89,,1.84,,Transit
KMT-2023-BLG-0466L b,,,2.68,,,Microlensing
TOI-544 b,4169.0,0.623,0.0225,2.018,999.0,Transit
Kepler-1390 b,5753.0,0.98,,1.18,,Transit
Kepler-128 b,6072.0,1.659,,1.421,,Transit
TOI-2095 c,3759.0,0.44,0.137,1.33,297.0,Transit
HIP 79431 b,3191.0,,0.36,,,Radial Velocity
Kepler-512 b,5997.0,1.3,,2.69,,Transit
Kepler-358 c,5908.0,0.954,0.381,2.85,,Transit
TOI-3135 b,5890.0,0.985,0.04756,13.65253849,1292.0,Transit
K2-127 b,4575.0,0.66,0.0411,8.37,809.0,Transit
Kepler-151 b,5460.0,0.83,0.116,3.06,,Transit
Kepler-236 b,3750.0,0.51,0.065,1.57,,Transit
Kepler-976 b,5232.0,0.83,,3.96,,Transit
HD 156098 b,,,0.167,,,Radial Velocity
HD 159243 b,6123.0,1.12,0.11,,,Radial Velocity
HD 106252 b,,,2.655,,,Radial Velocity
Kepler-408 b,6104.0,1.23,,0.82,,Transit
Kepler-1401 b,5964.0,1.1,,1.68,,Transit
HD 60532 b,6245.0,2.57,0.77,,,Radial Velocity
Kepler-1184 b,5983.0,1.07,,2.68,,Transit
HD 107148 b,5797.0,,0.269,,,Radial Velocity
Kepler-350 d,,1.25,,2.8,,Transit
K2-269 b,6209.0,1.45,0.0531,1.57,1429.0,Transit
GJ 163 c,,,0.1254,,,Radial Velocity
HAT-P-16 b,,,,14.68376472,1566.0,Transit
K2-375 b,5822.0,1.543,,2.243,,Transit
Kepler-1961 b,5401.0,0.777,,1.6187808,,Transit
Kepler-278 c,4965.0,2.861,0.287,3.268,492.0,Transit
Kepler-1492 b,4712.0,0.72,,1.49,,Transit
K2-279 b,5558.0,0.86,0.067,1.21,879.0,Transit
HD 9174 b,5577.0,1.67,2.2,,,Radial Velocity
AB Aur b,9770.0,,93.9,,,Imaging
TOI-1723 b,5777.0,1.09,0.113496,3.435,,Transit
Kepler-705 b,3722.0,0.51,,2.11,,Transit
K2-13 b,5698.0,0.78,0.2114,1.89,511.0,Transit
Kepler-81 d,4500.0,0.595,0.128,1.21,,Transit
TOI-4559 b,3558.0,0.374,0.0359,1.415,554.16,Transit
CD Cet b,3130.0,0.175,0.0185,,464.0,Radial Velocity
HD 26161 b,,,10.087,,,Radial Velocity
Kepler-1311 b,5748.0,1.4,,1.24,,Transit
K2-166 b,5960.0,1.61,0.0858,2.19,1140.0,Transit
TOI-782 b,3370.0,0.413,0.0578,2.734,435.0,Transit
Kepler-768 b,5108.0,0.78,,1.79,,Transit
Kepler-1313 b,5453.0,0.85,,1.76,,Transit
BD+42 2315 b,4500.0,17.85,0.54,,,Radial Velocity
Kepler-1784 b,5442.0,0.974,,2.79936489,,Transit
Kepler-1855 b,3460.0,0.356,,1.216205,,Transit
Kepler-270 c,6067.0,1.461,0.18,1.77,,Transit
Kepler-211 b,5123.0,0.816,0.048,1.26,,Transit
K2-242 b,3459.0,0.37,0.0494,2.54,416.0,Transit
TOI-261.02,5890.3,1.31383,,3.34822227,1007.53,Transit
GJ 2126 b,4159.0,0.728,0.71,,,Radial Velocity
WASP-8 b,5600.0,1.03,,12.66617,,Transit
TOI-4529 b,3697.0,0.48,,1.77,511.0,Transit
Kepler-1869 c,5808.0,0.902,0.028,0.74,1455.0,Transit
Kepler-295 d,5603.0,0.898,0.192,1.36,,Transit
Kepler-217 c,6171.0,1.799,0.089,1.85,,Transit
Kepler-194 b,6089.0,1.025,0.032,1.51,,Transit
HD 4732 c,4898.0,5.03,4.725,,,Radial Velocity
TOI-1722 b,5999.55,1.09414,,4.38298108,,Transit
Kepler-1343 b,5759.0,0.93,,1.93,,Transit
Kepler-529 c,6087.0,1.14,,2.0,,Transit
HATS-12 b,6357.0,1.17,0.0441,7.76,1446.0,Transit
Kepler-297 d,5618.0,0.897,0.523,32.6,325.0,Transit
HD 203030 b,,,,14.4595851,1040.0,Imaging
KMT-2022-BLG-2286L b,,,2.02,,,Microlensing
Kepler-569 b,5616.0,0.93,,3.16,,Transit
Kepler-1728 b,5170.0,0.807,,2.95501875,,Transit
K2-201 b,5507.0,0.878161,,1.40006712,,Transit
HIP 39330 b,5748.0,,5.05,,,Radial Velocity
Kepler-342 c,6175.0,1.472,0.185,1.96,,Transit
HD 133131 B b,5805.0,,6.15,,,Radial Velocity
HD 114386 b,4836.0,0.76,1.73,,,Radial Velocity
TOI-6029 b,6223.0,2.338,,14.39233122,,Transit
TOI-6695 c,6400.0,1.517,0.838,,415.0,Radial Velocity
Kepler-1532 b,5559.0,0.88,,1.35,,Transit
Kepler-1485 b,6087.0,1.12,,1.47,,Transit
EPIC 201841433 b,5053.0,0.628461,0.035,1.04,,Transit
Kepler-1787 b,6060.0,0.925,,2.31898181,,Transit
Kepler-1878 b,5918.0,0.865,,2.92019781,,Transit
KOI-351 h,,,,,,Transit
HD 158259 d,,1.21,,,,Radial Velocity
Kepler-1002 b,6144.0,1.57,,1.71,,Transit
HIP 14810 d,5544.0,1.07,1.94,,,Radial Velocity
HD 28185 c,5602.0,1.048,8.5,,,Radial Velocity
HD 187123 c,5790.0,1.15043,4.89,,,Radial Velocity
Kepler-446 d,3359.0,0.24,,1.35,,Transit
Kepler-1071 b,5215.0,0.81,,2.38,,Transit
Kepler-410 A b,6273.0,1.352,0.1226,2.838,,Transit
Kepler-200 c,5678.0,0.944,0.09,1.59,,Transit
TOI-1437 b,6008.0,1.17,0.14,2.24,,Transit
2MASS J22501512+2325342 b,,,518.0,,1600.0,Imaging
Kepler-133 b,5736.0,1.425,0.083,1.76,,Transit
TOI-4638.01,5700.0,0.895,0.093013,2.933,,Transit
HD 48948 d,4593.0,0.679,0.4894,,349.0,Radial Velocity
Kepler-401 b,6117.0,1.333,0.122,1.71,,Transit
Kepler-703 b,6185.0,1.27,,8.2,,Transit
Kepler-723 b,5539.0,0.89,,12.19,,Transit
HD 207832 b,5726.0,0.89,0.586,,,Radial Velocity
K2-221 b,5716.0,0.947599,,1.67890272,,Transit
Kepler-297 b,5619.0,0.915,0.217,2.87,,Transit
Kepler-154 e,5769.0,0.98,,1.5,,Transit
Kepler-616 c,5753.0,0.97,,3.41,,Transit
DMPP-3 A b,,,0.05958,,,Radial Velocity
Kepler-263 c,5265.0,0.785,0.242,2.47,,Transit
Kepler-613 b,5723.0,0.96,,2.29,,Transit
Kepler-58 e,6100.0,1.083,0.0533,1.61,1212.0,Transit
K2-405 b,4927.0,0.765,,4.569,,Transit
HD 86065 b,,,15.947,,,Radial Velocity
HD 72659 b,5929.0,1.36,4.607,,,Radial Velocity
Kepler-535 b,6123.0,1.27,,2.36,,Transit
CoRoT-35 b,6390.0,1.65,0.0429,18.83108758,1747.0,Transit
K2-154 b,4097.0,0.63,0.0405,1.99,715.0,Transit
Kepler-1337 b,4523.0,0.67,,2.41,,Transit
K2-392 b,5726.0,1.058,,1.85,,Transit
gam Cep b,4775.0,4.74,,,,Radial Velocity
TOI-5350 b,6220.0,1.263,0.0796,12.41955062,1195.0,Transit
Kepler-677 b,5723.0,0.99,,5.38,,Transit
Kepler-135 b,6090.0,1.275,0.067,1.81,,Transit
K2-60 b,5500.0,1.12,0.045,7.655747,1400.0,Transit
Kepler-870 b,5857.0,1.02,,2.78,,Transit
HD 149143 b,5856.0,1.44,0.053,,,Radial Velocity
HD 132406 b,,,,,,Radial Velocity
TOI-1422 b,,,0.107,3.83,870.0,Transit
TIC 183374187 b,5768.0,1.344,,14.03364384,1379.0,Transit
Kepler-1760 b,5229.0,0.903,,2.28995546,,Transit
TOI-530 b,3659.0,0.54,0.052,9.30345398,565.0,Transit
K2-81 b,4674.13,0.634663,0.059,1.97,,Transit
Kepler-1949 b,6028.0,1.454,,2.21964541,,Transit
TOI-1203 e,5737.0,1.179,,,,Radial Velocity
Kepler-250 c,5160.0,0.805,0.069,2.28,,Transit
K2-72 b,3360.47,0.330989,0.04,1.08,,Transit
HD 106515 A b,,,4.48,,,Radial Velocity
bet Pic b,,,10.07,,,Imaging
TOI-757 b,5278.0,0.78,0.122,2.5,641.0,Transit
Kepler-130 c,5879.0,1.17,0.178,2.9,683.0,Transit
Kepler-880 c,6900.0,2.599,0.1216,2.87,1407.0,Transit
Kepler-306 c,4954.0,0.719,0.067,2.35,,Transit
Kepler-1907 c,5159.0,0.8,,1.15547044,,Transit
Kepler-1273 b,5566.0,0.91,,2.49,,Transit
Kepler-883 b,6116.0,1.09,,1.78,,Transit
TOI-1768.01,5994.0,1.1,0.076381,3.453,,Transit
Kepler-1119 b,6083.0,1.17,,1.92,,Transit
TIC 32032563 b,5567.93,1.00188,,3.47739942,,Transit
Kepler-1001 b,5491.0,0.88,,3.15,,Transit
KMT-2024-BLG-2005L b,,,1.12,,,Microlensing
Kepler-186 b,3788.0,0.472,0.0343,1.07,,Transit
Kepler-108 b,5854.0,2.192,0.292,8.65,,Transit
Kepler-810 b,5803.0,1.04,,1.93,,Transit
Kepler-847 b,4940.0,0.77,,1.18,,Transit
K2-195 b,5713.0,0.99,0.1208,3.13,720.0,Transit
Kepler-1641 c,6152.0,1.19,,2.95,,Transit
Kepler-1926 b,5256.0,0.832,,2.31495961,,Transit
Kepler-377 b,5949.0,1.224,0.109,1.39,,Transit
HD 33142 c,5025.4,4.17,1.955,,,Radial Velocity
HD 134060 c,5966.0,,2.3928,,,Radial Velocity
GJ 3293 b,3466.0,0.404,0.14339,,,Radial Velocity
Kepler-138 d,3841.0,0.535,0.1288,1.51,345.0,Transit
Kepler-758 d,6228.0,1.42,,2.12,,Transit
HD 134606 c,5576.0,1.158,0.3007,,,Radial Velocity
Kepler-672 b,5627.0,0.92,,2.5,,Transit
Kepler-52 d,4263.0,0.556,0.182,1.95,,Transit
Kepler-1541 b,5282.0,0.81,,1.16,,Transit
Kepler-1987 b,4769.0,0.714,0.0318,1.23,997.0,Transit
Kepler-221 d,5243.0,0.821,0.087,2.73,,Transit
HD 166724 b,5127.0,,5.42,,,Radial Velocity
Kepler-18 d,5345.0,1.108,0.1172,6.98,,Transit
HD 160691 c,5773.0,1.33,,,,Radial Velocity
Kepler-211 c,5123.0,0.816,0.062,1.29,,Transit
Kepler-22 b,5596.0,0.869,0.812,2.1,279.0,Transit
HD 108874 b,5600.0,1.05,1.04,,,Radial Velocity
Kepler-244 d,5554.0,0.803,0.14,2.31,,Transit
K2-53 b,5263.0,0.807,0.098,2.6,665.0,Transit
Kepler-1473 b,6046.0,1.09,,1.19,,Transit
KIC 3526061 b,4829.0,5.86,5.14,,,Radial Velocity
Kepler-662 b,4897.0,0.74,,2.18,,Transit
Kepler-1149 b,5833.0,1.01,,1.44,,Transit
KPS-1 b,5165.0,0.907,0.0269,11.54527,1459.0,Transit
Kepler-507 b,6113.0,1.32,,1.3,,Transit
Kepler-1854 b,5026.0,0.759,,2.58746104,,Transit
GJ 687 c,,,1.165,,,Radial Velocity
Kepler-1088 b,5975.0,1.08,,1.42,,Transit
GJ 876 b,,0.3,0.208317,,,Radial Velocity
Kepler-1651 b,3713.0,0.503,,1.84,,Transit
Kepler-1134 b,5281.0,0.81,,2.64,,Transit
Kepler-1502 b,6666.0,1.72,,3.18,,Transit
GJ 3378 b,3340.0,0.275,0.09673,,272.0,Radial Velocity
NGC 2682 Sand 1429 b,6000.0,2.13,0.384,,683.0,Radial Velocity
K2-170 b,5748.0,0.981614,,1.41817537,,Transit
Kepler-1582 b,3208.0,0.3,,1.49,,Transit
WASP-120 b,,,,15.58048317,1749.0,Transit
TOI-1224 c,3326.0,0.404,,2.884,,Transit
Kepler-318 c,5746.0,1.189,0.105,3.68,,Transit
DS Tuc A b,5428.0,0.964,,5.7,850.0,Transit
Kepler-1424 b,5838.0,1.07,,1.16,,Transit
Kepler-1811 b,5561.0,1.19,,3.84829873,,Transit
TOI-5301 b,6240.0,2.19,0.073,13.09208946,1648.0,Transit
HD 176986 c,4931.0,0.782,0.11873,,558.0,Radial Velocity
Kepler-32 d,3900.0,0.53,0.13,2.7,,Transit
HIP 91258 b,5519.0,0.89,0.06,,,Radial Velocity
KOI-12 b,,1.4,0.154,13.78707,,Transit
WASP-150 b,6218.0,1.651,0.0694,11.99363,1460.0,Transit
TOI-4633 c,5800.0,1.05,0.847,3.2,,Transit
Kepler-196 b,5128.0,0.782,0.138,1.9,,Transit
EPIC 228836835 b,3782.0,0.32,,1.1,,Transit
Kepler-1429 b,5902.0,1.07,,1.29,,Transit
K2-146 b,3385.0,0.33,,2.05,,Transit
bet Pic c,,,2.7,,,Radial Velocity
HD 219139 b,4831.0,11.22,0.94,,,Radial Velocity
PDS 70 b,4109.0,,20.8,21.96960217,1392.0,Imaging
TOI-169 b,5880.0,1.288,0.03524,12.172974,1715.0,Transit
Kepler-534 b,5884.0,0.98,,2.24,,Transit
Kepler-385 d,5829.0,1.157,,2.6186448,,Transit
HD 2039 b,5945.0,1.19,2.2,,,Radial Velocity
Kepler-184 c,5788.0,0.873,0.141,1.97,,Transit
Kepler-176 b,5232.0,0.891,0.058,1.43,,Transit
HD 95544 b,,,3.166,,,Radial Velocity
K2-100 b,5945.0,1.24,0.0301,3.88,1841.0,Transit
KMT-2019-BLG-1806L b,,,3.02,,,Microlensing
Kepler-1851 b,5982.0,0.879,,3.90012032,,Transit
K2-283 b,5060.0,0.82,0.0291,3.52,1186.0,Transit
K2-54 b,3990.0,0.643,0.0761,2.6116925,560.0,Transit
Kepler-1216 b,5743.0,0.98,,1.39,,Transit
Kepler-1861 b,5855.0,1.373,,2.20677414,,Transit
Kepler-313 c,5727.0,1.536,0.208,2.57,,Transit
Kepler-1570 b,5550.0,0.89,,1.07,,Transit
Kepler-959 b,7005.0,2.01,,4.38,,Transit
tau Cet h,,,0.243,,,Radial Velocity
Kepler-887 b,6194.0,1.29,,1.84,,Transit
HD 99492 b,4929.0,,,,,Radial Velocity
KMT-2019-BLG-0253L b,,,3.1,,,Microlensing
Kepler-1462 b,5756.0,1.0,,3.82,,Transit
TOI-6628 b,5463.0,1.01,0.134,10.98480109,833.0,Transit
Kepler-643 b,4908.0,2.52,,10.16,,Transit
Kepler-1256 b,6129.0,1.36,,1.49,,Transit
K2-202 b,5491.0,0.910685,,2.30165603,,Transit
XO-3 b,6970.0,1.523,0.04815,14.79585452,1890.0,Transit
Kepler-34 b,5913.0,1.1618,1.0896,8.564,,Transit
MOA-2013-BLG-220L b,,,3.03,,,Microlensing
TOI-1756 b,3891.86,0.562607,,1.94225664,,Transit
K2-139 b,5370.0,0.88,0.1796,9.11,524.0,Transit
Kepler-1393 b,5697.0,0.92,,0.8,,Transit
Kepler-1723 b,6072.0,1.01,,2.88046569,,Transit
Kepler-1136 b,4512.0,0.68,,1.64,,Transit
EPIC 249893012 c,5430.0,1.71,0.13,3.67,990.0,Transit
UZ For c,,,2.8,,,Eclipse Timing Variations
TOI-2193 A b,5966.0,1.248,0.03319,19.83989584,1763.0,Transit
iot Dra c,4504.0,11.79,19.4,,,Radial Velocity
CoRoT-26 b,5590.0,1.79,0.0526,14.12,1600.0,Transit
Kepler-1365 c,5770.0,1.05,,0.8,,Transit
TOI-715 b,3075.0,0.24,0.083,1.55,234.0,Transit
TOI-1266 d,3563.0,0.4232,0.1513,,288.0,Transit Timing Variations
TOI-5938 b,4650.0,0.712,0.0308,3.82,1077.0,Transit
Kepler-1559 b,5316.0,0.82,,0.72,,Transit
TOI-682.01,5085.0,1.08,,3.74186,1090.0,Transit
Wolf 1061 c,3342.0,0.307,0.089,,,Radial Velocity
HD 151450 c,,,14.131,,,Radial Velocity
PH1 b,6407.0,1.734,0.652,6.18,481.0,Transit
TOI-7333 b,4586.87,0.666066,,2.09469416,,Transit
TOI-4641 b,6560.0,1.72,0.173,8.18255591,,Transit
K2-37 b,5352.0,0.809,,1.39,949.0,Transit
Kepler-1349 b,6086.0,1.28,,0.7,,Transit
Kepler-1047 b,5754.0,1.13,,2.09,,Transit
HD 152843 c,6310.0,1.43,0.1482,5.94,,Transit
Kepler-1487 c,5745.0,3.955,0.2588,7.97,991.0,Transit
Kepler-1749 b,3957.0,0.553,,1.61301783,,Transit
DMPP-2 c,,,0.04789,,,Radial Velocity
Kepler-1310 b,5549.0,0.88,,1.44,,Transit
Kepler-1350 c,3827.0,0.53,,1.73,,Transit
HATS-46 b,5495.0,0.853,0.05367,10.121727,1054.0,Transit
Kepler-1402 b,5416.0,0.87,,0.76,,Transit
TYC 3318-01333-1 b,4776.0,5.9,1.414,,,Radial Velocity
Kepler-106 c,5858.0,1.04,,2.5,,Transit
Kepler-536 b,5524.0,0.89,,3.1,,Transit
Kepler-1117 b,5612.0,0.93,,1.11,,Transit
HD 147873 c,5972.0,2.29,1.36,,,Radial Velocity
Kepler-1516 b,5904.0,1.07,,1.75,,Transit
HIP 12961 b,3901.0,0.65,0.25,,,Radial Velocity
Kepler-997 b,6150.0,1.56,,1.36,,Transit
HATS-45 b,6450.0,1.315,0.05511,14.414774,1518.0,Transit
HATS-34 b,5380.0,0.98,0.03166,16.02887,1445.0,Transit
NGC 2682 YBP 401 b,6165.0,,,,,Radial Velocity
Kepler-1900 b,6173.0,1.041,,1.62314676,,Transit
TOI-712 d,4622.0,0.674,0.3405,2.474,313.6,Transit
Kepler-1027 b,5436.0,0.82,,0.89,,Transit
Kepler-79 b,6389.0,1.316,,3.51,,Transit
HD 88986 b,5861.0,1.543,0.58,2.49,460.0,Radial Velocity
HD 103774 b,6489.0,,0.07,,,Radial Velocity
Kepler-1468 d,5794.0,1.496,,3.33187146,,Transit
HD 196067 c,6072.0,1.71,,,,Radial Velocity
TOI-1269 c,5554.02,0.848906,,2.22999162,,Transit
Kepler-2001 c,5081.0,0.77,0.1084,1.82,597.0,Transit
Kepler-590 b,6000.0,1.15,,4.02,,Transit
Kepler-1682 b,5619.12,0.842301,,2.88940836,,Transit
HIP 21152 b,6655.0,,17.0,,1300.0,Imaging
TOI-122 b,3403.0,0.334,0.0392,2.72,471.0,Transit
Kepler-286 c,5580.0,0.863,0.042,1.37,,Transit
Kepler-1558 b,5101.0,0.79,,0.68,,Transit
TOI-2328 b,5525.0,0.9,0.127,9.97599282,842.0,Transit
K2-352 d,5791.0,0.95,,2.23,727.0,Transit
Kepler-449 b,5649.18,,,2.056,,Transit
Kepler-1797 b,6244.0,1.009,,3.05774442,,Transit
TOI-2202 b,5169.0,0.808,,10.95117414,,Transit
Kepler-1693 c,5553.0,1.098,,0.97698289,,Transit
Kepler-224 c,5018.0,0.676,0.058,3.12,,Transit
Kepler-1740 b,5705.0,0.905,,3.32321414,,Transit
Kepler-1239 b,6564.0,1.57,,2.9,,Transit
TOI-5614 b,4553.0,0.734919,,3.21759316,,Transit
Kepler-634 b,6075.0,1.24,,1.89,,Transit
K2-198 d,5212.9,0.757,,2.438,943.2,Transit
HD 185283 b,,,4.6,,,Radial Velocity
Kepler-275 d,6165.0,1.383,0.224,3.33,,Transit
Kepler-220 c,4632.0,0.666,0.076,1.57,,Transit
Kepler-529 d,6078.0,1.189,,2.79502603,,Transit
Kepler-402 d,6090.0,1.264,0.087,1.38,,Transit
Kepler-65 b,6211.0,1.41,0.035,1.42,,Transit
HD 190360 b,5560.0,,3.965,,,Radial Velocity
Kepler-196 d,5132.0,0.77,,2.66065673,,Transit
MOA-2022-BLG-249L b,,,1.63,,,Microlensing
HD 155918 b,,,0.03,,,Radial Velocity
Kepler-271 d,5555.0,0.87,,0.66,,Transit
TOI-2207 b,6101.0,1.564,0.0854,11.1529358,1259.0,Transit
Kepler-919 b,6113.0,1.21,,2.25,,Transit
Kepler-1937 b,6457.0,1.196,,3.0229133,,Transit
GJ 1151 c,3280.0,0.1781,0.5714,,,Radial Velocity
Kepler-575 b,5710.0,0.95,,2.39,,Transit
NGTS-4 b,5143.0,0.84,0.019,3.18,1650.0,Transit
Kepler-431 b,6004.0,1.092,0.0719,0.764,1032.0,Transit
CoRoT-25 b,6040.0,1.19,0.0578,12.11,1330.0,Transit
Kepler-1697 b,4681.53,0.772344,,1.25954761,,Transit
TOI-3856 b,5622.0,1.055,0.0325,13.59649359,1544.0,Transit
DP Leo b,,,8.19,,,Eclipse Timing Variations
KELT-15 b,6003.0,1.78,,19.50366,,Transit
HD 86950 b,4805.0,8.8,2.72,,,Radial Velocity
Kepler-804 c,5817.0,1.05,,1.14,,Transit
K2-111 b,5775.0,1.25,0.0565,1.837,1293.0,Transit
Kepler-1312 c,5721.0,0.905,,1.02732734,,Transit
WASP-41 c,5545.0,0.87,1.07,,241.0,Radial Velocity
Kepler-517 b,5690.0,0.98,,2.67,,Transit
HD 192263 b,4976.0,0.74,0.15,,,Radial Velocity
HD 141399 e,5600.0,,5.0,,,Radial Velocity
Kepler-1336 c,5512.0,1.3,,1.71,,Transit
Kepler-1163 b,6302.0,1.35,,1.03,,Transit
WASP-140 b,5300.0,,,14.23540549,1270.0,Transit
rho CrB c,,,,,,Radial Velocity
Kepler-1460 b,4422.0,0.67,,1.96,,Transit
Kepler-1751 b,6052.0,0.967,,1.82417378,,Transit
HD 40956 b,4869.0,8.56,1.4,,,Radial Velocity
K2-83 c,3910.0,0.424,0.07131,1.483,,Transit
HD 156846 b,6090.0,1.9,1.12,,,Radial Velocity
K2-350 c,5789.0,1.04,,2.74,687.0,Transit
HD 23596 b,,,2.694,,,Radial Velocity
Kepler-1128 b,5543.0,0.91,,3.65,,Transit
HD 39194 d,,,0.1949,,,Radial Velocity
Kepler-210 c,4559.0,0.65,0.07,3.62,,Transit
Kepler-1415 b,5267.0,0.84,,1.29,,Transit
HIP 948 b,,,15.037,,,Radial Velocity
HD 108236 c,5660.0,0.877,0.062,2.071,,Transit
HD 114783 c,,,5.0,,,Radial Velocity
LHS 1903 b,3664.0,0.539,0.02656,1.382,796.0,Transit
HD 154345 b,,,4.158,,,Radial Velocity
HD 34445 e,5836.0,1.38,0.2687,,,Radial Velocity
K2-65 b,5213.0,0.84,0.1014,1.58,,Transit
HAT-P-2 b,6380.0,1.39,0.06814,,,Transit
HD 39194 b,,,0.05895,,,Radial Velocity
Kepler-272 b,5297.0,0.929,0.038,1.43,,Transit
K2-367 b,4348.0,0.625,,2.413,,Transit
Kepler-855 b,5835.0,1.03,,8.35,,Transit
HD 105618 c,,,35.731,,,Radial Velocity
OGLE-2017-BLG-1691L b,,,2.41,,,Microlensing
K2-398 b,5946.0,1.239,,2.274,,Transit
K2-148 d,4079.0,0.632,0.0774,1.64,,Transit
Kepler-376 b,5900.0,1.175,0.057,1.07,,Transit
HD 40307 f,4956.0,,0.247,,,Radial Velocity
HD 74698 b,5783.0,1.333,0.121,,,Radial Velocity
Kepler-815 b,5028.0,3.42,,4.11,,Transit
TOI-5688 A b,3713.0,0.57,0.03379,10.3,742.0,Transit
Kepler-806 b,5770.0,1.16,,1.14,,Transit
Kepler-943 b,5612.0,0.91,,5.93,,Transit
TOI-3807 b,5772.0,1.468,0.0421,18.49481816,1646.0,Transit
TOI-1518 b,7299.0,1.942,0.03712,21.05046575,2546.0,Transit
Kepler-725 c,5395.0,0.88,0.6744,,268.0,Transit Timing Variations
Kepler-340 c,6620.0,1.85,0.178,3.37,,Transit
Kepler-1201 b,6177.0,1.24,,2.29,,Transit
HATS-37 A b,5326.0,0.877,0.04913,6.792654,1085.0,Transit
Kepler-250 d,5160.0,0.805,0.127,2.18,,Transit
K2-271 b,5644.0,0.99,0.077,7.28,893.0,Transit
WISPIT 1 b,4670.0,,338.0,,,Imaging
Kepler-498 b,5744.0,0.96,,3.03,,Transit
K2-341 b,5817.0,1.16,,3.21,598.0,Transit
K2-244 b,5677.0,0.92,0.1418,1.75,638.0,Transit
Kepler-1282 b,5504.0,0.89,,1.55,,Transit
TOI-4578 b,5951.32,0.878735,,2.26974262,,Transit
HAT-P-60 b,6212.0,2.197,0.06277,18.28184752,1772.0,Transit
Kepler-473 b,5816.0,1.34,,4.08,,Transit
CoRoT-32 b,5970.0,0.79,0.071,6.38913,938.0,Transit
WASP-91 b,4920.0,0.86,0.037,11.54527,1160.0,Transit
Kepler-213 c,5696.0,1.195,0.057,2.34,,Transit
Kepler-121 b,5311.0,0.701,0.039,2.34,,Transit
HD 564 b,5902.0,1.01,1.2,,,Radial Velocity
Pr0211 c,5300.0,0.827,5.5,,,Radial Velocity
Kepler-890 b,5954.0,1.13,,8.89,,Transit
Kepler-330 b,5117.0,0.722,0.075,1.35,,Transit
HATS-5 b,5304.0,0.871,0.0542,10.223,1025.0,Transit
61 Vir c,5577.0,0.963,0.2175,,,Radial Velocity
DMPP-6 b,,1.27,0.0779,,,Radial Velocity
TOI-2128 b,5968.0,1.1174,0.127,2.08874836,780.53,Transit
6 Lyn b,4941.0,4.94,2.028,,,Radial Velocity
GJ 338 B b,4014.0,0.58,0.142,,,Radial Velocity
HD 213472 b,5729.54,1.433902,13.0,,,Radial Velocity
HD 75784 b,4867.0,3.4,1.032,,,Radial Velocity
HIP 86221 b,,,0.031,,,Radial Velocity
HD 86728 b,5610.0,1.237,0.1916,,,Radial Velocity
TOI-5817 b,5770.0,1.427,0.1223,3.08,950.0,Transit
HD 73583 b,4511.0,0.65,0.0604,2.79,714.0,Transit
TOI-1410 c,4635.0,0.7558,0.239,,,Radial Velocity
Kepler-164 d,5888.0,1.148,0.187,2.45,,Transit
Kepler-257 c,5180.0,1.037,0.066,5.41,,Transit
Kepler-238 c,5751.0,1.43,0.069,2.39,,Transit
K2-214 b,5875.0,1.236,,2.51,1001.0,Transit
Kepler-597 b,5683.0,0.95,,2.37,,Transit
Kepler-1489 c,5565.53,0.957,,0.51,,Transit
Kepler-1863 b,5871.0,0.983,,2.26309256,,Transit
TOI-2842 b,5910.0,1.265,0.0475,12.84549188,1471.0,Transit
Kepler-176 d,5232.0,0.891,0.163,2.51,,Transit
TOI-763 b,5450.0,0.897,0.06,2.28,1038.0,Transit
Kepler-1618 b,6620.0,1.65,,1.26,,Transit
TOI-5542 b,5700.0,1.058,0.332,11.30986153,441.0,Transit
Kepler-1857 b,6074.0,1.005,,1.96065412,,Transit
Kepler-697 b,5513.0,0.88,,4.13,,Transit
HD 21693 b,5430.0,,0.1455,,,Radial Velocity
K2-48 b,4899.0,0.73,0.1344,2.24,,Transit
Kepler-28 c,4499.3,0.664,,1.857,,Transit
Kepler-1107 b,5268.0,0.82,,1.34,,Transit
HD 238914 b,4769.0,12.73,5.7,,,Radial Velocity
Kepler-1920 b,6277.0,1.161,,2.95415848,,Transit
Kepler-281 b,5723.0,0.899,0.117,2.82,,Transit
Kepler-1643 b,4916.0,0.855,,2.32,,Transit
Kepler-175 c,6064.0,1.01,0.213,3.1,,Transit
Kepler-207 d,5920.0,1.588,0.068,3.31,,Transit
Kepler-235 c,4255.0,0.554,0.065,1.28,,Transit
Kepler-1654 b,5597.0,1.179,2.026,9.180171,206.0,Transit
Kepler-1606 b,5422.0,0.86,,2.07,,Transit
KIC 8540376 c,6474.0,1.26,,2.4,,Transit
Kepler-1936 b,6501.0,1.854,,3.16615594,,Transit
HD 100508 b,5419.0,,6.11,,,Radial Velocity
HD 154857 c,5605.0,1.76,5.36,,,Radial Velocity
HD 4760 b,4076.0,42.4,1.14,,,Radial Velocity
HD 110113 c,5732.0,0.968,0.068,,990.0,Radial Velocity
HD 202696 b,5040.0,6.43,1.566,,,Radial Velocity
HD 210193 b,5790.0,,1.487,,,Radial Velocity
HD 180053 b,5131.0,4.06,0.843,,,Radial Velocity
HD 135625 b,,,5.4,,,Radial Velocity
HD 128311 c,,0.76,1.74,,,Radial Velocity
HD 125612 d,,,3.982,,,Radial Velocity
51 Eri b,,,10.4,,,Imaging
HD 168443 c,,,2.842,,,Radial Velocity
TOI-5789 b,5185.0,0.833,0.03608,,1201.0,Radial Velocity
Kepler-833 b,4339.0,0.62,,2.02,,Transit
COCONUTS-2 b,3552.0,0.366,,12.57647635,493.0,Imaging
11 Com b,4874.0,13.76,1.178,,,Radial Velocity
K2-386 b,5749.0,0.97,,2.32,,Transit
OGLE-2019-BLG-1053L b,,,3.4,,,Microlensing
KMT-2024-BLG-0176L b,,,1.32,,,Microlensing
K2-66 b,5887.0,1.67,0.05983,2.49,1372.0,Transit
K2-4 b,4014.73,0.569359,0.078,2.1,,Transit
Kepler-1612 b,5643.0,0.94,,1.03,,Transit
Kepler-744 b,5594.0,0.93,,1.62,,Transit
WASP-53 c,4953.0,0.798,3.73,,,Radial Velocity
Kepler-140 b,6077.0,1.288,0.045,1.61,,Transit
HD 112640 b,4155.0,39.0,1.7,,,Radial Velocity
14 Her b,,,2.839,,,Radial Velocity
TOI-1054.01,6122.0,1.17,,2.43432,853.0,Transit
HD 216437 b,,,2.57,,,Radial Velocity
Kepler-1455 b,4075.0,0.6,,2.16,,Transit
tau Cet f,,,1.334,,,Radial Velocity
HD 82886 b,4953.0,5.26,1.58,,,Radial Velocity
Kepler-264 b,6158.0,1.55,0.249,3.33,,Transit
Kepler-1822 b,5165.0,0.702,,2.64755943,,Transit
Kepler-106 d,5858.0,1.04,,0.95,,Transit
Kepler-1214 b,5130.0,0.8,,2.36,,Transit
Kepler-776 b,5071.0,0.78,,1.28,,Transit
NGTS-34 b,6134.0,1.367,0.257,3.65,624.0,Transit
HD 142022 A b,5421.0,1.04,2.93,,,Radial Velocity
HD 47366 c,4866.0,7.3,1.84,,,Radial Velocity
K2-373 b,6138.0,1.486,,2.061,,Transit
HD 206610 b,4842.0,6.12,1.74,,,Radial Velocity
Kepler-1600 c,5119.0,0.834,,1.94206512,,Transit
KMT-2018-BLG-0087L b,,,0.87,,,Microlensing
Kepler-1306 b,5727.0,0.97,,1.91,,Transit
HD 74698 c,5783.0,1.333,4.5,,,Radial Velocity
Kepler-1204 b,5825.0,1.03,,3.05,,Transit
Gaia-2 b,5720.0,1.064,0.0467,14.81827249,,Transit
HIP 105854 b,4780.0,,0.81,,,Radial Velocity
TOI-5616 b,3996.0,0.646,0.0272,10.78,939.0,Transit
Kepler-212 b,5852.0,1.455,0.133,1.09,,Transit
WASP-38 b,6180.0,1.52,,13.78707,,Transit
NGTS-9 b,6330.0,1.38,0.058,11.99363,1448.0,Transit
Kepler-631 b,6185.0,1.33,,2.9,,Transit
HD 145377 b,6014.0,1.05,0.45,,,Radial Velocity
Kepler-1413 b,5196.0,0.8,,1.82,,Transit
Kepler-417 b,,0.806,,2.31,,Transit Timing Variations
TOI-5789 d,5185.0,0.833,0.1756,,545.0,Radial Velocity
Kepler-19 d,5544.0,0.859,,,,Radial Velocity
HD 4917 b,4802.0,5.01,1.167,,,Radial Velocity
Kepler-131 c,5685.0,1.03,,0.84,,Transit
TOI-1759 b,4065.0,0.597,0.1177,3.14,443.0,Transit
Kepler-633 c,5877.0,1.265,,2.296,,Transit
G 192-15 c,,,1.137,,55.9,Radial Velocity
Kepler-178 c,5676.0,1.066,0.142,2.88,,Transit
Kepler-1905 b,5788.0,1.015,,1.4460734,,Transit
Kepler-1322 c,5704.0,0.804,,2.15492527,,Transit
K2-118 b,4726.29,0.734626,0.245,2.54,,Transit
K2-203 b,5026.0,0.765,0.0824,1.26549392,738.4,Transit
Kepler-711 b,5222.0,0.8,,3.41,,Transit
TOI-1408 c,6117.0,1.53,0.03587,2.22,,Transit Timing Variations
Kepler-27 d,5251.0,0.817,,2.7061946,,Transit
Kepler-1058 b,4644.0,0.69,,2.72,,Transit
TOI-2459 b,4195.0,0.6751,,2.9531,445.01,Transit
CoRoT-16 b,5650.0,1.19,0.0618,13.11,,Transit
TOI-2587 A b,5760.0,1.726,0.0635,12.07207221,1445.0,Transit
DMPP-2 d,,,0.1432,,,Radial Velocity
Kepler-377 c,5949.0,1.224,0.182,2.06,,Transit
HD 108236 e,5660.0,0.877,0.1367,3.083,,Transit
HD 4308 b,5686.0,1.02,0.12,,,Radial Velocity
Kepler-467 b,5809.0,1.37,,2.25,,Transit
Kepler-1978 b,5251.0,0.778,0.0914,2.67,676.0,Transit
Kepler-701 b,5343.0,0.84,,2.84,,Transit
Kepler-214 c,6169.0,1.352,0.194,2.13,,Transit
HD 7199 b,5371.0,0.97,1.36,,,Radial Velocity
Kepler-765 b,5901.0,1.06,,2.43,,Transit
HD 136352 b,5664.0,1.058,0.0964,1.664,905.0,Radial Velocity
HD 164604 b,4663.0,0.78,1.362,,,Radial Velocity
HIP 57274 d,4640.0,0.68,1.01,,,Radial Velocity
HD 13908 c,6255.0,1.67,2.03,,,Radial Velocity
OGLE-2012-BLG-0406L b,,,3.45,,,Microlensing
HIP 67851 b,4840.0,5.45,0.42,,,Radial Velocity
HD 220842 b,5960.0,,0.74,,,Radial Velocity
Kepler-1568 b,5956.0,1.19,,1.3,,Transit
OGLE-2018-BLG-1700L b,,,2.8,,,Microlensing
KMT-2023-BLG-1896L b,,,2.86,,,Microlensing
Kepler-168 c,6282.0,1.107,0.116,2.69,,Transit
HD 1605 c,4915.0,3.49,3.584,,,Radial Velocity
HD 187085 b,6117.0,1.27,2.1,,,Radial Velocity
Kepler-529 b,6087.0,1.14,,1.86,,Transit
GJ 317 c,3496.0,0.403,5.04,,,Radial Velocity
GJ 3293 d,3466.0,0.404,0.19394,,,Radial Velocity
HAT-P-55 b,5804.0,1.105,0.04628,14.84069045,1367.0,Transit
Kepler-975 b,4897.0,0.75,,1.48,,Transit
ROXs 12 b,3850.0,,210.0,,,Imaging
HATS-22 b,4803.0,0.689,0.05025,10.682177,858.0,Transit
Kepler-858 b,5653.0,0.91,,4.87,,Transit
K2-212 b,4349.0,0.678,,2.65,,Transit
WASP-44 b,5420.0,0.906,0.03453,12.3299,1337.0,Transit
Kepler-1205 b,5226.0,0.81,,1.41,,Transit
Kepler-383 b,4710.0,0.672,0.095,1.32,,Transit
TOI-2345 b,4687.0,0.729,0.01705,1.504,1478.0,Transit
K2-239 c,3420.0,0.36,0.0576,1.0,427.0,Transit
HD 206255 b,5635.0,,0.461,,,Radial Velocity
Kepler-816 b,5286.0,0.85,,10.24,,Transit
TOI-159 b,7287.0,1.62,0.056,18.18,1891.0,Transit
Wolf 327 b,3542.0,0.406,0.01,1.24,996.0,Transit
18 Del b,4980.0,8.8,2.476,,,Radial Velocity
TOI-5926 b,5388.92,0.890046,,7.56807148,,Transit
Kepler-753 b,4346.0,0.65,,1.91,,Transit
Kepler-801 b,4435.0,0.63,,2.0,,Transit
NGTS-14 A b,5187.0,0.842,0.0403,4.976796,1143.0,Transit
K2-230 b,5945.0,1.39,0.0409,1.96,1529.0,Transit
Kepler-1444 b,5810.0,1.05,,2.18,,Transit
HD 72490 b,4934.0,4.96,1.88,,,Radial Velocity
Kepler-1518 c,6432.0,1.345,0.0905,2.9,1094.0,Transit
K2-282 b,5499.0,1.0,,2.5,,Transit
K2-90 c,4421.98,0.634754,0.035,1.3,,Transit
Kepler-391 c,5038.0,2.879,0.164,2.88,662.0,Transit
WASP-59 b,4650.0,0.613,0.0697,8.687,670.0,Transit
TOI-1346 b,5099.0,0.78,,2.39,1324.0,Transit
Kepler-1388 b,4098.0,0.61,,2.59,,Transit
HD 221585 b,5620.0,,2.306,,,Radial Velocity
HD 23079 c,5994.0,1.08,,,,Radial Velocity
Kepler-538 b,5534.0,0.8717,0.3554,2.215,417.0,Transit
HAT-P-54 b,4390.0,0.617,0.04117,10.581296,818.0,Transit
Kepler-899 b,5595.0,0.91,,2.68,,Transit
GJ 508.2 b,3720.0,0.53,4.85,,,Radial Velocity
TOI-2529 b,5802.0,1.7,0.327,11.54525012,636.0,Transit
K2-153 b,3845.0,0.53,0.0614,2.0,497.0,Transit
TOI-1226 b,5434.91,0.986943,,2.4101112,,Transit
Kepler-819 b,5279.0,0.81,,2.76,,Transit
Kepler-184 b,5788.0,0.873,0.092,2.36,,Transit
Luhman 16 b,,,3.52,,,Imaging
TOI-3493 b,5844.0,1.228,,3.22,1102.0,Transit
Kepler-1179 b,5212.0,0.81,,1.32,,Transit
K2-394 b,4938.0,0.631,,1.692,,Transit
TOI-540 b,3216.0,0.1895,0.01223,0.903,611.0,Transit
Kepler-934 b,5001.0,0.77,,2.09,,Transit
Kepler-1240 b,5682.0,0.96,,1.15,,Transit
Kepler-828 b,5039.0,0.77,,1.51,,Transit
TOI-2236 b,6248.0,1.573,0.05009,14.36991326,1688.0,Transit
HD 203387 c,,,5.067,,,Radial Velocity
Kepler-282 d,,0.89,,2.46,,Transit
K2-294 b,5612.0,1.2,,1.66,1425.0,Transit
Kepler-401 d,6184.0,1.29,,2.27,,Transit
Kepler-157 d,5866.0,1.03,,1.46,,Transit
Kepler-1801 c,5738.0,0.981,0.4572,2.91,371.0,Transit
Kepler-158 c,4623.0,0.624,0.158,1.9,,Transit
Kepler-1820 b,5841.0,0.931,,3.11883067,,Transit
DMPP-1 e,6196.0,1.26,0.0651,,1314.0,Radial Velocity
Kepler-32 b,3900.0,0.53,0.05,2.2,,Transit
K2-336 b,5424.0,0.8,,1.22,569.0,Transit
HD 219134 f,4699.0,0.778,0.1463,1.31,522.6,Radial Velocity
Kepler-873 b,6163.0,1.27,,3.75,,Transit
Kepler-1137 b,6807.0,1.84,,2.2,,Transit
TOI-1669 b,5497.0,1.0561,1.27,,,Radial Velocity
K2-58 c,5413.0,0.86,0.035,1.62,,Transit
WASP-118 b,6410.0,1.696,0.05453,16.14096,1729.0,Transit
Kepler-388 c,4498.0,0.586,0.093,0.86,,Transit
Kepler-1935 b,5570.0,0.899,,2.50271696,,Transit
Kepler-463 b,5661.0,0.9,,3.05,,Transit
K2-30 b,5425.0,0.844,0.04839,11.646151,1092.0,Transit
TIC 150070085 b,5999.0,1.086,,3.62,945.06,Transit
K2-316 b,3436.0,0.379,0.0147,1.33,841.0,Transit
HD 81817 c,,,2.325,,,Radial Velocity
Kepler-1922 b,5931.0,0.863,,2.29064904,,Transit
Gl 49 b,3805.0,0.511,0.0905,,,Radial Velocity
WASP-61 b,6250.0,1.55,,15.80469,,Transit
TOI-411 c,6169.0,1.117,0.1017,2.328,931.0,Transit
Kepler-292 e,5299.0,0.826,0.097,2.67,,Transit
Kepler-173 c,6031.0,0.949,0.074,2.43,,Transit
EPIC 206042996 c,4114.0,0.5,,1.2,,Transit
HD 5608 b,4807.0,5.43,1.79,,,Radial Velocity
TOI-238 b,5059.0,0.756,0.0212,1.559,1378.0,Transit
BD+03 2562 b,4095.0,32.35,1.3,,,Radial Velocity
TOI-4427 b,5347.0,0.89,0.05389,13.09208946,1040.0,Transit
HD 33564 b,6250.0,,1.1,,,Radial Velocity
TOI-784 b,5558.0,0.907,0.038,1.93,,Transit
Kepler-1540 b,4540.0,0.69,,2.49,,Transit
Kepler-1148 b,5054.0,0.77,,1.69,,Transit
Kepler-1299 b,5609.0,0.91,,2.98,,Transit
BD-11 4672 c,4550.0,0.639,0.3,,,Radial Velocity
Kepler-1474 b,5870.0,1.04,,2.16,,Transit
K2-219 d,5753.0,1.189232,,2.57634456,,Transit
TOI-198 b,3801.0,0.418,0.0675,1.36,456.0,Transit
Kepler-1777 b,5771.0,1.068,,2.13189678,,Transit
OGLE-2017-BLG-1275L b,,,2.09,,,Microlensing
TOI-7510 d,5720.0,1.035,0.2672,10.52,542.4,Transit
Kepler-825 c,5976.0,1.08,,1.84,,Transit
K2-358 b,5650.0,0.91,0.0863,2.68,888.0,Transit
HD 216536 b,4639.0,9.83,0.61,,,Radial Velocity
TOI-1472 c,5100.0,0.84,0.116,3.334,662.0,Radial Velocity
HD 147018 b,5441.0,,0.2388,,,Radial Velocity
Kepler-820 b,6260.0,1.36,,6.09,,Transit
KOI-984 b,5295.0,0.818,0.0504,4.3,1022.0,Transit
Kepler-1758 b,5557.0,1.616,,2.57059831,,Transit
Kepler-1036 b,5533.0,0.89,,3.01,,Transit
Kepler-1377 b,5218.0,0.82,,1.25,,Transit
HD 154857 b,5589.0,2.3,1.29,,,Radial Velocity
Kepler-104 b,5711.0,1.349,0.094,3.1,,Transit
Kepler-1113 b,5931.0,1.17,,2.81,,Transit
Kepler-585 b,5593.0,0.93,,2.83,,Transit
GJ 676 A d,,,0.039,,,Radial Velocity
WASP-155 b,5660.0,1.24,0.043,13.45077684,1468.0,Transit
Kepler-795 b,5631.0,0.96,,1.68,,Transit
HATS-25 b,5715.0,1.107,0.05163,14.12334,1277.0,Transit
Kepler-133 c,5736.0,1.425,0.204,2.84,,Transit
nu Oct A b,4910.0,5.04,1.24,,,Radial Velocity
TOI-1836 c,6237.0,1.6454,0.03089,2.59987579,2007.6,Transit
TOI-1117 d,5635.0,1.05,0.0817,,978.0,Radial Velocity
K2-62 b,4455.0,0.696,,2.02,666.0,Transit
TOI-1516 b,6520.0,1.14,,15.24421375,,Transit
Kepler-1513 c,5491.0,0.95,,,,Transit Timing Variations
HD 27969 b,5966.0,1.27,1.552,,261.0,Radial Velocity
Kepler-1347 b,5193.0,0.79,,1.03,,Transit
Kepler-399 b,5502.0,0.68,0.103,0.96,,Transit
Kepler-1382 b,6161.0,1.72,,1.88,,Transit
Kepler-405 b,5818.0,0.893,0.095,2.08,,Transit
Kepler-1939 b,4353.0,0.603,,1.16480773,,Transit
Kepler-1555 b,5866.0,1.06,,1.61,,Transit
Kepler-580 b,4298.0,0.64,,2.57,,Transit
Kepler-2001 b,5081.0,0.77,0.0197,1.04,1402.0,Transit
Kepler-171 b,5642.0,0.839,0.05,2.34,,Transit
Kepler-792 b,5971.0,1.12,,1.96,,Transit
WASP-188 b,6850.0,1.83,0.072,14.81827249,1666.0,Transit
HD 179079 b,5646.0,1.63,0.1214,,,Radial Velocity
Kepler-1488 b,5820.0,1.31,,1.86,,Transit
Kepler-295 c,5603.0,0.898,0.142,1.17,,Transit
K2-137 b,3697.0,0.29,,0.64,,Transit
Kepler-300 c,5986.0,0.9,0.232,2.25,,Transit
Kepler-232 c,5847.0,0.968,0.101,3.83,,Transit
OGLE-2016-BLG-0263L b,,,5.4,,,Microlensing
HIP 19976 b,,,0.234,,,Radial Velocity
Kepler-190 c,5106.0,0.795,0.045,1.46,,Transit
Kepler-251 b,5526.0,0.89,0.053,1.33,,Transit
Kepler-199 c,5644.0,0.967,0.316,3.25,,Transit
Kepler-969 b,5214.0,0.82,,2.07,,Transit
Kepler-1671 b,5135.55,0.929771,,1.32557381,,Transit
HAT-P-41 b,6390.0,2.05,,22.97845,,Transit
OGLE-2018-BLG-1126L b,,,3.23,,,Microlensing
WASP-116 b,6250.0,1.426,0.065,13.67495645,1414.0,Transit
Kepler-1990 b,5751.0,1.071,0.0286,3.27,1554.0,Transit
K2-228 b,4715.0,0.65,0.0338,1.21,914.0,Transit
Kepler-1115 b,8480.0,1.73,,1.7,,Transit
K2-165 c,5185.0,0.803827,,1.55409035,,Transit
Kepler-186 c,3788.0,0.472,0.0451,1.25,,Transit
Kepler-1992 b,5383.0,0.842,0.1169,0.91,637.0,Transit
EPIC 201497682 b,,,,0.692,,Transit
WASP-85 A b,6112.0,0.935,0.039,13.89916,1452.0,Transit
HD 69123 b,4842.0,7.72,2.482,,,Radial Velocity
Kepler-107 d,5854.0,1.447,0.08377,0.86,1173.0,Transit
Kepler-1067 c,5594.0,0.934,,1.74682428,,Transit
HD 139357 b,,,2.949,,,Radial Velocity
KOI-7913 b,4324.0,0.788,,2.34,,Transit
KELT-24 b,6426.0,1.338,0.0665,12.71098411,1391.0,Transit
Kepler-235 e,4255.0,0.554,0.213,2.22,,Transit
TIC 198190129 b,4377.53,0.640675,,2.92284949,,Transit
Kepler-85 d,5436.0,0.893,0.13,1.2,,Transit
Kepler-197 e,6004.0,1.12,0.164,0.91,,Transit
Kepler-82 f,,0.898,0.3395,,,Transit Timing Variations
K2-289 b,5529.0,1.025,0.107,9.1,753.0,Transit
GPX-1 b,7000.0,1.56,0.0338,16.47720163,2300.0,Transit
TOI-815 b,4869.0,0.77,0.0903,2.94,686.0,Transit
Kepler-82 e,5428.0,0.945,0.063,2.47,,Transit
TOI-7510 b,5720.0,1.035,0.1019,7.31,878.0,Transit
Kepler-1286 b,5753.0,0.98,,2.15,,Transit
Kepler-582 b,5564.0,0.91,,3.68,,Transit
HATS-68 b,6147.0,1.748,0.05071,13.809488,1741.0,Transit
Kepler-1097 b,5211.0,0.79,,3.26,,Transit
Kepler-879 b,5792.0,1.02,,2.57,,Transit
Kepler-1684 b,4706.54,0.666755,,2.87084792,,Transit
WASP-114 b,5940.0,1.43,0.02851,15.008851,2043.0,Transit
Kepler-942 b,4861.0,0.75,,2.13,,Transit
Kepler-642 b,6570.0,1.66,,2.9,,Transit
K2-180 b,5365.0,0.719,0.0756,2.46597575,797.5,Transit
K2-275 b,4841.0,0.69,0.0277,2.34,1166.0,Transit
KMT-2017-BLG-1003L b,,,1.38,,,Microlensing
Kepler-707 b,5099.0,0.76,,1.33,,Transit
HD 85426 c,5746.0,1.1303,,,640.0,Radial Velocity
Kepler-153 c,5404.0,0.892,0.237,2.53,,Transit
alf Tau b,4055.0,45.1,1.46,,,Radial Velocity
K2-371 b,4925.0,0.736,,13.024,,Transit
TOI-1742 b,5815.0,1.131,0.154,2.36507598,694.09,Transit
K2-26 b,3785.0,0.52,0.0962,2.67,430.0,Transit
K2-246 b,5610.0,0.94,0.0602,3.49,977.0,Transit
HD 114729 b,5844.0,1.473,2.067,,,Radial Velocity
DMPP-6 c,,1.27,0.2206,,,Radial Velocity
Kepler-998 b,6058.0,1.18,,2.32,,Transit
Kepler-1170 b,5069.0,0.76,,2.41,,Transit
BD-210397 b,4051.0,0.747,2.63,,,Radial Velocity
HIP 56640 b,,,4.55,,,Radial Velocity
Kepler-132 d,6003.0,1.178,0.136,1.55,,Transit
Kepler-1414 b,4951.0,0.75,,1.23,,Transit
TOI-201 c,6423.0,1.31,4.37,10.4,,Transit Timing Variations
HD 102117 b,5655.0,1.23,0.15,,,Radial Velocity
Kepler-730 b,5620.0,1.411,0.0694,12.3299,1219.0,Transit
Kepler-1609 b,6132.0,1.27,,2.22,,Transit
Kepler-1843 b,5422.0,1.782,,2.70909809,,Transit
Kepler-477 b,5240.0,0.79,,2.07,,Transit
K2-351 b,5769.0,1.05,,2.54,934.0,Transit
Kepler-104 c,5711.0,1.349,0.153,3.13,,Transit
HD 18015 b,5603.0,3.13,3.87,,,Radial Velocity
TOI-2107 b,5627.0,0.932,0.03515,13.57407563,1397.0,Transit
TIC 117642575 b,5719.98,1.08102,,2.82716337,,Transit
Kepler-743 b,5486.0,0.85,,1.21,,Transit
Kepler-1655 b,6148.0,1.03,0.1029,2.213,938.0,Transit
Kepler-1324 b,4776.0,0.73,,1.51,,Transit
HD 134606 b,5576.0,1.158,0.1046,,,Radial Velocity
HD 31253 b,6130.0,1.75,1.26,,,Radial Velocity
K2-243 b,6570.0,1.39,0.1087,2.17,1035.0,Transit
Kepler-1016 c,5821.0,1.0,,3.68,,Transit
Kepler-1775 b,5818.0,1.647,,3.64762153,,Transit
Kepler-1351 b,4439.0,0.67,,0.65,,Transit
Kepler-321 c,5740.0,1.194,0.11,2.32,,Transit
OGLE-TR-211 b,6325.0,1.64,0.051,15.244,,Transit
Kepler-191 c,5282.0,0.789,0.128,1.86,,Transit
HD 165155 b,5426.0,0.95,1.13,,,Radial Velocity
K2-63 b,6771.0,1.63,0.1627,3.22,,Transit
HD 9446 b,5793.0,1.0,0.189,,,Radial Velocity
WASP-90 b,6430.0,1.98,0.0562,18.27067,1840.0,Transit
KELT-21 b,7598.0,1.638,0.05224,17.777474,2051.0,Transit
TOI-332 b,5251.0,0.87,0.0159,3.2,1871.0,Transit
BD+55 362 b,5012.0,,0.78,,,Radial Velocity
TOI-6303 b,3977.0,0.609,0.0761,11.59,541.0,Transit
Kepler-246 b,5206.0,0.831,0.052,2.34,,Transit
2MASS J01033563-5515561 AB b,,,84.0,,,Imaging
Kepler-1442 b,6394.0,1.44,,3.93,,Transit
USco1621 b,3460.0,,2880.0,,2270.0,Imaging
HD 125612 c,,,0.051,,,Radial Velocity
Kepler-1644 b,5499.0,0.86,,1.88,,Transit
omi CrB b,4769.0,11.87,0.699,,,Radial Velocity
GJ 676 A b,,,1.735,,,Radial Velocity
GJ 179 b,3370.0,0.38,2.41,,,Radial Velocity
Kepler-397 b,5307.0,0.767,0.144,2.46,,Transit
Kepler-683 b,5703.0,0.95,,1.97,,Transit
TOI-969 c,4435.0,0.671,2.52,,96.4,Radial Velocity
K2-270 c,4877.0,0.77,0.0497,2.95,848.0,Transit
Kepler-238 f,,0.96,,2.0,,Transit
K2-5 b,3930.0,0.57,0.0532,1.91,565.0,Transit
HD 137388 b,5181.0,0.88,0.89,,,Radial Velocity
Kepler-347 b,6088.0,1.005,0.11,1.97,,Transit
K2-413 c,4116.0,0.7,0.0426,1.2327,,Transit
TOI-4527.01,3702.0,0.485948,0.008332353,0.9086617,1362.93,Transit
HD 177830 b,4901.0,3.26,1.14,,,Radial Velocity
Kepler-1563 b,5765.0,0.99,,0.75,,Transit
Kepler-862 b,5333.0,0.84,,2.21,,Transit
47 UMa b,5872.0,1.21334,2.1,,,Radial Velocity
Kepler-32 c,3900.0,0.53,0.09,2.0,,Transit
DMPP-1 b,,,0.1423,,,Radial Velocity
GJ 3998 d,3726.0,0.5,0.189,,,Radial Velocity
Kepler-653 b,5665.0,1.19,,1.95,,Transit
WASP-151 b,,1.181,0.055,13.30506009,1312.0,Transit
TOI-2120 b,3131.0,0.245,0.0377,2.122,384.0,Transit
HIP 97166 c,5216.0,0.8418,0.124,,,Radial Velocity
HD 140901 b,,,0.085,,,Radial Velocity
HD 93963 A b,5908.0,1.0311,0.02061,1.46954368,1842.23,Transit
GJ 876 e,,0.3,0.3343,,,Radial Velocity
K2-99 b,6069.0,2.55,0.153,11.88151954,1184.0,Transit
TOI-1135 b,6320.0,1.202,0.0815,9.91994792,1171.0,Transit
Kepler-300 b,5986.0,0.9,0.094,1.67,,Transit
Kepler-178 b,5676.0,1.066,0.085,2.9,,Transit
Kepler-254 b,5957.0,0.91,0.064,3.87,,Transit
K2-44 b,5912.0,1.58,0.06,2.433,,Transit
K2-414 b,4343.0,0.732,0.0487,1.219,,Transit
Kepler-1138 b,5582.0,0.92,,1.7,,Transit
HD 7924 b,5131.0,0.78,0.06,,,Radial Velocity
TIC 34085383 b,4694.84,0.809951,,3.91982296,,Transit
Kepler-397 c,5307.0,0.767,0.48,6.18,,Transit
K2-150 b,3499.0,0.436,0.0727,2.0,,Transit
Kepler-206 b,5764.0,1.185,0.078,1.2,,Transit
K2-108 b,5599.0,1.76,0.0581,5.33,1360.0,Transit
Kepler-437 b,4551.0,0.68,0.288,2.14,,Transit
HD 23472 e,4684.0,0.71,0.068,0.818,723.0,Transit
HD 18599 b,5145.0,0.767,0.048,2.6,,Transit
K2-159 b,5425.0,0.83,0.1013,2.26,684.0,Transit
Kepler-603 b,5808.0,1.01,,2.65,,Transit
kap And b,11327.0,2.109,,15.91675259,1791.0,Imaging
WASP-22 b,6000.0,1.24,,13.78707,,Transit
WASP-31 b,6302.0,1.252,0.04659,17.363,,Transit
Kepler-189 c,5235.0,0.75,0.137,2.38,,Transit
OGLE-2018-BLG-1212L b,,,1.68,,,Microlensing
Kepler-1776 b,5872.0,1.153,,2.61157023,,Transit
WASP-186 b,6361.0,1.47,0.06,12.44199,,Transit
TOI-5159 b,5156.16,0.854084,,1.54732112,,Transit
Kepler-916 b,5248.0,0.81,,1.76,,Transit
Kepler-1361 b,5131.0,0.79,,0.86,,Transit
HATS-43 b,5099.0,0.812,0.04944,13.22662,1003.0,Transit
TOI-2420 b,,2.369,0.0684,15.02003414,1571.6,Transit
K2-36 b,4916.0,0.718,0.02288,1.43,1328.0,Transit
Kepler-274 c,6023.0,1.007,0.204,1.84,,Transit
Kepler-778 b,5102.0,0.77,,1.68,,Transit
TOI-4184 b,3238.0,0.2347,0.0336,2.43,412.0,Transit
Kepler-279 d,,1.07,,3.1,,Transit
Kepler-733 b,5418.0,0.86,,2.82,,Transit
WASP-165 b,5599.0,1.75,0.04823,14.12334,1624.0,Transit
Kepler-85 c,5505.2,0.875,,1.978,,Transit
Kepler-20 b,5495.0,0.9164,0.04565,1.773,1187.0,Transit
TOI-5515 b,5483.65,0.835682,,2.65362762,,Transit
HIP 35173 b,4881.0,,0.217,,,Radial Velocity
K2-318 b,3851.0,0.552,0.0911,1.66,456.0,Transit
Kepler-1308 b,3468.0,0.34,,0.52,,Transit
CoRoT-29 b,5260.0,0.9,0.0386,10.0881,,Transit
Kepler-1543 b,6561.0,1.65,,2.71,,Transit
HD 1666 b,6317.0,1.93,0.94,,,Radial Velocity
Kepler-972 b,6146.0,1.22,,4.65,,Transit
Kepler-1245 c,5306.0,0.83,,1.44,,Transit
HIP 38594 b,,,0.256,,,Radial Velocity
Kepler-1689 b,5731.43,0.996208,,0.94678642,,Transit
Kepler-1624 b,3768.0,0.552,,6.59,,Transit
Kepler-1890 b,6046.0,1.396,,0.86867375,,Transit
WASP-10 b,4675.0,0.698,0.03781,12.106,1370.0,Transit
Kepler-1681 b,5756.4,,,2.55321772,,Transit
TOI-2714 b,5665.0,1.25,0.036,13.72,1603.0,Transit
ROXs 42 B b,,,157.0,,1975.0,Imaging
Kepler-1095 b,5658.0,0.92,,1.21,,Transit
TOI-2141 b,5635.0,0.95,0.1322,3.147,728.0,Transit
Kepler-991 b,4392.0,0.61,,2.54,,Transit
K2-268 f,5106.0,0.78,,2.23,492.0,Transit
Kepler-386 c,5178.0,0.767,0.155,1.58,,Transit
CoRoT-7 d,5250.0,,,,,Radial Velocity
Kepler-278 b,4965.0,2.861,0.202,3.955,586.0,Transit
Kepler-1586 b,6681.0,1.75,,1.52,,Transit
Kepler-1527 b,6224.0,1.32,,4.77,,Transit
EPIC 206317286 c,4752.0,0.758,,2.094,,Transit
HD 14787 b,4946.0,5.01,1.7,,,Radial Velocity
HD 34445 b,5879.0,1.38,2.07,,,Radial Velocity
TOI-5789 e,5185.0,0.833,0.2901,,424.0,Radial Velocity
GJ 504 b,6234.0,,43.5,,510.0,Imaging
HD 21520 b,5871.0,1.044,0.1726,2.697,637.0,Transit
HD 159868 b,5534.0,2.13,2.32,,,Radial Velocity
HD 215152 b,4935.0,0.73,0.057638,,,Radial Velocity
K2-266 c,4285.0,0.703,0.0679,0.705,664.5,Transit
HD 40307 g,4956.0,,0.6,,,Radial Velocity
Kepler-1968 b,5008.0,0.788,,1.50004034,,Transit
Kepler-1246 b,4611.0,0.69,,1.36,,Transit
HD 96063 b,5020.0,4.75,1.11,,,Radial Velocity
Kepler-288 c,5918.0,1.091,0.14,2.85,,Transit
Kepler-1244 b,6680.0,1.77,,1.35,,Transit
Kepler-1339 b,5586.0,0.93,,0.71,,Transit
Kepler-1224 b,6155.0,1.22,,1.33,,Transit
HD 6718 b,5746.0,1.02,3.53,,,Radial Velocity
HD 112300 b,3657.0,65.8,1.33,,,Radial Velocity
Kepler-306 d,4954.0,0.719,0.12,2.47,,Transit
K2-268 b,5106.0,0.78,,1.5,1136.0,Transit
Kepler-888 b,5875.0,0.9,,1.76,,Transit
HD 191939 d,5348.0,0.94,0.2132,2.995,540.0,Transit
HATS-4 b,5403.0,0.925,0.0362,11.433,1315.0,Transit
USco1556 b,3410.0,,3500.0,,2240.0,Imaging
KIC 10068024 b,6118.4,1.574,,,,Orbital Brightness Modulation
Kepler-1073 d,5509.0,1.116,,1.48770949,,Transit
K2-79 b,5897.0,1.269,0.0987,4.15,1033.0,Transit
TOI-244 b,3433.0,0.426,0.0559,1.52,458.0,Transit
Kepler-1356 b,5106.0,0.78,,1.53,,Transit
Kepler-933 b,5346.0,0.84,,2.46,,Transit
Kepler-342 e,6366.0,1.34,,0.88,,Transit
WASP-73 b,6030.0,2.55,,15.91678,,Transit
Kepler-1458 b,5653.0,0.94,,2.76,,Transit
Kepler-615 b,4655.0,0.69,,1.74,,Transit
BD+15 2940 b,4796.0,14.7,0.539,,,Radial Velocity
KMT-2016-BLG-1337L b,,,3.97,,,Microlensing
OGLE-2014-BLG-0124L b,,,3.48,,,Microlensing
EPIC 201757695.02,4520.0,0.655,0.0296,0.90819,,Transit
Kepler-1336 b,5512.0,1.3,,1.98,,Transit
MWC 758 c,,,100.0,,500.0,Imaging
Kepler-33 f,5904.0,1.82,0.2535,4.46,,Transit
TOI-4640 b,5743.01,1.06715,,2.84326517,,Transit
Kepler-1719 b,5687.0,1.775,,3.95000623,,Transit
TOI-1272 b,4985.0,0.8,0.041,4.26,1051.0,Transit
Kepler-742 b,4642.0,0.71,,3.24,,Transit
Kepler-1087 b,5589.0,0.94,,0.61,,Transit
Kepler-132 c,6003.0,1.178,0.068,1.28,,Transit
HD 134987 c,5585.0,1.25,5.8,,,Radial Velocity
WASP-74 b,5990.0,1.42,,15.24424,,Transit
K2-70 b,5622.0,0.93,0.1112,2.89,,Transit
Kepler-55 f,4503.0,0.619,0.081,1.59,,Transit
TOI-1743 b,3277.0,0.338,0.03589,1.83,485.0,Transit
Kepler-493 b,6457.0,1.54,,15.13,,Transit
HD 10180 f,5911.0,1.109,0.4929,,,Radial Velocity
KOI-1833 d,4413.0,0.667,,2.58,613.0,Transit
EPIC 212587672 b,6004.0,0.98,,1.26,756.0,Transit
Kepler-589 b,5296.0,0.83,,2.27,,Transit
TOI-5388.01,3440.0,0.3,,0.99,488.0,Transit
TOI-5007 b,3793.0,0.656,0.0307,11.07447293,774.0,Transit
CoRoT-27 b,5900.0,1.08,0.0476,11.287,1500.0,Transit
Kepler-1079 b,5758.0,1.36,,1.63,,Transit
Kepler-1381 b,5747.0,0.94,,2.25,,Transit
Kepler-1338 b,5909.0,1.05,,0.92,,Transit
Kepler-930 b,6335.0,1.4,,2.13,,Transit
TOI-2669 b,4800.0,4.1,,19.72780603,,Transit
Kepler-702 b,5419.0,0.86,,9.17,,Transit
Kepler-539 b,5820.0,0.952,0.4988,8.373123,387.6,Transit
Kepler-781 b,5162.0,0.78,,2.89,,Transit
KELT-6 b,6102.0,1.73,,14.5717,,Transit
HD 113337 c,,,6.805,,,Radial Velocity
K2-32 e,5271.0,0.86,0.04899,1.212,1066.0,Transit
Kepler-728 b,5660.0,0.93,,3.34,,Transit
GJ 687 b,,,0.163,,,Radial Velocity
HD 20794 e,,,0.509,,,Radial Velocity
Kepler-188 b,6021.0,1.141,0.032,1.68,,Transit
Kepler-203 b,5821.0,1.114,0.043,2.57,,Transit
HD 16417 b,,,0.14,,,Radial Velocity
2MASS J11011926-7732383 b,,,266.0,,2677.0,Imaging
Kepler-84 f,6031.0,1.169,0.25,2.2,,Transit
TOI-1803 c,4687.0,0.715,0.097,4.29,588.0,Transit
GJ 680 b,,,10.138,,,Radial Velocity
Kepler-1661 b,5100.0,0.762,0.633,3.87,243.0,Transit
Kepler-149 b,5381.0,0.953,0.184,4.21,,Transit
Kepler-1696 b,5712.0,1.19811,,2.80982017,,Transit
Kepler-36 b,5979.0,1.634,,1.498,,Transit
HD 37605 c,5329.0,0.91,3.74,,,Radial Velocity
Kepler-432 b,4995.0,4.06,0.301,12.834305,,Transit
Kepler-1450 b,4524.0,0.68,,1.71,,Transit
K2-183 d,5482.0,0.87,,2.3,,Transit
Kepler-80 b,4540.0,0.678,0.0648,2.67,,Transit
Kepler-42 c,3068.0,0.17,0.006,0.73,720.0,Transit
Kepler-1987 c,4769.0,0.714,0.0427,1.33,860.0,Transit
Kepler-132 e,6023.0,1.1,,1.18,,Transit
Kepler-191 b,5282.0,0.789,0.087,1.34,,Transit
TOI-3457 b,6300.0,1.474,0.2001,10.64,824.2,Transit
Kepler-500 b,5813.0,1.03,,2.58,,Transit
Kepler-1817 b,5316.0,0.915,,2.27349126,,Transit
Kepler-240 b,4985.0,0.739,0.048,1.37,,Transit
TOI-6393 b,5008.2,0.766023,,2.75958542,,Transit
Kepler-289 c,5990.0,1.0,,11.23,,Transit
Kepler-141 c,4910.0,0.787,0.067,1.41,,Transit
K2-207 b,5522.0,0.928158,,2.60585269,,Transit
Kepler-416 c,,1.075,,,,Transit Timing Variations
TOI-1883 b,3554.0,0.506,0.0423,5.65,544.0,Transit
TOI-1814 b,4872.84,2.3895,,5.18536642,,Transit
K2-195 c,5712.0,0.906367,,2.57581891,,Transit
Kepler-172 d,5526.0,1.085,0.118,2.25,,Transit
Kepler-229 d,5120.0,0.728,0.22,3.85,,Transit
K2-239 d,3420.0,0.36,0.0685,1.1,399.0,Transit
Kepler-1408 b,6170.0,1.35,,0.89,,Transit
K2-173 b,5580.0,0.843154,,1.60826194,,Transit
K2-58 d,5413.0,0.86,0.1517,1.71,,Transit
Kepler-1236 b,5337.0,0.82,,2.14,,Transit
HD 11977 b,4970.0,10.09,1.93,,,Radial Velocity
K2-268 c,5106.0,0.78,,2.69,696.0,Transit
HD 51608 c,5358.0,,0.3809,,,Radial Velocity
Kepler-1904 b,3805.0,0.497,,1.3904994,,Transit
HD 118203 b,5742.0,2.04,0.0713,12.778238,1361.0,Radial Velocity
Kepler-487 c,5444.0,0.88,,2.68,,Transit
HD 152079 b,5907.0,1.128,4.187,,,Radial Velocity
Kepler-122 f,,0.949,,1.75,,Transit Timing Variations
Kepler-1605 b,5280.0,0.82,,1.08,,Transit
HIP 34222 b,,,0.492,,,Radial Velocity
Kepler-1130 b,5403.0,0.81,,0.8,,Transit
Kepler-1484 b,5730.0,0.92,,2.11,,Transit
HD 199509 b,,,0.426,,,Radial Velocity
TOI-5634 A b,3896.0,0.54,0.0272,10.42,837.0,Transit
K2-193 b,5817.0,0.98,0.1184,3.95,739.0,Transit
Kepler-84 c,,1.43,,2.36,,Transit
Kepler-362 c,5788.0,0.722,0.207,1.45,,Transit
OGLE-2006-BLG-109L b,,,2.3,,,Microlensing
MOA-2011-BLG-028L b,,,4.14,,,Microlensing
OGLE-2007-BLG-349L AB c,,,2.59,,,Microlensing
KMT-2019-BLG-0842L b,,,3.31,,,Microlensing
OGLE-2018-BLG-0567L b,,,2.72,,,Microlensing
KMT-2018-BLG-0885L b,,,1.07,,,Microlensing
OGLE-2016-BLG-0007L b,,,10.1,,,Microlensing
Oph 11 b,2375.0,,243.0,,2175.0,Imaging
2MASS J02192210-3925225 b,3064.0,0.281,156.0,16.14096,,Imaging
V2376 Ori b,,,71.0,87.20586985,2100.0,Imaging
K2-156 b,4460.0,0.62,,1.1,,Transit
HD 113538 c,4462.0,0.53,2.44,,,Radial Velocity
HD 18742 b,4940.0,5.13,1.82,,,Radial Velocity
MOA-2007-BLG-192L b,,,2.02,,,Microlensing
WASP-16 b,5700.0,1.14,,13.67498,,Transit
WASP-29 b,4800.0,0.79,,8.63093,,Transit
WASP-113 b,5890.0,1.608,0.05885,15.793481,1496.0,Transit
HD 128356 b,4875.0,0.85,0.87,,,Radial Velocity
GJ 143 b,4640.0,0.695,0.1915,2.61,422.0,Transit
KMT-2017-BLG-1146L b,,,1.6,,,Microlensing
KMT-2016-BLG-0212L b,,,2.2,,,Microlensing
HD 108236 b,5660.0,0.877,0.04527,1.615,,Transit
Kepler-808 b,4653.0,0.71,,1.46,,Transit
TOI-3331 A b,5609.0,0.952,0.03144,12.97999965,1488.0,Transit
NGTS-24 b,5820.0,1.64,0.0479,13.60770257,1499.0,Transit
Kepler-249 d,3568.0,0.482,0.097,1.57,,Transit
HD 205158 b,,,0.177,,,Radial Velocity
HD 206893 b,,,10.75,,,Imaging
TOI-1294 b,5718.0,1.5566,0.051,10.12369881,1392.74,Transit
Kepler-938 b,5533.0,0.89,,2.22,,Transit
TOI-4513 b,5623.93,0.796628,,2.34587608,,Transit
Kepler-1139 b,5550.0,0.91,,1.19,,Transit
Kepler-102 b,4909.0,0.724,0.05521,0.46,857.0,Transit
Kepler-1073 c,5792.0,1.0,,1.64,,Transit
Kepler-1403 b,6060.0,1.15,,2.14,,Transit
Kepler-343 b,5807.0,1.433,0.088,2.41,,Transit
Kepler-210 b,4559.0,0.65,0.032,2.94,,Transit
Kepler-55 c,4362.0,0.58,,2.21,,Transit
Kepler-1647 b,6210.0,1.7903,2.7205,11.8739,,Transit
Kepler-241 b,4699.0,0.668,0.094,2.33,,Transit
Kepler-958 b,5421.0,0.86,,2.06,,Transit
DMPP-9 b,,1.26,0.1097,,,Radial Velocity
HD 16760 b,5518.0,0.835,1.156,,,Radial Velocity
Kepler-1367 b,4106.0,0.6,,0.92,,Transit
Kepler-325 c,5752.0,1.003,0.105,2.54,,Transit
Kepler-1395 b,6138.0,1.23,,0.8,,Transit
Kepler-1398 b,6126.0,1.18,,0.9,,Transit
HAT-P-36 b,5620.0,1.041,0.0241,14.313893,1780.97,Transit
Kepler-451 c,29564.0,0.203,,,,Eclipse Timing Variations
Kepler-624 b,6117.0,1.18,,2.31,,Transit
Kepler-695 b,5181.0,0.8,,9.21,,Transit
HD 113337 b,,,1.022,,,Radial Velocity
BD+63 1405 b,5000.0,,2.06,,,Radial Velocity
K2-16 b,4742.0,0.66,0.0667,2.02,658.0,Transit
HIP 14810 c,5544.0,1.07,0.549,,,Radial Velocity
Kepler-1965 b,5852.0,0.837,,1.35415138,,Transit
Kepler-1636 b,5797.0,1.02,,3.23,,Transit
Kepler-547 b,4828.0,0.73,,4.0,,Transit
Kepler-122 b,6050.0,1.216,0.064,2.34,,Transit
Kepler-1031 b,6011.0,1.12,,0.87,,Transit
HD 120084 b,4879.0,10.37,4.21,,,Radial Velocity
EPIC 212587672 c,6004.0,0.98,,2.32,658.0,Transit
HD 154391 b,4909.0,8.56,7.46,,,Radial Velocity
TOI-544 c,4169.0,0.623,,,,Radial Velocity
Kepler-1168 b,5157.0,0.82,,2.5,,Transit
Kepler-394 c,6402.0,1.132,0.11,1.66,,Transit
HD 12484 b,5920.0,,0.297,,,Radial Velocity
K2-85 b,4232.0,0.71,,1.4,1355.0,Transit
Kepler-1068 b,5806.0,1.01,,3.63,,Transit
TOI-2458 c,6005.0,1.31,0.129,,,Radial Velocity
TOI-2184 b,5966.0,2.9,,11.39953337,,Transit
Kepler-762 b,5944.0,1.08,,12.68,,Transit
Barnard d,3195.0,0.185,0.0188,,483.0,Radial Velocity
K2-215 b,5704.0,0.974398,,2.12381238,,Transit
OGLE-2019-BLG-1470L AB c,,,3.2,,,Microlensing
Kepler-27 b,5400.0,0.59,0.118,4.0,,Transit
TOI-615 b,6850.0,1.732,0.0678,18.97680433,1666.0,Transit
K2-278 b,6747.0,1.61,0.0488,2.98,1711.0,Transit
Kepler-142 c,5790.0,1.269,0.057,2.86,,Transit
HD 96992 b,4725.0,7.43,1.24,,,Radial Velocity
47 UMa c,5872.0,1.21334,3.6,,,Radial Velocity
HD 177830 c,4949.0,2.62,0.5137,,,Radial Velocity
Kepler-955 b,5350.0,0.84,,3.13,,Transit
HD 127506 b,,,0.287,,,Radial Velocity
KMT-2021-BLG-1770L b,,,0.9,,,Microlensing
Kepler-986 b,5642.0,0.98,,2.36,,Transit
TOI-1776 b,5785.0,0.9356,0.0378,1.21612741,1269.21,Transit
TOI-1472 b,5100.0,0.84,0.064,4.058,891.0,Transit
HD 24040 b,5802.0,1.3,4.92,,,Radial Velocity
Kepler-823 b,5643.0,0.96,,1.57,,Transit
HD 45364 c,5466.0,0.89,0.902,,,Radial Velocity
HD 75898 c,6122.0,,7.39,,,Radial Velocity
TOI-5210 b,5723.0,1.209,0.0557,10.72699453,1286.0,Transit
Kepler-1575 b,5667.0,0.92,,1.31,,Transit
HAT-P-40 b,6080.0,1.94,,17.03768,,Transit
HIP 8541 b,,,3.729,,,Radial Velocity
Kepler-1620 b,6157.0,1.23,,1.61,,Transit
TOI-1052 b,6146.0,1.264,0.09103,2.87,1135.0,Transit
HD 64121 b,5078.0,5.44,1.51,,,Radial Velocity
KOI-2513.01,5900.0,1.2,0.5,2.80224517,,Transit
GJ 9066 c,3154.0,0.164,0.88,,,Radial Velocity
TOI-5005 b,5749.0,0.93,0.06614,6.25,1040.0,Transit
Kepler-1602 b,6296.0,1.36,,1.34,,Transit
WASP-158 b,6350.0,1.39,0.0517,11.99363,1590.0,Transit
Kepler-1422 b,6194.0,1.23,,2.02,,Transit
EPIC 212624936 b,5765.0,0.93,,1.2,,Transit
OGLE-2011-BLG-0265L b,,,1.89,,,Microlensing
Kepler-1189 b,6012.0,1.16,,1.77,,Transit
TOI-2382 b,6033.0,1.417,0.059,12.25141591,1426.0,Transit
Kepler-1222 b,5239.0,0.8,,0.79,,Transit
TYC 4282-00605-1 b,4300.0,16.21,0.422,,,Radial Velocity
TOI-2447 b,5730.0,1.006,0.347,9.60609646,414.0,Transit
Kepler-1852 b,5237.0,0.826,,1.88610592,,Transit
Kepler-799 b,5681.0,0.93,,6.88,,Transit
KMT-2019-BLG-0578L b,,,2.0,,,Microlensing
Kepler-94 b,4781.0,0.76,,3.51,,Transit
TOI-2274 b,3943.0,0.631,0.05,2.45,771.46,Transit
HD 219134 g,4913.0,0.77,0.3753,,,Radial Velocity
HD 59686 A b,4658.0,13.2,1.086,,,Radial Velocity
HD 96700 c,5845.0,,0.141,,,Radial Velocity
Kepler-1496 b,6182.0,1.27,,2.22,,Transit
Kepler-299 d,5617.0,1.032,0.118,1.86,,Transit
GJ 581 c,3500.0,0.302,0.0718,,,Radial Velocity
Kepler-359 d,6248.0,1.086,0.372,4.01,,Transit
Kepler-83 c,,0.61,,2.36,,Transit
HD 1461 c,5765.0,,0.1117,,,Radial Velocity
Kepler-1950 b,5455.0,0.852,,1.52696349,,Transit
CFBDSIR J145829+101343 b,580.5,,2.6,,370.0,Imaging
WASP-75 b,6100.0,1.26,0.0375,14.235,1710.0,Transit
Kepler-653 c,5665.0,1.19,,0.78,,Transit
Kepler-1807 b,6455.0,1.496,,2.70393215,,Transit
Kepler-320 b,6435.0,1.108,0.085,1.14,,Transit
HD 153557 c,,,0.111,,,Radial Velocity
KMT-2017-BLG-0849L b,,,2.73,,,Microlensing
TOI-941 b,5745.88,1.1849,,6.51165317,,Transit
HD 69830 c,5385.0,,0.186,,,Radial Velocity
Kepler-249 c,3568.0,0.482,0.058,1.51,,Transit
Kepler-181 c,5333.0,0.749,0.049,1.99,,Transit
TOI-1732 b,4201.93,0.632571,,2.49549787,,Transit
KELT-12 b,6279.0,2.37,0.06708,19.95202,1800.0,Transit
TOI-4087 b,6060.0,1.112,0.04469,13.04725353,1458.0,Transit
GJ 876 c,,0.3,0.12959,,,Radial Velocity
Kepler-298 c,4465.0,0.582,0.136,1.93,,Transit
CoRoT-12 b,5675.0,1.116,0.04016,16.14,1442.0,Transit
TOI-1799 b,5690.0,0.957,0.072502,1.642,,Transit
Kepler-412 b,5750.0,1.287,0.02897,15.031269,1850.0,Transit
HD 142 A d,,,0.474,,,Radial Velocity
GJ 581 e,3500.0,0.302,0.02799,,,Radial Velocity
Kepler-1315 b,4861.0,0.75,,1.38,,Transit
Kepler-257 d,5180.0,1.037,0.16,4.95,,Transit
LHS 1903 c,3664.0,0.539,0.05387,2.046,559.0,Transit
Kepler-444 f,5046.0,0.752,0.0811,0.741,,Transit
Kepler-1548 b,5706.0,0.97,,2.64,,Transit
TOI-2084 b,3551.0,0.475,0.05006,2.47,527.0,Transit
K2-355 b,5790.0,0.92,0.0632,2.25,1066.0,Transit
Kepler-1552 b,5202.0,0.78,,2.47,,Transit
XO-7 b,6250.0,1.48,0.04421,15.389957,1743.0,Transit
K2-252 b,5152.0,0.82,0.1041,1.74,639.0,Transit
Kepler-267 d,4258.0,0.555,0.154,2.27,,Transit
Kepler-784 b,5674.0,1.32,,1.58,,Transit
Kepler-1311 c,5748.0,1.4,,1.22,,Transit
Kepler-1265 b,4630.0,0.69,,1.35,,Transit
Kepler-98 b,5539.0,1.11,,1.99,,Transit
Kepler-520 b,6112.0,1.09,,1.66,,Transit
K2-240 c,3810.0,0.54,0.1159,1.8,389.0,Transit
Kepler-322 c,5388.0,0.89,0.051,1.67,,Transit
HD 12661 b,5645.0,1.2,0.84,,,Radial Velocity
HD 16175 b,5981.0,1.72,2.12,,,Radial Velocity
HD 73267 b,,,2.229,,,Radial Velocity
HD 196067 b,6072.0,1.71,4.71,,,Radial Velocity
HD 55696 b,6012.0,1.52,3.18,,,Radial Velocity
