time,latitude,longitude,depth,mag,magType,nst,gap,dmin,rms,net,id,updated,place,type,horizontalError,depthError,magError,magNst,status,locationSource,magSource
1976-01-14T16:47:33.500Z,-28.427,-177.657,33.0,8.0,ms,,,,,us,usp0000ee7,2025-12-19T20:23:28.581Z,"1976 Kermadec Islands, New Zealand Earthquake",earthquake,,,,,reviewed,us,us
1976-01-21T10:05:24.100Z,44.915,149.123,41.0,7.0,ms,,,,,us,usp0000ekj,2025-12-19T20:23:53.076Z,"104 km ESE of Kuril’sk, Russia",earthquake,,,,,reviewed,us,us
1976-02-04T09:01:43.400Z,15.324,-89.101,5.0,7.5,mw,,,,,us,usp0000ex3,2025-12-19T20:22:17.364Z,"7 km N of Los Amates, Guatemala",earthquake,,,,,reviewed,us,01000
1976-03-24T04:46:04.400Z,-29.887,-177.873,33.0,6.8,ms,,,,,us,usp0000fk9,2025-12-19T20:22:02.153Z,"Kermadec Islands, New Zealand",earthquake,,,,,reviewed,us,us
1976-03-29T05:39:35.500Z,3.929,-85.88,33.0,6.5,ms,,,,,us,usp0000fpg,2025-12-19T20:22:07.017Z,off the coast of Central America,earthquake,,,,,reviewed,us,us
1976-04-08T02:40:27.000Z,40.311,63.773,33.0,7.0,ms,,,,,us,usp0000ft0,2025-12-19T20:21:25.903Z,"33 km NE of Gazli, Uzbekistan",earthquake,,,,,reviewed,us,us
1976-04-09T07:08:47.000Z,0.782,-79.804,9.0,6.7,ms,,,,,us,usp0000ftt,2025-12-19T20:21:27.446Z,"25 km SW of Esmeraldas, Ecuador",earthquake,,,,,reviewed,us,us
1976-05-04T13:56:29.900Z,-44.642,167.573,19.0,6.6,ms,,,,,us,usp0000g52,2025-12-19T20:20:12.479Z,"86 km N of Te Anau, New Zealand",earthquake,,,,,reviewed,us,us
1976-05-05T04:52:51.000Z,-29.934,-177.837,35.0,6.8,ms,,,,,us,usp0000g59,2025-12-19T20:20:14.261Z,"Kermadec Islands, New Zealand",earthquake,,,,,reviewed,us,us
1976-05-06T20:00:11.600Z,46.356,13.275,9.0,6.5,ms,,,,,us,usp0000g5v,2025-12-19T20:20:19.560Z,"3 km SW of Prato, Italy",earthquake,,,,,reviewed,us,us
1976-05-11T15:50:41.600Z,-51.603,139.683,33.0,6.6,ms,,,,,us,usp0000g9k,2025-12-19T20:20:32.297Z,western Indian-Antarctic Ridge,earthquake,,,,,reviewed,us,us
1976-05-15T21:55:58.500Z,-11.637,-74.478,33.0,6.6,ms,,,,,us,usp0000gc6,2025-12-19T20:20:39.615Z,"34 km S of Mazamari, Peru",earthquake,,,,,reviewed,us,us
1976-05-17T02:58:40.600Z,40.381,63.472,10.0,7.0,ms,,,,,us,usp0000gcj,2025-12-19T20:20:42.077Z,"27 km N of Gazli, Uzbekistan",earthquake,,,,,reviewed,us,us
1976-05-29T12:23:18.700Z,24.57,98.953,8.0,6.9,ms,,,,,us,usp0000gm6,2025-12-19T20:21:08.444Z,"169 km SW of Dali, China",earthquake,,,,,reviewed,us,us
1976-05-29T14:00:18.500Z,24.531,98.71,10.0,7.0,ms,,,,,us,usp0000gm8,2025-12-19T20:21:09.674Z,"152 km ENE of Bhamo, Myanmar",earthquake,,,,,reviewed,us,us
1976-06-20T20:53:13.400Z,3.397,96.318,33.0,7.0,ms,,,,,us,usp0000gzb,2025-12-19T20:19:56.655Z,"85 km SSE of Meulaboh, Indonesia",earthquake,,,,,reviewed,us,us
1976-06-25T19:18:56.900Z,-4.603,140.091,33.0,7.1,ms,,,,,us,usp0000h1p,2025-12-19T20:20:04.588Z,"214 km NW of Kiunga, Papua New Guinea",earthquake,,,,,reviewed,us,us
1976-06-26T10:30:59.400Z,3.665,126.75,33.0,6.5,ms,,,,,us,usp0000h24,2025-12-19T20:20:06.150Z,"239 km SE of Sarangani, Philippines",earthquake,,,,,reviewed,us,us
1976-07-11T16:54:31.800Z,7.337,-78.47,22.0,6.7,ms,,,,,us,usp0000h98,2025-12-19T20:18:47.390Z,"39 km WSW of Jaqué, Panama",earthquake,,,,,reviewed,us,us
1976-07-11T20:41:47.500Z,7.409,-78.127,3.0,7.0,ms,,,,,us,usp0000h9g,2025-12-19T20:18:48.240Z,"12 km SSE of Jaqué, Panama",earthquake,,,,,reviewed,us,us
1976-07-14T07:13:24.000Z,-8.17,114.888,40.0,6.5,ms,,,,,us,usp0000hbg,2025-12-19T20:18:53.377Z,"6 km WNW of Seririt, Indonesia",earthquake,,,,,reviewed,us,us
1976-07-17T21:06:32.100Z,-4.157,152.755,53.0,6.6,ms,,,,,us,usp0000hdc,2025-12-19T20:18:57.810Z,"57 km ENE of Kokopo, Papua New Guinea",earthquake,,,,,reviewed,us,us
1976-07-27T19:42:54.600Z,39.57,117.978,23.0,7.5,mw,,,,,us,usp0000hjg,2025-12-19T20:07:26.210Z,"17 km NE of Penguanzhuang, China",earthquake,,,,,reviewed,us,01000
1976-07-28T10:45:35.200Z,39.664,118.401,26.0,7.4,ms,,,,,us,usp0000hk6,2025-12-19T20:19:15.544Z,"6 km SW of Linxi, China",earthquake,,,,,reviewed,us,us
1976-08-02T10:55:25.700Z,-20.609,169.274,52.0,6.9,ms,,,,,us,usp0000hpm,2025-12-19T20:17:49.850Z,"118 km S of Isangel, Vanuatu",earthquake,,,,,reviewed,us,us
1976-08-16T14:06:45.900Z,32.752,104.157,16.0,6.9,ms,,,,,us,usp0000hv8,2025-12-19T20:18:13.225Z,"121 km NNW of Jiangyou, China",earthquake,,,,,reviewed,us,us
1976-08-16T16:11:07.300Z,6.262,124.023,33.0,7.9,ms,,,,,us,usp0000hvb,2025-12-19T20:18:14.845Z,"19 km WNW of Palimbang, Philippines",earthquake,,,,,reviewed,us,us
1976-08-17T04:19:27.300Z,7.249,122.939,22.0,6.8,ms,,,,,us,usp0000hw4,2025-12-19T20:18:17.877Z,"12 km ESE of Olutanga, Philippines",earthquake,,,,,reviewed,us,us
1976-08-23T03:30:07.600Z,32.492,104.181,33.0,6.7,ms,,,,,us,usp0000j0p,2025-12-19T20:07:22.628Z,"94 km NNW of Jiangyou, China",earthquake,,,,,reviewed,us,us
1976-09-30T23:34:14.400Z,-30.239,-177.876,32.0,6.5,ms,,,,,us,usp0000jq7,2025-12-19T20:17:48.663Z,"Kermadec Islands, New Zealand",earthquake,,,,,reviewed,us,us
1976-10-29T02:51:07.600Z,-4.517,139.918,33.0,7.1,ms,,,,,us,usp0000k3d,2025-12-19T20:16:33.615Z,"226 km SSW of Abepura, Indonesia",earthquake,,,,,reviewed,us,us
1976-11-02T07:13:15.700Z,-29.349,77.659,33.0,6.5,ms,,,,,us,usp0000k5e,2025-12-19T20:15:36.915Z,Mid-Indian Ridge,earthquake,,,,,reviewed,us,us
1976-11-06T18:04:08.900Z,27.605,101.052,33.0,6.5,ms,,,,,us,usp0000k7d,2025-12-19T20:15:40.995Z,"115 km NE of Lijiang, China",earthquake,,,,,reviewed,us,us
1976-11-07T17:09:06.100Z,8.478,126.375,60.0,6.8,ms,,,,,us,usp0000k85,2025-12-19T20:15:44.201Z,"12 km NNE of Hinatuan, Philippines",earthquake,,,,,reviewed,us,us
1976-11-18T03:24:00.200Z,-8.818,156.941,33.0,6.5,ms,,,,,us,usp0000kcn,2025-12-19T20:15:54.277Z,"79 km S of Gizo, Solomon Islands",earthquake,,,,,reviewed,us,us
1976-11-24T12:22:18.800Z,39.121,44.029,36.0,7.3,ms,,,,,us,usp0000kf0,2025-12-19T20:15:58.738Z,"47 km S of Do?ubayaz?t, Turkey",earthquake,,,,,reviewed,us,us
1976-11-30T00:40:57.800Z,-20.52,-68.919,82.0,6.5,mb,,,,,us,usp0000kjc,2025-12-19T20:16:04.019Z,"132 km ESE of Iquique, Chile",earthquake,,,,,reviewed,us,us
1976-12-20T20:33:07.800Z,48.802,-129.292,10.0,6.7,ms,,,,,us,usp0000kv9,2025-12-19T20:15:29.025Z,"250 km W of Tofino, Canada",earthquake,,,,,reviewed,us,us
1977-01-06T06:11:40.700Z,-3.63,144.447,33.0,6.6,ms,,,,,us,usp0000m2u,2025-12-19T20:14:32.762Z,"63 km NE of Angoram, Papua New Guinea",earthquake,,,,,reviewed,us,us
1977-02-19T22:34:04.100Z,53.566,170.032,33.0,6.7,ms,,,,,us,usp0000mmw,2025-12-19T20:14:21.600Z,"225 km WNW of Attu Station, Alaska",earthquake,,,,,reviewed,us,us
1977-03-04T19:21:54.100Z,45.772,26.761,94.0,7.5,mwc,,,,,us,usp0000mtc,2025-12-19T20:13:31.390Z,"2 km N of Spulber, Romania",earthquake,,,,,reviewed,us,gcmt
1977-03-18T21:43:52.400Z,16.773,122.327,37.0,7.0,ms,,,,,us,usp0000myv,2025-12-19T20:13:44.482Z,"34 km E of Dicamay, Philippines",earthquake,,,,,reviewed,us,us
1977-03-21T21:18:54.200Z,27.609,56.393,29.0,6.9,ms,,,,,us,usp0000n1c,2025-12-19T20:13:50.591Z,"48 km NNE of Bandar Abbas, Iran",earthquake,,,,,reviewed,us,us
1977-04-02T07:15:22.700Z,-16.696,-172.095,33.0,7.6,ms,,,,,us,usp0000n82,2025-12-19T20:12:52.475Z,"199 km ESE of Hihifo, Tonga",earthquake,,,,,reviewed,us,us
1977-04-20T23:13:10.400Z,-9.828,160.323,33.0,6.7,ms,,,,,us,usp0000ngd,2025-12-19T20:13:13.188Z,"59 km SE of Honiara, Solomon Islands",earthquake,,,,,reviewed,us,us
1977-04-20T23:42:50.500Z,-9.89,160.348,19.0,7.5,ms,,,,,us,usp0000ngg,2025-12-19T20:13:14.033Z,"66 km SE of Honiara, Solomon Islands",earthquake,,,,,reviewed,us,us
1977-04-20T23:49:13.100Z,-9.844,160.822,33.0,7.5,ms,,,,,us,usp0000ngh,2022-04-27T16:29:55.212Z,"105 km ESE of Honiara, Solomon Islands",earthquake,,,,,reviewed,us,us
1977-04-21T04:24:09.600Z,-9.965,160.731,33.0,7.5,ms,,,,,us,usp0000nh4,2025-12-19T20:13:15.761Z,"103 km SE of Honiara, Solomon Islands",earthquake,,,,,reviewed,us,us
1977-06-22T12:08:33.400Z,-22.878,-175.9,65.0,6.8,mb,,,,,us,usp0000pdx,2025-12-19T20:11:16.254Z,Tonga region,earthquake,,,,,reviewed,us,us
1977-07-21T11:53:22.500Z,-53.863,158.602,33.0,6.7,ms,,,,,us,usp0000ptq,2025-12-19T20:10:16.558Z,Macquarie Island region,earthquake,,,,,reviewed,us,us
1977-07-21T13:45:54.000Z,16.882,122.361,33.0,6.9,ms,,,,,us,usp0000pts,2025-12-19T20:10:17.775Z,"22 km SSW of Dicabisagan, Philippines",earthquake,,,,,reviewed,us,us
1977-07-29T11:15:45.300Z,-8.031,155.538,33.0,7.2,ms,,,,,us,usp0000px4,2025-12-19T20:10:32.153Z,"143 km W of Gizo, Solomon Islands",earthquake,,,,,reviewed,us,us
1977-08-19T06:08:54.450Z,-11.154,118.385,15.9,8.3,mw,,,,,iscgem,iscgem694739,2025-12-19T20:09:04.166Z,"1977 Sumba, Indonesia Earthquake",earthquake,,5.1,0.1,,reviewed,iscgem,iscgem
1977-08-26T19:50:01.400Z,-59.426,-20.508,33.0,7.1,ms,,,,,us,usp0000qbd,2025-12-19T20:09:29.790Z,east of the South Sandwich Islands,earthquake,,,,,reviewed,us,us
1977-08-27T07:12:22.500Z,-8.062,125.3,25.0,6.8,ms,,,,,us,usp0000qbn,2025-12-19T20:09:31.180Z,"58 km N of Likisá, Timor Leste",earthquake,,,,,reviewed,us,us
1977-09-04T08:48:39.200Z,-13.682,166.706,33.0,6.5,ms,,,,,us,usp0000qfz,2025-12-19T20:08:16.648Z,"93 km WNW of Sola, Vanuatu",earthquake,,,,,reviewed,us,us
1977-09-04T17:24:42.800Z,51.144,177.954,8.0,6.6,ms,,,,,us,usp0000qga,2025-12-19T20:08:19.037Z,"Rat Islands, Aleutian Islands, Alaska",earthquake,,,,,reviewed,us,us
1977-10-10T11:53:53.600Z,-25.856,-175.406,33.0,7.2,ms,,,,,us,usp0000qzg,2025-12-19T20:06:23.412Z,south of Tonga,earthquake,,,,,reviewed,us,us
1977-10-17T17:26:40.400Z,-27.914,173.084,33.0,6.7,ms,,,,,us,usp0000r34,2025-12-19T20:06:31.606Z,north of New Zealand,earthquake,,,,,reviewed,us,us
1977-11-04T09:52:55.700Z,51.659,-175.952,33.0,6.7,ms,,,,,us,usp0000rc6,2025-12-19T20:05:32.451Z,"52 km ESE of Adak, Alaska",earthquake,,,,,reviewed,us,us
1977-11-18T05:20:11.300Z,32.693,88.388,33.0,6.5,ms,,,,,us,usp0000rk7,2025-12-19T20:05:48.371Z,western Xizang,earthquake,,,,,reviewed,us,us
1977-11-23T09:26:24.700Z,-31.028,-67.767,13.0,7.4,ms,,,,,us,usp0000rp1,2025-12-19T20:05:58.162Z,"San Juan, Argentina",earthquake,,,,,reviewed,us,us
1977-12-21T01:00:32.800Z,25.51,143.112,33.0,6.8,ms,,,,,us,usp0000s5w,2025-12-19T20:05:08.211Z,"Volcano Islands, Japan region",earthquake,,,,,reviewed,us,us
1977-12-28T02:45:36.700Z,16.659,40.278,33.0,6.6,ms,,,,,us,usp0000s8t,2025-12-19T20:05:27.682Z,"144 km NE of Massawa, Eritrea",earthquake,,,,,reviewed,us,us
1978-01-14T03:24:39.000Z,34.809,139.259,14.0,6.6,ms,,,,,us,usp0000sge,2025-12-19T20:04:03.064Z,"23 km SE of It?, Japan",earthquake,,,,,reviewed,us,us
1978-02-09T21:35:12.700Z,-30.683,-177.358,33.0,7.2,ms,,,,,us,usp0000swb,2025-12-19T20:03:33.835Z,"Kermadec Islands, New Zealand",earthquake,,,,,reviewed,us,us
1978-02-11T00:05:23.000Z,-30.414,-177.119,33.0,6.6,ms,,,,,us,usp0000sx3,2025-12-19T20:03:37.405Z,"Kermadec Islands, New Zealand",earthquake,,,,,reviewed,us,us
1978-03-07T02:48:47.600Z,32.005,137.609,439.0,6.9,mb,,,,,us,usp0000t8z,2022-04-27T15:48:53.051Z,"244 km SE of Shing?, Japan",earthquake,,,,,reviewed,us,us
1978-03-22T00:50:32.200Z,44.026,149.002,33.0,6.7,ms,,,,,us,usp0000th2,2025-12-19T20:03:00.970Z,"160 km SSE of Kuril’sk, Russia",earthquake,,,,,reviewed,us,us
1978-03-22T21:34:33.400Z,44.14,149.029,33.0,6.6,ms,,,,,us,usp0000thy,2025-12-19T20:03:01.671Z,"151 km SE of Kuril’sk, Russia",earthquake,,,,,reviewed,us,us
1978-03-23T00:31:02.100Z,44.209,148.971,46.0,6.8,ms,,,,,us,usp0000tj3,2025-12-19T20:03:02.326Z,"142 km SE of Kuril’sk, Russia",earthquake,,,,,reviewed,us,us
1978-03-23T03:15:20.300Z,44.932,148.439,33.0,7.5,ms,,,,,us,usp0000tjh,2025-12-19T20:03:04.495Z,"55 km SE of Kuril’sk, Russia",earthquake,,,,,reviewed,us,us
1978-03-23T19:12:23.600Z,44.343,149.737,33.0,6.8,ms,,,,,us,usp0000tm0,2025-12-19T20:03:06.023Z,"176 km SE of Kuril’sk, Russia",earthquake,,,,,reviewed,us,us
1978-03-24T19:47:50.700Z,44.244,148.862,33.0,7.6,ms,,,,,us,usp0000tmy,2025-12-19T20:03:07.863Z,"134 km SE of Kuril’sk, Russia",earthquake,,,,,reviewed,us,us
1978-03-24T21:05:48.200Z,42.839,78.606,33.0,7.1,ms,,,,,us,usp0000tn6,2025-12-19T20:03:08.574Z,"23 km ENE of Tyup, Kyrgyzstan",earthquake,,,,,reviewed,us,us
1978-04-10T20:52:18.900Z,-11.36,116.685,33.0,6.7,mb,,,,,us,usp0000u0r,2025-12-19T20:02:19.909Z,"297 km S of Praya, Indonesia",earthquake,,,,,reviewed,us,us
1978-04-12T03:42:03.500Z,56.423,-152.691,14.0,6.6,ms,,,,,us,usp0000u1x,2025-12-19T20:02:23.250Z,"94 km SSE of Old Harbor, Alaska",earthquake,,,,,reviewed,us,us
1978-05-13T07:08:46.200Z,-14.521,167.319,160.0,6.7,mb,,,,,us,usp0000uhc,2025-12-19T20:01:28.020Z,"63 km NNE of Port-Olry, Vanuatu",earthquake,,,,,reviewed,us,us
1978-05-24T06:16:55.400Z,51.232,-179.213,25.0,6.7,ms,,,,,us,usp0000uq0,2025-12-19T20:01:54.321Z,"192 km WSW of Adak, Alaska",earthquake,,,,,reviewed,us,us
1978-05-26T23:58:22.000Z,24.274,142.661,33.0,6.8,ms,,,,,us,usp0000usb,2025-12-19T20:02:00.256Z,"Volcano Islands, Japan region",earthquake,,,,,reviewed,us,us
1978-06-12T08:14:26.400Z,38.19,142.028,44.0,7.7,ms,,,,,us,usp0000v0f,2025-12-19T20:00:34.704Z,"68 km ESE of Ishinomaki, Japan",earthquake,,,,,reviewed,us,us
1978-06-14T12:32:33.900Z,8.249,122.403,24.0,6.9,ms,,,,,us,usp0000v1t,2025-12-19T20:00:37.187Z,"23 km NNW of Kalawit, Philippines",earthquake,,,,,reviewed,us,us
1978-06-17T15:11:33.500Z,-17.098,-172.264,33.0,7.0,ms,,,,,us,usp0000v3r,2025-12-19T20:00:48.813Z,"206 km SE of Hihifo, Tonga",earthquake,,,,,reviewed,us,us
1978-07-23T14:42:36.900Z,22.282,121.512,17.0,7.4,ms,,,,,us,usp0000vpz,2025-12-19T19:59:35.634Z,"85 km ENE of Hengchun, Taiwan",earthquake,,,,,reviewed,us,us
1978-08-23T00:38:32.200Z,10.204,-85.222,56.0,7.0,ms,,,,,us,usp0000w5v,2025-12-19T22:11:46.831Z,"19 km N of Nandayure, Costa Rica",earthquake,,,,,reviewed,us,us
1978-09-16T15:35:56.600Z,33.386,57.434,33.0,7.4,ms,,,,,us,usp0000wjx,2025-12-19T22:11:09.666Z,"52 km ESE of Tabas, Iran",earthquake,,,,,reviewed,us,us
1978-11-01T19:48:28.000Z,39.349,72.615,40.0,6.8,ms,,,,,us,usp0000x7g,2025-12-19T22:09:28.906Z,"38 km SE of Kyzyl-Eshme, Kyrgyzstan",earthquake,,,,,reviewed,us,us
1978-11-04T22:29:22.100Z,-11.23,162.176,33.0,6.9,ms,,,,,us,usp0000x94,2025-12-19T22:09:35.212Z,"90 km SSE of Kirakira, Solomon Islands",earthquake,,,,,reviewed,us,us
1978-11-05T22:02:07.100Z,-11.132,162.136,33.0,7.1,ms,,,,,us,usp0000x9z,2025-12-19T22:09:38.752Z,"78 km SSE of Kirakira, Solomon Islands",earthquake,,,,,reviewed,us,us
1978-11-29T19:52:47.600Z,16.01,-96.591,18.0,7.7,ms,,,,,us,usp0000xp7,2025-12-19T22:10:02.242Z,"2 km ESE of San Agustín Loxicha, Mexico",earthquake,,,,,reviewed,us,us
1978-12-06T14:02:01.000Z,44.592,146.581,91.0,6.7,mb,,,,,us,usp0000xsq,2025-12-19T22:09:06.668Z,"81 km NE of Otrada, Russia",earthquake,,,,,reviewed,us,us
1978-12-12T11:44:16.000Z,7.33,123.492,33.0,6.9,ms,,,,,us,usp0000xwj,2025-12-19T22:09:11.455Z,"15 km SSE of Malim, Philippines",earthquake,,,,,reviewed,us,us
1978-12-18T10:15:53.100Z,-54.476,2.073,10.0,6.5,ms,,,,,us,usp0000xz6,2025-12-19T22:09:17.592Z,Bouvet Island region,earthquake,,,,,reviewed,us,us
1978-12-23T11:23:12.000Z,23.247,122.075,33.0,7.0,ms,,,,,us,usp0000y1y,2025-12-19T22:09:23.632Z,"94 km SSE of Hualien City, Taiwan",earthquake,,,,,reviewed,us,us
1978-12-25T23:57:55.000Z,10.366,-103.865,10.0,6.5,ms,,,,,us,usp0000y47,2025-12-19T21:44:39.947Z,northern East Pacific Rise,earthquake,,,,,reviewed,us,us
1979-01-16T09:50:10.100Z,33.897,59.472,33.0,6.7,ms,,,,,us,usp0000yf2,2025-12-19T22:08:47.339Z,"32 km NE of Q?’en, Iran",earthquake,,,,,reviewed,us,us
1979-01-26T10:04:32.000Z,17.413,-100.877,41.0,6.6,ms,,,,,us,usp0000yks,2025-12-19T22:08:58.250Z,"15 km N of San Luis de La Loma, Mexico",earthquake,,,,,reviewed,us,us
1979-02-13T05:34:25.900Z,55.453,-157.162,33.0,6.7,ms,,,,,us,usp0000yu0,2025-12-19T22:08:10.474Z,"121 km SE of Chignik, Alaska",earthquake,,,,,reviewed,us,us
1979-02-16T10:08:53.400Z,-16.39,-72.658,53.0,6.9,ms,,,,,us,usp0000yvv,2025-12-19T22:08:14.070Z,"24 km NNE of El Cardo, Peru",earthquake,,,,,reviewed,us,us
1979-02-28T21:27:06.100Z,60.642,-141.593,15.0,7.1,ms,,,,,us,usp0000z2a,2025-12-19T21:44:34.525Z,"113 km SE of McCarthy, Alaska",earthquake,,,,,reviewed,ag,us
1979-03-14T11:07:16.300Z,17.813,-101.276,49.0,7.6,ms,,,,,us,usp0000zbw,2025-12-19T22:07:41.834Z,"12 km SSE of Vallecitos de Zaragoza, Mexico",earthquake,,,,,reviewed,us,us
1979-04-10T01:42:22.000Z,2.963,126.933,37.0,6.8,ms,,,,,us,usp0000zxb,2025-12-19T22:06:50.549Z,"181 km NW of Tobelo, Indonesia",earthquake,,,,,reviewed,us,us
1979-04-14T10:00:24.900Z,-36.007,-102.601,10.0,6.5,ms,,,,,us,usp0000zzp,2025-12-19T22:06:53.139Z,southeast of Easter Island,earthquake,,,,,reviewed,us,us
1979-04-15T06:19:44.100Z,42.096,19.209,10.0,6.9,ms,,,,1.1,us,usp000100b,2025-12-19T22:06:54.416Z,"6 km E of Stari Bar, Montenegro",earthquake,,,,,reviewed,us,us
1979-07-01T20:38:04.000Z,8.316,-82.943,28.0,6.5,ms,,,,,us,usp00011nk,2025-12-19T22:04:29.144Z,"9 km WNW of Puerto Armuelles, Panama",earthquake,,,,,reviewed,us,us
1979-07-24T19:31:19.800Z,-11.149,107.709,31.0,6.9,ms,,,,,us,usp000121k,2025-12-19T22:05:02.035Z,"south of Java, Indonesia",earthquake,,,,,reviewed,us,us
1979-08-25T08:44:04.000Z,10.731,-41.688,10.0,6.6,ms,,,,,us,usp00012m8,2025-12-19T22:04:22.848Z,northern Mid-Atlantic Ridge,earthquake,,,,,reviewed,us,us
1979-08-26T14:31:22.100Z,19.066,122.096,15.0,7.1,ms,,,,,us,usp00012mz,2025-12-19T22:04:25.404Z,"62 km N of San Vicente, Philippines",earthquake,,,,,reviewed,us,us
1979-09-12T05:17:51.400Z,-1.679,136.04,5.0,7.9,ms,,,,,us,usp00012wp,2025-12-19T22:03:30.543Z,"55 km S of Biak, Indonesia",earthquake,,,,,reviewed,us,us
1979-09-29T18:37:12.500Z,1.193,94.245,27.0,6.8,ms,,,,,us,usp000136a,2025-12-19T22:03:48.430Z,"276 km WSW of Sinabang, Indonesia",earthquake,,,,,reviewed,us,us
1979-10-12T10:25:22.300Z,-46.675,165.707,33.0,7.4,ms,,,,,us,usp00013ck,2025-12-19T22:02:53.984Z,"180 km W of Riverton, New Zealand",earthquake,,,,,reviewed,us,us
1979-10-23T09:51:06.700Z,-10.615,161.284,22.0,7.1,ms,,,,,us,usp00013nn,2025-12-19T22:03:07.464Z,"71 km WSW of Kirakira, Solomon Islands",earthquake,,,,,reviewed,us,us
1979-10-27T14:35:57.300Z,13.833,-90.881,58.0,6.8,ms,,,,,us,usp00013qx,2025-12-19T22:03:10.871Z,"12 km SSW of Puerto San José, Guatemala",earthquake,,,,,reviewed,us,us
1979-10-27T21:43:24.900Z,13.778,-90.73,65.0,6.6,ms,,,,,us,usp00013r5,2025-12-19T22:03:11.946Z,"17 km S of Iztapa, Guatemala",earthquake,,,,,reviewed,us,us
1979-11-13T20:43:38.800Z,-23.576,-174.858,32.0,6.6,ms,,,,,us,usp0001407,2025-12-19T22:02:17.405Z,"248 km S of ‘Ohonua, Tonga",earthquake,,,,,reviewed,us,us
1979-11-14T02:21:22.100Z,33.918,59.741,33.0,6.6,ms,,,,,us,usp000140d,2025-12-19T22:02:18.677Z,"55 km ENE of Q?’en, Iran",earthquake,,,,,reviewed,us,us
1979-11-16T15:21:25.700Z,-16.76,-179.984,33.0,6.9,ms,,,,,us,usp000141q,2025-12-19T22:02:21.049Z,"78 km ESE of Labasa, Fiji",earthquake,,,,,reviewed,us,us
1979-11-27T17:10:32.900Z,33.962,59.726,10.0,7.1,ms,,,,,us,usp000147t,2025-12-19T22:02:38.141Z,"56 km ENE of Q?’en, Iran",earthquake,,,,,reviewed,us,us
1979-12-12T07:59:03.300Z,1.598,-79.358,24.0,7.7,ms,,,,,us,usp00014ey,2025-12-19T22:01:32.648Z,"56 km NW of Valdez, Ecuador",earthquake,,,,,reviewed,us,us
1979-12-15T00:02:41.600Z,-3.299,102.712,33.0,6.6,ms,,,,,us,usp00014h9,2025-12-19T22:01:34.923Z,"16 km W of Lubuklinggau, Indonesia",earthquake,,,,,reviewed,us,us
1980-01-01T16:42:40.000Z,38.815,-27.78,10.0,6.7,ms,,,,,us,usp00014tu,2025-12-19T22:00:50.610Z,"29 km NE of Ribeira Seca, Portugal",earthquake,,,,,reviewed,us,us
1980-02-07T10:49:16.000Z,-54.158,158.89,10.0,6.5,ms,,,,,us,usp00015bk,2025-12-19T22:00:20.814Z,Macquarie Island region,earthquake,,,,,reviewed,us,us
1980-02-23T05:51:03.200Z,43.53,146.753,44.0,7.0,ms,,,,,us,usp00015mw,2025-12-19T22:00:39.536Z,"30 km S of Shikotan, Russia",earthquake,,,,,reviewed,us,us
1980-02-27T21:17:20.200Z,-6.017,150.189,53.0,6.6,ms,,,,,us,usp00015qz,2025-12-19T21:44:09.223Z,"51 km S of Kimbe, Papua New Guinea",earthquake,,,,,reviewed,us,us
1980-03-08T22:12:10.300Z,-22.673,171.357,38.0,6.7,ms,,,,,us,usp00015we,2025-12-19T21:59:47.099Z,southeast of the Loyalty Islands,earthquake,,,,,reviewed,us,us
1980-03-24T03:59:51.300Z,52.969,-167.67,33.0,6.9,ms,,,,,us,usp0001668,2025-12-19T22:00:04.192Z,"80 km E of Nikolski, Alaska",earthquake,,,,,reviewed,us,us
1980-04-13T18:04:31.900Z,-23.466,-177.297,79.0,6.7,mb,,,,,us,usp00016ma,2022-04-28T01:40:00.227Z,south of the Fiji Islands,earthquake,,,,,reviewed,us,us
1980-06-18T10:49:10.000Z,-15.268,-173.57,43.0,6.5,ms,,,,,us,usp00018a9,2025-12-19T21:58:14.389Z,"79 km NNE of Hihifo, Tonga",earthquake,,,,,reviewed,us,us
1980-06-18T17:14:54.500Z,9.475,126.657,54.0,6.8,ms,,,,,us,usp00018ad,2025-12-19T21:58:15.195Z,"55 km ENE of Cortes, Philippines",earthquake,,,,,reviewed,us,us
1980-06-25T23:18:20.400Z,-5.233,151.686,49.0,6.5,ms,,,,,us,usp00018ft,2025-12-19T21:58:28.305Z,"117 km SSW of Kokopo, Papua New Guinea",earthquake,,,,,reviewed,us,us
1980-07-08T23:19:19.800Z,-12.41,166.381,33.0,7.5,ms,,,,,us,usp00018r3,2025-12-19T21:57:03.789Z,"196 km SSE of Lata, Solomon Islands",earthquake,,,,,reviewed,us,us
1980-07-09T20:56:53.200Z,-12.689,166.004,33.0,6.7,ms,,,,,us,usp00018s5,2025-12-19T21:57:11.310Z,"213 km NW of Sola, Vanuatu",earthquake,,,,,reviewed,us,us
1980-07-14T16:15:01.700Z,-29.273,-177.154,49.0,6.6,ms,,,,,us,usp00018vj,2025-12-19T21:57:25.671Z,"Kermadec Islands, New Zealand",earthquake,,,,,reviewed,us,us
1980-07-16T19:56:46.700Z,-4.456,143.521,84.0,6.5,mb,,,,,us,usp00018xa,2022-04-28T01:32:49.175Z,"74 km SW of Angoram, Papua New Guinea",earthquake,,,,,reviewed,us,us
1980-07-17T19:42:23.200Z,-12.525,165.916,33.0,7.9,ms,,,,,us,usp00018y0,2025-12-19T21:43:49.412Z,"199 km S of Lata, Solomon Islands",earthquake,,,,,reviewed,us,us
1980-07-29T03:11:56.300Z,-13.101,166.338,48.0,6.7,ms,,,,,us,usp000194t,2025-12-19T21:57:51.012Z,"156 km WNW of Sola, Vanuatu",earthquake,,,,,reviewed,us,us
1980-07-29T14:58:40.800Z,29.598,81.092,18.0,6.5,ms,,,,,us,usp0001959,2025-12-19T21:43:51.194Z,"40 km NNE of Dipayal, Nepal",earthquake,,,,,reviewed,us,us
1980-09-26T15:20:37.100Z,-3.225,142.237,33.0,6.5,ms,,,,,us,usp00019zv,2025-12-19T21:56:11.320Z,"15 km SW of Aitape, Papua New Guinea",earthquake,,,,,reviewed,us,us
1980-10-10T12:25:23.500Z,36.195,1.354,10.0,7.3,ms,,,,,us,usp0001a5w,2025-12-19T21:55:19.430Z,"3 km NNE of Chlef, Algeria",earthquake,,,,,reviewed,us,us
1980-10-24T03:25:34.400Z,-21.989,170.165,33.0,6.7,ms,,,,,us,usp0001adk,2025-12-19T21:55:32.373Z,"241 km ESE of Tadine, New Caledonia",earthquake,,,,,reviewed,us,us
1980-10-25T07:00:07.900Z,-21.982,170.025,33.0,6.7,ms,,,,,us,usp0001aep,2025-12-19T21:55:37.619Z,"226 km ESE of Tadine, New Caledonia",earthquake,,,,,reviewed,us,us
1980-10-25T11:00:05.100Z,-21.89,169.853,33.0,7.2,ms,,,,,us,usp0001aez,2025-12-19T21:55:38.895Z,"207 km E of Tadine, New Caledonia",earthquake,,,,,reviewed,us,us
1980-10-25T16:20:04.800Z,-22.313,170.38,33.0,6.5,ms,,,,,us,usp0001afa,2025-12-19T21:43:37.514Z,"271 km ESE of Tadine, New Caledonia",earthquake,,,,,reviewed,us,us
1980-11-08T10:27:34.000Z,41.117,-124.253,19.0,7.2,mw,,,,,us,usp0001aq1,2025-12-19T21:54:44.916Z,"The 1980 Eureka, California Earthquake",earthquake,,,,,reviewed,us,01023
1980-11-11T10:36:58.200Z,-51.422,28.796,10.0,6.7,ms,,,,,us,usp0001arz,2025-12-19T21:43:32.787Z,south of Africa,earthquake,,,,,reviewed,us,us
1980-11-23T18:34:53.800Z,40.914,15.366,10.0,6.9,ms,,,,,us,usp0001ay4,2025-12-19T21:54:56.884Z,"2 km N of Cairano, Italy",earthquake,,,,,reviewed,us,us
1980-12-17T16:21:58.800Z,49.479,-129.496,10.0,6.8,ms,,,,,us,usp0001bax,2025-12-19T21:54:23.921Z,"212 km SW of Port McNeill, Canada",earthquake,,,,,reviewed,us,us
1980-12-31T10:32:11.000Z,46.06,151.453,33.0,6.5,ms,,,,,us,usp0001bhu,2025-12-19T21:54:38.004Z,"293 km ENE of Kuril’sk, Russia",earthquake,,,,,reviewed,us,us
1981-01-18T18:17:24.400Z,38.64,142.75,33.0,6.9,ms,,,,,us,usp0001bss,2025-12-19T21:53:50.432Z,"101 km ESE of ?funato, Japan",earthquake,,,,,reviewed,us,us
1981-01-19T15:11:01.000Z,-4.576,139.232,33.0,6.7,ms,,,,,us,usp0001bta,2025-12-19T21:53:55.033Z,"268 km SW of Abepura, Indonesia",earthquake,,,,,reviewed,us,us
1981-01-23T21:13:51.700Z,30.927,101.098,33.0,6.8,ms,,,,,us,usp0001bve,2025-12-19T21:53:58.846Z,"131 km NW of Kangding, China",earthquake,,,,,reviewed,us,us
1981-01-23T21:54:41.600Z,-29.682,60.839,10.0,6.8,ms,,,,,us,usp0001bvf,2025-12-19T21:53:59.604Z,Southwest Indian Ridge,earthquake,,,,,reviewed,us,us
1981-01-30T08:52:44.100Z,51.744,176.274,33.0,7.0,ms,,,,,us,usp0001byq,2025-12-19T21:54:05.110Z,"243 km ESE of Attu Station, Alaska",earthquake,,,,,reviewed,us,us
1981-02-17T15:18:33.700Z,-21.743,169.377,29.9,6.7,ms,,,,1.0,us,usp0001c85,2025-12-19T21:53:20.185Z,"156 km E of Tadine, New Caledonia",earthquake,,8.9,,25.0,reviewed,us,us
1981-02-24T20:53:38.470Z,38.222,22.934,33.0,6.7,ms,,,,1.2,us,usp0001ccb,2025-12-19T21:53:32.083Z,"5 km SW of Domvraína, Greece",earthquake,,,,15.0,reviewed,us,us
1981-04-24T21:50:06.090Z,-13.426,166.421,33.0,6.9,ms,,,,1.3,us,usp0001db4,2025-12-19T21:52:06.149Z,"132 km WNW of Sola, Vanuatu",earthquake,,,,22.0,reviewed,us,us
1981-04-27T18:17:33.780Z,-57.591,148.079,10.0,6.5,ms,,,,1.4,us,usp0001ddz,2025-12-19T21:52:14.569Z,west of Macquarie Island,earthquake,,,,13.0,reviewed,us,us
1981-05-25T05:25:14.460Z,-48.786,164.357,33.0,7.6,ms,,,,1.2,us,usp0001dv1,2025-12-19T21:51:32.072Z,off the west coast of the South Island of New Zealand,earthquake,,,,10.0,reviewed,us,us
1981-06-11T07:24:25.230Z,29.913,57.715,33.0,6.7,ms,,,,1.0,us,usp0001e35,2025-12-19T21:50:53.650Z,"73 km SE of Kerman, Iran",earthquake,,,,20.0,reviewed,us,us
1981-07-06T03:08:24.180Z,-22.293,171.742,33.0,7.0,ms,,,,0.9,us,usp0001ej2,2025-12-19T21:49:41.933Z,southeast of the Loyalty Islands,earthquake,,,,14.0,reviewed,us,us
1981-07-15T07:59:08.470Z,-17.26,167.601,30.0,7.0,ms,,,,1.0,us,usp0001eq4,2025-12-19T21:49:57.494Z,"92 km NW of Port-Vila, Vanuatu",earthquake,,,,18.0,reviewed,us,us
1981-07-28T17:22:24.620Z,30.013,57.794,33.0,7.1,ms,,,,1.2,us,usp0001ezf,2025-12-19T21:50:33.477Z,"75 km ESE of Kerman, Iran",earthquake,,,,13.0,reviewed,us,us
1981-09-01T09:29:31.540Z,-14.96,-173.085,25.0,7.7,ms,,,,1.2,us,usp0001fkx,2025-12-19T21:48:20.414Z,"133 km NE of Hihifo, Tonga",earthquake,,,,13.0,reviewed,us,us
1981-09-03T05:35:44.800Z,43.621,147.031,45.0,6.6,ms,,,,0.8,us,usp0001fn5,2025-12-19T21:48:23.658Z,"31 km SE of Shikotan, Russia",earthquake,,,,19.0,reviewed,us,us
1981-09-17T08:23:24.640Z,-22.518,170.506,30.0,6.6,ms,,,,1.0,us,usp0001fxr,2025-12-19T21:48:38.123Z,"291 km ESE of Tadine, New Caledonia",earthquake,,,,18.0,reviewed,us,us
1981-10-16T03:25:42.220Z,-33.134,-73.074,33.0,7.2,ms,,,,0.8,us,usp0001gg1,2025-12-19T21:48:04.937Z,"135 km W of Valparaíso, Chile",earthquake,,,,16.0,reviewed,us,us
1981-10-25T03:22:15.570Z,18.048,-102.084,33.0,7.3,ms,,,,1.2,us,usp0001gnv,2025-12-19T21:42:53.444Z,"7 km NNE of Petacalco, Mexico",earthquake,,,,16.0,reviewed,us,us
1981-11-06T16:47:49.100Z,-3.558,143.79,33.0,6.9,ms,,,,1.2,us,usp0001gud,2025-12-19T21:42:45.600Z,"17 km E of Wewak, Papua New Guinea",earthquake,,,,18.0,reviewed,us,us
1981-11-07T03:29:51.090Z,-32.199,-71.336,65.2,6.8,ms,,,,1.0,us,usp0001gun,2025-12-19T21:47:31.116Z,"29 km NNW of La Ligua, Chile",earthquake,,2.8,,23.0,reviewed,us,us
1981-11-22T15:05:20.560Z,18.752,120.839,24.0,6.5,ms,,,,1.0,us,usp0001h39,2025-12-19T21:47:49.363Z,"21 km NNE of Pagudpud, Philippines",earthquake,,,,15.0,reviewed,us,us
1981-11-24T23:30:32.630Z,-22.504,170.635,29.8,6.7,ms,,,,1.1,us,usp0001h4g,2025-12-19T21:42:50.388Z,southeast of the Loyalty Islands,earthquake,,3.0,,19.0,reviewed,us,us
1981-12-19T14:10:50.720Z,39.243,25.227,10.0,7.2,ms,,,,1.2,us,usp0001hgc,2025-12-19T21:47:07.018Z,"61 km W of Eresós, Greece",earthquake,,,,12.0,reviewed,us,us
1981-12-24T05:33:20.710Z,-29.97,-177.61,28.0,6.8,ms,,,,1.2,us,usp0001hmm,2025-12-19T21:47:11.202Z,"Kermadec Islands, New Zealand",earthquake,,,,22.0,reviewed,us,us
1981-12-26T17:05:32.520Z,-29.934,-177.741,33.0,7.1,ms,,,,1.2,us,usp0001hp7,2025-12-19T21:47:13.474Z,"Kermadec Islands, New Zealand",earthquake,,,,22.0,reviewed,us,us
1981-12-27T17:39:13.630Z,38.938,24.905,13.3,6.5,ms,,,,1.3,us,usp0001hpw,2025-12-19T21:47:15.930Z,"29 km E of Skýros, Greece",earthquake,,1.7,,10.0,reviewed,us,us
1982-01-01T18:51:01.560Z,26.823,142.557,22.2,6.7,ms,,,,0.9,us,usp0001huc,2025-12-19T21:46:21.611Z,"Bonin Islands, Japan region",earthquake,,2.6,,23.0,reviewed,us,us
1982-01-03T14:09:50.450Z,-0.972,-21.87,10.0,6.5,ms,,,,1.0,us,usp0001hvb,2025-12-19T21:46:22.689Z,central Mid-Atlantic Ridge,earthquake,,,,12.0,reviewed,us,us
1982-01-11T06:10:06.490Z,13.752,124.358,45.7,7.1,ms,,,,1.1,us,usp0001hze,2025-12-19T21:46:27.548Z,"4 km SW of Gigmoto, Philippines",earthquake,,3.7,,19.0,reviewed,us,us
1982-01-18T19:27:24.450Z,40.004,24.319,10.0,6.8,ms,,,,1.3,us,usp0001j3b,2025-12-19T21:46:36.371Z,"28 km SSE of Karyes, Greece",earthquake,,,,15.0,reviewed,us,us
1982-01-23T17:37:30.260Z,31.696,82.246,33.0,6.5,ms,,,,1.1,us,usp0001j88,2025-12-19T21:46:46.663Z,"185 km NNE of Burang, China",earthquake,,,,11.0,reviewed,us,us
1982-02-20T13:26:50.360Z,-10.861,166.015,36.0,6.8,ms,,,,1.1,us,usp0001jqv,2025-12-19T21:46:10.334Z,"28 km ESE of Lata, Solomon Islands",earthquake,,,,20.0,reviewed,us,us
1982-02-20T19:18:20.240Z,33.579,140.999,18.0,6.5,ms,,,,0.9,us,usp0001jr4,2025-12-19T21:42:36.571Z,"184 km SSE of Katsuura, Japan",earthquake,,,,26.0,reviewed,us,us
1982-03-21T02:32:07.740Z,42.158,142.361,44.0,6.7,ms,,,,1.1,us,usp0001k81,2025-12-19T21:45:23.446Z,"19 km S of Shizunai-furukawach?, Japan",earthquake,,,,22.0,reviewed,us,us
1982-04-06T19:56:53.450Z,14.315,-92.082,64.8,6.5,ms,,,,1.0,us,usp0001kjv,2025-12-19T21:42:00.689Z,"18 km W of Champerico, Guatemala",earthquake,,2.0,,23.0,reviewed,us,us
1982-05-02T11:19:38.010Z,-29.318,-177.151,25.4,6.5,ms,,,,1.3,us,usp0001m22,2025-12-19T21:41:22.491Z,"Kermadec Islands, New Zealand",earthquake,,4.0,,22.0,reviewed,us,us
1982-05-07T05:38:34.890Z,-60.597,-20.877,10.0,6.7,ms,,,,1.4,us,usp0001m51,2025-12-19T20:59:43.889Z,east of the South Sandwich Islands,earthquake,,,,20.0,reviewed,us,us
1982-06-07T06:52:37.370Z,16.607,-98.149,40.5,6.9,ms,,,,1.1,us,usp0001mrd,2025-12-19T21:40:40.801Z,"1 km SE of San Juan Cacahuatepec, Mexico",earthquake,,3.1,,16.0,reviewed,us,us
1982-06-07T10:59:40.160Z,16.558,-98.358,33.8,7.0,ms,,,,1.1,us,usp0001mrg,2025-12-19T21:40:42.252Z,"5 km NNW of San Juan Bautista Lo de Soto, Mexico",earthquake,,2.8,,20.0,reviewed,us,us
1982-06-19T06:21:58.540Z,13.332,-89.387,73.0,7.29,mw,,,,,iscgem,iscgem597450,2022-04-28T00:35:09.375Z,"18 km SSW of La Libertad, El Salvador",earthquake,,5.2,0.1,,reviewed,iscgem,iscgem
1982-06-30T01:57:34.150Z,44.679,151.143,33.0,6.9,ms,,,,0.8,us,usp0001n6n,2025-12-19T21:41:18.973Z,"264 km ESE of Kuril’sk, Russia",earthquake,,,,20.0,reviewed,us,us
1982-07-04T01:20:06.800Z,27.929,136.967,536.0,7.1,mw,,,,1.0,us,usp0001n8w,2022-04-28T00:31:11.252Z,"west of the Bonin Islands, Japan",earthquake,,,,,reviewed,us,nc
1982-07-07T10:43:03.740Z,-51.225,160.513,10.0,7.0,ms,,,,1.3,us,usp0001nap,2025-12-19T20:59:36.383Z,north of Macquarie Island,earthquake,,,,13.0,reviewed,us,us
1982-07-23T14:23:53.570Z,36.194,141.702,36.6,7.1,mw,,,,1.0,us,usp0001nkk,2025-12-19T21:40:15.501Z,"93 km ENE of Hasaki, Japan",earthquake,,3.4,,,reviewed,us,nc
1982-08-05T20:32:52.950Z,-12.597,165.931,30.7,7.0,mw,,,,1.4,us,usp0001nvd,2025-12-19T21:38:58.561Z,"207 km S of Lata, Solomon Islands",earthquake,,9.4,,,reviewed,us,nc
1982-08-12T02:13:08.690Z,-4.354,153.158,45.0,6.5,mw,,,,1.2,us,usp0001nzq,2025-12-19T21:39:11.069Z,"98 km E of Kokopo, Papua New Guinea",earthquake,,,,,reviewed,us,nc
1982-08-19T15:59:01.530Z,6.718,-82.68,10.0,6.8,mw,,,,1.2,us,usp0001p53,2025-12-19T21:39:22.337Z,"146 km S of Punta de Burica, Panama",earthquake,,,,,reviewed,us,nc
1982-09-06T01:47:02.730Z,29.325,140.36,175.8,6.8,mw,,,,1.1,us,usp0001pej,2022-04-28T00:25:25.171Z,"Izu Islands, Japan region",earthquake,,1.8,,,reviewed,us,nc
1982-11-18T14:57:52.400Z,-1.719,-76.703,195.0,6.6,mw,,,,1.1,us,usp0001qzr,2022-04-28T00:21:19.546Z,"122 km SSE of Boca Suno, Ecuador",earthquake,,,,,reviewed,us,nc
1982-11-19T04:27:13.840Z,-10.599,-74.699,14.0,6.7,mw,,,,1.1,us,usp0001r03,2025-12-19T21:36:55.130Z,"40 km NNE of Santa Rosa, Peru",earthquake,,,,,reviewed,us,nc
1982-12-03T22:29:59.730Z,-13.323,167.205,256.7,6.6,mw,,,,1.1,us,usp0001r8k,2022-04-28T00:17:32.230Z,"71 km NNW of Sola, Vanuatu",earthquake,,3.3,,,reviewed,us,nc
1982-12-16T00:40:48.720Z,36.148,69.011,36.0,6.6,ms,,,,1.1,us,usp0001rg4,2025-12-19T21:35:35.107Z,"14 km NW of Nahr?n, Afghanistan",earthquake,,,,11.0,reviewed,us,us
1982-12-17T02:43:03.660Z,24.595,122.547,86.9,6.5,mw,,,,1.2,us,usp0001rgn,2022-04-27T23:01:18.604Z,"48 km WNW of Yonakuni, Japan",earthquake,,1.7,,,reviewed,us,nc
1982-12-19T17:43:54.850Z,-24.133,-175.864,33.0,7.2,mw,,,,1.5,us,usp0001rj6,2025-12-19T21:35:43.204Z,south of Tonga,earthquake,,,,,reviewed,us,nc
1983-01-16T22:10:12.230Z,-5.458,147.046,234.9,6.7,mw,,,,0.9,us,usp0001s9g,2022-04-28T00:16:22.105Z,"140 km N of Lae, Papua New Guinea",earthquake,,1.4,,,reviewed,us,nc
1983-01-17T12:41:29.700Z,38.026,20.228,14.3,7.0,mw,,,,1.3,us,usp0001sa1,2025-12-19T21:34:22.730Z,"26 km SW of Lixoúri, Greece",earthquake,,1.9,,,reviewed,us,nc
1983-01-18T15:23:36.850Z,-57.966,-24.311,56.0,6.5,ms,,,,1.2,us,usp0001sc6,2025-12-19T21:34:27.342Z,South Sandwich Islands region,earthquake,,,,14.0,reviewed,us,us
1983-01-24T23:09:21.430Z,12.942,93.582,78.0,6.8,mw,,,,1.3,us,usp0001sjv,2022-04-28T00:17:15.235Z,"166 km NE of Bamboo Flat, India",earthquake,,,,,reviewed,us,nc
1983-01-26T16:02:21.350Z,-30.383,-179.339,238.0,7.0,mw,,,,1.2,us,usp0001smj,2022-04-28T00:17:18.777Z,Kermadec Islands region,earthquake,,,,,reviewed,us,nc
1983-02-14T03:20:04.470Z,54.931,-159.189,47.0,6.5,mw,,,,1.3,us,usp0001t1b,2025-12-19T21:33:19.222Z,"94 km ESE of Sand Point, Alaska",earthquake,,,,,reviewed,us,nc
1983-02-25T22:49:54.730Z,-18.268,-69.438,146.0,6.9,mw,,,,1.1,us,usp0001tax,2022-04-28T00:13:58.483Z,"77 km SE of Palca, Peru",earthquake,,,,,reviewed,us,nc
1983-03-12T01:36:35.810Z,-4.056,127.924,16.9,6.7,mw,,,,1.1,us,usp0001tk3,2025-12-19T21:32:33.671Z,"49 km SW of Ambon, Indonesia",earthquake,,1.6,,,reviewed,us,nc
1983-03-15T19:58:30.450Z,5.346,126.566,41.0,6.7,mw,,,,1.3,us,usp0001tp6,2025-12-19T21:32:40.183Z,"120 km SSE of Pondaguitan, Philippines",earthquake,,,,,reviewed,us,nc
1983-03-18T09:05:50.000Z,-4.883,153.581,88.8,7.6,ms,,,,1.3,us,usp0001tr1,2022-04-28T00:10:18.946Z,"157 km ESE of Kokopo, Papua New Guinea",earthquake,,3.0,,9.0,reviewed,us,us
1983-03-21T07:44:17.790Z,-21.466,-175.451,68.0,6.7,mw,,,,1.0,us,usp0001tte,2025-12-19T21:32:47.833Z,"41 km SW of Vaini, Tonga",earthquake,,,,,reviewed,us,nc
1983-04-03T02:50:01.180Z,8.717,-83.123,37.0,7.1,mw,,,,1.0,us,usp0001u4p,2025-12-19T21:31:13.405Z,"12 km N of Golfito, Costa Rica",earthquake,,,,,reviewed,us,nc
1983-04-04T02:51:34.360Z,5.723,94.722,78.5,6.9,mw,,,,1.0,us,usp0001u5s,2022-04-28T00:04:31.749Z,"68 km WSW of Sabang, Indonesia",earthquake,,2.8,,,reviewed,us,nc
1983-04-04T23:12:47.190Z,49.408,155.602,51.0,6.5,mw,,,,0.9,us,usp0001u6e,2025-12-19T21:31:16.321Z,"145 km SSW of Severo-Kuril’sk, Russia",earthquake,,,,,reviewed,us,nc
1983-04-08T02:28:25.580Z,11.429,57.52,10.0,6.7,mw,,,,1.1,us,usp0001u8x,2025-12-19T21:31:22.573Z,Owen Fracture Zone region,earthquake,,,,,reviewed,us,nc
1983-04-12T12:07:54.520Z,-4.843,-78.103,104.2,7.0,mw,,,,1.2,us,usp0001uct,2022-04-28T00:06:31.555Z,"92 km NNE of La Peca, Peru",earthquake,,3.2,,,reviewed,us,nc
1983-04-18T10:58:51.260Z,27.793,62.054,64.0,7.0,mw,,,,1.2,us,usp0001uj8,2025-12-19T21:31:55.427Z,"95 km ESE of Kh?sh, Iran",earthquake,,3.2,,,reviewed,us,nc
1983-04-30T14:03:49.230Z,41.473,143.764,30.4,6.5,mb,,,,1.0,us,usp0001uvt,2025-12-19T21:32:15.547Z,"150 km SE of Shizunai-furukawach?, Japan",earthquake,,1.4,,108.0,reviewed,us,us
1983-05-02T23:42:38.060Z,36.2316667,-120.312,9.578,6.7,ml,64.0,137.0,0.03063,0.07,nc,nc1091100,2025-12-19T21:30:26.448Z,"The 1983 Coalinga, California Earthquake",earthquake,0.28,0.24,,0.0,reviewed,nc,nc
1983-05-10T11:02:35.810Z,-5.399,150.896,112.4,6.5,mw,,,,1.0,us,usp0001v7c,2022-04-28T00:01:26.223Z,"85 km ENE of Kimbe, Papua New Guinea",earthquake,,1.9,,,reviewed,us,nc
1983-05-10T18:27:31.890Z,-4.805,152.509,71.6,6.7,mw,,,,1.0,us,usp0001v7p,2025-12-19T21:30:37.897Z,"57 km SSE of Kokopo, Papua New Guinea",earthquake,,1.6,,,reviewed,us,nc
1983-05-15T00:24:00.680Z,-18.907,-175.641,33.0,6.5,ms,,,,1.2,us,usp0001vbx,2025-12-19T21:30:43.015Z,"168 km NW of Pangai, Tonga",earthquake,,,,24.0,reviewed,us,us
1983-05-26T02:59:59.600Z,40.462,139.102,23.7,7.4,mw,,,,1.1,us,usp0001vmy,2025-12-19T21:30:54.533Z,"83 km WNW of Noshiro, Japan",earthquake,,1.7,,,reviewed,us,nc
1983-06-01T01:59:54.680Z,-17.038,-174.605,179.6,6.6,mw,,,,1.0,us,usp0001vuc,2022-04-27T23:56:43.352Z,"147 km SW of Hihifo, Tonga",earthquake,,,,,reviewed,us,nc
1983-06-21T06:25:27.350Z,41.346,139.099,9.9,6.7,mw,,,,1.1,us,usp0001w81,2025-12-19T21:30:07.124Z,"122 km WNW of Shimokizukuri, Japan",earthquake,,1.3,,,reviewed,us,nc
1983-06-24T09:06:45.800Z,24.176,122.402,44.1,6.7,mw,,,,1.0,us,usp0001wb0,2025-12-19T21:30:12.333Z,"68 km WSW of Yonakuni, Japan",earthquake,,1.7,,,reviewed,us,nc
1983-06-24T09:07:14.300Z,21.4,102.604,33.0,6.9,ms,,,,1.5,us,usp0001wb1,2020-08-26T22:45:18.803Z,"43 km W of Dien Bien Phu, Vietnam",earthquake,,,,1.0,reviewed,us,us
1983-07-03T17:14:23.170Z,9.652,-83.688,33.0,6.5,mw,,,,1.0,us,usp0001wjc,2025-12-19T21:29:03.099Z,"17 km S of Pejibaye, Costa Rica",earthquake,,,,,reviewed,us,nc
1983-07-11T12:56:28.370Z,-60.889,-53.02,10.0,6.9,mw,,,,1.2,us,usp0001wq7,2025-12-19T20:58:59.073Z,South Shetland Islands,earthquake,,,,,reviewed,us,nc
1983-07-12T15:10:03.400Z,61.031,-147.286,37.0,6.6,mw,,,,0.9,us,usp0001wrg,2025-12-19T21:29:18.214Z,"37 km WNW of Tatitlek, Alaska",earthquake,,1.3,,,reviewed,us,nc
1983-08-06T15:43:51.240Z,40.142,24.766,2.4,6.8,mw,,,,1.2,us,usp0001xcs,2025-12-19T21:28:30.753Z,"39 km NW of Mýrina, Greece",earthquake,,1.0,,,reviewed,us,nc
1983-08-17T10:55:54.130Z,55.867,161.287,62.6,7.1,mw,,,,1.2,us,usp0001xqy,2022-04-27T23:53:18.132Z,"57 km SSE of Klyuchi, Russia",earthquake,,5.4,,,reviewed,us,nc
1983-08-17T12:17:56.010Z,18.231,120.86,28.8,6.5,ms,,,,1.1,us,usp0001xr0,2025-12-19T21:28:39.747Z,"16 km ENE of Piddig, Philippines",earthquake,,,,7.0,reviewed,us,us
1983-08-25T20:23:33.320Z,33.509,131.484,126.4,6.5,mw,,,,1.1,us,usp0001xxv,2022-04-27T23:53:34.888Z,"6 km SE of Bungo-Takada-shi, Japan",earthquake,,1.0,,,reviewed,us,nc
1983-09-17T12:11:42.790Z,-16.636,-177.476,33.0,6.7,mw,,,,1.2,us,usp0001yeg,2025-12-19T20:58:52.125Z,"266 km SSE of Alo, Wallis and Futuna",earthquake,,,,,reviewed,us,nc
1983-10-04T18:52:13.300Z,-26.535,-70.563,14.8,7.4,mw,,,,1.2,us,usp0001ytj,2025-12-19T21:27:16.800Z,"54 km WSW of Diego de Almagro, Chile",earthquake,,3.5,,,reviewed,us,nc
1983-10-09T11:25:40.580Z,-26.135,-70.518,16.1,6.7,mw,,,,1.1,us,usp0001yvs,2025-12-19T21:27:19.137Z,"53 km WNW of Diego de Almagro, Chile",earthquake,,3.4,,,reviewed,us,nc
1983-10-15T10:56:50.800Z,-8.101,156.311,7.4,6.5,mw,,,,1.0,us,usp0001z0k,2025-12-19T21:27:26.835Z,"58 km W of Gizo, Solomon Islands",earthquake,,3.3,,,reviewed,us,nc
1983-10-16T05:32:28.710Z,1.084,121.052,40.1,6.5,mw,,,,1.1,us,usp0001z19,2025-12-19T21:27:28.497Z,"231 km WNW of Gorontalo, Indonesia",earthquake,,,,,reviewed,us,nc
1983-10-22T04:21:35.010Z,-60.665,-25.451,24.0,7.2,mw,,,,1.3,us,usp0001z5e,2025-12-19T21:27:37.111Z,South Sandwich Islands region,earthquake,,,,,reviewed,us,nc
1983-10-22T13:07:39.170Z,-60.62,-25.392,33.0,6.5,mw,,,,1.1,us,usp0001z5u,2025-12-19T21:27:38.581Z,South Sandwich Islands region,earthquake,,,,,reviewed,us,nc
1983-10-25T00:36:23.430Z,1.131,120.858,33.0,6.5,mw,,,,1.3,us,usp0001z8j,2025-12-19T21:27:41.655Z,"250 km NNE of Palu, Indonesia",earthquake,,,,,reviewed,us,nc
1983-10-27T19:43:48.410Z,1.093,120.833,27.7,6.6,mw,,,,1.1,us,usp0001zb4,2025-12-19T21:27:43.357Z,"245 km NNE of Palu, Indonesia",earthquake,,2.3,,,reviewed,us,nc
1983-10-28T14:06:06.610Z,44.058,-113.857,10.0,6.9,mw,,,,1.1,us,usp0001zbv,2026-08-22T23:19:57.668Z,"The 1983 Borah Peak Earthquake, Idaho",earthquake,,,,,reviewed,us,nc
1983-10-30T04:12:27.130Z,40.33,42.187,11.6,6.8,mw,,,,1.1,us,usp0001zdn,2025-12-19T21:27:46.612Z,"27 km E of Narman, Turkey",earthquake,,3.0,,,reviewed,us,nc
1983-11-07T08:42:29.920Z,1.27,128.335,59.4,6.6,mw,,,,1.3,us,usp0001zmc,2025-12-19T21:26:40.817Z,"62 km SE of Tobelo, Indonesia",earthquake,,,,,reviewed,us,nc
1983-11-16T16:13:00.140Z,19.4263333,-155.4495,8.722,6.71,md,39.0,56.0,,0.12,hv,hv19832953,2025-12-19T21:26:55.208Z,"22 km W of Volcano, Hawaii",earthquake,0.44,0.9,,1.0,reviewed,hv,hv
1983-11-22T14:21:03.080Z,0.482,-79.877,54.9,6.6,mw,,,,1.2,us,usp0001zzs,2025-12-19T21:27:00.536Z,"21 km SE of Muisne, Ecuador",earthquake,,,,,reviewed,us,nc
1983-11-24T05:30:34.230Z,-7.481,128.168,178.5,7.3,mw,,,,1.2,us,usp000200r,2022-04-27T23:45:57.945Z,"172 km NE of Lospalos, Timor Leste",earthquake,,2.2,,,reviewed,us,nc
1983-11-30T17:46:00.670Z,-6.852,72.11,10.0,7.3,mw,,,,1.2,us,usp000205u,2025-12-19T21:27:09.099Z,Chagos Archipelago region,earthquake,,,,,reviewed,us,nc
1983-12-02T03:09:05.660Z,14.066,-91.924,67.1,7.0,mw,,,,1.1,us,usp000207b,2025-12-19T21:25:50.831Z,"25 km S of Champerico, Guatemala",earthquake,,2.0,,,reviewed,us,nc
1983-12-21T12:05:06.380Z,-28.19,-63.172,601.9,6.9,mw,,,,1.0,us,usp00020ph,2022-04-27T23:42:03.307Z,"38 km SE of Suncho Corral, Argentina",earthquake,,,,,reviewed,us,nc
1983-12-30T23:52:39.930Z,36.372,70.738,214.5,7.4,mw,,,,1.0,us,usp00020xw,2022-04-27T23:43:31.914Z,"55 km S of Jurm, Afghanistan",earthquake,,,,,reviewed,us,nc
1984-01-01T09:03:38.850Z,33.683,136.894,368.1,7.2,mw,,,,1.2,us,usp00020z7,2022-04-27T23:37:08.062Z,"77 km ESE of Owase, Japan",earthquake,,0.9,,,reviewed,us,nc
1984-01-08T15:24:13.560Z,-2.823,118.806,33.0,7.0,mw,,,,1.3,us,usp000213u,2022-09-29T17:24:59.195Z,"18 km SSW of Mamuju, Indonesia",earthquake,,,,,reviewed,us,nc
1984-02-07T21:33:21.490Z,-10.012,160.469,18.1,7.6,mw,,,,1.4,us,usp00021u7,2022-04-27T23:34:22.015Z,"85 km SE of Honiara, Solomon Islands",earthquake,,,,,reviewed,us,hrv
1984-03-05T03:33:50.990Z,8.147,123.762,649.1,7.3,mw,,,,0.9,us,usp00022es,2022-04-27T23:28:33.557Z,"4 km NNW of Tabid, Philippines",earthquake,,,,,reviewed,us,nc
1984-03-06T02:17:21.260Z,29.384,138.935,457.4,7.4,mw,,,,1.0,us,usp00022fa,2022-04-27T23:28:52.551Z,"Izu Islands, Japan region",earthquake,,,,,reviewed,us,hrv
1984-03-19T20:28:38.240Z,40.32,63.35,14.5,7.0,mw,,,,0.9,us,usp00022s5,2022-04-27T23:30:28.296Z,"22 km NNW of Gazli, Uzbekistan",earthquake,,,,,reviewed,us,nc
1984-03-24T09:44:02.600Z,44.117,148.192,44.4,7.2,mw,,,,1.2,us,usp00022y2,2022-04-27T23:31:42.532Z,"123 km ENE of Shikotan, Russia",earthquake,,,,,reviewed,us,hrv
1984-03-27T20:06:33.250Z,-4.647,145.805,27.6,6.5,mw,,,,1.2,us,usp000231k,2022-04-27T23:32:04.750Z,"63 km N of Madang, Papua New Guinea",earthquake,,2.8,,,reviewed,us,hrv
1984-04-06T23:08:22.340Z,-18.903,168.85,182.4,6.8,mw,,,,1.3,us,usp00023aj,2022-04-27T23:25:55.493Z,"84 km NNW of Isangel, Vanuatu",earthquake,,,,,reviewed,us,hrv
1984-04-18T06:49:13.940Z,-15.934,-174.352,149.7,6.5,mw,,,,1.1,us,usp00023n2,2022-04-27T23:26:13.797Z,"59 km W of Hihifo, Tonga",earthquake,,,,,reviewed,us,hrv
1984-04-23T21:40:35.510Z,47.45,146.692,414.1,6.5,mw,,,,1.0,us,usp00023ue,2022-04-27T23:27:31.501Z,"263 km NNW of Kuril’sk, Russia",earthquake,,,,,reviewed,us,hrv
1984-04-24T04:11:29.090Z,30.909,138.431,403.1,6.9,mw,,,,1.2,us,usp00023uq,2022-04-27T23:27:36.451Z,"Izu Islands, Japan region",earthquake,,1.1,,,reviewed,us,hrv
1984-05-17T16:53:46.370Z,-36.429,52.419,10.0,6.9,mw,,,,1.2,us,usp00024ev,2022-04-27T23:24:03.994Z,Southwest Indian Ridge,earthquake,,,,,reviewed,us,hrv
1984-05-26T03:58:56.950Z,-43.548,38.944,10.0,6.7,mw,,,,1.3,us,usp00024mx,2022-04-27T23:24:54.272Z,Prince Edward Islands region,earthquake,,,,,reviewed,us,hrv
1984-05-30T07:49:43.660Z,-4.843,151.577,174.4,7.1,mw,,,,1.2,us,usp00024qw,2022-04-27T23:25:31.740Z,"94 km SW of Kokopo, Papua New Guinea",earthquake,,,,,reviewed,us,hrv
1984-06-15T14:22:23.080Z,-15.816,-174.831,246.6,6.6,mw,,,,0.9,us,usp000251s,2022-04-27T23:20:23.163Z,"111 km W of Hihifo, Tonga",earthquake,,,,,reviewed,us,hrv
1984-06-18T11:20:17.940Z,-15.705,-72.491,116.8,6.5,mw,,,,1.0,us,usp000253j,2022-04-27T23:20:45.835Z,"7 km WNW of Uñon, Peru",earthquake,,,,,reviewed,us,hrv
1984-06-24T11:17:11.920Z,17.984,-69.338,23.9,6.9,mw,,,,1.0,us,usp000257x,2022-04-27T23:21:25.770Z,"52 km S of San Pedro de Macorís, Dominican Republic",earthquake,,2.1,,,reviewed,us,nc
1984-07-05T05:21:48.930Z,-6.056,154.424,33.0,6.6,mw,,,,1.1,us,usp00025gm,2022-04-27T23:17:14.553Z,"120 km WNW of Panguna, Papua New Guinea",earthquake,,,,,reviewed,us,nc
1984-07-09T23:19:03.570Z,-5.788,111.298,533.5,6.7,mw,,,,1.3,us,usp00025mm,2022-04-27T23:17:37.954Z,"87 km NNE of Tayu, Indonesia",earthquake,,,,,reviewed,us,hrv
1984-08-06T12:01:52.400Z,-0.086,122.517,242.3,7.4,mw,,,,1.2,us,usp000268f,2022-04-27T23:13:56.807Z,"91 km SW of Gorontalo, Indonesia",earthquake,,,,,reviewed,us,hrv
1984-08-06T19:06:38.360Z,32.386,131.945,46.2,6.9,mw,,,,1.2,us,usp000268g,2022-04-27T23:14:02.661Z,"34 km SE of Nobeoka, Japan",earthquake,,1.3,,,reviewed,us,hrv
1984-09-10T03:14:10.100Z,40.503,-126.831,10.0,6.7,mw,,,,1.0,us,usp000278e,2022-04-27T22:59:50.702Z,"217 km W of Ferndale, California",earthquake,,,,,reviewed,us,nc
1984-09-18T17:02:44.310Z,34.006,141.5,47.6,6.8,mw,,,,1.0,us,usp00027ga,2022-04-27T23:13:07.866Z,"166 km SE of Katsuura, Japan",earthquake,,1.6,,,reviewed,us,hrv
1984-09-28T00:03:34.540Z,-25.849,-175.911,21.1,6.6,mw,,,,1.1,us,usp00027rt,2022-04-27T23:13:40.440Z,south of Tonga,earthquake,,2.0,,,reviewed,us,nc
1984-10-15T10:21:07.500Z,-15.86,-173.643,128.4,7.2,mw,,,,1.2,us,usp000286c,2022-04-27T23:10:45.129Z,"19 km ENE of Hihifo, Tonga",earthquake,,,,,reviewed,us,nc
1984-10-29T23:18:05.180Z,5.731,125.543,153.2,6.6,mw,,,,1.1,us,usp00028mq,2022-04-27T23:11:39.900Z,"4 km E of Kalbay, Philippines",earthquake,,,,,reviewed,us,hrv
1984-10-30T01:05:49.930Z,-17.109,-174.076,141.0,6.6,mw,,,,1.0,us,usp00028ms,2022-04-27T23:11:42.250Z,"131 km SSW of Hihifo, Tonga",earthquake,,,,,reviewed,us,hrv
1984-11-01T04:48:50.270Z,8.185,-38.794,10.0,7.1,mw,,,,1.0,us,usp00028pr,2022-04-27T22:59:47.193Z,central Mid-Atlantic Ridge,earthquake,,,,,reviewed,us,nc
1984-11-15T02:46:19.880Z,-22.022,170.95,104.7,7.1,mw,,,,1.0,us,usp000292p,2022-04-27T23:07:24.922Z,southeast of the Loyalty Islands,earthquake,,,,,reviewed,us,nc
1984-11-17T06:49:30.020Z,0.197,98.027,33.0,7.1,mw,,,,1.1,us,usp000294z,2022-04-27T23:07:37.809Z,"190 km SSW of Sibolga, Indonesia",earthquake,,,,,reviewed,us,hrv
1984-11-17T13:45:49.160Z,-18.785,-178.032,451.4,6.7,mw,,,,1.0,us,usp000295c,2022-04-27T23:07:55.011Z,Fiji region,earthquake,,,,,reviewed,us,hrv
1984-11-20T08:15:16.230Z,5.167,125.124,202.2,7.5,mw,,,,1.3,us,usp000297p,2022-04-27T23:08:14.899Z,"45 km SW of Sarangani, Philippines",earthquake,,2.6,,,reviewed,us,hrv
1984-11-22T17:07:36.160Z,-17.779,-178.05,645.8,6.5,mw,,,,1.0,us,usp00029ad,2022-04-27T23:08:34.089Z,"280 km E of Levuka, Fiji",earthquake,,1.5,,,reviewed,us,hrv
1984-11-23T04:46:06.380Z,-14.312,171.284,33.0,6.8,mw,,,,1.2,us,usp00029b2,2022-04-27T23:08:40.646Z,Vanuatu region,earthquake,,,,,reviewed,us,hrv
1984-12-28T10:37:53.760Z,56.194,163.46,33.0,6.7,mw,,,,1.1,us,usp0002afy,2022-04-27T23:04:39.216Z,"61 km E of Ust’-Kamchatsk Staryy, Russia",earthquake,,,,,reviewed,us,nc
1984-12-30T21:36:56.410Z,-36.663,177.512,39.3,6.8,mw,,,,1.4,us,usp0002ajv,2022-04-27T23:05:02.528Z,"150 km N of Opotiki, New Zealand",earthquake,,4.1,,,reviewed,us,hrv
1985-01-21T00:55:22.760Z,-0.953,128.507,33.0,6.9,mw,,,,1.3,us,usp0002b7w,2022-04-27T22:57:45.927Z,"214 km SSE of Sofifi, Indonesia",earthquake,,,,,reviewed,us,nc
1985-03-02T15:47:33.400Z,-1.964,119.727,43.5,6.7,mw,,,,1.2,us,usp0002cbw,2022-04-27T22:51:14.933Z,"112 km N of Rantepao, Indonesia",earthquake,,6.6,,,reviewed,us,hrv
1985-03-03T22:47:07.280Z,-33.135,-71.871,33.0,8.0,mw,,,,1.0,us,usp0002ccz,2022-04-27T22:51:17.618Z,"25 km WSW of Valparaíso, Chile",earthquake,,,,,reviewed,us,hrv
1985-03-04T00:32:21.870Z,-33.207,-71.663,33.0,7.4,mw,,,,1.0,us,usp0002cd3,2022-04-27T22:51:20.246Z,"19 km S of Valparaíso, Chile",earthquake,,,,,reviewed,us,hrv
1985-03-04T03:32:49.140Z,-32.925,-71.793,33.0,6.6,ms,,,,1.1,us,usp0002cdg,2022-04-27T22:51:24.149Z,"19 km NW of Valparaíso, Chile",earthquake,,,,3.0,reviewed,us,us
1985-03-13T19:34:57.690Z,43.51,-127.561,10.0,6.5,mw,,,,1.1,us,usp0002cuh,2022-04-27T22:52:51.903Z,"259 km W of Bandon, Oregon",earthquake,,,,,reviewed,us,hrv
1985-03-16T14:54:00.720Z,17.013,-62.448,13.4,6.5,mw,,,,1.0,us,usp0002cy6,2022-04-27T22:53:16.905Z,"18 km SE of Market Shop, Saint Kitts and Nevis",earthquake,,3.0,,,reviewed,us,nc
1985-03-17T10:41:38.480Z,-32.633,-71.551,33.0,6.7,mw,,,,1.2,us,usp0002cz9,2022-04-27T22:53:23.714Z,"35 km WNW of Hacienda La Calera, Chile",earthquake,,,,,reviewed,us,nc
1985-03-18T19:49:45.840Z,7.758,123.544,33.0,6.5,mw,,,,1.1,us,usp0002d0r,2022-04-27T22:53:26.008Z,"10 km SE of Muricay, Philippines",earthquake,,,,,reviewed,us,hrv
1985-03-19T04:01:08.000Z,-33.198,-71.653,42.2,6.7,mw,,,,1.2,us,usp0002d14,2022-04-27T22:53:27.250Z,"18 km S of Valparaíso, Chile",earthquake,,3.6,,,reviewed,us,nc
1985-03-25T05:14:35.140Z,-34.254,-72.185,45.0,6.5,mw,,,,1.1,us,usp0002d6c,2022-04-27T22:53:42.378Z,"86 km WNW of Santa Cruz, Chile",earthquake,,3.4,,,reviewed,us,nc
1985-04-03T20:21:36.260Z,28.23,139.525,468.7,6.5,mw,,,,1.2,us,usp0002ded,2022-04-27T22:48:42.787Z,"Bonin Islands, Japan region",earthquake,,,,,reviewed,us,nc
1985-04-09T01:56:59.480Z,-34.131,-71.618,37.8,7.2,mw,,,,1.1,us,usp0002dm4,2022-04-27T22:48:49.502Z,"59 km S of San Antonio, Chile",earthquake,,,,,reviewed,us,nc
1985-04-13T03:00:06.780Z,1.622,126.411,50.7,7.0,mw,,,,1.2,us,usp0002drr,2022-04-27T22:49:01.704Z,"142 km NW of Ternate, Indonesia",earthquake,,,,,reviewed,us,nc
1985-04-23T16:15:12.020Z,15.344,120.61,188.4,7.0,mw,,,,1.1,us,usp0002e2z,2022-04-27T22:50:20.818Z,"1 km ENE of Santo Cristo, Philippines",earthquake,,2.0,,,reviewed,us,nc
1985-05-01T13:27:56.140Z,-9.196,-71.23,599.9,6.6,mw,,,,0.9,us,usp0002ec4,2022-04-27T22:46:31.187Z,"125 km SSW of Tarauacá, Brazil",earthquake,,,,,reviewed,us,nc
1985-05-10T15:35:50.590Z,-5.599,151.045,26.7,7.2,mw,,,,1.3,us,usp0002en1,2022-04-27T22:46:54.229Z,"100 km E of Kimbe, Papua New Guinea",earthquake,,3.3,,,reviewed,us,hrv
1985-05-15T20:12:45.810Z,-56.637,-25.33,33.0,6.5,mw,,,,1.1,us,usp0002evn,2022-04-27T22:47:32.663Z,South Sandwich Islands region,earthquake,,,,,reviewed,us,nc
1985-06-03T12:06:21.130Z,-15.289,-173.516,33.0,6.7,mw,,,,1.0,us,usp0002ffw,2022-04-27T22:45:32.686Z,Tonga,earthquake,,,,,reviewed,us,nc
1985-06-06T02:40:12.950Z,0.932,-28.432,10.0,6.6,mw,,,,1.1,us,usp0002fjz,2022-04-27T22:45:47.404Z,central Mid-Atlantic Ridge,earthquake,,,,,reviewed,us,nc
1985-06-23T13:01:37.150Z,-11.012,163.584,35.8,6.5,mw,,,,1.3,us,usp0002g32,2022-04-27T22:46:14.738Z,"192 km ESE of Kirakira, Solomon Islands",earthquake,,9.1,,,reviewed,us,hrv
1985-07-03T04:36:51.730Z,-4.439,152.828,33.0,7.3,mw,,,,1.0,us,usp0002gc3,2022-04-27T22:42:56.047Z,"62 km E of Kokopo, Papua New Guinea",earthquake,,,,,reviewed,us,nc
1985-07-03T15:55:48.770Z,-17.243,167.834,28.6,6.5,mw,,,,1.1,us,usp0002gcy,2022-04-27T22:43:03.524Z,"74 km NW of Port-Vila, Vanuatu",earthquake,,3.7,,,reviewed,us,nc
1985-07-22T09:26:53.810Z,-6.291,148.783,49.3,6.8,mw,,,,1.1,us,usp0002h04,2022-04-27T22:44:15.088Z,"85 km W of Kandrian, Papua New Guinea",earthquake,,4.4,,,reviewed,us,hrv
1985-07-29T07:54:44.070Z,36.19,70.896,98.7,7.4,mw,,,,1.0,us,usp0002h5z,2022-04-27T22:45:00.142Z,"75 km S of Jurm, Afghanistan",earthquake,,3.8,,,reviewed,us,hrv
1985-08-12T03:49:18.090Z,37.771,141.773,51.6,6.5,mw,,,,1.0,us,usp0002hmv,2022-04-27T22:39:44.371Z,"75 km ENE of Namie, Japan",earthquake,,2.3,,,reviewed,us,hrv
1985-08-23T12:41:56.160Z,39.431,75.224,6.8,7.0,mw,,,,1.2,us,usp0002j21,2022-04-27T22:41:26.125Z,"66 km W of Kashgar, China",earthquake,,,,,reviewed,us,hrv
1985-08-28T20:50:48.340Z,-21.011,-178.981,624.6,6.6,mw,,,,1.0,us,usp0002j7t,2022-04-27T22:42:22.662Z,Fiji region,earthquake,,,,,reviewed,us,nc
1985-09-10T04:07:47.440Z,-6.394,149.733,10.0,6.5,mw,,,,1.1,us,usp0002jkc,2022-04-27T22:36:50.926Z,"29 km SE of Kandrian, Papua New Guinea",earthquake,,,,,reviewed,us,nc
1985-09-19T13:17:47.350Z,18.19,-102.533,27.9,8.0,mw,,,,1.3,us,usp0002jwe,2025-07-24T15:01:26.363Z,"1985 Michoacan, Mexico Earthquake",earthquake,,3.8,,,reviewed,us,hrv
1985-09-21T01:37:13.470Z,17.802,-101.647,30.8,7.6,mw,,,,1.2,us,usp0002jyp,2022-04-27T22:38:14.578Z,"7 km N of Pantla, Mexico",earthquake,,4.9,,,reviewed,us,hrv
1985-09-26T07:27:51.130Z,-34.693,-178.656,51.6,6.9,mw,,,,1.1,us,usp0002k4s,2022-04-27T22:38:23.814Z,south of the Kermadec Islands,earthquake,,,,,reviewed,us,nc
1985-09-27T03:39:08.520Z,-9.829,159.854,31.9,6.7,mw,,,,1.1,us,usp0002k69,2022-04-27T22:38:26.244Z,"21 km SE of Malango, Solomon Islands",earthquake,,3.6,,,reviewed,us,nc
1985-10-05T15:24:02.270Z,62.237,-124.266,10.0,6.7,mw,,,,1.0,us,usp0002kgp,2022-04-27T22:33:04.998Z,"Northwest Territories, Canada",earthquake,,,,,reviewed,us,nc
1985-10-09T01:15:04.660Z,-6.791,107.082,153.8,6.5,mw,,,,1.3,us,usp0002km5,2022-04-27T22:33:09.044Z,"19 km W of Ciranjang-hilir, Indonesia",earthquake,,,,,reviewed,us,hrv
1985-10-09T09:33:32.480Z,54.765,-159.613,30.2,6.6,mw,,,,1.0,us,usp0002kmh,2022-04-27T22:33:10.065Z,"85 km SE of Sand Point, Alaska",earthquake,,,,,reviewed,us,nc
1985-10-31T21:49:20.220Z,-28.692,-63.171,596.0,6.5,mw,,,,0.9,us,usp0002mbn,2022-04-27T22:35:55.136Z,"23 km WSW of Colonia Dora, Argentina",earthquake,,,,,reviewed,us,nc
1985-11-07T19:12:31.010Z,-35.257,-179.347,44.0,6.5,mw,,,,1.0,us,usp0002mhs,2022-04-27T22:30:49.723Z,east of the North Island of New Zealand,earthquake,,,,,reviewed,us,hrv
1985-11-16T04:12:18.830Z,-38.577,78.368,10.0,6.5,mw,,,,1.3,us,usp0002mu8,2022-04-27T22:31:51.831Z,Mid-Indian Ridge,earthquake,,,,,reviewed,us,hrv
1985-11-17T09:40:21.290Z,-1.639,134.911,10.0,7.1,mw,,,,1.4,us,usp0002mvw,2022-04-27T22:31:56.123Z,"127 km SE of Manokwari, Indonesia",earthquake,,,,,reviewed,us,nc
1985-11-28T02:25:42.340Z,-14.043,166.24,33.0,7.0,mw,,,,1.0,us,usp0002na9,2022-04-27T22:32:23.243Z,"142 km NW of Port-Olry, Vanuatu",earthquake,,,,,reviewed,us,hrv
1985-11-28T03:49:54.150Z,-13.987,166.185,33.0,7.0,mw,,,,1.1,us,usp0002nae,2022-04-27T22:32:31.898Z,"148 km W of Sola, Vanuatu",earthquake,,,,,reviewed,us,nc
1985-12-16T08:04:07.060Z,-14.073,166.251,37.2,6.6,mw,,,,1.2,us,usp0002nxq,2022-04-27T22:29:00.681Z,"139 km NW of Port-Olry, Vanuatu",earthquake,,4.9,,,reviewed,us,nc
1985-12-21T01:13:22.410Z,-13.966,166.516,43.0,7.1,mw,,,,1.2,us,usp0002p4n,2022-04-27T22:29:22.898Z,"112 km W of Sola, Vanuatu",earthquake,,,,,reviewed,us,hrv
1985-12-21T02:46:33.270Z,-14.092,166.654,33.0,6.5,mw,,,,1.1,us,usp0002p4u,2022-04-27T22:29:24.013Z,"99 km WSW of Sola, Vanuatu",earthquake,,,,,reviewed,us,hrv
1985-12-23T05:16:03.330Z,62.222,-124.239,6.0,6.9,mw,,,,0.9,us,usp0002p9m,2022-04-27T22:29:29.845Z,"Northwest Territories, Canada",earthquake,,,,,reviewed,us,nc
1985-12-27T05:38:53.450Z,-5.763,104.191,24.5,6.5,mw,,,,1.2,us,usp0002pfd,2022-04-27T22:30:18.133Z,"124 km WSW of Bandar Lampung, Indonesia",earthquake,,,,,reviewed,us,hrv
1986-01-15T20:17:42.710Z,-21.277,170.102,150.0,7.1,mw,,,,1.2,us,usp0002q31,2022-05-09T14:44:44.784Z,"210 km SSE of Isangel, Vanuatu",earthquake,,,,,reviewed,us,hrv
1986-02-03T20:47:35.340Z,27.791,139.552,508.0,6.5,mw,,,,1.2,us,usp0002qpu,2022-04-27T22:23:46.836Z,"Bonin Islands, Japan region",earthquake,,,,,reviewed,us,nc
1986-03-06T00:05:38.350Z,40.368,51.555,33.0,6.5,mw,,,,1.1,us,usp0002rjw,2022-04-27T22:21:03.863Z,"105 km E of Pirallah?, Azerbaijan",earthquake,,,,,reviewed,us,hrv
1986-03-24T19:31:39.340Z,-2.488,138.696,29.0,6.7,mw,,,,1.2,us,usp0002s7q,2022-04-27T22:23:16.295Z,"215 km W of Abepura, Indonesia",earthquake,,9.7,,,reviewed,us,hrv
1986-04-14T00:25:12.490Z,-13.923,166.831,29.4,6.5,mw,,,,1.3,us,usp0002swe,2022-04-27T22:18:59.737Z,"78 km W of Sola, Vanuatu",earthquake,,,,,reviewed,us,nc
1986-04-20T07:03:30.860Z,-2.394,139.309,33.0,6.8,mw,,,,1.1,us,usp0002t21,2022-04-27T22:19:21.477Z,"148 km W of Abepura, Indonesia",earthquake,,,,,reviewed,us,nc
1986-04-30T07:07:18.120Z,18.404,-102.973,26.5,7.0,mw,,,,1.2,us,usp0002tcb,2022-04-27T22:20:16.213Z,"41 km SSW of Aguililla, Mexico",earthquake,,,,,reviewed,us,nc
1986-05-02T10:30:02.850Z,55.172,163.843,14.8,6.8,mw,,,,1.0,us,usp0002tee,2022-04-27T22:16:06.531Z,"145 km SE of Ust’-Kamchatsk Staryy, Russia",earthquake,,,,,reviewed,us,nc
1986-05-07T22:47:10.870Z,51.52,-174.776,33.0,8.0,mw,,,,1.1,us,usp0002tmu,2025-11-20T19:54:32.145Z,"1986 Atka, Alaska Earthquake",earthquake,,,,,reviewed,us,hrv
1986-05-11T01:24:25.790Z,26.743,125.205,193.5,6.6,mw,,,,1.0,us,usp0002tvn,2022-04-27T22:16:45.221Z,"215 km N of Hirara, Japan",earthquake,,,,,reviewed,us,nc
1986-05-17T16:20:22.230Z,52.327,-174.504,26.2,6.5,mw,,,,1.0,us,usp0002u3x,2022-04-27T22:17:26.346Z,"25 km NW of Atka, Alaska",earthquake,,,,,reviewed,us,hrv
1986-05-26T18:40:44.260Z,-21.819,-179.079,583.4,6.8,mw,,,,1.0,us,usp0002uf3,2022-04-27T22:17:45.934Z,Fiji region,earthquake,,,,,reviewed,us,hrv
1986-05-26T19:06:15.990Z,-20.19,178.86,538.3,7.1,mw,,,,0.9,us,usp0002uf4,2022-04-27T22:17:51.771Z,"230 km S of Suva, Fiji",earthquake,,,,,reviewed,us,hrv
1986-06-16T10:48:25.780Z,-22.037,-178.925,547.0,7.1,mw,,,,1.1,us,usp0002v3n,2022-04-27T22:13:30.802Z,south of the Fiji Islands,earthquake,,,,,reviewed,us,nc
1986-06-17T18:13:11.550Z,5.644,125.259,31.9,6.6,mw,,,,1.3,us,usp0002v4y,2022-04-27T22:14:01.817Z,"6 km SSW of Pangyan, Philippines",earthquake,,,,,reviewed,us,nc
1986-06-18T08:05:15.450Z,51.356,-176.653,27.0,6.5,mw,,,,,us,usp0002v5r,2022-04-27T22:14:20.495Z,"57 km S of Adak, Alaska",earthquake,,,,,reviewed,bou,hrv
1986-06-19T09:09:09.210Z,56.331,-152.914,16.7,6.8,mw,,,,0.9,us,usp0002v6r,2022-04-27T22:14:27.595Z,"100 km SSE of Old Harbor, Alaska",earthquake,,,,,reviewed,us,nc
1986-06-24T02:53:11.250Z,34.794,140.595,62.6,6.6,mw,,,,1.0,us,usp0002vbq,2022-04-27T22:15:06.120Z,"46 km SSE of Katsuura, Japan",earthquake,,2.6,,,reviewed,us,hrv
1986-06-24T03:11:30.930Z,-4.448,143.943,102.3,7.2,mw,,,,1.0,us,usp0002vbr,2022-04-27T22:15:07.313Z,"44 km SSW of Angoram, Papua New Guinea",earthquake,,,,,reviewed,us,hrv
1986-06-28T05:03:47.470Z,-20.037,-176.056,211.2,6.5,mw,,,,1.0,us,usp0002vg9,2022-04-27T22:15:37.305Z,"151 km NW of Nuku‘alofa, Tonga",earthquake,,,,,reviewed,us,hrv
1986-07-07T16:26:56.610Z,10.389,56.832,7.8,6.5,mw,,,,1.2,us,usp0002vss,2022-04-27T22:09:22.834Z,Carlsberg Ridge,earthquake,,,,,reviewed,us,nc
1986-07-09T23:10:53.100Z,1.904,126.525,27.6,6.8,mw,,,,1.1,us,usp0002vw0,2022-04-27T22:09:28.581Z,"155 km NW of Ternate, Indonesia",earthquake,,,,,reviewed,us,nc
1986-07-16T12:41:28.320Z,-19.511,169.165,111.1,6.6,mw,,,,1.2,us,usp0002w2h,2022-04-27T22:09:47.886Z,"12 km WNW of Isangel, Vanuatu",earthquake,,,,,reviewed,us,hrv
1986-08-14T19:39:13.670Z,1.795,126.519,33.0,7.5,mw,,,,1.4,us,usp0002x57,2022-04-27T22:07:11.244Z,"146 km NW of Ternate, Indonesia",earthquake,,,,,reviewed,us,hrv
1986-08-23T23:47:48.850Z,-34.549,179.288,32.2,6.6,mw,,,,1.2,us,usp0002xfn,2022-04-27T22:08:34.231Z,south of the Kermadec Islands,earthquake,,,,,reviewed,us,nc
1986-08-30T21:28:35.450Z,45.547,26.316,132.3,7.2,mw,,,,1.1,us,usp0002xpm,2022-04-27T22:09:03.522Z,"7 km NNE of Ca?oca, Romania",earthquake,,,,,reviewed,us,hrv
1986-09-11T00:18:25.590Z,-5.187,152.442,51.2,6.5,mw,,,,1.3,us,usp0002xzc,2022-04-27T22:05:02.341Z,"95 km SSE of Kokopo, Papua New Guinea",earthquake,,,,,reviewed,us,hrv
1986-09-12T23:57:15.610Z,56.201,-153.405,31.3,6.5,mw,,,,1.1,us,usp0002y12,2022-04-27T22:05:20.464Z,"95 km SSE of Akhiok, Alaska",earthquake,,,,,reviewed,us,nc
1986-09-13T15:17:21.010Z,-31.827,-179.937,215.3,6.5,mw,,,,1.1,us,usp0002y1t,2022-04-27T22:05:25.138Z,Kermadec Islands region,earthquake,,,,,reviewed,us,hrv
1986-09-16T18:20:17.750Z,19.376,146.301,47.7,6.7,mw,,,,1.1,us,usp0002y54,2022-04-27T22:05:38.737Z,Mariana Islands region,earthquake,,4.8,,,reviewed,us,nc
1986-10-14T16:53:08.180Z,-5.03,153.616,40.9,6.8,mw,,,,1.2,us,usp0002yy6,2022-04-27T22:02:04.439Z,"167 km ESE of Kokopo, Papua New Guinea",earthquake,,,,,reviewed,us,nc
1986-10-20T06:46:09.980Z,-28.117,-176.367,29.1,7.7,mw,,,,1.2,us,usp0002z3j,2022-04-27T22:02:20.845Z,Kermadec Islands region,earthquake,,,,,reviewed,us,hrv
1986-10-23T15:48:43.750Z,-11.037,165.204,18.8,6.7,mw,,,,1.1,us,usp0002z8y,2022-04-27T22:03:17.612Z,"73 km WSW of Lata, Solomon Islands",earthquake,,,,,reviewed,us,hrv
1986-10-23T16:23:49.280Z,-11.086,165.537,23.6,6.5,mw,,,,1.0,us,usp0002z92,2022-04-27T22:03:28.047Z,"49 km SW of Lata, Solomon Islands",earthquake,,12.0,,,reviewed,us,hrv
1986-10-30T01:28:54.590Z,-21.702,-176.616,188.1,7.2,mw,,,,0.9,us,usp0002zgu,2022-04-27T22:04:25.831Z,"157 km WSW of Haveluloto, Tonga",earthquake,,,,,reviewed,us,hrv
1986-11-14T21:20:10.550Z,23.901,121.574,33.8,7.4,mw,,,,1.2,us,usp0003009,2022-04-27T22:00:01.821Z,"8 km SSW of Hualien City, Taiwan",earthquake,,,,,reviewed,us,hrv
1986-11-23T01:39:23.900Z,-3.342,-77.411,105.7,6.8,mw,,,,0.9,us,usp00030ah,2022-04-27T22:01:07.907Z,"109 km W of Alianza Cristiana, Peru",earthquake,,,,,reviewed,us,nc
1986-12-19T03:41:55.310Z,-9.917,119.201,24.9,6.5,mw,,,,1.4,us,usp00030zf,2022-04-27T21:58:13.976Z,"120 km WSW of Waingapu, Indonesia",earthquake,,,,,reviewed,us,nc
1986-12-21T01:10:51.170Z,-28.101,-176.737,17.1,6.5,mw,,,,1.2,us,usp000311j,2022-04-27T21:58:42.811Z,Kermadec Islands region,earthquake,,,,,reviewed,us,hrv
1987-01-03T22:04:04.830Z,-14.998,167.929,14.5,6.7,mw,,,,1.1,us,usp00031cn,2022-04-27T21:54:20.590Z,"92 km E of Port-Olry, Vanuatu",earthquake,,,,,reviewed,us,hrv
1987-01-05T12:11:55.770Z,52.448,-169.381,33.0,6.8,mw,,,,1.1,us,usp00031dt,2022-04-27T21:54:34.848Z,"64 km SSW of Nikolski, Alaska",earthquake,,,,,reviewed,us,hrv
1987-01-09T06:14:44.870Z,39.895,141.677,67.7,6.6,mw,,,,1.0,us,usp00031hj,2022-04-27T21:54:51.765Z,"35 km NW of Miyako, Japan",earthquake,,,,,reviewed,us,nc
1987-01-09T08:01:35.950Z,-19.469,-176.538,33.0,6.5,mw,,,,1.1,us,usp00031hm,2022-04-27T21:54:57.732Z,"231 km NW of Nuku‘alofa, Tonga",earthquake,,,,,reviewed,us,hrv
1987-01-14T11:03:48.750Z,42.565,142.85,102.0,6.8,mw,,,,1.1,us,usp00031nv,2022-04-27T21:55:34.833Z,"47 km ENE of Shizunai-furukawach?, Japan",earthquake,,,,,reviewed,us,nc
1987-01-30T22:29:42.090Z,-60.063,-26.916,47.6,7.0,mw,,,,1.4,us,usp000321p,2022-04-27T21:56:17.969Z,South Sandwich Islands region,earthquake,,,,,reviewed,us,nc
1987-02-06T13:16:17.890Z,36.988,141.689,47.7,6.8,mw,,,,1.0,us,usp000327d,2022-04-27T21:51:04.718Z,"72 km E of Iwaki, Japan",earthquake,,2.7,,,reviewed,us,nc
1987-02-08T18:33:58.390Z,-6.088,147.689,54.9,7.4,ms,,,,1.3,us,usp000329h,2022-04-27T21:51:25.783Z,"54 km NNW of Finschhafen, Papua New Guinea",earthquake,,6.6,,21.0,reviewed,us,us
1987-02-10T00:59:28.570Z,-19.489,-177.456,394.5,6.5,mw,,,,1.0,us,usp00032bc,2022-04-27T21:51:52.048Z,"297 km NW of Haveluloto, Tonga",earthquake,,,,,reviewed,us,nc
1987-02-13T07:18:29.090Z,0.67,126.167,32.2,6.8,mw,,,,1.3,us,usp00032ej,2022-04-27T21:52:18.602Z,"136 km W of Ternate, Indonesia",earthquake,,4.9,,,reviewed,us,nc
1987-02-17T06:16:12.120Z,-32.793,-179.304,10.0,6.8,mw,,,,1.2,us,usp00032jj,2022-04-27T21:53:07.033Z,south of the Kermadec Islands,earthquake,,,,,reviewed,us,nc
1987-02-23T15:49:54.640Z,-15.854,167.891,233.6,6.9,mw,,,,1.1,us,usp00032q7,2022-04-27T21:53:20.651Z,"57 km ENE of Lakatoro, Vanuatu",earthquake,,5.8,,,reviewed,us,hrv
1987-02-27T08:31:54.400Z,53.47,-167.291,10.0,6.9,mw,,,,1.1,us,usp00032u7,2022-04-27T21:53:51.669Z,"67 km SW of Unalaska, Alaska",earthquake,,,,,reviewed,us,hrv
1987-03-02T01:42:34.110Z,-37.965,176.765,19.2,6.5,mw,,,,1.5,us,usp00032x6,2022-04-27T21:48:29.806Z,"6 km WNW of Edgecumbe, New Zealand",earthquake,,,,,reviewed,us,hrv
1987-03-05T09:17:05.280Z,-24.388,-70.161,62.3,7.6,mw,,,,1.2,us,usp0003304,2022-04-27T21:48:40.167Z,"84 km SSE of Antofagasta, Chile",earthquake,,,,,reviewed,us,hrv
1987-03-05T10:55:12.350Z,-24.495,-70.701,34.8,7.0,mw,,,,1.2,us,usp0003308,2022-04-27T21:48:44.967Z,"98 km SSW of Antofagasta, Chile",earthquake,,,,,reviewed,us,hrv
1987-03-06T04:10:41.960Z,0.151,-77.821,10.0,7.2,mw,,,,1.2,us,usp000330w,2022-04-27T21:48:50.431Z,"29 km SSE of Pimampiro, Ecuador",earthquake,,,,,reviewed,us,hrv
1987-03-18T03:36:30.330Z,32.034,131.837,54.0,6.7,mw,,,,1.2,us,usp00033dd,2022-04-27T21:50:05.328Z,"33 km ESE of Takanabe, Japan",earthquake,,,,,reviewed,us,hrv
1987-03-19T22:51:39.280Z,-20.397,-176.134,213.5,6.6,mw,,,,1.1,us,usp00033f4,2022-04-27T21:50:12.775Z,"127 km NW of Nuku‘alofa, Tonga",earthquake,,,,,reviewed,us,nc
1987-04-01T01:48:08.520Z,-22.767,-66.205,248.7,7.0,mw,,,,1.1,us,usp00033th,2022-04-27T21:47:04.764Z,"52 km W of Abra Pampa, Argentina",earthquake,,,,,reviewed,us,hrv
1987-04-07T00:40:43.400Z,37.363,141.796,29.4,6.7,mw,,,,1.0,us,usp00033z3,2022-04-27T21:47:24.272Z,"71 km E of Namie, Japan",earthquake,,,,,reviewed,us,nc
1987-04-22T20:13:23.150Z,37.155,141.573,30.3,6.7,mw,,,,1.1,us,usp00034cp,2022-04-27T21:47:56.241Z,"62 km E of Iwaki, Japan",earthquake,,,,,reviewed,us,nc
1987-04-25T12:16:52.440Z,16.066,120.301,107.0,6.9,mw,,,,0.9,us,usp00034f9,2022-04-27T21:47:59.948Z,"4 km N of Canaoalan, Philippines",earthquake,,,,,reviewed,us,nc
1987-04-29T14:27:35.740Z,-19.013,-177.736,384.9,6.5,mw,,,,1.1,us,usp00034k1,2022-04-27T21:48:12.335Z,Fiji region,earthquake,,,,,reviewed,us,hrv
1987-05-06T04:06:14.150Z,51.272,-179.898,20.1,6.8,mw,,,,1.0,us,usp00034ry,2022-04-27T21:45:17.415Z,"235 km WSW of Adak, Alaska",earthquake,,,,,reviewed,us,nc
1987-05-06T12:39:49.110Z,-5.715,152.656,20.0,6.5,mw,,,,1.3,us,usp00034sg,2022-04-27T21:45:19.279Z,"157 km SSE of Kokopo, Papua New Guinea",earthquake,,5.7,,,reviewed,us,hrv
1987-05-07T03:05:49.170Z,46.736,139.232,430.0,6.8,mw,,,,0.9,us,usp00034sx,2022-04-27T21:45:20.987Z,"72 km ENE of Svetlaya, Russia",earthquake,,,,,reviewed,us,nc
1987-05-11T09:59:34.120Z,4.47,127.709,94.0,6.5,mw,,,,1.2,us,usp00034x3,2022-04-27T21:45:36.665Z,"269 km SE of Pondaguitan, Philippines",earthquake,,,,,reviewed,us,nc
1987-05-12T01:30:25.030Z,7.09,126.701,24.7,6.7,mw,,,,1.1,us,usp00034xs,2022-04-27T21:45:43.567Z,"22 km SE of Manay, Philippines",earthquake,,,,,reviewed,us,nc
1987-05-18T03:07:34.130Z,49.282,147.693,542.0,6.8,mw,,,,1.0,us,usp0003536,2022-04-27T21:26:37.190Z,Sea of Okhotsk,earthquake,,,,,reviewed,us,hrv
1987-06-06T18:40:27.480Z,10.672,126.115,14.4,6.5,mw,,,,1.2,us,usp00035k6,2022-04-27T21:41:54.054Z,"42 km SE of Sulangan, Philippines",earthquake,,,,,reviewed,us,hrv
1987-06-17T01:32:53.720Z,-5.577,130.791,67.3,7.1,mw,,,,1.1,us,usp00035ur,2022-04-27T21:43:19.792Z,"217 km W of Tual, Indonesia",earthquake,,,,,reviewed,us,hrv
1987-06-21T05:46:10.010Z,54.211,-162.601,33.6,6.5,mw,,,,1.1,us,usp00035yn,2022-04-27T21:43:44.984Z,"88 km SE of False Pass, Alaska",earthquake,,,,,reviewed,us,hrv
1987-06-24T03:30:30.700Z,-21.179,173.581,33.0,6.5,mw,,,,1.3,us,usp0003615,2022-04-27T21:44:17.620Z,Vanuatu region,earthquake,,,,,reviewed,us,hrv
1987-06-27T00:17:04.610Z,-2.164,138.17,20.7,6.6,mw,,,,1.3,us,usp000363y,2022-04-27T21:44:49.128Z,"256 km ESE of Biak, Indonesia",earthquake,,,,,reviewed,us,nc
1987-07-06T01:06:07.680Z,-26.999,-108.285,10.0,6.7,mw,,,,1.1,us,usp00036cp,2022-04-27T21:39:01.414Z,"114 km E of Hanga Roa, Chile",earthquake,,,,,reviewed,us,nc
1987-07-06T02:49:42.780Z,-14.074,167.828,47.5,6.6,mw,,,,1.0,us,usp00036ct,2022-04-27T21:39:02.543Z,"37 km SE of Sola, Vanuatu",earthquake,,6.2,,,reviewed,us,hrv
1987-07-08T11:50:14.790Z,-26.969,-108.156,10.0,6.5,mw,,,,0.9,us,usp00036fq,2022-04-27T21:39:09.538Z,"127 km E of Hanga Roa, Chile",earthquake,,,,,reviewed,us,hrv
1987-08-08T15:48:56.750Z,-19.022,-69.991,69.7,7.2,mw,,,,1.1,us,usp00037c3,2022-04-27T21:36:50.465Z,"68 km SSE of Arica, Chile",earthquake,,,,,reviewed,us,hrv
1987-08-13T15:23:06.930Z,-17.897,-70.931,36.5,6.6,mw,,,,1.2,us,usp00037gc,2022-04-27T21:37:55.031Z,"36 km SSW of Locumba, Peru",earthquake,,,,,reviewed,us,nc
1987-08-15T18:04:23.120Z,-28.135,-70.884,37.4,6.5,mw,,,,1.2,us,usp00037ju,2022-04-27T21:38:20.592Z,"50 km NNW of Vallenar, Chile",earthquake,,,,,reviewed,us,nc
1987-09-01T04:26:07.460Z,-23.052,-66.529,199.0,6.7,mw,,,,1.0,us,usp00037zn,2022-04-27T21:34:09.162Z,"88 km WNW of El Aguilar, Argentina",earthquake,,4.3,,,reviewed,us,nc
1987-09-03T06:40:13.910Z,-58.893,158.513,33.0,7.4,mw,,,,1.0,us,usp000381s,2022-04-27T21:34:26.367Z,Macquarie Island region,earthquake,,,,,reviewed,us,hrv
1987-09-03T08:01:36.240Z,-59.538,159.005,33.0,6.8,mw,,,,1.2,us,usp000381u,2022-04-27T21:34:31.694Z,Macquarie Island region,earthquake,,,,,reviewed,us,hrv
1987-09-07T11:57:09.430Z,-31.089,-177.968,33.0,6.6,mw,,,,1.3,us,usp0003862,2022-04-27T21:35:07.600Z,Kermadec Islands region,earthquake,,,,,reviewed,us,hrv
1987-09-28T11:47:08.610Z,-18.411,168.058,30.7,6.8,mw,,,,1.3,us,usp00038tb,2022-04-27T21:36:16.902Z,"79 km SSW of Port-Vila, Vanuatu",earthquake,,,,,reviewed,us,nc
1987-09-28T13:46:13.950Z,-18.546,168.161,25.1,6.6,mw,,,,1.1,us,usp00038te,2022-04-27T21:36:18.027Z,"91 km S of Port-Vila, Vanuatu",earthquake,,,,,reviewed,us,hrv
1987-09-30T01:39:28.090Z,-18.162,167.865,51.4,6.5,mw,,,,1.2,us,usp00038uj,2022-04-27T21:36:21.583Z,"66 km SW of Port-Vila, Vanuatu",earthquake,,,,,reviewed,us,hrv
1987-10-06T04:19:06.080Z,-17.94,-172.225,16.0,7.3,mw,,,,1.0,us,usp000390n,2022-04-27T21:31:45.355Z,"201 km ENE of Neiafu, Tonga",earthquake,,,,,reviewed,us,nc
1987-10-06T20:11:35.140Z,52.956,159.972,33.7,6.5,mw,,,,1.0,us,usp000391f,2022-04-27T21:31:52.360Z,"89 km E of Petropavlovsk-Kamchatsky, Russia",earthquake,,,,,reviewed,us,nc
1987-10-12T13:57:04.790Z,-7.288,154.371,24.7,7.0,mw,,,,1.1,us,usp000396s,2022-04-27T21:32:11.350Z,"163 km SW of Panguna, Papua New Guinea",earthquake,,4.8,,,reviewed,us,hrv
1987-10-16T20:48:01.640Z,-6.266,149.06,47.8,7.4,mw,,,,1.2,us,usp00039av,2022-04-27T21:32:51.140Z,"54 km W of Kandrian, Papua New Guinea",earthquake,,,,,reviewed,us,hrv
1987-10-25T16:54:05.690Z,-2.323,138.364,33.0,6.8,mw,,,,1.1,us,usp00039kg,2022-04-27T21:33:21.440Z,"254 km W of Abepura, Indonesia",earthquake,,,,,reviewed,us,hrv
1987-10-29T20:23:41.000Z,4.817,127.688,152.9,6.8,mw,,,,1.1,us,usp00039qx,2022-04-27T21:33:52.400Z,"239 km SE of Pondaguitan, Philippines",earthquake,,,,,reviewed,us,hrv
1987-11-17T03:40:08.970Z,12.534,-87.03,76.2,6.5,mw,,,,1.2,us,usp0003a67,2022-04-27T21:29:36.250Z,"4 km S of Chichigalpa, Nicaragua",earthquake,,,,,reviewed,us,hrv
1987-11-17T08:46:53.320Z,58.586,-143.27,10.0,6.9,ms,,,,,us,usp0003a6c,2022-04-27T21:29:43.453Z,Gulf of Alaska,earthquake,,,,19.0,reviewed,ags,us
1987-11-24T13:15:56.710Z,33.015,-115.852,11.181,6.6,mw,0.0,51.3,,0.388,ci,ci628016,2024-02-24T11:25:30.935Z,"The 1987 Superstition Hills, California Earthquake",earthquake,,0.765,,0.0,reviewed,ci,ci
1987-11-26T01:43:14.050Z,-8.247,124.155,33.0,6.7,mw,,,,1.3,us,usp0003ajq,2022-04-27T21:30:37.114Z,"108 km NNW of Pante Makasar, Timor Leste",earthquake,,,,,reviewed,us,nc
1987-11-30T19:23:19.590Z,58.679,-142.786,10.0,7.9,mw,,,,,us,usp0003aq8,2022-04-27T21:31:15.684Z,"200 km WSW of Yakutat, Alaska",earthquake,,,,,reviewed,spe,hrv
1987-12-17T02:08:19.920Z,35.362,140.214,62.9,6.7,mw,,,,1.0,us,usp0003bbq,2022-04-27T21:26:14.210Z,"10 km SW of Mobara, Japan",earthquake,,,,,reviewed,us,nc
1988-01-12T07:29:27.960Z,-28.827,-177.423,14.8,6.6,mw,,,,1.1,us,usp0003bzy,2022-04-28T20:56:02.512Z,Kermadec Islands region,earthquake,,,,,reviewed,us,nc
1988-01-19T07:30:31.860Z,-24.71,-70.568,33.0,7.0,mw,,,,1.3,us,usp0003c61,2022-04-28T20:56:23.832Z,"77 km N of Taltal, Chile",earthquake,,,,,reviewed,us,nc
1988-01-22T12:04:57.880Z,-19.829,133.882,5.0,6.7,ms,,,,1.1,us,usp0003c9n,2022-04-28T20:56:33.027Z,"38 km WSW of Tennant Creek, Australia",earthquake,,,,30.0,reviewed,us,us
1988-02-05T14:01:02.750Z,-24.753,-70.433,36.9,7.2,mw,,,,1.1,us,usp0003crv,2022-04-28T20:53:20.470Z,"72 km N of Taltal, Chile",earthquake,,,,,reviewed,us,hrv
1988-02-05T18:49:31.850Z,-24.893,-70.554,30.7,6.5,mw,,,,1.0,us,usp0003cs5,2022-04-28T20:53:21.904Z,"57 km N of Taltal, Chile",earthquake,,,,,reviewed,us,nc
1988-02-06T18:03:54.780Z,-17.756,-66.958,285.2,6.5,mw,,,,1.1,us,usp0003cte,2022-04-28T20:53:33.351Z,"32 km NE of Oruro, Bolivia",earthquake,,,,,reviewed,us,hrv
1988-02-20T01:25:58.190Z,-7.14,127.004,314.5,6.5,mw,,,,1.1,us,usp0003d64,2022-04-28T17:27:47.367Z,"152 km N of Lospalos, Timor Leste",earthquake,,,,,reviewed,us,nc
1988-02-22T19:13:17.740Z,-20.833,-69.785,70.3,6.7,mw,,,,1.1,us,usp0003d8y,2022-04-28T20:54:42.957Z,"78 km SSE of Iquique, Chile",earthquake,,,,,reviewed,us,nc
1988-02-24T03:52:03.290Z,13.477,124.616,24.9,7.3,mw,,,,1.0,us,usp0003da3,2022-04-28T20:54:58.054Z,"37 km ESE of Bato, Philippines",earthquake,,,,,reviewed,us,hrv
1988-02-26T06:17:31.530Z,-37.319,47.989,10.0,6.8,mw,,,,1.1,us,usp0003dc5,2022-04-28T20:55:10.471Z,Southwest Indian Ridge,earthquake,,,,,reviewed,us,hrv
1988-02-29T05:31:41.470Z,55.149,167.43,33.0,6.9,mw,,,,1.1,us,usp0003df7,2022-04-28T20:55:13.948Z,"Komandorskiye Ostrova, Russia region",earthquake,,,,,reviewed,us,hrv
1988-03-06T22:35:38.140Z,56.953,-143.032,10.0,7.8,mw,,,,,us,usp0003dnb,2022-04-28T20:51:18.629Z,Gulf of Alaska,earthquake,,,,,reviewed,ags,hrv
1988-03-10T06:17:23.310Z,10.402,-60.587,56.2,6.7,mw,,,,1.1,us,usp0003dsq,2022-04-28T20:51:47.733Z,"62 km ESE of Sangre Grande, Trinidad and Tobago",earthquake,,,,,reviewed,us,nc
1988-03-10T10:25:05.300Z,-20.917,-178.645,623.0,6.6,mw,,,,1.1,us,usp0003dte,2022-04-28T20:51:51.350Z,Fiji region,earthquake,,,,,reviewed,us,hrv
1988-03-21T23:31:21.680Z,77.601,125.451,10.0,6.5,mw,,,,0.9,us,usp0003e6c,2022-04-28T20:52:19.791Z,Laptev Sea,earthquake,,,,,reviewed,us,nc
1988-04-12T23:19:55.570Z,-17.192,-72.305,33.1,7.1,mw,,,,1.2,us,usp0003ezg,2022-04-28T20:48:57.908Z,"30 km SW of Islay (Matarani), Peru",earthquake,,,,,reviewed,us,hrv
1988-05-06T14:46:17.010Z,11.493,-85.911,86.7,6.6,mw,,,,1.4,us,usp0003fq8,2022-04-28T20:46:26.967Z,"2 km WSW of Belén, Nicaragua",earthquake,,,,,reviewed,us,nc
1988-05-30T21:11:11.310Z,-7.501,128.325,86.3,6.9,mw,,,,1.1,us,usp0003gj3,2022-04-28T20:48:26.382Z,"184 km NE of Lospalos, Timor Leste",earthquake,,,,,reviewed,us,nc
1988-06-03T23:27:35.260Z,-45.003,167.599,82.7,6.7,mw,,,,1.1,us,usp0003gpe,2022-04-28T20:43:37.293Z,"46 km NNW of Te Anau, New Zealand",earthquake,,,,,reviewed,us,hrv
1988-06-05T18:22:48.360Z,-15.397,167.578,110.2,6.5,mw,,,,0.9,us,usp0003gre,2022-04-28T20:43:43.083Z,"46 km ENE of Luganville, Vanuatu",earthquake,,,,,reviewed,us,hrv
1988-06-12T13:39:37.460Z,-10.747,165.171,14.4,6.5,mw,,,,1.3,us,usp0003gxk,2022-04-28T20:44:09.499Z,"68 km W of Lata, Solomon Islands",earthquake,,,,,reviewed,us,hrv
1988-06-18T22:49:42.370Z,26.856,-110.996,10.0,6.7,mw,,,,1.2,us,usp0003h35,2022-04-28T20:44:43.672Z,"76 km SW of Bahía de Lobos, Mexico",earthquake,,,,,reviewed,us,hrv
1988-07-03T11:43:12.670Z,8.919,137.896,14.6,6.6,mw,,,,1.1,us,usp0003hjb,2022-04-28T20:40:13.251Z,"State of Yap, Federated States of Micronesia",earthquake,,,,,reviewed,us,nc
1988-07-05T20:32:07.200Z,-5.964,148.78,53.4,6.8,mw,,,,1.0,us,usp0003hm4,2022-04-28T20:40:25.352Z,"89 km WNW of Kandrian, Papua New Guinea",earthquake,,,,,reviewed,us,nc
1988-07-23T14:25:36.770Z,-22.127,174.9,18.5,6.6,mw,,,,1.0,us,usp0003j4p,2022-04-28T20:42:23.188Z,southeast of the Loyalty Islands,earthquake,,,,,reviewed,us,nc
1988-07-23T15:17:08.180Z,-6.526,152.779,16.6,7.0,mw,,,,0.9,us,usp0003j4t,2022-04-28T20:42:24.863Z,"247 km SSE of Kokopo, Papua New Guinea",earthquake,,,,,reviewed,us,hrv
1988-07-25T06:46:06.690Z,-6.081,133.667,27.7,7.0,mw,,,,1.0,us,usp0003j6r,2022-04-28T20:42:31.006Z,"112 km ESE of Tual, Indonesia",earthquake,,,,,reviewed,us,nc
1988-07-27T21:55:09.650Z,-13.112,167.051,171.6,6.7,mw,,,,1.1,us,usp0003ja7,2022-04-28T20:42:45.580Z,"100 km NNW of Sola, Vanuatu",earthquake,,,,,reviewed,us,nc
1988-07-31T12:50:07.760Z,-22.212,171.082,55.5,6.6,mw,,,,1.0,us,usp0003jf5,2022-04-28T20:43:25.284Z,southeast of the Loyalty Islands,earthquake,,,,,reviewed,us,nc
1988-08-06T00:36:24.650Z,25.149,95.127,90.5,7.3,mw,,,,1.1,us,usp0003jpw,2022-04-28T20:36:52.060Z,"85 km SE of Phek, India",earthquake,,,,,reviewed,us,hrv
1988-08-10T04:38:26.170Z,-10.366,160.819,34.0,7.6,mw,,,,1.5,us,usp0003jtm,2022-04-28T17:27:12.624Z,"121 km W of Kirakira, Solomon Islands",earthquake,,,,,reviewed,us,hrv
1988-08-10T06:38:42.890Z,-10.199,160.855,39.8,6.6,ms,,,,1.1,us,usp0003jtw,2022-04-28T20:37:02.688Z,"120 km WNW of Kirakira, Solomon Islands",earthquake,,,,10.0,reviewed,us,us
1988-08-10T13:11:19.440Z,-14.88,167.293,124.8,6.8,mw,,,,1.1,us,usp0003jud,2022-04-28T20:37:06.138Z,"29 km NE of Port-Olry, Vanuatu",earthquake,,,,,reviewed,us,nc
1988-08-14T17:53:09.750Z,-27.26,-71.092,32.5,6.7,mw,,,,1.0,us,usp0003jzr,2022-04-28T20:38:10.784Z,"76 km W of Copiapó, Chile",earthquake,,,,,reviewed,us,hrv
1988-08-20T23:09:09.560Z,26.755,86.616,57.4,6.9,mw,,,,1.1,us,usp0003k6t,2022-04-28T20:39:02.824Z,"9 km WSW of Triyuga, Nepal",earthquake,,,,,reviewed,us,hrv
1988-09-07T11:53:24.130Z,30.245,137.431,485.1,6.7,mw,,,,1.3,us,usp0003ks4,2022-04-28T20:34:38.651Z,"Izu Islands, Japan region",earthquake,,,,,reviewed,us,nc
1988-10-08T04:46:24.530Z,-18.771,-172.415,35.2,7.1,mw,,,,1.0,us,usp0003mmh,2022-04-28T20:32:46.826Z,"166 km E of Neiafu, Tonga",earthquake,,,,,reviewed,us,hrv
1988-11-03T14:47:10.780Z,13.881,-90.45,68.5,6.6,mw,,,,1.1,us,usp0003ng5,2022-04-28T20:30:08.075Z,"20 km S of Taxisco, Guatemala",earthquake,,,,,reviewed,us,hrv
1988-11-06T13:03:19.340Z,22.789,99.611,17.8,7.7,mw,,,,1.6,us,usp0003nks,2022-04-28T20:30:19.904Z,"145 km NW of Jinghong, China",earthquake,,,,,reviewed,us,nc
1988-11-07T03:50:00.800Z,-22.239,175.018,21.8,6.8,mw,,,,1.1,us,usp0003nn3,2022-04-28T20:30:31.439Z,south of the Fiji Islands,earthquake,,,,,reviewed,us,hrv
1988-11-14T02:15:39.130Z,-3.527,150.12,33.0,6.7,mw,,,,1.4,us,usp0003nup,2022-04-28T20:30:44.609Z,"129 km SW of Kavieng, Papua New Guinea",earthquake,,,,,reviewed,us,hrv
1988-11-17T06:55:46.060Z,12.399,124.537,19.3,6.6,mw,,,,1.5,us,usp0003nxq,2022-04-28T20:30:58.503Z,"10 km W of Polañge, Philippines",earthquake,,,,,reviewed,us,hrv
1988-11-18T19:38:54.620Z,-6.125,149.785,61.0,6.6,mw,,,,1.3,us,usp0003nyw,2022-04-28T20:30:59.692Z,"27 km ENE of Kandrian, Papua New Guinea",earthquake,,,,,reviewed,us,nc
1988-12-07T07:41:24.200Z,40.987,44.185,5.4,6.8,ms,,,,1.3,us,usp0003pmm,2022-04-28T20:28:54.771Z,"10 km N of Gogaran, Armenia",earthquake,,,,24.0,reviewed,us,us
1989-01-09T13:42:36.430Z,46.986,153.479,13.5,6.5,mw,,,,1.3,us,usp0003qpt,2022-04-28T20:27:53.555Z,Kuril Islands,earthquake,,,,,reviewed,us,nc
1989-01-10T05:55:01.450Z,-3.162,130.556,46.6,6.7,mw,,,,1.2,us,usp0003qqn,2022-04-28T20:27:54.686Z,"182 km E of Amahai, Indonesia",earthquake,,2.8,,,reviewed,us,hrv
1989-02-10T11:15:24.680Z,2.305,126.76,44.0,7.1,mw,,,,1.3,us,usp0003rqq,2022-04-28T20:24:31.282Z,"152 km WNW of Tobelo, Indonesia",earthquake,,,,,reviewed,us,hrv
1989-02-14T06:20:21.330Z,-10.447,161.372,31.9,6.5,mw,,,,1.1,us,usp0003rwm,2022-04-28T20:25:41.272Z,"60 km W of Kirakira, Solomon Islands",earthquake,,,,,reviewed,us,hrv
1989-02-25T11:26:35.470Z,-29.915,-177.885,30.5,6.8,mw,,,,1.1,us,usp0003sav,2022-04-28T20:26:47.435Z,"Kermadec Islands, New Zealand",earthquake,,,,,reviewed,us,nc
1989-02-28T13:01:57.640Z,-23.113,-61.465,569.0,6.5,mw,,,,1.1,us,usp0003sea,2022-04-28T20:27:03.522Z,"86 km E of General Enrique Mosconi, Argentina",earthquake,,,,,reviewed,us,hrv
1989-03-11T05:05:00.630Z,-17.766,-174.761,230.1,6.9,mw,,,,1.3,us,usp0003sub,2022-04-28T20:23:30.759Z,"127 km NW of Neiafu, Tonga",earthquake,,,,,reviewed,us,nc
1989-04-06T08:05:57.100Z,-19.306,169.002,165.7,6.9,mw,,,,1.3,us,usp0003tnc,2022-04-28T20:19:57.450Z,"39 km NW of Isangel, Vanuatu",earthquake,,,,,reviewed,us,hrv
1989-04-11T03:56:36.910Z,49.488,159.185,16.4,6.8,mw,,,,1.0,us,usp0003tuk,2022-04-28T20:20:20.270Z,"255 km ESE of Severo-Kuril’sk, Russia",earthquake,,,,,reviewed,us,par
1989-04-25T14:29:00.510Z,16.773,-99.328,19.2,6.9,mw,,,,1.2,us,usp0003udb,2022-04-28T20:21:34.803Z,"7 km ESE of San Marcos, Mexico",earthquake,,,,,reviewed,us,par
1989-05-05T18:28:39.450Z,-8.281,-71.381,593.4,7.1,mw,,,,1.0,us,usp0003uxu,2022-04-28T20:17:07.050Z,"69 km W of Tarauacá, Brazil",earthquake,,,,,reviewed,us,hrv
1989-05-14T00:59:50.450Z,-30.523,-178.414,43.8,7.0,mw,,,,1.1,us,usp0003v79,2022-04-28T20:17:27.970Z,"Kermadec Islands, New Zealand",earthquake,,,,,reviewed,us,par
1989-05-23T10:54:46.320Z,-52.341,160.568,10.0,8.02,mwc,,,,,official,official19890523105446320_10,2025-11-26T16:50:04.977Z,1989 Macquarie Ridge Earthquake,earthquake,,,,,reviewed,us,gcmt
1989-07-14T20:42:40.060Z,-8.081,125.129,9.8,6.7,mw,,,,1.2,us,usp0003xax,2022-04-28T20:14:27.917Z,"59 km N of Maubara, Timor Leste",earthquake,,,,,reviewed,us,hrv
1989-07-22T05:02:11.510Z,2.299,128.142,141.8,6.5,mw,,,,1.1,us,usp0003xjb,2022-04-28T20:14:39.429Z,"64 km NNE of Tobelo, Indonesia",earthquake,,,,,reviewed,us,nc
1989-07-31T17:07:27.870Z,-8.048,121.384,13.8,6.8,mw,,,,1.3,us,usp0003xwe,2022-04-28T20:14:52.010Z,"93 km NNW of Ende, Indonesia",earthquake,,,,,reviewed,us,nc
1989-08-03T11:31:20.430Z,23.043,121.965,10.7,6.6,mw,,,,1.3,us,usp0003y09,2022-04-28T20:12:02.799Z,"109 km SSE of Hualien City, Taiwan",earthquake,,,,,reviewed,us,nc
1989-08-20T11:16:56.510Z,11.766,41.942,11.6,6.5,mw,,,,1.0,us,usp0003ynm,2022-04-28T20:12:35.033Z,"12 km ENE of Gâlâfi, Djibouti",earthquake,,,,,reviewed,us,hrv
1989-08-21T18:25:41.050Z,-4.104,154.459,493.5,6.6,mw,,,,0.9,us,usp0003yr1,2022-04-28T20:13:13.734Z,"244 km E of Kokopo, Papua New Guinea",earthquake,,,,,reviewed,us,hrv
1989-08-29T04:16:23.020Z,18.039,-105.667,21.4,6.5,mw,,,,1.2,us,usp0003z0u,2022-04-28T20:13:57.133Z,"165 km SW of La Manzanilla, Mexico",earthquake,,,,,reviewed,us,hrv
1989-09-04T13:14:58.520Z,55.3217,-156.4293,11.0,7.0,mw,,,,0.24,ak,ak989bcpkhdo,2022-04-28T20:10:34.930Z,"164 km SE of Chignik, Alaska",earthquake,,39.3,,,reviewed,ak,ak
1989-09-16T02:05:08.910Z,40.337,51.534,54.8,6.5,mw,,,,1.0,us,usp0003zmt,2022-04-28T20:11:29.648Z,"103 km E of Pirallah?, Azerbaijan",earthquake,,,,,reviewed,us,nc
1989-09-25T14:17:47.080Z,-20.355,169.277,33.9,6.5,mw,,,,1.0,us,usp000400f,2022-04-28T20:11:44.329Z,"90 km S of Isangel, Vanuatu",earthquake,,,,,reviewed,us,hrv
1989-10-07T15:48:29.060Z,51.314,-179.028,19.6,6.8,mw,,,,1.0,us,usp00040e2,2022-04-28T20:08:44.090Z,"177 km WSW of Adak, Alaska",earthquake,,,,,reviewed,us,hrv
1989-10-18T00:04:15.190Z,37.0361667,-121.8798333,17.214,6.9,mw,84.0,89.0,,0.08,nc,nc216859,2026-08-26T17:31:03.342Z,"The 1989 Loma Prieta, California Earthquake",earthquake,0.21,0.31,,0.0,reviewed,nc,nc
1989-10-27T21:04:51.820Z,-11.022,162.35,24.7,6.9,mw,,,,1.1,us,usp00041c6,2022-04-28T20:09:59.300Z,"78 km SE of Kirakira, Solomon Islands",earthquake,,,,,reviewed,us,hrv
1989-10-29T05:25:38.270Z,39.571,143.333,9.6,6.9,mw,,,,1.0,us,usp00041dn,2022-04-28T20:10:01.685Z,"119 km E of Yamada, Japan",earthquake,,,,,reviewed,us,nc
1989-11-01T18:25:34.940Z,39.837,142.76,28.6,7.4,mw,,,,1.1,us,usp00041kg,2022-04-28T20:06:21.165Z,"73 km ENE of Miyako, Japan",earthquake,,,,,reviewed,us,hrv
1989-12-03T14:16:48.790Z,-7.631,-74.459,153.0,6.6,mw,,,,1.1,us,usp00042pu,2022-04-28T20:03:32.059Z,"69 km ESE of Contamana, Peru",earthquake,,,,,reviewed,us,nc
1989-12-07T13:38:44.850Z,-6.436,146.383,104.4,7.1,mw,,,,0.9,us,usp00042ug,2022-04-28T20:03:52.298Z,"59 km ESE of Kainantu, Papua New Guinea",earthquake,,,,,reviewed,us,nc
1989-12-09T20:38:08.590Z,0.141,123.34,151.0,6.7,mw,,,,1.1,us,usp00042wq,2022-04-28T20:04:08.006Z,"53 km SE of Gorontalo, Indonesia",earthquake,,,,,reviewed,us,nc
1989-12-15T18:43:45.030Z,8.337,126.729,24.4,7.6,mw,,,,1.4,us,usp000433j,2022-04-28T20:04:19.072Z,"37 km ENE of Barcelona, Philippines",earthquake,,,,,reviewed,us,hrv
1989-12-20T00:08:20.610Z,8.094,126.828,21.0,6.5,mw,,,,1.2,us,usp00043a9,2022-04-28T20:04:46.989Z,"43 km ENE of Santa Maria, Philippines",earthquake,,,,,reviewed,us,hrv
1989-12-30T23:18:51.640Z,-3.406,145.966,38.3,6.7,mw,,,,1.3,us,usp00043s3,2022-04-28T20:06:10.156Z,"201 km N of Madang, Papua New Guinea",earthquake,,,,,reviewed,us,hrv
1990-01-04T05:32:21.040Z,-15.397,-172.85,53.5,6.5,mw,,,,1.2,us,usp00043wc,2022-04-28T20:00:39.337Z,"118 km ENE of Hihifo, Tonga",earthquake,,,,,reviewed,us,hrv
1990-02-08T07:15:32.230Z,9.755,124.694,25.9,6.8,mw,,,,1.4,us,usp000456h,2022-04-28T19:57:38.365Z,"13 km E of Bacong, Philippines",earthquake,,,,,reviewed,us,hrv
1990-02-08T07:46:59.780Z,9.725,124.625,30.3,6.6,mw,,,,1.2,us,usp000456m,2022-04-28T19:57:43.943Z,"6 km ESE of Bacong, Philippines",earthquake,,,,,reviewed,us,hrv
1990-02-19T06:48:10.120Z,-15.465,166.385,12.1,6.9,mw,,,,1.2,us,usp00045mr,2022-04-28T19:59:18.855Z,"83 km W of Luganville, Vanuatu",earthquake,,,,,reviewed,us,nc
1990-03-03T12:16:27.960Z,-22.122,175.163,33.2,7.6,mw,,,,1.3,us,usp000464d,2022-04-28T19:54:06.232Z,south of the Fiji Islands,earthquake,,,,,reviewed,us,hrv
1990-03-03T12:44:22.420Z,-22.405,174.164,33.0,6.6,ms,,,,1.0,us,usp000464f,2022-04-28T19:54:23.443Z,southeast of the Loyalty Islands,earthquake,,,,3.0,reviewed,us,us
1990-03-05T16:38:12.570Z,-18.318,168.063,20.7,7.1,mw,,,,1.2,us,usp000467e,2022-04-28T19:54:29.877Z,"69 km SSW of Port-Vila, Vanuatu",earthquake,,,,,reviewed,us,nc
1990-03-15T04:56:34.520Z,-15.13,167.238,132.3,6.5,mw,,,,1.5,us,usp00046mh,2022-04-28T19:55:54.685Z,"20 km ESE of Port-Olry, Vanuatu",earthquake,,,,,reviewed,us,hrv
1990-03-21T16:46:05.450Z,-31.092,-179.093,144.8,6.6,mw,,,,1.1,us,usp00046wv,2022-04-28T19:56:00.414Z,Kermadec Islands region,earthquake,,,,,reviewed,us,hrv
1990-03-25T13:22:55.600Z,9.919,-84.808,22.2,7.3,mw,,,,1.1,us,usp0004720,2022-04-28T19:56:25.530Z,"7 km SSE of Puntarenas, Costa Rica",earthquake,,,,,reviewed,us,hrv
1990-04-03T22:57:00.920Z,11.426,-86.301,52.5,6.8,mw,,,,1.3,us,usp00047e5,2022-04-28T19:50:58.487Z,"36 km SSW of La Conquista, Nicaragua",earthquake,,3.6,,,reviewed,us,hrv
1990-04-05T21:12:35.550Z,15.125,147.596,11.4,7.6,mw,,,,1.2,us,usp00047gj,2022-04-28T19:51:12.196Z,"198 km E of Saipan, Northern Mariana Islands",earthquake,,,,,reviewed,us,par
1990-04-18T13:39:19.010Z,1.186,122.857,25.7,7.8,mw,,,,1.2,us,usp000482z,2022-04-28T19:52:05.247Z,"75 km NNW of Gorontalo, Indonesia",earthquake,,,,,reviewed,us,par
1990-04-18T18:32:59.980Z,1.315,123.018,19.1,6.5,mw,,,,1.1,us,usp0004845,2022-04-28T19:52:13.772Z,"86 km N of Gorontalo, Indonesia",earthquake,,,,,reviewed,us,hrv
1990-04-19T12:40:38.690Z,1.108,123.429,23.7,6.5,mw,,,,1.2,us,usp000485m,2022-04-28T19:52:26.603Z,"75 km NNE of Gorontalo, Indonesia",earthquake,,,,,reviewed,us,nc
1990-04-26T09:37:15.040Z,35.986,100.245,8.1,6.5,mw,,,,1.2,us,usp00048gu,2022-04-29T20:57:28.155Z,"153 km WSW of Xining, China",earthquake,,,,,reviewed,us,hrv
1990-05-01T16:12:20.405Z,58.5212,-156.5416,252.0,6.6,mw,,,,1.2,ak,ak9905kdmjlk,2022-04-28T19:48:19.282Z,"19 km SSE of King Salmon, Alaska",earthquake,,15.3,,,reviewed,ak,ak
1990-05-08T00:01:40.020Z,6.905,-82.622,9.6,6.5,mw,,,,1.0,us,usp0004904,2022-04-28T19:48:41.652Z,"127 km SSE of Punta de Burica, Panama",earthquake,,,,,reviewed,us,hrv
1990-05-12T04:50:08.710Z,49.037,141.847,605.7,7.2,mw,,,,0.8,us,usp000496v,2022-04-28T19:48:56.523Z,"16 km WSW of Uglegorsk, Russia",earthquake,,,,,reviewed,us,hrv
1990-05-20T02:22:01.620Z,5.121,32.145,14.9,7.2,mw,,,,1.1,us,usp00049hf,2022-04-28T19:49:30.595Z,"69 km ENE of Juba, South Sudan",earthquake,,,,,reviewed,us,nc
1990-05-24T19:34:44.240Z,5.277,31.829,16.5,6.5,mw,,,,1.1,us,usp00049q9,2022-04-28T19:49:44.830Z,"54 km NNE of Juba, South Sudan",earthquake,,,,,reviewed,us,hrv
1990-05-24T20:00:08.190Z,5.358,31.848,16.0,7.1,mw,,,,1.0,us,usp00049qe,2022-04-28T19:49:45.747Z,"63 km NNE of Juba, South Sudan",earthquake,,,,,reviewed,us,hrv
1990-05-24T20:09:23.240Z,-7.363,120.363,588.9,7.1,mw,,,,0.9,us,usp00049qg,2022-04-28T19:49:46.775Z,"135 km NNE of Labuan Bajo, Indonesia",earthquake,,,,,reviewed,us,hrv
1990-05-30T02:34:05.880Z,-6.016,-77.229,24.2,6.6,mw,,,,1.0,us,usp00049xz,2022-04-28T19:50:00.844Z,"6 km ESE of Segunda Jerusalén - Azunguillo, Peru",earthquake,,,,,reviewed,us,nc
1990-05-30T10:40:06.140Z,45.841,26.668,89.3,7.0,mw,,,,1.0,us,usp00049yk,2022-04-28T19:50:02.373Z,"5 km W of Nistore?ti, Romania",earthquake,,,,,reviewed,us,hrv
1990-06-07T09:25:19.190Z,-3.563,144.432,29.3,6.5,mw,,,,1.2,us,usp0004a7d,2022-04-28T19:45:56.707Z,"68 km NE of Angoram, Papua New Guinea",earthquake,,,,,reviewed,us,hrv
1990-06-08T15:05:09.520Z,-18.874,-178.789,499.2,6.5,mw,,,,1.1,us,usp0004a9a,2022-04-28T19:46:10.458Z,"219 km ESE of Levuka, Fiji",earthquake,,,,,reviewed,us,hrv
1990-06-14T07:40:56.210Z,11.76,121.899,18.1,7.1,mw,,,,1.2,us,usp0004ag6,2022-04-28T17:25:09.249Z,"0 km ESE of Union, Philippines",earthquake,,,,,reviewed,us,hrv
1990-06-14T12:47:28.820Z,47.869,85.076,57.9,6.6,mw,,,,1.0,us,usp0004agn,2022-04-28T19:46:32.907Z,"47 km NNE of Zaysan, Kazakhstan",earthquake,,,,,reviewed,us,hrv
1990-06-20T21:00:09.980Z,36.957,49.409,18.5,7.4,mw,,,,1.2,us,usp0004arq,2022-04-28T19:47:30.083Z,"23 km N of P?deg?n-e Manj?l, Iran",earthquake,,,,,reviewed,us,hrv
1990-06-23T21:38:18.750Z,-21.568,-176.483,180.5,6.9,mw,,,,1.0,us,usp0004axa,2022-04-28T19:47:48.551Z,"139 km WSW of Haveluloto, Tonga",earthquake,,,,,reviewed,us,nc
1990-07-09T15:11:20.380Z,5.395,31.654,12.6,6.6,mw,,,,1.2,us,usp0004bkr,2022-04-28T17:25:07.565Z,"60 km N of Juba, South Sudan",earthquake,,,,,reviewed,us,nc
1990-07-14T05:54:25.490Z,0.003,-17.376,11.1,6.6,mw,,,,1.0,us,usp0004bu4,2022-04-28T19:42:30.102Z,north of Ascension Island,earthquake,,,,,reviewed,us,hrv
1990-07-16T07:26:34.610Z,15.679,121.172,25.1,7.7,mw,,,,1.1,us,usp0004bxs,2022-04-28T19:42:58.516Z,"4 km E of Macapsing, Philippines",earthquake,,,,,reviewed,us,hrv
1990-07-17T21:14:43.860Z,16.495,120.981,23.1,6.5,mw,,,,1.3,us,usp0004c36,2022-04-28T19:43:44.560Z,"14 km NNW of Salinas, Philippines",earthquake,,,,,reviewed,us,hrv
1990-07-27T12:37:59.550Z,-15.355,167.464,125.7,7.2,mw,,,,1.0,us,usp0004cm6,2022-04-28T19:44:57.622Z,"37 km ENE of Luganville, Vanuatu",earthquake,,,,,reviewed,us,hrv
1990-08-05T01:34:55.830Z,29.551,137.63,496.2,6.5,mw,,,,1.1,us,usp0004cz8,2022-04-28T19:39:28.664Z,"Izu Islands, Japan region",earthquake,,,,,reviewed,us,hrv
1990-08-12T21:25:21.950Z,-19.435,169.132,140.4,7.1,mw,,,,1.1,us,usp0004dad,2022-04-28T19:40:21.017Z,"19 km NW of Isangel, Vanuatu",earthquake,,,,,reviewed,us,hrv
1990-08-17T13:07:17.420Z,-11.164,161.997,29.1,6.7,mw,,,,1.4,us,usp0004dhv,2022-04-28T19:40:41.987Z,"78 km S of Kirakira, Solomon Islands",earthquake,,,,,reviewed,us,hrv
1990-09-02T04:26:48.070Z,-0.143,-80.283,14.2,6.6,mw,,,,1.1,us,usp0004e6r,2022-04-28T19:36:46.221Z,"34 km SW of Pedernales, Ecuador",earthquake,,,,,reviewed,us,nc
1990-09-23T20:33:49.730Z,-6.726,130.373,33.0,6.5,ms,,,,1.1,us,usp0004ezz,2014-11-07T00:47:07.959Z,"289 km WSW of Tual, Indonesia",earthquake,,,,1.0,reviewed,us,us
1990-09-23T21:13:07.460Z,33.267,138.643,10.0,6.5,mw,,,,1.3,us,usp0004f00,2022-04-28T19:38:43.112Z,"153 km SSE of ?yama, Japan",earthquake,,,,,reviewed,us,nc
1990-09-28T19:44:47.120Z,-13.559,167.079,176.0,6.7,mw,,,,1.1,us,usp0004f5b,2022-04-28T19:38:58.755Z,"62 km NW of Sola, Vanuatu",earthquake,,,,,reviewed,us,nc
1990-10-10T01:00:05.500Z,-19.503,-66.618,266.0,6.6,mw,,,,1.2,us,usp0004fjz,2022-04-28T19:35:11.381Z,"68 km SSE of Challapata, Bolivia",earthquake,,,,,reviewed,us,nc
1990-10-15T01:35:44.560Z,-2.211,92.249,32.2,6.8,mw,,,,1.0,us,usp0004fsp,2022-04-28T19:35:43.774Z,"southwest of Sumatra, Indonesia",earthquake,,,,,reviewed,us,nc
1990-10-17T14:30:13.160Z,-10.97,-70.776,598.8,7.0,mw,,,,1.0,us,usp0004fv5,2022-04-28T19:35:54.346Z,"130 km W of Iñapari, Peru",earthquake,,,,,reviewed,us,nc
1990-10-25T11:01:38.720Z,8.307,126.462,44.1,6.5,mw,,,,1.1,us,usp0004g51,2022-04-28T19:36:22.980Z,"13 km E of Tidman, Philippines",earthquake,,,,,reviewed,us,nc
1990-11-06T18:45:52.230Z,28.251,55.462,10.6,6.6,mw,,,,1.0,us,usp0004gkf,2022-04-28T19:33:06.147Z,"105 km ESE of D?r?b, Iran",earthquake,,,,,reviewed,us,hrv
1990-11-06T20:14:29.740Z,53.452,169.871,24.8,7.1,mw,,,,0.9,us,usp0004gkj,2022-04-28T19:33:08.375Z,"231 km WNW of Attu Station, Alaska",earthquake,,,,,reviewed,us,hrv
1990-11-15T02:34:32.400Z,3.908,97.457,48.4,6.7,mw,,,,1.1,us,usp0004gyj,2022-04-28T19:33:25.006Z,"84 km SW of Langsa, Indonesia",earthquake,,,,,reviewed,us,hrv
1990-12-13T19:50:17.880Z,23.722,121.627,10.0,6.7,mw,,,,1.1,us,usp0004j34,2022-04-28T17:24:57.887Z,"28 km S of Hualien City, Taiwan",earthquake,,,,,reviewed,us,nc
1990-12-21T05:29:28.720Z,-20.467,-174.161,13.3,6.8,mw,,,,1.3,us,usp0004jdq,2022-04-28T19:31:37.880Z,"74 km SSE of Pangai, Tonga",earthquake,,,,,reviewed,us,nc
1990-12-30T19:14:18.930Z,-5.097,150.967,178.6,7.5,mw,,,,1.2,us,usp0004k00,2022-04-28T19:32:53.354Z,"104 km ENE of Kimbe, Papua New Guinea",earthquake,,,,,reviewed,us,hrv
1991-01-05T14:57:11.590Z,23.613,95.901,19.7,7.0,mw,,,,1.3,us,usp0004k8g,2022-04-28T19:26:06.147Z,"99 km NW of Mogok, Myanmar",earthquake,,,,,reviewed,us,hrv
1991-01-31T23:03:33.670Z,35.993,70.423,142.4,6.9,mw,,,,1.2,us,usp0004mdh,2022-04-28T17:24:56.028Z,"77 km NW of P?r?n, Afghanistan",earthquake,,,,,reviewed,us,hrv
1991-02-09T16:18:58.370Z,-9.929,159.139,10.0,6.9,mw,,,,1.1,us,usp0004mrh,2022-04-28T19:22:41.186Z,"68 km WSW of Malango, Solomon Islands",earthquake,,,,,reviewed,us,hrv
1991-02-18T02:37:25.120Z,8.87,126.48,23.9,7.0,mw,,,,1.3,us,usp0004n2a,2022-04-28T19:23:48.369Z,"18 km E of Aras-asan, Philippines",earthquake,,,,,reviewed,us,nc
1991-02-21T02:35:34.050Z,58.427,-175.45,20.2,6.7,mw,,,,1.0,us,usp0004n74,2022-04-28T19:24:10.547Z,Bering Sea,earthquake,,,,,reviewed,us,hrv
1991-03-08T11:36:28.430Z,60.904,167.023,13.0,6.6,mw,,,,1.3,us,usp0004ntk,2022-04-28T19:21:08.614Z,"74 km NE of Tilichiki, Russia",earthquake,,,,,reviewed,us,hrv
1991-04-04T15:23:20.700Z,-6.038,-77.13,20.7,6.5,mw,,,,1.0,us,usp0004pxr,2022-04-28T19:16:14.981Z,"4 km ENE of Rioja, Peru",earthquake,,,,,reviewed,us,nc
1991-04-05T04:19:49.520Z,-5.982,-77.094,19.8,7.1,mw,,,,1.0,us,usp0004pyn,2022-04-28T19:16:22.305Z,"11 km NE of Rioja, Peru",earthquake,,,,,reviewed,us,par
1991-04-06T14:34:20.700Z,-15.008,-175.521,16.0,6.7,mw,,,,1.1,us,usp0004q0u,2022-04-28T19:17:00.171Z,"203 km SSE of Mata-Utu, Wallis and Futuna",earthquake,,,,,reviewed,us,nc
1991-04-22T21:56:51.820Z,9.685,-83.073,10.0,7.6,mw,,,,1.2,us,usp0004qpg,2022-04-28T19:18:34.851Z,"34 km S of Limón, Costa Rica",earthquake,,,,,reviewed,us,hrv
1991-04-29T09:12:48.100Z,42.453,43.673,17.2,7.0,mw,,,,1.2,us,usp0004qza,2022-04-28T19:19:50.183Z,"22 km WNW of Java, Georgia",earthquake,,,,,reviewed,us,hrv
1991-05-03T02:14:14.430Z,28.08,139.585,433.1,6.7,mw,,,,1.0,us,usp0004r5x,2022-04-28T19:12:53.088Z,"Bonin Islands, Japan region",earthquake,,,,,reviewed,us,hrv
1991-05-19T00:58:01.730Z,1.156,122.957,33.0,7.0,mw,,,,1.2,us,usp0004ru5,2022-04-28T19:14:41.619Z,"69 km N of Gorontalo, Indonesia",earthquake,,,,,reviewed,us,nc
1991-05-21T11:00:19.080Z,-7.517,126.539,18.4,6.6,mw,,,,1.1,us,usp0004rxb,2022-04-28T19:14:50.012Z,"106 km N of Baukau, Timor Leste",earthquake,,3.4,,,reviewed,us,hrv
1991-05-24T20:50:55.840Z,-16.506,-70.701,127.7,6.8,mw,,,,1.0,us,usp0004s1v,2022-04-28T19:15:14.523Z,"13 km SSE of Chojata, Peru",earthquake,,,,,reviewed,us,hrv
1991-05-30T13:17:41.970Z,54.567,-161.606,28.4,7.0,mw,,,,1.1,us,usp0004s9h,2022-04-28T19:15:22.082Z,"71 km SE of King Cove, Alaska",earthquake,,,,,reviewed,us,hrv
1991-06-07T11:51:25.970Z,-7.204,122.533,536.4,6.9,mw,,,,1.1,us,usp0004smx,2022-04-28T19:09:28.074Z,"160 km NNE of Maumere, Indonesia",earthquake,,3.4,,,reviewed,us,hrv
1991-06-09T07:45:02.130Z,-20.252,-176.218,265.5,7.0,mw,,,,1.0,us,usp0004sq2,2022-04-28T19:09:31.451Z,"144 km NW of Nuku‘alofa, Tonga",earthquake,,,,,reviewed,us,hrv
1991-06-15T01:13:21.460Z,-58.285,-24.183,51.7,6.6,mw,,,,1.2,us,usp0004sxp,2022-04-28T19:10:06.474Z,South Sandwich Islands region,earthquake,,,,,reviewed,us,hrv
1991-06-20T05:18:52.510Z,1.196,122.787,31.4,7.5,mw,,,,1.2,us,usp0004t6g,2022-04-28T19:11:04.409Z,"79 km NNW of Gorontalo, Indonesia",earthquake,,,,,reviewed,us,hrv
1991-06-23T21:22:28.940Z,-26.802,-63.349,558.0,7.3,mw,,,,1.0,us,usp0004taw,2022-04-28T19:12:10.859Z,"27 km NNW of El Hoyo, Argentina",earthquake,,,,,reviewed,us,hrv
1991-07-04T11:43:10.490Z,-8.099,124.681,28.8,6.9,mwb,,,,1.1,us,usp0004tse,2022-04-28T19:06:51.316Z,"81 km NW of Maubara, Timor Leste",earthquake,,1.5,,,reviewed,us,us
1991-07-06T12:19:49.560Z,-13.108,-72.187,104.5,7.0,mwb,,,,1.2,us,usp0004tuc,2022-04-28T19:07:26.133Z,"15 km W of Lares, Peru",earthquake,,,,,reviewed,us,us
1991-07-13T02:50:14.690Z,42.182,-125.641,11.0,6.9,mw,,,,1.0,us,usp0004u34,2022-04-28T19:07:38.776Z,"103 km W of Pistol River, Oregon",earthquake,,,,,reviewed,us,par
1991-07-14T09:09:11.910Z,36.334,71.119,212.9,6.7,mw,,,,1.0,us,usp0004u5k,2022-04-28T19:07:41.900Z,"53 km SW of Ashk?sham, Afghanistan",earthquake,,,,,reviewed,us,hrv
1991-08-08T02:09:44.710Z,0.972,122.631,12.4,6.7,mwb,,,,1.5,us,usp0004v3k,2022-04-28T19:04:51.180Z,"67 km NW of Gorontalo, Indonesia",earthquake,,3.6,,,reviewed,us,us
1991-08-14T19:15:03.670Z,-13.593,167.607,13.8,6.5,mw,,,,1.3,us,usp0004vbw,2022-04-28T19:05:19.814Z,"31 km N of Sola, Vanuatu",earthquake,,,,,reviewed,us,hrv
1991-08-17T22:17:09.970Z,41.679,-125.856,1.303,7.0,mh,90.0,295.0,1.473,0.09,nc,nc228064,2022-04-28T19:05:32.166Z,"136 km WSW of Brookings, Oregon",earthquake,1.73,11.06,,0.0,reviewed,nc,nc
1991-09-28T20:26:56.150Z,-5.814,150.959,28.0,6.6,mwb,,,,1.1,us,usp0004x60,2022-04-28T19:04:22.944Z,"95 km ESE of Kimbe, Papua New Guinea",earthquake,,,,,reviewed,us,us
1991-09-30T00:21:46.410Z,-20.878,-178.591,566.4,7.0,mw,,,,1.0,us,usp0004x7f,2022-04-28T19:04:24.076Z,Fiji region,earthquake,,,,,reviewed,us,hrv
1991-10-14T15:58:12.790Z,-9.094,158.442,23.4,7.2,mw,,,,1.3,us,usp0004xtq,2022-04-28T19:01:37.662Z,"155 km WNW of Malango, Solomon Islands",earthquake,,,,,reviewed,us,hrv
1991-10-18T17:22:55.150Z,-24.295,-177.561,197.5,6.5,mwb,,,,1.1,us,usp0004xzr,2022-04-28T19:02:05.307Z,south of the Fiji Islands,earthquake,,,,,reviewed,us,us
1991-10-19T21:23:14.300Z,30.78,78.774,10.3,6.8,mwb,,,,1.2,us,usp0004y1r,2022-04-28T19:02:24.458Z,"32 km E of Uttark?shi, India",earthquake,,,,,reviewed,us,us
1991-11-01T16:23:22.370Z,-30.255,-177.981,21.4,6.6,mwb,,,,1.1,us,usp0004ypz,2022-04-28T18:58:35.388Z,"Kermadec Islands, New Zealand",earthquake,,,,,reviewed,us,us
1991-11-05T21:16:16.020Z,-16.908,66.162,10.0,6.5,mw,,,,1.4,us,usp0004yuw,2022-04-28T18:59:09.735Z,Mid-Indian Ridge,earthquake,,,,,reviewed,us,hrv
1991-11-13T11:12:13.240Z,8.361,126.371,35.9,6.8,mwb,,,,1.2,us,usp0004z3m,2022-04-28T18:59:36.415Z,"4 km ESE of Hinatuan, Philippines",earthquake,,,,,reviewed,us,us
1991-11-19T22:28:51.090Z,4.554,-77.442,21.3,7.2,mw,,,,1.2,us,usp0004zbt,2022-04-28T19:00:10.141Z,"33 km NNW of Santa Genoveva de Docordó, Colombia",earthquake,,,,,reviewed,us,hrv
1991-12-11T20:39:39.200Z,-23.368,171.044,36.6,6.5,mw,,,,1.4,us,usp00050a0,2022-04-28T18:57:21.972Z,southeast of the Loyalty Islands,earthquake,,,,,reviewed,us,hrv
1991-12-13T02:33:51.850Z,45.578,151.56,30.0,6.6,mw,,,,1.1,us,usp00050bq,2022-04-28T17:24:15.413Z,"290 km E of Kuril’sk, Russia",earthquake,,,,,reviewed,us,hrv
1991-12-13T18:59:06.560Z,45.521,151.707,18.7,6.5,mwb,,,,0.9,us,usp00050db,2022-04-28T18:57:27.363Z,Kuril Islands,earthquake,,,,,reviewed,us,us
1991-12-19T01:33:40.430Z,45.253,151.176,27.2,6.8,mw,,,,1.0,us,usp00050mu,2022-04-28T18:57:55.263Z,"258 km E of Kuril’sk, Russia",earthquake,,,,,reviewed,us,hrv
1991-12-22T08:43:13.410Z,45.533,151.021,24.7,7.6,mw,,,,0.9,us,usp00050sq,2022-04-28T18:58:08.037Z,"248 km E of Kuril’sk, Russia",earthquake,,,,,reviewed,us,hrv
1991-12-27T04:05:58.240Z,-56.032,-25.266,10.0,7.2,mw,,,,1.4,us,usp000510y,2022-04-28T18:58:20.038Z,South Sandwich Islands region,earthquake,,,,,reviewed,us,hrv
1991-12-28T00:52:10.160Z,-56.102,-24.614,10.0,6.6,mw,,,,1.1,us,usp0005120,2022-04-28T18:58:23.861Z,South Sandwich Islands region,earthquake,,,,,reviewed,us,hrv
1992-01-20T13:37:03.080Z,27.983,139.405,498.5,6.7,mwb,,,,1.2,us,usp000520a,2022-04-28T18:56:25.519Z,"Bonin Islands, Japan region",earthquake,,,,,reviewed,us,us
1992-02-06T01:12:38.550Z,-5.72,103.156,36.8,6.5,mwb,,,,1.1,us,usp00052p8,2022-04-28T18:54:31.004Z,"187 km S of Pagar Alam, Indonesia",earthquake,,,,,reviewed,us,us
1992-02-13T01:29:13.190Z,-15.894,166.318,9.6,6.8,mw,,,,1.2,us,usp00052zw,2022-04-28T18:54:59.793Z,"99 km WSW of Luganville, Vanuatu",earthquake,,,,,reviewed,us,hrv
1992-02-27T20:05:23.840Z,-6.191,147.576,38.5,6.7,mw,,,,1.1,us,usp00053k1,2022-04-28T18:55:30.666Z,"50 km NW of Finschhafen, Papua New Guinea",earthquake,,,,,reviewed,us,hrv
1992-03-02T12:29:39.590Z,52.915,159.886,38.6,6.9,mwb,,,,1.1,us,usp00053rs,2022-04-28T18:51:03.861Z,"84 km E of Petropavlovsk-Kamchatsky, Russia",earthquake,,,,,reviewed,us,us
1992-03-07T01:53:37.760Z,10.21,-84.323,78.9,6.6,mwb,,,,1.0,us,usp00053yt,2022-04-28T18:51:26.957Z,"5 km SW of Río Segundo, Costa Rica",earthquake,,,,,reviewed,us,us
1992-03-13T17:18:39.980Z,39.71,39.605,27.2,6.7,mwb,,,,1.1,us,usp000547c,2022-04-28T18:52:09.822Z,"8 km W of Cimin, Turkey",earthquake,,,,,reviewed,us,us
1992-04-03T03:19:51.430Z,-5.696,151.164,27.4,6.5,mwb,,,,0.9,us,usp000558t,2022-04-28T18:48:31.576Z,"114 km E of Kimbe, Papua New Guinea",earthquake,,,,,reviewed,us,us
1992-04-06T13:54:40.220Z,50.724,-130.092,19.7,6.7,mw,,,,1.0,us,usp00055dh,2022-04-28T18:49:00.405Z,"213 km W of Port McNeill, Canada",earthquake,,,,,reviewed,us,hrv
1992-04-18T09:16:52.850Z,-5.454,103.001,29.3,6.6,mw,,,,1.3,us,usp00055yz,2022-04-28T18:50:03.547Z,"160 km S of Pagar Alam, Indonesia",earthquake,,,,,reviewed,us,hrv
1992-04-25T18:06:05.180Z,40.3353333,-124.2286667,9.856,7.2,mw,9.0,115.0,,0.07,nc,nc269151,2026-04-20T22:30:55.722Z,"The 1992 Petrolia, California Earthquake",earthquake,0.33,0.64,,0.0,reviewed,nc,nc
1992-04-26T11:18:25.980Z,40.3828333,-124.555,21.713,6.57,mw,25.0,247.0,0.1901,0.07,nc,nc268078,2022-04-28T18:50:48.286Z,"32 km SW of Ferndale, California",earthquake,1.09,0.35,,1.0,reviewed,nc,nc
1992-05-12T18:05:42.600Z,-16.524,-172.367,15.0,6.7,mw,,,,1.1,us,usp000578t,2022-04-28T18:46:32.533Z,"165 km ESE of Hihifo, Tonga",earthquake,,,,,reviewed,us,hrv
1992-05-15T07:05:05.340Z,-6.075,147.572,58.0,7.2,mw,,,,1.1,us,usp00057d0,2022-04-28T18:46:36.374Z,"61 km NNW of Finschhafen, Papua New Guinea",earthquake,,,,,reviewed,us,hrv
1992-05-17T09:49:19.110Z,7.239,126.645,32.8,7.1,mw,,,,1.2,us,usp00057gu,2022-04-28T18:47:13.066Z,"9 km SE of Santiago, Philippines",earthquake,,,,,reviewed,us,hrv
1992-05-17T10:15:31.310Z,7.191,126.762,33.0,7.3,mwb,,,,1.1,us,usp00057gv,2022-04-28T18:47:24.067Z,"23 km ESE of Santiago, Philippines",earthquake,,,,,reviewed,us,us
1992-05-21T04:59:57.570Z,41.604,88.813,0.0,6.5,mb,,,,0.8,us,usp00057t0,2014-11-07T00:50:40.114Z,"152 km SSW of Turpan, China",nuclear explosion,,,,121.0,reviewed,us,us
1992-05-25T16:55:04.170Z,19.613,-77.872,23.1,6.8,mw,,,,0.9,us,usp000582h,2022-04-28T18:48:10.857Z,"56 km SSW of Niquero, Cuba",earthquake,,,,,reviewed,us,hrv
1992-05-27T05:13:38.810Z,-11.122,165.239,18.8,7.0,mw,,,,0.9,us,usp000585d,2022-04-28T18:48:13.110Z,"75 km SW of Lata, Solomon Islands",earthquake,,,,,reviewed,us,hrv
1992-06-22T04:00:41.000Z,-60.728,-21.969,11.8,6.5,mwb,,,,1.1,us,usp00059fc,2022-04-28T18:44:27.437Z,east of the South Sandwich Islands,earthquake,,,,,reviewed,us,us
1992-06-25T06:30:51.000Z,-28.314,-176.716,20.0,6.5,mw,,,,1.2,us,usp00059mp,2022-04-28T18:45:10.722Z,Kermadec Islands region,earthquake,,,,,reviewed,us,hrv
1992-06-28T11:57:34.130Z,34.2,-116.437,-0.097,7.3,mw,0.0,43.4,,0.194,ci,ci3031111,2026-08-18T02:10:22.893Z,"The 1992 Landers, California Earthquake",earthquake,,0.31,,0.0,reviewed,ci,ci
1992-07-10T09:31:27.590Z,44.695,149.482,19.9,6.5,mw,,,,1.0,us,usp0005am7,2022-04-28T18:40:56.503Z,"139 km ESE of Kuril’sk, Russia",earthquake,,,,,reviewed,us,hrv
1992-07-11T10:44:19.760Z,-22.483,-178.413,377.2,7.2,mw,,,,1.1,us,usp0005ap1,2022-04-28T18:40:57.917Z,south of the Fiji Islands,earthquake,,,,,reviewed,us,hrv
1992-07-18T08:36:58.700Z,39.419,143.33,28.6,6.9,mw,,,,1.0,us,usp0005b1c,2022-04-28T18:41:57.117Z,"118 km E of Yamada, Japan",earthquake,,,,,reviewed,us,hrv
1992-07-20T07:46:46.740Z,78.562,5.523,10.0,6.7,mw,,,,1.5,us,usp0005b5j,2022-04-28T18:42:24.353Z,"230 km W of Longyearbyen, Svalbard and Jan Mayen",earthquake,,,,,reviewed,us,hrv
1992-08-02T12:03:20.350Z,-7.126,121.748,485.9,6.6,mwb,,,,1.0,us,usp0005bvx,2022-04-28T18:38:20.075Z,"172 km NNW of Maumere, Indonesia",earthquake,,,,,reviewed,us,us
1992-08-07T18:19:20.440Z,57.589,-142.846,13.6,6.9,mwb,,,,1.0,us,usp0005c4e,2022-04-28T18:38:47.746Z,"283 km SW of Yakutat, Alaska",earthquake,,,,,reviewed,us,us
1992-08-19T02:04:37.410Z,42.142,73.575,27.4,7.3,mwb,,,,1.1,us,usp0005cq0,2022-04-28T18:39:36.224Z,"60 km ENE of Toktogul, Kyrgyzstan",earthquake,,,,,reviewed,us,us
1992-08-19T03:20:27.940Z,42.104,73.237,18.5,6.6,ms,,,,1.1,us,usp0005cq6,2022-04-28T18:39:38.420Z,"35 km NE of Toktogul, Kyrgyzstan",earthquake,,,,15.0,reviewed,us,us
1992-08-28T18:18:46.440Z,-0.965,-13.562,15.5,6.9,mwb,,,,1.0,us,usp0005d7u,2022-04-28T18:40:41.213Z,north of Ascension Island,earthquake,,,,,reviewed,us,us
1992-09-02T00:16:01.690Z,11.742,-87.34,44.8,7.7,mw,,,,1.3,us,usp0005ddn,2022-04-28T18:34:44.810Z,"83 km SSW of Corinto, Nicaragua",earthquake,,,,,reviewed,us,hrv
1992-09-02T05:50:01.900Z,-6.046,112.138,624.6,6.7,mw,,,,1.0,us,usp0005dew,2022-04-28T18:34:49.270Z,"94 km N of Tuban, Indonesia",earthquake,,,,,reviewed,us,hrv
1992-09-26T22:15:57.510Z,1.289,129.118,27.7,6.7,mwb,,,,1.2,us,usp0005ejh,2022-04-28T18:37:37.332Z,"132 km ESE of Tobelo, Indonesia",earthquake,,,,,reviewed,us,us
1992-09-30T05:34:00.300Z,51.281,-178.037,33.0,6.6,mwb,,,,1.0,us,usp0005er3,2022-04-28T18:37:53.685Z,"117 km SW of Adak, Alaska",earthquake,,,,,reviewed,us,us
1992-10-11T19:24:26.290Z,-19.247,168.948,129.0,7.4,mw,,,,1.1,us,usp0005f79,2022-04-28T18:32:31.361Z,"47 km NW of Isangel, Vanuatu",earthquake,,,,,reviewed,us,hrv
1992-10-15T22:37:05.910Z,-14.537,166.711,25.0,6.8,mw,,,,1.4,us,usp0005fct,2022-04-28T18:32:42.643Z,"68 km NW of Port-Olry, Vanuatu",earthquake,,,,,reviewed,us,hrv
1992-10-17T02:51:50.920Z,-19.226,169.553,11.8,6.5,mw,,,,1.3,us,usp0005feh,2022-04-28T18:32:45.766Z,"45 km NE of Isangel, Vanuatu",earthquake,,,,,reviewed,us,hrv
1992-10-17T08:32:40.510Z,6.845,-76.806,14.3,6.7,mw,,,,1.0,us,usp0005fey,2022-04-28T18:33:02.309Z,"15 km S of Murindó, Colombia",earthquake,,,,,reviewed,us,hrv
1992-10-18T15:11:59.110Z,7.075,-76.862,10.0,7.2,mwb,,,,1.3,us,usp0005fha,2022-04-28T18:33:14.016Z,"11 km NNW of Murindó, Colombia",earthquake,,,,,reviewed,us,us
1992-10-22T09:04:23.400Z,-30.227,-177.205,26.3,6.6,mw,,,,1.2,us,usp0005fqc,2022-04-28T18:33:38.787Z,"Kermadec Islands, New Zealand",earthquake,,,,,reviewed,us,hrv
1992-10-22T23:08:27.180Z,-30.125,-177.0,15.7,6.5,mwb,,,,1.1,us,usp0005fr7,2022-04-28T18:33:41.030Z,"Kermadec Islands, New Zealand",earthquake,,,,,reviewed,us,us
1992-10-24T08:23:01.120Z,-29.536,-177.279,18.7,6.6,mw,,,,1.2,us,usp0005ftz,2022-04-28T18:34:10.914Z,"Kermadec Islands, New Zealand",earthquake,,,,,reviewed,us,hrv
1992-10-30T02:49:48.170Z,29.941,138.975,393.1,6.5,mwb,,,,0.9,us,usp0005g1x,2022-04-28T18:34:29.206Z,"Izu Islands, Japan region",earthquake,,,,,reviewed,us,us
1992-10-31T14:34:22.480Z,-2.321,141.262,5.7,6.5,mwb,,,,1.0,us,usp0005g4e,2022-04-28T18:34:31.867Z,"40 km N of Vanimo, Papua New Guinea",earthquake,,,,,reviewed,us,us
1992-11-08T03:43:20.480Z,-15.727,-179.703,9.7,6.7,mw,,,,1.3,us,usp0005gh3,2022-04-28T18:27:53.944Z,"126 km NE of Labasa, Fiji",earthquake,,3.4,,,reviewed,us,hrv
1992-11-21T22:39:32.920Z,-56.665,-26.405,20.1,6.6,mw,,,,1.1,us,usp0005h5p,2022-04-28T18:30:09.801Z,South Sandwich Islands region,earthquake,,,,,reviewed,us,hrv
1992-11-28T03:13:33.360Z,-31.33,-71.992,11.7,6.5,mw,,,,1.0,us,usp0005hhf,2022-04-28T18:31:56.201Z,"85 km WNW of Illapel, Chile",earthquake,,,,,reviewed,us,hrv
1992-12-12T05:29:26.350Z,-8.48,121.896,27.7,7.8,mw,,,,1.4,us,usp0005j5a,2022-04-28T18:25:34.047Z,"37 km WNW of Maumere, Indonesia",earthquake,,,,,reviewed,us,hrv
1992-12-20T20:52:47.280Z,-6.582,130.393,77.7,7.3,mw,,,,1.2,us,usp0005jjt,2022-04-28T18:26:30.756Z,"281 km WSW of Tual, Indonesia",earthquake,,,,,reviewed,us,hrv
1992-12-26T19:52:24.900Z,-0.564,-19.318,27.1,6.8,mw,,,,1.2,us,usp0005jwt,2022-04-28T18:26:53.628Z,central Mid-Atlantic Ridge,earthquake,,,,,reviewed,us,hrv
1993-01-10T14:39:00.390Z,-59.274,-26.205,61.0,6.7,mwb,,,,1.0,us,usp0005kjj,2024-01-17T20:45:38.970Z,South Sandwich Islands region,earthquake,,,,,reviewed,us,us
1993-01-15T11:06:05.950Z,43.3,143.691,102.2,7.6,mw,,,,1.5,us,usp0005ktj,2022-04-28T18:22:39.390Z,"52 km NE of Otofuke, Japan",earthquake,,,,,reviewed,us,hrv
1993-01-19T14:39:26.170Z,38.649,133.465,448.3,6.6,mwb,,,,0.9,us,usp0005kz3,2022-04-28T18:23:21.940Z,Sea of Japan,earthquake,,,,,reviewed,us,us
1993-02-07T13:27:42.010Z,37.634,137.245,10.6,6.6,mwb,,,,0.9,us,usp0005mrp,2022-04-28T18:19:58.690Z,"69 km NNE of Nanao, Japan",earthquake,,,,,reviewed,us,us
1993-03-06T03:05:49.870Z,-10.972,164.181,20.4,7.1,mwb,,,,1.2,us,usp0005p26,2022-04-28T18:17:47.737Z,"178 km W of Lata, Solomon Islands",earthquake,,,,,reviewed,us,us
1993-03-06T10:02:06.950Z,-26.536,-177.355,18.2,6.6,mwb,,,,1.2,us,usp0005p2v,2022-04-28T18:17:54.126Z,south of the Fiji Islands,earthquake,,,,,reviewed,us,us
1993-03-06T16:26:56.960Z,-11.062,163.386,25.3,6.7,mw,,,,1.1,us,usp0005p35,2022-04-28T18:17:56.354Z,"173 km ESE of Kirakira, Solomon Islands",earthquake,,,,,reviewed,us,hrv
1993-03-10T12:39:23.900Z,-59.7,-25.719,33.0,6.5,mw,,,,1.2,us,usp0005p91,2022-04-28T18:18:05.347Z,South Sandwich Islands region,earthquake,,,,,reviewed,us,hrv
1993-03-15T16:08:57.880Z,-26.708,-70.918,28.9,6.7,mwb,,,,1.1,us,usp0005pj6,2022-04-28T18:18:38.139Z,"93 km NW of Copiapó, Chile",earthquake,,,,,reviewed,us,us
1993-04-16T14:08:38.930Z,-17.778,-178.864,565.1,6.9,mwb,,,,1.1,us,usp0005r9f,2022-04-28T18:16:30.007Z,"195 km E of Levuka, Fiji",earthquake,,,,,reviewed,us,us
1993-04-19T21:01:48.940Z,4.015,128.204,23.6,6.8,mw,,,,1.2,us,usp0005reu,2022-04-28T18:17:01.646Z,"253 km N of Tobelo, Indonesia",earthquake,,,,,reviewed,us,hrv
1993-05-11T18:26:51.320Z,7.219,126.57,58.7,7.0,mwb,,,,1.1,us,usp0005sm4,2022-04-28T18:11:32.019Z,"3 km E of Manay, Philippines",earthquake,,,,,reviewed,us,us
1993-05-13T11:59:49.250Z,55.177,-160.458,32.3,6.9,mw,,,,,us,usp0005sqc,2022-04-28T18:11:45.526Z,"17 km S of Sand Point, Alaska",earthquake,,,,,reviewed,spe,hrv
1993-05-15T21:52:25.340Z,51.374,-178.669,32.0,6.9,mw,,,,1.1,us,usp0005suz,2022-04-28T18:12:27.971Z,"151 km WSW of Adak, Alaska",earthquake,,,,,reviewed,us,hrv
1993-05-16T21:44:48.940Z,-15.286,-173.332,21.3,6.6,mw,,,,1.2,us,usp0005swx,2022-04-28T18:12:33.243Z,"89 km NE of Hihifo, Tonga",earthquake,,,,,reviewed,us,hrv
1993-05-18T10:19:33.780Z,19.914,122.45,168.6,6.8,mwb,,,,1.3,us,usp0005t13,2022-04-28T18:13:07.580Z,"77 km SE of Basco, Philippines",earthquake,,,,,reviewed,us,us
1993-05-24T23:51:28.240Z,-22.671,-66.543,221.0,7.0,mwb,,,,0.8,us,usp0005te6,2022-04-28T18:13:50.482Z,"87 km W of Abra Pampa, Argentina",earthquake,,,,,reviewed,us,us
1993-06-06T13:23:20.860Z,15.823,146.595,13.5,6.5,mwb,,,,1.2,us,usp0005u48,2022-04-28T18:08:24.910Z,"112 km NE of Saipan, Northern Mariana Islands",earthquake,,,,,reviewed,us,us
1993-06-08T13:03:36.480Z,51.218,157.829,70.6,7.5,mw,,,,1.0,us,usp0005u7b,2022-04-28T18:08:28.609Z,"97 km ESE of Ozernovskiy, Russia",earthquake,,,,,reviewed,us,hrv
1993-06-18T11:52:51.680Z,-29.053,-176.753,15.6,6.6,mw,,,,1.2,us,usp0005usp,2022-04-28T18:09:27.721Z,Kermadec Islands region,earthquake,,,,,reviewed,us,hrv
1993-06-18T17:57:46.610Z,-28.678,-176.893,10.7,6.7,mwb,,,,1.1,us,usp0005ute,2022-04-28T18:09:30.266Z,Kermadec Islands region,earthquake,,,,,reviewed,us,us
1993-06-30T23:47:33.940Z,-20.836,172.957,12.6,6.7,mw,,,,1.3,us,usp0005vf1,2022-04-28T18:10:29.769Z,Vanuatu region,earthquake,,,,,reviewed,us,hrv
1993-07-11T13:36:21.240Z,-25.304,-70.166,47.5,6.6,mw,,,,1.2,us,usp0005vyp,2022-04-28T18:06:20.267Z,"34 km ENE of Taltal, Chile",earthquake,,,,,reviewed,us,hrv
1993-07-12T13:17:11.960Z,42.851,139.197,16.7,7.7,mw,,,,1.0,us,usp0005w12,2022-04-28T18:06:42.334Z,"107 km W of Iwanai, Japan",earthquake,,,,,reviewed,us,hrv
1993-08-04T11:31:18.030Z,-1.629,99.615,31.6,6.5,mwb,,,,1.0,us,usp0005xxx,2022-04-28T18:02:22.882Z,"111 km SW of Padang, Indonesia",earthquake,,,,,reviewed,us,us
1993-08-07T17:53:24.200Z,-23.866,179.846,523.1,6.7,mwb,,,,1.0,us,usp0005y2v,2022-04-28T18:02:37.087Z,south of the Fiji Islands,earthquake,,,,,reviewed,us,us
1993-08-07T19:42:41.910Z,41.985,139.839,13.8,6.5,mwb,,,,0.9,us,usp0005y2x,2022-04-28T18:02:38.287Z,"69 km WNW of Kamiiso, Japan",earthquake,,,,,reviewed,us,us
1993-08-08T08:34:24.930Z,12.982,144.801,59.3,7.8,mw,,,,1.1,us,usp0005y3k,2025-05-04T03:45:17.598Z,"32 km S of Inarajan Village, Guam",earthquake,,,,,reviewed,us,hrv
1993-08-09T12:42:48.190Z,36.379,70.868,214.5,7.0,mwb,,,,1.2,us,usp0005y6k,2022-04-28T18:03:08.046Z,"53 km S of Jurm, Afghanistan",earthquake,,,,,reviewed,us,us
1993-08-10T00:51:53.250Z,-45.277,166.927,28.1,7.0,mw,,,,1.1,us,usp0005y7g,2022-04-28T18:03:13.656Z,"63 km WNW of Te Anau, New Zealand",earthquake,,,,,reviewed,us,hrv
1993-09-03T12:35:00.270Z,14.523,-92.713,26.5,6.8,mwb,,,,1.1,us,usp0005zpf,2022-04-28T17:59:15.448Z,"38 km SW of Puerto Madero, Mexico",earthquake,,,,,reviewed,us,us
1993-09-06T03:56:00.100Z,-4.641,153.231,49.0,6.6,mw,,,,0.9,us,usp0005ztm,2022-04-28T17:59:44.885Z,"111 km ESE of Kokopo, Papua New Guinea",earthquake,,,,,reviewed,us,hrv
1993-09-07T02:48:50.850Z,-31.635,-179.44,10.0,6.5,mwb,,,,1.2,us,usp0005zvf,2022-04-28T17:59:46.557Z,Kermadec Islands region,earthquake,,,,,reviewed,us,us
1993-09-10T19:12:54.620Z,14.717,-92.645,34.1,7.2,mw,,,,1.3,us,usp0006030,2022-04-28T17:59:55.831Z,"24 km W of Puerto Madero, Mexico",earthquake,,,,,reviewed,us,hrv
1993-09-27T13:37:32.970Z,-53.651,-51.621,33.0,6.6,mw,,,,1.2,us,usp000614g,2022-04-28T18:01:12.855Z,South Atlantic Ocean,earthquake,,,,,reviewed,us,hrv
1993-09-30T18:27:50.810Z,15.417,-94.698,19.2,6.5,mw,,,,1.1,us,usp000619m,2022-04-28T18:01:52.475Z,"90 km S of San Francisco del Mar Viejo, Mexico",earthquake,,,,,reviewed,us,hrv
1993-10-05T05:09:45.760Z,-6.13,128.965,13.1,6.6,mwb,,,,1.2,us,usp00061gr,2022-04-28T17:57:19.183Z,"282 km SSE of Ambon, Indonesia",earthquake,,,,,reviewed,us,us
1993-10-11T15:54:21.240Z,32.02,137.832,350.7,6.9,mw,,,,1.0,us,usp00061tu,2022-04-28T17:57:55.941Z,"256 km SE of Shing?, Japan",earthquake,,,,,reviewed,us,hrv
1993-10-13T02:06:00.340Z,-5.889,146.02,25.3,6.9,mw,,,,1.3,us,usp00061w1,2025-05-29T22:57:51.198Z,"47 km NNE of Kainantu, Papua New Guinea",earthquake,,,,,reviewed,us,hrv
1993-10-13T03:07:30.990Z,-5.932,146.153,33.0,6.5,mw,,,,1.2,us,usp00061w6,2022-04-28T17:58:00.857Z,"50 km NE of Kainantu, Papua New Guinea",earthquake,,,,,reviewed,us,hrv
1993-10-24T07:52:15.630Z,16.755,-98.717,20.7,6.7,mwb,,,,1.0,us,usp00062jn,2022-04-28T17:58:36.549Z,"1 km ENE of Jolotichán, Mexico",earthquake,,,,,reviewed,us,us
1993-10-25T10:27:04.510Z,-5.909,145.99,30.4,6.7,mwb,,,,1.2,us,usp00062n7,2022-04-28T17:58:41.832Z,"44 km NNE of Kainantu, Papua New Guinea",earthquake,,,,,reviewed,us,us
1993-11-13T01:18:04.180Z,51.934,158.647,34.0,7.0,mw,,,,1.0,us,usp00063mj,2022-04-28T17:56:10.510Z,"112 km S of Vilyuchinsk, Russia",earthquake,,,,,reviewed,us,hrv
1993-11-19T01:43:23.780Z,54.287,-164.164,30.3,6.5,mw,,,,1.2,us,usp00063vy,2022-04-28T17:56:18.749Z,"79 km SW of False Pass, Alaska",earthquake,,,,,reviewed,us,hrv
1993-12-09T04:32:19.520Z,0.486,125.995,14.5,6.9,mw,,,,1.2,us,usp00064w3,2022-04-28T17:53:48.682Z,"150 km SE of Tondano, Indonesia",earthquake,,,,,reviewed,us,hrv
1993-12-09T11:38:27.960Z,0.425,125.891,15.9,6.8,mw,,,,1.2,us,usp00064wp,2022-04-28T17:53:50.067Z,Molucca Sea,earthquake,,,,,reviewed,us,hrv
1993-12-29T07:48:14.200Z,-20.23,169.789,33.0,7.0,mw,,,,1.1,us,usp00065sh,2022-04-28T17:55:24.236Z,"92 km SE of Isangel, Vanuatu",earthquake,,,,,reviewed,us,hrv
1993-12-29T08:39:44.830Z,-19.99,169.857,33.0,6.5,mw,,,,1.1,us,usp00065sp,2022-04-28T17:55:33.937Z,"78 km SE of Isangel, Vanuatu",earthquake,,,,,reviewed,us,hrv
1994-01-10T15:53:50.110Z,-13.339,-69.446,596.0,6.9,mwb,,,,1.0,us,usp000669u,2022-04-28T17:52:22.467Z,"74 km S of Tambopata, Peru",earthquake,,,,,reviewed,us,us
1994-01-17T12:30:55.390Z,34.213,-118.537,18.202,6.7,mw,0.0,29.7,,0.31,ci,ci3144585,2026-08-17T21:42:54.574Z,"Northridge, California, earthquake",earthquake,,0.403,,0.0,reviewed,ci,ci
1994-01-19T01:53:34.900Z,-3.176,135.97,23.2,6.8,mw,,,,1.2,us,usp00066x3,2022-04-28T17:52:58.619Z,"55 km ENE of Nabire, Indonesia",earthquake,,,,,reviewed,us,hrv
1994-01-21T02:24:29.960Z,1.015,127.733,19.9,7.0,mwb,,,,1.2,us,usp0006744,2022-04-28T17:53:14.262Z,"36 km NNE of Sofifi, Indonesia",earthquake,,,,,reviewed,us,us
1994-02-11T21:17:31.120Z,-18.773,169.169,205.7,6.9,mwb,,,,1.2,us,usp00068d2,2022-04-28T17:49:04.422Z,"85 km N of Isangel, Vanuatu",earthquake,,,,,reviewed,us,us
1994-02-12T04:16:26.890Z,-10.786,-128.798,15.0,6.7,mw,,,,1.3,us,usp00068dm,2022-04-28T17:49:11.191Z,South Pacific Ocean,earthquake,,,,,reviewed,us,hrv
1994-02-12T17:58:23.990Z,-20.553,169.361,27.7,7.0,mwb,,,,1.0,us,usp00068eg,2022-04-28T17:49:29.808Z,"112 km S of Isangel, Vanuatu",earthquake,,,,,reviewed,us,us
1994-02-15T17:07:43.800Z,-4.967,104.302,23.1,6.9,mw,,,,1.3,us,usp00068jd,2022-04-28T17:49:47.002Z,"66 km WSW of Kotabumi, Indonesia",earthquake,,,,,reviewed,us,hrv
1994-02-15T21:11:56.420Z,-20.399,168.866,19.5,6.5,mw,,,,1.3,us,usp00068js,2022-04-28T17:49:55.714Z,"104 km SSW of Isangel, Vanuatu",earthquake,,,,,reviewed,us,hrv
1994-03-09T23:28:06.780Z,-18.039,-178.413,562.5,7.6,mw,,,,1.0,us,usp00069fm,2022-04-28T17:47:35.598Z,"240 km E of Levuka, Fiji",earthquake,,,,,reviewed,us,hrv
1994-03-14T04:30:15.750Z,-1.278,-23.569,10.0,7.0,mw,,,,1.4,us,usp00069pg,2022-04-28T17:47:57.451Z,central Mid-Atlantic Ridge,earthquake,,,,,reviewed,us,hrv
1994-03-14T20:51:24.960Z,15.994,-92.428,164.2,6.9,mwb,,,,1.2,us,usp00069qa,2022-04-28T17:48:03.639Z,"6 km ENE of Rizo de Oro, Mexico",earthquake,,,,,reviewed,us,us
1994-03-31T22:40:52.150Z,-22.057,-179.533,579.8,6.5,mw,,,,0.9,us,usp0006aew,2024-01-17T20:45:46.346Z,south of the Fiji Islands,earthquake,,,,,reviewed,us,hrv
1994-04-13T22:22:29.900Z,-3.136,135.968,28.5,6.5,mw,,,,1.1,us,usp0006b1z,2022-04-28T17:44:49.941Z,"57 km ENE of Nabire, Indonesia",earthquake,,,,,reviewed,us,hrv
1994-04-18T17:29:54.140Z,-6.47,154.934,26.3,6.7,mwb,,,,1.2,us,usp0006b9h,2022-04-28T17:45:57.147Z,"63 km WSW of Panguna, Papua New Guinea",earthquake,,,,,reviewed,us,us
1994-04-21T03:51:44.560Z,-5.702,154.12,28.0,6.7,mw,,,,1.1,us,usp0006bdm,2022-04-28T17:46:11.068Z,"165 km WNW of Panguna, Papua New Guinea",earthquake,,,,,reviewed,us,hrv
1994-04-29T07:11:29.680Z,-28.299,-63.252,561.5,6.9,mwb,,,,0.9,us,usp0006bt7,2022-04-28T17:47:02.641Z,"44 km SSE of Suncho Corral, Argentina",earthquake,,,,,reviewed,us,us
1994-05-10T06:36:28.380Z,-28.501,-63.096,600.5,6.9,mwb,,,,1.0,us,usp0006cbq,2022-04-28T17:41:59.948Z,"18 km NW of Colonia Dora, Argentina",earthquake,,,,,reviewed,us,us
1994-05-11T08:18:15.670Z,-2.008,99.77,20.5,6.5,mwb,,,,1.0,us,usp0006cd7,2022-04-28T17:42:01.289Z,"133 km SSW of Padang, Indonesia",earthquake,,,,,reviewed,us,us
1994-05-24T04:00:42.180Z,23.959,122.448,16.3,6.6,mwb,,,,1.2,us,usp0006d02,2022-04-28T17:42:56.686Z,"79 km SW of Yonakuni, Japan",earthquake,,,,,reviewed,us,us
1994-05-25T04:03:41.260Z,-4.199,135.489,33.0,6.5,mwb,,,,1.2,us,usp0006d2j,2022-04-28T17:43:05.166Z,"92 km S of Nabire, Indonesia",earthquake,,,,,reviewed,us,us
1994-05-29T14:11:50.960Z,20.556,94.16,35.6,6.5,mw,,,,1.0,us,usp0006dbh,2022-04-28T17:43:25.257Z,"74 km W of Yenangyaung, Myanmar",earthquake,,2.2,,,reviewed,us,hrv
1994-06-02T18:17:34.020Z,-10.477,112.835,18.4,7.8,mw,,,,1.1,us,usp0006djk,2022-05-09T22:49:51.097Z,"249 km SSW of Kencong, Indonesia",earthquake,,4.0,,,reviewed,us,hrv
1994-06-03T21:06:59.880Z,-10.362,112.892,25.9,6.6,mw,,,,1.2,us,usp0006dnc,2022-04-28T17:38:28.431Z,"235 km SSW of Kencong, Indonesia",earthquake,,,,,reviewed,us,hrv
1994-06-04T00:57:50.660Z,-10.777,113.366,11.2,6.5,mw,,,,1.2,us,usp0006dp4,2022-04-28T17:38:32.778Z,"275 km S of Kencong, Indonesia",earthquake,,,,,reviewed,us,hrv
1994-06-06T20:47:40.530Z,2.917,-76.057,12.1,6.8,mw,,,,1.1,us,usp0006dv8,2022-04-28T17:38:43.031Z,"23 km E of Toribío, Colombia",earthquake,,,,,reviewed,us,hrv
1994-06-09T00:33:16.230Z,-13.841,-67.553,631.3,8.2,mw,,,,1.1,us,usp0006dzc,2022-04-28T17:38:56.965Z,"55 km NNW of Reyes, Bolivia",earthquake,,,,,reviewed,us,hrv
1994-06-18T03:25:15.830Z,-42.963,171.658,13.6,6.8,mw,,,,1.3,us,usp0006efu,2022-04-28T17:40:22.191Z,"56 km NW of Oxford, New Zealand",earthquake,,,,,reviewed,us,hrv
1994-07-04T21:36:41.960Z,14.888,-97.322,14.6,6.5,mw,,,,1.0,us,usp0006f6f,2022-04-28T17:36:30.773Z,"108 km SSW of La Barra de Colotepec, Mexico",earthquake,,,,,reviewed,us,hrv
1994-07-13T02:35:56.020Z,-16.62,167.518,33.0,7.2,mw,,,,1.3,us,usp0006fjg,2022-04-28T17:36:55.494Z,"58 km S of Lakatoro, Vanuatu",earthquake,,,,,reviewed,us,hrv
1994-07-13T03:13:19.310Z,-16.812,167.249,33.0,6.7,mw,,,,1.3,us,usp0006fjp,2022-04-28T17:37:00.627Z,"80 km SSW of Lakatoro, Vanuatu",earthquake,,,,,reviewed,us,hrv
1994-07-13T11:45:23.360Z,-7.532,127.77,158.8,6.5,mw,,,,1.1,us,usp0006fkv,2022-04-28T17:37:06.117Z,"138 km NE of Lospalos, Timor Leste",earthquake,,,,,reviewed,us,hrv
1994-07-21T18:36:31.740Z,42.34,132.865,471.4,7.3,mw,,,,0.9,us,usp0006fyv,2022-04-28T17:37:26.419Z,"46 km SSW of Vrangel’, Russia",earthquake,,,,,reviewed,us,hrv
1994-07-25T22:00:22.980Z,-56.362,-27.365,81.3,6.6,mwb,,,,1.2,us,usp0006g4b,2022-04-28T17:38:10.073Z,South Sandwich Islands region,earthquake,,,,,reviewed,us,us
1994-08-18T04:42:57.380Z,44.767,150.158,14.7,6.6,mw,,,,1.1,us,usp0006h3e,2022-04-28T17:34:17.704Z,"186 km ESE of Kuril’sk, Russia",earthquake,,,,,reviewed,us,hrv
1994-08-19T10:02:51.830Z,-26.642,-63.421,563.6,6.5,mw,,,,0.9,us,usp0006h5m,2022-04-28T17:34:20.466Z,"46 km NNW of El Hoyo, Argentina",earthquake,,,,,reviewed,us,hrv
1994-08-28T18:37:20.670Z,44.783,150.061,18.6,6.6,mw,,,,1.2,us,usp0006hm5,2022-04-28T17:35:14.941Z,"179 km ESE of Kuril’sk, Russia",earthquake,,,,,reviewed,us,hrv
1994-09-01T15:15:53.080Z,40.402,-125.68,10.0,7.1,mwb,,,,1.0,us,usp0006hsx,2022-04-28T17:30:46.350Z,"121 km W of Ferndale, California",earthquake,,,,,reviewed,us,us
1994-09-16T06:20:18.740Z,22.528,118.711,13.1,6.8,mwb,,,,1.2,us,usp0006jhk,2022-04-28T17:31:56.619Z,"145 km SW of Magong, Taiwan",earthquake,,,,,reviewed,us,us
1994-09-28T16:39:51.670Z,-5.786,110.352,637.5,6.6,mw,,,,1.0,us,usp0006k55,2022-04-28T17:32:56.345Z,"86 km NNW of Batang, Indonesia",earthquake,,,,,reviewed,us,hrv
1994-10-01T16:35:20.790Z,-17.745,167.682,16.6,6.5,mw,,,,1.1,us,usp0006k95,2022-04-28T17:21:48.260Z,"67 km W of Port-Vila, Vanuatu",earthquake,,,,,reviewed,us,hrv
1994-10-04T13:22:55.840Z,43.773,147.321,14.0,8.3,mw,,,,0.9,us,usp0006kdp,2022-04-28T17:22:14.274Z,"48 km E of Shikotan, Russia",earthquake,,4.7,,,reviewed,us,hrv
1994-10-08T21:44:07.210Z,-1.258,127.98,16.6,6.8,mwb,,,,1.2,us,usp0006ktd,2022-04-28T17:29:18.362Z,"225 km SSE of Sofifi, Indonesia",earthquake,,,,,reviewed,us,us
1994-10-09T07:55:39.580Z,43.905,147.916,33.0,7.3,mw,,,,0.9,us,usp0006ku9,2022-04-28T17:29:24.423Z,"96 km E of Shikotan, Russia",earthquake,,,,,reviewed,us,hrv
1994-10-16T05:10:00.930Z,45.749,149.167,116.6,6.7,mw,,,,0.9,us,usp0006m6j,2022-04-28T17:29:59.345Z,Kuril Islands,earthquake,,,,,reviewed,us,hrv
1994-10-27T22:20:28.540Z,-25.778,179.339,518.7,6.7,mw,,,,1.0,us,usp0006mtj,2022-04-28T17:30:14.594Z,south of the Fiji Islands,earthquake,,,,,reviewed,us,hrv
1994-11-05T02:16:03.320Z,-57.193,157.858,24.7,6.5,mwb,,,,1.2,us,usp0006n54,2022-04-28T17:19:51.185Z,Macquarie Island region,earthquake,,,,,reviewed,us,us
1994-11-14T19:15:30.660Z,13.525,121.067,31.5,7.1,mw,,,,1.1,us,usp0006nn2,2022-04-28T17:20:35.454Z,"10 km E of Sabang, Philippines",earthquake,,,,,reviewed,us,hrv
1994-11-15T20:18:11.310Z,-5.589,110.186,560.6,6.5,mw,,,,0.9,us,usp0006npt,2022-04-28T17:20:42.545Z,"114 km NNW of Batang, Indonesia",earthquake,,,,,reviewed,us,hrv
1994-12-10T16:17:38.510Z,18.136,-101.384,48.1,6.5,mwb,,,,1.1,us,usp0006pwk,2022-04-28T17:17:17.679Z,"22 km SW of Guayameo, Mexico",earthquake,,,,,reviewed,us,us
1994-12-15T11:20:22.150Z,-37.282,177.523,33.0,6.5,mwb,,,,1.3,us,usp0006q2w,2022-04-28T17:18:10.472Z,"83 km NNE of Opotiki, New Zealand",earthquake,,,,,reviewed,us,us
1994-12-28T12:19:23.030Z,40.525,143.419,26.5,7.8,mw,,,,1.1,us,usp0006qh3,2022-04-28T17:19:03.747Z,"off the east coast of Honshu, Japan",earthquake,,,,,reviewed,us,hrv
1995-01-01T06:59:55.950Z,40.701,143.549,15.2,6.5,mwb,,,,1.1,us,usp0006qpv,2022-04-29T17:45:07.656Z,"174 km E of Hachinohe, Japan",earthquake,,,,,reviewed,us,us
1995-01-06T22:37:34.320Z,40.246,142.175,26.9,7.0,mw,,,,0.9,us,usp0006qyz,2022-09-26T23:54:45.049Z,"63 km ESE of Hachinohe, Japan",earthquake,,,,,reviewed,us,hrv
1995-01-16T20:46:52.120Z,34.583,135.018,21.9,6.9,mw,,,,1.0,us,usp0006rew,2022-04-29T17:46:02.285Z,"8 km S of Akashi, Japan",earthquake,,,,,reviewed,us,hrv
1995-01-19T15:05:03.410Z,5.05,-72.916,17.3,6.5,mw,,,,0.9,us,usp0006rkq,2022-04-29T17:46:19.802Z,"16 km ESE of Páez, Colombia",earthquake,,,,,reviewed,us,hrv
1995-01-27T20:16:52.170Z,-4.434,134.476,22.3,6.8,mw,,,,1.2,us,usp0006rzb,2022-04-29T17:48:23.950Z,"164 km SW of Nabire, Indonesia",earthquake,,,,,reviewed,us,hrv
1995-02-05T22:51:05.140Z,-37.759,178.752,21.1,7.1,mw,,,,1.0,us,usp0006sef,2022-08-09T21:36:23.059Z,"118 km NNE of Gisborne, New Zealand",earthquake,,,,,reviewed,us,hrv
1995-02-10T01:45:03.910Z,-37.855,178.602,28.3,6.5,mw,,,,1.2,us,usp0006spd,2022-04-29T17:39:27.750Z,"102 km NNE of Gisborne, New Zealand",earthquake,,,,,reviewed,us,hrv
1995-02-13T15:04:24.080Z,-1.318,127.438,14.2,6.7,mw,,,,1.2,us,usp0006svx,2022-04-29T17:40:11.041Z,"227 km S of Sofifi, Indonesia",earthquake,,,,,reviewed,us,hrv
1995-02-19T04:03:14.940Z,40.5918333,-125.7566667,4.622,6.6,mw,180.0,273.0,1.089,0.27,nc,nc30068187,2022-04-29T17:41:51.851Z,"126 km W of Ferndale, California",earthquake,2.58,6.05,,3.0,reviewed,nc,nc
1995-03-19T23:53:14.920Z,-4.183,135.109,33.0,6.9,mw,,,,1.4,us,usp0006uef,2022-04-29T17:31:15.700Z,"100 km SSW of Nabire, Indonesia",earthquake,,,,,reviewed,us,hrv
1995-04-07T22:06:56.890Z,-15.199,-173.529,21.2,7.4,mw,,,,1.1,us,usp0006vb3,2022-04-29T17:21:39.778Z,"88 km NNE of Hihifo, Tonga",earthquake,,,,,reviewed,us,hrv
1995-04-14T13:15:17.350Z,-60.774,-20.074,10.5,6.5,mwb,,,,1.2,us,usp0006vnq,2022-04-29T17:24:24.487Z,east of the South Sandwich Islands,earthquake,,,,,reviewed,us,us
1995-04-17T23:28:06.890Z,45.928,151.283,23.1,6.8,mw,,,,1.0,us,usp0006vua,2022-04-29T17:25:05.888Z,"276 km ENE of Kuril’sk, Russia",earthquake,,,,,reviewed,us,hrv
1995-04-20T08:45:11.670Z,6.279,126.777,94.1,6.6,mwb,,,,1.1,us,usp0006vxw,2022-04-29T17:25:33.641Z,"66 km E of Pondaguitan, Philippines",earthquake,,,,,reviewed,us,us
1995-04-21T00:09:54.360Z,12.011,125.656,20.1,6.9,mw,,,,1.0,us,usp0006vz4,2022-04-29T17:25:36.840Z,"19 km E of Dolores, Philippines",earthquake,,,,,reviewed,us,hrv
1995-04-21T00:30:10.820Z,11.925,125.564,17.4,6.8,mw,,,,1.0,us,usp0006vz8,2022-04-29T17:25:38.433Z,"14 km ESE of Can-Avid, Philippines",earthquake,,,,,reviewed,us,hrv
1995-04-21T00:34:46.090Z,12.059,125.58,20.7,7.2,mw,,,,1.2,us,usp0006vz9,2022-04-29T17:25:43.742Z,"10 km E of Dapdap, Philippines",earthquake,,,,,reviewed,us,hrv
1995-04-21T05:17:01.330Z,12.047,125.92,27.4,6.8,mw,,,,1.1,us,usp0006w0m,2022-04-29T17:25:46.809Z,"47 km E of Dapdap, Philippines",earthquake,,,,,reviewed,us,hrv
1995-04-23T02:55:55.110Z,51.334,179.714,16.9,6.5,mw,,,,1.0,us,usp0006w5n,2022-04-29T17:26:53.928Z,"260 km WSW of Adak, Alaska",earthquake,,,,,reviewed,us,hrv
1995-04-23T05:08:01.970Z,12.39,125.396,24.1,6.8,mw,,,,1.0,us,usp0006w5w,2022-04-29T17:26:56.179Z,"10 km E of Gamay, Philippines",earthquake,,,,,reviewed,us,hrv
1995-04-28T16:30:00.700Z,44.072,148.004,28.8,6.9,mwb,,,,0.9,us,usp0006wgc,2022-04-29T17:28:51.162Z,"107 km ENE of Shikotan, Russia",earthquake,,,,,reviewed,us,us
1995-05-02T06:06:05.690Z,-3.792,-76.917,97.0,6.7,mw,,,,1.0,us,usp0006wq1,2022-04-29T16:45:55.106Z,"64 km WSW of Alianza Cristiana, Peru",earthquake,,,,,reviewed,us,hrv
1995-05-05T03:53:45.050Z,12.626,125.297,16.0,7.1,mw,,,,0.9,us,usp0006ww5,2022-04-29T16:49:50.516Z,"14 km NE of Cabatuan, Philippines",earthquake,,,,,reviewed,us,hrv
1995-05-13T08:47:12.730Z,40.149,21.695,14.0,6.6,mw,,,,1.2,us,usp0006x90,2022-04-29T16:56:37.986Z,"10 km W of Aianí, Greece",earthquake,,,,,reviewed,us,hrv
1995-05-14T11:33:18.870Z,-8.378,125.127,11.2,6.9,mw,,,,1.4,us,usp0006xbu,2022-04-29T16:58:10.538Z,"27 km NNW of Maubara, Timor Leste",earthquake,,,,,reviewed,us,hrv
1995-05-16T20:12:44.220Z,-23.008,169.9,20.2,7.7,mw,,,,1.3,us,usp0006xg1,2022-04-29T17:01:08.502Z,"249 km E of Vao, New Caledonia",earthquake,,,,,reviewed,us,hrv
1995-05-17T11:23:49.540Z,-23.03,170.108,19.7,6.5,mw,,,,1.4,us,usp0006xk4,2022-04-29T17:02:43.399Z,"271 km E of Vao, New Caledonia",earthquake,,,,,reviewed,us,hrv
1995-05-18T00:06:27.460Z,-0.893,-21.996,12.2,6.8,mw,,,,1.0,us,usp0006xma,2022-04-29T17:04:16.250Z,central Mid-Atlantic Ridge,earthquake,,,,,reviewed,us,hrv
1995-05-23T22:10:11.840Z,-55.945,-3.361,10.0,6.8,mw,,,,1.3,us,usp0006xwq,2022-04-29T17:11:21.267Z,southern Mid-Atlantic Ridge,earthquake,,,,,reviewed,us,hrv
1995-05-26T03:11:17.180Z,12.115,57.939,62.4,6.5,mw,,,,1.0,us,usp0006y21,2022-04-29T17:14:29.465Z,Owen Fracture Zone region,earthquake,,9.0,,,reviewed,us,hrv
1995-05-27T13:03:52.650Z,52.629,142.827,11.0,7.1,mwb,,,,0.9,us,usp0006y50,2022-04-29T17:15:22.742Z,"85 km S of Tungor, Russia",earthquake,,,,,reviewed,us,us
1995-06-14T11:11:47.400Z,12.128,-88.36,25.0,6.6,mw,,,,1.2,us,usp0006z26,2022-04-29T20:32:30.225Z,"120 km SW of Jiquilillo, Nicaragua",earthquake,,,,,reviewed,us,hrv
1995-06-15T00:15:48.730Z,38.401,22.283,14.2,6.5,mw,,,,1.3,us,usp0006z34,2022-04-29T20:33:34.640Z,"8 km WNW of Galaxídhion, Greece",earthquake,,,,,reviewed,us,hrv
1995-06-21T15:28:51.710Z,-61.673,154.766,10.0,6.7,mwb,,,,1.3,us,usp0006zgn,2022-04-29T20:41:05.708Z,Balleny Islands region,earthquake,,,,,reviewed,us,us
1995-06-24T06:58:06.690Z,-3.959,153.93,386.0,6.8,mw,,,,1.0,us,usp0006zmh,2022-04-29T16:39:02.957Z,"189 km ENE of Kokopo, Papua New Guinea",earthquake,,,,,reviewed,us,hrv
1995-06-29T12:24:03.250Z,-19.544,169.287,139.4,6.6,mw,,,,1.0,us,usp0006zwa,2022-04-29T16:43:35.347Z,"0 km ESE of Isangel, Vanuatu",earthquake,,,,,reviewed,us,hrv
1995-07-03T19:50:50.620Z,-29.211,-177.589,35.3,7.2,mwb,,,,1.2,us,usp000702z,2022-04-29T20:01:20.485Z,"Kermadec Islands, New Zealand",earthquake,,,,,reviewed,us,us
1995-07-11T21:46:39.780Z,21.966,99.196,12.5,6.8,mw,,,,1.3,us,usp00070g4,2022-04-29T20:02:14.964Z,"158 km W of Jinghong, China",earthquake,,,,,reviewed,us,hrv
1995-07-12T15:46:56.850Z,-23.26,170.865,11.4,6.5,mwb,,,,1.0,us,usp00070h5,2022-04-29T20:02:26.465Z,southeast of the Loyalty Islands,earthquake,,,,,reviewed,us,us
1995-07-30T05:11:23.630Z,-23.34,-70.294,45.6,8.0,mw,,,,1.1,us,usp000714t,2022-04-29T20:18:16.400Z,"36 km NNE of Antofagasta, Chile",earthquake,,,,,reviewed,us,hrv
1995-08-14T04:37:17.500Z,-4.836,151.515,127.9,6.7,mw,,,,1.0,us,usp00071ty,2022-04-29T19:58:24.791Z,"99 km WSW of Kokopo, Papua New Guinea",earthquake,,,,,reviewed,us,hrv
1995-08-16T10:27:28.630Z,-5.799,154.178,30.1,7.7,mw,,,,1.3,us,usp00071w4,2022-04-29T19:58:30.281Z,"155 km WNW of Panguna, Papua New Guinea",earthquake,,,,,reviewed,us,hrv
1995-08-16T16:24:26.520Z,-5.429,153.773,18.7,6.6,mw,,,,1.1,us,usp00071ww,2022-04-29T19:58:34.443Z,"205 km SE of Kokopo, Papua New Guinea",earthquake,,,,,reviewed,us,hrv
1995-08-16T23:10:23.980Z,-5.771,154.347,33.0,7.2,mw,,,,1.2,us,usp00071xh,2022-04-29T19:58:38.708Z,"139 km WNW of Panguna, Papua New Guinea",earthquake,,,,,reviewed,us,hrv
1995-08-19T21:43:31.920Z,5.139,-75.577,119.6,6.6,mw,,,,1.0,us,usp000724g,2022-04-29T20:00:07.751Z,"7 km WSW of Neira, Colombia",earthquake,,,,,reviewed,us,hrv
1995-08-23T07:06:02.760Z,18.856,145.218,594.9,7.1,mwb,,,,0.9,us,usp00072a1,2022-04-29T20:00:22.778Z,"Pagan region, Northern Mariana Islands",earthquake,,,,,reviewed,us,us
1995-08-28T10:46:12.060Z,26.092,-110.284,12.2,6.6,mwb,,,,1.1,us,usp00072k0,2022-04-29T20:00:40.433Z,"95 km SW of Etchoropo, Mexico",earthquake,,,,,reviewed,us,us
1995-09-14T14:04:31.430Z,16.779,-98.597,23.0,7.4,mwb,,,,1.2,us,usp00073c5,2022-04-29T19:56:45.416Z,"5 km N of Azoyú, Mexico",earthquake,,,,,reviewed,us,us
1995-09-23T22:31:56.360Z,-10.68,-78.581,59.9,6.5,mwb,,,,1.2,us,usp00073vq,2022-04-29T19:57:21.127Z,"81 km W of Paramonga, Peru",earthquake,,,,,reviewed,us,us
1995-10-03T01:51:23.900Z,-2.75,-77.881,24.4,7.0,mw,,,,0.9,us,usp00074c4,2022-04-29T19:54:23.781Z,"45 km SE of Sucúa, Ecuador",earthquake,,,,,reviewed,us,hrv
1995-10-03T12:44:58.090Z,-2.778,-77.851,16.7,6.5,mw,,,,1.0,us,usp00074de,2022-04-29T19:54:30.684Z,"50 km SE of Sucúa, Ecuador",earthquake,,,,,reviewed,us,hrv
1995-10-06T18:09:45.900Z,-2.045,101.436,33.0,6.8,mw,,,,1.1,us,usp00074ph,2022-04-29T19:55:04.814Z,"5 km ENE of Sungai Penuh, Indonesia",earthquake,,,,,reviewed,us,hrv
1995-10-09T15:35:53.910Z,19.055,-104.205,33.0,8.0,mw,,,,1.3,us,usp00074vc,2025-07-24T15:00:25.129Z,"1995 Colima-Jalisco, Mexico Earthquake",earthquake,,,,,reviewed,us,hrv
1995-10-18T10:37:26.380Z,27.929,130.175,28.4,7.1,mw,,,,1.2,us,usp00075bd,2022-04-29T19:55:31.348Z,"83 km SE of Naze, Japan",earthquake,,,,,reviewed,us,hrv
1995-10-19T02:41:36.190Z,28.094,130.148,19.7,6.8,mw,,,,1.2,us,usp00075db,2022-04-29T19:55:38.322Z,"71 km ESE of Naze, Japan",earthquake,,,,,reviewed,us,hrv
1995-10-21T02:38:57.120Z,16.84,-93.469,159.3,7.2,mw,,,,1.1,us,usp00075gf,2022-04-29T19:55:44.051Z,"13 km NW of Ocozocoautla de Espinosa, Mexico",earthquake,,,,,reviewed,us,hrv
1995-11-01T00:35:32.700Z,-28.906,-71.417,19.9,6.7,mw,,,,1.1,us,usp000762s,2022-04-29T19:51:45.389Z,"73 km WSW of Vallenar, Chile",earthquake,,,,,reviewed,us,hrv
1995-11-08T07:14:18.610Z,1.833,95.05,33.0,6.9,mw,,,,1.1,us,usp00076fh,2022-04-29T19:52:26.874Z,"164 km WSW of Sinabang, Indonesia",earthquake,,,,,reviewed,us,hrv
1995-11-22T04:15:11.940Z,28.826,34.799,10.0,7.2,mw,,,,1.3,us,usp0007788,2022-04-29T19:53:53.438Z,"27 km SSE of Nuwaybi‘a, Egypt",earthquake,,,,,reviewed,us,hrv
1995-11-24T17:24:11.870Z,44.537,149.103,27.8,6.6,mw,,,,0.9,us,usp00077e6,2022-04-29T19:54:01.942Z,"123 km SE of Kuril’sk, Russia",earthquake,,,,,reviewed,us,hrv
1995-12-01T05:20:28.830Z,10.16,-104.0,10.0,6.6,mwb,,,,1.1,us,usp00077vd,2022-04-29T19:48:09.450Z,northern East Pacific Rise,earthquake,,,,,reviewed,us,us
1995-12-02T17:13:18.630Z,44.505,149.237,18.1,6.6,mw,,,,1.2,us,usp00077yv,2022-04-29T19:48:11.376Z,"134 km SE of Kuril’sk, Russia",earthquake,,,,,reviewed,us,hrv
1995-12-03T18:01:08.990Z,44.663,149.3,33.0,7.9,mw,,,,1.1,us,usp000782n,2022-04-29T19:48:23.748Z,"128 km ESE of Kuril’sk, Russia",earthquake,,,,,reviewed,us,hrv
1995-12-03T21:38:38.790Z,44.727,150.033,33.0,6.5,ms,,,,1.3,us,usp0007852,2022-04-29T19:49:11.307Z,"178 km ESE of Kuril’sk, Russia",earthquake,,,,7.0,reviewed,us,us
1995-12-19T23:28:12.180Z,-3.703,140.233,63.4,6.5,mwb,,,,1.0,us,usp000799b,2022-04-29T19:50:43.279Z,"130 km SSW of Abepura, Indonesia",earthquake,,,,,reviewed,us,us
1995-12-25T04:43:24.460Z,-6.903,129.151,141.9,7.1,mw,,,,1.0,us,usp00079k5,2022-04-29T19:51:19.805Z,"297 km NE of Lospalos, Timor Leste",earthquake,,,,,reviewed,us,hrv
1996-01-01T08:05:10.830Z,0.729,119.931,24.0,7.9,mw,,,,1.2,us,usp00079zv,2022-09-23T00:06:59.770Z,"181 km N of Palu, Indonesia",earthquake,,,,,reviewed,us,hrv
1996-01-01T09:57:51.400Z,53.826,159.586,33.0,6.6,ms,,,,1.4,us,usp0007a08,2022-04-29T20:04:45.043Z,"106 km NE of Yelizovo, Russia",earthquake,,,,47.0,reviewed,us,us
1996-02-03T11:14:20.120Z,27.291,100.276,11.1,6.6,mw,,,,1.2,us,usp0007c7g,2022-04-29T20:07:50.317Z,"47 km N of Lijiang, China",earthquake,,,,,reviewed,us,hrv
1996-02-07T21:36:46.300Z,45.324,149.892,42.6,7.2,mw,,,,1.1,us,usp0007chh,2022-04-29T20:08:38.502Z,"158 km E of Kuril’sk, Russia",earthquake,,,,,reviewed,us,hrv
1996-02-16T09:44:58.410Z,-1.496,-15.279,10.6,6.6,mw,,,,1.1,us,usp0007d0f,2022-04-29T20:09:08.954Z,north of Ascension Island,earthquake,,,,,reviewed,us,hrv
1996-02-16T15:22:58.830Z,37.353,142.38,40.8,6.7,mw,,,,1.1,us,usp0007d0t,2022-04-29T20:09:12.348Z,"123 km E of Namie, Japan",earthquake,,,,,reviewed,us,hrv
1996-02-17T05:59:30.550Z,-0.891,136.952,33.0,8.09,mww,,,,,official,official19960217055930550_33,2025-07-24T20:24:47.095Z,"1996 Biak, Indonesia Earthquake",earthquake,,,,,reviewed,us,duputel
1996-02-17T14:21:22.350Z,-0.567,135.84,19.2,6.5,mw,,,,1.1,us,usp0007d5f,2022-04-29T20:09:42.594Z,"67 km NNW of Insrom, Indonesia",earthquake,,,,,reviewed,us,hrv
1996-02-17T20:18:07.020Z,-0.917,136.225,31.9,6.5,mw,,,,1.3,us,usp0007d78,2022-04-29T20:09:53.992Z,"32 km NNE of Biak, Indonesia",earthquake,,,,,reviewed,us,hrv
1996-02-18T23:49:28.160Z,-1.266,-14.273,10.0,6.6,mw,,,,1.1,us,usp0007dds,2022-04-29T20:10:51.546Z,north of Ascension Island,earthquake,,,,,reviewed,us,hrv
1996-02-21T12:51:01.300Z,-9.593,-79.587,10.0,7.5,mw,,,,1.2,us,usp0007dmb,2022-04-29T20:11:20.009Z,"123 km WSW of Puerto Santa, Peru",earthquake,,,,,reviewed,us,hrv
1996-02-25T03:08:15.870Z,15.978,-98.07,21.1,7.1,mw,,,,1.2,us,usp0007dv6,2022-04-29T20:11:57.058Z,"24 km SSW of Santa María Chico Ometepec, Mexico",earthquake,,,,,reviewed,us,hrv
1996-03-03T14:55:11.860Z,11.657,-86.856,33.0,6.6,mwc,,,,1.3,us,usp0007e9k,2022-04-29T20:12:43.278Z,"39 km WSW of Masachapa, Nicaragua",earthquake,,,,,reviewed,us,hrv
1996-03-03T16:37:31.520Z,11.905,-86.772,33.0,6.7,mwc,,,,1.2,us,usp0007e9s,2022-04-29T20:12:45.739Z,"30 km WSW of Villa El Carmen, Nicaragua",earthquake,,,,,reviewed,us,hrv
1996-03-16T22:04:06.240Z,28.983,138.944,477.2,6.7,mwb,,,,0.9,us,usp0007evx,2022-04-29T20:13:37.301Z,"Bonin Islands, Japan region",earthquake,,,,,reviewed,us,us
1996-03-17T14:48:56.710Z,-14.705,167.297,164.4,6.7,mwc,,,,0.9,us,usp0007ex5,2022-04-29T20:13:38.830Z,"44 km NNE of Port-Olry, Vanuatu",earthquake,,,,,reviewed,us,hrv
1996-03-22T03:24:20.010Z,51.221,178.695,20.4,6.8,mwb,,,,1.2,us,usp0007f34,2022-04-29T20:13:54.235Z,"Rat Islands, Aleutian Islands, Alaska",earthquake,,,,,reviewed,us,us
1996-04-16T00:30:54.670Z,-24.061,-177.036,110.9,7.2,mwb,,,,1.0,us,usp0007g84,2022-04-29T17:51:17.341Z,south of the Fiji Islands,earthquake,,,,,reviewed,us,us
1996-04-19T00:19:31.190Z,-23.944,-70.093,49.5,6.6,mwb,,,,1.0,us,usp0007gbg,2022-04-29T20:17:34.966Z,"44 km SE of Antofagasta, Chile",earthquake,,,,,reviewed,us,us
1996-04-29T14:40:41.090Z,-6.518,154.999,44.0,7.2,mwc,,,,1.0,us,usp0007gqq,2022-04-29T20:18:31.983Z,"58 km WSW of Panguna, Papua New Guinea",earthquake,,,,,reviewed,us,hrv
1996-05-02T13:34:28.990Z,-4.548,154.833,500.0,6.6,mwc,,,,1.0,us,usp0007gvt,2022-04-29T20:18:53.569Z,"202 km NNW of Arawa, Papua New Guinea",earthquake,,,,,reviewed,us,hrv
1996-06-02T02:52:09.550Z,10.797,-42.254,10.0,7.0,mwc,,,,1.1,us,usp0007j1e,2022-04-29T20:20:51.556Z,northern Mid-Atlantic Ridge,earthquake,,,,,reviewed,us,hrv
1996-06-08T23:19:15.170Z,51.491,-178.128,33.0,6.5,mwc,,,,0.9,us,usp0007jbb,2022-04-29T20:21:05.401Z,"111 km WSW of Adak, Alaska",earthquake,,,,,reviewed,us,hrv
1996-06-09T01:12:16.760Z,17.444,145.458,149.0,6.5,mwc,,,,1.0,us,usp0007jbe,2022-04-29T20:21:07.610Z,"248 km N of Saipan, Northern Mariana Islands",earthquake,,,,,reviewed,us,hrv
1996-06-10T01:04:46.970Z,-13.481,167.13,200.1,6.7,mwc,,,,1.0,us,usp0007jck,2022-04-29T20:21:12.189Z,"63 km NW of Sola, Vanuatu",earthquake,,,,,reviewed,us,hrv
1996-06-10T04:03:35.480Z,51.564,-177.632,33.0,7.9,mwc,,,,0.9,us,usp0007jcu,2022-04-29T20:21:13.313Z,"77 km WSW of Adak, Alaska",earthquake,,,,,reviewed,us,hrv
1996-06-10T15:24:56.000Z,51.478,-176.847,26.3,7.3,mwc,,,,1.0,us,usp0007jfz,2022-04-29T20:21:19.562Z,"46 km SSW of Adak, Alaska",earthquake,,,,,reviewed,us,hrv
1996-06-11T18:22:55.730Z,12.614,125.154,33.0,7.1,mwc,,,,0.9,us,usp0007jkw,2022-04-29T20:21:42.443Z,"8 km NNE of Palapag, Philippines",earthquake,,,,,reviewed,us,hrv
1996-06-17T11:22:18.540Z,-7.137,122.589,587.3,7.9,mwc,,,,1.2,us,usp0007jw8,2022-04-29T20:22:28.107Z,"169 km NNE of Maumere, Indonesia",earthquake,,,,,reviewed,us,hrv
1996-06-21T13:57:10.020Z,51.568,159.119,20.0,6.7,mwc,,,,1.1,us,usp0007k2n,2022-04-29T20:22:57.331Z,"159 km SSE of Vilyuchinsk, Russia",earthquake,,,,,reviewed,us,hrv
1996-07-15T21:23:34.080Z,17.6,-100.965,18.3,6.8,mwb,,,,1.2,us,usp0007m35,2022-04-29T20:25:10.676Z,"26 km NNE of Coyuquilla Norte, Mexico",earthquake,,,,,reviewed,us,us
1996-07-16T03:48:28.340Z,56.084,164.998,33.0,6.5,mwc,,,,1.2,us,usp0007m3h,2022-04-29T20:25:15.897Z,"157 km E of Ust’-Kamchatsk Staryy, Russia",earthquake,,,,,reviewed,us,hrv
1996-07-16T10:07:36.650Z,1.016,120.254,33.0,6.6,mwb,,,,1.0,us,usp0007m42,2022-04-29T20:25:22.281Z,"217 km NNE of Palu, Indonesia",earthquake,,,,,reviewed,us,us
1996-07-22T14:19:35.770Z,1.0,120.45,33.0,7.0,mwc,,,,1.2,us,usp0007me1,2022-04-29T20:26:14.874Z,"220 km NNE of Palu, Indonesia",earthquake,,,,,reviewed,us,hrv
1996-07-23T03:32:12.680Z,-26.753,-177.199,33.0,6.5,mwc,,,,1.1,us,usp0007mfa,2022-04-29T20:26:25.768Z,south of the Fiji Islands,earthquake,,,,,reviewed,us,hrv
1996-08-02T12:55:29.300Z,-10.769,161.445,33.0,6.9,mwc,,,,1.1,us,usp0007n0p,2022-04-29T20:27:20.838Z,"62 km WSW of Kirakira, Solomon Islands",earthquake,,,,,reviewed,us,hrv
1996-08-05T02:08:58.250Z,-15.267,-173.126,41.2,6.7,mwc,,,,1.4,us,usp0007n46,2022-04-29T20:27:34.328Z,"104 km NE of Hihifo, Tonga",earthquake,,,,,reviewed,us,hrv
1996-08-05T22:38:22.090Z,-20.69,-178.31,550.2,7.4,mwc,,,,0.9,us,usp0007n5m,2022-04-29T20:27:36.708Z,Fiji region,earthquake,,,,,reviewed,us,hrv
1996-09-05T08:14:14.480Z,-22.118,-113.436,10.0,6.9,mwc,,,,1.06,us,usp0007pet,2022-04-29T20:31:12.836Z,Easter Island region,earthquake,,,,,reviewed,us,hrv
1996-09-05T23:42:06.150Z,21.898,121.498,20.0,6.8,mwc,,,,1.03,us,usp0007pfw,2022-04-29T20:31:26.158Z,"78 km E of Hengchun, Taiwan",earthquake,,,,,reviewed,us,hrv
1996-09-20T04:10:27.680Z,9.463,126.284,33.0,6.6,mwc,,,,1.13,us,usp0007q50,2022-04-29T20:33:40.549Z,"22 km NNE of Cortes, Philippines",earthquake,,,,,reviewed,us,hrv
1996-09-20T04:11:04.550Z,9.454,126.334,33.0,6.6,mwc,,,,1.06,us,usp0007q51,2022-04-29T20:33:41.839Z,"24 km NE of Cortes, Philippines",earthquake,,,,,reviewed,us,hrv
1996-10-09T13:10:52.130Z,34.556,32.126,33.0,6.8,mwc,,,,0.98,us,usp0007r4u,2022-04-29T20:35:30.542Z,"36 km SW of Paphos, Cyprus",earthquake,,,,,reviewed,us,hrv
1996-10-14T23:26:20.010Z,-7.133,155.568,24.0,6.8,mwc,,,,1.06,us,usp0007rdr,2022-04-29T20:35:47.323Z,"90 km S of Panguna, Papua New Guinea",earthquake,,,,,reviewed,us,hrv
1996-10-18T10:50:20.860Z,30.568,131.093,10.0,6.6,mwc,,,,1.21,us,usp0007rku,2022-04-29T20:36:03.560Z,"20 km SSE of Nishinoomote, Japan",earthquake,,,,,reviewed,us,hrv
1996-10-19T14:44:40.790Z,31.885,131.468,22.0,6.7,mwc,,,,1.02,us,usp0007rp0,2022-04-29T20:36:25.353Z,"5 km SE of Miyazaki, Japan",earthquake,,,,,reviewed,us,hrv
1996-10-19T14:53:48.780Z,-20.412,-178.51,590.8,6.9,mwc,,,,0.82,us,usp0007rp1,2022-04-29T20:36:26.815Z,Fiji region,earthquake,,,,,reviewed,us,hrv
1996-11-05T09:41:34.770Z,-31.16,179.998,369.4,6.8,mwb,,,,1.02,us,usp0007sfm,2022-04-29T20:38:37.795Z,Kermadec Islands region,earthquake,,,,,reviewed,us,us
1996-11-06T20:00:58.850Z,27.999,143.538,9.0,6.6,mwc,,,,0.83,us,usp0007sja,2022-04-29T20:38:54.642Z,"Bonin Islands, Japan region",earthquake,,,,,reviewed,us,hrv
1996-11-12T16:59:44.030Z,-14.993,-75.675,33.0,7.7,mwc,,,,1.11,us,usp0007swp,2022-04-29T20:39:17.369Z,"60 km SW of Changuillo, Peru",earthquake,,,,,reviewed,us,hrv
1996-11-19T10:44:46.060Z,35.345,78.133,33.0,6.9,mwc,,,,1.12,us,usp0007t7m,2022-04-29T20:40:11.657Z,"130 km ENE of Thang, India",earthquake,,,,,reviewed,us,hrv
1996-12-02T22:17:59.240Z,31.789,131.314,49.2,6.7,mwc,,,,1.0,us,usp0007tw5,2022-04-29T20:41:13.709Z,"17 km SW of Miyazaki, Japan",earthquake,,3.5,,,reviewed,us,hrv
1996-12-10T08:36:18.700Z,0.87,-30.039,10.0,6.7,mwc,,,,0.94,us,usp0007u7a,2022-04-29T16:36:17.041Z,central Mid-Atlantic Ridge,earthquake,,,,,reviewed,us,hrv
1996-12-22T14:53:27.620Z,43.207,138.92,226.5,6.5,mwc,,,,0.89,us,usp0007uuh,2022-04-29T16:38:48.331Z,"131 km W of Iwanai, Japan",earthquake,,,,,reviewed,us,hrv
1997-01-11T20:28:26.020Z,18.219,-102.756,33.0,7.2,mwb,,,,1.09,us,usp0007vrx,2022-10-21T21:12:52.521Z,"46 km WNW of El Habillal, Mexico",earthquake,,,,,reviewed,us,us
1997-01-23T02:15:22.970Z,-21.999,-65.719,276.2,7.1,mwc,,,,0.94,us,usp0007w7v,2022-04-29T16:42:04.212Z,"16 km NW of Villazón, Bolivia",earthquake,,,,,reviewed,us,hrv
1997-02-04T10:37:47.140Z,37.661,57.291,10.0,6.5,mwc,,,,1.14,us,usp0007wrr,2022-04-29T16:42:51.110Z,Turkmenistan-Iran border region,earthquake,,,,,reviewed,us,hrv
1997-02-27T21:08:02.360Z,29.976,68.208,33.0,7.1,mwc,,,,1.17,us,usp0007xx2,2022-04-29T16:43:49.087Z,"29 km ESE of Harnai, Pakistan",earthquake,,,,,reviewed,us,hrv
1997-03-11T19:22:00.130Z,7.742,127.647,10.0,6.9,mwb,,,,1.2,us,usp0007yp6,2022-04-29T16:45:53.855Z,"121 km E of Kinablangan, Philippines",earthquake,,,,,reviewed,us,us
1997-03-26T02:08:57.270Z,51.277,179.533,33.0,6.7,mwc,,,,0.96,us,usp0007zea,2022-04-29T16:47:37.739Z,"273 km WSW of Adak, Alaska",earthquake,,,,,reviewed,us,hrv
1997-04-05T12:23:30.530Z,-6.485,147.408,69.1,6.5,mwc,,,,0.93,us,usp0007zzs,2022-04-29T16:48:25.402Z,"49 km W of Finschhafen, Papua New Guinea",earthquake,,,,,reviewed,us,hrv
1997-04-21T12:02:26.430Z,-12.584,166.676,33.0,7.7,mwc,,,,0.93,us,usp00080wt,2022-04-29T16:50:31.202Z,"171 km NNW of Sola, Vanuatu",earthquake,,,,,reviewed,us,hrv
1997-04-22T09:31:23.250Z,11.112,-60.892,5.0,6.7,mwb,,,,0.88,us,usp000810j,2022-04-29T16:50:44.878Z,"18 km WSW of Scarborough, Trinidad and Tobago",earthquake,,,,,reviewed,us,us
1997-04-23T19:44:28.420Z,13.986,144.901,100.8,6.5,mwc,,,,1.03,us,usp000814h,2022-04-29T16:51:30.158Z,"49 km N of Yigo Village, Guam",earthquake,,,,,reviewed,us,hrv
1997-04-28T12:07:37.830Z,-42.504,42.686,10.0,6.8,mwc,,,,1.08,us,usp00081ec,2022-04-29T16:52:27.358Z,Prince Edward Islands region,earthquake,,,,,reviewed,us,hrv
1997-05-01T11:37:36.150Z,18.993,-107.35,33.0,6.9,mwc,,,,1.2,us,usp00081jx,2022-04-29T16:52:38.598Z,"228 km WSW of La Cruz de Loreto, Mexico",earthquake,,,,,reviewed,us,hrv
1997-05-03T16:46:02.020Z,-31.791,-179.382,108.3,6.9,mwc,,,,1.09,us,usp00081pj,2022-04-29T16:52:41.570Z,Kermadec Islands region,earthquake,,,,,reviewed,us,hrv
1997-05-10T07:57:29.720Z,33.825,59.809,10.0,7.3,mwb,,,,1.12,us,usp000820p,2022-04-29T16:53:18.341Z,"58 km E of Q?’en, Iran",earthquake,,,,,reviewed,us,us
1997-05-11T22:16:13.930Z,-36.383,-97.703,10.0,6.5,mwc,,,,1.29,us,usp000824u,2022-04-29T16:53:21.492Z,West Chile Rise,earthquake,,,,,reviewed,us,hrv
1997-05-13T14:13:45.740Z,36.411,70.945,196.0,6.5,mwb,,,,0.96,us,usp000828b,2022-04-29T16:53:32.722Z,"51 km S of Jurm, Afghanistan",earthquake,,,,,reviewed,us,us
1997-05-21T14:10:26.280Z,-20.438,169.287,57.0,6.8,mwc,,,,1.17,us,usp00082mx,2022-04-29T16:54:42.894Z,"99 km S of Isangel, Vanuatu",earthquake,,,,,reviewed,us,hrv
1997-05-22T07:50:53.520Z,18.684,-101.604,70.0,6.5,mwc,,,,1.05,us,usp00082pq,2022-04-29T16:54:55.370Z,"5 km ENE of Churumuco de Morelos, Mexico",earthquake,,,,,reviewed,us,hrv
1997-05-25T23:22:33.190Z,-32.115,179.791,332.7,7.1,mwc,,,,1.16,us,usp00082uf,2022-04-29T16:55:10.390Z,south of the Kermadec Islands,earthquake,,,,,reviewed,us,hrv
1997-05-29T17:02:38.740Z,-35.964,-102.511,10.0,6.5,mwc,,,,1.05,us,usp00082yt,2022-04-29T16:55:27.659Z,southeast of Easter Island,earthquake,,,,,reviewed,us,hrv
1997-06-10T21:53:55.020Z,-35.815,-108.135,10.0,6.5,mwc,,,,0.98,us,usp00083cd,2022-04-29T16:55:44.226Z,southern East Pacific Rise,earthquake,,,,,reviewed,us,hrv
1997-07-06T09:54:00.760Z,-30.058,-71.872,19.0,6.8,mwc,,,,1.19,us,usp00084ez,2022-04-29T16:56:51.705Z,"52 km WSW of Coquimbo, Chile",earthquake,,,,,reviewed,us,hrv
1997-07-09T19:24:13.170Z,10.598,-63.486,19.9,7.0,mwc,,,,1.25,us,usp00084m2,2022-04-29T16:57:31.102Z,"26 km WSW of Carúpano, Venezuela",earthquake,,3.1,,,reviewed,us,hrv
1997-07-19T14:22:08.750Z,16.333,-98.216,33.0,6.9,mwb,,,,1.16,us,usp000851t,2022-04-29T16:58:04.110Z,"4 km ENE of El Ciruelo, Mexico",earthquake,,,,,reviewed,us,us
1997-08-08T22:27:19.850Z,-15.477,-179.14,10.0,6.6,mwc,,,,1.06,us,usp00085yy,2022-04-29T20:02:56.402Z,"168 km SW of Leava, Wallis and Futuna",earthquake,,,,,reviewed,us,hrv
1997-08-20T13:51:16.620Z,-41.715,80.134,10.0,6.5,mwb,,,,1.34,us,usp00086gu,2022-04-29T20:03:44.274Z,Mid-Indian Ridge,earthquake,,,,,reviewed,us,us
1997-08-29T06:54:00.240Z,-15.235,-175.576,33.0,6.5,mwb,,,,1.32,us,usp00086u2,2022-04-29T20:04:17.818Z,"206 km WNW of Hihifo, Tonga",earthquake,,,,,reviewed,us,us
1997-08-29T08:14:09.970Z,-3.562,144.362,22.8,6.6,mwc,,,,1.09,us,usp00086u4,2022-04-29T20:04:23.570Z,"64 km NNE of Angoram, Papua New Guinea",earthquake,,3.5,,,reviewed,us,hrv
1997-09-02T12:13:22.920Z,3.849,-75.749,198.7,6.8,mwb,,,,0.85,us,usp000871m,2022-04-29T16:59:22.550Z,"24 km SW of Roncesvalles, Colombia",earthquake,,1.8,,,reviewed,us,us
1997-09-04T04:23:37.030Z,-26.569,178.336,624.7,6.8,mwc,,,,1.01,us,usp0008740,2022-04-29T16:59:26.587Z,south of the Fiji Islands,earthquake,,,,,reviewed,us,hrv
1997-09-20T16:11:32.150Z,-28.683,-177.624,30.0,7.0,mwc,,,,0.99,us,usp00087s6,2022-04-29T17:00:58.722Z,Kermadec Islands region,earthquake,,,,,reviewed,us,hrv
1997-10-06T12:30:05.820Z,9.79,125.779,105.6,6.5,mwb,,,,0.99,us,usp00088mv,2022-04-29T17:03:50.637Z,"18 km E of Talisay, Philippines",earthquake,,,,,reviewed,us,us
1997-10-14T09:53:18.150Z,-22.101,-176.772,167.3,7.8,mwb,,,,0.93,us,usp000890q,2022-04-29T17:04:56.379Z,"192 km WSW of Haveluloto, Tonga",earthquake,,,,,reviewed,us,us
1997-10-15T01:03:33.460Z,-30.933,-71.22,58.0,7.1,mwc,,,,1.05,us,usp000892b,2022-04-29T17:05:04.075Z,"36 km SW of Monte Patria, Chile",earthquake,,,,,reviewed,us,hrv
1997-10-28T06:15:17.330Z,-4.368,-76.681,112.0,7.2,mwc,,,,0.85,us,usp00089q2,2022-04-29T17:06:05.858Z,"51 km N of Barranca, Peru",earthquake,,,,,reviewed,us,hrv
1997-11-08T10:02:52.610Z,35.069,87.325,33.0,7.5,mwc,,,,1.38,us,usp0008a97,2022-04-29T17:07:37.162Z,western Xizang,earthquake,,,,,reviewed,us,hrv
1997-11-09T22:56:42.750Z,13.849,-88.808,176.4,6.5,mwb,,,,1.13,us,usp0008acs,2022-04-29T17:07:41.882Z,"13 km NNE of San Sebastián, El Salvador",earthquake,,2.4,,,reviewed,us,us
1997-11-15T18:59:24.300Z,-15.145,167.375,123.1,7.0,mwc,,,,1.09,us,usp0008aqx,2022-04-29T17:08:22.137Z,"34 km ESE of Port-Olry, Vanuatu",earthquake,,,,,reviewed,us,hrv
1997-11-18T13:07:41.730Z,37.57,20.656,33.0,6.6,mwc,,,,1.36,us,usp0008aw5,2022-04-29T17:08:34.986Z,"22 km SW of Lithakiá, Greece",earthquake,,,,,reviewed,us,hrv
1997-11-25T12:14:33.630Z,1.241,122.536,24.0,7.0,mwc,,,,1.18,us,usp0008baj,2022-04-29T17:09:03.195Z,"97 km NW of Gorontalo, Indonesia",earthquake,,,,,reviewed,us,hrv
1997-11-28T22:53:41.530Z,-13.74,-68.788,586.0,6.7,mwc,,,,0.91,us,usp0008bg2,2022-04-29T17:09:32.151Z,"97 km NE of Sandia, Peru",earthquake,,,,,reviewed,us,hrv
1997-12-05T11:26:54.690Z,54.841,162.035,33.0,7.8,mwc,,,,1.02,us,usp0008btk,2022-04-29T17:10:27.685Z,"156 km S of Ust’-Kamchatsk Staryy, Russia",earthquake,,,,,reviewed,us,hrv
1997-12-17T04:38:51.460Z,51.187,178.871,20.0,6.6,mwc,,,,1.0,us,usp0008cs8,2022-04-29T17:13:16.050Z,"Rat Islands, Aleutian Islands, Alaska",earthquake,,,,,reviewed,us,hrv
1997-12-22T02:05:50.080Z,-5.495,147.867,179.3,7.2,mwc,,,,0.96,us,usp0008d0r,2022-04-29T17:13:48.257Z,"117 km N of Finschhafen, Papua New Guinea",earthquake,,,,,reviewed,us,hrv
1998-01-04T06:11:58.970Z,-22.301,170.911,100.6,7.5,mwc,,,,0.88,us,usp0008dqq,2022-04-29T17:15:05.140Z,southeast of the Loyalty Islands,earthquake,,,,,reviewed,us,hrv
1998-01-10T08:20:05.760Z,14.374,-91.473,33.0,6.6,mwc,,,,0.93,us,usp0008e1g,2022-09-30T23:10:58.002Z,"10 km SSW of San José El Ídolo, Guatemala",earthquake,,,,,reviewed,us,hrv
1998-01-12T10:14:07.630Z,-30.985,-71.41,34.8,6.6,mwc,,,,1.03,us,usp0008e5f,2022-04-29T17:15:44.534Z,"47 km SSW of Ovalle, Chile",earthquake,,,,,reviewed,us,hrv
1998-01-12T16:36:20.230Z,-15.848,-179.376,23.4,6.7,mwc,,,,1.22,us,usp0008e6m,2022-04-29T17:15:45.911Z,"149 km ENE of Labasa, Fiji",earthquake,,,,,reviewed,us,hrv
1998-01-14T17:24:10.390Z,-15.731,-179.329,33.0,6.6,mwb,,,,0.98,us,usp0008eb7,2022-04-29T17:16:04.283Z,"159 km ENE of Labasa, Fiji",earthquake,,,,,reviewed,us,us
1998-01-27T21:05:44.360Z,-22.411,179.035,610.1,6.5,mwb,,,,0.9,us,usp0008f2f,2022-04-29T17:17:26.579Z,south of the Fiji Islands,earthquake,,,,,reviewed,us,us
1998-01-30T12:16:08.690Z,-23.913,-70.207,42.0,7.1,mwc,,,,1.11,us,usp0008f7c,2022-04-29T17:17:32.164Z,"34 km SSE of Antofagasta, Chile",earthquake,,,,,reviewed,us,hrv
1998-02-16T23:53:19.720Z,52.718,-33.677,10.0,6.8,mwc,,,,0.83,us,usp0008g3e,2022-04-29T17:19:30.980Z,Reykjanes Ridge,earthquake,,,,,reviewed,us,hrv
1998-02-19T14:14:51.190Z,-4.476,129.082,33.0,6.5,mwc,,,,0.91,us,usp0008g8h,2022-04-29T17:19:39.530Z,"126 km S of Amahai, Indonesia",earthquake,,,,,reviewed,us,hrv
1998-03-14T19:40:27.050Z,30.154,57.605,9.0,6.6,mwc,,,,1.2,us,usp0008hg7,2022-04-29T17:21:21.057Z,"52 km ESE of Kerman, Iran",earthquake,,,,,reviewed,us,hrv
1998-03-20T21:08:08.530Z,-50.008,163.107,10.0,6.7,mwc,,,,1.32,us,usp0008hs8,2022-04-29T17:21:29.158Z,"Auckland Islands, New Zealand region",earthquake,,,,,reviewed,us,hrv
1998-03-25T03:12:25.070Z,-62.877,149.527,10.0,8.1,mwc,,,,1.1,us,usp0008hzd,2025-11-26T18:52:16.468Z,1998 Balleny Islands Earthquake,earthquake,,,,,reviewed,us,hrv
1998-03-29T19:48:16.210Z,-17.552,-179.092,537.2,7.2,mwc,,,,1.02,us,usp0008j7s,2022-04-29T17:22:24.932Z,"178 km ENE of Levuka, Fiji",earthquake,,,,,reviewed,us,hrv
1998-04-01T17:56:23.360Z,-0.544,99.261,55.7,7.0,mwc,,,,0.92,us,usp0008jd7,2022-04-29T17:23:02.049Z,"95 km W of Pariaman, Indonesia",earthquake,,4.9,,,reviewed,us,hrv
1998-04-01T22:42:56.900Z,-40.316,-74.874,9.0,6.7,mwc,,,,1.08,us,usp0008jdq,2022-04-29T17:23:09.465Z,"131 km WSW of Corral, Chile",earthquake,,,,,reviewed,us,hrv
1998-04-03T22:01:48.250Z,-8.148,-74.238,164.6,6.6,mwc,,,,0.8,us,usp0008jhh,2022-04-29T16:37:02.137Z,"43 km NE of San Fernando, Peru",earthquake,,,,,reviewed,us,hrv
1998-05-03T23:30:21.910Z,22.306,125.308,33.0,7.5,mwb,,,,0.99,us,usp0008mdk,2022-04-29T17:25:58.593Z,"254 km SSE of Ishigaki, Japan",earthquake,,,,,reviewed,us,us
1998-05-13T23:02:05.660Z,-5.147,151.714,61.4,6.6,mwc,,,,0.85,us,usp0008n0d,2022-04-29T17:26:55.016Z,"108 km SW of Kokopo, Papua New Guinea",earthquake,,2.1,,,reviewed,us,hrv
1998-05-16T02:22:03.210Z,-22.227,-179.519,586.1,6.9,mwc,,,,1.03,us,usp0008n5q,2022-04-29T17:27:01.865Z,south of the Fiji Islands,earthquake,,,,,reviewed,us,hrv
1998-05-21T05:34:25.500Z,0.207,119.584,33.0,6.7,mwb,,,,0.96,us,usp0008nfm,2022-04-29T17:27:08.867Z,"127 km NNW of Palu, Indonesia",earthquake,,,,,reviewed,us,us
1998-05-22T04:48:50.440Z,-17.731,-65.431,24.0,6.6,mwb,,,,1.36,us,usp0008nhp,2022-04-29T17:27:11.176Z,"25 km NNW of Mizque, Bolivia",earthquake,,,,,reviewed,us,us
1998-05-30T06:22:28.950Z,37.106,70.11,33.0,6.6,mwb,,,,0.97,us,usp0008nze,2022-04-29T17:28:18.707Z,"24 km E of Rust?q, Afghanistan",earthquake,,,,,reviewed,us,us
1998-07-09T14:45:39.980Z,-30.487,-178.994,129.5,6.9,mwc,,,,1.09,us,usp0008r86,2022-04-29T17:34:22.550Z,"Kermadec Islands, New Zealand",earthquake,,,,,reviewed,us,hrv
1998-07-16T11:56:36.420Z,-11.04,166.16,110.2,7.0,mwc,,,,0.88,us,usp0008rm2,2022-04-29T17:34:56.379Z,"52 km SE of Lata, Solomon Islands",earthquake,,,,,reviewed,us,hrv
1998-07-17T08:49:13.280Z,-2.961,141.926,10.0,7.0,mwc,,,,1.28,us,usp0008rpa,2022-04-29T17:35:08.120Z,"50 km WNW of Aitape, Papua New Guinea",earthquake,,,,,reviewed,us,hrv
1998-07-29T18:00:29.990Z,-2.693,138.901,33.0,6.7,mwc,,,,0.86,us,usp0008sd0,2022-04-29T17:36:18.392Z,"192 km W of Abepura, Indonesia",earthquake,,,,,reviewed,us,hrv
1998-08-04T18:59:20.100Z,-0.593,-80.393,33.0,7.2,mwc,,,,0.94,us,usp0008ssb,2022-04-29T17:36:52.006Z,"3 km E of Bahía de Caráquez, Ecuador",earthquake,,,,,reviewed,us,hrv
1998-08-20T06:40:55.820Z,28.932,139.329,440.5,7.1,mwb,,,,0.92,us,usp0008tje,2022-04-29T17:38:22.955Z,"Bonin Islands, Japan region",earthquake,,2.6,,,reviewed,us,us
1998-08-23T13:57:15.380Z,11.663,-88.038,54.6,6.7,mwc,,,,1.03,us,usp0008trh,2022-04-29T17:38:46.619Z,"130 km SW of Corinto, Nicaragua",earthquake,,3.6,,,reviewed,us,hrv
1998-09-02T08:37:29.910Z,5.41,126.764,50.0,6.8,mwc,,,,1.01,us,usp0008u8z,2022-04-29T17:40:50.084Z,"123 km SSE of Pondaguitan, Philippines",earthquake,,,,,reviewed,us,hrv
1998-09-03T17:37:58.240Z,-29.45,-71.715,27.0,6.6,mwc,,,,0.89,us,usp0008uc5,2022-04-29T17:41:12.388Z,"66 km NNW of Coquimbo, Chile",earthquake,,,,,reviewed,us,hrv
1998-09-28T13:34:30.490Z,-8.194,112.413,151.6,6.6,mwb,,,,1.39,us,usp0008vnn,2022-04-29T17:43:50.328Z,"8 km WSW of Sumberpucung, Indonesia",earthquake,,,,,reviewed,us,us
1998-10-28T16:25:03.840Z,0.839,125.966,33.0,6.6,mwb,,,,1.1,us,usp0008x6n,2022-04-29T17:54:26.502Z,"128 km ESE of Tondano, Indonesia",earthquake,,,,,reviewed,us,us
1998-11-09T05:30:14.400Z,-6.954,129.022,33.0,6.7,mwc,,,,1.04,us,usp0008xw6,2022-04-29T17:55:26.532Z,"282 km NE of Lospalos, Timor Leste",earthquake,,,,,reviewed,us,hrv
1998-11-09T05:38:44.220Z,-6.92,128.946,33.0,7.0,mwc,,,,1.09,us,usp0008xw8,2022-04-29T17:55:28.041Z,"278 km NE of Lospalos, Timor Leste",earthquake,,,,,reviewed,us,hrv
1998-11-29T14:10:31.960Z,-2.071,124.891,33.0,7.7,mwc,,,,1.23,us,usp0008yx2,2022-04-29T17:57:10.656Z,"264 km ESE of Luwuk, Indonesia",earthquake,,,,,reviewed,us,hrv
1998-12-06T00:47:13.450Z,1.253,126.198,33.0,6.6,mwc,,,,1.09,us,usp0008z7q,2022-04-29T17:57:47.880Z,"138 km E of Laikit, Laikit II (Dimembe), Indonesia",earthquake,,,,,reviewed,us,hrv
1998-12-27T00:38:26.760Z,-21.632,-176.376,144.3,6.8,mwc,,,,0.95,us,usp000907z,2022-04-29T17:58:55.364Z,"131 km WSW of Haveluloto, Tonga",earthquake,,,,,reviewed,us,hrv
1999-01-19T03:35:33.840Z,-4.596,153.235,114.1,7.0,mwc,,,,1.34,us,usp00091ag,2022-04-29T17:59:44.054Z,"110 km ESE of Kokopo, Papua New Guinea",earthquake,,,,,reviewed,us,hrv
1999-01-28T08:10:05.420Z,52.886,-169.123,67.2,6.6,mwc,,,,0.94,us,usp00091uc,2022-04-29T18:00:06.159Z,"18 km WSW of Nikolski, Alaska",earthquake,,,,,reviewed,us,hrv
1999-02-06T21:47:59.470Z,-12.853,166.697,90.1,7.3,mwc,,,,1.17,us,usp00092cr,2022-04-29T18:00:57.257Z,"146 km NW of Sola, Vanuatu",earthquake,,,,,reviewed,us,hrv
1999-03-04T05:38:26.520Z,28.343,57.193,33.0,6.6,mwc,,,,0.92,us,usp00093tj,2022-04-29T18:03:06.918Z,"110 km SSE of K?h Sef?d, Iran",earthquake,,,,,reviewed,us,hrv
1999-03-04T08:52:01.900Z,5.397,121.937,33.0,7.1,mwc,,,,1.17,us,usp00093u0,2022-04-29T18:03:17.102Z,"69 km S of Tabiauan, Philippines",earthquake,,,,,reviewed,us,hrv
1999-03-08T12:25:48.990Z,52.056,159.52,56.6,6.9,mwc,,,,1.13,us,usp000943c,2022-04-29T18:03:32.873Z,"123 km SE of Vilyuchinsk, Russia",earthquake,,,,,reviewed,us,hrv
1999-03-20T10:47:45.930Z,51.587,-177.668,33.0,6.9,mwc,,,,0.9,us,usp00094ud,2022-04-29T18:04:11.008Z,"78 km WSW of Adak, Alaska",earthquake,,,,,reviewed,us,hrv
1999-03-28T19:05:11.030Z,30.512,79.403,15.0,6.6,mwb,,,,1.03,us,usp00095cb,2022-04-29T18:05:29.400Z,"9 km NNW of P?palkoti, India",earthquake,,,,,reviewed,us,us
1999-04-03T06:17:18.360Z,-16.66,-72.662,87.2,6.8,mwc,,,,0.85,us,usp00095q7,2022-04-29T18:06:25.730Z,"6 km SE of Camaná, Peru",earthquake,,,,,reviewed,us,hrv
1999-04-05T11:08:04.000Z,-5.591,149.568,150.0,7.4,mwc,,,,1.05,us,usp00095u8,2022-04-29T18:06:33.455Z,"63 km W of Kimbe, Papua New Guinea",earthquake,,,,,reviewed,us,hrv
1999-04-08T13:10:34.080Z,43.607,130.35,565.7,7.1,mwc,,,,0.84,us,usp00095z9,2022-04-29T18:06:49.677Z,"57 km ENE of Wangqing, China",earthquake,,,,,reviewed,us,hrv
1999-04-13T10:38:48.400Z,-21.422,-176.46,164.2,6.8,mwc,,,,0.8,us,usp000967d,2022-04-29T18:06:55.971Z,"132 km WSW of Haveluloto, Tonga",earthquake,,,,,reviewed,us,hrv
1999-04-20T19:04:08.320Z,-31.888,-179.04,95.7,6.5,mwb,,,,0.89,us,usp00096mm,2022-04-29T18:07:04.122Z,Kermadec Islands region,earthquake,,,,,reviewed,us,us
1999-05-10T20:33:02.090Z,-5.159,150.88,138.0,7.1,mwb,,,,0.93,us,usp00097rj,2022-04-29T18:24:13.780Z,"92 km ENE of Kimbe, Papua New Guinea",earthquake,,,,,reviewed,us,us
1999-05-16T00:51:20.460Z,-4.751,152.486,73.7,7.1,mwc,,,,0.95,us,usp000982a,2022-04-29T18:24:32.086Z,"51 km SSE of Kokopo, Papua New Guinea",earthquake,,2.2,,,reviewed,us,hrv
1999-05-17T10:07:56.450Z,-5.165,152.877,27.0,6.6,mwc,,,,0.99,us,usp000985t,2022-04-29T18:24:48.978Z,"113 km SE of Kokopo, Papua New Guinea",earthquake,,,,,reviewed,us,hrv
1999-06-15T20:42:05.930Z,18.386,-97.436,70.0,7.0,mwc,,,,1.06,us,usp00099y6,2022-04-29T18:13:20.061Z,"1 km SE of Texcala, Mexico",earthquake,,,,,reviewed,us,hrv
1999-07-11T14:14:16.530Z,15.782,-88.33,10.0,6.7,mwc,,,,1.01,us,usp0009bed,2022-04-29T18:27:30.637Z,"16 km N of Potrerillos, Honduras",earthquake,,,,,reviewed,us,hrv
1999-07-19T02:17:03.660Z,-28.629,-177.608,39.0,6.5,mwc,,,,0.93,us,usp0009bu6,2022-04-29T18:14:20.504Z,Kermadec Islands region,earthquake,,,,,reviewed,us,hrv
1999-08-01T08:39:04.900Z,-30.367,-177.832,10.0,6.5,mwc,,,,0.82,us,usp0009cdx,2022-04-29T18:15:27.586Z,"Kermadec Islands, New Zealand",earthquake,,,,,reviewed,us,hrv
1999-08-17T00:01:39.130Z,40.748,29.864,17.0,7.6,mwc,,,,1.27,us,usp0009d4z,2022-04-29T18:16:20.188Z,"4 km ESE of Derince, Turkey",earthquake,,,,,reviewed,us,hrv
1999-08-20T10:02:21.100Z,9.044,-84.159,20.0,6.9,mwc,,,,,us,usp0009dcg,2022-04-29T18:16:28.853Z,"42 km S of Quepos, Costa Rica",earthquake,,,,,reviewed,casc,hrv
1999-08-22T12:40:45.960Z,-16.117,168.039,33.0,6.6,mwc,,,,1.09,us,usp0009dg4,2022-04-29T18:16:34.626Z,"66 km E of Lakatoro, Vanuatu",earthquake,,,,,reviewed,us,hrv
1999-09-20T17:47:18.490Z,23.772,120.982,33.0,7.7,mwc,,,,1.11,us,usp0009eq0,2022-04-29T18:27:36.664Z,"21 km S of Puli, Taiwan",earthquake,,,,,reviewed,us,hrv
1999-09-25T23:52:48.660Z,23.738,121.158,17.0,6.5,mwc,,,,0.91,us,usp0009f1e,2022-04-29T18:18:43.298Z,"31 km SE of Puli, Taiwan",earthquake,,,,,reviewed,us,hrv
1999-09-30T16:31:15.690Z,16.059,-96.931,60.6,7.5,mwc,,,,0.93,us,usp0009f7v,2022-04-29T18:19:21.160Z,"15 km W of San Baltazar Loxicha, Mexico",earthquake,,2.5,,,reviewed,us,hrv
1999-10-16T09:46:44.460Z,34.6033333,-116.265,13.73,7.1,mw,73.0,57.0,,0.31,ci,ci9108652,2026-08-11T02:24:04.126Z,"The 1999 Hector Mine, California Earthquake",earthquake,0.35,31.61,,0.0,reviewed,ci,ci
1999-11-08T16:45:43.020Z,36.522,71.24,228.4,6.5,mwc,,,,0.99,us,usp0009h97,2022-04-29T18:10:43.605Z,"31 km SW of Ashk?sham, Afghanistan",earthquake,,,,,reviewed,us,hrv
1999-11-12T16:57:19.550Z,40.758,31.161,10.0,7.2,mwc,,,,1.11,us,usp0009hev,2022-04-29T18:11:06.858Z,"8 km S of Düzce, Turkey",earthquake,,,,,reviewed,us,hrv
1999-11-15T05:42:43.220Z,-1.339,88.976,10.0,7.0,mwc,,,,0.99,us,usp0009hnt,2022-04-29T18:11:24.011Z,South Indian Ocean,earthquake,,,,,reviewed,us,hrv
1999-11-17T03:27:42.080Z,-5.978,148.82,47.5,6.9,mwc,,,,0.9,us,usp0009hra,2022-04-29T18:11:34.354Z,"84 km WNW of Kandrian, Papua New Guinea",earthquake,,2.3,,,reviewed,us,hrv
1999-11-19T13:56:46.450Z,-6.351,148.763,33.0,7.0,mwc,,,,1.12,us,usp0009huj,2022-04-29T18:11:47.992Z,"88 km W of Kandrian, Papua New Guinea",earthquake,,,,,reviewed,us,hrv
1999-11-26T13:21:15.570Z,-16.423,168.214,33.0,7.5,mwc,,,,1.2,us,usp0009j4n,2022-04-29T18:12:31.498Z,"92 km ESE of Lakatoro, Vanuatu",earthquake,,,,,reviewed,us,hrv
1999-11-30T04:01:53.220Z,-18.901,-69.171,128.1,6.6,mwb,,,,0.93,us,usp0009jav,2022-04-29T18:12:59.812Z,"127 km ESE of Arica, Chile",earthquake,,,,,reviewed,us,us
1999-12-06T23:12:33.537Z,57.3424,-154.3469,43.6,7.0,mw,,,,1.08,ak,ak999fmohlzt,2022-04-29T18:19:49.547Z,"26 km SSE of Karluk, Alaska",earthquake,,2.9,,,reviewed,ak,ak
1999-12-10T18:38:30.100Z,-36.206,-97.316,10.0,6.5,mwc,,,,1.28,us,usp0009jpx,2022-04-29T18:20:40.492Z,West Chile Rise,earthquake,,,,,reviewed,us,hrv
1999-12-11T18:03:36.450Z,15.766,119.74,33.0,7.3,mwc,,,,1.0,us,usp0009jr8,2022-04-29T18:20:49.752Z,"14 km WNW of Bolitoc, Philippines",earthquake,,,,,reviewed,us,hrv
1999-12-21T14:14:57.610Z,-6.845,105.555,56.0,6.5,mwb,,,,1.03,us,usp0009k3r,2022-04-29T19:35:14.014Z,"59 km SSW of Labuan, Indonesia",earthquake,,,,,reviewed,us,us
1999-12-29T13:29:19.620Z,-10.86,165.354,33.0,6.9,mwb,,,,0.8,us,usp0009kej,2022-04-29T18:22:34.424Z,"50 km WSW of Lata, Solomon Islands",earthquake,,,,,reviewed,us,us
2000-01-08T16:47:20.580Z,-16.925,-174.248,183.4,7.2,mwc,,,,1.25,us,usp0009kx3,2022-04-29T19:41:48.270Z,"117 km SSW of Hihifo, Tonga",earthquake,,,,,reviewed,us,hrv
2000-01-09T21:54:40.490Z,-18.823,174.37,33.0,6.5,mwb,,,,1.03,us,usp0009kz2,2022-04-29T18:28:24.195Z,Fiji region,earthquake,,,,,reviewed,us,us
2000-01-28T14:21:07.340Z,43.046,146.837,61.1,6.8,mwc,,,,0.85,us,usp0009msf,2022-04-29T19:16:12.358Z,"84 km S of Shikotan, Russia",earthquake,,,,,reviewed,us,hrv
2000-02-06T11:33:52.280Z,-5.844,150.876,33.0,6.6,mwc,,,,0.85,us,usp0009n4c,2022-04-29T18:31:08.481Z,"87 km ESE of Kimbe, Papua New Guinea",earthquake,,,,,reviewed,us,hrv
2000-02-25T01:43:58.640Z,-19.528,173.818,33.0,7.1,mwc,,,,1.2,us,usp0009nxg,2024-01-17T20:46:46.644Z,Vanuatu region,earthquake,,,,,reviewed,us,hrv
2000-03-03T22:22:40.740Z,-6.817,143.807,10.0,6.6,mwc,,,,1.07,us,usp0009p81,2022-04-29T18:34:22.097Z,"62 km SSW of Ialibu, Papua New Guinea",earthquake,,,,,reviewed,us,hrv
2000-03-28T11:00:22.510Z,22.338,143.73,126.5,7.6,mwc,,,,1.22,us,usp0009qb4,2022-04-29T18:35:42.761Z,"Volcano Islands, Japan region",earthquake,,,,,reviewed,us,hrv
2000-04-23T09:27:23.320Z,-28.307,-62.99,608.5,7.0,mwb,,,,0.89,us,usp0009rrc,2022-04-29T19:37:41.054Z,"22 km NW of Añatuya, Argentina",earthquake,,,,,reviewed,us,us
2000-05-04T04:21:16.210Z,-1.105,123.573,26.0,7.6,mwc,,,,1.14,us,usp0009sbh,2022-04-29T19:16:21.382Z,"89 km E of Luwuk, Indonesia",earthquake,,,,,reviewed,us,hrv
2000-05-04T20:36:32.480Z,-17.914,-178.522,515.8,6.5,mwc,,,,0.94,us,usp0009sd5,2022-04-29T18:38:06.621Z,"229 km E of Levuka, Fiji",earthquake,,,,,reviewed,us,hrv
2000-05-12T18:43:18.120Z,-23.548,-66.452,225.0,7.2,mwc,,,,0.86,us,usp0009suu,2022-04-29T19:16:27.106Z,"75 km N of San Antonio de los Cobres, Argentina",earthquake,,4.6,,,reviewed,us,hrv
2000-06-04T16:28:26.170Z,-4.721,102.087,33.0,7.9,mwc,379.0,,,1.1,us,usp0009txv,2022-04-29T18:39:33.008Z,"103 km S of Bengkulu, Indonesia",earthquake,,,,,reviewed,us,hrv
2000-06-04T16:39:45.600Z,-4.646,102.102,33.0,6.7,mb,147.0,,,1.26,us,usp0009txx,2022-04-29T18:39:39.457Z,"95 km S of Bengkulu, Indonesia",earthquake,,,,42.0,reviewed,us,us
2000-06-07T23:45:26.680Z,-4.612,101.905,33.0,6.7,mwc,352.0,,,1.16,us,usp0009u6r,2022-04-29T18:40:17.883Z,"98 km SSW of Bengkulu, Indonesia",earthquake,,,,,reviewed,us,hrv
2000-06-11T11:55:12.340Z,-50.579,139.55,10.0,6.6,mwc,160.0,,,1.2,us,usp0009ue0,2022-04-29T18:40:39.318Z,western Indian-Antarctic Ridge,earthquake,,,,,reviewed,us,hrv
2000-06-17T15:40:41.730Z,63.966,-20.487,10.0,6.5,mwc,406.0,,,1.03,us,usp0009urh,2022-04-29T18:41:48.520Z,"25 km E of Selfoss, Iceland",earthquake,,,,,reviewed,us,hrv
2000-06-18T14:44:13.310Z,-13.802,97.453,10.0,7.9,mwc,405.0,,,1.16,us,usp0009ut0,2022-04-29T18:42:02.193Z,South Indian Ocean,earthquake,,,,,reviewed,us,hrv
2000-06-21T00:51:46.880Z,63.98,-20.758,10.0,6.5,mwc,351.0,,,0.9,us,usp0009ux8,2022-04-29T18:42:31.430Z,"12 km ENE of Selfoss, Iceland",earthquake,,,,,reviewed,us,hrv
2000-07-11T01:32:28.758Z,57.3546,-154.198,42.9,6.5,mw,,,,0.91,ak,ak0008v7ic1n,2022-04-29T18:44:04.417Z,"24 km SSW of Larsen Bay, Alaska",earthquake,,0.9,,,reviewed,ak,ak
2000-07-16T03:57:45.560Z,-7.747,150.917,10.0,6.6,mwc,367.0,,,0.94,us,usp0009wkp,2022-04-29T18:45:04.363Z,"227 km SE of Kandrian, Papua New Guinea",earthquake,,,,,reviewed,us,hrv
2000-07-30T12:25:45.570Z,33.901,139.376,10.0,6.5,mwc,428.0,,,0.94,us,usp0009xf4,2022-04-29T18:46:51.810Z,"94 km SSE of Shimoda, Japan",earthquake,,,,,reviewed,us,hrv
2000-08-03T01:09:38.980Z,-12.037,166.448,33.0,6.6,mwc,218.0,,,1.02,us,usp0009xp4,2022-04-29T18:47:31.181Z,"161 km SSE of Lata, Solomon Islands",earthquake,,,,,reviewed,us,hrv
2000-08-04T21:13:02.710Z,48.786,142.246,10.0,6.8,mwc,593.0,,,0.89,us,usp0009xws,2022-04-29T18:47:41.985Z,"35 km SSE of Uglegorsk, Russia",earthquake,,,,,reviewed,us,hrv
2000-08-06T07:27:12.900Z,28.856,139.556,394.8,7.4,mwc,588.0,,,0.9,us,usp0009xzy,2022-04-29T18:47:44.258Z,"Bonin Islands, Japan region",earthquake,,,,,reviewed,us,hrv
2000-08-07T14:33:55.910Z,-7.018,123.357,648.5,6.5,mwc,517.0,,,0.86,us,usp0009y2g,2022-04-29T18:47:47.706Z,"217 km NE of Maumere, Indonesia",earthquake,,,,,reviewed,us,hrv
2000-08-09T11:41:47.900Z,18.198,-102.48,45.8,6.5,mwc,481.0,,,1.05,us,usp0009y65,2022-04-29T18:47:52.476Z,"24 km NNW of El Habillal, Mexico",earthquake,,2.2,,,reviewed,us,hrv
2000-08-15T04:30:08.800Z,-31.511,179.725,357.7,6.6,mwc,471.0,,,0.94,us,usp0009yfk,2022-04-29T18:49:02.788Z,Kermadec Islands region,earthquake,,,,,reviewed,us,hrv
2000-08-28T15:05:47.910Z,-4.11,127.394,16.0,6.8,mwc,336.0,,,1.01,us,usp0009z9y,2022-04-29T19:45:56.591Z,"98 km WSW of Ambon, Indonesia",earthquake,,,,,reviewed,us,hrv
2000-10-02T02:25:31.310Z,-7.977,30.709,34.0,6.5,mwb,415.0,,,1.13,us,usp000a14k,2022-04-29T19:18:18.249Z,"15 km W of Nkove, Tanzania",earthquake,,,,,reviewed,us,us
2000-10-04T16:58:44.310Z,-15.421,166.91,23.0,7.0,mwc,357.0,,,1.16,us,usp000a18v,2022-04-29T18:54:13.150Z,"29 km WNW of Luganville, Vanuatu",earthquake,,,,,reviewed,us,hrv
2000-10-06T04:30:19.150Z,35.456,133.134,10.0,6.7,mwc,390.0,,,1.02,us,usp000a1b0,2022-04-29T19:18:34.136Z,"8 km ESE of Matsue, Japan",earthquake,,,,,reviewed,us,hrv
2000-10-25T09:32:23.970Z,-6.549,105.63,38.0,6.8,mwc,415.0,,,0.89,us,usp000a2ck,2022-04-29T19:17:52.359Z,"29 km SW of Labuan, Indonesia",earthquake,,,,,reviewed,us,hrv
2000-10-29T08:37:08.770Z,-4.766,153.945,50.0,7.0,mwc,60.0,,,0.96,us,usp000a2mw,2022-04-29T18:55:52.687Z,"191 km ESE of Kokopo, Papua New Guinea",earthquake,,,,,reviewed,us,hrv
2000-11-07T00:18:04.910Z,-55.627,-29.876,10.0,6.8,mwb,187.0,,,1.28,us,usp000a345,2022-04-29T18:56:51.017Z,South Sandwich Islands region,earthquake,,,,,reviewed,us,us
2000-11-08T06:59:58.860Z,7.042,-77.829,17.0,6.5,mwc,462.0,,,1.01,us,usp000a373,2022-04-29T19:18:07.155Z,"10 km SW of Juradó, Colombia",earthquake,,,,,reviewed,us,hrv
2000-11-16T04:54:56.740Z,-3.98,152.169,33.0,8.0,mwc,254.0,,,1.2,us,usp000a3qq,2025-11-26T16:48:49.647Z,2000 New Ireland Earthquake,earthquake,,,,,reviewed,us,hrv
2000-11-16T07:42:16.930Z,-5.233,153.102,30.0,7.8,mwc,294.0,,,1.31,us,usp000a3sp,2022-04-29T19:16:32.829Z,"135 km SE of Kokopo, Papua New Guinea",earthquake,,,,,reviewed,us,hrv
2000-11-16T07:45:32.940Z,-4.827,153.226,33.0,6.5,mb,71.0,,,0.97,us,usp000a3sq,2022-05-09T19:14:58.065Z,"118 km ESE of Kokopo, Papua New Guinea",earthquake,,,,17.0,reviewed,us,us
2000-11-17T21:01:56.490Z,-5.496,151.781,33.0,7.8,mwc,346.0,,,1.07,us,usp000a45f,2022-04-29T18:58:50.243Z,"138 km SSW of Kokopo, Papua New Guinea",earthquake,,,,,reviewed,us,hrv
2000-11-18T02:05:48.810Z,-5.097,153.181,33.0,6.6,mwc,267.0,,,1.13,us,usp000a470,2022-04-29T18:58:58.748Z,"131 km SE of Kokopo, Papua New Guinea",earthquake,,,,,reviewed,us,hrv
2000-11-18T06:54:58.350Z,-5.228,151.771,33.0,6.8,mwb,402.0,,,1.04,us,usp000a48b,2022-04-29T18:59:13.008Z,"112 km SSW of Kokopo, Papua New Guinea",earthquake,,,,,reviewed,us,us
2000-11-25T18:09:11.420Z,40.245,49.946,50.4,6.8,mwc,446.0,,,1.03,us,usp000a4xu,2022-04-29T19:46:29.848Z,"15 km SSE of Baku, Azerbaijan",earthquake,,2.7,,,reviewed,us,hrv
2000-11-25T18:10:47.390Z,40.167,49.954,33.0,6.5,mwc,268.0,,,1.02,us,usp000a4xv,2022-04-29T18:59:55.829Z,"23 km SSE of Badamdar, Azerbaijan",earthquake,,,,,reviewed,us,hrv
2000-12-06T17:11:06.400Z,39.566,54.799,30.0,7.0,mwc,495.0,,,0.9,us,usp000a5m7,2022-04-29T19:00:52.062Z,"37 km E of Balkanabat, Turkmenistan",earthquake,,,,,reviewed,us,hrv
2000-12-06T22:57:40.040Z,-4.218,152.725,31.0,6.5,mwc,401.0,,,0.98,us,usp000a5mp,2022-04-29T19:00:54.799Z,"52 km ENE of Kokopo, Papua New Guinea",earthquake,,,,,reviewed,us,hrv
2000-12-18T01:19:21.650Z,-21.178,-179.124,628.2,6.6,mwc,532.0,,,0.91,us,usp000a68h,2022-04-29T19:01:42.629Z,Fiji region,earthquake,,,,,reviewed,us,hrv
2000-12-20T11:23:54.100Z,-39.008,-74.662,11.0,6.5,mwc,253.0,,,1.05,us,usp000a6e0,2022-04-29T19:01:53.556Z,"134 km WSW of Carahue, Chile",earthquake,,,,,reviewed,us,hrv
2000-12-20T16:49:43.300Z,-9.231,154.353,33.0,6.6,mwc,105.0,,,1.27,us,usp000a6ep,2022-04-29T19:01:58.081Z,D'Entrecasteaux Islands region,earthquake,,,,,reviewed,us,hrv
2001-01-01T06:57:04.170Z,6.898,126.579,33.0,7.5,mwc,324.0,,,1.06,us,usp000a70h,2022-04-29T19:03:22.544Z,"21 km SE of Lukatan, Philippines",earthquake,,,,,reviewed,us,hrv
2001-01-01T08:54:31.580Z,6.631,126.899,33.0,6.8,mwc,64.0,,,0.94,us,usp000a70q,2022-04-29T19:46:10.481Z,"Mindanao, Philippines",earthquake,,,,,reviewed,us,hrv
2001-01-09T16:49:28.000Z,-14.928,167.17,103.0,7.1,mwb,372.0,,,1.15,us,usp000a7cv,2022-04-29T19:04:05.786Z,"16 km NE of Port-Olry, Vanuatu",earthquake,,,,,reviewed,us,us
2001-01-10T16:02:42.638Z,56.7744,-153.281,36.4,6.9,mw,,,,1.66,ak,ak001gswxc7,2022-07-12T20:24:06.845Z,"47 km S of Old Harbor, Alaska",earthquake,,0.3,,,reviewed,ak,ak
2001-01-13T17:33:32.380Z,13.049,-88.66,60.0,7.7,mwc,427.0,,,1.13,us,usp000a7m5,2022-04-29T19:04:33.753Z,"28 km SSW of Puerto El Triunfo, El Salvador",earthquake,,,,,reviewed,us,hrv
2001-01-16T13:25:09.830Z,-4.022,101.776,28.0,6.9,mwb,117.0,,,1.22,us,usp000a7t0,2022-04-29T19:05:09.900Z,"59 km WSW of Bengkulu, Indonesia",earthquake,,,,,reviewed,us,us
2001-01-26T03:16:40.500Z,23.419,70.232,16.0,7.7,mwc,472.0,,,1.25,us,usp000a8ds,2022-04-29T19:06:14.319Z,"17 km NW of Bhach?u, India",earthquake,,,,,reviewed,us,hrv
2001-02-13T14:22:05.820Z,13.671,-88.938,10.0,6.6,mwc,273.0,,,1.44,us,usp000a9jv,2022-04-29T19:07:17.625Z,"5 km S of Cojutepeque, El Salvador",earthquake,,,,,reviewed,us,hrv
2001-02-13T19:28:30.260Z,-4.68,102.562,36.0,7.4,mwc,221.0,,,1.31,us,usp000a9kc,2022-04-29T19:46:34.297Z,"102 km SSE of Bengkulu, Indonesia",earthquake,,,,,reviewed,us,hrv
2001-02-24T07:23:48.730Z,1.271,126.249,35.0,7.1,mwc,426.0,,,1.05,us,usp000aa8b,2022-04-29T19:46:17.922Z,"137 km WNW of Ternate, Indonesia",earthquake,,,,,reviewed,us,hrv
2001-02-28T12:30:14.050Z,-21.986,170.207,10.0,6.7,mwc,243.0,,,1.11,us,usp000aake,2022-04-29T19:07:58.282Z,"245 km E of Tadine, New Caledonia",earthquake,,,,,reviewed,us,hrv
2001-02-28T18:54:32.830Z,47.149,-122.7266667,51.798,6.8,md,67.0,31.0,,0.2,uw,uw10530748,2026-06-14T22:15:45.539Z,"7 km SSE of Longbranch, Washington",earthquake,0.517,0.92,0.03,0.0,reviewed,uw,uw
2001-03-19T05:52:15.890Z,-4.029,128.02,33.0,6.5,mwc,206.0,,,1.07,us,usp000abqh,2022-04-29T19:09:19.263Z,"41 km SSW of Ambon, Indonesia",earthquake,,,,,reviewed,us,hrv
2001-03-24T06:27:53.580Z,34.083,132.526,50.0,6.8,mwc,596.0,,,0.85,us,usp000abyg,2022-04-29T19:10:08.722Z,"16 km SSW of Kure, Japan",earthquake,,,,,reviewed,us,hrv
2001-04-09T09:00:57.170Z,-32.668,-73.109,11.0,6.7,mwc,314.0,,,1.14,us,usp000acv4,2022-04-29T19:21:38.842Z,"144 km WNW of Valparaíso, Chile",earthquake,,,,,reviewed,us,hrv
2001-04-19T21:43:42.280Z,-7.41,155.865,17.0,6.7,mwc,282.0,,,1.03,us,usp000adkn,2022-04-29T19:15:22.731Z,"128 km SSE of Panguna, Papua New Guinea",earthquake,,,,,reviewed,us,hrv
2001-04-28T04:49:53.430Z,-18.064,-176.937,351.8,6.9,mwb,525.0,,,1.08,us,usp000ae2r,2022-04-29T19:42:14.224Z,Fiji region,earthquake,,,,,reviewed,us,us
2001-05-25T00:40:50.600Z,44.268,148.393,33.0,6.7,mwc,400.0,,,0.85,us,usp000afg1,2022-04-29T19:20:09.237Z,"114 km SSE of Kuril’sk, Russia",earthquake,,,,,reviewed,us,hrv
2001-06-03T02:41:57.160Z,-29.666,-178.633,178.1,7.2,mwc,421.0,,,1.01,us,usp000afyg,2022-04-29T19:20:53.602Z,"Kermadec Islands, New Zealand",earthquake,,,,,reviewed,us,hrv
2001-06-14T19:48:47.850Z,51.16,-179.828,18.0,6.5,mwc,475.0,,,1.04,us,usp000agn9,2022-04-29T19:22:09.687Z,"235 km WSW of Adak, Alaska",earthquake,,,,,reviewed,us,hrv
2001-06-23T20:33:14.130Z,-16.265,-73.641,33.0,8.4,mww,518.0,,,1.05,official,official20010623203314130_33,2022-04-29T19:23:29.022Z,"6 km SSW of Atico, Peru",earthquake,,,,,reviewed,us,official
2001-06-26T04:18:31.380Z,-17.745,-71.649,24.0,6.7,mwc,422.0,,,1.06,us,usp000ahfr,2022-04-29T19:24:32.102Z,"34 km WSW of Pacocha, Peru",earthquake,,,,,reviewed,us,hrv
2001-07-03T13:10:42.600Z,21.641,142.984,290.0,6.5,mwc,474.0,,,0.87,us,usp000ahx8,2022-04-29T19:24:52.274Z,Mariana Islands region,earthquake,,,,,reviewed,us,hrv
2001-07-04T07:06:31.600Z,-21.725,-176.705,184.6,6.5,mwc,429.0,,,0.77,us,usp000ahyn,2022-04-29T19:24:54.563Z,"167 km WSW of Haveluloto, Tonga",earthquake,,,,,reviewed,us,hrv
2001-07-05T13:53:48.360Z,-16.086,-73.987,62.0,6.6,mwc,324.0,,,1.38,us,usp000aj1a,2022-04-29T19:25:17.086Z,"31 km S of Achanizo, Peru",earthquake,,,,,reviewed,us,hrv
2001-07-07T09:38:43.520Z,-17.543,-72.077,33.0,7.6,mwc,398.0,,,1.15,us,usp000aj40,2022-04-29T19:25:29.098Z,"51 km SW of Punta de Bombón, Peru",earthquake,,,,,reviewed,us,hrv
2001-07-26T00:21:36.920Z,39.059,24.244,10.0,6.5,mwc,483.0,,,1.04,us,usp000ak5s,2022-04-29T19:26:49.061Z,"32 km WNW of Skýros, Greece",earthquake,,,,,reviewed,us,hrv
2001-07-28T07:32:45.633Z,58.775,-154.7006,131.8,6.6,mw,,,,1.04,ak,ak0019lroivn,2022-07-12T20:18:09.320Z,"74 km S of Kokhanok, Alaska",earthquake,,2.1,,,reviewed,ak,ak
2001-08-06T03:52:59.510Z,-55.537,-123.422,10.0,6.7,mwc,294.0,,,1.08,us,usp000akwv,2022-04-29T19:28:35.320Z,southern East Pacific Rise,earthquake,,,,,reviewed,us,hrv
2001-08-21T06:52:06.250Z,-36.813,-179.575,33.0,7.1,mwc,478.0,,,1.18,us,usp000amsn,2022-04-29T19:31:56.614Z,"295 km NE of Gisborne, New Zealand",earthquake,,,,,reviewed,us,hrv
2001-09-11T14:56:50.920Z,-0.578,133.13,33.0,6.5,mwc,174.0,,,0.89,us,usp000ap03,2022-04-29T19:33:29.203Z,"108 km WNW of Manokwari, Indonesia",earthquake,,,,,reviewed,us,hrv
2001-09-12T08:48:37.270Z,-20.993,-179.109,608.1,6.5,mwc,373.0,,,0.92,us,usp000ap1d,2022-04-29T17:50:45.207Z,Fiji region,earthquake,,,,,reviewed,us,hrv
2001-10-08T18:14:26.440Z,52.591,160.324,48.5,6.5,mwc,545.0,,,0.92,us,usp000aqg8,2022-04-29T19:36:15.480Z,"123 km ESE of Petropavlovsk-Kamchatsky, Russia",earthquake,,,,,reviewed,us,hrv
2001-10-12T15:02:16.840Z,12.686,144.98,37.0,7.0,mwc,482.0,,,1.15,us,usp000aqsu,2022-04-29T19:37:18.955Z,"69 km SSE of Inarajan Village, Guam",earthquake,,,,,reviewed,us,hrv
2001-10-19T03:28:44.460Z,-4.102,123.907,33.0,7.5,mwc,234.0,,,1.14,us,usp000ar78,2022-04-29T19:37:29.631Z,"155 km E of Kendari, Indonesia",earthquake,,,,,reviewed,us,hrv
2001-10-21T00:29:21.490Z,-37.137,178.982,18.0,6.7,mwc,320.0,,,1.26,us,usp000araj,2022-04-29T19:38:45.294Z,"178 km ENE of Opotiki, New Zealand",earthquake,,,,,reviewed,us,hrv
2001-10-31T09:10:20.000Z,-5.912,150.196,33.0,7.0,mwc,254.0,,,0.92,us,usp000arz5,2022-04-29T19:39:36.610Z,"40 km S of Kimbe, Papua New Guinea",earthquake,,,,,reviewed,us,hrv
2001-11-14T09:26:10.010Z,35.946,90.541,10.0,7.8,mwc,368.0,,,1.07,us,usp000asvm,2022-04-29T19:39:59.331Z,"Southern Qinghai, China",earthquake,,,,,reviewed,us,hrv
2001-12-02T13:01:53.670Z,39.402,141.089,123.8,6.5,mwc,605.0,,,0.79,us,usp000atvy,2022-04-29T19:42:35.705Z,"3 km NW of Hanamaki, Japan",earthquake,,,,,reviewed,us,hrv
2001-12-12T14:02:35.040Z,-42.813,124.688,10.0,7.1,mwc,255.0,,,0.97,us,usp000aufx,2022-04-29T19:44:37.205Z,south of Australia,earthquake,,,,,reviewed,us,hrv
2001-12-18T04:02:58.280Z,23.954,122.734,14.0,6.8,mwc,499.0,,,1.04,us,usp000ausw,2022-04-29T19:44:39.933Z,"62 km SSW of Yonakuni, Japan",earthquake,,,,,reviewed,us,hrv
2001-12-23T22:52:54.330Z,-9.613,159.53,16.0,6.8,mwc,385.0,,,1.17,us,usp000av52,2022-04-29T19:44:51.490Z,"22 km WNW of Malango, Solomon Islands",earthquake,,,,,reviewed,us,hrv
2002-01-02T17:22:48.760Z,-17.6,167.856,21.0,7.2,mwc,427.0,,,0.9,us,usp000avpw,2022-05-02T15:40:10.561Z,"50 km WNW of Port-Vila, Vanuatu",earthquake,,,,,reviewed,us,hrv
2002-01-03T10:17:36.300Z,-17.664,168.004,10.0,6.6,mwc,386.0,,,1.14,us,usp000avrk,2022-05-02T16:13:56.288Z,"33 km WNW of Port-Vila, Vanuatu",earthquake,,,,,reviewed,us,hrv
2002-01-10T11:14:56.930Z,-3.212,142.427,11.0,6.7,mwc,333.0,,,1.18,us,usp000aw5z,2022-05-02T15:41:19.389Z,"11 km SE of Aitape, Papua New Guinea",earthquake,,,,,reviewed,us,hrv
2002-02-03T07:11:28.410Z,38.573,31.271,5.0,6.5,mwc,482.0,,,,us,usp000axp7,2022-05-02T15:43:44.796Z,"5 km NE of Sultanda??, Turkey",earthquake,,,,,reviewed,isk,hrv
2002-02-05T13:27:24.670Z,-5.345,151.248,39.0,6.6,mwc,444.0,,,0.88,us,usp000axuy,2022-05-02T15:44:12.498Z,"125 km E of Kimbe, Papua New Guinea",earthquake,,,,,reviewed,us,hrv
2002-03-03T12:08:19.740Z,36.502,70.482,225.6,7.4,mwc,138.0,,,1.06,us,usp000azhc,2022-05-09T19:15:15.759Z,"51 km SW of Jurm, Afghanistan",earthquake,,,,,reviewed,us,hrv
2002-03-05T21:16:09.130Z,6.033,124.249,31.0,7.5,mwc,321.0,,,0.95,us,usp000azqw,2022-05-02T15:45:49.701Z,"Mindanao, Philippines",earthquake,,,,,reviewed,us,hrv
2002-03-28T04:56:22.400Z,-21.663,-68.329,125.1,6.5,mwc,486.0,,,0.98,us,usp000b17z,2022-05-02T16:14:12.631Z,"107 km NE of Calama, Chile",earthquake,,,,,reviewed,us,hrv
2002-03-31T06:52:50.490Z,24.279,122.179,32.8,7.1,mwc,550.0,,,0.96,us,usp000b1e2,2022-05-02T15:47:40.432Z,"67 km ENE of Hualien City, Taiwan",earthquake,,3.4,,,reviewed,us,hrv
2002-04-18T05:02:46.190Z,16.985,-100.865,24.9,6.8,mwc,292.0,,,1.13,us,usp000b2mv,2022-05-02T15:49:53.019Z,"27 km SSW of Nuxco, Mexico",earthquake,,3.4,,,reviewed,us,hrv
2002-04-18T16:08:36.780Z,-27.535,-70.586,62.0,6.7,mwb,462.0,,,1.09,us,usp000b2p9,2022-05-02T15:50:28.569Z,"31 km SW of Copiapó, Chile",earthquake,,,,,reviewed,us,us
2002-04-26T16:06:07.000Z,13.088,144.619,85.7,7.1,mwc,257.0,,,1.04,us,usp000b37m,2022-05-02T16:09:17.290Z,"20 km SSW of Merizo Village, Guam",earthquake,,3.3,,,reviewed,us,hrv
2002-06-13T01:27:19.470Z,-47.801,99.751,10.0,6.6,mwc,153.0,,,1.08,us,usp000b628,2022-05-02T16:00:48.190Z,southeast Indian Ridge,earthquake,,,,,reviewed,us,hrv
2002-06-17T21:26:22.920Z,-12.592,166.383,33.0,6.7,mwc,272.0,,,1.14,us,usp000b6cd,2022-05-02T16:01:05.688Z,"190 km NW of Sola, Vanuatu",earthquake,,,,,reviewed,us,hrv
2002-06-18T13:56:22.830Z,-30.805,-71.124,54.0,6.6,mwb,420.0,,,1.02,us,usp000b6du,2022-05-02T16:01:51.585Z,"20 km SW of Monte Patria, Chile",earthquake,,,,,reviewed,us,us
2002-06-22T02:58:21.300Z,35.626,49.047,10.0,6.5,mwc,555.0,,,1.11,us,usp000b6pk,2022-05-02T16:01:41.789Z,"59 km SSW of Abhar, Iran",earthquake,,,,,reviewed,us,hrv
2002-06-27T05:50:35.110Z,-6.963,104.181,11.0,6.5,mwc,428.0,,,1.15,us,usp000b70m,2022-05-02T16:02:02.912Z,"193 km WSW of Labuan, Indonesia",earthquake,,,,,reviewed,us,hrv
2002-06-28T17:19:30.270Z,43.752,130.666,566.0,7.3,mwc,712.0,,,0.86,us,usp000b73z,2022-05-02T16:10:57.920Z,"50 km SW of Dongning, China",earthquake,,,,,reviewed,us,hrv
2002-06-30T21:29:36.300Z,-22.201,179.25,620.4,6.5,mwb,534.0,,,0.91,us,usp000b790,2022-05-02T16:02:14.765Z,south of the Fiji Islands,earthquake,,,,,reviewed,us,us
2002-07-31T00:16:44.610Z,7.929,-82.793,10.0,6.5,mwc,533.0,,,1.21,us,usp000b923,2022-05-02T16:04:48.867Z,"14 km SE of Punta de Burica, Panama",earthquake,,,,,reviewed,us,hrv
2002-08-14T13:57:52.110Z,14.101,146.199,30.0,6.5,mwc,260.0,,,0.97,us,usp000b9w7,2022-05-02T16:05:58.020Z,"114 km SSE of San Jose Village, Northern Mariana Islands",earthquake,,,,,reviewed,us,hrv
2002-08-19T11:01:01.190Z,-21.696,-179.513,580.0,7.7,mwc,670.0,,,0.93,us,usp000ba6g,2022-05-02T16:14:14.819Z,Fiji region,earthquake,,,,,reviewed,us,hrv
2002-08-19T11:08:24.310Z,-23.884,178.495,675.4,7.7,mwc,302.0,,,1.08,us,usp000ba6m,2022-05-02T16:11:09.941Z,south of the Fiji Islands,earthquake,,,,,reviewed,us,hrv
2002-09-08T18:44:23.710Z,-3.302,142.945,13.0,7.6,mwc,428.0,,,1.16,us,usp000bbpf,2022-05-02T16:07:44.247Z,"68 km ESE of Aitape, Papua New Guinea",earthquake,,,,,reviewed,us,hrv
2002-09-13T22:28:29.460Z,13.036,93.068,21.0,6.5,mwc,646.0,,,0.9,us,usp000bc65,2022-05-02T16:08:09.383Z,"152 km NNE of Bamboo Flat, India",earthquake,,,,,reviewed,us,hrv
2002-10-03T16:08:29.620Z,23.324,-108.53,10.0,6.5,mwc,265.0,,,1.37,us,usp000bdqx,2022-05-02T16:10:32.033Z,"111 km ESE of La Rivera, Mexico",earthquake,,,,,reviewed,us,hrv
2002-10-10T10:50:20.570Z,-1.757,134.297,10.0,7.6,mwc,375.0,,,1.15,us,usp000be54,2022-05-02T16:11:29.357Z,"102 km SSE of Manokwari, Indonesia",earthquake,,,,,reviewed,us,hrv
2002-10-10T12:28:25.800Z,-1.511,133.973,10.0,6.7,ms,250.0,,,1.05,us,usp000be5x,2022-05-02T16:11:30.527Z,"72 km S of Manokwari, Indonesia",earthquake,,,,108.0,reviewed,us,us
2002-10-12T20:09:11.460Z,-8.295,-71.738,534.3,6.9,mwc,700.0,,,1.14,us,usp000bed7,2022-05-02T16:11:36.587Z,"108 km W of Tarauacá, Brazil",earthquake,,,,,reviewed,us,hrv
2002-10-23T11:27:19.433Z,63.5144,-147.9116,4.2,6.6,mw,,,,0.87,ak,ak002dlpsbnr,2022-05-02T16:13:46.606Z,"53 km ENE of Cantwell, Alaska",earthquake,,0.7,,,reviewed,ak,ak
2002-11-02T01:26:10.700Z,2.824,96.085,30.0,7.4,mwb,418.0,,,1.22,us,usp000bfuz,2022-05-02T16:14:51.750Z,"50 km NW of Sinabang, Indonesia",earthquake,,,,,reviewed,us,us
2002-11-03T22:12:41.518Z,63.5141,-147.4529,4.2,7.9,mw,,,,1.58,ak,ak002e435qpj,2024-12-10T23:05:07.865Z,"2002 Denali Fault, Alaska Earthquake",earthquake,,0.9,,,reviewed,ak,ak
2002-11-07T15:14:06.760Z,51.197,179.334,33.0,6.6,mwc,553.0,,,1.04,us,usp000bgz7,2022-05-02T16:15:36.253Z,"289 km WSW of Adak, Alaska",earthquake,,,,,reviewed,us,hrv
2002-11-15T19:58:31.780Z,-56.051,-36.404,10.0,6.6,mwc,202.0,,,1.48,us,usp000bhrf,2022-05-02T16:17:13.143Z,South Georgia Island region,earthquake,,,,,reviewed,us,hrv
2002-11-17T04:53:53.540Z,47.824,146.209,459.1,7.3,mwc,326.0,,,1.02,us,usp000bhv1,2022-05-02T16:18:28.906Z,"262 km E of Dolinsk, Russia",earthquake,,,,,reviewed,us,hrv
2002-12-12T08:30:42.770Z,-4.786,153.275,34.0,6.7,mwb,453.0,,,1.01,us,usp000bkjf,2022-05-02T15:52:23.210Z,"New Ireland region, Papua New Guinea",earthquake,,,,,reviewed,us,us
2003-01-04T05:15:03.840Z,-20.57,-177.661,378.0,6.5,mwc,376.0,,,0.99,us,usp000bn1f,2022-05-02T16:21:31.600Z,"262 km WNW of Haveluloto, Tonga",earthquake,,,,,reviewed,us,hrv
2003-01-10T13:11:56.910Z,-5.311,153.701,71.9,6.7,mwb,323.0,,,1.09,us,usp000bnbn,2022-05-02T16:22:10.629Z,"191 km SE of Kokopo, Papua New Guinea",earthquake,,,,,reviewed,us,us
2003-01-20T08:43:06.070Z,-10.491,160.77,33.0,7.3,mwc,457.0,,,0.84,us,usp000bnvq,2022-05-02T16:23:37.039Z,"126 km W of Kirakira, Solomon Islands",earthquake,,,,,reviewed,us,hrv
2003-01-21T02:46:47.740Z,13.626,-90.774,24.0,6.5,mwc,316.0,,,0.99,us,usp000bnx3,2022-05-02T16:23:49.550Z,"33 km S of Puerto San José, Guatemala",earthquake,,,,,reviewed,us,hrv
2003-01-22T02:06:34.610Z,18.77,-104.104,24.0,7.6,mwb,551.0,,,1.4,us,usp000bnyr,2022-05-02T16:23:52.048Z,"16 km SSW of Cuyutlán, Mexico",earthquake,,,,,reviewed,us,us
2003-02-19T03:32:36.360Z,53.645,-164.643,19.0,6.6,mwc,542.0,,,1.1,us,usp000br01,2022-05-02T16:26:04.186Z,"92 km SE of Akutan, Alaska",earthquake,,,,,reviewed,us,hrv
2003-03-11T07:27:32.650Z,-4.694,153.238,40.2,6.8,mwc,431.0,38.4,,0.96,us,usp000bsdd,2022-05-02T16:27:27.114Z,"114 km ESE of Kokopo, Papua New Guinea",earthquake,,2.8,,,reviewed,us,hrv
2003-03-17T16:36:17.310Z,51.272,177.978,33.0,7.1,mwb,607.0,30.3,,1.26,us,usp000bsvs,2022-05-02T16:28:05.944Z,"Rat Islands, Aleutian Islands, Alaska",earthquake,,,,,reviewed,us,us
2003-03-25T02:53:25.030Z,-8.294,120.743,33.0,6.5,mwc,247.0,28.7,,1.34,us,usp000btf5,2022-05-02T16:28:20.650Z,"46 km NE of Ruteng, Indonesia",earthquake,,,,,reviewed,us,hrv
2003-04-17T14:50:48.580Z,-54.624,1.432,10.0,6.5,mwb,78.0,57.7,,1.26,us,usp000bvcx,2022-05-02T16:30:17.030Z,Bouvet Island region,earthquake,,,,,reviewed,us,us
2003-05-04T13:15:18.660Z,-30.531,-178.232,62.4,6.7,mwb,518.0,29.1,,1.04,us,usp000bwkr,2022-05-02T16:31:47.366Z,"Kermadec Islands, New Zealand",earthquake,,,,,reviewed,us,us
2003-05-14T06:03:35.860Z,18.266,-58.633,41.5,6.7,mwb,722.0,34.0,,0.72,us,usp000bx7j,2022-05-02T16:32:31.135Z,North Atlantic Ocean,earthquake,,,,,reviewed,us,us
2003-05-21T18:44:20.100Z,36.964,3.634,12.0,6.8,mwc,534.0,19.4,,1.13,us,usp000bxpg,2022-05-02T16:33:38.890Z,"25 km WNW of Dellys, Algeria",earthquake,,,,,reviewed,us,hrv
2003-05-26T09:24:33.400Z,38.849,141.568,68.0,7.0,mwb,690.0,19.1,,1.01,us,usp000by66,2022-05-02T16:34:16.915Z,"27 km SSW of ?funato, Japan",earthquake,,,,,reviewed,us,us
2003-05-26T19:23:27.940Z,2.354,128.855,31.0,7.0,mwc,473.0,30.3,,1.09,us,usp000by7n,2022-05-02T16:34:34.085Z,"116 km NE of Tobelo, Indonesia",earthquake,,,,,reviewed,us,hrv
2003-05-26T23:13:29.720Z,6.761,123.707,565.8,6.9,mwc,544.0,20.6,,0.97,us,usp000by7z,2022-05-02T16:34:39.973Z,"34 km W of Gadung, Philippines",earthquake,,,,,reviewed,us,hrv
2003-06-07T00:32:45.570Z,-5.095,152.502,33.0,6.6,mwc,419.0,27.8,,1.09,us,usp000bz8p,2022-05-02T16:36:58.026Z,"87 km SSE of Kokopo, Papua New Guinea",earthquake,,,,,reviewed,us,hrv
2003-06-15T19:24:33.150Z,51.552,176.923,20.0,6.5,mwb,615.0,23.1,,0.97,us,usp000bzyd,2022-05-02T16:37:49.574Z,"293 km ESE of Attu Station, Alaska",earthquake,,,,,reviewed,us,us
2003-06-16T22:08:02.140Z,55.492,159.999,174.8,6.9,mwb,733.0,26.7,,0.84,us,usp000c01m,2022-05-02T16:37:53.183Z,"25 km ESE of Atlasovo, Russia",earthquake,,,,,reviewed,us,us
2003-06-20T06:19:38.910Z,-7.606,-71.722,558.1,7.1,mwc,672.0,22.5,,0.89,us,usp000c0ag,2022-05-02T16:37:57.871Z,"105 km E of Cruzeiro do Sul, Brazil",earthquake,,,,,reviewed,us,hrv
2003-06-20T13:30:41.640Z,-30.608,-71.637,33.0,6.8,mwc,398.0,39.1,,0.95,us,usp000c0bb,2022-05-02T16:37:58.958Z,"42 km W of Ovalle, Chile",earthquake,,,,,reviewed,us,hrv
2003-06-23T12:12:34.470Z,51.439,176.783,20.0,6.9,mwc,685.0,22.7,,0.97,us,usp000c0rc,2022-05-02T15:52:59.422Z,"291 km SE of Attu Station, Alaska",earthquake,,,,,reviewed,us,hrv
2003-07-15T18:46:38.120Z,-3.828,152.174,33.0,6.5,mwb,156.0,31.4,,1.12,us,usp000c2k4,2022-05-02T16:39:10.359Z,"41 km N of Rabaul, Papua New Guinea",earthquake,,,,,reviewed,us,us
2003-07-15T20:27:50.530Z,-2.598,68.382,10.0,7.6,mwc,522.0,34.9,,0.98,us,usp000c2ka,2022-05-02T16:39:11.559Z,Carlsberg Ridge,earthquake,,,,,reviewed,us,hrv
2003-07-27T02:04:11.530Z,-21.08,-176.585,212.9,6.6,mwb,498.0,19.8,,0.77,us,usp000c3f7,2022-05-02T16:39:47.996Z,"142 km W of Haveluloto, Tonga",earthquake,,,,,reviewed,us,us
2003-07-27T06:25:31.950Z,47.151,139.248,470.3,6.8,mwb,735.0,20.9,,0.76,us,usp000c3fr,2022-05-02T16:39:49.563Z,"97 km NE of Svetlaya, Russia",earthquake,,,,,reviewed,us,us
2003-08-04T04:37:20.130Z,-60.532,-43.411,10.0,7.6,mwc,315.0,25.2,,1.09,us,usp000c41f,2022-05-02T16:40:11.734Z,Scotia Sea,earthquake,,,,,reviewed,us,hrv
2003-08-21T12:12:49.790Z,-45.104,167.144,28.0,7.2,mwc,428.0,17.5,,1.1,us,usp000c5h6,2022-05-02T16:41:24.245Z,"56 km NW of Te Anau, New Zealand",earthquake,,,,,reviewed,us,hrv
2003-09-21T18:16:13.410Z,19.917,95.672,10.0,6.6,mwb,518.0,24.7,,0.92,us,usp000c87f,2022-05-02T16:44:03.679Z,"16 km SE of Taungdwingyi, Myanmar",earthquake,,,,,reviewed,us,us
2003-09-25T19:50:06.360Z,41.815,143.91,27.0,8.16,mww,,,,,official,official20030925195006360_27,2025-08-05T17:05:20.677Z,2003 Tokachi-Oki Earthquake,earthquake,,,,,reviewed,us,duputel
2003-09-25T21:08:00.030Z,41.774,143.593,33.0,7.4,mwc,514.0,78.8,,1.02,us,usp000c8mb,2022-05-02T16:44:13.332Z,"119 km ESE of Shizunai-furukawach?, Japan",earthquake,,,,,reviewed,us,hrv
2003-09-27T11:33:25.080Z,50.038,87.813,16.0,7.3,mwb,667.0,24.5,,1.03,us,usp000c8sz,2022-05-02T16:44:23.937Z,"29 km S of Aktash, Russia",earthquake,,,,,reviewed,us,us
2003-09-29T02:36:53.140Z,42.45,144.38,25.0,6.5,mwc,586.0,71.3,,0.79,us,usp000c90r,2022-05-02T16:44:38.644Z,"58 km S of Kushiro, Japan",earthquake,,,,,reviewed,us,hrv
2003-10-01T01:03:25.240Z,50.211,87.721,10.0,6.7,mwb,643.0,24.5,,0.88,us,usp000c96t,2022-05-02T15:54:19.137Z,"9 km S of Aktash, Russia",earthquake,,,,,reviewed,us,us
2003-10-08T09:06:55.340Z,42.648,144.57,32.0,6.7,mwc,556.0,55.4,,0.87,us,usp000c9x7,2022-05-02T16:49:52.855Z,"39 km SSE of Kushiro, Japan",earthquake,,,,,reviewed,us,hrv
2003-10-31T01:06:28.280Z,37.812,142.619,10.0,7.0,mwb,568.0,61.2,,0.8,us,usp000cbpa,2022-05-02T16:52:39.728Z,"133 km ESE of Ishinomaki, Japan",earthquake,,,,,reviewed,us,us
2003-11-06T10:38:04.290Z,-19.262,168.892,113.7,6.6,mwb,475.0,26.2,,1.01,us,usp000cc6u,2022-05-02T16:53:15.082Z,"51 km NW of Isangel, Vanuatu",earthquake,,,,,reviewed,us,us
2003-11-09T19:52:36.820Z,-0.674,-19.689,10.0,6.6,mwc,276.0,47.8,,1.2,us,usp000ccg3,2022-05-02T16:53:24.460Z,central Mid-Atlantic Ridge,earthquake,,,,,reviewed,us,hrv
2003-11-17T06:43:06.800Z,51.146,178.65,33.0,7.8,mwc,604.0,24.0,,1.11,us,usp000cd1n,2022-05-02T16:54:06.367Z,"Rat Islands, Aleutian Islands, Alaska",earthquake,,,,,reviewed,us,hrv
2003-11-18T17:14:22.620Z,12.025,125.416,35.0,6.5,mwb,487.0,45.9,,0.94,us,usp000cdb4,2022-05-02T16:54:09.827Z,"4 km NW of Can-Avid, Philippines",earthquake,,,,,reviewed,us,us
2003-11-25T20:19:46.290Z,-5.581,150.88,35.0,6.6,mwb,384.0,25.1,,0.9,us,usp000cdw2,2022-05-02T16:54:40.809Z,"82 km E of Kimbe, Papua New Guinea",earthquake,,,,,reviewed,us,us
2003-12-05T21:26:09.480Z,55.538,165.78,10.0,6.7,mwb,565.0,48.2,,0.91,us,usp000ceks,2022-05-02T16:55:20.001Z,"220 km ESE of Ust’-Kamchatsk Staryy, Russia",earthquake,,,,,reviewed,us,us
2003-12-10T04:38:11.590Z,23.039,121.362,10.0,6.8,mwb,447.0,27.7,,1.1,us,usp000cexg,2022-05-02T16:55:55.651Z,"92 km E of Yujing, Taiwan",earthquake,,,,,reviewed,us,us
2003-12-21T07:40:45.830Z,-0.769,-20.601,10.0,6.6,mwc,324.0,40.8,,1.05,us,usp000cfqj,2022-05-02T16:56:41.678Z,central Mid-Atlantic Ridge,earthquake,,,,,reviewed,us,hrv
2003-12-22T19:15:56.240Z,35.7005,-121.1005,8.382,6.5,mw,65.0,71.0,0.04685,0.07,nc,nc21323712,2025-03-29T18:13:42.819Z,"10 km NE of San Simeon, California",earthquake,0.16,0.6,,4.0,reviewed,nc,nc
2003-12-25T07:11:11.590Z,8.416,-82.824,33.0,6.5,mwb,405.0,48.4,,1.2,us,usp000cfzw,2022-05-02T16:56:56.063Z,"3 km SSE of Progreso, Panama",earthquake,,,,,reviewed,us,us
2003-12-25T20:42:33.720Z,-22.252,169.488,10.0,6.5,mwc,480.0,40.3,,0.96,us,usp000cg1p,2022-05-02T16:56:58.488Z,"183 km ESE of Tadine, New Caledonia",earthquake,,,,,reviewed,us,hrv
2003-12-26T01:56:52.440Z,28.995,58.311,10.0,6.6,mwc,552.0,44.8,,1.11,us,usp000cg2d,2022-05-02T16:57:05.773Z,"13 km SSW of Bam, Iran",earthquake,,,,,reviewed,us,hrv
2003-12-26T21:26:04.100Z,-22.273,169.314,10.0,6.8,mwc,322.0,18.1,,1.22,us,usp000cg55,2022-05-02T16:57:15.286Z,"168 km ESE of Tadine, New Caledonia",earthquake,,,,,reviewed,us,hrv
2003-12-27T16:00:59.450Z,-22.015,169.766,10.0,7.3,mwc,235.0,46.6,,1.3,us,usp000cg90,2022-05-02T16:57:38.175Z,"201 km ESE of Tadine, New Caledonia",earthquake,,,,,reviewed,us,hrv
2003-12-27T22:38:01.880Z,-21.672,169.835,10.0,6.7,mwb,270.0,38.8,,1.08,us,usp000cgae,2022-05-02T16:57:44.133Z,"202 km E of Tadine, New Caledonia",earthquake,,,,,reviewed,us,us
2004-01-03T16:23:21.020Z,-22.253,169.683,22.0,7.1,mwc,597.0,39.8,,1.06,us,usp000cgz9,2022-05-02T16:58:31.257Z,"202 km ESE of Tadine, New Caledonia",earthquake,,,,,reviewed,us,hrv
2004-01-25T11:43:11.870Z,-16.83,-174.196,129.8,6.7,mwb,732.0,18.9,,0.81,us,usp000cjn2,2022-05-02T17:01:17.430Z,"105 km SSW of Hihifo, Tonga",earthquake,,,,,reviewed,us,us
2004-01-28T22:15:30.700Z,-3.12,127.4,17.4,6.7,mwb,243.0,42.5,,1.07,us,usp000cjwh,2022-05-02T17:01:25.470Z,"107 km NW of Ambon, Indonesia",earthquake,,8.9,,,reviewed,us,us
2004-02-05T21:05:02.840Z,-3.615,135.538,16.6,7.0,mwc,367.0,33.0,,0.98,us,usp000ckg7,2022-05-02T17:02:01.425Z,"28 km S of Nabire, Indonesia",earthquake,,10.2,,,reviewed,us,hrv
2004-02-07T02:42:35.210Z,-4.003,135.023,10.0,7.3,mwb,390.0,23.0,,1.01,us,usp000ckks,2022-05-02T17:02:08.813Z,"Near the south coast of Papua, Indonesia",earthquake,,,,,reviewed,us,us
2004-02-08T08:58:51.800Z,-3.665,135.339,25.7,6.7,mwc,256.0,33.3,,1.08,us,usp000ckq7,2022-05-02T17:02:16.154Z,"38 km SSW of Nabire, Indonesia",earthquake,,9.0,,,reviewed,us,hrv
2004-02-21T02:34:42.700Z,-58.425,-14.963,10.0,6.6,mwb,102.0,77.1,,1.32,us,usp000cmqq,2022-05-02T17:03:08.584Z,east of the South Sandwich Islands,earthquake,,,,,reviewed,us,us
2004-04-05T21:24:04.000Z,36.512,71.029,187.1,6.6,mwb,728.0,18.3,,0.97,us,usp000crt6,2022-05-02T17:07:52.897Z,Afghanistan-Tajikistan-Pakistan region,earthquake,,,,,reviewed,us,us
2004-04-09T15:23:35.050Z,-13.174,167.198,228.4,6.5,mwb,424.0,29.9,,1.14,us,usp000cs2y,2022-05-02T17:07:59.969Z,"86 km NNW of Sola, Vanuatu",earthquake,,,,,reviewed,us,us
2004-04-23T01:50:30.220Z,-9.362,122.839,65.8,6.7,mwb,386.0,27.6,,1.13,us,usp000ct64,2022-05-02T17:09:26.882Z,"105 km WNW of Naisano Dua, Indonesia",earthquake,,,,,reviewed,us,us
2004-05-03T04:36:50.040Z,-37.695,-73.406,21.0,6.6,mwb,282.0,46.9,,1.31,us,usp000cu1z,2022-05-02T17:10:18.214Z,"11 km N of Cañete, Chile",earthquake,,,,,reviewed,us,us
2004-05-29T20:56:09.600Z,34.251,141.406,16.0,6.5,mwb,352.0,66.0,,0.99,us,usp000cwj8,2022-05-02T17:12:48.602Z,"140 km SE of Katsuura, Japan",earthquake,,,,,reviewed,us,us
2004-06-10T15:19:57.750Z,55.682,160.003,188.6,6.9,mwb,798.0,31.2,,0.81,us,usp000cxkw,2022-05-02T17:13:56.003Z,"24 km ENE of Atlasovo, Russia",earthquake,,,,,reviewed,us,us
2004-06-28T09:49:51.366Z,55.0721,-134.5324,19.9,6.8,mw,,,,1.72,ak,ak00489udzds,2022-07-12T19:59:08.027Z,"98 km WSW of Craig, Alaska",earthquake,,569.2,,,reviewed,ak,ak
2004-07-15T04:27:14.730Z,-17.656,-178.76,565.5,7.1,mwc,208.0,52.2,,0.93,us,usp000d06s,2022-05-02T17:17:27.061Z,"208 km ENE of Levuka, Fiji",earthquake,,,,,reviewed,us,hrv
2004-07-25T14:35:19.060Z,-2.427,103.981,582.1,7.3,mwb,641.0,33.7,,0.85,us,usp000d0v4,2022-05-02T17:17:55.229Z,"100 km SSE of Jambi City, Indonesia",earthquake,,,,,reviewed,us,us
2004-07-28T03:56:28.600Z,-0.443,133.091,13.4,6.5,mwc,305.0,39.0,,1.07,us,usp000d0zn,2022-05-02T17:18:07.394Z,"117 km WNW of Manokwari, Indonesia",earthquake,,,,,reviewed,us,hrv
2004-08-28T13:41:25.600Z,-35.173,-70.525,5.0,6.5,mwb,349.0,30.1,,,us,usp000d30e,2022-05-02T17:23:14.349Z,"67 km ESE of Teno, Chile",earthquake,,,,,reviewed,guc,us
2004-09-05T10:07:07.820Z,33.07,136.618,14.0,7.2,mwc,643.0,28.4,,0.89,us,usp000d3ka,2022-05-02T17:25:16.236Z,"94 km SE of Shing?, Japan",earthquake,,,,,reviewed,us,hrv
2004-09-05T14:57:18.610Z,33.184,137.071,10.0,7.4,mwb,594.0,27.5,,0.91,us,usp000d3mb,2022-05-02T17:25:17.719Z,"118 km ESE of Shing?, Japan",earthquake,,,,,reviewed,us,us
2004-09-05T14:57:32.270Z,33.202,137.101,15.0,6.51,mw,,,,,iscgem,iscgem7398408,2022-05-02T17:25:24.288Z,"119 km ESE of Shing?, Japan",earthquake,,7.6,0.61,,reviewed,iscgem,iscgem
2004-09-06T12:42:59.390Z,-55.372,-28.976,10.0,6.9,mwb,233.0,26.0,,1.13,us,usp000d3qv,2022-05-02T17:25:48.634Z,South Sandwich Islands region,earthquake,,,,,reviewed,us,us
2004-09-06T23:29:35.090Z,33.205,137.227,10.0,6.6,mwc,478.0,29.8,,0.84,us,usp000d3sx,2022-05-02T17:26:03.260Z,"129 km ESE of Shing?, Japan",earthquake,,,,,reviewed,us,hrv
2004-10-08T08:27:53.540Z,-10.951,162.161,36.0,6.8,mwb,545.0,15.7,,0.87,us,usp000d600,2022-05-02T17:29:58.333Z,"60 km SSE of Kirakira, Solomon Islands",earthquake,,,,,reviewed,us,us
2004-10-08T14:36:06.110Z,13.925,120.534,105.0,6.5,mwb,526.0,18.3,,0.95,us,usp000d60h,2022-07-14T20:03:09.939Z,"9 km W of Talisay, Philippines",earthquake,,,,,reviewed,us,us
2004-10-09T21:26:53.690Z,11.422,-86.665,35.0,7.0,mwc,441.0,32.2,,1.1,us,usp000d63h,2022-05-02T17:30:21.015Z,"43 km SSW of Masachapa, Nicaragua",earthquake,,,,,reviewed,us,hrv
2004-10-15T04:08:50.240Z,24.53,122.694,94.0,6.7,mwb,698.0,24.7,,0.85,us,usp000d6dm,2022-07-14T20:00:43.703Z,"31 km WNW of Yonakuni, Japan",earthquake,,4.4,,,reviewed,us,us
2004-10-23T08:56:00.860Z,37.226,138.779,16.0,6.6,mwc,782.0,37.0,,1.1,us,usp000d6vk,2022-05-02T17:31:12.926Z,"8 km SSW of Ojiya, Japan",earthquake,,,,,reviewed,us,hrv
2004-11-02T10:02:12.820Z,49.277,-128.772,10.0,6.7,mwb,459.0,37.3,,1.17,us,usp000d7h4,2022-08-09T02:56:02.977Z,"189 km SW of Port McNeill, Canada",earthquake,,,,,reviewed,us,us
2004-11-09T23:58:23.650Z,-11.15,163.706,13.0,6.9,mwb,405.0,19.2,,1.03,us,usp000d81v,2022-05-02T17:32:07.898Z,"209 km ESE of Kirakira, Solomon Islands",earthquake,,,,,reviewed,us,us
2004-11-11T17:34:52.050Z,-11.128,162.208,10.0,6.7,mwb,233.0,21.5,,1.11,us,usp000d855,2022-05-02T17:32:22.254Z,"80 km SSE of Kirakira, Solomon Islands",earthquake,,,,,reviewed,us,us
2004-11-11T21:26:41.150Z,-8.152,124.868,10.0,7.5,mwc,301.0,33.8,,1.07,us,usp000d85g,2022-07-14T19:45:32.524Z,"63 km NW of Maubara, Timor Leste",earthquake,,,,,reviewed,us,hrv
2004-11-15T09:06:56.560Z,4.695,-77.508,15.0,7.2,mwb,708.0,50.2,,0.9,us,usp000d8gx,2022-07-14T19:43:10.614Z,"32 km SSW of Pizarro, Colombia",earthquake,,,,,reviewed,us,us
2004-11-17T21:09:13.130Z,-20.068,-178.71,622.6,6.6,mwb,510.0,32.9,,0.96,us,usp000d8nz,2022-05-02T18:11:16.293Z,Fiji region,earthquake,,,,,reviewed,us,us
2004-11-22T20:26:23.900Z,-46.676,164.721,10.0,7.1,mwc,585.0,14.7,,1.13,us,usp000d8ze,2022-07-14T19:33:09.955Z,"255 km W of Riverton, New Zealand",earthquake,,,,,reviewed,us,hrv
2004-11-26T02:25:03.310Z,-3.609,135.404,10.0,7.1,mwc,439.0,28.8,,1.18,us,usp000d975,2022-05-02T17:34:40.942Z,"29 km SSW of Nabire, Indonesia",earthquake,,,,,reviewed,us,hrv
2004-11-28T02:35:13.410Z,-26.525,-113.834,10.0,6.6,mwc,265.0,52.0,,1.4,us,usp000d9f2,2022-05-02T17:35:22.419Z,Easter Island region,earthquake,,,,,reviewed,us,hrv
2004-11-28T18:32:14.130Z,43.006,145.119,39.0,7.0,mwb,929.0,23.9,,0.79,us,usp000d9h1,2022-07-14T19:27:10.702Z,"51 km SW of Nemuro, Japan",earthquake,,,,,reviewed,us,us
2004-12-06T14:15:11.890Z,42.9,145.228,35.0,6.8,mwb,759.0,23.6,,0.76,us,usp000da6m,2022-07-14T19:19:43.817Z,"54 km SSW of Nemuro, Japan",earthquake,,,,,reviewed,us,us
2004-12-14T23:20:13.360Z,18.958,-81.409,10.0,6.8,mwb,639.0,21.8,,1.04,us,usp000daqt,2022-07-14T19:10:35.979Z,"36 km S of George Town, Cayman Islands",earthquake,,,,,reviewed,us,us
2004-12-23T14:59:04.410Z,-49.312,161.345,10.0,8.1,mwc,331.0,59.3,,1.12,us,usp000db93,2025-11-26T16:48:03.059Z,2004 Tasman Sea Earthquake,earthquake,,,,,reviewed,us,hrv
2004-12-26T00:58:53.450Z,3.295,95.982,30.0,9.1,mw,601.0,22.0,,1.17,official,official20041226005853450_30,2026-06-05T15:16:14.192Z,2004 Sumatra - Andaman Islands Earthquake,earthquake,,,,,reviewed,us,official
2004-12-26T04:21:29.810Z,6.91,92.958,39.2,7.2,mwc,385.0,27.9,,1.0,us,usp000dbg6,2022-07-14T19:02:41.855Z,"284 km WNW of Sabang, Indonesia",earthquake,,7.6,,,reviewed,us,hrv
2004-12-26T09:20:01.610Z,8.879,92.375,16.1,6.6,mwc,353.0,31.9,,1.07,us,usp000dbj1,2022-05-02T17:39:40.888Z,"Nicobar Islands, India region",earthquake,,16.7,,,reviewed,us,hrv
2005-01-01T06:25:44.820Z,5.099,92.304,11.7,6.7,mwc,364.0,62.1,,0.97,us,usp000dcbh,2022-05-02T15:56:02.725Z,off the west coast of northern Sumatra,earthquake,,,,,reviewed,us,hrv
2005-01-12T08:40:03.650Z,-0.878,-21.194,10.0,6.8,mwb,462.0,46.5,,0.97,us,usp000dd5a,2022-05-02T17:42:33.768Z,central Mid-Atlantic Ridge,earthquake,,,,,reviewed,us,us
2005-01-16T20:17:52.760Z,10.934,140.842,24.9,6.6,mwb,395.0,16.5,,0.93,us,usp000ddgf,2022-05-02T17:42:48.800Z,"133 km NNE of Fais, Micronesia",earthquake,,11.7,,,reviewed,us,us
2005-01-19T06:11:36.400Z,34.064,141.491,27.8,6.6,mwc,225.0,78.5,,1.2,us,usp000ddrk,2022-07-14T18:40:23.583Z,"161 km SE of Katsuura, Japan",earthquake,,,,,reviewed,us,hrv
2005-02-05T03:34:25.730Z,16.011,145.867,142.7,6.6,mwc,322.0,22.8,,1.12,us,usp000dfhb,2022-07-13T03:27:35.285Z,"89 km N of Saipan, Northern Mariana Islands",earthquake,,,,,reviewed,us,hrv
2005-02-05T12:23:18.940Z,5.293,123.337,525.0,7.1,mwc,640.0,26.4,,1.14,us,usp000dfj2,2022-07-14T18:15:57.254Z,"138 km SW of Palimbang, Philippines",earthquake,,,,,reviewed,us,hrv
2005-02-08T14:48:21.970Z,-14.252,167.259,206.3,6.7,mwb,457.0,30.2,,1.22,us,usp000dfqj,2022-05-02T17:48:04.866Z,"52 km SW of Sola, Vanuatu",earthquake,,,,,reviewed,us,us
2005-02-15T14:42:25.850Z,4.756,126.421,39.7,6.5,mwc,286.0,47.3,,0.98,us,usp000dg73,2022-07-14T18:05:20.145Z,"Pulau-Pulau Talaud, Indonesia",earthquake,,,,,reviewed,us,hrv
2005-02-16T20:27:52.490Z,-36.32,-16.558,10.0,6.6,mwc,329.0,113.7,,1.36,us,usp000dgad,2022-05-02T17:48:55.043Z,southern Mid-Atlantic Ridge,earthquake,,,,,reviewed,us,hrv
2005-02-19T00:04:43.590Z,-5.562,122.129,10.0,6.5,mwb,371.0,31.8,,0.92,us,usp000dgfv,2022-05-02T17:49:14.146Z,"81 km SSW of Katabu, Indonesia",earthquake,,,,,reviewed,us,us
2005-02-26T12:56:52.620Z,2.908,95.592,36.0,6.8,mwb,444.0,33.8,,0.94,us,usp000dh0k,2022-05-02T17:49:44.980Z,"99 km WNW of Sinabang, Indonesia",earthquake,,6.4,,,reviewed,us,us
2005-03-02T10:42:12.230Z,-6.527,129.933,201.7,7.1,mwb,569.0,18.1,,1.16,us,usp000dhc1,2022-05-02T18:05:58.965Z,Banda Sea,earthquake,,,,,reviewed,us,us
2005-03-20T01:53:41.830Z,33.807,130.131,10.0,6.6,mwc,401.0,22.9,,1.3,us,usp000djku,2022-08-03T17:47:15.148Z,"28 km NNW of Maebaru-ch??, Japan",earthquake,,,,,reviewed,us,hrv
2005-03-21T12:23:54.090Z,-24.983,-63.47,579.1,6.9,mwb,650.0,23.4,,0.76,us,usp000djqf,2022-05-02T17:50:50.085Z,"67 km ENE of Joaquín V. González, Argentina",earthquake,,,,,reviewed,us,us
2005-03-28T16:09:36.530Z,2.085,97.108,30.0,8.6,mww,510.0,22.1,,0.91,official,official20050328160936530_30,2022-07-14T17:08:13.141Z,"78 km WSW of Singkil, Indonesia",earthquake,,,,,reviewed,us,official
2005-04-10T10:29:11.280Z,-1.644,99.607,19.0,6.7,mwc,656.0,21.2,,1.02,us,usp000dmtx,2022-07-14T16:48:48.961Z,"113 km SW of Padang, Indonesia",earthquake,,,,,reviewed,us,hrv
2005-04-10T11:14:19.620Z,-1.714,99.779,30.0,6.5,mwc,478.0,21.2,,0.94,us,usp000dmu9,2022-07-14T16:45:26.685Z,"106 km SW of Padang, Indonesia",earthquake,,,,,reviewed,us,hrv
2005-04-11T12:20:05.960Z,-3.484,145.909,11.4,6.6,mwc,211.0,26.0,,1.07,us,usp000dn1w,2022-05-02T17:54:41.567Z,"192 km N of Madang, Papua New Guinea",earthquake,,,,,reviewed,us,hrv
2005-04-11T17:08:53.940Z,-21.975,170.612,68.0,6.7,mwb,414.0,18.5,,0.96,us,usp000dn2k,2022-05-02T17:54:44.453Z,"286 km E of Tadine, New Caledonia",earthquake,,,,,reviewed,us,us
2005-05-05T19:12:21.410Z,5.71,-82.845,18.0,6.5,mwc,190.0,62.4,,1.26,us,usp000dpzp,2022-05-02T17:19:22.811Z,"256 km S of Punta de Burica, Panama",earthquake,,,,,reviewed,us,hrv
2005-05-12T11:15:35.340Z,-57.382,-139.231,10.0,6.5,mwc,249.0,16.3,,1.26,us,usp000dqkx,2022-05-02T17:20:04.482Z,Pacific-Antarctic Ridge,earthquake,,,,,reviewed,us,hrv
2005-05-14T05:05:18.480Z,0.587,98.459,34.0,6.7,mwb,695.0,20.9,,1.0,us,usp000dqs0,2022-07-14T16:10:10.354Z,"125 km SW of Padangsidempuan, Indonesia",earthquake,,,,,reviewed,us,us
2005-05-16T03:54:14.620Z,-32.589,-179.353,34.0,6.6,mwb,660.0,21.6,,1.03,us,usp000dqxx,2022-05-02T17:20:20.456Z,south of the Kermadec Islands,earthquake,,,,,reviewed,us,us
2005-05-19T01:54:52.850Z,1.989,97.041,30.0,6.9,mwc,635.0,26.0,,0.92,us,usp000dr4t,2022-07-14T16:06:40.148Z,"89 km WSW of Singkil, Indonesia",earthquake,,,,,reviewed,us,hrv
2005-06-13T22:44:33.900Z,-19.987,-69.197,115.6,7.8,mwb,714.0,16.1,,1.01,us,usp000dsw1,2025-09-24T18:52:35.627Z,"102 km ENE of Iquique, Chile",earthquake,,,,,reviewed,us,us
2005-06-14T17:10:12.280Z,51.239,179.314,17.0,6.8,mwc,885.0,25.1,,1.02,us,usp000dszm,2022-05-02T16:47:46.529Z,"289 km WSW of Adak, Alaska",earthquake,,,,,reviewed,us,hrv
2005-06-15T02:50:54.190Z,41.292,-125.953,16.0,7.2,mwc,420.0,31.4,,1.2,us,usp000dt25,2024-10-03T21:25:10.202Z,"153 km W of Big Lagoon, California",earthquake,,,,,reviewed,us,hrv
2005-06-17T06:21:42.590Z,40.773,-126.574,12.0,6.6,mwb,659.0,31.4,,1.06,us,usp000dt8h,2022-05-02T16:48:12.331Z,"196 km W of Ferndale, California",earthquake,,,,,reviewed,us,us
2005-07-02T02:16:43.700Z,11.245,-86.172,27.0,6.6,mwc,446.0,21.1,,1.12,us,usp000dubj,2022-07-14T15:40:23.419Z,"32 km W of San Juan del Sur, Nicaragua",earthquake,,,,,reviewed,us,hrv
2005-07-05T01:52:02.950Z,1.819,97.082,21.0,6.7,mwc,398.0,22.3,,1.0,us,usp000dujc,2022-07-14T15:36:49.413Z,"94 km WSW of Singkil, Indonesia",earthquake,,,,,reviewed,us,hrv
2005-07-24T15:42:06.210Z,7.92,92.19,16.0,7.2,mwc,636.0,26.4,,0.93,us,usp000dvtc,2022-07-14T15:22:28.618Z,"Nicobar Islands, India region",earthquake,,,,,reviewed,us,hrv
2005-08-16T02:46:28.400Z,38.276,142.039,36.0,7.2,mwc,698.0,19.6,,0.95,us,usp000dxe2,2022-08-03T17:40:52.745Z,"66 km ESE of Ishinomaki, Japan",earthquake,,,,,reviewed,us,hrv
2005-09-09T07:26:43.730Z,-4.539,153.474,90.0,7.6,mwc,502.0,20.0,,1.04,us,usp000dz2j,2022-07-14T14:54:15.306Z,"135 km E of Kokopo, Papua New Guinea",earthquake,,,,,reviewed,us,hrv
2005-09-26T01:55:37.670Z,-5.678,-76.398,115.0,7.5,mwb,696.0,26.2,,0.88,us,usp000e09h,2022-07-14T14:40:30.080Z,"39 km NW of Yurimaguas, Peru",earthquake,,,,,reviewed,us,us
2005-09-29T15:50:24.030Z,-5.437,151.84,25.0,6.6,mwc,402.0,17.7,,0.87,us,usp000e0h0,2022-05-02T18:01:19.151Z,"129 km SSW of Kokopo, Papua New Guinea",earthquake,,,,,reviewed,us,hrv
2005-10-08T03:50:40.800Z,34.539,73.588,26.0,7.6,mwc,724.0,21.1,,0.9,us,usp000e12e,2024-08-26T11:34:10.043Z,"21 km NNE of Muzaffar?b?d, Pakistan",earthquake,,,,,reviewed,us,hrv
2005-10-29T04:05:56.040Z,-45.214,96.898,8.0,6.5,mwc,416.0,11.9,,0.83,us,usp000e329,2022-05-02T18:05:23.155Z,southeast Indian Ridge,earthquake,,,,,reviewed,us,hrv
2005-11-14T21:38:51.420Z,38.107,144.896,11.0,7.0,mwc,699.0,21.4,,0.86,us,usp000e462,2022-07-14T13:38:08.725Z,"293 km ESE of Kamaishi, Japan",earthquake,,,,,reviewed,us,hrv
2005-11-17T19:26:54.490Z,-22.361,-67.895,147.0,6.8,mwb,509.0,30.1,,0.9,us,usp000e4cy,2022-05-02T18:06:36.687Z,"68 km NNE of San Pedro de Atacama, Chile",earthquake,,,,,reviewed,us,us
2005-11-19T14:10:13.030Z,2.164,96.786,21.0,6.5,mwb,358.0,20.7,,0.98,us,usp000e4gh,2022-07-14T13:32:20.662Z,"57 km SE of Sinabang, Indonesia",earthquake,,,,,reviewed,us,us
2005-12-02T13:13:09.520Z,38.089,142.122,29.0,6.5,mwc,464.0,48.8,,0.79,us,usp000e5c8,2022-07-14T13:16:57.236Z,"80 km ESE of Ishinomaki, Japan",earthquake,,,,,reviewed,us,hrv
2005-12-05T12:19:56.620Z,-6.224,29.83,22.0,6.8,mwc,561.0,20.0,,0.98,us,usp000e5jx,2022-07-14T13:15:06.505Z,"76 km ESE of Kalemie, Democratic Republic of the Congo",earthquake,,,,,reviewed,us,hrv
2005-12-11T14:20:45.000Z,-6.584,152.223,17.0,6.6,mwc,503.0,17.5,,0.85,us,usp000e5zd,2022-05-02T18:08:22.529Z,"247 km S of Kokopo, Papua New Guinea",earthquake,,,,,reviewed,us,hrv
2005-12-12T21:47:46.070Z,36.357,71.093,224.6,6.5,mwb,529.0,20.5,,0.81,us,usp000e61s,2022-07-14T13:11:37.683Z,"53 km SW of Ashk?sham, Afghanistan",earthquake,,,,,reviewed,us,us
2005-12-13T03:16:06.380Z,-15.265,-178.571,10.0,6.7,mwb,322.0,32.3,,1.16,us,usp000e62c,2022-05-02T18:16:00.449Z,"116 km SSW of Leava, Wallis and Futuna",earthquake,,,,,reviewed,us,us
2006-01-02T06:10:49.760Z,-60.957,-21.606,13.0,7.4,mwc,271.0,18.8,,1.28,us,usp000e7dd,2022-05-02T18:10:57.218Z,east of the South Sandwich Islands,earthquake,,,,,reviewed,us,hrv
2006-01-02T22:13:40.490Z,-19.926,-178.178,582.9,7.2,mwc,646.0,18.7,,1.11,us,usp000e7f0,2022-05-02T18:11:11.513Z,Fiji region,earthquake,,,,,reviewed,us,hrv
2006-01-04T08:32:32.400Z,28.164,-112.117,14.0,6.6,mwc,323.0,48.2,,1.25,us,usp000e7jp,2022-07-14T12:52:25.557Z,"75 km SSW of Bahía de Kino, Mexico",earthquake,,,,,reviewed,us,hrv
2006-01-08T11:34:55.640Z,36.311,23.212,66.0,6.7,mwb,769.0,19.7,,1.34,us,usp000e7u3,2022-07-14T12:48:53.972Z,"26 km NE of Kýthira, Greece",earthquake,,,,,reviewed,us,us
2006-01-27T16:58:53.670Z,-5.473,128.131,397.0,7.6,mwc,560.0,22.3,,0.88,us,usp000e8ys,2022-07-14T12:36:43.741Z,"196 km S of Ambon, Indonesia",earthquake,,,,,reviewed,us,hrv
2006-02-02T12:48:43.440Z,-17.747,-178.39,597.5,6.7,mwb,644.0,19.5,,1.0,us,usp000e9aq,2022-05-02T18:12:04.451Z,"245 km E of Levuka, Fiji",earthquake,,,,,reviewed,us,us
2006-02-22T22:19:07.800Z,-21.324,33.583,11.0,7.0,mwb,412.0,23.2,,1.37,us,usp000eamh,2022-07-14T12:26:36.170Z,"160 km SE of Chipinge, Zimbabwe",earthquake,,,,,reviewed,us,us
2006-03-14T06:57:33.860Z,-3.595,127.214,30.1,6.7,mwb,306.0,21.3,,1.17,us,usp000ec4d,2022-05-02T15:26:38.797Z,"108 km W of Ambon, Indonesia",earthquake,,,,,reviewed,us,us
2006-03-31T13:21:00.250Z,-29.435,-176.768,13.0,6.5,mwb,238.0,42.0,,1.15,us,usp000edbg,2022-05-02T15:28:25.159Z,Kermadec Islands region,earthquake,,,,,reviewed,us,us
2006-04-07T08:30:44.630Z,-16.527,176.989,14.0,6.5,mwc,247.0,25.5,,1.15,us,usp000edw9,2022-07-14T11:57:22.488Z,"130 km NNW of Lautoka, Fiji",earthquake,,,,,reviewed,us,hrv
2006-04-20T23:25:02.150Z,60.949,167.089,22.0,7.6,mwc,579.0,18.5,,0.87,us,usp000ef1h,2022-05-02T15:29:42.339Z,"80 km NE of Tilichiki, Russia",earthquake,,,,,reviewed,us,hrv
2006-04-29T16:58:06.320Z,60.491,167.516,11.0,6.6,mwc,645.0,28.4,,0.78,us,usp000efs5,2022-05-02T15:29:51.778Z,"80 km E of Tilichiki, Russia",earthquake,,,,,reviewed,us,hrv
2006-04-30T19:17:14.980Z,-27.017,-71.022,12.0,6.7,mwb,277.0,25.6,,1.19,us,usp000efv7,2022-08-09T03:11:48.811Z,"78 km WNW of Copiapó, Chile",earthquake,,,,,reviewed,us,us
2006-04-30T21:40:58.440Z,-27.211,-71.056,12.0,6.5,mwc,282.0,46.3,,1.26,us,usp000efw2,2022-07-14T11:38:16.363Z,"73 km WNW of Copiapó, Chile",earthquake,,,,,reviewed,us,hrv
2006-05-03T15:26:40.290Z,-20.187,-174.123,55.0,8.0,mwc,626.0,20.7,,1.18,us,usp000eg5g,2026-07-15T23:04:47.663Z,2006 Tonga Earthquake,earthquake,,,,,reviewed,us,hrv
2006-05-16T10:39:23.340Z,-31.81,-179.307,152.0,7.4,mwb,613.0,19.7,,1.32,us,usp000eh87,2022-07-14T11:22:55.220Z,Kermadec Islands region,earthquake,,,,,reviewed,us,us
2006-05-16T15:28:25.920Z,0.093,97.05,12.0,6.8,mwb,701.0,16.3,,0.82,us,usp000eh8s,2022-07-14T11:21:10.067Z,"256 km SSW of Singkil, Indonesia",earthquake,,,,,reviewed,us,us
2006-05-22T11:12:00.800Z,60.772,165.743,19.0,6.6,mwc,548.0,28.0,,1.02,us,usp000ehph,2022-05-02T18:19:53.136Z,"42 km NNW of Tilichiki, Russia",earthquake,,,,,reviewed,us,hrv
2006-05-28T03:12:08.760Z,-5.724,151.133,34.0,6.5,mwc,477.0,20.3,,0.9,us,usp000ej4t,2022-05-02T18:20:13.007Z,"111 km E of Kimbe, Papua New Guinea",earthquake,,,,,reviewed,us,hrv
2006-06-14T04:18:42.510Z,51.752,177.082,14.0,6.5,mwc,470.0,44.7,,1.28,us,usp000ekaq,2022-05-02T15:31:12.168Z,"292 km ESE of Attu Station, Alaska",earthquake,,,,,reviewed,us,hrv
2006-07-08T20:40:00.980Z,51.214,-179.312,22.0,6.6,mwb,632.0,28.5,,1.0,us,usp000en5e,2022-05-02T15:32:35.157Z,"199 km WSW of Adak, Alaska",earthquake,,,,,reviewed,us,us
2006-07-17T08:19:26.680Z,-9.284,107.419,20.0,7.7,mwc,357.0,36.8,,1.16,us,usp000ensm,2022-07-14T10:46:46.015Z,"226 km SSW of Singaparna, Indonesia",earthquake,,,,,reviewed,us,hrv
2006-08-07T22:18:55.090Z,-15.798,167.789,150.0,6.8,mwb,551.0,26.2,,1.08,us,usp000eqf9,2022-07-14T10:20:53.972Z,"51 km NE of Norsup, Vanuatu",earthquake,,,,,reviewed,us,us
2006-08-20T03:41:48.040Z,-61.029,-34.371,13.0,7.0,mwb,322.0,27.1,,1.01,us,usp000erc2,2022-05-02T15:35:17.371Z,Scotia Sea,earthquake,,,,,reviewed,us,us
2006-08-24T21:50:36.650Z,51.148,157.522,43.0,6.5,mwb,700.0,47.4,,0.8,us,usp000erp5,2022-05-02T15:35:32.456Z,"81 km ESE of Ozernovskiy, Russia",earthquake,,,,,reviewed,us,us
2006-08-25T00:44:46.160Z,-24.403,-67.028,184.0,6.6,mwb,454.0,24.4,,0.94,us,usp000erpk,2022-07-14T10:10:40.239Z,"74 km WSW of San Antonio de los Cobres, Argentina",earthquake,,,,,reviewed,us,us
2006-09-01T10:18:51.600Z,-6.759,155.512,38.0,6.8,mwb,459.0,28.4,,0.84,us,usp000es7n,2022-05-02T15:35:49.101Z,"49 km S of Panguna, Papua New Guinea",earthquake,,,,,reviewed,us,us
2006-09-28T06:22:09.730Z,-16.592,-172.033,28.0,6.9,mwc,702.0,20.9,,0.92,us,usp000etzf,2022-07-14T09:50:05.914Z,"201 km ESE of Hihifo, Tonga",earthquake,,,,,reviewed,us,gcmt
2006-09-30T17:50:23.050Z,46.351,153.166,11.0,6.6,mwb,603.0,17.8,,1.01,us,usp000eu5f,2022-05-02T15:37:14.451Z,Kuril Islands,earthquake,,,,,reviewed,us,us
2006-10-01T09:06:02.320Z,46.47,153.24,19.0,6.5,mwb,628.0,21.4,,0.89,us,usp000eu7k,2022-07-14T09:43:12.462Z,Kuril Islands,earthquake,,,,,reviewed,us,us
2006-10-15T17:07:49.200Z,19.877,-155.9346667,38.182,6.7,md,43.0,124.0,,0.09,hv,hv5532127,2026-05-29T07:10:33.059Z,"14 km SW of Puako, Hawaii",earthquake,0.88,1.71,,,reviewed,hv,hv
2006-10-17T01:25:12.230Z,-5.881,150.982,32.0,6.7,mwc,533.0,15.6,,1.02,us,usp000evbu,2022-07-14T09:27:32.525Z,"100 km ESE of Kimbe, Papua New Guinea",earthquake,,,,,reviewed,us,gcmt
2006-10-20T10:48:56.010Z,-13.457,-76.677,23.0,6.7,mwc,444.0,53.4,,0.97,us,usp000evkn,2022-07-14T09:22:48.014Z,"52 km SW of San Vicente de Cañete, Peru",earthquake,,,,,reviewed,us,gcmt
2006-11-07T17:38:33.800Z,-6.482,151.195,11.0,6.6,mwc,352.0,18.6,,1.05,us,usp000ewu6,2022-05-02T15:38:07.427Z,"155 km SE of Kimbe, Papua New Guinea",earthquake,,,,,reviewed,us,gcmt
2006-11-13T01:26:35.870Z,-26.052,-63.283,572.0,6.8,mwb,480.0,25.7,,0.94,us,usp000ex8r,2022-07-14T09:05:31.408Z,"48 km S of Taco Pozo, Argentina",earthquake,,,,,reviewed,us,us
2006-11-15T11:14:13.570Z,46.592,153.266,10.0,8.3,mwc,576.0,20.9,,1.07,us,usp000exfn,2025-11-26T18:48:49.365Z,2006 Kuril Islands Earthquake,earthquake,,,,,reviewed,us,gcmt
2006-11-15T11:40:55.050Z,46.483,154.726,10.0,6.7,mwc,489.0,34.8,,0.9,us,usp000exg0,2022-05-02T18:32:06.879Z,east of the Kuril Islands,earthquake,,,,,reviewed,us,gcmt
2006-12-26T12:26:21.140Z,21.799,120.547,10.0,7.1,mwb,744.0,29.1,,1.0,us,usp000f114,2022-08-09T06:10:24.622Z,"30 km SW of Hengchun, Taiwan",earthquake,,,,,reviewed,us,us
2006-12-26T12:34:13.800Z,21.974,120.493,10.0,6.9,mwc,466.0,31.6,,1.12,us,usp000f115,2022-07-14T08:29:27.277Z,"26 km W of Hengchun, Taiwan",earthquake,,,,,reviewed,us,gcmt
2006-12-30T08:30:49.790Z,13.313,51.365,15.0,6.6,mwc,474.0,33.5,,1.2,us,usp000f1ab,2022-05-02T18:34:19.685Z,"156 km NW of Kilmia, Yemen",earthquake,,,,,reviewed,us,gcmt
2007-01-13T04:23:21.160Z,46.243,154.524,10.0,8.1,mwc,606.0,14.0,,1.12,us,usp000f2ab,2025-11-26T18:48:01.373Z,2007 Kuril Islands Earthquake,earthquake,,,,,reviewed,us,gcmt
2007-01-21T11:27:45.060Z,1.065,126.282,22.0,7.5,mwc,570.0,21.6,,1.22,us,usp000f34b,2022-07-14T08:08:59.870Z,"126 km WNW of Ternate, Indonesia",earthquake,,,,,reviewed,us,gcmt
2007-01-30T04:54:50.570Z,-54.74,146.298,11.0,6.9,mwc,388.0,44.1,,1.37,us,usp000f3xh,2022-05-02T19:36:20.727Z,west of Macquarie Island,earthquake,,,,,reviewed,us,gcmt
2007-01-30T21:37:44.370Z,20.98,144.705,20.0,6.6,mwc,418.0,41.0,,0.88,us,usp000f3za,2022-05-02T19:36:26.338Z,"Maug Islands region, Northern Mariana Islands",earthquake,,,,,reviewed,us,gcmt
2007-01-31T03:15:52.290Z,-29.776,-178.002,34.0,6.5,mwc,493.0,20.9,,0.91,us,usp000f3zy,2022-05-02T19:36:38.240Z,"Kermadec Islands, New Zealand",earthquake,,,,,reviewed,us,gcmt
2007-02-20T08:04:25.280Z,-1.034,126.976,12.0,6.7,mwc,253.0,40.3,,1.07,us,usp000f57a,2022-05-02T19:55:26.208Z,"206 km SSW of Sofifi, Indonesia",earthquake,,,,,reviewed,us,gcmt
2007-03-25T00:40:01.610Z,-20.617,169.357,34.0,7.1,mwb,426.0,25.3,,1.0,us,usp000f7b4,2022-07-14T07:13:27.595Z,"119 km S of Isangel, Vanuatu",earthquake,,,,,reviewed,us,us
2007-03-25T00:41:57.820Z,37.336,136.588,8.0,6.7,mwc,493.0,23.9,,0.83,us,usp000f7b5,2022-08-03T20:34:40.654Z,"46 km NW of Nanao, Japan",earthquake,,,,,reviewed,us,gcmt
2007-03-25T01:08:19.050Z,-20.754,169.354,35.0,6.9,mwc,281.0,43.6,,1.05,us,usp000f7b9,2022-05-02T20:04:25.460Z,"134 km S of Isangel, Vanuatu",earthquake,,,,,reviewed,us,gcmt
2007-04-01T20:39:58.710Z,-8.466,157.043,24.0,8.1,mwc,439.0,14.7,,1.32,us,usp000f83m,2025-11-26T16:42:18.355Z,2007 Solomon Islands Earthquake,earthquake,,,,,reviewed,us,gcmt
2007-04-01T20:47:31.310Z,-7.169,155.777,10.0,6.6,mb,251.0,16.0,,1.23,us,usp000f83p,2022-05-02T20:07:29.234Z,"99 km SSE of Panguna, Papua New Guinea",earthquake,,,,44.0,reviewed,us,us
2007-04-01T21:11:33.150Z,-7.306,155.741,10.0,6.9,mwc,305.0,15.3,,1.11,us,usp000f83w,2022-05-02T20:07:31.041Z,"113 km SSE of Panguna, Papua New Guinea",earthquake,,,,,reviewed,us,gcmt
2007-04-04T11:02:29.620Z,-20.688,169.056,10.0,6.5,mwc,170.0,25.3,,1.45,us,usp000f8mu,2022-05-02T20:09:40.122Z,"129 km S of Isangel, Vanuatu",earthquake,,,,,reviewed,us,gcmt
2007-05-06T21:11:52.500Z,-19.401,-179.354,676.4,6.5,mwc,617.0,15.7,,0.89,us,usp000fbdn,2022-05-02T20:16:18.780Z,"203 km SE of Levuka, Fiji",earthquake,,,,,reviewed,us,gcmt
2007-06-13T19:29:40.180Z,13.554,-90.618,23.0,6.7,mwc,468.0,37.7,,1.09,us,usp000fdyv,2022-07-14T06:09:35.259Z,"43 km SSE of Iztapa, Guatemala",earthquake,,,,,reviewed,us,gcmt
2007-06-24T00:25:18.400Z,-55.645,-2.626,10.0,6.5,mwc,65.0,62.9,,1.55,us,usp000fepk,2022-05-02T20:20:41.284Z,southern Mid-Atlantic Ridge,earthquake,,,,,reviewed,us,gcmt
2007-06-28T02:52:10.990Z,-7.979,154.635,18.0,6.7,mwb,419.0,15.8,,1.07,us,usp000ff08,2022-05-02T20:20:49.086Z,"206 km SSW of Panguna, Papua New Guinea",earthquake,,,,,reviewed,us,us
2007-07-16T01:13:22.370Z,37.535,138.446,12.0,6.6,mwc,782.0,16.7,,0.97,us,usp000fg9t,2022-08-09T08:57:20.512Z,"20 km NNW of Kashiwazaki, Japan",earthquake,,,,,reviewed,us,gcmt
2007-07-16T14:17:37.340Z,36.808,134.85,350.4,6.8,mwb,664.0,18.2,,0.73,us,usp000fgc3,2022-07-14T05:45:56.798Z,"133 km WNW of Mikuni, Japan",earthquake,,,,,reviewed,us,us
2007-07-26T05:40:16.100Z,2.872,127.464,25.0,6.9,mwb,374.0,24.1,,1.28,us,usp000fh3s,2022-07-14T05:27:33.697Z,"140 km NNW of Tobelo, Indonesia",earthquake,,,,,reviewed,us,us
2007-08-01T17:08:51.400Z,-15.595,167.68,120.0,7.2,mwb,494.0,20.4,,1.14,us,usp000fhm9,2022-07-14T05:15:54.830Z,"56 km E of Luganville, Vanuatu",earthquake,,,,,reviewed,us,us
2007-08-02T03:21:42.820Z,51.307,-179.971,21.0,6.7,mwc,725.0,23.6,,0.97,us,usp000fhn5,2022-05-02T20:40:53.798Z,"239 km WSW of Adak, Alaska",earthquake,,,,,reviewed,us,gcmt
2007-08-08T17:05:04.920Z,-5.859,107.419,280.0,7.5,mwc,228.0,30.7,,1.13,us,usp000fj6k,2022-05-09T19:12:38.751Z,"35 km NNE of Rengasdengklok, Indonesia",earthquake,,,,,reviewed,us,gcmt
2007-08-15T20:22:11.120Z,50.322,-177.548,9.0,6.5,mwc,622.0,22.8,,0.9,us,usp000fjsq,2022-05-02T20:24:30.402Z,"184 km SSW of Adak, Alaska",earthquake,,,,,reviewed,us,gcmt
2007-08-15T23:40:57.890Z,-13.386,-76.603,39.0,8.0,mwc,625.0,25.7,,0.86,us,usp000fjta,2026-03-09T17:47:25.198Z,"41 km SW of San Vicente de Cañete, Peru",earthquake,,,,,reviewed,us,gcmt
2007-08-16T08:39:28.440Z,-9.834,159.465,15.0,6.5,mwc,382.0,12.8,,1.4,us,usp000fjw7,2022-07-14T04:26:35.591Z,"31 km WSW of Malango, Solomon Islands",earthquake,,,,,reviewed,us,gcmt
2007-08-20T22:42:28.530Z,8.037,-39.251,6.0,6.5,mwc,655.0,18.3,,0.94,us,usp000fkb6,2022-05-02T20:26:27.081Z,central Mid-Atlantic Ridge,earthquake,,,,,reviewed,us,gcmt
2007-09-02T01:05:18.150Z,-11.61,165.762,35.0,7.2,mwc,312.0,21.3,,1.31,us,usp000fm6b,2022-05-02T20:33:09.345Z,"97 km S of Lata, Solomon Islands",earthquake,,,,,reviewed,us,gcmt
2007-09-10T01:49:11.780Z,2.966,-77.963,15.0,6.8,mwc,653.0,17.6,,0.89,us,usp000fmtk,2022-07-14T03:12:42.806Z,"39 km WNW of Timbiquí, Colombia",earthquake,,,,,reviewed,us,gcmt
2007-09-12T11:10:26.830Z,-4.438,101.367,34.0,8.4,mww,411.0,32.3,,1.03,official,official20070912111026830_34,2022-07-14T03:10:27.019Z,"122 km SW of Bengkulu, Indonesia",earthquake,,,,,reviewed,us,official
2007-09-12T23:49:03.720Z,-2.625,100.841,35.0,7.9,mwc,446.0,29.1,,1.01,us,usp000fn2b,2022-07-14T03:06:52.110Z,"87 km SW of Sungai Penuh, Indonesia",earthquake,,,,,reviewed,us,gcmt
2007-09-13T02:30:03.300Z,-1.689,99.668,28.9,6.5,mwc,409.0,26.2,,0.99,us,usp000fn34,2022-05-02T20:42:33.288Z,"Kepulauan Mentawai region, Indonesia",earthquake,,11.6,,,reviewed,us,gcmt
2007-09-13T03:35:28.720Z,-2.13,99.627,22.0,7.0,mwc,537.0,23.1,,1.04,us,usp000fn3d,2022-07-14T03:01:39.974Z,"153 km SSW of Padang, Indonesia",earthquake,,,,,reviewed,us,gcmt
2007-09-20T08:31:14.490Z,-1.999,100.141,30.0,6.7,mwc,503.0,26.9,,0.94,us,usp000fnrx,2022-07-14T02:45:14.037Z,"118 km SSW of Padang, Indonesia",earthquake,,,,,reviewed,us,gcmt
2007-09-26T12:36:26.890Z,-4.99,153.5,40.0,6.8,mwc,348.0,15.5,,1.1,us,usp000fp59,2022-07-14T02:33:32.467Z,"154 km ESE of Kokopo, Papua New Guinea",earthquake,,,,,reviewed,us,gcmt
2007-09-28T01:35:51.970Z,-21.133,169.373,10.0,6.5,mwb,503.0,33.8,,1.3,us,usp000fp9t,2022-05-02T20:37:10.287Z,"161 km ENE of Tadine, New Caledonia",earthquake,,,,,reviewed,us,us
2007-09-28T13:38:57.880Z,22.013,142.668,260.0,7.5,mwc,558.0,11.8,,0.97,us,usp000fpca,2022-07-14T02:30:19.087Z,"Volcano Islands, Japan region",earthquake,,,,,reviewed,us,gcmt
2007-09-30T02:08:30.170Z,10.454,145.718,14.0,6.9,mwb,535.0,15.2,,1.13,us,usp000fpg6,2022-07-13T02:43:32.267Z,south of the Mariana Islands,earthquake,,,,,reviewed,us,us
2007-09-30T05:23:34.070Z,-49.271,164.115,10.0,7.4,mwc,499.0,16.6,,1.19,us,usp000fpgq,2022-07-14T02:28:40.224Z,"Auckland Islands, New Zealand region",earthquake,,,,,reviewed,us,gcmt
2007-09-30T09:47:51.970Z,-49.138,164.11,18.0,6.6,mwc,572.0,21.9,,1.28,us,usp000fphp,2022-07-14T02:26:58.993Z,"Auckland Islands, New Zealand region",earthquake,,,,,reviewed,us,gcmt
2007-10-05T07:17:52.810Z,-25.189,179.459,509.4,6.5,mwc,573.0,19.2,,1.05,us,usp000fpxf,2022-05-02T20:46:12.397Z,south of the Fiji Islands,earthquake,,5.5,,,reviewed,us,gcmt
2007-10-15T12:29:34.860Z,-44.796,167.553,18.0,6.8,mwc,338.0,19.0,,1.2,us,usp000fqks,2022-07-14T02:07:45.322Z,"70 km N of Te Anau, New Zealand",earthquake,,,,,reviewed,us,gcmt
2007-10-16T21:05:43.270Z,-25.775,179.53,509.3,6.6,mwc,538.0,13.1,,0.93,us,usp000fqqn,2022-05-02T20:47:40.824Z,south of the Fiji Islands,earthquake,,,,,reviewed,us,gcmt
2007-10-24T21:02:50.610Z,-3.899,101.02,21.0,6.8,mwc,494.0,23.9,,1.18,us,usp000fr6r,2022-07-14T01:50:29.215Z,"138 km W of Bengkulu, Indonesia",earthquake,,,,,reviewed,us,gcmt
2007-10-31T03:30:15.960Z,18.9,145.388,207.0,7.2,mwb,461.0,19.4,,1.09,us,usp000frnh,2022-07-13T02:39:44.251Z,"Pagan region, Northern Mariana Islands",earthquake,,,,,reviewed,us,us
2007-11-10T01:13:29.350Z,-51.777,161.318,10.0,6.6,mwc,73.0,49.3,,1.33,us,usp000fs9s,2022-05-02T20:49:28.580Z,north of Macquarie Island,earthquake,,,,,reviewed,us,gcmt
2007-11-14T15:40:50.530Z,-22.247,-69.89,40.0,7.7,mwc,610.0,22.4,,1.11,us,usp000fshy,2026-07-17T01:48:05.045Z,"36 km ESE of Tocopilla, Chile",earthquake,,,,,reviewed,us,gcmt
2007-11-15T15:05:58.350Z,-22.925,-70.237,26.0,6.8,mwc,285.0,40.1,,1.13,us,usp000fsmf,2022-07-14T01:17:06.628Z,"82 km NNE of Antofagasta, Chile",earthquake,,,,,reviewed,us,gcmt
2007-11-16T03:13:00.120Z,-2.312,-77.838,122.9,6.8,mwc,649.0,27.0,,0.88,us,usp000fsnz,2022-07-14T01:13:47.687Z,"30 km E of Macas, Ecuador",earthquake,,,,,reviewed,us,gcmt
2007-11-22T08:48:27.530Z,-5.757,147.098,53.0,6.8,mwc,341.0,15.9,,1.18,us,usp000ft2k,2022-07-14T01:03:57.641Z,"107 km N of Lae, Papua New Guinea",earthquake,,,,,reviewed,us,gcmt
2007-11-25T16:02:15.750Z,-8.292,118.37,20.0,6.5,mwc,353.0,27.5,,1.15,us,usp000ft98,2022-07-14T00:52:22.143Z,"28 km NNW of Dompu, Indonesia",earthquake,,,,,reviewed,us,gcmt
2007-11-25T19:53:05.470Z,-8.224,118.467,18.0,6.5,mwc,272.0,27.6,,1.21,us,usp000ft9p,2022-07-14T00:49:06.129Z,"34 km N of Dompu, Indonesia",earthquake,,,,,reviewed,us,gcmt
2007-11-27T11:49:58.010Z,-10.95,162.149,16.0,6.6,mwc,280.0,26.9,,1.08,us,usp000ftdp,2022-07-14T00:37:13.526Z,"60 km SSE of Kirakira, Solomon Islands",earthquake,,,,,reviewed,us,gcmt
2007-11-29T19:00:20.420Z,14.944,-61.274,156.0,7.4,mwb,663.0,13.4,,0.74,us,usp000ftj1,2022-07-13T02:37:48.411Z,"18 km WNW of Basse-Pointe, Martinique",earthquake,,,,,reviewed,us,us
2007-12-09T07:28:20.820Z,-25.996,-177.514,152.5,7.8,mwc,512.0,11.8,,1.12,us,usp000fu3q,2022-07-14T00:10:26.485Z,south of the Fiji Islands,earthquake,,6.3,,,reviewed,us,gcmt
2007-12-16T08:09:17.930Z,-22.954,-70.182,45.0,6.7,mwb,481.0,30.3,,1.11,us,usp000fujd,2024-03-16T19:15:41.494Z,"80 km NNE of Antofagasta, Chile",earthquake,,,,,reviewed,us,us
2007-12-19T09:30:27.930Z,51.36,-179.509,34.0,7.2,mwc,702.0,15.9,,0.96,us,usp000fuse,2022-07-12T19:32:53.524Z,"207 km WSW of Adak, Alaska",earthquake,,,,,reviewed,us,gcmt
2007-12-20T07:55:15.840Z,-39.011,178.291,20.0,6.6,mwc,461.0,18.8,,1.38,us,usp000fuvt,2023-12-10T12:04:52.912Z,"46 km SSE of Gisborne, New Zealand",earthquake,,,,,reviewed,us,gcmt
2008-01-05T11:01:06.110Z,51.254,-130.746,15.0,6.6,mwc,422.0,66.7,,1.29,us,usp000fw0w,2022-07-13T23:12:43.217Z,"267 km WNW of Port McNeill, Canada",earthquake,,,,,reviewed,us,gcmt
2008-01-15T17:52:15.690Z,-21.984,-179.535,597.6,6.5,mwc,484.0,16.1,,1.05,us,usp000fwsh,2022-05-02T20:57:55.241Z,Fiji region,earthquake,,,,,reviewed,us,us
2008-02-08T09:38:14.100Z,10.671,-41.899,9.0,6.9,mwc,600.0,24.9,,0.85,us,usp000fyep,2022-05-02T20:30:04.178Z,northern Mid-Atlantic Ridge,earthquake,,,,,reviewed,us,us
2008-02-10T12:22:02.650Z,-60.797,-25.586,8.0,6.6,mwc,264.0,18.0,,1.15,us,usp000fykt,2022-05-02T20:43:17.005Z,South Sandwich Islands region,earthquake,,,,,reviewed,us,us
2008-02-12T12:50:18.490Z,16.357,-94.304,83.0,6.5,mwc,521.0,27.6,,1.01,us,usp000fyrt,2024-02-19T01:50:26.950Z,"9 km SSW of General Pascual Fentes, Mexico",earthquake,,,,,reviewed,us,gcmt
2008-02-14T10:09:22.720Z,36.501,21.67,29.0,6.9,mwc,645.0,30.6,,1.31,us,usp000fyw4,2022-07-13T22:06:34.492Z,"35 km S of Methóni, Greece",earthquake,,,,,reviewed,us,gcmt
2008-02-14T12:08:55.790Z,36.345,21.863,28.0,6.5,mwc,650.0,30.7,,1.19,us,usp000fywh,2022-07-13T22:04:26.662Z,"50 km S of Koróni, Greece",earthquake,,,,,reviewed,us,gcmt
2008-02-20T08:08:30.520Z,2.768,95.964,26.0,7.4,mwc,607.0,16.4,,0.97,us,usp000fzau,2023-12-10T12:08:48.130Z,"56 km NW of Sinabang, Indonesia",earthquake,,,,,reviewed,us,us
2008-02-23T15:57:20.490Z,-57.335,-23.433,14.0,6.8,mwc,338.0,23.9,,1.12,us,usp000fzsd,2022-05-02T20:43:34.766Z,South Sandwich Islands region,earthquake,,,,,reviewed,us,gcmt
2008-02-24T14:46:21.470Z,-2.405,99.931,22.0,6.5,mwc,429.0,28.3,,0.97,us,usp000fzv0,2022-07-13T21:32:39.831Z,"166 km WSW of Sungai Penuh, Indonesia",earthquake,,,,,reviewed,us,gcmt
2008-02-25T08:36:33.030Z,-2.486,99.972,25.0,7.2,mwc,505.0,18.4,,1.22,us,usp000fzx4,2022-07-13T21:29:20.073Z,"164 km WSW of Sungai Penuh, Indonesia",earthquake,,,,,reviewed,us,gcmt
2008-02-25T18:06:03.900Z,-2.332,99.891,25.0,6.6,mwc,421.0,17.7,,0.98,us,usp000fzy8,2022-07-13T21:25:58.564Z,"161 km SSW of Padang, Indonesia",earthquake,,,,,reviewed,us,gcmt
2008-02-25T21:02:18.420Z,-2.245,99.808,25.0,6.7,mwc,543.0,15.1,,0.94,us,usp000fzyk,2022-07-13T21:24:18.944Z,"155 km SSW of Padang, Indonesia",earthquake,,,,,reviewed,us,gcmt
2008-03-03T09:31:02.500Z,46.406,153.175,10.0,6.5,mwc,556.0,37.7,,1.1,us,usp000g0jk,2022-05-02T21:13:24.556Z,Kuril Islands,earthquake,,,,,reviewed,us,us
2008-03-03T14:11:14.620Z,13.351,125.63,24.0,6.9,mwc,544.0,25.9,,0.94,us,usp000g0k9,2022-07-13T21:01:32.829Z,Philippine Islands region,earthquake,,,,,reviewed,us,us
2008-03-20T22:32:57.930Z,35.49,81.467,10.0,7.2,mwc,532.0,25.9,,1.03,us,usp000g1w2,2022-05-02T21:14:37.954Z,"226 km SE of Hotan, China",earthquake,,,,,reviewed,us,us
2008-04-09T12:46:12.720Z,-20.071,168.892,33.0,7.3,mwc,486.0,13.4,,1.29,us,usp000g3eq,2022-05-02T20:30:37.983Z,"71 km SW of Isangel, Vanuatu",earthquake,,,,,reviewed,us,us
2008-04-12T00:30:12.600Z,-55.664,158.453,16.0,7.1,mwc,541.0,34.9,,0.99,us,usp000g3q9,2022-05-02T20:43:52.217Z,Macquarie Island region,earthquake,,,,,reviewed,us,us
2008-04-16T05:54:19.690Z,51.878,-179.165,13.0,6.6,mwc,676.0,23.5,,0.93,us,usp000g41s,2022-05-02T20:44:14.074Z,"174 km W of Adak, Alaska",earthquake,,,,,reviewed,us,us
2008-04-24T12:14:49.920Z,-1.182,-23.471,10.0,6.5,mwc,328.0,39.3,,0.9,us,usp000g4r4,2022-05-02T20:44:29.947Z,central Mid-Atlantic Ridge,earthquake,,,,,reviewed,us,us
2008-05-02T01:33:37.240Z,51.864,-177.528,14.0,6.6,mwc,661.0,29.8,,1.17,us,usp000g59v,2022-05-02T20:31:13.774Z,"61 km W of Adak, Alaska",earthquake,,,,,reviewed,us,us
2008-05-07T16:45:18.700Z,36.164,141.526,27.0,6.9,mwc,519.0,21.1,,0.78,us,usp000g5rx,2022-07-13T19:16:39.912Z,"78 km NE of Hasaki, Japan",earthquake,,,,,reviewed,us,gcmt
2008-05-09T21:51:29.730Z,12.516,143.181,76.0,6.8,mwc,330.0,20.2,,0.96,us,usp000g5yf,2022-07-13T02:31:21.548Z,"181 km WSW of Merizo Village, Guam",earthquake,,,,,reviewed,us,gcmt
2008-05-12T06:28:01.570Z,31.002,103.322,19.0,7.9,mwc,774.0,11.3,,1.2,us,usp000g650,2025-09-12T05:24:59.612Z,"58 km W of Tianpeng, China",earthquake,,,,,reviewed,us,us
2008-05-23T19:35:34.780Z,7.313,-34.897,8.0,6.5,mwc,556.0,19.9,,0.85,us,usp000g7ke,2022-05-02T20:31:34.122Z,central Mid-Atlantic Ridge,earthquake,,,,,reviewed,us,us
2008-06-01T14:31:03.010Z,-59.384,149.66,10.0,6.5,mwc,157.0,64.2,,1.23,us,usp000g8aj,2022-05-02T20:31:46.823Z,west of Macquarie Island,earthquake,,,,,reviewed,us,us
2008-06-13T23:43:45.360Z,39.03,140.881,7.8,6.9,mwc,654.0,17.1,,,us,usp000g9h6,2022-08-09T09:08:03.327Z,"24 km WSW of Mizusawa, Japan",earthquake,,,,,reviewed,jma,gcmt
2008-06-27T11:40:13.990Z,11.005,91.824,17.0,6.6,mwc,630.0,18.4,,0.85,us,usp000gapt,2022-07-13T04:45:24.191Z,"124 km SW of Bamboo Flat, India",earthquake,,,,,reviewed,us,us
2008-06-30T06:17:43.020Z,-58.227,-22.099,8.0,7.0,mwc,309.0,25.4,,1.36,us,usp000gazv,2022-05-02T21:00:30.936Z,South Sandwich Islands region,earthquake,,,,,reviewed,us,us
2008-07-05T02:12:04.480Z,53.882,152.886,632.8,7.7,mwc,777.0,13.5,,0.83,us,usp000gbc0,2022-07-13T04:39:04.928Z,Sea of Okhotsk,earthquake,,3.1,,,reviewed,us,us
2008-07-19T02:39:28.700Z,37.552,142.214,22.0,7.0,mwc,577.0,18.2,,0.84,us,usp000gcjg,2022-07-13T04:27:29.142Z,"107 km E of Namie, Japan",earthquake,,,,,reviewed,us,us
2008-07-19T09:27:01.460Z,-11.041,164.493,11.0,6.6,mwc,452.0,19.1,,0.91,us,usp000gckc,2022-05-02T19:49:24.225Z,"146 km WSW of Lata, Solomon Islands",earthquake,,,,,reviewed,us,us
2008-07-23T15:26:19.950Z,39.802,141.464,108.0,6.8,mwc,633.0,20.2,,0.92,us,usp000gczp,2022-07-13T04:23:58.803Z,"29 km ENE of Morioka, Japan",earthquake,,,,,reviewed,us,us
2008-08-09T06:01:48.510Z,-60.648,153.771,10.0,6.5,mwc,99.0,86.2,,1.65,us,usp000ge8h,2022-05-02T19:44:01.961Z,west of Macquarie Island,earthquake,,,,,reviewed,us,us
2008-08-25T13:21:58.820Z,30.901,83.52,12.0,6.7,mwc,325.0,28.0,,1.07,us,usp000gfga,2022-07-13T04:02:30.702Z,"221 km NE of Jumla, Nepal",earthquake,,,,,reviewed,us,us
2008-09-08T18:52:06.970Z,-13.501,166.967,110.0,6.9,mwc,531.0,14.9,,0.88,us,usp000ggp4,2022-05-02T20:32:42.175Z,"75 km WNW of Sola, Vanuatu",earthquake,,,,,reviewed,us,us
2008-09-10T13:08:14.690Z,8.093,-38.705,9.0,6.6,mwc,672.0,16.1,,0.95,us,usp000ggsv,2022-05-02T21:03:05.779Z,central Mid-Atlantic Ridge,earthquake,,,,,reviewed,us,us
2008-09-11T00:00:02.700Z,1.885,127.363,96.0,6.6,mwc,463.0,14.1,,1.02,us,usp000ggu7,2022-05-02T20:32:47.995Z,"73 km WNW of Tobelo, Indonesia",earthquake,,,,,reviewed,us,us
2008-09-11T00:20:50.920Z,41.892,143.754,25.0,6.8,mwc,500.0,22.2,,1.08,us,usp000ggu8,2022-05-02T21:29:45.438Z,"122 km SSE of Obihiro, Japan",earthquake,,,,,reviewed,us,us
2008-09-29T15:19:31.590Z,-29.756,-177.683,36.0,7.0,mwc,524.0,17.4,,1.21,us,usp000ghyg,2022-05-02T21:03:43.740Z,"Kermadec Islands, New Zealand",earthquake,,,,,reviewed,us,us
2008-10-05T15:52:49.400Z,39.533,73.824,27.4,6.7,mwc,529.0,22.3,,0.81,us,usp000gjd4,2022-05-02T21:04:01.166Z,"131 km SE of Nookat, Kyrgyzstan",earthquake,,,,,reviewed,us,gcmt
2008-10-16T19:41:25.720Z,14.423,-92.364,24.0,6.7,mwc,481.0,28.6,,1.17,us,usp000gkde,2022-07-14T20:56:26.854Z,"19 km SW of Brisas Barra de Suchiate, Mexico",earthquake,,,,,reviewed,us,us
2008-10-19T05:10:33.910Z,-21.863,-173.819,29.0,6.9,mwc,518.0,24.4,,0.87,us,usp000gkje,2022-07-14T20:58:08.253Z,"130 km ESE of ‘Ohonua, Tonga",earthquake,,,,,reviewed,us,us
2008-11-16T17:02:32.700Z,1.271,122.091,30.0,7.4,mww,365.0,33.7,,1.1,us,usp000gnur,2022-07-14T21:41:54.443Z,"135 km NW of Gorontalo, Indonesia",earthquake,,,,,reviewed,us,us
2008-11-24T09:02:58.760Z,54.203,154.322,492.3,7.3,mwc,531.0,22.7,,0.77,us,usp000gpbs,2022-07-14T21:55:16.282Z,"284 km WSW of Mil’kovo, Russia",earthquake,,3.2,,,reviewed,us,us
2008-12-09T06:23:59.750Z,-31.232,-176.924,18.0,6.8,mwc,414.0,28.9,,1.08,us,usp000gq7y,2022-05-02T21:06:50.347Z,Kermadec Islands region,earthquake,,,,,reviewed,us,us
2009-01-03T19:43:50.650Z,-0.414,132.885,17.0,7.7,mwc,288.0,29.8,,1.27,us,usp000gs2d,2022-07-15T03:38:55.850Z,"140 km WNW of Manokwari, Indonesia",earthquake,,,,,reviewed,us,gcmt
2009-01-03T20:23:20.180Z,36.419,70.743,204.8,6.6,mwc,344.0,22.6,,0.86,us,usp000gs2v,2022-07-15T03:37:55.046Z,"50 km S of Jurm, Afghanistan",earthquake,,,,,reviewed,us,gcmt
2009-01-03T22:33:40.290Z,-0.691,133.305,23.0,7.4,mwc,314.0,21.1,,1.03,us,usp000gs3t,2022-07-15T03:35:33.365Z,"86 km WNW of Manokwari, Indonesia",earthquake,,,,,reviewed,us,gcmt
2009-01-15T07:27:20.290Z,-22.352,170.635,27.0,6.7,mwc,253.0,24.1,,0.96,us,usp000gsm5,2022-05-02T21:28:29.599Z,"298 km ESE of Tadine, New Caledonia",earthquake,,,,,reviewed,us,us
2009-01-15T17:49:39.070Z,46.857,155.154,36.0,7.4,mwc,522.0,15.6,,0.91,us,usp000gsmz,2022-07-15T03:19:57.452Z,east of the Kuril Islands,earthquake,,,,,reviewed,us,us
2009-01-19T03:35:18.840Z,-22.596,170.911,12.0,6.6,mwc,182.0,25.7,,1.16,us,usp000gstk,2022-05-02T20:23:10.127Z,southeast of the Loyalty Islands,earthquake,,,,,reviewed,us,gcmt
2009-02-11T17:34:50.490Z,3.886,126.387,20.0,7.2,mwc,432.0,18.6,,1.14,us,usp000gtnc,2022-07-15T02:28:01.779Z,"196 km SSE of Sarangani, Philippines",earthquake,,,,,reviewed,us,us
2009-02-18T21:53:45.160Z,-27.424,-176.33,25.0,7.0,mwc,353.0,18.5,,0.95,us,usp000gu5x,2022-05-02T21:29:53.482Z,Kermadec Islands region,earthquake,,,,,reviewed,us,gcmt
2009-03-06T10:50:29.410Z,80.324,-1.853,9.0,6.5,mwc,341.0,14.5,,0.9,us,usp000gupr,2022-05-02T21:35:57.286Z,north of Svalbard,earthquake,,,,,reviewed,us,gcmt
2009-03-19T18:17:40.470Z,-23.043,-174.66,31.0,7.6,mwc,504.0,14.0,,1.0,us,usp000gv5p,2022-07-15T06:13:32.074Z,"191 km S of ‘Ohonua, Tonga",earthquake,,,,,reviewed,us,us
2009-04-07T04:23:33.150Z,46.049,151.548,31.0,6.9,mwc,493.0,18.7,,0.94,us,usp000gvv4,2022-05-02T20:21:15.586Z,Kuril Islands,earthquake,,,,,reviewed,us,us
2009-04-16T14:57:06.200Z,-60.203,-26.858,20.0,6.7,mwc,214.0,21.7,,0.99,us,usp000gw7m,2022-05-02T20:15:24.619Z,South Sandwich Islands region,earthquake,,,,,reviewed,us,us
2009-04-18T19:17:58.930Z,46.015,151.427,35.0,6.6,mwc,459.0,25.7,,0.87,us,usp000gwbe,2022-05-02T21:11:16.366Z,"290 km ENE of Kuril’sk, Russia",earthquake,,,,,reviewed,us,gcmt
2009-05-16T00:53:51.250Z,-31.553,-178.833,43.0,6.5,mwc,466.0,17.2,,0.88,us,usp000gx5u,2022-07-15T09:55:10.744Z,Kermadec Islands region,earthquake,,,,,reviewed,us,gcmt
2009-05-28T08:24:46.560Z,16.731,-86.217,19.0,7.3,mwc,464.0,27.2,,1.12,us,usp000gxkj,2025-07-03T19:11:11.454Z,"46 km NW of Guanaja, Honduras",earthquake,,,,,reviewed,us,gcmt
2009-06-23T14:19:22.350Z,-5.157,153.782,64.0,6.7,mwc,269.0,13.8,,1.17,us,usp000gyhq,2022-07-15T12:18:57.241Z,"190 km ESE of Kokopo, Papua New Guinea",earthquake,,,,,reviewed,us,us
2009-07-15T09:22:29.030Z,-45.762,166.562,12.0,7.8,mwc,434.0,16.8,,,us,usp000gz8j,2022-07-15T13:59:45.046Z,"97 km WSW of Te Anau, New Zealand",earthquake,,,,,reviewed,wel,gcmt
2009-08-03T17:59:56.170Z,29.039,-112.903,10.0,6.9,mwc,243.0,35.0,,1.29,us,usp000gzyb,2022-07-15T15:06:35.005Z,"96 km WNW of Bahía de Kino, Mexico",earthquake,,,,,reviewed,us,gcmt
2009-08-09T10:55:55.110Z,33.167,137.944,292.0,7.1,mwc,447.0,14.2,,0.91,us,usp000h04j,2022-07-15T15:30:17.690Z,"161 km S of ?yama, Japan",earthquake,,,,,reviewed,us,us
2009-08-10T04:06:31.000Z,-11.612,166.09,35.0,6.6,mwc,251.0,29.1,,1.29,us,usp000h054,2022-05-02T22:15:47.410Z,"103 km SSE of Lata, Solomon Islands",earthquake,,,,,reviewed,us,us
2009-08-10T19:55:38.730Z,14.099,92.902,24.0,7.5,mwc,303.0,18.2,,1.03,us,usp000h05x,2022-07-15T15:33:51.153Z,"266 km N of Bamboo Flat, India",earthquake,,,,,reviewed,us,us
2009-08-12T22:48:51.420Z,32.821,140.395,53.0,6.6,mwc,336.0,14.1,,0.78,us,usp000h093,2022-07-15T15:45:06.729Z,"244 km SSE of Tateyama, Japan",earthquake,,,,,reviewed,us,us
2009-08-16T07:38:21.700Z,-1.479,99.49,20.0,6.7,mwc,369.0,14.9,,1.07,us,usp000h0ew,2022-07-15T16:01:37.069Z,"112 km WSW of Padang, Indonesia",earthquake,,,,,reviewed,us,gcmt
2009-08-17T00:05:49.030Z,23.501,123.499,20.0,6.7,mwc,345.0,13.5,,1.01,us,usp000h0gm,2022-07-15T16:03:15.479Z,"114 km SW of Ishigaki, Japan",earthquake,,,,,reviewed,us,gcmt
2009-08-28T01:51:20.400Z,-7.146,123.427,642.4,6.9,mwc,350.0,19.5,,0.84,us,usp000h0y7,2022-07-15T16:41:38.096Z,"211 km NE of Maumere, Indonesia",earthquake,,,,,reviewed,us,us
2009-08-30T14:51:32.890Z,-15.223,-172.571,11.0,6.6,mwc,431.0,20.9,,1.04,us,usp000h121,2022-07-15T16:52:29.826Z,"154 km ENE of Hihifo, Tonga",earthquake,,,,,reviewed,us,us
2009-09-02T07:55:01.050Z,-7.782,107.297,46.0,7.0,mwc,312.0,16.3,,0.89,us,usp000h152,2025-06-18T11:45:29.280Z,"66 km SSW of Banjar, Indonesia",earthquake,,,,,reviewed,us,us
2009-09-29T17:48:10.990Z,-15.489,-172.095,18.0,8.1,mwc,520.0,20.8,,1.01,us,usp000h1ys,2025-11-26T16:41:26.460Z,2009 Samoa Earthquake,earthquake,,,,,reviewed,us,gcmt
2009-09-30T10:16:09.250Z,-0.72,99.867,81.0,7.6,mwc,498.0,14.0,,0.92,us,usp000h237,2023-12-01T15:23:24.547Z,"30 km WSW of Pariaman, Indonesia",earthquake,,,,,reviewed,us,gcmt
2009-10-01T01:52:27.320Z,-2.482,101.524,9.0,6.6,mwc,417.0,30.1,,1.15,us,usp000h24c,2022-07-15T18:27:34.768Z,"49 km SSE of Sungai Penuh, Indonesia",earthquake,,,,,reviewed,us,us
2009-10-04T10:58:00.170Z,6.74,123.378,620.0,6.6,mwc,419.0,11.6,,1.05,us,usp000h2c1,2022-07-15T18:39:20.064Z,"71 km W of Gadung, Philippines",earthquake,,,,,reviewed,us,us
2009-10-07T21:41:13.270Z,4.079,122.371,574.0,6.8,mwc,326.0,17.4,,1.06,us,usp000h2g6,2022-05-02T21:22:11.444Z,"221 km SSE of Tabiauan, Philippines",earthquake,,,,,reviewed,us,us
2009-10-07T22:03:14.470Z,-13.006,166.51,45.0,7.7,mww,283.0,23.2,,1.31,us,usp000h2g9,2022-07-15T18:45:47.803Z,"148 km NW of Sola, Vanuatu",earthquake,,,,,reviewed,us,us
2009-10-07T22:18:51.240Z,-12.517,166.382,35.0,7.8,mwc,195.0,20.3,,0.97,us,usp000h2gd,2022-05-02T21:29:39.820Z,"196 km NW of Sola, Vanuatu",earthquake,,,,,reviewed,us,us
2009-10-07T22:50:15.780Z,-12.39,166.086,21.0,6.8,mwc,74.0,34.8,,0.92,us,usp000h2gj,2022-05-02T22:34:59.250Z,"186 km S of Lata, Solomon Islands",earthquake,,13.9,,,reviewed,us,gcmt
2009-10-07T23:13:48.160Z,-13.093,166.497,31.1,7.4,mwc,314.0,20.2,,0.96,us,usp000h2gr,2022-05-02T22:35:04.822Z,"143 km NW of Sola, Vanuatu",earthquake,,2.4,,,reviewed,us,gcmt
2009-10-08T08:28:47.970Z,-13.298,165.91,35.0,6.8,mwc,174.0,30.2,,1.45,us,usp000h2js,2022-05-02T21:25:05.238Z,"188 km WNW of Sola, Vanuatu",earthquake,,,,,reviewed,us,us
2009-10-13T05:37:23.690Z,52.754,-166.997,24.0,6.5,mwc,485.0,47.1,,0.92,us,usp000h2u7,2022-05-02T21:31:19.524Z,"127 km E of Nikolski, Alaska",earthquake,,,,,reviewed,us,us
2009-10-24T14:40:43.720Z,-6.133,130.385,130.0,6.9,mwc,397.0,11.0,,0.81,us,usp000h3c5,2022-07-15T19:47:26.645Z,"268 km WSW of Tual, Indonesia",earthquake,,,,,reviewed,us,us
2009-10-30T07:03:39.120Z,29.218,129.782,34.0,6.8,mwc,424.0,21.4,,1.02,us,usp000h3jp,2022-05-02T22:31:37.260Z,"98 km NNE of Naze, Japan",earthquake,,,,,reviewed,us,us
2009-11-08T19:41:43.360Z,-8.207,118.631,18.0,6.6,mwc,305.0,20.4,,1.03,us,usp000h3vc,2022-07-15T20:46:02.120Z,"29 km NNW of Bima, Indonesia",earthquake,,,,,reviewed,us,gcmt
2009-11-09T10:44:55.110Z,-17.239,178.331,595.0,7.3,mwc,430.0,15.0,,0.87,us,usp000h3wn,2022-05-02T21:25:58.001Z,"77 km ENE of Ba, Fiji",earthquake,,,,,reviewed,us,gcmt
2009-11-13T03:05:57.220Z,-19.394,-70.321,27.0,6.5,mwc,390.0,17.7,,0.83,us,usp000h401,2025-04-27T15:58:17.879Z,"92 km N of Iquique, Chile",earthquake,,,,,reviewed,us,us
2009-11-17T15:30:47.440Z,52.123,-131.395,17.0,6.6,mwc,388.0,26.6,,1.16,us,usp000h44s,2022-07-15T21:14:14.447Z,"254 km SSW of Prince Rupert, Canada",earthquake,,,,,reviewed,us,us
2009-11-24T12:47:15.660Z,-20.708,-174.035,18.0,6.8,mwc,459.0,15.6,,0.9,us,usp000h4cs,2022-07-15T21:41:49.802Z,"104 km SSE of Pangai, Tonga",earthquake,,,,,reviewed,us,us
2010-01-03T21:48:02.870Z,-8.726,157.487,10.0,6.6,mwc,282.0,16.6,,1.24,us,usp000h5nd,2022-07-15T23:39:48.710Z,"98 km SE of Gizo, Solomon Islands",earthquake,,,,,reviewed,us,us
2010-01-03T22:36:25.640Z,-8.783,157.354,10.0,7.1,mwc,377.0,15.0,,1.09,us,usp000h5np,2022-07-15T23:41:25.560Z,"94 km SE of Gizo, Solomon Islands",earthquake,,,,,reviewed,us,gcmt
2010-01-05T04:55:39.410Z,-58.173,-14.695,13.0,6.8,mwc,198.0,44.0,,1.19,us,usp000h5ra,2022-05-02T22:34:14.702Z,east of the South Sandwich Islands,earthquake,,,,,reviewed,us,us
2010-01-05T12:15:32.210Z,-9.019,157.551,15.4,6.8,mwc,338.0,15.0,,1.16,us,usp000h5rn,2022-07-15T23:48:40.645Z,"127 km SE of Gizo, Solomon Islands",earthquake,,14.2,,,reviewed,us,us
2010-01-10T00:27:39.320Z,40.652,-124.6925,28.737,6.5,mw,51.0,220.0,0.3225,0.2,nc,nc71338066,2024-02-25T07:18:33.872Z,"The 2010 Eureka, California Earthquake",earthquake,0.55,1.31,,8.0,reviewed,nc,nc
2010-01-12T21:53:10.060Z,18.443,-72.571,13.0,7.0,mwc,500.0,22.7,,0.97,us,usp000h60h,2025-09-30T16:40:58.902Z,"10 km SE of Léogâne, Haiti",earthquake,,,,,reviewed,us,us
2010-02-18T01:13:19.510Z,42.587,130.703,577.7,6.9,mwb,524.0,17.0,,1.35,us,usp000h7dn,2022-05-02T21:37:24.323Z,"15 km SSW of Kraskino, Russia",earthquake,,3.9,,,reviewed,us,us
2010-02-26T20:31:26.970Z,25.93,128.425,25.0,7.0,mwc,487.0,15.7,,1.05,us,usp000h7qu,2022-07-16T03:26:49.601Z,"70 km SE of Katsuren-haebaru, Japan",earthquake,,,,,reviewed,us,us
2010-02-27T06:34:11.530Z,-36.122,-72.898,22.9,8.8,mww,454.0,17.8,,1.09,official,official20100227063411530_30,2026-07-12T19:28:40.054Z,"2010 Maule, Chile Earthquake",earthquake,,9.2,,,reviewed,us,official
2010-02-27T08:01:23.010Z,-37.773,-75.048,35.0,7.4,mwc,409.0,17.6,,1.06,us,usp000h7sq,2022-05-02T21:42:17.623Z,"124 km W of Lebu, Chile",earthquake,,,,,reviewed,us,gcmt
2010-03-04T14:02:27.550Z,-13.571,167.227,176.0,6.5,mwb,426.0,18.7,,1.01,us,usp000h8pu,2022-05-02T21:51:27.934Z,"48 km NW of Sola, Vanuatu",earthquake,,,,,reviewed,us,us
2010-03-05T11:47:06.820Z,-36.665,-73.374,18.0,6.6,mwb,255.0,27.8,,0.93,us,usp000h8rt,2022-05-02T21:51:29.149Z,"23 km WNW of Talcahuano, Chile",earthquake,,,,,reviewed,us,us
2010-03-05T16:07:00.680Z,-3.762,100.991,26.0,6.8,mwc,401.0,23.2,,1.09,us,usp000h8s3,2022-07-16T05:10:36.812Z,"141 km W of Bengkulu, Indonesia",earthquake,,,,,reviewed,us,us
2010-03-11T14:39:43.950Z,-34.29,-71.891,11.0,6.9,mwc,415.0,12.5,,0.85,us,usp000h94t,2024-11-17T01:55:08.133Z,"61 km NW of Santa Cruz, Chile",earthquake,,,,,reviewed,us,us
2010-03-11T14:55:27.510Z,-34.326,-71.799,18.0,7.0,mwc,403.0,17.1,,1.02,us,usp000h94v,2024-11-17T01:54:02.713Z,"52 km NW of Santa Cruz, Chile",earthquake,,,,,reviewed,us,gcmt
2010-03-14T08:08:03.960Z,37.745,141.59,32.0,6.5,mwc,491.0,27.0,,0.82,us,usp000h9cg,2022-07-16T07:28:53.947Z,"59 km ENE of Namie, Japan",earthquake,,,,,reviewed,us,us
2010-03-16T02:21:57.940Z,-36.217,-73.257,18.0,6.7,mwc,312.0,34.7,,0.93,us,usp000h9fs,2022-08-09T03:10:41.924Z,"52 km NNW of Tomé, Chile",earthquake,,,,,reviewed,us,us
2010-03-20T14:00:49.980Z,-3.361,152.245,414.6,6.6,mwc,519.0,11.8,,0.91,us,usp000h9ra,2022-05-02T22:19:39.519Z,"New Ireland region, Papua New Guinea",earthquake,,,,,reviewed,us,gcmt
2010-03-30T16:54:46.730Z,13.667,92.831,34.0,6.6,mwc,413.0,16.7,,0.86,us,usp000ha59,2022-07-16T09:18:20.862Z,"217 km N of Bamboo Flat, India",earthquake,,7.0,,,reviewed,us,us
2010-04-04T22:40:42.360Z,32.2861667,-115.2953333,9.987,7.2,mw,10.0,239.0,0.5137,0.11,ci,ci14607652,2026-05-26T02:57:40.282Z,"The 2010 Sierra El Mayor, B.C., Mexico Earthquake",earthquake,1.81,31.61,,0.0,reviewed,ci,ci
2010-04-06T22:15:01.580Z,2.383,97.048,31.0,7.8,mwc,352.0,19.2,,1.19,us,usp000hat0,2022-05-02T22:39:44.108Z,"75 km E of Sinabang, Indonesia",earthquake,,,,,reviewed,us,gcmt
2010-04-11T09:40:25.600Z,-10.878,161.116,21.0,6.9,mwc,399.0,12.1,,0.97,us,usp000hb6a,2022-07-16T10:28:18.254Z,"99 km WSW of Kirakira, Solomon Islands",earthquake,,,,,reviewed,us,gcmt
2010-04-13T23:49:38.330Z,33.165,96.548,17.0,6.9,mwc,410.0,14.9,,1.25,us,usp000hbbt,2022-07-16T10:40:59.551Z,"233 km NNW of Qamdo, China",earthquake,,,,,reviewed,us,us
2010-04-26T02:59:52.150Z,22.18,123.623,22.0,6.5,mwc,351.0,17.6,,1.09,us,usp000hbws,2022-07-16T11:54:24.272Z,"245 km SSW of Ishigaki, Japan",earthquake,,,,,reviewed,us,us
2010-04-30T23:11:43.100Z,60.473,-177.877,12.0,6.5,mwc,430.0,22.6,,1.12,us,usp000hc4u,2022-05-02T22:37:51.093Z,Bering Sea,earthquake,,,,,reviewed,us,gcmt
2010-05-05T16:29:03.210Z,-4.054,101.096,27.0,6.5,mwc,347.0,36.9,,0.98,us,usp000hcbx,2022-07-16T12:53:05.244Z,"132 km WSW of Bengkulu, Indonesia",earthquake,,,,,reviewed,us,gcmt
2010-05-09T05:59:41.620Z,3.748,96.018,38.0,7.2,mwc,611.0,20.6,,0.92,us,usp000hchk,2022-07-16T13:10:18.697Z,"45 km SSW of Meulaboh, Indonesia",earthquake,,,,,reviewed,us,us
2010-05-24T16:18:29.090Z,-8.087,-71.558,581.2,6.5,mwc,460.0,22.8,,0.8,us,usp000hd4k,2022-07-16T14:07:36.945Z,"87 km W of Tarauacá, Brazil",earthquake,,,,,reviewed,us,us
2010-05-26T08:53:08.030Z,25.773,129.944,10.0,6.5,mwc,548.0,9.9,,0.89,us,usp000hd6j,2022-07-16T14:15:39.154Z,"216 km ESE of Katsuren-haebaru, Japan",earthquake,,,,,reviewed,us,us
2010-05-27T17:14:46.570Z,-13.698,166.643,31.0,7.2,mwc,327.0,11.7,,1.08,us,usp000hd84,2022-07-16T14:23:38.241Z,"100 km WNW of Sola, Vanuatu",earthquake,,,,,reviewed,us,gcmt
2010-05-31T19:51:45.870Z,11.132,93.471,112.0,6.5,mwc,422.0,19.2,,1.09,us,usp000hde8,2022-07-16T14:38:14.176Z,"98 km SE of Port Blair, India",earthquake,,,,,reviewed,us,gcmt
2010-06-12T19:26:50.460Z,7.881,91.936,35.0,7.5,mwc,514.0,18.6,,1.1,us,usp000hdwb,2022-07-16T15:24:55.383Z,"Nicobar Islands, India region",earthquake,,,,,reviewed,us,gcmt
2010-06-16T03:16:27.550Z,-2.174,136.543,18.0,7.0,mwc,307.0,18.1,,1.27,us,usp000he3f,2022-07-16T15:44:14.648Z,"121 km SSE of Biak, Indonesia",earthquake,,,,,reviewed,us,us
2010-06-16T03:58:08.480Z,-2.329,136.484,10.5,6.6,mwc,309.0,25.0,,1.38,us,usp000he3n,2022-05-02T21:59:47.609Z,"135 km SSE of Biak, Indonesia",earthquake,,2.9,,,reviewed,us,gcmt
2010-06-26T05:30:19.490Z,-10.627,161.447,35.0,6.7,mwc,392.0,18.7,,1.19,us,usp000hej3,2022-07-16T16:14:53.097Z,"55 km WSW of Kirakira, Solomon Islands",earthquake,,,,,reviewed,us,gcmt
2010-07-14T08:32:21.490Z,-38.067,-73.31,22.0,6.6,mwc,295.0,52.8,,0.86,us,usp000hf8z,2022-08-09T03:08:25.772Z,"30 km SSE of Cañete, Chile",earthquake,,,,,reviewed,us,gcmt
2010-07-18T05:56:44.930Z,52.876,-169.848,14.0,6.7,mwc,702.0,13.6,,0.94,us,usp000hfdm,2026-05-27T06:25:20.972Z,"66 km W of Nikolski, Alaska",earthquake,,,,,reviewed,us,gcmt
2010-07-18T13:04:09.410Z,-5.966,150.428,28.0,6.9,mwc,456.0,15.7,,0.96,us,usp000hfka,2022-07-18T16:38:05.361Z,"56 km SE of Kimbe, Papua New Guinea",earthquake,,,,,reviewed,us,gcmt
2010-07-18T13:34:59.360Z,-5.931,150.59,35.0,7.3,mwc,397.0,18.2,,1.16,us,usp000hfku,2022-07-18T16:41:16.024Z,"New Britain region, Papua New Guinea",earthquake,,,,,reviewed,us,gcmt
2010-07-23T22:08:11.250Z,6.718,123.409,607.1,7.3,mwc,491.0,16.5,,0.91,us,usp000hgmd,2022-07-18T16:59:03.556Z,"68 km W of Gadung, Philippines",earthquake,,,,,reviewed,us,us
2010-07-23T22:51:11.840Z,6.497,123.48,578.0,7.6,mwc,340.0,15.1,,0.91,us,usp000hgmh,2022-07-18T17:00:38.641Z,"61 km W of Bantogon, Philippines",earthquake,,,,,reviewed,us,us
2010-07-23T23:15:10.190Z,6.776,123.259,640.6,7.5,mwc,441.0,17.5,,0.82,us,usp000hgmq,2022-07-18T17:02:13.829Z,"72 km S of Panubigan, Philippines",earthquake,,,,,reviewed,us,gcmt
2010-07-24T05:35:01.060Z,6.218,123.519,553.0,6.6,mwc,380.0,18.8,,1.12,us,usp000hgnj,2022-05-02T22:05:23.564Z,"63 km WSW of Sangay, Philippines",earthquake,,,,,reviewed,us,gcmt
2010-07-29T07:31:56.240Z,6.548,123.222,618.0,6.6,mwc,179.0,30.1,,1.43,us,usp000hh3f,2022-05-02T22:38:37.634Z,"89 km W of Bantogon, Philippines",earthquake,,,,,reviewed,us,us
2010-08-04T07:15:33.510Z,-5.486,146.822,220.0,6.5,mwc,403.0,11.1,,0.97,us,usp000hhfk,2022-07-18T17:37:57.958Z,"118 km ESE of Madang, Papua New Guinea",earthquake,,,,,reviewed,us,gcmt
2010-08-04T22:01:43.620Z,-5.746,150.765,44.0,7.0,mww,396.0,12.7,,1.19,us,usp000hhhx,2022-07-18T17:47:18.054Z,"72 km ESE of Kimbe, Papua New Guinea",earthquake,,,,,reviewed,us,us
2010-08-10T05:23:44.980Z,-17.541,168.069,25.0,7.3,mwc,405.0,20.2,,1.25,us,usp000hhuc,2022-07-18T18:19:48.812Z,"33 km NW of Port-Vila, Vanuatu",earthquake,,,,,reviewed,us,us
2010-08-12T11:54:15.580Z,-1.266,-77.306,206.7,7.1,mwc,672.0,12.4,,0.87,us,usp000hj05,2022-09-15T17:13:31.673Z,Ecuador,earthquake,,,,,reviewed,us,us
2010-08-13T21:19:34.090Z,12.487,141.474,16.0,6.9,mwc,393.0,10.4,,1.35,us,usp000hj2j,2022-07-18T18:29:28.615Z,Mariana Islands region,earthquake,,,,,reviewed,us,us
2010-08-14T23:01:04.090Z,12.273,141.429,13.0,6.6,mwc,374.0,13.0,,1.28,us,usp000hj6r,2022-05-02T22:32:56.798Z,"294 km NNE of Fais, Micronesia",earthquake,,,,,reviewed,us,us
2010-09-03T11:16:06.600Z,51.451,-175.87,23.5,6.5,mwc,583.0,22.7,,,us,usp000hk3k,2022-05-02T22:13:10.639Z,"70 km SE of Adak, Alaska",earthquake,,,,,reviewed,aeic,gcmt
2010-09-03T16:35:47.770Z,-43.522,171.83,12.0,7.0,mwc,365.0,15.8,,1.3,us,usp000hk46,2026-04-02T07:52:35.950Z,"19 km NE of Methven, New Zealand",earthquake,,,,,reviewed,us,us
2010-09-29T17:11:25.940Z,-4.963,133.76,26.0,7.0,mwc,271.0,15.1,,1.31,us,usp000hmbq,2022-07-18T21:03:22.228Z,"Near the south coast of Papua, Indonesia",earthquake,,,,,reviewed,us,us
2010-10-21T17:53:13.570Z,24.696,-109.156,13.0,6.7,mwc,352.0,50.3,,1.21,us,usp000hncm,2022-07-18T22:42:34.824Z,"97 km SSW of El Huitusi, Mexico",earthquake,,,,,reviewed,us,us
2010-10-25T14:42:22.460Z,-3.487,100.082,20.1,7.8,mwc,379.0,23.0,,1.17,us,usp000hnj4,2022-07-18T22:57:12.869Z,"215 km SW of Sungai Penuh, Indonesia",earthquake,,3.5,,,reviewed,us,gcmt
2010-11-10T04:05:24.410Z,-45.464,96.394,10.0,6.5,mwc,267.0,26.2,,1.12,us,usp000hpc0,2022-05-02T22:24:44.870Z,southeast Indian Ridge,earthquake,,,,,reviewed,us,us
2010-11-30T03:24:40.180Z,28.349,139.187,470.0,6.8,mwc,477.0,24.5,,0.85,us,usp000hqaw,2022-07-19T00:58:56.235Z,"Bonin Islands, Japan region",earthquake,,,,,reviewed,us,us
2010-12-02T03:12:09.820Z,-6.001,149.977,33.0,6.6,mwb,306.0,18.5,,1.15,us,usp000hqdx,2022-05-02T22:31:39.552Z,"52 km ENE of Kandrian, Papua New Guinea",earthquake,,,,,reviewed,us,us
2010-12-20T18:41:59.200Z,28.412,59.18,12.0,6.7,mwc,279.0,24.3,,1.21,us,usp000hr7k,2022-07-19T01:38:06.287Z,"111 km SE of Bam, Iran",earthquake,,,,,reviewed,us,us
2010-12-21T17:19:40.660Z,26.901,143.698,14.0,7.4,mwc,603.0,13.0,,0.99,us,usp000hr97,2022-07-19T01:39:35.861Z,"Bonin Islands, Japan region",earthquake,,,,,reviewed,us,us
2010-12-25T13:16:37.000Z,-19.702,167.947,16.0,7.3,mwc,409.0,12.0,,1.17,us,usp000hrw0,2022-05-02T22:31:14.248Z,"141 km W of Isangel, Vanuatu",earthquake,,,,,reviewed,us,us
2011-01-01T09:56:58.120Z,-26.803,-63.136,576.8,7.0,mww,607.0,18.4,,0.85,us,usp000hsdc,2022-10-24T02:25:20.934Z,"26 km NNE of El Hoyo, Argentina",earthquake,,,,,reviewed,us,us
2011-01-02T20:20:17.780Z,-38.355,-73.326,24.0,7.2,mww,397.0,30.1,,1.1,us,usp000hsfq,2022-08-09T03:48:09.579Z,"42 km NNW of Carahue, Chile",earthquake,,,,,reviewed,us,us
2011-01-09T10:03:43.990Z,-19.155,168.312,22.0,6.5,mww,408.0,20.8,,1.02,us,usp000hst4,2022-07-19T02:08:49.807Z,"110 km WNW of Isangel, Vanuatu",earthquake,,,,,reviewed,us,us
2011-01-13T16:16:41.540Z,-20.628,168.471,9.0,7.0,mww,578.0,13.3,,0.99,us,usp000ht15,2022-07-19T02:16:12.012Z,"118 km NNE of Tadine, New Caledonia",earthquake,,,,,reviewed,us,us
2011-01-18T20:23:23.480Z,28.777,63.951,68.0,7.2,mww,372.0,25.3,,1.3,us,usp000htb4,2022-07-19T02:32:37.592Z,"46 km WSW of Dalbandin, Pakistan",earthquake,,,,,reviewed,us,us
2011-02-10T14:39:27.710Z,4.195,122.974,523.2,6.5,mww,488.0,11.4,,1.09,us,usp000huab,2022-07-19T03:56:16.542Z,"235 km SSE of Tabiauan, Philippines",earthquake,,,,,reviewed,us,us
2011-02-10T14:41:58.820Z,4.077,123.039,525.0,6.6,mwb,262.0,13.6,,1.37,us,usp000huac,2022-07-19T03:59:24.818Z,"250 km SSE of Tabiauan, Philippines",earthquake,,,,,reviewed,us,us
2011-02-11T20:05:30.910Z,-36.422,-72.96,26.0,6.9,mww,382.0,34.7,,1.27,us,usp000huc2,2022-08-09T03:13:02.752Z,"21 km N of Tomé, Chile",earthquake,,,,,reviewed,us,us
2011-02-14T03:40:09.920Z,-35.38,-72.834,21.0,6.7,mww,358.0,33.9,,0.97,us,usp000hugg,2022-08-09T03:09:29.670Z,"38 km W of Constitución, Chile",earthquake,,,,,reviewed,us,us
2011-02-21T10:57:52.410Z,-26.142,178.394,558.1,6.5,mww,610.0,12.1,,0.89,us,usp000huus,2022-04-08T21:36:35.252Z,south of the Fiji Islands,earthquake,,4.2,,,reviewed,us,us
2011-03-06T14:32:36.080Z,-56.422,-27.063,87.7,6.5,mww,407.0,17.7,,1.02,us,usp000hveq,2022-04-08T21:36:27.874Z,South Sandwich Islands region,earthquake,,,,,reviewed,us,us
2011-03-09T02:45:20.330Z,38.435,142.842,32.0,7.3,mww,550.0,17.4,,0.98,us,usp000hvhj,2022-07-19T07:40:29.766Z,"120 km SE of ?funato, Japan",earthquake,,,,,reviewed,us,us
2011-03-09T21:24:01.680Z,38.296,142.808,15.0,6.5,mwc,224.0,39.6,,0.99,us,usp000hvkh,2022-04-08T21:40:04.993Z,"128 km SE of ?funato, Japan",earthquake,,10.5,,,reviewed,us,gcmt
2011-03-10T17:08:36.860Z,-6.873,116.72,510.6,6.5,mww,492.0,14.8,,1.05,us,usp000hvn3,2022-07-19T07:58:58.685Z,"178 km NNE of Gili Air, Indonesia",earthquake,,3.0,,,reviewed,us,us
2011-03-11T05:46:24.120Z,38.297,142.373,29.0,9.1,mww,541.0,9.5,,1.16,official,official20110311054624120_30,2026-08-15T23:03:39.669Z,"2011 Great Tohoku Earthquake, Japan",earthquake,,,,,reviewed,us,official
2011-03-11T06:08:29.660Z,38.969,143.37,2.8,6.7,mb,122.0,52.3,,1.06,us,usp000hvp5,2022-05-09T19:12:50.150Z,"134 km ESE of Kamaishi, Japan",earthquake,,16.1,,49.0,reviewed,us,us
2011-03-11T06:15:40.280Z,36.281,141.111,42.6,7.9,mwc,163.0,48.4,,1.44,us,usp000hvpa,2023-06-14T18:07:38.583Z,"47 km E of ?arai, Japan",earthquake,,9.6,,,reviewed,us,us
2011-03-11T06:18:49.510Z,36.023,142.269,16.0,6.6,mb,57.0,106.6,,0.94,us,usp000hvpc,2022-05-09T19:15:29.079Z,"133 km ENE of Hasaki, Japan",earthquake,,20.4,,29.0,reviewed,us,us
2011-03-11T06:20:04.110Z,36.004,142.067,49.3,6.5,mb,43.0,169.2,,0.87,us,usp000hvpd,2022-05-09T19:15:37.456Z,"115 km ENE of Hasaki, Japan",earthquake,,9.2,,24.0,reviewed,us,us
2011-03-11T06:25:50.300Z,38.058,144.59,18.6,7.7,mwc,507.0,10.8,,0.85,us,usp000hvpg,2022-07-19T08:04:51.126Z,"272 km ESE of Kamaishi, Japan",earthquake,,8.0,,,reviewed,us,us
2011-03-11T08:19:24.380Z,36.166,141.562,6.8,6.5,mb,369.0,18.7,,0.86,us,usp000hvrd,2022-04-08T22:19:42.612Z,"81 km NE of Hasaki, Japan",earthquake,,10.4,,253.0,reviewed,us,us
2011-03-11T11:36:40.920Z,39.241,142.463,25.7,6.6,ms,668.0,9.5,,1.11,us,usp000hvuu,2022-07-19T08:06:24.404Z,"50 km ESE of ?tsuchi, Japan",earthquake,,4.8,,299.0,reviewed,us,us
2011-03-12T01:47:15.400Z,37.594,142.648,20.0,6.5,mww,472.0,17.7,,0.85,us,usp000hw7r,2022-04-08T22:19:48.328Z,"146 km E of Namie, Japan",earthquake,,,,,reviewed,us,us
2011-03-24T13:55:12.010Z,20.687,99.822,8.0,6.9,mww,335.0,18.2,,1.1,us,usp000hyfx,2022-07-19T10:07:51.953Z,"27 km NNW of Tachilek, Myanmar",earthquake,,,,,reviewed,us,us
2011-04-03T20:06:40.390Z,-9.848,107.693,14.0,6.7,mww,270.0,20.3,,1.11,us,usp000hz7h,2022-07-19T11:12:40.083Z,"278 km SSW of Kawalu, Indonesia",earthquake,,,,,reviewed,us,us
2011-04-07T13:11:22.400Z,17.208,-94.338,166.2,6.6,mww,518.0,37.2,,,us,usp000hzf3,2024-11-02T21:23:16.652Z,"7 km SW of Helio García Alfaro, Mexico",earthquake,,,,,reviewed,unm,us
2011-04-07T14:32:43.290Z,38.276,141.588,42.0,7.1,mww,446.0,17.7,,0.94,us,usp000hzf6,2025-09-13T19:51:20.598Z,"29 km ESE of Ishinomaki, Japan",earthquake,,,,,reviewed,us,us
2011-04-11T08:16:12.730Z,37.001,140.401,11.0,6.6,mww,586.0,10.1,,0.78,us,usp000hzq8,2022-08-14T00:22:13.684Z,"17 km SSW of Ishikawa, Japan",earthquake,,,,,reviewed,us,us
2011-04-18T13:03:02.730Z,-34.336,179.874,86.0,6.6,mww,467.0,22.2,,1.09,us,usp000j06q,2022-07-19T12:43:01.195Z,south of the Kermadec Islands,earthquake,,,,,reviewed,us,us
2011-04-23T04:16:54.720Z,-10.375,161.2,79.0,6.8,mww,445.0,13.0,,0.98,us,usp000j0eh,2022-07-19T13:09:54.643Z,"79 km W of Kirakira, Solomon Islands",earthquake,,,,,reviewed,us,us
2011-05-10T08:55:08.930Z,-20.244,168.226,11.0,6.8,mww,519.0,12.5,,1.15,us,usp000j1a8,2022-07-19T14:46:10.910Z,"124 km NE of Wé, New Caledonia",earthquake,,,,,reviewed,us,us
2011-06-22T21:50:52.350Z,39.955,142.205,33.0,6.7,mww,592.0,24.9,,0.9,us,usp000j3k6,2022-07-19T18:27:45.644Z,"41 km NNE of Miyako, Japan",earthquake,,,,,reviewed,us,us
2011-06-24T03:09:39.470Z,52.05,-171.836,52.0,7.3,mww,791.0,15.3,,1.05,us,usp000j3mq,2022-07-19T18:34:40.771Z,"Fox Islands, Aleutian Islands, Alaska",earthquake,,,,,reviewed,us,us
2011-07-06T19:03:18.260Z,-29.539,-176.34,17.0,7.6,mww,567.0,33.5,,1.17,us,usp000j48h,2022-07-19T19:32:13.101Z,Kermadec Islands region,earthquake,,,,,reviewed,us,us
2011-07-10T00:57:10.800Z,38.034,143.264,23.0,7.0,mww,531.0,12.4,,1.04,us,usp000j4gp,2022-09-06T12:45:53.236Z,"177 km ESE of Ishinomaki, Japan",earthquake,,,,,reviewed,us,us
2011-07-29T07:42:23.400Z,-23.801,179.751,532.0,6.7,mww,614.0,14.5,,0.98,us,usp000j5nv,2022-04-08T22:21:46.757Z,south of the Fiji Islands,earthquake,,,,,reviewed,us,us
2011-07-31T23:38:56.610Z,-3.518,144.828,10.0,6.6,mww,229.0,16.6,,0.96,us,usp000j5t4,2024-06-17T17:48:38.853Z,"103 km NE of Angoram, Papua New Guinea",earthquake,,,,,reviewed,us,us
2011-08-20T16:55:02.810Z,-18.365,168.143,32.0,7.2,mww,280.0,18.4,,1.26,us,usp000j6r4,2024-06-17T17:54:24.768Z,"71 km SSW of Port-Vila, Vanuatu",earthquake,,,,,reviewed,us,us
2011-08-20T17:13:06.380Z,-18.308,168.156,35.0,6.5,mwc,322.0,15.0,,1.09,us,usp000j6rb,2022-04-08T22:00:59.505Z,"65 km SSW of Port-Vila, Vanuatu",earthquake,,,,,reviewed,us,gcmt
2011-08-20T18:19:23.550Z,-18.311,168.218,28.0,7.1,mww,564.0,12.3,,1.07,us,usp000j6rj,2024-06-17T17:55:46.275Z,"64 km S of Port-Vila, Vanuatu",earthquake,,,,,reviewed,us,us
2011-08-24T17:46:11.650Z,-7.641,-74.525,147.0,7.0,mww,471.0,26.9,,0.87,us,usp000j6z8,2022-04-08T22:20:50.746Z,"64 km ESE of Contamana, Peru",earthquake,,,,,reviewed,us,us
2011-08-30T06:57:41.610Z,-6.362,126.752,469.8,6.9,mww,468.0,19.4,,0.9,us,usp000j78h,2022-04-08T22:00:36.416Z,"236 km N of Baukau, Timor Leste",earthquake,,2.9,,,reviewed,us,us
2011-09-02T10:55:53.590Z,52.171,-171.708,32.0,6.9,mww,779.0,19.5,,1.41,us,usp000j7dc,2022-04-08T22:01:47.897Z,"170 km E of Atka, Alaska",earthquake,,,,,reviewed,us,us
2011-09-02T13:47:09.620Z,-28.398,-63.029,578.9,6.7,mww,532.0,24.9,,0.85,us,usp000j7ee,2022-04-08T22:01:49.592Z,"20 km WNW of Añatuya, Argentina",earthquake,,3.1,,,reviewed,us,us
2011-09-03T22:55:40.920Z,-20.671,169.716,185.1,7.0,mww,406.0,15.3,,0.99,us,usp000j7jb,2024-06-17T17:57:06.475Z,"133 km SSE of Isangel, Vanuatu",earthquake,,6.2,,,reviewed,us,us
2011-09-05T17:55:11.220Z,2.965,97.893,91.0,6.7,mww,447.0,15.3,,1.02,us,usp000j7nn,2022-04-08T22:20:57.920Z,"68 km WSW of Kabanjahe, Indonesia",earthquake,,,,,reviewed,us,us
2011-09-15T19:31:04.080Z,-21.611,-179.528,644.6,7.3,mww,646.0,22.2,,1.06,us,usp000j83e,2022-04-08T22:04:57.338Z,Fiji region,earthquake,,,,,reviewed,us,us
2011-09-16T19:26:40.260Z,40.273,142.779,30.0,6.7,mwc,667.0,10.9,,0.88,us,usp000j84y,2022-12-13T18:08:03.221Z,"99 km NE of Miyako, Japan",earthquake,,,,,reviewed,us,us
2011-09-18T12:40:51.830Z,27.73,88.155,50.0,6.9,mww,383.0,13.0,,0.96,us,usp000j88b,2025-03-03T10:37:14.677Z,"43 km NW of Mangan, India",earthquake,,,,,reviewed,us,us
2011-10-14T03:35:14.810Z,-6.57,147.881,37.0,6.5,mww,423.0,12.6,,1.13,us,usp000j9as,2024-06-17T18:05:57.711Z,"4 km ESE of Finschhafen, Papua New Guinea",earthquake,,,,,reviewed,us,us
2011-10-21T17:57:16.100Z,-28.993,-176.238,33.0,7.4,mww,707.0,14.8,,0.87,us,usp000j9nm,2022-04-08T22:08:35.801Z,Kermadec Islands region,earthquake,,,,,reviewed,us,us
2011-10-23T10:41:23.250Z,38.721,43.508,18.0,7.1,mww,693.0,19.7,,0.93,us,usp000j9rr,2023-11-21T19:37:14.503Z,"27 km NNE of Van, Turkey",earthquake,,,,,reviewed,us,us
2011-10-28T18:54:34.040Z,-14.438,-75.966,24.0,6.9,mww,474.0,46.5,,1.0,us,usp000ja1p,2022-04-08T22:09:40.910Z,"39 km SW of Santiago, Peru",earthquake,,,,,reviewed,us,us
2011-11-08T02:59:08.510Z,27.324,125.621,224.9,6.9,mww,665.0,11.7,,0.97,us,usp000jajd,2022-04-08T22:11:03.762Z,"238 km WNW of Naha, Japan",earthquake,,,,,reviewed,us,us
2011-11-22T18:48:16.300Z,-15.364,-65.09,549.9,6.6,mww,832.0,11.2,,0.8,us,usp000jb98,2022-04-08T22:14:15.677Z,"62 km SSW of Trinidad, Bolivia",earthquake,,,,,reviewed,us,us
2011-12-11T01:47:25.560Z,17.986,-99.789,59.0,6.5,mww,578.0,38.6,,0.93,us,usp000jc1y,2024-02-23T00:54:36.837Z,"6 km SSW of Nuevo Balsas, Mexico",earthquake,,,,,reviewed,us,us
2011-12-14T05:04:58.630Z,-7.551,146.809,135.0,7.1,mww,485.0,10.6,,0.78,us,usp000jc5z,2022-04-08T20:24:25.265Z,"25 km SSE of Wau, Papua New Guinea",earthquake,,,,,reviewed,us,us
2011-12-27T15:21:56.840Z,51.842,95.911,15.0,6.6,mww,545.0,17.6,,0.81,us,usp000jcq2,2022-04-08T20:25:09.055Z,"45 km NNE of Saryg-Sep, Russia",earthquake,,,,,reviewed,us,us
2012-01-01T05:27:55.980Z,31.456,138.072,365.3,6.8,mww,628.0,10.8,,0.84,us,usp000jcws,2022-05-03T16:54:59.685Z,"Izu Islands, Japan region",earthquake,,2.7,,,reviewed,us,us
2012-01-10T18:36:59.080Z,2.433,93.21,19.0,7.2,mww,443.0,17.0,,1.09,us,usp000jdar,2024-06-16T05:48:50.799Z,off the west coast of northern Sumatra,earthquake,,,,,reviewed,us,us
2012-01-15T13:40:19.540Z,-60.948,-56.113,8.0,6.6,mww,147.0,19.6,,1.14,us,usp000jdhq,2022-05-03T15:32:23.439Z,South Shetland Islands,earthquake,,,,,reviewed,us,us
2012-02-02T13:34:40.650Z,-17.827,167.133,23.0,7.1,mww,573.0,12.0,,1.07,us,usp000jeag,2024-06-17T18:46:12.849Z,"125 km W of Port-Vila, Vanuatu",earthquake,,,,,reviewed,us,us
2012-02-06T03:49:12.520Z,9.999,123.206,11.0,6.7,mww,572.0,11.1,,1.07,us,usp000jejw,2024-06-16T05:50:20.217Z,"2 km NNE of Jimalalud, Philippines",earthquake,,,,,reviewed,us,us
2012-02-26T06:17:19.760Z,51.708,95.991,12.0,6.7,mww,596.0,13.4,,0.92,us,usp000jfdj,2022-05-03T15:32:15.859Z,"38 km NE of Saryg-Sep, Russia",earthquake,,,,,reviewed,us,us
2012-03-03T12:19:55.090Z,-22.141,170.34,14.0,6.6,mww,418.0,13.1,,1.0,us,usp000jfqx,2022-05-03T15:34:58.055Z,"262 km ESE of Tadine, New Caledonia",earthquake,,,,,reviewed,us,us
2012-03-09T07:09:50.950Z,-19.125,169.613,16.0,6.7,mww,488.0,14.2,,0.86,us,usp000jfzj,2022-05-03T15:35:04.014Z,"57 km NE of Isangel, Vanuatu",earthquake,,,,,reviewed,us,us
2012-03-14T09:08:35.140Z,40.887,144.944,12.0,6.9,mww,552.0,18.8,,0.88,us,usp000jg7e,2022-05-03T15:33:42.693Z,"236 km SSE of Kushiro, Japan",earthquake,,,,,reviewed,us,us
2012-03-20T18:02:47.440Z,16.493,-98.231,20.0,7.4,mww,672.0,37.9,,0.98,us,usp000jghj,2022-05-03T15:34:09.063Z,"6 km E of Santiago Llano Grande, Mexico",earthquake,,,,,reviewed,us,us
2012-03-21T22:15:06.130Z,-6.242,145.955,118.0,6.6,mww,640.0,10.1,,0.97,us,usp000jgm3,2024-06-17T19:02:42.285Z,"11 km ENE of Kainantu, Papua New Guinea",earthquake,,,,,reviewed,us,us
2012-03-25T22:37:06.000Z,-35.2,-72.217,40.7,7.1,mww,553.0,15.2,,,us,usp000jgsw,2025-09-13T20:01:16.636Z,"23 km NE of Constitución, Chile",earthquake,,,,,reviewed,guc,us
2012-04-11T08:38:36.720Z,2.327,93.063,20.0,8.6,mw,499.0,16.6,,1.33,official,official20120411083836720_20,2025-11-26T16:58:47.655Z,2012 Wharton Basin Earthquake,earthquake,,,,,reviewed,us,official
2012-04-11T10:43:10.850Z,0.802,92.463,25.1,8.2,mwc,341.0,14.9,,0.9,us,usp000jhjb,2025-07-24T14:59:06.256Z,2012 Wharton Basin Aftershock,earthquake,,7.3,,,reviewed,us,us
2012-04-11T22:55:10.250Z,18.229,-102.689,20.0,6.5,mwb,599.0,54.1,,0.98,us,usp000jhpj,2022-05-03T15:36:02.702Z,"41 km NW of El Habillal, Mexico",earthquake,,,,,reviewed,us,us
2012-04-12T07:15:48.500Z,28.696,-113.104,13.0,7.0,mww,474.0,95.9,,1.18,us,usp000jhr6,2022-05-03T15:36:20.092Z,"69 km ENE of San Luis, Mexico",earthquake,,,,,reviewed,us,us
2012-04-17T03:50:15.610Z,-32.625,-71.365,29.0,6.7,mww,518.0,26.9,,0.96,us,usp000jj3u,2022-05-03T15:39:31.708Z,"22 km NW of Hacienda La Calera, Chile",earthquake,,,,,reviewed,us,us
2012-04-17T07:13:49.000Z,-5.462,147.117,198.0,6.8,mww,597.0,12.6,,0.95,us,usp000jj41,2024-06-17T19:12:05.895Z,"140 km N of Lae, Papua New Guinea",earthquake,,,,,reviewed,us,us
2012-04-21T01:16:52.740Z,-1.617,134.276,16.0,6.7,mww,370.0,15.4,,1.12,us,usp000jjaq,2022-05-03T15:37:23.694Z,"86 km SSE of Manokwari, Indonesia",earthquake,,,,,reviewed,us,us
2012-04-28T10:08:08.090Z,-18.685,-174.705,134.7,6.6,mww,529.0,15.7,,1.0,us,usp000jjqf,2022-05-03T15:39:41.427Z,"76 km W of Neiafu, Tonga",earthquake,,,,,reviewed,us,us
2012-05-28T05:07:23.450Z,-28.043,-63.094,586.9,6.7,mww,548.0,21.3,,0.82,us,usp000jm15,2022-05-03T15:40:59.561Z,"35 km ESE of Suncho Corral, Argentina",earthquake,,,,,reviewed,us,us
2012-07-26T05:33:33.020Z,-17.592,66.391,20.0,6.7,mww,114.0,71.9,,1.24,us,usp000jpfh,2022-05-03T16:44:07.509Z,Mauritius - Reunion region,earthquake,,,,,reviewed,us,us
2012-07-28T20:03:56.800Z,-4.651,153.173,41.0,6.5,mww,576.0,11.7,,0.97,us,usp000jpjk,2024-06-17T19:50:52.978Z,"105 km ESE of Kokopo, Papua New Guinea",earthquake,,,,,reviewed,us,us
2012-08-14T02:59:38.460Z,49.8,145.064,583.2,7.7,mww,862.0,13.8,,0.83,us,usp000jq9h,2024-06-17T19:57:44.940Z,"156 km ENE of Poronaysk, Russia",earthquake,,2.6,,,reviewed,us,us
2012-08-26T15:05:37.080Z,2.19,126.837,91.1,6.6,mww,497.0,14.6,,0.87,us,usp000jqrz,2024-06-17T20:04:40.824Z,"140 km WNW of Tobelo, Indonesia",earthquake,,3.5,,,reviewed,us,us
2012-08-27T04:37:19.430Z,12.139,-88.59,28.0,7.3,mww,417.0,37.0,,1.3,us,usp000jqvm,2022-05-03T15:48:15.643Z,"126 km S of Puerto El Triunfo, El Salvador",earthquake,,,,,reviewed,us,us
2012-08-30T13:43:25.170Z,71.441,-10.605,14.0,6.8,mww,622.0,40.0,,1.11,us,usp000jr55,2022-05-03T15:48:45.877Z,"89 km NW of Olonkinbyen, Svalbard and Jan Mayen",earthquake,,,,,reviewed,us,us
2012-08-31T12:47:33.380Z,10.811,126.638,28.0,7.6,mww,682.0,10.2,,1.02,us,usp000jr83,2022-05-03T15:48:46.699Z,"89 km E of Sulangan, Philippines",earthquake,,,,,reviewed,us,us
2012-09-05T14:42:07.800Z,10.085,-85.315,35.0,7.6,mww,703.0,34.3,,1.2,us,usp000jrsw,2025-01-03T07:43:01.170Z,"11 km ENE of Hojancha, Costa Rica",earthquake,,,,,reviewed,us,us
2012-09-30T16:31:35.970Z,1.929,-76.362,170.0,7.3,mww,934.0,15.5,,0.87,us,usp000jta1,2022-05-03T15:51:10.914Z,"11 km WNW of San Agustín, Colombia",earthquake,,,,,reviewed,us,us
2012-10-09T12:32:09.770Z,-60.326,153.699,10.0,6.6,mww,131.0,64.7,,1.22,us,usp000jtsk,2022-05-03T15:51:48.609Z,west of Macquarie Island,earthquake,,,,,reviewed,us,us
2012-10-12T00:31:28.270Z,-4.892,134.03,13.0,6.6,mww,291.0,17.7,,0.98,us,usp000jtvw,2024-06-17T20:17:18.210Z,"163 km ENE of Tual, Indonesia",earthquake,,,,,reviewed,us,us
2012-10-24T00:45:32.990Z,10.086,-85.298,17.0,6.5,mww,691.0,34.4,,0.85,us,usp000jucg,2022-05-03T15:53:16.776Z,Costa Rica,earthquake,,,,,reviewed,us,us
2012-10-28T03:04:08.820Z,52.788,-132.101,14.0,7.8,mww,807.0,42.7,,0.99,us,usp000juhz,2023-05-11T21:49:27.670Z,"206 km SW of Prince Rupert, Canada",earthquake,,,,,reviewed,us,us
2012-11-07T16:35:46.930Z,13.988,-91.895,24.0,7.4,mww,751.0,25.5,,1.27,us,usp000jv5f,2024-10-25T06:36:07.691Z,"33 km S of Champerico, Guatemala",earthquake,,,,,reviewed,us,us
2012-11-11T01:12:38.870Z,23.005,95.885,13.7,6.8,mww,391.0,13.7,,1.05,us,usp000jvbq,2022-05-03T15:57:10.253Z,"51 km NNE of Shwebo, Myanmar",earthquake,,3.7,,,reviewed,us,us
2012-11-11T22:14:59.240Z,14.129,-92.164,20.0,6.5,mww,598.0,57.3,,1.08,us,usp000jvdf,2022-05-03T15:57:08.963Z,"32 km SW of Champerico, Guatemala",earthquake,,,,,reviewed,us,us
2012-11-16T18:12:39.910Z,49.28,155.425,29.0,6.5,mww,793.0,11.1,,0.81,us,usp000jvpf,2022-05-03T17:12:10.232Z,"163 km SSW of Severo-Kuril’sk, Russia",earthquake,,,,,reviewed,us,us
2012-12-07T08:18:23.130Z,37.89,143.949,31.0,7.3,mww,918.0,14.8,,0.91,us,usp000jwjn,2026-02-17T22:06:23.752Z,"234 km SE of ?funato, Japan",earthquake,,,,,reviewed,us,us
2012-12-10T16:53:08.770Z,-6.533,129.825,155.0,7.1,mww,517.0,8.7,,0.95,us,usp000jwt8,2022-05-03T16:58:48.046Z,Banda Sea,earthquake,,,,,reviewed,us,us
2012-12-21T22:28:08.570Z,-14.344,167.286,200.7,6.7,mww,521.0,13.7,,0.81,us,usp000jx85,2022-05-03T16:02:48.184Z,"59 km SSW of Sola, Vanuatu",earthquake,,,,,reviewed,us,us
2013-01-05T08:58:14.957Z,55.228,-134.8591,8.7,7.5,mw,,,,1.51,ak,ak0138esnzr,2022-05-03T16:02:50.203Z,"110 km SW of Edna Bay, Alaska",earthquake,,1.0,,,reviewed,ak,ak
2013-01-30T20:15:43.340Z,-28.094,-70.653,45.0,6.8,mww,596.0,19.3,,1.07,us,usc000eyp3,2022-08-06T13:27:12.882Z,"54 km N of Vallenar, Chile",earthquake,,,,,reviewed,us,us
2013-02-02T14:17:35.130Z,42.77,143.092,107.0,6.9,mww,686.0,28.0,,0.86,us,usc000f03a,2022-07-24T17:12:49.696Z,"18 km SSW of Obihiro, Japan",earthquake,,,,,reviewed,us,us
2013-02-06T01:12:25.830Z,-10.799,165.114,24.0,8.0,mww,460.0,20.9,,1.29,us,usc000f1s0,2025-11-26T16:40:41.556Z,2013 Santa Cruz Islands Earthquake,earthquake,,,,,reviewed,us,us
2013-02-06T01:23:19.760Z,-11.183,164.882,10.0,7.1,mww,550.0,18.4,,1.19,us,usc000f1se,2022-05-03T16:05:12.368Z,"112 km WSW of Lata, Solomon Islands",earthquake,,,,,reviewed,us,us
2013-02-06T01:54:14.610Z,-10.499,165.588,8.8,7.0,mww,445.0,17.5,,1.22,us,usc000f1ts,2022-05-03T17:17:35.201Z,"33 km NW of Lata, Solomon Islands",earthquake,,5.5,,,reviewed,us,us
2013-02-07T18:59:16.270Z,-10.997,165.655,11.0,6.7,mww,387.0,26.5,,1.03,us,usc000f3fx,2022-05-03T16:06:03.541Z,"33 km SSW of Lata, Solomon Islands",earthquake,,,,,reviewed,us,us
2013-02-08T11:12:11.510Z,-10.838,165.969,12.0,6.8,mww,400.0,17.5,,1.14,us,usc000f3x8,2022-05-03T16:06:06.531Z,"22 km ESE of Lata, Solomon Islands",earthquake,,,,,reviewed,us,us
2013-02-08T15:26:38.470Z,-10.928,166.018,21.0,7.1,mww,334.0,16.5,,0.92,us,usc000f40j,2022-07-24T17:41:25.339Z,"32 km SE of Lata, Solomon Islands",earthquake,,,,,reviewed,us,us
2013-02-09T14:16:07.880Z,1.135,-77.393,145.0,6.9,mww,562.0,23.7,,0.91,us,usc000f4ij,2022-07-24T17:45:19.488Z,"2 km NNE of Yacuanquer, Colombia",earthquake,,,,,reviewed,us,us
2013-02-09T21:02:22.790Z,-10.994,165.741,18.0,6.6,mww,421.0,16.6,,0.98,us,usc000f4n5,2022-05-03T16:06:11.914Z,"30 km SSW of Lata, Solomon Islands",earthquake,,,,,reviewed,us,us
2013-02-14T13:13:53.130Z,67.631,142.508,11.0,6.6,mww,697.0,15.3,,1.15,us,usc000f76f,2022-05-03T16:06:38.433Z,"183 km SW of Belaya Gora, Russia",earthquake,,,,,reviewed,us,us
2013-02-28T14:05:50.250Z,50.954,157.283,41.0,6.9,mww,531.0,20.7,,0.94,us,usc000febi,2022-07-24T19:21:37.815Z,"81 km SE of Ozernovskiy, Russia",earthquake,,,,,reviewed,us,us
2013-03-01T13:20:49.930Z,50.958,157.408,29.0,6.5,mww,480.0,20.7,,0.87,us,usc000feww,2022-07-24T19:26:38.806Z,"87 km SE of Ozernovskiy, Russia",earthquake,,,,,reviewed,us,us
2013-03-10T22:51:50.800Z,-6.598,148.174,28.0,6.5,mww,317.0,14.2,,1.26,us,usb000fij4,2022-05-03T16:10:54.971Z,"36 km E of Finschhafen, Papua New Guinea",earthquake,,,,,reviewed,us,us
2013-04-06T04:42:35.860Z,-3.517,138.476,66.0,7.0,mww,640.0,11.4,,0.81,us,usb000g13s,2022-07-24T22:42:03.110Z,"260 km WSW of Abepura, Indonesia",earthquake,,,,,reviewed,us,us
2013-04-14T01:32:22.640Z,-6.475,154.607,31.0,6.6,mww,491.0,11.5,,0.64,us,usb000g6lc,2022-05-03T16:14:08.771Z,"98 km W of Panguna, Papua New Guinea",earthquake,,,,,reviewed,us,us
2013-04-16T10:44:20.180Z,28.033,61.996,80.0,7.7,mww,506.0,26.6,,1.09,us,usb000g7x7,2022-07-24T23:40:43.236Z,"79 km ESE of Kh?sh, Iran",earthquake,,,,,reviewed,us,us
2013-04-16T22:55:26.680Z,-3.214,142.542,13.0,6.6,mww,445.0,11.0,,1.06,us,usb000g8my,2022-07-24T23:45:59.353Z,"23 km ESE of Aitape, Papua New Guinea",earthquake,,,,,reviewed,us,us
2013-04-19T03:05:52.650Z,46.221,150.788,110.0,7.2,mww,770.0,10.1,,0.86,us,usb000gbf8,2022-07-25T00:00:35.463Z,"252 km ENE of Kuril’sk, Russia",earthquake,,,,,reviewed,us,us
2013-04-20T00:02:47.540Z,30.308,102.888,14.0,6.6,mww,548.0,12.6,,1.08,us,usb000gcdd,2025-03-26T09:05:21.146Z,"56 km WSW of Linqiong, China",earthquake,,,,,reviewed,us,us
2013-04-23T23:14:40.630Z,-3.898,152.127,10.0,6.5,mww,264.0,16.6,,0.82,us,usb000gen8,2022-05-03T16:16:15.179Z,"33 km N of Rabaul, Papua New Guinea",earthquake,,,,,reviewed,us,us
2013-05-14T00:32:25.890Z,18.728,145.288,602.2,6.8,mww,131.0,18.0,,1.14,us,usc000gw27,2022-05-03T16:18:14.890Z,"Pagan region, Northern Mariana Islands",earthquake,,4.2,,,reviewed,us,us
2013-05-23T17:19:04.750Z,-23.009,-177.232,173.7,7.4,mww,626.0,16.0,,0.85,us,usb000h3k3,2022-05-03T16:21:12.895Z,"292 km SW of Vaini, Tonga",earthquake,,3.2,,,reviewed,us,us
2013-05-24T05:44:48.980Z,54.892,153.221,598.1,8.3,mww,385.0,10.0,,1.02,us,usb000h4jh,2025-11-26T18:46:54.263Z,2013 Sea of Okhotsk Earthquake,earthquake,,4.1,,,reviewed,us,us
2013-05-24T14:56:31.460Z,52.235,151.444,624.0,6.7,mwb,217.0,25.2,,0.95,us,usb000h543,2022-05-03T16:20:12.009Z,Sea of Okhotsk,earthquake,,,,,reviewed,us,us
2013-06-13T16:47:23.320Z,-10.004,107.236,9.0,6.7,mww,515.0,24.0,,0.84,us,usc000hpsd,2022-07-25T16:30:23.019Z,"south of Java, Indonesia",earthquake,,2.7,,,reviewed,us,us
2013-06-15T17:34:27.810Z,11.763,-86.926,30.0,6.5,mww,698.0,27.0,,1.22,us,usc000hrnr,2022-08-06T16:18:17.069Z,"44 km W of Masachapa, Nicaragua",earthquake,,,,,reviewed,us,us
2013-06-24T22:04:13.480Z,10.701,-42.594,10.0,6.6,mww,111.0,16.0,,0.81,us,usc000hzfk,2022-05-03T17:33:30.881Z,northern Mid-Atlantic Ridge,earthquake,,,,,reviewed,us,us
2013-07-07T18:35:30.740Z,-3.917,153.927,385.5,7.3,mww,117.0,24.0,,0.88,us,usb000i89z,2022-05-03T16:22:52.308Z,"190 km ENE of Kokopo, Papua New Guinea",earthquake,,4.0,,,reviewed,us,us
2013-07-07T20:30:06.850Z,-6.029,149.706,56.0,6.6,mww,139.0,14.0,,1.22,us,usb000i8ey,2022-07-25T18:04:08.957Z,"26 km NE of Kandrian, Papua New Guinea",earthquake,,,,,reviewed,us,us
2013-07-15T14:03:39.880Z,-60.857,-25.07,11.0,7.3,mww,398.0,43.0,,0.88,us,usb000ief9,2022-05-03T16:24:56.468Z,South Sandwich Islands region,earthquake,,,,,reviewed,us,us
2013-07-21T05:09:31.450Z,-41.704,174.337,17.0,6.5,mww,229.0,20.0,,0.85,us,usb000iivv,2023-03-21T20:57:25.353Z,"38 km ESE of Blenheim, New Zealand",earthquake,,,,,reviewed,us,us
2013-08-13T15:43:15.200Z,5.7732,-78.1999,12.0,6.7,mww,,22.0,3.741,0.84,us,usb000j275,2022-07-25T20:25:40.315Z,"101 km WSW of Bahía Solano, Colombia",earthquake,,1.7,,,reviewed,us,us
2013-08-16T02:31:05.750Z,-41.734,174.152,8.2,6.5,mww,,,,1.19,us,usb000j4iz,2022-07-25T20:38:20.940Z,"29 km SE of Blenheim, New Zealand",earthquake,,2.8,,,reviewed,us_wel,us
2013-08-30T16:25:02.300Z,51.537,-175.2297,29.0,7.0,mww,,53.0,0.624,0.89,us,usb000jdt7,2023-07-19T14:06:31.638Z,"101 km SW of Atka, Alaska",earthquake,,1.8,,,reviewed,us,us
2013-09-01T11:52:29.930Z,-7.44,128.2209,112.0,6.5,mww,,11.0,3.097,1.12,us,usb000jelf,2022-07-25T21:33:31.917Z,"180 km NE of Lospalos, Timor Leste",earthquake,,1.7,,,reviewed,us,us
2013-09-04T00:18:23.370Z,29.9377,138.8325,402.0,6.5,mww,,26.0,3.276,1.02,us,usb000jgfc,2022-08-06T17:30:35.804Z,"Izu Islands, Japan region",earthquake,,1.8,,,reviewed,us,us
2013-09-04T02:32:30.600Z,51.5573,-174.7671,20.0,6.5,mww,,24.0,0.735,1.07,us,usb000jgju,2023-07-19T14:42:16.848Z,"81 km SSW of Atka, Alaska",earthquake,,1.7,,,reviewed,us,us
2013-09-24T11:29:47.970Z,26.951,65.5009,15.0,7.7,mww,,17.0,7.241,0.93,us,usb000jyiv,2026-07-17T06:00:02.658Z,"113 km NW of Bela, Pakistan",earthquake,,1.6,,,reviewed,us,us
2013-09-25T16:42:43.170Z,-15.8385,-74.5112,40.0,7.1,mww,,17.0,4.446,0.9,us,usb000jzma,2022-08-06T17:58:24.998Z,"16 km WSW of Atiquipa, Peru",earthquake,,1.8,,,reviewed,us,us
2013-09-28T07:34:06.450Z,27.1825,65.5052,12.0,6.8,mww,,17.0,7.359,0.91,us,usb000k1gb,2022-07-25T23:01:12.781Z,"129 km WSW of Khuzdar, Pakistan",earthquake,,1.7,,,reviewed,us,us
2013-09-30T05:55:55.220Z,-30.9255,-178.3234,41.54,6.5,mww,,21.0,1.709,0.82,us,usb000k2h2,2022-05-03T16:28:03.770Z,"Kermadec Islands, New Zealand",earthquake,,3.1,,,reviewed,us,us
2013-10-01T03:38:21.710Z,53.1995,152.7864,573.0,6.7,mww,,11.0,2.958,1.2,us,usb000k3c1,2022-05-03T16:28:16.505Z,Sea of Okhotsk,earthquake,,1.8,,,reviewed,us,us
2013-10-12T13:11:53.350Z,35.5142,23.2523,40.0,6.6,mww,,40.0,1.984,1.21,us,usb000kbn7,2022-07-25T23:30:51.430Z,"36 km W of Kíssamos, Greece",earthquake,,1.9,,,reviewed,us,us
2013-10-15T00:12:32.050Z,9.8796,124.1167,19.04,7.1,mww,,12.0,3.144,1.3,us,usb000kdb4,2023-12-02T00:16:21.231Z,"4 km SE of Sagbayan, Philippines",earthquake,,2.9,,,reviewed,us,us
2013-10-16T10:30:58.550Z,-6.4456,154.931,35.0,6.8,mww,,9.0,5.79,0.94,us,usb000kemb,2022-05-03T17:54:24.989Z,"62 km WSW of Panguna, Papua New Guinea",earthquake,,1.8,,,reviewed,us,us
2013-10-19T17:54:54.700Z,26.0913,-110.3209,9.45,6.6,mww,,44.0,1.98,1.1,us,usb000khbc,2022-08-06T18:28:09.459Z,"98 km SW of Etchoropo, Mexico",earthquake,,3.0,,,reviewed,us,us
2013-10-24T19:25:10.930Z,-58.153,-12.7964,22.87,6.7,mww,,53.0,13.711,0.99,us,usc000kmfw,2022-05-03T16:31:22.816Z,east of the South Sandwich Islands,earthquake,,2.3,,,reviewed,us,us
2013-10-25T17:10:19.710Z,37.1557,144.6611,35.0,7.1,mww,,10.0,3.968,1.01,us,usc000kn4n,2022-08-06T18:34:02.167Z,"off the east coast of Honshu, Japan",earthquake,,1.8,,,reviewed,us,us
2013-10-31T23:03:59.720Z,-30.2921,-71.5215,27.0,6.6,mww,,31.0,0.636,1.28,us,usb000kqnc,2022-08-08T19:35:49.254Z,"41 km SSW of Coquimbo, Chile",earthquake,,1.7,,,reviewed,us,us
2013-11-16T03:34:31.230Z,-60.2627,-47.0621,9.97,6.9,mww,,17.0,8.284,0.84,us,usb000kznc,2022-05-03T16:35:18.303Z,Scotia Sea,earthquake,,1.9,,,reviewed,us,us
2013-11-17T09:04:55.530Z,-60.2738,-46.4011,10.0,7.7,mww,,23.0,8.05,1.33,us,usb000l0gq,2024-06-16T05:38:35.470Z,Scotia Sea,earthquake,,1.7,,,reviewed,us,us
2013-11-23T07:48:32.130Z,-17.1171,-176.5449,371.0,6.5,mww,,22.0,5.194,0.83,us,usb000l51g,2022-07-26T02:16:09.467Z,Fiji region,earthquake,,1.8,,,reviewed,us,us
2013-11-25T06:27:33.300Z,-53.9451,-55.0033,11.78,7.0,mww,,31.0,2.935,1.08,us,usb000l5zn,2022-05-03T17:16:09.123Z,Falkland Islands region,earthquake,,2.4,,,reviewed,us,us
2014-01-01T16:03:29.000Z,-13.8633,167.249,187.0,6.5,mww,,14.0,3.997,0.76,us,usc000lvb5,2022-05-03T16:43:00.609Z,"32 km W of Sola, Vanuatu",earthquake,,1.7,,,reviewed,us,us
2014-02-02T09:26:37.820Z,-32.9076,-177.8806,44.26,6.5,mww,,22.0,3.651,1.28,us,usc000mfm0,2022-05-03T16:43:31.077Z,south of the Kermadec Islands,earthquake,,3.6,,,reviewed,us,us
2014-02-07T08:40:13.550Z,-15.0691,167.3721,122.0,6.5,mww,,20.0,0.409,1.15,us,usc000mjye,2022-05-03T16:41:17.643Z,"32 km E of Port-Olry, Vanuatu",earthquake,,1.8,,,reviewed,us,us
2014-02-12T09:19:49.060Z,35.9053,82.5864,10.0,6.9,mww,,18.0,7.496,0.83,us,usc000mnvj,2022-07-26T07:05:22.867Z,"272 km ESE of Hotan, China",earthquake,,1.7,,,reviewed,us,us
2014-02-18T09:27:13.120Z,14.6682,-58.9272,14.83,6.5,mww,,30.0,1.635,0.94,us,usc000mskt,2022-08-06T21:52:09.318Z,"171 km NNE of Greenland, Barbados",earthquake,,2.6,,,reviewed,us,us
2014-03-02T20:11:23.430Z,27.4312,127.3674,119.0,6.5,mww,,17.0,1.001,0.97,us,usb000mzmn,2022-07-26T08:24:32.938Z,"109 km NW of Nago, Japan",earthquake,,1.8,,,reviewed,us,us
2014-03-10T05:18:13.430Z,40.8286667,-125.1338333,16.441,6.8,mw,112.0,229.0,0.6568,0.15,nc,nc72182046,2022-09-24T19:42:07.982Z,"77 km WNW of Indianola, California",earthquake,0.64,1.88,,5.0,reviewed,nc,nc
2014-03-16T21:16:29.600Z,-19.9807,-70.7022,20.0,6.7,mww,,44.0,1.008,0.83,us,usc000ndnj,2024-03-06T23:46:20.310Z,"63 km WNW of Iquique, Chile",earthquake,,1.2,,,reviewed,us,us
2014-04-01T23:46:47.260Z,-19.6097,-70.7691,25.0,8.2,mww,,23.0,0.609,0.66,us,usc000nzvd,2026-07-25T17:27:48.656Z,"93 km NW of Iquique, Chile",earthquake,,1.8,,,reviewed,us,us
2014-04-01T23:57:58.790Z,-19.8927,-70.9455,28.42,6.9,mww,,119.0,0.828,0.93,us,usc000nzwm,2022-05-03T17:29:29.270Z,"90 km WNW of Iquique, Chile",earthquake,,4.2,,,reviewed,us,us
2014-04-03T01:58:30.530Z,-20.3113,-70.5756,24.07,6.5,mww,,82.0,0.828,0.62,us,usc000p26f,2022-05-03T16:46:35.649Z,"45 km WSW of Iquique, Chile",earthquake,,2.7,,,reviewed,us,us
2014-04-03T02:43:13.110Z,-20.5709,-70.4931,22.4,7.7,mww,,44.0,1.029,0.82,us,usc000p27i,2026-03-04T16:37:12.205Z,"53 km SW of Iquique, Chile",earthquake,,3.4,,,reviewed,us,us
2014-04-11T07:07:23.130Z,-6.5858,155.0485,60.53,7.1,mww,,21.0,3.729,0.88,us,usc000pft9,2022-05-03T16:47:36.721Z,"56 km WSW of Panguna, Papua New Guinea",earthquake,,3.9,,,reviewed,us,us
2014-04-11T08:16:45.660Z,-6.7878,154.9502,20.0,6.5,mww,,16.0,3.787,1.37,us,usc000pfuy,2022-05-03T16:49:18.521Z,"78 km SW of Panguna, Papua New Guinea",earthquake,,1.8,,,reviewed,us,us
2014-04-11T20:29:12.970Z,11.642,-85.8779,135.0,6.6,mww,,20.0,0.761,1.35,us,usc000pgsi,2022-07-26T12:56:30.901Z,"15 km N of Belén, Nicaragua",earthquake,,1.7,,,reviewed,us,us
2014-04-12T20:14:39.300Z,-11.2701,162.1481,22.56,7.6,mww,,13.0,2.828,0.71,us,usc000phx5,2022-05-03T16:47:44.748Z,"93 km SSE of Kirakira, Solomon Islands",earthquake,,2.8,,,reviewed,us,us
2014-04-13T12:36:19.230Z,-11.4633,162.0511,39.0,7.4,mww,,17.0,2.885,1.0,us,usc000piqj,2022-05-03T16:47:48.290Z,"112 km S of Kirakira, Solomon Islands",earthquake,,1.8,,,reviewed,us,us
2014-04-13T13:24:59.710Z,-11.1284,162.052,10.0,6.6,mww,,22.0,2.666,0.84,us,usc000pish,2022-05-03T16:49:29.469Z,"75 km S of Kirakira, Solomon Islands",earthquake,,1.7,,,reviewed,us,us
2014-04-15T03:57:01.370Z,-53.4967,8.722,11.18,6.8,mww,,27.0,18.877,0.74,us,usb000pkxl,2022-05-03T16:47:57.023Z,Bouvet Island region,earthquake,,3.1,,,reviewed,us,us
2014-04-18T14:27:24.920Z,17.397,-100.9723,24.0,7.2,mww,,46.0,2.25,1.2,us,usb000pq41,2022-08-06T23:17:03.874Z,"9 km ENE of Coyuquilla Norte, Mexico",earthquake,,1.5,,,reviewed,us,us
2014-04-19T01:04:03.820Z,-6.6558,155.0869,29.0,6.6,mww,,11.0,3.803,0.94,us,usb000pqwe,2022-05-03T16:49:31.961Z,"57 km SW of Panguna, Papua New Guinea",earthquake,,1.7,,,reviewed,us,us
2014-04-19T13:28:00.810Z,-6.7547,155.0241,43.37,7.5,mww,,16.0,3.82,1.25,us,usb000pr89,2022-05-03T16:48:17.192Z,"70 km SW of Panguna, Papua New Guinea",earthquake,,3.8,,,reviewed,us,us
2014-04-24T03:10:10.150Z,49.6388,-127.7316,10.0,6.5,mww,,,,0.85,us,usb000px6r,2022-08-06T23:23:06.892Z,"107 km WSW of Vernon, Canada",earthquake,,1.7,,,reviewed,pgc,us
2014-05-01T06:36:35.550Z,-21.4542,170.3546,106.0,6.6,mww,,10.0,3.34,0.89,us,usb000q66s,2022-05-03T16:50:49.058Z,"239 km SSE of Isangel, Vanuatu",earthquake,,1.7,,,reviewed,us,us
2014-05-04T09:15:52.880Z,-24.6108,179.0856,527.0,6.6,mww,,19.0,5.329,1.05,us,usb000q98a,2022-05-03T16:49:13.527Z,south of the Fiji Islands,earthquake,,1.9,,,reviewed,us,us
2014-05-12T18:38:36.700Z,-49.9403,-114.7995,10.47,6.5,mww,,35.0,23.164,1.16,us,usb000qjhh,2022-05-03T16:53:27.275Z,southern East Pacific Rise,earthquake,,3.0,,,reviewed,us,us
2014-05-13T06:35:24.240Z,7.2096,-82.3045,10.0,6.5,mww,,33.0,3.121,1.33,us,usb000qk64,2022-07-26T14:54:28.522Z,"110 km SE of Punta de Burica, Panama",earthquake,,1.3,,,reviewed,us,us
2014-05-24T09:25:02.440Z,40.2893,25.3889,6.43,6.9,mww,,25.0,0.402,0.67,us,usb000r2hc,2025-04-26T00:27:45.859Z,"21 km SSW of Kamariótissa, Greece",earthquake,,3.2,,,reviewed,us,us
2014-06-14T11:10:59.850Z,-10.1229,91.0921,4.0,6.5,mww,,23.0,5.998,0.85,us,usc000rfh2,2022-05-03T16:54:39.775Z,South Indian Ocean,earthquake,,1.6,,,reviewed,us,us
2014-06-23T19:19:15.940Z,-29.9772,-177.7247,20.0,6.9,mww,,35.0,0.751,0.99,us,usc000rkg5,2022-05-03T16:55:06.389Z,"Kermadec Islands, New Zealand",earthquake,,1.8,,,reviewed,us,us
2014-06-23T19:21:45.990Z,-29.9379,-177.5159,10.0,6.5,mwc,,30.0,0.778,0.97,us,usc000rkga,2022-05-03T16:55:49.686Z,"Kermadec Islands, New Zealand",earthquake,,1.7,,,reviewed,us,gcmt
2014-06-23T20:06:20.710Z,-29.9414,-177.6073,26.59,6.7,mwc,,43.0,0.748,0.76,us,usc000rkhj,2022-05-03T16:55:07.538Z,"Kermadec Islands, New Zealand",earthquake,,3.3,,,reviewed,us,gcmt
2014-06-23T20:53:09.700Z,51.8486,178.7352,109.0,7.9,mww,,22.0,0.133,0.71,us,usc000rki5,2023-07-21T18:24:42.545Z,"Rat Islands, Aleutian Islands, Alaska",earthquake,,1.8,,,reviewed,us,us
2014-06-29T07:52:55.170Z,-55.4703,-28.3669,8.0,6.9,mww,,25.0,4.838,0.76,us,usc000rngj,2022-05-03T16:55:36.646Z,South Sandwich Islands region,earthquake,,1.6,,,reviewed,us,us
2014-06-29T17:15:09.340Z,-14.9831,-175.5096,18.0,6.7,mww,,45.0,6.713,1.39,us,usc000rnku,2022-05-03T16:55:39.044Z,"201 km SSE of Mata-Utu, Wallis and Futuna",earthquake,,1.8,,,reviewed,us,us
2014-07-04T15:00:27.860Z,-6.2304,152.8075,20.0,6.5,mww,,15.0,2.124,1.06,us,usc000rqgz,2022-05-03T16:56:01.070Z,"217 km SSE of Kokopo, Papua New Guinea",earthquake,,1.8,,,reviewed,us,us
2014-07-07T11:23:54.780Z,14.724,-92.4614,53.0,6.9,mww,,51.0,0.263,1.38,us,usc000rr6a,2022-08-07T00:34:04.005Z,"4 km W of Puerto Madero, Mexico",earthquake,,1.8,,,reviewed,us,us
2014-07-11T19:22:00.820Z,37.0052,142.4525,20.0,6.5,mww,,9.0,2.421,0.75,us,usb000rs50,2022-08-07T00:39:37.402Z,"139 km ESE of Namie, Japan",earthquake,,1.7,,,reviewed,us,us
2014-07-21T14:54:41.000Z,-19.8015,-178.4001,615.42,6.9,mww,,15.0,3.934,0.96,us,usb000ruzk,2022-05-03T16:58:44.354Z,Fiji region,earthquake,,2.9,,,reviewed,us,us
2014-08-03T00:22:03.680Z,0.8295,146.1688,13.0,6.9,mww,,12.0,6.393,0.93,us,usb000rzki,2022-05-03T18:29:53.728Z,Federated States of Micronesia region,earthquake,,1.6,,,reviewed,us,us
2014-08-24T23:21:45.520Z,-14.598,-73.5714,101.0,6.8,mww,,18.0,4.107,0.9,us,usb000s5x1,2022-07-26T23:28:03.335Z,"38 km NW of Aniso, Peru",earthquake,4.7,1.8,,,reviewed,us,us
2014-09-17T06:14:45.410Z,13.7641,144.4294,130.0,6.7,mww,,11.0,0.46,0.84,us,usb000sdcr,2022-07-27T02:14:17.618Z,"43 km NW of Piti Village, Guam",earthquake,6.8,1.8,,,reviewed,us,us
2014-10-09T02:14:31.440Z,-32.1082,-110.8112,16.54,7.0,mww,,22.0,5.127,0.43,us,usb000sk6k,2022-05-03T18:18:34.155Z,southern East Pacific Rise,earthquake,8.2,2.9,,,reviewed,us,us
2014-10-09T02:32:05.140Z,-32.0953,-110.8647,10.0,6.6,mww,,32.0,5.127,0.43,us,usb000sk6q,2022-05-03T18:18:35.492Z,southern East Pacific Rise,earthquake,9.3,1.7,,,reviewed,us,us
2014-10-14T03:51:34.460Z,12.5262,-88.1225,40.0,7.3,mww,,18.0,1.078,0.7,us,usb000slwn,2025-02-20T04:04:21.848Z,"74 km S of Intipucá, El Salvador",earthquake,5.6,1.8,,,reviewed,us,us
2014-11-01T18:57:22.380Z,-19.6903,-177.7587,434.0,7.1,mww,,13.0,4.415,0.84,us,usc000stdc,2022-07-27T06:28:20.737Z,Fiji region,earthquake,8.5,1.2,,,reviewed,us,us
2014-11-07T03:33:55.280Z,-5.9873,148.2315,53.19,6.6,mww,,13.0,3.557,0.91,us,usc000sv94,2022-07-27T06:46:23.749Z,"76 km NE of Finschhafen, Papua New Guinea",earthquake,6.2,3.1,,,reviewed,us,us
2014-11-15T02:31:41.720Z,1.8929,126.5217,45.0,7.1,mww,,18.0,1.397,0.71,us,usc000sxh8,2022-08-07T04:11:47.109Z,"155 km NW of Ternate, Indonesia",earthquake,5.8,1.7,,,reviewed,us,us
2014-11-16T22:33:20.450Z,-37.6478,179.6621,22.0,6.7,mww,,25.0,1.079,0.49,us,usc000sxye,2022-07-27T07:52:44.349Z,"183 km NE of Gisborne, New Zealand",earthquake,6.4,1.7,,,reviewed,us,us
2014-11-21T10:10:19.630Z,2.2999,127.0562,35.0,6.5,mww,,9.0,1.549,1.16,us,usb000syhz,2022-07-27T08:22:04.644Z,"123 km WNW of Tobelo, Indonesia",earthquake,5.1,1.8,,,reviewed,us,us
2014-11-26T14:33:43.640Z,1.9604,126.5751,39.0,6.8,mww,,19.0,1.421,1.19,us,usb000t08w,2022-07-27T08:49:02.024Z,"157 km NW of Ternate, Indonesia",earthquake,4.3,1.7,,,reviewed,us,us
2014-12-02T05:11:31.000Z,6.1572,123.1261,614.0,6.6,mww,,9.0,2.6,1.32,us,usb000t20t,2022-05-03T18:20:44.980Z,"106 km WSW of Sangay, Philippines",earthquake,8.6,1.9,,,reviewed,us,us
2014-12-07T01:22:02.180Z,-6.5108,154.4603,23.0,6.6,mww,,12.0,3.246,0.72,us,usc000t4cz,2024-06-16T23:48:06.959Z,"115 km W of Panguna, Papua New Guinea",earthquake,6.9,1.7,,,reviewed,us,us
2014-12-08T08:54:52.520Z,7.9401,-82.6865,20.0,6.6,mww,,43.0,2.485,1.01,us,usc000t4iq,2022-07-27T09:59:12.281Z,"22 km ESE of Punta de Burica, Panama",earthquake,3.6,1.8,,,reviewed,us,us
2015-01-07T05:07:07.510Z,5.9045,-82.6576,8.0,6.5,mww,,61.0,4.318,1.17,us,usc000tcba,2022-05-03T17:09:48.860Z,"236 km S of Punta de Burica, Panama",earthquake,7.3,1.8,,,reviewed,us,us
2015-01-23T03:47:27.050Z,-17.0309,168.52,219.96,6.8,mww,,13.0,2.019,0.71,us,usc000tihy,2024-06-16T23:48:31.170Z,"81 km NNE of Port-Vila, Vanuatu",earthquake,7.7,1.1,,,reviewed,us,us
2015-02-11T18:57:22.460Z,-23.1125,-66.688,223.0,6.7,mww,,16.0,2.11,1.02,us,usc000tp1s,2022-08-07T07:47:24.497Z,"103 km W of El Aguilar, Argentina",earthquake,7.1,1.8,,,reviewed,us,us
2015-02-13T18:59:12.230Z,52.6487,-31.9016,16.68,7.1,mww,,17.0,11.262,0.79,us,usb000tp5q,2022-07-27T20:53:46.755Z,northern Mid-Atlantic Ridge,earthquake,6.8,1.4,,,reviewed,us,us
2015-02-16T23:06:28.270Z,39.8558,142.8808,23.0,6.7,mww,,20.0,1.925,0.94,us,usb000tpvj,2022-07-27T21:32:17.327Z,"83 km ENE of Miyako, Japan",earthquake,3.8,1.8,,,reviewed,us,us
2015-02-27T13:45:05.370Z,-7.2968,122.5348,552.06,7.0,mww,,12.0,1.362,1.12,us,usc000ttkd,2022-07-27T23:24:17.079Z,"150 km NNE of Maumere, Indonesia",earthquake,7.1,3.6,,,reviewed,us,us
2015-03-29T23:48:31.010Z,-4.7294,152.5623,41.0,7.5,mww,,19.0,0.666,1.32,us,us10001rvu,2022-07-28T05:12:47.373Z,"53 km SE of Kokopo, Papua New Guinea",earthquake,7.0,1.8,,,reviewed,us,us
2015-03-30T08:48:25.340Z,-15.4994,-173.0293,11.0,6.5,mww,,36.0,4.629,0.9,us,us10001ryu,2022-07-28T05:19:55.902Z,"96 km ENE of Hihifo, Tonga",earthquake,8.5,1.7,,,reviewed,us,us
2015-04-17T15:52:51.480Z,-15.8815,-178.6005,10.0,6.5,mww,,42.0,3.702,1.07,us,us200027c2,2022-05-03T18:24:03.515Z,"181 km SSW of Alo, Wallis and Futuna",earthquake,4.4,1.8,,,reviewed,us,us
2015-04-25T06:11:25.950Z,28.2305,84.7314,8.22,7.8,mww,,12.0,1.857,0.96,us,us20002926,2025-08-07T10:31:11.955Z,"67 km NNE of Bharatpur, Nepal",earthquake,7.3,2.9,,,reviewed,us,us
2015-04-25T06:45:21.320Z,28.2244,84.8216,10.0,6.6,mww,,16.0,1.778,0.64,us,us2000292y,2025-02-22T05:33:18.829Z,"71 km NNE of Bharatpur, Nepal",earthquake,7.4,1.7,,,reviewed,us,us
2015-04-26T07:09:10.670Z,27.7711,86.0173,22.91,6.7,mww,,13.0,0.727,0.86,us,us200029bt,2025-02-22T05:38:38.490Z,"21 km SSE of Kod?ri??, Nepal",earthquake,6.6,2.9,,,reviewed,us,us
2015-04-30T10:45:02.930Z,-5.375,151.7706,31.0,6.7,mww,,12.0,1.239,1.1,us,us20002ag9,2022-07-31T03:05:55.673Z,"126 km SSW of Kokopo, Papua New Guinea",earthquake,6.3,1.7,,,reviewed,us,us
2015-05-01T08:06:03.480Z,-5.2005,151.7773,44.0,6.8,mww,,23.0,1.074,0.65,us,us20002am6,2022-07-31T03:23:31.809Z,"109 km SSW of Kokopo, Papua New Guinea",earthquake,6.8,1.8,,,reviewed,us,us
2015-05-05T01:44:06.380Z,-5.4624,151.8751,55.0,7.5,mww,,22.0,1.295,1.02,us,us20002bnf,2022-07-31T04:23:02.600Z,"131 km SSW of Kokopo, Papua New Guinea",earthquake,6.1,1.9,,,reviewed,us,us
2015-05-07T07:10:19.590Z,-7.2175,154.5567,10.0,7.1,mww,,11.0,3.835,0.7,us,us20002das,2022-07-31T04:59:50.659Z,"143 km SW of Panguna, Papua New Guinea",earthquake,7.1,1.7,,,reviewed,us,us
2015-05-12T07:05:19.730Z,27.8087,86.0655,15.0,7.3,mww,,11.0,0.677,0.92,us,us20002ejl,2024-06-26T05:18:41.027Z,Nepal,earthquake,7.4,1.7,,,reviewed,us,us
2015-05-12T21:12:58.890Z,38.9056,142.0317,35.0,6.8,mww,,8.0,1.422,0.84,us,us20002et4,2022-08-07T08:01:19.786Z,"32 km SE of ?funato, Japan",earthquake,4.7,1.9,,,reviewed,us,us
2015-05-19T15:25:21.080Z,-54.3312,-132.1618,7.2,6.7,mww,,24.0,31.555,0.91,us,us10002aj3,2022-05-03T17:22:44.010Z,Pacific-Antarctic Ridge,earthquake,10.3,3.0,,,reviewed,us,us
2015-05-20T22:48:53.420Z,-10.8759,164.1694,11.0,6.8,mww,,15.0,4.395,0.72,us,us10002b03,2022-05-03T18:25:16.927Z,"178 km W of Lata, Solomon Islands",earthquake,5.3,1.7,,,reviewed,us,us
2015-05-22T21:45:19.480Z,-11.0559,163.6959,11.19,6.9,mww,,22.0,4.024,1.37,us,us10002bnk,2022-05-03T17:25:07.791Z,"205 km ESE of Kirakira, Solomon Islands",earthquake,7.2,3.1,,,reviewed,us,us
2015-05-22T23:59:33.770Z,-11.1093,163.2154,10.0,6.8,mww,,18.0,3.619,0.81,us,us10002bpw,2024-06-16T23:43:57.558Z,"159 km ESE of Kirakira, Solomon Islands",earthquake,7.6,1.7,,,reviewed,us,us
2015-05-29T07:00:09.634Z,56.594,-156.4301,72.6,6.8,mw,,,,0.85,ak,ak0156uj8rk3,2023-07-26T18:35:56.724Z,"117 km SSE of Ugashik, Alaska",earthquake,,0.8,,,reviewed,ak,ak
2015-05-30T11:23:02.110Z,27.8386,140.4931,664.0,7.8,mww,,12.0,1.675,1.12,us,us20002ki3,2026-05-07T09:32:29.555Z,"Bonin Islands, Japan region",earthquake,9.2,1.9,,,reviewed,us,us
2015-06-17T12:51:32.790Z,-35.3639,-17.1605,10.0,7.0,mww,,34.0,21.859,1.16,us,us20002qn7,2022-05-03T18:49:47.071Z,southern Mid-Atlantic Ridge,earthquake,10.7,1.7,,,reviewed,us,us
2015-06-23T12:18:30.270Z,27.7375,139.7254,460.0,6.5,mww,,11.0,2.277,0.98,us,us10002l37,2022-07-31T14:41:46.908Z,"Bonin Islands, Japan region",earthquake,8.6,1.9,,,reviewed,us,us
2015-07-10T04:12:42.540Z,-9.307,158.403,12.0,6.7,mww,,11.0,1.529,1.11,us,us20002whh,2022-07-31T17:42:52.656Z,"150 km WNW of Malango, Solomon Islands",earthquake,7.4,1.7,,,reviewed,us,us
2015-07-16T15:16:33.780Z,13.8672,-58.5479,20.0,6.5,mww,,20.0,1.218,0.97,us,us20002xx1,2022-07-31T18:56:08.113Z,"128 km NE of Bathsheba, Barbados",earthquake,3.3,1.8,,,reviewed,us,us
2015-07-18T02:27:33.820Z,-10.4012,165.1409,11.0,7.0,mww,,22.0,5.205,1.09,us,us20002yaw,2022-07-31T19:10:45.445Z,"80 km WNW of Lata, Solomon Islands",earthquake,7.2,1.7,,,reviewed,us,us
2015-07-27T04:49:46.400Z,52.376,-169.4458,29.0,6.9,mww,,39.0,0.444,1.12,us,us200030aq,2026-08-13T15:57:50.410Z,"Fox Islands, Aleutian Islands, Alaska",earthquake,4.5,1.8,,,reviewed,us,us
2015-07-27T21:41:21.710Z,-2.6286,138.5277,48.0,7.0,mww,,12.0,6.278,1.2,us,us200030kn,2022-07-31T21:09:28.114Z,"234 km W of Abepura, Indonesia",earthquake,6.7,1.8,,,reviewed,us,us
2015-08-10T04:12:15.810Z,-9.3438,158.0525,22.0,6.6,mww,,20.0,1.872,1.01,us,us100030pg,2022-07-31T23:15:41.238Z,"186 km WNW of Malango, Solomon Islands",earthquake,6.7,1.5,,,reviewed,us,us
2015-08-12T18:49:24.080Z,-9.3293,157.8772,6.43,6.5,mww,,16.0,2.045,1.19,us,us100031me,2024-06-16T23:44:02.416Z,"177 km SE of Gizo, Solomon Islands",earthquake,4.8,2.6,,,reviewed,us,us
2015-09-13T08:14:08.560Z,24.913,-109.6226,10.0,6.7,mww,,123.0,1.256,0.65,us,us20003j4u,2022-08-07T08:15:45.108Z,"95 km SW of Topolobampo, Mexico",earthquake,6.6,2.0,,,reviewed,us,us
2015-09-16T22:54:32.860Z,-31.5729,-71.6744,22.44,8.3,mww,,19.0,0.684,1.02,us,us20003k7a,2026-06-06T02:23:54.945Z,"48 km W of Illapel, Chile",earthquake,4.7,3.2,,,reviewed,us,us
2015-09-16T23:18:41.850Z,-31.5622,-71.4262,28.41,7.0,mww,,13.0,0.903,0.93,us,us20003k7w,2022-08-08T19:12:43.750Z,"25 km WNW of Illapel, Chile",earthquake,4.3,3.0,,,reviewed,us,us
2015-09-17T03:55:15.430Z,-31.4244,-71.6876,27.0,6.5,mww,,62.0,0.749,0.65,us,us20003kfj,2022-05-03T17:36:54.358Z,"54 km WNW of Illapel, Chile",earthquake,2.2,1.8,,,reviewed,us,us
2015-09-17T04:10:27.780Z,-31.5173,-71.804,23.0,6.7,mww,,35.0,0.853,0.91,us,us20003kfv,2022-05-03T17:30:41.639Z,"61 km WNW of Illapel, Chile",earthquake,4.2,1.7,,,reviewed,us,us
2015-09-21T17:40:00.060Z,-31.7275,-71.3792,35.0,6.6,mww,,14.0,1.064,0.79,us,us20003mi0,2022-05-03T17:32:50.655Z,"22 km WSW of Illapel, Chile",earthquake,6.0,1.8,,,reviewed,us,us
2015-09-24T15:53:27.740Z,-0.6212,131.2622,18.0,6.6,mww,,13.0,2.486,1.13,us,us20003nqr,2022-08-01T07:43:00.858Z,"28 km N of Sorong, Indonesia",earthquake,6.4,1.7,,,reviewed,us,us
2015-10-20T21:52:02.560Z,-14.8595,167.3028,135.0,7.1,mww,,11.0,0.592,1.02,us,us10003q0q,2022-08-01T12:56:36.835Z,"31 km NE of Port-Olry, Vanuatu",earthquake,4.3,1.8,,,reviewed,us,us
2015-10-26T09:09:42.560Z,36.5244,70.3676,231.0,7.5,mww,,18.0,0.622,1.43,us,us10003re5,2025-04-24T18:30:51.641Z,"Hindu Kush region, Afghanistan",earthquake,6.7,1.9,,,reviewed,us,us
2015-11-04T03:44:15.190Z,-8.3381,124.8754,20.0,6.5,mww,,21.0,1.53,0.83,us,us200041ty,2022-08-01T15:47:12.391Z,"47 km NW of Maubara, Timor Leste",earthquake,5.4,1.8,,,reviewed,us,us
2015-11-07T07:31:43.870Z,-30.8796,-71.4519,46.0,6.8,mww,,41.0,0.258,0.76,us,us10003vgt,2022-12-13T15:29:53.926Z,"39 km SW of Ovalle, Chile",earthquake,4.4,1.8,,,reviewed,us,us
2015-11-08T16:47:02.160Z,6.8431,94.648,10.0,6.6,mww,,31.0,2.792,1.23,us,us10003vry,2022-08-01T16:48:48.245Z,"Nicobar Islands, India region",earthquake,5.6,1.7,,,reviewed,us,us
2015-11-09T16:03:46.070Z,51.6394,-173.0746,15.0,6.5,mww,,39.0,0.897,0.86,us,us10003vyx,2023-07-28T14:03:52.215Z,"99 km SE of Atka, Alaska",earthquake,2.4,1.8,,,reviewed,us,us
2015-11-11T01:54:38.570Z,-29.5067,-72.0068,12.0,6.9,mww,,32.0,0.784,1.08,us,us10003x8t,2022-05-03T19:05:44.918Z,"81 km NW of Coquimbo, Chile",earthquake,4.3,1.7,,,reviewed,us,us
2015-11-11T02:46:19.830Z,-29.5097,-72.0585,10.0,6.9,mww,,43.0,0.821,1.18,us,us10003x9g,2022-05-03T19:05:43.438Z,"85 km NW of Coquimbo, Chile",earthquake,5.1,1.7,,,reviewed,us,us
2015-11-13T20:51:31.030Z,31.0009,128.8729,12.0,6.7,mww,,17.0,1.444,1.25,us,us10003y71,2022-08-01T17:43:30.585Z,"140 km WSW of Makurazaki, Japan",earthquake,5.9,1.7,,,reviewed,us,us
2015-11-17T07:10:07.300Z,38.67,20.6,11.0,6.5,mww,,,,0.98,us,us10003ywp,2022-08-01T18:14:50.537Z,"19 km SSW of Lefkáda, Greece",earthquake,4.6,3.0,,,reviewed,ath,us
2015-11-18T18:31:04.570Z,-8.8994,158.4217,12.59,6.8,mww,,19.0,1.599,0.85,us,us10003zcp,2022-08-01T18:38:10.120Z,"153 km WSW of Buala, Solomon Islands",earthquake,7.7,2.7,,,reviewed,us,us
2015-11-24T22:45:38.880Z,-10.5372,-70.9437,606.21,7.6,mww,,10.0,3.287,1.36,us,us100040ww,2022-05-03T19:21:42.904Z,"155 km WNW of Iñapari, Peru",earthquake,8.5,3.2,,,reviewed,us,us
2015-11-24T22:50:54.370Z,-10.0598,-71.0184,620.56,7.6,mww,,10.0,2.852,1.0,us,us100040x6,2022-05-03T17:36:19.318Z,"185 km WNW of Iñapari, Peru",earthquake,8.5,3.1,,,reviewed,us,us
2015-11-26T05:45:18.400Z,-9.1825,-71.2574,602.75,6.7,mww,,19.0,2.033,1.06,us,us100041f1,2022-08-01T20:31:10.288Z,"125 km SSW of Tarauacá, Brazil",earthquake,8.8,3.2,,,reviewed,us,us
2015-12-04T22:25:00.110Z,-47.6165,85.0913,35.0,7.1,mww,,8.0,10.034,1.42,us,us100043z2,2022-05-03T17:36:43.060Z,southeast Indian Ridge,earthquake,8.0,1.8,,,reviewed,us,us
2015-12-07T07:50:05.950Z,38.2107,72.7797,22.0,7.2,mww,,18.0,1.116,0.94,us,us100044k6,2022-08-01T22:13:43.941Z,"104 km W of Murghob, Tajikistan",earthquake,5.5,1.7,,,reviewed,us,us
2015-12-09T10:21:48.530Z,-4.1064,129.5079,21.0,6.9,mww,,14.0,2.979,0.86,us,us20004ft7,2022-08-01T22:40:17.187Z,"107 km SE of Amahai, Indonesia",earthquake,5.8,1.7,,,reviewed,us,us
2015-12-17T19:49:53.050Z,15.8015,-93.633,85.0,6.6,mww,,35.0,0.41,1.37,us,us100047zq,2022-05-03T19:18:19.005Z,"4 km W of Manuel Ávila Camacho (Ponte Duro), Mexico",earthquake,4.9,1.8,,,reviewed,us,us
2016-01-03T23:05:22.270Z,24.8036,93.6505,55.0,6.7,mww,,16.0,1.794,1.01,us,us10004b2n,2023-08-14T15:00:53.325Z,"29 km W of Imph?l, India",earthquake,4.5,1.8,,,reviewed,us,us
2016-01-11T16:38:05.900Z,3.8965,126.8621,13.0,6.5,mww,,22.0,3.144,0.72,us,us10004dj5,2022-05-03T17:39:22.536Z,"227 km SE of Sarangani, Philippines",earthquake,4.2,1.5,,,reviewed,us,us
2016-01-14T03:25:33.640Z,41.9723,142.781,46.0,6.7,mww,,22.0,0.281,0.98,us,us10004ebx,2025-04-06T15:04:28.717Z,"52 km SE of Shizunai-furukawach?, Japan",earthquake,6.2,1.9,,,reviewed,us,us
2016-01-21T18:06:57.650Z,18.8239,-106.9337,10.0,6.6,mww,,74.0,2.413,0.98,us,us10004g4l,2022-08-07T08:59:13.243Z,"203 km SW of La Cruz de Loreto, Mexico",earthquake,6.7,1.7,,,reviewed,us,us
2016-01-24T10:30:29.557Z,59.6204,-153.3392,125.6,7.1,mw,,,,1.05,ak,ak01613v15nv,2024-06-16T05:38:15.319Z,"47 km ESE of Pedro Bay, Alaska",earthquake,,0.4,,,reviewed,ak,ak
2016-01-30T03:25:12.220Z,53.9776,158.5463,177.0,7.2,mww,,17.0,0.958,1.19,us,us20004vvx,2022-08-07T09:07:37.983Z,"80 km S of Mil’kovo, Russia",earthquake,5.8,1.8,,,reviewed,us,us
2016-03-02T12:49:48.110Z,-4.9521,94.3299,24.0,7.8,mww,,20.0,7.009,1.14,us,us10004u1y,2022-08-07T10:07:56.151Z,"southwest of Sumatra, Indonesia",earthquake,7.5,1.8,,,reviewed,us,us
2016-04-03T08:23:52.320Z,-14.3235,166.8551,26.0,6.9,mww,,25.0,1.166,1.09,us,us20005e8t,2022-08-02T16:45:39.948Z,"82 km NNW of Port-Olry, Vanuatu",earthquake,6.4,1.7,,,reviewed,us,us
2016-04-06T06:58:48.210Z,-14.0683,166.6245,24.0,6.7,mww,,19.0,6.697,1.22,us,us20005fsi,2022-08-02T17:04:19.999Z,"102 km WSW of Sola, Vanuatu",earthquake,7.6,1.8,,,reviewed,us,us
2016-04-07T03:32:53.500Z,-13.9805,166.5943,27.59,6.7,mww,,25.0,6.787,0.76,us,us20005fzn,2022-08-02T17:08:00.819Z,"104 km W of Sola, Vanuatu",earthquake,7.1,3.1,,,reviewed,us,us
2016-04-10T10:28:58.720Z,36.4725,71.1311,212.0,6.6,mww,,17.0,0.789,1.03,us,us20005gsg,2022-05-03T17:44:09.631Z,"42 km WSW of Ashk?sham, Afghanistan",earthquake,6.5,1.8,,,reviewed,us,us
2016-04-13T13:55:17.800Z,23.0944,94.8654,136.0,6.9,mww,,14.0,3.001,1.03,us,us20005hqz,2022-05-03T18:51:09.920Z,"76 km SE of Mawlaik, Myanmar",earthquake,7.1,1.8,,,reviewed,us,us
2016-04-15T16:25:06.220Z,32.7906,130.7543,10.0,7.0,mww,,32.0,0.349,0.85,us,us20005iis,2026-07-29T07:52:59.235Z,"6 km ESE of Kumamoto, Japan",earthquake,4.9,1.7,,,reviewed,us,us
2016-04-16T23:58:36.980Z,0.3819,-79.9218,20.59,7.8,mww,,15.0,1.44,0.94,us,us20005j32,2025-08-01T09:59:30.614Z,"27 km SSE of Muisne, Ecuador",earthquake,5.7,3.2,,,reviewed,us,us
2016-04-28T19:33:24.070Z,-16.0429,167.3786,24.0,7.0,mww,,14.0,0.616,1.33,us,us10005c88,2022-05-03T18:52:02.036Z,"3 km NW of Norsup, Vanuatu",earthquake,2.9,1.7,,,reviewed,us,us
2016-04-29T01:33:38.910Z,10.2752,-103.7363,10.0,6.6,mww,,38.0,7.528,0.92,us,us10005cc4,2022-05-03T17:47:00.720Z,northern East Pacific Rise,earthquake,8.5,1.7,,,reviewed,us,us
2016-05-18T07:57:02.650Z,0.4261,-79.7899,16.0,6.7,mww,,21.0,1.352,1.13,us,us10005i5t,2022-05-03T18:52:34.877Z,"32 km SE of Muisne, Ecuador",earthquake,6.5,1.7,,,reviewed,us,us
2016-05-18T16:46:43.860Z,0.4947,-79.616,29.95,6.9,mww,,17.0,1.192,1.09,us,us10005i9n,2022-05-03T17:48:55.829Z,"24 km NW of Rosa Zarate, Ecuador",earthquake,6.6,3.0,,,reviewed,us,us
2016-05-28T05:38:50.550Z,-21.9724,-178.2038,405.69,6.9,mww,,19.0,5.485,0.94,us,us20005yqp,2024-01-17T21:10:14.187Z,Fiji region,earthquake,8.9,3.4,,,reviewed,us,us
2016-05-28T09:46:59.780Z,-56.2409,-26.9353,78.0,7.2,mww,,24.0,5.803,0.89,us,us20005ysu,2022-05-03T17:49:28.587Z,South Sandwich Islands region,earthquake,6.3,1.8,,,reviewed,us,us
2016-06-01T22:56:00.800Z,-2.0967,100.6654,50.0,6.6,mww,,16.0,2.435,0.87,us,us20005zt1,2022-08-03T00:34:07.219Z,"80 km W of Sungai Penuh, Indonesia",earthquake,3.5,1.8,,,reviewed,us,us
2016-07-29T21:18:24.740Z,18.5429,145.5073,196.0,7.7,mww,,14.0,3.294,1.38,us,us100068jg,2022-05-03T18:53:40.050Z,"Pagan region, Northern Mariana Islands",earthquake,7.5,1.8,,,reviewed,us,us
2016-08-12T01:26:36.280Z,-22.4765,173.1167,16.37,7.2,mww,,14.0,4.823,0.9,us,us10006d5h,2022-05-03T18:54:03.532Z,southeast of the Loyalty Islands,earthquake,6.7,2.6,,,reviewed,us,us
2016-08-19T07:32:22.710Z,-55.2852,-31.8766,10.0,7.4,mww,,18.0,2.852,0.79,us,us10006exl,2022-05-03T18:40:30.462Z,South Georgia Island region,earthquake,8.4,1.7,,,reviewed,us,us
2016-08-24T10:34:54.580Z,20.9228,94.569,82.0,6.8,mww,,17.0,1.802,1.05,us,us10006gbf,2023-12-18T16:33:59.409Z,"26 km W of Chauk, Myanmar",earthquake,5.9,1.9,,,reviewed,us,us
2016-08-29T04:29:57.860Z,-0.0456,-17.8255,10.0,7.1,mww,,24.0,8.561,0.87,us,us20006uy6,2022-05-03T18:54:32.251Z,north of Ascension Island,earthquake,8.4,1.7,,,reviewed,us,us
2016-08-31T03:11:34.420Z,-3.6849,152.7915,476.0,6.8,mww,,12.0,0.803,0.63,us,us10006iy0,2022-05-03T17:58:06.318Z,"90 km NE of Rabaul, Papua New Guinea",earthquake,8.1,1.9,,,reviewed,us,us
2016-09-01T16:37:57.300Z,-37.3586,179.1461,19.0,7.0,mww,,21.0,0.698,0.88,us,us10006jbi,2023-12-18T16:35:58.428Z,"175 km NE of Gisborne, New Zealand",earthquake,6.8,1.7,,,reviewed,us,us
2016-09-24T21:28:41.700Z,-19.7819,-178.2443,596.4,6.9,mww,,9.0,4.051,0.82,us,us10006scr,2022-05-03T18:00:30.489Z,Fiji region,earthquake,9.2,3.5,,,reviewed,us,us
2016-10-17T06:14:58.270Z,-6.0033,148.8871,42.0,6.8,mww,,11.0,3.727,1.13,us,us20007ept,2022-05-03T18:03:14.166Z,"76 km WNW of Kandrian, Papua New Guinea",earthquake,1.8,1.8,,,reviewed,us,us
2016-10-19T00:26:01.090Z,-4.8626,108.1627,614.0,6.6,mww,,16.0,2.022,1.21,us,us20007f7j,2022-05-03T18:02:02.240Z,"161 km NNE of Pamanukan, Indonesia",earthquake,6.6,1.9,,,reviewed,us,us
2016-10-30T06:40:18.670Z,42.8621,13.0961,8.0,6.6,mww,,25.0,0.174,0.67,us,us1000731j,2023-12-18T16:43:26.687Z,"5 km ESE of Preci, Italy",earthquake,5.3,1.8,,,reviewed,us,us
2016-11-13T11:02:56.340Z,-42.7373,173.054,15.11,7.8,mww,,21.0,0.481,0.56,us,us1000778i,2024-04-17T11:08:39.657Z,"53 km NNE of Amberley, New Zealand",earthquake,4.6,3.2,,,reviewed,us,us
2016-11-13T11:32:06.540Z,-42.3205,173.6694,10.0,6.5,mww,,58.0,0.135,1.45,us,us10007795,2024-04-17T11:10:59.177Z,"92 km SSW of Blenheim, New Zealand",earthquake,4.4,1.7,,,reviewed,us,us
2016-11-14T00:34:22.610Z,-42.6058,173.2543,9.0,6.5,mww,,56.0,0.283,1.05,us,us100077hw,2022-05-03T19:48:10.595Z,"74 km NE of Amberley, New Zealand",earthquake,4.0,1.7,,,reviewed,us,us
2016-11-21T20:59:49.270Z,37.3931,141.387,9.0,6.9,mww,,10.0,0.671,0.77,us,us10007b88,2022-10-24T18:57:34.065Z,"35 km ESE of Namie, Japan",earthquake,5.2,1.7,,,reviewed,us,us
2016-11-24T18:43:47.710Z,11.9097,-88.8968,10.0,6.9,mww,,20.0,1.796,1.02,us,us10007c4w,2022-05-03T19:49:51.611Z,"156 km SSW of Puerto El Triunfo, El Salvador",earthquake,5.6,1.6,,,reviewed,us,us
2016-11-25T14:24:30.710Z,39.2732,73.9776,17.0,6.6,mww,,20.0,1.697,0.88,us,us10007ca5,2022-05-03T19:49:54.952Z,"122 km N of Murghob, Tajikistan",earthquake,5.9,1.7,,,reviewed,us,us
2016-12-06T22:03:33.390Z,5.2834,96.1678,13.0,6.5,mww,,27.0,0.778,1.13,us,us10007ghm,2025-05-29T23:20:25.575Z,"14 km WNW of Reuleuet, Indonesia",earthquake,5.6,0.2,,,reviewed,us,us
2016-12-08T14:49:45.910Z,40.4535,-126.1936,8.45,6.6,mww,,55.0,1.405,1.11,us,us20007z6r,2022-05-03T18:04:29.554Z,"164 km W of Ferndale, California",earthquake,6.1,2.4,,,reviewed,us,us
2016-12-08T17:38:46.280Z,-10.6812,161.3273,40.0,7.8,mww,,13.0,1.836,0.88,us,us20007z80,2022-05-03T18:56:20.197Z,"69 km WSW of Kirakira, Solomon Islands",earthquake,8.3,1.8,,,reviewed,us,us
2016-12-08T21:56:07.500Z,-10.8416,161.3137,12.26,6.5,mww,,18.0,1.937,0.98,us,us20007zbn,2022-05-03T18:04:36.713Z,"79 km WSW of Kirakira, Solomon Islands",earthquake,7.1,1.5,,,reviewed,us,us
2016-12-09T19:10:06.840Z,-10.749,161.1316,19.73,6.9,mww,,26.0,1.747,0.88,us,us20007zlq,2022-05-03T18:56:21.545Z,"92 km WSW of Kirakira, Solomon Islands",earthquake,7.0,2.6,,,reviewed,us,us
2016-12-17T10:51:10.500Z,-4.5049,153.5216,94.54,7.9,mww,,13.0,1.389,0.97,us,us200081v8,2023-12-01T16:46:19.052Z,"140 km E of Kokopo, Papua New Guinea",earthquake,7.3,3.8,,,reviewed,us,us
2016-12-21T00:17:14.990Z,-7.5082,127.9206,152.0,6.7,mww,,17.0,3.38,1.2,us,us10007lkw,2022-05-03T18:56:35.853Z,"151 km NE of Lospalos, Timor Leste",earthquake,5.3,1.8,,,reviewed,us,us
2016-12-25T14:22:27.010Z,-43.4064,-73.9413,38.0,7.6,mww,,29.0,0.355,0.79,us,us10007mn3,2024-04-17T11:07:38.805Z,"41 km SW of Quellón, Chile",earthquake,5.4,1.9,,,reviewed,us,us
2017-01-03T21:52:30.670Z,-19.3733,176.0518,12.0,6.9,mww,,13.0,2.495,0.9,us,us10007pj6,2022-05-03T18:10:28.133Z,"225 km SW of Nadi, Fiji",earthquake,7.3,1.7,,,reviewed,us,us
2017-01-10T06:13:48.140Z,4.4782,122.6171,627.17,7.3,mww,,18.0,3.813,1.05,us,us10007s9c,2022-05-03T19:43:16.287Z,"189 km SSE of Tabiauan, Philippines",earthquake,8.5,3.0,,,reviewed,us,us
2017-01-19T23:04:21.150Z,-10.3506,161.3355,36.0,6.5,mww,,21.0,1.64,0.85,us,us10007u7n,2022-05-03T19:51:36.284Z,"65 km W of Kirakira, Solomon Islands",earthquake,6.6,1.8,,,reviewed,us,us
2017-01-22T04:30:22.960Z,-6.2464,155.1718,135.0,7.9,mww,,9.0,3.625,1.22,us,us10007uph,2022-05-03T18:57:22.533Z,"35 km WNW of Panguna, Papua New Guinea",earthquake,7.3,1.8,0.042,54.0,reviewed,us,us
2017-02-10T14:03:43.920Z,9.9071,125.4516,15.0,6.5,mww,,36.0,2.822,0.95,us,us20008ixa,2024-06-12T14:56:14.647Z,"11 km N of Mabua, Philippines",earthquake,5.2,1.7,,,reviewed,us,us
2017-02-21T14:09:04.320Z,-19.2814,-63.9047,595.98,6.5,mww,,14.0,4.242,0.9,us,us20008l41,2022-05-03T18:11:32.933Z,"41 km E of Padilla, Bolivia",earthquake,9.6,3.0,0.04,59.0,reviewed,us,us
2017-02-24T17:28:44.840Z,-23.2593,-178.8036,414.5,6.9,mww,,19.0,6.012,0.95,us,us20008m3t,2022-05-03T18:57:37.722Z,south of the Fiji Islands,earthquake,8.6,3.5,,,reviewed,us,us
2017-03-29T04:09:24.190Z,56.9401,162.7861,17.0,6.6,mww,,14.0,4.591,0.75,us,us20008vhl,2022-05-03T18:14:22.349Z,"81 km NNE of Ust’-Kamchatsk Staryy, Russia",earthquake,6.8,1.7,0.039,63.0,reviewed,us,us
2017-04-03T17:40:18.560Z,-22.6784,25.1558,29.0,6.5,mww,,15.0,2.36,1.11,us,us10008e3k,2022-05-03T18:15:03.303Z,"132 km WSW of Moijabana, Botswana",earthquake,7.5,1.8,0.048,42.0,reviewed,us,us
2017-04-24T21:38:30.820Z,-33.0375,-72.0617,28.0,6.9,mww,,39.0,0.356,0.73,us,us10008kce,2025-07-24T07:10:39.707Z,"40 km W of Valparaíso, Chile",earthquake,4.9,1.8,,,reviewed,us,us
2017-04-28T20:23:17.260Z,5.5043,125.0658,26.0,6.9,mww,,14.0,1.636,0.99,us,us10008ls4,2025-07-15T17:50:03.876Z,"31 km SW of Burias, Philippines",earthquake,6.6,1.8,0.044,49.0,reviewed,us,us
2017-05-09T13:52:10.940Z,-14.5884,167.3767,169.0,6.8,mww,,19.0,7.495,0.97,us,us10008qsb,2022-05-03T19:54:48.147Z,"59 km NNE of Port-Olry, Vanuatu",earthquake,8.7,1.9,0.052,35.0,reviewed,us,us
2017-05-10T23:23:36.830Z,-56.414,-25.7432,15.0,6.5,mww,,17.0,6.489,0.88,us,us10008rb6,2022-05-03T19:43:22.977Z,South Sandwich Islands region,earthquake,7.5,1.3,0.041,56.0,reviewed,us,us
2017-05-29T14:35:21.510Z,-1.2923,120.4313,12.0,6.6,mww,,18.0,2.353,0.9,us,us10008w1z,2025-05-29T23:22:16.866Z,"37 km WNW of Poso, Indonesia",earthquake,5.6,1.7,0.045,47.0,reviewed,us,us
2017-06-02T22:24:47.440Z,54.0312,170.9196,5.0,6.8,mww,,12.0,2.308,0.91,us,us20009jd6,2023-08-08T18:09:23.937Z,"200 km NW of Attu Station, Alaska",earthquake,6.7,1.7,0.038,68.0,reviewed,us,us
2017-06-14T07:29:04.390Z,14.9091,-92.0092,93.0,6.9,mww,,35.0,0.247,1.42,us,us20009mbt,2022-05-03T19:54:32.174Z,"2 km SSW of San Pablo, Guatemala",earthquake,2.8,2.2,0.026,146.0,reviewed,us,us
2017-06-22T12:31:03.490Z,13.7174,-90.9718,38.12,6.8,mww,,38.0,1.065,1.46,us,us20009p1a,2022-05-03T18:59:48.269Z,"28 km SW of Puerto San José, Guatemala",earthquake,6.8,3.5,0.028,123.0,reviewed,us,us
2017-07-06T08:03:57.550Z,11.1269,124.6286,9.0,6.5,mww,,30.0,4.139,0.65,us,us1000976a,2026-02-01T06:56:40.503Z,"2 km S of Lim-oo, Philippines",earthquake,6.9,1.8,0.047,44.0,reviewed,us,us
2017-07-11T07:00:01.190Z,-49.4837,164.0157,10.0,6.6,mww,,37.0,3.773,1.5,us,us100098qm,2022-05-03T18:34:59.152Z,"Auckland Islands, New Zealand region",earthquake,7.2,1.7,0.057,30.0,reviewed,us,us
2017-07-17T23:34:13.740Z,54.4434,168.857,10.0,7.7,mww,,13.0,3.564,0.68,us,us20009x42,2022-08-07T12:08:04.728Z,"Komandorskiye Ostrova, Russia region",earthquake,7.0,1.8,0.036,73.0,reviewed,us,us
2017-07-20T22:31:11.260Z,36.9293,27.4139,7.0,6.6,mww,,16.0,0.913,0.78,us,us20009ynd,2023-05-16T18:42:35.068Z,"11 km ENE of Kos, Greece",earthquake,4.3,1.7,0.058,29.0,reviewed,us,us
2017-08-08T13:19:49.540Z,33.1926,103.8552,9.0,6.5,mww,,22.0,11.411,0.77,us,us2000a5x1,2025-03-26T13:06:18.297Z,"168 km SW of Mawu, China",earthquake,4.3,1.7,0.043,52.0,reviewed,us,us
2017-08-18T02:59:25.640Z,-1.112,-13.6605,35.0,6.6,mww,,24.0,6.811,0.74,us,us2000a98r,2022-08-07T15:02:26.574Z,north of Ascension Island,earthquake,8.6,1.9,0.06,27.0,reviewed,us,us
2017-09-08T04:49:19.180Z,15.0222,-93.8993,47.39,8.2,mww,,22.0,0.944,1.22,us,us2000ahv0,2026-07-25T17:16:42.721Z,"2017 Tehuantepec, Mexico Earthquake",earthquake,6.2,3.7,0.058,29.0,reviewed,us,us
2017-09-19T18:14:38.090Z,18.5499,-98.4887,48.0,7.1,mww,,23.0,0.984,1.14,us,us2000ar20,2026-08-05T06:54:28.435Z,"1 km S of Matzaco, Mexico",earthquake,4.5,1.8,0.048,41.0,reviewed,us,us
2017-10-08T22:34:33.490Z,52.3909,176.7691,119.0,6.5,mww,,11.0,1.154,0.81,us,us2000b2vq,2023-08-10T13:53:17.709Z,"247 km ESE of Attu Station, Alaska",earthquake,3.5,1.7,0.043,51.0,reviewed,us,us
2017-10-10T18:53:27.830Z,-54.2632,8.6086,9.0,6.7,mww,,20.0,18.167,1.08,us,us1000apql,2022-05-03T19:59:55.931Z,Bouvet Island region,earthquake,8.8,1.8,0.083,14.0,reviewed,us,us
2017-10-24T10:47:47.860Z,-7.2168,123.0735,553.81,6.7,mww,,16.0,1.634,0.97,us,us1000aw8q,2022-05-03T18:39:26.957Z,"181 km NNE of Maumere, Indonesia",earthquake,8.6,3.1,0.046,46.0,reviewed,us,us
2017-10-31T00:42:08.720Z,-21.6971,169.1485,24.0,6.7,mww,,55.0,1.062,1.46,us,us1000aytk,2022-08-07T20:37:06.451Z,"132 km E of Tadine, New Caledonia",earthquake,6.5,1.8,0.038,68.0,reviewed,us,us
2017-11-01T02:23:57.670Z,-21.6484,168.8585,22.0,6.6,mww,,29.0,0.788,1.39,us,us1000azjt,2022-05-03T18:41:34.850Z,"101 km E of Tadine, New Caledonia",earthquake,6.8,1.8,0.038,66.0,reviewed,us,us
2017-11-04T09:00:19.420Z,-15.3197,-173.1682,10.0,6.8,mww,,21.0,4.852,0.94,us,us2000bibm,2022-05-03T19:01:27.785Z,"97 km NE of Hihifo, Tonga",earthquake,8.1,1.7,0.044,50.0,reviewed,us,us
2017-11-07T21:26:38.480Z,-4.2433,143.4846,110.57,6.5,mww,,10.0,4.449,0.97,us,us2000bk15,2022-05-03T19:44:02.012Z,"67 km WSW of Angoram, Papua New Guinea",earthquake,7.2,3.3,0.044,50.0,reviewed,us,us
2017-11-12T18:18:17.180Z,34.9109,45.9592,19.0,7.3,mww,,33.0,0.284,1.29,us,us2000bmcg,2024-07-31T22:26:02.515Z,"29 km S of ?alabja, Iraq",earthquake,4.9,1.7,0.044,50.0,reviewed,us,us
2017-11-13T02:28:23.680Z,9.5147,-84.4865,19.36,6.5,mww,,37.0,0.225,1.25,us,us2000bmhe,2026-02-10T18:31:43.966Z,"18 km W of Parrita, Costa Rica",earthquake,5.0,2.6,0.05,38.0,reviewed,us,us
2017-11-19T15:09:02.880Z,-21.5027,168.5984,13.0,6.6,mww,,21.0,0.529,0.85,us,us2000brgk,2022-05-03T19:44:23.330Z,"74 km E of Tadine, New Caledonia",earthquake,4.9,1.7,0.037,72.0,reviewed,us,us
2017-11-19T22:43:29.250Z,-21.3246,168.6715,10.0,7.0,mww,,14.0,0.617,0.65,us,us2000brlf,2022-05-03T19:44:28.459Z,"85 km ENE of Tadine, New Caledonia",earthquake,5.6,1.7,0.071,19.0,reviewed,us,us
2017-11-30T06:32:50.760Z,-1.0802,-23.4323,10.0,6.5,mww,,26.0,11.148,0.65,us,us1000bj7t,2022-05-03T19:52:35.163Z,central Mid-Atlantic Ridge,earthquake,9.1,1.8,0.045,48.0,reviewed,us,us
2017-12-13T18:03:43.920Z,-54.2189,2.1628,17.0,6.5,mww,,23.0,17.654,0.99,us,us2000c3y6,2022-05-03T18:43:06.423Z,Bouvet Island region,earthquake,9.7,1.7,0.041,57.0,reviewed,us,us
2017-12-15T16:47:58.230Z,-7.4921,108.1743,90.0,6.5,mww,,28.0,2.365,1.07,us,us2000c4v8,2025-05-01T02:07:22.109Z,"12 km SSW of Kawalu, Indonesia",earthquake,8.0,1.8,0.058,29.0,reviewed,us,us
2018-01-10T02:51:33.290Z,17.4825,-83.52,19.0,7.5,mww,,12.0,4.581,0.82,us,us1000c2zy,2022-05-03T18:44:48.043Z,"203 km NNE of Barra Patuca, Honduras",earthquake,5.8,1.7,0.035,79.0,reviewed,us,us
2018-01-14T09:18:45.540Z,-15.7675,-74.7092,39.0,7.1,mww,,23.0,4.29,1.2,us,us2000cjfy,2022-05-03T18:45:10.126Z,"37 km W of Atiquipa, Peru",earthquake,7.0,1.8,0.032,95.0,reviewed,us,us
2018-01-23T09:31:40.890Z,56.0039,-149.1658,14.06,7.9,mww,,30.0,2.585,0.77,us,us2000cmy3,2024-11-08T00:08:49.736Z,"261 km SE of Chiniak, Alaska",earthquake,6.0,2.8,0.034,81.0,reviewed,us,us
2018-01-28T16:03:03.970Z,-53.0623,9.6842,10.0,6.6,mww,,27.0,19.475,0.61,us,us2000cqnn,2022-05-03T19:02:45.612Z,southwest of Africa,earthquake,10.3,1.8,0.055,32.0,reviewed,us,us
2018-02-16T23:39:39.280Z,16.3855,-97.9787,22.0,7.2,mww,,82.0,0.142,1.23,us,us2000d3km,2024-10-07T06:48:33.331Z,"4 km S of Pinotepa de Don Luis, Mexico",earthquake,4.3,1.8,0.062,25.0,reviewed,us,us
2018-02-25T17:44:44.140Z,-6.0699,142.7536,25.21,7.5,mww,,17.0,5.48,1.31,us,us2000d7q6,2022-05-03T19:44:51.042Z,"32 km SW of Tari, Papua New Guinea",earthquake,7.2,3.0,0.039,63.0,reviewed,us,us
2018-03-06T14:13:07.650Z,-6.3043,142.6116,20.49,6.7,mww,,19.0,5.457,0.97,us,us2000dcx1,2022-05-03T20:02:39.362Z,"62 km SW of Tari, Papua New Guinea",earthquake,5.3,2.7,0.038,68.0,reviewed,us,us
2018-03-08T17:39:51.100Z,-4.3762,153.1996,22.86,6.8,mww,,16.0,1.049,1.05,us,us1000d1kv,2022-08-08T01:06:29.718Z,"103 km E of Kokopo, Papua New Guinea",earthquake,6.5,3.0,0.046,45.0,reviewed,us,us
2018-03-26T09:51:00.430Z,-5.5024,151.4025,40.0,6.7,mww,,15.0,1.507,1.18,us,us1000d937,2022-05-03T19:09:15.774Z,"140 km E of Kimbe, Papua New Guinea",earthquake,6.5,0.8,0.049,40.0,reviewed,us,us
2018-03-29T21:25:36.790Z,-5.5321,151.4999,35.0,6.9,mww,,18.0,1.487,1.02,us,us1000db40,2022-05-03T19:08:55.153Z,"150 km E of Kimbe, Papua New Guinea",earthquake,6.6,1.8,0.057,30.0,reviewed,us,us
2018-04-02T13:40:34.840Z,-20.6588,-63.0058,559.0,6.8,mww,,16.0,5.32,0.99,us,us1000dce2,2022-05-03T19:08:58.878Z,"38 km SE of Boyuibe, Bolivia",earthquake,6.7,1.9,0.047,43.0,reviewed,us,us
2018-05-04T22:32:54.650Z,19.3181667,-154.9996667,5.81,6.9,mw,63.0,210.0,0.11,0.11,hv,hv70116556,2023-11-27T02:35:11.076Z,"18 km SSW of Leilani Estates, Hawaii",earthquake,0.52,0.31,,10.0,reviewed,hv,hv
2018-08-05T11:46:38.630Z,-8.2581,116.4375,34.0,6.9,mww,,15.0,2.271,1.05,us,us1000g3ub,2025-09-29T16:00:15.152Z,"36 km NW of Labuan Lombok, Indonesia",earthquake,6.2,1.7,0.034,83.0,reviewed,us,us
2018-08-15T21:56:56.310Z,51.4234,-178.0262,33.93,6.5,mww,,22.0,0.576,0.72,us,us1000ga0z,2023-08-16T14:50:42.315Z,"108 km WSW of Adak, Alaska",earthquake,4.7,2.5,0.033,88.0,reviewed,us,us
2018-08-17T15:35:01.890Z,-7.3718,119.8017,529.0,6.5,mww,,23.0,2.719,0.98,us,us1000gbi4,2022-05-03T20:03:34.899Z,"124 km N of Labuan Bajo, Indonesia",earthquake,8.8,1.9,0.045,48.0,reviewed,us,us
2018-08-19T00:19:40.670Z,-18.1125,-178.153,600.0,8.2,mww,,13.0,3.63,0.79,us,us1000gcii,2025-11-26T16:39:52.070Z,2018 Fiji Earthquake,earthquake,9.6,1.9,0.045,47.0,reviewed,us,us
2018-08-19T14:56:27.490Z,-8.319,116.6272,21.0,6.9,mww,,31.0,2.453,0.88,us,us1000gda5,2023-09-15T09:56:48.262Z,"20 km NNW of Labuan Lombok, Indonesia",earthquake,6.4,1.8,0.057,30.0,reviewed,us,us
2018-08-21T21:31:47.600Z,10.7731,-62.9019,146.82,7.3,mww,,15.0,1.822,1.1,us,us1000gez7,2026-06-29T02:22:29.627Z,"40 km ENE of Carúpano, Venezuela",earthquake,7.5,3.4,0.033,88.0,reviewed,us,us
2018-08-21T22:32:26.470Z,-16.0315,168.1428,9.0,6.5,mww,,10.0,4.797,0.74,us,us1000gf2g,2022-08-08T07:22:11.439Z,"78 km E of Lakatoro, Vanuatu",earthquake,7.4,1.7,0.098,10.0,reviewed,us,us
2018-08-24T09:04:08.250Z,-11.0355,-70.8284,630.0,7.1,mww,,12.0,3.77,0.99,us,us1000ggj4,2022-05-03T19:28:20.969Z,"136 km W of Iñapari, Peru",earthquake,9.1,1.9,0.055,32.0,reviewed,us,us
2018-08-29T03:51:56.100Z,-22.0295,170.1262,21.43,7.1,mww,,23.0,2.548,0.98,us,us1000gjaz,2022-08-08T07:34:14.777Z,"238 km ESE of Tadine, New Caledonia",earthquake,5.8,2.8,0.049,40.0,reviewed,us,us
2018-09-05T18:07:59.150Z,42.6861,141.9294,35.0,6.6,mww,,32.0,1.13,0.74,us,us2000h8ty,2025-04-09T04:09:29.051Z,"27 km ESE of Chitose, Japan",earthquake,6.5,1.9,0.062,25.0,reviewed,us,us
2018-09-06T15:49:18.710Z,-18.4743,179.3502,670.81,7.9,mww,,12.0,1.431,1.07,us,us2000h9e2,2022-05-03T19:33:29.496Z,"45 km S of Levuka, Fiji",earthquake,9.5,2.8,0.025,157.0,reviewed,us,us
2018-09-09T19:31:35.090Z,-10.0207,161.5025,68.0,6.5,mww,,25.0,1.638,0.97,us,us2000hbk9,2022-05-03T19:29:44.314Z,"66 km NW of Kirakira, Solomon Islands",earthquake,7.5,1.9,0.035,77.0,reviewed,us,us
2018-09-10T04:19:02.630Z,-31.7447,-179.3728,115.0,6.9,mww,,18.0,2.785,0.97,us,us2000hbpv,2022-05-03T19:46:20.198Z,Kermadec Islands region,earthquake,8.7,1.8,0.034,83.0,reviewed,us,us
2018-09-16T21:11:48.820Z,-25.415,178.1991,576.0,6.5,mww,,18.0,5.139,0.75,us,us2000hfjk,2022-08-08T08:15:05.063Z,south of the Fiji Islands,earthquake,9.3,1.9,0.06,27.0,reviewed,us,us
2018-09-28T10:02:45.250Z,-0.2559,119.8462,20.0,7.5,mww,,13.0,1.649,1.0,us,us1000h3p4,2026-06-08T04:53:31.212Z,"72 km N of Palu, Indonesia",earthquake,5.8,1.8,0.05,39.0,reviewed,us,us
2018-09-30T10:52:23.010Z,-18.3604,-178.0633,550.0,6.7,mww,,23.0,3.745,1.07,us,us1000h4l1,2022-05-03T19:33:34.950Z,"279 km E of Levuka, Fiji",earthquake,7.6,1.9,0.04,60.0,reviewed,us,us
2018-10-10T20:48:20.100Z,-5.7012,151.2046,39.0,7.0,mww,,18.0,1.778,1.1,us,us1000haa3,2022-05-03T19:50:21.621Z,"119 km E of Kimbe, Papua New Guinea",earthquake,7.2,1.9,0.056,31.0,reviewed,us,us
2018-10-10T23:16:02.130Z,49.2902,156.2968,20.0,6.5,mww,,14.0,3.923,0.64,us,us1000hacw,2022-05-03T19:34:52.115Z,"154 km S of Severo-Kuril’sk, Russia",earthquake,7.4,1.8,0.053,34.0,reviewed,us,us
2018-10-13T11:10:22.400Z,52.8549,153.2429,461.0,6.7,mww,,17.0,2.705,0.74,us,us1000hbkz,2022-05-03T19:35:22.584Z,"269 km WNW of Ozernovskiy, Russia",earthquake,6.5,1.9,0.033,89.0,reviewed,us,us
2018-10-16T01:03:43.580Z,-21.7427,169.5217,17.0,6.5,mww,,22.0,2.109,0.76,us,us1000hclz,2022-05-03T19:35:30.732Z,"171 km E of Tadine, New Caledonia",earthquake,7.2,1.6,0.046,45.0,reviewed,us,us
2018-10-22T05:39:39.590Z,49.2586,-129.4124,10.0,6.5,mww,,63.0,1.611,0.94,us,us1000hfgn,2022-05-03T19:35:53.041Z,"223 km SW of Port McNeill, Canada",earthquake,4.4,1.5,0.046,46.0,reviewed,us,us
2018-10-22T06:16:26.450Z,49.3346,-129.289,10.0,6.8,mww,,36.0,1.505,1.09,us,us1000hfgv,2022-05-03T19:35:42.430Z,"210 km SW of Port McNeill, Canada",earthquake,6.0,1.8,0.042,55.0,reviewed,us,us
2018-10-22T06:22:48.120Z,49.297,-129.7237,10.0,6.5,mww,,68.0,1.692,0.71,us,us1000hfh3,2022-05-03T19:35:47.549Z,"237 km SW of Port McNeill, Canada",earthquake,3.3,1.7,0.071,19.0,reviewed,us,us
2018-10-25T22:54:52.630Z,37.5203,20.5565,14.0,6.8,mww,,15.0,2.268,0.82,us,us1000hhb1,2022-05-03T19:36:42.091Z,"32 km SW of Lithakiá, Greece",earthquake,4.9,1.7,0.043,51.0,reviewed,us,us
2018-11-09T01:49:40.050Z,71.6312,-11.2431,10.0,6.7,mww,,19.0,7.853,0.94,us,us1000hpim,2022-05-03T19:38:17.657Z,"120 km NW of Olonkinbyen, Svalbard and Jan Mayen",earthquake,6.9,1.8,0.034,81.0,reviewed,us,us
2018-11-18T20:25:46.590Z,-17.8735,-178.9273,540.0,6.8,mww,,39.0,2.879,1.3,us,us1000htm5,2022-05-03T19:50:32.483Z,"187 km E of Levuka, Fiji",earthquake,8.1,1.9,0.038,65.0,reviewed,us,us
2018-11-30T17:29:29.330Z,61.3464,-149.9552,46.7,7.1,mw,,,,1.04,ak,ak018fcnsk91,2025-12-08T00:32:38.359Z,"1 km SE of Point MacKenzie, Alaska",earthquake,,0.1,,,reviewed,ak,ak
2018-12-05T04:18:08.420Z,-21.9496,169.4266,10.0,7.5,mww,,18.0,2.405,0.74,us,us1000i2gt,2022-05-03T19:50:49.454Z,"166 km ESE of Tadine, New Caledonia",earthquake,5.1,1.5,0.047,44.0,reviewed,us,us
2018-12-05T06:43:04.130Z,-22.0629,169.7331,10.0,6.6,mww,,31.0,2.679,0.97,us,us1000i2k0,2022-05-03T19:40:48.373Z,"199 km ESE of Tadine, New Caledonia",earthquake,7.9,1.8,0.044,50.0,reviewed,us,us
2018-12-11T02:26:29.420Z,-58.5446,-26.3856,133.0,7.1,mww,,20.0,7.043,0.92,us,us2000isc8,2022-05-03T19:41:07.127Z,South Sandwich Islands region,earthquake,9.8,1.9,0.029,113.0,reviewed,us,us
2018-12-20T17:01:55.150Z,55.0999,164.6993,16.56,7.3,mww,,23.0,4.126,0.79,us,us2000ivfw,2022-05-03T19:42:10.731Z,"187 km SE of Ust’-Kamchatsk Staryy, Russia",earthquake,7.9,2.9,0.025,155.0,reviewed,us,us
2018-12-29T03:39:09.740Z,5.8983,126.9209,60.21,7.0,mww,,21.0,1.769,1.45,us,us2000iyta,2025-07-15T17:58:58.027Z,"96 km ESE of Pondaguitan, Philippines",earthquake,6.1,3.2,0.038,67.0,reviewed,us,us
2019-01-05T19:25:38.520Z,-8.144,-71.587,570.41,6.8,mww,,16.0,1.181,1.15,us,us2000j0ja,2025-12-22T17:53:24.312Z,"90 km W of Tarauacá, Brazil",earthquake,7.1,2.7,0.049,40.0,reviewed,us,us
2019-01-06T17:27:18.980Z,2.258,126.758,43.21,6.6,mww,,33.0,1.596,0.87,us,us2000j0uj,2025-12-22T17:53:28.672Z,Molucca Sea,earthquake,6.7,3.6,0.038,68.0,reviewed,us,us
2019-01-15T18:06:34.300Z,-13.336,166.8752,35.0,6.6,mww,,18.0,7.818,0.75,us,us2000j468,2025-12-22T18:01:40.993Z,"94 km NW of Sola, Vanuatu",earthquake,8.2,1.9,0.038,66.0,reviewed,us,us
2019-01-20T01:32:52.480Z,-30.0404,-71.3815,63.0,6.7,mww,,22.0,0.173,1.47,us,us2000j6hy,2025-12-22T18:02:58.269Z,"10 km SSW of Coquimbo, Chile",earthquake,5.8,1.8,0.036,73.0,reviewed,us,us
2019-01-22T19:01:43.580Z,-43.1219,42.3568,13.0,6.7,mww,,17.0,7.527,0.72,us,us2000j7dn,2025-12-22T18:03:00.422Z,Prince Edward Islands region,earthquake,4.9,1.7,0.04,61.0,reviewed,us,us
2019-02-01T16:14:12.329Z,14.6802,-92.4527,66.0,6.7,mww,,43.0,0.289,1.36,us,us2000jbub,2025-12-22T18:55:26.669Z,"5 km SW of Puerto Madero, Mexico",earthquake,5.7,1.8,0.065,23.0,reviewed,us,us
2019-02-22T10:17:23.770Z,-2.1862,-77.0505,145.0,7.5,mww,,15.0,2.045,1.12,us,us2000jlfv,2025-12-22T18:03:48.343Z,"115 km ESE of Palora, Ecuador",earthquake,6.2,1.8,0.026,144.0,reviewed,us,us
2019-03-01T08:50:42.591Z,-14.7131,-70.1546,267.0,7.0,mww,,42.0,2.501,1.13,us,us1000j96d,2025-12-22T18:56:34.300Z,"22 km NNE of Azángaro, Peru",earthquake,7.6,1.9,0.033,87.0,reviewed,us,us
2019-04-09T17:53:58.423Z,-58.6262,-25.304,38.0,6.5,mww,,18.0,7.568,1.08,us,us600032fg,2025-12-22T18:07:36.755Z,South Sandwich Islands region,earthquake,8.2,1.8,0.049,40.0,reviewed,us,us
2019-04-12T11:40:49.363Z,-1.8146,122.5798,15.46,6.8,mww,,28.0,0.791,1.16,us,us700034xq,2025-12-22T18:07:42.352Z,"Sulawesi, Indonesia",earthquake,2.0,2.8,0.056,31.0,reviewed,us,us
2019-05-06T21:19:37.983Z,-6.9746,146.4494,146.0,7.1,mww,,16.0,2.514,1.02,us,us70003hqb,2025-12-22T17:54:41.705Z,"32 km NW of Bulolo, Papua New Guinea",earthquake,6.6,1.6,0.032,93.0,reviewed,us,us
2019-05-14T12:58:25.939Z,-4.051,152.5967,10.0,7.6,mww,,16.0,0.453,1.0,us,us70003kyy,2025-12-22T18:09:33.553Z,"48 km NE of Kokopo, Papua New Guinea",earthquake,3.8,1.6,0.046,45.0,reviewed,us,us
2019-05-26T07:41:15.073Z,-5.8119,-75.2697,122.57,8.0,mww,,17.0,3.18,0.84,us,us60003sc0,2026-08-29T05:49:38.488Z,"78 km NE of Navarro, Peru",earthquake,7.0,4.0,0.036,75.0,reviewed,us,us
2019-05-30T09:03:32.337Z,13.1994,-89.3056,57.92,6.6,mww,,22.0,1.193,0.83,us,us70003t2n,2025-12-22T18:54:47.868Z,"32 km S of La Libertad, El Salvador",earthquake,1.7,5.5,0.073,18.0,reviewed,us,us
2019-06-15T22:55:04.130Z,-30.6441,-178.0995,46.0,7.3,mww,,11.0,1.402,0.81,us,us6000417i,2025-12-22T18:20:34.003Z,"Kermadec Islands, New Zealand",earthquake,9.1,1.8,0.029,113.0,reviewed,us,us
2019-06-24T02:53:39.830Z,-6.4078,129.1692,212.0,7.3,mww,,16.0,2.629,1.08,us,us600044zz,2025-12-22T18:12:00.331Z,Banda Sea,earthquake,5.1,1.8,0.045,48.0,reviewed,us,us
2019-07-06T03:19:53.040Z,35.7695,-117.5993333,8.0,7.1,mw,77.0,43.0,0.04616,0.22,ci,ci38457511,2026-07-28T13:22:37.753Z,Ridgecrest Earthquake Sequence,earthquake,0.19,31.61,0.028,126.0,reviewed,ci,ci
2019-07-07T15:08:40.525Z,0.5126,126.1892,35.0,6.9,mww,,21.0,1.205,0.8,us,us70004dz3,2025-12-22T17:54:55.770Z,"136 km WSW of Ternate, Indonesia",earthquake,6.2,1.9,0.043,51.0,reviewed,us,us
2019-07-14T05:39:23.420Z,-18.2242,120.3584,10.0,6.6,mww,,32.0,2.978,0.7,us,us70004jxe,2025-12-22T18:13:30.360Z,"198 km W of Cable Beach, Australia",earthquake,6.5,1.5,0.029,116.0,reviewed,us,us
2019-07-14T09:10:51.523Z,-0.5858,128.034,18.98,7.2,mww,,38.0,1.504,0.88,us,us70004jyv,2025-12-22T17:54:59.386Z,"155 km SSE of Sofifi, Indonesia",earthquake,7.3,3.4,0.049,40.0,reviewed,us,us
2019-07-31T15:02:33.853Z,-16.1985,167.9982,181.0,6.6,mww,,30.0,6.024,0.99,us,us60004xz4,2025-12-22T18:14:18.767Z,"63 km E of Lakatoro, Vanuatu",earthquake,7.6,1.8,0.038,65.0,reviewed,us,us
2019-08-01T18:28:07.270Z,-34.2364,-72.3102,25.0,6.8,mww,,35.0,0.817,0.91,us,us60004yps,2025-12-22T18:17:54.982Z,"96 km SW of San Antonio, Chile",earthquake,5.1,1.8,0.045,48.0,reviewed,us,us
2019-08-02T12:03:27.001Z,-7.2822,104.7907,49.0,6.9,mww,,23.0,2.839,0.76,us,us60004zhq,2025-12-22T18:14:22.438Z,"152 km SW of Labuan, Indonesia",earthquake,7.0,1.9,0.043,51.0,reviewed,us,us
2019-08-27T23:55:19.187Z,-60.2152,-26.5801,16.0,6.6,mww,,19.0,12.896,0.91,us,us700058yy,2025-12-22T18:18:04.128Z,South Sandwich Islands region,earthquake,9.1,1.7,0.045,48.0,reviewed,us,us
2019-09-01T15:54:20.392Z,-20.3641,-178.5701,591.0,6.6,mww,,19.0,4.121,1.02,us,us70005axg,2025-12-22T18:42:47.423Z,Fiji region,earthquake,9.9,1.9,0.038,65.0,reviewed,us,us
2019-09-25T23:46:43.543Z,-3.4528,128.3699,12.26,6.5,mww,,15.0,3.909,0.95,us,us70005lfd,2025-12-22T18:17:31.358Z,"33 km NE of Ambon, Indonesia",earthquake,6.2,2.4,0.038,65.0,reviewed,us,us
2019-09-29T15:57:53.236Z,-35.4758,-73.163,11.0,6.7,mww,,98.0,1.269,0.65,us,us70005nie,2025-12-22T17:55:42.110Z,"70 km WSW of Constitución, Chile",earthquake,3.0,1.8,0.04,61.0,reviewed,us,us
2019-10-29T01:04:43.879Z,6.7567,125.0082,15.0,6.6,mww,,24.0,0.646,0.78,us,us6000645n,2026-08-07T12:17:19.705Z,"10 km NE of Columbio, Philippines",earthquake,5.7,1.8,0.043,52.0,reviewed,us,us
2019-10-31T01:11:19.146Z,6.9098,125.1782,10.0,6.5,mww,,19.0,0.428,0.76,us,us700061e9,2025-12-22T18:20:27.919Z,"2 km ENE of Bulatukan, Philippines",earthquake,7.0,1.7,0.043,51.0,reviewed,us,us
2019-11-04T22:43:32.280Z,-18.5747,-175.272,10.0,6.6,mww,,48.0,5.086,0.93,us,us7000635e,2025-12-22T18:20:48.660Z,"136 km W of Neiafu, Tonga",earthquake,8.3,1.8,0.04,61.0,reviewed,us,us
2019-11-08T10:44:44.338Z,-21.9449,-179.5113,577.0,6.5,mww,,25.0,4.765,0.83,us,us6000693m,2025-12-22T18:24:18.465Z,Fiji region,earthquake,9.2,1.9,0.042,55.0,reviewed,us,us
2019-11-14T16:17:40.578Z,1.6213,126.4156,33.0,7.1,mww,,11.0,1.271,1.15,us,us60006bjl,2025-12-22T17:56:10.937Z,"141 km NW of Ternate, Indonesia",earthquake,6.1,1.7,0.036,75.0,reviewed,us,us
2019-12-15T06:11:51.155Z,6.6969,125.1739,18.0,6.8,mww,,39.0,0.546,1.05,us,us60006rp9,2026-06-26T11:51:58.805Z,"7 km S of Magsaysay, Philippines",earthquake,8.0,1.7,0.051,37.0,reviewed,us,us
2020-01-24T17:55:14.147Z,38.4312,39.0609,10.0,6.7,mww,,49.0,0.87,0.69,us,us60007ewc,2025-12-22T18:27:02.165Z,"13 km N of Do?anyol, Turkey",earthquake,5.0,1.8,0.043,51.0,reviewed,us,us
2020-01-28T19:10:24.918Z,19.4193,-78.756,14.86,7.7,mww,,26.0,1.657,0.75,us,us60007idc,2025-12-22T18:27:19.786Z,"123 km NNW of Lucea, Jamaica",earthquake,6.0,2.9,0.022,199.0,reviewed,us,us
2020-02-13T10:33:44.406Z,45.6161,148.959,143.0,7.0,mww,,25.0,4.501,0.83,us,us70007pa9,2025-12-22T18:29:00.530Z,"95 km ENE of Kuril’sk, Russia",earthquake,7.3,1.9,0.027,131.0,reviewed,us,us
2020-03-25T02:49:21.160Z,48.9638,157.6955,57.8,7.5,mww,,12.0,4.109,0.66,us,us70008fi4,2025-12-22T18:31:40.721Z,"221 km SSE of Severo-Kuril’sk, Russia",earthquake,5.6,2.7,0.02,239.0,reviewed,us,us
2020-03-31T23:52:30.781Z,44.4646,-115.1175,12.06,6.5,mww,,31.0,0.885,0.66,us,us70008jr5,2026-08-20T18:46:41.123Z,"Stanley, Idaho",earthquake,8.5,3.8,0.021,212.0,reviewed,us,us
2020-04-18T08:25:37.052Z,27.1264,140.1349,453.0,6.6,mww,,28.0,1.827,0.85,us,us70008z89,2025-12-22T18:32:51.590Z,"Bonin Islands, Japan region",earthquake,8.6,2.0,0.045,48.0,reviewed,us,us
2020-05-02T12:51:05.561Z,34.1818,25.7101,10.0,6.5,mww,,19.0,1.293,1.01,us,us700098qd,2025-12-22T18:33:24.053Z,"91 km S of Néa Anatolí, Greece",earthquake,6.7,1.8,0.048,42.0,reviewed,us,us
2020-05-06T13:53:55.940Z,-6.7761,129.7852,96.0,6.8,mww,,16.0,1.921,0.76,us,us70009b14,2025-12-22T18:40:15.182Z,Banda Sea,earthquake,6.4,1.9,0.065,23.0,reviewed,us,us
2020-05-12T22:41:12.177Z,-12.0665,166.6485,107.0,6.6,mww,,12.0,3.403,1.12,us,us70009f12,2025-12-22T18:35:32.511Z,"175 km SSE of Lata, Solomon Islands",earthquake,7.5,1.8,0.05,39.0,reviewed,us,us
2020-05-15T11:03:27.176Z,38.1689,-117.8497,2.7,6.5,ml,27.0,55.79,0.357,0.2669,nn,nn00725272,2026-02-07T06:51:51.057Z,"Monte Cristo Range, NV Earthquake",earthquake,,2.1,,,reviewed,nn,nn
2020-06-03T07:35:36.466Z,-23.274,-68.4677,112.0,6.8,mww,,21.0,1.164,1.13,us,us6000a4yi,2025-12-22T18:35:20.388Z,"48 km SW of San Pedro de Atacama, Chile",earthquake,6.8,1.8,0.046,45.0,reviewed,us,us
2020-06-13T15:51:24.069Z,28.8591,128.2713,165.0,6.6,mww,,18.0,2.015,1.04,us,us6000abcq,2025-12-22T18:36:14.519Z,"130 km WNW of Naze, Japan",earthquake,7.3,1.9,0.038,68.0,reviewed,us,us
2020-06-18T12:49:53.844Z,-33.2927,-177.8571,10.0,7.4,mww,,23.0,4.035,0.86,us,us6000ae4n,2025-12-22T18:36:36.863Z,south of the Kermadec Islands,earthquake,7.9,1.7,0.041,56.0,reviewed,us,us
2020-06-23T15:29:04.350Z,15.8861,-96.0077,20.0,7.4,mww,,30.0,0.151,1.14,us,us6000ah9t,2025-12-22T18:36:59.213Z,"9 km SE of Santa María Xadani, Mexico",earthquake,2.1,1.8,0.035,79.0,reviewed,us,us
2020-07-06T22:54:47.538Z,-5.6023,110.6893,533.76,6.6,mww,,14.0,1.458,1.16,us,us7000aj3w,2025-12-22T18:37:40.781Z,Java Sea,earthquake,8.7,2.7,0.056,31.0,reviewed,us,us
2020-07-17T02:50:22.178Z,-7.836,147.7704,73.0,7.0,mww,,18.0,1.671,1.1,us,us7000aq3e,2025-12-22T18:38:10.468Z,"114 km NNW of Popondetta, Papua New Guinea",earthquake,6.8,1.9,0.054,33.0,reviewed,us,us
2020-07-22T06:12:44.810Z,55.0715,-158.596,28.0,7.8,mww,,60.0,0.621,0.97,us,us7000asvb,2025-12-22T18:38:32.040Z,"2020 Perryville, Alaska Earthquake",earthquake,5.4,1.9,0.019,261.0,reviewed,us,us
2020-08-18T00:03:48.566Z,12.0257,124.1272,10.0,6.6,mww,,14.0,5.128,0.73,us,us6000bgbr,2025-12-22T19:05:30.242Z,"13 km E of San Pedro, Philippines",earthquake,7.1,1.6,0.06,27.0,reviewed,us,us
2020-08-18T22:23:59.497Z,-4.3217,101.1347,22.0,6.8,mww,,34.0,1.816,0.91,us,us6000bgvl,2025-12-22T18:40:42.344Z,"138 km WSW of Bengkulu, Indonesia",earthquake,7.3,1.8,0.063,24.0,reviewed,us,us
2020-08-18T22:29:24.731Z,-4.2069,101.2411,26.0,6.9,mww,,25.0,1.716,0.81,us,us6000bgvu,2025-12-22T18:40:43.181Z,"122 km WSW of Bengkulu, Indonesia",earthquake,6.6,1.8,0.033,86.0,reviewed,us,us
2020-08-21T04:09:51.930Z,-6.71,123.4649,624.0,6.9,mww,,20.0,2.267,1.31,us,us6000bi4p,2025-12-22T18:40:47.008Z,"222 km SSE of Katabu, Indonesia",earthquake,8.8,1.9,0.052,36.0,reviewed,us,us
2020-08-30T21:20:29.757Z,0.7821,-29.8656,10.0,6.5,mww,,31.0,15.394,0.66,us,us7000bf3k,2025-12-22T18:41:15.032Z,central Mid-Atlantic Ridge,earthquake,9.3,1.7,0.046,46.0,reviewed,us,us
2020-09-01T04:09:28.470Z,-27.9686,-71.3062,21.0,6.8,mww,,69.0,0.312,0.88,us,us7000bfjr,2025-12-22T18:41:19.692Z,"86 km NW of Vallenar, Chile",earthquake,5.5,1.8,0.039,62.0,reviewed,us,us
2020-09-01T21:09:17.852Z,-27.9162,-71.3701,16.0,6.5,mww,,49.0,0.388,0.9,us,us7000bg4v,2025-12-22T18:41:24.702Z,"94 km NW of Vallenar, Chile",earthquake,4.3,1.6,0.071,19.0,reviewed,us,us
2020-09-06T06:51:18.470Z,7.6829,-37.1544,10.0,6.7,mww,,22.0,15.122,0.72,us,us7000biu8,2025-12-22T18:41:45.701Z,central Mid-Atlantic Ridge,earthquake,9.2,1.8,0.045,48.0,reviewed,us,us
2020-09-18T21:43:59.027Z,0.9298,-26.8533,10.0,6.9,mww,,16.0,11.255,0.68,us,us7000bq10,2025-12-22T17:58:50.028Z,central Mid-Atlantic Ridge,earthquake,8.5,1.7,0.032,91.0,reviewed,us,us
2020-10-19T20:54:38.950Z,54.602,-159.6258,28.37,7.6,mww,,36.0,0.23,0.91,us,us6000c9hg,2025-12-22T18:43:54.103Z,"2020 Sand Point, Alaska Earthquake",earthquake,5.1,3.0,0.021,213.0,reviewed,us,us
2020-10-30T11:51:27.348Z,37.8973,26.7838,21.0,7.0,mww,,18.0,1.518,0.59,us,us7000c7y0,2026-08-11T17:49:27.914Z,"13 km NNE of Néon Karlovásion, Greece",earthquake,1.4,1.8,0.036,75.0,reviewed,us,us
2020-12-27T21:39:14.770Z,-39.3398,-74.9849,10.0,6.7,mww,,19.0,1.319,0.63,us,us6000d3i9,2025-12-22T19:05:18.065Z,"146 km WNW of Corral, Chile",earthquake,5.8,1.7,0.048,42.0,reviewed,us,us
2021-01-11T21:32:59.015Z,51.2811,100.4383,10.0,6.7,mww,,22.0,2.043,0.75,us,us6000d7ix,2025-12-22T18:48:12.412Z,"29 km SSW of Turt, Mongolia",earthquake,6.7,1.7,0.039,62.0,reviewed,us,us
2021-01-21T12:23:04.255Z,4.9931,127.5145,80.0,7.0,mww,,15.0,2.821,0.77,us,us7000d20e,2025-12-22T18:48:43.144Z,"211 km SE of Pondaguitan, Philippines",earthquake,6.3,1.9,0.061,26.0,reviewed,us,us
2021-01-23T23:36:51.667Z,-61.8098,-55.5027,15.0,6.9,mww,,16.0,1.55,0.57,us,us7000d2rx,2025-12-22T18:48:45.925Z,South Shetland Islands,earthquake,7.2,1.7,0.043,52.0,reviewed,us,us
2021-02-03T05:23:43.520Z,-36.2797,-97.8,10.0,6.7,mww,,40.0,13.395,0.96,us,us6000de34,2025-12-22T18:49:20.986Z,West Chile Rise,earthquake,9.7,1.2,0.048,41.0,reviewed,us,us
2021-02-10T13:19:55.530Z,-23.0511,171.6566,10.0,7.7,mww,,15.0,7.989,0.42,us,us6000dg77,2025-12-22T18:54:06.521Z,southeast of the Loyalty Islands,earthquake,7.5,1.8,0.042,54.0,reviewed,us,us
2021-02-13T14:07:49.797Z,37.7265,141.7751,43.98,7.1,mww,,11.0,3.085,0.94,us,us6000dher,2025-12-22T18:50:06.812Z,"73 km ENE of Namie, Japan",earthquake,7.0,2.8,0.036,74.0,reviewed,us,us
2021-03-04T13:27:34.647Z,-37.4787,179.4576,10.0,7.3,mww,,24.0,0.918,0.68,us,us7000dffl,2025-12-22T18:52:12.665Z,"182 km NE of Gisborne, New Zealand",earthquake,5.7,1.6,0.045,47.0,reviewed,us,us
2021-03-04T17:41:23.370Z,-29.6768,-177.8398,43.0,7.4,mww,,30.0,0.437,1.09,us,us7000dfk3,2025-12-22T18:52:22.439Z,"Kermadec Islands, New Zealand",earthquake,7.8,1.9,0.049,40.0,reviewed,us,us
2021-03-04T19:28:33.178Z,-29.7228,-177.2794,28.93,8.1,mww,,21.0,0.739,0.69,us,us7000dflf,2025-12-22T18:58:46.851Z,"2021 Kermadec Islands, New Zealand Earthquake",earthquake,7.7,3.3,0.034,81.0,reviewed,us,us
2021-03-04T23:12:59.962Z,-28.5168,-176.6801,24.0,6.5,mwb,,25.0,11.764,0.64,us,us7000dfq2,2025-12-22T19:06:45.306Z,Kermadec Islands region,earthquake,8.9,1.8,0.071,19.0,reviewed,us,us
2021-03-16T18:38:21.233Z,54.7368,163.1803,13.23,6.6,mww,,18.0,3.183,0.81,us,us7000djz6,2025-12-22T18:54:01.976Z,"171 km SSE of Ust’-Kamchatsk Staryy, Russia",earthquake,6.5,2.6,0.052,36.0,reviewed,us,us
2021-03-20T09:09:43.966Z,38.4515,141.6477,43.0,7.0,mww,,35.0,2.378,0.75,us,us7000dl6y,2025-12-22T18:54:51.784Z,"30 km E of Ishinomaki, Japan",earthquake,7.2,1.9,0.045,47.0,reviewed,us,us
2021-04-03T01:16:39.455Z,-58.0139,-7.843,10.0,6.6,mww,,37.0,12.742,1.2,us,us6000dynd,2025-12-22T18:55:32.209Z,east of the South Sandwich Islands,earthquake,9.8,1.7,0.05,39.0,reviewed,us,us
2021-04-24T00:23:38.164Z,-18.9036,-176.2702,301.0,6.5,mww,,19.0,10.405,0.85,us,us6000e47c,2025-12-22T18:58:06.639Z,"225 km WNW of Pangai, Tonga",earthquake,8.8,1.9,0.06,27.0,reviewed,us,us
2021-04-25T22:28:02.196Z,-21.6097,-177.1526,246.0,6.5,mww,,20.0,5.931,0.9,us,us6000e4rl,2025-12-22T18:58:07.823Z,"207 km WSW of Haveluloto, Tonga",earthquake,8.0,1.7,0.038,68.0,reviewed,us,us
2021-05-01T01:27:27.215Z,38.1997,141.5973,43.0,6.9,mww,,35.0,2.619,0.82,us,us7000dz5t,2025-12-22T18:57:42.234Z,"30 km SSE of Onagawa Ch?, Japan",earthquake,7.3,1.9,0.041,58.0,reviewed,us,us
2021-05-12T14:05:15.667Z,-17.3874,66.3135,10.0,6.7,mww,,45.0,10.669,0.68,us,us7000e2ec,2025-12-22T18:59:53.291Z,Mauritius - Reunion region,earthquake,8.2,1.7,0.036,75.0,reviewed,us,us
2021-05-14T06:33:07.879Z,0.1364,96.6442,11.0,6.7,mww,,37.0,1.487,0.69,us,us7000e2zt,2025-12-22T18:00:53.819Z,"260 km S of Sinabang, Indonesia",earthquake,7.7,1.8,0.048,42.0,reviewed,us,us
2021-05-19T00:42:19.688Z,-33.0647,-109.3943,10.0,6.7,mww,,31.0,5.884,0.95,us,us7000e4aw,2025-12-22T18:00:55.285Z,southern East Pacific Rise,earthquake,10.5,1.7,0.083,14.0,reviewed,us,us
2021-05-21T18:04:13.565Z,34.5983,98.2513,10.0,7.3,mww,,9.0,4.655,0.77,us,us7000e54r,2025-12-22T18:00:56.941Z,"Southern Qinghai, China",earthquake,3.0,1.7,0.037,71.0,reviewed,us,us
2021-05-21T22:13:18.379Z,-16.6009,-177.3725,10.0,6.5,mww,,44.0,4.518,0.96,us,us7000e579,2025-12-22T19:00:49.160Z,"265 km SSE of Alo, Wallis and Futuna",earthquake,7.3,1.4,0.061,26.0,reviewed,us,us
2021-06-20T17:05:50.681Z,-30.2162,-177.8449,25.0,6.5,mww,,24.0,7.994,1.1,us,us7000eeq4,2025-12-22T18:01:07.126Z,"Kermadec Islands, New Zealand",earthquake,8.9,1.5,0.045,47.0,reviewed,us,us
2021-07-21T21:15:12.269Z,7.3926,-82.779,10.0,6.7,mww,,61.0,1.395,0.62,us,us6000exs5,2026-08-10T13:19:53.122Z,"71 km S of Burica, Panama",earthquake,7.7,1.8,0.038,68.0,reviewed,us,us
2021-07-23T20:48:57.357Z,13.7047,120.7259,110.0,6.7,mww,,12.0,8.139,0.98,us,us6000eyfk,2025-12-22T19:04:48.334Z,"15 km S of Hukay, Philippines",earthquake,7.2,1.8,0.051,37.0,reviewed,us,us
2021-07-29T06:15:49.188Z,55.3635,-157.8876,35.0,8.2,mww,,,,0.95,ak,ak0219neiszm,2026-04-15T18:42:11.216Z,"2021 Chignik, Alaska Earthquake",earthquake,,0.0,,,reviewed,ak,ak
2021-08-11T17:46:13.143Z,6.4748,126.7151,55.14,7.1,mww,,25.0,1.273,1.27,us,us6000f48v,2025-12-22T22:13:26.024Z,"60 km ENE of Pondaguitan, Philippines",earthquake,6.5,3.7,0.037,71.0,reviewed,us,us
2021-08-12T18:32:52.464Z,-57.5674,-25.0316,47.23,7.5,mww,,38.0,7.227,1.16,us,us6000f4ly,2025-12-22T22:18:00.427Z,South Sandwich Islands region,earthquake,9.7,4.5,0.063,24.0,reviewed,us,us
2021-08-12T18:35:17.231Z,-58.3753,-25.2637,22.79,8.1,mww,,78.0,7.463,0.76,us,us6000f53e,2025-12-22T22:13:38.221Z,2021 South Sandwich Islands Earthquake,earthquake,8.0,3.6,0.065,23.0,reviewed,us,us
2021-08-12T18:36:59.727Z,-59.9811,-26.4306,35.0,6.7,mb,,76.0,7.903,1.23,us,us6000f8yd,2026-01-07T19:47:33.551Z,South Sandwich Islands region,earthquake,5.9,1.9,0.105,38.0,reviewed,us,us
2021-08-14T11:57:43.447Z,55.1767,-157.6441,20.74,6.9,mww,,36.0,1.173,0.57,us,us6000f652,2025-12-22T22:13:40.974Z,"125 km SE of Perryville, Alaska",earthquake,4.8,2.1,0.024,162.0,reviewed,us,us
2021-08-14T12:29:08.454Z,18.4335,-73.4822,10.0,7.2,mww,,23.0,1.178,0.75,us,us6000f65h,2026-02-11T20:58:06.524Z,"Nippes, Haiti",earthquake,3.1,1.8,0.031,97.0,reviewed,us,us
2021-08-16T11:10:36.583Z,-58.3686,-23.3552,16.7,6.9,mww,,48.0,8.363,0.72,us,us6000f6wt,2025-12-22T22:13:53.200Z,South Sandwich Islands region,earthquake,8.9,3.5,0.036,73.0,reviewed,us,us
2021-08-18T10:10:05.238Z,-14.8818,167.0585,93.0,6.9,mww,,54.0,0.579,0.78,us,us6000f7vg,2025-12-22T22:18:21.648Z,"17 km N of Port-Olry, Vanuatu",earthquake,7.9,1.9,0.058,29.0,reviewed,us,us
2021-08-22T00:45:07.917Z,-60.1401,-24.221,7.0,6.6,mww,,19.0,8.865,0.63,us,us6000f9gd,2025-12-22T22:14:04.580Z,South Sandwich Islands region,earthquake,8.6,1.7,0.037,70.0,reviewed,us,us
2021-08-22T21:33:18.983Z,-60.2845,-24.8743,6.0,7.1,mww,,32.0,9.799,0.39,us,us6000f9sq,2025-12-22T22:18:23.961Z,South Sandwich Islands region,earthquake,9.7,1.7,0.046,46.0,reviewed,us,us
2021-09-08T01:47:47.437Z,16.9465,-99.753,20.0,7.0,mww,,43.0,0.07,0.64,us,us7000f93v,2025-12-22T22:15:43.705Z,"Acapulco, Mexico",earthquake,5.2,1.2,0.04,61.0,reviewed,us,us
2021-09-22T09:57:07.023Z,12.1396,-87.8647,21.0,6.5,mww,,114.0,0.993,1.07,us,us7000fdds,2025-12-22T22:16:44.163Z,"80 km SW of Jiquilillo, Nicaragua",earthquake,5.0,1.9,0.035,80.0,reviewed,us,us
2021-10-02T06:29:17.897Z,-21.1265,174.8958,527.0,7.3,mww,,32.0,4.493,0.67,us,us6000fr0b,2025-12-22T22:14:54.698Z,Vanuatu region,earthquake,9.7,1.9,0.039,64.0,reviewed,us,us
2021-10-09T10:58:31.956Z,-21.1889,174.5221,535.0,6.9,mww,,31.0,4.778,0.64,us,us6000ft9g,2025-12-22T22:17:36.329Z,Vanuatu region,earthquake,9.7,1.9,0.05,38.0,reviewed,us,us
2021-10-11T09:10:25.147Z,56.2954,-156.581,51.6,6.9,mww,,,,0.65,ak,ak021d1u1nos,2025-12-22T22:17:38.209Z,"112 km E of Chignik, Alaska",earthquake,,0.7,,,reviewed,ak,ak
2021-11-10T15:45:13.652Z,23.5935,126.4474,12.0,6.6,mww,,15.0,3.259,0.8,us,us7000fszl,2025-12-22T22:19:52.176Z,"177 km SE of Hirara, Japan",earthquake,6.2,1.7,0.033,90.0,reviewed,us,us
2021-11-28T10:52:14.579Z,-4.4667,-76.8126,126.0,7.5,mww,,40.0,4.951,0.61,us,us7000fxq2,2025-12-22T22:21:01.900Z,"43 km NNW of Barranca, Peru",earthquake,4.9,1.9,0.033,87.0,reviewed,us,us
2021-12-12T08:58:07.352Z,-60.7956,154.1393,10.0,6.6,mww,,122.0,6.821,0.58,us,us6000gbls,2025-12-22T22:15:13.482Z,west of Macquarie Island,earthquake,11.8,1.9,0.083,14.0,reviewed,us,us
2021-12-14T03:20:23.809Z,-7.6033,122.2274,14.27,7.3,mww,,32.0,1.025,0.61,us,us6000gc2a,2025-12-22T22:22:29.941Z,Flores Sea,earthquake,5.1,2.6,0.055,32.0,reviewed,us,us
2021-12-29T18:25:51.962Z,-7.5482,127.5773,165.49,7.3,mww,,19.0,3.713,1.06,us,us7000g7lx,2025-12-22T22:23:56.239Z,"125 km NNE of Lospalos, Timor Leste",earthquake,6.3,3.3,0.052,36.0,reviewed,us,us
2022-01-07T17:45:30.809Z,37.8283,101.29,13.0,6.6,mww,,13.0,2.685,0.69,us,us7000g9zq,2024-07-06T12:21:39.007Z,"northern Qinghai, China",earthquake,7.0,1.7,0.08,15.0,reviewed,us,us
2022-01-11T01:07:48.064Z,35.2267,31.9435,21.0,6.6,mww,,21.0,1.168,0.71,us,us7000gaqu,2022-06-08T04:06:23.087Z,"48 km WNW of Pólis, Cyprus",earthquake,4.8,1.7,0.045,47.0,reviewed,us,us
2022-01-11T11:35:43.674Z,52.3415,-167.7554,20.0,6.8,mww,,61.0,0.92,0.56,us,us7000gavu,2023-12-28T04:35:56.061Z,"100 km SE of Nikolski, Alaska",earthquake,4.2,1.8,0.051,37.0,reviewed,us,us
2022-01-11T12:39:32.454Z,52.5791,-168.3275,19.0,6.6,mww,,49.0,0.507,0.52,us,us7000gawk,2023-12-28T04:33:55.254Z,"53 km SE of Nikolski, Alaska",earthquake,4.0,1.7,0.058,29.0,reviewed,us,us
2022-01-14T09:05:41.461Z,-6.86,105.2887,33.0,6.6,mww,,22.0,2.418,0.54,us,us7000gbu4,2025-01-05T02:11:45.617Z,"80 km SW of Labuan, Indonesia",earthquake,3.5,1.7,0.063,24.0,reviewed,us,us
2022-01-29T02:46:39.588Z,-29.5642,-176.7217,8.0,6.5,mww,,57.0,1.088,1.3,us,us7000gg3w,2022-04-15T17:57:01.040Z,Kermadec Islands region,earthquake,9.5,1.8,0.048,41.0,reviewed,us,us
2022-02-03T15:58:57.367Z,-4.4661,-76.9283,110.0,6.5,mww,,22.0,3.026,0.72,us,us7000ghm5,2022-04-15T17:57:16.040Z,"49 km NW of Barranca, Peru",earthquake,6.6,1.8,0.059,28.0,reviewed,us,us
2022-02-16T20:21:06.737Z,-23.7682,179.9981,535.0,6.8,mww,,12.0,5.78,0.95,us,us7000glex,2022-04-30T14:18:20.040Z,south of the Fiji Islands,earthquake,5.7,1.9,0.057,30.0,reviewed,us,us
2022-03-02T12:52:07.344Z,-30.0751,-177.7264,24.0,6.6,mww,,46.0,0.827,0.68,us,us6000h1d2,2022-08-06T09:27:47.178Z,"Kermadec Islands, New Zealand",earthquake,7.2,1.8,0.058,29.0,reviewed,us,us
2022-03-13T21:09:22.258Z,-0.6294,98.6259,28.0,6.7,mww,,43.0,2.188,0.92,us,us6000h48e,2022-05-27T14:55:19.040Z,"166 km W of Pariaman, Indonesia",earthquake,5.2,1.8,0.062,25.0,reviewed,us,us
2022-03-16T14:36:30.997Z,37.7132,141.5793,41.0,7.3,mww,,29.0,2.936,0.88,us,us6000h519,2025-09-10T18:42:15.235Z,"57 km ENE of Namie, Japan",earthquake,6.9,1.9,0.054,33.0,reviewed,us,us
2022-03-22T16:35:08.019Z,10.7447,-43.382,10.0,6.7,mww,,27.0,10.744,0.79,us,us6000h6ne,2024-01-17T22:28:53.129Z,northern Mid-Atlantic Ridge,earthquake,8.9,0.9,0.055,32.0,reviewed,us,us
2022-03-22T17:41:38.584Z,23.3839,121.6118,24.0,6.7,mww,,32.0,0.289,0.83,us,us6000h6nr,2022-08-10T03:20:17.453Z,"65 km S of Hualien City, Taiwan",earthquake,4.5,1.7,0.083,14.0,reviewed,us,us
2022-03-30T20:56:58.105Z,-22.666,170.3659,10.0,6.9,mww,,42.0,2.697,1.07,us,us7000gyj0,2022-06-04T20:42:25.040Z,"284 km ESE of Tadine, New Caledonia",earthquake,8.0,1.8,0.066,22.0,reviewed,us,us
2022-03-31T05:44:01.146Z,-22.586,170.3744,10.0,7.0,mww,,26.0,2.705,0.82,us,us7000gymk,2022-08-13T00:59:26.724Z,southeast of the Loyalty Islands,earthquake,7.1,1.8,0.057,30.0,reviewed,us,us
2022-04-21T07:42:46.508Z,11.5537,-86.9604,27.0,6.6,mww,,94.0,0.914,0.69,us,us6000hf75,2022-06-26T01:20:26.040Z,"55 km WSW of Masachapa, Nicaragua",earthquake,5.0,1.8,0.037,70.0,reviewed,us,us
2022-05-10T23:06:32.368Z,-23.496,-66.6519,220.0,6.8,mww,162.0,30.0,1.505,0.87,us,us7000h8g3,2022-08-12T11:38:28.703Z,"86 km NNW of San Antonio de los Cobres, Argentina",earthquake,9.4,1.9,0.062,25.0,reviewed,us,us
2022-05-19T10:13:31.625Z,-54.132,159.0545,10.0,6.9,mww,127.0,45.0,0.371,0.97,us,us6000hm9j,2024-01-18T16:36:05.492Z,Macquarie Island region,earthquake,7.3,1.7,0.078,16.0,reviewed,us,us
2022-05-26T12:02:21.110Z,-14.9076,-70.2924,236.0,7.2,mww,144.0,40.0,2.494,1.38,us,us7000hcmn,2025-07-16T22:19:13.114Z,"10 km W of Azángaro, Peru",earthquake,9.6,1.9,0.042,55.0,reviewed,us,us
2022-05-26T15:37:58.560Z,-22.8282,172.1298,15.0,6.6,mww,302.0,16.0,4.329,0.9,us,us7000hcqw,2022-08-02T19:50:53.040Z,southeast of the Loyalty Islands,earthquake,6.7,1.7,0.073,18.0,reviewed,us,us
2022-06-08T00:55:46.777Z,-9.0472,-71.1783,622.73,6.5,mww,236.0,31.0,1.999,0.74,us,us7000hfrj,2022-08-13T21:53:07.040Z,"107 km SSW of Tarauacá, Brazil",earthquake,9.09,2.853,0.049,40.0,reviewed,us,us
2022-07-12T19:16:58.460Z,-22.5907,-114.2583,10.0,6.8,mww,213.0,30.0,6.355,0.86,us,us6000i1wg,2022-11-23T14:49:06.958Z,Easter Island region,earthquake,9.25,1.72,0.04,59.0,reviewed,us,us
2022-07-27T00:43:26.871Z,17.5207,120.8181,33.729,7.0,mww,152.0,22.0,5.276,0.6,us,us6000i5rd,2026-08-14T04:51:00.529Z,"11 km NE of Bantay, Philippines",earthquake,7.93,2.766,0.044,50.0,reviewed,us,us
2022-08-14T13:44:19.694Z,-32.7361,-179.0088,30.0,6.6,mww,68.0,34.0,5.293,0.61,us,us6000iasi,2022-10-28T02:25:54.040Z,south of the Kermadec Islands,earthquake,5.55,1.839,0.059,28.0,reviewed,us,us
2022-09-04T09:42:18.219Z,-0.9339,-21.7155,10.0,6.9,mww,107.0,37.0,10.102,0.51,us,us7000i53f,2024-03-14T23:31:11.047Z,central Mid-Atlantic Ridge,earthquake,8.62,1.248,0.035,78.0,reviewed,us,us
2022-09-05T04:52:19.645Z,29.6786,102.236,12.0,6.6,mww,141.0,34.0,8.454,0.52,us,us7000i59t,2025-09-07T07:21:55.894Z,"44 km SE of Kangding, China",earthquake,8.19,1.746,0.04,59.0,reviewed,us,us
2022-09-10T23:47:00.233Z,-6.2944,146.5038,116.0,7.6,mww,272.0,12.0,3.158,0.62,us,us6000iitd,2022-11-19T23:02:16.040Z,"70 km E of Kainantu, Papua New Guinea",earthquake,7.8,1.827,0.037,70.0,reviewed,us,us
2022-09-14T11:04:06.558Z,-21.1909,170.2666,137.0,7.0,mww,192.0,45.0,2.977,0.65,us,us7000i7ya,2024-04-11T17:02:21.950Z,"209 km SSE of Isangel, Vanuatu",earthquake,7.64,1.934,0.047,43.0,reviewed,us,us
2022-09-17T13:41:17.890Z,23.1191,121.4138,10.0,6.5,mww,178.0,54.0,0.43,0.75,us,us7000i8ui,2024-04-11T17:05:28.424Z,"96 km SE of Lugu, Taiwan",earthquake,7.54,1.746,0.038,67.0,reviewed,us,us
2022-09-18T06:44:13.846Z,23.138,121.3439,10.0,6.9,mww,215.0,34.0,0.401,0.58,us,us7000i90q,2025-10-07T01:48:30.731Z,"90 km E of Yujing, Taiwan",earthquake,6.07,1.822,0.038,68.0,reviewed,us,us
2022-09-19T18:05:08.217Z,18.4552,-102.9561,26.943,7.6,mww,271.0,69.0,1.153,0.76,us,us7000i9bw,2025-12-10T03:40:12.288Z,"35 km SSW of Aguililla, Mexico",earthquake,5.57,1.465,0.025,159.0,reviewed,us,us
2022-09-22T06:16:09.459Z,18.2633,-102.9554,20.0,6.8,mww,175.0,92.0,2.137,0.66,us,us7000ia36,2025-07-30T22:11:40.635Z,"55 km SSW of Aguililla, Mexico",earthquake,5.51,1.661,0.045,48.0,reviewed,us,us
2022-09-29T03:03:24.073Z,-60.8308,-20.025,11.0,6.5,mww,125.0,37.0,10.987,0.68,us,us6000ip57,2022-12-03T22:02:37.040Z,east of the South Sandwich Islands,earthquake,8.93,1.683,0.049,40.0,reviewed,us,us
2022-10-20T11:57:12.575Z,7.6901,-82.3342,20.0,6.7,mww,145.0,37.0,1.151,1.02,us,us6000iv6c,2022-12-31T23:03:41.040Z,"60 km SSW of Boca Chica, Panama",earthquake,4.36,1.731,0.033,90.0,reviewed,us,us
2022-11-09T09:38:42.828Z,-26.0077,178.2776,630.379,6.8,mww,136.0,22.0,4.678,0.74,us,us7000ingh,2023-01-21T19:27:16.040Z,south of the Fiji Islands,earthquake,8.79,3.199,0.051,37.0,reviewed,us,us
2022-11-09T09:51:04.068Z,-26.0901,178.3427,660.0,7.0,mwb,142.0,26.0,4.578,0.66,us,us7000ingi,2023-01-21T19:27:16.040Z,south of the Fiji Islands,earthquake,10.35,1.971,0.038,66.0,reviewed,us,us
2022-11-09T10:14:33.810Z,-25.5781,178.2612,624.464,6.6,mww,131.0,27.0,4.998,0.65,us,us7000inht,2024-01-18T17:20:24.620Z,south of the Fiji Islands,earthquake,9.57,4.605,0.098,10.0,reviewed,us,us
2022-11-11T10:48:46.710Z,-19.2881,-172.1471,37.0,7.3,mww,149.0,21.0,1.865,0.62,us,us7000ip0l,2023-01-21T19:27:21.040Z,"205 km ESE of Neiafu, Tonga",earthquake,6.61,1.937,0.063,24.0,reviewed,us,us
2022-11-12T07:09:13.514Z,-20.1112,-178.3453,579.0,7.0,mww,147.0,18.0,3.125,0.73,us,us7000ip8h,2024-01-18T17:21:29.657Z,Fiji region,earthquake,9.87,1.962,0.06,27.0,reviewed,us,us
2022-11-18T13:37:08.687Z,-4.9043,100.7862,25.0,6.9,mww,99.0,34.0,2.229,0.52,us,us7000iqpn,2023-01-28T19:58:26.040Z,"204 km SW of Bengkulu, Indonesia",earthquake,6.86,1.872,0.05,39.0,reviewed,us,us
2022-11-22T02:03:06.891Z,-9.8198,159.6033,14.0,7.0,mww,117.0,17.0,0.509,0.58,us,us7000irfb,2023-01-30T06:00:41.040Z,"18 km SW of Malango, Solomon Islands",earthquake,6.26,1.711,0.055,32.0,reviewed,us,us
2022-12-04T19:24:15.394Z,-15.3497,-172.9867,38.0,6.8,mww,152.0,26.0,2.587,0.66,us,us6000j6w8,2023-02-11T23:03:06.040Z,"109 km NE of Hihifo, Tonga",earthquake,7.51,1.866,0.056,31.0,reviewed,us,us
2023-01-08T12:32:42.372Z,-14.9467,166.8791,29.0,7.0,mww,116.0,36.0,6.096,0.57,us,us7000j2yw,2023-03-20T06:02:58.040Z,"23 km WNW of Port-Olry, Vanuatu",earthquake,7.75,1.851,0.042,54.0,reviewed,us,us
2023-01-09T17:47:35.037Z,-7.0586,130.009,104.95,7.6,mww,113.0,21.0,1.574,0.8,us,us7000j36j,2026-07-23T13:14:12.771Z,"Pulau Pulau Tanimbar, Indonesia",earthquake,6.9,2.259,0.041,58.0,reviewed,us,us
2023-01-18T06:06:11.454Z,2.7306,127.0221,29.708,7.0,mwc,141.0,21.0,1.976,0.95,us,us7000j553,2023-10-09T22:58:31.015Z,"156 km NW of Tobelo, Indonesia",earthquake,6.7,3.131,0.027,133.0,reviewed,us,us
2023-01-20T22:09:39.053Z,-26.7506,-63.0824,596.837,6.8,mww,182.0,35.0,5.169,0.77,us,us7000j5x2,2024-01-18T19:13:45.212Z,"29 km SW of Campo Gallo, Argentina",earthquake,9.37,2.786,0.047,43.0,reviewed,us,us
2023-02-06T01:17:34.342Z,37.2256,37.0143,10.0,7.8,mww,266.0,17.0,0.165,0.66,us,us6000jllz,2026-04-13T23:32:30.032Z,"Pazarcik earthquake, Kahramanmaras earthquake sequence",earthquake,5.23,1.784,0.05,38.0,reviewed,us,us
2023-02-06T01:28:15.784Z,37.1893,36.8929,9.797,6.7,mww,194.0,19.0,0.254,0.68,us,us6000jlm1,2025-09-03T20:02:03.110Z,"14 km E of Nurda??, Turkey",earthquake,7.68,3.333,0.098,10.0,reviewed,us,us
2023-02-06T10:24:48.811Z,38.0106,37.1962,7.432,7.5,mww,111.0,29.0,0.73,0.7,us,us6000jlqa,2026-08-12T10:46:39.159Z,"Elbistan earthquake, Kahramanmaras earthquake sequence",earthquake,5.09,3.709,0.041,58.0,reviewed,us,us
2023-02-23T00:37:38.163Z,38.0552,73.2287,9.0,6.9,mww,300.0,12.0,1.807,0.51,us,us6000jqxc,2024-10-09T18:05:17.145Z,"65 km WSW of Murghob, Tajikistan",earthquake,7.96,1.699,0.043,52.0,reviewed,us,us
2023-03-01T05:36:14.834Z,-4.8255,149.5041,600.933,6.6,mww,156.0,11.0,2.725,0.76,us,us7000jgfd,2024-10-09T16:08:08.898Z,"106 km NW of Kimbe, Papua New Guinea",earthquake,7.68,1.992,0.059,28.0,reviewed,us,us
2023-03-02T18:04:30.810Z,-15.3766,166.3907,17.0,6.5,mww,70.0,45.0,5.522,1.23,us,usd000j5jt,2023-05-08T02:00:22.040Z,"83 km WSW of Port-Olry, Vanuatu",earthquake,7.88,0.407,0.043,52.0,reviewed,us,us
2023-03-04T06:41:23.113Z,-29.5023,-178.7965,211.0,6.9,mww,345.0,23.0,0.799,0.61,us,us7000jh99,2023-05-08T02:00:44.040Z,"Kermadec Islands, New Zealand",earthquake,9.91,1.901,0.045,47.0,reviewed,us,us
2023-03-16T00:56:00.149Z,-30.1741,-176.2047,10.0,7.0,mww,324.0,8.0,1.747,0.68,us,us7000jkbd,2024-10-09T16:07:48.687Z,Kermadec Islands region,earthquake,8.29,1.605,0.078,16.0,reviewed,us,us
2023-03-18T17:12:52.481Z,-2.7834,-79.8518,68.0,6.8,mww,308.0,23.0,0.664,0.92,us,us7000jl3s,2025-03-20T16:43:44.035Z,"14 km NNW of Baláo, Ecuador",earthquake,6.49,1.818,0.038,68.0,reviewed,us,us
2023-03-21T16:47:23.626Z,36.523,70.943,192.0,6.5,mww,164.0,12.0,2.512,0.94,us,us7000jln7,2023-10-22T17:50:55.996Z,"40 km SSE of Jurm, Afghanistan",earthquake,6.23,1.842,0.057,30.0,reviewed,us,us
2023-04-02T18:04:11.261Z,-4.3229,143.1658,70.0,7.0,mww,154.0,20.0,3.044,0.83,us,us6000k1id,2025-09-08T02:34:44.175Z,"40 km ESE of Ambunti, Papua New Guinea",earthquake,7.73,1.874,0.047,44.0,reviewed,us,us
2023-04-03T03:06:57.235Z,52.7227,158.4935,101.0,6.5,mww,323.0,12.0,0.316,0.72,us,us6000k1mn,2023-06-13T03:13:19.040Z,"23 km SSE of Vilyuchinsk, Russia",earthquake,7.61,1.611,0.063,24.0,reviewed,us,us
2023-04-14T09:55:45.220Z,-6.0413,112.0478,597.0,7.0,mww,203.0,31.0,1.885,0.71,us,us6000k49j,2023-06-27T06:16:48.251Z,"Java, Indonesia",earthquake,9.21,1.944,0.055,32.0,reviewed,us,us
2023-04-18T04:31:42.284Z,-22.3188,179.4509,580.0,6.7,mww,155.0,19.0,4.737,0.69,us,us6000k587,2024-01-18T19:48:54.147Z,south of the Fiji Islands,earthquake,8.72,1.897,0.06,27.0,reviewed,us,us
2023-04-24T00:41:55.894Z,-29.9574,-177.8386,46.755,7.1,mww,134.0,23.0,0.697,0.53,us,us6000k6mg,2023-07-11T01:45:22.040Z,"Kermadec Islands, New Zealand",earthquake,8.62,3.078,0.048,42.0,reviewed,us,us
2023-04-24T20:00:57.265Z,-0.8082,98.5112,34.0,7.1,mww,131.0,34.0,2.297,0.7,us,us7000jvl3,2023-07-11T01:45:09.040Z,"171 km SSE of Teluk Dalam, Indonesia",earthquake,7.37,1.785,0.062,25.0,reviewed,us,us
2023-04-28T03:13:48.476Z,-25.1498,178.4274,563.0,6.6,mww,127.0,46.0,5.212,0.9,us,us7000jwhe,2023-07-11T01:45:44.040Z,south of the Fiji Islands,earthquake,10.41,1.946,0.098,10.0,reviewed,us,us
2023-05-10T16:02:00.334Z,-15.6278,-174.4925,210.0,7.6,mww,380.0,15.0,3.744,0.7,us,us6000kawn,2023-07-22T19:16:37.040Z,"82 km WNW of Hihifo, Tonga",earthquake,7.37,1.841,0.055,32.0,reviewed,us,us
2023-05-19T02:57:03.172Z,-23.2063,170.7423,18.053,7.7,mww,278.0,15.0,3.096,0.89,us,us6000kd0n,2025-08-15T23:01:19.104Z,southeast of the Loyalty Islands,earthquake,7.07,2.58,0.035,79.0,reviewed,us,us
2023-05-20T01:50:59.158Z,-23.0421,170.5603,27.309,7.1,mww,235.0,15.0,2.904,0.72,us,us6000kdce,2023-07-24T01:15:40.040Z,southeast of the Loyalty Islands,earthquake,5.52,3.276,0.053,34.0,reviewed,us,us
2023-05-20T02:09:54.333Z,-22.956,170.5524,10.0,6.5,mww,82.0,33.0,2.887,0.82,us,us6000kdcu,2024-01-18T19:58:16.076Z,southeast of the Loyalty Islands,earthquake,8.15,1.636,0.028,119.0,reviewed,us,us
2023-05-21T14:56:48.208Z,-43.3991,39.3035,28.0,6.8,mww,82.0,33.0,9.411,0.96,us,us6000kdmq,2023-07-29T22:00:26.040Z,Prince Edward Islands region,earthquake,9.75,1.845,0.071,19.0,reviewed,us,us
2023-05-25T03:05:32.956Z,8.9223,-77.0904,13.0,6.5,mww,113.0,87.0,2.12,0.62,us,us7000k3n3,2023-07-29T22:00:35.040Z,"45 km NE of Puerto Obaldía, Panama",earthquake,6.62,1.815,0.044,49.0,reviewed,us,us
2023-06-15T18:06:28.572Z,-22.9936,-177.1067,179.0,7.2,mww,146.0,21.0,2.532,0.89,us,us7000k8qh,2023-08-21T04:19:00.040Z,"274 km SW of Houma, Tonga",earthquake,8.63,1.854,0.054,33.0,reviewed,us,us
2023-07-02T10:27:43.732Z,-17.881,-174.9484,229.0,6.9,mww,108.0,21.0,1.181,0.96,us,us6000kpls,2023-09-09T21:54:36.040Z,"132 km NW of Neiafu, Tonga",earthquake,5.01,1.909,0.041,58.0,reviewed,us,us
2023-07-10T20:28:26.195Z,20.0634,-61.1021,14.0,6.6,mww,172.0,24.0,2.469,0.72,us,us7000keq3,2023-09-16T19:16:09.040Z,"278 km NNE of Codrington, Antigua and Barbuda",earthquake,5.48,1.497,0.057,30.0,reviewed,us,us
2023-07-16T06:48:21.158Z,54.3926,-160.762,25.0,7.2,mww,410.0,62.0,0.973,0.69,us,us7000kg30,2025-07-17T17:39:01.364Z,"2023 Sand Point, Alaska Earthquake",earthquake,4.17,1.864,0.025,156.0,reviewed,us,us
2023-07-17T03:05:11.472Z,-38.1862,-70.4427,186.0,6.6,mww,134.0,18.0,1.61,0.63,us,us7000kg9g,2025-04-15T00:00:04.646Z,"19 km SE of Loncopué, Argentina",earthquake,6.06,1.803,0.047,44.0,reviewed,us,us
2023-07-19T00:22:07.656Z,12.8,-88.0796,70.808,6.5,mww,156.0,65.0,0.706,1.08,us,us7000kgpb,2025-07-06T22:15:20.225Z,"43 km S of Intipucá, El Salvador",earthquake,6.75,3.291,0.04,59.0,reviewed,us,us
2023-08-16T12:47:39.720Z,-13.8882,167.2249,188.0,6.5,mww,203.0,24.0,7.196,0.57,us,us7000knq0,2023-10-27T21:39:02.040Z,"35 km W of Sola, Vanuatu",earthquake,8.72,1.922,0.068,21.0,reviewed,us,us
2023-08-28T19:55:30.875Z,-6.7888,116.5211,500.0,7.1,mww,139.0,22.0,2.377,0.72,us,us7000krjx,2024-01-26T13:46:21.200Z,"180 km NNE of Gili Air, Indonesia",earthquake,9.04,1.928,0.037,70.0,reviewed,us,us
2023-09-08T09:09:57.277Z,-32.7996,-179.3741,79.0,6.6,mww,171.0,21.0,3.741,0.56,us,us7000ku47,2023-11-17T19:47:50.040Z,south of the Kermadec Islands,earthquake,8.23,1.928,0.052,36.0,reviewed,us,us
2023-09-08T22:11:01.405Z,31.058,-8.3847,19.0,6.8,mww,380.0,22.0,0.988,0.67,us,us7000kufc,2026-02-11T20:56:22.743Z,"Al Haouz, Morocco",earthquake,3.62,3.098,0.032,95.0,reviewed,us,us
2023-10-07T08:34:26.985Z,-5.5729,146.138,55.0,6.7,mww,249.0,19.0,3.94,0.73,us,us6000ldqd,2023-12-14T21:26:55.040Z,"54 km SE of Madang, Papua New Guinea",earthquake,5.46,1.931,0.054,33.0,reviewed,us,us
2023-10-07T08:40:11.361Z,-5.4749,146.1439,52.0,6.9,mww,272.0,18.0,4.032,0.6,us,us6000ldqf,2023-12-14T21:26:55.040Z,"48 km SE of Madang, Papua New Guinea",earthquake,1.83,1.929,0.052,35.0,reviewed,us,us
2023-10-31T11:10:56.943Z,-17.5412,-179.0263,560.0,6.5,mww,113.0,27.0,2.793,0.71,us,us7000l7qy,2024-01-10T06:01:23.040Z,"185 km ENE of Levuka, Fiji",earthquake,10.25,1.963,0.052,36.0,reviewed,us,us
2023-10-31T12:33:43.732Z,-28.7431,-71.5573,34.0,6.6,mww,169.0,32.0,0.685,0.52,us,us7000l7si,2024-01-10T06:01:24.040Z,"80 km WSW of Vallenar, Chile",earthquake,4.65,1.868,0.069,20.0,reviewed,us,us
2023-11-08T04:52:51.393Z,-6.4442,129.7518,10.0,6.7,mwb,106.0,29.0,5.74,0.82,us,us7000l9h2,2024-01-13T23:10:31.040Z,Banda Sea,earthquake,3.62,1.723,0.034,85.0,reviewed,us,us
2023-11-08T04:53:49.631Z,-6.416,129.5466,6.0,7.1,mww,142.0,53.0,5.771,0.7,us,us7000l9h4,2024-01-13T23:10:31.040Z,Banda Sea,earthquake,3.56,1.73,0.045,47.0,reviewed,us,us
2023-11-08T13:02:06.115Z,-6.131,129.8738,10.0,6.7,mww,179.0,28.0,1.598,0.42,us,us7000l9ku,2024-01-13T23:10:38.040Z,Banda Sea,earthquake,6.55,1.807,0.039,64.0,reviewed,us,us
2023-11-17T08:14:10.513Z,5.5627,125.0013,52.0,6.7,mww,244.0,21.0,1.604,1.02,us,us6000lp12,2025-09-26T19:00:00.673Z,"32 km SW of Kablalan, Philippines",earthquake,6.69,1.896,0.038,66.0,reviewed,us,us
2023-11-22T04:47:31.590Z,-14.9603,167.9718,13.0,6.7,mww,120.0,23.0,6.575,0.55,us,us6000lq00,2024-02-01T15:13:42.040Z,"97 km E of Port-Olry, Vanuatu",earthquake,8.25,1.738,0.047,44.0,reviewed,us,us
2023-11-24T09:05:03.893Z,20.1319,145.5195,22.163,6.9,mww,328.0,33.0,4.871,0.42,us,us6000lqf9,2025-11-08T20:54:43.813Z,"Maug Islands region, Northern Mariana Islands",earthquake,8.03,3.827,0.058,29.0,reviewed,us,us
2023-11-27T21:46:42.183Z,-3.5605,144.0313,10.0,6.5,mww,248.0,15.0,3.482,0.5,us,us7000le6w,2024-02-06T21:53:53.040Z,"44 km E of Wewak, Papua New Guinea",earthquake,6.08,1.578,0.093,11.0,reviewed,us,us
2023-12-02T14:37:04.454Z,8.5266,126.4161,40.0,7.6,mww,128.0,43.0,1.668,0.98,us,us7000lff4,2026-06-27T07:18:56.872Z,"19 km E of Gamut, Philippines",earthquake,8.48,1.895,0.028,124.0,reviewed,us,us
2023-12-03T10:35:52.871Z,8.488,126.7454,19.0,6.6,mww,135.0,32.0,1.822,0.83,us,us7000lftp,2026-06-27T07:17:06.981Z,"47 km ENE of Hinatuan, Philippines",earthquake,7.74,1.835,0.052,35.0,reviewed,us,us
2023-12-03T19:49:35.739Z,8.9705,126.6121,20.0,6.9,mww,151.0,25.0,2.148,0.93,us,us7000lfxx,2026-06-27T07:19:43.677Z,"34 km ENE of Aras-asan, Philippines",earthquake,7.86,1.721,0.05,39.0,reviewed,us,us
2023-12-07T12:56:30.184Z,-20.6152,169.3089,48.0,7.1,mww,146.0,20.0,2.637,1.08,us,us7000lgwp,2024-02-10T23:47:40.040Z,"118 km S of Isangel, Vanuatu",earthquake,8.5,1.836,0.05,39.0,reviewed,us,us
2023-12-28T09:15:16.131Z,44.596,149.0388,31.0,6.5,mww,156.0,34.0,4.647,0.9,us,us6000m05c,2024-03-02T21:39:32.040Z,"115 km SE of Kuril’sk, Russia",earthquake,7.66,1.777,0.048,42.0,reviewed,us,us
2024-01-01T07:10:09.476Z,37.4874,137.271,10.0,7.5,mww,282.0,36.0,0.957,0.55,us,us6000m0xl,2026-07-29T08:13:38.562Z,"2024 Noto Peninsula, Japan Earthquake",earthquake,4.03,1.807,0.034,82.0,reviewed,us,us
2024-01-08T20:48:42.361Z,4.9225,126.1575,62.574,6.7,mww,138.0,22.0,2.209,0.76,us,us6000m2jp,2024-03-16T19:00:03.040Z,"93 km SE of Sarangani, Philippines",earthquake,7.15,3.404,0.06,27.0,reviewed,us,us
2024-01-20T21:31:05.092Z,-7.2879,-71.464,607.0,6.6,mww,185.0,36.0,7.065,0.69,us,us6000m52p,2025-02-10T17:01:03.186Z,"123 km NW of Tarauacá, Brazil",earthquake,9.42,1.919,0.073,18.0,reviewed,us,us
2024-01-22T18:09:04.340Z,41.2555,78.6538,13.0,7.0,mww,121.0,29.0,0.428,0.64,us,us7000lsze,2025-11-29T17:59:35.418Z,"128 km WNW of Aykol, China",earthquake,4.68,1.811,0.054,33.0,reviewed,us,us
2024-01-28T09:38:56.538Z,-8.236,-71.4005,621.081,6.5,mww,237.0,40.0,6.526,0.86,us,us7000lui3,2024-03-30T22:34:43.040Z,"70 km W of Tarauacá, Brazil",earthquake,7.28,2.996,0.062,25.0,reviewed,us,us
2024-03-03T16:16:53.995Z,-58.8881,159.1441,23.187,6.8,mww,49.0,58.0,4.403,0.57,us,us6000mghc,2024-05-10T21:25:58.040Z,Macquarie Island region,earthquake,10.52,3.009,0.037,72.0,reviewed,us,us
2024-03-23T20:22:04.348Z,-4.1292,143.134,41.464,6.9,mww,147.0,32.0,2.909,0.76,us,us6000mksx,2024-10-09T09:07:01.269Z,"36 km ENE of Ambunti, Papua New Guinea",earthquake,8.06,2.476,0.047,44.0,reviewed,us,us
2024-04-02T23:58:12.173Z,23.8356,121.5976,40.0,7.4,mww,322.0,17.0,0.337,0.93,us,us7000m9g4,2026-06-25T10:54:32.203Z,"15 km S of Hualien City, Taiwan",earthquake,4.73,1.877,0.027,133.0,reviewed,us,us
2024-04-05T11:03:16.357Z,19.1103,145.3659,222.0,6.8,mww,199.0,31.0,3.869,0.85,us,us7000ma2w,2026-03-21T21:18:34.752Z,"Maug Islands region, Northern Mariana Islands",earthquake,8.22,1.918,0.027,136.0,reviewed,us,us
2024-04-14T20:56:28.201Z,-5.8565,151.0953,49.0,6.5,mww,107.0,42.0,5.257,0.81,us,us7000mc2t,2024-06-17T02:15:36.040Z,"111 km ESE of Kimbe, Papua New Guinea",earthquake,7.55,1.938,0.073,18.0,reviewed,us,us
2024-04-27T08:35:34.207Z,27.8209,139.6186,496.0,6.5,mww,217.0,24.0,2.392,0.63,us,us6000mu8k,2024-10-09T04:19:09.040Z,"Bonin Islands, Japan region",earthquake,9.42,1.953,0.035,77.0,reviewed,us,us
2024-05-26T20:47:12.057Z,-19.3431,-174.841,137.0,6.6,mww,190.0,21.0,2.026,0.93,us,us6000n158,2024-08-06T02:09:38.040Z,"70 km NW of Fangale’ounga, Tonga",earthquake,8.13,1.893,0.043,53.0,reviewed,us,us
2024-06-28T05:36:36.902Z,-15.8277,-74.454,24.0,7.2,mww,105.0,46.0,4.675,0.93,us,us6000n8tq,2025-02-09T14:16:45.954Z,"10 km WSW of Atiquipa, Peru",earthquake,8.89,1.881,0.041,56.0,reviewed,us,us
2024-07-10T04:55:41.780Z,-53.3092,25.3481,4.0,6.6,mww,107.0,23.0,18.352,0.76,us,us7000my76,2024-09-20T16:00:53.040Z,south of Africa,earthquake,8.92,1.712,0.05,38.0,reviewed,us,us
2024-07-11T02:13:18.585Z,6.0838,123.1503,639.503,7.1,mww,401.0,17.0,2.604,0.84,us,us7000myfa,2024-10-08T21:28:11.485Z,"106 km WSW of Sangay, Philippines",earthquake,8.06,4.43,0.055,32.0,reviewed,us,us
2024-07-19T01:50:48.571Z,-23.0791,-67.8404,127.291,7.4,mww,119.0,19.0,0.336,1.06,us,us7000n05d,2025-09-25T18:56:47.009Z,"41 km ESE of San Pedro de Atacama, Chile",earthquake,7.08,3.027,0.026,144.0,reviewed,us,us
2024-08-02T22:23:02.111Z,8.1851,126.6161,32.0,6.8,mww,259.0,18.0,1.511,0.69,us,us6000nhqc,2025-08-16T04:52:05.408Z,"20 km E of Barcelona, Philippines",earthquake,7.5,1.761,0.048,42.0,reviewed,us,us
2024-08-08T07:42:55.206Z,31.7599,131.5021,24.0,7.1,mww,252.0,34.0,5.748,0.74,us,us6000nith,2025-09-08T03:47:56.356Z,"2024 Hyuganada Sea, Japan Earthquake",earthquake,6.71,1.855,0.031,99.0,reviewed,us,us
2024-08-10T03:28:32.681Z,47.223,144.7915,402.166,6.5,mww,157.0,17.0,1.405,0.75,us,us6000nj9s,2024-10-24T17:57:54.040Z,"151 km E of Dolinsk, Russia",earthquake,7.67,3.081,0.053,34.0,reviewed,us,us
2024-08-17T19:10:26.820Z,52.9308,160.1331,29.0,7.0,mww,146.0,63.0,0.902,0.99,us,us7000n7n8,2025-09-18T19:56:54.995Z,"102 km E of Petropavlovsk-Kamchatsky, Russia",earthquake,6.98,1.868,0.03,105.0,reviewed,us,us
2024-08-25T23:29:07.544Z,-19.8125,-175.0711,96.0,6.9,mww,276.0,13.0,1.56,0.53,us,us7000n9dt,2024-11-02T21:29:06.040Z,"75 km W of Pangai, Tonga",earthquake,9.43,1.841,0.033,86.0,reviewed,us,us
2024-09-15T22:22:48.018Z,51.6088,-130.6121,3.766,6.5,mww,172.0,40.0,0.775,0.58,us,us7000ne51,2024-11-21T22:58:58.040Z,"271 km WNW of Port McNeill, Canada",earthquake,4.9,3.358,0.025,150.0,reviewed,us,us
2024-10-01T20:05:34.967Z,-19.2886,-173.0007,10.0,6.6,mww,114.0,23.0,2.772,0.71,us,us7000nhjw,2024-12-14T14:50:58.040Z,"125 km SE of Neiafu, Tonga",earthquake,10.41,1.723,0.035,77.0,reviewed,us,us
2024-11-10T16:49:50.426Z,19.7974,-77.0506,14.0,6.8,mww,90.0,25.0,0.624,0.91,us,us7000nr0v,2025-01-24T19:51:30.040Z,"42 km SSW of Bartolomé Masó, Cuba",earthquake,3.76,1.715,0.032,94.0,reviewed,us,us
2024-11-15T05:28:30.650Z,-4.7548,153.2923,56.0,6.6,mww,113.0,19.0,1.257,0.67,us,us7000nrwz,2025-01-26T16:29:58.040Z,"122 km ESE of Kokopo, Papua New Guinea",earthquake,8.14,1.856,0.061,26.0,reviewed,us,us
2024-12-05T18:44:21.110Z,40.374,-125.02166666667,10.0,7.0,mw,172.0,229.0,0.5261,0.23,nc,nc75095651,2026-07-17T16:45:27.673Z,"2024 Offshore Cape Mendocino, California Earthquake",earthquake,0.63,31.61,0.018,303.0,reviewed,nc,nc
2024-12-17T01:47:25.741Z,-17.6914,168.0842,54.372,7.3,mww,246.0,18.0,2.386,0.64,us,us7000nzf3,2026-07-17T17:21:07.060Z,"24 km WNW of Port-Vila, Vanuatu",earthquake,6.75,4.068,0.036,73.0,reviewed,us,us
2024-12-27T12:47:37.696Z,47.2996,151.236,146.0,6.8,mww,246.0,38.0,5.794,0.85,us,us6000pfw7,2025-03-08T22:39:10.040Z,Kuril Islands,earthquake,8.35,1.931,0.037,72.0,reviewed,us,us
2025-01-07T01:05:16.734Z,28.6036,87.3781,10.0,7.1,mww,315.0,17.0,3.458,0.56,us,us6000pi9w,2025-08-11T06:50:22.632Z,2025 Southern Tibetan Plateau Earthquake,earthquake,8.15,1.74,0.039,63.0,reviewed,us,us
2025-01-13T12:19:32.252Z,31.8326,131.5525,39.0,6.8,mww,151.0,18.0,0.992,1.07,us,us6000pjny,2026-01-16T11:21:32.548Z,"15 km SE of Miyazaki, Japan",earthquake,3.7,1.827,0.033,87.0,reviewed,us,us
2025-02-08T23:23:14.697Z,17.6506,-82.395,14.326,7.6,mww,235.0,18.0,4.662,0.62,us,us7000pcdl,2025-04-26T15:51:49.572Z,"210 km SSW of George Town, Cayman Islands",earthquake,6.99,3.216,0.028,119.0,reviewed,us,us
2025-03-10T02:33:14.609Z,71.176,-8.1733,10.0,6.5,mww,437.0,15.0,0.219,0.59,us,us6000pxvx,2025-05-16T17:30:04.040Z,"34 km NE of Olonkinbyen, Svalbard and Jan Mayen",earthquake,6.68,1.724,0.039,62.0,reviewed,us,us
2025-03-25T01:43:11.796Z,-46.7305,165.8632,21.0,6.7,mww,250.0,31.0,0.799,0.54,us,us7000pmem,2025-05-29T17:36:32.040Z,"170 km WSW of Riverton, New Zealand",earthquake,7.97,1.783,0.045,48.0,reviewed,us,us
2025-03-28T06:20:52.715Z,22.011,95.9363,10.0,7.7,mww,246.0,24.0,3.474,0.89,us,us7000pn9s,2026-07-17T19:33:31.066Z,"2025 Mandalay, Burma (Myanmar) Earthquake",earthquake,7.63,1.719,0.028,121.0,reviewed,us,us
2025-03-28T06:32:04.777Z,21.6975,95.969,10.0,6.7,mww,106.0,41.0,4.266,0.75,us,us7000pn9z,2025-07-16T15:18:10.885Z,Burma (Myanmar),earthquake,7.64,1.831,0.089,12.0,reviewed,us,us
2025-03-28T17:17:27.868Z,0.7561,-29.7635,12.323,6.6,mww,326.0,24.0,8.962,0.44,us,us7000pnf2,2025-06-06T21:12:26.040Z,central Mid-Atlantic Ridge,earthquake,8.98,3.041,0.059,28.0,reviewed,us,us
2025-03-30T12:18:50.362Z,-20.3036,-174.0718,29.0,7.0,mww,287.0,20.0,4.091,0.96,us,us7000pntq,2025-06-06T21:12:28.040Z,"61 km SSE of Pangai, Tonga",earthquake,4.83,2.971,0.031,98.0,reviewed,us,us
2025-04-03T14:09:29.739Z,52.4538,-32.1071,10.0,6.9,mww,165.0,19.0,11.349,0.57,us,us6000q3nw,2025-09-26T02:41:20.426Z,Reykjanes Ridge,earthquake,8.4,1.762,0.031,99.0,reviewed,us,us
2025-04-04T20:04:38.129Z,-6.3025,151.6257,9.0,6.9,mww,333.0,11.0,2.022,0.78,us,us6000q41n,2025-06-09T13:38:40.040Z,"184 km ESE of Kimbe, Papua New Guinea",earthquake,5.87,1.699,0.028,121.0,reviewed,us,us
2025-04-13T20:03:22.841Z,-25.9815,-178.3309,271.0,6.5,mww,102.0,27.0,3.27,0.73,us,us6000q5tp,2025-06-14T18:26:42.040Z,south of the Fiji Islands,earthquake,9.61,1.946,0.041,57.0,reviewed,us,us
2025-04-16T01:42:59.524Z,-47.8089,99.613,10.0,6.6,mww,127.0,43.0,19.39,0.77,us,us6000q6cs,2025-09-16T20:58:39.056Z,southeast Indian Ridge,earthquake,10.5,1.788,0.093,11.0,reviewed,us,us
2025-04-29T14:53:37.897Z,-54.2616,155.6446,18.957,6.8,mww,475.0,11.0,1.942,0.51,us,us7000pvtr,2025-07-11T15:46:23.040Z,Macquarie Island region,earthquake,7.93,2.668,0.044,49.0,reviewed,us,us
2025-05-02T12:58:26.014Z,-56.8094,-68.1019,10.0,7.4,mww,284.0,20.0,1.9,0.75,us,us7000pwkn,2025-07-12T16:30:42.040Z,2025 Drake Passage Earthquake,earthquake,7.58,1.441,0.038,68.0,reviewed,us,us
2025-05-20T15:05:59.387Z,-3.7575,144.8116,16.819,6.5,mww,301.0,17.0,3.067,0.59,us,us7000q0bm,2025-07-25T17:06:20.040Z,"89 km ENE of Angoram, Papua New Guinea",earthquake,7.77,3.021,0.043,52.0,reviewed,us,us
2025-06-28T08:32:20.957Z,-60.9793,-38.9672,10.0,6.6,mww,135.0,52.0,6.844,0.63,us,us7000q9b5,2025-09-04T20:40:01.040Z,Scotia Sea,earthquake,8.19,1.855,0.068,21.0,reviewed,us,us
2025-07-14T05:49:58.119Z,-6.2201,131.2331,70.687,6.7,mww,149.0,19.0,2.143,0.63,us,us7000qcik,2025-11-28T21:10:23.200Z,"180 km WSW of Tual, Indonesia",earthquake,6.46,5.368,0.04,60.0,reviewed,us,us
2025-07-16T20:37:41.667Z,54.5652,-160.4689,38.0,7.3,mww,180.0,21.0,0.576,0.75,us,us7000qd1y,2026-07-16T20:47:54.969Z,"2025 Sand Point, Alaska Earthquake",earthquake,5.86,1.827,0.025,153.0,reviewed,us,us
2025-07-20T06:28:17.860Z,52.9286,160.6233,23.0,6.6,mww,161.0,73.0,1.197,0.86,us,us7000qdye,2025-10-03T18:42:55.040Z,"134 km E of Petropavlovsk-Kamchatsky, Russia",earthquake,8.27,1.88,0.036,74.0,reviewed,us,us
2025-07-20T06:49:04.327Z,52.8301,160.6816,34.0,7.4,mww,170.0,32.0,1.245,0.77,us,us7000qdyl,2025-10-03T18:42:56.040Z,"2025 Eastern Kamchatka, Russia Earthquake",earthquake,7.9,1.873,0.048,42.0,reviewed,us,us
2025-07-20T07:07:42.573Z,52.6981,160.8332,10.0,6.6,mww,172.0,75.0,1.363,0.78,us,us7000qdyw,2025-10-03T18:42:56.040Z,"153 km ESE of Petropavlovsk-Kamchatsky, Russia",earthquake,6.93,1.824,0.056,31.0,reviewed,us,us
2025-07-20T07:23:02.065Z,52.8915,160.7461,34.991,6.5,mww,172.0,71.0,1.275,0.63,us,us7000qdz2,2025-10-03T18:42:56.040Z,"143 km E of Petropavlovsk-Kamchatsky, Russia",earthquake,8.24,4.314,0.066,22.0,reviewed,us,us
2025-07-24T23:37:56.601Z,-14.9093,-175.7016,314.151,6.6,mww,102.0,30.0,3.925,0.94,us,us6000quy1,2025-10-11T20:57:10.040Z,"187 km SSE of Mata-Utu, Wallis and Futuna",earthquake,8.43,5.206,0.035,80.0,reviewed,us,us
2025-07-28T22:10:35.109Z,-57.605,157.0388,31.0,7.0,mww,128.0,21.0,3.292,0.82,us,us6000qvsf,2025-10-11T20:57:29.040Z,Macquarie Island region,earthquake,9.63,1.777,0.031,99.0,reviewed,us,us
2025-07-29T17:53:40.918Z,-23.4497,178.858,553.0,6.6,mww,156.0,17.0,5.726,0.83,us,us6000qw1a,2025-10-11T20:57:33.040Z,south of the Fiji Islands,earthquake,10.13,1.906,0.043,52.0,reviewed,us,us
2025-07-29T23:24:52.483Z,52.4948,160.2395,35.0,8.8,mww,251.0,30.0,1.102,0.73,us,us6000qw60,2026-07-31T16:16:07.061Z,"2025 Kamchatka Peninsula, Russia Earthquake",earthquake,6.78,1.784,0.018,303.0,reviewed,us,us
2025-07-30T00:09:58.961Z,52.1946,159.8008,36.622,6.9,mww,82.0,68.0,1.087,0.95,us,us6000qw6q,2025-10-17T02:32:58.040Z,"125 km SE of Petropavlovsk-Kamchatsky, Russia",earthquake,8.62,5.606,0.098,10.0,reviewed,us,us
2025-08-03T05:37:55.148Z,50.5853,157.8643,30.0,6.8,mww,117.0,43.0,2.49,1.05,us,us6000qxt4,2025-10-17T22:51:42.040Z,"123 km E of Severo-Kuril’sk, Russia",earthquake,6.3,1.869,0.053,34.0,reviewed,us,us
2025-08-22T02:16:18.246Z,-60.3187,-61.9221,10.0,7.5,mww,101.0,64.0,4.579,1.02,us,us6000r2xq,2025-11-12T16:25:36.040Z,2025 Southern Drake Passage Earthquake,earthquake,9.63,1.726,0.041,58.0,reviewed,us,us
2025-09-13T02:37:56.761Z,53.1969,160.1901,58.0,7.4,mww,298.0,25.0,0.945,0.74,us,us7000qvw5,2025-12-03T03:58:17.040Z,"105 km E of Petropavlovsk-Kamchatsky, Russia",earthquake,7.75,1.868,0.033,89.0,reviewed,us,us
2025-09-18T18:58:14.939Z,53.1426,160.7206,27.0,7.8,mww,212.0,76.0,1.255,1.07,us,us7000qx2g,2025-12-06T16:41:30.345Z,"140 km E of Petropavlovsk-Kamchatsky, Russia",earthquake,7.91,1.88,0.024,173.0,reviewed,us,us
2025-09-30T13:59:43.328Z,11.1557,124.111,10.0,6.9,mww,192.0,15.0,4.311,0.71,us,us6000rdrz,2026-08-01T14:48:25.443Z,"8 km ESE of Calape, Philippines",earthquake,7.75,1.73,0.04,59.0,reviewed,us,us
2025-10-07T11:05:17.136Z,-6.7359,146.8404,98.0,6.6,mww,211.0,36.0,2.67,0.55,us,us6000rfb2,2025-12-19T22:50:22.040Z,"17 km W of Lae, Papua New Guinea",earthquake,7.06,1.889,0.035,79.0,reviewed,us,us
2025-10-10T01:43:59.585Z,7.2866,126.6902,59.425,7.4,mww,291.0,19.0,1.123,0.6,us,us6000rfwz,2026-08-09T13:41:53.905Z,"12 km E of Santiago, Philippines",earthquake,7.79,4.306,0.024,164.0,reviewed,us,us
2025-10-10T11:12:05.407Z,7.2127,126.6578,47.0,6.7,mww,129.0,25.0,1.08,1.09,us,us6000rg2r,2026-08-05T10:41:41.882Z,"12 km SE of Santiago, Philippines",earthquake,7.64,1.924,0.041,57.0,reviewed,us,us
2025-10-10T20:29:20.075Z,-60.1875,-61.8164,5.639,7.6,mww,402.0,12.0,4.719,0.57,us,us6000rgf4,2026-01-01T23:11:08.040Z,Drake Passage,earthquake,7.29,2.011,0.034,84.0,reviewed,us,us
2025-10-27T12:38:40.364Z,16.5419,-59.5574,9.0,6.5,mww,161.0,21.0,1.456,0.71,us,us6000rjq8,2026-01-15T22:46:56.040Z,"164 km E of Beauséjour, Guadeloupe",earthquake,6.06,1.83,0.031,101.0,reviewed,us,us
2025-11-09T08:03:39.367Z,39.485,143.3782,18.0,6.8,mww,117.0,46.0,2.201,0.73,us,us6000rmea,2026-01-29T22:05:30.040Z,"122 km E of Yamada, Japan",earthquake,7.11,1.831,0.059,28.0,reviewed,us,us
2025-12-06T20:41:49.288Z,60.3127,-139.5412,10.317,7.0,mww,270.0,29.0,0.417,0.76,us,us6000rsy1,2026-08-29T20:51:57.705Z,2025 Hubbard Glacier Earthquake,earthquake,4.11,3.297,0.026,137.0,reviewed,us,us
2025-12-08T14:15:09.896Z,40.9984,142.1836,40.72,7.6,mww,170.0,17.0,0.874,0.72,us,us6000rtdt,2026-06-16T12:34:19.815Z,"2025 Aomori Prefecture, Japan Earthquake",earthquake,9.62,4.629,0.024,166.0,reviewed,us,us
2025-12-08T21:52:41.325Z,40.9761,143.1504,19.0,6.6,mww,140.0,29.0,1.038,0.64,us,us6000rtie,2026-03-04T18:43:42.040Z,"129 km S of Honchō, Japan",earthquake,5.69,1.733,0.068,21.0,reviewed,us,us
2025-12-12T02:44:12.841Z,40.8899,142.8131,19.0,6.7,mww,119.0,39.0,1.153,0.8,us,us6000ruc4,2026-03-10T22:18:37.040Z,"117 km NE of Kuji, Japan",earthquake,8.39,1.738,0.032,96.0,reviewed,us,us
2025-12-22T10:31:27.918Z,-5.7036,145.5368,107.0,6.5,mww,129.0,14.0,4.013,1.01,us,us6000rwgh,2026-03-19T13:56:11.040Z,"45 km NNE of Goroka, Papua New Guinea",earthquake,6.99,1.855,0.044,50.0,reviewed,us,us
2025-12-27T15:05:55.388Z,24.6841,122.0354,63.0,6.6,mww,298.0,9.0,0.568,0.76,us,us7000rl2n,2026-04-17T00:47:10.433Z,"29 km ESE of Yilan, Taiwan",earthquake,5.06,1.818,0.033,88.0,reviewed,us,us
