time,latitude,longitude,depth,mag,magType,nst,gap,dmin,rms,net,id,updated,place,type,horizontalError,depthError,magError,magNst,status,locationSource,magSource
2020-01-01T13:57:05.760Z,35.9833333,-117.3155,2.67,2.71,ml,48.0,53,0.09582,0.18,ci,ci39019863,2024-10-14T22:53:28.180Z,"25km NNE of Trona, CA",earthquake,0.18,0.55,0.103,27,reviewed,ci,ci
2020-01-01T17:23:05.770Z,35.9876667,-117.3228333,1.95,2.24,ml,34.0,54,0.1017,0.18,ci,ci39019975,2020-01-02T23:46:23.642Z,"25km NNE of Trona, CA",earthquake,0.2,0.48,0.14,23,reviewed,ci,ci
2020-01-01T19:42:21.420Z,35.9885,-117.3173333,1.93,2.34,ml,34.0,69,0.1012,0.17,ci,ci39020063,2020-01-02T23:53:00.679Z,"26km NNE of Trona, CA",earthquake,0.19,0.5,0.098,24,reviewed,ci,ci
2020-01-02T12:10:32.980Z,35.6806667,-117.5131667,9.81,2.31,ml,40.0,55,0.07415,0.15,ci,ci39020727,2020-01-03T15:26:01.670Z,"14km SW of Searles Valley, CA",earthquake,0.15,0.3,0.157,24,reviewed,ci,ci
2020-01-02T15:19:04.000Z,35.7906667,-117.6103333,3.13,2.24,ml,32.0,57,0.0271,0.14,ci,ci39020911,2020-01-03T15:33:07.000Z,"19km W of Searles Valley, CA",earthquake,0.14,0.3,0.134,23,reviewed,ci,ci
2020-01-02T20:15:35.380Z,35.7806667,-117.5986667,7.29,2.2,ml,42.0,44,0.03501,0.13,ci,ci39021223,2020-01-06T16:58:59.270Z,"18km W of Searles Valley, CA",earthquake,0.11,0.38,0.163,24,reviewed,ci,ci
2020-01-02T22:07:15.500Z,35.6941667,-117.5226667,6.98,2.25,ml,46.0,56,0.0813,0.13,ci,ci39021351,2020-01-06T17:44:31.150Z,"14km SW of Searles Valley, CA",earthquake,0.11,0.29,0.122,24,reviewed,ci,ci
2020-01-03T01:01:28.980Z,36.1381667,-117.8666667,2.46,2.3,ml,37.0,55,0.02266,0.14,ci,ci39021535,2020-01-06T18:07:43.380Z,"13km NE of Coso Junction, CA",earthquake,0.15,0.22,0.173,25,reviewed,ci,ci
2020-01-03T05:48:05.430Z,35.7928333,-117.6163333,5.37,3.14,ml,51.0,30,0.02607,0.16,ci,ci39021735,2021-10-12T20:47:25.180Z,"19km W of Searles Valley, CA",earthquake,0.15,0.38,0.12,89,reviewed,ci,ci
2020-01-03T19:56:01.500Z,35.612,-117.4891667,6.13,2.22,ml,46.0,43,0.01268,0.12,ci,ci39022503,2020-01-06T19:23:33.110Z,"17km E of Ridgecrest, CA",earthquake,0.11,0.24,0.183,24,reviewed,ci,ci
2020-01-03T20:42:48.110Z,35.7155,-117.5421667,6.94,2.29,ml,44.0,53,0.0958,0.14,ci,ci39022567,2020-01-06T19:35:39.920Z,"14km WSW of Searles Valley, CA",earthquake,0.12,0.36,0.157,25,reviewed,ci,ci
2020-01-03T23:34:52.880Z,35.879,-117.6883333,8.65,2.03,ml,46.0,24,0.07534,0.13,ci,ci39022711,2020-01-06T19:47:49.540Z,"21km ESE of Little Lake, CA",earthquake,0.12,0.33,0.187,24,reviewed,ci,ci
2020-01-04T01:42:10.150Z,35.8591667,-117.6831667,7.79,2.2,ml,45.0,40,0.08199,0.12,ci,ci39022863,2020-01-06T21:00:20.000Z,"22km ESE of Little Lake, CA",earthquake,0.11,0.34,0.184,24,reviewed,ci,ci
2020-01-04T04:48:51.240Z,35.6003333,-117.4063333,8.19,2.78,ml,67.0,21,0.02058,0.13,ci,ci39023047,2021-10-12T20:06:50.840Z,"18km S of Trona, CA",earthquake,0.11,0.19,0.12,25,reviewed,ci,ci
2020-01-04T14:40:16.790Z,35.7735,-117.5946667,5.81,2.46,ml,58.0,34,0.005071,0.14,ci,ci39023383,2021-10-12T19:19:22.290Z,"17km W of Searles Valley, CA",earthquake,0.13,0.29,0.113,24,reviewed,ci,ci
2020-01-05T00:55:52.090Z,35.9771667,-117.3975,2.77,2.63,ml,60.0,41,0.1264,0.14,ci,ci39023815,2021-10-12T19:33:35.150Z,"23km N of Searles Valley, CA",earthquake,0.11,0.53,0.142,25,reviewed,ci,ci
2020-01-05T01:28:31.850Z,35.8266667,-117.6276667,9.01,2.15,ml,46.0,35,0.02682,0.13,ci,ci39023831,2020-01-06T22:57:41.950Z,"21km WNW of Searles Valley, CA",earthquake,0.12,0.3,0.185,22,reviewed,ci,ci
2020-01-05T02:56:12.820Z,35.9776667,-117.3978333,1.49,2.03,ml,47.0,52,0.127,0.17,ci,ci39023887,2024-02-06T18:04:30.800Z,"23 km N of Searles Valley, CA",earthquake,0.17,0.44,0.164,25,reviewed,ci,ci
2020-01-05T22:34:51.030Z,35.6576667,-117.526,2.14,2.89,ml,63.0,48,0.04125,0.14,ci,ci39024647,2021-10-12T20:13:01.340Z,"14km ENE of Ridgecrest, CA",earthquake,0.1,0.16,0.134,27,reviewed,ci,ci
2020-01-06T02:04:02.190Z,35.5661667,-117.4061667,7.71,2.0,ml,46.0,48,0.04998,0.15,ci,ci39024855,2024-10-17T16:45:58.860Z,"22km S of Trona, CA",earthquake,0.14,0.35,0.194,25,reviewed,ci,ci
2020-01-06T07:03:13.590Z,35.7403333,-117.5663333,3.39,2.77,ml,61.0,44,0.01846,0.16,ci,ci39025199,2021-08-10T21:30:56.790Z,"15km WSW of Searles Valley, CA",earthquake,0.12,0.35,0.15,23,reviewed,ci,ci
2020-01-07T04:04:32.390Z,35.9545,-117.3623333,2.49,2.36,ml,46.0,51,0.09019,0.16,ci,ci39026407,2020-01-07T17:18:15.800Z,"21km N of Searles Valley, CA",earthquake,0.14,0.36,0.119,25,reviewed,ci,ci
2020-01-07T12:08:14.520Z,35.6623333,-117.441,6.1,2.21,ml,45.0,43,0.07542,0.14,ci,ci39026655,2020-01-07T17:39:27.700Z,"12km SSW of Searles Valley, CA",earthquake,0.13,0.4,0.16,25,reviewed,ci,ci
2020-01-07T23:49:57.740Z,35.9386667,-117.3775,1.35,2.33,ml,58.0,41,0.09007,0.18,ci,ci39027567,2021-09-29T18:49:28.090Z,"19km N of Searles Valley, CA",earthquake,0.14,0.31,0.161,26,reviewed,ci,ci
2020-01-08T08:08:07.400Z,35.6663333,-117.4865,5.82,2.07,ml,50.0,56,0.02202,0.13,ci,ci39028223,2024-02-04T20:00:10.180Z,"14 km SSW of Searles Valley, CA",earthquake,0.12,0.29,0.215,26,reviewed,ci,ci
2020-01-08T16:11:18.170Z,35.6765,-117.5478333,6.6,3.48,ml,59.0,50,0.04975,0.16,ci,ci39028647,2021-10-12T20:51:28.010Z,"13km ENE of Ridgecrest, CA",earthquake,0.14,0.28,0.167,141,reviewed,ci,ci
2020-01-08T18:25:44.270Z,35.676,-117.5401667,3.27,2.0,ml,52.0,51,0.05302,0.14,ci,ci39028783,2024-02-04T19:55:18.565Z,"14 km ENE of Ridgecrest, CA",earthquake,0.11,0.17,0.114,26,reviewed,ci,ci
2020-01-09T02:50:04.410Z,35.9301667,-117.7056667,3.29,2.47,ml,52.0,26,0.02798,0.17,ci,ci39029543,2021-10-12T18:40:05.176Z,"18km E of Little Lake, CA",earthquake,0.15,0.34,0.191,103,reviewed,ci,ci
2020-01-10T06:09:06.330Z,35.9573333,-117.4645,2.88,2.08,ml,50.0,45,0.1134,0.17,ci,ci39031023,2024-03-12T20:55:42.627Z,"22 km NNW of Searles Valley, CA",earthquake,0.17,0.74,0.148,26,reviewed,ci,ci
2020-01-11T05:45:28.260Z,35.9096667,-117.6935,3.39,2.8,ml,48.0,30,0.009972,0.19,ci,ci39032247,2021-08-10T21:51:09.032Z,"19km E of Little Lake, CA",earthquake,0.17,0.36,0.117,16,reviewed,ci,ci
2020-01-11T20:16:33.070Z,35.71,-117.5563333,8.83,2.16,ml,52.0,53,0.01771,0.13,ci,ci39032767,2024-04-18T18:25:21.190Z,"15 km NE of Ridgecrest, CA",earthquake,0.14,0.26,0.156,25,reviewed,ci,ci
2020-01-12T14:18:21.840Z,35.7063333,-117.57,8.83,2.18,ml,51.0,52,0.01611,0.14,ci,ci39033415,2024-04-22T17:02:22.360Z,"14 km NE of Ridgecrest, CA",earthquake,0.14,0.27,0.206,26,reviewed,ci,ci
2020-01-13T20:11:50.170Z,35.6746667,-117.5571667,7.08,2.0,ml,53.0,49,0.04391,0.14,ci,ci39034719,2024-03-14T18:29:18.040Z,"12 km ENE of Ridgecrest, CA",earthquake,0.11,0.22,0.167,26,reviewed,ci,ci
2020-01-13T22:45:46.870Z,35.6586667,-117.4866667,3.03,2.23,ml,53.0,54,0.01507,0.16,ci,ci39034983,2024-05-01T18:36:08.256Z,"14 km SSW of Searles Valley, CA",earthquake,0.13,0.16,0.175,25,reviewed,ci,ci
2020-01-13T23:03:11.870Z,35.7575,-117.582,8.19,2.06,ml,54.0,39,0.01938,0.13,ci,ci39035007,2024-05-01T19:03:33.770Z,"16 km W of Searles Valley, CA",earthquake,0.13,0.28,0.166,25,reviewed,ci,ci
2020-01-13T23:29:36.350Z,35.9193333,-117.6636667,3.55,2.28,ml,51.0,25,0.03048,0.14,ci,ci39035055,2024-05-01T19:24:49.270Z,"22 km E of Little Lake, CA",earthquake,0.12,0.24,0.154,26,reviewed,ci,ci
2020-01-14T14:39:57.990Z,35.8626667,-117.6876667,4.25,2.59,ml,50.0,34,0.0267,0.19,ci,ci39035887,2021-10-12T19:30:32.510Z,"21km ESE of Little Lake, CA",earthquake,0.16,0.36,0.12,117,reviewed,ci,ci
2020-01-15T05:02:41.610Z,35.5801667,-117.4141667,5.95,2.5,ml,51.0,35,0.005488,0.16,ci,ci39036639,2021-10-12T19:13:18.840Z,"21km S of Trona, CA",earthquake,0.14,0.24,0.144,78,reviewed,ci,ci
2020-01-15T07:10:20.520Z,35.7095,-117.5623333,4.72,2.17,ml,52.0,53,0.01504,0.15,ci,ci39036735,2024-05-01T21:04:16.920Z,"14 km NE of Ridgecrest, CA",earthquake,0.13,0.22,0.129,25,reviewed,ci,ci
2020-01-16T05:33:04.090Z,35.6163333,-117.467,9.95,2.03,ml,52.0,46,0.02676,0.12,ci,ci39271960,2024-03-14T20:54:29.670Z,"18 km SSW of Searles Valley, CA",earthquake,0.13,0.2,0.146,25,reviewed,ci,ci
2020-01-16T10:08:17.670Z,35.6671667,-117.525,7.65,2.49,ml,56.0,51,0.04424,0.14,ci,ci39272200,2021-10-12T18:47:09.210Z,"15km ENE of Ridgecrest, CA",earthquake,0.13,0.3,0.173,135,reviewed,ci,ci
2020-01-16T12:14:51.100Z,35.8953333,-117.6668333,9.86,2.09,ml,49.0,38,0.02923,0.12,ci,ci39272264,2024-04-15T22:54:06.070Z,"22 km ESE of Little Lake, CA",earthquake,0.13,0.24,0.129,26,reviewed,ci,ci
2020-01-16T23:43:57.780Z,35.6466667,-117.4585,4.08,2.05,ml,43.0,56,0.0156,0.12,ci,ci39273120,2024-04-16T21:42:28.962Z,"14 km SSW of Searles Valley, CA",earthquake,0.14,0.23,0.116,24,reviewed,ci,ci
2020-01-17T08:02:03.110Z,35.6905,-117.5401667,8.69,2.12,ml,52.0,52,0.04099,0.14,ci,ci39273536,2024-03-19T18:38:00.200Z,"14 km ENE of Ridgecrest, CA",earthquake,0.13,0.27,0.173,25,reviewed,ci,ci
2020-01-17T11:50:13.030Z,35.5978333,-117.5983333,4.38,2.52,ml,58.0,32,0.03392,0.14,ci,ci39273664,2024-10-21T18:22:28.100Z,"8km ESE of Ridgecrest, CA",earthquake,0.11,0.26,0.135,133,reviewed,ci,ci
2020-01-17T13:06:21.470Z,35.6453333,-117.4826667,9.12,3.01,ml,51.0,41,0.00413,0.13,ci,ci39273704,2021-10-12T20:39:15.440Z,"15km SSW of Searles Valley, CA",earthquake,0.12,0.22,0.129,89,reviewed,ci,ci
2020-01-17T17:47:49.690Z,36.0333333,-117.8168333,1.33,2.04,ml,46.0,50,0.04258,0.16,ci,ci39273928,2024-03-19T18:35:09.570Z,"12 km E of Coso Junction, CA",earthquake,0.14,0.18,0.209,26,reviewed,ci,ci
2020-01-19T01:48:51.820Z,35.6823333,-117.5301667,6.05,2.14,ml,53.0,52,0.05246,0.12,ci,ci39275216,2024-04-19T22:29:07.600Z,"15 km SW of Searles Valley, CA",earthquake,0.11,0.29,0.122,28,reviewed,ci,ci
2020-01-19T19:28:21.620Z,35.6693333,-117.4733333,7.88,2.32,ml,47.0,59,0.02403,0.14,ci,ci39275680,2024-04-10T23:12:25.570Z,"13 km SSW of Searles Valley, CA",earthquake,0.15,0.32,0.147,25,reviewed,ci,ci
2020-01-20T09:27:14.770Z,35.5893333,-117.3973333,8.28,2.53,ml,56.0,23,0.01775,0.15,ci,ci39276056,2021-08-10T22:15:15.880Z,"20km S of Trona, CA",earthquake,0.13,0.25,0.12,24,reviewed,ci,ci
2020-01-20T17:15:59.740Z,35.953,-117.4601667,4.88,2.29,ml,43.0,50,0.1544,0.13,ci,ci39276264,2024-04-22T23:46:26.570Z,"21 km NNW of Searles Valley, CA",earthquake,0.18,0.64,0.161,26,reviewed,ci,ci
2020-01-20T23:39:27.280Z,36.3105,-118.3266667,0.73,2.46,ml,29.0,144,0.2372,0.2,ci,ci39276456,2024-10-17T21:17:22.892Z,"29km W of Olancha, CA",earthquake,0.29,1.03,0.154,88,reviewed,ci,ci
2020-01-21T01:51:12.160Z,35.9108333,-117.6905,3.9,2.09,ml,42.0,35,0.01252,0.17,ci,ci39276552,2024-03-19T19:55:53.685Z,"20 km E of Little Lake, CA",earthquake,0.17,0.26,0.191,25,reviewed,ci,ci
2020-01-21T02:08:19.120Z,35.6173333,-117.432,10.17,3.07,ml,75.0,27,0.04255,0.16,ci,ci39276560,2021-10-12T20:42:19.050Z,"17km S of Searles Valley, CA",earthquake,0.12,0.19,0.156,246,reviewed,ci,ci
2020-01-21T03:00:10.650Z,35.6166667,-117.4305,10.3,2.79,ml,46.0,51,0.0416,0.12,ci,ci39276616,2021-10-12T20:09:57.050Z,"17km S of Searles Valley, CA",earthquake,0.13,0.2,0.15,111,reviewed,ci,ci
2020-01-21T14:09:33.590Z,35.3251667,-117.8161667,8.33,2.29,ml,43.0,54,0.06251,0.19,ci,ci39276872,2020-01-23T21:50:12.600Z,"17km WSW of Johannesburg, CA",earthquake,0.24,0.48,0.198,50,reviewed,ci,ci
2020-01-21T20:08:03.280Z,35.8001667,-117.6061667,11.0,2.68,ml,50.0,31,0.01706,0.14,ci,ci39277104,2021-10-12T19:39:38.830Z,"19km WNW of Searles Valley, CA",earthquake,0.14,0.22,0.143,104,reviewed,ci,ci
2020-01-22T05:06:49.570Z,35.6646667,-117.5256667,7.23,2.23,ml,47.0,51,0.04357,0.11,ci,ci39277512,2024-04-24T23:40:18.280Z,"14 km ENE of Ridgecrest, CA",earthquake,0.12,0.21,0.196,22,reviewed,ci,ci
2020-01-22T08:06:53.630Z,35.642,-117.4745,8.42,2.31,ml,53.0,52,0.00431,0.13,ci,ci39277752,2024-06-19T00:02:29.850Z,"15 km SSW of Searles Valley, CA",earthquake,0.13,0.25,0.178,28,reviewed,ci,ci
2020-01-22T13:42:23.890Z,36.0103333,-117.6091667,2.21,2.35,ml,44.0,59,0.0707,0.13,ci,ci39278088,2024-04-29T17:58:23.990Z,"28 km ENE of Little Lake, CA",earthquake,0.14,0.21,0.156,20,reviewed,ci,ci
2020-01-23T04:27:32.850Z,35.6465,-117.481,9.36,2.18,ml,47.0,61,0.002944,0.12,ci,ci39279008,2024-04-30T00:37:20.040Z,"15 km SSW of Searles Valley, CA",earthquake,0.13,0.25,0.163,27,reviewed,ci,ci
2020-01-23T05:46:10.290Z,35.6731667,-117.521,7.84,2.28,ml,49.0,69,0.04485,0.12,ci,ci39279096,2024-04-30T18:48:05.722Z,"15 km SW of Searles Valley, CA",earthquake,0.13,0.28,0.163,21,reviewed,ci,ci
2020-01-23T12:14:35.950Z,35.6743333,-117.5201667,9.15,2.32,ml,48.0,61,0.04505,0.11,ci,ci39279328,2024-05-01T22:52:37.090Z,"15 km SW of Searles Valley, CA",earthquake,0.12,0.24,0.147,24,reviewed,ci,ci
2020-01-24T11:22:38.450Z,35.8536667,-117.6656667,6.8,2.2,ml,40.0,48,0.04494,0.12,ci,ci39280648,2024-05-20T21:36:02.763Z,"24 km ESE of Little Lake, CA",earthquake,0.12,0.23,0.169,21,reviewed,ci,ci
2020-01-25T20:03:11.260Z,35.889,-117.7085,7.91,2.06,ml,50.0,24,0.004607,0.11,ci,ci39282024,2024-05-21T00:11:07.070Z,"19 km ESE of Little Lake, CA",earthquake,0.1,0.23,0.3,24,reviewed,ci,ci
2020-01-27T09:16:17.390Z,36.0875,-117.832,1.58,2.04,ml,43.0,49,0.03527,0.15,ci,ci39283408,2024-04-11T20:39:53.660Z,"12 km ENE of Coso Junction, CA",earthquake,0.16,0.21,0.196,25,reviewed,ci,ci
2020-01-28T05:20:43.200Z,35.6325,-117.4151667,2.74,2.01,ml,29.0,70,0.0598,0.2,ci,ci39284584,2020-01-28T15:20:32.240Z,"15km SSW of Trona, CA",earthquake,0.31,0.58,0.185,26,reviewed,ci,ci
2020-01-28T14:22:51.120Z,35.9066667,-117.7321667,7.65,2.57,ml,50.0,26,0.02504,0.18,ci,ci39284936,2021-08-10T22:41:27.720Z,"16km ESE of Little Lake, CA",earthquake,0.14,0.34,0.243,22,reviewed,ci,ci
2020-01-28T23:18:37.440Z,35.055,-118.3178333,1.23,2.08,ml,44.0,35,0.06714,0.19,ci,ci39285400,2024-10-17T20:56:17.759Z,"13km W of Mojave, CA",earthquake,0.17,0.37,0.204,51,reviewed,ci,ci
2020-01-29T12:29:16.310Z,35.8268333,-117.6581667,6.89,2.04,ml,46.0,43,0.05052,0.17,ci,ci39285800,2024-04-11T20:50:06.290Z,"23 km N of Ridgecrest, CA",earthquake,0.15,0.32,0.231,26,reviewed,ci,ci
2020-01-30T06:58:52.710Z,35.0556667,-118.3195,1.93,2.84,ml,61.0,35,0.06739,0.17,ci,ci39286528,2024-10-14T22:34:56.160Z,"13km W of Mojave, CA",earthquake,0.13,0.39,0.171,119,reviewed,ci,ci
2020-01-30T11:06:12.020Z,35.859,-117.6881667,7.48,2.33,ml,45.0,38,0.02969,0.11,ci,ci39286640,2024-05-06T22:35:19.950Z,"22 km ESE of Little Lake, CA",earthquake,0.11,0.26,0.165,26,reviewed,ci,ci
2020-01-30T16:07:04.750Z,35.6638333,-117.4828333,4.69,2.26,ml,48.0,64,0.01878,0.12,ci,ci39286792,2024-05-07T21:10:38.571Z,"14 km SSW of Searles Valley, CA",earthquake,0.13,0.21,0.155,23,reviewed,ci,ci
2020-01-31T10:29:12.390Z,35.5196667,-117.4046667,7.43,2.75,ml,52.0,36,0.03316,0.14,ci,ci39287752,2021-10-12T20:01:47.810Z,"26km NE of Johannesburg, CA",earthquake,0.14,0.37,0.146,126,reviewed,ci,ci
2020-01-31T17:35:29.520Z,36.0565,-117.856,3.05,2.33,ml,42.0,53,0.05608,0.12,ci,ci39288024,2024-05-10T18:18:08.060Z,"8 km E of Coso Junction, CA",earthquake,0.13,0.28,0.323,30,reviewed,ci,ci
2020-02-01T02:13:42.200Z,36.4518318,-118.4871674,15.23,2.53,ml,11.0,178,0.3371,0.19,ci,ci39288528,2020-02-01T02:43:14.018Z,"37km E of Three Rivers, CA",earthquake,1.37,15.27,0.449,24,automatic,ci,ci
2020-02-01T06:59:50.710Z,35.6478333,-117.4833333,9.05,2.06,ml,40.0,64,0.06358,0.12,ci,ci39288752,2023-01-13T23:54:50.690Z,"15km SSW of Searles Valley, CA",earthquake,0.14,0.42,0.118,66,reviewed,ci,ci
2020-02-01T10:50:27.030Z,35.8743333,-117.7013333,8.1,2.44,ml,54.0,23,0.01149,0.17,ci,ci39288856,2021-10-12T19:19:38.680Z,"20km ESE of Little Lake, CA",earthquake,0.14,0.33,0.203,114,reviewed,ci,ci
2020-02-01T20:20:28.910Z,35.6826667,-117.5228333,9.51,2.29,ml,51.0,61,0.05227,0.12,ci,ci39289232,2023-05-10T18:29:34.420Z,"14km SW of Searles Valley, CA",earthquake,0.12,0.24,0.124,58,reviewed,ci,ci
2020-02-02T05:45:39.160Z,35.7115,-117.5445,7.67,2.24,ml,48.0,56,0.02481,0.11,ci,ci39289752,2023-05-11T00:09:33.980Z,"14km WSW of Searles Valley, CA",earthquake,0.12,0.32,0.116,26,reviewed,ci,ci
2020-02-02T10:09:33.690Z,35.758,-117.5701667,6.2,2.7,ml,52.0,40,0.02706,0.17,ci,ci39290016,2021-10-12T19:02:25.810Z,"15km W of Searles Valley, CA",earthquake,0.15,0.38,0.146,175,reviewed,ci,ci
2020-02-03T14:34:43.150Z,35.3576667,-117.8145,6.53,2.35,ml,49.0,36,0.09361,0.17,ci,ci39290872,2021-10-12T19:59:55.720Z,"16km W of Johannesburg, CA",earthquake,0.16,0.59,0.17,47,reviewed,ci,ci
2020-02-03T21:41:21.670Z,35.5466667,-117.5241667,4.26,2.84,ml,54.0,38,0.06428,0.14,ci,ci39291168,2021-10-12T18:59:20.450Z,"16km ESE of Ridgecrest, CA",earthquake,0.11,0.32,0.174,121,reviewed,ci,ci
2020-02-04T23:21:21.120Z,35.801,-117.6231667,6.65,2.67,ml,53.0,32,0.02552,0.17,ci,ci39292256,2021-10-12T19:06:31.270Z,"20km W of Searles Valley, CA",earthquake,0.14,0.35,0.138,129,reviewed,ci,ci
2020-02-05T15:08:59.540Z,35.3585,-117.8165,6.46,2.07,ml,37.0,37,0.09398,0.15,ci,ci39292736,2020-02-05T16:11:39.436Z,"17km W of Johannesburg, CA",earthquake,0.18,0.56,0.195,47,reviewed,ci,ci
2020-02-05T18:57:43.260Z,36.0875,-117.8638333,5.68,2.02,ml,39.0,53,0.03088,0.13,ci,ci39292920,2024-02-13T19:11:21.920Z,"9 km ENE of Coso Junction, CA",earthquake,0.14,0.31,0.216,23,reviewed,ci,ci
2020-02-06T13:20:43.710Z,35.6811667,-117.4046667,7.09,2.95,ml,55.0,60,0.06924,0.12,ci,ci39293816,2021-10-12T18:52:13.710Z,"10km SSW of Trona, CA",earthquake,0.11,0.25,0.158,88,reviewed,ci,ci
2020-02-07T01:06:04.520Z,35.6143333,-117.4821667,6.35,2.42,ml,52.0,45,0.03132,0.13,ci,ci39294544,2021-10-12T21:12:00.870Z,"18km E of Ridgecrest, CA",earthquake,0.12,0.27,0.133,64,reviewed,ci,ci
2020-02-07T11:35:36.300Z,36.1103333,-117.8625,2.57,2.01,ml,36.0,54,0.009517,0.13,ci,ci39294944,2024-02-20T22:48:21.420Z,"11 km NE of Coso Junction, CA",earthquake,0.14,0.21,0.232,31,reviewed,ci,ci
2020-02-08T10:11:26.890Z,35.9555,-117.3665,1.04,2.91,ml,45.0,52,0.09331,0.18,ci,ci39296232,2021-10-12T20:27:25.780Z,"21km N of Searles Valley, CA",earthquake,0.16,0.38,0.124,199,reviewed,ci,ci
2020-02-08T18:57:27.280Z,35.5285,-117.3796667,7.97,2.94,ml,55.0,38,0.01284,0.15,ci,ci39296600,2021-10-12T20:22:19.120Z,"26km S of Trona, CA",earthquake,0.14,0.28,0.142,98,reviewed,ci,ci
2020-02-09T00:22:54.310Z,35.863,-117.6998333,6.72,2.18,ml,45.0,27,0.02281,0.15,ci,ci39296800,2024-02-06T22:25:07.150Z,"20 km ESE of Little Lake, CA",earthquake,0.12,0.27,0.196,27,reviewed,ci,ci
2020-02-09T05:08:13.690Z,35.7165,-117.5515,5.58,2.81,ml,55.0,44,0.01761,0.16,ci,ci39296968,2021-10-12T20:33:31.860Z,"14km WSW of Searles Valley, CA",earthquake,0.13,0.31,0.142,96,reviewed,ci,ci
2020-02-09T08:37:05.340Z,35.5295,-117.379,7.88,2.3,ml,40.0,67,0.01265,0.15,ci,ci39297048,2020-02-12T19:37:58.410Z,"26km S of Trona, CA",earthquake,0.18,0.35,0.145,64,reviewed,ci,ci
2020-02-09T11:56:00.660Z,35.7135,-117.5655,4.36,2.78,ml,56.0,53,0.0103,0.16,ci,ci39297136,2021-10-12T20:39:39.410Z,"14km NE of Ridgecrest, CA",earthquake,0.13,0.27,0.183,171,reviewed,ci,ci
2020-02-09T13:12:43.020Z,35.7348333,-117.5373333,6.69,2.71,ml,56.0,50,0.03074,0.16,ci,ci39297176,2021-10-12T20:56:48.150Z,"13km WSW of Searles Valley, CA",earthquake,0.14,0.32,0.143,163,reviewed,ci,ci
2020-02-09T15:14:45.670Z,35.6506667,-117.497,10.83,2.14,ml,38.0,70,0.07002,0.15,ci,ci39297232,2024-01-19T23:08:08.310Z,"16 km SSW of Searles Valley, CA",earthquake,0.19,0.34,0.175,25,reviewed,ci,ci
2020-02-09T18:19:27.000Z,35.53,-117.3775,7.99,2.53,ml,53.0,73,0.01172,0.15,ci,ci39297288,2021-10-12T21:03:53.810Z,"26km S of Trona, CA",earthquake,0.16,0.31,0.15,83,reviewed,ci,ci
2020-02-10T23:26:38.280Z,35.9558333,-117.5228333,2.54,2.04,ml,35.0,29,0.06708,0.16,ci,ci39297888,2020-02-11T21:19:12.300Z,"24km NNW of Searles Valley, CA",earthquake,0.16,0.26,0.132,36,reviewed,ci,ci
2020-02-13T07:54:05.500Z,35.6908333,-117.4696667,2.97,2.31,ml,48.0,65,0.04569,0.13,ci,ci39070111,2024-03-13T21:04:10.240Z,"10 km SW of Searles Valley, CA",earthquake,0.12,0.19,0.139,26,reviewed,ci,ci
2020-02-14T04:41:32.090Z,35.9568333,-117.4631667,4.76,2.26,ml,47.0,45,0.1144,0.16,ci,ci39071159,2024-03-18T20:51:23.267Z,"22 km NNW of Searles Valley, CA",earthquake,0.15,0.54,0.167,24,reviewed,ci,ci
2020-02-14T08:56:51.980Z,35.679,-117.5081667,8.86,2.32,ml,48.0,62,0.04168,0.12,ci,ci39071271,2024-03-19T15:47:08.238Z,"14 km SW of Searles Valley, CA",earthquake,0.12,0.27,0.174,26,reviewed,ci,ci
2020-02-14T19:22:53.490Z,35.6796667,-117.5141667,10.01,2.44,ml,54.0,53,0.04527,0.15,ci,ci39071767,2021-09-29T20:35:17.750Z,"14km SW of Searles Valley, CA",earthquake,0.13,0.25,0.169,26,reviewed,ci,ci
2020-02-16T05:32:33.090Z,35.642,-117.4635,6.71,2.02,ml,48.0,65,0.012,0.12,ci,ci39073295,2024-03-27T21:12:41.420Z,"15 km SSW of Searles Valley, CA",earthquake,0.13,0.24,0.135,25,reviewed,ci,ci
2020-02-16T21:56:07.390Z,35.7118333,-117.5488333,4.58,2.12,ml,49.0,56,0.02153,0.14,ci,ci39073863,2024-03-25T16:23:31.520Z,"14 km WSW of Searles Valley, CA",earthquake,0.12,0.29,0.134,27,reviewed,ci,ci
2020-02-17T11:29:54.150Z,35.726,-117.5295,7.03,2.13,ml,40.0,55,0.03469,0.1,ci,ci39074255,2024-02-23T23:23:38.632Z,"12 km WSW of Searles Valley, CA",earthquake,0.12,0.25,0.114,21,reviewed,ci,ci
2020-02-18T17:59:08.170Z,35.8958333,-117.7331667,3.6,2.32,ml,36.0,51,0.02524,0.1,ci,ci39075711,2024-02-29T19:57:18.490Z,"16 km ESE of Little Lake, CA",earthquake,0.1,0.22,0.215,26,reviewed,ci,ci
2020-02-18T19:04:19.780Z,36.2083333,-118.1278333,1.98,3.15,ml,61.0,67,0.2343,0.17,ci,ci39075799,2024-10-14T20:24:28.880Z,"14km SW of Olancha, CA",earthquake,0.16,0.56,0.151,213,reviewed,ci,ci
2020-02-18T19:05:02.290Z,36.2143333,-118.1296667,3.32,2.07,ml,21.0,101,0.2286,0.19,ci,ci37434685,2020-02-20T16:56:17.183Z,"14km SW of Olancha, CA",earthquake,0.28,1.47,0.149,8,reviewed,ci,ci
2020-02-18T19:11:21.730Z,36.2115,-118.1273333,2.43,2.08,ml,29.0,100,0.2311,0.13,ci,ci39075807,2020-02-21T17:45:42.854Z,"14km SW of Olancha, CA",earthquake,0.2,0.7,0.184,28,reviewed,ci,ci
2020-02-19T01:41:50.090Z,36.2111667,-118.1295,2.25,2.53,ml,43.0,86,0.2317,0.14,ci,ci39076271,2021-10-12T21:39:56.980Z,"14km SW of Olancha, CA",earthquake,0.15,0.68,0.117,52,reviewed,ci,ci
2020-02-19T05:46:09.320Z,35.8638333,-117.6856667,7.89,2.26,ml,40.0,45,0.02663,0.11,ci,ci39076503,2024-03-01T22:32:37.661Z,"22 km ESE of Little Lake, CA",earthquake,0.12,0.27,0.145,28,reviewed,ci,ci
2020-02-19T07:49:05.750Z,36.2126667,-118.1285,2.12,2.36,ml,41.0,86,0.2301,0.13,ci,ci39076671,2021-10-12T21:30:46.560Z,"14km SW of Olancha, CA",earthquake,0.15,0.64,0.132,43,reviewed,ci,ci
2020-02-19T14:29:14.380Z,35.668,-117.4823333,0.46,2.09,ml,47.0,64,0.02278,0.13,ci,ci39076879,2024-04-02T17:28:42.555Z,"13 km SSW of Searles Valley, CA",earthquake,0.14,31.61,0.165,20,reviewed,ci,ci
2020-02-20T07:12:30.960Z,35.9293333,-117.7048333,4.22,2.78,ml,52.0,25,0.02709,0.16,ci,ci39077847,2021-08-10T21:05:41.000Z,"18km E of Little Lake, CA",earthquake,0.13,0.26,0.121,23,reviewed,ci,ci
2020-02-20T08:53:20.270Z,35.6265,-117.4731667,8.79,3.18,ml,57.0,53,0.0193,0.14,ci,ci39077911,2021-10-12T21:34:51.140Z,"17km SSW of Searles Valley, CA",earthquake,0.12,0.26,0.159,281,reviewed,ci,ci
2020-02-20T19:00:18.690Z,35.606,-117.412,4.23,2.39,ml,47.0,50,0.02563,0.13,ci,ci39078503,2021-09-29T21:27:39.860Z,"18km S of Trona, CA",earthquake,0.13,0.24,0.205,20,reviewed,ci,ci
2020-02-21T01:10:26.360Z,35.8148333,-117.6363333,7.01,2.43,ml,50.0,30,0.03157,0.16,ci,ci39079063,2021-10-12T22:52:10.730Z,"22km WNW of Searles Valley, CA",earthquake,0.14,0.3,0.158,114,reviewed,ci,ci
2020-02-21T03:11:41.100Z,35.686,-117.4698333,4.48,2.1,ml,37.0,65,0.09948,0.11,ci,ci39079207,2023-05-11T19:42:17.260Z,"11km SSW of Searles Valley, CA",earthquake,0.12,0.38,0.153,38,reviewed,ci,ci
2020-02-21T18:39:39.620Z,35.6703333,-117.53,8.85,3.11,ml,72.0,37,0.04935,0.15,ci,ci39079791,2021-10-12T22:28:29.061Z,"14km ENE of Ridgecrest, CA",earthquake,0.1,0.24,0.078,21,reviewed,ci,ci
2020-02-22T07:22:49.670Z,35.776,-117.6183333,9.82,2.61,ml,54.0,33,0.01612,0.15,ci,ci39080439,2021-10-12T22:33:51.580Z,"18km NNE of Ridgecrest, CA",earthquake,0.13,0.25,0.157,74,reviewed,ci,ci
2020-02-22T11:22:03.160Z,35.7193333,-117.5591667,5.98,2.02,ml,39.0,54,0.1011,0.12,ci,ci39080583,2023-06-13T22:08:32.590Z,"15km WSW of Searles Valley, CA",earthquake,0.12,0.56,0.134,39,reviewed,ci,ci
2020-02-23T00:56:00.520Z,35.6536667,-117.5498333,7.85,2.45,ml,47.0,45,0.05939,0.12,ci,ci39081063,2021-10-12T22:45:40.498Z,"12km ENE of Ridgecrest, CA",earthquake,0.12,0.29,0.148,70,reviewed,ci,ci
2020-02-23T10:28:08.530Z,35.3541667,-117.82,5.94,2.1,ml,41.0,45,0.08909,0.18,ci,ci39081287,2020-02-25T19:20:36.947Z,"17km W of Johannesburg, CA",earthquake,0.19,0.62,0.225,47,reviewed,ci,ci
2020-02-24T13:29:21.180Z,35.5823333,-117.353,4.23,2.34,ml,48.0,67,0.02965,0.15,ci,ci39082039,2021-10-12T22:56:04.242Z,"20km S of Trona, CA",earthquake,0.19,0.24,0.156,52,reviewed,ci,ci
2020-02-24T16:59:29.040Z,35.9128333,-117.6768333,3.43,2.33,ml,51.0,27,0.02283,0.16,ci,ci39082167,2021-10-12T23:02:17.680Z,"21km E of Little Lake, CA",earthquake,0.12,0.26,0.139,41,reviewed,ci,ci
2020-02-24T18:35:56.600Z,35.9085,-117.676,3.5,2.15,ml,46.0,32,0.02184,0.16,ci,ci39082287,2024-03-20T17:04:30.960Z,"21 km E of Little Lake, CA",earthquake,0.14,0.28,0.126,25,reviewed,ci,ci
2020-02-24T18:50:25.670Z,35.9136667,-117.6751667,3.31,2.53,ml,43.0,34,0.02442,0.15,ci,ci39082327,2021-10-12T22:40:57.240Z,"21km E of Little Lake, CA",earthquake,0.12,0.29,0.162,52,reviewed,ci,ci
2020-02-25T17:16:03.900Z,35.6788333,-117.4625,5.24,3.24,ml,63.0,39,0.03546,0.15,ci,ci39083119,2021-10-12T22:23:43.070Z,"11km SSW of Searles Valley, CA",earthquake,0.12,0.27,0.157,94,reviewed,ci,ci
2020-02-25T22:35:19.320Z,35.3546667,-117.8158333,4.29,3.32,ml,64.0,32,0.09044,0.2,ci,ci39083439,2021-10-12T22:16:34.323Z,"16km W of Johannesburg, CA",earthquake,0.15,0.54,0.193,144,reviewed,ci,ci
2020-02-26T03:09:38.060Z,35.8438333,-117.665,4.92,2.48,ml,44.0,22,0.06159,0.14,ci,ci39083639,2021-10-12T22:43:01.460Z,"24km ESE of Little Lake, CA",earthquake,0.12,0.31,0.178,67,reviewed,ci,ci
2020-02-26T03:45:48.490Z,36.0676667,-117.8531667,2.46,2.02,ml,35.0,53,0.04983,0.12,ci,ci39083655,2023-10-16T20:18:07.610Z,"9 km ENE of Coso Junction, CA",earthquake,0.15,0.19,0.252,35,reviewed,ci,ci
2020-02-26T09:34:23.820Z,35.3501667,-117.8195,6.87,2.04,ml,44.0,32,0.08532,0.15,ci,ci39083855,2023-10-16T22:40:06.030Z,"17 km W of Johannesburg, CA",earthquake,0.16,0.51,0.161,48,reviewed,ci,ci
2020-02-28T10:29:53.500Z,35.715,-117.5636667,4.16,2.24,ml,40.0,54,0.1035,0.15,ci,ci39086215,2021-10-13T14:39:03.960Z,"15km NE of Ridgecrest, CA",earthquake,0.14,0.43,0.146,51,reviewed,ci,ci
2020-02-29T09:21:50.900Z,35.6943333,-117.55,4.17,2.32,ml,55.0,59,0.1017,0.13,ci,ci39087271,2023-12-21T23:28:38.450Z,"14 km NE of Ridgecrest, CA",earthquake,0.11,0.33,0.159,36,reviewed,ci,ci
2020-02-29T12:35:29.980Z,35.8486667,-117.6798333,4.74,2.11,ml,29.0,46,0.07453,0.11,ci,ci39087359,2023-12-22T01:21:19.420Z,"23 km ESE of Little Lake, CA",earthquake,0.16,0.34,0.116,11,reviewed,ci,ci
2020-02-29T12:35:37.930Z,35.8473333,-117.677,4.59,3.1,ml,63.0,20,0.07188,0.16,ci,ci39087367,2021-03-10T00:20:50.214Z,"23km ESE of Little Lake, CA",earthquake,0.11,0.28,0.122,258,reviewed,ci,ci
2020-02-29T15:31:05.630Z,35.6655,-117.5408333,9.07,2.09,ml,41.0,66,0.09992,0.11,ci,ci39087455,2023-12-22T19:24:14.210Z,"13 km ENE of Ridgecrest, CA",earthquake,0.11,0.32,0.177,31,reviewed,ci,ci
2020-03-01T06:09:44.890Z,35.6466667,-117.4798333,9.88,2.17,ml,37.0,64,0.06173,0.15,ci,ci39087919,2020-04-23T16:28:32.410Z,"15km SSW of Searles Valley, CA",earthquake,0.19,0.4,0.132,68,reviewed,ci,ci
2020-03-01T11:59:39.780Z,35.7188333,-117.4986667,2.18,2.19,ml,35.0,62,0.112,0.15,ci,ci39088127,2020-04-23T18:07:11.380Z,"10km WSW of Searles Valley, CA",earthquake,0.15,0.33,0.199,54,reviewed,ci,ci
2020-03-01T12:21:47.450Z,35.655,-117.4661667,8.44,2.63,ml,40.0,65,0.06843,0.13,ci,ci39088143,2020-05-19T22:14:15.040Z,"14km SSW of Searles Valley, CA",earthquake,0.15,0.45,0.144,156,reviewed,ci,ci
2020-03-02T07:50:38.460Z,35.6726667,-117.5238333,6.86,2.32,ml,36.0,61,0.09957,0.15,ci,ci39088519,2020-04-24T16:29:25.910Z,"15km ENE of Ridgecrest, CA",earthquake,0.16,0.5,0.125,87,reviewed,ci,ci
2020-03-02T22:56:52.070Z,35.8456667,-117.684,9.49,2.18,ml,37.0,45,0.07544,0.15,ci,ci39088951,2020-04-27T17:40:57.910Z,"22km ESE of Little Lake, CA",earthquake,0.15,0.38,0.194,57,reviewed,ci,ci
2020-03-03T00:32:50.880Z,35.8963333,-117.6998333,4.49,3.25,ml,38.0,32,0.06526,0.14,ci,ci39089007,2020-05-19T22:14:21.040Z,"19km ESE of Little Lake, CA",earthquake,0.12,0.31,0.104,69,reviewed,ci,ci
2020-03-03T13:59:32.740Z,35.3955,-117.2201667,3.09,2.46,ml,41.0,71,0.03304,0.14,ci,ci39089359,2020-05-19T22:14:23.040Z,"38km E of Johannesburg, CA",earthquake,0.16,0.21,0.136,83,reviewed,ci,ci
2020-03-03T14:46:04.800Z,35.8095,-117.6405,8.19,2.61,ml,39.0,38,0.03549,0.14,ci,ci39089391,2020-05-19T22:14:23.040Z,"21km N of Ridgecrest, CA",earthquake,0.14,0.41,0.168,123,reviewed,ci,ci
2020-03-03T17:50:26.030Z,35.0371667,-117.6811667,-0.82,2.05,ml,35.0,40,0.1033,0.2,ci,ci39089519,2020-03-10T20:43:29.200Z,"5km NW of Boron, CA",quarry blast,0.38,31.61,0.199,34,reviewed,ci,ci
2020-03-03T21:24:34.350Z,35.701,-117.523,8.99,2.07,ml,40.0,61,0.1244,0.13,ci,ci39089695,2020-04-28T19:16:41.190Z,"13km SW of Searles Valley, CA",earthquake,0.13,0.42,0.164,54,reviewed,ci,ci
2020-03-04T07:49:56.700Z,35.703,-117.4836667,7.08,2.59,ml,42.0,63,0.11,0.15,ci,ci39090015,2020-05-23T22:03:07.040Z,"10km SW of Searles Valley, CA",earthquake,0.15,0.46,0.176,150,reviewed,ci,ci
2020-03-04T10:01:31.660Z,35.794,-117.6226667,3.1,2.97,ml,41.0,36,0.02981,0.15,ci,ci39090087,2020-05-23T22:03:07.040Z,"20km NNE of Ridgecrest, CA",earthquake,0.12,0.27,0.149,84,reviewed,ci,ci
2020-03-05T13:46:20.930Z,36.1905,-118.1668333,5.15,2.19,ml,29.0,103,0.1245,0.17,ci,ci38383674,2021-05-26T23:55:32.270Z,"18km SW of Olancha, CA",earthquake,0.21,1.08,0.148,59,reviewed,ci,ci
2020-03-05T13:48:14.370Z,36.1876667,-118.1678333,4.07,2.29,ml,32.0,85,0.2615,0.15,ci,ci38383690,2020-05-06T19:40:31.300Z,"18km SW of Olancha, CA",earthquake,0.17,1.14,0.157,78,reviewed,ci,ci
2020-03-05T18:27:21.900Z,36.1868333,-118.1668333,3.42,2.19,ml,32.0,85,0.2618,0.16,ci,ci38384090,2022-12-06T18:09:35.846Z,"18km SW of Olancha, CA",earthquake,0.18,1.38,0.203,24,reviewed,ci,ci
2020-03-06T23:29:24.710Z,35.703,-117.5886667,7.35,2.1,ml,40.0,52,0.08031,0.14,ci,ci38385722,2023-01-19T23:55:14.180Z,"12km NE of Ridgecrest, CA",earthquake,0.14,0.6,0.114,26,reviewed,ci,ci
2020-03-07T00:01:25.170Z,35.7813333,-117.599,6.52,2.09,ml,38.0,44,0.03435,0.12,ci,ci38385762,2023-01-20T16:55:12.562Z,"18km W of Searles Valley, CA",earthquake,0.13,0.34,0.176,25,reviewed,ci,ci
2020-03-07T01:40:51.630Z,35.8065,-117.6481667,9.3,2.52,ml,47.0,26,0.04219,0.15,ci,ci38385850,2021-08-10T18:23:09.860Z,"21km N of Ridgecrest, CA",earthquake,0.13,0.32,0.221,26,reviewed,ci,ci
2020-03-07T08:49:13.250Z,36.1115,-117.8641667,2.65,3.44,ml,38.0,55,0.009675,0.15,ci,ci38386162,2020-05-23T22:03:07.040Z,"11km NE of Coso Junction, CA",earthquake,0.14,0.24,0.141,301,reviewed,ci,ci
2020-03-07T10:24:01.470Z,36.1076667,-117.8616667,2.51,2.34,ml,35.0,55,0.01132,0.14,ci,ci38386306,2023-01-20T18:35:16.360Z,"10km NE of Coso Junction, CA",earthquake,0.15,0.25,0.196,25,reviewed,ci,ci
2020-03-07T12:51:16.870Z,36.1145,-117.8621667,2.14,3.66,mw,38.0,55,0.006667,0.15,ci,ci38386410,2020-05-23T22:03:07.040Z,"11km NE of Coso Junction, CA",earthquake,0.17,0.24,,4,reviewed,ci,ci
2020-03-07T17:53:39.090Z,35.6458333,-117.4351667,4.56,2.44,ml,47.0,44,0.06317,0.14,ci,ci38386722,2021-09-29T21:59:18.379Z,"14km SSW of Searles Valley, CA",earthquake,0.12,0.32,0.177,21,reviewed,ci,ci
2020-03-07T19:08:11.950Z,35.9571667,-117.528,2.67,2.17,ml,33.0,37,0.06352,0.16,ci,ci38386866,2023-01-20T18:50:37.990Z,"24km NNW of Searles Valley, CA",earthquake,0.19,0.43,0.151,27,reviewed,ci,ci
2020-03-08T00:33:32.000Z,36.1108333,-117.8623333,2.25,3.81,mw,43.0,54,0.009053,0.15,ci,ci38387018,2020-05-23T22:03:07.040Z,"11km NE of Coso Junction, CA",earthquake,0.14,0.2,,4,reviewed,ci,ci
2020-03-08T07:06:25.610Z,36.1081667,-117.867,2.06,2.04,ml,32.0,55,0.0136,0.15,ci,ci38387258,2023-01-20T19:35:53.030Z,"10km NE of Coso Junction, CA",earthquake,0.18,0.18,0.174,26,reviewed,ci,ci
2020-03-08T18:48:03.110Z,35.6775,-117.4115,7.58,2.05,ml,34.0,70,0.09975,0.12,ci,ci38387690,2023-01-20T20:56:17.400Z,"10km S of Searles Valley, CA",earthquake,0.16,0.71,0.104,24,reviewed,ci,ci
2020-03-09T02:05:06.760Z,35.6275,-117.4608333,8.4,2.26,ml,37.0,73,0.04093,0.12,ci,ci38388074,2023-01-20T21:07:25.600Z,"16km SSW of Searles Valley, CA",earthquake,0.16,0.35,0.152,27,reviewed,ci,ci
2020-03-10T06:18:58.830Z,36.027,-117.7681667,1.2,2.0,ml,31.0,57,0.002957,0.16,ci,ci38389490,2023-01-20T22:17:16.366Z,"16km NE of Little Lake, CA",earthquake,0.16,0.19,0.16,26,reviewed,ci,ci
2020-03-10T08:49:28.210Z,35.6728333,-117.5206667,8.63,2.18,ml,36.0,72,0.09844,0.14,ci,ci38389554,2020-03-10T18:17:04.033Z,"15km SW of Searles Valley, CA",earthquake,0.15,0.47,0.126,48,reviewed,ci,ci
2020-03-11T00:52:20.110Z,35.6528333,-117.4473333,3.17,2.19,ml,38.0,74,0.06729,0.13,ci,ci38390418,2023-01-20T23:21:29.310Z,"13km SSW of Searles Valley, CA",earthquake,0.14,0.33,0.179,24,reviewed,ci,ci
2020-03-11T04:55:52.990Z,35.6013333,-117.398,7.77,2.76,ml,39.0,76,0.08095,0.14,ci,ci38390530,2021-08-10T18:12:03.720Z,"18km S of Trona, CA",earthquake,0.15,0.55,0.176,24,reviewed,ci,ci
2020-03-11T21:02:17.960Z,36.2495,-117.2528333,2.95,2.72,ml,33.0,68,0.2703,0.15,ci,ci38391418,2020-05-30T22:17:02.040Z,"40km SSW of Stovepipe Wells, CA",earthquake,0.21,0.78,0.132,134,reviewed,ci,ci
2020-03-12T15:48:51.610Z,35.9041667,-117.688,3.44,2.37,ml,33.0,36,0.05326,0.15,ci,ci38392282,2023-01-20T22:56:35.815Z,"20km E of Little Lake, CA",earthquake,0.14,0.44,0.165,25,reviewed,ci,ci
2020-03-13T02:17:34.560Z,36.1943333,-118.0406667,2.36,2.0,ml,29.0,82,0.1688,0.16,ci,ci38392794,2023-01-20T23:40:32.285Z,"10km SSW of Olancha, CA",earthquake,0.21,0.8,0.202,26,reviewed,ci,ci
2020-03-14T22:50:38.850Z,36.0343333,-117.4853333,4.11,2.02,ml,34.0,57,0.02379,0.15,ci,ci38394274,2023-01-30T22:24:52.900Z,"31km NNW of Searles Valley, CA",earthquake,0.21,0.4,0.128,25,reviewed,ci,ci
2020-03-15T11:26:31.440Z,36.109,-117.8515,3.13,2.04,ml,30.0,55,0.008984,0.11,ci,ci38394554,2023-01-30T22:04:24.067Z,"11km NE of Coso Junction, CA",earthquake,0.13,0.27,0.191,22,reviewed,ci,ci
2020-03-16T07:20:23.980Z,36.1093333,-117.8558333,2.83,2.09,ml,36.0,54,0.008267,0.16,ci,ci38395234,2023-01-30T18:13:18.701Z,"11km NE of Coso Junction, CA",earthquake,0.17,0.36,0.3,26,reviewed,ci,ci
2020-03-16T09:01:26.700Z,36.1086667,-117.8565,2.56,2.26,ml,40.0,54,0.008993,0.15,ci,ci38395274,2023-01-27T21:23:44.898Z,"11km NE of Coso Junction, CA",earthquake,0.13,0.21,0.209,29,reviewed,ci,ci
2020-03-16T15:28:13.590Z,35.874,-117.6856667,4.89,2.55,ml,47.0,21,0.07911,0.16,ci,ci38395578,2021-08-10T18:44:28.390Z,"21km ESE of Little Lake, CA",earthquake,0.12,0.32,0.122,22,reviewed,ci,ci
2020-03-16T19:44:51.770Z,35.9556667,-117.521,2.57,2.16,ml,40.0,30,0.06845,0.16,ci,ci38395802,2023-01-27T23:21:23.820Z,"23km NNW of Searles Valley, CA",earthquake,0.15,0.25,0.119,27,reviewed,ci,ci
2020-03-17T01:57:03.720Z,35.9553333,-117.3643333,2.26,3.45,ml,38.0,67,0.09193,0.15,ci,ci38395986,2020-05-30T22:17:16.040Z,"21km N of Searles Valley, CA",earthquake,0.16,0.39,0.168,111,reviewed,ci,ci
2020-03-18T12:49:05.510Z,35.7148333,-117.5645,6.15,2.34,ml,41.0,54,0.1029,0.14,ci,ci39106367,2023-01-27T20:41:17.251Z,"14km NE of Ridgecrest, CA",earthquake,0.15,0.55,0.164,27,reviewed,ci,ci
2020-03-18T12:49:36.910Z,35.7141667,-117.5678333,5.47,2.75,ml,41.0,58,0.1004,0.16,ci,ci39106375,2021-08-10T18:34:18.990Z,"14km NE of Ridgecrest, CA",earthquake,0.14,0.79,0.157,25,reviewed,ci,ci
2020-03-19T13:36:58.570Z,36.1806667,-117.8496667,2.23,2.07,ml,31.0,53,0.0631,0.14,ci,ci39107495,2023-01-30T17:23:50.080Z,"18km NNE of Coso Junction, CA",earthquake,0.17,0.3,0.11,23,reviewed,ci,ci
2020-03-20T06:42:29.800Z,35.6838333,-117.4063333,7.61,2.21,ml,40.0,70,0.08878,0.11,ci,ci39108415,2023-01-27T22:19:49.150Z,"9km SSW of Trona, CA",earthquake,0.13,0.47,0.199,27,reviewed,ci,ci
2020-03-20T11:52:54.030Z,35.6631667,-117.523,9.85,3.59,ml,41.0,61,0.114,0.13,ci,ci39108583,2020-06-06T20:53:57.040Z,"15km ENE of Ridgecrest, CA",earthquake,0.13,0.34,0.168,153,reviewed,ci,ci
2020-03-20T12:17:28.330Z,35.664,-117.521,10.18,2.53,ml,44.0,61,0.09097,0.13,ci,ci39108623,2021-08-10T19:00:38.120Z,"15km ENE of Ridgecrest, CA",earthquake,0.12,0.29,0.178,26,reviewed,ci,ci
2020-03-21T02:07:02.590Z,35.6386667,-117.4325,4.63,2.23,ml,40.0,69,0.1263,0.12,ci,ci39109807,2023-01-27T21:53:34.450Z,"14km S of Searles Valley, CA",earthquake,0.12,0.44,0.13,29,reviewed,ci,ci
2020-03-21T05:44:05.490Z,35.8046667,-117.6416667,7.88,2.41,ml,44.0,30,0.03755,0.17,ci,ci39110007,2021-08-13T21:41:46.960Z,"21km N of Ridgecrest, CA",earthquake,0.15,0.48,0.136,106,reviewed,ci,ci
2020-03-21T16:26:47.560Z,35.6966667,-117.4973333,6.8,2.13,ml,39.0,62,0.1227,0.11,ci,ci39110455,2023-01-30T16:47:31.980Z,"12km SW of Searles Valley, CA",earthquake,0.11,0.42,0.165,28,reviewed,ci,ci
2020-03-21T19:14:57.080Z,35.6406667,-117.5845,9.39,2.09,ml,40.0,57,0.06357,0.12,ci,ci39110647,2023-01-28T01:04:27.564Z,"8km ENE of Ridgecrest, CA",earthquake,0.13,0.29,0.205,28,reviewed,ci,ci
2020-03-22T21:08:21.400Z,35.5965,-117.4308333,7.34,2.51,ml,46.0,48,0.08955,0.14,ci,ci39111743,2021-08-10T19:18:49.650Z,"19km S of Searles Valley, CA",earthquake,0.13,0.62,0.168,24,reviewed,ci,ci
2020-03-23T05:53:57.260Z,35.9555,-117.363,0.94,4.32,mw,40.0,52,0.09128,0.18,ci,ci39111991,2020-06-06T20:54:09.040Z,"21km N of Searles Valley, CA",earthquake,0.16,0.37,,6,reviewed,ci,ci
2020-03-23T06:24:20.050Z,35.9601667,-117.3678333,1.73,2.14,ml,38.0,52,0.09734,0.13,ci,ci39112031,2023-01-27T23:47:40.260Z,"22km N of Searles Valley, CA",earthquake,0.14,0.36,0.109,27,reviewed,ci,ci
2020-03-23T11:00:30.580Z,35.6666667,-117.4773333,7.07,2.34,ml,42.0,65,0.1316,0.12,ci,ci39112223,2023-01-27T19:12:41.090Z,"13km SSW of Searles Valley, CA",earthquake,0.12,0.4,0.109,28,reviewed,ci,ci
2020-03-23T11:20:41.580Z,35.6211667,-117.4683333,8.04,2.13,ml,39.0,66,0.128,0.14,ci,ci39112239,2023-01-27T22:52:18.992Z,"17km SSW of Searles Valley, CA",earthquake,0.14,0.65,0.171,28,reviewed,ci,ci
2020-03-23T19:27:22.090Z,35.9528333,-117.3515,1.9,2.02,ml,37.0,52,0.08292,0.15,ci,ci39112951,2023-01-30T18:41:48.014Z,"21km N of Trona, CA",earthquake,0.17,0.38,0.136,28,reviewed,ci,ci
2020-03-24T13:26:48.630Z,35.9591667,-117.3735,2.78,2.48,ml,35.0,51,0.09996,0.15,ci,ci39113831,2020-06-06T20:54:14.040Z,"22km N of Searles Valley, CA",earthquake,0.18,0.4,0.127,60,reviewed,ci,ci
2020-03-24T13:38:32.290Z,36.4523333,-117.977,6.51,2.82,ml,27.0,80,0.0841,0.21,ci,ci39113839,2020-06-06T20:54:14.040Z,"17km SSE of Lone Pine, CA",earthquake,0.24,0.65,0.149,73,reviewed,ci,ci
2020-03-24T13:41:46.700Z,36.457,-117.9821667,7.67,2.13,ml,26.0,84,0.08084,0.23,ci,ci39113847,2020-03-25T02:10:08.075Z,"16km SSE of Lone Pine, CA",earthquake,0.28,0.65,0.166,31,reviewed,ci,ci
2020-03-24T17:01:09.660Z,36.102,-117.8656667,2.49,2.98,ml,34.0,55,0.01784,0.15,ci,ci39114071,2020-06-06T20:54:15.040Z,"10km NE of Coso Junction, CA",earthquake,0.15,0.21,0.118,95,reviewed,ci,ci
2020-03-25T04:29:51.750Z,36.0991667,-117.8661667,2.25,2.89,ml,33.0,55,0.02053,0.15,ci,ci39114751,2020-06-13T18:44:54.040Z,"10km NE of Coso Junction, CA",earthquake,0.17,0.2,0.126,84,reviewed,ci,ci
2020-03-25T12:43:23.770Z,36.1003333,-117.8591667,2.67,2.1,ml,28.0,54,0.01756,0.15,ci,ci39114959,2020-04-01T21:02:26.630Z,"10km NE of Coso Junction, CA",earthquake,0.18,0.38,0.169,31,reviewed,ci,ci
2020-03-26T08:13:42.550Z,35.5955,-117.3935,6.66,3.04,ml,42.0,71,0.07425,0.12,ci,ci39116263,2020-06-13T18:44:54.040Z,"19km S of Trona, CA",earthquake,0.13,0.46,0.177,86,reviewed,ci,ci
2020-03-26T13:22:26.540Z,35.8568333,-117.6913333,4.94,2.62,ml,38.0,32,0.07676,0.14,ci,ci39116415,2020-06-13T18:44:54.040Z,"21km ESE of Little Lake, CA",earthquake,0.12,0.31,0.18,66,reviewed,ci,ci
2020-03-26T14:33:23.800Z,35.8086667,-117.6353333,7.61,2.03,ml,38.0,52,0.03154,0.13,ci,ci39116519,2023-01-30T21:47:23.630Z,"21km N of Ridgecrest, CA",earthquake,0.13,0.39,0.213,26,reviewed,ci,ci
2020-03-26T16:30:27.020Z,35.9146667,-117.7368333,4.05,2.64,ml,38.0,36,0.07421,0.13,ci,ci39116647,2020-06-13T18:44:54.040Z,"16km E of Little Lake, CA",earthquake,0.11,0.29,0.167,68,reviewed,ci,ci
2020-03-27T12:45:42.770Z,35.6606667,-117.5328333,2.64,2.01,ml,41.0,60,0.1057,0.13,ci,ci39117823,2023-01-30T21:28:12.480Z,"14km ENE of Ridgecrest, CA",earthquake,0.12,0.28,0.112,29,reviewed,ci,ci
2020-03-27T20:48:34.640Z,35.8416667,-117.6716667,10.4,2.34,ml,43.0,25,0.06558,0.15,ci,ci39118303,2020-04-01T20:08:29.120Z,"24km ESE of Little Lake, CA",earthquake,0.14,0.28,0.145,54,reviewed,ci,ci
2020-03-29T03:46:36.600Z,35.3276667,-117.8161667,8.45,2.45,ml,55.0,37,0.06482,0.17,ci,ci39119839,2020-06-13T18:44:54.040Z,"17km WSW of Johannesburg, CA",earthquake,0.18,0.44,0.186,73,reviewed,ci,ci
2020-03-31T00:56:48.120Z,35.4108333,-118.2203333,9.28,2.66,ml,52.0,46,0.1415,0.14,ci,ci39121855,2020-06-13T18:44:55.040Z,"32km SE of Bodfish, CA",earthquake,0.13,0.38,0.169,71,reviewed,ci,ci
2020-03-31T11:17:37.910Z,35.6471667,-117.604,9.32,2.14,ml,43.0,56,0.04717,0.15,ci,ci39122247,2020-04-01T20:49:17.644Z,"7km ENE of Ridgecrest, CA",earthquake,0.15,0.35,0.158,58,reviewed,ci,ci
2020-03-31T18:14:05.960Z,36.1026667,-117.8805,3.61,2.04,ml,34.0,56,0.02555,0.15,ci,ci39122775,2020-04-01T20:56:16.620Z,"9km NE of Coso Junction, CA",earthquake,0.17,0.34,0.15,34,reviewed,ci,ci
2020-04-01T01:29:02.650Z,36.1175,-117.8836667,4.48,2.31,ml,31.0,57,0.02332,0.15,ci,ci39123279,2020-04-01T20:18:43.560Z,"10km NE of Coso Junction, CA",earthquake,0.18,0.29,0.175,54,reviewed,ci,ci
2020-04-01T11:55:40.130Z,35.9258333,-117.713,5.65,2.05,ml,41.0,34,0.05538,0.14,ci,ci39123559,2022-08-08T21:37:29.123Z,"18km E of Little Lake, CA",earthquake,0.11,0.35,0.283,24,reviewed,ci,ci
2020-04-01T15:43:54.200Z,35.5743333,-117.5218333,9.67,2.32,ml,42.0,57,0.1189,0.14,ci,ci39123783,2020-04-01T20:29:42.528Z,"15km ESE of Ridgecrest, CA",earthquake,0.14,0.37,0.181,68,reviewed,ci,ci
2020-04-01T20:48:32.910Z,35.9651667,-117.9928333,5.46,2.43,ml,40.0,46,0.09331,0.12,ci,ci39124119,2020-04-03T14:37:05.460Z,"8km WNW of Little Lake, CA",earthquake,0.13,0.48,0.243,46,reviewed,ci,ci
2020-04-02T04:01:39.310Z,35.8061667,-117.6285,5.75,2.43,ml,37.0,54,0.02694,0.16,ci,ci39124383,2020-04-03T19:10:56.530Z,"21km WNW of Searles Valley, CA",earthquake,0.16,0.44,0.084,13,reviewed,ci,ci
2020-04-02T04:01:53.140Z,35.807,-117.6243333,6.7,2.59,ml,36.0,60,0.02348,0.15,ci,ci39124391,2022-08-08T21:38:35.138Z,"20km WNW of Searles Valley, CA",earthquake,0.16,0.37,0.152,65,reviewed,ci,ci
2020-04-02T13:07:27.790Z,35.7181667,-117.5725,7.6,2.14,ml,38.0,61,0.09947,0.15,ci,ci39124567,2020-04-03T19:41:15.560Z,"14km NE of Ridgecrest, CA",earthquake,0.15,0.56,0.111,43,reviewed,ci,ci
2020-04-03T12:44:59.290Z,36.1473333,-117.9226667,3.26,2.72,ml,31.0,62,0.06241,0.17,ci,ci39125343,2020-06-21T00:54:50.040Z,"12km NNE of Coso Junction, CA",earthquake,0.23,0.53,0.146,81,reviewed,ci,ci
2020-04-03T20:00:54.570Z,35.6725,-117.531,7.97,2.45,ml,43.0,60,0.1091,0.18,ci,ci39125807,2020-06-21T00:54:52.040Z,"14km ENE of Ridgecrest, CA",earthquake,0.17,0.73,0.135,85,reviewed,ci,ci
2020-04-04T03:17:46.630Z,35.0101667,-118.4986667,2.35,3.49,mw,142.0,19,0.1304,0.24,ci,ci39127167,2020-06-21T00:54:56.040Z,"14km SSW of Tehachapi, CA",earthquake,0.13,0.48,,4,reviewed,ci,ci
2020-04-04T22:54:39.680Z,35.9113333,-117.6896667,3.42,2.35,ml,39.0,32,0.04846,0.13,ci,ci39131455,2021-12-15T21:40:52.010Z,"20km E of Little Lake, CA",earthquake,0.11,0.33,0.177,58,reviewed,ci,ci
2020-04-04T23:21:30.240Z,35.9115,-117.692,3.55,2.26,ml,40.0,31,0.0496,0.14,ci,ci39131519,2023-02-21T22:14:25.760Z,"20km E of Little Lake, CA",earthquake,0.12,0.34,0.198,27,reviewed,ci,ci
2020-04-05T08:21:41.550Z,35.3705,-118.0918333,1.99,2.35,ml,58.0,23,0.1704,0.15,ci,ci39132919,2021-09-29T22:15:16.140Z,"29km NNW of California City, CA",earthquake,0.12,0.49,0.206,31,reviewed,ci,ci
2020-04-05T10:23:43.830Z,35.3696667,-118.0905,1.45,2.73,ml,57.0,30,0.1715,0.14,ci,ci39133167,2020-06-21T00:55:04.040Z,"29km NNW of California City, CA",earthquake,0.13,0.42,0.17,115,reviewed,ci,ci
2020-04-05T20:15:10.950Z,35.372,-118.0918333,1.95,2.22,ml,55.0,37,0.169,0.14,ci,ci39134767,2023-02-21T22:49:54.650Z,"29km NNW of California City, CA",earthquake,0.13,0.56,0.189,36,reviewed,ci,ci
2020-04-05T23:54:43.550Z,35.3695,-118.0915,1.38,2.23,ml,48.0,37,0.1715,0.15,ci,ci39135879,2020-06-12T19:03:21.661Z,"29km NNW of California City, CA",earthquake,0.15,0.41,0.18,77,reviewed,ci,ci
2020-04-06T18:10:02.970Z,35.6768333,-117.5188333,9.07,3.03,ml,41.0,61,0.1197,0.15,ci,ci39138391,2020-06-21T00:55:12.040Z,"14km SW of Searles Valley, CA",earthquake,0.14,0.42,0.126,80,reviewed,ci,ci
2020-04-07T08:27:20.170Z,35.673,-117.5238333,9.43,2.68,ml,38.0,61,0.1149,0.14,ci,ci39139775,2020-06-21T00:55:15.040Z,"15km ENE of Ridgecrest, CA",earthquake,0.15,0.43,0.124,85,reviewed,ci,ci
2020-04-07T20:16:46.750Z,35.9585,-117.3671667,2.26,2.96,ml,36.0,52,0.09579,0.13,ci,ci39141103,2022-08-08T21:47:12.918Z,"22km N of Searles Valley, CA",earthquake,0.14,0.36,0.131,105,reviewed,ci,ci
2020-04-08T03:31:54.580Z,35.9563333,-117.646,1.58,2.22,ml,38.0,43,0.009135,0.15,ci,ci39142511,2023-02-06T17:50:28.385Z,"24km E of Little Lake, CA",earthquake,0.14,0.16,0.188,26,reviewed,ci,ci
2020-04-09T02:37:56.590Z,35.3688333,-118.092,1.81,2.47,ml,48.0,41,0.172,0.13,ci,ci39378064,2023-12-04T20:20:11.060Z,"29 km NNW of California City, CA",earthquake,0.12,0.5,0.168,83,reviewed,ci,ci
2020-04-10T04:55:32.170Z,35.672,-117.5226667,6.94,2.22,ml,41.0,62,0.1156,0.14,ci,ci39380104,2020-04-16T16:41:36.010Z,"15km ENE of Ridgecrest, CA",earthquake,0.14,0.45,0.124,65,reviewed,ci,ci
2020-04-11T18:10:20.190Z,36.1248333,-117.8716667,3.25,2.04,ml,27.0,55,0.01541,0.14,ci,ci39383032,2020-04-16T16:58:33.777Z,"11km NE of Coso Junction, CA",earthquake,0.18,0.28,0.172,29,reviewed,ci,ci
2020-04-12T19:56:40.740Z,36.2526667,-117.2496667,3.11,2.41,ml,32.0,49,0.2743,0.17,ci,ci39384728,2020-04-13T18:22:55.533Z,"40km SSW of Stovepipe Wells, CA",earthquake,0.22,0.9,0.1,44,reviewed,ci,ci
2020-04-12T23:51:14.940Z,35.9571667,-117.3896667,2.46,2.42,ml,38.0,50,0.1087,0.14,ci,ci39384952,2020-04-14T20:56:32.160Z,"21km N of Searles Valley, CA",earthquake,0.15,0.48,0.148,67,reviewed,ci,ci
2020-04-13T11:53:33.110Z,35.9053333,-117.744,7.36,2.04,ml,36.0,42,0.07423,0.12,ci,ci39385704,2020-04-16T17:24:09.950Z,"15km ESE of Little Lake, CA",earthquake,0.12,0.39,0.255,35,reviewed,ci,ci
2020-04-13T11:53:40.130Z,35.9025,-117.7453333,9.06,2.02,ml,24.0,66,0.07509,0.19,ci,ci37442285,2020-04-16T17:30:09.948Z,"15km ESE of Little Lake, CA",earthquake,0.25,0.6,0.132,12,reviewed,ci,ci
2020-04-13T11:58:54.530Z,35.9061667,-117.7421667,7.76,2.63,ml,36.0,33,0.07495,0.13,ci,ci39385752,2020-06-30T14:03:04.040Z,"15km ESE of Little Lake, CA",earthquake,0.13,0.37,0.212,69,reviewed,ci,ci
2020-04-13T23:36:22.930Z,35.6741667,-117.4265,5.97,3.19,ml,39.0,69,0.1035,0.14,ci,ci39386896,2020-06-30T14:03:07.040Z,"11km S of Searles Valley, CA",earthquake,0.14,0.61,0.14,121,reviewed,ci,ci
2020-04-13T23:57:43.260Z,35.6696667,-117.4995,8.88,2.05,ml,38.0,63,0.1338,0.15,ci,ci39386928,2020-04-14T20:11:01.450Z,"14km SW of Searles Valley, CA",earthquake,0.16,0.6,0.114,55,reviewed,ci,ci
2020-04-14T02:03:18.470Z,35.707,-117.5725,9.07,2.09,ml,37.0,57,0.09293,0.15,ci,ci39387104,2020-04-15T15:38:51.912Z,"13km NE of Ridgecrest, CA",earthquake,0.16,0.45,0.165,46,reviewed,ci,ci
2020-04-14T05:42:24.070Z,35.6128333,-117.4838333,7.44,2.28,ml,41.0,65,0.131,0.14,ci,ci39387312,2020-04-16T16:34:28.350Z,"17km E of Ridgecrest, CA",earthquake,0.14,0.8,0.146,66,reviewed,ci,ci
2020-04-14T06:14:28.420Z,36.1106667,-117.847,3.84,3.26,ml,38.0,40,0.009386,0.15,ci,ci39387336,2020-06-30T14:03:08.040Z,"12km NE of Coso Junction, CA",earthquake,0.16,0.29,0.141,96,reviewed,ci,ci
2020-04-15T07:14:46.610Z,35.7818333,-117.5943333,7.08,2.55,ml,39.0,40,0.03393,0.14,ci,ci39389104,2020-07-09T14:31:06.040Z,"17km W of Searles Valley, CA",earthquake,0.14,0.32,0.17,93,reviewed,ci,ci
2020-04-15T11:58:43.620Z,35.8803333,-117.6985,8.32,2.48,ml,34.0,33,0.07792,0.14,ci,ci39389408,2020-07-09T14:31:07.040Z,"20km ESE of Little Lake, CA",earthquake,0.14,0.41,0.202,89,reviewed,ci,ci
2020-04-16T02:34:52.690Z,35.6778333,-117.529,8.37,2.22,ml,41.0,61,0.1119,0.16,ci,ci39390872,2020-04-16T16:51:43.710Z,"15km ENE of Ridgecrest, CA",earthquake,0.15,0.58,0.118,57,reviewed,ci,ci
2020-04-16T22:42:39.410Z,35.6128333,-117.4516667,6.03,2.06,ml,40.0,59,0.1129,0.14,ci,ci39392472,2020-04-23T20:22:19.260Z,"18km SSW of Searles Valley, CA",earthquake,0.14,0.55,0.134,24,reviewed,ci,ci
2020-04-17T02:28:52.560Z,35.7841667,-117.6158333,9.0,2.03,ml,44.0,47,0.03485,0.12,ci,ci39392768,2020-04-23T22:20:17.108Z,"19km NNE of Ridgecrest, CA",earthquake,0.11,0.29,0.129,23,reviewed,ci,ci
2020-04-17T20:32:58.140Z,35.877,-117.6693333,6.81,2.16,ml,37.0,34,0.0724,0.13,ci,ci39394032,2020-04-22T18:24:08.870Z,"22km ESE of Little Lake, CA",earthquake,0.13,0.33,0.107,47,reviewed,ci,ci
2020-04-17T20:52:29.140Z,35.6401667,-117.4496667,8.28,2.44,ml,42.0,67,0.1343,0.13,ci,ci39394072,2020-04-21T17:30:21.230Z,"15km SSW of Searles Valley, CA",earthquake,0.13,0.51,0.163,87,reviewed,ci,ci
2020-04-17T21:40:57.690Z,36.2651667,-118.0198333,-0.28,2.08,ml,26.0,80,0.181,0.2,ci,ci39394200,2020-04-20T19:49:06.015Z,"2km SW of Olancha, CA",earthquake,0.27,0.66,0.16,43,reviewed,ci,ci
2020-04-18T12:50:14.780Z,36.0,-117.3606667,2.19,3.44,mw,40.0,55,0.1256,0.16,ci,ci39395080,2020-07-09T14:31:25.040Z,"26km N of Searles Valley, CA",earthquake,0.16,0.45,,4,reviewed,ci,ci
2020-04-18T12:57:17.020Z,36.0015,-117.3685,1.46,2.34,ml,37.0,55,0.1302,0.15,ci,ci39395088,2020-04-20T20:00:15.090Z,"26km N of Searles Valley, CA",earthquake,0.16,0.48,0.135,84,reviewed,ci,ci
2020-04-18T13:03:01.490Z,35.9998333,-117.3618333,2.36,3.39,ml,38.0,52,0.126,0.15,ci,ci39395096,2020-07-09T14:31:25.040Z,"26km N of Searles Valley, CA",earthquake,0.16,0.42,0.143,96,reviewed,ci,ci
2020-04-18T20:51:06.440Z,35.913,-117.4523333,0.73,2.22,ml,36.0,39,0.1233,0.13,ci,ci39395528,2020-04-22T18:33:12.696Z,"17km NNW of Searles Valley, CA",earthquake,0.12,0.22,0.136,46,reviewed,ci,ci
2020-04-20T07:49:26.280Z,35.8268333,-117.6525,2.03,2.03,ml,28.0,45,0.04604,0.21,ci,ci39397272,2020-04-20T18:18:02.319Z,"23km N of Ridgecrest, CA",earthquake,0.29,0.38,0.157,38,reviewed,ci,ci
2020-04-20T23:27:58.260Z,35.6176667,-117.4225,10.12,2.74,ml,42.0,75,0.04488,0.15,ci,ci39398768,2020-07-09T14:31:37.040Z,"17km S of Searles Valley, CA",earthquake,0.16,0.31,0.166,117,reviewed,ci,ci
2020-04-21T10:09:56.360Z,35.685,-117.531,6.27,2.13,ml,40.0,60,0.1124,0.13,ci,ci39399216,2020-04-22T18:41:13.753Z,"15km SW of Searles Valley, CA",earthquake,0.12,0.5,0.145,61,reviewed,ci,ci
2020-04-21T17:04:07.240Z,35.8223333,-117.652,1.41,2.15,ml,26.0,47,0.04477,0.18,ci,ci39399648,2020-04-21T20:07:29.002Z,"22km N of Ridgecrest, CA",earthquake,0.24,0.38,0.198,60,reviewed,ci,ci
2020-04-21T20:17:07.850Z,35.9606667,-117.3713333,1.87,2.41,ml,37.0,67,0.09971,0.14,ci,ci39399888,2020-04-22T18:18:01.440Z,"22km N of Searles Valley, CA",earthquake,0.17,0.33,0.111,56,reviewed,ci,ci
2020-04-22T18:27:53.080Z,35.8313333,-117.6621667,6.08,2.18,ml,40.0,34,0.0548,0.14,ci,ci39401312,2023-02-08T19:33:40.680Z,"23km N of Ridgecrest, CA",earthquake,0.14,0.41,0.193,27,reviewed,ci,ci
2020-04-25T11:24:14.580Z,36.1173333,-117.8546667,2.75,2.13,ml,33.0,47,0.0002917,0.16,ci,ci39405264,2020-04-28T18:48:16.890Z,"12km NE of Coso Junction, CA",earthquake,0.18,0.27,0.173,37,reviewed,ci,ci
2020-04-26T02:27:54.440Z,36.1306667,-117.87,3.87,2.31,ml,36.0,56,0.01791,0.15,ci,ci39405960,2020-04-27T17:01:09.590Z,"12km NE of Coso Junction, CA",earthquake,0.18,0.29,0.147,55,reviewed,ci,ci
2020-04-26T03:04:05.430Z,36.1301667,-117.8656667,4.14,2.07,ml,30.0,55,0.01531,0.14,ci,ci39406000,2020-04-27T17:22:36.440Z,"12km NE of Coso Junction, CA",earthquake,0.17,0.28,0.153,34,reviewed,ci,ci
2020-04-26T03:49:35.900Z,35.7191667,-117.5305,9.08,2.04,ml,38.0,59,0.1107,0.14,ci,ci39406048,2020-04-27T17:48:08.210Z,"13km WSW of Searles Valley, CA",earthquake,0.17,0.48,0.106,44,reviewed,ci,ci
2020-04-26T04:49:26.330Z,36.131,-117.8671667,3.9,2.04,ml,34.0,55,0.01669,0.14,ci,ci39406096,2020-04-27T18:35:47.250Z,"12km NE of Coso Junction, CA",earthquake,0.18,0.29,0.169,32,reviewed,ci,ci
2020-04-27T03:46:00.410Z,35.6738333,-117.4963333,8.76,4.0,mw,81.0,40,0.1368,0.18,ci,ci39406880,2020-07-11T22:19:10.040Z,"13km SW of Searles Valley, CA",earthquake,0.11,0.36,,6,reviewed,ci,ci
2020-04-27T15:58:45.970Z,35.7498333,-117.5751667,7.61,2.45,ml,45.0,42,0.06823,0.13,ci,ci39407448,2020-07-11T22:19:12.040Z,"16km W of Searles Valley, CA",earthquake,0.12,0.47,0.171,24,reviewed,ci,ci
2020-04-28T14:51:57.200Z,35.769,-117.592,7.28,2.08,ml,47.0,64,0.04685,0.13,ci,ci39408608,2020-04-30T14:41:46.550Z,"17km W of Searles Valley, CA",earthquake,0.12,0.26,0.111,24,reviewed,ci,ci
2020-04-28T18:40:21.240Z,35.8658333,-117.6668333,7.22,2.54,ml,48.0,31,0.07531,0.13,ci,ci39408848,2020-07-11T22:19:17.040Z,"23km ESE of Little Lake, CA",earthquake,0.11,0.37,0.185,27,reviewed,ci,ci
2020-04-28T21:15:12.580Z,35.8161667,-117.6485,1.97,2.57,ml,29.0,47,0.04144,0.17,ci,ci39409056,2024-01-29T21:46:18.120Z,"22 km N of Ridgecrest, CA",earthquake,0.2,0.29,0.134,26,reviewed,ci,ci
2020-04-29T13:11:02.400Z,35.7915,-117.6158333,6.53,2.77,ml,51.0,30,0.02841,0.15,ci,ci39409760,2022-08-08T22:06:51.492Z,"19km W of Searles Valley, CA",earthquake,0.12,0.32,0.155,23,reviewed,ci,ci
2020-04-29T20:29:34.770Z,35.8128333,-117.6486667,1.61,2.12,ml,22.0,48,0.04168,0.11,ci,ci38473618,2020-04-30T23:43:21.874Z,"22km N of Ridgecrest, CA",earthquake,0.19,0.29,0.113,26,reviewed,ci,ci
2020-04-30T09:32:33.920Z,36.1285,-117.8736667,2.53,2.1,ml,31.0,56,0.01872,0.13,ci,ci38474258,2020-04-30T16:59:31.257Z,"12km NE of Coso Junction, CA",earthquake,0.17,0.21,0.197,36,reviewed,ci,ci
2020-04-30T11:51:27.860Z,35.9145,-117.4523333,0.91,2.1,ml,35.0,42,0.1231,0.14,ci,ci38474346,2020-04-30T17:45:08.590Z,"17km NNW of Searles Valley, CA",earthquake,0.15,0.27,0.135,36,reviewed,ci,ci
2020-04-30T14:21:41.260Z,35.6683333,-117.4771667,6.8,2.38,ml,37.0,65,0.08256,0.14,ci,ci38474538,2020-04-30T20:39:27.810Z,"13km SSW of Searles Valley, CA",earthquake,0.15,0.5,0.138,61,reviewed,ci,ci
2020-05-01T16:32:49.220Z,36.1246667,-117.848,2.56,2.0,ml,28.0,53,0.008992,0.12,ci,ci38475738,2020-05-01T19:15:32.570Z,"13km NE of Coso Junction, CA",earthquake,0.13,0.18,0.252,20,reviewed,ci,ci
2020-05-01T22:26:22.090Z,36.1448333,-117.9215,4.42,2.09,ml,34.0,62,0.06042,0.14,ci,ci38476114,2020-05-04T18:57:41.870Z,"11km NNE of Coso Junction, CA",earthquake,0.16,0.36,0.211,24,reviewed,ci,ci
2020-05-04T01:11:19.700Z,35.9135,-117.6968333,3.91,2.06,ml,36.0,27,0.05099,0.1,ci,ci38478530,2020-05-04T19:59:31.421Z,"19km E of Little Lake, CA",earthquake,0.1,0.24,0.147,20,reviewed,ci,ci
2020-05-04T13:35:36.370Z,36.0875,-117.8921667,5.09,2.56,ml,34.0,57,0.04259,0.16,ci,ci38478986,2020-07-18T21:57:34.040Z,"7km NE of Coso Junction, CA",earthquake,0.19,0.5,0.161,57,reviewed,ci,ci
2020-05-04T14:43:16.430Z,36.087,-117.8935,5.15,2.62,ml,38.0,56,0.04371,0.16,ci,ci38479090,2020-07-18T21:57:34.040Z,"7km NE of Coso Junction, CA",earthquake,0.18,0.44,0.19,71,reviewed,ci,ci
2020-05-04T19:59:55.140Z,35.9328333,-117.2691667,2.83,2.21,ml,41.0,64,0.04335,0.15,ci,ci38479522,2020-05-07T01:33:19.510Z,"21km NNE of Trona, CA",earthquake,0.16,0.32,0.113,24,reviewed,ci,ci
2020-05-05T15:12:25.900Z,36.4585,-117.976,6.44,2.98,ml,33.0,84,0.08601,0.17,ci,ci38480762,2020-07-18T21:57:38.040Z,"16km SSE of Lone Pine, CA",earthquake,0.2,0.57,0.129,73,reviewed,ci,ci
2020-05-07T05:03:08.320Z,36.1041667,-117.5881667,1.34,2.77,ml,46.0,34,0.1095,0.14,ci,ci38483562,2020-07-29T22:14:13.040Z,"33km ENE of Coso Junction, CA",earthquake,0.12,0.23,0.2,25,reviewed,ci,ci
2020-05-07T07:35:04.620Z,36.4588333,-117.9756667,5.34,2.64,ml,34.0,84,0.08635,0.19,ci,ci38483666,2020-07-29T22:14:14.040Z,"16km SSE of Lone Pine, CA",earthquake,0.21,0.63,0.193,25,reviewed,ci,ci
2020-05-07T09:38:25.420Z,35.1943333,-118.345,2.91,2.03,ml,54.0,36,0.2033,0.13,ci,ci38483754,2020-05-08T16:01:10.850Z,"12km NE of Tehachapi, CA",earthquake,0.11,0.45,0.186,24,reviewed,ci,ci
2020-05-08T07:16:37.700Z,35.6736667,-117.4853333,6.44,2.42,ml,39.0,64,0.089,0.12,ci,ci38485082,2020-05-08T15:31:36.340Z,"13km SW of Searles Valley, CA",earthquake,0.12,0.44,0.121,76,reviewed,ci,ci
2020-05-08T11:38:47.320Z,35.9621667,-117.3725,2.37,2.0,ml,34.0,51,0.1014,0.14,ci,ci38485250,2020-05-08T18:03:25.292Z,"22km N of Searles Valley, CA",earthquake,0.15,0.39,0.098,31,reviewed,ci,ci
2020-05-08T15:27:24.800Z,35.7846667,-117.7498333,6.47,2.05,ml,35.0,36,0.0268,0.11,ci,ci38485514,2020-05-08T20:18:22.400Z,"16km NNE of Inyokern, CA",earthquake,0.11,0.29,0.101,36,reviewed,ci,ci
2020-05-08T17:10:46.650Z,35.6003333,-117.4335,7.72,2.31,ml,51.0,46,0.02716,0.12,ci,ci38485642,2020-05-08T20:18:50.770Z,"19km S of Searles Valley, CA",earthquake,0.12,0.34,0.153,25,reviewed,ci,ci
2020-05-08T20:35:33.270Z,35.5598333,-117.4305,4.1,2.62,ml,47.0,68,0.03709,0.14,ci,ci38485930,2020-07-29T22:14:21.040Z,"23km SSW of Trona, CA",earthquake,0.14,0.29,0.138,25,reviewed,ci,ci
2020-05-09T00:28:41.350Z,35.9573333,-117.3626667,1.86,2.32,ml,44.0,52,0.09239,0.14,ci,ci38486154,2020-05-11T19:47:23.880Z,"21km N of Searles Valley, CA",earthquake,0.14,0.3,0.159,26,reviewed,ci,ci
2020-05-09T03:44:03.500Z,35.6666667,-117.507,7.68,2.22,ml,39.0,63,0.08793,0.1,ci,ci38486362,2020-05-11T22:29:27.230Z,"15km SW of Searles Valley, CA",earthquake,0.12,0.42,0.224,26,reviewed,ci,ci
2020-05-09T09:59:14.440Z,35.9566667,-117.3358333,3.19,2.93,ml,47.0,58,0.07821,0.14,ci,ci38486594,2020-07-29T22:14:23.040Z,"22km N of Trona, CA",earthquake,0.13,0.59,0.149,26,reviewed,ci,ci
2020-05-09T15:53:32.770Z,36.1311667,-117.8706667,3.69,2.34,ml,41.0,56,0.01864,0.14,ci,ci38486994,2020-05-12T21:03:59.070Z,"12km NE of Coso Junction, CA",earthquake,0.17,0.31,0.246,26,reviewed,ci,ci
2020-05-11T22:59:16.700Z,35.7136667,-117.5521667,4.63,2.58,ml,39.0,55,0.1083,0.14,ci,ci38490210,2020-07-29T22:14:34.040Z,"15km WSW of Searles Valley, CA",earthquake,0.13,0.42,0.145,96,reviewed,ci,ci
2020-05-13T05:29:42.500Z,35.6608333,-117.506,2.83,2.52,ml,39.0,83,0.08231,0.14,ci,ci38491842,2020-08-02T00:32:28.040Z,"15km SW of Searles Valley, CA",earthquake,0.15,0.31,0.126,24,reviewed,ci,ci
2020-05-13T09:03:47.210Z,36.4545,-117.9768333,4.45,2.93,ml,36.0,81,0.08458,0.18,ci,ci38491946,2020-08-02T00:32:27.040Z,"17km SSE of Lone Pine, CA",earthquake,0.2,0.83,0.139,140,reviewed,ci,ci
2020-05-14T01:36:08.150Z,35.814,-117.6336667,6.26,2.28,ml,40.0,49,0.02944,0.13,ci,ci39199519,2020-05-14T15:16:57.240Z,"21km WNW of Searles Valley, CA",earthquake,0.12,0.31,0.131,20,reviewed,ci,ci
2020-05-14T01:45:32.450Z,36.4541667,-117.9771667,6.22,2.03,ml,23.0,81,0.08426,0.18,ci,ci39199527,2020-05-14T04:21:42.130Z,"17km SSE of Lone Pine, CA",earthquake,0.26,0.82,0.158,24,reviewed,ci,ci
2020-05-14T21:05:18.770Z,36.4548333,-117.979,6.56,2.15,ml,27.0,82,0.08292,0.18,ci,ci39200551,2020-05-15T22:00:03.372Z,"17km SSE of Lone Pine, CA",earthquake,0.25,0.85,0.169,35,reviewed,ci,ci
2020-05-14T23:37:40.040Z,35.596,-117.4188333,6.08,3.26,ml,56.0,77,0.03659,0.15,ci,ci39200671,2020-08-02T00:31:54.040Z,"19km S of Trona, CA",earthquake,0.14,0.39,0.149,213,reviewed,ci,ci
2020-05-15T08:21:00.700Z,36.4576667,-117.978,6.44,2.58,ml,37.0,78,0.08426,0.19,ci,ci39200959,2020-08-02T00:31:48.040Z,"16km SSE of Lone Pine, CA",earthquake,0.22,0.59,0.132,25,reviewed,ci,ci
2020-05-15T15:08:32.040Z,35.5278333,-117.4868333,7.34,2.49,ml,43.0,67,0.06189,0.13,ci,ci39201527,2020-08-02T00:31:21.040Z,"20km ESE of Ridgecrest, CA",earthquake,0.13,0.39,0.18,26,reviewed,ci,ci
2020-05-15T20:01:38.240Z,35.7955,-117.622,3.93,2.12,ml,32.0,41,0.02836,0.16,ci,ci39202007,2020-05-16T04:04:05.584Z,"20km W of Searles Valley, CA",earthquake,0.15,0.42,0.172,39,reviewed,ci,ci
2020-05-16T01:46:57.030Z,36.1515,-117.9233333,2.16,3.4,ml,57.0,58,0.06495,0.18,ci,ci39202447,2020-08-02T00:30:42.040Z,"12km N of Coso Junction, CA",earthquake,0.14,0.33,0.145,259,reviewed,ci,ci
2020-05-16T02:13:26.860Z,35.9575,-117.6673333,3.57,2.41,ml,34.0,46,0.01676,0.14,ci,ci39202495,2020-05-18T16:49:33.530Z,"22km E of Little Lake, CA",earthquake,0.14,0.29,0.135,43,reviewed,ci,ci
2020-05-16T03:31:06.580Z,35.9555,-117.3355,3.3,3.06,ml,35.0,110,0.07709,0.13,ci,ci39202567,2020-08-02T00:30:36.040Z,"22km N of Trona, CA",earthquake,0.23,0.57,0.171,198,reviewed,ci,ci
2020-05-16T17:27:26.310Z,36.1326667,-117.8701667,2.81,2.42,ml,37.0,56,0.0195,0.15,ci,ci39203463,2020-05-18T21:05:03.870Z,"12km NE of Coso Junction, CA",earthquake,0.17,0.42,0.246,23,reviewed,ci,ci
2020-05-17T07:47:46.770Z,35.9568333,-117.3363333,3.43,2.06,ml,38.0,66,0.07857,0.13,ci,ci39204311,2020-05-19T14:38:16.985Z,"22km N of Trona, CA",earthquake,0.14,0.46,0.117,22,reviewed,ci,ci
2020-05-17T13:49:30.610Z,35.8783333,-117.6825,3.94,3.11,ml,57.0,22,0.07415,0.17,ci,ci39204695,2021-03-12T17:45:53.390Z,"21km ESE of Little Lake, CA",earthquake,0.13,0.36,0.131,220,reviewed,ci,ci
2020-05-18T14:28:12.930Z,35.6348333,-117.4358333,6.18,2.4,ml,52.0,44,0.0528,0.13,ci,ci39205887,2020-05-19T22:25:49.440Z,"15km S of Searles Valley, CA",earthquake,0.12,0.29,0.143,28,reviewed,ci,ci
2020-05-18T19:00:19.230Z,36.1121667,-117.8806667,5.3,2.1,ml,34.0,56,0.02158,0.12,ci,ci39206191,2020-05-19T23:11:05.710Z,"10km NE of Coso Junction, CA",earthquake,0.16,0.32,0.245,25,reviewed,ci,ci
2020-05-18T20:23:47.100Z,35.6008333,-117.4813333,10.43,2.28,ml,51.0,65,0.02116,0.15,ci,ci39206279,2020-05-19T23:45:20.880Z,"18km E of Ridgecrest, CA",earthquake,0.14,0.24,0.128,27,reviewed,ci,ci
2020-05-20T16:40:56.400Z,35.7031667,-117.497,8.96,3.58,mw,62.0,63,0.1187,0.16,ci,ci39208391,2020-08-24T09:26:34.370Z,"11km SW of Searles Valley, CA",earthquake,0.12,0.36,,4,reviewed,ci,ci
2020-05-21T14:16:32.850Z,35.9035,-117.6763333,2.57,2.2,ml,36.0,37,0.04906,0.14,ci,ci39209831,2020-05-27T21:01:22.170Z,"21km E of Little Lake, CA",earthquake,0.12,0.21,0.133,23,reviewed,ci,ci
2020-05-21T18:10:35.720Z,36.15,-118.0625,2.8,2.06,ml,28.0,82,0.1712,0.17,ci,ci39210159,2020-05-22T02:13:06.273Z,"16km SSW of Olancha, CA",earthquake,0.22,0.99,0.179,37,reviewed,ci,ci
2020-05-24T11:30:37.120Z,35.871,-117.7166667,7.02,3.53,ml,65.0,22,0.0736,0.2,ci,ci39214127,2020-08-08T18:17:55.040Z,"19km ESE of Little Lake, CA",earthquake,0.13,0.35,0.126,297,reviewed,ci,ci
2020-05-24T11:31:31.130Z,35.876,-117.7146667,8.93,2.46,ml,36.0,31,0.0787,0.14,ci,ci39214135,2020-08-08T18:17:55.040Z,"19km ESE of Little Lake, CA",earthquake,0.14,0.41,0.017,8,reviewed,ci,ci
2020-05-24T12:55:09.240Z,35.8708333,-117.7163333,7.11,3.78,mw,67.0,22,0.0736,0.19,ci,ci39214247,2020-08-08T18:17:55.040Z,"19km ESE of Little Lake, CA",earthquake,0.13,0.43,,6,reviewed,ci,ci
2020-05-24T23:25:07.750Z,35.7148333,-117.4993333,6.31,2.08,ml,43.0,62,0.1143,0.13,ci,ci39215063,2020-05-28T20:59:37.170Z,"10km SW of Searles Valley, CA",earthquake,0.13,0.54,0.107,49,reviewed,ci,ci
2020-05-26T07:14:14.340Z,35.8256667,-117.6485,6.86,2.29,ml,40.0,29,0.04261,0.14,ci,ci39217311,2021-03-16T16:01:49.760Z,"23km N of Ridgecrest, CA",earthquake,0.14,0.36,0.189,85,reviewed,ci,ci
2020-05-27T00:28:49.170Z,35.6768333,-117.5315,6.89,2.32,ml,39.0,61,0.1097,0.15,ci,ci39218727,2021-03-11T20:42:00.450Z,"14km ENE of Ridgecrest, CA",earthquake,0.15,0.51,0.114,81,reviewed,ci,ci
2020-05-29T09:16:09.560Z,35.874,-117.7185,8.27,2.01,ml,32.0,32,0.07539,0.11,ci,ci39221799,2020-06-01T15:42:03.998Z,"18km ESE of Little Lake, CA",earthquake,0.12,0.34,0.157,23,reviewed,ci,ci
2020-05-30T17:37:39.950Z,35.6806667,-117.5015,6.37,2.11,ml,39.0,63,0.1343,0.13,ci,ci39223479,2020-06-01T18:04:09.010Z,"13km SW of Searles Valley, CA",earthquake,0.13,0.53,0.115,41,reviewed,ci,ci
2020-05-30T20:22:12.180Z,35.648,-117.4483333,6.48,2.31,ml,43.0,65,0.0624,0.12,ci,ci39223639,2020-06-01T19:19:55.130Z,"14km SSW of Searles Valley, CA",earthquake,0.13,0.37,0.147,25,reviewed,ci,ci
2020-05-31T04:36:23.270Z,35.6356667,-117.4516667,8.65,2.44,ml,40.0,67,0.0498,0.13,ci,ci39223871,2020-06-01T20:14:16.810Z,"15km SSW of Searles Valley, CA",earthquake,0.14,0.4,0.167,89,reviewed,ci,ci
2020-06-01T09:24:14.410Z,35.642,-117.4678333,6.51,2.27,ml,49.0,65,0.05557,0.11,ci,ci39225103,2020-06-03T18:08:07.358Z,"15km SSW of Searles Valley, CA",earthquake,0.1,0.31,0.114,26,reviewed,ci,ci
2020-06-01T12:02:11.400Z,35.5035,-118.402,2.42,2.33,ml,60.0,32,0.1694,0.22,ci,ci39225199,2022-05-09T18:13:06.681Z,"12km SE of Bodfish, CA",earthquake,0.15,0.69,0.184,28,reviewed,ci,ci
2020-06-02T01:19:56.040Z,35.9116667,-117.738,2.81,2.12,ml,43.0,21,0.07483,0.13,ci,ci39226383,2020-06-04T21:36:25.610Z,"15km E of Little Lake, CA",earthquake,0.1,0.23,0.113,20,reviewed,ci,ci
2020-06-02T03:31:14.280Z,35.6105,-117.4625,8.31,2.25,ml,45.0,66,0.02395,0.13,ci,ci39226495,2020-06-04T22:25:17.080Z,"18km SSW of Searles Valley, CA",earthquake,0.13,0.33,0.225,25,reviewed,ci,ci
2020-06-02T15:14:47.760Z,35.8948333,-117.7258333,7.08,2.64,ml,40.0,37,0.08096,0.11,ci,ci39227191,2020-08-15T20:20:05.040Z,"17km ESE of Little Lake, CA",earthquake,0.11,0.34,0.195,24,reviewed,ci,ci
2020-06-03T02:35:45.510Z,36.1491667,-117.9843333,2.59,2.4,ml,38.0,71,0.1094,0.15,ci,ci39227863,2020-06-05T17:23:43.131Z,"12km NNW of Coso Junction, CA",earthquake,0.16,0.67,0.241,25,reviewed,ci,ci
2020-06-03T04:36:23.390Z,35.2301667,-117.1843333,1.47,3.9,mw,113.0,43,0.185,0.16,ci,ci39227895,2021-04-22T16:26:28.113Z,"40km NNW of Barstow, CA",earthquake,0.1,0.36,,6,reviewed,ci,ci
2020-06-03T08:20:14.580Z,35.7621667,-117.5816667,8.02,2.04,ml,42.0,47,0.05499,0.14,ci,ci39228079,2020-06-04T18:30:47.620Z,"16km W of Searles Valley, CA",earthquake,0.13,0.4,0.186,26,reviewed,ci,ci
2020-06-03T15:33:36.840Z,36.1446667,-117.9841667,2.03,3.11,ml,59.0,64,0.1081,0.18,ci,ci39228631,2020-08-18T17:58:45.040Z,"12km NNW of Coso Junction, CA",earthquake,0.14,0.37,0.16,213,reviewed,ci,ci
2020-06-03T15:34:37.640Z,36.1456667,-117.9841667,2.7,2.54,ml,41.0,70,0.1084,0.15,ci,ci39228639,2020-08-18T17:58:45.040Z,"12km NNW of Coso Junction, CA",earthquake,0.14,0.54,0.207,24,reviewed,ci,ci
2020-06-03T17:49:55.510Z,36.1471667,-117.98,3.81,2.19,ml,33.0,69,0.1055,0.14,ci,ci39461816,2022-05-09T18:13:24.277Z,"12km NNW of Coso Junction, CA",earthquake,0.16,0.46,0.164,22,reviewed,ci,ci
2020-06-03T23:13:45.070Z,36.1468333,-117.9826667,1.81,3.44,ml,61.0,64,0.1075,0.18,ci,ci39462368,2020-08-18T17:58:47.040Z,"12km NNW of Coso Junction, CA",earthquake,0.14,0.37,0.15,274,reviewed,ci,ci
2020-06-03T23:57:18.740Z,36.1491667,-117.9825,2.79,2.05,ml,0.0,70,0.108,0.11,ci,ci39462424,2022-05-09T18:13:26.706Z,"12km NNW of Coso Junction, CA",earthquake,0.13,0.45,0.233,23,reviewed,ci,ci
2020-06-04T00:02:28.350Z,36.1475,-117.9815,3.54,2.06,ml,38.0,70,0.1068,0.16,ci,ci39462432,2020-06-05T20:49:04.910Z,"12km NNW of Coso Junction, CA",earthquake,0.18,0.48,0.216,22,reviewed,ci,ci
2020-06-04T01:32:11.140Z,35.6148333,-117.4281667,8.44,5.51,mw,85.0,45,0.0396,0.21,ci,ci39462536,2025-12-22T18:35:26.599Z,"17km S of Searles Valley, CA",earthquake,0.15,0.45,,6,reviewed,ci,ci
2020-06-04T01:35:57.640Z,35.5998333,-117.4005,10.18,2.67,ml,21.0,143,0.08027,0.12,ci,ci39462552,2023-03-02T10:39:43.829Z,"18km S of Trona, CA",earthquake,0.21,0.49,0.234,3,reviewed,ci,ci
2020-06-04T01:36:17.670Z,35.6438333,-117.4126667,8.92,2.48,ml,26.0,129,0.1249,0.19,ci,ci37446797,2020-08-18T17:58:47.040Z,"14km SSW of Trona, CA",earthquake,0.27,1.0,0.139,6,reviewed,ci,ci
2020-06-04T01:37:37.430Z,35.6236667,-117.4141667,9.59,2.34,ml,24.0,97,0.1065,0.13,ci,ci39462560,2021-08-04T18:56:43.596Z,"16km SSW of Trona, CA",earthquake,0.22,0.61,0.209,7,reviewed,ci,ci
2020-06-04T01:37:52.270Z,35.6108333,-117.4151667,11.92,2.2,ml,14.0,128,0.04537,0.18,ci,ci37343172,2021-08-04T19:03:30.232Z,"17km S of Trona, CA",earthquake,0.42,0.96,0.111,4,reviewed,ci,ci
2020-06-04T01:38:45.300Z,35.6051667,-117.4023333,11.16,2.27,ml,25.0,131,0.08577,0.18,ci,ci37446805,2020-08-18T17:58:47.040Z,"18km S of Trona, CA",earthquake,0.24,0.53,0.173,6,reviewed,ci,ci
2020-06-04T01:39:12.600Z,35.5991667,-117.4123333,9.77,2.0,ml,21.0,128,0.04256,0.23,ci,ci37446813,2020-06-04T23:26:14.437Z,"19km S of Trona, CA",earthquake,0.5,0.83,0.073,2,reviewed,ci,ci
2020-06-04T01:40:35.410Z,35.6241667,-117.4131667,9.59,2.01,ml,30.0,97,0.1066,0.17,ci,ci39462568,2021-08-04T19:14:07.133Z,"16km S of Trona, CA",earthquake,0.22,0.67,0.161,15,reviewed,ci,ci
2020-06-04T01:40:47.860Z,35.6043333,-117.4063333,10.61,2.05,ml,25.0,76,0.08623,0.17,ci,ci39462576,2020-06-05T21:23:25.213Z,"18km S of Trona, CA",earthquake,0.25,0.46,0.203,12,reviewed,ci,ci
2020-06-04T01:42:17.350Z,35.6121667,-117.415,9.01,2.71,ml,45.0,46,0.04621,0.12,ci,ci39462592,2020-08-18T17:58:47.040Z,"17km S of Trona, CA",earthquake,0.12,0.3,0.186,27,reviewed,ci,ci
2020-06-04T01:42:35.760Z,35.6396667,-117.4123333,9.26,2.56,ml,36.0,71,0.06682,0.17,ci,ci39462600,2020-08-18T17:58:48.040Z,"14km SSW of Trona, CA",earthquake,0.2,0.56,0.128,17,reviewed,ci,ci
2020-06-04T01:49:24.430Z,35.625,-117.4083333,12.41,2.11,ml,34.0,103,0.106,0.22,ci,ci37275644,2020-06-08T14:54:35.675Z,"16km S of Trona, CA",earthquake,0.3,0.78,0.165,19,reviewed,ci,ci
2020-06-04T01:52:45.900Z,35.6245,-117.4243333,10.06,3.28,ml,43.0,70,0.04889,0.14,ci,ci39462672,2020-08-18T17:58:48.040Z,"16km S of Searles Valley, CA",earthquake,0.14,0.31,0.154,127,reviewed,ci,ci
2020-06-04T02:04:00.090Z,35.625,-117.4205,9.61,3.01,ml,44.0,70,0.1098,0.16,ci,ci39462744,2020-08-18T17:58:48.040Z,"16km S of Searles Valley, CA",earthquake,0.16,0.43,0.155,122,reviewed,ci,ci
2020-06-04T02:07:26.600Z,35.6068333,-117.4098333,8.21,3.22,ml,47.0,71,0.04725,0.14,ci,ci39462768,2020-08-18T17:58:48.040Z,"18km S of Trona, CA",earthquake,0.14,0.44,0.143,129,reviewed,ci,ci
2020-06-04T02:15:27.910Z,35.6108333,-117.4093333,9.11,2.57,ml,40.0,70,0.09316,0.16,ci,ci39462832,2020-08-18T17:58:48.040Z,"17km S of Trona, CA",earthquake,0.16,0.57,0.164,111,reviewed,ci,ci
2020-06-04T02:19:35.360Z,35.6091667,-117.411,9.98,2.14,ml,36.0,71,0.09218,0.17,ci,ci39462848,2020-06-04T05:04:35.950Z,"18km S of Trona, CA",earthquake,0.19,0.52,0.134,63,reviewed,ci,ci
2020-06-04T02:27:54.610Z,36.1498333,-117.9796667,2.01,4.16,mw,40.0,70,0.106,0.17,ci,ci39462920,2020-08-18T17:58:48.040Z,"12km NNW of Coso Junction, CA",earthquake,0.17,0.5,,6,reviewed,ci,ci
2020-06-04T02:31:32.290Z,35.6121667,-117.4203333,9.84,2.23,ml,42.0,70,0.0982,0.17,ci,ci39462928,2021-08-05T18:32:00.480Z,"17km SSW of Trona, CA",earthquake,0.17,0.43,0.179,17,reviewed,ci,ci
2020-06-04T02:32:43.760Z,36.1453333,-117.9856667,2.68,2.36,ml,30.0,78,0.1095,0.12,ci,ci39462944,2021-08-05T18:56:25.389Z,"12km NNW of Coso Junction, CA",earthquake,0.17,0.51,0.197,19,reviewed,ci,ci
2020-06-04T02:42:47.190Z,36.1455,-117.9815,2.39,2.18,ml,35.0,69,0.1062,0.13,ci,ci39463024,2020-06-04T22:09:55.090Z,"12km NNW of Coso Junction, CA",earthquake,0.16,0.38,0.149,24,reviewed,ci,ci
2020-06-04T02:43:57.790Z,35.6216667,-117.4118333,9.29,3.26,ml,45.0,70,0.054,0.14,ci,ci39463040,2020-08-18T17:58:48.040Z,"16km S of Trona, CA",earthquake,0.13,0.34,0.15,122,reviewed,ci,ci
2020-06-04T03:03:38.940Z,35.6113333,-117.4096667,8.51,2.27,ml,38.0,70,0.09372,0.15,ci,ci39463144,2020-06-04T11:06:33.909Z,"17km S of Trona, CA",earthquake,0.17,0.62,0.142,84,reviewed,ci,ci
2020-06-04T03:32:45.750Z,35.6506667,-117.4501667,2.81,2.53,ml,37.0,67,0.1329,0.18,ci,ci39463272,2020-08-18T17:58:48.040Z,"14km SSW of Searles Valley, CA",earthquake,0.17,0.73,0.126,125,reviewed,ci,ci
2020-06-04T03:39:11.440Z,35.5966667,-117.4016667,8.84,2.95,ml,43.0,71,0.05037,0.14,ci,ci39463304,2020-08-18T17:58:48.040Z,"19km S of Trona, CA",earthquake,0.14,0.35,0.151,103,reviewed,ci,ci
2020-06-04T03:47:34.350Z,35.6466667,-117.423,6.27,2.42,ml,30.0,70,0.068,0.1,ci,ci37446709,2024-02-09T00:14:36.114Z,"14 km S of Searles Valley, CA",earthquake,0.2,0.61,0.058,2,reviewed,ci,ci
2020-06-04T03:47:35.700Z,35.6313333,-117.421,8.75,3.1,ml,56.0,45,0.1157,0.18,ci,ci39463336,2020-08-18T17:58:48.040Z,"15km S of Searles Valley, CA",earthquake,0.17,0.52,0.146,169,reviewed,ci,ci
2020-06-04T03:52:34.640Z,35.6266667,-117.4128333,9.4,2.37,ml,42.0,70,0.05679,0.12,ci,ci39463352,2022-11-17T21:21:31.530Z,"16km S of Trona, CA",earthquake,0.12,0.31,0.156,25,reviewed,ci,ci
2020-06-04T04:11:08.890Z,35.6111667,-117.4093333,7.12,2.13,ml,37.0,70,0.09346,0.15,ci,ci39463456,2020-06-04T12:13:42.663Z,"17km S of Trona, CA",earthquake,0.18,0.57,0.186,61,reviewed,ci,ci
2020-06-04T04:37:46.510Z,35.6061667,-117.4083333,6.34,3.54,ml,43.0,71,0.08856,0.14,ci,ci39463528,2020-08-18T17:58:48.040Z,"18km S of Trona, CA",earthquake,0.14,0.53,0.164,132,reviewed,ci,ci
2020-06-04T04:54:14.360Z,35.6015,-117.4291667,5.72,2.0,ml,41.0,69,0.0308,0.14,ci,ci39463552,2022-12-07T20:30:37.650Z,"19km S of Searles Valley, CA",earthquake,0.15,0.57,0.138,25,reviewed,ci,ci
2020-06-04T05:30:44.120Z,35.5918333,-117.397,7.96,2.21,ml,39.0,72,0.05341,0.16,ci,ci39463664,2020-06-04T19:31:34.210Z,"19km S of Trona, CA",earthquake,0.17,0.53,0.129,78,reviewed,ci,ci
2020-06-04T06:26:52.990Z,35.6228333,-117.4243333,9.41,2.06,ml,43.0,70,0.04761,0.12,ci,ci39463832,2023-03-29T15:11:32.690Z,"16km S of Searles Valley, CA",earthquake,0.13,0.31,0.175,38,reviewed,ci,ci
2020-06-04T08:47:16.440Z,35.6148333,-117.4206667,9.93,2.68,ml,41.0,70,0.0441,0.13,ci,ci39464208,2021-08-12T18:41:08.520Z,"17km SSW of Trona, CA",earthquake,0.13,0.28,0.143,136,reviewed,ci,ci
2020-06-04T09:34:18.060Z,35.6268333,-117.4233333,4.15,2.18,ml,40.0,69,0.05121,0.13,ci,ci39464240,2023-01-26T17:02:55.160Z,"16km S of Searles Valley, CA",earthquake,0.14,0.33,0.16,24,reviewed,ci,ci
2020-06-04T10:27:28.650Z,35.6458333,-117.4233333,6.01,3.64,ml,49.0,69,0.06714,0.16,ci,ci39464360,2020-08-18T17:58:50.040Z,"14km S of Searles Valley, CA",earthquake,0.14,0.48,0.143,175,reviewed,ci,ci
2020-06-04T10:36:10.570Z,36.149,-117.9876667,2.58,2.44,ml,37.0,71,0.112,0.16,ci,ci39464384,2021-08-13T17:48:09.590Z,"12km NNW of Coso Junction, CA",earthquake,0.17,0.71,0.133,91,reviewed,ci,ci
2020-06-04T11:47:56.940Z,36.1461667,-117.9241667,3.45,2.09,ml,37.0,62,0.06294,0.14,ci,ci39464496,2020-06-04T22:22:10.180Z,"12km N of Coso Junction, CA",earthquake,0.16,0.39,0.161,25,reviewed,ci,ci
2020-06-04T11:49:08.560Z,35.5116667,-118.383,6.84,2.2,ml,46.0,34,0.168,0.14,ci,ci39464504,2023-01-27T21:27:53.453Z,"13km SE of Bodfish, CA",earthquake,0.14,1.18,0.193,30,reviewed,ci,ci
2020-06-04T14:52:12.420Z,36.1488333,-117.9805,4.11,2.14,ml,27.0,70,0.1064,0.13,ci,ci39464912,2023-02-02T20:04:40.442Z,"12km NNW of Coso Junction, CA",earthquake,0.21,0.48,0.218,24,reviewed,ci,ci
2020-06-04T16:00:34.800Z,36.151,-117.9826667,2.3,2.38,ml,34.0,70,0.1087,0.17,ci,ci39465032,2021-09-29T22:36:38.779Z,"12km NNW of Coso Junction, CA",earthquake,0.18,0.37,0.261,22,reviewed,ci,ci
2020-06-04T16:10:04.960Z,35.8065,-117.6326667,0.8,2.08,ml,34.0,53,0.03003,0.19,ci,ci39465064,2020-06-04T20:45:15.411Z,"21km N of Ridgecrest, CA",earthquake,0.18,0.3,0.08,33,reviewed,ci,ci
2020-06-04T20:44:58.480Z,36.1496667,-117.9826667,2.39,2.04,ml,26.0,70,0.1083,0.13,ci,ci39465496,2023-02-04T00:47:14.588Z,"12km NNW of Coso Junction, CA",earthquake,0.23,0.68,0.241,24,reviewed,ci,ci
2020-06-04T22:57:20.330Z,36.1421667,-117.9848333,2.6,2.18,ml,37.0,64,0.108,0.19,ci,ci39465664,2020-06-05T00:22:43.890Z,"11km NNW of Coso Junction, CA",earthquake,0.22,0.82,0.148,53,reviewed,ci,ci
2020-06-05T03:28:51.510Z,35.8688333,-117.6913333,3.04,2.05,ml,43.0,28,0.08479,0.17,ci,ci39466048,2020-06-07T16:43:56.890Z,"21km ESE of Little Lake, CA",earthquake,0.14,0.59,0.132,25,reviewed,ci,ci
2020-06-05T11:07:58.590Z,36.1458333,-117.9873333,2.28,2.5,ml,43.0,70,0.1109,0.14,ci,ci39466504,2020-08-18T17:58:52.040Z,"12km NNW of Coso Junction, CA",earthquake,0.13,0.33,0.188,25,reviewed,ci,ci
2020-06-05T17:37:02.300Z,35.6223333,-117.4436667,6.55,2.04,ml,34.0,68,0.03881,0.11,ci,ci39467112,2023-02-08T00:24:31.980Z,"16km SSW of Searles Valley, CA",earthquake,0.15,0.33,0.161,22,reviewed,ci,ci
2020-06-05T21:27:13.390Z,36.151,-117.9793333,4.15,2.18,ml,25.0,70,0.1061,0.13,ci,ci39467344,2023-02-15T16:47:53.531Z,"12km NNW of Coso Junction, CA",earthquake,0.19,0.51,0.245,22,reviewed,ci,ci
2020-06-05T22:20:02.690Z,36.1513333,-117.9828333,2.67,2.71,ml,38.0,70,0.1089,0.15,ci,ci39467392,2021-08-13T20:56:12.950Z,"12km NNW of Coso Junction, CA",earthquake,0.17,0.57,0.152,125,reviewed,ci,ci
2020-06-05T23:15:13.440Z,36.1513333,-117.9818333,4.44,2.14,ml,26.0,70,0.1082,0.12,ci,ci39467480,2022-11-17T00:04:42.253Z,"12km NNW of Coso Junction, CA",earthquake,0.19,0.47,0.175,25,reviewed,ci,ci
2020-06-06T17:37:44.520Z,35.6151667,-117.4166667,9.67,2.22,ml,38.0,70,0.04685,0.17,ci,ci39468288,2020-06-07T01:40:12.971Z,"17km SSW of Trona, CA",earthquake,0.18,0.43,0.182,81,reviewed,ci,ci
2020-06-07T03:42:04.120Z,36.1478333,-117.9843333,2.73,3.49,mw,58.0,60,0.1091,0.17,ci,ci39468648,2020-08-18T17:59:01.040Z,"12km NNW of Coso Junction, CA",earthquake,0.11,0.48,,4,reviewed,ci,ci
2020-06-07T03:47:10.510Z,36.1423333,-117.9793333,3.81,2.01,ml,31.0,69,0.1038,0.16,ci,ci39468664,2022-05-09T18:13:48.703Z,"11km NNW of Coso Junction, CA",earthquake,0.18,0.56,0.202,18,reviewed,ci,ci
2020-06-07T06:51:15.080Z,35.6063333,-117.397,7.69,2.11,ml,43.0,72,0.0567,0.16,ci,ci39468760,2020-06-10T20:33:25.930Z,"18km S of Trona, CA",earthquake,0.16,0.47,0.215,20,reviewed,ci,ci
2020-06-07T18:43:14.920Z,35.6275,-117.4105,9.35,2.16,ml,33.0,98,0.109,0.13,ci,ci39469376,2020-06-08T18:09:59.020Z,"16km S of Trona, CA",earthquake,0.17,0.5,0.16,23,reviewed,ci,ci
2020-06-08T04:15:05.770Z,35.6376667,-117.4175,3.64,4.29,mw,46.0,70,0.1205,0.17,ci,ci39469848,2020-08-18T17:59:04.040Z,"14km S of Searles Valley, CA",earthquake,0.15,0.51,,6,reviewed,ci,ci
2020-06-08T05:06:25.750Z,35.6098333,-117.4125,10.33,2.08,ml,39.0,70,0.09329,0.14,ci,ci39469880,2020-06-08T15:57:26.180Z,"17km S of Trona, CA",earthquake,0.16,0.38,0.126,59,reviewed,ci,ci
2020-06-08T06:14:22.680Z,36.1433333,-117.9821667,3.55,2.26,ml,32.0,66,0.1062,0.11,ci,ci39469928,2020-06-08T18:37:22.140Z,"11km NNW of Coso Junction, CA",earthquake,0.12,0.43,0.167,21,reviewed,ci,ci
2020-06-09T08:58:02.360Z,36.1475,-117.9848333,3.09,2.21,ml,32.0,70,0.1094,0.13,ci,ci39470984,2022-05-09T18:13:57.292Z,"12km NNW of Coso Junction, CA",earthquake,0.15,0.54,0.165,49,reviewed,ci,ci
2020-06-09T14:40:52.870Z,35.6135,-117.4133333,9.3,2.1,ml,39.0,70,0.04808,0.14,ci,ci39471328,2023-04-14T21:40:56.440Z,"17km S of Trona, CA",earthquake,0.16,0.45,0.11,27,reviewed,ci,ci
2020-06-10T16:43:46.310Z,35.7146667,-117.5595,6.45,2.01,ml,28.0,58,0.1055,0.13,ci,ci39473176,2020-06-10T19:35:02.590Z,"15km NE of Ridgecrest, CA",earthquake,0.17,0.61,0.171,26,reviewed,ci,ci
2020-06-11T04:14:12.590Z,35.8353333,-117.6818333,7.81,3.62,ml,64.0,23,0.07126,0.16,ci,ci39473968,2020-08-22T19:14:43.040Z,"23km ESE of Little Lake, CA",earthquake,0.11,0.34,0.192,268,reviewed,ci,ci
2020-06-11T12:09:58.520Z,35.7735,-117.5875,7.37,2.4,ml,41.0,52,0.04293,0.12,ci,ci39474448,2021-09-29T23:00:41.530Z,"17km W of Searles Valley, CA",earthquake,0.11,0.44,0.179,21,reviewed,ci,ci
2020-06-12T00:35:42.370Z,35.7041667,-117.5008333,8.43,2.29,ml,44.0,63,0.1208,0.14,ci,ci39475728,2020-06-12T14:56:24.520Z,"11km SW of Searles Valley, CA",earthquake,0.13,0.45,0.182,61,reviewed,ci,ci
2020-06-12T05:57:26.560Z,35.6085,-117.3991667,9.01,2.43,ml,40.0,72,0.05586,0.13,ci,ci39475928,2020-06-12T17:18:04.510Z,"17km S of Trona, CA",earthquake,0.16,0.33,0.2,72,reviewed,ci,ci
2020-06-13T06:45:06.930Z,35.9026667,-117.705,2.66,3.14,ml,40.0,31,0.06327,0.16,ci,ci39477608,2020-08-22T19:14:48.040Z,"19km ESE of Little Lake, CA",earthquake,0.13,0.31,0.152,242,reviewed,ci,ci
2020-06-13T07:18:26.600Z,35.9073333,-117.7028333,4.48,2.46,ml,45.0,25,0.05875,0.11,ci,ci39477648,2020-08-22T19:14:48.040Z,"19km E of Little Lake, CA",earthquake,0.09,0.21,0.186,24,reviewed,ci,ci
2020-06-13T09:27:50.370Z,35.9001667,-117.7038333,2.69,2.41,ml,47.0,25,0.06443,0.16,ci,ci39477816,2020-06-16T20:19:41.470Z,"19km ESE of Little Lake, CA",earthquake,0.11,0.28,0.153,24,reviewed,ci,ci
2020-06-13T10:14:35.510Z,35.9,-117.7026667,3.53,2.32,ml,41.0,25,0.06392,0.13,ci,ci39477864,2020-06-16T21:23:16.130Z,"19km ESE of Little Lake, CA",earthquake,0.12,0.34,0.174,22,reviewed,ci,ci
2020-06-13T16:18:24.840Z,35.627,-117.4245,7.76,2.17,ml,36.0,69,0.05076,0.13,ci,ci39478272,2023-04-25T17:39:31.860Z,"16km S of Searles Valley, CA",earthquake,0.17,0.64,0.146,26,reviewed,ci,ci
2020-06-13T22:47:41.730Z,35.9001667,-117.7048333,2.63,2.42,ml,45.0,25,0.06498,0.13,ci,ci39478648,2020-06-17T22:26:41.690Z,"19km ESE of Little Lake, CA",earthquake,0.1,0.18,0.177,24,reviewed,ci,ci
2020-06-14T12:28:12.870Z,35.6516667,-117.4561667,5.18,2.29,ml,41.0,43,0.06521,0.16,ci,ci39479152,2020-06-18T15:41:49.390Z,"14km SSW of Searles Valley, CA",earthquake,0.16,0.46,0.154,24,reviewed,ci,ci
2020-06-15T02:52:10.780Z,35.617,-117.4153333,7.73,2.02,ml,38.0,71,0.04884,0.13,ci,ci39479856,2020-06-16T17:05:52.527Z,"17km S of Trona, CA",earthquake,0.15,0.57,0.101,41,reviewed,ci,ci
2020-06-16T05:58:22.780Z,36.0433333,-117.8073333,1.34,3.8,mw,42.0,49,0.0386,0.17,ci,ci39481424,2020-08-22T19:14:55.040Z,"13km E of Coso Junction, CA",earthquake,0.14,0.22,,6,reviewed,ci,ci
2020-06-16T06:40:30.660Z,35.6075,-117.397,7.02,2.03,ml,39.0,71,0.05712,0.15,ci,ci39481464,2023-05-25T20:39:39.390Z,"18km S of Trona, CA",earthquake,0.19,0.39,0.182,26,reviewed,ci,ci
2020-06-16T09:55:16.560Z,35.9056667,-117.7021667,4.12,2.49,ml,36.0,31,0.05952,0.13,ci,ci39481568,2020-08-22T19:14:56.040Z,"19km E of Little Lake, CA",earthquake,0.12,0.3,0.183,120,reviewed,ci,ci
2020-06-16T20:20:12.840Z,35.3645,-118.4883333,0.64,2.08,ml,29.0,77,0.2112,0.21,ci,ci39482176,2020-06-17T13:49:18.030Z,"25km S of Bodfish, CA",earthquake,0.35,1.57,0.168,27,reviewed,ci,ci
2020-06-17T20:32:03.570Z,35.3635,-118.48,1.84,2.91,ml,57.0,39,0.2159,0.19,ci,ci39483392,2020-08-30T00:00:42.040Z,"25km S of Bodfish, CA",earthquake,0.18,0.72,0.179,205,reviewed,ci,ci
2020-06-17T20:35:30.350Z,35.3661667,-118.4838333,0.1,2.09,ml,41.0,76,0.2151,0.15,ci,ci39483408,2023-05-18T23:06:16.580Z,"25km S of Bodfish, CA",earthquake,0.17,0.46,0.208,42,reviewed,ci,ci
2020-06-18T00:17:10.380Z,35.3628333,-118.4816667,0.15,2.38,ml,56.0,44,0.2144,0.18,ci,ci39483576,2021-09-29T22:50:34.390Z,"25km S of Bodfish, CA",earthquake,0.15,0.48,0.208,29,reviewed,ci,ci
2020-06-18T16:22:16.080Z,35.606,-117.406,8.3,2.33,ml,40.0,71,0.04976,0.13,ci,ci39484160,2023-05-24T19:30:31.133Z,"18km S of Trona, CA",earthquake,0.17,0.4,0.134,28,reviewed,ci,ci
2020-06-18T18:14:25.200Z,35.6458333,-117.4376667,2.85,2.9,ml,40.0,68,0.06249,0.16,ci,ci39484352,2020-08-30T00:00:46.040Z,"14km SSW of Searles Valley, CA",earthquake,0.16,0.43,0.143,163,reviewed,ci,ci
2020-06-18T21:37:17.640Z,35.8293333,-117.6543333,7.06,2.76,ml,49.0,21,0.04813,0.13,ci,ci39484672,2020-08-30T00:00:47.040Z,"23km N of Ridgecrest, CA",earthquake,0.12,0.25,0.145,26,reviewed,ci,ci
2020-06-19T06:36:31.830Z,35.5913333,-117.3956667,8.7,2.07,ml,39.0,72,0.05444,0.15,ci,ci39485352,2020-06-19T20:40:37.310Z,"19km S of Trona, CA",earthquake,0.16,0.43,0.174,46,reviewed,ci,ci
2020-06-19T11:01:26.680Z,35.6761667,-117.5146667,9.57,2.18,ml,39.0,61,0.09916,0.13,ci,ci39485528,2020-06-19T17:57:53.790Z,"14km SW of Searles Valley, CA",earthquake,0.15,0.37,0.122,59,reviewed,ci,ci
2020-06-19T12:54:16.570Z,35.6466667,-117.4378333,2.71,2.54,ml,44.0,68,0.06323,0.13,ci,ci39485616,2020-08-30T00:00:50.040Z,"14km SSW of Searles Valley, CA",earthquake,0.13,0.27,0.127,26,reviewed,ci,ci
2020-06-20T12:53:04.530Z,35.646,-117.439,2.68,2.47,ml,47.0,68,0.06231,0.11,ci,ci39487432,2020-08-30T00:00:55.040Z,"14km SSW of Searles Valley, CA",earthquake,0.11,0.23,0.104,26,reviewed,ci,ci
2020-06-20T23:20:54.620Z,36.231,-117.894,1.67,2.3,ml,34.0,57,0.1175,0.14,ci,ci39488104,2022-05-09T18:14:47.926Z,"11km ESE of Olancha, CA",earthquake,0.19,0.37,0.172,24,reviewed,ci,ci
2020-06-21T05:52:13.230Z,35.5926667,-117.398,8.24,2.32,ml,42.0,71,0.05269,0.14,ci,ci39488312,2020-06-24T16:23:00.000Z,"19km S of Trona, CA",earthquake,0.15,0.38,0.147,24,reviewed,ci,ci
2020-06-21T18:34:59.130Z,35.4998333,-118.4073333,2.47,2.05,ml,38.0,65,0.1714,0.13,ci,ci39488992,2023-06-27T00:11:52.430Z,"12km SE of Bodfish, CA",earthquake,0.15,0.65,0.222,27,reviewed,ci,ci
2020-06-22T10:38:17.270Z,36.4456667,-117.9865,4.79,2.27,ml,33.0,73,0.07574,0.2,ci,ci39489656,2023-08-03T20:09:10.050Z,"17 km SSE of Lone Pine, CA",earthquake,0.21,0.72,0.116,20,reviewed,ci,ci
2020-06-22T14:08:09.850Z,36.4521667,-117.9866667,6.42,2.34,ml,28.0,78,0.07638,0.18,ci,ci39489960,2023-08-08T17:48:13.159Z,"17 km SSE of Lone Pine, CA",earthquake,0.22,0.69,0.115,24,reviewed,ci,ci
2020-06-23T00:25:46.390Z,36.4466667,-117.984,2.26,4.65,mw,51.0,74,0.07783,0.22,ci,ci39490952,2021-02-13T00:11:34.391Z,"17km SSE of Lone Pine, CA",earthquake,0.19,0.83,,6,reviewed,ci,ci
2020-06-23T00:26:46.470Z,36.4545,-117.99,7.4,3.26,ml,11.0,80,0.07415,0.11,ci,ci37447541,2020-08-30T00:01:06.040Z,"16km SSE of Lone Pine, CA",earthquake,0.21,0.58,0.061,2,reviewed,ci,ci
2020-06-23T00:29:28.810Z,36.4591667,-117.9856667,8.34,2.12,ml,14.0,81,0.07858,0.17,ci,ci37447549,2020-06-23T02:05:45.160Z,"16km SSE of Lone Pine, CA",earthquake,0.41,0.79,0.149,2,reviewed,ci,ci
2020-06-23T00:30:16.780Z,36.4498333,-117.9801667,6.3,2.49,ml,27.0,74,0.08124,0.19,ci,ci39490960,2020-08-30T00:01:09.040Z,"17km SSE of Lone Pine, CA",earthquake,0.23,0.8,0.286,10,reviewed,ci,ci
2020-06-23T00:30:52.730Z,36.4503333,-117.9776667,3.77,3.82,mw,53.0,69,0.0833,0.18,ci,ci39490968,2020-08-30T00:01:05.040Z,"17km SSE of Lone Pine, CA",earthquake,0.15,0.49,,4,reviewed,ci,ci
2020-06-23T00:33:57.560Z,36.446,-117.9751667,6.73,2.95,ml,34.0,71,0.08488,0.17,ci,ci39490976,2020-08-30T00:01:05.040Z,"18km SSE of Lone Pine, CA",earthquake,0.18,0.55,0.135,157,reviewed,ci,ci
2020-06-23T00:36:59.410Z,36.4446667,-117.976,5.92,2.28,ml,32.0,70,0.08413,0.18,ci,ci39490984,2022-05-09T18:15:01.998Z,"18km SSE of Lone Pine, CA",earthquake,0.21,0.64,0.139,38,reviewed,ci,ci
2020-06-23T00:44:29.220Z,36.4436667,-117.9868333,5.06,2.23,ml,26.0,80,0.07535,0.17,ci,ci39490992,2020-06-23T01:39:08.027Z,"18km SSE of Lone Pine, CA",earthquake,0.24,0.78,0.182,12,reviewed,ci,ci
2020-06-23T00:44:42.450Z,36.4448333,-117.9865,5.75,2.88,ml,31.0,73,0.07568,0.21,ci,ci39491000,2020-08-30T00:01:05.040Z,"17km SSE of Lone Pine, CA",earthquake,0.24,0.68,0.124,51,reviewed,ci,ci
2020-06-23T01:06:17.500Z,36.4518333,-117.9741667,6.54,2.21,ml,31.0,70,0.08629,0.22,ci,ci39491048,2020-06-23T03:49:17.739Z,"17km SSE of Lone Pine, CA",earthquake,0.27,0.83,0.128,42,reviewed,ci,ci
2020-06-23T01:15:11.600Z,36.446,-117.9788333,5.96,2.04,ml,30.0,71,0.08193,0.18,ci,ci39491056,2022-05-09T18:15:02.584Z,"18km SSE of Lone Pine, CA",earthquake,0.24,0.71,0.147,25,reviewed,ci,ci
2020-06-23T01:28:29.230Z,36.4628333,-117.9878333,6.91,2.02,ml,30.0,84,0.07788,0.18,ci,ci39491088,2022-05-09T18:15:03.338Z,"16km SSE of Lone Pine, CA",earthquake,0.2,0.52,0.147,28,reviewed,ci,ci
2020-06-23T01:39:49.740Z,36.4471667,-117.988,4.82,2.69,ml,33.0,75,0.07467,0.17,ci,ci39491104,2020-08-30T00:01:06.040Z,"17km SSE of Lone Pine, CA",earthquake,0.19,0.71,0.158,72,reviewed,ci,ci
2020-06-23T01:46:08.430Z,36.4465,-117.9756667,6.64,2.83,ml,35.0,71,0.08452,0.17,ci,ci39491112,2020-08-30T00:01:06.040Z,"18km SSE of Lone Pine, CA",earthquake,0.2,0.58,0.128,60,reviewed,ci,ci
2020-06-23T02:01:15.760Z,36.4508333,-117.9785,6.56,2.38,ml,31.0,74,0.0827,0.16,ci,ci39491160,2020-06-23T20:56:39.809Z,"17km SSE of Lone Pine, CA",earthquake,0.2,0.57,0.137,41,reviewed,ci,ci
2020-06-23T02:01:40.850Z,36.45,-117.9866667,6.53,2.3,ml,28.0,76,0.07606,0.16,ci,ci39491168,2020-06-23T02:10:30.638Z,"17km SSE of Lone Pine, CA",earthquake,0.22,0.56,0.115,36,reviewed,ci,ci
2020-06-23T02:38:35.790Z,36.448,-117.9826667,6.55,2.36,ml,31.0,73,0.07903,0.18,ci,ci39491192,2020-06-24T14:52:36.780Z,"17km SSE of Lone Pine, CA",earthquake,0.21,0.78,0.112,45,reviewed,ci,ci
2020-06-23T02:51:58.480Z,36.4465,-117.983,4.35,3.79,mw,49.0,67,0.07862,0.18,ci,ci39491208,2020-08-30T00:01:06.040Z,"17km SSE of Lone Pine, CA",earthquake,0.16,0.63,,6,reviewed,ci,ci
2020-06-23T02:52:06.440Z,36.445,-117.9833333,0.19,3.66,ml,6.0,108,0.07824,0.11,ci,ci37447621,2020-08-30T00:01:08.040Z,"18km SSE of Lone Pine, CA",earthquake,0.45,0.8,0.043,3,reviewed,ci,ci
2020-06-23T03:07:55.760Z,36.4443333,-117.9855,4.93,2.16,ml,29.0,72,0.07646,0.17,ci,ci39491240,2022-05-09T18:15:04.647Z,"18km SSE of Lone Pine, CA",earthquake,0.22,0.74,0.159,33,reviewed,ci,ci
2020-06-23T05:23:53.170Z,36.4585,-117.9918333,6.54,2.15,ml,27.0,83,0.0736,0.2,ci,ci39491352,2023-09-07T17:59:21.104Z,"16 km SSE of Lone Pine, CA",earthquake,0.24,0.64,0.169,19,reviewed,ci,ci
2020-06-23T06:48:10.430Z,36.4585,-117.9808333,5.03,3.15,ml,42.0,79,0.08221,0.19,ci,ci39491464,2021-02-19T19:22:01.689Z,"16km SSE of Lone Pine, CA",earthquake,0.18,0.64,0.124,77,reviewed,ci,ci
2020-06-23T06:48:25.290Z,36.4623333,-117.9933333,6.51,2.88,ml,33.0,86,0.0735,0.21,ci,ci37447629,2021-02-19T19:22:03.075Z,"15km SSE of Lone Pine, CA",earthquake,0.24,0.64,0.13,41,reviewed,ci,ci
2020-06-23T16:56:15.240Z,36.4468333,-117.9771667,4.72,2.81,ml,38.0,67,0.08334,0.19,ci,ci39492120,2021-08-13T21:31:41.230Z,"18km SSE of Lone Pine, CA",earthquake,0.2,0.7,0.128,108,reviewed,ci,ci
2020-06-23T18:26:56.450Z,35.0326667,-117.683,-0.82,2.01,ml,33.0,57,0.09865,0.15,ci,ci39492192,2020-06-30T17:31:10.945Z,"5km NW of Boron, CA",quarry blast,0.3,31.61,0.173,54,reviewed,ci,ci
2020-06-24T00:56:48.020Z,35.7353333,-117.5436667,2.55,2.95,ml,59.0,49,0.0914,0.16,ci,ci39492720,2021-08-13T20:24:14.700Z,"13km WSW of Searles Valley, CA",earthquake,0.11,0.26,0.135,196,reviewed,ci,ci
2020-06-24T17:11:28.390Z,36.4431667,-117.9753333,4.9,2.51,ml,31.0,69,0.08459,0.18,ci,ci39493832,2021-08-12T18:02:40.470Z,"18km SSE of Lone Pine, CA",earthquake,0.21,0.76,0.128,56,reviewed,ci,ci
2020-06-24T17:28:51.370Z,36.455,-117.9796667,6.77,2.32,ml,26.0,76,0.08242,0.19,ci,ci39493888,2023-10-24T15:17:33.787Z,"17 km SSE of Lone Pine, CA",earthquake,0.3,0.83,0.141,17,reviewed,ci,ci
2020-06-24T17:28:55.710Z,36.4298333,-117.9615,-1.25,2.32,ml,9.0,103,0.09622,0.18,ci,ci37582204,2023-10-24T15:23:42.591Z,"17 km NNE of Olancha, CA",earthquake,0.75,1.76,0.113,14,reviewed,ci,ci
2020-06-24T17:38:21.160Z,36.4563333,-117.9813333,7.15,2.0,ml,26.0,78,0.08136,0.2,ci,ci39493920,2023-09-18T21:11:00.259Z,"16 km SSE of Lone Pine, CA",earthquake,0.29,0.68,0.155,22,reviewed,ci,ci
2020-06-24T17:40:49.240Z,36.4468333,-117.9751667,4.66,5.8,mw,48.0,67,0.08494,0.19,ci,ci39493944,2025-12-22T17:57:54.818Z,"18km SSE of Lone Pine, CA",earthquake,0.18,0.66,,6,reviewed,ci,ci
2020-06-24T17:45:00.530Z,36.4568333,-117.9385,10.88,3.49,ml,45.0,62,0.1155,0.19,ci,ci39493968,2020-09-05T17:35:16.040Z,"19km SE of Lone Pine, CA",earthquake,0.19,0.53,0.124,22,reviewed,ci,ci
2020-06-24T17:46:02.960Z,36.4693333,-117.9825,6.52,2.23,ml,9.0,85,0.08404,0.26,ci,ci37280604,2020-06-25T01:48:32.792Z,"15km SSE of Lone Pine, CA",earthquake,0.86,2.19,0.125,4,reviewed,ci,ci
2020-06-24T17:47:04.850Z,36.4366667,-117.9381667,8.47,2.92,ml,35.0,57,0.1145,0.2,ci,ci39493976,2022-08-08T23:22:27.709Z,"18km NNE of Olancha, CA",earthquake,0.22,0.52,0.147,15,reviewed,ci,ci
2020-06-24T17:50:12.570Z,36.4266667,-118.0636667,9.38,2.34,ml,6.0,154,0.01873,0.17,ci,ci37587988,2023-11-09T18:57:14.781Z,"17 km NNW of Olancha, CA",earthquake,1.98,2.06,0.346,4,reviewed,ci,ci
2020-06-24T17:50:26.180Z,36.4493333,-117.941,8.35,2.3,ml,28.0,62,0.1126,0.21,ci,ci39493984,2023-11-09T19:05:25.061Z,"19 km SE of Lone Pine, CA",earthquake,0.31,0.73,0.11,7,reviewed,ci,ci
2020-06-24T17:51:02.210Z,36.4288333,-117.9456667,7.64,2.0,ml,20.0,100,0.109,0.17,ci,ci37587996,2023-11-09T18:13:08.871Z,"17 km NNE of Olancha, CA",earthquake,0.29,0.72,0.168,14,reviewed,ci,ci
2020-06-24T17:54:31.620Z,36.421,-117.9593333,-0.51,2.02,ml,17.0,72,0.09925,0.19,ci,ci37588292,2023-11-09T20:03:39.999Z,"16 km NNE of Olancha, CA",earthquake,0.71,1.52,0.135,8,reviewed,ci,ci
2020-06-24T17:55:07.960Z,36.4428333,-117.9831667,1.52,2.05,ml,9.0,74,0.07827,0.1,ci,ci37588308,2023-11-09T20:08:32.828Z,"18 km SSE of Lone Pine, CA",earthquake,0.26,0.44,0.356,5,reviewed,ci,ci
2020-06-24T17:56:57.080Z,36.481,-118.0003333,6.95,2.45,ml,29.0,97,0.07633,0.16,ci,ci39493992,2020-09-05T17:35:16.040Z,"13km SSE of Lone Pine, CA",earthquake,0.24,0.57,0.215,8,reviewed,ci,ci
2020-06-24T17:56:58.910Z,36.4673333,-117.9906667,16.36,2.67,ml,17.0,92,0.07718,0.19,ci,ci37280444,2020-09-05T17:35:16.040Z,"15km SSE of Lone Pine, CA",earthquake,0.37,0.75,0.1,8,reviewed,ci,ci
2020-06-24T17:57:19.570Z,36.4741667,-117.9621667,8.83,2.08,ml,18.0,168,0.1011,0.2,ci,ci37280764,2020-06-24T20:00:13.390Z,"16km SE of Lone Pine, CA",earthquake,0.41,0.88,0.217,7,reviewed,ci,ci
2020-06-24T17:57:36.050Z,36.4523333,-117.9361667,8.86,2.06,ml,27.0,75,0.1168,0.2,ci,ci37280780,2020-06-24T19:59:53.737Z,"19km SE of Lone Pine, CA",earthquake,0.3,0.67,0.191,8,reviewed,ci,ci
2020-06-24T17:59:19.960Z,36.456,-117.9311667,9.62,4.59,mw,44.0,62,0.1212,0.19,ci,ci39494008,2020-09-05T17:35:16.040Z,"19km SE of Lone Pine, CA",earthquake,0.2,0.44,,6,reviewed,ci,ci
2020-06-24T18:05:07.355Z,36.4599,-117.9695,9.25,2.6,ml,,52,0.091,0.35,us,us7000aa96,2020-09-05T17:35:16.040Z,"9 km WSW of Keeler, California",earthquake,0.9,7.5,0.051,50,reviewed,us,us
2020-06-24T18:05:07.880Z,36.4576667,-117.967,6.69,2.65,ml,37.0,73,0.09295,0.16,ci,ci39494024,2020-06-24T18:50:15.400Z,"17km SSE of Lone Pine, CA",earthquake,0.19,0.61,0.188,25,reviewed,ci,ci
2020-06-24T18:06:33.300Z,36.4646667,-117.954,7.67,2.08,ml,28.0,73,0.1047,0.18,ci,ci37447773,2024-02-06T02:21:09.020Z,"17 km SE of Lone Pine, CA",earthquake,0.25,0.64,0.176,10,reviewed,ci,ci
2020-06-24T18:10:20.530Z,36.4618333,-117.989,6.13,2.6,ml,38.0,61,0.0767,0.16,ci,ci39494056,2020-09-05T17:35:16.040Z,"16km SSE of Lone Pine, CA",earthquake,0.18,0.49,0.107,24,reviewed,ci,ci
2020-06-24T18:11:31.670Z,36.4513333,-117.9458333,8.54,2.31,ml,35.0,64,0.1089,0.16,ci,ci39494064,2022-05-09T18:15:17.131Z,"19km SE of Lone Pine, CA",earthquake,0.19,0.4,0.212,24,reviewed,ci,ci
2020-06-24T18:12:03.470Z,36.4551667,-117.9325,10.04,2.0,ml,25.0,76,0.12,0.13,ci,ci39494072,2020-06-24T20:22:56.400Z,"19km SE of Lone Pine, CA",earthquake,0.23,0.43,0.263,6,reviewed,ci,ci
2020-06-24T18:14:18.060Z,36.439,-117.9518333,7.33,3.06,ml,48.0,61,0.1035,0.18,ci,ci39494088,2020-09-05T17:35:16.040Z,"18km NNE of Olancha, CA",earthquake,0.16,0.48,0.165,28,reviewed,ci,ci
2020-06-24T18:19:00.650Z,36.4551667,-117.966,7.12,2.1,ml,30.0,72,0.0933,0.15,ci,ci39494104,2022-05-09T18:15:17.412Z,"17km SSE of Lone Pine, CA",earthquake,0.22,0.61,0.171,23,reviewed,ci,ci
2020-06-24T18:19:18.350Z,36.4805,-117.9686667,9.13,2.25,ml,29.0,82,0.0986,0.2,ci,ci39494112,2020-06-25T02:21:49.973Z,"15km SE of Lone Pine, CA",earthquake,0.28,0.56,0.213,27,reviewed,ci,ci
2020-06-24T18:20:38.300Z,36.4806667,-117.9681667,10.23,3.77,ml,43.0,82,0.09904,0.19,ci,ci39494120,2020-09-05T17:35:16.040Z,"15km SE of Lone Pine, CA",earthquake,0.21,0.41,0.158,98,reviewed,ci,ci
2020-06-24T18:25:39.550Z,36.4845,-117.9735,9.45,3.25,ml,41.0,82,0.09683,0.21,ci,ci39494128,2020-09-05T17:35:16.040Z,"14km SE of Lone Pine, CA",earthquake,0.23,0.44,0.177,89,reviewed,ci,ci
2020-06-24T18:26:38.480Z,36.4783333,-117.9646667,10.22,2.71,ml,38.0,65,0.1007,0.2,ci,ci39494136,2020-09-05T17:35:16.040Z,"15km SE of Lone Pine, CA",earthquake,0.22,0.41,0.155,17,reviewed,ci,ci
2020-06-24T18:27:57.700Z,36.4668333,-118.0006667,6.65,2.6,ml,40.0,67,0.06951,0.25,ci,ci39494144,2020-09-05T17:35:16.040Z,"15km SSE of Lone Pine, CA",earthquake,0.24,0.66,0.123,20,reviewed,ci,ci
2020-06-24T18:28:23.640Z,36.468,-117.995,6.23,2.04,ml,20.0,91,0.07417,0.23,ci,ci37280940,2020-06-25T02:32:09.418Z,"15km SSE of Lone Pine, CA",earthquake,0.47,1.08,0.232,5,reviewed,ci,ci
2020-06-24T18:36:49.210Z,36.4768333,-117.9975,7.31,2.09,ml,24.0,114,0.07616,0.14,ci,ci39494176,2020-06-24T22:11:57.855Z,"14km SSE of Lone Pine, CA",earthquake,0.2,0.43,0.194,18,reviewed,ci,ci
2020-06-24T18:38:11.750Z,36.4443333,-117.9313333,9.95,2.16,ml,33.0,72,0.1201,0.14,ci,ci39494184,2020-06-25T15:31:23.528Z,"19km NNE of Olancha, CA",earthquake,0.18,0.4,0.197,19,reviewed,ci,ci
2020-06-24T18:38:18.490Z,36.464,-117.9983333,4.9,2.19,ml,27.0,171,0.07023,0.21,ci,ci37281564,2020-06-25T15:31:43.532Z,"15km SSE of Lone Pine, CA",earthquake,0.32,0.91,0.249,10,reviewed,ci,ci
2020-06-24T18:40:26.100Z,36.4501667,-117.9833333,6.65,2.19,ml,27.0,75,0.07875,0.21,ci,ci39494208,2020-06-25T02:43:00.864Z,"17km SSE of Lone Pine, CA",earthquake,0.31,0.92,0.13,23,reviewed,ci,ci
2020-06-24T18:40:34.350Z,36.482,-117.9678333,8.29,2.0,ml,12.0,94,0.09983,0.28,ci,ci37447917,2023-10-20T18:11:18.233Z,"15 km SE of Lone Pine, CA",earthquake,0.56,1.59,0.16,8,reviewed,ci,ci
2020-06-24T18:52:07.710Z,36.463,-117.974,8.01,2.13,ml,38.0,79,0.08865,0.18,ci,ci39494232,2022-05-09T18:15:18.433Z,"16km SSE of Lone Pine, CA",earthquake,0.19,0.41,0.166,26,reviewed,ci,ci
2020-06-24T18:55:53.990Z,36.4495,-117.9403333,8.23,2.67,ml,40.0,73,0.1132,0.19,ci,ci39494240,2020-09-05T17:35:16.040Z,"19km SE of Lone Pine, CA",earthquake,0.2,0.47,0.202,24,reviewed,ci,ci
2020-06-24T19:00:52.940Z,36.4601667,-118.0008333,4.35,2.07,ml,35.0,89,0.06709,0.18,ci,ci39494256,2022-05-09T18:15:18.697Z,"15km SSE of Lone Pine, CA",earthquake,0.22,0.78,0.111,25,reviewed,ci,ci
2020-06-24T19:02:17.850Z,36.4375,-117.933,8.32,3.3,ml,36.0,56,0.1187,0.19,ci,ci39494264,2020-09-05T17:35:16.040Z,"18km NNE of Olancha, CA",earthquake,0.22,0.53,0.205,213,reviewed,ci,ci
2020-06-24T19:06:04.830Z,36.468,-117.9811667,7.05,2.08,ml,29.0,91,0.0846,0.18,ci,ci39494280,2022-05-09T18:15:18.955Z,"15km SSE of Lone Pine, CA",earthquake,0.23,0.62,0.158,16,reviewed,ci,ci
2020-06-24T19:06:09.250Z,36.449,-117.9876667,4.13,2.19,ml,22.0,79,0.07513,0.24,ci,ci37281724,2020-06-25T16:18:35.351Z,"17km SSE of Lone Pine, CA",earthquake,0.3,0.77,0.166,9,reviewed,ci,ci
2020-06-24T19:06:35.110Z,36.4661667,-117.9935,8.09,2.27,ml,31.0,89,0.07463,0.26,ci,ci39494288,2020-06-25T16:39:51.808Z,"15km SSE of Lone Pine, CA",earthquake,0.29,0.63,0.123,16,reviewed,ci,ci
2020-06-24T19:20:36.780Z,36.442,-117.935,8.03,2.1,ml,32.0,70,0.1171,0.19,ci,ci39494328,2022-05-09T18:15:19.340Z,"19km NNE of Olancha, CA",earthquake,0.23,0.61,0.173,23,reviewed,ci,ci
2020-06-24T19:21:39.860Z,36.4433333,-117.968,6.57,2.67,ml,32.0,67,0.09051,0.16,ci,ci39494336,2020-09-05T17:35:16.040Z,"18km N of Olancha, CA",earthquake,0.19,0.59,0.171,24,reviewed,ci,ci
2020-06-24T19:40:50.210Z,36.4451667,-117.9528333,7.88,2.0,ml,29.0,132,0.1028,0.14,ci,ci39494384,2022-05-09T18:15:20.068Z,"19km NNE of Olancha, CA",earthquake,0.17,0.43,0.231,18,reviewed,ci,ci
2020-06-24T19:57:22.500Z,36.4618333,-117.9395,9.54,2.08,ml,27.0,99,0.1155,0.19,ci,ci39494448,2020-06-25T03:59:49.242Z,"18km SE of Lone Pine, CA",earthquake,0.28,0.6,0.142,34,reviewed,ci,ci
2020-06-24T20:04:23.190Z,36.439,-117.9641667,6.53,2.0,ml,24.0,64,0.09354,0.2,ci,ci39494488,2022-05-09T18:15:20.510Z,"18km NNE of Olancha, CA",earthquake,0.28,1.03,0.105,27,reviewed,ci,ci
2020-06-24T20:07:21.620Z,36.4285,-117.9528333,2.05,2.5,ml,32.0,57,0.1033,0.23,ci,ci37447973,2020-09-05T17:35:17.040Z,"17km NNE of Olancha, CA",earthquake,0.27,0.9,0.163,70,reviewed,ci,ci
2020-06-24T20:17:58.220Z,36.4773333,-117.9788333,7.12,2.02,ml,30.0,85,0.08983,0.17,ci,ci39494504,2022-05-09T18:15:21.032Z,"15km SE of Lone Pine, CA",earthquake,0.21,0.55,0.179,16,reviewed,ci,ci
2020-06-24T20:35:32.940Z,36.4811667,-117.9806667,6.94,2.05,ml,32.0,94,0.09017,0.18,ci,ci39494552,2024-02-06T22:10:46.932Z,"14 km SE of Lone Pine, CA",earthquake,0.22,0.57,0.144,16,reviewed,ci,ci
2020-06-24T21:12:48.730Z,36.4795,-117.9716667,6.86,3.73,ml,56.0,51,0.09599,0.22,ci,ci39494672,2020-09-05T17:35:17.040Z,"15km SE of Lone Pine, CA",earthquake,0.19,0.59,0.112,269,reviewed,ci,ci
2020-06-24T22:34:08.350Z,36.4455,-117.9608333,7.05,2.23,ml,33.0,66,0.09638,0.2,ci,ci39494896,2022-05-09T18:15:23.011Z,"18km SSE of Lone Pine, CA",earthquake,0.23,0.71,0.163,20,reviewed,ci,ci
2020-06-24T22:34:35.680Z,36.44,-117.9633333,6.56,2.28,ml,31.0,64,0.09421,0.23,ci,ci39494904,2020-06-25T17:20:06.817Z,"18km NNE of Olancha, CA",earthquake,0.28,0.99,0.172,40,reviewed,ci,ci
2020-06-24T23:04:40.970Z,36.4553333,-117.9881667,6.42,2.06,ml,38.0,80,0.07576,0.2,ci,ci39494984,2022-05-09T18:15:23.662Z,"16km SSE of Lone Pine, CA",earthquake,0.2,0.53,0.145,19,reviewed,ci,ci
2020-06-24T23:06:09.990Z,36.4606667,-118.0123333,6.31,2.2,ml,34.0,95,0.05849,0.23,ci,ci39494992,2022-05-09T18:15:23.845Z,"15km SSE of Lone Pine, CA",earthquake,0.26,0.63,0.134,20,reviewed,ci,ci
2020-06-24T23:19:55.360Z,36.4508333,-117.9943333,4.61,2.25,ml,32.0,79,0.07006,0.13,ci,ci39495040,2020-06-26T17:51:33.991Z,"16km SSE of Lone Pine, CA",earthquake,0.15,0.43,0.16,20,reviewed,ci,ci
2020-06-24T23:31:16.940Z,36.4831667,-117.9671667,9.24,2.23,ml,35.0,81,0.1008,0.18,ci,ci39495072,2022-05-09T18:15:24.255Z,"15km SE of Lone Pine, CA",earthquake,0.21,0.41,0.196,21,reviewed,ci,ci
2020-06-24T23:46:00.530Z,36.4661667,-117.9836667,5.98,2.12,ml,33.0,108,0.0821,0.19,ci,ci39495080,2022-05-09T18:15:24.795Z,"16km SSE of Lone Pine, CA",earthquake,0.22,0.57,0.131,19,reviewed,ci,ci
2020-06-25T00:00:51.960Z,36.4706667,-117.9836667,6.22,2.1,ml,32.0,93,0.08364,0.14,ci,ci39495104,2020-06-26T20:00:52.216Z,"15km SSE of Lone Pine, CA",earthquake,0.17,0.46,0.13,20,reviewed,ci,ci
2020-06-25T00:09:30.790Z,36.481,-117.9736667,7.23,3.43,ml,45.0,83,0.09516,0.19,ci,ci39495128,2020-09-05T17:35:17.040Z,"15km SE of Lone Pine, CA",earthquake,0.2,0.57,0.145,70,reviewed,ci,ci
2020-06-25T00:13:41.930Z,36.4621667,-117.993,5.49,2.21,ml,34.0,86,0.07371,0.15,ci,ci39495136,2022-05-09T18:15:25.295Z,"16km SSE of Lone Pine, CA",earthquake,0.16,0.44,0.15,19,reviewed,ci,ci
2020-06-25T01:22:38.470Z,36.4771667,-117.9706667,7.32,2.45,ml,33.0,93,0.0958,0.15,ci,ci39495256,2020-09-05T17:35:18.040Z,"15km SE of Lone Pine, CA",earthquake,0.2,0.5,0.262,17,reviewed,ci,ci
2020-06-25T01:25:55.200Z,36.4668333,-117.9621667,6.63,2.61,ml,35.0,85,0.09886,0.16,ci,ci39495264,2020-09-05T17:35:18.040Z,"16km SE of Lone Pine, CA",earthquake,0.19,0.63,0.147,20,reviewed,ci,ci
2020-06-25T01:32:50.070Z,36.4671667,-118.0003333,6.35,2.59,ml,31.0,113,0.06988,0.15,ci,ci39495280,2020-09-05T17:35:18.040Z,"15km SSE of Lone Pine, CA",earthquake,0.18,0.41,0.121,18,reviewed,ci,ci
2020-06-25T01:33:11.160Z,36.4676667,-117.9475,11.36,2.81,ml,26.0,83,0.1105,0.09,ci,ci39495288,2020-09-05T17:35:18.040Z,"17km SE of Lone Pine, CA",earthquake,0.19,0.35,0.208,17,reviewed,ci,ci
2020-06-25T01:50:21.060Z,36.4431667,-117.9716667,6.44,2.67,ml,38.0,68,0.08755,0.16,ci,ci39495312,2020-09-05T17:35:18.040Z,"18km N of Olancha, CA",earthquake,0.17,0.54,0.145,22,reviewed,ci,ci
2020-06-25T02:04:00.770Z,36.4241667,-117.9296667,8.28,2.07,ml,30.0,80,0.1224,0.14,ci,ci39495336,2022-05-09T18:15:26.718Z,"17km NNE of Olancha, CA",earthquake,0.19,0.47,0.179,21,reviewed,ci,ci
2020-06-25T02:39:27.090Z,36.4698333,-117.9826667,6.78,2.21,ml,30.0,110,0.08409,0.19,ci,ci39495400,2022-05-09T18:15:27.509Z,"15km SSE of Lone Pine, CA",earthquake,0.25,0.63,0.121,17,reviewed,ci,ci
2020-06-25T02:51:19.360Z,36.4633333,-117.943,10.13,2.07,ml,28.0,141,0.113,0.13,ci,ci39495408,2022-05-09T18:15:27.773Z,"18km SE of Lone Pine, CA",earthquake,0.19,0.39,0.179,16,reviewed,ci,ci
2020-06-25T04:24:48.810Z,36.4638333,-117.954,8.56,2.09,ml,28.0,103,0.1045,0.16,ci,ci39495576,2020-06-30T14:57:22.450Z,"17km SE of Lone Pine, CA",earthquake,0.23,0.5,0.188,17,reviewed,ci,ci
2020-06-25T04:33:58.720Z,35.644,-117.4218333,6.5,2.06,ml,37.0,69,0.06613,0.13,ci,ci39495584,2020-06-30T15:28:42.420Z,"14km S of Searles Valley, CA",earthquake,0.15,0.38,0.14,22,reviewed,ci,ci
2020-06-25T04:42:35.670Z,36.4366667,-117.9625,6.79,2.74,ml,34.0,69,0.09493,0.17,ci,ci39495592,2020-09-05T17:35:18.040Z,"18km NNE of Olancha, CA",earthquake,0.18,0.63,0.146,21,reviewed,ci,ci
2020-06-25T04:52:51.990Z,36.4526667,-117.981,4.58,2.23,ml,36.0,76,0.08097,0.16,ci,ci39495600,2020-06-30T16:03:21.295Z,"17km SSE of Lone Pine, CA",earthquake,0.16,0.55,0.107,21,reviewed,ci,ci
2020-06-25T05:17:55.110Z,36.4445,-117.9733333,7.51,2.16,ml,29.0,75,0.08626,0.12,ci,ci39495648,2022-05-09T18:15:32.842Z,"18km SSE of Lone Pine, CA",earthquake,0.14,0.37,0.172,19,reviewed,ci,ci
2020-06-25T06:08:34.510Z,36.4463333,-117.9923333,4.79,2.24,ml,34.0,76,0.07111,0.12,ci,ci39495736,2020-06-30T17:51:25.210Z,"17km SSE of Lone Pine, CA",earthquake,0.14,0.42,0.164,20,reviewed,ci,ci
2020-06-25T06:26:04.460Z,36.4393333,-117.9691667,5.67,2.17,ml,34.0,72,0.0895,0.17,ci,ci39495784,2022-05-09T18:15:35.220Z,"18km N of Olancha, CA",earthquake,0.18,0.56,0.147,21,reviewed,ci,ci
2020-06-25T06:38:56.330Z,36.467,-117.9535,8.01,2.64,ml,38.0,84,0.1056,0.14,ci,ci39495808,2020-09-05T17:35:19.040Z,"17km SE of Lone Pine, CA",earthquake,0.15,0.38,0.225,22,reviewed,ci,ci
2020-06-25T06:40:43.160Z,35.7988333,-117.601,9.36,2.01,ml,36.0,53,0.01711,0.18,ci,ci39495816,2020-06-30T18:39:51.320Z,"18km W of Searles Valley, CA",earthquake,0.17,0.41,0.086,21,reviewed,ci,ci
2020-06-25T07:42:20.570Z,36.1458333,-117.9206667,4.25,2.04,ml,30.0,62,0.06027,0.12,ci,ci39495928,2022-05-09T18:15:36.955Z,"12km NNE of Coso Junction, CA",earthquake,0.16,0.33,0.2,19,reviewed,ci,ci
2020-06-25T08:18:30.850Z,36.4435,-117.964,6.71,2.67,ml,40.0,66,0.09374,0.16,ci,ci39495976,2020-09-05T17:35:19.040Z,"18km NNE of Olancha, CA",earthquake,0.17,0.61,0.152,21,reviewed,ci,ci
2020-06-25T09:38:01.190Z,36.4741667,-117.9835,6.86,2.27,ml,35.0,87,0.08511,0.16,ci,ci39496064,2022-05-09T18:15:39.446Z,"15km SSE of Lone Pine, CA",earthquake,0.18,0.51,0.157,19,reviewed,ci,ci
2020-06-25T09:43:34.270Z,36.477,-117.9646667,9.46,2.08,ml,35.0,80,0.1002,0.18,ci,ci39496080,2022-05-09T18:15:39.797Z,"15km SE of Lone Pine, CA",earthquake,0.19,0.37,0.203,15,reviewed,ci,ci
2020-06-25T10:17:10.600Z,36.4441667,-117.968,6.86,2.95,ml,43.0,67,0.09054,0.17,ci,ci39496120,2020-09-05T17:35:19.040Z,"18km SSE of Lone Pine, CA",earthquake,0.16,0.46,0.137,18,reviewed,ci,ci
2020-06-25T10:34:27.730Z,36.4841667,-117.9705,6.53,3.47,ml,41.0,82,0.09884,0.2,ci,ci39496160,2020-09-05T17:35:19.040Z,"14km SE of Lone Pine, CA",earthquake,0.21,0.64,0.128,114,reviewed,ci,ci
2020-06-25T10:45:56.750Z,36.4615,-117.9846667,6.83,2.14,ml,32.0,82,0.07996,0.15,ci,ci39496176,2022-05-09T18:15:41.369Z,"16km SSE of Lone Pine, CA",earthquake,0.17,0.47,0.122,19,reviewed,ci,ci
2020-06-25T13:58:38.830Z,36.4395,-117.9603333,6.89,3.05,ml,40.0,62,0.09663,0.17,ci,ci39496504,2020-09-05T17:35:20.040Z,"18km NNE of Olancha, CA",earthquake,0.18,0.55,0.133,93,reviewed,ci,ci
2020-06-25T14:35:22.860Z,36.4516667,-117.9761667,6.66,2.16,ml,36.0,70,0.08467,0.17,ci,ci39496632,2022-05-09T18:15:44.424Z,"17km SSE of Lone Pine, CA",earthquake,0.2,0.68,0.177,22,reviewed,ci,ci
2020-06-25T14:50:19.160Z,36.465,-118.0006667,4.8,2.05,ml,32.0,92,0.06882,0.14,ci,ci39496656,2022-05-09T18:15:44.929Z,"15km SSE of Lone Pine, CA",earthquake,0.15,0.44,0.14,17,reviewed,ci,ci
2020-06-25T15:13:33.000Z,36.4763333,-117.971,6.73,2.8,ml,37.0,82,0.09523,0.16,ci,ci39496744,2020-09-05T17:35:20.040Z,"15km SE of Lone Pine, CA",earthquake,0.17,0.56,0.117,19,reviewed,ci,ci
2020-06-25T15:47:04.170Z,36.4415,-117.958,8.26,2.01,ml,30.0,90,0.09852,0.16,ci,ci39496848,2022-05-09T18:15:45.944Z,"18km NNE of Olancha, CA",earthquake,0.2,0.45,0.252,19,reviewed,ci,ci
2020-06-25T16:25:06.620Z,36.4455,-117.9606667,8.19,2.19,ml,27.0,93,0.09652,0.14,ci,ci39496904,2020-07-01T21:40:39.187Z,"18km SSE of Lone Pine, CA",earthquake,0.19,0.41,0.169,9,reviewed,ci,ci
2020-06-25T16:25:11.770Z,36.4453333,-117.9633333,8.32,2.78,ml,38.0,67,0.09436,0.14,ci,ci39496912,2020-09-05T17:35:20.040Z,"18km SSE of Lone Pine, CA",earthquake,0.16,0.34,0.167,21,reviewed,ci,ci
2020-06-25T16:53:38.170Z,36.4848333,-117.9705,10.49,2.12,ml,28.0,81,0.09913,0.18,ci,ci39265679,2023-11-22T17:25:02.720Z,"14 km SE of Lone Pine, CA",earthquake,0.25,0.61,0.179,21,reviewed,ci,ci
2020-06-25T17:54:02.820Z,36.441,-117.9851667,4.69,2.01,ml,33.0,70,0.07661,0.13,ci,ci39265935,2022-05-09T18:15:47.690Z,"18km N of Olancha, CA",earthquake,0.14,0.45,0.18,21,reviewed,ci,ci
2020-06-25T18:12:01.050Z,36.4491667,-117.9718333,4.34,2.85,ml,39.0,69,0.08784,0.18,ci,ci39266015,2024-02-07T23:52:22.360Z,"18 km SSE of Lone Pine, CA",earthquake,0.2,0.75,0.167,22,reviewed,ci,ci
2020-06-25T18:16:59.210Z,36.4508333,-117.9765,7.08,2.8,ml,40.0,70,0.0843,0.17,ci,ci39266039,2020-09-05T17:35:20.040Z,"17km SSE of Lone Pine, CA",earthquake,0.17,0.56,0.099,21,reviewed,ci,ci
2020-06-25T18:40:33.570Z,36.4728333,-117.9631667,7.86,2.1,ml,32.0,109,0.09989,0.19,ci,ci39266087,2022-05-09T18:15:48.089Z,"16km SE of Lone Pine, CA",earthquake,0.23,0.5,0.227,19,reviewed,ci,ci
2020-06-25T19:06:44.890Z,36.4478333,-117.9895,3.75,3.15,ml,48.0,70,0.07353,0.19,ci,ci39266159,2020-09-05T17:35:21.040Z,"17km SSE of Lone Pine, CA",earthquake,0.17,0.5,0.13,168,reviewed,ci,ci
2020-06-25T22:17:08.640Z,36.4428333,-117.9746667,5.52,2.85,ml,35.0,73,0.08512,0.17,ci,ci39266591,2020-09-05T17:35:21.040Z,"18km N of Olancha, CA",earthquake,0.18,0.57,0.134,22,reviewed,ci,ci
2020-06-25T22:20:41.080Z,36.4478333,-117.979,6.36,2.48,ml,36.0,77,0.08195,0.19,ci,ci39266599,2020-09-05T17:35:21.040Z,"18km SSE of Lone Pine, CA",earthquake,0.2,0.59,0.134,21,reviewed,ci,ci
2020-06-25T22:21:44.100Z,36.4438333,-117.9748333,5.43,3.12,ml,39.0,65,0.08502,0.2,ci,ci39266607,2020-09-05T17:35:21.040Z,"18km SSE of Lone Pine, CA",earthquake,0.23,0.76,0.116,64,reviewed,ci,ci
2020-06-25T22:32:11.320Z,36.4466667,-117.9695,7.24,2.06,ml,25.0,69,0.08949,0.22,ci,ci37448565,2020-06-25T23:58:46.303Z,"18km SSE of Lone Pine, CA",earthquake,0.36,1.14,0.111,8,reviewed,ci,ci
2020-06-25T22:32:16.670Z,36.4465,-117.968,5.25,2.29,ml,30.0,69,0.09068,0.22,ci,ci39266623,2020-06-25T23:50:21.612Z,"18km SSE of Lone Pine, CA",earthquake,0.28,1.11,0.184,44,reviewed,ci,ci
2020-06-26T02:23:26.190Z,36.4451667,-117.992,3.94,3.33,ml,40.0,75,0.07128,0.17,ci,ci39266839,2020-09-05T17:35:22.040Z,"17km SSE of Lone Pine, CA",earthquake,0.16,0.5,0.118,91,reviewed,ci,ci
2020-06-26T02:27:27.150Z,36.4808333,-117.9806667,6.9,2.0,ml,27.0,85,0.09002,0.18,ci,ci39266847,2023-12-15T00:40:20.461Z,"14 km SE of Lone Pine, CA",earthquake,0.24,0.59,0.148,23,reviewed,ci,ci
2020-06-26T02:54:04.160Z,36.4898333,-117.9756667,8.13,2.41,ml,40.0,83,0.09788,0.2,ci,ci39266879,2020-06-26T17:52:32.830Z,"14km SE of Lone Pine, CA",earthquake,0.22,0.51,0.155,25,reviewed,ci,ci
2020-06-26T03:41:39.430Z,36.0838333,-117.8823333,2.87,2.25,ml,36.0,54,0.04036,0.13,ci,ci39266903,2022-05-09T18:15:52.863Z,"7km NE of Coso Junction, CA",earthquake,0.14,0.37,0.236,25,reviewed,ci,ci
2020-06-26T04:48:32.450Z,36.446,-117.9783333,5.23,2.26,ml,40.0,71,0.08233,0.17,ci,ci39266967,2022-05-09T18:15:53.546Z,"18km SSE of Lone Pine, CA",earthquake,0.17,0.54,0.144,24,reviewed,ci,ci
2020-06-26T04:56:00.280Z,36.4465,-117.9798333,5.29,2.28,ml,33.0,72,0.08117,0.18,ci,ci39266975,2020-06-26T19:33:30.630Z,"18km SSE of Lone Pine, CA",earthquake,0.24,0.66,0.159,24,reviewed,ci,ci
2020-06-26T07:38:48.330Z,36.4453333,-117.9818333,4.85,2.57,ml,42.0,71,0.07947,0.2,ci,ci39267255,2020-09-05T17:35:22.040Z,"18km SSE of Lone Pine, CA",earthquake,0.19,0.63,0.136,24,reviewed,ci,ci
2020-06-26T12:17:23.940Z,36.443,-117.9835,5.4,2.26,ml,36.0,71,0.07801,0.17,ci,ci39267471,2020-06-29T16:36:05.290Z,"18km SSE of Lone Pine, CA",earthquake,0.18,0.55,0.13,24,reviewed,ci,ci
2020-06-26T15:24:35.270Z,36.438,-117.9688333,6.8,2.29,ml,41.0,64,0.08979,0.16,ci,ci39267815,2020-07-02T20:47:48.950Z,"18km N of Olancha, CA",earthquake,0.17,0.49,0.131,26,reviewed,ci,ci
2020-06-26T15:57:01.970Z,36.4831667,-117.9786667,8.18,2.02,ml,25.0,84,0.09252,0.12,ci,ci39267895,2022-05-09T18:15:58.880Z,"14km SE of Lone Pine, CA",earthquake,0.17,0.41,0.127,17,reviewed,ci,ci
2020-06-26T16:27:30.900Z,36.446,-117.9815,4.56,2.44,ml,44.0,72,0.07979,0.18,ci,ci39267967,2020-07-02T21:05:00.090Z,"18km SSE of Lone Pine, CA",earthquake,0.17,0.61,0.144,24,reviewed,ci,ci
2020-06-26T16:57:05.330Z,36.4453333,-117.9783333,4.0,3.09,ml,36.0,70,0.08229,0.19,ci,ci39268023,2020-09-05T17:35:23.040Z,"18km SSE of Lone Pine, CA",earthquake,0.22,0.62,0.13,66,reviewed,ci,ci
2020-06-26T17:14:13.810Z,36.4358333,-117.9631667,5.04,2.85,ml,38.0,62,0.09443,0.17,ci,ci39268087,2020-09-05T17:35:23.040Z,"18km NNE of Olancha, CA",earthquake,0.18,0.62,0.131,20,reviewed,ci,ci
2020-06-26T17:23:10.200Z,36.4783333,-117.9666667,6.78,2.84,ml,29.0,92,0.09922,0.18,ci,ci39268095,2020-09-05T17:35:23.040Z,"15km SE of Lone Pine, CA",earthquake,0.27,0.77,0.141,20,reviewed,ci,ci
2020-06-26T17:56:19.010Z,36.4383333,-117.97,6.42,2.14,ml,34.0,65,0.08885,0.15,ci,ci39268175,2022-05-09T18:16:00.000Z,"18km N of Olancha, CA",earthquake,0.16,0.55,0.208,18,reviewed,ci,ci
2020-06-26T18:55:08.110Z,36.442,-117.9836667,4.03,3.21,ml,37.0,65,0.07784,0.17,ci,ci39268303,2020-09-05T17:35:24.040Z,"18km SSE of Lone Pine, CA",earthquake,0.17,0.5,0.118,82,reviewed,ci,ci
2020-06-26T18:55:39.000Z,36.4451667,-117.9888333,3.5,2.55,ml,20.0,74,0.07383,0.24,ci,ci37448893,2020-06-26T20:58:45.263Z,"17km SSE of Lone Pine, CA",earthquake,0.54,1.5,0.137,13,reviewed,ci,ci
2020-06-26T19:39:00.890Z,36.481,-117.9818333,7.64,2.24,ml,27.0,113,0.08926,0.16,ci,ci39268367,2022-05-09T18:16:00.446Z,"14km SE of Lone Pine, CA",earthquake,0.22,0.52,0.183,17,reviewed,ci,ci
2020-06-26T19:39:31.750Z,36.4835,-117.9805,6.94,2.09,ml,26.0,113,0.09138,0.2,ci,ci37283964,2020-06-29T14:21:01.873Z,"14km SE of Lone Pine, CA",earthquake,0.27,0.7,0.214,16,reviewed,ci,ci
2020-06-26T19:43:18.380Z,36.465,-117.9725,6.39,2.06,ml,34.0,79,0.09035,0.16,ci,ci39268375,2022-05-09T18:16:00.828Z,"16km SSE of Lone Pine, CA",earthquake,0.18,0.51,0.158,17,reviewed,ci,ci
2020-06-26T19:54:42.320Z,36.4633333,-117.9811667,6.86,2.13,ml,32.0,88,0.08318,0.15,ci,ci39268399,2022-05-09T18:16:01.345Z,"16km SSE of Lone Pine, CA",earthquake,0.16,0.54,0.106,14,reviewed,ci,ci
2020-06-27T00:18:13.420Z,36.4488333,-117.9813333,4.96,2.47,ml,30.0,78,0.08019,0.17,ci,ci39268775,2020-09-05T17:35:24.040Z,"17km SSE of Lone Pine, CA",earthquake,0.2,0.6,0.162,19,reviewed,ci,ci
2020-06-27T01:00:44.490Z,36.4815,-117.9678333,9.24,2.42,ml,31.0,93,0.09963,0.19,ci,ci39268815,2020-06-29T14:51:16.462Z,"15km SE of Lone Pine, CA",earthquake,0.23,0.46,0.228,17,reviewed,ci,ci
2020-06-27T02:05:28.460Z,35.9133333,-117.7063333,9.02,2.88,ml,43.0,28,0.05703,0.14,ci,ci39268871,2020-09-05T17:35:24.040Z,"18km E of Little Lake, CA",earthquake,0.12,0.27,0.154,22,reviewed,ci,ci
2020-06-27T03:54:52.400Z,36.445,-117.9606667,2.2,2.18,ml,31.0,66,0.09649,0.16,ci,ci39268999,2020-06-30T17:56:28.937Z,"18km SSE of Lone Pine, CA",earthquake,0.19,0.52,0.105,35,reviewed,ci,ci
2020-06-27T08:52:41.370Z,36.469,-117.9588333,8.7,2.38,ml,27.0,75,0.102,0.16,ci,ci39269623,2020-07-01T16:33:50.068Z,"16km SE of Lone Pine, CA",earthquake,0.22,0.46,0.123,46,reviewed,ci,ci
2020-06-27T12:11:36.640Z,36.443,-117.9641667,7.41,2.17,ml,28.0,69,0.09358,0.15,ci,ci39269743,2022-05-09T18:16:09.236Z,"18km NNE of Olancha, CA",earthquake,0.19,0.59,0.18,28,reviewed,ci,ci
2020-06-27T17:38:03.870Z,36.4425,-117.9713333,4.84,2.1,ml,31.0,67,0.08779,0.2,ci,ci39270247,2022-05-09T18:16:11.302Z,"18km N of Olancha, CA",earthquake,0.24,0.9,0.096,26,reviewed,ci,ci
2020-06-27T17:44:27.010Z,36.434,-117.9596667,3.69,2.32,ml,31.0,60,0.09734,0.16,ci,ci39270255,2022-05-09T18:16:11.719Z,"17km NNE of Olancha, CA",earthquake,0.2,0.69,0.146,39,reviewed,ci,ci
2020-06-27T23:10:07.450Z,36.2196667,-117.9865,0.87,2.41,ml,31.0,73,0.1474,0.16,ci,ci39270775,2020-07-02T16:21:46.900Z,"7km SSE of Olancha, CA",earthquake,0.2,0.46,0.166,34,reviewed,ci,ci
2020-06-28T00:28:00.500Z,36.473,-117.9846667,7.03,2.15,ml,26.0,88,0.08378,0.18,ci,ci39270855,2022-05-09T18:16:15.306Z,"15km SSE of Lone Pine, CA",earthquake,0.25,0.62,0.14,24,reviewed,ci,ci
2020-06-28T15:27:37.840Z,36.4816667,-117.9805,7.61,2.01,ml,23.0,85,0.09052,0.14,ci,ci39271367,2023-09-20T17:57:10.099Z,"14 km SE of Lone Pine, CA",earthquake,0.2,0.5,0.171,15,reviewed,ci,ci
2020-06-29T01:55:49.010Z,36.4833333,-117.9756667,7.16,3.55,ml,49.0,51,0.09475,0.22,ci,ci39271783,2020-09-05T17:35:31.040Z,"14km SE of Lone Pine, CA",earthquake,0.2,0.56,0.123,246,reviewed,ci,ci
2020-06-29T02:43:00.350Z,36.4436667,-117.959,7.33,2.19,ml,25.0,65,0.09777,0.2,ci,ci39271815,2023-11-21T21:35:44.514Z,"18 km NNE of Olancha, CA",earthquake,0.28,0.72,0.171,15,reviewed,ci,ci
2020-06-29T06:53:34.870Z,36.4413333,-117.98,3.75,2.5,ml,31.0,69,0.08078,0.19,ci,ci39271919,2021-08-12T18:13:19.774Z,"18km N of Olancha, CA",earthquake,0.2,0.63,0.157,57,reviewed,ci,ci
2020-06-29T07:07:56.440Z,36.4608333,-118.0006667,6.09,2.56,ml,27.0,89,0.06742,0.22,ci,ci39271943,2021-08-12T18:55:42.566Z,"15km SSE of Lone Pine, CA",earthquake,0.25,0.58,0.135,67,reviewed,ci,ci
2020-06-29T07:19:57.310Z,35.6845,-117.4766667,7.04,2.18,ml,36.0,80,0.09849,0.16,ci,ci39271951,2023-09-21T15:46:58.450Z,"11 km SW of Searles Valley, CA",earthquake,0.2,0.5,0.12,22,reviewed,ci,ci
2020-06-29T11:14:19.910Z,36.4491667,-117.9873333,5.8,2.2,ml,28.0,76,0.07542,0.2,ci,ci39272063,2023-09-21T17:15:40.530Z,"17 km SSE of Lone Pine, CA",earthquake,0.23,0.58,0.163,18,reviewed,ci,ci
2020-06-29T19:18:13.560Z,35.7745,-117.5833333,6.72,2.09,ml,35.0,60,0.04274,0.14,ci,ci39272671,2023-09-26T20:27:01.170Z,"16 km W of Searles Valley, CA",earthquake,0.15,0.4,0.205,21,reviewed,ci,ci
2020-06-30T03:56:12.090Z,35.4626667,-117.325,7.49,2.18,ml,39.0,74,0.07002,0.14,ci,ci39273247,2020-07-06T16:45:15.700Z,"30km ENE of Johannesburg, CA",earthquake,0.2,0.46,0.176,77,reviewed,ci,ci
2020-06-30T06:09:07.290Z,36.4423333,-118.003,4.8,2.27,ml,28.0,76,0.06227,0.19,ci,ci39273375,2024-03-08T01:14:50.421Z,"17 km SSE of Lone Pine, CA",earthquake,0.25,0.55,0.115,19,reviewed,ci,ci
2020-06-30T07:23:10.930Z,36.4486667,-117.96,2.24,2.3,ml,28.0,67,0.09729,0.16,ci,ci39273447,2024-03-13T21:25:06.893Z,"18 km SSE of Lone Pine, CA",earthquake,0.24,0.85,0.141,19,reviewed,ci,ci
2020-06-30T07:30:23.020Z,36.4498333,-117.9623333,3.69,2.3,ml,32.0,68,0.09553,0.18,ci,ci39273471,2024-03-13T22:12:56.998Z,"18 km SSE of Lone Pine, CA",earthquake,0.21,0.71,0.125,19,reviewed,ci,ci
2020-06-30T17:47:04.550Z,36.4316667,-117.995,2.37,2.39,ml,29.0,66,0.06916,0.21,ci,ci39274239,2024-03-12T18:24:39.151Z,"17 km N of Olancha, CA",earthquake,0.24,1.01,0.173,21,reviewed,ci,ci
