time,latitude,longitude,depth,mag,magType,nst,gap,dmin,rms,net,id,updated,place,type,horizontalError,depthError,magError,magNst,status,locationSource,magSource
1983-01-01T00:32:48.680Z,-39.207,174.511,219.2,4.5,mb,,,,0.9,us,usp0001rxs,2014-11-07T00:32:24.308Z,"30 km NE of Eltham, New Zealand",earthquake,,5.8,,1.0,reviewed,us,us
1983-01-01T05:18:56.380Z,-3.298,142.652,33.0,4.9,mb,,,,1.2,us,usp0001rxu,2014-11-07T00:32:24.862Z,"38 km ESE of Aitape, Papua New Guinea",earthquake,,,,6.0,reviewed,us,us
1983-01-01T05:31:56.130Z,-16.943,-69.114,172.0,6.3,mw,,,,1.0,us,usp0001rxv,2022-04-28T00:14:41.564Z,"42 km S of Desaguadero, Peru",earthquake,,,,,reviewed,us,nc
1983-01-01T06:03:23.940Z,53.801,-164.231,33.0,4.9,mb,,,,1.0,us,usp0001rxw,2025-12-19T21:33:43.582Z,"107 km ESE of Akutan, Alaska",earthquake,,,,26.0,reviewed,us,us
1983-01-01T10:46:13.720Z,16.996,147.299,43.9,4.7,mb,,,,1.2,us,usp0001rxz,2014-11-07T00:32:25.340Z,"257 km NE of Saipan, Northern Mariana Islands",earthquake,,9.9,,6.0,reviewed,us,us
1983-01-01T11:18:07.700Z,61.336,-147.174,54.7,5.3,mb,,,,0.8,us,usp0001ry1,2026-01-07T19:42:29.853Z,"49 km WNW of Valdez, Alaska",earthquake,,2.1,,62.0,reviewed,us,us
1983-01-01T12:52:37.760Z,18.853,121.216,33.0,4.8,mb,,,,1.0,us,usp0001ry3,2014-11-07T00:32:25.488Z,"27 km N of Namuac, Philippines",earthquake,,,,14.0,reviewed,us,us
1983-01-01T21:54:30.280Z,30.288,50.774,33.0,4.9,mb,,,,0.8,us,usp0001ry6,2025-12-19T21:33:44.772Z,"8 km SSW of Dogonbadan, Iran",earthquake,,,,15.0,reviewed,us,us
1983-01-01T22:33:28.230Z,-4.602,152.518,33.0,4.5,mb,,,,1.2,us,usp0001ry7,2014-11-07T00:32:25.760Z,"39 km SE of Kokopo, Papua New Guinea",earthquake,,,,3.0,reviewed,us,us
1983-01-01T23:06:18.530Z,39.242,40.203,10.0,4.6,mb,,,,1.0,us,usp0001ry8,2014-11-07T00:32:25.790Z,"11 km E of Yayladere, Turkey",earthquake,,,,5.0,reviewed,us,us
1983-01-02T06:19:59.620Z,37.327,20.51,10.0,4.6,mb,,,,1.2,us,usp0001ryb,2014-11-07T00:32:25.815Z,"51 km SSW of Lithakiá, Greece",earthquake,,,,12.0,reviewed,us,us
1983-01-02T06:52:38.100Z,-11.913,165.698,33.0,5.1,mb,,,,0.9,us,usp0001ryc,2014-11-07T00:32:25.847Z,"131 km S of Lata, Solomon Islands",earthquake,,,,7.0,reviewed,us,us
1983-01-02T12:54:06.750Z,-9.796,159.833,33.0,5.3,mb,,,,0.8,us,usp0001ryg,2026-01-07T19:42:31.385Z,"16 km SE of Malango, Solomon Islands",earthquake,,,,21.0,reviewed,us,us
1983-01-02T13:08:40.830Z,35.569,141.447,33.0,4.7,mb,,,,1.1,us,usp0001ryh,2014-11-07T00:32:25.951Z,"58 km ESE of Hasaki, Japan",earthquake,,,,2.0,reviewed,us,us
1983-01-02T18:05:50.950Z,37.874,38.189,10.0,4.5,mb,,,,1.1,us,usp0001ryq,2014-11-07T00:32:26.028Z,"14 km NNW of Ad?yaman, Turkey",earthquake,,,,1.0,reviewed,us,us
1983-01-02T18:29:46.370Z,1.995,126.806,57.3,5.4,mb,,,,1.3,us,usp0001ryr,2025-12-19T20:59:15.253Z,"137 km WNW of Tobelo, Indonesia",earthquake,,3.6,,32.0,reviewed,us,us
1983-01-02T22:09:06.070Z,-20.95,-178.578,614.5,5.2,mb,,,,1.1,us,usp0001rys,2025-12-19T21:33:45.912Z,Fiji region,earthquake,,3.9,,22.0,reviewed,us,us
1983-01-02T22:58:37.880Z,-24.145,-66.886,187.9,4.7,mb,,,,1.2,us,usp0001ryu,2014-11-07T00:32:26.180Z,"58 km W of San Antonio de los Cobres, Argentina",earthquake,,4.3,,2.0,reviewed,us,us
1983-01-02T23:58:13.990Z,6.751,126.929,75.0,5.1,mb,,,,1.1,us,usp0001ryv,2026-01-07T19:42:32.156Z,"62 km ESE of Tarragona, Philippines",earthquake,,5.3,,16.0,reviewed,us,us
1983-01-03T00:12:25.640Z,34.533,24.383,73.5,5.4,mb,,,,0.9,us,usp0001ryw,2025-12-19T21:33:47.136Z,"43 km SE of Kastrí, Greece",earthquake,,2.6,,73.0,reviewed,us,us
1983-01-03T03:39:47.170Z,-4.846,103.153,59.0,5.5,mb,,,,1.0,us,usp0001ryz,2026-01-07T19:42:32.897Z,"91 km S of Pagar Alam, Indonesia",earthquake,,,,29.0,reviewed,us,us
1983-01-03T06:04:02.040Z,-59.495,-26.262,45.0,5.5,mb,,,,1.0,us,usp0001rz1,2022-04-28T00:15:05.795Z,South Sandwich Islands region,earthquake,,,,8.0,reviewed,us,us
1983-01-03T07:27:35.520Z,-3.912,102.888,121.3,5.0,mb,,,,1.1,us,usp0001rz2,2014-11-07T00:32:26.437Z,"41 km WNW of Pagar Alam, Indonesia",earthquake,,6.0,,15.0,reviewed,us,us
1983-01-03T11:28:14.060Z,24.232,94.432,75.9,5.1,mb,,,,1.0,us,usp0001rz4,2014-11-07T00:32:26.457Z,"54 km SE of W?ngjing, India",earthquake,,3.8,,36.0,reviewed,us,us
1983-01-03T18:53:32.120Z,41.036,141.779,76.6,4.8,mb,,,,1.2,us,usp0001rz8,2025-12-19T21:33:48.355Z,"50 km NE of Misawa, Japan",earthquake,,4.2,,16.0,reviewed,us,us
1983-01-04T01:48:45.880Z,-15.303,67.077,10.0,5.1,mb,,,,0.8,us,usp0001rzb,2014-11-07T00:32:26.580Z,Mid-Indian Ridge,earthquake,,,,9.0,reviewed,us,us
1983-01-04T03:09:02.930Z,-3.151,101.227,54.1,5.5,mb,,,,1.0,us,usp0001rze,2025-12-19T21:33:49.586Z,"122 km S of Sungai Penuh, Indonesia",earthquake,,4.3,,34.0,reviewed,us,us
1983-01-04T04:02:27.600Z,-3.23,101.14,51.6,5.3,mb,,,,1.2,us,usp0001rzf,2025-12-19T21:33:50.929Z,"132 km SSW of Sungai Penuh, Indonesia",earthquake,,6.2,,11.0,reviewed,us,us
1983-01-04T07:03:12.980Z,42.229,142.736,59.2,5.2,mb,,,,1.3,us,usp0001rzh,2026-01-07T19:37:22.184Z,"32 km ESE of Shizunai-furukawach?, Japan",earthquake,,2.6,,46.0,reviewed,us,us
1983-01-04T09:13:02.160Z,6.47,126.798,255.8,4.6,mb,,,,0.3,us,usp0001rzk,2014-11-07T00:32:26.724Z,"68 km SE of Bobon, Philippines",earthquake,,8.2,,2.0,reviewed,us,us
1983-01-04T10:28:49.450Z,36.613,140.624,103.0,4.7,mb,,,,0.8,us,usp0001rzm,2014-11-07T00:32:26.726Z,"2 km WNW of Hitachi, Japan",earthquake,,1.4,,10.0,reviewed,us,us
1983-01-04T16:07:56.320Z,-3.09,139.477,33.0,5.3,mb,,,,0.9,us,usp0001rzq,2014-11-07T00:32:26.754Z,"139 km WSW of Abepura, Indonesia",earthquake,,,,2.0,reviewed,us,us
1983-01-04T23:05:29.160Z,6.766,-73.002,174.4,4.5,mb,,,,0.9,us,usp0001rzx,2014-11-07T00:32:26.791Z,"3 km WNW of Cepitá, Colombia",earthquake,,4.1,,2.0,reviewed,us,us
1983-01-04T23:11:52.740Z,37.103,71.322,130.0,4.6,mb,,,,0.6,us,usp0001rzy,2014-11-07T00:32:26.795Z,"47 km SSW of Khorugh, Tajikistan",earthquake,,9.1,,10.0,reviewed,us,us
1983-01-05T00:07:19.360Z,-55.491,-26.82,33.0,5.0,mb,,,,1.2,us,usp0001rzz,2014-11-07T00:32:26.799Z,South Sandwich Islands region,earthquake,,,,3.0,reviewed,us,us
1983-01-05T00:20:27.580Z,-32.0,-179.886,336.7,5.4,mb,,,,1.2,us,usp0001s00,2014-11-07T00:32:26.805Z,south of the Kermadec Islands,earthquake,,4.9,,3.0,reviewed,us,us
1983-01-05T01:44:15.520Z,6.845,126.899,98.7,5.0,mb,,,,1.2,us,usp0001s01,2014-11-07T00:32:26.818Z,"54 km SE of San Ignacio, Philippines",earthquake,,8.0,,13.0,reviewed,us,us
1983-01-05T02:01:03.230Z,54.744,162.829,33.0,5.6,ms,,,,1.1,us,usp0001s02,2025-12-19T21:33:52.125Z,"166 km S of Ust’-Kamchatsk Staryy, Russia",earthquake,,,,13.0,reviewed,us,us
1983-01-05T02:33:46.280Z,54.789,162.729,33.0,4.7,mb,,,,0.7,us,usp0001s03,2014-11-07T00:32:26.920Z,"160 km S of Ust’-Kamchatsk Staryy, Russia",earthquake,,,,9.0,reviewed,us,us
1983-01-05T04:03:28.710Z,41.931,19.108,10.0,4.5,mb,,,,0.9,us,usp0001s04,2014-11-07T00:32:26.925Z,"9 km W of Ulcinj, Montenegro",earthquake,,,,1.0,reviewed,us,us
1983-01-05T04:28:10.330Z,9.665,122.182,33.0,5.6,ms,,,,1.0,us,usp0001s06,2025-12-19T21:33:53.338Z,"26 km WSW of Sipalay, Philippines",earthquake,,,,8.0,reviewed,us,us
1983-01-05T07:18:34.580Z,42.209,142.768,27.0,5.2,mb,,,,1.1,us,usp0001s09,2014-11-07T00:32:26.990Z,"35 km ESE of Shizunai-furukawach?, Japan",earthquake,,2.0,,19.0,reviewed,us,us
1983-01-05T07:38:00.660Z,9.71,122.303,33.0,4.9,mb,,,,0.8,us,usp0001s0a,2026-01-07T19:42:34.548Z,"12 km WSW of Sipalay, Philippines",earthquake,,,,9.0,reviewed,us,us
1983-01-05T11:47:16.500Z,-27.064,-176.147,33.0,5.4,mb,,,,1.3,us,usp0001s0c,2014-11-07T00:32:27.033Z,Kermadec Islands region,earthquake,,,,6.0,reviewed,us,us
1983-01-05T11:53:09.930Z,-8.906,157.693,33.0,5.0,mb,,,,1.1,us,usp0001s0d,2014-11-07T00:32:27.044Z,"129 km SE of Gizo, Solomon Islands",earthquake,,,,5.0,reviewed,us,us
1983-01-05T16:52:20.380Z,-6.71,-11.609,10.0,5.1,mb,,,,1.2,us,usp0001s0f,2014-11-07T00:32:27.053Z,Ascension Island region,earthquake,,,,23.0,reviewed,us,us
1983-01-05T16:59:51.310Z,9.631,122.26,33.0,4.9,mb,,,,1.0,us,usp0001s0g,2025-12-19T21:33:54.436Z,"19 km WSW of Maricalom, Philippines",earthquake,,,,4.0,reviewed,us,us
1983-01-05T18:13:22.300Z,3.695,95.954,65.6,4.6,mb,,,,1.2,us,usp0001s0h,2014-11-07T00:32:27.081Z,"53 km SSW of Meulaboh, Indonesia",earthquake,,8.4,,5.0,reviewed,us,us
1983-01-05T20:25:31.820Z,13.97,-92.281,60.0,4.8,mb,,,,0.9,us,usp0001s0j,2014-11-07T00:32:27.087Z,"53 km SW of Champerico, Guatemala",earthquake,,5.6,,5.0,reviewed,us,us
1983-01-06T00:01:28.040Z,-6.31,154.802,33.0,5.1,mb,,,,0.8,us,usp0001s0k,2014-11-07T00:32:27.092Z,"75 km W of Panguna, Papua New Guinea",earthquake,,,,6.0,reviewed,us,us
1983-01-06T08:23:01.700Z,6.74,-73.038,167.2,5.2,mb,,,,1.0,us,usp0001s0p,2014-11-07T00:32:27.104Z,"5 km NNW of Aratoca, Colombia",earthquake,,2.8,,34.0,reviewed,us,us
1983-01-06T12:29:48.660Z,44.543,148.12,65.7,5.4,mb,,,,0.8,us,usp0001s0s,2026-01-07T19:42:35.363Z,"78 km SSE of Kuril’sk, Russia",earthquake,,3.5,,72.0,reviewed,us,us
1983-01-06T17:21:25.240Z,8.069,147.19,33.0,5.1,mb,,,,1.3,us,usp0001s0t,2014-11-07T00:32:27.179Z,"State of Yap, Federated States of Micronesia",earthquake,,,,10.0,reviewed,us,us
1983-01-06T19:56:48.250Z,-19.736,-176.602,317.1,5.2,mb,,,,0.9,us,usp0001s0v,2025-12-19T21:33:55.695Z,"213 km NW of Nuku‘alofa, Tonga",earthquake,,5.5,,17.0,reviewed,us,us
1983-01-06T20:29:20.320Z,31.309,82.132,33.0,4.7,mb,,,,0.8,us,usp0001s0w,2014-11-07T00:32:27.220Z,"144 km NE of Burang, China",earthquake,,,,7.0,reviewed,us,us
1983-01-06T21:00:35.820Z,11.845,143.876,33.0,4.8,mb,,,,0.7,us,usp0001s0y,2014-11-07T00:32:27.229Z,"179 km SSW of Merizo Village, Guam",earthquake,,,,8.0,reviewed,us,us
1983-01-06T21:55:53.830Z,36.646,-2.241,10.0,4.8,mb,,,,0.8,us,usp0001s0z,2014-11-07T00:32:27.234Z,"17 km SW of San José, Spain",earthquake,,,,4.0,reviewed,us,us
1983-01-07T01:38:10.040Z,37.6215,-118.9018333,4.706,5.4,ml,7.0,188.0,0.05225,0.0,nc,nc1084017,2022-04-27T23:00:49.995Z,"6 km ESE of Mammoth Lakes, California",earthquake,1.1,5.18,,0.0,reviewed,nc,nc
1983-01-07T02:31:22.580Z,-9.378,158.794,33.0,4.8,mb,,,,1.0,us,usp0001s1b,2014-11-07T00:32:27.312Z,"107 km WNW of Malango, Solomon Islands",earthquake,,,,6.0,reviewed,us,us
1983-01-07T03:24:18.970Z,37.6286667,-118.935,3.681,5.3,ml,13.0,110.0,0.02252,0.04,nc,nc1084069,2022-04-28T00:15:19.128Z,"3 km SE of Mammoth Lakes, California",earthquake,0.22,1.45,,0.0,reviewed,nc,nc
1983-01-07T06:23:11.860Z,-15.296,-177.9,48.0,5.8,ms,,,,1.1,us,usp0001s1h,2025-12-19T21:33:56.811Z,"111 km SSE of Alo, Wallis and Futuna",earthquake,,,,10.0,reviewed,us,us
1983-01-07T07:15:55.300Z,3.551,126.492,88.3,5.0,mb,,,,1.0,us,usp0001s1n,2014-11-07T00:32:27.422Z,"234 km SSE of Sarangani, Philippines",earthquake,,13.2,,4.0,reviewed,us,us
1983-01-07T07:25:56.600Z,36.986,41.498,33.0,4.8,mb,,,,0.9,us,usp0001s1p,2014-11-07T00:32:27.426Z,"16 km SE of Tepealt?, Turkey",earthquake,,,,11.0,reviewed,us,us
1983-01-07T09:17:36.250Z,3.288,126.802,67.5,5.3,mb,,,,1.1,us,usp0001s1s,2025-12-19T21:33:58.013Z,"218 km NW of Tobelo, Indonesia",earthquake,,5.8,,23.0,reviewed,us,us
1983-01-07T09:20:17.560Z,-11.022,165.396,33.0,5.0,mb,,,,1.0,us,usp0001s1t,2014-11-07T00:32:27.473Z,"54 km SW of Lata, Solomon Islands",earthquake,,,,4.0,reviewed,us,us
1983-01-07T18:18:58.740Z,36.04,139.827,66.7,5.1,mb,,,,1.1,us,usp0001s29,2014-11-07T00:32:27.551Z,"6 km W of Iwai, Japan",earthquake,,1.6,,18.0,reviewed,us,us
1983-01-07T22:28:39.010Z,30.277,50.781,33.0,4.8,mb,,,,0.9,us,usp0001s2c,2014-11-07T00:32:27.587Z,"9 km S of Dogonbadan, Iran",earthquake,,,,11.0,reviewed,us,us
1983-01-07T23:48:24.900Z,-26.794,-176.618,33.0,5.3,ms,,,,1.1,us,usp0001s2f,2025-12-19T21:33:59.250Z,south of the Fiji Islands,earthquake,,,,5.0,reviewed,us,us
1983-01-08T05:19:28.190Z,57.943,-156.411,131.2,4.7,mb,,,,1.1,us,usp0001s2h,2014-11-07T00:32:27.633Z,"64 km ESE of Egegik, Alaska",earthquake,,3.9,,11.0,reviewed,us,us
1983-01-08T06:35:11.360Z,-3.596,177.711,33.0,5.0,mb,,,,0.7,us,usp0001s2m,2014-11-07T00:32:27.651Z,"280 km N of Kulia Village, Tuvalu",earthquake,,,,10.0,reviewed,us,us
1983-01-08T07:23:47.480Z,-3.537,177.646,33.0,5.0,mb,,,,0.6,us,usp0001s2r,2014-11-07T00:32:27.683Z,"286 km N of Kulia Village, Tuvalu",earthquake,,,,7.0,reviewed,us,us
1983-01-08T08:10:34.650Z,-18.028,-178.09,600.5,5.0,mb,,,,1.0,us,usp0001s2t,2014-11-07T00:32:27.697Z,"274 km E of Levuka, Fiji",earthquake,,3.6,,17.0,reviewed,us,us
1983-01-08T10:51:34.120Z,36.423,70.705,202.1,4.9,mb,,,,1.0,us,usp0001s2y,2014-11-07T00:32:27.745Z,"50 km SSW of Jurm, Afghanistan",earthquake,,5.1,,21.0,reviewed,us,us
1983-01-08T11:21:29.540Z,-15.394,-173.33,33.0,6.4,mw,,,,1.1,us,usp0001s30,2025-12-19T21:34:00.357Z,Tonga,earthquake,,,,,reviewed,us,nc
1983-01-08T15:04:56.210Z,-3.161,148.195,14.3,6.1,ms,,,,1.0,us,usp0001s33,2025-12-19T21:34:02.285Z,"161 km SE of Lorengau, Papua New Guinea",earthquake,,3.6,,10.0,reviewed,us,us
1983-01-08T16:21:14.380Z,55.336,162.988,33.0,5.1,mb,,,,1.0,us,usp0001s35,2014-11-07T00:32:27.955Z,"104 km SSE of Ust’-Kamchatsk Staryy, Russia",earthquake,,,,14.0,reviewed,us,us
1983-01-08T21:22:50.800Z,-2.508,115.793,62.2,4.7,mb,,,,0.8,us,usp0001s38,2020-08-26T22:22:54.027Z,"46 km E of Barabai, Indonesia",earthquake,,4.5,,8.0,reviewed,us,us
1983-01-08T23:51:53.620Z,14.651,44.413,5.2,4.6,mb,,,,,us,usp0001s3a,2020-08-26T22:23:04.906Z,"12 km N of Dham?r, Yemen",earthquake,,,,9.0,reviewed,spe,us
1983-01-09T05:09:16.830Z,55.138,163.08,33.0,4.9,mb,,,,0.8,us,usp0001s3g,2014-11-07T00:32:28.004Z,"127 km SSE of Ust’-Kamchatsk Staryy, Russia",earthquake,,,,12.0,reviewed,us,us
1983-01-09T08:08:34.580Z,-8.752,112.594,88.9,4.5,mb,,,,0.3,us,usp0001s3h,2014-11-07T00:32:28.010Z,"62 km SSW of Dampit, Indonesia",earthquake,,3.0,,2.0,reviewed,us,us
1983-01-09T10:42:47.760Z,55.163,163.125,33.0,5.3,ms,,,,1.0,us,usp0001s3k,2025-12-19T20:59:16.180Z,"125 km SSE of Ust’-Kamchatsk Staryy, Russia",earthquake,,,,2.0,reviewed,us,us
1983-01-09T11:39:25.460Z,42.324,142.568,17.8,4.8,mb,,,,1.1,us,usp0001s3q,2014-11-07T00:32:28.055Z,"16 km E of Shizunai-furukawach?, Japan",earthquake,,9.0,,4.0,reviewed,us,us
1983-01-09T12:44:07.340Z,43.831,142.765,205.9,4.8,mb,,,,0.9,us,usp0001s3t,2014-11-07T00:32:28.066Z,"1 km SSW of Kamikawa, Japan",earthquake,,2.6,,36.0,reviewed,us,us
1983-01-09T13:24:03.710Z,-56.902,147.557,10.0,5.3,ms,,,,1.4,us,usp0001s3u,2025-12-19T21:34:03.606Z,west of Macquarie Island,earthquake,,,,1.0,reviewed,us,us
1983-01-09T18:36:46.860Z,35.463,140.212,80.9,5.0,mb,,,,1.3,us,usp0001s3x,2014-11-07T00:32:28.092Z,"8 km WNW of Mobara, Japan",earthquake,,2.5,,11.0,reviewed,us,us
1983-01-09T21:03:54.230Z,55.179,163.244,33.0,6.1,ms,,,,1.0,us,usp0001s40,2025-12-19T21:34:04.785Z,"126 km SSE of Ust’-Kamchatsk Staryy, Russia",earthquake,,,,12.0,reviewed,us,us
1983-01-09T23:28:29.030Z,52.282,-167.607,33.0,4.7,mb,,,,0.2,us,usp0001s41,2014-11-07T00:32:28.153Z,"112 km SE of Nikolski, Alaska",earthquake,,,,4.0,reviewed,us,us
1983-01-10T01:57:55.760Z,-1.928,133.696,33.0,5.7,ms,,,,1.2,us,usp0001s44,2025-12-19T21:34:05.989Z,"124 km SSW of Manokwari, Indonesia",earthquake,,,,4.0,reviewed,us,us
1983-01-10T05:12:51.580Z,9.558,122.144,42.4,5.0,mb,,,,1.2,us,usp0001s47,2026-01-07T19:42:36.288Z,"34 km WSW of Maricalom, Philippines",earthquake,,7.2,,8.0,reviewed,us,us
1983-01-10T09:17:34.710Z,-22.006,-68.47,121.0,5.6,mb,,,,1.3,us,usp0001s4c,2022-04-28T00:15:35.899Z,"68 km NE of Calama, Chile",earthquake,,,,64.0,reviewed,us,us
1983-01-10T12:32:21.610Z,-27.237,-63.301,558.1,5.7,mb,,,,0.9,us,usp0001s4e,2022-04-28T00:15:37.618Z,"24 km SSW of El Hoyo, Argentina",earthquake,,1.1,,63.0,reviewed,us,us
1983-01-10T17:02:27.220Z,6.757,-72.966,168.8,4.9,mb,,,,0.9,us,usp0001s4f,2014-11-07T00:32:28.271Z,"0 km ENE of Cepitá, Colombia",earthquake,,2.5,,29.0,reviewed,us,us
1983-01-11T03:25:51.930Z,-6.6,131.107,33.0,4.9,mb,,,,1.3,us,usp0001s4m,2014-11-07T00:32:28.289Z,"211 km WSW of Tual, Indonesia",earthquake,,,,8.0,reviewed,us,us
1983-01-11T06:12:43.420Z,-3.411,177.593,33.0,5.0,mb,,,,0.5,us,usp0001s4r,2014-11-07T00:32:28.302Z,"299 km N of Kulia Village, Tuvalu",earthquake,,,,15.0,reviewed,us,us
1983-01-11T08:16:31.450Z,-28.365,-177.374,71.0,4.8,mb,,,,1.1,us,usp0001s4t,2014-11-07T00:32:28.310Z,Kermadec Islands region,earthquake,,,,3.0,reviewed,us,us
1983-01-11T09:20:18.620Z,18.242,-81.544,10.0,4.5,mb,,,,1.4,us,usp0001s4u,2014-11-07T00:32:28.314Z,"117 km S of George Town, Cayman Islands",earthquake,,,,6.0,reviewed,us,us
1983-01-11T15:27:35.510Z,-2.467,101.793,33.0,4.8,mb,,,,1.1,us,usp0001s4x,2026-01-07T19:42:37.852Z,"63 km SE of Sungai Penuh, Indonesia",earthquake,,,,16.0,reviewed,us,us
1983-01-11T18:48:59.140Z,3.382,122.314,622.3,5.1,mb,,,,0.9,us,usp0001s50,2014-11-07T00:32:28.336Z,"282 km SE of Latung, Philippines",earthquake,,3.2,,32.0,reviewed,us,us
1983-01-11T22:49:40.650Z,39.665,141.639,118.4,4.7,mb,,,,1.1,us,usp0001s51,2014-11-07T00:32:28.349Z,"25 km W of Miyako, Japan",earthquake,,4.0,,2.0,reviewed,us,us
1983-01-12T00:50:49.100Z,1.548,127.879,33.0,4.6,mb,,,,0.9,us,usp0001s52,2014-11-07T00:32:28.352Z,"24 km SW of Tobelo, Indonesia",earthquake,,,,3.0,reviewed,us,us
1983-01-12T01:02:28.780Z,-3.487,177.621,33.0,4.8,mb,,,,0.8,us,usp0001s53,2014-11-07T00:32:28.355Z,"291 km N of Kulia Village, Tuvalu",earthquake,,,,11.0,reviewed,us,us
1983-01-12T03:06:55.100Z,-10.769,-74.632,33.0,5.0,mb,,,,1.2,us,usp0001s54,2014-11-07T00:32:28.360Z,"32 km ENE of Santa Rosa, Peru",earthquake,,,,3.0,reviewed,us,us
1983-01-12T03:28:22.490Z,26.898,97.014,24.5,5.0,mb,,,,1.1,us,usp0001s55,2026-01-07T19:42:38.671Z,"79 km NNE of Sarupathar, India",earthquake,,6.2,,29.0,reviewed,us,us
1983-01-12T04:29:32.300Z,54.737,162.614,33.0,4.6,mb,,,,1.1,us,usp0001s57,2014-11-07T00:32:28.383Z,"166 km S of Ust’-Kamchatsk Staryy, Russia",earthquake,,,,5.0,reviewed,us,us
1983-01-12T09:51:50.070Z,-24.569,-175.857,37.0,5.3,mb,,,,1.3,us,usp0001s5e,2025-12-19T21:34:07.228Z,south of Tonga,earthquake,,,,14.0,reviewed,us,us
1983-01-12T09:58:39.970Z,-15.326,-173.417,33.0,4.9,ms,,,,0.8,us,usp0001s5f,2014-11-07T00:32:28.410Z,"80 km NNE of Hihifo, Tonga",earthquake,,,,1.0,reviewed,us,us
1983-01-12T12:22:26.070Z,26.729,96.883,42.8,4.6,mb,,,,1.3,us,usp0001s5j,2026-01-07T19:42:39.410Z,"58 km N of Sarupathar, India",earthquake,,7.3,,9.0,reviewed,us,us
1983-01-12T13:34:58.970Z,-20.221,-173.767,33.0,4.8,mb,,,,1.1,us,usp0001s5m,2014-11-07T00:32:28.428Z,"76 km SE of Pangai, Tonga",earthquake,,,,6.0,reviewed,us,us
1983-01-12T15:09:52.380Z,54.418,162.634,33.0,4.6,mb,,,,0.8,us,usp0001s5p,2014-11-07T00:32:28.435Z,"201 km S of Ust’-Kamchatsk Staryy, Russia",earthquake,,,,6.0,reviewed,us,us
1983-01-12T15:39:51.850Z,18.952,145.219,247.4,4.5,mb,,,,0.7,us,usp0001s5q,2014-11-07T00:32:28.437Z,"Pagan region, Northern Mariana Islands",earthquake,,5.7,,2.0,reviewed,us,us
1983-01-12T16:18:32.840Z,-4.306,150.232,563.8,5.0,mb,,,,1.1,us,usp0001s5s,2022-04-28T00:15:45.785Z,"138 km N of Kimbe, Papua New Guinea",earthquake,,2.4,,24.0,reviewed,us,us
1983-01-12T16:41:20.390Z,54.7,162.909,33.0,5.0,mb,,,,1.0,us,usp0001s5u,2026-01-07T19:42:40.247Z,"172 km S of Ust’-Kamchatsk Staryy, Russia",earthquake,,,,29.0,reviewed,us,us
1983-01-12T20:37:37.180Z,-2.829,128.075,46.5,4.8,mb,,,,1.4,us,usp0001s5y,2014-11-07T00:32:28.477Z,"96 km N of Ambon, Indonesia",earthquake,,10.0,,6.0,reviewed,us,us
1983-01-13T00:04:17.810Z,53.683,-35.446,10.0,4.6,mb,,,,1.1,us,usp0001s65,2014-11-07T00:32:28.496Z,Reykjanes Ridge,earthquake,,,,3.0,reviewed,us,us
1983-01-13T01:01:10.810Z,0.616,-25.716,10.0,5.2,ms,,,,1.5,us,usp0001s66,2022-04-28T00:15:47.360Z,central Mid-Atlantic Ridge,earthquake,,,,6.0,reviewed,us,us
1983-01-13T01:03:12.490Z,0.774,-25.908,10.0,4.9,mb,,,,0.9,us,usp0001s67,2014-11-07T00:32:28.511Z,central Mid-Atlantic Ridge,earthquake,,,,7.0,reviewed,us,us
1983-01-13T05:44:39.600Z,31.901,131.341,71.3,4.7,mb,,,,1.1,us,usp0001s6c,2025-12-19T21:34:08.443Z,"7 km WSW of Miyazaki, Japan",earthquake,,3.6,,5.0,reviewed,us,us
1983-01-13T06:19:30.830Z,24.867,122.168,10.0,4.9,mb,,,,1.4,us,usp0001s6d,2026-01-07T19:42:41.082Z,"42 km SE of Jiufen, Taiwan",earthquake,,,,2.0,reviewed,us,us
1983-01-13T07:57:18.870Z,-18.103,-179.511,601.8,4.5,mb,,,,1.2,us,usp0001s6f,2014-11-07T00:32:28.550Z,Fiji region,earthquake,,8.1,,4.0,reviewed,us,us
1983-01-13T09:23:47.990Z,-35.813,-102.631,10.0,5.6,mb,,,,1.3,us,usp0001s6j,2025-12-19T21:34:09.835Z,southeast of Easter Island,earthquake,,,,16.0,reviewed,us,us
1983-01-13T10:53:31.610Z,-34.177,56.85,10.0,5.4,mb,,,,1.2,us,usp0001s6m,2022-04-28T00:15:54.570Z,South Indian Ocean,earthquake,,,,29.0,reviewed,us,us
1983-01-13T12:00:44.650Z,11.794,-73.637,28.0,5.1,mb,,,,0.9,us,usp0001s6n,2014-11-07T00:32:29.069Z,"67 km NNW of Dibulla, Colombia",earthquake,,,,39.0,reviewed,us,us
1983-01-13T12:09:15.370Z,12.043,-73.446,28.0,4.7,mb,,,,1.0,us,usp0001s6p,2014-11-07T00:32:29.168Z,"80 km NW of Riohacha, Colombia",earthquake,,,,8.0,reviewed,us,us
1983-01-13T15:05:10.570Z,44.427,148.18,82.9,5.0,mb,,,,0.7,us,usp0001s6t,2025-12-19T21:34:10.964Z,"92 km SSE of Kuril’sk, Russia",earthquake,,4.4,,27.0,reviewed,us,us
1983-01-13T16:30:36.340Z,-6.498,153.977,39.2,4.9,mb,,,,1.2,us,usp0001s6v,2025-12-19T21:34:12.081Z,"168 km W of Panguna, Papua New Guinea",earthquake,,6.4,,7.0,reviewed,us,us
1983-01-13T17:32:15.210Z,-24.568,-175.649,33.0,5.4,mb,,,,1.4,us,usp0001s6w,2025-12-19T21:34:13.259Z,south of Tonga,earthquake,,,,7.0,reviewed,us,us
1983-01-13T23:00:11.690Z,22.857,93.067,150.9,4.7,mb,,,,0.4,us,usp0001s6z,2014-11-07T00:32:29.230Z,"30 km S of North Vanlaiphai, India",earthquake,,3.6,,2.0,reviewed,us,us
1983-01-13T23:15:59.490Z,12.0,-86.261,158.0,4.9,mb,,,,1.3,us,usp0001s71,2014-11-07T00:32:29.233Z,"5 km ENE of El Crucero, Nicaragua",earthquake,,,,29.0,reviewed,us,us
1983-01-14T03:15:07.700Z,29.082,95.733,33.0,4.6,mb,,,,1.3,us,usp0001s73,2026-01-07T19:37:23.459Z,eastern Xizang-India border region,earthquake,,,,7.0,reviewed,us,us
1983-01-14T08:27:31.670Z,-20.638,-178.314,507.2,4.5,mb,,,,0.7,us,usp0001s78,2014-11-07T00:32:29.258Z,Fiji region,earthquake,,7.2,,4.0,reviewed,us,us
1983-01-14T12:03:27.920Z,10.723,-41.496,10.0,5.2,mb,,,,1.0,us,usp0001s7a,2014-11-07T00:32:29.262Z,northern Mid-Atlantic Ridge,earthquake,,,,18.0,reviewed,us,us
1983-01-14T15:05:49.430Z,-10.954,165.414,33.0,5.0,mb,,,,1.0,us,usp0001s7c,2025-12-19T21:34:14.416Z,"48 km WSW of Lata, Solomon Islands",earthquake,,,,12.0,reviewed,us,us
1983-01-14T18:20:52.670Z,55.911,-154.154,33.0,5.8,ms,,,,1.1,us,usp0001s7f,2025-12-19T21:34:15.560Z,"115 km S of Akhiok, Alaska",earthquake,,,,20.0,reviewed,us,us
1983-01-14T18:22:29.860Z,36.947,77.14,33.0,4.7,mb,,,,1.2,us,usp0001s7g,2014-11-07T00:32:29.320Z,"149 km WSW of Zangguy, China",earthquake,,,,7.0,reviewed,us,us
1983-01-14T18:37:39.750Z,55.951,-154.179,33.0,4.7,mb,,,,0.6,us,usp0001s7j,2014-11-07T00:32:29.330Z,"110 km S of Akhiok, Alaska",earthquake,,,,1.0,reviewed,us,us
1983-01-14T20:16:02.250Z,-31.359,-69.887,123.6,4.6,mb,,,,1.1,us,usp0001s7p,2014-11-07T00:32:29.340Z,"44 km W of Calingasta, Argentina",earthquake,,6.5,,2.0,reviewed,us,us
1983-01-15T00:16:52.180Z,7.405,124.575,42.1,5.6,mb,,,,0.9,us,usp0001s7t,2025-12-19T21:34:16.763Z,"7 km N of Alamada, Philippines",earthquake,,4.2,,30.0,reviewed,us,us
1983-01-15T00:39:34.260Z,33.268,136.04,434.8,5.5,mb,,,,1.0,us,usp0001s7v,2022-04-28T00:16:06.956Z,"51 km S of Shing?, Japan",earthquake,,0.9,,53.0,reviewed,us,us
1983-01-15T00:49:53.690Z,52.844,160.076,30.0,5.6,mb,,,,0.9,us,usp0001s7w,2025-12-19T21:34:17.984Z,"98 km ESE of Petropavlovsk-Kamchatsky, Russia",earthquake,,,,79.0,reviewed,us,us
1983-01-15T02:20:10.600Z,-6.286,131.08,43.6,5.3,mb,,,,1.2,us,usp0001s7x,2022-04-27T23:01:00.741Z,"198 km WSW of Tual, Indonesia",earthquake,,9.4,,13.0,reviewed,us,us
1983-01-15T05:18:39.450Z,50.704,-171.117,33.0,4.6,mb,,,,1.4,us,usp0001s81,2014-11-07T00:32:29.427Z,"271 km SE of Atka, Alaska",earthquake,,,,4.0,reviewed,us,us
1983-01-15T05:42:46.890Z,13.896,-90.441,99.5,4.8,mb,,,,1.2,us,usp0001s82,2014-11-07T00:32:29.430Z,"19 km S of Taxisco, Guatemala",earthquake,,4.4,,6.0,reviewed,us,us
1983-01-15T06:06:58.660Z,-23.577,-175.872,33.0,4.7,mb,,,,1.5,us,usp0001s83,2014-11-07T00:32:29.434Z,"265 km SSW of ‘Ohonua, Tonga",earthquake,,,,2.0,reviewed,us,us
1983-01-15T06:43:58.080Z,73.168,5.723,10.0,5.3,mb,,,,1.1,us,usp0001s84,2025-12-19T21:34:19.159Z,Greenland Sea,earthquake,,,,64.0,reviewed,us,us
1983-01-15T10:55:31.030Z,33.969,47.087,33.0,4.6,mb,,,,1.3,us,usp0001s87,2014-11-07T00:32:29.470Z,"38 km S of Kermanshah, Iran",earthquake,,,,8.0,reviewed,us,us
1983-01-15T12:50:51.390Z,55.952,-154.181,33.0,5.1,mb,,,,1.1,us,usp0001s88,2025-12-19T21:34:20.427Z,"110 km S of Akhiok, Alaska",earthquake,,,,27.0,reviewed,us,us
1983-01-15T16:34:07.880Z,0.513,30.199,10.0,5.2,mb,,,,0.7,us,usp0001s8b,2022-04-28T00:16:12.345Z,"18 km SSW of Fort Portal, Uganda",earthquake,,,,28.0,reviewed,us,us
1983-01-15T19:40:07.860Z,-8.959,124.199,111.0,4.9,mb,,,,1.3,us,usp0001s8g,2014-11-07T00:32:29.511Z,"33 km NW of Pante Makasar, Timor Leste",earthquake,,9.2,,9.0,reviewed,us,us
1983-01-16T01:12:46.110Z,-6.218,154.387,33.0,4.8,mb,,,,0.5,us,usp0001s8q,2014-11-07T00:32:29.529Z,"121 km W of Panguna, Papua New Guinea",earthquake,,,,5.0,reviewed,us,us
1983-01-16T02:27:48.600Z,-7.09,129.464,74.7,5.2,mb,,,,1.1,us,usp0001s8r,2014-11-07T00:32:29.532Z,"Kepulauan Babar, Indonesia",earthquake,,5.7,,20.0,reviewed,us,us
1983-01-16T02:56:47.580Z,-9.778,114.287,79.6,4.9,mb,,,,1.0,us,usp0001s8t,2022-04-28T00:16:19.615Z,"145 km SW of Jimbaran, Indonesia",earthquake,,7.4,,8.0,reviewed,us,us
1983-01-16T04:13:32.440Z,17.456,-61.204,28.3,4.9,mb,,,,0.8,us,usp0001s8u,2014-11-07T00:32:29.547Z,"69 km ESE of Codrington, Antigua and Barbuda",earthquake,,3.3,,4.0,reviewed,us,us
1983-01-16T07:29:48.650Z,12.428,125.429,33.0,4.7,mb,,,,0.5,us,usp0001s8y,2014-11-07T00:32:29.558Z,"15 km ENE of Gamay, Philippines",earthquake,,,,6.0,reviewed,us,us
1983-01-16T07:59:10.300Z,73.162,6.239,10.0,4.9,mb,,,,1.0,us,usp0001s8z,2026-01-07T19:42:42.677Z,Greenland Sea,earthquake,,,,17.0,reviewed,us,us
1983-01-16T11:19:32.710Z,2.426,128.83,33.0,4.6,mb,,,,0.8,us,usp0001s94,2014-11-07T00:32:29.590Z,"119 km NE of Tobelo, Indonesia",earthquake,,,,4.0,reviewed,us,us
1983-01-16T11:24:30.880Z,30.233,50.842,33.0,4.5,mb,,,,1.2,us,usp0001s95,2014-11-07T00:32:29.592Z,"14 km SSE of Dogonbadan, Iran",earthquake,,,,8.0,reviewed,us,us
1983-01-16T12:45:18.630Z,35.726,140.093,78.8,4.7,mb,,,,0.8,us,usp0001s96,2014-11-07T00:32:29.606Z,"8 km SSE of Shiroi, Japan",earthquake,,1.6,,9.0,reviewed,us,us
1983-01-16T13:10:45.490Z,-16.782,-177.155,33.0,5.7,mb,,,,1.3,us,usp0001s98,2025-12-19T21:34:21.558Z,"292 km SSE of Alo, Wallis and Futuna",earthquake,,,,23.0,reviewed,us,us
1983-01-16T16:45:12.310Z,-24.219,-67.032,183.3,4.9,mb,,,,1.1,us,usp0001s9b,2014-11-07T00:32:29.696Z,"72 km W of San Antonio de los Cobres, Argentina",earthquake,,3.0,,9.0,reviewed,us,us
1983-01-16T20:12:34.000Z,-28.159,-69.631,89.2,4.7,mb,,,,1.2,us,usp0001s9d,2014-11-07T00:32:29.725Z,"111 km SE of Copiapó, Chile",earthquake,,5.1,,2.0,reviewed,us,us
1983-01-16T20:21:42.460Z,12.914,144.846,75.7,5.0,mb,,,,0.8,us,usp0001s9f,2014-11-07T00:32:29.731Z,"41 km SSE of Inarajan Village, Guam",earthquake,,3.1,,12.0,reviewed,us,us
1983-01-16T22:10:12.230Z,-5.458,147.046,234.9,6.7,mw,,,,0.9,us,usp0001s9g,2022-04-28T00:16:22.105Z,"140 km N of Lae, Papua New Guinea",earthquake,,1.4,,,reviewed,us,nc
1983-01-17T00:00:45.740Z,-17.637,-178.225,573.0,5.1,mb,,,,1.0,us,usp0001s9j,2014-11-07T00:32:29.847Z,"264 km E of Levuka, Fiji",earthquake,,6.2,,3.0,reviewed,us,us
1983-01-17T00:41:40.180Z,-52.502,17.976,10.0,5.4,mb,,,,1.4,us,usp0001s9k,2022-04-28T00:16:28.407Z,southwest of Africa,earthquake,,,,15.0,reviewed,us,us
1983-01-17T04:18:16.640Z,-18.464,34.763,10.0,4.6,mb,,,,1.0,us,usp0001s9r,2014-11-07T00:32:29.889Z,"126 km N of Dondo, Mozambique",earthquake,,,,5.0,reviewed,us,us
1983-01-17T04:42:14.060Z,16.83,-100.114,27.9,4.5,mb,,,,1.0,us,usp0001s9s,2014-11-07T00:32:29.903Z,"12 km SSW of Los Mogotes, Mexico",earthquake,,3.2,,5.0,reviewed,us,us
1983-01-17T09:00:39.920Z,31.363,139.804,150.7,4.6,mb,,,,1.2,us,usp0001s9w,2014-11-07T00:32:30.049Z,"Izu Islands, Japan region",earthquake,,15.9,,4.0,reviewed,us,us
1983-01-17T09:40:16.080Z,-5.394,146.512,173.2,5.3,mb,,,,0.8,us,usp0001s9x,2025-12-19T20:59:16.852Z,"82 km ESE of Madang, Papua New Guinea",earthquake,,2.2,,18.0,reviewed,us,us
1983-01-17T10:51:52.520Z,-27.45,-69.017,111.8,4.7,mb,,,,1.3,us,usp0001s9z,2014-11-07T00:32:30.451Z,"130 km E of Copiapó, Chile",earthquake,,7.6,,2.0,reviewed,us,us
1983-01-17T11:55:31.310Z,26.43,128.215,43.0,5.1,mb,,,,1.2,us,usp0001sa0,2026-01-07T19:42:44.642Z,"30 km SE of Nago, Japan",earthquake,,,,21.0,reviewed,us,us
1983-01-17T12:41:29.700Z,38.026,20.228,14.3,7.0,mw,,,,1.3,us,usp0001sa1,2025-12-19T21:34:22.730Z,"26 km SW of Lixoúri, Greece",earthquake,,1.9,,,reviewed,us,nc
1983-01-17T12:54:05.710Z,37.725,19.873,10.0,4.6,mb,,,,0.9,us,usp0001sa2,2014-11-07T00:32:30.501Z,"72 km SW of Lixoúri, Greece",earthquake,,,,2.0,reviewed,us,us
1983-01-17T12:56:27.270Z,37.67,19.823,10.0,4.9,mb,,,,1.3,us,usp0001sa3,2014-11-07T00:32:30.504Z,"79 km SW of Lixoúri, Greece",earthquake,,,,2.0,reviewed,us,us
1983-01-17T14:15:36.260Z,40.312,107.001,33.2,4.6,mb,,,,1.1,us,usp0001sa9,2025-12-19T21:34:23.869Z,"57 km SW of Bayan Nur, China",earthquake,,6.4,,6.0,reviewed,us,us
1983-01-17T15:53:52.210Z,38.096,20.304,10.0,4.9,mb,,,,1.3,us,usp0001saj,2025-12-19T21:34:24.990Z,"16 km SW of Lixoúri, Greece",earthquake,,,,44.0,reviewed,us,us
1983-01-17T16:22:25.140Z,38.161,19.858,10.0,4.5,mb,,,,1.3,us,usp0001sam,2014-11-07T00:32:30.555Z,"50 km W of Lixoúri, Greece",earthquake,,,,2.0,reviewed,us,us
1983-01-17T16:53:25.400Z,38.038,20.157,10.0,5.1,mb,,,,1.2,us,usp0001san,2025-12-19T21:34:26.227Z,"30 km SW of Lixoúri, Greece",earthquake,,,,49.0,reviewed,us,us
1983-01-17T17:52:15.780Z,14.249,-91.072,83.0,5.0,mb,,,,1.1,us,usp0001sat,2014-11-07T00:32:30.589Z,"10 km SSW of Santa Lucía Cotzumalguapa, Guatemala",earthquake,,5.0,,24.0,reviewed,us,us
1983-01-17T17:54:00.630Z,38.162,19.875,25.9,4.6,mb,,,,1.1,us,usp0001sau,2014-11-07T00:32:30.607Z,"49 km W of Lixoúri, Greece",earthquake,,3.8,,6.0,reviewed,us,us
1983-01-17T18:51:05.360Z,38.029,19.958,10.0,4.6,mb,,,,1.2,us,usp0001sb1,2014-11-07T00:32:30.627Z,"46 km WSW of Lixoúri, Greece",earthquake,,,,2.0,reviewed,us,us
1983-01-17T19:06:05.360Z,25.654,126.424,50.6,4.7,mb,,,,1.1,us,usp0001sb3,2026-01-07T19:42:45.522Z,"135 km WSW of Itoman, Japan",earthquake,,4.3,,12.0,reviewed,us,us
1983-01-17T19:35:51.000Z,49.11,-66.98,18.0,4.5,mb,,,,,us,usp0001sb4,2014-11-07T00:32:30.637Z,"21 km W of Cap-Chat, Canada",earthquake,,,,2.0,reviewed,ott,us
1983-01-17T20:57:12.560Z,27.67,56.68,48.9,5.0,mb,,,,1.0,us,usp0001sb7,2026-01-07T19:42:46.314Z,"66 km NE of Bandar Abbas, Iran",earthquake,,6.7,,39.0,reviewed,us,us
1983-01-17T23:19:21.640Z,33.65,139.367,32.2,4.8,mb,,,,1.1,us,usp0001sbb,2014-11-07T00:32:30.787Z,"120 km SSE of Shimoda, Japan",earthquake,,3.0,,6.0,reviewed,us,us
1983-01-18T01:40:23.710Z,-32.68,-178.938,33.0,5.0,mb,,,,1.7,us,usp0001sbe,2014-11-07T00:32:30.874Z,south of the Kermadec Islands,earthquake,,,,3.0,reviewed,us,us
1983-01-18T02:22:54.780Z,-49.736,-114.831,10.0,5.3,ms,,,,1.2,us,usp0001sbj,2022-04-28T00:16:36.719Z,southern East Pacific Rise,earthquake,,,,2.0,reviewed,us,us
1983-01-18T03:58:26.070Z,38.304,20.076,10.0,4.5,mb,,,,1.4,us,usp0001sbk,2014-11-07T00:32:31.021Z,"33 km WNW of Lixoúri, Greece",earthquake,,,,2.0,reviewed,us,us
1983-01-18T07:44:28.650Z,12.93,-88.817,70.4,4.9,mb,,,,1.3,us,usp0001sbn,2014-11-07T00:32:31.053Z,"48 km SW of Puerto El Triunfo, El Salvador",earthquake,,5.1,,15.0,reviewed,us,us
1983-01-18T07:52:40.240Z,38.219,20.114,10.0,5.0,mb,,,,1.0,us,usp0001sbp,2014-11-07T00:32:31.154Z,"28 km W of Lixoúri, Greece",earthquake,,,,6.0,reviewed,us,us
1983-01-18T07:56:56.240Z,59.125,-30.882,10.0,4.5,mb,,,,1.3,us,usp0001sbq,2014-11-07T00:32:31.162Z,Reykjanes Ridge,earthquake,,,,9.0,reviewed,us,us
1983-01-18T08:25:36.280Z,59.412,-30.192,10.0,4.9,mb,,,,1.0,us,usp0001sbr,2014-11-07T00:32:31.165Z,Reykjanes Ridge,earthquake,,,,1.0,reviewed,us,us
1983-01-18T08:28:09.100Z,59.302,-30.436,10.0,4.6,mb,,,,1.3,us,usp0001sbs,2014-11-07T00:32:31.167Z,Reykjanes Ridge,earthquake,,,,14.0,reviewed,us,us
1983-01-18T08:34:46.760Z,59.311,-30.365,10.0,4.8,ms,,,,1.0,us,usp0001sbu,2026-01-07T19:42:47.018Z,Reykjanes Ridge,earthquake,,,,2.0,reviewed,us,us
1983-01-18T08:43:19.040Z,-6.489,147.446,47.0,5.5,mb,,,,0.9,us,usp0001sbv,2020-08-26T22:23:53.929Z,"44 km W of Finschhafen, Papua New Guinea",earthquake,,,,1.0,reviewed,us,us
1983-01-18T09:46:41.390Z,59.381,-30.477,10.0,4.8,mb,,,,1.0,us,usp0001sby,2014-11-07T00:32:31.246Z,Reykjanes Ridge,earthquake,,,,27.0,reviewed,us,us
1983-01-18T10:17:58.120Z,37.657,142.389,33.0,4.6,mb,,,,0.7,us,usp0001sc0,2014-11-07T00:32:31.333Z,"124 km E of Namie, Japan",earthquake,,,,4.0,reviewed,us,us
1983-01-18T13:50:11.930Z,51.312,179.865,73.7,4.6,mb,,,,0.8,us,usp0001sc4,2014-11-07T00:32:31.657Z,"250 km WSW of Adak, Alaska",earthquake,,5.4,,5.0,reviewed,us,us
1983-01-18T15:23:36.850Z,-57.966,-24.311,56.0,6.5,ms,,,,1.2,us,usp0001sc6,2025-12-19T21:34:27.342Z,South Sandwich Islands region,earthquake,,,,14.0,reviewed,us,us
1983-01-18T15:59:39.550Z,-58.088,-24.411,33.0,4.7,mb,,,,1.0,us,usp0001sc7,2014-11-07T00:32:31.681Z,South Sandwich Islands region,earthquake,,,,1.0,reviewed,us,us
1983-01-18T19:14:05.820Z,37.841,19.962,10.0,4.6,mb,,,,1.1,us,usp0001scb,2014-11-07T00:32:31.693Z,"57 km SW of Lixoúri, Greece",earthquake,,,,4.0,reviewed,us,us
1983-01-18T20:34:58.450Z,38.26,20.162,10.0,4.5,mb,,,,1.5,us,usp0001scd,2014-11-07T00:32:31.701Z,"24 km WNW of Lixoúri, Greece",earthquake,,,,1.0,reviewed,us,us
1983-01-18T21:22:02.620Z,-58.115,-24.355,33.0,4.9,mb,,,,1.2,us,usp0001scf,2014-11-07T00:32:31.704Z,South Sandwich Islands region,earthquake,,,,5.0,reviewed,us,us
1983-01-18T21:44:31.870Z,37.735,20.046,13.3,4.5,mb,,,,0.9,us,usp0001sch,2014-11-07T00:32:31.709Z,"62 km SSW of Lixoúri, Greece",earthquake,,2.4,,3.0,reviewed,us,us
1983-01-18T22:34:39.430Z,38.102,20.074,10.0,4.6,mb,,,,1.3,us,usp0001scj,2014-11-07T00:32:31.712Z,"33 km WSW of Lixoúri, Greece",earthquake,,,,12.0,reviewed,us,us
1983-01-18T22:51:30.540Z,35.946,71.022,67.4,4.8,mb,,,,1.1,us,usp0001scm,2014-11-07T00:32:31.720Z,"58 km N of P?r?n, Afghanistan",earthquake,,7.7,,7.0,reviewed,us,us
1983-01-19T00:02:13.690Z,38.173,20.225,18.5,5.6,ms,,,,1.2,us,usp0001scn,2025-12-19T21:34:28.458Z,"18 km W of Lixoúri, Greece",earthquake,,4.1,,6.0,reviewed,us,us
1983-01-19T00:18:19.890Z,38.06,20.128,27.2,4.5,mb,,,,1.2,us,usp0001scp,2014-11-07T00:32:31.744Z,"31 km WSW of Lixoúri, Greece",earthquake,,5.6,,23.0,reviewed,us,us
1983-01-19T03:19:36.980Z,37.736,19.87,24.6,4.6,mb,,,,1.2,us,usp0001scv,2014-11-07T00:32:31.773Z,"71 km SW of Lixoúri, Greece",earthquake,,4.8,,6.0,reviewed,us,us
1983-01-19T05:41:48.070Z,37.892,19.959,14.9,5.3,mb,,,,1.2,us,usp0001scy,2025-12-19T21:34:29.626Z,"54 km SW of Lixoúri, Greece",earthquake,,7.2,,61.0,reviewed,us,us
1983-01-19T08:08:36.530Z,38.107,19.878,10.0,4.6,mb,,,,1.3,us,usp0001sd1,2014-11-07T00:32:31.801Z,"50 km WSW of Lixoúri, Greece",earthquake,,,,4.0,reviewed,us,us
1983-01-19T08:25:29.440Z,38.149,20.025,10.0,4.5,mb,,,,1.4,us,usp0001sd2,2014-11-07T00:32:31.805Z,"36 km W of Lixoúri, Greece",earthquake,,,,8.0,reviewed,us,us
1983-01-19T11:39:58.540Z,-1.805,26.601,10.0,4.9,mb,,,,1.3,us,usp0001sd4,2020-08-26T22:24:04.455Z,"146 km NNE of Kindu, Democratic Republic of the Congo",earthquake,,,,5.0,reviewed,us,us
1983-01-19T11:50:11.130Z,-10.691,166.169,160.6,4.9,mb,,,,0.8,us,usp0001sd5,2014-11-07T00:32:31.814Z,"40 km E of Lata, Solomon Islands",earthquake,,9.0,,13.0,reviewed,us,us
1983-01-19T12:09:29.880Z,25.637,91.288,10.0,4.9,mb,,,,1.0,us,usp0001sd7,2025-12-19T21:34:30.746Z,"13 km N of Nongstoin, India",earthquake,,,,8.0,reviewed,us,us
1983-01-19T13:24:55.330Z,38.219,19.972,10.0,5.1,ms,,,,1.3,us,usp0001sd9,2014-11-07T00:32:31.824Z,"40 km W of Lixoúri, Greece",earthquake,,,,1.0,reviewed,us,us
1983-01-19T13:38:25.310Z,55.877,160.711,22.0,5.2,mb,,,,0.8,us,usp0001sda,2026-01-07T19:42:47.975Z,"50 km S of Klyuchi, Russia",earthquake,,,,31.0,reviewed,us,us
1983-01-19T13:58:23.530Z,-15.391,-172.673,33.0,4.7,mb,,,,0.8,us,usp0001sdb,2014-11-07T00:32:31.835Z,"135 km ENE of Hihifo, Tonga",earthquake,,,,5.0,reviewed,us,us
1983-01-19T20:22:06.270Z,-5.71,154.416,106.0,5.3,mb,,,,0.9,us,usp0001sdn,2022-04-28T00:16:47.525Z,"136 km WNW of Panguna, Papua New Guinea",earthquake,,3.2,,19.0,reviewed,us,us
1983-01-20T02:12:32.540Z,36.406,141.108,49.4,4.8,mb,,,,0.7,us,usp0001sdr,2014-11-07T00:32:31.915Z,"46 km ESE of Hitachi, Japan",earthquake,,3.5,,3.0,reviewed,us,us
1983-01-20T03:25:58.250Z,-8.005,118.074,33.0,4.6,mb,,,,1.5,us,usp0001sdt,2014-11-07T00:32:31.920Z,"72 km NW of Dompu, Indonesia",earthquake,,,,3.0,reviewed,us,us
1983-01-20T06:18:45.070Z,38.089,20.111,31.0,4.7,mb,,,,1.2,us,usp0001sdu,2014-11-07T00:32:31.923Z,"31 km WSW of Lixoúri, Greece",earthquake,,4.1,,6.0,reviewed,us,us
1983-01-20T07:38:01.240Z,-35.368,-15.568,10.0,4.8,ms,,,,0.8,us,usp0001sdx,2014-11-07T00:32:31.950Z,Tristan da Cunha region,earthquake,,,,1.0,reviewed,us,us
1983-01-20T10:02:47.260Z,-7.542,128.904,159.8,4.9,mb,,,,1.4,us,usp0001se0,2014-11-07T00:32:31.969Z,"236 km ENE of Lospalos, Timor Leste",earthquake,,7.6,,8.0,reviewed,us,us
1983-01-20T11:23:40.600Z,-3.404,141.325,33.0,4.6,mb,,,,1.1,us,usp0001se3,2014-11-07T00:32:32.067Z,"79 km S of Vanimo, Papua New Guinea",earthquake,,,,4.0,reviewed,us,us
1983-01-20T12:45:33.430Z,28.753,142.331,43.7,5.1,mb,,,,0.9,us,usp0001se5,2026-01-07T19:42:48.730Z,"Bonin Islands, Japan region",earthquake,,5.9,,16.0,reviewed,us,us
1983-01-20T17:22:23.620Z,38.732,24.746,10.0,4.7,mb,,,,0.9,us,usp0001se9,2014-11-07T00:32:32.083Z,"24 km SE of Skýros, Greece",earthquake,,,,1.0,reviewed,us,us
1983-01-20T17:47:41.860Z,39.577,79.507,33.0,4.6,mb,,,,1.0,us,usp0001sea,2014-11-07T00:32:32.087Z,"162 km SSW of Aykol, China",earthquake,,,,5.0,reviewed,us,us
1983-01-20T19:54:04.350Z,-40.948,-72.308,33.0,5.0,mb,,,,1.2,us,usp0001sed,2014-11-07T00:32:32.093Z,"34 km NE of La Ensenada, Chile",earthquake,,,,7.0,reviewed,us,us
1983-01-20T22:22:27.040Z,51.255,-178.8,66.8,4.7,mb,,,,1.1,us,usp0001seh,2014-11-07T00:32:32.103Z,"165 km WSW of Adak, Alaska",earthquake,,6.2,,5.0,reviewed,us,us
1983-01-21T00:41:01.420Z,-57.857,-24.649,50.0,4.6,mb,,,,1.5,us,usp0001sej,2014-11-07T00:32:32.105Z,South Sandwich Islands region,earthquake,,,,1.0,reviewed,us,us
1983-01-21T00:41:41.020Z,-57.552,-24.358,50.0,4.9,mb,,,,1.2,us,usp0001sek,2014-11-07T00:32:32.107Z,South Sandwich Islands region,earthquake,,,,4.0,reviewed,us,us
1983-01-21T01:20:01.890Z,-27.595,-69.546,100.8,4.7,mb,,,,1.3,us,usp0001sem,2014-11-07T00:32:32.110Z,"81 km ESE of Copiapó, Chile",earthquake,,4.9,,5.0,reviewed,us,us
1983-01-21T03:03:39.030Z,-24.291,-67.138,180.1,4.7,mb,,,,1.1,us,usp0001sen,2014-11-07T00:32:32.112Z,"83 km W of San Antonio de los Cobres, Argentina",earthquake,,3.3,,6.0,reviewed,us,us
1983-01-21T03:24:00.700Z,42.976,47.009,33.0,4.5,mb,,,,1.2,us,usp0001sep,2014-11-07T00:32:32.116Z,"2 km ENE of Chirkey, Russia",earthquake,,,,3.0,reviewed,us,us
1983-01-21T03:42:49.630Z,-58.778,-24.614,50.0,4.6,mb,,,,0.6,us,usp0001seq,2014-11-07T00:32:32.118Z,South Sandwich Islands region,earthquake,,,,3.0,reviewed,us,us
1983-01-21T04:04:23.130Z,-30.813,-177.778,165.7,5.3,mb,,,,1.2,us,usp0001ser,2014-11-07T00:32:32.120Z,"Kermadec Islands, New Zealand",earthquake,,10.2,,3.0,reviewed,us,us
1983-01-21T06:58:22.950Z,-23.918,-175.814,60.0,5.1,mb,,,,1.3,us,usp0001sew,2014-11-07T00:32:32.209Z,"299 km SSW of ‘Ohonua, Tonga",earthquake,,,,7.0,reviewed,us,us
1983-01-21T10:25:53.540Z,42.422,142.988,76.1,5.3,mb,,,,1.0,us,usp0001sf5,2014-11-07T00:32:32.352Z,"52 km E of Shizunai-furukawach?, Japan",earthquake,,1.6,,58.0,reviewed,us,us
1983-01-21T12:18:26.680Z,-0.341,99.217,74.2,4.5,mb,,,,1.4,us,usp0001sf8,2014-11-07T00:32:32.384Z,"105 km WNW of Pariaman, Indonesia",earthquake,,9.9,,4.0,reviewed,us,us
1983-01-21T14:20:08.530Z,-3.464,141.31,34.0,5.5,mb,,,,1.1,us,usp0001sfc,2025-12-19T21:34:31.955Z,"86 km S of Vanimo, Papua New Guinea",earthquake,,,,21.0,reviewed,us,us
1983-01-21T14:40:24.790Z,12.789,-87.412,140.0,4.7,mb,,,,1.3,us,usp0001sfd,2014-11-07T00:32:32.485Z,"6 km NE of Jiquilillo, Nicaragua",earthquake,,,,11.0,reviewed,us,us
1983-01-21T15:43:49.400Z,8.61,-82.639,56.4,4.8,mb,,,,0.9,us,usp0001sfe,2014-11-07T00:32:32.568Z,"5 km ENE of Santa Rosa, Panama",earthquake,,7.7,,10.0,reviewed,us,us
1983-01-21T18:01:06.960Z,-3.529,177.672,33.0,5.2,mb,,,,1.0,us,usp0001sff,2025-12-19T21:34:33.168Z,"287 km N of Kulia Village, Tuvalu",earthquake,,,,11.0,reviewed,us,us
1983-01-21T21:11:18.280Z,37.577,19.663,10.0,4.5,mb,,,,1.1,us,usp0001sfh,2014-11-07T00:32:32.743Z,"97 km SW of Lixoúri, Greece",earthquake,,,,6.0,reviewed,us,us
1983-01-21T21:52:27.550Z,39.574,32.228,10.0,4.7,mb,,,,0.8,us,usp0001sfj,2014-11-07T00:32:32.757Z,"7 km E of Polatl?, Turkey",earthquake,,,,1.0,reviewed,us,us
1983-01-21T23:18:39.810Z,38.168,19.914,10.0,4.8,mb,,,,1.4,us,usp0001sfp,2014-11-07T00:32:32.952Z,"45 km W of Lixoúri, Greece",earthquake,,,,1.0,reviewed,us,us
1983-01-22T01:24:34.650Z,-6.667,102.985,41.0,5.5,ms,,,,0.9,us,usp0001sfq,2025-12-19T21:34:34.310Z,"286 km WSW of Bandar Lampung, Indonesia",earthquake,,,,6.0,reviewed,us,us
1983-01-22T01:27:44.160Z,-6.672,103.027,40.0,6.0,ms,,,,1.1,us,usp0001sfr,2025-12-19T21:34:35.431Z,"282 km WSW of Bandar Lampung, Indonesia",earthquake,,,,1.0,reviewed,us,us
1983-01-22T06:44:36.440Z,-6.713,102.976,29.0,6.1,ms,,,,1.1,us,usp0001sfu,2025-12-19T21:34:36.511Z,"290 km WSW of Bandar Lampung, Indonesia",earthquake,,,,14.0,reviewed,us,us
1983-01-22T06:56:25.530Z,-6.816,103.003,33.0,5.1,mb,,,,1.1,us,usp0001sfv,2025-12-19T21:34:37.729Z,"293 km WSW of Bandar Lampung, Indonesia",earthquake,,,,4.0,reviewed,us,us
1983-01-22T07:35:50.920Z,-6.897,102.736,33.0,4.9,mb,,,,1.4,us,usp0001sfy,2014-11-07T00:32:33.200Z,"southwest of Sumatra, Indonesia",earthquake,,,,5.0,reviewed,us,us
1983-01-22T08:44:19.860Z,-26.345,178.87,572.4,5.1,mb,,,,1.0,us,usp0001sg0,2014-11-07T00:32:33.204Z,south of the Fiji Islands,earthquake,,8.2,,13.0,reviewed,us,us
1983-01-22T11:36:57.470Z,-62.059,-62.756,10.0,5.3,ms,,,,1.0,us,usp0001sg2,2025-12-19T20:59:17.632Z,South Shetland Islands,earthquake,,,,4.0,reviewed,us,us
1983-01-22T12:41:55.160Z,45.223,7.164,10.0,5.5,mb,,,,0.8,us,usp0001sg7,2020-08-26T22:24:25.738Z,"4 km WSW of Usseglio, Italy",earthquake,,,,1.0,reviewed,us,us
1983-01-22T12:54:02.010Z,37.783,20.162,10.0,4.5,mb,,,,1.4,us,usp0001sg8,2014-11-07T00:32:33.233Z,"52 km SSW of Lixoúri, Greece",earthquake,,,,23.0,reviewed,us,us
1983-01-22T15:48:14.350Z,-27.759,-113.868,10.0,4.8,mb,,,,0.9,us,usp0001sga,2014-11-07T00:32:33.242Z,Easter Island region,earthquake,,,,4.0,reviewed,us,us
1983-01-22T16:01:37.010Z,37.962,20.045,10.0,4.6,mb,,,,1.1,us,usp0001sgb,2014-11-07T00:32:33.243Z,"43 km SW of Lixoúri, Greece",earthquake,,,,9.0,reviewed,us,us
1983-01-22T22:17:27.380Z,-6.912,129.302,214.5,4.7,mb,,,,1.1,us,usp0001sgj,2014-11-07T00:32:33.264Z,Banda Sea,earthquake,,7.9,,3.0,reviewed,us,us
1983-01-23T00:23:45.710Z,-58.265,-24.133,33.0,4.9,mb,,,,1.2,us,usp0001sgk,2014-11-07T00:32:33.266Z,South Sandwich Islands region,earthquake,,,,2.0,reviewed,us,us
1983-01-23T03:53:11.170Z,51.189,175.469,33.0,4.5,mb,,,,1.3,us,usp0001sgq,2014-11-07T00:32:33.274Z,"241 km SE of Attu Station, Alaska",earthquake,,,,2.0,reviewed,us,us
1983-01-23T04:31:37.420Z,11.606,141.846,33.0,4.8,mb,,,,1.0,us,usp0001sgs,2014-11-07T00:32:33.280Z,"249 km NE of Fais, Micronesia",earthquake,,,,4.0,reviewed,us,us
1983-01-23T04:47:08.420Z,16.137,-97.948,33.0,4.8,mb,,,,1.0,us,usp0001sgt,2014-11-07T00:32:33.283Z,"4 km SSE of Santa María Chico Ometepec, Mexico",earthquake,,,,7.0,reviewed,us,us
1983-01-23T08:08:35.200Z,46.31,150.036,148.7,4.8,mb,,,,1.0,us,usp0001sgw,2014-11-07T00:32:33.290Z,"206 km NE of Kuril’sk, Russia",earthquake,,8.4,,26.0,reviewed,us,us
1983-01-23T08:24:17.270Z,5.416,125.936,115.0,4.7,mb,,,,1.2,us,usp0001sgx,2014-11-07T00:32:33.296Z,"52 km E of Sarangani, Philippines",earthquake,,,,7.0,reviewed,us,us
1983-01-23T10:46:53.570Z,2.817,128.463,33.0,4.9,mb,,,,1.3,us,usp0001sh2,2025-12-19T21:34:38.951Z,"130 km NNE of Tobelo, Indonesia",earthquake,,,,7.0,reviewed,us,us
1983-01-23T11:46:22.360Z,-2.885,122.417,78.7,4.5,mb,,,,1.0,us,usp0001sh3,2014-11-07T00:32:33.309Z,"121 km N of Kendari, Indonesia",earthquake,,7.7,,5.0,reviewed,us,us
1983-01-23T11:56:40.820Z,56.024,-154.417,33.0,4.7,mb,,,,1.4,us,usp0001sh6,2014-11-07T00:32:33.327Z,"103 km S of Akhiok, Alaska",earthquake,,,,3.0,reviewed,us,us
1983-01-23T14:29:28.530Z,6.485,-77.543,8.6,5.3,mb,,,,1.4,us,usp0001sh8,2025-12-19T21:34:40.073Z,"32 km NNW of Bahía Solano, Colombia",earthquake,,4.8,,70.0,reviewed,us,us
1983-01-23T16:36:39.290Z,-37.219,-95.179,10.0,5.5,mb,,,,1.1,us,usp0001sh9,2025-12-19T21:34:41.275Z,southeast of Easter Island,earthquake,,,,6.0,reviewed,us,us
1983-01-23T17:01:31.650Z,-37.197,-95.205,10.0,5.1,mb,,,,1.2,us,usp0001sha,2014-11-07T00:32:33.352Z,southeast of Easter Island,earthquake,,,,5.0,reviewed,us,us
1983-01-23T22:40:19.430Z,27.354,140.175,449.2,4.5,mb,,,,0.7,us,usp0001she,2014-11-07T00:32:33.360Z,"Bonin Islands, Japan region",earthquake,,7.8,,9.0,reviewed,us,us
1983-01-24T01:31:52.200Z,27.645,-44.108,10.0,4.7,mb,,,,0.9,us,usp0001shk,2014-11-07T00:32:33.374Z,northern Mid-Atlantic Ridge,earthquake,,,,6.0,reviewed,us,us
1983-01-24T02:15:09.620Z,-5.1,151.892,33.0,4.7,mb,,,,0.4,us,usp0001shn,2014-11-07T00:32:33.379Z,"93 km SSW of Kokopo, Papua New Guinea",earthquake,,,,4.0,reviewed,us,us
1983-01-24T02:28:18.240Z,27.942,-44.243,10.0,5.0,mb,,,,1.0,us,usp0001shp,2025-12-19T21:34:42.375Z,northern Mid-Atlantic Ridge,earthquake,,,,40.0,reviewed,us,us
1983-01-24T03:01:22.220Z,27.734,-44.246,10.0,5.3,mb,,,,0.9,us,usp0001shq,2025-12-19T21:34:43.751Z,northern Mid-Atlantic Ridge,earthquake,,,,52.0,reviewed,us,us
1983-01-24T04:28:04.880Z,-15.395,-173.798,33.0,5.3,mb,,,,1.2,us,usp0001sht,2014-11-07T00:32:33.402Z,"61 km N of Hihifo, Tonga",earthquake,,,,3.0,reviewed,us,us
1983-01-24T08:17:39.610Z,16.147,-95.232,56.8,6.3,mb,,,,1.2,us,usp0001shv,2025-12-19T21:34:44.885Z,"5 km SW of Salina Cruz, Mexico",earthquake,,2.7,,78.0,reviewed,us,us
1983-01-24T08:43:03.300Z,4.209,122.641,607.4,5.5,mb,,,,0.9,us,usp0001shx,2022-04-28T00:17:06.146Z,"217 km SSE of Tabiauan, Philippines",earthquake,,2.5,,25.0,reviewed,us,us
1983-01-24T08:52:58.400Z,15.005,-95.577,33.0,4.5,mb,,,,1.0,us,usp0001shz,2014-11-07T00:32:33.456Z,"103 km SE of Crucecita, Mexico",earthquake,,,,1.0,reviewed,us,us
1983-01-24T09:33:00.090Z,16.402,-95.224,66.7,5.3,mb,,,,1.1,us,usp0001sj2,2014-11-07T00:32:33.461Z,"2 km WNW of Colonia Jordán, Mexico",earthquake,,2.5,,44.0,reviewed,us,us
1983-01-24T11:28:33.710Z,-60.791,-20.411,10.0,5.0,mb,,,,1.3,us,usp0001sj6,2014-11-07T00:32:33.475Z,east of the South Sandwich Islands,earthquake,,,,4.0,reviewed,us,us
1983-01-24T12:27:06.460Z,16.014,-95.479,33.0,5.2,mb,,,,1.2,us,usp0001sj7,2014-11-07T00:32:33.478Z,"10 km WSW of El Carrizal, Mexico",earthquake,,,,31.0,reviewed,us,us
1983-01-24T13:02:37.240Z,51.381,176.251,33.0,5.7,ms,,,,1.2,us,usp0001sj8,2025-12-19T21:34:46.136Z,"265 km SE of Attu Station, Alaska",earthquake,,,,10.0,reviewed,us,us
1983-01-24T13:04:15.230Z,16.214,-95.215,65.5,5.5,mb,,,,1.0,us,usp0001sj9,2022-04-28T00:17:12.828Z,"4 km S of La Noria, Mexico",earthquake,,2.9,,40.0,reviewed,us,us
1983-01-24T14:26:10.910Z,13.775,-92.953,33.0,4.8,mb,,,,1.5,us,usp0001sjb,2014-11-07T00:32:33.518Z,"115 km SW of Brisas Barra de Suchiate, Mexico",earthquake,,,,1.0,reviewed,us,us
1983-01-24T15:04:15.960Z,54.619,160.329,33.0,4.6,mb,,,,1.0,us,usp0001sjd,2014-11-07T00:32:33.523Z,"110 km E of Mil’kovo, Russia",earthquake,,,,7.0,reviewed,us,us
1983-01-24T15:08:57.770Z,51.243,176.212,33.0,4.6,mb,,,,1.2,us,usp0001sjf,2014-11-07T00:32:33.527Z,"273 km SE of Attu Station, Alaska",earthquake,,,,4.0,reviewed,us,us
1983-01-24T16:13:21.500Z,51.407,176.233,33.0,4.9,mb,,,,0.8,us,usp0001sjh,2025-12-19T21:34:47.365Z,"263 km SE of Attu Station, Alaska",earthquake,,,,34.0,reviewed,us,us
1983-01-24T16:34:08.470Z,39.74,-14.484,33.0,5.8,mb,,,,1.3,us,usp0001sjj,2025-12-19T21:34:48.519Z,North Atlantic Ocean,earthquake,,,,69.0,reviewed,us,us
1983-01-24T16:35:03.250Z,29.391,141.968,31.8,5.1,mb,,,,1.1,us,usp0001sjk,2025-12-19T21:34:49.638Z,"Izu Islands, Japan region",earthquake,,10.8,,13.0,reviewed,us,us
1983-01-24T20:58:54.050Z,-15.592,-75.514,33.0,4.7,mb,,,,1.3,us,usp0001sjp,2014-11-07T00:32:33.643Z,"45 km WSW of San Juan, Peru",earthquake,,,,2.0,reviewed,us,us
1983-01-24T21:02:56.930Z,36.571,71.29,173.0,4.6,mb,,,,1.3,us,usp0001sjq,2014-11-07T00:32:33.648Z,"25 km WSW of Ashk?sham, Afghanistan",earthquake,,18.2,,8.0,reviewed,us,us
1983-01-24T23:09:21.430Z,12.942,93.582,78.0,6.8,mw,,,,1.3,us,usp0001sjv,2022-04-28T00:17:15.235Z,"166 km NE of Bamboo Flat, India",earthquake,,,,,reviewed,us,nc
1983-01-25T00:28:30.680Z,33.676,140.915,69.8,4.5,mb,,,,0.9,us,usp0001sjx,2014-11-07T00:32:33.746Z,"172 km SSE of Katsuura, Japan",earthquake,,6.0,,4.0,reviewed,us,us
1983-01-25T00:45:59.530Z,11.359,121.554,33.0,4.6,mb,,,,1.5,us,usp0001sjy,2014-11-07T00:32:33.749Z,"53 km W of Tibiao, Philippines",earthquake,,,,8.0,reviewed,us,us
1983-01-25T03:32:06.130Z,-9.8,161.208,85.1,4.5,mb,,,,1.2,us,usp0001sk2,2014-11-07T00:32:33.757Z,"106 km NW of Kirakira, Solomon Islands",earthquake,,8.3,,3.0,reviewed,us,us
1983-01-25T05:05:22.750Z,26.368,96.381,105.3,4.8,mb,,,,0.8,us,usp0001sk3,2014-11-07T00:32:33.759Z,"46 km WNW of Sarupathar, India",earthquake,,5.9,,8.0,reviewed,us,us
1983-01-25T06:08:07.180Z,-3.601,140.193,18.4,5.8,ms,,,,1.2,us,usp0001sk5,2025-12-19T21:34:50.826Z,"121 km SSW of Abepura, Indonesia",earthquake,,3.1,,4.0,reviewed,us,us
1983-01-25T07:00:54.280Z,-3.478,140.145,33.0,5.1,mb,,,,1.3,us,usp0001sk6,2014-11-07T00:32:33.772Z,"111 km SSW of Abepura, Indonesia",earthquake,,,,4.0,reviewed,us,us
1983-01-25T07:24:45.430Z,-3.49,140.113,33.0,4.9,mb,,,,1.1,us,usp0001sk7,2025-12-19T21:34:52.044Z,"114 km SSW of Abepura, Indonesia",earthquake,,,,10.0,reviewed,us,us
1983-01-25T07:34:48.610Z,45.667,26.606,163.3,4.8,mb,,,,0.9,us,usp0001sk8,2014-11-07T00:32:33.778Z,"8 km WSW of Nereju Mic, Romania",earthquake,,1.4,,42.0,reviewed,us,us
1983-01-25T10:10:40.530Z,37.5096667,-118.8743333,3.176,4.8,ml,15.0,163.0,0.09009,0.02,nc,nc1086705,2018-06-04T20:43:45.000Z,"15 km WSW of Aspen Springs, California",earthquake,0.43,0.88,,0.0,reviewed,nc,nc
1983-01-25T11:28:21.280Z,51.433,176.287,33.0,5.1,mb,,,,1.1,us,usp0001skc,2025-12-19T21:34:53.230Z,"264 km SE of Attu Station, Alaska",earthquake,,,,48.0,reviewed,us,us
1983-01-25T12:04:40.180Z,51.541,176.072,33.0,4.7,mb,,,,1.3,us,usp0001skd,2014-11-07T00:32:33.807Z,"Rat Islands, Aleutian Islands, Alaska",earthquake,,,,4.0,reviewed,us,us
1983-01-25T15:02:29.120Z,21.985,121.785,10.5,4.8,mb,,,,1.3,us,usp0001skh,2014-11-07T00:32:33.815Z,Taiwan region,earthquake,,6.2,,11.0,reviewed,us,us
1983-01-25T16:42:08.600Z,-3.558,140.248,33.0,5.0,mb,,,,1.2,us,usp0001skm,2014-11-07T00:32:33.821Z,"114 km SSW of Abepura, Indonesia",earthquake,,,,4.0,reviewed,us,us
1983-01-25T18:19:56.500Z,0.612,125.027,33.0,5.1,mb,,,,1.1,us,usp0001skn,2014-11-07T00:32:33.824Z,"77 km S of Tondano, Indonesia",earthquake,,,,1.0,reviewed,us,us
1983-01-25T18:52:08.500Z,15.982,-95.519,53.3,4.5,mb,,,,1.2,us,usp0001skp,2014-11-07T00:32:33.826Z,"16 km SW of El Carrizal, Mexico",earthquake,,4.3,,4.0,reviewed,us,us
1983-01-25T20:06:37.430Z,36.431,70.908,184.0,5.0,mb,,,,1.1,us,usp0001sks,2025-12-19T21:34:54.381Z,"48 km S of Jurm, Afghanistan",earthquake,,,,47.0,reviewed,us,us
1983-01-25T20:17:11.590Z,14.766,146.59,75.8,5.0,mb,,,,1.0,us,usp0001skt,2014-11-07T00:32:33.867Z,"102 km ESE of Saipan, Northern Mariana Islands",earthquake,,11.4,,4.0,reviewed,us,us
1983-01-25T20:36:03.580Z,17.203,-99.903,51.9,4.8,mb,,,,1.1,us,usp0001sku,2014-11-07T00:32:33.869Z,"8 km SSE of San Cristóbal, Mexico",earthquake,,3.6,,7.0,reviewed,us,us
1983-01-25T21:22:39.390Z,51.427,176.15,33.0,4.7,mb,,,,1.0,us,usp0001skv,2014-11-07T00:32:33.873Z,"257 km SE of Attu Station, Alaska",earthquake,,,,9.0,reviewed,us,us
1983-01-25T21:52:34.420Z,-6.331,104.063,33.0,5.1,mb,,,,0.9,us,usp0001skw,2025-12-19T21:34:55.510Z,"165 km SW of Bandar Lampung, Indonesia",earthquake,,,,13.0,reviewed,us,us
1983-01-26T00:48:59.880Z,-57.954,-23.774,30.0,4.5,mb,,,,1.3,us,usp0001skz,2014-11-07T00:32:33.883Z,South Sandwich Islands region,earthquake,,,,2.0,reviewed,us,us
1983-01-26T01:05:50.790Z,-23.971,-66.997,186.0,5.2,mb,,,,0.9,us,usp0001sm0,2025-12-19T21:34:56.766Z,"74 km WNW of San Antonio de los Cobres, Argentina",earthquake,,,,31.0,reviewed,us,us
1983-01-26T02:08:16.590Z,16.145,-95.494,46.4,4.5,mb,,,,0.9,us,usp0001sm1,2014-11-07T00:32:33.901Z,"13 km WNW of El Morro, Mexico",earthquake,,4.9,,4.0,reviewed,us,us
1983-01-26T04:40:12.370Z,-49.731,-114.271,10.0,5.1,mb,,,,1.3,us,usp0001sm5,2025-12-19T20:59:18.428Z,southern East Pacific Rise,earthquake,,,,7.0,reviewed,us,us
1983-01-26T04:43:20.580Z,-49.556,-114.079,10.0,6.4,mw,,,,1.4,us,usp0001sm6,2025-12-19T21:34:57.940Z,southern East Pacific Rise,earthquake,,,,,reviewed,us,nc
1983-01-26T06:03:24.660Z,-26.645,-178.076,189.6,4.8,mb,,,,1.2,us,usp0001sm7,2014-11-07T00:32:33.932Z,south of the Fiji Islands,earthquake,,14.5,,3.0,reviewed,us,us
1983-01-26T06:16:12.800Z,-30.656,117.241,10.0,5.1,mb,,,,1.2,us,usp0001sm8,2020-04-16T20:06:45.631Z,"118 km E of Moora, Australia",earthquake,,,,5.0,reviewed,us,us
1983-01-26T06:40:54.370Z,8.408,122.732,75.9,5.0,mb,,,,1.0,us,usp0001sm9,2014-11-07T00:32:33.938Z,"29 km WNW of Siari, Philippines",earthquake,,5.6,,14.0,reviewed,us,us
1983-01-26T08:01:21.900Z,-35.758,-72.905,33.0,4.7,mb,,,,0.8,us,usp0001sma,2014-11-07T00:32:33.944Z,"57 km WNW of Cauquenes, Chile",earthquake,,,,2.0,reviewed,us,us
1983-01-26T16:02:21.350Z,-30.383,-179.339,238.0,7.0,mw,,,,1.2,us,usp0001smj,2022-04-28T00:17:18.777Z,Kermadec Islands region,earthquake,,,,,reviewed,us,nc
1983-01-26T17:52:39.630Z,-6.127,150.028,50.4,4.8,mb,,,,1.1,us,usp0001smk,2025-12-19T21:34:59.192Z,"53 km E of Kandrian, Papua New Guinea",earthquake,,4.9,,6.0,reviewed,us,us
1983-01-26T18:55:56.870Z,-15.453,-173.477,41.0,5.4,mb,,,,1.2,us,usp0001smn,2014-11-07T00:32:34.012Z,"65 km NNE of Hihifo, Tonga",earthquake,,,,18.0,reviewed,us,us
1983-01-26T19:40:27.470Z,-17.029,-177.75,574.5,4.9,mb,,,,0.9,us,usp0001smq,2014-11-07T00:32:34.023Z,Fiji region,earthquake,,5.4,,3.0,reviewed,us,us
1983-01-26T20:23:30.560Z,-7.247,155.965,68.0,5.1,mb,,,,0.9,us,usp0001smr,2014-11-07T00:32:34.025Z,"115 km SSE of Panguna, Papua New Guinea",earthquake,,3.7,,7.0,reviewed,us,us
1983-01-26T21:58:15.000Z,-20.696,-69.015,132.8,4.7,mb,,,,1.1,us,usp0001smt,2014-11-07T00:32:34.034Z,"129 km ESE of Iquique, Chile",earthquake,,6.5,,3.0,reviewed,us,us
1983-01-27T02:03:21.830Z,18.279,-81.925,10.0,5.1,mb,,,,1.2,us,usp0001smu,2014-11-07T00:32:34.036Z,"125 km SSW of George Town, Cayman Islands",earthquake,,,,44.0,reviewed,us,us
1983-01-27T04:05:12.790Z,44.466,148.197,69.7,5.0,mb,,,,0.8,us,usp0001smx,2025-12-19T21:35:00.348Z,"88 km SSE of Kuril’sk, Russia",earthquake,,4.2,,38.0,reviewed,us,us
1983-01-27T04:45:40.250Z,29.056,81.394,33.0,4.8,mb,,,,1.1,us,usp0001smy,2014-11-07T00:32:34.070Z,"38 km NW of Dailekh, Nepal",earthquake,,,,6.0,reviewed,us,us
1983-01-27T04:50:50.480Z,35.263,27.473,46.9,4.5,mb,,,,1.0,us,usp0001smz,2014-11-07T00:32:34.073Z,"35 km SE of Karpathos, Greece",earthquake,,3.7,,25.0,reviewed,us,us
1983-01-27T06:05:39.270Z,-62.078,164.803,10.0,5.2,mb,,,,1.4,us,usp0001sn0,2014-11-07T00:32:34.086Z,Balleny Islands region,earthquake,,,,1.0,reviewed,us,us
1983-01-27T07:35:08.410Z,-20.177,-70.643,45.6,5.2,mb,,,,1.1,us,usp0001sn2,2014-11-07T00:32:34.090Z,"51 km W of Iquique, Chile",earthquake,,6.7,,2.0,reviewed,us,us
1983-01-27T09:07:32.090Z,35.732,139.585,63.9,4.8,mb,,,,0.9,us,usp0001sn4,2014-11-07T00:32:34.096Z,"3 km NE of Musashino, Japan",earthquake,,1.6,,8.0,reviewed,us,us
1983-01-27T09:42:43.620Z,35.745,139.593,61.9,4.9,mb,,,,1.1,us,usp0001sn6,2014-11-07T00:32:34.104Z,"5 km ENE of Tanashich?, Japan",earthquake,,2.3,,7.0,reviewed,us,us
1983-01-27T11:54:02.250Z,-24.587,-175.822,33.0,5.2,mb,,,,1.5,us,usp0001sn8,2014-11-07T00:32:34.110Z,south of Tonga,earthquake,,,,6.0,reviewed,us,us
1983-01-27T15:51:43.950Z,-31.815,-108.673,10.0,4.6,mb,,,,0.7,us,usp0001snb,2014-11-07T00:32:34.118Z,Easter Island region,earthquake,,,,2.0,reviewed,us,us
1983-01-27T16:36:47.610Z,-6.931,129.519,168.7,4.8,mb,,,,1.2,us,usp0001snc,2014-11-07T00:32:34.120Z,Banda Sea,earthquake,,6.1,,8.0,reviewed,us,us
1983-01-27T17:08:16.260Z,36.471,71.147,54.6,4.6,mb,,,,1.4,us,usp0001snd,2014-11-07T00:32:34.123Z,"41 km SW of Ashk?sham, Afghanistan",earthquake,,12.1,,9.0,reviewed,us,us
1983-01-27T17:46:20.560Z,-17.741,-179.679,618.2,4.6,mb,,,,0.9,us,usp0001snf,2014-11-07T00:32:34.128Z,"112 km ENE of Levuka, Fiji",earthquake,,4.2,,9.0,reviewed,us,us
1983-01-27T19:01:35.300Z,-24.105,-66.96,188.0,5.6,mb,,,,1.1,us,usp0001snh,2022-04-28T00:17:21.112Z,"Salta, Argentina",earthquake,,,,27.0,reviewed,us,us
1983-01-27T19:21:18.970Z,-33.84,56.206,10.0,4.7,mb,,,,1.4,us,usp0001snj,2014-11-07T00:32:34.147Z,Southwest Indian Ridge,earthquake,,,,4.0,reviewed,us,us
1983-01-27T21:23:15.300Z,10.737,125.74,33.0,4.7,mb,,,,1.3,us,usp0001snm,2025-12-19T21:35:01.465Z,"23 km SSW of Sulangan, Philippines",earthquake,,,,10.0,reviewed,us,us
1983-01-28T03:15:09.330Z,2.602,124.075,354.0,5.6,mb,,,,1.2,us,usp0001snx,2022-04-28T00:17:22.321Z,"150 km NW of Manado, Indonesia",earthquake,,,,49.0,reviewed,us,us
1983-01-28T07:50:10.540Z,-26.714,-177.772,170.7,4.8,mb,,,,1.7,us,usp0001sny,2014-11-07T00:32:34.206Z,south of the Fiji Islands,earthquake,,8.1,,8.0,reviewed,us,us
1983-01-28T08:38:43.050Z,36.631,94.773,33.0,4.9,mb,,,,0.8,us,usp0001snz,2026-01-07T19:42:50.384Z,"northern Qinghai, China",earthquake,,,,9.0,reviewed,us,us
1983-01-28T09:12:27.330Z,38.118,20.061,18.0,4.6,mb,,,,1.2,us,usp0001sp0,2014-11-07T00:32:34.216Z,"34 km WSW of Lixoúri, Greece",earthquake,,4.1,,5.0,reviewed,us,us
1983-01-28T11:17:31.580Z,-18.46,168.929,215.4,4.7,mb,,,,1.2,us,usp0001sp3,2014-11-07T00:32:34.225Z,"103 km SE of Port-Vila, Vanuatu",earthquake,,4.1,,5.0,reviewed,us,us
1983-01-28T13:59:48.460Z,36.169,141.679,54.8,4.7,mb,,,,1.0,us,usp0001sp7,2014-11-07T00:32:34.235Z,"90 km ENE of Hasaki, Japan",earthquake,,6.4,,2.0,reviewed,us,us
1983-01-28T14:23:03.020Z,-10.887,165.924,64.0,5.6,mb,,,,1.0,us,usp0001sp9,2025-12-19T21:35:02.681Z,"22 km SE of Lata, Solomon Islands",earthquake,,,,30.0,reviewed,us,us
1983-01-28T15:05:34.670Z,28.688,139.415,441.5,5.1,mb,,,,0.8,us,usp0001spb,2014-11-07T00:32:34.256Z,"Bonin Islands, Japan region",earthquake,,2.2,,43.0,reviewed,us,us
1983-01-28T21:01:37.260Z,-3.033,177.844,33.0,4.9,mb,,,,0.7,us,usp0001spf,2014-11-07T00:32:34.278Z,"Gilbert Islands, Kiribati region",earthquake,,,,7.0,reviewed,us,us
1983-01-28T23:11:05.860Z,-36.226,-100.974,10.0,5.5,ms,,,,1.1,us,usp0001spj,2025-12-19T21:35:03.990Z,southeast of Easter Island,earthquake,,,,1.0,reviewed,us,us
1983-01-28T23:16:34.920Z,-18.711,169.221,243.4,5.2,mb,,,,1.0,us,usp0001spk,2014-11-07T00:32:34.292Z,"92 km N of Isangel, Vanuatu",earthquake,,3.5,,11.0,reviewed,us,us
1983-01-29T00:07:00.790Z,-17.771,179.983,637.8,4.9,mb,,,,1.0,us,usp0001spm,2014-11-07T00:32:34.311Z,"77 km ENE of Levuka, Fiji",earthquake,,5.4,,11.0,reviewed,us,us
1983-01-29T00:34:48.640Z,-3.208,129.596,45.1,5.0,mb,,,,1.0,us,usp0001spn,2014-11-07T00:32:34.317Z,"76 km E of Amahai, Indonesia",earthquake,,12.3,,10.0,reviewed,us,us
1983-01-29T02:44:10.360Z,36.71,141.377,54.7,5.0,mb,,,,1.1,us,usp0001spq,2026-01-07T19:42:51.134Z,"56 km E of Kitaibaraki, Japan",earthquake,,3.1,,19.0,reviewed,us,us
1983-01-29T06:53:23.040Z,-18.975,-67.197,242.7,5.1,mb,,,,0.9,us,usp0001spw,2014-11-07T00:32:34.343Z,"45 km W of Challapata, Bolivia",earthquake,,3.7,,3.0,reviewed,us,us
1983-01-29T09:54:56.380Z,48.268,146.138,465.0,4.8,mb,,,,0.7,us,usp0001spy,2014-11-07T00:32:34.347Z,"247 km ESE of Poronaysk, Russia",earthquake,,5.9,,19.0,reviewed,us,us
1983-01-29T10:02:14.000Z,48.302,146.129,463.4,4.8,mb,,,,0.8,us,usp0001spz,2014-11-07T00:32:34.352Z,"245 km ESE of Poronaysk, Russia",earthquake,,7.5,,20.0,reviewed,us,us
1983-01-29T15:29:17.930Z,-58.151,-24.206,42.0,5.5,ms,,,,1.3,us,usp0001sq7,2025-12-19T21:35:05.191Z,South Sandwich Islands region,earthquake,,,,2.0,reviewed,us,us
1983-01-29T17:27:43.400Z,51.814,176.513,33.0,4.5,mb,,,,0.6,us,usp0001sqa,2014-11-07T00:32:34.377Z,"254 km ESE of Attu Station, Alaska",earthquake,,,,1.0,reviewed,us,us
1983-01-29T17:47:52.360Z,-17.64,179.98,630.0,4.7,mb,,,,0.8,us,usp0001sqb,2014-11-07T00:32:34.378Z,"84 km NE of Levuka, Fiji",earthquake,,5.0,,5.0,reviewed,us,us
1983-01-29T17:52:13.310Z,23.748,94.069,81.3,4.5,mb,,,,1.5,us,usp0001sqc,2014-11-07T00:32:34.381Z,"36 km WNW of Mawlaik, Myanmar",earthquake,,12.4,,2.0,reviewed,us,us
1983-01-29T18:29:18.980Z,38.607,-29.38,10.0,4.9,mb,,,,1.0,us,usp0001sqe,2014-11-07T00:32:34.384Z,"58 km W of Castelo Branco, Portugal",earthquake,,,,8.0,reviewed,us,us
1983-01-29T20:31:40.660Z,33.174,88.19,33.0,4.5,mb,,,,1.3,us,usp0001sqh,2014-11-07T00:32:34.390Z,western Xizang,earthquake,,,,2.0,reviewed,us,us
1983-01-29T23:07:13.970Z,-5.604,103.348,33.0,4.7,mb,,,,0.7,us,usp0001sqm,2014-11-07T00:32:34.395Z,"174 km S of Pagar Alam, Indonesia",earthquake,,,,7.0,reviewed,us,us
1983-01-30T01:26:05.910Z,5.452,94.944,82.6,5.2,mb,,,,1.1,us,usp0001sqp,2025-12-19T21:35:06.351Z,"44 km WSW of Banda Aceh, Indonesia",earthquake,,3.8,,22.0,reviewed,us,us
1983-01-30T05:21:50.530Z,-58.919,-25.544,33.0,5.1,mb,,,,0.9,us,usp0001sqr,2025-12-19T21:35:07.760Z,South Sandwich Islands region,earthquake,,,,4.0,reviewed,us,us
1983-01-30T10:13:12.740Z,28.7,142.612,33.0,4.7,mb,,,,1.0,us,usp0001sqv,2014-11-07T00:32:34.424Z,"Bonin Islands, Japan region",earthquake,,,,4.0,reviewed,us,us
1983-01-30T13:29:53.730Z,-10.34,161.259,93.8,4.7,mb,,,,0.9,us,usp0001sr0,2014-11-07T00:32:34.433Z,"73 km W of Kirakira, Solomon Islands",earthquake,,3.5,,10.0,reviewed,us,us
1983-01-30T14:22:41.300Z,-27.733,-176.865,33.0,4.7,ms,,,,0.8,us,usp0001sr2,2014-11-07T00:32:34.439Z,Kermadec Islands region,earthquake,,,,1.0,reviewed,us,us
1983-01-30T15:13:50.620Z,-24.726,179.919,541.6,4.5,mb,,,,1.0,us,usp0001sr3,2014-11-07T00:32:34.441Z,south of the Fiji Islands,earthquake,,13.8,,2.0,reviewed,us,us
1983-01-30T17:06:35.610Z,38.172,21.806,12.9,4.6,mb,,,,1.2,us,usp0001sr4,2014-11-07T00:32:34.443Z,"6 km ESE of Ovriá, Greece",earthquake,,1.7,,10.0,reviewed,us,us
1983-01-30T17:24:52.570Z,-24.331,-67.237,184.5,4.7,mb,,,,1.6,us,usp0001sr6,2014-11-07T00:32:34.451Z,"94 km W of San Antonio de los Cobres, Argentina",earthquake,,7.0,,1.0,reviewed,us,us
1983-01-30T22:08:52.000Z,61.105,-159.217,33.0,4.6,mb,,,,1.4,us,usp0001srb,2014-11-07T00:32:34.461Z,"52 km S of Chuathbaluk, Alaska",earthquake,,,,3.0,reviewed,us,us
1983-01-30T22:45:41.560Z,33.407,140.812,63.1,5.7,mb,,,,0.9,us,usp0001src,2025-12-19T21:35:08.898Z,"195 km SSE of Tateyama, Japan",earthquake,,1.9,,66.0,reviewed,us,us
1983-01-30T23:30:40.850Z,54.8,162.385,33.0,4.7,mb,,,,0.6,us,usp0001srd,2014-11-07T00:32:34.504Z,"159 km S of Ust’-Kamchatsk Staryy, Russia",earthquake,,,,5.0,reviewed,us,us
1983-01-31T00:01:45.910Z,22.1,121.722,25.8,5.0,mb,,,,1.1,us,usp0001sre,2026-01-07T19:37:24.808Z,"101 km E of Hengchun, Taiwan",earthquake,,4.1,,9.0,reviewed,us,us
1983-01-31T01:04:37.870Z,-21.688,-178.971,576.1,4.7,mb,,,,1.2,us,usp0001srg,2014-11-07T00:32:34.512Z,Fiji region,earthquake,,8.9,,6.0,reviewed,us,us
1983-01-31T03:26:04.190Z,24.567,94.889,74.0,4.8,mb,,,,1.3,us,usp0001srk,2014-11-07T00:32:34.522Z,Myanmar-India border region,earthquake,,6.6,,9.0,reviewed,us,us
1983-01-31T05:21:28.510Z,54.958,167.928,33.0,4.5,mb,,,,1.1,us,usp0001srm,2014-11-07T00:32:34.524Z,"Komandorskiye Ostrova, Russia region",earthquake,,,,8.0,reviewed,us,us
1983-01-31T05:32:20.640Z,-7.344,128.724,175.0,5.2,mb,,,,1.1,us,usp0001srn,2025-12-19T21:35:10.054Z,"230 km NE of Lospalos, Timor Leste",earthquake,,2.8,,20.0,reviewed,us,us
1983-01-31T09:55:40.150Z,-5.73,101.466,33.0,4.5,mb,,,,1.3,us,usp0001srp,2026-01-07T19:42:52.020Z,"231 km SSW of Bengkulu, Indonesia",earthquake,,,,1.0,reviewed,us,us
1983-01-31T12:27:19.780Z,-8.422,-74.223,115.3,4.8,mb,,,,0.7,us,usp0001srw,2014-11-07T00:32:34.548Z,"34 km E of San Fernando, Peru",earthquake,,8.9,,7.0,reviewed,us,us
1983-01-31T15:27:00.000Z,38.112,20.301,27.5,5.1,mb,,,,1.3,us,usp0001ss0,2025-12-19T21:35:11.265Z,"15 km SW of Lixoúri, Greece",earthquake,,3.5,,32.0,reviewed,us,us
1983-01-31T17:37:46.960Z,-23.363,44.26,10.0,4.9,mb,,,,1.2,us,usp0001ss5,2025-12-19T21:35:12.453Z,"26 km NE of Antanimena, Madagascar",earthquake,,,,6.0,reviewed,us,us
1983-01-31T18:56:49.790Z,28.888,57.29,101.0,5.1,mb,,,,0.8,us,usp0001ss6,2014-11-07T00:32:34.580Z,"64 km SE of K?h Sef?d, Iran",earthquake,,,,22.0,reviewed,us,us
1983-01-31T19:57:58.660Z,51.298,-178.446,33.0,4.7,mb,,,,1.2,us,usp0001ss7,2014-11-07T00:32:34.586Z,"140 km WSW of Adak, Alaska",earthquake,,,,4.0,reviewed,us,us
1983-01-31T21:17:31.510Z,-3.48,177.709,31.0,5.6,mw,,,,1.0,us,usp0001ss8,2025-12-19T21:35:13.706Z,"293 km N of Kulia Village, Tuvalu",earthquake,,,,,reviewed,us,nc
1983-01-31T22:54:51.110Z,16.094,-95.513,32.5,5.0,mb,,,,1.1,us,usp0001ss9,2014-11-07T00:32:34.600Z,"13 km WNW of El Carrizal, Mexico",earthquake,,2.8,,7.0,reviewed,us,us
1983-02-01T00:02:52.610Z,-18.237,168.73,104.5,5.0,mb,,,,1.4,us,usp0001ssa,2014-11-07T00:32:35.484Z,"70 km SE of Port-Vila, Vanuatu",earthquake,,13.8,,5.0,reviewed,us,us
1983-02-01T02:07:07.790Z,-3.493,140.158,33.0,5.0,mb,,,,1.0,us,usp0001ssb,2014-11-07T00:32:36.078Z,"112 km SSW of Abepura, Indonesia",earthquake,,,,10.0,reviewed,us,us
1983-02-01T04:22:51.120Z,-23.03,-68.796,102.0,5.2,mb,,,,1.1,us,usp0001ssc,2025-12-19T20:59:12.874Z,"62 km WSW of San Pedro de Atacama, Chile",earthquake,,,,23.0,reviewed,us,us
1983-02-01T05:18:00.220Z,-17.22,66.503,10.0,4.8,mb,,,,0.7,us,usp0001ssd,2014-11-07T00:32:36.414Z,Mauritius - Reunion region,earthquake,,,,4.0,reviewed,us,us
1983-02-01T06:16:08.730Z,43.208,-126.42,10.0,4.9,mb,,,,1.2,us,usp0001sse,2014-11-07T00:32:36.430Z,"163 km W of Langlois, Oregon",earthquake,,,,10.0,reviewed,us,us
1983-02-01T08:42:19.060Z,30.738,131.189,52.2,4.6,mb,,,,1.1,us,usp0001ssf,2014-11-07T00:32:36.488Z,"18 km E of Nishinoomote, Japan",earthquake,,5.4,,5.0,reviewed,us,us
1983-02-01T13:54:11.350Z,40.179,28.958,10.0,4.8,mb,,,,1.1,us,usp0001ssj,2014-11-07T00:32:36.535Z,"8 km WSW of Bursa, Turkey",earthquake,,,,1.0,reviewed,us,us
1983-02-01T15:38:07.030Z,-4.657,144.027,67.6,5.3,mb,,,,1.0,us,usp0001ssm,2025-12-19T21:33:02.019Z,"65 km S of Angoram, Papua New Guinea",earthquake,,3.4,,15.0,reviewed,us,us
1983-02-01T20:47:40.100Z,-29.72,-71.256,71.7,4.7,mb,,,,1.1,us,usp0001ssr,2014-11-07T00:32:36.698Z,"20 km N of La Serena, Chile",earthquake,,7.4,,2.0,reviewed,us,us
1983-02-01T21:14:26.300Z,-4.229,140.473,33.0,4.8,mb,,,,1.2,us,usp0001sss,2025-12-19T21:33:02.660Z,"181 km S of Abepura, Indonesia",earthquake,,,,3.0,reviewed,us,us
1983-02-02T01:15:56.450Z,-17.784,-13.558,10.0,4.7,mb,,,,1.2,us,usp0001st1,2014-11-07T00:32:36.987Z,southern Mid-Atlantic Ridge,earthquake,,,,2.0,reviewed,us,us
1983-02-02T12:43:11.800Z,38.098,20.196,10.0,4.6,mb,,,,1.1,us,usp0001sta,2014-11-07T00:32:37.094Z,"24 km WSW of Lixoúri, Greece",earthquake,,,,5.0,reviewed,us,us
1983-02-02T14:04:59.400Z,14.031,56.77,10.0,5.0,mb,,,,1.2,us,usp0001stb,2014-11-07T00:32:37.114Z,Owen Fracture Zone region,earthquake,,,,14.0,reviewed,us,us
1983-02-02T14:36:11.830Z,-20.749,-174.019,33.0,5.1,mb,,,,0.9,us,usp0001stc,2022-04-28T00:11:34.443Z,"109 km SSE of Pangai, Tonga",earthquake,,,,5.0,reviewed,us,us
1983-02-02T19:17:35.320Z,-42.678,-75.746,33.0,4.7,mb,,,,0.6,us,usp0001ste,2014-11-07T00:32:37.173Z,"161 km W of Chonchi, Chile",earthquake,,,,3.0,reviewed,us,us
1983-02-02T20:36:47.510Z,-1.354,-14.168,10.0,4.9,mb,,,,1.0,us,usp0001stf,2014-11-07T00:32:37.180Z,north of Ascension Island,earthquake,,,,10.0,reviewed,us,us
1983-02-02T20:44:05.500Z,26.894,92.893,33.0,5.2,mb,,,,0.9,us,usp0001stg,2026-01-07T19:42:03.616Z,"23 km ENE of Rang?p?ra, India",earthquake,,,,25.0,reviewed,us,us
1983-02-03T01:20:49.620Z,12.95,121.321,33.0,4.9,mb,,,,0.9,us,usp0001stm,2025-12-19T21:33:03.488Z,"4 km W of Malamig, Philippines",earthquake,,,,4.0,reviewed,us,us
1983-02-03T02:37:55.200Z,14.967,-60.561,65.0,4.5,mb,,,,0.8,us,usp0001stn,2014-11-07T00:32:37.281Z,"50 km ENE of La Trinité, Martinique",earthquake,,3.2,,3.0,reviewed,us,us
1983-02-03T12:29:21.050Z,5.361,94.284,33.0,4.8,mb,,,,1.0,us,usp0001sts,2014-11-07T00:32:37.337Z,"117 km W of Banda Aceh, Indonesia",earthquake,,,,2.0,reviewed,us,us
1983-02-03T13:46:02.310Z,29.165,34.832,10.0,4.9,mb,,,,1.0,us,usp0001stu,2014-11-07T00:32:37.358Z,"20 km NE of Nuwaybi‘a, Egypt",earthquake,,,,19.0,reviewed,us,us
1983-02-03T17:32:24.090Z,29.188,34.863,10.0,4.5,mb,,,,1.1,us,usp0001stv,2014-11-07T00:32:37.384Z,"24 km NE of Nuwaybi‘a, Egypt",earthquake,,,,1.0,reviewed,us,us
1983-02-03T17:57:21.230Z,-23.89,179.821,518.3,5.1,mb,,,,1.0,us,usp0001stw,2014-11-07T00:32:37.394Z,south of the Fiji Islands,earthquake,,6.8,,9.0,reviewed,us,us
1983-02-03T19:11:34.750Z,29.185,34.668,10.0,4.5,mb,,,,1.0,us,usp0001stx,2014-11-07T00:32:37.416Z,"15 km N of Nuwaybi‘a, Egypt",earthquake,,,,6.0,reviewed,us,us
1983-02-03T23:30:24.920Z,29.272,34.766,10.0,4.8,mb,,,,1.0,us,usp0001stz,2014-11-07T00:32:37.482Z,"25 km SW of Tala Bay, Jordan",earthquake,,,,26.0,reviewed,us,us
1983-02-04T00:34:12.550Z,37.822,19.905,10.0,4.7,mb,,,,1.0,us,usp0001su0,2014-11-07T00:32:37.509Z,"62 km SW of Lixoúri, Greece",earthquake,,,,7.0,reviewed,us,us
1983-02-04T05:51:34.140Z,38.168,22.181,10.0,4.5,mb,,,,1.2,us,usp0001su2,2014-11-07T00:32:37.640Z,"9 km SSE of Témeni, Greece",earthquake,,,,22.0,reviewed,us,us
1983-02-04T06:31:15.830Z,1.493,127.294,144.0,5.5,mb,,,,0.9,us,usp0001su3,2025-12-19T21:33:04.167Z,"78 km N of Ternate, Indonesia",earthquake,,,,35.0,reviewed,us,us
1983-02-04T15:21:57.120Z,-4.302,152.797,36.6,5.4,mb,,,,0.9,us,usp0001sub,2025-12-19T21:33:04.866Z,"58 km E of Kokopo, Papua New Guinea",earthquake,,2.2,,19.0,reviewed,us,us
1983-02-04T19:05:59.440Z,-10.228,124.4,33.0,5.5,mb,,,,1.3,us,usp0001sug,2025-12-19T21:33:05.654Z,"42 km SSE of Soe, Indonesia",earthquake,,,,22.0,reviewed,us,us
1983-02-05T03:06:58.050Z,-8.319,128.377,33.0,4.8,mb,,,,1.0,us,usp0001suk,2014-11-07T00:32:38.188Z,"153 km E of Lospalos, Timor Leste",earthquake,,,,3.0,reviewed,us,us
1983-02-05T03:51:57.440Z,-5.588,153.086,40.0,5.0,mb,,,,1.1,us,usp0001sum,2014-11-07T00:32:38.193Z,"164 km SSE of Kokopo, Papua New Guinea",earthquake,,4.9,,8.0,reviewed,us,us
1983-02-05T13:09:49.170Z,44.673,147.902,125.6,4.6,mb,,,,0.7,us,usp0001suu,2014-11-07T00:32:38.235Z,"61 km S of Kuril’sk, Russia",earthquake,,6.5,,10.0,reviewed,us,us
1983-02-05T14:07:27.950Z,35.237,23.314,49.2,4.7,mb,,,,1.1,us,usp0001suv,2014-11-07T00:32:38.243Z,"33 km W of Palaióchora, Greece",earthquake,,4.7,,11.0,reviewed,us,us
1983-02-05T14:30:43.380Z,3.111,128.471,217.6,4.7,mb,,,,1.1,us,usp0001suw,2014-11-07T00:32:38.266Z,"161 km NNE of Tobelo, Indonesia",earthquake,,7.9,,7.0,reviewed,us,us
1983-02-05T15:47:19.130Z,-6.512,154.887,44.5,5.0,mb,,,,0.8,us,usp0001suy,2014-11-07T00:32:38.277Z,"69 km WSW of Panguna, Papua New Guinea",earthquake,,3.3,,8.0,reviewed,us,us
1983-02-05T17:07:53.090Z,-3.5,177.704,33.0,5.2,mb,,,,0.7,us,usp0001sv0,2014-11-07T00:32:38.295Z,"291 km N of Kulia Village, Tuvalu",earthquake,,,,15.0,reviewed,us,us
1983-02-05T19:46:23.840Z,41.261,142.802,57.0,4.8,mb,,,,0.9,us,usp0001sv3,2014-11-07T00:32:38.320Z,"124 km SSE of Shizunai-furukawach?, Japan",earthquake,,5.4,,3.0,reviewed,us,us
1983-02-05T23:41:03.610Z,16.063,-95.093,33.0,5.5,mb,,,,0.9,us,usp0001sv6,2025-12-19T21:33:06.502Z,"16 km SE of Salina Cruz, Mexico",earthquake,,,,11.0,reviewed,us,us
1983-02-05T23:51:45.800Z,-3.514,177.768,33.0,5.8,mb,,,,0.8,us,usp0001sv7,2025-12-19T21:33:07.451Z,"290 km N of Kulia Village, Tuvalu",earthquake,,,,31.0,reviewed,us,us
1983-02-06T00:36:51.780Z,-24.922,-68.715,109.2,4.8,mb,,,,1.4,us,usp0001sv9,2014-11-07T00:32:38.408Z,"182 km NW of Antofagasta de la Sierra, Argentina",earthquake,,5.7,,4.0,reviewed,us,us
1983-02-06T01:52:32.110Z,36.23,68.965,73.0,5.1,mb,,,,0.9,us,usp0001sva,2026-01-07T19:42:04.543Z,"23 km NW of Nahr?n, Afghanistan",earthquake,,7.2,,30.0,reviewed,us,us
1983-02-06T02:15:53.920Z,26.36,128.823,33.0,4.5,mb,,,,1.1,us,usp0001svb,2026-01-07T19:37:19.560Z,"88 km ESE of Nago, Japan",earthquake,,,,2.0,reviewed,us,us
1983-02-06T07:11:56.880Z,-9.86,120.652,33.0,4.7,mb,,,,1.3,us,usp0001sve,2014-11-07T00:32:38.461Z,"48 km ESE of Waingapu, Indonesia",earthquake,,,,6.0,reviewed,us,us
1983-02-06T12:51:03.160Z,2.015,128.277,97.6,4.9,mb,,,,1.0,us,usp0001svg,2014-11-07T00:32:38.483Z,"43 km NE of Tobelo, Indonesia",earthquake,,16.9,,7.0,reviewed,us,us
1983-02-06T14:37:29.780Z,-21.132,-69.281,94.8,5.3,mb,,,,1.3,us,usp0001svk,2014-11-07T00:32:38.555Z,"136 km SE of Iquique, Chile",earthquake,,8.6,,1.0,reviewed,us,us
1983-02-06T16:15:28.620Z,-3.58,177.807,33.0,5.0,mb,,,,0.9,us,usp0001svm,2014-11-07T00:32:38.563Z,"284 km N of Kulia Village, Tuvalu",earthquake,,,,11.0,reviewed,us,us
1983-02-06T20:25:16.590Z,44.571,-110.643,5.0,4.7,mb,,,,0.9,us,usp0001svp,2018-06-04T20:43:45.000Z,"37 km ESE of West Yellowstone, Montana",earthquake,,,,5.0,reviewed,us,us
1983-02-06T23:35:34.990Z,35.806,23.204,51.2,4.7,mb,,,,1.3,us,usp0001svs,2014-11-07T00:32:38.607Z,"42 km SSE of Kýthira, Greece",earthquake,,7.5,,9.0,reviewed,us,us
1983-02-07T01:21:02.000Z,-10.317,161.118,82.9,5.3,mb,,,,0.9,us,usp0001svu,2022-04-28T00:11:51.934Z,"89 km W of Kirakira, Solomon Islands",earthquake,,3.6,,28.0,reviewed,us,us
1983-02-07T05:27:44.890Z,24.844,121.989,22.0,4.9,mb,,,,1.4,us,usp0001svx,2026-01-07T19:42:05.420Z,"25 km ENE of Yilan, Taiwan",earthquake,,4.9,,1.0,reviewed,us,us
1983-02-07T11:07:23.700Z,-26.689,-177.643,151.6,5.5,mb,,,,1.2,us,usp0001sw2,2025-12-19T21:33:08.375Z,south of the Fiji Islands,earthquake,,3.8,,19.0,reviewed,us,us
1983-02-07T11:54:48.640Z,16.872,-98.365,50.7,5.5,mb,,,,0.8,us,usp0001sw3,2022-04-28T00:11:54.242Z,"6 km NE of San Cristóbal, Mexico",earthquake,,3.4,,44.0,reviewed,us,us
1983-02-07T15:06:27.550Z,26.838,57.562,33.0,5.7,ms,,,,0.9,us,usp0001sw4,2025-12-19T21:33:09.197Z,"57 km SE of M?n?b, Iran",earthquake,,,,14.0,reviewed,us,us
1983-02-07T16:53:30.500Z,49.369,155.567,33.0,5.3,mb,,,,0.9,us,usp0001sw5,2026-01-07T19:42:06.272Z,"150 km SSW of Severo-Kuril’sk, Russia",earthquake,,,,45.0,reviewed,us,us
1983-02-07T16:56:33.790Z,-7.03,129.004,181.9,4.8,mb,,,,1.1,us,usp0001sw6,2014-11-07T00:32:38.826Z,"275 km NE of Lospalos, Timor Leste",earthquake,,5.8,,5.0,reviewed,us,us
1983-02-07T17:55:54.000Z,-28.915,-178.776,292.8,5.0,mb,,,,1.1,us,usp0001sw8,2014-11-07T00:32:38.835Z,Kermadec Islands region,earthquake,,4.4,,17.0,reviewed,us,us
1983-02-07T18:23:16.640Z,-29.707,-177.837,52.0,6.0,mb,,,,1.0,us,usp0001sw9,2025-12-19T21:33:09.966Z,"Kermadec Islands, New Zealand",earthquake,,,,41.0,reviewed,us,us
1983-02-07T19:52:55.870Z,51.716,159.585,33.0,5.0,mb,,,,0.8,us,usp0001swa,2026-01-07T19:42:07.007Z,"157 km SSE of Vilyuchinsk, Russia",earthquake,,,,14.0,reviewed,us,us
1983-02-07T21:26:07.960Z,33.645,136.01,407.8,4.8,mb,,,,0.8,us,usp0001swb,2014-11-07T00:32:38.941Z,"10 km SSE of Shing?, Japan",earthquake,,1.7,,39.0,reviewed,us,us
1983-02-08T00:04:29.950Z,-5.335,129.203,192.4,4.7,mb,,,,1.1,us,usp0001swd,2014-11-07T00:32:38.962Z,"213 km SSE of Ambon, Indonesia",earthquake,,8.1,,4.0,reviewed,us,us
1983-02-08T00:51:20.500Z,26.401,126.107,145.3,4.5,mb,,,,0.8,us,usp0001swf,2014-11-07T00:32:38.970Z,"158 km W of Naha, Japan",earthquake,,6.9,,10.0,reviewed,us,us
1983-02-08T05:09:34.250Z,51.807,159.628,33.0,5.0,mb,,,,1.1,us,usp0001swk,2025-12-19T21:33:10.759Z,"150 km SSE of Vilyuchinsk, Russia",earthquake,,,,27.0,reviewed,us,us
1983-02-08T06:20:58.530Z,51.752,159.687,33.0,5.0,mb,,,,0.9,us,usp0001swm,2014-11-07T00:32:39.041Z,"157 km SSE of Vilyuchinsk, Russia",earthquake,,,,10.0,reviewed,us,us
1983-02-08T06:47:11.420Z,-31.91,57.319,10.0,5.4,mb,,,,0.9,us,usp0001swn,2014-11-07T00:32:39.048Z,Southwest Indian Ridge,earthquake,,,,13.0,reviewed,us,us
1983-02-08T06:58:43.250Z,51.754,159.618,33.0,5.7,ms,,,,1.2,us,usp0001swp,2025-12-19T21:33:11.443Z,"154 km SSE of Vilyuchinsk, Russia",earthquake,,,,8.0,reviewed,us,us
1983-02-08T07:36:11.080Z,52.002,159.334,33.0,4.8,mb,,,,0.5,us,usp0001swq,2014-11-07T00:32:39.125Z,"121 km SSE of Vilyuchinsk, Russia",earthquake,,,,6.0,reviewed,us,us
1983-02-08T09:24:07.410Z,51.832,159.581,33.0,4.9,mb,,,,1.0,us,usp0001sws,2014-11-07T00:32:39.242Z,"146 km SSE of Vilyuchinsk, Russia",earthquake,,,,19.0,reviewed,us,us
1983-02-08T09:40:28.400Z,52.071,158.992,33.0,4.8,mb,,,,0.9,us,usp0001swu,2014-11-07T00:32:39.427Z,"103 km SSE of Vilyuchinsk, Russia",earthquake,,,,7.0,reviewed,us,us
1983-02-08T10:19:50.470Z,-6.324,147.615,53.4,5.1,mb,,,,1.1,us,usp0001swv,2026-01-07T19:42:07.896Z,"36 km NW of Finschhafen, Papua New Guinea",earthquake,,3.8,,10.0,reviewed,us,us
1983-02-08T14:06:18.790Z,45.975,143.97,245.6,5.1,mb,,,,0.8,us,usp0001swy,2014-11-07T00:32:39.560Z,"117 km SE of Korsakov, Russia",earthquake,,5.7,,64.0,reviewed,us,us
1983-02-08T16:17:50.100Z,-1.672,96.49,33.0,5.3,mb,,,,0.9,us,usp0001sx0,2026-01-07T19:42:08.855Z,"288 km SSW of Teluk Dalam, Indonesia",earthquake,,,,28.0,reviewed,us,us
1983-02-08T16:46:53.570Z,-23.215,-179.237,480.3,4.8,mb,,,,1.2,us,usp0001sx2,2014-11-07T00:32:39.625Z,south of the Fiji Islands,earthquake,,8.1,,2.0,reviewed,us,us
1983-02-08T18:38:15.260Z,-26.278,-60.175,33.0,5.0,mb,,,,1.2,us,usp0001sx5,2020-08-26T22:26:38.749Z,"26 km ENE of Tres Isletas, Argentina",earthquake,,,,2.0,reviewed,us,us
1983-02-08T19:59:22.210Z,35.811,22.463,90.6,4.6,mb,,,,1.2,us,usp0001sx6,2014-11-07T00:32:39.655Z,"60 km SW of Kýthira, Greece",earthquake,,5.8,,9.0,reviewed,us,us
1983-02-08T21:30:51.110Z,-20.507,-177.72,536.6,5.1,mb,,,,0.9,us,usp0001sx7,2014-11-07T00:32:39.665Z,"270 km WNW of Haveluloto, Tonga",earthquake,,2.7,,17.0,reviewed,us,us
1983-02-08T23:27:40.870Z,19.473,120.197,24.0,5.01,mw,,,,,iscgemsup,iscgemsup582495,2026-01-07T19:42:09.679Z,"117 km NNW of Davila, Philippines",earthquake,,7.2,0.23,,reviewed,iscgemsup,iscgemsup
1983-02-09T00:47:34.470Z,12.374,-73.259,33.0,4.6,mb,,,,1.2,us,usp0001sxc,2014-11-07T00:32:39.712Z,"99 km NNW of Riohacha, Colombia",earthquake,,,,1.0,reviewed,us,us
1983-02-09T01:17:26.740Z,19.534,120.304,33.0,4.7,mb,,,,1.5,us,usp0001sxd,2014-11-07T00:32:39.715Z,"119 km NNW of Pagudpud, Philippines",earthquake,,,,4.0,reviewed,us,us
1983-02-09T03:05:39.240Z,19.646,120.523,33.0,4.9,mb,,,,1.1,us,usp0001sxe,2026-01-07T19:42:10.504Z,"123 km NNW of Pagudpud, Philippines",earthquake,,,,11.0,reviewed,us,us
1983-02-09T05:43:36.000Z,19.611,120.501,33.0,5.3,mb,,,,0.9,us,usp0001sxg,2025-12-19T21:33:12.146Z,"Babuyan Islands region, Philippines",earthquake,,,,29.0,reviewed,us,us
1983-02-09T05:54:00.910Z,19.587,120.496,33.0,5.4,ms,,,,1.0,us,usp0001sxh,2025-12-19T21:33:12.825Z,"117 km NNW of Pagudpud, Philippines",earthquake,,,,6.0,reviewed,us,us
1983-02-09T07:02:32.610Z,-7.574,156.04,43.2,5.7,ms,,,,1.1,us,usp0001sxk,2025-12-19T21:33:13.746Z,"106 km WNW of Gizo, Solomon Islands",earthquake,,2.6,,10.0,reviewed,us,us
1983-02-09T08:59:12.300Z,51.733,160.022,33.0,4.8,mb,,,,0.6,us,usp0001sxp,2014-11-07T00:32:39.867Z,"172 km SE of Vilyuchinsk, Russia",earthquake,,,,7.0,reviewed,us,us
1983-02-09T11:32:16.410Z,40.551,109.319,10.0,4.5,ml,,,,0.7,us,usp0001sxq,2026-01-07T19:42:11.485Z,"59 km W of Baotou, China",earthquake,,,,,reviewed,us,bji
1983-02-09T13:31:34.250Z,19.578,120.453,33.0,4.8,mb,,,,1.0,us,usp0001sxt,2026-01-07T19:42:12.396Z,"117 km NNW of Pagudpud, Philippines",earthquake,,,,13.0,reviewed,us,us
1983-02-09T14:01:58.960Z,19.367,145.362,164.2,4.8,mb,,,,0.6,us,usp0001sxu,2014-11-07T00:32:39.891Z,"Maug Islands region, Northern Mariana Islands",earthquake,,4.5,,8.0,reviewed,us,us
1983-02-09T21:05:35.470Z,8.05,-82.698,25.0,5.0,mb,,,,1.0,us,usp0001sxw,2022-04-28T00:12:22.806Z,"18 km E of Punta de Burica, Panama",earthquake,,,,25.0,reviewed,us,us
1983-02-10T01:50:24.110Z,-22.704,171.166,33.0,4.5,ms,,,,1.2,us,usp0001sy0,2014-11-07T00:32:39.942Z,southeast of the Loyalty Islands,earthquake,,,,1.0,reviewed,us,us
1983-02-10T06:25:52.530Z,-7.638,156.162,99.9,4.9,mb,,,,0.8,us,usp0001sy1,2014-11-07T00:32:39.954Z,"90 km NW of Gizo, Solomon Islands",earthquake,,11.5,,5.0,reviewed,us,us
1983-02-10T12:24:16.990Z,35.282,22.919,50.2,4.6,mb,,,,1.0,us,usp0001sy2,2014-11-07T00:32:39.962Z,"69 km W of Palaióchora, Greece",earthquake,,4.0,,29.0,reviewed,us,us
1983-02-10T13:55:38.690Z,-43.197,-76.859,33.0,4.8,mb,,,,0.9,us,usp0001sy3,2014-11-07T00:32:39.984Z,"259 km WSW of Chonchi, Chile",earthquake,,,,4.0,reviewed,us,us
1983-02-10T14:29:37.000Z,-9.699,-74.426,136.5,4.9,mb,,,,0.8,us,usp0001sy4,2014-11-07T00:32:40.010Z,"60 km E of Yuyapichis, Peru",earthquake,,14.6,,2.0,reviewed,us,us
1983-02-10T20:00:59.300Z,19.61,120.552,33.0,4.6,mb,,,,0.8,us,usp0001sy6,2026-01-07T19:42:13.220Z,"118 km NNW of Pagudpud, Philippines",earthquake,,,,11.0,reviewed,us,us
1983-02-10T22:19:45.480Z,-7.746,156.145,102.7,5.0,mb,,,,1.1,us,usp0001sy8,2014-11-07T00:32:40.049Z,"86 km WNW of Gizo, Solomon Islands",earthquake,,8.1,,2.0,reviewed,us,us
1983-02-11T01:33:03.430Z,49.872,153.885,193.0,4.8,mb,,,,0.9,us,usp0001sya,2014-11-07T00:32:40.074Z,"183 km WSW of Severo-Kuril’sk, Russia",earthquake,,,,36.0,reviewed,us,us
1983-02-11T04:34:18.640Z,-5.714,133.735,33.0,5.4,mb,,,,0.9,us,usp0001syc,2025-12-19T21:33:14.520Z,"109 km E of Tual, Indonesia",earthquake,,,,27.0,reviewed,us,us
1983-02-11T05:42:57.460Z,-56.113,-26.712,33.0,5.3,mb,,,,0.7,us,usp0001sye,2014-11-07T00:32:40.184Z,South Sandwich Islands region,earthquake,,,,7.0,reviewed,us,us
1983-02-11T12:29:04.070Z,31.241,70.091,33.0,4.5,mb,,,,1.3,us,usp0001sym,2014-11-07T00:32:40.214Z,"62 km E of Zhob, Pakistan",earthquake,,,,3.0,reviewed,us,us
1983-02-11T15:14:47.790Z,-5.314,102.298,33.0,4.6,mb,,,,1.4,us,usp0001sys,2014-11-07T00:32:40.441Z,"167 km S of Bengkulu, Indonesia",earthquake,,,,7.0,reviewed,us,us
1983-02-11T17:40:58.500Z,-20.701,-177.879,487.9,5.1,mb,,,,1.2,us,usp0001syv,2014-11-07T00:32:40.696Z,"281 km W of Haveluloto, Tonga",earthquake,,16.3,,19.0,reviewed,us,us
1983-02-12T05:17:07.220Z,36.582,71.224,227.4,4.6,mb,,,,0.9,us,usp0001sz6,2014-11-07T00:32:40.747Z,"29 km WSW of Ashk?sham, Afghanistan",earthquake,,7.2,,10.0,reviewed,us,us
1983-02-12T08:47:12.740Z,5.669,126.297,51.0,6.3,mw,,,,1.2,us,usp0001sz9,2025-12-19T20:59:13.686Z,"77 km ESE of Mangili, Philippines",earthquake,,,,,reviewed,us,nc
1983-02-12T09:37:39.740Z,-54.32,-119.46,10.0,4.8,mb,,,,1.6,us,usp0001sza,2014-11-07T00:32:40.794Z,southern East Pacific Rise,earthquake,,,,4.0,reviewed,us,us
1983-02-12T10:33:23.210Z,-39.244,176.316,85.3,4.7,mb,,,,1.3,us,usp0001szd,2014-11-07T00:32:40.801Z,"52 km ESE of Turangi, New Zealand",earthquake,,8.4,,2.0,reviewed,us,us
1983-02-12T11:28:09.930Z,5.619,126.437,56.8,5.0,mb,,,,1.1,us,usp0001szf,2025-12-19T21:33:15.287Z,"86 km SSE of Pondaguitan, Philippines",earthquake,,7.2,,17.0,reviewed,us,us
1983-02-12T11:50:59.420Z,-6.745,102.961,33.0,5.2,ms,,,,1.1,us,usp0001szg,2025-12-19T21:33:16.005Z,"293 km WSW of Bandar Lampung, Indonesia",earthquake,,,,4.0,reviewed,us,us
1983-02-12T14:53:48.350Z,-22.743,179.724,566.9,5.0,mb,,,,1.0,us,usp0001szp,2014-11-07T00:32:40.846Z,south of the Fiji Islands,earthquake,,7.7,,5.0,reviewed,us,us
1983-02-12T17:00:26.560Z,-4.472,152.571,103.6,4.6,mb,,,,0.8,us,usp0001szt,2014-11-07T00:32:40.857Z,"36 km ESE of Kokopo, Papua New Guinea",earthquake,,3.6,,6.0,reviewed,us,us
1983-02-12T21:35:46.570Z,25.146,128.065,33.0,4.5,mb,,,,0.9,us,usp0001t02,2014-11-07T00:32:40.891Z,"115 km SSE of Itoman, Japan",earthquake,,,,5.0,reviewed,us,us
1983-02-12T22:08:28.920Z,-17.393,-174.525,125.0,4.7,mb,,,,0.9,us,usp0001t03,2014-11-07T00:32:40.896Z,"150 km NNW of Neiafu, Tonga",earthquake,,,,5.0,reviewed,us,us
1983-02-13T01:40:10.980Z,39.945,75.135,16.1,6.2,ms,,,,1.3,us,usp0001t06,2025-12-19T21:33:16.805Z,"90 km NW of Kashgar, China",earthquake,,3.8,,12.0,reviewed,us,us
1983-02-13T01:52:51.670Z,39.903,75.323,33.0,5.2,mb,,,,1.1,us,usp0001t07,2022-04-28T00:12:32.165Z,"74 km NW of Kashgar, China",earthquake,,,,26.0,reviewed,us,us
1983-02-13T02:39:03.150Z,39.915,75.524,33.0,4.6,mb,,,,0.9,us,usp0001t0a,2014-11-07T00:32:40.968Z,"63 km NW of Kashgar, China",earthquake,,,,7.0,reviewed,us,us
1983-02-13T04:09:25.120Z,-3.954,101.231,33.0,4.7,mb,,,,1.5,us,usp0001t0b,2014-11-07T00:32:40.972Z,"116 km W of Bengkulu, Indonesia",earthquake,,,,2.0,reviewed,us,us
1983-02-13T06:21:49.530Z,39.905,77.963,33.0,4.9,mb,,,,0.3,us,usp0001t0f,2026-01-07T19:42:16.019Z,"176 km ENE of Kashgar, China",earthquake,,,,2.0,reviewed,us,us
1983-02-13T06:35:30.000Z,13.837,144.935,105.0,5.7,mb,,,,1.2,us,usp0001t0h,2022-04-28T00:12:33.968Z,"33 km N of Yigo Village, Guam",earthquake,,,,61.0,reviewed,us,us
1983-02-13T07:23:09.260Z,40.018,75.117,15.6,4.9,mb,,,,1.3,us,usp0001t0j,2026-01-07T19:42:16.862Z,"96 km NW of Kashgar, China",earthquake,,10.4,,14.0,reviewed,us,us
1983-02-13T10:10:52.900Z,-3.626,177.815,33.0,4.6,mb,,,,1.0,us,usp0001t0k,2014-11-07T00:32:41.049Z,"279 km N of Kulia Village, Tuvalu",earthquake,,,,6.0,reviewed,us,us
1983-02-13T11:20:57.740Z,-38.161,177.31,67.0,4.9,mb,,,,1.2,us,usp0001t0m,2014-11-07T00:32:41.053Z,"16 km S of Opotiki, New Zealand",earthquake,,4.9,,4.0,reviewed,us,us
1983-02-13T11:52:37.770Z,15.342,-44.987,10.0,4.6,mb,,,,1.6,us,usp0001t0n,2014-11-07T00:32:41.071Z,northern Mid-Atlantic Ridge,earthquake,,,,2.0,reviewed,us,us
1983-02-13T14:23:03.190Z,5.546,126.46,51.9,5.1,ms,,,,1.1,us,usp0001t0s,2026-01-07T19:42:17.889Z,"95 km SSE of Pondaguitan, Philippines",earthquake,,6.2,,2.0,reviewed,us,us
1983-02-13T14:39:25.830Z,5.534,126.534,64.9,4.7,mb,,,,0.9,us,usp0001t0t,2014-11-07T00:32:41.150Z,"99 km SSE of Pondaguitan, Philippines",earthquake,,7.5,,10.0,reviewed,us,us
1983-02-13T15:10:13.320Z,11.474,126.209,44.0,5.1,mb,,,,1.2,us,usp0001t0v,2026-01-07T19:42:18.695Z,"66 km ENE of Hernani, Philippines",earthquake,,,,20.0,reviewed,us,us
1983-02-13T18:32:00.380Z,5.552,126.541,55.4,4.8,mb,,,,1.1,us,usp0001t0y,2014-11-07T00:32:41.185Z,"98 km SSE of Pondaguitan, Philippines",earthquake,,14.1,,10.0,reviewed,us,us
1983-02-14T00:23:19.420Z,10.504,140.924,39.0,6.2,mw,,,,1.2,us,usp0001t12,2025-12-19T21:33:17.706Z,"92 km NNE of Fais, Micronesia",earthquake,,,,,reviewed,us,nc
1983-02-14T01:29:51.900Z,1.644,126.356,50.9,5.0,mb,,,,1.0,us,usp0001t14,2025-12-19T21:33:18.416Z,"148 km NW of Ternate, Indonesia",earthquake,,5.4,,15.0,reviewed,us,us
1983-02-14T03:07:31.840Z,51.785,-174.6,55.4,4.7,mb,,,,0.7,us,usp0001t18,2014-11-07T00:32:41.447Z,"53 km SSW of Atka, Alaska",earthquake,,4.4,,7.0,reviewed,us,us
1983-02-14T03:15:31.200Z,-7.433,102.539,33.0,4.8,mb,,,,1.6,us,usp0001t1a,2014-11-07T00:32:41.630Z,"southwest of Sumatra, Indonesia",earthquake,,,,9.0,reviewed,us,us
1983-02-14T03:20:04.470Z,54.931,-159.189,47.0,6.5,mw,,,,1.3,us,usp0001t1b,2025-12-19T21:33:19.222Z,"94 km ESE of Sand Point, Alaska",earthquake,,,,,reviewed,us,nc
1983-02-14T06:07:55.910Z,-22.25,169.821,28.4,5.2,mb,,,,1.2,us,usp0001t1d,2014-11-07T00:32:41.738Z,"215 km ESE of Tadine, New Caledonia",earthquake,,8.7,,12.0,reviewed,us,us
1983-02-14T07:19:29.520Z,-24.349,-175.937,33.0,5.1,mb,,,,1.3,us,usp0001t1e,2014-11-07T00:32:41.786Z,south of Tonga,earthquake,,,,4.0,reviewed,us,us
1983-02-14T08:10:03.610Z,54.969,-159.236,33.0,5.9,mw,,,,1.1,us,usp0001t1g,2025-12-19T21:33:19.987Z,"90 km ESE of Sand Point, Alaska",earthquake,,,,,reviewed,us,nc
1983-02-14T12:04:50.550Z,76.459,8.473,10.0,4.6,mb,,,,1.4,us,usp0001t1k,2014-11-07T00:32:41.836Z,"263 km SW of Longyearbyen, Svalbard and Jan Mayen",earthquake,,,,17.0,reviewed,us,us
1983-02-14T17:11:41.530Z,28.099,129.631,33.0,4.8,mb,,,,1.2,us,usp0001t1s,2014-11-07T00:32:41.853Z,"33 km SSE of Naze, Japan",earthquake,,,,12.0,reviewed,us,us
1983-02-14T23:48:13.180Z,51.84,175.57,98.2,4.6,mb,,,,0.8,us,usp0001t1x,2014-11-07T00:32:41.867Z,"197 km SE of Attu Station, Alaska",earthquake,,3.8,,11.0,reviewed,us,us
1983-02-15T01:14:31.210Z,-10.298,161.429,42.0,5.1,mb,,,,0.8,us,usp0001t1y,2014-11-07T00:32:41.872Z,"56 km WNW of Kirakira, Solomon Islands",earthquake,,,,14.0,reviewed,us,us
1983-02-15T02:21:45.790Z,39.073,28.707,10.0,4.5,mb,,,,0.7,us,usp0001t1z,2014-11-07T00:32:41.884Z,"5 km NE of Demirci, Turkey",earthquake,,,,2.0,reviewed,us,us
1983-02-15T08:10:41.700Z,-5.606,131.118,85.6,4.5,mb,,,,1.5,us,usp0001t25,2014-11-07T00:32:41.898Z,"181 km W of Tual, Indonesia",earthquake,,11.8,,4.0,reviewed,us,us
1983-02-15T09:41:04.830Z,-21.582,-66.765,222.4,4.8,mb,,,,0.8,us,usp0001t28,2014-11-07T00:32:41.904Z,"91 km SW of Atocha, Bolivia",earthquake,,4.0,,2.0,reviewed,us,us
1983-02-15T18:53:53.660Z,55.093,-159.113,33.0,4.5,mb,,,,1.1,us,usp0001t2h,2014-11-07T00:32:41.925Z,"91 km S of Perryville, Alaska",earthquake,,,,4.0,reviewed,us,us
1983-02-15T22:45:19.140Z,28.23,129.593,42.0,4.9,mb,,,,1.1,us,usp0001t2m,2026-01-07T19:37:20.797Z,"18 km SE of Naze, Japan",earthquake,,,,14.0,reviewed,us,us
1983-02-15T23:21:06.900Z,-22.966,-66.501,201.6,5.0,mb,,,,1.1,us,usp0001t2p,2022-04-28T00:13:07.365Z,"86 km WSW of Abra Pampa, Argentina",earthquake,,4.0,,26.0,reviewed,us,us
1983-02-16T07:36:55.640Z,-21.168,-66.641,235.3,4.6,mb,,,,0.9,us,usp0001t2v,2014-11-07T00:32:41.967Z,"50 km WSW of Atocha, Bolivia",earthquake,,5.2,,4.0,reviewed,us,us
1983-02-16T09:50:38.050Z,-25.452,179.629,506.0,5.4,mb,,,,1.1,us,usp0001t2x,2022-04-28T00:13:08.894Z,south of the Fiji Islands,earthquake,,,,31.0,reviewed,us,us
1983-02-16T12:04:21.110Z,-17.237,-173.105,33.0,4.8,mb,,,,1.4,us,usp0001t2y,2014-11-07T00:32:41.990Z,"159 km SSE of Hihifo, Tonga",earthquake,,,,3.0,reviewed,us,us
1983-02-16T13:57:23.990Z,-12.361,-78.075,11.6,5.0,mb,,,,0.8,us,usp0001t2z,2014-11-07T00:32:41.993Z,"109 km WSW of Callao, Peru",earthquake,,3.5,,8.0,reviewed,us,us
1983-02-16T16:50:45.090Z,37.835,20.166,21.1,4.7,mb,,,,1.1,us,usp0001t32,2014-11-07T00:32:42.000Z,"47 km SSW of Lixoúri, Greece",earthquake,,5.0,,9.0,reviewed,us,us
1983-02-17T00:15:59.610Z,43.648,83.865,33.0,5.0,mb,,,,0.8,us,usp0001t3a,2022-04-28T00:13:10.502Z,"55 km ENE of Xinyuan, China",earthquake,,,,35.0,reviewed,us,us
1983-02-17T03:43:10.700Z,-15.807,167.317,151.0,4.5,mb,,,,1.3,us,usp0001t3k,2014-11-07T00:32:42.058Z,"29 km NNW of Norsup, Vanuatu",earthquake,,7.6,,3.0,reviewed,us,us
1983-02-17T04:24:54.650Z,25.438,103.895,33.0,4.5,mb,,,,1.3,us,usp0001t3m,2026-01-07T19:42:19.476Z,"12 km ESE of Qujing, China",earthquake,,,,6.0,reviewed,us,us
1983-02-17T04:54:23.330Z,58.631,-31.58,10.0,4.7,mb,,,,1.2,us,usp0001t3n,2014-11-07T00:32:42.063Z,Reykjanes Ridge,earthquake,,,,4.0,reviewed,us,us
1983-02-17T05:19:11.240Z,58.623,-31.839,10.0,4.6,mb,,,,0.8,us,usp0001t3p,2014-11-07T00:32:42.065Z,Reykjanes Ridge,earthquake,,,,6.0,reviewed,us,us
1983-02-17T05:20:24.470Z,58.523,-31.77,10.0,4.7,mb,,,,1.0,us,usp0001t3q,2014-11-07T00:32:42.068Z,Reykjanes Ridge,earthquake,,,,17.0,reviewed,us,us
1983-02-17T05:37:12.330Z,58.359,-31.753,10.0,4.7,mb,,,,1.0,us,usp0001t3r,2014-11-07T00:32:42.072Z,Reykjanes Ridge,earthquake,,,,10.0,reviewed,us,us
1983-02-17T07:27:19.790Z,-6.962,102.892,42.5,4.9,mb,,,,1.0,us,usp0001t3u,2025-12-19T21:33:20.669Z,"southwest of Sumatra, Indonesia",earthquake,,8.7,,5.0,reviewed,us,us
1983-02-17T07:53:00.830Z,58.523,-31.301,10.0,4.6,mb,,,,0.8,us,usp0001t3w,2014-11-07T00:32:42.083Z,Reykjanes Ridge,earthquake,,,,13.0,reviewed,us,us
1983-02-17T08:01:08.970Z,58.544,-31.619,10.0,4.7,mb,,,,1.0,us,usp0001t3x,2014-11-07T00:32:42.086Z,Reykjanes Ridge,earthquake,,,,22.0,reviewed,us,us
1983-02-17T08:16:04.660Z,-6.439,154.459,73.0,5.0,mb,,,,1.1,us,usp0001t3y,2014-11-07T00:32:42.090Z,"114 km W of Panguna, Papua New Guinea",earthquake,,8.0,,5.0,reviewed,us,us
1983-02-17T08:55:53.770Z,12.906,93.483,98.6,5.0,mb,,,,1.2,us,usp0001t3z,2014-11-07T00:32:42.092Z,"157 km NNE of Bamboo Flat, India",earthquake,,11.8,,3.0,reviewed,us,us
1983-02-17T10:15:14.160Z,58.399,-31.634,10.0,4.6,mb,,,,0.8,us,usp0001t41,2014-11-07T00:32:42.097Z,Reykjanes Ridge,earthquake,,,,19.0,reviewed,us,us
1983-02-17T10:36:35.170Z,58.253,-31.735,10.0,4.6,mb,,,,1.0,us,usp0001t42,2014-11-07T00:32:42.101Z,Reykjanes Ridge,earthquake,,,,18.0,reviewed,us,us
1983-02-17T10:49:37.410Z,58.293,-31.803,10.0,4.7,mb,,,,0.7,us,usp0001t43,2014-11-07T00:32:42.104Z,Reykjanes Ridge,earthquake,,,,26.0,reviewed,us,us
1983-02-17T12:02:36.220Z,58.316,-31.708,10.0,4.5,mb,,,,0.7,us,usp0001t44,2014-11-07T00:32:42.110Z,Reykjanes Ridge,earthquake,,,,9.0,reviewed,us,us
1983-02-17T12:09:37.130Z,58.518,-31.809,10.0,5.1,mb,,,,0.9,us,usp0001t45,2025-12-19T21:33:21.610Z,Reykjanes Ridge,earthquake,,,,56.0,reviewed,us,us
1983-02-17T16:10:39.130Z,-21.592,-174.179,32.0,5.8,mb,,,,1.2,us,usp0001t48,2025-12-19T21:33:22.384Z,"84 km ESE of ‘Ohonua, Tonga",earthquake,,,,17.0,reviewed,us,us
1983-02-17T20:27:35.300Z,39.896,75.311,33.0,4.6,mb,,,,1.4,us,usp0001t4g,2026-01-07T19:42:20.278Z,"74 km NW of Kashgar, China",earthquake,,,,9.0,reviewed,us,us
1983-02-18T00:24:26.310Z,58.372,-31.942,10.0,4.6,mb,,,,0.7,us,usp0001t4m,2014-11-07T00:32:42.265Z,Reykjanes Ridge,earthquake,,,,7.0,reviewed,us,us
1983-02-18T03:53:37.050Z,22.942,143.999,33.0,4.8,mb,,,,0.8,us,usp0001t4r,2014-11-07T00:32:42.273Z,"Volcano Islands, Japan region",earthquake,,,,8.0,reviewed,us,us
1983-02-18T06:22:34.750Z,-7.291,124.759,524.0,4.6,mb,,,,0.6,us,usp0001t4u,2014-11-07T00:32:42.282Z,"154 km NNW of Maubara, Timor Leste",earthquake,,4.2,,3.0,reviewed,us,us
1983-02-18T06:46:23.590Z,9.07,-39.58,10.0,4.9,mb,,,,0.9,us,usp0001t4v,2014-11-07T00:32:42.285Z,central Mid-Atlantic Ridge,earthquake,,,,3.0,reviewed,us,us
1983-02-18T07:40:24.100Z,27.946,53.852,35.4,5.2,mb,,,,0.9,us,usp0001t4w,2025-12-19T21:33:23.099Z,"41 km NW of Ger?sh, Iran",earthquake,,4.5,,59.0,reviewed,us,us
1983-02-18T07:41:49.700Z,14.736,-91.046,150.0,4.6,mb,,,,0.9,us,usp0001t4x,2014-11-07T00:32:42.346Z,"6 km WSW of Tecpán Guatemala, Guatemala",earthquake,,,,3.0,reviewed,us,us
1983-02-18T08:55:46.910Z,-3.113,-79.053,105.1,5.1,mb,,,,1.1,us,usp0001t4y,2014-11-07T00:32:42.355Z,"24 km SSW of Cuenca, Ecuador",earthquake,,8.5,,16.0,reviewed,us,us
1983-02-18T09:48:53.050Z,-29.846,-177.003,33.0,5.0,mb,,,,1.1,us,usp0001t4z,2014-11-07T00:32:42.382Z,"Kermadec Islands, New Zealand",earthquake,,,,4.0,reviewed,us,us
1983-02-18T11:51:27.460Z,58.345,-31.795,10.0,5.1,mb,,,,1.0,us,usp0001t50,2026-01-07T19:42:21.047Z,Reykjanes Ridge,earthquake,,,,63.0,reviewed,us,us
1983-02-18T14:32:14.310Z,27.936,53.814,57.2,4.7,mb,,,,0.8,us,usp0001t51,2022-04-28T00:13:26.169Z,"43 km NW of Ger?sh, Iran",earthquake,,5.4,,31.0,reviewed,us,us
1983-02-18T14:52:19.720Z,6.11,123.657,600.9,5.1,mb,,,,0.7,us,usp0001t52,2014-11-07T00:32:42.575Z,"56 km SW of Sangay, Philippines",earthquake,,3.9,,21.0,reviewed,us,us
1983-02-18T17:24:15.270Z,58.527,-31.764,10.0,5.4,mb,,,,1.1,us,usp0001t54,2025-12-19T21:33:23.746Z,Reykjanes Ridge,earthquake,,,,53.0,reviewed,us,us
1983-02-18T19:07:27.490Z,5.548,126.369,63.6,4.8,mb,,,,1.1,us,usp0001t56,2025-12-19T21:33:24.419Z,"90 km ESE of Caburan, Philippines",earthquake,,6.9,,12.0,reviewed,us,us
1983-02-18T19:31:36.550Z,-4.873,153.281,43.5,5.0,mb,,,,1.1,us,usp0001t57,2014-11-07T00:32:42.787Z,"126 km ESE of Kokopo, Papua New Guinea",earthquake,,3.3,,11.0,reviewed,us,us
1983-02-18T23:24:09.540Z,-13.929,-76.444,33.0,5.1,mb,,,,1.0,us,usp0001t58,2014-11-07T00:32:42.793Z,"20 km WSW of Paracas, Peru",earthquake,,,,3.0,reviewed,us,us
1983-02-19T00:14:34.000Z,13.061,122.226,33.0,4.5,mb,,,,1.5,us,usp0001t5a,2026-01-07T19:42:21.866Z,"30 km SE of Tigui, Philippines",earthquake,,,,8.0,reviewed,us,us
1983-02-19T01:18:17.550Z,-21.427,-68.674,132.6,5.0,mb,,,,1.2,us,usp0001t5b,2014-11-07T00:32:42.803Z,"116 km NNE of Calama, Chile",earthquake,,6.6,,1.0,reviewed,us,us
1983-02-19T02:34:45.910Z,-6.365,129.863,147.9,4.5,mb,,,,0.5,us,usp0001t5d,2014-11-07T00:32:42.806Z,Banda Sea,earthquake,,14.0,,4.0,reviewed,us,us
1983-02-19T04:27:01.220Z,-22.848,-63.718,531.0,4.6,mb,,,,0.7,us,usp0001t5f,2014-11-07T00:32:42.809Z,"29 km SSE of General Mosconi, Argentina",earthquake,,7.3,,1.0,reviewed,us,us
1983-02-19T05:04:57.600Z,42.442,142.955,121.4,4.6,mb,,,,1.0,us,usp0001t5g,2014-11-07T00:32:42.811Z,"49 km ENE of Shizunai-furukawach?, Japan",earthquake,,2.6,,7.0,reviewed,us,us
1983-02-19T05:53:15.860Z,58.622,-31.864,10.0,4.6,mb,,,,1.2,us,usp0001t5j,2014-11-07T00:32:42.815Z,Reykjanes Ridge,earthquake,,,,6.0,reviewed,us,us
1983-02-19T11:37:54.590Z,51.083,178.369,48.0,4.9,mb,,,,0.9,us,usp0001t5s,2014-11-07T00:32:42.829Z,"Rat Islands, Aleutian Islands, Alaska",earthquake,,5.8,,18.0,reviewed,us,us
1983-02-19T13:12:38.450Z,5.645,126.637,33.0,4.6,mb,,,,0.6,us,usp0001t5v,2014-11-07T00:32:42.841Z,"94 km SSE of Pondaguitan, Philippines",earthquake,,,,4.0,reviewed,us,us
1983-02-19T13:45:57.940Z,-17.871,-175.271,229.5,4.6,mb,,,,1.5,us,usp0001t5w,2014-11-07T00:32:42.842Z,"161 km WNW of Neiafu, Tonga",earthquake,,11.8,,3.0,reviewed,us,us
1983-02-19T15:57:16.710Z,24.039,122.632,14.9,5.0,mb,,,,1.1,us,usp0001t5z,2026-01-07T19:42:22.856Z,"60 km SW of Yonakuni, Japan",earthquake,,2.3,,28.0,reviewed,us,us
1983-02-19T20:14:22.880Z,8.735,124.039,568.0,5.8,mb,,,,1.0,us,usp0001t65,2022-04-28T00:13:33.131Z,"36 km ENE of Lopez Jaena, Philippines",earthquake,,1.1,,78.0,reviewed,us,us
1983-02-19T21:40:37.210Z,-4.274,136.831,33.0,4.9,mb,,,,1.2,us,usp0001t66,2014-11-07T00:32:42.928Z,"179 km SE of Nabire, Indonesia",earthquake,,,,10.0,reviewed,us,us
1983-02-19T23:27:57.630Z,44.174,151.324,33.0,4.5,mb,,,,1.5,us,usp0001t68,2014-11-07T00:32:42.974Z,"297 km ESE of Kuril’sk, Russia",earthquake,,,,6.0,reviewed,us,us
1983-02-20T01:21:35.990Z,43.382,147.452,39.0,5.0,mb,,,,0.8,us,usp0001t6a,2014-11-07T00:32:42.977Z,"75 km SE of Shikotan, Russia",earthquake,,,,30.0,reviewed,us,us
1983-02-20T02:26:51.040Z,12.917,92.961,33.0,5.2,mb,,,,0.9,us,usp0001t6b,2026-01-07T19:42:23.663Z,"137 km N of Bamboo Flat, India",earthquake,,,,46.0,reviewed,us,us
1983-02-20T04:49:04.590Z,-9.5,108.248,33.0,5.0,mb,,,,1.4,us,usp0001t6g,2014-11-07T00:32:43.002Z,"230 km SSW of Sidareja, Indonesia",earthquake,,,,8.0,reviewed,us,us
1983-02-20T05:45:13.200Z,37.764,21.269,41.2,4.6,mb,,,,1.4,us,usp0001t6j,2020-08-26T22:27:45.012Z,"6 km W of Kardamás, Greece",earthquake,,4.6,,27.0,reviewed,us,us
1983-02-20T06:56:00.360Z,14.31,-92.899,72.3,4.5,mb,,,,0.8,us,usp0001t6n,2014-11-07T00:32:43.020Z,"68 km SW of Puerto Madero, Mexico",earthquake,,8.9,,5.0,reviewed,us,us
1983-02-20T08:19:25.900Z,-11.511,118.337,33.0,4.8,mb,,,,1.2,us,usp0001t6q,2014-11-07T00:32:43.023Z,"294 km SW of Waingapu, Indonesia",earthquake,,,,1.0,reviewed,us,us
1983-02-20T09:36:07.220Z,-3.905,102.956,79.4,4.7,mb,,,,1.5,us,usp0001t6r,2014-11-07T00:32:43.024Z,"34 km WNW of Pagar Alam, Indonesia",earthquake,,10.7,,6.0,reviewed,us,us
1983-02-20T10:49:54.110Z,5.546,126.246,60.5,6.4,mw,,,,1.2,us,usp0001t6s,2025-12-19T21:33:25.111Z,"78 km ESE of Caburan, Philippines",earthquake,,2.0,,,reviewed,us,nc
1983-02-20T11:34:58.270Z,5.627,126.575,64.1,5.0,mb,,,,0.7,us,usp0001t6t,2014-11-07T00:32:43.060Z,"92 km SSE of Pondaguitan, Philippines",earthquake,,5.8,,12.0,reviewed,us,us
1983-02-20T12:42:31.400Z,37.898,21.08,36.8,5.5,ms,,,,1.4,us,usp0001t6v,2025-12-19T21:33:26.382Z,southern Greece,earthquake,,3.5,,1.0,reviewed,us,us
1983-02-20T13:56:02.090Z,5.554,126.459,54.3,5.0,mb,,,,1.1,us,usp0001t6w,2014-11-07T00:32:43.081Z,"94 km SSE of Pondaguitan, Philippines",earthquake,,7.5,,15.0,reviewed,us,us
1983-02-20T14:14:22.570Z,22.812,121.329,20.4,4.6,mb,,,,1.1,us,usp0001t6y,2026-01-07T19:42:24.419Z,"95 km ESE of Yujing, Taiwan",earthquake,,3.7,,5.0,reviewed,us,us
1983-02-20T20:46:58.930Z,12.282,144.045,39.6,5.2,mb,,,,1.0,us,usp0001t73,2026-01-07T19:42:25.225Z,"128 km SSW of Merizo Village, Guam",earthquake,,6.4,,18.0,reviewed,us,us
1983-02-21T00:13:07.620Z,37.893,20.096,26.0,5.0,mb,,,,1.2,us,usp0001t77,2025-12-19T21:33:27.822Z,"45 km SW of Lixoúri, Greece",earthquake,,4.6,,50.0,reviewed,us,us
1983-02-21T00:36:36.150Z,37.847,19.872,10.0,4.5,mb,,,,1.2,us,usp0001t78,2014-11-07T00:32:43.128Z,"63 km SW of Lixoúri, Greece",earthquake,,,,7.0,reviewed,us,us
1983-02-21T00:53:31.030Z,-15.135,-76.2,33.0,5.3,mb,,,,0.8,us,usp0001t79,2014-11-07T00:32:43.131Z,"114 km WNW of San Juan, Peru",earthquake,,,,2.0,reviewed,us,us
1983-02-21T03:42:11.600Z,17.746,-107.68,10.0,4.5,mb,,,,0.7,us,usp0001t7b,2014-11-07T00:32:43.136Z,"off the coast of Jalisco, Mexico",earthquake,,,,4.0,reviewed,us,us
1983-02-21T04:27:07.740Z,58.281,-31.747,10.0,4.7,mb,,,,0.5,us,usp0001t7c,2014-11-07T00:32:43.137Z,Reykjanes Ridge,earthquake,,,,6.0,reviewed,us,us
1983-02-21T11:52:13.120Z,16.912,-98.338,46.7,5.4,mb,,,,0.8,us,usp0001t7g,2022-04-28T00:13:45.462Z,"11 km SW of San Pedro Cuitlapan, Mexico",earthquake,,3.7,,34.0,reviewed,us,us
1983-02-21T12:51:04.490Z,5.551,126.464,33.0,4.8,mb,,,,1.3,us,usp0001t7h,2014-11-07T00:32:43.156Z,"95 km SSE of Pondaguitan, Philippines",earthquake,,,,6.0,reviewed,us,us
1983-02-21T17:32:20.020Z,-6.546,146.006,139.2,4.6,mb,,,,1.0,us,usp0001t7m,2014-11-07T00:32:43.162Z,"32 km SSE of Kainantu, Papua New Guinea",earthquake,,5.8,,5.0,reviewed,us,us
1983-02-21T17:46:25.120Z,-17.516,-172.714,33.0,5.3,mb,,,,1.1,us,usp0001t7n,2025-12-19T20:59:14.448Z,"183 km NE of Neiafu, Tonga",earthquake,,,,13.0,reviewed,us,us
1983-02-21T18:26:54.570Z,45.421,149.306,33.0,5.0,mb,,,,1.0,us,usp0001t7s,2014-11-07T00:32:43.184Z,"114 km E of Kuril’sk, Russia",earthquake,,,,22.0,reviewed,us,us
1983-02-21T18:40:28.010Z,54.648,-161.746,33.0,5.0,mb,,,,0.9,us,usp0001t7u,2014-11-07T00:32:43.189Z,"58 km SE of King Cove, Alaska",earthquake,,,,10.0,reviewed,us,us
1983-02-22T02:48:51.760Z,35.727,140.024,79.2,5.1,mb,,,,1.0,us,usp0001t82,2025-12-19T21:33:29.139Z,"4 km NE of Honch?, Japan",earthquake,,1.5,,29.0,reviewed,us,us
1983-02-22T05:46:49.140Z,58.361,-31.693,10.0,4.7,mb,,,,0.9,us,usp0001t86,2014-11-07T00:32:43.215Z,Reykjanes Ridge,earthquake,,,,9.0,reviewed,us,us
1983-02-22T07:02:08.380Z,16.466,-95.054,52.3,4.9,mb,,,,0.9,us,usp0001t88,2014-11-07T00:32:43.218Z,"Oaxaca, Mexico",earthquake,,4.4,,20.0,reviewed,us,us
1983-02-22T09:36:39.000Z,16.98,-94.748,33.0,5.4,mb,,,,1.2,us,usp0001t8a,2014-11-07T00:32:43.226Z,"10 km NW of Santa María Chimalapa, Mexico",earthquake,,6.4,,7.0,reviewed,us,us
1983-02-22T09:36:46.890Z,16.356,-95.011,37.0,5.7,mb,,,,0.9,us,usp0001t8b,2025-12-19T21:33:30.359Z,"1 km SE of Santa María Xadani, Mexico",earthquake,,,,47.0,reviewed,us,us
1983-02-22T12:51:22.570Z,49.318,-127.341,10.0,4.7,mb,,,,0.8,us,usp0001t8f,2014-11-07T00:32:43.296Z,"105 km SW of Vernon, Canada",earthquake,,,,1.0,reviewed,us,us
1983-02-22T13:43:28.890Z,49.1,-127.733,10.0,4.6,mb,,,,1.0,us,usp0001t8h,2014-11-07T00:32:43.299Z,"133 km W of Tofino, Canada",earthquake,,,,3.0,reviewed,us,us
1983-02-22T14:49:37.410Z,-17.895,168.49,145.7,5.0,mb,,,,1.0,us,usp0001t8k,2014-11-07T00:32:43.305Z,"25 km SE of Port-Vila, Vanuatu",earthquake,,4.0,,10.0,reviewed,us,us
1983-02-22T20:44:54.970Z,-5.391,126.33,496.0,4.5,mb,,,,0.9,us,usp0001t8s,2014-11-07T00:32:43.335Z,"278 km SW of Ambon, Indonesia",earthquake,,5.4,,6.0,reviewed,us,us
1983-02-23T03:16:39.050Z,-37.169,52.566,10.0,4.6,mb,,,,1.3,us,usp0001t8w,2014-11-07T00:32:43.342Z,South Indian Ocean,earthquake,,,,4.0,reviewed,us,us
1983-02-23T05:33:55.430Z,40.56,50.034,33.0,4.6,mb,,,,1.4,us,usp0001t8x,2014-11-07T00:32:43.344Z,"0 km SW of Bilajer, Azerbaijan",earthquake,,,,5.0,reviewed,us,us
1983-02-23T06:12:33.780Z,38.128,20.065,10.0,4.7,mb,,,,1.4,us,usp0001t8y,2014-11-07T00:32:43.346Z,"33 km WSW of Lixoúri, Greece",earthquake,,,,8.0,reviewed,us,us
1983-02-23T07:20:17.140Z,-0.191,128.844,33.0,4.5,mb,,,,1.4,us,usp0001t8z,2014-11-07T00:32:43.352Z,"176 km SE of Sofifi, Indonesia",earthquake,,,,2.0,reviewed,us,us
1983-02-23T07:27:55.440Z,60.205,-153.14,130.5,4.5,mb,,,,0.6,us,usp0001t90,2014-11-07T00:32:43.354Z,"65 km E of Port Alsworth, Alaska",earthquake,,2.4,,3.0,reviewed,us,us
1983-02-23T09:43:05.680Z,-6.716,102.941,26.0,5.0,mb,,,,1.0,us,usp0001t94,2026-01-07T19:42:26.202Z,"293 km WSW of Bandar Lampung, Indonesia",earthquake,,,,13.0,reviewed,us,us
1983-02-23T14:13:36.490Z,40.306,63.521,33.0,4.9,mb,,,,0.9,us,usp0001t99,2026-01-07T19:42:27.040Z,"20 km NNE of Gazli, Uzbekistan",earthquake,,,,19.0,reviewed,us,us
1983-02-23T21:26:44.070Z,2.047,126.669,71.1,5.4,mb,,,,1.3,us,usp0001t9f,2025-12-19T21:33:31.490Z,"153 km WNW of Tobelo, Indonesia",earthquake,,3.0,,33.0,reviewed,us,us
1983-02-23T22:46:31.470Z,-5.524,103.9,70.0,4.9,mb,,,,0.4,us,usp0001t9g,2014-11-07T00:32:43.401Z,"133 km SW of Kotabumi, Indonesia",earthquake,,3.8,,6.0,reviewed,us,us
1983-02-24T01:58:47.110Z,28.117,129.933,33.0,4.6,mb,,,,1.0,us,usp0001t9k,2014-11-07T00:32:43.410Z,"52 km ESE of Naze, Japan",earthquake,,,,4.0,reviewed,us,us
1983-02-24T05:32:58.850Z,25.281,-109.898,10.0,4.5,mb,,,,1.2,us,usp0001t9n,2014-11-07T00:32:43.414Z,"78 km SW of Campo Pesquero el Colorado, Mexico",earthquake,,,,7.0,reviewed,us,us
1983-02-24T08:06:45.210Z,-56.039,-27.695,98.0,5.4,mb,,,,0.9,us,usp0001t9r,2014-11-07T00:32:43.419Z,South Sandwich Islands region,earthquake,,,,5.0,reviewed,us,us
1983-02-24T09:44:53.260Z,-5.251,103.056,44.0,5.1,ms,,,,1.0,us,usp0001t9t,2025-12-19T21:33:32.758Z,"137 km S of Pagar Alam, Indonesia",earthquake,,,,1.0,reviewed,us,us
1983-02-24T17:58:13.810Z,36.731,22.305,69.4,4.9,mb,,,,1.1,us,usp0001t9z,2014-11-07T00:32:43.439Z,"18 km SSE of Kardamýli, Greece",earthquake,,3.8,,16.0,reviewed,us,us
1983-02-24T18:03:06.830Z,-13.364,167.383,22.0,5.2,mb,,,,0.9,us,usp0001ta0,2014-11-07T00:32:43.447Z,"59 km NNW of Sola, Vanuatu",earthquake,,,,8.0,reviewed,us,us
1983-02-24T18:23:23.460Z,-23.748,179.241,538.2,5.3,mb,,,,1.0,us,usp0001ta3,2014-11-07T00:32:43.455Z,south of the Fiji Islands,earthquake,,4.6,,6.0,reviewed,us,us
1983-02-25T01:19:54.670Z,-16.213,-175.294,410.3,4.6,mb,,,,1.3,us,usp0001tac,2014-11-07T00:32:43.482Z,"162 km W of Hihifo, Tonga",earthquake,,11.7,,3.0,reviewed,us,us
1983-02-25T05:16:08.080Z,-23.693,-176.344,50.0,5.0,mb,,,,1.2,us,usp0001tae,2014-11-07T00:32:43.487Z,"298 km SSW of ‘Ohonua, Tonga",earthquake,,,,6.0,reviewed,us,us
1983-02-25T08:37:08.860Z,35.73,77.918,40.7,4.9,mb,,,,1.4,us,usp0001taj,2022-04-28T00:13:47.112Z,"135 km NE of Thang, India",earthquake,,8.5,,17.0,reviewed,us,us
1983-02-25T14:25:32.090Z,5.514,-82.504,10.0,4.8,mb,,,,0.9,us,usp0001tap,2014-11-07T00:32:43.507Z,"273 km SW of Arenas, Panama",earthquake,,,,5.0,reviewed,us,us
1983-02-25T16:33:08.810Z,-7.287,107.173,68.9,5.1,mb,,,,1.1,us,usp0001taq,2014-11-07T00:32:43.509Z,"30 km WSW of Banjar, Indonesia",earthquake,,5.7,,18.0,reviewed,us,us
1983-02-25T18:22:12.930Z,41.959,21.54,24.4,4.7,mb,,,,0.9,us,usp0001tas,2020-08-26T22:28:38.366Z,"1 km WSW of ?????????, North Macedonia",earthquake,,2.2,,17.0,reviewed,us,us
1983-02-25T18:32:14.140Z,58.697,-31.465,10.0,4.7,mb,,,,0.9,us,usp0001tat,2014-11-07T00:32:43.526Z,Reykjanes Ridge,earthquake,,,,23.0,reviewed,us,us
1983-02-25T22:03:56.300Z,-5.401,146.878,235.0,5.9,mw,,,,1.4,us,usp0001taw,2022-04-28T00:13:52.724Z,"122 km E of Madang, Papua New Guinea",earthquake,,,,,reviewed,us,nc
1983-02-25T22:49:54.730Z,-18.268,-69.438,146.0,6.9,mw,,,,1.1,us,usp0001tax,2022-04-28T00:13:58.483Z,"77 km SE of Palca, Peru",earthquake,,,,,reviewed,us,nc
1983-02-25T23:50:24.880Z,58.374,-31.817,10.0,5.0,mb,,,,1.2,us,usp0001tay,2014-11-07T00:32:43.609Z,Reykjanes Ridge,earthquake,,,,35.0,reviewed,us,us
1983-02-26T01:22:20.860Z,58.462,-31.653,10.0,4.8,mb,,,,0.8,us,usp0001taz,2014-11-07T00:32:43.615Z,Reykjanes Ridge,earthquake,,,,32.0,reviewed,us,us
1983-02-26T02:05:36.020Z,22.39,121.045,27.4,5.1,mb,,,,1.1,us,usp0001tb0,2026-01-07T19:42:27.957Z,"52 km NE of Hengchun, Taiwan",earthquake,,2.3,,36.0,reviewed,us,us
1983-02-26T03:01:25.980Z,31.914,131.73,48.0,5.1,mb,,,,1.2,us,usp0001tb1,2026-01-07T19:42:28.840Z,"Kyushu, Japan",earthquake,,2.7,,26.0,reviewed,us,us
1983-02-26T06:01:17.560Z,-18.459,-172.494,33.0,5.0,mb,,,,1.4,us,usp0001tb6,2014-11-07T00:32:43.649Z,"158 km E of Neiafu, Tonga",earthquake,,,,7.0,reviewed,us,us
1983-02-26T07:10:59.160Z,49.243,155.601,56.0,6.4,mw,,,,0.9,us,usp0001tb9,2025-12-19T21:33:33.940Z,"163 km SSW of Severo-Kuril’sk, Russia",earthquake,,4.3,,,reviewed,us,nc
1983-02-26T11:42:40.400Z,-50.462,163.0,10.0,5.4,mb,,,,1.2,us,usp0001tbf,2025-12-19T21:33:35.152Z,"Auckland Islands, New Zealand region",earthquake,,,,6.0,reviewed,us,us
1983-02-26T12:50:57.540Z,45.919,-27.572,10.0,5.2,ms,,,,0.9,us,usp0001tbg,2026-02-04T20:08:10.747Z,northern Mid-Atlantic Ridge,earthquake,,,,6.0,reviewed,us,us
1983-02-26T16:00:14.870Z,-11.212,115.564,33.0,5.0,mb,,,,0.9,us,usp0001tbj,2014-11-07T00:32:43.719Z,"269 km S of Nusa Dua, Indonesia",earthquake,,,,8.0,reviewed,us,us
1983-02-26T20:07:49.990Z,38.841,70.727,49.2,5.3,mb,,,,1.4,us,usp0001tbp,2025-12-19T21:33:37.772Z,"36 km SE of Rasht, Tajikistan",earthquake,,7.3,,49.0,reviewed,us,us
1983-02-26T21:09:43.280Z,-16.301,-175.005,33.0,4.8,mb,,,,1.5,us,usp0001tbs,2014-11-07T00:32:43.764Z,Tonga,earthquake,,,,2.0,reviewed,us,us
1983-02-27T05:05:17.460Z,-13.453,-76.793,25.0,5.5,mb,,,,1.1,us,usp0001tbx,2022-04-28T00:14:11.252Z,"60 km SW of San Vicente de Cañete, Peru",earthquake,,,,25.0,reviewed,us,us
1983-02-27T07:30:31.840Z,23.95,123.58,46.1,4.5,mb,,,,1.0,us,usp0001tbz,2025-12-19T21:33:38.948Z,"73 km SW of Ishigaki, Japan",earthquake,,4.3,,6.0,reviewed,us,us
1983-02-27T10:11:07.640Z,36.22,141.688,52.2,4.8,mb,,,,0.8,us,usp0001tc1,2014-11-07T00:32:43.845Z,"94 km NE of Hasaki, Japan",earthquake,,3.8,,7.0,reviewed,us,us
1983-02-27T10:12:33.000Z,-23.888,-14.796,10.0,4.5,mb,,,,1.0,us,usp0001tc2,2014-11-07T00:32:43.849Z,southern Mid-Atlantic Ridge,earthquake,,,,2.0,reviewed,us,us
1983-02-27T12:14:20.770Z,35.869,139.916,78.3,5.9,mw,,,,0.9,us,usp0001tc5,2022-04-28T00:14:16.597Z,"1 km NE of Nagareyama, Japan",earthquake,,1.6,,,reviewed,us,nc
1983-02-27T15:55:32.640Z,55.07,-158.991,33.0,4.8,mb,,,,1.0,us,usp0001tc6,2014-11-07T00:32:43.883Z,"94 km S of Perryville, Alaska",earthquake,,,,11.0,reviewed,us,us
1983-02-27T20:33:06.500Z,32.613,78.553,33.0,5.3,mb,,,,1.4,us,usp0001tc7,2025-12-19T21:33:40.080Z,"135 km ENE of Man?li, India",earthquake,,,,26.0,reviewed,us,us
1983-02-27T20:40:32.730Z,50.727,-129.729,19.0,4.9,mb,,,,1.2,us,usp0001tc8,2014-11-07T00:32:43.897Z,"187 km W of Port McNeill, Canada",earthquake,,5.4,,16.0,reviewed,us,us
1983-02-28T03:35:19.560Z,35.188,140.462,58.9,4.5,mb,,,,0.8,us,usp0001tcd,2014-11-07T00:32:43.909Z,"9 km SE of ?hara, Japan",earthquake,,4.5,,1.0,reviewed,us,us
1983-02-28T05:44:24.450Z,44.161,148.058,42.0,6.1,mw,,,,1.0,us,usp0001tce,2025-12-19T21:33:41.311Z,"114 km ENE of Shikotan, Russia",earthquake,,,,,reviewed,us,nc
1983-02-28T08:00:09.760Z,-27.886,-176.682,33.0,5.2,mb,,,,1.4,us,usp0001tcg,2014-11-07T00:32:43.941Z,Kermadec Islands region,earthquake,,,,5.0,reviewed,us,us
1983-02-28T09:01:12.240Z,40.834,72.166,33.0,4.9,mb,,,,1.3,us,usp0001tch,2014-11-07T00:32:43.943Z,"10 km SSE of Haqqulobod, Uzbekistan",earthquake,,,,5.0,reviewed,us,us
1983-02-28T13:54:50.500Z,-7.337,-76.398,33.3,5.1,mb,,,,1.1,us,usp0001tcn,2022-04-28T00:14:29.067Z,"36 km SE of Ledoy, Peru",earthquake,,6.3,,13.0,reviewed,us,us
1983-02-28T16:04:12.440Z,38.861,24.981,13.2,4.5,mb,,,,0.9,us,usp0001tcr,2014-11-07T00:32:43.960Z,"36 km E of Skýros, Greece",earthquake,,1.3,,13.0,reviewed,us,us
1983-02-28T17:28:44.150Z,36.205,27.706,113.4,4.5,mb,,,,1.1,us,usp0001tcu,2014-11-07T00:32:43.969Z,"13 km W of Émponas, Greece",earthquake,,6.6,,13.0,reviewed,us,us
1983-02-28T18:33:15.870Z,28.1,142.151,46.8,4.8,mb,,,,0.8,us,usp0001tcw,2014-11-07T00:32:43.973Z,"Bonin Islands, Japan region",earthquake,,5.6,,9.0,reviewed,us,us
1983-02-28T22:17:58.940Z,-4.758,142.385,105.7,5.3,mb,,,,1.0,us,usp0001tcy,2014-11-07T00:32:43.978Z,"76 km SW of Ambunti, Papua New Guinea",earthquake,,3.0,,14.0,reviewed,us,us
1983-02-28T22:44:19.540Z,-43.977,-79.062,10.0,5.5,ms,,,,1.4,us,usp0001tcz,2025-12-19T21:33:42.409Z,"Off the coast of Los Lagos, Chile",earthquake,,,,2.0,reviewed,us,us
1983-03-01T00:42:45.670Z,-53.397,24.846,10.0,5.2,ms,,,,1.5,us,usp0001td0,2014-11-07T00:32:44.677Z,south of Africa,earthquake,,,,2.0,reviewed,us,us
1983-03-01T01:41:02.850Z,28.45,129.991,33.0,4.7,mb,,,,1.1,us,usp0001td1,2014-11-07T00:32:45.252Z,"50 km E of Naze, Japan",earthquake,,,,13.0,reviewed,us,us
1983-03-01T02:02:19.270Z,39.162,54.666,33.0,4.8,mb,,,,1.0,us,usp0001td4,2025-12-19T21:32:17.886Z,"8 km SE of Gumdag, Turkmenistan",earthquake,,,,21.0,reviewed,us,us
1983-03-01T05:37:00.700Z,-21.699,-70.364,33.0,5.1,mb,,,,0.8,us,usp0001td6,2014-11-07T00:32:45.412Z,"46 km NNW of Tocopilla, Chile",earthquake,,,,4.0,reviewed,us,us
1983-03-01T09:02:17.410Z,31.093,141.622,33.0,5.4,ms,,,,0.9,us,usp0001td9,2026-01-07T19:41:35.881Z,"Izu Islands, Japan region",earthquake,,,,1.0,reviewed,us,us
1983-03-01T12:07:49.910Z,-36.804,-72.952,44.5,5.1,mb,,,,0.9,us,usp0001tdc,2022-04-28T00:08:33.162Z,"8 km SSE of Penco, Chile",earthquake,,2.6,,8.0,reviewed,us,us
1983-03-01T13:22:31.590Z,28.646,96.004,33.0,5.0,mb,,,,0.9,us,usp0001tde,2026-01-07T19:37:15.734Z,"82 km N of Tezu, India",earthquake,,,,19.0,reviewed,us,us
1983-03-01T19:26:52.280Z,-5.698,104.401,91.7,5.0,mb,,,,1.0,us,usp0001tdh,2014-11-07T00:32:45.773Z,"99 km WSW of Bandar Lampung, Indonesia",earthquake,,6.3,,11.0,reviewed,us,us
1983-03-02T07:07:41.010Z,-11.535,-77.8,57.6,5.6,mb,,,,0.9,us,usp0001tds,2025-12-19T21:32:19.293Z,"51 km SSW of Huacho, Peru",earthquake,,3.4,,36.0,reviewed,us,us
1983-03-02T08:11:22.670Z,37.32,141.874,34.6,4.8,mb,,,,1.1,us,usp0001tdt,2014-11-07T00:32:46.026Z,"79 km ESE of Namie, Japan",earthquake,,4.3,,10.0,reviewed,us,us
1983-03-02T12:05:05.180Z,4.191,-32.93,10.0,4.8,mb,,,,0.7,us,usp0001tdu,2014-11-07T00:32:46.061Z,central Mid-Atlantic Ridge,earthquake,,,,2.0,reviewed,us,us
1983-03-02T12:06:17.560Z,3.841,-32.602,10.0,5.0,mb,,,,1.2,us,usp0001tdv,2014-11-07T00:32:46.072Z,central Mid-Atlantic Ridge,earthquake,,,,14.0,reviewed,us,us
1983-03-02T13:13:14.000Z,39.855,77.632,33.0,4.5,mb,,,,1.4,us,usp0001tdw,2014-11-07T00:32:46.096Z,"147 km ENE of Kashgar, China",earthquake,,,,5.0,reviewed,us,us
1983-03-02T14:06:51.400Z,6.949,-80.18,33.0,5.1,mb,,,,1.4,us,usp0001tdx,2014-11-07T00:32:46.103Z,"49 km SE of Cambutal, Panama",earthquake,,,,24.0,reviewed,us,us
1983-03-02T14:12:33.310Z,-20.892,-179.158,609.7,5.2,mb,,,,1.1,us,usp0001tdy,2014-11-07T00:32:46.137Z,Fiji region,earthquake,,6.0,,10.0,reviewed,us,us
1983-03-02T14:41:08.290Z,-21.788,35.335,5.0,4.8,mb,,,,1.3,us,usp0001te0,2014-11-07T00:32:46.166Z,"221 km SSE of Beira, Mozambique",earthquake,,,,2.0,reviewed,us,us
1983-03-02T14:53:29.330Z,-23.956,-67.686,110.9,5.0,mb,,,,1.0,us,usp0001te1,2014-11-07T00:32:46.179Z,"127 km SSE of San Pedro de Atacama, Chile",earthquake,,6.0,,2.0,reviewed,us,us
1983-03-02T15:37:22.810Z,13.141,-89.153,90.1,4.8,mb,,,,0.9,us,usp0001te2,2014-11-07T00:32:46.193Z,"41 km SSW of El Rosario, El Salvador",earthquake,,2.5,,9.0,reviewed,us,us
1983-03-02T16:32:15.050Z,36.994,141.317,64.4,4.5,mb,,,,1.2,us,usp0001te4,2014-11-07T00:32:46.238Z,"39 km E of Iwaki, Japan",earthquake,,4.4,,4.0,reviewed,us,us
1983-03-03T01:51:21.020Z,-18.042,-178.224,579.3,5.3,mb,,,,0.9,us,usp0001te9,2025-12-19T21:32:20.423Z,"260 km E of Levuka, Fiji",earthquake,,3.0,,34.0,reviewed,us,us
1983-03-03T02:02:20.450Z,11.158,139.912,47.5,4.7,mb,,,,0.9,us,usp0001tea,2014-11-07T00:32:46.377Z,"167 km NNW of Fais, Micronesia",earthquake,,7.0,,5.0,reviewed,us,us
1983-03-03T02:30:29.690Z,-6.212,100.7,23.4,5.5,mb,,,,1.0,us,usp0001teb,2025-12-19T21:32:21.588Z,"southwest of Sumatra, Indonesia",earthquake,,3.2,,26.0,reviewed,us,us
1983-03-03T03:14:13.790Z,13.163,122.214,33.0,4.8,mb,,,,1.1,us,usp0001ted,2025-12-19T20:59:10.503Z,"22 km ESE of Tigui, Philippines",earthquake,,,,12.0,reviewed,us,us
1983-03-03T03:32:16.910Z,43.882,86.653,68.0,5.4,mb,,,,0.8,us,usp0001tee,2025-12-19T21:32:22.803Z,"54 km WSW of Changji, China",earthquake,,,,81.0,reviewed,us,us
1983-03-03T03:49:15.880Z,13.17,122.198,33.0,4.9,mb,,,,1.2,us,usp0001tef,2014-11-07T00:32:46.572Z,"20 km ESE of Tigui, Philippines",earthquake,,,,2.0,reviewed,us,us
1983-03-03T11:53:16.280Z,14.881,-60.469,63.0,5.4,mb,,,,0.8,us,usp0001ten,2022-04-28T00:08:54.857Z,"54 km NE of Le Vauclin, Martinique",earthquake,,1.7,,52.0,reviewed,us,us
1983-03-03T14:00:50.370Z,11.18,140.02,75.2,4.6,mb,,,,1.0,us,usp0001tep,2026-01-07T19:41:36.838Z,"165 km NNW of Fais, Micronesia",earthquake,,6.5,,5.0,reviewed,us,us
1983-03-03T16:42:57.050Z,41.661,143.565,57.0,4.9,mb,,,,0.9,us,usp0001ter,2014-11-07T00:32:46.697Z,"124 km SE of Shizunai-furukawach?, Japan",earthquake,,6.4,,11.0,reviewed,us,us
1983-03-03T17:43:01.210Z,39.426,143.257,38.4,4.9,mb,,,,1.1,us,usp0001tes,2026-01-07T19:41:37.843Z,"112 km E of Yamada, Japan",earthquake,,4.8,,20.0,reviewed,us,us
1983-03-03T21:02:34.510Z,25.85,125.939,53.0,5.05,mw,,,,,iscgemsup,iscgemsup580071,2026-01-07T19:41:38.614Z,"132 km NNE of Hirara, Japan",earthquake,,52.8,0.25,,reviewed,iscgemsup,iscgemsup
1983-03-03T21:46:27.500Z,-24.995,-13.705,10.0,5.0,mb,,,,1.0,us,usp0001tew,2014-11-07T00:32:46.736Z,southern Mid-Atlantic Ridge,earthquake,,,,4.0,reviewed,us,us
1983-03-04T07:52:13.860Z,1.802,127.219,87.4,5.0,mb,,,,0.9,us,usp0001tf3,2014-11-07T00:32:46.784Z,"88 km W of Tobelo, Indonesia",earthquake,,6.1,,9.0,reviewed,us,us
1983-03-04T14:11:35.590Z,39.497,143.234,33.0,5.7,ms,,,,1.1,us,usp0001tf6,2025-12-19T21:32:24.043Z,"110 km E of Yamada, Japan",earthquake,,,,7.0,reviewed,us,us
1983-03-04T19:06:13.130Z,-14.206,-14.339,10.0,5.3,ms,,,,1.2,us,usp0001tf8,2022-04-28T00:09:05.850Z,southern Mid-Atlantic Ridge,earthquake,,,,7.0,reviewed,us,us
1983-03-04T19:37:29.630Z,39.37,143.294,53.9,4.6,mb,,,,0.5,us,usp0001tf9,2014-11-07T00:32:46.894Z,"116 km E of Yamada, Japan",earthquake,,6.1,,4.0,reviewed,us,us
1983-03-05T03:14:50.710Z,36.315,71.151,85.9,4.5,mb,,,,1.0,us,usp0001tfb,2014-11-07T00:32:46.907Z,"53 km SW of Ashk?sham, Afghanistan",earthquake,,11.3,,8.0,reviewed,us,us
1983-03-05T08:57:04.020Z,-10.733,115.036,33.0,5.3,ms,,,,1.2,us,usp0001tfe,2025-12-19T21:32:25.002Z,"214 km S of Nusa Dua, Indonesia",earthquake,,,,1.0,reviewed,us,us
1983-03-05T11:37:54.330Z,39.258,64.432,33.0,4.7,mb,,,,0.8,us,usp0001tfg,2014-11-07T00:32:46.949Z,"41 km SW of Qorovulbozor, Uzbekistan",earthquake,,,,21.0,reviewed,us,us
1983-03-05T14:22:35.630Z,32.489,49.34,33.0,5.4,ms,,,,1.0,us,usp0001tfh,2025-12-19T21:32:25.937Z,"61 km N of Masjed Soleym?n, Iran",earthquake,,,,6.0,reviewed,us,us
1983-03-05T21:32:20.870Z,35.638,136.033,45.2,4.8,mb,,,,1.1,us,usp0001tfp,2026-01-07T19:41:39.386Z,"western Honshu, Japan",earthquake,,2.8,,12.0,reviewed,us,us
1983-03-05T21:50:05.060Z,49.511,150.689,339.2,4.9,mb,,,,0.8,us,usp0001tfq,2014-11-07T00:32:47.089Z,northwest of the Kuril Islands,earthquake,,6.7,,55.0,reviewed,us,us
1983-03-05T22:10:31.510Z,-29.425,-71.621,55.3,5.4,mb,,,,1.0,us,usp0001tfr,2014-11-07T00:32:47.127Z,"64 km NW of La Serena, Chile",earthquake,,4.4,,6.0,reviewed,us,us
1983-03-05T22:20:16.040Z,-37.595,77.946,10.0,5.2,mb,,,,1.2,us,usp0001tfs,2025-12-19T21:32:26.804Z,Mid-Indian Ridge,earthquake,,,,6.0,reviewed,us,us
1983-03-06T11:21:42.220Z,-5.864,105.607,79.3,5.0,mb,,,,1.1,us,usp0001tfz,2014-11-07T00:32:47.192Z,"61 km SE of Bandar Lampung, Indonesia",earthquake,,7.4,,11.0,reviewed,us,us
1983-03-06T22:23:57.870Z,-6.132,147.271,85.1,5.3,mb,,,,1.2,us,usp0001tg0,2014-11-07T00:32:47.201Z,"eastern New Guinea region, Papua New Guinea",earthquake,,4.9,,7.0,reviewed,us,us
1983-03-07T06:30:26.310Z,9.55,126.033,88.7,4.9,mb,,,,0.9,us,usp0001tg2,2014-11-07T00:32:47.215Z,"10 km SE of Socorro, Philippines",earthquake,,5.7,,13.0,reviewed,us,us
1983-03-07T08:54:10.530Z,24.996,122.46,162.5,4.5,mb,,,,0.9,us,usp0001tg5,2014-11-07T00:32:47.232Z,"63 km ESE of Jiufen, Taiwan",earthquake,,3.3,,6.0,reviewed,us,us
1983-03-07T13:54:29.500Z,50.984,-177.807,33.0,4.8,mb,,,,1.3,us,usp0001tg7,2014-11-07T00:32:47.239Z,"128 km SW of Adak, Alaska",earthquake,,,,3.0,reviewed,us,us
1983-03-07T15:12:22.850Z,18.282,146.487,75.1,4.9,mb,,,,0.7,us,usp0001tg8,2014-11-07T00:32:47.242Z,"Pagan region, Northern Mariana Islands",earthquake,,4.8,,11.0,reviewed,us,us
1983-03-07T17:15:36.290Z,19.497,-109.493,10.0,4.5,mb,,,,1.1,us,usp0001tga,2014-11-07T00:32:47.256Z,Revilla Gigedo Islands region,earthquake,,,,4.0,reviewed,us,us
1983-03-07T23:14:10.990Z,6.832,-73.023,161.7,4.9,mb,,,,0.9,us,usp0001tgc,2014-11-07T00:32:47.261Z,"10 km NNW of Cepitá, Colombia",earthquake,,2.8,,10.0,reviewed,us,us
1983-03-08T12:09:13.900Z,-6.496,155.037,63.6,5.1,mb,,,,1.2,us,usp0001tgh,2014-11-07T00:32:47.284Z,"53 km WSW of Panguna, Papua New Guinea",earthquake,,8.3,,1.0,reviewed,us,us
1983-03-08T13:21:46.960Z,-3.471,177.628,33.0,5.8,mb,,,,0.9,us,usp0001tgk,2025-12-19T21:32:27.771Z,"293 km N of Kulia Village, Tuvalu",earthquake,,,,28.0,reviewed,us,us
1983-03-08T16:41:03.380Z,19.1968333,-155.5928333,10.325,4.56,ml,49.0,207.0,,0.13,hv,hv19831308,2020-03-31T21:35:42.010Z,"12 km W of P?hala, Hawaii",earthquake,0.95,0.45,0.05,4.0,reviewed,hv,hv
1983-03-08T17:06:36.520Z,11.007,-62.364,82.4,5.9,mb,,,,0.9,us,usp0001tgr,2022-04-28T00:09:08.995Z,"48 km N of Güiria, Venezuela",earthquake,,1.7,,73.0,reviewed,us,us
1983-03-08T18:38:07.450Z,-3.57,177.718,33.0,5.1,mb,,,,0.9,us,usp0001tgs,2014-11-07T00:32:47.432Z,"283 km N of Kulia Village, Tuvalu",earthquake,,,,13.0,reviewed,us,us
1983-03-08T18:43:53.880Z,59.64,5.34,33.0,4.8,mb,,,,1.2,us,usp0001tgt,2020-08-26T22:30:45.762Z,"7 km SSW of Mosterhamn, Norway",earthquake,,,,2.0,reviewed,us,us
1983-03-08T19:06:37.380Z,-14.925,167.377,155.3,4.7,mb,,,,1.1,us,usp0001tgu,2014-11-07T00:32:47.465Z,"35 km ENE of Port-Olry, Vanuatu",earthquake,,6.2,,4.0,reviewed,us,us
1983-03-08T20:24:25.550Z,13.732,144.769,110.4,5.0,mb,,,,1.0,us,usp0001tgv,2014-11-07T00:32:47.475Z,"24 km NNW of Dededo Village, Guam",earthquake,,3.0,,18.0,reviewed,us,us
1983-03-08T23:27:57.790Z,-7.073,129.252,186.1,5.4,mb,,,,1.2,us,usp0001tgz,2022-04-28T00:09:10.510Z,"295 km ENE of Lospalos, Timor Leste",earthquake,,5.7,,11.0,reviewed,us,us
1983-03-09T00:05:46.360Z,-7.193,107.761,121.0,5.3,mb,,,,1.1,us,usp0001th0,2025-12-19T21:32:28.593Z,"10 km S of Paseh, Indonesia",earthquake,,,,23.0,reviewed,us,us
1983-03-09T05:21:32.410Z,18.977,-67.627,34.8,4.8,mb,,,,0.7,us,usp0001th2,2014-11-07T00:32:47.567Z,"77 km NW of San Antonio, Puerto Rico",earthquake,,5.4,,12.0,reviewed,us,us
1983-03-09T16:43:15.310Z,38.209,73.669,33.0,4.7,mb,,,,1.3,us,usp0001th8,2026-01-07T19:41:40.235Z,"26 km W of Murghob, Tajikistan",earthquake,,,,14.0,reviewed,us,us
1983-03-09T17:16:27.750Z,-5.069,145.693,202.7,5.0,mb,,,,0.9,us,usp0001th9,2014-11-07T00:32:47.607Z,"19 km NNW of Madang, Papua New Guinea",earthquake,,2.4,,15.0,reviewed,us,us
1983-03-09T17:53:09.760Z,-20.533,-178.324,556.2,5.1,mb,,,,0.9,us,usp0001tha,2022-04-28T00:09:12.203Z,Fiji region,earthquake,,3.7,,11.0,reviewed,us,us
1983-03-09T19:30:11.440Z,6.837,-73.038,167.4,4.7,mb,,,,0.9,us,usp0001thb,2014-11-07T00:32:47.644Z,"11 km NW of Cepitá, Colombia",earthquake,,3.6,,2.0,reviewed,us,us
1983-03-10T00:27:48.360Z,43.813,147.397,33.0,6.2,mb,,,,1.0,us,usp0001thd,2025-12-19T21:32:29.524Z,"54 km E of Shikotan, Russia",earthquake,,,,80.0,reviewed,us,us
1983-03-10T05:31:12.620Z,-10.979,114.866,33.0,4.7,mb,,,,1.2,us,usp0001thf,2014-11-07T00:32:47.781Z,"244 km S of Jimbaran, Indonesia",earthquake,,,,6.0,reviewed,us,us
1983-03-10T05:46:17.460Z,-14.912,167.282,135.4,5.1,mb,,,,1.0,us,usp0001thg,2014-11-07T00:32:47.792Z,"26 km ENE of Port-Olry, Vanuatu",earthquake,,6.1,,15.0,reviewed,us,us
1983-03-10T06:07:06.470Z,49.374,-127.486,10.0,4.5,mb,,,,1.0,us,usp0001thh,2014-11-07T00:32:47.815Z,"108 km SW of Vernon, Canada",earthquake,,,,1.0,reviewed,us,us
1983-03-10T07:43:15.350Z,5.539,126.67,61.6,4.7,mb,,,,0.8,us,usp0001thj,2014-11-07T00:32:47.819Z,"106 km SSE of Pondaguitan, Philippines",earthquake,,5.7,,7.0,reviewed,us,us
1983-03-10T10:04:05.140Z,36.756,141.271,52.2,4.7,mb,,,,1.3,us,usp0001thm,2014-11-07T00:32:47.834Z,"46 km E of Kitaibaraki, Japan",earthquake,,3.8,,8.0,reviewed,us,us
1983-03-10T11:58:21.750Z,5.397,126.649,48.2,5.6,ms,,,,1.2,us,usp0001thp,2025-12-19T21:32:30.463Z,"118 km SSE of Pondaguitan, Philippines",earthquake,,3.8,,13.0,reviewed,us,us
1983-03-10T14:03:35.580Z,62.85,-149.6,96.2,4.6,mb,,,,0.8,us,usp0001thq,2014-11-07T00:32:47.911Z,"51 km NNE of Chase, Alaska",earthquake,,2.9,,2.0,reviewed,us,us
1983-03-10T15:53:03.840Z,38.071,73.981,158.5,4.6,mb,,,,1.3,us,usp0001ths,2014-11-07T00:32:47.923Z,"11 km S of Murghob, Tajikistan",earthquake,,8.5,,5.0,reviewed,us,us
1983-03-10T17:58:26.030Z,-30.712,-177.843,91.7,5.4,mb,,,,1.4,us,usp0001thw,2014-11-07T00:32:47.940Z,"Kermadec Islands, New Zealand",earthquake,,9.7,,3.0,reviewed,us,us
1983-03-10T20:44:47.010Z,5.396,126.62,63.5,4.6,mb,,,,1.1,us,usp0001thx,2014-11-07T00:32:47.949Z,"117 km SSE of Pondaguitan, Philippines",earthquake,,7.4,,7.0,reviewed,us,us
1983-03-10T21:01:19.020Z,43.347,146.746,76.2,4.8,mb,,,,0.5,us,usp0001thy,2014-11-07T00:32:47.957Z,"50 km S of Shikotan, Russia",earthquake,,4.4,,5.0,reviewed,us,us
1983-03-11T00:24:07.450Z,-10.588,-13.034,10.0,4.7,mb,,,,0.6,us,usp0001tj0,2014-11-07T00:32:47.968Z,Ascension Island region,earthquake,,,,7.0,reviewed,us,us
1983-03-11T03:05:46.250Z,19.083,-104.377,33.0,5.0,mb,,,,1.2,us,usp0001tj2,2014-11-07T00:32:47.981Z,"5 km SW of Manzanillo, Mexico",earthquake,,,,22.0,reviewed,us,us
1983-03-11T03:10:41.570Z,-6.972,147.389,61.7,5.7,mw,,,,0.9,us,usp0001tj3,2025-12-19T21:32:31.159Z,"51 km ESE of Lae, Papua New Guinea",earthquake,,1.6,,,reviewed,us,nc
1983-03-11T06:29:26.500Z,45.682,26.5,151.7,4.6,mb,,,,1.1,us,usp0001tj6,2014-11-07T00:32:48.191Z,"15 km W of Nereju Mic, Romania",earthquake,,2.0,,37.0,reviewed,us,us
1983-03-11T08:29:21.010Z,5.521,126.493,70.5,4.6,mb,,,,1.2,us,usp0001tj9,2014-11-07T00:32:48.456Z,"99 km SSE of Pondaguitan, Philippines",earthquake,,7.8,,6.0,reviewed,us,us
1983-03-11T08:37:35.680Z,38.964,24.979,28.2,4.5,mb,,,,1.1,us,usp0001tja,2014-11-07T00:32:48.520Z,"36 km E of Skýros, Greece",earthquake,,2.3,,2.0,reviewed,us,us
1983-03-11T11:24:57.430Z,-14.282,172.293,624.8,4.7,mb,,,,0.8,us,usp0001tjb,2014-11-07T00:32:48.581Z,Vanuatu region,earthquake,,5.1,,5.0,reviewed,us,us
1983-03-11T13:30:02.080Z,9.989,123.82,33.0,4.6,mb,,,,0.8,us,usp0001tjd,2014-11-07T00:32:48.614Z,"10 km NW of San Isidro, Philippines",earthquake,,,,5.0,reviewed,us,us
1983-03-11T18:17:02.580Z,50.853,178.929,33.0,4.8,mb,,,,1.2,us,usp0001tjj,2014-11-07T00:32:48.625Z,"Rat Islands, Aleutian Islands, Alaska",earthquake,,,,10.0,reviewed,us,us
1983-03-11T21:26:16.280Z,34.186,46.235,33.0,4.5,mb,,,,1.3,us,usp0001tjm,2014-11-07T00:32:48.632Z,"45 km SE of Sarpol-e Z?ah?b, Iran",earthquake,,,,6.0,reviewed,us,us
1983-03-11T22:15:45.840Z,-25.456,179.821,497.1,4.9,mb,,,,1.6,us,usp0001tjt,2014-11-07T00:32:48.661Z,south of the Fiji Islands,earthquake,,16.1,,3.0,reviewed,us,us
1983-03-11T22:46:20.620Z,5.457,127.252,33.0,4.8,mb,,,,1.2,us,usp0001tju,2014-11-07T00:32:48.677Z,"155 km SE of Pondaguitan, Philippines",earthquake,,,,10.0,reviewed,us,us
1983-03-11T23:02:35.470Z,5.389,126.568,47.0,5.2,mb,,,,1.2,us,usp0001tjw,2025-12-19T21:32:31.999Z,"115 km SSE of Pondaguitan, Philippines",earthquake,,,,21.0,reviewed,us,us
1983-03-12T00:08:39.930Z,20.865,146.051,33.0,4.7,mb,,,,0.7,us,usp0001tjy,2014-11-07T00:32:48.712Z,Mariana Islands region,earthquake,,,,8.0,reviewed,us,us
1983-03-12T00:53:40.180Z,-4.036,127.893,33.0,6.0,ms,,,,1.1,us,usp0001tk0,2025-12-19T21:32:32.814Z,"49 km SW of Ambon, Indonesia",earthquake,,,,5.0,reviewed,us,us
1983-03-12T01:36:35.810Z,-4.056,127.924,16.9,6.7,mw,,,,1.1,us,usp0001tk3,2025-12-19T21:32:33.671Z,"49 km SW of Ambon, Indonesia",earthquake,,1.6,,,reviewed,us,nc
1983-03-12T02:18:43.140Z,-17.849,167.529,33.0,4.7,mb,,,,1.5,us,usp0001tk4,2014-11-07T00:32:48.910Z,"84 km W of Port-Vila, Vanuatu",earthquake,,,,1.0,reviewed,us,us
1983-03-12T03:01:51.270Z,-19.693,-178.066,576.2,4.8,mb,,,,1.1,us,usp0001tk5,2014-11-07T00:32:48.916Z,Fiji region,earthquake,,5.3,,8.0,reviewed,us,us
1983-03-12T05:51:49.460Z,-26.628,-175.972,40.0,4.5,mb,,,,1.1,us,usp0001tk9,2014-11-07T00:32:48.940Z,south of Tonga,earthquake,,,,3.0,reviewed,us,us
1983-03-12T07:00:15.180Z,52.225,-170.172,33.0,5.2,mb,,,,1.1,us,usp0001tka,2025-12-19T21:32:34.371Z,"119 km SW of Nikolski, Alaska",earthquake,,,,58.0,reviewed,us,us
1983-03-12T07:21:52.480Z,5.495,126.56,74.4,4.9,mb,,,,1.0,us,usp0001tkb,2025-12-19T21:32:35.106Z,"104 km SSE of Pondaguitan, Philippines",earthquake,,6.3,,5.0,reviewed,us,us
1983-03-12T08:21:52.880Z,5.659,127.02,64.5,4.7,mb,,,,1.5,us,usp0001tkc,2014-11-07T00:32:48.968Z,"121 km SE of Pondaguitan, Philippines",earthquake,,25.0,,1.0,reviewed,us,us
1983-03-12T08:41:51.960Z,-3.85,128.049,33.0,4.9,mb,,,,1.7,us,usp0001tkd,2014-11-07T00:32:48.972Z,"22 km SW of Ambon, Indonesia",earthquake,,,,4.0,reviewed,us,us
1983-03-12T08:49:46.350Z,-18.116,168.073,35.9,5.8,ms,,,,1.2,us,usp0001tke,2025-12-19T20:59:11.205Z,"49 km SSW of Port-Vila, Vanuatu",earthquake,,4.8,,11.0,reviewed,us,us
1983-03-12T12:30:18.350Z,-4.28,128.096,33.0,4.8,mb,,,,1.1,us,usp0001tkh,2014-11-07T00:32:49.016Z,"65 km S of Ambon, Indonesia",earthquake,,,,6.0,reviewed,us,us
1983-03-12T14:25:26.820Z,31.474,104.113,35.7,4.8,mb,,,,1.2,us,usp0001tkj,2014-11-07T00:32:49.019Z,"45 km NW of Deyang, China",earthquake,,6.5,,8.0,reviewed,us,us
1983-03-12T14:45:17.930Z,-4.121,128.03,21.2,5.2,mb,,,,1.1,us,usp0001tkk,2014-11-07T00:32:49.024Z,"50 km SSW of Ambon, Indonesia",earthquake,,6.9,,10.0,reviewed,us,us
1983-03-12T17:04:39.500Z,-2.366,139.359,13.5,4.7,mb,,,,1.2,us,usp0001tkp,2014-11-07T00:32:49.036Z,"143 km W of Abepura, Indonesia",earthquake,,5.0,,9.0,reviewed,us,us
1983-03-12T18:56:33.150Z,59.984,-153.319,148.6,4.5,mb,,,,0.8,us,usp0001tks,2014-11-07T00:32:49.056Z,"49 km ENE of Pedro Bay, Alaska",earthquake,,3.5,,2.0,reviewed,us,us
1983-03-12T21:05:16.170Z,8.668,93.758,36.8,4.8,mb,,,,1.0,us,usp0001tku,2026-01-07T19:41:41.208Z,"Nicobar Islands, India region",earthquake,,5.6,,15.0,reviewed,us,us
1983-03-12T22:14:15.690Z,21.759,143.849,33.0,4.6,mb,,,,1.3,us,usp0001tkv,2026-01-07T19:41:42.014Z,Mariana Islands region,earthquake,,,,9.0,reviewed,us,us
1983-03-13T01:52:42.600Z,52.491,-170.244,33.0,4.5,mb,,,,1.0,us,usp0001tkx,2014-11-07T00:32:49.103Z,"105 km WSW of Nikolski, Alaska",earthquake,,,,1.0,reviewed,us,us
1983-03-13T02:54:10.300Z,-5.109,147.602,32.9,5.2,mb,,,,1.2,us,usp0001tky,2025-12-19T21:32:36.184Z,"162 km N of Finschhafen, Papua New Guinea",earthquake,,4.4,,16.0,reviewed,us,us
1983-03-13T03:08:22.450Z,12.196,-87.189,167.0,4.5,mb,,,,1.2,us,usp0001tkz,2014-11-07T00:32:49.118Z,"31 km S of Corinto, Nicaragua",earthquake,,,,8.0,reviewed,us,us
1983-03-13T05:01:46.860Z,52.438,157.471,33.0,4.6,mb,,,,1.6,us,usp0001tm2,2014-11-07T00:32:49.126Z,"78 km SW of Paratunka, Russia",earthquake,,,,6.0,reviewed,us,us
1983-03-13T05:14:26.970Z,52.387,157.758,33.0,4.7,mb,,,,0.9,us,usp0001tm4,2014-11-07T00:32:49.130Z,"72 km SSW of Paratunka, Russia",earthquake,,,,10.0,reviewed,us,us
1983-03-13T05:18:56.360Z,52.4,157.479,33.0,5.0,mb,,,,1.0,us,usp0001tm5,2014-11-07T00:32:49.134Z,"81 km SW of Paratunka, Russia",earthquake,,,,11.0,reviewed,us,us
1983-03-13T06:05:11.350Z,52.474,157.413,33.0,4.6,mb,,,,1.1,us,usp0001tm8,2014-11-07T00:32:49.140Z,"78 km SW of Paratunka, Russia",earthquake,,,,5.0,reviewed,us,us
1983-03-13T06:07:57.800Z,14.467,-93.359,33.0,4.7,mb,,,,1.0,us,usp0001tm9,2014-11-07T00:32:49.143Z,"104 km WSW of Puerto Madero, Mexico",earthquake,,,,20.0,reviewed,us,us
1983-03-13T08:03:22.590Z,48.072,154.171,33.0,4.5,mb,,,,1.4,us,usp0001tmb,2014-11-07T00:32:49.150Z,Kuril Islands,earthquake,,,,3.0,reviewed,us,us
1983-03-13T08:34:07.000Z,-24.985,70.084,10.0,4.8,mb,,,,1.4,us,usp0001tmc,2014-11-07T00:32:49.152Z,Mid-Indian Ridge,earthquake,,,,3.0,reviewed,us,us
1983-03-13T09:08:51.420Z,42.219,142.557,37.6,4.8,mb,,,,1.0,us,usp0001tme,2014-11-07T00:32:49.156Z,"20 km SE of Shizunai-furukawach?, Japan",earthquake,,3.5,,16.0,reviewed,us,us
1983-03-13T10:06:15.060Z,52.408,157.651,33.0,4.9,mb,,,,0.8,us,usp0001tmg,2026-01-07T19:41:42.881Z,"74 km SSW of Paratunka, Russia",earthquake,,,,12.0,reviewed,us,us
1983-03-13T12:20:14.350Z,43.447,77.163,33.0,4.8,mb,,,,1.6,us,usp0001tmh,2014-11-07T00:32:49.173Z,"11 km ENE of Otegen Batyra, Kazakhstan",earthquake,,,,2.0,reviewed,us,us
1983-03-13T19:12:15.470Z,-8.348,-74.352,152.1,4.8,mb,,,,1.2,us,usp0001tmn,2014-11-07T00:32:49.179Z,"21 km ENE of San Fernando, Peru",earthquake,,5.0,,9.0,reviewed,us,us
1983-03-13T20:06:04.920Z,53.833,159.395,113.0,4.8,mb,,,,1.2,us,usp0001tmp,2014-11-07T00:32:49.183Z,"98 km NE of Yelizovo, Russia",earthquake,,,,15.0,reviewed,us,us
1983-03-13T20:20:09.230Z,41.569,141.977,66.2,5.0,mb,,,,1.1,us,usp0001tmq,2025-12-19T21:32:36.912Z,"70 km ENE of Mutsu, Japan",earthquake,,2.3,,38.0,reviewed,us,us
1983-03-13T20:52:59.020Z,-61.108,-24.62,33.0,4.8,mb,,,,0.6,us,usp0001tms,2014-11-07T00:32:49.204Z,South Sandwich Islands region,earthquake,,,,5.0,reviewed,us,us
1983-03-13T23:30:14.710Z,52.006,178.058,140.9,4.7,mb,,,,1.0,us,usp0001tmu,2014-11-07T00:32:49.207Z,"Rat Islands, Aleutian Islands, Alaska",earthquake,,5.1,,9.0,reviewed,us,us
1983-03-14T10:24:12.420Z,52.323,157.785,33.0,4.8,mb,,,,0.9,us,usp0001tn1,2026-01-07T19:41:43.720Z,"77 km SSW of Paratunka, Russia",earthquake,,,,12.0,reviewed,us,us
1983-03-14T11:55:19.840Z,39.179,54.61,33.0,4.9,mb,,,,1.1,us,usp0001tn2,2026-01-07T19:37:17.059Z,"3 km SSE of Gumdag, Turkmenistan",earthquake,,,,26.0,reviewed,us,us
1983-03-14T12:12:48.290Z,39.168,54.471,33.0,5.2,ms,,,,1.2,us,usp0001tn3,2025-12-19T21:32:37.659Z,"11 km WSW of Gumdag, Turkmenistan",earthquake,,,,3.0,reviewed,us,us
1983-03-14T14:15:36.340Z,-3.405,177.663,33.0,4.8,mb,,,,1.0,us,usp0001tn5,2014-11-07T00:32:49.292Z,"Gilbert Islands, Kiribati region",earthquake,,,,6.0,reviewed,us,us
1983-03-14T15:33:55.590Z,52.352,157.504,33.0,4.7,mb,,,,1.0,us,usp0001tn6,2014-11-07T00:32:49.294Z,"84 km SW of Paratunka, Russia",earthquake,,,,4.0,reviewed,us,us
1983-03-14T16:37:34.150Z,-15.042,-173.074,33.0,4.6,mb,,,,1.1,us,usp0001tn8,2014-11-07T00:32:49.298Z,"127 km NE of Hihifo, Tonga",earthquake,,,,5.0,reviewed,us,us
1983-03-14T19:02:06.210Z,-4.192,127.784,29.0,5.5,mb,,,,1.2,us,usp0001tna,2022-04-28T00:09:47.095Z,"70 km SW of Ambon, Indonesia",earthquake,,,,23.0,reviewed,us,us
1983-03-14T21:14:53.880Z,52.112,-170.091,33.0,4.9,mb,,,,1.2,us,usp0001tnd,2014-11-07T00:32:49.315Z,"124 km SW of Nikolski, Alaska",earthquake,,,,20.0,reviewed,us,us
1983-03-15T02:22:39.250Z,52.469,-170.131,33.0,4.5,mb,,,,1.0,us,usp0001tng,2014-11-07T00:32:49.324Z,"100 km WSW of Nikolski, Alaska",earthquake,,,,3.0,reviewed,us,us
1983-03-15T06:03:32.480Z,-23.093,-178.339,511.2,4.8,mb,,,,0.6,us,usp0001tnm,2014-11-07T00:32:49.333Z,south of the Fiji Islands,earthquake,,20.0,,4.0,reviewed,us,us
1983-03-15T07:04:35.560Z,-15.138,-173.241,33.0,4.7,mb,,,,0.9,us,usp0001tnn,2014-11-07T00:32:49.335Z,"108 km NNE of Hihifo, Tonga",earthquake,,,,4.0,reviewed,us,us
1983-03-15T09:41:38.680Z,11.167,-86.912,33.0,4.5,mb,,,,0.8,us,usp0001tnp,2014-11-07T00:32:49.337Z,"81 km SSW of Masachapa, Nicaragua",earthquake,,,,5.0,reviewed,us,us
1983-03-15T11:06:03.820Z,28.823,-43.551,10.0,4.8,mb,,,,0.6,us,usp0001tnr,2014-11-07T00:32:49.342Z,northern Mid-Atlantic Ridge,earthquake,,,,14.0,reviewed,us,us
1983-03-15T11:27:42.620Z,-8.172,-79.997,33.0,5.5,mb,,,,1.0,us,usp0001tns,2025-12-19T21:32:38.414Z,"86 km WSW of Santiago de Cao, Peru",earthquake,,,,39.0,reviewed,us,us
1983-03-15T11:55:26.920Z,-18.416,-173.619,33.0,5.0,mb,,,,1.4,us,usp0001tnt,2014-11-07T00:32:49.362Z,"46 km NE of Neiafu, Tonga",earthquake,,,,5.0,reviewed,us,us
1983-03-15T12:23:45.970Z,16.996,59.872,10.0,5.2,mb,,,,1.1,us,usp0001tnu,2026-01-07T19:41:44.596Z,Owen Fracture Zone region,earthquake,,,,35.0,reviewed,us,us
1983-03-15T12:37:51.150Z,7.115,123.878,33.0,5.4,mb,,,,1.0,us,usp0001tnv,2026-01-07T19:41:45.305Z,"26 km WNW of Rimpeso, Philippines",earthquake,,,,32.0,reviewed,us,us
1983-03-15T13:01:23.220Z,-21.253,-176.44,222.3,4.5,mb,,,,1.4,us,usp0001tnw,2014-11-07T00:32:49.391Z,"127 km W of Haveluloto, Tonga",earthquake,,12.9,,2.0,reviewed,us,us
1983-03-15T14:49:17.900Z,39.15,54.522,33.0,5.0,mb,,,,1.0,us,usp0001tny,2026-01-07T19:41:46.133Z,"8 km SW of Gumdag, Turkmenistan",earthquake,,,,18.0,reviewed,us,us
1983-03-15T16:22:27.880Z,-19.125,169.71,33.0,4.6,ms,,,,1.2,us,usp0001tp1,2014-11-07T00:32:49.409Z,"64 km NE of Isangel, Vanuatu",earthquake,,,,1.0,reviewed,us,us
1983-03-15T16:56:15.760Z,-54.997,-1.022,10.0,5.5,mb,,,,0.7,us,usp0001tp2,2022-04-28T00:09:52.860Z,Bouvet Island region,earthquake,,,,4.0,reviewed,us,us
1983-03-15T17:15:36.080Z,0.587,-78.209,125.4,4.8,mb,,,,1.3,us,usp0001tp3,2014-11-07T00:32:49.414Z,"27 km NNW of Ibarra, Ecuador",earthquake,,8.4,,5.0,reviewed,us,us
1983-03-15T17:27:26.360Z,34.775,137.573,43.2,5.3,mb,,,,1.0,us,usp0001tp4,2025-12-19T21:32:39.372Z,"15 km SSE of Shinshiro, Japan",earthquake,,1.4,,49.0,reviewed,us,us
1983-03-15T19:58:30.450Z,5.346,126.566,41.0,6.7,mw,,,,1.3,us,usp0001tp6,2025-12-19T21:32:40.183Z,"120 km SSE of Pondaguitan, Philippines",earthquake,,,,,reviewed,us,nc
1983-03-15T20:02:32.270Z,-27.865,-71.098,72.7,5.0,mb,,,,1.1,us,usp0001tp7,2014-11-07T00:32:49.470Z,"85 km NNW of Vallenar, Chile",earthquake,,6.4,,1.0,reviewed,us,us
1983-03-15T20:31:56.860Z,5.597,126.76,65.4,4.8,mb,,,,1.5,us,usp0001tp8,2014-11-07T00:32:49.475Z,"106 km SE of Pondaguitan, Philippines",earthquake,,11.1,,5.0,reviewed,us,us
1983-03-15T21:36:19.540Z,-0.33,129.26,47.5,4.8,mb,,,,1.0,us,usp0001tpa,2014-11-07T00:32:49.483Z,"223 km ESE of Sofifi, Indonesia",earthquake,,9.7,,5.0,reviewed,us,us
1983-03-15T22:00:23.240Z,47.142,151.666,33.0,4.7,mb,,,,0.6,us,usp0001tpb,2014-11-07T00:32:49.485Z,Kuril Islands,earthquake,,,,2.0,reviewed,us,us
1983-03-15T22:27:01.360Z,-8.104,122.653,201.0,4.6,mb,,,,1.3,us,usp0001tpc,2014-11-07T00:32:49.487Z,"74 km NE of Maumere, Indonesia",earthquake,,6.5,,8.0,reviewed,us,us
1983-03-15T23:53:21.450Z,59.653,-153.177,111.4,4.7,mb,,,,1.1,us,usp0001tpe,2014-11-07T00:32:49.492Z,"54 km ESE of Pedro Bay, Alaska",earthquake,,2.5,,16.0,reviewed,us,us
1983-03-16T04:32:44.860Z,54.208,-35.081,10.0,4.8,mb,,,,0.8,us,usp0001tpj,2014-11-07T00:32:49.506Z,Reykjanes Ridge,earthquake,,,,32.0,reviewed,us,us
1983-03-16T05:28:37.040Z,-3.277,140.325,16.6,5.0,mb,,,,1.2,us,usp0001tpm,2025-12-19T21:32:41.053Z,"82 km SSW of Abepura, Indonesia",earthquake,,7.0,,11.0,reviewed,us,us
1983-03-16T06:55:40.680Z,-33.396,-67.723,189.2,4.8,mb,,,,0.8,us,usp0001tpn,2014-11-07T00:32:49.522Z,"77 km ESE of San Martín, Argentina",earthquake,,1.8,,7.0,reviewed,us,us
1983-03-16T09:13:11.980Z,3.484,95.794,43.3,5.2,mb,,,,1.0,us,usp0001tpq,2026-01-07T19:41:47.008Z,"81 km SSW of Meulaboh, Indonesia",earthquake,,5.2,,42.0,reviewed,us,us
1983-03-16T14:07:21.010Z,-9.375,158.363,10.9,4.8,mb,,,,0.6,us,usp0001tps,2014-11-07T00:32:49.544Z,"152 km WNW of Malango, Solomon Islands",earthquake,,3.5,,8.0,reviewed,us,us
1983-03-16T21:07:02.130Z,-24.242,-66.766,190.2,4.7,mb,,,,1.1,us,usp0001tpv,2014-11-07T00:32:49.553Z,"45 km W of San Antonio de los Cobres, Argentina",earthquake,,5.3,,4.0,reviewed,us,us
1983-03-16T21:19:37.520Z,38.776,20.845,10.0,4.8,mb,,,,1.4,us,usp0001tpw,2026-01-07T19:41:47.687Z,"3 km WSW of Pálairos, Greece",earthquake,,,,31.0,reviewed,us,us
1983-03-17T00:26:17.240Z,3.098,64.977,10.0,5.1,mb,,,,1.1,us,usp0001tq0,2026-01-07T19:41:48.568Z,Carlsberg Ridge,earthquake,,,,21.0,reviewed,us,us
1983-03-17T02:53:10.620Z,12.298,143.974,52.0,5.6,mb,,,,1.2,us,usp0001tq4,2025-12-19T21:32:41.731Z,"130 km SW of Merizo Village, Guam",earthquake,,,,53.0,reviewed,us,us
1983-03-17T05:23:15.080Z,52.364,157.585,90.0,4.6,mb,,,,0.9,us,usp0001tq8,2014-11-07T00:32:49.638Z,"Kamchatka Peninsula, Russia",earthquake,,,,5.0,reviewed,us,us
1983-03-17T07:11:30.550Z,51.596,142.452,42.0,5.6,mb,,,,0.9,us,usp0001tqb,2025-12-19T21:32:42.520Z,"52 km WSW of Nogliki, Russia",earthquake,,,,74.0,reviewed,us,us
1983-03-17T18:10:47.180Z,12.91,122.94,33.0,5.7,ms,,,,1.2,us,usp0001tqg,2025-12-19T21:32:43.208Z,"20 km S of San Rafael, Philippines",earthquake,,,,13.0,reviewed,us,us
1983-03-17T19:14:26.800Z,10.345,-83.982,106.4,4.7,mb,,,,0.8,us,usp0001tqj,2014-11-07T00:32:49.696Z,"25 km WNW of Guápiles, Costa Rica",earthquake,,4.4,,37.0,reviewed,us,us
1983-03-17T19:41:36.370Z,-6.128,130.162,85.6,4.6,mb,,,,0.9,us,usp0001tqk,2014-11-07T00:32:49.703Z,"292 km W of Tual, Indonesia",earthquake,,10.6,,5.0,reviewed,us,us
1983-03-17T19:59:28.830Z,41.817,140.65,134.4,5.4,mb,,,,1.0,us,usp0001tqn,2022-04-28T00:10:15.406Z,"0 km SE of Kamiiso, Japan",earthquake,,1.6,,71.0,reviewed,us,us
1983-03-17T22:19:15.540Z,-6.091,133.587,33.0,4.6,mb,,,,1.0,us,usp0001tqs,2014-11-07T00:32:49.744Z,"105 km ESE of Tual, Indonesia",earthquake,,,,2.0,reviewed,us,us
1983-03-17T22:47:44.050Z,-21.462,-174.52,33.0,5.2,mb,,,,1.3,us,usp0001tqt,2014-11-07T00:32:49.747Z,"46 km ESE of ‘Ohonua, Tonga",earthquake,,,,9.0,reviewed,us,us
1983-03-18T00:18:36.580Z,44.061,139.201,24.0,5.0,mb,,,,1.2,us,usp0001tqu,2025-12-19T21:32:44.035Z,"158 km NW of Yoichi, Japan",earthquake,,,,33.0,reviewed,us,us
1983-03-18T00:45:38.090Z,38.178,20.066,10.7,4.5,mb,,,,1.3,us,usp0001tqv,2014-11-07T00:32:49.775Z,"32 km W of Lixoúri, Greece",earthquake,,3.3,,13.0,reviewed,us,us
1983-03-18T07:31:22.530Z,39.155,54.643,33.0,4.6,mb,,,,1.2,us,usp0001tqy,2014-11-07T00:32:49.795Z,"7 km SE of Gumdag, Turkmenistan",earthquake,,,,3.0,reviewed,us,us
1983-03-18T08:37:02.650Z,-22.496,-174.159,38.2,5.4,mb,,,,1.1,us,usp0001tr0,2022-04-28T00:10:17.018Z,"152 km SSE of ‘Ohonua, Tonga",earthquake,,7.4,,16.0,reviewed,us,us
1983-03-18T09:05:50.000Z,-4.883,153.581,88.8,7.6,ms,,,,1.3,us,usp0001tr1,2022-04-28T00:10:18.946Z,"157 km ESE of Kokopo, Papua New Guinea",earthquake,,3.0,,9.0,reviewed,us,us
1983-03-18T10:17:55.860Z,-4.935,153.758,77.4,4.8,mb,,,,1.2,us,usp0001tr3,2014-11-07T00:32:49.889Z,"177 km ESE of Kokopo, Papua New Guinea",earthquake,,5.8,,7.0,reviewed,us,us
1983-03-18T12:25:39.750Z,-21.42,-68.451,130.0,5.1,mb,,,,1.2,us,usp0001tr5,2014-11-07T00:32:49.893Z,"124 km NNE of Calama, Chile",earthquake,,,,11.0,reviewed,us,us
1983-03-18T17:50:14.550Z,-4.687,153.576,97.1,5.1,mb,,,,0.8,us,usp0001tr8,2014-11-07T00:32:49.905Z,"149 km ESE of Kokopo, Papua New Guinea",earthquake,,3.7,,16.0,reviewed,us,us
1983-03-18T17:56:33.990Z,-4.647,153.615,104.0,4.6,mb,,,,1.0,us,usp0001tr9,2014-11-07T00:32:49.910Z,"153 km ESE of Kokopo, Papua New Guinea",earthquake,,5.0,,3.0,reviewed,us,us
1983-03-18T19:55:49.180Z,-5.181,154.05,119.2,5.0,mb,,,,0.9,us,usp0001trb,2014-11-07T00:32:49.916Z,"202 km NW of Panguna, Papua New Guinea",earthquake,,4.1,,11.0,reviewed,us,us
1983-03-18T20:04:40.740Z,-4.96,153.718,80.0,5.0,mb,,,,0.8,us,usp0001trc,2014-11-07T00:32:49.919Z,"174 km ESE of Kokopo, Papua New Guinea",earthquake,,,,7.0,reviewed,us,us
1983-03-18T21:42:11.090Z,-4.785,153.564,95.8,5.2,mb,,,,0.7,us,usp0001tre,2014-11-07T00:32:49.924Z,"151 km ESE of Kokopo, Papua New Guinea",earthquake,,3.7,,4.0,reviewed,us,us
1983-03-18T22:54:04.040Z,-4.854,153.658,93.7,5.0,mb,,,,0.8,us,usp0001trf,2014-11-07T00:32:49.926Z,"164 km ESE of Kokopo, Papua New Guinea",earthquake,,4.6,,3.0,reviewed,us,us
1983-03-18T23:46:20.040Z,-4.597,153.572,100.0,5.5,mb,,,,1.2,us,usp0001trg,2014-11-07T00:32:49.928Z,"147 km E of Kokopo, Papua New Guinea",earthquake,,7.9,,1.0,reviewed,us,us
1983-03-19T00:06:10.160Z,68.816,-17.389,10.0,4.8,mb,,,,0.9,us,usp0001trh,2026-01-07T19:41:49.859Z,Iceland region,earthquake,,,,25.0,reviewed,us,us
1983-03-19T03:00:26.340Z,10.613,-63.191,29.1,4.8,mb,,,,0.8,us,usp0001trm,2014-11-07T00:32:49.943Z,"8 km SE of Carúpano, Venezuela",earthquake,,2.3,,12.0,reviewed,us,us
1983-03-19T11:46:23.230Z,51.616,159.669,30.0,5.3,mb,,,,1.0,us,usp0001trs,2026-01-07T19:41:50.770Z,"169 km SSE of Vilyuchinsk, Russia",earthquake,,,,48.0,reviewed,us,us
1983-03-19T12:40:57.920Z,71.966,-2.148,10.0,4.8,mb,,,,0.9,us,usp0001trt,2014-11-07T00:32:49.967Z,"260 km ENE of Olonkinbyen, Svalbard and Jan Mayen",earthquake,,,,6.0,reviewed,us,us
1983-03-19T13:13:39.910Z,12.364,143.294,32.3,4.5,mb,,,,1.4,us,usp0001tru,2014-11-07T00:32:49.969Z,"179 km SW of Merizo Village, Guam",earthquake,,7.4,,1.0,reviewed,us,us
1983-03-19T13:48:21.560Z,-17.971,-179.319,619.6,4.5,mb,,,,1.2,us,usp0001trv,2014-11-07T00:32:49.971Z,"144 km E of Levuka, Fiji",earthquake,,4.3,,9.0,reviewed,us,us
1983-03-19T17:13:27.150Z,-4.257,152.786,13.9,5.4,ms,,,,1.1,us,usp0001ts0,2025-12-19T21:32:44.755Z,"58 km E of Kokopo, Papua New Guinea",earthquake,,2.9,,3.0,reviewed,us,us
1983-03-19T21:41:42.880Z,35.081,25.35,65.0,5.7,mb,,,,1.0,us,usp0001ts5,2025-12-19T21:32:45.531Z,"10 km SE of Arkalochóri, Greece",earthquake,,,,64.0,reviewed,us,us
1983-03-19T22:59:46.870Z,-4.768,153.851,120.6,4.7,mb,,,,0.6,us,usp0001ts7,2014-11-07T00:32:50.044Z,"181 km ESE of Kokopo, Papua New Guinea",earthquake,,2.8,,5.0,reviewed,us,us
1983-03-20T01:01:53.730Z,-5.67,103.118,37.4,4.9,mb,,,,0.8,us,usp0001ts9,2014-11-07T00:32:50.048Z,"182 km S of Pagar Alam, Indonesia",earthquake,,7.5,,11.0,reviewed,us,us
1983-03-20T01:56:27.260Z,40.181,122.037,33.0,4.5,mb,,,,1.3,us,usp0001tsa,2026-01-07T19:41:51.525Z,"56 km SSW of Yingkou, China",earthquake,,,,5.0,reviewed,us,us
1983-03-20T01:56:37.000Z,-10.496,-74.868,9.6,5.4,mb,,,,0.9,us,usp0001tsb,2022-04-28T00:10:31.021Z,"46 km N of Santa Rosa, Peru",earthquake,,2.1,,43.0,reviewed,us,us
1983-03-20T06:59:10.370Z,36.468,-2.093,10.0,4.6,mb,,,,1.0,us,usp0001tsf,2014-11-07T00:32:50.076Z,"32 km S of San José, Spain",earthquake,,,,2.0,reviewed,us,us
1983-03-20T11:24:46.840Z,2.326,126.7,41.6,5.5,mb,,,,1.0,us,usp0001tsj,2025-12-19T21:32:46.353Z,"159 km WNW of Tobelo, Indonesia",earthquake,,3.5,,25.0,reviewed,us,us
1983-03-20T13:45:49.060Z,-4.694,153.161,80.1,6.4,mw,,,,1.0,us,usp0001tsn,2022-04-28T00:10:36.522Z,"106 km ESE of Kokopo, Papua New Guinea",earthquake,,2.9,,,reviewed,us,nc
1983-03-20T16:24:12.220Z,-18.957,-177.569,625.5,5.2,mb,,,,1.0,us,usp0001tsr,2014-11-07T00:32:50.154Z,Fiji region,earthquake,,2.6,,18.0,reviewed,us,us
1983-03-20T17:44:06.120Z,-18.943,-177.546,623.0,5.0,mb,,,,1.0,us,usp0001tsu,2014-11-07T00:32:50.171Z,Fiji region,earthquake,,,,8.0,reviewed,us,us
1983-03-20T19:36:41.780Z,13.759,57.266,10.0,4.7,mb,,,,0.6,us,usp0001tt0,2014-11-07T00:32:50.187Z,Owen Fracture Zone region,earthquake,,,,7.0,reviewed,us,us
1983-03-20T23:45:39.930Z,1.55,-79.626,33.0,4.6,mb,,,,1.5,us,usp0001tt4,2014-11-07T00:32:50.196Z,"65 km N of Esmeraldas, Ecuador",earthquake,,,,3.0,reviewed,us,us
1983-03-21T01:02:51.620Z,-3.81,-77.942,65.7,4.6,mb,,,,0.9,us,usp0001tt7,2014-11-07T00:32:50.202Z,"84 km ESE of Gualaquiza, Ecuador",earthquake,,9.1,,11.0,reviewed,us,us
1983-03-21T03:18:39.190Z,19.3528333,-155.0471667,6.539,4.91,ml,47.0,169.0,,0.11,hv,hv19831383,2025-12-19T21:32:47.194Z,"15 km SE of Fern Forest, Hawaii",earthquake,0.67,0.56,0.33,3.0,reviewed,hv,hv
1983-03-21T04:06:25.740Z,-5.036,153.647,84.8,5.6,mb,,,,1.0,us,usp0001ttb,2022-04-28T00:10:38.276Z,"171 km ESE of Kokopo, Papua New Guinea",earthquake,,3.0,,42.0,reviewed,us,us
1983-03-21T07:44:17.790Z,-21.466,-175.451,68.0,6.7,mw,,,,1.0,us,usp0001tte,2025-12-19T21:32:47.833Z,"41 km SW of Vaini, Tonga",earthquake,,,,,reviewed,us,nc
1983-03-21T07:57:19.350Z,-7.275,128.912,151.3,5.6,mb,,,,1.0,us,usp0001ttf,2022-04-28T00:10:41.592Z,"252 km ENE of Lospalos, Timor Leste",earthquake,,2.6,,20.0,reviewed,us,us
1983-03-21T15:49:52.010Z,-21.508,-175.253,63.0,5.5,mb,,,,0.9,us,usp0001ttm,2022-05-09T19:15:27.705Z,"35 km SSW of Vaini, Tonga",earthquake,,,,16.0,reviewed,us,us
1983-03-21T19:17:44.860Z,-4.355,35.276,15.6,5.1,mb,,,,1.3,us,usp0001ttt,2022-04-28T00:10:43.154Z,"20 km SW of Bashanet, Tanzania",earthquake,,5.3,,10.0,reviewed,us,us
1983-03-21T23:32:17.200Z,-7.882,117.442,18.0,4.7,mb,,,,1.1,us,usp0001ttw,2014-11-07T00:32:50.328Z,"58 km N of Pototano, Indonesia",earthquake,,13.0,,10.0,reviewed,us,us
1983-03-22T00:43:06.960Z,-8.317,118.004,33.0,4.8,mb,,,,1.3,us,usp0001tty,2014-11-07T00:32:50.334Z,"56 km WNW of Dompu, Indonesia",earthquake,,,,6.0,reviewed,us,us
1983-03-22T01:32:31.180Z,51.272,-178.434,57.8,4.9,mb,,,,1.2,us,usp0001tu0,2014-11-07T00:32:50.340Z,"141 km WSW of Adak, Alaska",earthquake,,5.6,,26.0,reviewed,us,us
1983-03-22T05:12:51.810Z,38.146,20.062,10.0,4.7,mb,,,,1.2,us,usp0001tu6,2014-11-07T00:32:50.355Z,"33 km W of Lixoúri, Greece",earthquake,,,,8.0,reviewed,us,us
1983-03-22T08:22:11.730Z,-32.655,-178.257,33.0,4.9,mb,,,,1.3,us,usp0001tud,2014-11-07T00:32:50.379Z,south of the Kermadec Islands,earthquake,,,,4.0,reviewed,us,us
1983-03-22T11:42:26.630Z,2.245,126.537,90.1,4.6,mb,,,,1.2,us,usp0001tuh,2014-11-07T00:32:50.387Z,"173 km WNW of Tobelo, Indonesia",earthquake,,8.9,,5.0,reviewed,us,us
1983-03-22T16:07:36.930Z,19.314,-108.829,10.0,4.7,mb,,,,1.4,us,usp0001tum,2014-11-07T00:32:50.393Z,Revilla Gigedo Islands region,earthquake,,,,6.0,reviewed,us,us
1983-03-22T16:39:10.890Z,-6.378,154.571,21.7,4.9,mb,,,,0.8,us,usp0001tun,2014-11-07T00:32:50.396Z,"101 km W of Panguna, Papua New Guinea",earthquake,,6.2,,5.0,reviewed,us,us
1983-03-22T20:17:09.320Z,53.301,162.106,51.0,4.8,mb,,,,0.8,us,usp0001tur,2025-12-19T20:59:12.059Z,"232 km E of Petropavlovsk-Kamchatsky, Russia",earthquake,,23.5,,10.0,reviewed,us,us
1983-03-22T22:44:24.870Z,3.835,118.862,57.6,5.0,mb,,,,0.8,us,usp0001tuu,2014-11-07T00:32:50.409Z,"76 km SSE of Semporna, Malaysia",earthquake,,4.4,,16.0,reviewed,us,us
1983-03-22T23:06:41.290Z,-6.481,154.645,37.3,4.9,mb,,,,0.5,us,usp0001tuv,2014-11-07T00:32:50.413Z,"94 km W of Panguna, Papua New Guinea",earthquake,,3.3,,6.0,reviewed,us,us
1983-03-23T02:48:26.220Z,-4.809,153.532,94.2,4.7,mb,,,,1.0,us,usp0001tuy,2014-11-07T00:32:50.418Z,"149 km ESE of Kokopo, Papua New Guinea",earthquake,,6.1,,2.0,reviewed,us,us
1983-03-23T06:09:28.870Z,-6.514,154.603,35.0,6.4,mw,,,,1.3,us,usp0001tv0,2025-12-19T21:32:48.630Z,"99 km WSW of Panguna, Papua New Guinea",earthquake,,3.6,,,reviewed,us,nc
1983-03-23T06:40:31.560Z,-6.665,154.581,49.4,5.3,mb,,,,1.1,us,usp0001tv2,2025-12-19T21:32:49.530Z,"107 km WSW of Panguna, Papua New Guinea",earthquake,,5.6,,8.0,reviewed,us,us
1983-03-23T08:26:54.590Z,-6.586,154.6,29.6,6.0,ms,,,,1.0,us,usp0001tv8,2025-12-19T21:32:50.381Z,"102 km WSW of Panguna, Papua New Guinea",earthquake,,3.6,,3.0,reviewed,us,us
1983-03-23T12:11:23.330Z,37.02,71.491,116.0,5.2,mb,,,,0.9,us,usp0001tvc,2025-12-19T21:32:51.033Z,"34 km NNW of Ishqoshim, Tajikistan",earthquake,,4.9,,57.0,reviewed,us,us
1983-03-23T14:04:49.820Z,-6.695,154.539,64.9,5.2,mb,,,,1.1,us,usp0001tvg,2025-12-19T21:32:51.711Z,"112 km WSW of Panguna, Papua New Guinea",earthquake,,4.5,,13.0,reviewed,us,us
1983-03-23T16:07:01.050Z,-3.528,177.624,27.0,4.7,mb,,,,0.8,us,usp0001tvj,2014-11-07T00:32:50.509Z,"287 km N of Kulia Village, Tuvalu",earthquake,,,,5.0,reviewed,us,us
1983-03-23T18:28:46.490Z,-32.592,-178.04,33.0,5.4,mb,,,,1.5,us,usp0001tvt,2014-11-07T00:32:50.523Z,south of the Kermadec Islands,earthquake,,,,4.0,reviewed,us,us
1983-03-23T19:03:57.760Z,38.688,20.674,10.0,5.1,mb,,,,1.4,us,usp0001tvx,2025-12-19T21:32:52.389Z,"16 km S of Lefkáda, Greece",earthquake,,,,26.0,reviewed,us,us
1983-03-23T20:01:34.930Z,-7.348,129.008,33.0,4.6,mb,,,,0.4,us,usp0001tw2,2014-11-07T00:32:50.552Z,"256 km ENE of Lospalos, Timor Leste",earthquake,,,,2.0,reviewed,us,us
1983-03-23T20:28:19.440Z,-32.533,-177.774,33.0,5.3,mb,,,,1.5,us,usp0001tw3,2014-11-07T00:32:50.554Z,south of the Kermadec Islands,earthquake,,,,2.0,reviewed,us,us
1983-03-23T21:54:34.970Z,37.349,138.028,38.0,4.5,mb,,,,1.2,us,usp0001tw5,2014-11-07T00:32:50.562Z,"28 km NW of J?etsu, Japan",earthquake,,6.0,,2.0,reviewed,us,us
1983-03-23T23:51:06.510Z,38.294,20.262,19.1,6.4,mw,,,,1.3,us,usp0001twa,2025-12-19T21:32:53.203Z,"18 km NW of Lixoúri, Greece",earthquake,,2.5,,,reviewed,us,nc
1983-03-24T00:13:04.290Z,38.032,19.815,10.0,4.5,mb,,,,0.7,us,usp0001twb,2014-11-07T00:32:50.617Z,"57 km WSW of Lixoúri, Greece",earthquake,,,,1.0,reviewed,us,us
1983-03-24T00:18:42.200Z,38.056,19.815,10.0,4.5,mb,,,,0.8,us,usp0001twc,2014-11-07T00:32:50.620Z,"56 km WSW of Lixoúri, Greece",earthquake,,,,1.0,reviewed,us,us
1983-03-24T01:11:48.390Z,38.107,20.077,10.0,4.7,mb,,,,1.4,us,usp0001twf,2014-11-07T00:32:50.627Z,"33 km WSW of Lixoúri, Greece",earthquake,,,,9.0,reviewed,us,us
1983-03-24T02:05:07.160Z,38.452,20.035,10.0,4.9,mb,,,,1.1,us,usp0001twm,2026-01-07T19:41:53.307Z,"44 km NW of Lixoúri, Greece",earthquake,,,,7.0,reviewed,us,us
1983-03-24T02:35:59.700Z,38.27,20.044,10.0,5.0,mb,,,,1.3,us,usp0001twr,2026-01-07T19:37:18.294Z,"35 km WNW of Lixoúri, Greece",earthquake,,,,14.0,reviewed,us,us
1983-03-24T04:17:31.690Z,38.181,20.315,24.7,5.3,mb,,,,1.3,us,usp0001twv,2025-12-19T21:32:54.017Z,"10 km WSW of Lixoúri, Greece",earthquake,,2.8,,70.0,reviewed,us,us
1983-03-24T06:15:00.750Z,16.177,-94.991,86.0,4.6,mb,,,,1.3,us,usp0001twx,2014-11-07T00:32:50.701Z,"3 km SSW of San Mateo del Mar, Mexico",earthquake,,6.9,,6.0,reviewed,us,us
1983-03-24T07:01:38.410Z,-10.21,161.479,89.6,4.7,mb,,,,1.2,us,usp0001tx0,2014-11-07T00:32:50.711Z,"55 km WNW of Kirakira, Solomon Islands",earthquake,,7.9,,3.0,reviewed,us,us
1983-03-24T07:24:10.870Z,-7.693,107.102,33.6,4.7,mb,,,,1.2,us,usp0001tx1,2014-11-07T00:32:50.713Z,"65 km SSW of Banjar, Indonesia",earthquake,,13.3,,3.0,reviewed,us,us
1983-03-24T08:44:53.230Z,-6.539,154.565,44.7,5.2,mb,,,,1.1,us,usp0001tx4,2014-11-07T00:32:50.721Z,"104 km WSW of Panguna, Papua New Guinea",earthquake,,4.3,,10.0,reviewed,us,us
1983-03-24T10:47:11.460Z,38.421,20.088,10.0,4.6,mb,,,,1.3,us,usp0001tx8,2014-11-07T00:32:50.736Z,"39 km NW of Lixoúri, Greece",earthquake,,,,7.0,reviewed,us,us
1983-03-24T10:47:40.730Z,-4.696,153.313,80.2,5.3,mb,,,,1.2,us,usp0001tx9,2025-12-19T21:32:54.734Z,"122 km ESE of Kokopo, Papua New Guinea",earthquake,,4.2,,15.0,reviewed,us,us
1983-03-24T10:55:56.950Z,37.123,29.342,10.0,4.5,mb,,,,1.2,us,usp0001txa,2014-11-07T00:32:50.749Z,"15 km W of Gölhisar, Turkey",earthquake,,,,14.0,reviewed,us,us
1983-03-24T11:01:49.540Z,-49.484,125.976,10.0,5.6,ms,,,,1.3,us,usp0001txb,2022-04-28T00:11:04.226Z,western Indian-Antarctic Ridge,earthquake,,,,1.0,reviewed,us,us
1983-03-24T11:16:01.640Z,36.761,19.834,10.0,4.7,mb,,,,1.2,us,usp0001txc,2014-11-07T00:32:50.761Z,"138 km SW of Lithakiá, Greece",earthquake,,,,1.0,reviewed,us,us
1983-03-24T12:24:29.720Z,-10.964,164.244,33.0,5.0,mb,,,,1.5,us,usp0001txe,2026-01-07T19:41:54.179Z,"171 km W of Lata, Solomon Islands",earthquake,,,,6.0,reviewed,us,us
1983-03-24T12:50:55.750Z,38.067,20.149,10.0,4.9,mb,,,,1.3,us,usp0001txf,2025-12-19T21:32:55.410Z,"29 km WSW of Lixoúri, Greece",earthquake,,,,26.0,reviewed,us,us
1983-03-24T14:07:02.490Z,38.279,20.093,10.0,4.8,mb,,,,1.5,us,usp0001txg,2014-11-07T00:32:50.804Z,"31 km WNW of Lixoúri, Greece",earthquake,,,,9.0,reviewed,us,us
1983-03-24T14:28:27.890Z,-24.242,-68.951,97.0,5.0,mb,,,,1.2,us,usp0001txk,2014-11-07T00:32:50.818Z,"160 km ESE of Antofagasta, Chile",earthquake,,,,8.0,reviewed,us,us
1983-03-24T17:44:02.740Z,43.848,106.784,33.0,4.8,mb,,,,1.3,us,usp0001txn,2014-11-07T00:32:50.826Z,"192 km E of Dalandzadgad, Mongolia",earthquake,,,,3.0,reviewed,us,us
1983-03-24T19:35:53.310Z,38.2,20.052,10.0,5.0,mb,,,,1.3,us,usp0001txq,2026-01-07T19:41:55.113Z,"33 km W of Lixoúri, Greece",earthquake,,,,22.0,reviewed,us,us
1983-03-24T20:04:11.590Z,-59.157,-26.926,33.0,5.3,mb,,,,1.0,us,usp0001txr,2014-11-07T00:32:50.846Z,South Sandwich Islands region,earthquake,,,,3.0,reviewed,us,us
1983-03-24T21:40:22.790Z,-1.063,120.051,33.0,4.7,mb,,,,1.3,us,usp0001txt,2014-11-07T00:32:50.850Z,"26 km SE of Palu, Indonesia",earthquake,,,,7.0,reviewed,us,us
1983-03-24T22:03:16.980Z,38.181,20.107,10.0,4.6,mb,,,,1.1,us,usp0001txu,2014-11-07T00:32:50.854Z,"29 km W of Lixoúri, Greece",earthquake,,,,4.0,reviewed,us,us
1983-03-25T04:26:17.280Z,49.939,-126.766,15.0,4.5,mb,,,,1.1,us,usp0001txz,2014-11-07T00:32:50.865Z,"30 km WSW of Vernon, Canada",earthquake,,,,1.0,reviewed,us,us
1983-03-25T07:43:58.640Z,-6.52,129.96,132.8,5.5,mb,,,,1.0,us,usp0001ty6,2022-04-28T00:11:12.078Z,Banda Sea,earthquake,,2.4,,37.0,reviewed,us,us
1983-03-25T10:36:59.010Z,63.616,149.771,33.0,4.7,mb,,,,1.1,us,usp0001tya,2026-01-07T19:41:55.939Z,"121 km N of Yagodnoye, Russia",earthquake,,,,13.0,reviewed,us,us
1983-03-25T11:00:03.070Z,38.203,19.953,10.0,4.8,mb,,,,1.3,us,usp0001tyc,2014-11-07T00:32:50.904Z,"42 km W of Lixoúri, Greece",earthquake,,,,7.0,reviewed,us,us
1983-03-25T11:57:49.390Z,35.953,52.264,33.0,5.2,mb,,,,1.0,us,usp0001tyd,2025-12-19T21:32:56.254Z,"31 km NE of Dam?vand, Iran",earthquake,,,,48.0,reviewed,us,us
1983-03-25T12:16:34.230Z,-3.266,152.609,33.0,4.5,mb,,,,1.5,us,usp0001tye,2014-11-07T00:32:50.924Z,"114 km NNE of Rabaul, Papua New Guinea",earthquake,,,,1.0,reviewed,us,us
1983-03-25T13:00:14.090Z,-6.479,151.75,46.6,5.2,mb,,,,1.3,us,usp0001tyf,2014-11-07T00:32:50.926Z,"New Britain region, Papua New Guinea",earthquake,,5.4,,13.0,reviewed,us,us
1983-03-25T18:56:36.780Z,38.164,20.108,10.0,5.0,ms,,,,1.3,us,usp0001tyk,2025-12-19T21:32:56.909Z,"29 km W of Lixoúri, Greece",earthquake,,,,3.0,reviewed,us,us
1983-03-25T19:33:53.420Z,-8.649,124.569,132.7,4.7,mb,,,,1.2,us,usp0001tym,2014-11-07T00:32:50.952Z,"61 km NW of Atambua, Indonesia",earthquake,,8.0,,7.0,reviewed,us,us
1983-03-25T20:20:43.300Z,38.25,20.033,10.0,4.9,mb,,,,1.2,us,usp0001typ,2014-11-07T00:32:50.957Z,"35 km W of Lixoúri, Greece",earthquake,,,,14.0,reviewed,us,us
1983-03-25T20:43:10.650Z,38.185,20.141,10.0,4.8,mb,,,,1.0,us,usp0001tyr,2014-11-07T00:32:50.969Z,"25 km W of Lixoúri, Greece",earthquake,,,,11.0,reviewed,us,us
1983-03-25T21:00:47.550Z,38.042,20.202,10.0,4.9,mb,,,,1.3,us,usp0001tys,2026-01-07T19:41:56.799Z,"27 km SW of Lixoúri, Greece",earthquake,,,,19.0,reviewed,us,us
1983-03-25T21:41:59.180Z,-6.349,154.826,160.8,4.9,mb,,,,1.2,us,usp0001tyv,2014-11-07T00:32:50.990Z,"72 km W of Panguna, Papua New Guinea",earthquake,,4.5,,7.0,reviewed,us,us
1983-03-26T03:27:16.910Z,38.168,19.922,10.0,4.7,mb,,,,1.0,us,usp0001tz0,2014-11-07T00:32:50.999Z,"45 km W of Lixoúri, Greece",earthquake,,,,6.0,reviewed,us,us
1983-03-26T04:07:19.560Z,35.961,52.228,33.0,5.4,mb,,,,1.1,us,usp0001tz2,2025-12-19T21:32:58.050Z,"30 km NNE of Dam?vand, Iran",earthquake,,,,53.0,reviewed,us,us
1983-03-26T09:17:54.420Z,3.653,126.885,105.9,4.9,mb,,,,1.1,us,usp0001tz6,2014-11-07T00:32:51.024Z,"246 km NNW of Tobelo, Indonesia",earthquake,,5.6,,12.0,reviewed,us,us
1983-03-26T09:20:10.610Z,11.167,-62.12,97.1,4.9,mb,,,,1.3,us,usp0001tz8,2014-11-07T00:32:51.031Z,"68 km NNE of Güiria, Venezuela",earthquake,,2.9,,11.0,reviewed,us,us
1983-03-26T10:51:47.320Z,38.863,44.333,33.0,4.5,mb,,,,1.1,us,usp0001tza,2014-11-07T00:32:51.039Z,"37 km NE of Özalp, Turkey",earthquake,,,,4.0,reviewed,us,us
1983-03-26T12:46:47.400Z,-4.964,153.621,85.2,4.8,mb,,,,1.5,us,usp0001tzc,2014-11-07T00:32:51.045Z,"165 km ESE of Kokopo, Papua New Guinea",earthquake,,9.2,,2.0,reviewed,us,us
1983-03-26T14:57:49.760Z,1.159,126.619,75.9,4.8,mb,,,,1.1,us,usp0001tzf,2014-11-07T00:32:51.051Z,"94 km WNW of Ternate, Indonesia",earthquake,,7.8,,5.0,reviewed,us,us
1983-03-26T17:17:24.750Z,38.267,19.991,13.4,4.8,mb,,,,1.1,us,usp0001tzj,2026-01-07T19:41:57.585Z,"39 km W of Lixoúri, Greece",earthquake,,2.7,,15.0,reviewed,us,us
1983-03-26T17:19:37.410Z,-4.657,143.848,97.5,4.5,mb,,,,1.1,us,usp0001tzk,2014-11-07T00:32:51.065Z,"70 km SSW of Angoram, Papua New Guinea",earthquake,,6.2,,4.0,reviewed,us,us
1983-03-26T18:42:44.940Z,42.004,142.145,74.8,4.5,mb,,,,1.1,us,usp0001tzn,2014-11-07T00:32:51.070Z,"40 km SSW of Shizunai-furukawach?, Japan",earthquake,,4.9,,6.0,reviewed,us,us
1983-03-26T20:20:00.070Z,37.301,-116.46,0.0,5.1,mb,,,,,us,usp0001tzq,2016-02-03T00:06:23.780Z,"51 km NNE of Beatty, Nevada",earthquake,,,,35.0,reviewed,doe,us
1983-03-27T02:42:41.460Z,34.237,92.595,33.0,5.0,mb,,,,0.9,us,usp0001tzu,2026-01-07T19:41:59.275Z,"Southern Qinghai, China",earthquake,,,,4.0,reviewed,us,us
1983-03-27T09:04:33.530Z,27.592,141.245,38.0,4.7,mb,,,,0.9,us,usp0001u02,2025-12-19T21:32:58.891Z,"Bonin Islands, Japan region",earthquake,,,,9.0,reviewed,us,us
1983-03-27T17:17:52.920Z,16.38,-95.247,45.0,4.9,mb,,,,1.2,us,usp0001u09,2022-04-28T00:11:25.088Z,"0 km W of Colonia San Luis, Mexico",earthquake,,,,26.0,reviewed,us,us
1983-03-27T18:32:00.240Z,-4.841,153.567,94.6,4.8,mb,,,,0.9,us,usp0001u0b,2014-11-07T00:32:51.644Z,"154 km ESE of Kokopo, Papua New Guinea",earthquake,,4.0,,6.0,reviewed,us,us
1983-03-27T20:05:07.620Z,-6.887,148.451,33.0,4.7,mb,,,,0.8,us,usp0001u0d,2014-11-07T00:32:51.688Z,"76 km ESE of Finschhafen, Papua New Guinea",earthquake,,,,2.0,reviewed,us,us
1983-03-27T22:32:18.700Z,-24.412,37.117,33.0,4.9,mb,,,,1.1,us,usp0001u0h,2014-11-07T00:32:51.699Z,"186 km ESE of Inhambane, Mozambique",earthquake,,,,5.0,reviewed,us,us
1983-03-27T22:41:57.840Z,36.725,71.084,159.4,4.5,mb,,,,1.1,us,usp0001u0j,2014-11-07T00:32:51.703Z,"27 km SE of Jurm, Afghanistan",earthquake,,11.7,,8.0,reviewed,us,us
1983-03-28T00:39:19.400Z,-6.901,129.848,133.1,4.8,mb,,,,1.2,us,usp0001u0m,2014-11-07T00:32:51.707Z,Banda Sea,earthquake,,7.0,,8.0,reviewed,us,us
1983-03-28T01:03:13.590Z,15.882,-98.304,33.0,4.5,mb,,,,0.9,us,usp0001u0n,2014-11-07T00:32:51.710Z,"41 km SSW of Corralero, Mexico",earthquake,,,,1.0,reviewed,us,us
1983-03-28T01:46:01.490Z,-2.982,86.144,33.0,4.5,mb,,,,1.3,us,usp0001u0p,2014-11-07T00:32:51.712Z,South Indian Ocean,earthquake,,,,6.0,reviewed,us,us
1983-03-28T04:35:59.150Z,3.373,126.694,33.0,5.0,mb,,,,1.0,us,usp0001u0u,2014-11-07T00:32:51.721Z,"233 km NW of Tobelo, Indonesia",earthquake,,,,6.0,reviewed,us,us
1983-03-28T09:00:03.880Z,-14.984,-173.552,19.0,4.9,mb,,,,1.0,us,usp0001u0z,2014-11-07T00:32:51.731Z,"110 km NNE of Hihifo, Tonga",earthquake,,,,10.0,reviewed,us,us
1983-03-28T12:46:04.140Z,-13.771,166.158,59.9,5.0,mb,,,,1.2,us,usp0001u11,2014-11-07T00:32:51.738Z,"151 km W of Sola, Vanuatu",earthquake,,10.4,,3.0,reviewed,us,us
1983-03-28T19:17:58.300Z,26.32,127.345,58.3,5.4,mb,,,,1.0,us,usp0001u16,2026-01-07T19:42:00.223Z,"35 km WNW of Naha, Japan",earthquake,,2.5,,52.0,reviewed,us,us
1983-03-28T19:19:49.150Z,73.944,9.558,10.0,5.2,mb,,,,1.4,us,usp0001u17,2026-01-07T19:42:01.005Z,Greenland Sea,earthquake,,,,30.0,reviewed,us,us
1983-03-28T21:41:56.020Z,-17.808,178.791,551.0,4.5,mb,,,,1.1,us,usp0001u1b,2014-11-07T00:32:51.778Z,"52 km NE of Suva, Fiji",earthquake,,4.0,,2.0,reviewed,us,us
1983-03-28T21:53:48.900Z,-31.574,-71.466,61.4,4.9,mb,,,,1.1,us,usp0001u1c,2014-11-07T00:32:51.781Z,"28 km WNW of Illapel, Chile",earthquake,,6.0,,2.0,reviewed,us,us
1983-03-28T23:04:47.250Z,-24.386,37.343,33.0,5.3,mb,,,,1.2,us,usp0001u1e,2014-11-07T00:32:51.787Z,"207 km ESE of Inhambane, Mozambique",earthquake,,,,2.0,reviewed,us,us
1983-03-28T23:06:53.330Z,35.544,70.582,26.2,4.8,mb,,,,1.2,us,usp0001u1f,2014-11-07T00:32:51.789Z,"33 km WNW of P?r?n, Afghanistan",earthquake,,7.0,,6.0,reviewed,us,us
1983-03-28T23:38:27.610Z,13.071,146.354,33.0,4.8,mb,,,,1.0,us,usp0001u1g,2014-11-07T00:32:51.792Z,"166 km ESE of Yigo Village, Guam",earthquake,,,,7.0,reviewed,us,us
1983-03-29T05:25:40.220Z,-4.772,153.611,33.0,4.5,mb,,,,0.7,us,usp0001u1m,2014-11-07T00:32:51.802Z,"156 km ESE of Kokopo, Papua New Guinea",earthquake,,,,3.0,reviewed,us,us
1983-03-29T06:26:28.460Z,38.185,20.09,10.0,4.8,mb,,,,1.1,us,usp0001u1n,2014-11-07T00:32:51.803Z,"30 km W of Lixoúri, Greece",earthquake,,,,3.0,reviewed,us,us
1983-03-29T17:17:53.000Z,-19.925,-177.845,422.1,4.7,mb,,,,0.9,us,usp0001u1w,2014-11-07T00:32:51.833Z,Fiji region,earthquake,,4.4,,6.0,reviewed,us,us
1983-03-29T21:18:20.410Z,1.868,127.377,112.1,4.8,mb,,,,1.1,us,usp0001u21,2014-11-07T00:32:51.847Z,"72 km WNW of Tobelo, Indonesia",earthquake,,8.6,,2.0,reviewed,us,us
1983-03-29T22:55:47.830Z,-6.916,154.782,33.0,5.1,mb,,,,0.9,us,usp0001u22,2026-01-07T19:42:01.872Z,"102 km SW of Panguna, Papua New Guinea",earthquake,,,,15.0,reviewed,us,us
1983-03-30T00:49:08.100Z,1.682,122.55,22.8,5.5,mb,,,,1.3,us,usp0001u26,2025-12-19T21:32:59.554Z,"138 km NNW of Gorontalo, Indonesia",earthquake,,4.9,,22.0,reviewed,us,us
1983-03-30T06:46:19.200Z,39.933,74.977,10.0,4.9,ms,,,,1.4,us,usp0001u2a,2025-12-19T21:33:00.427Z,"100 km WNW of Kashgar, China",earthquake,,,,1.0,reviewed,us,us
1983-03-30T12:02:54.240Z,-6.42,154.404,37.9,5.1,mb,,,,1.0,us,usp0001u2c,2014-11-07T00:32:51.889Z,"120 km W of Panguna, Papua New Guinea",earthquake,,8.5,,7.0,reviewed,us,us
1983-03-30T14:59:57.300Z,-20.947,-66.78,218.0,4.5,mb,,,,1.4,us,usp0001u2f,2014-11-07T00:32:51.895Z,"54 km S of Uyuni, Bolivia",earthquake,,5.7,,2.0,reviewed,us,us
1983-03-30T16:13:34.580Z,39.954,75.272,22.5,4.8,mb,,,,1.1,us,usp0001u2h,2026-01-07T19:42:02.615Z,"81 km NW of Kashgar, China",earthquake,,7.5,,9.0,reviewed,us,us
1983-03-30T17:14:14.730Z,79.341,2.671,10.0,4.6,mb,,,,1.0,us,usp0001u2k,2014-11-07T00:32:51.906Z,Greenland Sea,earthquake,,,,2.0,reviewed,us,us
1983-03-30T18:06:16.010Z,61.547,-140.094,15.0,5.4,mb,,,,1.0,us,usp0001u2m,2025-12-19T21:33:01.100Z,"136 km SSE of Alcan Border, Alaska",earthquake,,,,56.0,reviewed,us,us
1983-03-30T18:55:48.380Z,-5.899,142.238,24.6,5.3,mb,,,,1.2,us,usp0001u2q,2014-11-07T00:32:51.928Z,"78 km W of Tari, Papua New Guinea",earthquake,,10.7,,8.0,reviewed,us,us
1983-03-30T23:20:06.020Z,39.849,75.55,33.0,4.7,mb,,,,0.4,us,usp0001u2t,2014-11-07T00:32:51.936Z,"56 km NW of Kashgar, China",earthquake,,,,4.0,reviewed,us,us
1983-03-31T07:19:59.010Z,38.095,20.015,10.0,4.5,mb,,,,1.4,us,usp0001u2y,2014-11-07T00:32:51.944Z,"38 km WSW of Lixoúri, Greece",earthquake,,,,3.0,reviewed,us,us
1983-03-31T07:49:59.720Z,6.808,-73.011,162.8,4.5,mb,,,,0.9,us,usp0001u2z,2014-11-07T00:32:51.948Z,"7 km NW of Cepitá, Colombia",earthquake,,2.7,,12.0,reviewed,us,us
1983-03-31T10:49:17.680Z,-33.003,-70.347,94.1,4.5,mb,,,,1.0,us,usp0001u31,2014-11-07T00:32:51.954Z,"30 km SE of Los Andes, Chile",earthquake,,2.7,,4.0,reviewed,us,us
1983-03-31T13:12:52.640Z,2.461,-76.686,22.2,5.5,mb,,,,1.2,us,usp0001u34,2022-04-28T00:11:32.999Z,"8 km WNW of Popayán, Colombia",earthquake,,4.1,,62.0,reviewed,us,us
1983-03-31T13:24:45.270Z,34.234,135.909,378.8,4.8,mb,,,,1.0,us,usp0001u35,2014-11-07T00:32:51.977Z,"18 km SSE of Yoshino-ch?, Japan",earthquake,,2.1,,24.0,reviewed,us,us
1983-03-31T16:43:16.620Z,7.913,-74.372,33.0,4.6,mb,,,,1.6,us,usp0001u39,2014-11-07T00:32:51.987Z,"35 km W of Santa Rosa del Sur, Colombia",earthquake,,,,1.0,reviewed,us,us
1983-03-31T17:33:00.390Z,-21.389,-68.711,123.0,5.1,mb,,,,1.1,us,usp0001u3a,2014-11-07T00:32:51.989Z,"120 km N of Calama, Chile",earthquake,,,,19.0,reviewed,us,us
1983-04-01T00:21:50.600Z,-8.737,106.354,33.0,4.6,mb,,,,1.0,us,usp0001u3g,2025-12-19T21:31:11.015Z,"194 km S of Pelabuhanratu, Indonesia",earthquake,,,,4.0,reviewed,us,us
1983-04-01T00:24:19.540Z,58.271,-31.715,10.0,4.5,mb,,,,1.0,us,usp0001u3h,2014-11-07T00:32:53.358Z,Reykjanes Ridge,earthquake,,,,15.0,reviewed,us,us
1983-04-01T01:04:58.290Z,18.608,145.794,173.1,5.0,mb,,,,1.1,us,usp0001u3k,2014-11-07T00:32:53.521Z,"Pagan region, Northern Mariana Islands",earthquake,,6.1,,22.0,reviewed,us,us
1983-04-01T02:35:45.050Z,-19.872,-68.791,94.8,5.0,mb,,,,0.8,us,usp0001u3n,2014-11-07T00:32:53.604Z,"147 km ENE of Iquique, Chile",earthquake,,4.6,,4.0,reviewed,us,us
1983-04-01T12:42:41.350Z,38.824,20.592,10.0,4.6,mb,,,,1.2,us,usp0001u3t,2014-11-07T00:32:53.781Z,"9 km W of Lefkáda, Greece",earthquake,,,,7.0,reviewed,us,us
1983-04-01T14:02:04.380Z,-18.106,-178.498,613.2,4.9,mb,,,,0.9,us,usp0001u3v,2014-11-07T00:32:53.866Z,"231 km E of Levuka, Fiji",earthquake,,4.5,,15.0,reviewed,us,us
1983-04-01T17:06:25.530Z,4.953,61.583,10.0,4.6,mb,,,,1.2,us,usp0001u3w,2014-11-07T00:32:53.900Z,Carlsberg Ridge,earthquake,,,,5.0,reviewed,us,us
1983-04-02T00:32:27.770Z,39.042,48.714,33.0,4.6,mb,,,,1.3,us,usp0001u40,2021-10-20T18:04:15.441Z,"4 km E of Masally, Azerbaijan",earthquake,,,,7.0,reviewed,us,us
1983-04-02T04:18:23.580Z,-3.004,136.307,33.0,4.9,mb,,,,0.7,us,usp0001u41,2014-11-07T00:32:54.013Z,"97 km ENE of Nabire, Indonesia",earthquake,,,,6.0,reviewed,us,us
1983-04-02T05:09:21.970Z,54.17,160.389,122.3,4.8,mb,,,,0.6,us,usp0001u44,2014-11-07T00:32:54.056Z,"128 km ESE of Mil’kovo, Russia",earthquake,,14.8,,13.0,reviewed,us,us
1983-04-02T05:58:35.000Z,-28.529,-66.6,39.0,5.5,mb,,,,1.1,us,usp0001u45,2022-04-28T00:04:14.410Z,"19 km ENE of Arauco, Argentina",earthquake,,,,24.0,reviewed,us,us
1983-04-02T06:49:02.120Z,-24.577,-176.265,38.0,5.4,mb,,,,1.2,us,usp0001u46,2025-12-19T21:31:11.827Z,south of the Fiji Islands,earthquake,,4.1,,11.0,reviewed,us,us
1983-04-02T08:47:05.010Z,32.532,142.478,33.0,4.6,mb,,,,0.8,us,usp0001u47,2014-11-07T00:32:54.243Z,"Izu Islands, Japan region",earthquake,,,,3.0,reviewed,us,us
1983-04-02T16:09:57.770Z,4.735,127.88,93.7,4.9,mb,,,,0.9,us,usp0001u4c,2014-11-07T00:32:54.292Z,"260 km SE of Pondaguitan, Philippines",earthquake,,6.6,,4.0,reviewed,us,us
1983-04-02T20:33:50.570Z,-37.842,177.637,117.0,5.3,mb,,,,1.1,us,usp0001u4g,2025-12-19T21:31:12.614Z,off the east coast of the North Island of New Zealand,earthquake,,4.6,,5.0,reviewed,us,us
1983-04-02T21:04:30.830Z,-6.337,154.528,43.5,5.0,mb,,,,0.6,us,usp0001u4h,2014-11-07T00:32:54.501Z,"105 km W of Panguna, Papua New Guinea",earthquake,,3.2,,9.0,reviewed,us,us
1983-04-02T21:55:44.390Z,36.367,70.695,220.4,4.8,mb,,,,1.0,us,usp0001u4j,2014-11-07T00:32:54.522Z,"56 km SSW of Jurm, Afghanistan",earthquake,,3.7,,24.0,reviewed,us,us
1983-04-03T02:50:01.180Z,8.717,-83.123,37.0,7.1,mw,,,,1.0,us,usp0001u4p,2025-12-19T21:31:13.405Z,"12 km N of Golfito, Costa Rica",earthquake,,,,,reviewed,us,nc
1983-04-03T03:00:37.090Z,8.941,-83.24,33.0,5.4,mb,,,,0.7,us,usp0001u4q,2022-04-28T00:04:17.815Z,"27 km SSE of Buenos Aires, Costa Rica",earthquake,,,,20.0,reviewed,us,us
1983-04-03T03:04:13.910Z,8.655,-83.327,33.0,5.5,mb,,,,0.9,us,usp0001u4r,2022-04-28T00:04:18.985Z,Costa Rica,earthquake,,,,23.0,reviewed,us,us
1983-04-03T03:13:38.030Z,8.576,-83.232,15.0,5.62,mw,,,,,iscgem,iscgem577797,2022-04-28T00:04:20.163Z,"13 km WSW of Golfito, Costa Rica",earthquake,,3.5,0.48,,reviewed,iscgem,iscgem
1983-04-03T03:43:33.910Z,8.303,-83.562,33.0,4.9,mb,,,,1.2,us,usp0001u4s,2014-11-07T00:32:54.987Z,"59 km SW of Golfito, Costa Rica",earthquake,,,,4.0,reviewed,us,us
1983-04-03T05:04:53.650Z,8.798,-83.565,31.3,5.2,mb,,,,1.0,us,usp0001u4w,2022-04-28T00:04:25.986Z,"18 km SSW of Ciudad Cortés, Costa Rica",earthquake,,8.0,,34.0,reviewed,us,us
1983-04-03T05:25:28.800Z,8.363,-83.353,33.0,4.5,mb,,,,1.4,us,usp0001u4y,2014-11-07T00:32:55.078Z,"37 km SW of Golfito, Costa Rica",earthquake,,,,3.0,reviewed,us,us
1983-04-03T05:49:30.210Z,8.816,-83.448,33.0,5.4,mb,,,,1.0,us,usp0001u4z,2022-04-28T00:04:27.585Z,"17 km SSE of Ciudad Cortés, Costa Rica",earthquake,,,,50.0,reviewed,us,us
1983-04-03T09:55:54.250Z,-2.566,139.801,33.0,4.8,mb,,,,1.3,us,usp0001u53,2025-12-19T21:31:14.279Z,"near the north coast of Papua, Indonesia",earthquake,,,,8.0,reviewed,us,us
1983-04-03T10:14:52.910Z,0.7,124.168,178.9,4.7,mb,,,,1.2,us,usp0001u54,2014-11-07T00:32:55.162Z,"98 km SW of Tomohon, Indonesia",earthquake,,5.0,,6.0,reviewed,us,us
1983-04-03T10:33:04.070Z,8.875,126.44,59.0,4.6,mb,,,,1.1,us,usp0001u55,2026-01-07T19:41:09.227Z,"14 km E of Aras-asan, Philippines",earthquake,,6.5,,3.0,reviewed,us,us
1983-04-03T13:41:32.810Z,17.083,120.635,122.8,4.6,mb,,,,0.7,us,usp0001u59,2014-11-07T00:32:55.194Z,"3 km E of Sigay, Philippines",earthquake,,2.7,,1.0,reviewed,us,us
1983-04-03T14:46:50.350Z,9.332,-83.964,33.0,5.3,mb,,,,1.2,us,usp0001u5a,2025-12-19T21:31:14.914Z,"24 km ESE of Quepos, Costa Rica",earthquake,,,,26.0,reviewed,us,us
1983-04-03T16:53:31.910Z,9.218,-83.524,33.0,4.8,mb,,,,1.2,us,usp0001u5b,2014-11-07T00:32:55.237Z,"8 km SE of Mercedes, Costa Rica",earthquake,,,,1.0,reviewed,us,us
1983-04-03T18:59:21.960Z,5.608,-32.875,10.0,5.2,mb,,,,1.0,us,usp0001u5d,2014-11-07T00:32:55.249Z,central Mid-Atlantic Ridge,earthquake,,,,35.0,reviewed,us,us
1983-04-03T19:14:05.070Z,51.976,179.259,116.1,5.6,mb,,,,0.9,us,usp0001u5e,2022-04-28T00:04:30.068Z,"Rat Islands, Aleutian Islands, Alaska",earthquake,,3.8,,88.0,reviewed,us,us
1983-04-03T19:26:24.220Z,51.762,-176.926,59.6,5.2,mb,,,,1.0,us,usp0001u5f,2025-12-19T20:59:07.438Z,"23 km WSW of Adak, Alaska",earthquake,,3.6,,24.0,reviewed,us,us
1983-04-03T21:34:40.650Z,8.664,-83.538,33.0,4.9,mb,,,,0.9,us,usp0001u5h,2014-11-07T00:32:55.403Z,"32 km S of Ciudad Cortés, Costa Rica",earthquake,,,,4.0,reviewed,us,us
1983-04-03T23:50:06.910Z,-5.237,151.71,79.3,4.7,mb,,,,1.0,us,usp0001u5m,2014-11-07T00:32:55.414Z,"116 km SSW of Kokopo, Papua New Guinea",earthquake,,5.0,,5.0,reviewed,us,us
1983-04-04T00:45:07.340Z,38.503,70.317,33.0,4.6,mb,,,,1.1,us,usp0001u5q,2014-11-07T00:32:55.446Z,"49 km SE of Roghun, Tajikistan",earthquake,,,,9.0,reviewed,us,us
1983-04-04T02:01:10.420Z,-5.58,-78.777,52.7,4.7,mb,,,,1.3,us,usp0001u5r,2014-11-07T00:32:55.453Z,"9 km ENE of Las Pirias, Peru",earthquake,,14.4,,4.0,reviewed,us,us
1983-04-04T02:51:34.360Z,5.723,94.722,78.5,6.9,mw,,,,1.0,us,usp0001u5s,2022-04-28T00:04:31.749Z,"68 km WSW of Sabang, Indonesia",earthquake,,2.8,,,reviewed,us,nc
1983-04-04T03:03:34.540Z,5.791,94.746,69.5,5.9,mb,,,,1.0,us,usp0001u5t,2022-04-28T00:04:33.771Z,"64 km W of Sabang, Indonesia",earthquake,,5.8,,10.0,reviewed,us,us
1983-04-04T03:15:35.310Z,-14.343,171.481,33.0,5.6,mb,,,,1.2,us,usp0001u5u,2014-11-07T00:32:55.657Z,Vanuatu region,earthquake,,,,4.0,reviewed,us,us
1983-04-04T05:26:05.700Z,20.495,145.494,70.4,4.6,mb,,,,1.0,us,usp0001u5w,2014-11-07T00:32:55.673Z,"Maug Islands region, Northern Mariana Islands",earthquake,,10.7,,6.0,reviewed,us,us
1983-04-04T06:41:33.230Z,-22.564,170.683,33.0,4.8,mb,,,,1.3,us,usp0001u5y,2014-11-07T00:32:55.681Z,southeast of the Loyalty Islands,earthquake,,,,4.0,reviewed,us,us
1983-04-04T06:59:00.050Z,5.626,94.681,79.6,5.0,mb,,,,1.0,us,usp0001u5z,2014-11-07T00:32:55.695Z,"72 km W of Banda Aceh, Indonesia",earthquake,,3.6,,21.0,reviewed,us,us
1983-04-04T07:27:38.650Z,9.547,-83.96,33.0,4.9,mb,,,,0.8,us,usp0001u61,2014-11-07T00:32:55.724Z,"14 km SSE of San Marcos, Costa Rica",earthquake,,,,8.0,reviewed,us,us
1983-04-04T13:11:11.080Z,8.773,-84.041,33.0,5.1,mb,,,,1.1,us,usp0001u63,2022-04-28T00:04:38.955Z,"60 km WSW of Ciudad Cortés, Costa Rica",earthquake,,,,12.0,reviewed,us,us
1983-04-04T14:10:21.660Z,5.857,-32.835,10.0,5.0,mb,,,,1.0,us,usp0001u64,2014-11-07T00:32:55.752Z,central Mid-Atlantic Ridge,earthquake,,,,3.0,reviewed,us,us
1983-04-04T15:16:24.990Z,8.692,58.283,10.0,5.1,mb,,,,0.8,us,usp0001u65,2014-11-07T00:32:55.755Z,Carlsberg Ridge,earthquake,,,,29.0,reviewed,us,us
1983-04-04T15:21:37.240Z,-9.385,113.478,84.2,5.0,mb,,,,0.9,us,usp0001u66,2014-11-07T00:32:55.767Z,"122 km S of Kencong, Indonesia",earthquake,,6.1,,8.0,reviewed,us,us
1983-04-04T15:26:30.560Z,1.457,123.211,33.0,4.7,mb,,,,1.0,us,usp0001u67,2026-01-07T19:41:10.551Z,"103 km N of Gorontalo, Indonesia",earthquake,,,,9.0,reviewed,us,us
1983-04-04T16:22:58.270Z,5.932,-32.899,10.0,5.1,mb,,,,0.8,us,usp0001u68,2014-11-07T00:32:55.940Z,central Mid-Atlantic Ridge,earthquake,,,,3.0,reviewed,us,us
1983-04-04T16:55:57.850Z,1.624,122.554,38.0,5.1,mb,,,,1.1,us,usp0001u69,2026-01-07T19:41:11.741Z,"132 km NNW of Gorontalo, Indonesia",earthquake,,,,9.0,reviewed,us,us
1983-04-04T19:04:20.640Z,52.931,159.858,38.0,5.9,mw,,,,0.9,us,usp0001u6a,2025-12-19T21:31:15.639Z,"82 km E of Petropavlovsk-Kamchatsky, Russia",earthquake,,,,,reviewed,us,nc
1983-04-04T19:48:03.660Z,-7.065,129.367,138.8,5.2,mb,,,,1.0,us,usp0001u6b,2014-11-07T00:32:56.291Z,"Kepulauan Babar, Indonesia",earthquake,,4.8,,13.0,reviewed,us,us
1983-04-04T23:12:47.190Z,49.408,155.602,51.0,6.5,mw,,,,0.9,us,usp0001u6e,2025-12-19T21:31:16.321Z,"145 km SSW of Severo-Kuril’sk, Russia",earthquake,,,,,reviewed,us,nc
1983-04-04T23:58:59.010Z,-15.038,167.289,123.0,6.2,mb,,,,1.0,us,usp0001u6g,2022-04-28T00:05:06.199Z,"23 km E of Port-Olry, Vanuatu",earthquake,,,,36.0,reviewed,us,us
1983-04-05T00:41:30.870Z,8.294,-83.3,33.0,4.9,mb,,,,1.3,us,usp0001u6h,2014-11-07T00:32:56.539Z,"39 km SSW of Golfito, Costa Rica",earthquake,,,,4.0,reviewed,us,us
1983-04-05T00:55:24.630Z,41.613,70.738,33.0,5.0,mb,,,,1.1,us,usp0001u6j,2026-01-07T19:41:12.796Z,"60 km E of Kyzyldzhar, Uzbekistan",earthquake,,,,11.0,reviewed,us,us
1983-04-05T02:21:44.260Z,-17.408,167.277,33.0,4.8,mb,,,,1.2,us,usp0001u6n,2014-11-07T00:32:56.566Z,"115 km WNW of Port-Vila, Vanuatu",earthquake,,,,4.0,reviewed,us,us
1983-04-05T06:50:33.480Z,40.025,75.26,33.0,5.6,ms,,,,1.0,us,usp0001u6q,2025-12-19T21:31:17.319Z,"87 km NW of Kashgar, China",earthquake,,,,8.0,reviewed,us,us
1983-04-05T07:07:23.940Z,39.891,75.457,33.0,4.7,mb,,,,1.0,us,usp0001u6r,2014-11-07T00:32:56.658Z,"65 km NW of Kashgar, China",earthquake,,,,9.0,reviewed,us,us
1983-04-05T07:40:41.210Z,5.448,126.371,62.1,5.1,mb,,,,1.4,us,usp0001u6s,2026-01-07T19:41:13.814Z,"96 km ESE of Caburan, Philippines",earthquake,,6.6,,21.0,reviewed,us,us
1983-04-05T09:01:16.180Z,26.16,104.32,33.0,4.6,mb,,,,1.0,us,usp0001u6u,2026-01-07T19:41:14.613Z,"70 km SW of Liupanshui, China",earthquake,,,,7.0,reviewed,us,us
1983-04-05T11:23:48.540Z,8.984,-83.174,33.0,4.8,mb,,,,0.9,us,usp0001u6w,2014-11-07T00:32:56.710Z,"27 km SE of Buenos Aires, Costa Rica",earthquake,,,,4.0,reviewed,us,us
1983-04-05T15:59:40.640Z,17.804,-61.632,33.0,5.2,mb,,,,0.8,us,usp0001u6x,2022-04-28T00:05:29.126Z,"28 km NE of Codrington, Antigua and Barbuda",earthquake,,,,21.0,reviewed,us,us
1983-04-05T21:39:08.850Z,26.522,126.405,128.5,4.5,mb,,,,1.1,us,usp0001u71,2014-11-07T00:32:56.755Z,"131 km WNW of Naha, Japan",earthquake,,3.5,,7.0,reviewed,us,us
1983-04-06T00:50:23.570Z,-6.187,149.891,52.9,4.8,mb,,,,1.1,us,usp0001u72,2014-11-07T00:32:56.762Z,"38 km E of Kandrian, Papua New Guinea",earthquake,,4.1,,5.0,reviewed,us,us
1983-04-06T01:38:20.300Z,51.635,-177.026,59.9,4.5,mb,,,,1.1,us,usp0001u76,2014-11-07T00:32:56.784Z,"37 km SW of Adak, Alaska",earthquake,,6.2,,1.0,reviewed,us,us
1983-04-06T02:08:11.760Z,36.444,71.396,98.8,4.8,mb,,,,1.2,us,usp0001u77,2025-12-19T21:31:18.032Z,"29 km SSW of Ashk?sham, Afghanistan",earthquake,,6.4,,8.0,reviewed,us,us
1983-04-06T04:34:08.620Z,19.744,94.382,51.9,4.7,mb,,,,1.3,us,usp0001u78,2014-11-07T00:32:56.798Z,Myanmar,earthquake,,13.5,,5.0,reviewed,us,us
1983-04-06T05:34:35.480Z,-2.003,140.569,33.0,4.5,mb,,,,1.3,us,usp0001u7b,2014-11-07T00:32:56.815Z,"60 km NNW of Jayapura, Indonesia",earthquake,,,,2.0,reviewed,us,us
1983-04-06T07:35:46.570Z,39.882,40.411,10.0,5.0,mb,,,,1.0,us,usp0001u7c,2026-01-07T19:41:15.631Z,"11 km NNE of Tercan, Turkey",earthquake,,,,51.0,reviewed,us,us
1983-04-06T09:22:14.040Z,54.268,-133.823,10.0,5.1,ms,,,,1.1,us,usp0001u7e,2025-12-19T21:31:18.855Z,"122 km SSW of Hydaburg, Alaska",earthquake,,,,3.0,reviewed,us,us
1983-04-06T10:30:35.960Z,-5.553,153.601,53.7,4.7,mb,,,,1.0,us,usp0001u7f,2014-11-07T00:32:57.025Z,"199 km SE of Kokopo, Papua New Guinea",earthquake,,5.1,,5.0,reviewed,us,us
1983-04-06T14:14:41.590Z,62.452,-25.909,10.0,4.8,mb,,,,0.9,us,usp0001u7k,2014-11-07T00:32:57.053Z,"233 km SW of Grindavík, Iceland",earthquake,,,,34.0,reviewed,us,us
1983-04-06T18:08:07.130Z,-21.607,-179.295,625.4,5.0,mb,,,,0.9,us,usp0001u7q,2014-11-07T00:32:57.110Z,Fiji region,earthquake,,5.5,,14.0,reviewed,us,us
1983-04-06T21:17:31.990Z,-2.045,128.183,33.0,4.9,mb,,,,1.2,us,usp0001u7t,2014-11-07T00:32:57.133Z,"164 km NNW of Amahai, Indonesia",earthquake,,,,10.0,reviewed,us,us
1983-04-06T21:23:51.470Z,44.454,149.435,44.0,4.8,mb,,,,1.3,us,usp0001u7u,2014-11-07T00:32:57.142Z,"150 km SE of Kuril’sk, Russia",earthquake,,52.2,,8.0,reviewed,us,us
1983-04-06T22:18:47.630Z,38.853,71.472,33.0,5.2,mb,,,,0.9,us,usp0001u7v,2025-12-19T21:31:19.536Z,"42 km S of Karakenja, Tajikistan",earthquake,,,,47.0,reviewed,us,us
1983-04-06T23:15:47.970Z,13.184,-89.928,72.1,4.8,mb,,,,1.0,us,usp0001u7w,2014-11-07T00:32:57.169Z,"46 km SSW of Acajutla, El Salvador",earthquake,,2.7,,8.0,reviewed,us,us
1983-04-07T05:04:22.220Z,-6.091,100.752,33.0,5.1,mb,,,,1.1,us,usp0001u80,2026-01-07T19:41:17.539Z,"southwest of Sumatra, Indonesia",earthquake,,,,13.0,reviewed,us,us
1983-04-07T12:02:13.020Z,14.757,-94.266,33.0,4.7,mb,,,,1.2,us,usp0001u8b,2014-11-07T00:32:57.234Z,"137 km SSW of Manuel Ávila Camacho (Ponte Duro), Mexico",earthquake,,,,21.0,reviewed,us,us
1983-04-07T15:38:36.060Z,-22.532,-175.115,33.0,5.5,mb,,,,1.2,us,usp0001u8d,2025-12-19T21:31:20.236Z,"133 km S of ‘Ohonua, Tonga",earthquake,,,,17.0,reviewed,us,us
1983-04-07T18:14:39.370Z,32.127,137.891,367.4,4.5,mb,,,,0.9,us,usp0001u8f,2014-11-07T00:32:57.280Z,"252 km SE of Shing?, Japan",earthquake,,6.1,,6.0,reviewed,us,us
1983-04-07T19:29:14.930Z,7.985,-82.695,34.7,5.5,mb,,,,1.0,us,usp0001u8h,2025-12-19T21:31:20.951Z,"19 km ESE of Punta de Burica, Panama",earthquake,,3.7,,74.0,reviewed,us,us
1983-04-07T20:46:41.790Z,7.995,-82.73,33.0,5.3,mb,,,,0.9,us,usp0001u8k,2025-12-19T21:31:21.770Z,"15 km ESE of Punta de Burica, Panama",earthquake,,,,55.0,reviewed,us,us
1983-04-07T22:00:52.630Z,-22.328,-67.526,170.8,4.5,mb,,,,1.4,us,usp0001u8n,2014-11-07T00:32:57.371Z,"94 km NE of San Pedro de Atacama, Chile",earthquake,,4.9,,4.0,reviewed,us,us
1983-04-07T22:56:52.370Z,54.553,160.868,33.0,5.1,mb,,,,0.9,us,usp0001u8r,2014-11-07T00:32:57.395Z,"140 km SSE of Atlasovo, Russia",earthquake,,,,43.0,reviewed,us,us
1983-04-07T23:11:48.280Z,8.519,-83.615,33.0,4.6,mb,,,,0.7,us,usp0001u8s,2014-11-07T00:32:57.412Z,"49 km SSW of Ciudad Cortés, Costa Rica",earthquake,,,,4.0,reviewed,us,us
1983-04-08T02:28:25.580Z,11.429,57.52,10.0,6.7,mw,,,,1.1,us,usp0001u8x,2025-12-19T21:31:22.573Z,Owen Fracture Zone region,earthquake,,,,,reviewed,us,nc
1983-04-08T03:18:32.640Z,11.518,57.596,10.0,5.0,mb,,,,1.2,us,usp0001u8z,2025-12-19T21:31:23.660Z,Owen Fracture Zone region,earthquake,,,,22.0,reviewed,us,us
1983-04-08T06:21:24.980Z,5.656,94.694,79.7,4.7,mb,,,,1.3,us,usp0001u92,2014-11-07T00:32:57.945Z,"71 km W of Banda Aceh, Indonesia",earthquake,,7.0,,9.0,reviewed,us,us
1983-04-08T07:19:03.540Z,-10.823,-78.289,33.0,4.8,mb,,,,0.6,us,usp0001u93,2014-11-07T00:32:58.031Z,"52 km WSW of Paramonga, Peru",earthquake,,,,4.0,reviewed,us,us
1983-04-08T10:48:13.890Z,-21.397,-68.32,130.5,4.7,mb,,,,1.3,us,usp0001u95,2014-11-07T00:32:58.112Z,"132 km NNE of Calama, Chile",earthquake,,5.7,,2.0,reviewed,us,us
1983-04-08T14:10:56.240Z,49.673,155.219,109.0,4.9,mb,,,,0.9,us,usp0001u9b,2014-11-07T00:32:58.126Z,"128 km SSW of Severo-Kuril’sk, Russia",earthquake,,,,19.0,reviewed,us,us
1983-04-08T15:15:40.340Z,5.448,126.067,69.9,4.8,mb,,,,1.3,us,usp0001u9e,2014-11-07T00:32:58.134Z,"67 km E of Sarangani, Philippines",earthquake,,7.3,,6.0,reviewed,us,us
1983-04-08T15:49:37.190Z,6.964,60.105,10.0,5.0,mb,,,,1.2,us,usp0001u9f,2026-01-07T19:37:13.031Z,Carlsberg Ridge,earthquake,,,,11.0,reviewed,us,us
1983-04-08T16:09:35.030Z,36.471,70.797,233.1,4.6,mb,,,,0.9,us,usp0001u9g,2014-11-07T00:32:58.141Z,"43 km S of Jurm, Afghanistan",earthquake,,5.3,,17.0,reviewed,us,us
1983-04-08T16:50:43.420Z,6.894,60.081,10.0,4.5,mb,,,,1.2,us,usp0001u9h,2014-11-07T00:32:58.145Z,Carlsberg Ridge,earthquake,,,,1.0,reviewed,us,us
1983-04-08T18:30:23.560Z,16.154,-62.218,171.1,4.6,mb,,,,0.4,us,usp0001u9m,2014-11-07T00:32:58.151Z,"46 km W of Pointe-Noire, Guadeloupe",earthquake,,1.4,,4.0,reviewed,us,us
1983-04-08T19:33:13.670Z,-29.615,142.15,33.0,4.9,mb,,,,1.4,us,usp0001u9p,2020-04-16T20:05:05.530Z,"269 km NNE of Broken Hill, Australia",earthquake,,,,1.0,reviewed,us,us
1983-04-08T22:32:59.510Z,-10.616,165.943,131.8,4.6,mb,,,,0.9,us,usp0001u9r,2014-11-07T00:32:58.176Z,"19 km NE of Lata, Solomon Islands",earthquake,,13.6,,4.0,reviewed,us,us
1983-04-08T22:41:11.940Z,11.391,57.828,10.0,4.7,mb,,,,1.2,us,usp0001u9s,2014-11-07T00:32:58.180Z,Owen Fracture Zone region,earthquake,,,,10.0,reviewed,us,us
1983-04-09T00:46:41.280Z,-1.605,-12.542,10.0,4.9,mb,,,,1.1,us,usp0001u9w,2025-12-19T21:31:24.831Z,north of Ascension Island,earthquake,,,,5.0,reviewed,us,us
1983-04-09T00:48:04.400Z,-5.87,-11.791,10.0,4.9,ms,,,,1.1,us,usp0001u9x,2014-11-07T00:32:58.194Z,Ascension Island region,earthquake,,,,1.0,reviewed,us,us
1983-04-09T04:11:20.540Z,-22.579,-174.992,22.6,5.1,mw,,,,,iscgem,iscgem578392,2025-12-19T21:31:26.083Z,"137 km S of ‘Ohonua, Tonga",earthquake,,4.8,0.22,,reviewed,iscgem,iscgem
1983-04-09T08:08:24.000Z,24.537,122.313,80.2,4.5,mb,,,,1.0,us,usp0001ua3,2014-11-07T00:32:58.208Z,"61 km ESE of Yilan, Taiwan",earthquake,,3.3,,2.0,reviewed,us,us
1983-04-09T16:24:51.790Z,-7.084,127.789,302.6,4.9,mb,,,,0.8,us,usp0001ua8,2014-11-07T00:32:58.219Z,"181 km NNE of Lospalos, Timor Leste",earthquake,,4.0,,2.0,reviewed,us,us
1983-04-09T22:00:37.590Z,41.9,142.309,73.5,4.6,mb,,,,0.9,us,usp0001uab,2014-11-07T00:32:58.224Z,"48 km S of Shizunai-furukawach?, Japan",earthquake,,2.1,,15.0,reviewed,us,us
1983-04-10T00:44:11.920Z,-7.437,107.034,86.6,5.0,mb,,,,1.1,us,usp0001uae,2014-11-07T00:32:58.236Z,"51 km WSW of Banjar, Indonesia",earthquake,,3.9,,5.0,reviewed,us,us
1983-04-10T01:16:05.800Z,16.58,-46.59,10.0,5.2,mb,,,,0.9,us,usp0001uaf,2025-12-19T21:31:27.360Z,northern Mid-Atlantic Ridge,earthquake,,,,43.0,reviewed,us,us
1983-04-10T02:01:09.430Z,4.099,-76.778,72.4,4.6,mb,,,,1.1,us,usp0001uaj,2014-11-07T00:32:58.257Z,"37 km NE of Buenaventura, Colombia",earthquake,,16.6,,1.0,reviewed,us,us
1983-04-10T02:20:39.940Z,-17.846,-174.503,33.0,5.8,mb,,,,0.6,us,usp0001uam,2025-12-19T21:31:28.614Z,"104 km NNW of Neiafu, Tonga",earthquake,,,,7.0,reviewed,us,us
1983-04-10T05:38:47.410Z,40.015,77.953,33.0,4.7,mb,,,,1.5,us,usp0001uap,2026-01-07T19:41:18.585Z,"178 km ENE of Kashgar, China",earthquake,,,,11.0,reviewed,us,us
1983-04-10T05:51:36.330Z,-22.145,-179.588,594.7,5.3,mb,,,,1.0,us,usp0001uaq,2025-12-19T20:59:08.143Z,south of the Fiji Islands,earthquake,,3.8,,28.0,reviewed,us,us
1983-04-10T06:03:27.640Z,43.894,147.856,33.0,4.7,mb,,,,1.0,us,usp0001uar,2014-11-07T00:32:58.304Z,"91 km E of Shikotan, Russia",earthquake,,,,5.0,reviewed,us,us
1983-04-10T10:35:25.880Z,-22.455,-69.091,100.2,4.7,mb,,,,0.8,us,usp0001uas,2014-11-07T00:32:58.307Z,"17 km W of Calama, Chile",earthquake,,2.8,,3.0,reviewed,us,us
1983-04-10T11:29:52.220Z,-17.339,-70.659,122.8,4.5,mb,,,,0.9,us,usp0001uat,2014-11-07T00:32:58.314Z,"17 km WNW of Ilabaya, Peru",earthquake,,3.5,,4.0,reviewed,us,us
1983-04-10T12:19:31.870Z,2.269,126.685,83.2,5.0,mb,,,,1.0,us,usp0001uav,2014-11-07T00:32:58.319Z,"159 km WNW of Tobelo, Indonesia",earthquake,,5.1,,12.0,reviewed,us,us
1983-04-10T14:35:04.270Z,-28.848,61.687,10.0,4.9,mb,,,,1.3,us,usp0001uaz,2014-11-07T00:32:58.354Z,Southwest Indian Ridge,earthquake,,,,3.0,reviewed,us,us
1983-04-10T18:29:35.480Z,30.776,141.903,33.0,5.3,ms,,,,1.1,us,usp0001ub2,2025-12-19T21:31:29.860Z,"Izu Islands, Japan region",earthquake,,,,4.0,reviewed,us,us
1983-04-10T18:42:11.300Z,38.495,104.185,33.0,4.5,mb,,,,1.2,us,usp0001ub3,2014-11-07T00:32:58.382Z,"149 km ENE of Wuwei, China",earthquake,,,,4.0,reviewed,us,us
1983-04-11T02:35:51.380Z,19.3,121.11,33.0,4.6,mb,,,,1.3,us,usp0001ub9,2014-11-07T00:32:58.395Z,"76 km N of Namuac, Philippines",earthquake,,,,1.0,reviewed,us,us
1983-04-11T07:09:21.000Z,2.428,96.257,33.0,4.9,mb,,,,1.0,us,usp0001ubc,2014-11-07T00:32:58.399Z,"14 km WSW of Sinabang, Indonesia",earthquake,,,,4.0,reviewed,us,us
1983-04-11T08:06:06.090Z,10.425,-62.756,38.0,4.8,mb,,,,0.8,us,usp0001ubf,2014-11-07T00:32:58.404Z,"52 km WSW of Güiria, Venezuela",earthquake,,2.6,,17.0,reviewed,us,us
1983-04-11T08:18:10.120Z,10.419,-62.764,40.0,6.1,mw,,,,1.1,us,usp0001ubj,2025-12-19T21:31:31.167Z,"53 km WSW of Güiria, Venezuela",earthquake,,2.4,,,reviewed,us,nc
1983-04-11T08:31:41.800Z,39.213,64.229,33.0,4.9,mb,,,,1.0,us,usp0001ubm,2014-11-07T00:32:58.464Z,"43 km ESE of Olot Shahri, Uzbekistan",earthquake,,,,9.0,reviewed,us,us
1983-04-11T11:51:39.660Z,1.682,127.12,163.0,4.7,mb,,,,1.1,us,usp0001ubw,2014-11-07T00:32:58.478Z,"99 km W of Tobelo, Indonesia",earthquake,,7.4,,2.0,reviewed,us,us
1983-04-11T14:32:55.100Z,40.283,52.935,33.0,4.8,mb,,,,0.8,us,usp0001uby,2022-04-28T00:06:21.410Z,"29 km N of Türkmenba?y, Turkmenistan",earthquake,,,,21.0,reviewed,us,us
1983-04-11T15:34:55.490Z,44.29,147.751,97.0,5.4,mw,,,,1.0,us,usp0001ubz,2025-12-19T21:31:32.386Z,"98 km ENE of Shikotan, Russia",earthquake,,,,,reviewed,us,nc
1983-04-11T17:03:41.730Z,-35.55,-179.252,49.6,5.7,mb,,,,1.3,us,usp0001uc0,2025-12-19T21:31:33.661Z,east of the North Island of New Zealand,earthquake,,2.8,,16.0,reviewed,us,us
1983-04-11T17:16:30.330Z,5.25,61.619,10.0,5.7,mb,,,,1.2,us,usp0001uc1,2025-12-19T21:31:34.863Z,Carlsberg Ridge,earthquake,,,,17.0,reviewed,us,us
1983-04-11T17:23:07.610Z,38.021,21.871,24.7,4.5,mb,,,,1.3,us,usp0001uc2,2014-11-07T00:32:58.537Z,"12 km SE of Chalandrítsa, Greece",earthquake,,3.6,,3.0,reviewed,us,us
1983-04-11T20:17:10.300Z,14.912,-45.226,10.0,4.7,mb,,,,0.6,us,usp0001uc5,2014-11-07T00:32:58.546Z,northern Mid-Atlantic Ridge,earthquake,,,,6.0,reviewed,us,us
1983-04-11T22:04:33.140Z,-19.176,-178.207,583.3,4.7,mb,,,,1.3,us,usp0001uc8,2014-11-07T00:32:58.550Z,"288 km ESE of Levuka, Fiji",earthquake,,8.9,,10.0,reviewed,us,us
1983-04-12T00:19:19.200Z,24.03,122.418,38.7,4.8,ms,,,,1.1,us,usp0001ucb,2026-01-07T19:41:19.306Z,"76 km SW of Yonakuni, Japan",earthquake,,5.4,,2.0,reviewed,us,us
1983-04-12T03:41:05.600Z,49.86,78.167,0.0,4.9,mb,,,,0.7,us,usp0001ucd,2015-06-16T17:24:42.701Z,"103 km SSW of Kurchatov, Kazakhstan",nuclear explosion,,,,26.0,reviewed,us,us
1983-04-12T05:24:59.210Z,-20.493,-177.166,540.9,4.6,mb,,,,0.6,us,usp0001uce,2014-11-07T00:32:58.570Z,"215 km WNW of Haveluloto, Tonga",earthquake,,6.5,,2.0,reviewed,us,us
1983-04-12T05:45:03.720Z,-4.564,140.246,89.8,4.8,mb,,,,0.6,us,usp0001ucf,2014-11-07T00:32:58.572Z,"207 km NW of Kiunga, Papua New Guinea",earthquake,,16.3,,1.0,reviewed,us,us
1983-04-12T07:01:58.570Z,-32.482,-71.574,46.7,4.8,mb,,,,0.9,us,usp0001uch,2014-11-07T00:32:58.576Z,"32 km W of La Ligua, Chile",earthquake,,3.3,,10.0,reviewed,us,us
1983-04-12T09:52:57.380Z,28.717,130.079,50.8,4.9,mb,,,,0.8,us,usp0001ucp,2014-11-07T00:32:58.589Z,"70 km ENE of Naze, Japan",earthquake,,3.8,,8.0,reviewed,us,us
1983-04-12T10:57:52.990Z,12.271,144.104,41.4,4.8,mb,,,,1.0,us,usp0001ucq,2014-11-07T00:32:58.592Z,"126 km SSW of Merizo Village, Guam",earthquake,,6.9,,2.0,reviewed,us,us
1983-04-12T12:07:54.520Z,-4.843,-78.103,104.2,7.0,mw,,,,1.2,us,usp0001uct,2022-04-28T00:06:31.555Z,"92 km NNE of La Peca, Peru",earthquake,,3.2,,,reviewed,us,nc
1983-04-12T14:48:48.240Z,-23.035,-174.985,66.6,4.8,mb,,,,1.4,us,usp0001ucx,2014-11-07T00:32:58.657Z,"188 km S of ‘Ohonua, Tonga",earthquake,,14.8,,2.0,reviewed,us,us
1983-04-12T16:00:56.300Z,-12.155,167.115,287.6,5.1,mb,,,,1.0,us,usp0001ucy,2014-11-07T00:32:58.661Z,"196 km NNW of Sola, Vanuatu",earthquake,,4.8,,22.0,reviewed,us,us
1983-04-12T17:13:46.880Z,40.577,50.068,33.0,4.6,mb,,,,1.6,us,usp0001ud0,2014-11-07T00:32:58.676Z,"2 km ENE of Bilajer, Azerbaijan",earthquake,,,,4.0,reviewed,us,us
1983-04-12T17:20:52.410Z,21.723,143.015,312.4,4.8,mb,,,,0.5,us,usp0001ud1,2014-11-07T00:32:58.677Z,Mariana Islands region,earthquake,,3.7,,4.0,reviewed,us,us
1983-04-12T18:23:06.080Z,15.816,-96.411,33.0,4.9,mb,,,,1.1,us,usp0001ud3,2014-11-07T00:32:58.681Z,"3 km NNW of San Miguel Figueroa, Mexico",earthquake,,,,19.0,reviewed,us,us
1983-04-12T18:25:30.210Z,-2.041,128.811,34.6,5.3,mb,,,,1.3,us,usp0001ud4,2026-01-07T19:41:20.139Z,"144 km N of Amahai, Indonesia",earthquake,,6.4,,20.0,reviewed,us,us
1983-04-12T20:49:40.900Z,-12.158,165.71,77.0,4.8,mb,,,,1.5,us,usp0001ud7,2014-11-07T00:32:58.709Z,"158 km S of Lata, Solomon Islands",earthquake,,22.0,,5.0,reviewed,us,us
1983-04-12T22:42:02.370Z,-13.264,166.971,214.7,4.5,mb,,,,1.3,us,usp0001uda,2014-11-07T00:32:58.714Z,"92 km NW of Sola, Vanuatu",earthquake,,7.8,,2.0,reviewed,us,us
1983-04-12T22:42:53.500Z,-25.971,179.686,523.9,5.4,mb,,,,1.1,us,usp0001udb,2014-11-07T00:32:58.718Z,south of the Fiji Islands,earthquake,,9.7,,1.0,reviewed,us,us
1983-04-12T22:44:50.570Z,-5.155,153.63,62.3,5.4,mb,,,,1.1,us,usp0001udc,2025-12-19T21:31:36.187Z,"175 km ESE of Kokopo, Papua New Guinea",earthquake,,4.2,,21.0,reviewed,us,us
1983-04-13T00:14:52.720Z,-10.709,-75.269,33.0,4.7,mb,,,,1.3,us,usp0001udd,2014-11-07T00:32:58.736Z,"3 km N of Villa Rica, Peru",earthquake,,,,4.0,reviewed,us,us
1983-04-13T00:35:44.480Z,-39.723,-74.531,33.0,5.9,ms,,,,1.0,us,usp0001ude,2014-11-07T00:32:58.738Z,"95 km WNW of Corral, Chile",earthquake,,,,1.0,reviewed,us,us
1983-04-13T04:09:23.020Z,36.352,70.13,48.8,4.6,mb,,,,0.6,us,usp0001udj,2014-11-07T00:32:58.749Z,"34 km SE of Farkh?r, Afghanistan",earthquake,,11.1,,6.0,reviewed,us,us
1983-04-13T04:22:05.490Z,-18.268,-174.829,108.0,5.2,mb,,,,0.9,us,usp0001udk,2014-11-07T00:32:58.751Z,Tonga,earthquake,,9.8,,3.0,reviewed,us,us
1983-04-13T09:56:38.480Z,43.558,147.752,33.0,4.6,mb,,,,1.1,us,usp0001udr,2025-12-19T21:31:37.439Z,"87 km ESE of Shikotan, Russia",earthquake,,,,10.0,reviewed,us,us
1983-04-13T14:44:09.580Z,-10.575,164.695,33.0,5.0,ms,,,,1.2,us,usp0001udw,2025-12-19T21:31:38.568Z,"121 km W of Lata, Solomon Islands",earthquake,,,,3.0,reviewed,us,us
1983-04-13T15:00:33.760Z,-4.473,-81.98,33.0,4.9,mb,,,,0.8,us,usp0001udx,2014-11-07T00:32:58.783Z,"79 km W of Talara, Peru",earthquake,,,,12.0,reviewed,us,us
1983-04-13T15:26:37.140Z,14.638,146.839,53.9,4.7,mb,,,,1.1,us,usp0001udy,2014-11-07T00:32:58.790Z,"Rota region, Northern Mariana Islands",earthquake,,11.0,,4.0,reviewed,us,us
1983-04-13T17:08:23.480Z,-30.321,-178.859,236.5,5.1,mb,,,,1.3,us,usp0001ue0,2014-11-07T00:32:58.799Z,"Kermadec Islands, New Zealand",earthquake,,51.6,,4.0,reviewed,us,us
1983-04-13T18:34:33.600Z,39.178,75.085,33.0,4.7,mb,,,,1.4,us,usp0001ue1,2014-11-07T00:32:58.803Z,"84 km WSW of Kashgar, China",earthquake,,,,12.0,reviewed,us,us
1983-04-13T19:41:22.080Z,46.972,146.534,328.6,4.5,mb,,,,0.9,us,usp0001ue3,2014-11-07T00:32:58.811Z,"220 km NNW of Kuril’sk, Russia",earthquake,,8.2,,35.0,reviewed,us,us
1983-04-13T21:07:20.660Z,22.833,94.399,108.6,4.7,mb,,,,1.0,us,usp0001ue9,2014-11-07T00:32:58.857Z,"74 km E of Falam, Myanmar",earthquake,,4.5,,13.0,reviewed,us,us
1983-04-14T01:29:33.500Z,-22.576,171.239,83.0,4.7,mb,,,,1.0,us,usp0001ueb,2014-11-07T00:32:58.865Z,southeast of the Loyalty Islands,earthquake,,6.6,,4.0,reviewed,us,us
1983-04-14T02:46:26.910Z,14.834,146.956,33.0,4.9,mb,,,,0.8,us,usp0001uec,2014-11-07T00:32:58.867Z,"135 km ESE of Saipan, Northern Mariana Islands",earthquake,,,,4.0,reviewed,us,us
1983-04-14T04:03:48.230Z,-10.472,164.945,33.0,5.0,mb,,,,1.3,us,usp0001uef,2025-12-19T21:31:39.749Z,"97 km WNW of Lata, Solomon Islands",earthquake,,,,6.0,reviewed,us,us
1983-04-14T05:00:55.720Z,-10.418,165.195,33.0,4.9,mb,,,,1.2,us,usp0001ueg,2014-11-07T00:32:58.878Z,"74 km WNW of Lata, Solomon Islands",earthquake,,,,3.0,reviewed,us,us
1983-04-14T06:09:37.400Z,36.387,71.155,214.8,4.6,mb,,,,1.0,us,usp0001uej,2014-11-07T00:32:58.882Z,"47 km SW of Ashk?sham, Afghanistan",earthquake,,8.0,,16.0,reviewed,us,us
1983-04-14T07:19:29.870Z,14.189,-91.395,87.6,5.4,mb,,,,1.1,us,usp0001uek,2022-04-28T00:06:34.754Z,"10 km W of Nueva Concepción, Guatemala",earthquake,,1.7,,80.0,reviewed,us,us
1983-04-14T09:11:56.340Z,35.972,69.028,34.4,4.6,mb,,,,1.4,us,usp0001uem,2014-11-07T00:32:58.913Z,"14 km SW of Nahr?n, Afghanistan",earthquake,,10.6,,18.0,reviewed,us,us
1983-04-14T09:36:27.430Z,36.764,26.964,10.0,4.7,mb,,,,1.1,us,usp0001uep,2014-11-07T00:32:58.919Z,"2 km N of Kéfalos, Greece",earthquake,,,,3.0,reviewed,us,us
1983-04-14T10:24:14.220Z,-21.417,-175.403,33.0,5.2,mb,,,,0.9,us,usp0001ueq,2014-11-07T00:32:58.921Z,"34 km SW of Vaini, Tonga",earthquake,,,,7.0,reviewed,us,us
1983-04-14T11:18:32.260Z,19.842,145.57,33.0,4.7,mb,,,,0.7,us,usp0001uet,2014-11-07T00:32:58.957Z,"Maug Islands region, Northern Mariana Islands",earthquake,,,,3.0,reviewed,us,us
1983-04-14T11:27:10.180Z,18.328,120.839,51.6,4.8,mb,,,,1.1,us,usp0001ueu,2014-11-07T00:32:58.959Z,"22 km NE of Piddig, Philippines",earthquake,,5.0,,15.0,reviewed,us,us
1983-04-14T13:31:20.230Z,15.692,-96.645,13.9,4.9,mb,,,,1.1,us,usp0001uew,2022-04-28T00:06:41.099Z,"12 km WSW of Santa María Tonameca, Mexico",earthquake,,4.0,,22.0,reviewed,us,us
1983-04-14T14:52:12.950Z,47.696,15.103,10.0,4.5,mb,,,,1.2,us,usp0001uex,2014-11-07T00:32:58.973Z,"10 km ENE of Wildalpen, Austria",earthquake,,,,6.0,reviewed,us,us
1983-04-14T15:46:41.540Z,-7.48,128.383,33.0,4.8,mb,,,,0.2,us,usp0001uey,2014-11-07T00:32:58.986Z,"191 km NE of Lospalos, Timor Leste",earthquake,,,,3.0,reviewed,us,us
1983-04-14T15:57:23.700Z,-28.137,27.028,5.0,4.6,mb,,,,1.6,us,usp0001uf0,2020-08-26T22:37:20.507Z,"12 km WSW of Ventersburg, South Africa",earthquake,,,,2.0,reviewed,us,us
1983-04-14T17:23:35.050Z,24.831,125.255,30.0,4.6,mb,,,,0.7,us,usp0001uf2,2014-11-07T00:32:58.995Z,"5 km WNW of Hirara, Japan",earthquake,,2.7,,1.0,reviewed,us,us
1983-04-14T17:32:31.860Z,22.95,120.94,19.4,4.7,mb,,,,1.5,us,usp0001uf4,2026-01-07T19:41:21.040Z,"52 km ESE of Yujing, Taiwan",earthquake,,3.8,,7.0,reviewed,us,us
1983-04-14T18:22:35.440Z,-26.905,26.651,5.0,4.5,mb,,,,1.3,us,usp0001uf8,2020-08-26T22:37:31.082Z,"6 km SSW of Klerksdorp, South Africa",earthquake,,,,1.0,reviewed,us,us
1983-04-14T19:05:00.120Z,37.073,-116.046,0.0,5.7,mb,,,,,us,usp0001ufa,2016-02-02T20:10:21.200Z,"65 km NNW of Indian Springs, Nevada",nuclear explosion,,,,73.0,reviewed,doe,us
1983-04-14T19:42:22.470Z,11.16,-85.902,33.0,4.6,mb,,,,0.9,us,usp0001ufb,2014-11-07T00:32:59.039Z,"10 km SSW of San Juan del Sur, Nicaragua",earthquake,,,,4.0,reviewed,us,us
1983-04-14T22:51:41.790Z,26.865,130.109,33.0,4.7,mb,,,,1.3,us,usp0001uff,2025-12-19T21:31:40.918Z,"177 km SSE of Naze, Japan",earthquake,,,,9.0,reviewed,us,us
1983-04-14T23:01:10.450Z,0.252,126.074,44.4,5.0,mb,,,,1.1,us,usp0001ufg,2014-11-07T00:32:59.048Z,"157 km WSW of Ternate, Indonesia",earthquake,,6.6,,11.0,reviewed,us,us
1983-04-14T23:51:06.000Z,26.786,129.992,20.3,4.6,mb,,,,1.1,us,usp0001ufj,2014-11-07T00:32:59.055Z,"182 km SSE of Naze, Japan",earthquake,,4.1,,8.0,reviewed,us,us
1983-04-15T00:09:33.380Z,-19.221,-175.469,226.7,5.9,mw,,,,1.0,us,usp0001ufk,2022-04-28T00:06:46.415Z,"134 km WNW of Pangai, Tonga",earthquake,,2.9,,,reviewed,us,nc
1983-04-15T01:34:33.780Z,-8.671,127.831,33.0,4.7,mb,,,,1.4,us,usp0001ufm,2014-11-07T00:32:59.092Z,"93 km E of Lospalos, Timor Leste",earthquake,,,,8.0,reviewed,us,us
1983-04-15T01:35:03.630Z,15.541,-88.663,10.0,4.9,mb,,,,1.1,us,usp0001ufn,2014-11-07T00:32:59.095Z,"19 km NW of Loma Alta, Honduras",earthquake,,,,24.0,reviewed,us,us
1983-04-15T04:44:01.440Z,-6.487,154.938,38.4,5.8,mw,,,,1.0,us,usp0001uft,2025-12-19T21:31:42.150Z,"63 km WSW of Panguna, Papua New Guinea",earthquake,,1.5,,,reviewed,us,nc
1983-04-15T06:18:45.940Z,30.637,50.226,40.5,4.7,mb,,,,1.1,us,usp0001ufu,2014-11-07T00:32:59.134Z,"4 km NNW of Behbah?n, Iran",earthquake,,8.1,,8.0,reviewed,us,us
1983-04-15T09:05:43.510Z,-0.975,-13.117,10.0,4.9,mb,,,,1.2,us,usp0001ufw,2014-11-07T00:32:59.139Z,north of Ascension Island,earthquake,,,,10.0,reviewed,us,us
1983-04-15T09:23:58.830Z,14.908,99.087,10.0,5.3,mb,,,,1.0,us,usp0001ufx,2026-01-07T19:41:21.865Z,"70 km SW of Huai Khot, Thailand",earthquake,,,,47.0,reviewed,us,us
1983-04-15T10:08:20.540Z,-5.979,-75.663,118.0,5.6,mb,,,,0.9,us,usp0001ufz,2025-12-19T21:31:43.349Z,"40 km NNE of Navarro, Peru",earthquake,,3.3,,74.0,reviewed,us,us
1983-04-15T13:25:36.080Z,-3.712,-78.67,120.0,4.8,mb,,,,0.8,us,usp0001ug4,2014-11-07T00:32:59.192Z,"16 km NE of Yantzaza, Ecuador",earthquake,,,,9.0,reviewed,us,us
1983-04-15T13:46:36.480Z,-19.525,178.45,33.0,4.5,mb,,,,1.1,us,usp0001ug5,2014-11-07T00:32:59.197Z,"153 km S of Suva, Fiji",earthquake,,,,5.0,reviewed,us,us
1983-04-15T14:21:49.670Z,13.112,121.957,39.2,5.2,mb,,,,1.1,us,usp0001ug6,2025-12-19T21:31:44.476Z,"12 km S of Yook, Philippines",earthquake,,3.9,,25.0,reviewed,us,us
1983-04-15T14:51:59.110Z,53.386,160.311,65.0,5.8,mb,,,,1.0,us,usp0001ug7,2025-12-19T21:31:45.704Z,"117 km ENE of Petropavlovsk-Kamchatsky, Russia",earthquake,,,,91.0,reviewed,us,us
1983-04-15T15:08:34.780Z,46.742,153.087,33.0,4.6,mb,,,,0.7,us,usp0001ug8,2014-11-07T00:32:59.236Z,Kuril Islands,earthquake,,,,8.0,reviewed,us,us
1983-04-15T16:23:52.640Z,12.98,120.85,67.9,4.9,mb,,,,1.1,us,usp0001uga,2014-11-07T00:32:59.241Z,"10 km ESE of Barahan, Philippines",earthquake,,8.2,,3.0,reviewed,us,us
1983-04-15T17:21:11.360Z,-22.683,172.36,70.4,5.0,mb,,,,0.9,us,usp0001ugc,2014-11-07T00:32:59.244Z,southeast of the Loyalty Islands,earthquake,,6.2,,9.0,reviewed,us,us
1983-04-15T21:00:22.230Z,-21.862,-174.146,33.0,5.2,mb,,,,1.3,us,usp0001ugh,2014-11-07T00:32:59.257Z,"101 km SE of ‘Ohonua, Tonga",earthquake,,,,4.0,reviewed,us,us
1983-04-15T22:09:06.220Z,0.172,97.564,33.0,4.6,mb,,,,1.2,us,usp0001ugj,2014-11-07T00:32:59.261Z,"220 km SW of Sibolga, Indonesia",earthquake,,,,7.0,reviewed,us,us
1983-04-16T12:57:49.980Z,-10.161,110.89,57.1,5.7,mw,,,,1.1,us,usp0001ugu,2025-12-19T21:31:46.950Z,"247 km SSW of Trenggalek, Indonesia",earthquake,,1.2,,,reviewed,us,nc
1983-04-16T17:10:06.830Z,-7.396,129.059,143.4,4.7,mb,,,,1.4,us,usp0001ugw,2014-11-07T00:32:59.311Z,"259 km ENE of Lospalos, Timor Leste",earthquake,,12.0,,1.0,reviewed,us,us
1983-04-16T17:23:30.530Z,4.848,127.692,95.2,5.1,mb,,,,1.1,us,usp0001ugx,2014-11-07T00:32:59.313Z,"236 km SE of Pondaguitan, Philippines",earthquake,,5.1,,11.0,reviewed,us,us
1983-04-16T17:28:32.460Z,41.513,141.939,71.0,5.0,mb,,,,1.0,us,usp0001ugy,2026-01-07T19:41:22.617Z,"65 km ENE of Mutsu, Japan",earthquake,,2.5,,40.0,reviewed,us,us
1983-04-17T00:49:05.210Z,-21.687,-66.647,250.5,4.6,mb,,,,0.6,us,usp0001uh2,2014-11-07T00:32:59.349Z,"94 km SSW of Atocha, Bolivia",earthquake,,30.6,,1.0,reviewed,us,us
1983-04-17T02:54:43.950Z,-56.207,-26.243,47.0,5.3,mb,,,,0.9,us,usp0001uh3,2025-12-19T20:59:08.987Z,South Sandwich Islands region,earthquake,,,,7.0,reviewed,us,us
1983-04-17T03:30:01.370Z,6.37,95.019,33.0,4.7,mb,,,,1.2,us,usp0001uh5,2014-11-07T00:32:59.359Z,"62 km NNW of Sabang, Indonesia",earthquake,,,,3.0,reviewed,us,us
1983-04-17T05:07:48.770Z,-59.401,-29.334,33.0,5.3,mb,,,,0.8,us,usp0001uh8,2025-12-19T21:31:48.205Z,South Sandwich Islands region,earthquake,,,,4.0,reviewed,us,us
1983-04-17T06:03:30.930Z,30.39,-114.048,10.0,4.6,mb,,,,0.9,us,usp0001uh9,2016-02-02T19:59:37.470Z,"103 km SE of San Felipe, Mexico",earthquake,,,,2.0,reviewed,us,us
1983-04-17T06:38:40.820Z,7.418,95.206,172.6,4.7,mb,,,,0.5,us,usp0001uhb,2014-11-07T00:32:59.373Z,"169 km N of Sabang, Indonesia",earthquake,,8.5,,5.0,reviewed,us,us
1983-04-17T13:00:14.020Z,1.78,99.5,181.7,4.5,mb,,,,1.2,us,usp0001uhh,2014-11-07T00:32:59.387Z,"40 km SW of Bandar, Indonesia",earthquake,,8.3,,1.0,reviewed,us,us
1983-04-17T14:06:56.610Z,-20.725,169.232,26.1,6.2,ms,,,,1.3,us,usp0001uhj,2025-12-19T21:31:49.407Z,"131 km S of Isangel, Vanuatu",earthquake,,2.6,,14.0,reviewed,us,us
1983-04-17T19:14:46.970Z,36.635,71.039,265.6,4.5,mb,,,,0.9,us,usp0001uhu,2014-11-07T00:32:59.456Z,"31 km SE of Jurm, Afghanistan",earthquake,,4.2,,14.0,reviewed,us,us
1983-04-17T20:05:45.140Z,44.896,147.631,116.0,4.9,mb,,,,1.0,us,usp0001uhv,2014-11-07T00:32:59.460Z,"41 km SSW of Kuril’sk, Russia",earthquake,,,,36.0,reviewed,us,us
1983-04-17T20:32:02.270Z,-7.322,119.707,575.3,5.0,mb,,,,1.0,us,usp0001uhw,2014-11-07T00:32:59.513Z,"131 km N of Labuan Bajo, Indonesia",earthquake,,3.7,,14.0,reviewed,us,us
1983-04-17T20:32:40.560Z,-7.368,119.543,574.0,4.5,mb,,,,0.8,us,usp0001uhx,2014-11-07T00:32:59.622Z,"130 km NNW of Labuan Bajo, Indonesia",earthquake,,14.1,,3.0,reviewed,us,us
1983-04-17T20:33:01.490Z,-7.271,119.626,575.0,4.9,mb,,,,0.7,us,usp0001uhy,2014-11-07T00:32:59.627Z,"138 km NNW of Labuan Bajo, Indonesia",earthquake,,,,1.0,reviewed,us,us
1983-04-17T22:33:13.210Z,-4.9,153.939,55.4,4.6,mb,,,,0.7,us,usp0001uj0,2014-11-07T00:32:59.714Z,"195 km ESE of Kokopo, Papua New Guinea",earthquake,,11.7,,4.0,reviewed,us,us
1983-04-17T23:16:34.560Z,22.053,94.34,100.0,5.1,mb,,,,0.9,us,usp0001uj1,2025-12-19T21:31:50.599Z,"82 km W of Monywa, Myanmar",earthquake,,,,61.0,reviewed,us,us
1983-04-18T01:25:04.830Z,39.031,54.751,33.0,4.7,mb,,,,1.3,us,usp0001uj2,2025-12-19T21:31:51.702Z,"23 km SE of Gumdag, Turkmenistan",earthquake,,,,18.0,reviewed,us,us
1983-04-18T01:34:46.240Z,25.23,127.009,70.6,4.7,mb,,,,1.3,us,usp0001uj3,2025-12-19T21:31:53.008Z,"119 km SSW of Itoman, Japan",earthquake,,5.9,,7.0,reviewed,us,us
1983-04-18T05:01:17.670Z,-19.953,-175.741,228.6,5.3,mb,,,,1.0,us,usp0001uj5,2025-12-19T21:31:54.245Z,"142 km NNW of Nuku‘alofa, Tonga",earthquake,,3.5,,15.0,reviewed,us,us
1983-04-18T10:58:51.260Z,27.793,62.054,64.0,7.0,mw,,,,1.2,us,usp0001uj8,2025-12-19T21:31:55.427Z,"95 km ESE of Kh?sh, Iran",earthquake,,3.2,,,reviewed,us,nc
1983-04-18T13:52:12.890Z,-8.273,119.577,190.3,5.0,mb,,,,1.2,us,usp0001uja,2014-11-07T00:33:00.146Z,"36 km NNE of Komodo, Indonesia",earthquake,,4.6,,13.0,reviewed,us,us
1983-04-18T16:29:37.560Z,52.156,159.013,71.0,4.7,mb,,,,1.1,us,usp0001ujb,2014-11-07T00:33:00.157Z,"95 km SSE of Vilyuchinsk, Russia",earthquake,,,,18.0,reviewed,us,us
1983-04-18T17:15:04.420Z,-13.666,167.248,217.8,5.1,mb,,,,1.0,us,usp0001ujc,2014-11-07T00:33:00.161Z,"40 km NW of Sola, Vanuatu",earthquake,,5.0,,24.0,reviewed,us,us
1983-04-18T18:28:10.420Z,43.578,147.814,34.0,4.9,mb,,,,0.9,us,usp0001ujd,2014-11-07T00:33:00.172Z,"91 km ESE of Shikotan, Russia",earthquake,,,,26.0,reviewed,us,us
1983-04-19T01:30:07.810Z,-2.87,139.446,46.7,5.2,mb,,,,1.0,us,usp0001ujg,2014-11-07T00:33:00.182Z,"135 km WSW of Abepura, Indonesia",earthquake,,8.5,,6.0,reviewed,us,us
1983-04-19T03:46:46.580Z,14.636,120.178,105.5,4.6,mb,,,,1.6,us,usp0001ujk,2014-11-07T00:33:00.189Z,"10 km SW of Sabang, Philippines",earthquake,,11.6,,4.0,reviewed,us,us
1983-04-19T09:11:01.760Z,-4.395,144.069,142.2,5.2,mb,,,,0.9,us,usp0001ujr,2025-12-19T21:31:56.624Z,"36 km S of Angoram, Papua New Guinea",earthquake,,2.5,,20.0,reviewed,us,us
1983-04-19T10:23:45.130Z,38.522,20.18,11.9,4.7,mb,,,,1.5,us,usp0001ujs,2014-11-07T00:33:00.207Z,"42 km NNW of Lixoúri, Greece",earthquake,,3.0,,3.0,reviewed,us,us
1983-04-19T11:17:31.980Z,39.545,68.056,33.0,4.6,mb,,,,1.2,us,usp0001ujt,2014-11-07T00:33:00.212Z,"38 km E of Panjakent, Tajikistan",earthquake,,,,11.0,reviewed,us,us
1983-04-19T14:26:29.440Z,-14.852,167.441,146.2,5.0,mb,,,,1.0,us,usp0001ujz,2014-11-07T00:33:00.223Z,"44 km ENE of Port-Olry, Vanuatu",earthquake,,6.8,,4.0,reviewed,us,us
1983-04-19T15:05:40.970Z,29.391,138.717,460.9,4.5,mb,,,,0.9,us,usp0001uk0,2014-11-07T00:33:00.228Z,"Izu Islands, Japan region",earthquake,,3.7,,16.0,reviewed,us,us
1983-04-19T15:15:10.170Z,-7.191,129.328,190.5,4.8,mb,,,,1.6,us,usp0001uk2,2014-11-07T00:33:00.234Z,"296 km ENE of Lospalos, Timor Leste",earthquake,,9.2,,5.0,reviewed,us,us
1983-04-19T16:25:26.790Z,46.39,153.119,33.0,4.8,mb,,,,0.9,us,usp0001uk3,2014-11-07T00:33:00.236Z,Kuril Islands,earthquake,,,,6.0,reviewed,us,us
1983-04-19T18:52:58.430Z,-21.847,-138.906,0.0,5.6,mb,,,,0.9,us,usp0001uk6,2015-06-16T17:24:43.678Z,"Tuamotu Archipelago, French Polynesia region",nuclear explosion,,,,22.0,reviewed,us,us
1983-04-19T19:12:48.890Z,63.371,-149.957,112.9,5.1,mb,,,,1.0,us,usp0001uk7,2025-12-19T21:31:57.701Z,"50 km W of Cantwell, Alaska",earthquake,,1.5,,44.0,reviewed,us,us
1983-04-20T02:45:34.040Z,-19.133,-69.566,121.0,4.8,mb,,,,1.2,us,usp0001uke,2014-11-07T00:33:00.278Z,"106 km SE of Arica, Chile",earthquake,,,,11.0,reviewed,us,us
1983-04-20T10:00:50.590Z,39.92,38.828,10.0,4.5,mb,,,,1.2,us,usp0001ukn,2014-11-07T00:33:00.293Z,"6 km ENE of Refahiye, Turkey",earthquake,,,,15.0,reviewed,us,us
1983-04-20T10:18:32.970Z,59.023,-155.972,208.7,4.5,mb,,,,1.2,us,usp0001ukp,2014-11-07T00:33:00.297Z,"34 km S of Igiugig, Alaska",earthquake,,4.1,,12.0,reviewed,us,us
1983-04-20T11:01:40.040Z,-5.521,129.397,290.5,5.2,mb,,,,1.0,us,usp0001ukq,2014-11-07T00:33:00.300Z,"242 km SE of Ambon, Indonesia",earthquake,,2.4,,27.0,reviewed,us,us
1983-04-20T14:06:11.090Z,6.88,-72.86,150.3,4.8,mb,,,,1.2,us,usp0001uks,2014-11-07T00:33:00.310Z,"0 km NW of Guaca, Colombia",earthquake,,5.7,,2.0,reviewed,us,us
1983-04-20T16:34:30.420Z,12.425,143.558,33.0,4.9,mb,,,,0.8,us,usp0001ukv,2014-11-07T00:33:00.315Z,"152 km SW of Merizo Village, Guam",earthquake,,,,6.0,reviewed,us,us
1983-04-20T16:55:24.970Z,-7.886,117.577,235.6,4.5,mb,,,,1.3,us,usp0001ukw,2014-11-07T00:33:00.317Z,"59 km N of Pototano, Indonesia",earthquake,,6.7,,4.0,reviewed,us,us
1983-04-20T18:37:12.380Z,-3.568,101.527,58.9,4.5,mb,,,,0.6,us,usp0001ukz,2014-11-07T00:33:00.323Z,"85 km WNW of Bengkulu, Indonesia",earthquake,,8.0,,3.0,reviewed,us,us
1983-04-20T20:43:58.770Z,-8.937,154.109,33.0,4.7,mb,,,,0.8,us,usp0001um2,2014-11-07T00:33:00.329Z,D'Entrecasteaux Islands region,earthquake,,,,6.0,reviewed,us,us
1983-04-20T22:52:41.570Z,35.462,26.194,72.9,4.5,mb,,,,1.4,us,usp0001um5,2014-11-07T00:33:00.335Z,"29 km NNE of Sitia, Greece",earthquake,,4.5,,16.0,reviewed,us,us
1983-04-21T03:27:50.130Z,50.227,-29.297,10.0,4.6,mb,,,,1.0,us,usp0001umc,2014-11-07T00:33:00.353Z,northern Mid-Atlantic Ridge,earthquake,,,,16.0,reviewed,us,us
1983-04-21T03:27:54.530Z,-16.497,-73.475,62.8,5.1,mb,,,,1.2,us,usp0001umd,2014-11-07T00:33:00.357Z,"35 km SSE of Atico, Peru",earthquake,,6.3,,2.0,reviewed,us,us
1983-04-21T04:15:50.200Z,-19.949,-66.906,229.0,4.7,mb,,,,1.2,us,usp0001umf,2014-11-07T00:33:00.361Z,"38 km N of Colchani, Bolivia",earthquake,,3.7,,21.0,reviewed,us,us
1983-04-21T05:23:40.160Z,36.507,27.789,10.0,4.6,mb,,,,0.4,us,usp0001umh,2014-11-07T00:33:00.382Z,"12 km SSW of Sými, Greece",earthquake,,,,1.0,reviewed,us,us
1983-04-21T10:25:08.070Z,0.861,125.954,52.4,5.2,mb,,,,1.3,us,usp0001umu,2025-12-19T21:31:58.861Z,"125 km ESE of Tondano, Indonesia",earthquake,,5.5,,25.0,reviewed,us,us
1983-04-21T10:43:22.040Z,-3.851,177.833,33.0,4.7,mb,,,,0.9,us,usp0001umv,2014-11-07T00:33:00.412Z,"255 km NNE of Kulia Village, Tuvalu",earthquake,,,,4.0,reviewed,us,us
1983-04-21T12:56:48.420Z,58.448,-140.053,10.0,4.6,mb,,,,1.1,us,usp0001umy,2014-11-07T00:33:00.418Z,"123 km S of Yakutat, Alaska",earthquake,,,,8.0,reviewed,us,us
1983-04-21T13:04:23.960Z,-27.783,73.844,10.0,5.1,mb,,,,1.0,us,usp0001umz,2014-11-07T00:33:00.422Z,Mid-Indian Ridge,earthquake,,,,9.0,reviewed,us,us
1983-04-21T13:39:23.970Z,15.583,146.145,88.5,5.1,mb,,,,1.2,us,usp0001un0,2014-11-07T00:33:00.425Z,"58 km NE of Saipan, Northern Mariana Islands",earthquake,,6.1,,14.0,reviewed,us,us
1983-04-21T16:18:53.030Z,39.313,33.146,11.0,4.8,mb,,,,0.8,us,usp0001un1,2026-01-07T19:41:24.572Z,"24 km NNE of Kulu, Turkey",earthquake,,1.2,,37.0,reviewed,us,us
1983-04-21T19:40:55.020Z,-9.172,-75.362,107.6,4.5,mb,,,,0.8,us,usp0001un5,2014-11-07T00:33:00.530Z,"41 km SSW of San Alejandro, Peru",earthquake,,20.3,,3.0,reviewed,us,us
1983-04-22T00:37:37.000Z,14.926,99.023,10.0,5.7,mw,,,,1.0,us,usp0001und,2025-12-19T21:32:00.104Z,"66 km ESE of Sangkhla Buri, Thailand",earthquake,,,,,reviewed,us,nc
1983-04-22T03:21:40.500Z,14.931,99.076,33.0,5.2,mb,,,,0.9,us,usp0001unk,2025-12-19T21:32:01.505Z,"70 km SW of Huai Khot, Thailand",earthquake,,,,56.0,reviewed,us,us
1983-04-22T03:56:25.000Z,39.274,64.216,33.0,4.8,mb,,,,0.8,us,usp0001unp,2014-11-07T00:33:00.808Z,"38 km ESE of Olot Shahri, Uzbekistan",earthquake,,,,19.0,reviewed,us,us
1983-04-22T06:49:31.250Z,23.997,122.414,33.0,4.5,mb,,,,1.2,us,usp0001unt,2026-01-07T19:41:25.406Z,"79 km SW of Yonakuni, Japan",earthquake,,,,2.0,reviewed,us,us
1983-04-22T07:51:50.300Z,6.105,126.884,67.8,5.6,mb,,,,1.1,us,usp0001unv,2025-12-19T21:32:02.601Z,"83 km ESE of Pondaguitan, Philippines",earthquake,,2.7,,40.0,reviewed,us,us
1983-04-22T09:47:40.270Z,-23.229,-66.732,210.6,5.0,mb,,,,1.3,us,usp0001unx,2014-11-07T00:33:01.202Z,"107 km W of El Aguilar, Argentina",earthquake,,3.3,,15.0,reviewed,us,us
1983-04-22T10:32:41.870Z,39.212,68.145,33.0,4.7,mb,,,,1.2,us,usp0001uny,2026-01-07T19:41:26.279Z,"39 km WSW of Ayní, Tajikistan",earthquake,,,,15.0,reviewed,us,us
1983-04-22T11:00:54.110Z,-59.716,-26.301,33.0,5.3,mb,,,,1.0,us,usp0001up0,2014-11-07T00:33:01.215Z,South Sandwich Islands region,earthquake,,,,5.0,reviewed,us,us
1983-04-22T16:05:28.040Z,6.858,126.607,185.3,4.6,mb,,,,0.6,us,usp0001up6,2014-11-07T00:33:01.227Z,"26 km SE of Lukatan, Philippines",earthquake,,2.9,,10.0,reviewed,us,us
1983-04-22T17:27:03.690Z,9.045,126.102,128.8,4.6,mb,,,,1.2,us,usp0001up9,2014-11-07T00:33:01.233Z,"8 km WNW of Gamut, Philippines",earthquake,,6.8,,5.0,reviewed,us,us
1983-04-22T18:28:24.320Z,42.312,87.94,23.0,5.0,mb,,,,0.9,us,usp0001upc,2026-01-07T19:37:14.414Z,"123 km SW of Turpan, China",earthquake,,,,35.0,reviewed,us,us
1983-04-22T21:01:40.320Z,39.724,75.669,54.3,4.5,mb,,,,1.5,us,usp0001upg,2014-11-07T00:33:01.249Z,"39 km NW of Kashgar, China",earthquake,,10.1,,7.0,reviewed,us,us
1983-04-22T23:07:45.240Z,38.396,56.2,47.2,4.5,mb,,,,0.2,us,usp0001upj,2014-11-07T00:33:01.252Z,"64 km S of Serdar, Turkmenistan",earthquake,,3.1,,3.0,reviewed,us,us
1983-04-23T00:30:50.390Z,-6.391,151.854,33.0,4.7,mb,,,,1.4,us,usp0001upm,2014-11-07T00:33:01.260Z,"211 km ESE of Kimbe, Papua New Guinea",earthquake,,,,3.0,reviewed,us,us
1983-04-23T04:23:54.660Z,30.301,68.008,24.2,4.6,mb,,,,1.0,us,usp0001ups,2026-01-07T19:41:27.226Z,"23 km NNE of Harnai, Pakistan",earthquake,,6.8,,10.0,reviewed,us,us
1983-04-23T06:13:49.940Z,60.418,-153.753,183.0,4.6,mb,,,,1.1,us,usp0001upw,2014-11-07T00:33:01.278Z,Southern Alaska,earthquake,,,,12.0,reviewed,us,us
1983-04-23T08:02:39.330Z,-6.915,147.521,56.9,4.9,mb,,,,1.0,us,usp0001upx,2014-11-07T00:33:01.282Z,"53 km SW of Finschhafen, Papua New Guinea",earthquake,,4.0,,7.0,reviewed,us,us
1983-04-23T09:20:15.240Z,-11.206,118.92,33.0,5.5,mb,,,,1.2,us,usp0001upz,2025-12-19T21:32:03.694Z,"225 km SW of Waingapu, Indonesia",earthquake,,,,21.0,reviewed,us,us
1983-04-23T09:31:24.940Z,14.961,99.179,33.0,4.5,ms,,,,1.1,us,usp0001uq0,2014-11-07T00:33:01.304Z,"59 km SW of Huai Khot, Thailand",earthquake,,,,1.0,reviewed,us,us
1983-04-23T10:54:41.740Z,52.727,-163.477,33.0,4.5,mb,,,,0.5,us,usp0001uq1,2014-11-07T00:33:01.306Z,"218 km SE of Akutan, Alaska",earthquake,,,,2.0,reviewed,us,us
1983-04-23T13:49:04.600Z,14.923,99.037,33.0,4.5,mb,,,,1.0,us,usp0001uq4,2014-11-07T00:33:01.311Z,"67 km ESE of Sangkhla Buri, Thailand",earthquake,,,,12.0,reviewed,us,us
1983-04-23T18:25:32.470Z,9.212,-83.9,33.0,4.8,mb,,,,1.0,us,usp0001uqa,2014-11-07T00:33:01.320Z,"28 km SW of San Isidro, Costa Rica",earthquake,,,,6.0,reviewed,us,us
1983-04-23T18:49:54.030Z,29.547,68.228,33.0,4.7,mb,,,,1.1,us,usp0001uqb,2026-01-07T19:41:28.045Z,"33 km E of Sibi, Pakistan",earthquake,,,,17.0,reviewed,us,us
1983-04-23T21:05:20.630Z,-21.178,-175.544,51.0,4.7,mb,,,,1.3,us,usp0001uqd,2014-11-07T00:33:01.329Z,"34 km W of Haveluloto, Tonga",earthquake,,,,3.0,reviewed,us,us
1983-04-23T22:00:53.890Z,-3.264,100.602,39.3,4.9,mb,,,,1.1,us,usp0001uqf,2014-11-07T00:33:01.335Z,"159 km SSW of Sungai Penuh, Indonesia",earthquake,,7.6,,13.0,reviewed,us,us
1983-04-23T23:33:58.980Z,-53.072,-117.844,10.0,5.5,ms,,,,1.3,us,usp0001uqk,2025-12-19T21:32:04.827Z,southern East Pacific Rise,earthquake,,,,10.0,reviewed,us,us
1983-04-24T00:21:57.950Z,-6.982,147.53,66.1,4.9,mb,,,,1.3,us,usp0001uqm,2014-11-07T00:33:01.351Z,"58 km SW of Finschhafen, Papua New Guinea",earthquake,,5.0,,5.0,reviewed,us,us
1983-04-24T03:26:40.100Z,-16.233,-177.817,33.0,5.6,ms,,,,1.2,us,usp0001uqq,2014-11-07T00:33:01.359Z,"215 km S of Alo, Wallis and Futuna",earthquake,,,,1.0,reviewed,us,us
1983-04-24T03:29:17.530Z,-23.976,-175.956,29.0,5.6,mw,,,,1.0,us,usp0001uqr,2025-12-19T20:59:09.838Z,Tonga region,earthquake,,8.5,,,reviewed,us,nc
1983-04-24T05:59:43.280Z,-8.891,158.956,33.0,4.8,mb,,,,1.1,us,usp0001uqu,2014-11-07T00:33:01.389Z,"108 km SW of Buala, Solomon Islands",earthquake,,,,5.0,reviewed,us,us
1983-04-24T06:35:21.730Z,-15.776,-177.374,33.0,4.8,mb,,,,0.9,us,usp0001uqw,2014-11-07T00:33:01.393Z,"180 km SSE of Alo, Wallis and Futuna",earthquake,,,,4.0,reviewed,us,us
1983-04-24T06:59:17.530Z,-15.231,167.508,147.4,4.9,mb,,,,1.3,us,usp0001uqz,2014-11-07T00:33:01.399Z,"48 km NE of Luganville, Vanuatu",earthquake,,10.3,,5.0,reviewed,us,us
1983-04-24T08:41:24.090Z,-15.998,-174.28,33.0,4.5,mb,,,,1.6,us,usp0001ur1,2014-11-07T00:33:01.406Z,"52 km W of Hihifo, Tonga",earthquake,,,,3.0,reviewed,us,us
1983-04-24T09:06:06.950Z,-2.957,139.424,72.0,5.0,mb,,,,1.5,us,usp0001ur3,2014-11-07T00:33:01.410Z,"140 km WSW of Abepura, Indonesia",earthquake,,10.6,,5.0,reviewed,us,us
1983-04-24T09:08:06.240Z,13.376,146.267,33.0,5.3,mb,,,,1.0,us,usp0001ur4,2014-11-07T00:33:01.413Z,"150 km E of Yigo Village, Guam",earthquake,,,,11.0,reviewed,us,us
1983-04-24T09:08:47.850Z,-8.875,157.669,12.4,6.4,mw,,,,1.3,us,usp0001ur5,2025-12-19T21:32:05.925Z,"124 km SE of Gizo, Solomon Islands",earthquake,,4.1,,,reviewed,us,nc
1983-04-24T10:17:25.490Z,-8.931,157.538,33.0,5.0,mb,,,,1.2,us,usp0001ur8,2014-11-07T00:33:01.473Z,"119 km SE of Gizo, Solomon Islands",earthquake,,,,2.0,reviewed,us,us
1983-04-24T11:21:54.840Z,36.038,139.891,63.8,4.7,mb,,,,0.8,us,usp0001urb,2014-11-07T00:33:01.477Z,"1 km SSW of Iwai, Japan",earthquake,,1.8,,9.0,reviewed,us,us
1983-04-24T15:56:33.360Z,-19.773,-173.165,51.0,5.1,mb,,,,1.4,us,usp0001urf,2014-11-07T00:33:01.485Z,"124 km E of Pangai, Tonga",earthquake,,,,10.0,reviewed,us,us
1983-04-24T16:09:13.120Z,-9.539,118.438,42.1,4.7,mb,,,,1.5,us,usp0001urg,2014-11-07T00:33:01.493Z,"110 km S of Dompu, Indonesia",earthquake,,11.2,,5.0,reviewed,us,us
1983-04-24T18:24:45.590Z,-31.235,-178.926,215.4,4.6,mb,,,,1.2,us,usp0001urj,2014-11-07T00:33:01.497Z,Kermadec Islands region,earthquake,,5.9,,2.0,reviewed,us,us
1983-04-24T20:11:23.740Z,-1.289,-13.941,10.0,5.1,mb,,,,1.2,us,usp0001urn,2014-11-07T00:33:01.502Z,north of Ascension Island,earthquake,,,,6.0,reviewed,us,us
1983-04-25T01:59:46.070Z,54.0,159.275,103.0,4.5,mb,,,,0.9,us,usp0001urr,2014-11-07T00:33:01.510Z,"88 km SSE of Mil’kovo, Russia",earthquake,,,,9.0,reviewed,us,us
1983-04-25T07:52:00.430Z,72.254,-6.918,10.0,4.5,mb,,,,1.4,us,usp0001urw,2014-11-07T00:33:01.564Z,"161 km NNE of Olonkinbyen, Svalbard and Jan Mayen",earthquake,,,,10.0,reviewed,us,us
1983-04-25T08:43:53.350Z,-8.94,118.438,105.0,5.1,mb,,,,1.4,us,usp0001urx,2014-11-07T00:33:01.641Z,"44 km S of Dompu, Indonesia",earthquake,,6.5,,14.0,reviewed,us,us
1983-04-25T09:50:49.560Z,-17.664,-178.72,569.1,4.7,mb,,,,0.8,us,usp0001urz,2014-11-07T00:33:01.652Z,"212 km ENE of Levuka, Fiji",earthquake,,5.8,,5.0,reviewed,us,us
1983-04-25T10:11:35.230Z,-5.979,101.873,33.0,4.5,mb,,,,1.2,us,usp0001us0,2026-01-07T19:41:28.961Z,"244 km S of Bengkulu, Indonesia",earthquake,,,,3.0,reviewed,us,us
1983-04-25T11:13:11.420Z,-8.803,157.389,33.0,5.0,mb,,,,1.1,us,usp0001us3,2026-01-07T19:41:29.797Z,"98 km SE of Gizo, Solomon Islands",earthquake,,,,9.0,reviewed,us,us
1983-04-25T13:55:58.080Z,46.387,142.345,302.8,4.6,mb,,,,0.6,us,usp0001us5,2014-11-07T00:33:01.760Z,"37 km E of Shebunino, Russia",earthquake,,10.5,,14.0,reviewed,us,us
1983-04-25T14:00:43.110Z,51.32,156.885,96.0,5.2,mb,,,,0.9,us,usp0001us6,2025-12-19T21:32:07.093Z,"33 km SE of Ozernovskiy, Russia",earthquake,,,,52.0,reviewed,us,us
1983-04-25T17:32:59.830Z,44.451,-28.282,10.0,4.7,mb,,,,0.7,us,usp0001us7,2014-11-07T00:33:01.787Z,northern Mid-Atlantic Ridge,earthquake,,,,10.0,reviewed,us,us
1983-04-25T17:57:01.710Z,-5.42,146.821,238.7,5.1,mb,,,,1.3,us,usp0001us8,2014-11-07T00:33:01.792Z,"116 km E of Madang, Papua New Guinea",earthquake,,5.4,,3.0,reviewed,us,us
1983-04-25T18:27:14.220Z,-22.867,170.048,33.0,5.2,mb,,,,1.2,us,usp0001us9,2014-11-07T00:33:01.794Z,"262 km E of Vao, New Caledonia",earthquake,,,,5.0,reviewed,us,us
1983-04-25T19:03:48.570Z,12.787,123.052,28.6,5.1,mb,,,,0.9,us,usp0001usa,2026-01-07T19:41:30.538Z,"23 km WSW of Mabiton, Philippines",earthquake,,5.6,,25.0,reviewed,us,us
1983-04-25T19:09:09.020Z,-24.278,-71.235,24.0,5.1,mb,,,,1.4,us,usp0001usb,2014-11-07T00:33:01.818Z,"110 km SW of Antofagasta, Chile",earthquake,,,,8.0,reviewed,us,us
1983-04-25T20:36:50.100Z,9.42,93.623,128.5,4.6,mb,,,,1.1,us,usp0001use,2014-11-07T00:33:01.841Z,"266 km SSE of Port Blair, India",earthquake,,6.1,,12.0,reviewed,us,us
1983-04-25T23:24:20.990Z,55.83,160.684,168.0,4.6,mb,,,,0.7,us,usp0001ush,2014-11-07T00:33:01.883Z,"55 km S of Klyuchi, Russia",earthquake,,,,18.0,reviewed,us,us
1983-04-25T23:58:50.770Z,-11.444,114.675,72.7,4.8,mb,,,,1.1,us,usp0001usk,2014-11-07T00:33:01.892Z,"298 km S of Jimbaran, Indonesia",earthquake,,8.9,,4.0,reviewed,us,us
1983-04-26T05:32:23.230Z,-21.069,-69.041,138.8,4.7,mb,,,,1.1,us,usp0001usn,2014-11-07T00:33:01.990Z,"149 km SE of Iquique, Chile",earthquake,,9.3,,3.0,reviewed,us,us
1983-04-26T08:42:39.360Z,-32.413,-71.592,47.5,5.0,mb,,,,1.0,us,usp0001usr,2014-11-07T00:33:02.165Z,"34 km W of La Ligua, Chile",earthquake,,3.9,,7.0,reviewed,us,us
1983-04-26T11:15:37.430Z,-15.993,168.428,33.0,5.5,mb,,,,1.2,us,usp0001usw,2025-12-19T21:32:08.279Z,"108 km E of Lakatoro, Vanuatu",earthquake,,,,24.0,reviewed,us,us
1983-04-26T12:38:11.200Z,-6.428,105.418,79.2,5.3,mb,,,,1.2,us,usp0001ut0,2026-01-07T19:41:31.203Z,"45 km W of Labuan, Indonesia",earthquake,,4.0,,20.0,reviewed,us,us
1983-04-26T13:24:05.730Z,37.216,-14.265,10.0,4.9,mb,,,,1.3,us,usp0001ut1,2026-01-07T19:41:31.991Z,Azores-Cape St. Vincent Ridge,earthquake,,,,33.0,reviewed,us,us
1983-04-26T15:26:40.330Z,24.647,122.589,116.1,5.7,mb,,,,0.9,us,usp0001ut3,2022-04-27T23:00:31.859Z,"46 km WNW of Yonakuni, Japan",earthquake,,1.4,,72.0,reviewed,us,us
1983-04-26T16:02:14.830Z,48.74,153.398,125.5,4.9,mb,,,,0.7,us,usp0001ut5,2014-11-07T00:33:02.247Z,"291 km SW of Severo-Kuril’sk, Russia",earthquake,,9.4,,45.0,reviewed,us,us
1983-04-26T18:15:35.880Z,24.164,121.819,59.2,5.0,mb,,,,1.2,us,usp0001ut7,2026-01-07T19:41:32.827Z,"30 km NE of Hualien City, Taiwan",earthquake,,2.8,,12.0,reviewed,us,us
1983-04-27T00:46:51.580Z,-6.319,151.32,39.8,4.9,mb,,,,1.1,us,usp0001utm,2014-11-07T00:33:02.282Z,"156 km ESE of Kimbe, Papua New Guinea",earthquake,,7.2,,5.0,reviewed,us,us
1983-04-27T01:21:23.660Z,-62.803,155.129,10.0,4.8,mb,,,,1.5,us,usp0001utn,2014-11-07T00:33:02.284Z,Balleny Islands region,earthquake,,,,1.0,reviewed,us,us
1983-04-27T01:25:31.300Z,-62.676,155.632,10.0,5.1,mb,,,,1.4,us,usp0001utp,2014-11-07T00:33:02.286Z,Balleny Islands region,earthquake,,,,2.0,reviewed,us,us
1983-04-27T01:39:20.240Z,-62.511,155.497,10.0,5.9,ms,,,,1.4,us,usp0001utq,2025-12-19T21:32:09.556Z,Balleny Islands region,earthquake,,,,7.0,reviewed,us,us
1983-04-27T07:16:23.380Z,-41.666,-84.648,10.0,4.8,mb,,,,1.0,us,usp0001utu,2014-11-07T00:33:02.301Z,West Chile Rise,earthquake,,,,3.0,reviewed,us,us
1983-04-27T07:26:02.150Z,8.224,-38.682,10.0,4.8,mb,,,,0.9,us,usp0001utv,2014-11-07T00:33:02.302Z,central Mid-Atlantic Ridge,earthquake,,,,5.0,reviewed,us,us
1983-04-27T08:05:23.450Z,24.107,126.24,33.0,4.8,mb,,,,1.1,us,usp0001utx,2026-01-07T19:41:33.585Z,"122 km SE of Hirara, Japan",earthquake,,,,13.0,reviewed,us,us
1983-04-27T10:18:05.280Z,0.903,-27.733,10.0,5.1,mb,,,,1.0,us,usp0001uu0,2014-11-07T00:33:02.314Z,central Mid-Atlantic Ridge,earthquake,,,,34.0,reviewed,us,us
1983-04-27T11:24:58.790Z,50.04,18.495,10.0,5.1,mb,,,,0.9,us,usp0001uu1,2020-08-26T22:39:32.537Z,"1 km SE of Radlin, Poland",earthquake,,,,3.0,reviewed,us,us
1983-04-27T11:55:59.030Z,14.82,147.035,33.0,4.8,mb,,,,0.9,us,usp0001uu2,2014-11-07T00:33:02.326Z,"144 km ESE of Saipan, Northern Mariana Islands",earthquake,,,,3.0,reviewed,us,us
1983-04-27T16:28:15.410Z,36.385,70.982,118.9,4.7,mb,,,,1.0,us,usp0001uu5,2014-11-07T00:33:02.332Z,"54 km SSE of Jurm, Afghanistan",earthquake,,10.2,,11.0,reviewed,us,us
1983-04-27T17:16:09.200Z,14.962,99.055,33.0,4.6,mb,,,,1.3,us,usp0001uu6,2025-12-19T21:32:10.759Z,"68 km ESE of Sangkhla Buri, Thailand",earthquake,,,,10.0,reviewed,us,us
1983-04-27T17:20:35.210Z,-21.137,-174.272,21.0,5.6,ms,,,,1.4,us,usp0001uu7,2025-12-19T21:32:11.925Z,"73 km ENE of ‘Ohonua, Tonga",earthquake,,,,15.0,reviewed,us,us
1983-04-27T17:42:03.710Z,-5.967,146.364,37.0,4.5,mb,,,,1.3,us,usp0001uu8,2014-11-07T00:33:02.353Z,"65 km ENE of Kainantu, Papua New Guinea",earthquake,,8.7,,4.0,reviewed,us,us
1983-04-27T21:06:00.880Z,-1.821,-77.679,32.8,4.9,mb,,,,1.2,us,usp0001uua,2014-11-07T00:33:02.390Z,"34 km ESE of Palora, Ecuador",earthquake,,12.9,,14.0,reviewed,us,us
1983-04-28T01:59:51.070Z,34.725,70.703,33.0,4.8,mb,,,,1.3,us,usp0001uuc,2014-11-07T00:33:02.397Z,"40 km NE of Jal?l?b?d, Afghanistan",earthquake,,,,3.0,reviewed,us,us
1983-04-28T05:13:05.690Z,-16.166,-74.161,67.7,5.2,mb,,,,0.8,us,usp0001uue,2014-11-07T00:33:02.400Z,"44 km SSW of Achanizo, Peru",earthquake,,4.9,,1.0,reviewed,us,us
1983-04-28T08:58:06.850Z,51.174,156.277,120.0,5.0,mb,,,,0.9,us,usp0001uuf,2014-11-07T00:33:02.402Z,"39 km SSW of Ozernovskiy, Russia",earthquake,,,,30.0,reviewed,us,us
1983-04-28T21:36:47.200Z,-30.945,-178.064,33.0,5.6,mb,,,,1.4,us,usp0001uut,2025-12-19T21:32:13.107Z,"Kermadec Islands, New Zealand",earthquake,,,,3.0,reviewed,us,us
1983-04-29T00:25:55.420Z,-58.712,-25.173,33.0,5.0,mb,,,,0.6,us,usp0001uuw,2014-11-07T00:33:02.455Z,South Sandwich Islands region,earthquake,,,,2.0,reviewed,us,us
1983-04-29T01:02:19.210Z,13.42,-89.179,82.2,4.9,mb,,,,1.4,us,usp0001uux,2022-04-28T00:08:16.491Z,El Salvador,earthquake,,2.6,,35.0,reviewed,us,us
1983-04-29T03:47:29.090Z,6.967,-104.187,10.0,4.9,mb,,,,1.0,us,usp0001uv0,2014-11-07T00:33:02.495Z,Galapagos Triple Junction region,earthquake,,,,10.0,reviewed,us,us
1983-04-29T06:11:08.120Z,-5.914,147.682,109.1,5.0,mb,,,,0.9,us,usp0001uv4,2014-11-07T00:33:02.504Z,"73 km NNW of Finschhafen, Papua New Guinea",earthquake,,3.2,,4.0,reviewed,us,us
1983-04-29T08:23:01.410Z,-20.653,-176.227,223.4,5.0,mb,,,,1.3,us,usp0001uv6,2014-11-07T00:33:02.562Z,"119 km WNW of Haveluloto, Tonga",earthquake,,7.3,,5.0,reviewed,us,us
1983-04-29T13:39:07.290Z,35.221,138.817,9.5,4.9,mb,,,,0.9,us,usp0001uv8,2014-11-07T00:33:02.719Z,"13 km ENE of Fuji, Japan",earthquake,,1.3,,7.0,reviewed,us,us
1983-04-29T23:27:29.520Z,-4.669,143.719,33.0,4.6,mb,,,,1.4,us,usp0001uvf,2014-11-07T00:33:03.126Z,"77 km SSW of Angoram, Papua New Guinea",earthquake,,,,3.0,reviewed,us,us
1983-04-30T02:51:43.320Z,-21.354,-174.252,23.0,5.8,mb,,,,1.2,us,usp0001uvg,2025-12-19T21:32:14.344Z,"72 km E of ‘Ohonua, Tonga",earthquake,,,,34.0,reviewed,us,us
1983-04-30T04:16:49.620Z,6.727,-72.943,169.6,4.6,mb,,,,1.0,us,usp0001uvh,2014-11-07T00:33:03.260Z,"4 km SE of Cepitá, Colombia",earthquake,,4.9,,2.0,reviewed,us,us
1983-04-30T07:32:08.850Z,-18.32,-175.005,33.0,5.2,mb,,,,1.2,us,usp0001uvj,2014-11-07T00:33:03.262Z,"113 km WNW of Neiafu, Tonga",earthquake,,,,4.0,reviewed,us,us
1983-04-30T13:55:56.750Z,-5.386,102.657,33.0,4.8,mb,,,,0.9,us,usp0001uvs,2014-11-07T00:33:03.273Z,"164 km SSW of Pagar Alam, Indonesia",earthquake,,,,4.0,reviewed,us,us
1983-04-30T14:03:49.230Z,41.473,143.764,30.4,6.5,mb,,,,1.0,us,usp0001uvt,2025-12-19T21:32:15.547Z,"150 km SE of Shizunai-furukawach?, Japan",earthquake,,1.4,,108.0,reviewed,us,us
1983-04-30T15:50:27.180Z,41.374,143.626,69.5,4.5,mb,,,,0.8,us,usp0001uvu,2014-11-07T00:33:03.322Z,"149 km SE of Shizunai-furukawach?, Japan",earthquake,,5.6,,4.0,reviewed,us,us
1983-04-30T15:57:10.470Z,41.454,143.832,51.3,5.1,ms,,,,1.2,us,usp0001uvv,2014-11-07T00:33:03.324Z,"155 km SE of Shizunai-furukawach?, Japan",earthquake,,5.2,,1.0,reviewed,us,us
1983-04-30T17:28:48.370Z,25.784,96.545,39.6,4.7,mb,,,,1.2,us,usp0001uvw,2026-01-07T19:41:34.361Z,"53 km SSW of Sarupathar, India",earthquake,,7.5,,7.0,reviewed,us,us
1983-04-30T18:19:15.670Z,-6.992,154.763,28.9,5.0,mb,,,,1.0,us,usp0001uvx,2014-11-07T00:33:03.331Z,"109 km SW of Panguna, Papua New Guinea",earthquake,,4.2,,10.0,reviewed,us,us
1983-04-30T19:04:30.120Z,49.493,155.7,46.0,5.3,mb,,,,0.8,us,usp0001uvy,2025-12-19T21:32:16.727Z,"135 km SSW of Severo-Kuril’sk, Russia",earthquake,,,,65.0,reviewed,us,us
1983-04-30T20:17:38.070Z,41.328,143.929,45.4,4.6,mb,,,,1.1,us,usp0001uw0,2026-01-07T19:41:35.118Z,"171 km SE of Shizunai-furukawach?, Japan",earthquake,,4.5,,8.0,reviewed,us,us
1983-04-30T22:18:50.680Z,36.211,70.81,64.0,4.6,mb,,,,0.7,us,usp0001uw1,2014-11-07T00:33:03.353Z,"72 km S of Jurm, Afghanistan",earthquake,,9.1,,8.0,reviewed,us,us
1983-04-30T22:37:43.800Z,-18.776,-174.028,33.0,5.0,mb,,,,0.7,us,usp0001uw2,2014-11-07T00:33:03.355Z,"14 km SSW of Neiafu, Tonga",earthquake,,,,1.0,reviewed,us,us
1983-04-30T23:59:10.320Z,41.424,143.533,68.0,4.7,mb,,,,0.5,us,usp0001uw4,2014-11-07T00:33:03.358Z,"139 km SE of Shizunai-furukawach?, Japan",earthquake,,3.9,,6.0,reviewed,us,us
1983-05-01T00:14:24.380Z,-17.963,-178.292,595.2,4.8,mb,,,,1.0,us,usp0001uw5,2014-11-07T00:33:04.209Z,"253 km E of Levuka, Fiji",earthquake,,2.3,,16.0,reviewed,us,us
1983-05-01T07:13:34.240Z,41.325,143.896,47.6,5.0,mb,,,,1.0,us,usp0001uw8,2026-01-07T19:39:57.992Z,"169 km SE of Shizunai-furukawach?, Japan",earthquake,,4.8,,28.0,reviewed,us,us
1983-05-01T08:44:09.210Z,38.486,144.438,33.0,4.7,mb,,,,0.9,us,usp0001uwb,2025-12-19T21:30:22.114Z,"239 km ESE of Kamaishi, Japan",earthquake,,,,4.0,reviewed,us,us
1983-05-01T14:14:03.530Z,-33.93,179.609,33.0,5.3,mb,,,,1.4,us,usp0001uwg,2014-11-07T00:33:05.041Z,south of the Kermadec Islands,earthquake,,,,5.0,reviewed,us,us
1983-05-01T15:25:35.360Z,2.934,124.653,300.2,4.6,mb,,,,1.2,us,usp0001uwh,2014-11-07T00:33:05.081Z,"162 km N of Manado, Indonesia",earthquake,,5.0,,11.0,reviewed,us,us
1983-05-01T18:10:40.390Z,46.353,153.453,24.0,6.2,mw,,,,1.0,us,usp0001uwm,2025-12-19T21:30:22.797Z,Kuril Islands,earthquake,,,,,reviewed,us,nc
1983-05-01T18:55:08.660Z,41.453,143.666,59.8,4.5,mb,,,,0.7,us,usp0001uwp,2014-11-07T00:33:05.410Z,"145 km SE of Shizunai-furukawach?, Japan",earthquake,,6.3,,6.0,reviewed,us,us
1983-05-01T19:44:34.620Z,21.303,-45.881,10.0,4.8,mb,,,,1.1,us,usp0001uwq,2014-11-07T00:33:05.418Z,northern Mid-Atlantic Ridge,earthquake,,,,11.0,reviewed,us,us
1983-05-01T20:11:58.470Z,46.327,153.435,33.0,5.6,mb,,,,0.9,us,usp0001uwr,2025-12-19T21:30:23.466Z,Kuril Islands,earthquake,,,,66.0,reviewed,us,us
1983-05-01T20:55:18.810Z,10.227,126.555,33.0,4.5,mb,,,,0.9,us,usp0001uws,2014-11-07T00:33:05.558Z,"61 km ENE of Santa Monica, Philippines",earthquake,,,,3.0,reviewed,us,us
1983-05-01T22:15:58.770Z,2.585,-95.755,10.0,4.8,mb,,,,0.9,us,usp0001uwt,2014-11-07T00:33:05.567Z,"Galapagos Islands, Ecuador region",earthquake,,,,5.0,reviewed,us,us
1983-05-01T22:25:12.360Z,2.454,-95.662,10.0,5.1,mb,,,,1.2,us,usp0001uwu,2014-11-07T00:33:05.580Z,"Galapagos Islands, Ecuador region",earthquake,,,,14.0,reviewed,us,us
1983-05-02T01:22:17.710Z,-5.881,129.025,305.2,5.0,mb,,,,0.9,us,usp0001uwx,2014-11-07T00:33:05.631Z,"259 km SSE of Ambon, Indonesia",earthquake,,3.5,,18.0,reviewed,us,us
1983-05-02T01:24:56.520Z,-26.641,-70.699,33.0,5.4,mb,,,,1.1,us,usp0001uwy,2025-12-19T20:59:04.367Z,"71 km WSW of Diego de Almagro, Chile",earthquake,,,,16.0,reviewed,us,us
1983-05-02T03:46:26.650Z,-9.315,158.234,33.0,5.0,mb,,,,1.0,us,usp0001uwz,2014-11-07T00:33:05.732Z,"168 km WNW of Malango, Solomon Islands",earthquake,,,,10.0,reviewed,us,us
1983-05-02T06:59:58.830Z,-8.665,106.357,33.0,5.3,ms,,,,1.2,us,usp0001ux1,2025-12-19T21:30:24.134Z,"186 km S of Pelabuhanratu, Indonesia",earthquake,,,,9.0,reviewed,us,us
1983-05-02T09:58:13.810Z,-20.733,-178.475,596.0,5.7,mb,,,,0.9,us,usp0001ux3,2022-04-27T23:59:01.245Z,Fiji region,earthquake,,,,48.0,reviewed,us,us
1983-05-02T15:21:51.250Z,46.286,153.567,33.0,5.1,ms,,,,0.9,us,usp0001ux4,2025-12-19T21:30:24.856Z,Kuril Islands,earthquake,,,,5.0,reviewed,us,us
1983-05-02T21:22:44.440Z,46.323,153.514,33.0,5.3,ms,,,,0.9,us,usp0001ux6,2025-12-19T21:30:25.555Z,Kuril Islands,earthquake,,,,6.0,reviewed,us,us
1983-05-02T21:37:33.200Z,-29.601,-176.779,43.3,4.7,mb,,,,1.3,us,usp0001ux7,2014-11-07T00:33:06.088Z,Kermadec Islands region,earthquake,,10.4,,3.0,reviewed,us,us
1983-05-02T21:55:52.560Z,10.379,-62.666,33.0,4.5,mb,,,,1.0,us,usp0001ux8,2014-11-07T00:33:06.096Z,"45 km WSW of Güiria, Venezuela",earthquake,,,,4.0,reviewed,us,us
1983-05-02T23:42:38.060Z,36.2316667,-120.312,9.578,6.7,ml,64.0,137.0,0.03063,0.07,nc,nc1091100,2025-12-19T21:30:26.448Z,"The 1983 Coalinga, California Earthquake",earthquake,0.28,0.24,,0.0,reviewed,nc,nc
1983-05-02T23:46:06.000Z,36.23,-120.29,8.0,5.5,mb,,,,,us,usp0001uxb,2021-03-09T23:55:28.978Z,"11 km NNE of Coalinga, California",earthquake,,,,3.0,reviewed,brk,us
1983-05-03T02:38:15.460Z,46.402,153.458,33.0,5.1,mb,,,,0.8,us,usp0001uy6,2026-01-07T19:39:59.252Z,Kuril Islands,earthquake,,,,43.0,reviewed,us,us
1983-05-03T04:18:09.850Z,46.544,153.343,33.0,5.0,mb,,,,1.0,us,usp0001uyh,2014-11-07T00:33:06.471Z,Kuril Islands,earthquake,,,,23.0,reviewed,us,us
1983-05-03T04:32:32.080Z,36.274,-120.375,10.404,4.76,md,48.0,173.0,0.03604,0.1,nc,nc1091328,2016-12-11T01:04:26.550Z,"14 km N of Coalinga, California",earthquake,0.38,0.3,0.1,6.0,reviewed,nc,nc
1983-05-03T05:55:22.180Z,-22.966,-68.072,162.3,4.6,mb,,,,1.6,us,usp0001uyw,2014-11-07T00:33:06.529Z,"Antofagasta, Chile",earthquake,,7.7,,4.0,reviewed,us,us
1983-05-03T06:04:22.940Z,36.2701667,-120.4293333,4.669,4.65,md,25.0,142.0,0.07297,0.25,nc,nc1091396,2016-12-11T01:10:04.008Z,"15 km NNW of Coalinga, California",earthquake,0.57,1.01,,3.0,reviewed,nc,nc
1983-05-03T13:30:25.790Z,33.188,57.34,33.0,4.7,mb,,,,0.8,us,usp0001uzt,2014-11-07T00:33:06.622Z,"59 km SE of Tabas, Iran",earthquake,,,,18.0,reviewed,us,us
1983-05-03T15:39:39.180Z,-20.29,-178.296,593.5,5.5,mb,,,,0.9,us,usp0001v05,2022-04-27T23:59:25.941Z,Fiji region,earthquake,,1.5,,25.0,reviewed,us,us
1983-05-03T15:41:41.280Z,36.2406667,-120.2871667,7.898,4.72,md,61.0,210.0,0.04595,0.13,nc,nc1091814,2018-06-04T20:43:45.000Z,"12 km NNE of Coalinga, California",earthquake,0.45,0.28,0.11,18.0,reviewed,nc,nc
1983-05-03T17:22:20.290Z,46.418,153.418,33.0,4.8,mb,,,,0.9,us,usp0001v0e,2014-11-07T00:33:06.746Z,Kuril Islands,earthquake,,,,11.0,reviewed,us,us
1983-05-03T18:37:13.240Z,46.239,153.524,33.0,5.2,mb,,,,1.0,us,usp0001v0j,2026-01-07T19:40:01.769Z,Kuril Islands,earthquake,,,,51.0,reviewed,us,us
1983-05-03T19:42:43.820Z,46.654,153.36,33.0,4.8,mb,,,,0.7,us,usp0001v0p,2014-11-07T00:33:06.826Z,Kuril Islands,earthquake,,,,7.0,reviewed,us,us
1983-05-03T21:02:15.860Z,3.883,126.372,70.4,5.0,mb,,,,1.0,us,usp0001v0u,2025-12-19T21:30:27.249Z,"196 km SSE of Sarangani, Philippines",earthquake,,4.8,,8.0,reviewed,us,us
1983-05-03T21:38:09.290Z,-18.276,-174.852,74.4,5.3,mb,,,,0.8,us,usp0001v0w,2014-11-07T00:33:06.854Z,"100 km WNW of Neiafu, Tonga",earthquake,,8.1,,6.0,reviewed,us,us
1983-05-04T01:05:46.640Z,36.11,139.896,65.5,4.6,mb,,,,0.8,us,usp0001v13,2014-11-07T00:33:06.912Z,"6 km W of Ishige, Japan",earthquake,,1.8,,7.0,reviewed,us,us
1983-05-04T07:58:26.410Z,-9.458,149.696,23.3,5.1,mb,,,,1.0,us,usp0001v18,2025-12-19T21:30:27.994Z,"126 km NW of Alotau, Papua New Guinea",earthquake,,4.2,,12.0,reviewed,us,us
1983-05-04T08:35:44.840Z,49.064,156.715,33.0,4.8,mb,,,,0.6,us,usp0001v1b,2014-11-07T00:33:06.964Z,"184 km SSE of Severo-Kuril’sk, Russia",earthquake,,,,18.0,reviewed,us,us
1983-05-04T11:29:50.710Z,-16.566,-172.53,33.0,4.7,mb,,,,1.1,us,usp0001v1f,2014-11-07T00:33:06.979Z,"151 km ESE of Hihifo, Tonga",earthquake,,,,5.0,reviewed,us,us
1983-05-04T13:05:31.900Z,2.065,-97.255,10.0,4.9,mb,,,,1.0,us,usp0001v1n,2014-11-07T00:33:07.000Z,west of the Galapagos Islands,earthquake,,,,7.0,reviewed,us,us
1983-05-04T14:29:38.780Z,42.589,142.996,113.0,4.9,mb,,,,1.0,us,usp0001v1r,2014-11-07T00:33:07.009Z,"40 km SSW of Obihiro, Japan",earthquake,,1.9,,32.0,reviewed,us,us
1983-05-04T14:58:40.390Z,-34.014,179.362,56.2,5.4,mb,,,,1.3,us,usp0001v1s,2025-12-19T21:30:28.891Z,south of the Kermadec Islands,earthquake,,9.2,,3.0,reviewed,us,us
1983-05-04T15:28:11.010Z,10.955,122.313,46.0,4.9,mb,,,,1.0,us,usp0001v1t,2026-01-07T19:40:03.017Z,"13 km SW of Jayubó, Philippines",earthquake,,3.8,,15.0,reviewed,us,us
1983-05-04T19:06:12.420Z,46.468,153.545,33.0,4.9,mb,,,,0.9,us,usp0001v1z,2026-01-07T19:40:04.430Z,Kuril Islands,earthquake,,,,33.0,reviewed,us,us
1983-05-04T21:19:59.310Z,20.919,96.904,33.2,4.5,mb,,,,1.3,us,usp0001v23,2026-01-07T19:40:05.824Z,"20 km NW of Taunggyi, Myanmar",earthquake,,9.1,,8.0,reviewed,us,us
1983-05-04T22:16:15.860Z,-21.519,-179.583,478.7,5.0,mb,,,,1.3,us,usp0001v25,2014-11-07T00:33:07.114Z,Fiji region,earthquake,,3.9,,16.0,reviewed,us,us
1983-05-05T03:07:27.160Z,23.43,-108.454,10.0,4.5,mb,,,,1.1,us,usp0001v2c,2014-11-07T00:33:07.165Z,"116 km E of La Rivera, Mexico",earthquake,,,,7.0,reviewed,us,us
1983-05-05T04:17:12.700Z,-6.158,147.347,96.6,4.8,mb,,,,1.0,us,usp0001v2f,2014-11-07T00:33:07.177Z,"70 km NW of Finschhafen, Papua New Guinea",earthquake,,4.8,,2.0,reviewed,us,us
1983-05-05T04:20:54.490Z,17.509,-97.644,100.1,4.8,mb,,,,1.0,us,usp0001v2g,2014-11-07T00:33:07.219Z,"4 km ESE of Santa María Chilapa de Díaz, Mexico",earthquake,,5.1,,3.0,reviewed,us,us
1983-05-05T04:43:50.460Z,-33.866,179.649,25.2,5.7,mw,,,,1.3,us,usp0001v2j,2025-12-19T21:30:29.700Z,south of the Kermadec Islands,earthquake,,9.3,,,reviewed,us,nc
1983-05-05T06:19:45.110Z,38.754,72.288,33.0,4.8,mb,,,,1.1,us,usp0001v2n,2026-01-07T19:40:07.159Z,"85 km SE of Karakenja, Tajikistan",earthquake,,,,20.0,reviewed,us,us
1983-05-05T07:14:19.860Z,-3.189,135.159,33.0,4.9,mb,,,,1.1,us,usp0001v2q,2014-11-07T00:33:07.723Z,"42 km WNW of Nabire, Indonesia",earthquake,,,,7.0,reviewed,us,us
1983-05-05T07:33:46.200Z,5.429,-82.601,10.0,5.5,mb,,,,1.2,us,usp0001v2r,2022-04-27T23:59:49.198Z,"288 km SW of Arenas, Panama",earthquake,,,,56.0,reviewed,us,us
1983-05-05T15:20:00.080Z,37.012,-116.089,0.0,4.5,mb,,,,,us,usp0001v36,2016-04-02T13:21:36.993Z,"60 km E of Beatty, Nevada",nuclear explosion,,,,6.0,reviewed,doe,us
1983-05-05T21:45:01.120Z,44.536,150.105,33.0,5.0,mb,,,,0.8,us,usp0001v3a,2026-01-07T19:40:08.557Z,"191 km ESE of Kuril’sk, Russia",earthquake,,,,42.0,reviewed,us,us
1983-05-06T01:31:22.340Z,-31.731,-177.999,88.1,5.2,mb,,,,1.3,us,usp0001v3c,2014-11-07T00:33:07.945Z,Kermadec Islands region,earthquake,,8.3,,1.0,reviewed,us,us
1983-05-06T02:27:17.520Z,43.036,146.99,33.0,4.7,mb,,,,1.0,us,usp0001v3d,2014-11-07T00:33:07.952Z,"87 km SSE of Shikotan, Russia",earthquake,,,,12.0,reviewed,us,us
1983-05-06T04:16:14.820Z,43.061,146.979,33.0,5.2,mb,,,,0.9,us,usp0001v3f,2025-12-19T21:30:30.425Z,"84 km SSE of Shikotan, Russia",earthquake,,,,57.0,reviewed,us,us
1983-05-06T07:22:21.070Z,32.349,49.026,33.0,4.9,mb,,,,1.1,us,usp0001v3m,2026-01-07T19:37:06.374Z,"37 km NNE of Sh?shtar, Iran",earthquake,,,,36.0,reviewed,us,us
1983-05-06T11:50:16.700Z,-18.674,-69.803,102.3,4.9,mb,,,,1.2,us,usp0001v3p,2014-11-07T00:33:08.054Z,"56 km ESE of Arica, Chile",earthquake,,6.3,,6.0,reviewed,us,us
1983-05-06T11:59:41.840Z,-21.282,-174.192,33.0,5.3,mb,,,,1.2,us,usp0001v3r,2025-12-19T21:30:31.259Z,"78 km E of ‘Ohonua, Tonga",earthquake,,,,13.0,reviewed,us,us
1983-05-06T18:24:18.400Z,15.439,121.711,33.0,5.6,ms,,,,1.1,us,usp0001v3x,2025-12-19T21:30:32.148Z,"34 km E of Dingalan, Philippines",earthquake,,,,10.0,reviewed,us,us
1983-05-06T20:48:33.920Z,53.322,159.308,121.9,4.7,mb,,,,0.9,us,usp0001v3z,2014-11-07T00:33:08.145Z,"53 km NE of Petropavlovsk-Kamchatsky, Russia",earthquake,,29.6,,10.0,reviewed,us,us
1983-05-06T21:12:03.370Z,15.354,121.967,33.0,4.6,mb,,,,0.7,us,usp0001v40,2014-11-07T00:33:08.148Z,"42 km N of Karligan, Philippines",earthquake,,,,3.0,reviewed,us,us
1983-05-07T01:07:22.710Z,-28.008,-70.788,51.0,5.4,mb,,,,1.1,us,usp0001v45,2022-04-28T00:00:02.003Z,"63 km N of Vallenar, Chile",earthquake,,,,15.0,reviewed,us,us
1983-05-07T06:11:24.230Z,-6.035,147.397,120.0,5.1,mb,,,,1.0,us,usp0001v49,2014-11-07T00:33:08.187Z,"76 km NW of Finschhafen, Papua New Guinea",earthquake,,2.6,,13.0,reviewed,us,us
1983-05-07T07:00:04.360Z,16.151,-95.221,53.1,5.1,mb,,,,1.0,us,usp0001v4a,2022-04-28T00:00:09.087Z,"3 km SW of Salina Cruz, Mexico",earthquake,,2.2,,43.0,reviewed,us,us
1983-05-07T08:20:39.870Z,-9.736,159.553,33.0,4.9,mb,,,,0.6,us,usp0001v4d,2014-11-07T00:33:08.228Z,"18 km WSW of Malango, Solomon Islands",earthquake,,,,10.0,reviewed,us,us
1983-05-07T12:45:27.230Z,46.372,153.254,33.0,4.8,mb,,,,1.1,us,usp0001v4m,2014-11-07T00:33:08.248Z,Kuril Islands,earthquake,,,,13.0,reviewed,us,us
1983-05-07T17:49:58.870Z,11.73,57.66,10.0,4.6,mb,,,,1.2,us,usp0001v4r,2014-11-07T00:33:08.260Z,Owen Fracture Zone region,earthquake,,,,8.0,reviewed,us,us
1983-05-07T20:40:42.520Z,-4.725,103.154,62.7,4.9,mb,,,,0.8,us,usp0001v4s,2014-11-07T00:33:08.265Z,"southern Sumatra, Indonesia",earthquake,,7.8,,6.0,reviewed,us,us
1983-05-07T22:40:16.740Z,33.47,140.083,102.4,4.6,mb,,,,0.9,us,usp0001v4u,2014-11-07T00:33:08.275Z,"169 km S of Tateyama, Japan",earthquake,,2.6,,6.0,reviewed,us,us
1983-05-07T23:58:01.830Z,24.487,121.697,22.3,4.7,mb,,,,1.0,us,usp0001v4w,2026-01-07T19:40:09.844Z,"30 km S of Yilan, Taiwan",earthquake,,2.4,,9.0,reviewed,us,us
1983-05-08T01:14:46.000Z,36.261,71.737,141.4,4.6,mb,,,,0.7,us,usp0001v4y,2014-11-07T00:33:08.298Z,"50 km SSE of Ashk?sham, Afghanistan",earthquake,,8.2,,9.0,reviewed,us,us
1983-05-08T01:18:12.510Z,54.875,165.963,54.0,5.0,mb,,,,0.8,us,usp0001v4z,2026-01-07T19:40:11.120Z,"266 km SE of Ust’-Kamchatsk Staryy, Russia",earthquake,,,,41.0,reviewed,us,us
1983-05-08T03:59:03.600Z,-3.1,142.827,33.0,4.7,mb,,,,1.8,us,usp0001v59,2014-11-07T00:33:08.439Z,"53 km E of Aitape, Papua New Guinea",earthquake,,,,2.0,reviewed,us,us
1983-05-08T04:42:03.780Z,-3.31,142.842,33.0,5.0,mb,,,,1.4,us,usp0001v5a,2014-11-07T00:33:08.445Z,"58 km ESE of Aitape, Papua New Guinea",earthquake,,,,7.0,reviewed,us,us
1983-05-08T05:54:08.040Z,37.214,139.898,128.2,4.5,mb,,,,0.6,us,usp0001v5b,2014-11-07T00:33:08.453Z,"30 km NNW of Kuroiso, Japan",earthquake,,6.3,,4.0,reviewed,us,us
1983-05-08T08:26:14.220Z,36.774,70.985,33.0,4.9,mb,,,,1.0,us,usp0001v5g,2014-11-07T00:33:08.565Z,"Hindu Kush region, Afghanistan",earthquake,,,,27.0,reviewed,us,us
1983-05-08T08:29:08.290Z,14.79,123.884,33.0,4.8,mb,,,,0.9,us,usp0001v5h,2014-11-07T00:33:08.656Z,"87 km NNW of Pandan, Philippines",earthquake,,,,6.0,reviewed,us,us
1983-05-08T13:36:48.440Z,20.161,-109.357,10.0,4.7,mb,,,,1.3,us,usp0001v5p,2014-11-07T00:33:08.913Z,Revilla Gigedo Islands region,earthquake,,,,8.0,reviewed,us,us
1983-05-08T13:53:59.030Z,20.29,-109.304,10.0,4.7,ms,,,,1.1,us,usp0001v5q,2014-11-07T00:33:08.917Z,"294 km SSE of Cabo San Lucas, Mexico",earthquake,,,,2.0,reviewed,us,us
1983-05-08T14:39:37.510Z,19.986,-109.405,10.0,5.2,mb,,,,1.1,us,usp0001v5r,2025-12-19T21:30:32.811Z,Revilla Gigedo Islands region,earthquake,,,,12.0,reviewed,us,us
1983-05-08T15:05:08.580Z,19.972,-109.367,10.0,5.8,ms,,,,1.3,us,usp0001v5s,2025-12-19T21:30:33.510Z,Revilla Gigedo Islands region,earthquake,,,,3.0,reviewed,us,us
1983-05-08T15:58:33.650Z,19.834,-109.468,10.0,4.8,mb,,,,1.2,us,usp0001v5v,2014-11-07T00:33:08.942Z,Revilla Gigedo Islands region,earthquake,,,,6.0,reviewed,us,us
1983-05-08T16:04:12.800Z,18.852,-109.639,10.0,4.5,mb,,,,1.0,us,usp0001v5w,2014-11-07T00:33:08.946Z,Revilla Gigedo Islands region,earthquake,,,,4.0,reviewed,us,us
1983-05-08T16:25:08.640Z,19.951,-109.353,10.0,5.3,ms,,,,1.4,us,usp0001v5x,2025-12-19T21:30:34.176Z,Revilla Gigedo Islands region,earthquake,,,,1.0,reviewed,us,us
1983-05-08T21:30:51.010Z,43.141,146.87,48.8,5.2,mb,,,,0.9,us,usp0001v62,2026-01-07T19:40:12.376Z,"74 km S of Shikotan, Russia",earthquake,,3.4,,60.0,reviewed,us,us
1983-05-08T22:38:45.610Z,19.222,-109.051,10.0,4.5,mb,,,,1.0,us,usp0001v63,2014-11-07T00:33:08.980Z,Revilla Gigedo Islands region,earthquake,,,,7.0,reviewed,us,us
1983-05-08T22:44:50.110Z,38.214,22.323,45.8,4.5,mb,,,,1.0,us,usp0001v64,2014-11-07T00:33:08.983Z,"5 km N of Sylivainiótika, Greece",earthquake,,3.5,,24.0,reviewed,us,us
1983-05-08T22:56:38.340Z,19.187,-109.115,10.0,4.8,mb,,,,0.9,us,usp0001v65,2014-11-07T00:33:08.991Z,Revilla Gigedo Islands region,earthquake,,,,8.0,reviewed,us,us
1983-05-08T23:06:26.780Z,18.354,-108.907,10.0,4.8,mb,,,,0.9,us,usp0001v66,2014-11-07T00:33:08.995Z,Revilla Gigedo Islands region,earthquake,,,,7.0,reviewed,us,us
1983-05-09T00:48:57.980Z,20.003,-109.396,10.0,5.0,mb,,,,1.2,us,usp0001v67,2014-11-07T00:33:08.998Z,Revilla Gigedo Islands region,earthquake,,,,25.0,reviewed,us,us
1983-05-09T02:06:20.860Z,35.341,44.617,33.0,4.6,mb,,,,0.9,us,usp0001v69,2014-11-07T00:33:09.009Z,"24 km SE of Kirkuk, Iraq",earthquake,,,,5.0,reviewed,us,us
1983-05-09T02:49:11.540Z,36.2463333,-120.3008333,12.916,5.2,ml,66.0,32.0,0.03063,0.09,nc,nc1093715,2022-04-28T00:00:27.612Z,"12 km NNE of Coalinga, California",earthquake,0.13,0.15,,0.0,reviewed,nc,nc
1983-05-09T10:58:25.400Z,-40.93,-74.909,23.0,6.0,mw,,,,1.1,us,usp0001v6h,2025-12-19T21:30:34.864Z,"138 km NW of Ancud, Chile",earthquake,,3.3,,,reviewed,us,nc
1983-05-09T13:45:28.090Z,-61.865,161.283,10.0,5.5,mb,,,,1.0,us,usp0001v6m,2022-04-28T00:00:40.357Z,Balleny Islands region,earthquake,,,,3.0,reviewed,us,us
1983-05-09T15:06:35.900Z,-61.662,161.138,10.0,5.1,ms,,,,1.1,us,usp0001v6p,2022-04-28T00:00:47.175Z,Balleny Islands region,earthquake,,,,1.0,reviewed,us,us
1983-05-09T15:37:20.450Z,8.418,-82.902,33.0,4.8,mb,,,,1.2,us,usp0001v6q,2022-04-28T00:00:55.225Z,"4 km NW of Finca Blanco, Panama",earthquake,,,,7.0,reviewed,us,us
1983-05-09T15:53:03.070Z,8.233,-82.957,39.1,6.1,ms,,,,1.1,us,usp0001v6r,2025-12-19T21:30:35.600Z,"11 km WSW of Puerto Armuelles, Panama",earthquake,,4.4,,17.0,reviewed,us,us
1983-05-09T16:15:20.050Z,-4.213,37.779,16.9,5.3,mb,,,,0.9,us,usp0001v6s,2022-04-28T00:01:02.914Z,"10 km SW of Mwembe, Tanzania",earthquake,,3.9,,35.0,reviewed,us,us
1983-05-09T19:40:47.750Z,-19.796,-177.921,583.9,4.9,mb,,,,1.1,us,usp0001v6v,2014-11-07T00:33:09.138Z,Fiji region,earthquake,,5.8,,5.0,reviewed,us,us
1983-05-09T20:09:15.400Z,19.98,-109.454,10.0,6.1,ms,,,,1.2,us,usp0001v6w,2025-12-19T21:30:36.260Z,Revilla Gigedo Islands region,earthquake,,,,11.0,reviewed,us,us
1983-05-09T22:41:32.230Z,-61.733,161.139,10.0,5.3,ms,,,,1.2,us,usp0001v6z,2014-11-07T00:33:09.161Z,Balleny Islands region,earthquake,,,,1.0,reviewed,us,us
1983-05-09T23:58:32.950Z,-14.832,-177.869,343.3,4.5,mb,,,,1.1,us,usp0001v70,2014-11-07T00:33:09.165Z,"63 km SSE of Alo, Wallis and Futuna",earthquake,,8.3,,4.0,reviewed,us,us
1983-05-10T00:15:05.560Z,24.419,121.56,28.2,5.6,mb,,,,1.2,us,usp0001v71,2025-12-19T21:30:37.116Z,"42 km SSW of Yilan, Taiwan",earthquake,,2.9,,56.0,reviewed,us,us
1983-05-10T01:18:58.110Z,24.507,121.933,24.3,4.9,mb,,,,1.2,us,usp0001v73,2026-01-07T19:40:13.743Z,"33 km SSE of Yilan, Taiwan",earthquake,,3.6,,13.0,reviewed,us,us
1983-05-10T06:13:10.870Z,-7.957,127.14,96.9,5.0,mb,,,,0.9,us,usp0001v77,2014-11-07T00:33:09.204Z,"64 km NNE of Lospalos, Timor Leste",earthquake,,6.1,,6.0,reviewed,us,us
1983-05-10T10:27:32.490Z,-7.274,123.396,600.4,5.1,mb,,,,0.9,us,usp0001v7b,2025-12-19T20:59:05.138Z,"198 km NE of Maumere, Indonesia",earthquake,,2.2,,20.0,reviewed,us,us
1983-05-10T11:02:35.810Z,-5.399,150.896,112.4,6.5,mw,,,,1.0,us,usp0001v7c,2022-04-28T00:01:26.223Z,"85 km ENE of Kimbe, Papua New Guinea",earthquake,,1.9,,,reviewed,us,nc
1983-05-10T11:11:06.180Z,19.881,-109.187,10.0,5.1,mb,,,,1.3,us,usp0001v7d,2014-11-07T00:33:09.264Z,Revilla Gigedo Islands region,earthquake,,,,9.0,reviewed,us,us
1983-05-10T18:27:31.890Z,-4.805,152.509,71.6,6.7,mw,,,,1.0,us,usp0001v7p,2025-12-19T21:30:37.897Z,"57 km SSE of Kokopo, Papua New Guinea",earthquake,,1.6,,,reviewed,us,nc
1983-05-10T18:56:12.500Z,15.071,119.94,74.5,5.1,mb,,,,1.1,us,usp0001v7q,2014-11-07T00:33:09.321Z,"14 km W of Poblacion, San Felipe, Philippines",earthquake,,5.4,,8.0,reviewed,us,us
1983-05-10T19:05:19.440Z,36.476,70.13,218.3,5.1,mb,,,,1.0,us,usp0001v7s,2014-11-07T00:33:09.351Z,"26 km ESE of Farkh?r, Afghanistan",earthquake,,3.8,,43.0,reviewed,us,us
1983-05-10T20:50:25.720Z,6.341,126.898,95.8,4.9,mb,,,,1.0,us,usp0001v7t,2014-11-07T00:33:09.395Z,"79 km E of Pondaguitan, Philippines",earthquake,,7.8,,7.0,reviewed,us,us
1983-05-11T00:17:12.070Z,2.293,128.34,125.0,6.2,mw,,,,1.2,us,usp0001v7v,2022-04-28T00:01:34.174Z,"72 km NNE of Tobelo, Indonesia",earthquake,,,,,reviewed,us,nc
1983-05-11T01:24:20.950Z,2.275,128.143,141.7,4.5,mb,,,,1.1,us,usp0001v7x,2014-11-07T00:33:09.549Z,"62 km NNE of Tobelo, Indonesia",earthquake,,9.5,,3.0,reviewed,us,us
1983-05-11T03:26:51.160Z,37.139,141.829,56.9,4.8,mb,,,,1.1,us,usp0001v7z,2026-01-07T19:40:14.977Z,"82 km ESE of Namie, Japan",earthquake,,4.1,,10.0,reviewed,us,us
1983-05-11T05:52:44.380Z,-37.134,178.071,33.0,4.7,mb,,,,0.6,us,usp0001v82,2014-11-07T00:33:09.579Z,"119 km NE of Opotiki, New Zealand",earthquake,,,,2.0,reviewed,us,us
1983-05-11T07:41:43.930Z,11.873,143.263,34.7,5.3,mb,,,,1.1,us,usp0001v83,2026-01-07T19:40:16.256Z,"216 km SW of Merizo Village, Guam",earthquake,,4.8,,27.0,reviewed,us,us
1983-05-11T11:18:30.440Z,-28.284,-68.282,26.7,4.5,mb,,,,1.5,us,usp0001v86,2014-11-07T00:33:09.622Z,"53 km N of Vinchina, Argentina",earthquake,,8.4,,2.0,reviewed,us,us
1983-05-11T13:41:42.640Z,37.211,68.374,33.0,4.7,mb,,,,0.6,us,usp0001v88,2014-11-07T00:33:09.828Z,"21 km ESE of Shahritus, Tajikistan",earthquake,,,,10.0,reviewed,us,us
1983-05-11T16:59:32.790Z,41.982,143.191,86.6,4.5,mb,,,,1.5,us,usp0001v8c,2014-11-07T00:33:09.951Z,"78 km ESE of Shizunai-furukawach?, Japan",earthquake,,6.7,,5.0,reviewed,us,us
1983-05-11T18:05:05.450Z,-14.71,167.096,159.1,4.7,mb,,,,1.3,us,usp0001v8d,2014-11-07T00:33:09.953Z,"36 km N of Port-Olry, Vanuatu",earthquake,,5.6,,5.0,reviewed,us,us
1983-05-11T19:00:34.660Z,42.24,142.627,40.8,4.5,mb,,,,0.6,us,usp0001v8e,2014-11-07T00:33:09.960Z,"23 km ESE of Shizunai-furukawach?, Japan",earthquake,,2.4,,5.0,reviewed,us,us
1983-05-11T21:21:38.800Z,-22.958,178.335,487.3,4.9,mb,,,,1.5,us,usp0001v8n,2014-11-07T00:33:09.974Z,south of the Fiji Islands,earthquake,,15.7,,3.0,reviewed,us,us
1983-05-11T21:48:15.420Z,-21.432,-173.453,33.0,5.7,mw,,,,1.1,us,usp0001v8p,2025-12-19T21:30:38.609Z,"155 km E of ‘Ohonua, Tonga",earthquake,,,,,reviewed,us,nc
1983-05-11T23:15:28.190Z,-14.807,-176.59,33.0,5.1,mb,,,,1.1,us,usp0001v8q,2014-11-07T00:33:09.999Z,"172 km ESE of Alo, Wallis and Futuna",earthquake,,,,6.0,reviewed,us,us
1983-05-12T02:55:01.120Z,-58.631,-62.892,33.0,5.3,mb,,,,1.2,us,usp0001v8w,2025-12-19T21:30:39.264Z,Drake Passage,earthquake,,,,5.0,reviewed,us,us
1983-05-12T03:34:34.100Z,-7.858,-13.384,10.0,4.5,mb,,,,0.8,us,usp0001v8y,2014-11-07T00:33:10.022Z,"113 km E of Georgetown, Saint Helena",earthquake,,,,3.0,reviewed,us,us
1983-05-12T09:13:12.150Z,-14.83,-176.839,33.0,4.9,ms,,,,1.3,us,usp0001v93,2014-11-07T00:33:10.031Z,"148 km ESE of Alo, Wallis and Futuna",earthquake,,,,2.0,reviewed,us,us
1983-05-12T10:19:08.390Z,17.628,-46.531,10.0,5.0,mb,,,,1.1,us,usp0001v94,2014-11-07T00:33:10.038Z,northern Mid-Atlantic Ridge,earthquake,,,,28.0,reviewed,us,us
1983-05-12T10:51:49.710Z,17.631,-46.529,10.0,5.7,ms,,,,1.2,us,usp0001v96,2025-12-19T21:30:40.044Z,northern Mid-Atlantic Ridge,earthquake,,,,25.0,reviewed,us,us
1983-05-12T11:02:41.840Z,17.63,-46.567,10.0,5.6,ms,,,,0.9,us,usp0001v97,2022-04-28T00:01:53.859Z,northern Mid-Atlantic Ridge,earthquake,,,,1.0,reviewed,us,us
1983-05-12T12:04:08.310Z,17.652,-46.524,10.0,4.8,mb,,,,0.8,us,usp0001v99,2014-11-07T00:33:10.151Z,northern Mid-Atlantic Ridge,earthquake,,,,13.0,reviewed,us,us
1983-05-12T12:42:53.480Z,17.535,-72.183,33.0,4.7,mb,,,,1.2,us,usp0001v9a,2014-11-07T00:33:10.155Z,"72 km SW of Pedernales, Dominican Republic",earthquake,,,,13.0,reviewed,us,us
1983-05-12T14:52:02.280Z,-7.122,103.342,33.0,5.1,mb,,,,0.9,us,usp0001v9d,2026-01-07T19:40:17.496Z,"283 km SW of Bandar Lampung, Indonesia",earthquake,,,,12.0,reviewed,us,us
1983-05-12T15:05:51.190Z,72.145,0.497,10.0,4.7,mb,,,,1.5,us,usp0001v9e,2014-11-07T00:33:10.170Z,Norwegian Sea,earthquake,,,,5.0,reviewed,us,us
1983-05-12T16:43:07.370Z,39.575,52.482,33.0,4.6,mb,,,,0.7,us,usp0001v9h,2014-11-07T00:33:10.175Z,"64 km SW of Türkmenba?y, Turkmenistan",earthquake,,,,17.0,reviewed,us,us
1983-05-12T21:11:45.820Z,18.097,-46.282,10.0,4.8,mb,,,,1.3,us,usp0001v9n,2014-11-07T00:33:10.183Z,northern Mid-Atlantic Ridge,earthquake,,,,5.0,reviewed,us,us
1983-05-12T21:52:56.960Z,51.248,-179.117,52.6,4.9,mb,,,,1.0,us,usp0001v9r,2014-11-07T00:33:10.190Z,"185 km WSW of Adak, Alaska",earthquake,,5.1,,27.0,reviewed,us,us
1983-05-12T23:16:27.120Z,46.436,153.575,33.0,4.8,mb,,,,0.8,us,usp0001v9s,2014-11-07T00:33:10.195Z,Kuril Islands,earthquake,,,,4.0,reviewed,us,us
1983-05-13T01:17:09.550Z,9.165,125.836,40.1,4.9,mb,,,,1.2,us,usp0001v9w,2014-11-07T00:33:10.202Z,"17 km SW of Parang, Philippines",earthquake,,6.4,,7.0,reviewed,us,us
1983-05-13T04:58:09.520Z,17.638,-46.568,10.0,4.6,mb,,,,1.0,us,usp0001va1,2014-11-07T00:33:10.215Z,northern Mid-Atlantic Ridge,earthquake,,,,6.0,reviewed,us,us
1983-05-13T10:01:13.160Z,-22.162,69.223,10.0,5.1,mb,,,,1.2,us,usp0001va3,2014-11-07T00:33:10.224Z,Mid-Indian Ridge,earthquake,,,,10.0,reviewed,us,us
1983-05-13T18:09:35.410Z,2.965,128.055,123.0,5.5,mb,,,,1.1,us,usp0001vac,2022-04-28T00:02:00.184Z,"136 km N of Tobelo, Indonesia",earthquake,,,,31.0,reviewed,us,us
1983-05-13T22:54:13.800Z,-6.676,154.417,37.9,4.9,mb,,,,1.1,us,usp0001vaf,2014-11-07T00:33:10.266Z,"124 km WSW of Panguna, Papua New Guinea",earthquake,,6.6,,7.0,reviewed,us,us
1983-05-13T23:16:10.310Z,-24.755,-179.328,676.6,5.1,mb,,,,0.8,us,usp0001vag,2014-11-07T00:33:10.270Z,south of the Fiji Islands,earthquake,,48.0,,3.0,reviewed,us,us
1983-05-13T23:48:49.430Z,38.479,20.231,8.5,4.8,mb,,,,1.3,us,usp0001vaj,2014-11-07T00:33:10.274Z,"35 km NNW of Lixoúri, Greece",earthquake,,4.7,,11.0,reviewed,us,us
1983-05-13T23:50:29.030Z,38.531,20.359,10.0,4.9,mb,,,,1.3,us,usp0001vak,2025-12-19T21:30:40.703Z,"36 km WNW of Itháki, Greece",earthquake,,,,46.0,reviewed,us,us
1983-05-14T00:17:52.600Z,38.473,20.31,10.0,4.6,mb,,,,1.5,us,usp0001vam,2026-01-07T19:40:18.803Z,"32 km NNW of Lixoúri, Greece",earthquake,,,,11.0,reviewed,us,us
1983-05-14T01:19:18.680Z,38.51,20.3,10.0,4.7,mb,,,,1.3,us,usp0001vaq,2014-11-07T00:33:10.312Z,"36 km NNW of Lixoúri, Greece",earthquake,,,,22.0,reviewed,us,us
1983-05-14T01:58:26.620Z,-54.545,-26.039,33.0,4.9,mb,,,,1.4,us,usp0001vas,2014-11-07T00:33:10.334Z,South Sandwich Islands region,earthquake,,,,4.0,reviewed,us,us
1983-05-14T05:52:41.150Z,15.517,-93.779,79.0,4.5,mb,,,,1.4,us,usp0001vb0,2014-11-07T00:33:10.359Z,"38 km SSW of Manuel Ávila Camacho (Ponte Duro), Mexico",earthquake,,,,5.0,reviewed,us,us
1983-05-14T08:09:20.900Z,65.874,175.626,33.0,4.5,mb,,,,1.3,us,usp0001vb3,2014-11-07T00:33:10.366Z,"154 km NW of Anadyr, Russia",earthquake,,,,3.0,reviewed,us,us
1983-05-14T09:50:14.910Z,36.513,71.599,33.0,4.7,mb,,,,0.4,us,usp0001vb4,2014-11-07T00:33:10.368Z,"19 km SSE of Ashk?sham, Afghanistan",earthquake,,,,4.0,reviewed,us,us
1983-05-14T10:59:07.580Z,17.316,120.105,51.4,4.8,mb,,,,1.2,us,usp0001vb6,2026-01-07T19:40:20.096Z,"34 km W of Tamorong, Philippines",earthquake,,6.3,,12.0,reviewed,us,us
1983-05-14T11:14:35.670Z,-6.764,129.015,199.9,4.5,mb,,,,1.4,us,usp0001vb8,2014-11-07T00:33:10.434Z,"295 km NE of Lospalos, Timor Leste",earthquake,,10.8,,2.0,reviewed,us,us
1983-05-14T11:25:14.320Z,6.1,94.983,22.6,4.9,mb,,,,1.1,us,usp0001vb9,2026-01-07T19:40:21.429Z,"43 km WNW of Sabang, Indonesia",earthquake,,7.1,,11.0,reviewed,us,us
1983-05-14T13:29:16.560Z,40.429,139.077,23.0,5.1,mb,,,,1.0,us,usp0001vbb,2026-01-07T19:37:07.796Z,"84 km WNW of Noshiro, Japan",earthquake,,,,47.0,reviewed,us,us
1983-05-14T16:06:45.810Z,50.189,155.1,33.0,4.6,mb,,,,1.5,us,usp0001vbg,2014-11-07T00:33:10.470Z,"90 km SW of Severo-Kuril’sk, Russia",earthquake,,,,4.0,reviewed,us,us
1983-05-14T17:51:32.400Z,5.446,94.56,78.4,4.5,mb,,,,0.7,us,usp0001vbk,2014-11-07T00:33:10.475Z,"86 km W of Banda Aceh, Indonesia",earthquake,,5.5,,1.0,reviewed,us,us
1983-05-14T23:13:46.570Z,38.492,20.355,10.0,5.3,ms,,,,1.4,us,usp0001vbs,2025-12-19T21:30:41.516Z,"33 km NNW of Lixoúri, Greece",earthquake,,,,2.0,reviewed,us,us
1983-05-14T23:25:58.460Z,38.44,20.282,10.0,4.9,mb,,,,1.4,us,usp0001vbu,2025-12-19T21:30:42.192Z,"29 km NNW of Lixoúri, Greece",earthquake,,,,35.0,reviewed,us,us
1983-05-14T23:51:41.200Z,-12.887,167.368,33.0,4.6,mb,,,,1.4,us,usp0001vbv,2014-11-07T00:33:10.525Z,"111 km N of Sola, Vanuatu",earthquake,,,,5.0,reviewed,us,us
1983-05-15T00:24:00.680Z,-18.907,-175.641,33.0,6.5,ms,,,,1.2,us,usp0001vbx,2025-12-19T21:30:43.015Z,"168 km NW of Pangai, Tonga",earthquake,,,,24.0,reviewed,us,us
1983-05-15T01:31:05.480Z,4.892,-82.645,10.0,5.1,mb,,,,1.3,us,usp0001vc2,2014-11-07T00:33:10.562Z,south of Panama,earthquake,,,,33.0,reviewed,us,us
1983-05-15T02:27:23.340Z,72.314,1.142,10.0,4.7,mb,,,,1.2,us,usp0001vc5,2014-11-07T00:33:10.577Z,Norwegian Sea,earthquake,,,,12.0,reviewed,us,us
1983-05-15T02:59:08.070Z,-18.627,-175.708,33.0,4.8,mb,,,,0.8,us,usp0001vc6,2014-11-07T00:33:10.580Z,"181 km W of Neiafu, Tonga",earthquake,,,,5.0,reviewed,us,us
1983-05-15T06:24:15.340Z,-4.187,142.094,114.0,4.7,mb,,,,0.7,us,usp0001vcc,2014-11-07T00:33:10.597Z,"80 km W of Ambunti, Papua New Guinea",earthquake,,3.5,,3.0,reviewed,us,us
1983-05-15T11:13:49.490Z,23.235,122.419,20.7,4.7,mb,,,,0.9,us,usp0001vck,2026-01-07T19:40:22.805Z,"116 km SE of Hualien City, Taiwan",earthquake,,3.7,,4.0,reviewed,us,us
1983-05-15T11:16:10.640Z,28.127,56.308,33.0,4.7,mb,,,,1.2,us,usp0001vcm,2014-11-07T00:33:10.617Z,"104 km N of Bandar Abbas, Iran",earthquake,,,,12.0,reviewed,us,us
1983-05-15T14:50:00.090Z,-16.013,-73.215,82.9,5.0,mb,,,,1.1,us,usp0001vcs,2014-11-07T00:33:10.630Z,"5 km WNW of Urasqui, Peru",earthquake,,4.5,,21.0,reviewed,us,us
1983-05-15T16:22:01.150Z,12.361,140.908,33.0,4.5,mb,,,,0.9,us,usp0001vcw,2014-11-07T00:33:10.657Z,"290 km N of Fais, Micronesia",earthquake,,,,2.0,reviewed,us,us
1983-05-15T21:00:07.950Z,52.695,159.016,33.0,4.7,mb,,,,0.9,us,usp0001vcz,2014-11-07T00:33:10.661Z,"46 km SSE of Petropavlovsk-Kamchatsky, Russia",earthquake,,,,17.0,reviewed,us,us
1983-05-15T21:00:38.210Z,36.943,141.801,49.7,4.6,mb,,,,0.8,us,usp0001vd0,2014-11-07T00:33:10.664Z,"82 km E of Iwaki, Japan",earthquake,,5.5,,6.0,reviewed,us,us
1983-05-15T23:50:16.780Z,9.064,-83.548,33.0,4.6,mb,,,,1.1,us,usp0001vd7,2014-11-07T00:33:10.681Z,"11 km NNW of Ciudad Cortés, Costa Rica",earthquake,,,,8.0,reviewed,us,us
1983-05-16T02:26:42.540Z,40.861,-127.258,10.0,4.6,mb,,,,1.1,us,usp0001vdb,2016-12-11T05:28:08.267Z,"254 km W of Ferndale, California",earthquake,,,,7.0,reviewed,us,us
1983-05-16T12:07:54.240Z,39.277,64.258,33.0,4.7,mb,,,,1.0,us,usp0001vdj,2014-11-07T00:33:10.705Z,"42 km ESE of Olot Shahri, Uzbekistan",earthquake,,,,14.0,reviewed,us,us
1983-05-16T13:01:06.160Z,-34.116,-70.128,6.2,4.7,mb,,,,0.8,us,usp0001vdm,2014-11-07T00:33:10.708Z,"48 km E of Machalí, Chile",earthquake,,2.9,,6.0,reviewed,us,us
1983-05-16T13:18:30.620Z,38.946,99.87,26.2,4.5,mb,,,,1.3,us,usp0001vdn,2014-11-07T00:33:10.711Z,"50 km W of Zhangye, China",earthquake,,7.6,,3.0,reviewed,us,us
1983-05-16T13:18:32.860Z,40.931,142.035,68.8,5.0,mb,,,,1.0,us,usp0001vdp,2014-11-07T00:33:10.714Z,"60 km ENE of Misawa, Japan",earthquake,,5.5,,9.0,reviewed,us,us
1983-05-16T15:35:47.150Z,63.636,-23.483,10.0,4.6,mb,,,,1.0,us,usp0001vdt,2026-01-07T19:40:24.040Z,"56 km WSW of Grindavík, Iceland",earthquake,,,,24.0,reviewed,us,us
1983-05-16T15:41:58.280Z,63.557,-23.334,10.0,4.8,mb,,,,1.0,us,usp0001vdu,2026-01-07T19:40:25.730Z,"54 km SW of Grindavík, Iceland",earthquake,,,,33.0,reviewed,us,us
1983-05-16T15:51:57.780Z,9.021,-83.517,33.0,5.0,mb,,,,1.3,us,usp0001vdw,2022-04-28T00:02:05.738Z,"6 km N of Ciudad Cortés, Costa Rica",earthquake,,,,11.0,reviewed,us,us
1983-05-16T16:30:01.410Z,43.735,87.283,22.3,4.9,mb,,,,1.0,us,usp0001vdx,2026-01-07T19:40:27.078Z,"26 km WSW of Ürümqi, China",earthquake,,5.2,,31.0,reviewed,us,us
1983-05-16T21:39:47.350Z,38.543,144.515,33.0,5.0,mb,,,,0.8,us,usp0001ve4,2014-11-07T00:33:10.754Z,"243 km ESE of Kamaishi, Japan",earthquake,,,,10.0,reviewed,us,us
1983-05-16T22:27:24.800Z,-2.27,138.022,33.0,4.6,mb,,,,1.0,us,usp0001ve5,2014-11-07T00:33:10.757Z,"247 km ESE of Biak, Indonesia",earthquake,,,,5.0,reviewed,us,us
1983-05-17T02:39:57.220Z,76.728,8.201,10.0,4.6,mb,,,,1.4,us,usp0001ve8,2014-11-07T00:33:10.762Z,"245 km SW of Longyearbyen, Svalbard and Jan Mayen",earthquake,,,,6.0,reviewed,us,us
1983-05-17T10:17:51.430Z,35.038,22.844,28.2,4.6,mb,,,,1.1,us,usp0001vej,2014-11-07T00:33:10.777Z,"79 km WSW of Palaióchora, Greece",earthquake,,8.1,,31.0,reviewed,us,us
1983-05-17T11:49:49.230Z,-6.581,154.367,31.5,4.8,mb,,,,0.9,us,usp0001vek,2014-11-07T00:33:10.786Z,"Bougainville region, Papua New Guinea",earthquake,,10.5,,9.0,reviewed,us,us
1983-05-17T11:50:25.360Z,-6.657,154.149,65.0,5.3,mb,,,,1.1,us,usp0001vem,2025-12-19T21:30:43.726Z,"152 km WSW of Panguna, Papua New Guinea",earthquake,,,,18.0,reviewed,us,us
1983-05-17T13:59:50.010Z,-21.055,-173.785,33.0,5.1,ms,,,,1.3,us,usp0001ven,2025-12-19T21:30:44.514Z,Tonga,earthquake,,,,1.0,reviewed,us,us
1983-05-17T16:58:25.040Z,-6.454,154.4,42.6,4.8,mb,,,,1.1,us,usp0001vep,2014-11-07T00:33:10.808Z,"120 km W of Panguna, Papua New Guinea",earthquake,,6.3,,7.0,reviewed,us,us
1983-05-17T18:45:30.680Z,51.129,179.736,64.9,4.5,mb,,,,1.0,us,usp0001vet,2014-11-07T00:33:10.818Z,"265 km WSW of Adak, Alaska",earthquake,,6.8,,4.0,reviewed,us,us
1983-05-17T20:33:23.910Z,-14.971,168.053,37.2,5.4,mb,,,,1.1,us,usp0001veu,2025-12-19T21:30:45.299Z,"105 km E of Port-Olry, Vanuatu",earthquake,,4.8,,19.0,reviewed,us,us
1983-05-17T21:02:12.020Z,-30.512,-177.627,33.0,5.0,mb,,,,1.1,us,usp0001vev,2014-11-07T00:33:10.832Z,"Kermadec Islands, New Zealand",earthquake,,,,2.0,reviewed,us,us
1983-05-17T21:49:30.940Z,-40.696,-74.651,33.0,4.7,mb,,,,1.3,us,usp0001vew,2014-11-07T00:33:10.836Z,"128 km WNW of Purranque, Chile",earthquake,,,,2.0,reviewed,us,us
1983-05-17T23:26:30.890Z,-5.371,150.938,97.0,5.7,mb,,,,1.0,us,usp0001vf0,2022-04-28T00:02:23.260Z,"90 km ENE of Kimbe, Papua New Guinea",earthquake,,,,24.0,reviewed,us,us
1983-05-18T00:36:11.110Z,-25.787,137.429,33.0,4.5,mb,,,,1.2,us,usp0001vf2,2014-11-07T00:33:10.860Z,"Northern Territory, Australia",earthquake,,,,1.0,reviewed,us,us
1983-05-18T00:49:33.810Z,40.853,-127.278,10.0,5.0,mb,,,,1.0,us,usp0001vf3,2014-11-07T00:33:10.862Z,"256 km W of Ferndale, California",earthquake,,,,19.0,reviewed,us,us
1983-05-18T01:10:24.940Z,40.862,-127.251,10.0,4.6,mb,,,,1.1,us,usp0001vf4,2014-11-07T00:33:10.868Z,"254 km W of Ferndale, California",earthquake,,,,7.0,reviewed,us,us
1983-05-18T03:58:11.910Z,-30.334,-177.813,32.3,4.9,mb,,,,1.4,us,usp0001vfa,2014-11-07T00:33:10.881Z,"Kermadec Islands, New Zealand",earthquake,,6.9,,3.0,reviewed,us,us
1983-05-18T05:49:22.200Z,-5.961,132.027,66.4,4.7,mb,,,,1.0,us,usp0001vfb,2014-11-07T00:33:10.884Z,"88 km WSW of Tual, Indonesia",earthquake,,17.1,,4.0,reviewed,us,us
1983-05-18T07:23:24.150Z,3.309,126.633,33.0,4.5,mb,,,,1.0,us,usp0001vfd,2014-11-07T00:33:10.888Z,"232 km NW of Tobelo, Indonesia",earthquake,,,,2.0,reviewed,us,us
1983-05-18T08:21:31.180Z,0.577,121.719,124.0,5.2,mb,,,,1.1,us,usp0001vfe,2014-11-07T00:33:10.889Z,"149 km W of Gorontalo, Indonesia",earthquake,,6.1,,16.0,reviewed,us,us
1983-05-18T11:55:24.390Z,-1.168,136.633,33.0,5.1,mb,,,,0.9,us,usp0001vfh,2026-01-07T19:40:28.461Z,"61 km E of Biak, Indonesia",earthquake,,,,9.0,reviewed,us,us
1983-05-18T18:04:25.680Z,-7.463,128.577,160.7,4.6,mb,,,,1.2,us,usp0001vfp,2014-11-07T00:33:10.912Z,"209 km NE of Lospalos, Timor Leste",earthquake,,6.9,,4.0,reviewed,us,us
1983-05-18T18:45:24.070Z,-8.306,121.236,211.3,4.5,mb,,,,1.3,us,usp0001vfr,2014-11-07T00:33:10.940Z,"75 km NW of Ende, Indonesia",earthquake,,6.2,,6.0,reviewed,us,us
1983-05-18T23:31:24.690Z,37.658,71.272,33.0,4.6,mb,,,,1.2,us,usp0001vfw,2014-11-07T00:33:10.952Z,"31 km NW of Khorugh, Tajikistan",earthquake,,,,4.0,reviewed,us,us
1983-05-19T05:33:39.400Z,4.168,-82.253,10.0,4.7,mb,,,,1.2,us,usp0001vg2,2014-11-07T00:33:10.962Z,south of Panama,earthquake,,,,6.0,reviewed,us,us
1983-05-19T07:39:48.730Z,27.073,127.474,108.5,4.6,mb,,,,0.6,us,usp0001vg4,2014-11-07T00:33:10.965Z,"71 km NW of Nago, Japan",earthquake,,2.4,,6.0,reviewed,us,us
1983-05-19T09:54:38.860Z,28.19,130.056,41.5,5.0,mb,,,,1.1,us,usp0001vg7,2026-01-07T19:40:29.744Z,"59 km ESE of Naze, Japan",earthquake,,6.2,,11.0,reviewed,us,us
1983-05-19T13:34:06.900Z,-17.051,-174.835,33.0,4.6,mb,,,,1.3,us,usp0001vgb,2014-11-07T00:33:10.980Z,"164 km SW of Hihifo, Tonga",earthquake,,,,4.0,reviewed,us,us
1983-05-19T16:07:44.400Z,44.148,-128.635,10.0,4.5,mb,,,,1.3,us,usp0001vge,2014-11-07T00:33:10.986Z,off the coast of Oregon,earthquake,,,,1.0,reviewed,us,us
1983-05-19T17:48:35.600Z,51.392,-174.094,31.1,5.0,mb,,,,1.0,us,usp0001vgg,2014-11-07T00:33:10.989Z,"89 km S of Atka, Alaska",earthquake,,3.9,,32.0,reviewed,us,us
1983-05-19T19:07:18.610Z,0.147,-77.122,22.7,5.7,mb,,,,0.9,us,usp0001vgk,2022-04-27T23:00:25.922Z,"26 km WNW of Nueva Loja, Ecuador",earthquake,,3.1,,72.0,reviewed,us,us
1983-05-19T21:20:56.620Z,53.842,161.414,38.0,4.7,mb,,,,1.0,us,usp0001vgm,2014-11-07T00:33:11.014Z,"203 km ENE of Petropavlovsk-Kamchatsky, Russia",earthquake,,45.0,,9.0,reviewed,us,us
1983-05-19T23:22:14.510Z,6.75,-72.964,163.2,5.1,mb,,,,1.0,us,usp0001vgn,2025-12-19T21:30:46.104Z,"1 km ESE of Cepitá, Colombia",earthquake,,2.2,,46.0,reviewed,us,us
1983-05-20T04:45:55.210Z,-4.806,153.566,101.8,4.9,mb,,,,1.0,us,usp0001vgt,2014-11-07T00:33:11.036Z,"152 km ESE of Kokopo, Papua New Guinea",earthquake,,4.4,,6.0,reviewed,us,us
1983-05-20T06:09:14.320Z,53.04,-173.802,204.2,4.7,mb,,,,1.2,us,usp0001vgu,2014-11-07T00:33:11.039Z,"97 km NNE of Atka, Alaska",earthquake,,4.4,,19.0,reviewed,us,us
1983-05-20T07:51:35.800Z,-5.577,129.243,201.7,4.5,mb,,,,1.0,us,usp0001vgv,2014-11-07T00:33:11.044Z,"238 km SSE of Ambon, Indonesia",earthquake,,9.7,,3.0,reviewed,us,us
1983-05-20T13:51:11.960Z,-6.082,145.911,118.0,5.0,mb,,,,0.7,us,usp0001vh0,2014-11-07T00:33:11.055Z,"23 km NNE of Kainantu, Papua New Guinea",earthquake,,3.4,,5.0,reviewed,us,us
1983-05-20T15:42:05.060Z,28.972,132.492,33.0,4.8,mb,,,,1.2,us,usp0001vh1,2014-11-07T00:33:11.057Z,"235 km SE of Koshima, Japan",earthquake,,,,9.0,reviewed,us,us
1983-05-20T17:40:14.450Z,18.034,-69.42,39.7,5.2,mb,,,,0.8,us,usp0001vh3,2025-12-19T21:30:46.929Z,"47 km SSW of San Pedro de Macorís, Dominican Republic",earthquake,,2.4,,58.0,reviewed,us,us
1983-05-20T19:52:58.730Z,0.98,120.011,34.2,4.7,mb,,,,1.1,us,usp0001vh6,2014-11-07T00:33:11.089Z,"209 km N of Palu, Indonesia",earthquake,,8.5,,4.0,reviewed,us,us
1983-05-20T21:58:28.930Z,-18.828,-177.542,428.8,4.6,mb,,,,0.9,us,usp0001vh8,2014-11-07T00:33:11.095Z,Fiji region,earthquake,,3.4,,7.0,reviewed,us,us
1983-05-20T22:29:28.540Z,27.13,59.149,33.0,4.5,mb,,,,1.3,us,usp0001vh9,2014-11-07T00:33:11.098Z,"78 km NW of Fann?j, Iran",earthquake,,,,7.0,reviewed,us,us
1983-05-21T05:02:10.790Z,27.281,140.345,474.8,4.5,mb,,,,0.5,us,usp0001vhg,2014-11-07T00:33:11.126Z,"Bonin Islands, Japan region",earthquake,,6.2,,9.0,reviewed,us,us
1983-05-21T09:55:43.980Z,-25.402,179.373,539.9,4.7,mb,,,,1.4,us,usp0001vhj,2014-11-07T00:33:11.130Z,south of the Fiji Islands,earthquake,,8.6,,5.0,reviewed,us,us
1983-05-21T10:46:37.910Z,35.286,140.287,31.0,5.1,mb,,,,1.0,us,usp0001vhm,2026-01-07T19:40:31.008Z,"10 km WNW of ?hara, Japan",earthquake,,,,32.0,reviewed,us,us
1983-05-21T12:22:02.220Z,-56.018,-27.787,33.0,5.3,mb,,,,0.9,us,usp0001vhq,2014-11-07T00:33:11.155Z,South Sandwich Islands region,earthquake,,,,4.0,reviewed,us,us
1983-05-21T17:09:51.910Z,24.973,100.685,55.4,4.8,mb,,,,1.1,us,usp0001vhu,2014-11-07T00:33:11.161Z,"82 km SE of Dali, China",earthquake,,11.2,,1.0,reviewed,us,us
1983-05-21T18:06:05.120Z,6.349,124.237,69.7,4.9,mb,,,,1.0,us,usp0001vhx,2026-01-07T19:40:35.036Z,"16 km NNE of Palimbang, Philippines",earthquake,,5.8,,9.0,reviewed,us,us
1983-05-21T18:32:44.460Z,35.254,140.409,29.0,4.6,mb,,,,1.1,us,usp0001vhz,2025-12-19T21:30:47.703Z,"1 km ENE of ?hara, Japan",earthquake,,2.2,,10.0,reviewed,us,us
1983-05-21T19:27:56.530Z,-10.591,-74.803,15.0,5.3,mb,,,,0.9,us,usp0001vj2,2022-04-28T00:02:26.749Z,"37 km NNE of Santa Rosa, Peru",earthquake,,,,40.0,reviewed,us,us
1983-05-21T20:05:14.610Z,-10.6,-74.793,18.0,5.1,mb,,,,0.8,us,usp0001vj5,2022-04-28T00:02:32.185Z,"36 km NNE of Santa Rosa, Peru",earthquake,,,,39.0,reviewed,us,us
1983-05-21T20:21:14.760Z,-10.559,-74.878,18.0,4.8,mb,,,,1.2,us,usp0001vj6,2022-04-28T00:02:38.013Z,"39 km N of Santa Rosa, Peru",earthquake,,,,6.0,reviewed,us,us
1983-05-21T20:26:36.510Z,35.977,140.379,73.5,4.8,mb,,,,1.1,us,usp0001vj7,2014-11-07T00:33:11.207Z,"5 km ENE of Inashiki, Japan",earthquake,,2.5,,5.0,reviewed,us,us
1983-05-22T11:44:19.370Z,-9.346,123.755,95.9,5.1,mb,,,,1.2,us,usp0001vjn,2014-11-07T00:33:11.230Z,"27 km N of Naisano Dua, Indonesia",earthquake,,6.6,,6.0,reviewed,us,us
1983-05-22T12:15:18.200Z,29.854,141.446,33.0,4.7,mb,,,,1.2,us,usp0001vjp,2014-11-07T00:33:11.233Z,"Izu Islands, Japan region",earthquake,,,,6.0,reviewed,us,us
1983-05-22T14:59:36.010Z,-11.216,166.147,89.0,4.9,mb,,,,0.9,us,usp0001vjr,2014-11-07T00:33:11.236Z,"66 km SE of Lata, Solomon Islands",earthquake,,,,4.0,reviewed,us,us
1983-05-22T17:02:47.280Z,-13.64,167.527,44.0,5.1,mb,,,,0.9,us,usp0001vjs,2025-12-19T21:30:48.518Z,"26 km N of Sola, Vanuatu",earthquake,,,,6.0,reviewed,us,us
1983-05-22T17:13:19.520Z,45.785,151.849,33.0,4.9,mb,,,,0.9,us,usp0001vjt,2014-11-07T00:33:11.244Z,Kuril Islands,earthquake,,,,13.0,reviewed,us,us
1983-05-22T21:49:46.310Z,19.174,121.067,33.0,4.6,mb,,,,0.5,us,usp0001vjy,2026-01-07T19:40:36.365Z,"62 km N of Claveria, Philippines",earthquake,,,,3.0,reviewed,us,us
1983-05-23T00:54:11.880Z,-19.065,-69.139,110.0,5.5,mb,,,,1.0,us,usp0001vk0,2025-12-19T21:30:49.502Z,"138 km ESE of Arica, Chile",earthquake,,,,51.0,reviewed,us,us
1983-05-23T05:54:52.160Z,-3.881,140.013,33.0,4.8,mb,,,,1.5,us,usp0001vk3,2025-12-19T20:59:05.835Z,"157 km SSW of Abepura, Indonesia",earthquake,,,,4.0,reviewed,us,us
1983-05-23T06:51:12.110Z,35.358,140.599,33.4,4.5,mb,,,,1.2,us,usp0001vk4,2014-11-07T00:33:11.283Z,"22 km ENE of ?hara, Japan",earthquake,,8.1,,3.0,reviewed,us,us
1983-05-23T06:54:36.620Z,-13.812,171.308,27.0,5.7,mb,,,,1.1,us,usp0001vk5,2025-12-19T21:30:50.196Z,Vanuatu region,earthquake,,,,23.0,reviewed,us,us
1983-05-23T10:12:21.520Z,23.813,-108.218,10.0,4.7,mb,,,,1.0,us,usp0001vk7,2014-11-07T00:33:11.306Z,"92 km SW of Las Arenitas, Mexico",earthquake,,,,3.0,reviewed,us,us
1983-05-23T17:55:55.280Z,37.91,141.915,54.7,5.3,mb,,,,1.1,us,usp0001vkc,2025-12-19T21:30:50.873Z,"77 km SE of Ishinomaki, Japan",earthquake,,2.0,,53.0,reviewed,us,us
1983-05-23T18:07:54.570Z,-17.194,-178.465,578.9,4.7,mb,,,,0.5,us,usp0001vkd,2014-11-07T00:33:11.335Z,"246 km ESE of Labasa, Fiji",earthquake,,4.7,,1.0,reviewed,us,us
1983-05-24T05:02:47.170Z,33.371,139.939,133.1,5.0,mb,,,,0.9,us,usp0001vkp,2014-11-07T00:33:11.350Z,"171 km SSE of Shimoda, Japan",earthquake,,1.7,,43.0,reviewed,us,us
1983-05-24T05:09:04.910Z,23.793,143.226,33.0,5.2,mb,,,,1.1,us,usp0001vkq,2026-01-07T19:37:09.205Z,"Volcano Islands, Japan region",earthquake,,,,14.0,reviewed,us,us
1983-05-24T05:15:59.950Z,23.725,142.996,33.0,4.6,mb,,,,0.6,us,usp0001vkr,2014-11-07T00:33:11.366Z,"Volcano Islands, Japan region",earthquake,,,,4.0,reviewed,us,us
1983-05-24T05:53:20.280Z,40.812,51.84,33.0,4.9,mb,,,,0.9,us,usp0001vkt,2026-01-07T19:40:39.010Z,"129 km NW of Türkmenba?y, Turkmenistan",earthquake,,,,33.0,reviewed,us,us
1983-05-24T09:53:29.040Z,-58.951,-25.958,33.0,5.2,mb,,,,0.9,us,usp0001vkz,2014-11-07T00:33:11.387Z,South Sandwich Islands region,earthquake,,,,2.0,reviewed,us,us
1983-05-24T10:03:25.850Z,-31.733,-178.642,33.0,5.4,mb,,,,1.3,us,usp0001vm0,2014-11-07T00:33:11.389Z,Kermadec Islands region,earthquake,,,,3.0,reviewed,us,us
1983-05-24T13:39:49.760Z,55.573,163.581,49.0,4.8,mb,,,,0.8,us,usp0001vm3,2026-01-07T19:40:40.288Z,"100 km SE of Ust’-Kamchatsk Staryy, Russia",earthquake,,,,12.0,reviewed,us,us
1983-05-24T16:02:26.300Z,38.315,20.295,10.0,4.5,mb,,,,1.5,us,usp0001vm8,2014-11-07T00:33:11.404Z,"17 km NW of Lixoúri, Greece",earthquake,,,,2.0,reviewed,us,us
1983-05-24T19:03:11.020Z,37.952,20.824,10.0,4.5,mb,,,,1.4,us,usp0001vm9,2014-11-07T00:33:11.406Z,"14 km NNE of Katastárion, Greece",earthquake,,,,8.0,reviewed,us,us
1983-05-25T00:05:12.470Z,-23.336,-175.834,33.0,4.9,mb,,,,1.4,us,usp0001vma,2014-11-07T00:33:11.412Z,"239 km SSW of ‘Ohonua, Tonga",earthquake,,,,2.0,reviewed,us,us
1983-05-25T00:35:35.680Z,51.61,156.938,120.0,5.2,mb,,,,0.8,us,usp0001vmb,2014-11-07T00:33:11.415Z,"32 km ENE of Ozernovskiy, Russia",earthquake,,,,51.0,reviewed,us,us
1983-05-25T01:34:26.530Z,55.158,161.901,33.0,4.8,mb,,,,0.9,us,usp0001vmc,2014-11-07T00:33:11.442Z,"124 km SSW of Ust’-Kamchatsk Staryy, Russia",earthquake,,,,12.0,reviewed,us,us
1983-05-25T02:35:25.900Z,45.274,150.092,48.0,4.7,mb,,,,0.9,us,usp0001vme,2025-12-19T21:30:51.556Z,"173 km E of Kuril’sk, Russia",earthquake,,11.2,,18.0,reviewed,us,us
1983-05-25T10:39:55.250Z,52.459,174.104,66.3,4.7,mb,,,,0.8,us,usp0001vmh,2014-11-07T00:33:11.456Z,"75 km SE of Attu Station, Alaska",earthquake,,3.2,,21.0,reviewed,us,us
1983-05-25T12:02:21.630Z,48.186,154.373,33.0,5.0,mb,,,,0.9,us,usp0001vmk,2014-11-07T00:33:11.462Z,Kuril Islands,earthquake,,,,30.0,reviewed,us,us
1983-05-25T13:45:14.950Z,-18.311,-177.877,575.7,5.1,mb,,,,1.0,us,usp0001vmn,2025-12-19T21:30:53.025Z,"298 km E of Levuka, Fiji",earthquake,,3.0,,30.0,reviewed,us,us
1983-05-25T15:51:41.420Z,30.19,138.367,450.9,4.5,mb,,,,0.9,us,usp0001vmq,2014-11-07T00:33:11.484Z,"Izu Islands, Japan region",earthquake,,6.9,,6.0,reviewed,us,us
1983-05-25T17:30:58.240Z,-21.895,-138.918,0.0,5.9,mb,,,,1.0,us,usp0001vms,2015-06-16T17:24:44.631Z,"Tuamotu Archipelago, French Polynesia region",nuclear explosion,,,,27.0,reviewed,us,us
1983-05-25T19:12:47.130Z,-5.22,131.611,66.6,5.1,mb,,,,1.0,us,usp0001vmt,2014-11-07T00:33:11.502Z,"134 km WNW of Tual, Indonesia",earthquake,,6.3,,19.0,reviewed,us,us
1983-05-25T20:46:21.310Z,41.802,-125.901,10.0,4.5,mb,,,,1.3,us,usp0001vmw,2016-12-11T06:36:49.304Z,"135 km WSW of Pistol River, Oregon",earthquake,,,,7.0,reviewed,us,us
1983-05-26T00:38:34.960Z,-8.452,123.041,33.0,5.0,mb,,,,1.5,us,usp0001vmx,2025-12-19T21:30:53.692Z,"93 km ENE of Maumere, Indonesia",earthquake,,,,7.0,reviewed,us,us
1983-05-26T02:59:59.600Z,40.462,139.102,23.7,7.4,mw,,,,1.1,us,usp0001vmy,2025-12-19T21:30:54.533Z,"83 km WNW of Noshiro, Japan",earthquake,,1.7,,,reviewed,us,nc
1983-05-26T03:03:45.720Z,-12.372,166.101,82.2,4.9,mb,,,,1.5,us,usp0001vmz,2014-11-07T00:33:11.581Z,"185 km S of Lata, Solomon Islands",earthquake,,11.2,,2.0,reviewed,us,us
1983-05-26T03:32:36.320Z,40.733,139.223,28.0,5.4,mb,,,,0.8,us,usp0001vn0,2022-04-28T00:02:54.918Z,"89 km NW of Noshiro, Japan",earthquake,,2.4,,21.0,reviewed,us,us
1983-05-26T03:39:02.700Z,40.95,139.395,33.0,5.7,mb,,,,0.8,us,usp0001vn1,2022-04-28T00:02:57.316Z,"83 km W of Shimokizukuri, Japan",earthquake,,,,47.0,reviewed,us,us
1983-05-26T03:41:20.140Z,40.326,139.051,21.3,5.4,mb,,,,0.8,us,usp0001vn2,2022-04-28T00:03:03.182Z,"84 km W of Noshiro, Japan",earthquake,,4.0,,24.0,reviewed,us,us
1983-05-26T03:54:22.960Z,40.186,138.846,33.0,5.3,mb,,,,1.0,us,usp0001vn3,2014-11-07T00:33:11.606Z,"100 km W of Noshiro, Japan",earthquake,,,,6.0,reviewed,us,us
1983-05-26T03:56:58.700Z,40.826,139.326,28.7,5.8,mb,,,,0.9,us,usp0001vn4,2022-04-28T00:03:04.865Z,"88 km W of Shimokizukuri, Japan",earthquake,,1.7,,67.0,reviewed,us,us
1983-05-26T04:15:27.650Z,41.04,139.257,27.0,5.0,mb,,,,0.8,us,usp0001vn5,2014-11-07T00:33:11.626Z,"97 km WNW of Shimokizukuri, Japan",earthquake,,,,20.0,reviewed,us,us
1983-05-26T04:17:28.480Z,40.914,139.246,26.0,5.0,mb,,,,1.2,us,usp0001vn6,2014-11-07T00:33:11.630Z,"95 km W of Shimokizukuri, Japan",earthquake,,,,18.0,reviewed,us,us
1983-05-26T04:44:21.080Z,41.005,139.348,33.0,4.6,mb,,,,0.9,us,usp0001vn7,2014-11-07T00:33:11.634Z,"89 km WNW of Shimokizukuri, Japan",earthquake,,,,2.0,reviewed,us,us
1983-05-26T04:59:43.630Z,40.74,139.485,33.0,4.5,mb,,,,0.9,us,usp0001vn8,2014-11-07T00:33:11.636Z,"74 km NW of Noshiro, Japan",earthquake,,,,7.0,reviewed,us,us
1983-05-26T05:03:53.580Z,40.119,138.875,33.0,4.8,mb,,,,1.0,us,usp0001vn9,2014-11-07T00:33:11.638Z,"96 km WNW of Tenn?, Japan",earthquake,,,,6.0,reviewed,us,us
1983-05-26T05:06:12.130Z,41.135,139.36,26.0,5.2,mb,,,,0.9,us,usp0001vna,2014-11-07T00:33:11.652Z,"92 km WNW of Shimokizukuri, Japan",earthquake,,,,44.0,reviewed,us,us
1983-05-26T05:42:46.370Z,40.952,139.227,24.4,4.9,mb,,,,0.7,us,usp0001vnc,2014-11-07T00:33:11.663Z,"97 km W of Shimokizukuri, Japan",earthquake,,3.8,,12.0,reviewed,us,us
1983-05-26T05:45:27.170Z,40.979,139.256,29.0,5.5,mb,,,,0.9,us,usp0001vnd,2022-04-28T00:03:15.825Z,"96 km W of Shimokizukuri, Japan",earthquake,,,,72.0,reviewed,us,us
1983-05-26T05:57:04.850Z,40.399,138.266,33.0,4.8,mb,,,,0.5,us,usp0001vne,2014-11-07T00:33:11.684Z,"151 km W of Noshiro, Japan",earthquake,,,,3.0,reviewed,us,us
1983-05-26T06:17:43.250Z,41.243,138.948,17.0,5.6,mb,,,,0.9,us,usp0001vnf,2025-12-19T21:30:55.178Z,"129 km WNW of Shimokizukuri, Japan",earthquake,,,,75.0,reviewed,us,us
1983-05-26T06:43:04.940Z,41.251,138.663,33.0,4.5,mb,,,,0.5,us,usp0001vng,2014-11-07T00:33:11.704Z,"151 km WNW of Shimokizukuri, Japan",earthquake,,,,2.0,reviewed,us,us
1983-05-26T06:46:03.180Z,40.944,139.015,33.0,4.6,mb,,,,0.6,us,usp0001vnh,2014-11-07T00:33:11.706Z,"115 km W of Shimokizukuri, Japan",earthquake,,,,9.0,reviewed,us,us
1983-05-26T06:54:17.630Z,40.828,139.121,33.0,4.9,mb,,,,0.7,us,usp0001vnj,2014-11-07T00:33:11.708Z,"103 km NW of Noshiro, Japan",earthquake,,,,19.0,reviewed,us,us
1983-05-26T08:09:20.800Z,40.328,138.962,33.0,4.8,mb,,,,0.8,us,usp0001vnm,2014-11-07T00:33:11.712Z,"91 km W of Noshiro, Japan",earthquake,,,,7.0,reviewed,us,us
1983-05-26T08:44:41.910Z,40.68,139.099,33.0,4.9,mb,,,,1.0,us,usp0001vnn,2014-11-07T00:33:11.715Z,"94 km WNW of Noshiro, Japan",earthquake,,,,6.0,reviewed,us,us
1983-05-26T09:21:53.030Z,40.749,138.911,33.0,4.6,mb,,,,0.4,us,usp0001vnr,2014-11-07T00:33:11.719Z,"112 km WNW of Noshiro, Japan",earthquake,,,,2.0,reviewed,us,us
1983-05-26T09:24:25.300Z,40.714,139.046,33.0,4.9,mb,,,,0.7,us,usp0001vns,2014-11-07T00:33:11.720Z,"100 km WNW of Noshiro, Japan",earthquake,,,,6.0,reviewed,us,us
1983-05-26T09:35:31.400Z,41.186,138.996,19.0,5.1,mb,,,,1.0,us,usp0001vnt,2026-01-07T19:40:41.529Z,"123 km WNW of Shimokizukuri, Japan",earthquake,,,,31.0,reviewed,us,us
1983-05-26T09:41:43.870Z,40.124,138.745,33.0,4.8,mb,,,,0.7,us,usp0001vnu,2014-11-07T00:33:11.729Z,"107 km WNW of Tenn?, Japan",earthquake,,,,5.0,reviewed,us,us
1983-05-26T10:12:27.120Z,41.36,139.042,29.1,5.3,mb,,,,1.0,us,usp0001vnw,2026-01-07T19:40:42.774Z,"127 km WNW of Shimokizukuri, Japan",earthquake,,2.4,,49.0,reviewed,us,us
1983-05-26T11:14:04.700Z,41.407,139.167,33.0,4.8,mb,,,,0.8,us,usp0001vnx,2026-01-07T19:40:43.963Z,"120 km WNW of Shimokizukuri, Japan",earthquake,,,,16.0,reviewed,us,us
1983-05-26T11:17:54.690Z,40.222,139.023,33.0,4.6,mb,,,,1.3,us,usp0001vny,2026-01-07T19:40:45.264Z,"85 km W of Noshiro, Japan",earthquake,,,,7.0,reviewed,us,us
1983-05-26T11:33:39.180Z,40.457,139.133,33.0,4.5,mb,,,,0.8,us,usp0001vnz,2014-11-07T00:33:11.752Z,"80 km WNW of Noshiro, Japan",earthquake,,,,4.0,reviewed,us,us
1983-05-26T12:07:14.180Z,22.503,101.136,33.0,4.7,mb,,,,1.4,us,usp0001vp2,2025-12-19T21:30:56.086Z,"70 km NE of Jinghong, China",earthquake,,,,8.0,reviewed,us,us
1983-05-26T12:18:14.190Z,39.159,65.491,33.0,4.7,mb,,,,0.9,us,usp0001vp3,2014-11-07T00:33:11.760Z,"15 km NNW of Koson, Uzbekistan",earthquake,,,,14.0,reviewed,us,us
1983-05-26T12:37:21.570Z,40.699,139.229,33.0,4.6,mb,,,,1.0,us,usp0001vp4,2014-11-07T00:33:11.763Z,"near the west coast of Honshu, Japan",earthquake,,,,5.0,reviewed,us,us
1983-05-26T12:46:21.790Z,39.22,64.281,33.0,4.7,mb,,,,0.8,us,usp0001vp5,2014-11-07T00:33:11.765Z,"46 km ESE of Olot Shahri, Uzbekistan",earthquake,,,,8.0,reviewed,us,us
1983-05-26T13:01:21.480Z,40.22,139.047,34.5,4.8,mb,,,,1.0,us,usp0001vp6,2026-02-04T20:08:15.139Z,"83 km W of Noshiro, Japan",earthquake,,7.8,,13.0,reviewed,us,us
1983-05-26T13:13:17.620Z,40.176,139.097,0.0,5.19,mw,,,,,iscgem,iscgem577140,2025-12-19T21:30:57.684Z,"79 km W of Noshiro, Japan",earthquake,,9.9,0.2,,reviewed,iscgem,iscgem
1983-05-26T13:13:23.170Z,39.583,140.693,33.0,4.9,mb,,,,1.5,us,usp0001vp7,2014-11-07T00:33:11.770Z,"10 km E of Kakunodatemachi, Japan",earthquake,,,,13.0,reviewed,us,us
1983-05-26T13:35:16.310Z,40.371,139.423,33.0,4.6,mb,,,,0.9,us,usp0001vp8,2014-11-07T00:33:11.773Z,"54 km WNW of Noshiro, Japan",earthquake,,,,2.0,reviewed,us,us
1983-05-26T14:12:22.910Z,40.234,138.984,28.0,5.6,mb,,,,1.0,us,usp0001vp9,2025-12-19T21:30:58.452Z,"88 km W of Noshiro, Japan",earthquake,,,,76.0,reviewed,us,us
1983-05-26T16:00:09.350Z,40.149,139.038,33.0,4.8,mb,,,,1.0,us,usp0001vpb,2026-01-07T19:40:46.541Z,"83 km WNW of Tenn?, Japan",earthquake,,,,9.0,reviewed,us,us
1983-05-26T16:57:50.970Z,40.738,139.355,33.0,4.5,mb,,,,0.6,us,usp0001vpe,2014-11-07T00:33:11.805Z,"near the west coast of Honshu, Japan",earthquake,,,,3.0,reviewed,us,us
1983-05-26T17:09:41.800Z,41.045,139.426,30.7,4.6,mb,,,,1.1,us,usp0001vpf,2026-01-07T19:40:48.077Z,"83 km WNW of Shimokizukuri, Japan",earthquake,,5.1,,6.0,reviewed,us,us
1983-05-26T18:56:29.360Z,41.416,139.234,33.0,4.8,mb,,,,0.9,us,usp0001vph,2014-11-07T00:33:11.811Z,"116 km NW of Shimokizukuri, Japan",earthquake,,,,9.0,reviewed,us,us
1983-05-26T20:28:10.690Z,41.051,139.381,33.0,4.7,mb,,,,1.5,us,usp0001vpk,2014-11-07T00:33:11.816Z,"Hokkaido, Japan region",earthquake,,,,1.0,reviewed,us,us
1983-05-26T21:30:13.670Z,41.054,139.214,33.0,4.6,mb,,,,1.3,us,usp0001vpm,2014-11-07T00:33:11.818Z,"101 km WNW of Shimokizukuri, Japan",earthquake,,,,2.0,reviewed,us,us
1983-05-26T22:29:31.000Z,59.15,-54.43,18.0,4.5,ml,,,,,us,usp0001vpp,2014-11-07T00:33:11.821Z,Labrador Sea,earthquake,,,,,reviewed,ott,ott
1983-05-26T22:41:18.620Z,41.067,139.023,33.0,4.5,mb,,,,1.1,us,usp0001vpq,2014-11-07T00:33:11.822Z,"117 km WNW of Shimokizukuri, Japan",earthquake,,,,4.0,reviewed,us,us
1983-05-26T22:48:26.100Z,41.049,139.383,33.3,5.0,mb,,,,1.0,us,usp0001vpr,2026-01-07T19:40:49.434Z,"87 km WNW of Shimokizukuri, Japan",earthquake,,4.5,,37.0,reviewed,us,us
1983-05-26T23:16:06.570Z,40.888,139.574,46.7,4.9,mb,,,,1.0,us,usp0001vps,2025-12-19T21:30:59.243Z,"68 km W of Shimokizukuri, Japan",earthquake,,5.5,,9.0,reviewed,us,us
1983-05-26T23:25:07.580Z,40.283,138.809,15.0,5.0,mb,,,,1.0,us,usp0001vpt,2026-01-07T19:40:50.806Z,"104 km W of Noshiro, Japan",earthquake,,,,16.0,reviewed,us,us
1983-05-27T04:01:44.190Z,40.14,139.509,33.0,4.6,mb,,,,0.9,us,usp0001vpw,2014-11-07T00:33:11.842Z,"44 km W of Noshiro, Japan",earthquake,,,,6.0,reviewed,us,us
1983-05-27T04:16:52.200Z,40.778,139.097,20.0,5.1,mb,,,,1.0,us,usp0001vpx,2026-01-07T19:40:52.199Z,"near the west coast of Honshu, Japan",earthquake,,,,37.0,reviewed,us,us
1983-05-27T06:26:45.720Z,17.049,-99.385,33.0,4.9,mb,,,,1.3,us,usp0001vpy,2022-04-28T00:03:24.004Z,"5 km NE of Pochotillo, Mexico",earthquake,,,,24.0,reviewed,us,us
1983-05-27T08:33:00.390Z,39.398,141.016,33.0,4.8,mb,,,,0.9,us,usp0001vpz,2014-11-07T00:33:11.859Z,"8 km W of Hanamaki, Japan",earthquake,,,,11.0,reviewed,us,us
1983-05-27T08:39:00.340Z,40.323,139.328,30.0,4.5,mb,,,,1.4,us,usp0001vq1,2014-11-07T00:33:11.862Z,"60 km WNW of Noshiro, Japan",earthquake,,,,9.0,reviewed,us,us
1983-05-27T09:28:07.680Z,41.945,105.164,33.0,4.5,mb,,,,1.4,us,usp0001vq3,2025-12-19T21:30:59.900Z,"190 km SSE of Dalandzadgad, Mongolia",earthquake,,,,3.0,reviewed,us,us
1983-05-27T10:57:17.570Z,-9.671,154.898,33.0,5.0,mb,,,,1.0,us,usp0001vq6,2014-11-07T00:33:11.870Z,"275 km SW of Gizo, Solomon Islands",earthquake,,,,5.0,reviewed,us,us
1983-05-27T12:15:14.350Z,53.022,-35.225,10.0,4.8,ms,,,,0.8,us,usp0001vqb,2026-01-07T19:37:10.469Z,Reykjanes Ridge,earthquake,,,,3.0,reviewed,us,us
1983-05-27T12:17:25.500Z,52.491,-35.868,10.0,4.6,mb,,,,1.3,us,usp0001vqc,2014-11-07T00:33:11.887Z,Reykjanes Ridge,earthquake,,,,8.0,reviewed,us,us
1983-05-27T13:35:46.750Z,46.227,136.141,432.4,4.6,mb,,,,1.1,us,usp0001vqd,2014-11-07T00:33:11.888Z,"34 km SE of Vostok, Russia",earthquake,,7.7,,16.0,reviewed,us,us
1983-05-27T16:26:02.640Z,40.864,139.172,33.0,4.6,mb,,,,0.9,us,usp0001vqe,2014-11-07T00:33:11.891Z,"101 km W of Shimokizukuri, Japan",earthquake,,,,2.0,reviewed,us,us
1983-05-27T22:05:03.840Z,38.533,144.438,33.0,4.8,mb,,,,0.9,us,usp0001vqj,2014-11-07T00:33:11.898Z,"237 km ESE of Kamaishi, Japan",earthquake,,,,3.0,reviewed,us,us
1983-05-27T22:55:39.840Z,13.859,120.808,190.0,4.7,mb,,,,0.9,us,usp0001vqk,2014-11-07T00:33:11.900Z,"7 km SSW of Sinisian, Philippines",earthquake,,3.7,,10.0,reviewed,us,us
1983-05-28T02:29:24.110Z,41.116,139.025,18.7,5.4,mb,,,,0.9,us,usp0001vqq,2026-01-07T19:40:53.482Z,"118 km WNW of Shimokizukuri, Japan",earthquake,,1.9,,61.0,reviewed,us,us
1983-05-28T02:53:26.600Z,40.978,139.424,33.0,4.6,mb,,,,0.8,us,usp0001vqs,2014-11-07T00:33:11.939Z,"82 km WNW of Shimokizukuri, Japan",earthquake,,,,4.0,reviewed,us,us
1983-05-28T03:28:07.970Z,22.493,101.01,10.0,4.9,mb,,,,1.2,us,usp0001vqt,2026-01-07T19:40:54.816Z,"62 km NNE of Jinghong, China",earthquake,,,,8.0,reviewed,us,us
1983-05-28T06:14:41.260Z,40.197,139.095,27.0,4.8,mb,,,,1.1,us,usp0001vqw,2014-11-07T00:33:11.997Z,"79 km W of Noshiro, Japan",earthquake,,,,11.0,reviewed,us,us
1983-05-28T07:03:29.340Z,41.305,139.473,39.4,4.6,mb,,,,0.8,us,usp0001vqx,2025-12-19T21:31:00.723Z,"93 km NW of Shimokizukuri, Japan",earthquake,,4.7,,6.0,reviewed,us,us
1983-05-28T07:05:37.690Z,35.623,70.451,141.0,4.5,mb,,,,1.5,us,usp0001vqy,2014-11-07T00:33:12.161Z,"48 km WNW of P?r?n, Afghanistan",earthquake,,9.6,,7.0,reviewed,us,us
1983-05-28T07:44:52.130Z,40.693,139.137,22.0,5.0,mb,,,,1.0,us,usp0001vqz,2026-01-07T19:40:56.472Z,"92 km NW of Noshiro, Japan",earthquake,,,,28.0,reviewed,us,us
1983-05-28T08:44:26.920Z,33.804,141.351,33.0,4.7,mb,,,,1.2,us,usp0001vr1,2014-11-07T00:33:12.268Z,"176 km SSE of Katsuura, Japan",earthquake,,,,7.0,reviewed,us,us
1983-05-28T09:13:34.780Z,41.055,139.348,33.0,4.5,mb,,,,1.4,us,usp0001vr2,2026-01-07T19:40:57.968Z,"90 km WNW of Shimokizukuri, Japan",earthquake,,,,4.0,reviewed,us,us
1983-05-28T10:51:32.100Z,40.68,139.028,33.0,4.7,mb,,,,0.7,us,usp0001vr4,2014-11-07T00:33:12.489Z,"99 km WNW of Noshiro, Japan",earthquake,,,,7.0,reviewed,us,us
1983-05-28T11:35:51.920Z,32.594,48.581,18.0,5.6,mb,,,,0.9,us,usp0001vr5,2025-12-19T20:59:06.736Z,"28 km NNE of Shahrak-e K?l?r?, Iran",earthquake,,,,88.0,reviewed,us,us
1983-05-28T14:03:39.010Z,32.775,49.056,33.0,4.6,mb,,,,0.4,us,usp0001vr7,2014-11-07T00:33:12.519Z,"72 km NE of Shahrak-e K?l?r?, Iran",earthquake,,,,3.0,reviewed,us,us
1983-05-28T15:12:06.660Z,42.929,146.268,43.6,4.9,mb,,,,1.0,us,usp0001vr8,2014-11-07T00:33:12.520Z,"71 km SE of Nemuro, Japan",earthquake,,5.6,,14.0,reviewed,us,us
1983-05-28T15:48:19.720Z,40.841,139.165,33.0,4.6,mb,,,,0.8,us,usp0001vra,2014-11-07T00:33:12.526Z,"101 km NW of Noshiro, Japan",earthquake,,,,5.0,reviewed,us,us
1983-05-28T16:01:54.820Z,6.64,-72.869,178.6,5.0,mb,,,,0.7,us,usp0001vrb,2014-11-07T00:33:12.528Z,"7 km WSW of Molagavita, Colombia",earthquake,,3.6,,3.0,reviewed,us,us
1983-05-28T16:03:36.920Z,40.395,139.204,28.0,5.0,mb,,,,1.2,us,usp0001vrc,2026-01-07T19:40:59.213Z,"73 km WNW of Noshiro, Japan",earthquake,,,,25.0,reviewed,us,us
1983-05-28T16:10:41.070Z,40.126,139.014,19.1,5.1,mb,,,,1.2,us,usp0001vrd,2025-12-19T21:31:01.580Z,"85 km WNW of Tenn?, Japan",earthquake,,2.1,,24.0,reviewed,us,us
1983-05-28T17:49:36.890Z,-1.805,99.595,27.0,5.3,mb,,,,1.0,us,usp0001vrf,2025-12-19T21:31:02.511Z,"126 km SW of Padang, Indonesia",earthquake,,,,30.0,reviewed,us,us
1983-05-28T18:32:42.990Z,15.505,121.788,33.0,5.0,mb,,,,1.1,us,usp0001vrg,2026-01-07T19:41:00.436Z,"37 km SE of Suklayin, Philippines",earthquake,,,,10.0,reviewed,us,us
1983-05-28T18:34:09.430Z,32.584,48.54,33.0,4.9,mb,,,,1.1,us,usp0001vrh,2026-01-07T19:41:01.600Z,"26 km NNE of Shahrak-e K?l?r?, Iran",earthquake,,,,37.0,reviewed,us,us
1983-05-28T19:48:18.240Z,6.857,-73.029,165.0,4.7,mb,,,,0.9,us,usp0001vrm,2014-11-07T00:33:12.587Z,"12 km NNW of Cepitá, Colombia",earthquake,,3.9,,5.0,reviewed,us,us
1983-05-28T22:23:41.060Z,32.692,48.519,33.0,4.9,mb,,,,1.0,us,usp0001vrn,2026-01-07T19:41:02.866Z,"37 km N of Shahrak-e K?l?r?, Iran",earthquake,,,,43.0,reviewed,us,us
1983-05-28T23:54:59.030Z,-6.748,154.212,33.0,4.8,mb,,,,1.0,us,usp0001vrq,2014-11-07T00:33:12.601Z,"148 km WSW of Panguna, Papua New Guinea",earthquake,,,,7.0,reviewed,us,us
1983-05-29T00:28:32.470Z,40.397,139.066,33.0,4.5,mb,,,,1.2,us,usp0001vrr,2014-11-07T00:33:12.604Z,"84 km WNW of Noshiro, Japan",earthquake,,,,6.0,reviewed,us,us
1983-05-29T01:50:11.810Z,32.604,48.541,33.0,4.8,mb,,,,0.9,us,usp0001vrw,2022-04-28T00:03:53.034Z,"28 km NNE of Shahrak-e K?l?r?, Iran",earthquake,,,,31.0,reviewed,us,us
1983-05-29T02:14:22.820Z,4.197,122.61,613.7,5.4,mb,,,,1.1,us,usp0001vrx,2025-12-19T21:31:03.422Z,"217 km SSE of Tabiauan, Philippines",earthquake,,2.1,,31.0,reviewed,us,us
1983-05-29T04:45:41.020Z,49.246,155.366,46.0,5.4,mw,,,,0.8,us,usp0001vrz,2025-12-19T21:31:04.219Z,"168 km SSW of Severo-Kuril’sk, Russia",earthquake,,,,,reviewed,us,nc
1983-05-29T05:09:17.710Z,38.324,20.275,10.0,4.7,mb,,,,1.5,us,usp0001vs0,2014-11-07T00:33:12.651Z,"19 km NW of Lixoúri, Greece",earthquake,,,,3.0,reviewed,us,us
1983-05-29T05:26:50.870Z,36.902,142.003,27.0,5.3,mb,,,,1.0,us,usp0001vs1,2026-01-07T19:41:04.127Z,"101 km E of Iwaki, Japan",earthquake,,,,60.0,reviewed,us,us
1983-05-29T06:55:33.130Z,40.457,-125.444,10.0,5.1,ms,,,,1.0,us,usp0001vs3,2022-04-28T00:03:55.757Z,"100 km W of Ferndale, California",earthquake,,,,5.0,reviewed,us,us
1983-05-29T07:15:29.520Z,40.428,138.901,28.0,5.2,mb,,,,0.9,us,usp0001vs6,2026-01-07T19:41:05.381Z,"98 km WNW of Noshiro, Japan",earthquake,,,,57.0,reviewed,us,us
1983-05-29T08:11:02.120Z,32.577,48.561,33.0,4.6,mb,,,,1.1,us,usp0001vs7,2022-04-28T00:03:57.034Z,"26 km NNE of Shahrak-e K?l?r?, Iran",earthquake,,,,7.0,reviewed,us,us
1983-05-29T13:44:04.270Z,17.81,96.54,22.5,4.8,mb,,,,1.1,us,usp0001vsb,2026-01-07T19:41:06.635Z,"25 km SW of Nyaunglebin, Myanmar",earthquake,,10.0,,18.0,reviewed,us,us
1983-05-29T17:15:39.400Z,35.271,52.195,33.0,4.5,mb,,,,1.0,us,usp0001vsf,2014-11-07T00:33:12.726Z,"11 km WNW of ?stg?h-e R?h ?han-e Garms?r, Iran",earthquake,,,,14.0,reviewed,us,us
1983-05-29T18:19:09.570Z,-7.474,128.266,173.4,4.7,mb,,,,1.0,us,usp0001vsh,2014-11-07T00:33:12.731Z,"181 km NE of Lospalos, Timor Leste",earthquake,,6.4,,8.0,reviewed,us,us
1983-05-29T19:38:18.450Z,-12.345,126.594,33.0,4.7,mb,,,,1.5,us,usp0001vsj,2014-11-07T00:33:12.733Z,south of Timor,earthquake,,,,4.0,reviewed,us,us
1983-05-29T20:53:57.960Z,42.636,143.459,80.5,5.3,mb,,,,1.0,us,usp0001vsk,2022-04-28T00:04:03.320Z,"37 km SSE of Obihiro, Japan",earthquake,,1.7,,74.0,reviewed,us,us
1983-05-29T22:01:49.880Z,40.696,139.367,36.4,5.6,mb,,,,0.9,us,usp0001vsm,2025-12-19T21:31:05.004Z,"77 km NW of Noshiro, Japan",earthquake,,2.0,,92.0,reviewed,us,us
1983-05-29T22:07:57.440Z,-15.596,-174.885,287.2,5.4,mb,,,,1.1,us,usp0001vsn,2022-04-28T00:04:10.452Z,"123 km WNW of Hihifo, Tonga",earthquake,,2.6,,28.0,reviewed,us,us
1983-05-29T23:04:47.410Z,0.719,126.374,33.0,4.7,mb,,,,1.1,us,usp0001vsp,2014-11-07T00:33:12.796Z,"112 km W of Ternate, Indonesia",earthquake,,,,2.0,reviewed,us,us
1983-05-30T00:13:31.460Z,-7.019,148.081,33.0,4.5,mb,,,,1.5,us,usp0001vsq,2014-11-07T00:33:12.797Z,"57 km SSE of Finschhafen, Papua New Guinea",earthquake,,,,1.0,reviewed,us,us
1983-05-30T01:46:21.260Z,40.88,139.072,33.0,4.6,mb,,,,0.7,us,usp0001vss,2014-11-07T00:33:12.799Z,"110 km NW of Noshiro, Japan",earthquake,,,,4.0,reviewed,us,us
1983-05-30T02:25:28.450Z,41.099,139.152,33.0,4.5,mb,,,,0.8,us,usp0001vsu,2014-11-07T00:33:12.804Z,"107 km WNW of Shimokizukuri, Japan",earthquake,,,,9.0,reviewed,us,us
1983-05-30T03:33:44.560Z,49.74,78.206,0.0,5.4,mb,,,,0.8,us,usp0001vsx,2014-11-07T00:33:12.808Z,"115 km SSW of Kurchatov, Kazakhstan",nuclear explosion,,,,90.0,reviewed,us,us
1983-05-30T07:26:32.540Z,24.821,128.07,33.0,4.5,mb,,,,1.5,us,usp0001vt2,2025-12-19T21:31:05.810Z,"150 km SSE of Itoman, Japan",earthquake,,,,7.0,reviewed,us,us
1983-05-30T12:32:40.600Z,1.124,125.511,79.3,5.4,mb,,,,1.2,us,usp0001vt6,2025-12-19T21:31:06.469Z,"69 km ESE of Tondano, Indonesia",earthquake,,3.2,,27.0,reviewed,us,us
1983-05-30T14:47:10.100Z,-4.741,103.082,63.0,5.6,mb,,,,1.0,us,usp0001vtb,2025-12-19T21:31:07.155Z,"81 km SSW of Pagar Alam, Indonesia",earthquake,,,,23.0,reviewed,us,us
1983-05-30T15:46:02.860Z,26.326,129.536,33.0,4.9,mb,,,,0.9,us,usp0001vtc,2014-11-07T00:33:12.872Z,"157 km ESE of Nago, Japan",earthquake,,,,11.0,reviewed,us,us
1983-05-30T15:54:31.130Z,52.059,-177.901,108.6,5.0,mb,,,,1.0,us,usp0001vtd,2025-12-19T21:31:07.965Z,"89 km WNW of Adak, Alaska",earthquake,,1.9,,59.0,reviewed,us,us
1983-05-30T19:51:11.810Z,-7.26,130.09,33.0,4.9,mb,,,,1.3,us,usp0001vth,2014-11-07T00:33:12.896Z,"Pulau Pulau Tanimbar, Indonesia",earthquake,,,,4.0,reviewed,us,us
1983-05-30T20:23:14.900Z,-6.157,149.633,72.3,4.5,mb,,,,0.7,us,usp0001vtj,2014-11-07T00:33:12.898Z,"10 km ENE of Kandrian, Papua New Guinea",earthquake,,5.6,,3.0,reviewed,us,us
1983-05-30T20:39:54.160Z,41.102,138.971,33.0,4.5,mb,,,,0.9,us,usp0001vtm,2014-11-07T00:33:12.901Z,"122 km WNW of Shimokizukuri, Japan",earthquake,,,,3.0,reviewed,us,us
1983-05-31T00:17:30.010Z,40.714,139.146,10.0,4.8,mb,,,,1.5,us,usp0001vtp,2014-11-07T00:33:12.903Z,"93 km NW of Noshiro, Japan",earthquake,,,,14.0,reviewed,us,us
1983-05-31T00:31:41.870Z,-5.892,146.572,33.0,4.7,mb,,,,1.5,us,usp0001vtq,2014-11-07T00:33:12.907Z,"89 km ENE of Kainantu, Papua New Guinea",earthquake,,,,1.0,reviewed,us,us
1983-05-31T04:04:45.250Z,-23.866,-66.833,235.8,4.5,mb,,,,1.2,us,usp0001vtt,2014-11-07T00:33:12.912Z,"65 km NW of San Antonio de los Cobres, Argentina",earthquake,,8.2,,1.0,reviewed,us,us
1983-05-31T06:18:05.510Z,-4.92,153.618,92.3,4.7,mb,,,,0.8,us,usp0001vtv,2014-11-07T00:33:12.914Z,"162 km ESE of Kokopo, Papua New Guinea",earthquake,,3.6,,5.0,reviewed,us,us
1983-05-31T10:00:49.450Z,17.614,122.698,33.0,4.6,mb,,,,1.4,us,usp0001vty,2026-01-07T19:41:08.023Z,"66 km NNE of Dicabisagan, Philippines",earthquake,,,,7.0,reviewed,us,us
1983-05-31T11:44:16.000Z,-20.148,-69.958,65.0,5.2,mb,,,,1.1,us,usp0001vtz,2014-11-07T00:33:12.922Z,"21 km ENE of Iquique, Chile",earthquake,,,,15.0,reviewed,us,us
1983-05-31T16:21:00.400Z,-9.605,66.992,10.0,4.7,mb,,,,1.3,us,usp0001vu2,2014-11-07T00:33:12.934Z,Mid-Indian Ridge,earthquake,,,,8.0,reviewed,us,us
1983-05-31T16:32:05.940Z,53.925,160.553,33.0,4.9,mb,,,,0.8,us,usp0001vu3,2014-11-07T00:33:13.029Z,"152 km SE of Mil’kovo, Russia",earthquake,,,,27.0,reviewed,us,us
1983-05-31T21:05:45.480Z,34.534,79.734,46.8,5.0,mb,,,,1.0,us,usp0001vu5,2025-12-19T21:31:08.601Z,"201 km E of Leh, India",earthquake,,5.9,,32.0,reviewed,us,us
1983-05-31T21:15:56.240Z,40.216,138.978,25.0,4.9,mb,,,,1.0,us,usp0001vu6,2014-11-07T00:33:13.042Z,"89 km W of Noshiro, Japan",earthquake,,,,20.0,reviewed,us,us
1983-05-31T23:11:02.290Z,35.871,21.683,35.7,4.5,mb,,,,1.0,us,usp0001vu7,2014-11-07T00:33:13.047Z,"105 km S of Methóni, Greece",earthquake,,5.3,,8.0,reviewed,us,us
1983-05-31T23:19:11.240Z,40.764,139.387,18.0,5.3,mb,,,,1.0,us,usp0001vu8,2025-12-19T21:31:09.369Z,"82 km NW of Noshiro, Japan",earthquake,,,,59.0,reviewed,us,us
1983-05-31T23:22:32.240Z,40.828,139.387,23.7,5.3,mb,,,,0.9,us,usp0001vu9,2025-12-19T21:31:10.264Z,"83 km W of Shimokizukuri, Japan",earthquake,,2.4,,50.0,reviewed,us,us
1983-06-01T00:58:46.880Z,40.421,139.037,33.0,5.0,mb,,,,1.0,us,usp0001vua,2014-11-07T00:33:13.770Z,"87 km WNW of Noshiro, Japan",earthquake,,,,27.0,reviewed,us,us
1983-06-01T01:36:58.170Z,13.833,120.749,236.4,5.5,mb,,,,0.9,us,usp0001vub,2022-04-27T23:56:37.965Z,"5 km ESE of Hukay, Philippines",earthquake,,1.8,,57.0,reviewed,us,us
1983-06-01T01:59:54.680Z,-17.038,-174.605,179.6,6.6,mw,,,,1.0,us,usp0001vuc,2022-04-27T23:56:43.352Z,"147 km SW of Hihifo, Tonga",earthquake,,,,,reviewed,us,nc
1983-06-01T03:36:37.760Z,-22.312,-112.014,10.0,4.8,mb,,,,0.8,us,usp0001vue,2014-11-07T00:33:15.183Z,Easter Island region,earthquake,,,,7.0,reviewed,us,us
1983-06-01T05:34:50.810Z,-22.757,-68.588,104.9,4.8,mb,,,,1.1,us,usp0001vug,2014-11-07T00:33:15.214Z,"43 km WNW of San Pedro de Atacama, Chile",earthquake,,,,6.0,reviewed,us,us
1983-06-01T06:40:36.910Z,39.964,139.019,33.0,4.8,mb,,,,0.8,us,usp0001vuh,2014-11-07T00:33:15.242Z,"81 km W of Tenn?, Japan",earthquake,,,,8.0,reviewed,us,us
1983-06-01T07:14:30.480Z,40.434,139.219,33.0,4.8,mb,,,,0.9,us,usp0001vum,2014-11-07T00:33:15.272Z,"73 km WNW of Noshiro, Japan",earthquake,,,,9.0,reviewed,us,us
1983-06-01T07:30:33.550Z,51.672,-171.289,32.3,4.8,mb,,,,1.0,us,usp0001vun,2014-11-07T00:33:15.292Z,"208 km ESE of Atka, Alaska",earthquake,,4.7,,18.0,reviewed,us,us
1983-06-01T10:58:44.840Z,-15.694,-172.812,33.0,6.1,ms,,,,1.4,us,usp0001vup,2025-12-19T21:29:44.627Z,"109 km ENE of Hihifo, Tonga",earthquake,,,,20.0,reviewed,us,us
1983-06-01T11:17:40.270Z,43.917,88.603,32.3,5.1,mb,,,,0.8,us,usp0001vuq,2026-01-07T19:39:02.535Z,"81 km E of Ürümqi, China",earthquake,,,,43.0,reviewed,us,us
1983-06-01T11:54:44.390Z,-15.569,-172.462,33.0,4.6,mb,,,,1.0,us,usp0001vur,2014-11-07T00:33:15.527Z,"149 km ENE of Hihifo, Tonga",earthquake,,,,5.0,reviewed,us,us
1983-06-01T12:23:50.280Z,-2.448,-79.348,57.2,4.9,mb,,,,1.1,us,usp0001vuu,2014-11-07T00:33:15.582Z,"2 km SSW of La Troncal, Ecuador",earthquake,,8.1,,12.0,reviewed,us,us
1983-06-01T13:13:51.830Z,-16.976,-174.553,153.0,4.9,mb,,,,1.0,us,usp0001vuw,2014-11-07T00:33:15.638Z,"138 km SW of Hihifo, Tonga",earthquake,,5.4,,15.0,reviewed,us,us
1983-06-01T13:47:38.390Z,37.831,72.247,33.0,4.8,mb,,,,0.6,us,usp0001vux,2014-11-07T00:33:15.703Z,"72 km ENE of Khorugh, Tajikistan",earthquake,,,,4.0,reviewed,us,us
1983-06-01T14:44:30.410Z,38.445,26.458,10.0,4.6,mb,,,,1.1,us,usp0001vuz,2014-11-07T00:33:15.736Z,"18 km NE of Çe?me, Turkey",earthquake,,,,11.0,reviewed,us,us
1983-06-01T17:20:13.770Z,16.953,-99.136,33.0,4.5,mb,,,,0.8,us,usp0001vv1,2014-11-07T00:33:15.787Z,"4 km NNE of Tutepec, Mexico",earthquake,,,,2.0,reviewed,us,us
1983-06-01T18:12:45.540Z,-7.053,129.242,190.2,4.6,mb,,,,1.1,us,usp0001vv3,2014-11-07T00:33:15.888Z,"296 km ENE of Lospalos, Timor Leste",earthquake,,7.9,,2.0,reviewed,us,us
1983-06-01T20:09:57.800Z,-53.049,9.724,10.0,5.7,mb,,,,1.3,us,usp0001vv8,2025-12-19T21:29:45.326Z,southwest of Africa,earthquake,,,,9.0,reviewed,us,us
1983-06-01T23:35:44.850Z,35.941,21.663,40.3,4.7,mb,,,,1.0,us,usp0001vv9,2014-11-07T00:33:16.002Z,"97 km S of Methóni, Greece",earthquake,,5.0,,7.0,reviewed,us,us
1983-06-02T00:42:21.860Z,20.658,143.944,33.0,4.7,mb,,,,1.3,us,usp0001vvb,2025-12-19T21:29:46.020Z,Mariana Islands region,earthquake,,,,7.0,reviewed,us,us
1983-06-02T02:11:30.970Z,21.066,143.746,33.0,4.9,mb,,,,1.1,us,usp0001vvc,2026-01-07T19:39:03.365Z,Mariana Islands region,earthquake,,,,9.0,reviewed,us,us
1983-06-02T10:13:01.730Z,-4.845,153.231,67.2,4.9,mb,,,,1.4,us,usp0001vvf,2014-11-07T00:33:16.307Z,"120 km ESE of Kokopo, Papua New Guinea",earthquake,,10.9,,1.0,reviewed,us,us
1983-06-02T11:21:16.150Z,46.249,153.733,33.0,4.8,mb,,,,0.9,us,usp0001vvg,2026-01-07T19:39:04.245Z,Kuril Islands,earthquake,,,,19.0,reviewed,us,us
1983-06-02T13:06:54.740Z,40.17,138.776,33.0,4.8,mb,,,,0.7,us,usp0001vvj,2014-11-07T00:33:16.327Z,"105 km WNW of Tenn?, Japan",earthquake,,,,3.0,reviewed,us,us
1983-06-02T20:03:38.480Z,44.652,148.366,56.3,4.9,mb,,,,1.0,us,usp0001vvp,2014-11-07T00:33:16.352Z,"74 km SSE of Kuril’sk, Russia",earthquake,,,,17.0,reviewed,us,us
1983-06-02T20:12:50.730Z,-9.512,-71.249,598.6,6.2,mw,,,,1.0,us,usp0001vvq,2022-04-27T23:56:57.249Z,"158 km SSW of Tarauacá, Brazil",earthquake,,1.3,,,reviewed,us,nc
1983-06-02T20:51:56.660Z,-24.789,179.656,511.1,5.1,mb,,,,1.1,us,usp0001vvr,2014-11-07T00:33:16.503Z,south of the Fiji Islands,earthquake,,5.3,,13.0,reviewed,us,us
1983-06-02T23:33:41.330Z,-30.948,-71.71,68.6,4.7,mb,,,,1.4,us,usp0001vvs,2014-11-07T00:33:16.524Z,"62 km SW of Ovalle, Chile",earthquake,,11.8,,1.0,reviewed,us,us
1983-06-03T01:30:04.340Z,51.179,-177.17,54.9,4.6,mb,,,,0.8,us,usp0001vvu,2014-11-07T00:33:16.532Z,"85 km SSW of Adak, Alaska",earthquake,,4.6,,25.0,reviewed,us,us
1983-06-03T01:51:55.880Z,15.682,-94.576,33.0,4.7,mb,,,,1.0,us,usp0001vvv,2014-11-07T00:33:16.543Z,"61 km S of San Francisco del Mar Viejo, Mexico",earthquake,,,,18.0,reviewed,us,us
1983-06-03T02:04:39.450Z,33.877,35.817,10.0,4.7,mb,,,,1.2,us,usp0001vvw,2026-01-07T19:39:05.350Z,"8 km WNW of Zahlé, Lebanon",earthquake,,,,20.0,reviewed,us,us
1983-06-03T04:49:44.110Z,-18.253,-69.7,132.6,4.8,mb,,,,0.9,us,usp0001vvz,2014-11-07T00:33:16.588Z,"59 km SSE of Palca, Peru",earthquake,,3.0,,4.0,reviewed,us,us
1983-06-03T05:44:33.490Z,-50.43,174.883,10.0,5.1,mb,,,,0.9,us,usp0001vw1,2026-02-04T20:08:21.872Z,south of New Zealand,earthquake,,,,1.0,reviewed,us,us
1983-06-03T08:22:17.100Z,40.401,138.975,33.0,5.0,mb,,,,1.0,us,usp0001vw2,2014-11-07T00:33:16.612Z,"91 km WNW of Noshiro, Japan",earthquake,,,,9.0,reviewed,us,us
1983-06-03T14:59:57.310Z,-19.481,-176.538,33.0,5.0,mb,,,,1.3,us,usp0001vw7,2014-11-07T00:33:16.647Z,"230 km NW of Nuku‘alofa, Tonga",earthquake,,,,3.0,reviewed,us,us
1983-06-03T16:34:43.320Z,41.296,50.849,33.0,4.8,mb,,,,1.0,us,usp0001vw9,2022-04-27T23:57:02.716Z,"101 km NNE of Pirallah?, Azerbaijan",earthquake,,,,15.0,reviewed,us,us
1983-06-03T18:03:56.460Z,40.769,139.245,33.0,4.8,mb,,,,0.7,us,usp0001vwa,2014-11-07T00:33:16.672Z,"90 km NW of Noshiro, Japan",earthquake,,,,2.0,reviewed,us,us
1983-06-03T20:00:15.310Z,-37.158,-17.584,10.0,5.0,mb,,,,1.0,us,usp0001vwd,2014-11-07T00:33:16.749Z,southern Mid-Atlantic Ridge,earthquake,,,,11.0,reviewed,us,us
1983-06-03T21:51:51.280Z,0.645,119.921,25.0,5.0,mb,,,,1.0,us,usp0001vwg,2014-11-07T00:33:16.811Z,"171 km N of Palu, Indonesia",earthquake,,,,14.0,reviewed,us,us
1983-06-03T22:52:13.560Z,-7.082,129.147,201.6,5.2,mb,,,,1.2,us,usp0001vwh,2014-11-07T00:33:16.855Z,"285 km NE of Lospalos, Timor Leste",earthquake,,6.3,,7.0,reviewed,us,us
1983-06-04T08:47:11.470Z,9.831,122.218,43.0,4.8,mb,,,,1.3,us,usp0001vwr,2014-11-07T00:33:17.114Z,"20 km W of Cartagena, Philippines",earthquake,,9.1,,1.0,reviewed,us,us
1983-06-04T08:56:12.060Z,-16.866,-173.683,35.4,4.6,mb,,,,1.0,us,usp0001vws,2014-11-07T00:33:17.135Z,"101 km S of Hihifo, Tonga",earthquake,,7.9,,4.0,reviewed,us,us
1983-06-04T09:34:44.200Z,27.107,103.367,33.0,5.0,mb,,,,1.2,us,usp0001vwt,2026-01-07T19:39:06.224Z,"41 km SW of Zhaotong, China",earthquake,,,,15.0,reviewed,us,us
1983-06-04T11:31:57.450Z,17.404,-101.308,33.0,4.7,mb,,,,1.4,us,usp0001vwx,2014-11-07T00:33:17.320Z,"15 km SSW of Petatlán, Mexico",earthquake,,,,3.0,reviewed,us,us
1983-06-04T12:42:08.440Z,26.103,125.789,41.6,4.8,mb,,,,1.3,us,usp0001vx0,2025-12-19T21:29:47.584Z,"152 km NNE of Hirara, Japan",earthquake,,7.2,,7.0,reviewed,us,us
1983-06-04T12:57:05.540Z,-8.903,111.419,70.2,4.5,mb,,,,1.4,us,usp0001vx1,2014-11-07T00:33:17.351Z,"96 km SSW of Trenggalek, Indonesia",earthquake,,16.9,,2.0,reviewed,us,us
1983-06-05T00:43:13.710Z,-7.565,127.594,178.8,5.2,mb,,,,0.9,us,usp0001vx5,2014-11-07T00:33:17.363Z,"124 km NNE of Lospalos, Timor Leste",earthquake,,2.3,,14.0,reviewed,us,us
1983-06-05T05:34:40.170Z,-6.077,146.105,114.5,5.1,mb,,,,1.0,us,usp0001vx6,2014-11-07T00:33:17.383Z,"35 km NE of Kainantu, Papua New Guinea",earthquake,,2.8,,12.0,reviewed,us,us
1983-06-05T10:39:37.570Z,39.243,75.662,22.3,5.0,mb,,,,0.8,us,usp0001vx8,2026-01-07T19:39:07.029Z,"37 km SW of Kashgar, China",earthquake,,4.2,,33.0,reviewed,us,us
1983-06-05T11:23:23.110Z,-3.56,139.861,67.4,5.2,mb,,,,1.1,us,usp0001vxa,2014-11-07T00:33:17.426Z,"136 km SW of Abepura, Indonesia",earthquake,,7.1,,7.0,reviewed,us,us
1983-06-05T11:53:51.660Z,-7.021,144.828,45.4,4.9,mb,,,,0.9,us,usp0001vxc,2014-11-07T00:33:17.434Z,"111 km S of Kundiawa, Papua New Guinea",earthquake,,5.5,,5.0,reviewed,us,us
1983-06-05T13:23:34.810Z,-16.051,-172.913,33.0,5.1,mb,,,,1.1,us,usp0001vxd,2025-12-19T21:29:48.380Z,"95 km E of Hihifo, Tonga",earthquake,,,,13.0,reviewed,us,us
1983-06-05T13:59:10.200Z,-16.34,-172.797,33.0,5.3,ms,,,,1.1,us,usp0001vxe,2025-12-19T20:59:01.624Z,"115 km ESE of Hihifo, Tonga",earthquake,,,,9.0,reviewed,us,us
1983-06-05T16:18:10.860Z,13.526,-91.642,33.0,4.7,mb,,,,0.3,us,usp0001vxg,2014-11-07T00:33:17.498Z,"83 km SSW of Nueva Concepción, Guatemala",earthquake,,,,2.0,reviewed,us,us
1983-06-05T16:26:41.590Z,-15.917,-172.858,33.0,5.3,mb,,,,1.1,us,usp0001vxh,2025-12-19T21:29:49.100Z,"100 km E of Hihifo, Tonga",earthquake,,,,13.0,reviewed,us,us
1983-06-05T21:48:07.020Z,60.473,-147.847,33.6,4.7,mb,,,,0.9,us,usp0001vxk,2014-11-07T00:33:17.531Z,"46 km NNE of Chenega, Alaska",earthquake,,3.0,,20.0,reviewed,us,us
1983-06-05T22:17:03.120Z,39.39,73.46,33.0,4.7,mb,,,,1.1,us,usp0001vxm,2026-01-07T19:39:09.006Z,"104 km E of Kyzyl-Eshme, Kyrgyzstan",earthquake,,,,12.0,reviewed,us,us
1983-06-05T22:57:30.260Z,14.981,122.281,33.0,4.7,mb,,,,1.2,us,usp0001vxn,2014-11-07T00:33:17.549Z,"24 km NNE of Patnanungan, Philippines",earthquake,,,,3.0,reviewed,us,us
1983-06-06T03:17:57.940Z,-20.548,-178.503,578.3,4.9,mb,,,,1.0,us,usp0001vxu,2014-11-07T00:33:17.584Z,Fiji region,earthquake,,6.9,,19.0,reviewed,us,us
1983-06-06T10:48:50.530Z,-26.885,26.664,5.0,5.2,mb,,,,1.6,us,usp0001vxz,2020-08-26T22:42:37.802Z,"3 km S of Klerksdorp, South Africa",earthquake,,,,1.0,reviewed,us,us
1983-06-06T14:29:41.060Z,13.526,144.547,137.3,4.7,mb,,,,0.8,us,usp0001vy2,2014-11-07T00:33:17.635Z,"17 km WNW of Piti Village, Guam",earthquake,,2.9,,4.0,reviewed,us,us
1983-06-06T16:22:31.290Z,-24.379,-66.929,157.1,5.3,mb,,,,1.1,us,usp0001vy4,2025-12-19T21:29:49.929Z,"64 km WSW of San Antonio de los Cobres, Argentina",earthquake,,2.7,,18.0,reviewed,us,us
1983-06-06T21:40:17.730Z,45.344,150.38,35.4,5.7,mb,,,,0.7,us,usp0001vy9,2025-12-19T21:29:50.637Z,"196 km E of Kuril’sk, Russia",earthquake,,,,81.0,reviewed,us,us
1983-06-07T00:11:43.450Z,24.625,122.627,103.4,4.9,mb,,,,0.9,us,usp0001vyc,2014-11-07T00:33:18.057Z,"41 km WNW of Yonakuni, Japan",earthquake,,2.5,,13.0,reviewed,us,us
1983-06-07T06:31:34.660Z,5.663,95.322,109.9,4.8,mb,,,,0.7,us,usp0001vyj,2014-11-07T00:33:18.091Z,"13 km N of Banda Aceh, Indonesia",earthquake,,3.0,,16.0,reviewed,us,us
1983-06-07T15:57:36.140Z,30.028,130.838,54.5,4.8,mb,,,,1.1,us,usp0001vyk,2014-11-07T00:33:18.102Z,"37 km SE of Koshima, Japan",earthquake,,6.8,,4.0,reviewed,us,us
1983-06-07T19:23:24.610Z,19.898,121.504,33.0,4.6,mb,,,,1.2,us,usp0001vyp,2014-11-07T00:33:18.115Z,"78 km SW of Basco, Philippines",earthquake,,,,5.0,reviewed,us,us
1983-06-07T20:40:26.520Z,-50.685,29.103,10.0,5.5,mb,,,,1.2,us,usp0001vyq,2025-12-19T21:29:51.486Z,south of Africa,earthquake,,,,9.0,reviewed,us,us
1983-06-07T23:14:16.020Z,6.43,-73.315,139.6,4.6,mb,,,,1.0,us,usp0001vyr,2014-11-07T00:33:18.138Z,"2 km ESE of Simacota, Colombia",earthquake,,8.6,,6.0,reviewed,us,us
1983-06-08T05:09:49.700Z,-24.284,-67.124,186.1,4.5,mb,,,,1.1,us,usp0001vyw,2014-11-07T00:33:18.182Z,"82 km W of San Antonio de los Cobres, Argentina",earthquake,,4.2,,2.0,reviewed,us,us
1983-06-08T05:46:03.460Z,7.697,-37.585,10.0,4.5,mb,,,,0.7,us,usp0001vyx,2014-11-07T00:33:18.189Z,central Mid-Atlantic Ridge,earthquake,,,,3.0,reviewed,us,us
1983-06-08T09:54:38.760Z,-5.231,102.92,40.0,5.2,mb,,,,1.0,us,usp0001vyz,2026-01-07T19:39:10.445Z,"138 km SSW of Pagar Alam, Indonesia",earthquake,,,,17.0,reviewed,us,us
1983-06-08T17:24:42.080Z,15.406,-96.353,33.4,4.8,mb,,,,0.7,us,usp0001vz2,2014-11-07T00:33:18.228Z,"32 km SSE of Puerto Ángel, Mexico",earthquake,,6.6,,21.0,reviewed,us,us
1983-06-08T17:54:25.430Z,-5.548,151.396,95.0,4.8,mb,,,,1.1,us,usp0001vz3,2014-11-07T00:33:18.243Z,"139 km E of Kimbe, Papua New Guinea",earthquake,,9.0,,1.0,reviewed,us,us
1983-06-09T02:02:00.600Z,51.281,179.226,46.1,4.9,mb,,,,1.1,us,usp0001vz6,2014-11-07T00:33:18.260Z,"294 km WSW of Adak, Alaska",earthquake,,7.0,,11.0,reviewed,us,us
1983-06-09T03:02:34.350Z,1.13,100.199,237.4,4.8,mb,,,,0.8,us,usp0001vz8,2014-11-07T00:33:18.272Z,"106 km ESE of Padangsidempuan, Indonesia",earthquake,,3.4,,7.0,reviewed,us,us
1983-06-09T04:36:47.450Z,40.069,139.053,11.7,4.9,mb,,,,1.2,us,usp0001vz9,2026-01-07T19:37:02.448Z,"80 km WNW of Tenn?, Japan",earthquake,,2.1,,18.0,reviewed,us,us
1983-06-09T04:51:01.070Z,-3.866,129.012,118.1,5.1,mb,,,,1.1,us,usp0001vza,2014-11-07T00:33:18.301Z,"59 km S of Amahai, Indonesia",earthquake,,5.4,,10.0,reviewed,us,us
1983-06-09T07:12:54.380Z,38.645,75.574,33.0,4.7,mb,,,,0.7,us,usp0001vzd,2014-11-07T00:33:18.315Z,"98 km SSW of Kashgar, China",earthquake,,,,11.0,reviewed,us,us
1983-06-09T10:23:30.650Z,40.174,138.988,25.7,5.4,mb,,,,0.9,us,usp0001vze,2026-01-07T19:39:11.851Z,"88 km W of Noshiro, Japan",earthquake,,,,72.0,reviewed,us,us
1983-06-09T12:49:03.860Z,40.237,139.023,30.6,6.0,mw,,,,0.9,us,usp0001vzg,2025-12-19T21:29:52.274Z,"85 km W of Noshiro, Japan",earthquake,,,,,reviewed,us,nc
1983-06-09T12:50:51.820Z,-21.25,-68.582,110.6,4.5,mb,,,,1.2,us,usp0001vzh,2014-11-07T00:33:18.530Z,"138 km NNE of Calama, Chile",earthquake,,6.1,,1.0,reviewed,us,us
1983-06-09T13:04:00.520Z,40.268,139.023,28.0,6.3,mb,,,,1.1,us,usp0001vzj,2025-12-19T21:29:52.917Z,"85 km W of Noshiro, Japan",earthquake,,,,106.0,reviewed,us,us
1983-06-09T13:51:50.860Z,39.789,140.262,33.0,4.6,mb,,,,0.5,us,usp0001vzk,2014-11-07T00:33:18.610Z,"14 km ENE of Akita, Japan",earthquake,,,,3.0,reviewed,us,us
1983-06-09T14:41:11.330Z,40.199,139.012,27.8,4.8,mb,,,,0.9,us,usp0001vzn,2014-11-07T00:33:18.617Z,"86 km W of Noshiro, Japan",earthquake,,,,5.0,reviewed,us,us
1983-06-09T17:10:00.090Z,37.158,-116.089,0.0,4.5,mb,,,,,us,usp0001vzq,2016-04-02T07:07:50.881Z,"62 km SSW of Rachel, Nevada",nuclear explosion,,,,13.0,reviewed,doe,us
1983-06-09T18:46:00.900Z,51.414,-174.111,20.8,6.1,mw,,,,1.0,us,usp0001vzr,2025-12-19T21:29:53.728Z,"87 km S of Atka, Alaska",earthquake,,2.9,,,reviewed,us,nc
1983-06-09T20:26:50.460Z,-5.937,122.636,46.3,5.5,mb,,,,1.0,us,usp0001vzs,2025-12-19T21:29:54.527Z,"111 km S of Katabu, Indonesia",earthquake,,,,20.0,reviewed,us,us
1983-06-09T20:36:37.120Z,51.43,-174.255,29.0,4.8,mb,,,,0.9,us,usp0001vzt,2025-12-19T21:29:55.223Z,"85 km S of Atka, Alaska",earthquake,,4.0,,19.0,reviewed,us,us
1983-06-09T20:38:30.140Z,6.759,-72.945,178.1,4.7,mb,,,,1.2,us,usp0001vzu,2014-11-07T00:33:18.730Z,"3 km E of Cepitá, Colombia",earthquake,,3.5,,6.0,reviewed,us,us
1983-06-09T22:07:29.890Z,14.379,-91.391,116.5,4.5,mb,,,,1.0,us,usp0001vzw,2014-11-07T00:33:18.740Z,"8 km WSW of Río Bravo, Guatemala",earthquake,,6.2,,9.0,reviewed,us,us
1983-06-09T22:15:40.790Z,59.236,-152.771,83.6,4.7,mb,,,,0.9,us,usp0001vzx,2014-11-07T00:33:18.747Z,"50 km WSW of Nanwalek, Alaska",earthquake,,2.5,,19.0,reviewed,us,us
1983-06-10T02:13:22.940Z,75.53,122.76,10.0,5.6,mb,,,,1.0,us,usp0001w02,2025-12-19T21:29:56.007Z,Laptev Sea,earthquake,,,,81.0,reviewed,us,us
1983-06-10T02:39:40.540Z,38.472,20.285,10.0,4.5,mb,,,,1.4,us,usp0001w03,2014-11-07T00:33:18.799Z,"32 km NNW of Lixoúri, Greece",earthquake,,,,2.0,reviewed,us,us
1983-06-10T07:20:16.980Z,40.289,139.114,26.6,5.0,mb,,,,0.9,us,usp0001w06,2014-11-07T00:33:18.835Z,"78 km W of Noshiro, Japan",earthquake,,,,34.0,reviewed,us,us
1983-06-10T07:46:14.540Z,-21.256,-68.547,110.9,5.0,mb,,,,1.3,us,usp0001w07,2014-11-07T00:33:18.850Z,"138 km NNE of Calama, Chile",earthquake,,7.1,,11.0,reviewed,us,us
1983-06-10T20:38:26.900Z,16.293,146.08,107.1,4.9,mb,,,,0.9,us,usp0001w0a,2014-11-07T00:33:18.869Z,"124 km NNE of Saipan, Northern Mariana Islands",earthquake,,7.0,,6.0,reviewed,us,us
1983-06-10T22:39:09.270Z,-24.183,-176.329,46.7,5.7,mb,,,,1.0,us,usp0001w0b,2025-12-19T21:29:56.686Z,south of the Fiji Islands,earthquake,,3.4,,24.0,reviewed,us,us
1983-06-11T00:28:12.910Z,1.566,126.533,60.0,5.1,mb,,,,1.0,us,usp0001w0e,2026-01-07T19:39:14.656Z,"127 km NW of Ternate, Indonesia",earthquake,,4.6,,17.0,reviewed,us,us
1983-06-11T03:09:52.450Z,36.2503333,-120.457,4.987,4.53,ma,58.0,65.0,0.09279,0.13,nc,nc1096559,2025-12-19T21:29:57.489Z,"15 km NW of Coalinga, California",earthquake,0.19,0.46,0.14,50.0,reviewed,nc,nc
1983-06-11T04:24:26.530Z,15.602,-94.095,33.0,4.9,mb,,,,1.1,us,usp0001w0k,2014-11-07T00:33:18.940Z,"49 km SW of Cabeza de Toro, Mexico",earthquake,,,,1.0,reviewed,us,us
1983-06-11T04:54:00.690Z,-4.276,122.524,639.6,5.2,mb,,,,0.9,us,usp0001w0n,2014-11-07T00:33:18.945Z,"32 km S of Kendari, Indonesia",earthquake,,3.4,,15.0,reviewed,us,us
1983-06-11T06:14:54.300Z,40.0,138.989,33.0,4.6,mb,,,,1.0,us,usp0001w0q,2014-11-07T00:33:18.953Z,"84 km W of Tenn?, Japan",earthquake,,,,2.0,reviewed,us,us
1983-06-11T12:57:29.620Z,39.11,65.524,33.0,4.5,mb,,,,0.8,us,usp0001w0t,2014-11-07T00:33:18.963Z,"9 km NNW of Koson, Uzbekistan",earthquake,,,,10.0,reviewed,us,us
1983-06-11T22:01:25.440Z,40.877,139.179,23.3,5.1,mb,,,,1.2,us,usp0001w11,2026-01-07T19:39:17.357Z,"101 km W of Shimokizukuri, Japan",earthquake,,3.0,,16.0,reviewed,us,us
1983-06-12T02:36:43.500Z,49.906,78.981,0.0,6.1,mb,,,,0.8,us,usp0001w19,2014-11-07T00:33:19.013Z,"99 km SSE of Kurchatov, Kazakhstan",nuclear explosion,,,,93.0,reviewed,us,us
1983-06-12T03:00:11.800Z,40.232,139.002,33.0,4.7,mb,,,,1.2,us,usp0001w1b,2014-11-07T00:33:19.051Z,"87 km W of Noshiro, Japan",earthquake,,,,7.0,reviewed,us,us
1983-06-12T04:15:27.170Z,0.279,-80.148,37.0,4.8,mb,,,,1.0,us,usp0001w1c,2014-11-07T00:33:19.056Z,"25 km NNW of Pedernales, Ecuador",earthquake,,6.8,,18.0,reviewed,us,us
1983-06-12T07:23:25.650Z,-45.492,96.357,10.0,5.2,ms,,,,0.8,us,usp0001w1h,2025-12-19T21:29:58.164Z,southeast Indian Ridge,earthquake,,,,3.0,reviewed,us,us
1983-06-12T09:14:12.720Z,-12.951,169.016,620.3,5.3,mb,,,,1.0,us,usp0001w1k,2014-11-07T00:33:19.098Z,"188 km ENE of Sola, Vanuatu",earthquake,,3.5,,28.0,reviewed,us,us
1983-06-12T10:12:42.850Z,1.527,127.323,119.9,5.7,mb,,,,1.1,us,usp0001w1m,2022-04-27T23:57:19.768Z,"79 km WSW of Tobelo, Indonesia",earthquake,,1.1,,40.0,reviewed,us,us
1983-06-12T12:00:06.340Z,28.509,33.171,10.0,5.0,mb,,,,0.9,us,usp0001w1p,2014-11-07T00:33:19.134Z,"19 km NNE of Ras Gharib, Egypt",earthquake,,,,36.0,reviewed,us,us
1983-06-12T17:43:42.120Z,40.078,138.774,33.0,4.6,mb,,,,1.3,us,usp0001w1x,2014-11-07T00:33:19.158Z,"103 km W of Tenn?, Japan",earthquake,,,,7.0,reviewed,us,us
1983-06-12T18:30:06.520Z,4.654,-112.061,10.0,4.6,mb,,,,0.9,us,usp0001w1y,2014-11-07T00:33:19.161Z,east central Pacific Ocean,earthquake,,,,4.0,reviewed,us,us
1983-06-12T19:20:59.880Z,46.752,152.651,33.0,5.1,mb,,,,0.9,us,usp0001w21,2014-11-07T00:33:19.167Z,Kuril Islands,earthquake,,,,12.0,reviewed,us,us
1983-06-12T20:37:54.620Z,2.881,126.572,70.3,4.7,mb,,,,1.2,us,usp0001w22,2014-11-07T00:33:19.170Z,"204 km NW of Tobelo, Indonesia",earthquake,,9.1,,5.0,reviewed,us,us
1983-06-13T00:52:00.550Z,40.389,143.927,21.7,4.9,mb,,,,1.2,us,usp0001w25,2026-01-07T19:39:18.714Z,"188 km ENE of Miyako, Japan",earthquake,,4.1,,28.0,reviewed,us,us
1983-06-13T03:54:54.190Z,45.179,150.517,33.0,5.0,mb,,,,0.7,us,usp0001w2a,2014-11-07T00:33:19.195Z,"207 km E of Kuril’sk, Russia",earthquake,,,,37.0,reviewed,us,us
1983-06-13T04:06:23.100Z,-21.299,-178.939,609.7,4.6,mb,,,,0.9,us,usp0001w2b,2014-11-07T00:33:19.201Z,Fiji region,earthquake,,4.7,,10.0,reviewed,us,us
1983-06-13T04:19:29.550Z,40.311,143.878,33.0,4.9,mb,,,,1.2,us,usp0001w2c,2026-01-07T19:39:20.066Z,"181 km ENE of Miyako, Japan",earthquake,,,,13.0,reviewed,us,us
1983-06-13T05:59:57.620Z,12.696,123.144,37.7,4.7,mb,,,,1.4,us,usp0001w2e,2025-12-19T21:29:58.937Z,"19 km SW of Mabiton, Philippines",earthquake,,9.3,,5.0,reviewed,us,us
1983-06-13T06:14:34.910Z,6.804,-72.949,177.4,4.8,mb,,,,0.8,us,usp0001w2g,2014-11-07T00:33:19.221Z,"6 km NNE of Cepitá, Colombia",earthquake,,3.8,,10.0,reviewed,us,us
1983-06-13T08:01:38.610Z,27.643,66.208,33.0,4.8,mb,,,,1.2,us,usp0001w2h,2014-11-07T00:33:19.224Z,"43 km WSW of Khuzdar, Pakistan",earthquake,,,,13.0,reviewed,us,us
1983-06-13T08:18:00.650Z,8.682,-103.15,10.0,4.6,mb,,,,1.1,us,usp0001w2j,2014-11-07T00:33:19.229Z,northern East Pacific Rise,earthquake,,,,6.0,reviewed,us,us
1983-06-13T08:34:08.780Z,-59.444,-25.832,33.0,4.9,mb,,,,1.0,us,usp0001w2k,2014-11-07T00:33:19.231Z,South Sandwich Islands region,earthquake,,,,4.0,reviewed,us,us
1983-06-13T09:45:01.410Z,-8.398,120.669,184.3,4.9,mb,,,,1.3,us,usp0001w2m,2014-11-07T00:33:19.234Z,"32 km NE of Ruteng, Indonesia",earthquake,,5.9,,12.0,reviewed,us,us
1983-06-13T11:00:11.750Z,4.312,62.492,10.0,5.0,mb,,,,0.9,us,usp0001w2n,2026-01-07T19:39:21.308Z,Carlsberg Ridge,earthquake,,,,14.0,reviewed,us,us
1983-06-13T11:49:14.800Z,30.782,-39.642,10.0,4.9,mb,,,,1.1,us,usp0001w2p,2014-11-07T00:33:19.242Z,northern Mid-Atlantic Ridge,earthquake,,,,2.0,reviewed,us,us
1983-06-13T14:02:11.500Z,4.12,62.826,10.0,4.7,mb,,,,1.1,us,usp0001w2q,2014-11-07T00:33:19.244Z,Carlsberg Ridge,earthquake,,,,1.0,reviewed,us,us
1983-06-13T21:23:29.220Z,-7.96,155.798,83.6,4.8,mb,,,,1.5,us,usp0001w2w,2014-11-07T00:33:19.258Z,"116 km W of Gizo, Solomon Islands",earthquake,,9.2,,5.0,reviewed,us,us
1983-06-14T00:59:28.810Z,-53.574,140.744,10.0,5.2,mb,,,,1.1,us,usp0001w2y,2025-12-19T21:29:59.748Z,west of Macquarie Island,earthquake,,,,9.0,reviewed,us,us
1983-06-14T03:46:26.350Z,-0.471,96.315,30.4,4.9,mb,,,,1.1,us,usp0001w2z,2026-01-07T19:39:22.565Z,"southwest of Sumatra, Indonesia",earthquake,,,,12.0,reviewed,us,us
1983-06-14T06:12:50.140Z,42.813,141.472,129.3,4.7,mb,,,,0.8,us,usp0001w36,2014-11-07T00:33:19.292Z,"14 km W of Chitose, Japan",earthquake,,3.1,,5.0,reviewed,us,us
1983-06-14T15:30:13.620Z,46.383,93.752,33.0,4.6,mb,,,,0.7,us,usp0001w3e,2014-11-07T00:33:19.305Z,"192 km W of Altai, Mongolia",earthquake,,,,3.0,reviewed,us,us
1983-06-14T15:50:52.780Z,52.348,-174.913,50.7,4.7,mb,,,,1.1,us,usp0001w3g,2014-11-07T00:33:19.308Z,"51 km WNW of Atka, Alaska",earthquake,,7.1,,13.0,reviewed,us,us
1983-06-14T19:49:01.460Z,44.958,149.06,33.0,4.6,mb,,,,1.0,us,usp0001w3j,2014-11-07T00:33:19.313Z,"97 km ESE of Kuril’sk, Russia",earthquake,,,,8.0,reviewed,us,us
1983-06-14T20:14:01.620Z,-27.232,-179.412,377.1,5.1,mb,,,,1.2,us,usp0001w3k,2014-11-07T00:33:19.345Z,Kermadec Islands region,earthquake,,6.4,,9.0,reviewed,us,us
1983-06-15T01:34:09.270Z,40.259,138.943,33.0,4.6,mb,,,,0.9,us,usp0001w3r,2014-11-07T00:33:19.357Z,"92 km W of Noshiro, Japan",earthquake,,,,9.0,reviewed,us,us
1983-06-15T02:02:50.730Z,51.993,157.303,144.2,4.5,mb,,,,0.5,us,usp0001w3s,2014-11-07T00:33:19.360Z,"78 km NE of Ozernovskiy, Russia",earthquake,,14.1,,8.0,reviewed,us,us
1983-06-15T04:32:08.610Z,-56.102,-27.233,33.0,5.2,mb,,,,1.0,us,usp0001w3v,2014-11-07T00:33:19.367Z,South Sandwich Islands region,earthquake,,,,2.0,reviewed,us,us
1983-06-15T06:05:55.160Z,34.226,92.944,33.0,5.2,ms,,,,1.1,us,usp0001w3z,2025-12-19T20:59:02.696Z,"Southern Qinghai, China",earthquake,,,,1.0,reviewed,us,us
1983-06-15T06:07:54.840Z,-15.232,-173.631,33.0,5.5,ms,,,,1.2,us,usp0001w40,2025-12-19T21:30:00.771Z,"81 km NNE of Hihifo, Tonga",earthquake,,,,11.0,reviewed,us,us
1983-06-15T07:22:11.580Z,15.655,147.942,33.0,4.9,mb,,,,1.0,us,usp0001w43,2014-11-07T00:33:19.415Z,"239 km ENE of Saipan, Northern Mariana Islands",earthquake,,,,4.0,reviewed,us,us
1983-06-15T07:33:43.590Z,5.313,127.601,53.9,5.2,mb,,,,1.2,us,usp0001w45,2026-01-07T19:39:23.817Z,"195 km SE of Pondaguitan, Philippines",earthquake,,5.3,,15.0,reviewed,us,us
1983-06-15T07:33:56.640Z,2.79,96.974,33.0,4.7,mb,,,,1.3,us,usp0001w46,2014-11-07T00:33:19.427Z,"74 km ENE of Sinabang, Indonesia",earthquake,,,,5.0,reviewed,us,us
1983-06-15T08:33:18.450Z,8.111,-71.871,46.8,4.8,mb,,,,1.1,us,usp0001w48,2022-04-27T23:57:31.117Z,"43 km ESE of La Fría, Venezuela",earthquake,,4.2,,12.0,reviewed,us,us
1983-06-15T08:33:24.570Z,8.119,-71.936,43.1,5.1,mb,,,,1.1,us,usp0001w49,2014-11-07T00:33:19.447Z,"36 km ESE of La Fría, Venezuela",earthquake,,6.8,,30.0,reviewed,us,us
1983-06-15T13:34:06.160Z,39.265,64.351,33.0,4.8,mb,,,,0.8,us,usp0001w4g,2014-11-07T00:33:19.483Z,"46 km SW of Qorovulbozor, Uzbekistan",earthquake,,,,28.0,reviewed,us,us
1983-06-15T14:41:53.620Z,46.814,152.733,33.0,4.9,mb,,,,1.1,us,usp0001w4j,2014-11-07T00:33:19.493Z,Kuril Islands,earthquake,,,,12.0,reviewed,us,us
1983-06-15T15:07:35.510Z,30.03,140.217,169.9,4.7,mb,,,,0.9,us,usp0001w4m,2014-11-07T00:33:19.498Z,"Izu Islands, Japan region",earthquake,,4.3,,11.0,reviewed,us,us
1983-06-15T19:40:28.170Z,56.66,-153.155,33.0,5.2,mb,,,,0.9,us,usp0001w4p,2026-01-07T19:37:03.232Z,"61 km S of Old Harbor, Alaska",earthquake,,,,57.0,reviewed,us,us
1983-06-15T19:41:43.020Z,9.048,124.02,542.6,5.1,mb,,,,0.9,us,usp0001w4q,2014-11-07T00:33:19.516Z,"43 km ESE of Lazi, Philippines",earthquake,,2.8,,20.0,reviewed,us,us
1983-06-16T09:58:08.330Z,-6.944,154.652,42.2,4.8,mb,,,,0.7,us,usp0001w4w,2014-11-07T00:33:19.533Z,"115 km SW of Panguna, Papua New Guinea",earthquake,,5.4,,5.0,reviewed,us,us
1983-06-16T10:50:46.240Z,26.02,95.737,113.1,4.8,mb,,,,1.2,us,usp0001w4y,2014-11-07T00:33:19.537Z,"95 km ESE of Tuensang, India",earthquake,,10.8,,3.0,reviewed,us,us
1983-06-16T14:02:10.280Z,-18.782,167.676,11.3,4.7,mb,,,,1.3,us,usp0001w51,2014-11-07T00:33:19.542Z,"133 km SSW of Port-Vila, Vanuatu",earthquake,,3.9,,5.0,reviewed,us,us
1983-06-16T21:19:23.530Z,60.187,-151.856,92.2,4.8,mb,,,,0.9,us,usp0001w55,2014-11-07T00:33:19.551Z,"18 km NW of Ninilchik, Alaska",earthquake,,3.0,,19.0,reviewed,us,us
1983-06-17T02:32:50.910Z,36.69,71.557,33.0,4.6,mb,,,,0.8,us,usp0001w57,2014-11-07T00:33:19.560Z,"2 km ENE of Ashk?sham, Afghanistan",earthquake,,,,6.0,reviewed,us,us
1983-06-17T04:56:40.350Z,-6.849,155.623,75.3,4.9,mb,,,,1.3,us,usp0001w58,2014-11-07T00:33:19.562Z,"60 km SSE of Panguna, Papua New Guinea",earthquake,,5.5,,5.0,reviewed,us,us
1983-06-17T11:33:16.670Z,-36.383,-97.524,10.0,5.6,mb,,,,0.9,us,usp0001w5c,2025-12-19T21:30:01.631Z,West Chile Rise,earthquake,,,,17.0,reviewed,us,us
1983-06-17T19:32:13.350Z,-31.905,-179.901,332.4,4.8,mb,,,,1.0,us,usp0001w5g,2014-11-07T00:33:19.605Z,Kermadec Islands region,earthquake,,3.3,,2.0,reviewed,us,us
1983-06-17T20:38:31.840Z,-23.014,-66.458,223.0,4.5,mb,,,,1.0,us,usp0001w5k,2014-11-07T00:33:19.617Z,"82 km WNW of El Aguilar, Argentina",earthquake,,5.6,,2.0,reviewed,us,us
1983-06-17T20:45:34.790Z,-6.367,147.279,88.3,5.0,mb,,,,0.8,us,usp0001w5m,2014-11-07T00:33:19.620Z,"50 km NE of Lae, Papua New Guinea",earthquake,,5.3,,2.0,reviewed,us,us
1983-06-17T20:55:33.420Z,41.349,139.135,38.1,4.9,mb,,,,1.1,us,usp0001w5n,2026-01-07T19:39:25.132Z,"119 km WNW of Shimokizukuri, Japan",earthquake,,6.9,,31.0,reviewed,us,us
1983-06-17T22:02:31.490Z,52.235,159.599,33.0,5.5,mb,,,,1.0,us,usp0001w5q,2025-12-19T21:30:02.285Z,"110 km SE of Petropavlovsk-Kamchatsky, Russia",earthquake,,,,89.0,reviewed,us,us
1983-06-18T01:21:00.910Z,-15.783,-72.479,131.9,4.8,mb,,,,0.9,us,usp0001w5t,2014-11-07T00:33:19.691Z,"7 km SW of Uñon, Peru",earthquake,,4.4,,2.0,reviewed,us,us
1983-06-18T02:01:41.150Z,-59.509,-24.429,33.0,4.9,mb,,,,1.1,us,usp0001w5v,2014-11-07T00:33:19.699Z,South Sandwich Islands region,earthquake,,,,4.0,reviewed,us,us
1983-06-18T02:09:35.090Z,-1.143,4.39,10.0,4.8,mb,,,,1.4,us,usp0001w5w,2014-11-07T00:33:19.701Z,"141 km WNW of San Antonio de Palé, Equatorial Guinea",earthquake,,,,3.0,reviewed,us,us
1983-06-18T03:03:40.260Z,52.989,158.903,94.2,4.9,mb,,,,0.7,us,usp0001w5x,2014-11-07T00:33:19.704Z,"18 km ESE of Petropavlovsk-Kamchatsky, Russia",earthquake,,,,43.0,reviewed,us,us
1983-06-18T06:26:14.280Z,-17.855,-178.358,607.7,4.8,mb,,,,0.8,us,usp0001w5z,2014-11-07T00:33:19.713Z,"247 km E of Levuka, Fiji",earthquake,,4.2,,6.0,reviewed,us,us
1983-06-18T09:26:43.320Z,14.557,-93.947,33.0,4.7,mb,,,,1.1,us,usp0001w61,2014-11-07T00:33:19.717Z,"129 km SW of La Esperanza (El Zapotal), Mexico",earthquake,,,,19.0,reviewed,us,us
1983-06-18T11:27:17.230Z,-44.823,35.531,10.0,5.0,mb,,,,1.0,us,usp0001w62,2014-11-07T00:33:19.723Z,Prince Edward Islands region,earthquake,,,,5.0,reviewed,us,us
1983-06-18T11:29:48.190Z,-5.567,131.251,55.4,5.2,mb,,,,1.1,us,usp0001w63,2014-11-07T00:33:19.727Z,"166 km W of Tual, Indonesia",earthquake,,6.6,,13.0,reviewed,us,us
1983-06-18T13:17:56.730Z,12.338,142.977,52.7,4.9,mb,,,,1.0,us,usp0001w64,2014-11-07T00:33:19.731Z,"210 km WSW of Merizo Village, Guam",earthquake,,7.2,,10.0,reviewed,us,us
1983-06-18T19:31:10.400Z,-8.228,156.357,9.3,5.5,mb,,,,1.0,us,usp0001w68,2025-12-19T21:30:03.043Z,"55 km WSW of Gizo, Solomon Islands",earthquake,,3.2,,17.0,reviewed,us,us
1983-06-18T21:29:34.010Z,33.569,131.85,70.5,5.1,mb,,,,1.4,us,usp0001w69,2014-11-07T00:33:19.753Z,"27 km NE of Kitsuki, Japan",earthquake,,,,26.0,reviewed,us,us
1983-06-18T22:13:31.510Z,40.176,138.944,21.3,5.5,mb,,,,1.0,us,usp0001w6a,2025-12-19T21:30:03.919Z,"92 km W of Noshiro, Japan",earthquake,,,,77.0,reviewed,us,us
1983-06-18T23:02:17.270Z,-15.639,-173.297,33.0,4.8,mb,,,,1.1,us,usp0001w6c,2014-11-07T00:33:19.796Z,"63 km ENE of Hihifo, Tonga",earthquake,,,,5.0,reviewed,us,us
1983-06-19T04:05:52.770Z,36.577,71.385,33.0,4.8,mb,,,,1.0,us,usp0001w6g,2014-11-07T00:33:19.808Z,"17 km SW of Ashk?sham, Afghanistan",earthquake,,,,13.0,reviewed,us,us
1983-06-19T04:35:50.290Z,40.03,138.968,30.9,4.8,mb,,,,0.9,us,usp0001w6h,2025-12-19T21:30:04.816Z,"86 km W of Tenn?, Japan",earthquake,,3.4,,5.0,reviewed,us,us
1983-06-19T06:45:14.470Z,-16.729,-174.797,286.2,4.8,mb,,,,1.0,us,usp0001w6m,2014-11-07T00:33:19.816Z,"137 km SW of Hihifo, Tonga",earthquake,,4.7,,15.0,reviewed,us,us
1983-06-19T13:38:01.060Z,23.836,122.526,29.7,4.6,mb,,,,1.4,us,usp0001w6u,2014-11-07T00:33:19.849Z,"84 km SW of Yonakuni, Japan",earthquake,,4.0,,5.0,reviewed,us,us
1983-06-19T18:04:34.080Z,-2.735,126.981,33.0,5.2,mb,,,,1.3,us,usp0001w71,2014-11-07T00:33:19.866Z,"170 km NW of Ambon, Indonesia",earthquake,,,,5.0,reviewed,us,us
1983-06-19T21:38:15.830Z,40.862,144.814,33.0,4.8,mb,,,,0.9,us,usp0001w75,2014-11-07T00:33:19.876Z,"237 km S of Kushiro, Japan",earthquake,,,,11.0,reviewed,us,us
1983-06-20T00:28:36.140Z,39.915,42.095,10.0,4.6,mb,,,,1.2,us,usp0001w76,2014-11-07T00:33:19.878Z,"14 km SSW of Horasan, Turkey",earthquake,,,,6.0,reviewed,us,us
1983-06-20T02:43:24.770Z,41.004,139.12,18.3,5.4,mb,,,,1.0,us,usp0001w78,2026-01-07T19:39:26.483Z,"107 km W of Shimokizukuri, Japan",earthquake,,,,58.0,reviewed,us,us
1983-06-20T05:43:37.760Z,-23.579,179.098,544.4,5.5,mb,,,,0.9,us,usp0001w7a,2022-04-27T23:57:44.204Z,south of the Fiji Islands,earthquake,,1.4,,37.0,reviewed,us,us
1983-06-20T15:14:35.510Z,44.415,148.65,104.8,5.2,mb,,,,0.9,us,usp0001w7j,2025-12-19T21:30:05.557Z,"108 km SE of Kuril’sk, Russia",earthquake,,,,63.0,reviewed,us,us
1983-06-20T17:47:37.780Z,-59.446,-26.18,33.0,4.8,mb,,,,1.0,us,usp0001w7n,2014-11-07T00:33:19.975Z,South Sandwich Islands region,earthquake,,,,3.0,reviewed,us,us
1983-06-20T22:41:54.100Z,-42.769,83.57,10.0,5.4,mb,,,,0.9,us,usp0001w7s,2025-12-19T21:30:06.228Z,Mid-Indian Ridge,earthquake,,,,8.0,reviewed,us,us
1983-06-20T23:45:08.070Z,-13.251,-76.538,78.4,4.8,mb,,,,1.0,us,usp0001w7u,2014-11-07T00:33:19.989Z,"25 km SW of San Vicente de Cañete, Peru",earthquake,,3.5,,4.0,reviewed,us,us
1983-06-21T00:20:36.930Z,-22.078,170.361,33.0,4.6,mb,,,,1.3,us,usp0001w7v,2014-11-07T00:33:19.991Z,"263 km ESE of Tadine, New Caledonia",earthquake,,,,3.0,reviewed,us,us
1983-06-21T02:00:39.480Z,6.822,91.305,33.0,4.9,mb,,,,1.3,us,usp0001w7x,2014-11-07T00:33:19.996Z,"Nicobar Islands, India region",earthquake,,,,5.0,reviewed,us,us
1983-06-21T03:44:44.050Z,-17.454,168.595,227.2,5.1,mb,,,,1.1,us,usp0001w7z,2014-11-07T00:33:20.000Z,"43 km NE of Port-Vila, Vanuatu",earthquake,,4.5,,6.0,reviewed,us,us
1983-06-21T06:25:27.350Z,41.346,139.099,9.9,6.7,mw,,,,1.1,us,usp0001w81,2025-12-19T21:30:07.124Z,"122 km WNW of Shimokizukuri, Japan",earthquake,,1.3,,,reviewed,us,nc
1983-06-21T06:46:50.580Z,41.393,139.264,33.0,5.3,mb,,,,1.1,us,usp0001w82,2022-04-27T23:57:55.185Z,"113 km NW of Shimokizukuri, Japan",earthquake,,,,43.0,reviewed,us,us
1983-06-21T06:58:21.750Z,-22.631,-66.249,227.5,4.9,mb,,,,1.1,us,usp0001w83,2014-11-07T00:33:20.077Z,"57 km W of Abra Pampa, Argentina",earthquake,,4.5,,19.0,reviewed,us,us
1983-06-21T07:04:20.990Z,41.381,139.281,23.5,5.5,mb,,,,0.9,us,usp0001w84,2022-04-27T23:57:56.544Z,"111 km NW of Shimokizukuri, Japan",earthquake,,,,66.0,reviewed,us,us
1983-06-21T07:13:51.150Z,41.376,139.204,29.5,5.4,mb,,,,0.9,us,usp0001w85,2022-04-27T23:57:58.687Z,"116 km WNW of Shimokizukuri, Japan",earthquake,,4.0,,48.0,reviewed,us,us
1983-06-21T07:40:39.670Z,41.331,139.413,33.0,4.8,mb,,,,1.2,us,usp0001w86,2014-11-07T00:33:20.111Z,"99 km NW of Shimokizukuri, Japan",earthquake,,,,14.0,reviewed,us,us
1983-06-21T09:12:15.440Z,41.36,139.478,33.0,4.5,mb,,,,1.1,us,usp0001w89,2014-11-07T00:33:20.117Z,"96 km NW of Shimokizukuri, Japan",earthquake,,,,6.0,reviewed,us,us
1983-06-21T09:13:25.090Z,41.291,139.388,33.0,4.6,mb,,,,1.1,us,usp0001w8a,2025-12-19T21:30:07.891Z,"98 km WNW of Shimokizukuri, Japan",earthquake,,,,3.0,reviewed,us,us
1983-06-21T09:22:18.940Z,-32.344,-179.019,31.3,5.0,mb,,,,1.4,us,usp0001w8b,2014-11-07T00:33:20.122Z,south of the Kermadec Islands,earthquake,,,,1.0,reviewed,us,us
1983-06-21T09:23:55.890Z,-8.582,-74.337,149.3,5.2,mb,,,,1.0,us,usp0001w8c,2014-11-07T00:33:20.125Z,"30 km SE of San Fernando, Peru",earthquake,,3.8,,44.0,reviewed,us,us
1983-06-21T10:16:05.750Z,41.414,139.295,33.0,4.8,mb,,,,1.0,us,usp0001w8d,2014-11-07T00:33:20.136Z,"112 km NW of Shimokizukuri, Japan",earthquake,,,,21.0,reviewed,us,us
1983-06-21T10:26:28.940Z,-5.471,151.005,101.7,5.0,mb,,,,0.9,us,usp0001w8e,2014-11-07T00:33:20.140Z,"96 km E of Kimbe, Papua New Guinea",earthquake,,3.9,,3.0,reviewed,us,us
1983-06-21T10:38:45.560Z,24.032,122.629,22.0,4.7,mb,,,,1.4,us,usp0001w8f,2014-11-07T00:33:20.144Z,"61 km SW of Yonakuni, Japan",earthquake,,4.8,,11.0,reviewed,us,us
1983-06-21T11:05:55.260Z,13.78,120.741,212.3,4.5,mb,,,,1.2,us,usp0001w8g,2014-11-07T00:33:20.148Z,"8 km SSE of Hukay, Philippines",earthquake,,6.5,,9.0,reviewed,us,us
1983-06-21T11:29:52.210Z,41.336,139.041,11.7,5.2,mb,,,,0.9,us,usp0001w8h,2026-01-07T19:39:27.688Z,"126 km WNW of Shimokizukuri, Japan",earthquake,,1.9,,46.0,reviewed,us,us
1983-06-21T11:32:12.630Z,-7.144,129.94,104.0,4.8,mb,,,,1.4,us,usp0001w8j,2014-11-07T00:33:20.177Z,"Kepulauan Babar, Indonesia",earthquake,,10.0,,1.0,reviewed,us,us
1983-06-21T11:36:57.660Z,-15.433,-173.415,33.0,5.1,mb,,,,0.9,us,usp0001w8k,2014-11-07T00:33:20.180Z,"70 km NE of Hihifo, Tonga",earthquake,,,,9.0,reviewed,us,us
1983-06-21T12:57:33.800Z,-3.782,131.561,33.0,5.0,mb,,,,0.9,us,usp0001w8n,2014-11-07T00:33:20.194Z,"243 km NNW of Tual, Indonesia",earthquake,,,,9.0,reviewed,us,us
1983-06-21T14:31:52.400Z,24.081,122.395,40.8,5.2,mb,,,,1.2,us,usp0001w8p,2025-12-19T21:30:08.688Z,"74 km SW of Yonakuni, Japan",earthquake,,2.7,,35.0,reviewed,us,us
1983-06-21T14:48:07.340Z,24.199,122.422,36.9,6.4,mw,,,,1.0,us,usp0001w8q,2025-12-19T21:30:09.549Z,"65 km WSW of Yonakuni, Japan",earthquake,,2.2,,,reviewed,us,nc
1983-06-21T15:01:34.500Z,25.553,123.927,160.1,4.8,mb,,,,1.3,us,usp0001w8r,2014-11-07T00:33:20.241Z,"135 km N of Ishigaki, Japan",earthquake,,8.3,,7.0,reviewed,us,us
1983-06-21T15:06:02.470Z,24.061,122.437,33.6,5.1,mb,,,,1.4,us,usp0001w8t,2014-11-07T00:33:20.246Z,"72 km SW of Yonakuni, Japan",earthquake,,12.1,,3.0,reviewed,us,us
1983-06-21T15:49:41.520Z,6.268,125.192,334.8,4.9,mb,,,,1.3,us,usp0001w8v,2014-11-07T00:33:20.250Z,"7 km N of Conel, Philippines",earthquake,,7.5,,1.0,reviewed,us,us
1983-06-21T16:02:21.930Z,41.611,139.418,35.9,4.8,mb,,,,1.1,us,usp0001w8w,2014-11-07T00:33:20.252Z,"104 km WSW of Kamiiso, Japan",earthquake,,4.0,,21.0,reviewed,us,us
1983-06-21T17:06:51.470Z,29.718,129.395,157.9,5.9,mb,,,,1.0,us,usp0001w8z,2022-04-27T23:58:06.181Z,"116 km WSW of Kurio, Japan",earthquake,,1.2,,93.0,reviewed,us,us
1983-06-21T20:46:05.980Z,-0.813,119.801,49.0,4.6,mb,,,,1.3,us,usp0001w95,2014-11-07T00:33:20.309Z,"13 km NW of Palu, Indonesia",earthquake,,11.2,,3.0,reviewed,us,us
1983-06-22T00:00:34.800Z,26.753,140.543,512.8,4.5,mb,,,,0.6,us,usp0001w98,2014-11-07T00:33:20.317Z,"Bonin Islands, Japan region",earthquake,,6.2,,16.0,reviewed,us,us
1983-06-22T00:59:35.780Z,40.79,139.296,33.0,4.5,mb,,,,0.2,us,usp0001w9a,2014-11-07T00:33:20.323Z,"89 km NW of Noshiro, Japan",earthquake,,,,4.0,reviewed,us,us
1983-06-22T04:34:18.820Z,41.487,139.143,15.6,5.0,mb,,,,1.0,us,usp0001w9d,2014-11-07T00:33:20.327Z,"127 km NW of Shimokizukuri, Japan",earthquake,,,,31.0,reviewed,us,us
1983-06-22T04:36:31.970Z,41.107,139.159,14.5,5.0,mb,,,,1.5,us,usp0001w9e,2014-11-07T00:33:20.340Z,"107 km WNW of Shimokizukuri, Japan",earthquake,,,,32.0,reviewed,us,us
1983-06-22T05:39:32.780Z,41.543,139.254,19.5,4.9,mb,,,,1.2,us,usp0001w9f,2014-11-07T00:33:20.348Z,"119 km WSW of Kamiiso, Japan",earthquake,,,,23.0,reviewed,us,us
1983-06-22T07:34:26.510Z,-32.908,-179.096,33.0,4.8,mb,,,,1.4,us,usp0001w9g,2014-11-07T00:33:20.354Z,south of the Kermadec Islands,earthquake,,,,2.0,reviewed,us,us
1983-06-22T08:08:12.570Z,-15.17,-72.74,33.0,4.9,mb,,,,0.5,us,usp0001w9j,2014-11-07T00:33:20.359Z,"4 km SE of Alca, Peru",earthquake,,,,1.0,reviewed,us,us
1983-06-22T14:32:07.420Z,50.34,142.244,33.0,4.9,mb,,,,0.9,us,usp0001w9p,2014-11-07T00:33:20.367Z,"62 km S of Aleksandrovsk-Sakhalinskiy, Russia",earthquake,,,,18.0,reviewed,us,us
1983-06-22T15:20:24.220Z,41.377,139.13,22.8,5.1,mb,,,,0.9,us,usp0001w9r,2026-01-07T19:39:30.392Z,"121 km WNW of Shimokizukuri, Japan",earthquake,,2.4,,35.0,reviewed,us,us
1983-06-22T20:15:46.330Z,40.093,138.931,17.2,5.4,mb,,,,1.0,us,usp0001w9y,2026-01-07T19:39:31.762Z,"91 km WNW of Tenn?, Japan",earthquake,,,,51.0,reviewed,us,us
1983-06-22T21:38:26.710Z,41.267,138.997,29.7,4.7,mb,,,,1.0,us,usp0001wa0,2025-12-19T21:30:10.254Z,"126 km WNW of Shimokizukuri, Japan",earthquake,,4.9,,22.0,reviewed,us,us
1983-06-22T22:41:41.350Z,-16.723,166.983,35.6,4.5,mb,,,,1.1,us,usp0001wa1,2026-01-07T19:39:33.005Z,"83 km SW of Lakatoro, Vanuatu",earthquake,,,,3.0,reviewed,us,us
1983-06-23T01:22:54.620Z,1.994,-95.431,10.0,4.8,mb,,,,1.0,us,usp0001wa3,2014-11-07T00:33:20.429Z,"Galapagos Islands, Ecuador region",earthquake,,,,5.0,reviewed,us,us
1983-06-23T01:45:06.290Z,51.291,-178.881,57.8,4.8,mb,,,,1.0,us,usp0001wa4,2014-11-07T00:33:20.431Z,"168 km WSW of Adak, Alaska",earthquake,,5.4,,16.0,reviewed,us,us
1983-06-23T09:31:49.650Z,51.595,7.304,10.0,4.6,ml,,,,1.4,us,usp0001wa7,2020-08-26T22:44:18.676Z,"4 km N of Castrop-Rauxel, Germany",earthquake,,,,,reviewed,us,dou
1983-06-23T10:51:04.060Z,7.593,-84.623,33.0,4.8,mb,,,,1.0,us,usp0001wa8,2014-11-07T00:33:20.442Z,"193 km SW of Ciudad Cortés, Costa Rica",earthquake,,,,10.0,reviewed,us,us
1983-06-23T11:00:37.700Z,41.522,142.007,77.6,4.9,mb,,,,1.0,us,usp0001wa9,2014-11-07T00:33:20.446Z,"70 km ENE of Mutsu, Japan",earthquake,,2.6,,18.0,reviewed,us,us
1983-06-23T12:05:19.000Z,-51.722,139.573,10.0,5.6,ms,,,,1.5,us,usp0001wac,2025-12-19T21:30:10.934Z,western Indian-Antarctic Ridge,earthquake,,,,14.0,reviewed,us,us
1983-06-23T18:56:52.710Z,76.2,4.169,10.0,4.9,mb,,,,1.0,us,usp0001wag,2026-01-07T19:39:34.358Z,Greenland Sea,earthquake,,,,20.0,reviewed,us,us
1983-06-23T19:40:19.210Z,-26.661,-176.801,33.0,5.0,mb,,,,1.3,us,usp0001wah,2014-11-07T00:33:20.485Z,south of the Fiji Islands,earthquake,,,,3.0,reviewed,us,us
1983-06-23T20:23:36.270Z,-24.146,-175.354,33.0,4.9,mb,,,,1.1,us,usp0001waj,2014-11-07T00:33:20.490Z,south of Tonga,earthquake,,,,5.0,reviewed,us,us
1983-06-23T22:19:16.570Z,-23.371,-175.811,33.0,4.8,mb,,,,1.2,us,usp0001wam,2014-11-07T00:33:20.497Z,"242 km SSW of ‘Ohonua, Tonga",earthquake,,,,2.0,reviewed,us,us
1983-06-24T00:17:59.940Z,17.402,-100.767,65.7,4.5,mb,,,,1.2,us,usp0001wan,2014-11-07T00:33:20.499Z,"19 km NE of San Luis San Pedro, Mexico",earthquake,,11.9,,4.0,reviewed,us,us
1983-06-24T01:41:45.160Z,-37.341,52.373,10.0,5.1,mb,,,,1.1,us,usp0001wap,2014-11-07T00:33:20.502Z,South Indian Ocean,earthquake,,,,11.0,reviewed,us,us
1983-06-24T02:09:27.580Z,-4.832,102.378,33.0,4.9,mb,,,,1.3,us,usp0001war,2014-11-07T00:33:20.509Z,"114 km S of Bengkulu, Indonesia",earthquake,,,,3.0,reviewed,us,us
1983-06-24T02:56:11.160Z,49.81,78.107,0.0,4.7,mb,,,,0.5,us,usp0001wat,2015-06-16T17:24:45.565Z,"109 km SSW of Kurchatov, Kazakhstan",nuclear explosion,,,,29.0,reviewed,us,us
1983-06-24T04:41:46.410Z,-9.111,120.203,187.9,5.4,mb,,,,1.1,us,usp0001wav,2014-11-07T00:33:20.521Z,"60 km N of Waingapu, Indonesia",earthquake,,6.4,,1.0,reviewed,us,us
1983-06-24T06:52:18.060Z,-7.647,127.658,139.6,4.9,mb,,,,1.5,us,usp0001waw,2014-11-07T00:33:20.525Z,"121 km NE of Lospalos, Timor Leste",earthquake,,6.2,,4.0,reviewed,us,us
1983-06-24T07:18:22.140Z,21.721,103.282,18.4,6.3,mw,,,,1.2,us,usp0001way,2025-12-19T21:30:11.603Z,"45 km NE of Dien Bien Phu, Vietnam",earthquake,,,,,reviewed,us,nc
1983-06-24T08:43:42.730Z,21.766,103.499,33.0,4.6,mb,,,,1.3,us,usp0001waz,2025-12-19T20:59:03.526Z,"64 km NE of Dien Bien Phu, Vietnam",earthquake,,,,16.0,reviewed,us,us
1983-06-24T09:06:45.800Z,24.176,122.402,44.1,6.7,mw,,,,1.0,us,usp0001wb0,2025-12-19T21:30:12.333Z,"68 km WSW of Yonakuni, Japan",earthquake,,1.7,,,reviewed,us,nc
1983-06-24T09:07:14.300Z,21.4,102.604,33.0,6.9,ms,,,,1.5,us,usp0001wb1,2020-08-26T22:45:18.803Z,"43 km W of Dien Bien Phu, Vietnam",earthquake,,,,1.0,reviewed,us,us
1983-06-24T09:07:16.880Z,45.082,147.065,92.1,5.0,mb,,,,1.0,us,usp0001wb2,2014-11-07T00:33:20.617Z,"65 km WSW of Kuril’sk, Russia",earthquake,,11.9,,39.0,reviewed,us,us
1983-06-24T09:35:11.220Z,24.03,122.602,20.8,4.6,mb,,,,1.0,us,usp0001wb3,2014-11-07T00:33:20.636Z,"63 km SW of Yonakuni, Japan",earthquake,,5.6,,1.0,reviewed,us,us
1983-06-24T11:44:23.960Z,23.958,122.425,44.6,4.8,mb,,,,1.0,us,usp0001wb8,2026-01-07T19:39:35.661Z,"81 km SW of Yonakuni, Japan",earthquake,,5.7,,7.0,reviewed,us,us
1983-06-24T12:20:15.010Z,34.583,69.977,33.0,4.6,mb,,,,1.1,us,usp0001wb9,2014-11-07T00:33:20.648Z,"23 km WSW of Mehtar L?m, Afghanistan",earthquake,,,,8.0,reviewed,us,us
1983-06-24T14:13:17.120Z,23.957,122.679,33.0,4.7,mb,,,,1.2,us,usp0001wbb,2014-11-07T00:33:20.652Z,"65 km SSW of Yonakuni, Japan",earthquake,,,,4.0,reviewed,us,us
1983-06-24T14:25:16.080Z,21.713,103.346,33.0,4.5,mb,,,,1.5,us,usp0001wbc,2026-01-07T19:39:36.966Z,"49 km NE of Dien Bien Phu, Vietnam",earthquake,,,,7.0,reviewed,us,us
1983-06-24T15:10:49.660Z,23.954,122.545,33.0,4.5,mb,,,,1.1,us,usp0001wbg,2026-01-07T19:39:38.327Z,"73 km SW of Yonakuni, Japan",earthquake,,,,3.0,reviewed,us,us
1983-06-24T18:55:04.200Z,5.291,125.563,51.3,5.2,mb,,,,0.9,us,usp0001wbr,2014-11-07T00:33:20.710Z,"16 km SE of Sarangani, Philippines",earthquake,,8.7,,3.0,reviewed,us,us
1983-06-24T19:17:42.330Z,-3.025,129.205,58.2,4.7,mb,,,,1.3,us,usp0001wbt,2014-11-07T00:33:20.713Z,"47 km NE of Amahai, Indonesia",earthquake,,7.8,,5.0,reviewed,us,us
1983-06-24T19:55:21.880Z,23.976,122.46,40.1,4.8,mb,,,,1.1,us,usp0001wbu,2026-01-07T19:37:04.895Z,"77 km SW of Yonakuni, Japan",earthquake,,4.6,,10.0,reviewed,us,us
1983-06-24T19:58:38.860Z,23.999,122.508,41.4,4.8,mb,,,,0.9,us,usp0001wbv,2026-01-07T19:39:39.759Z,"71 km SW of Yonakuni, Japan",earthquake,,5.1,,4.0,reviewed,us,us
1983-06-25T01:04:26.490Z,16.495,-60.4,59.5,4.8,mb,,,,1.0,us,usp0001wc0,2014-11-07T00:33:20.730Z,"75 km ENE of Beauséjour, Guadeloupe",earthquake,,,,9.0,reviewed,us,us
1983-06-25T02:33:47.900Z,-30.255,-177.183,33.0,5.1,mb,,,,1.5,us,usp0001wc3,2014-11-07T00:33:20.738Z,"Kermadec Islands, New Zealand",earthquake,,,,2.0,reviewed,us,us
1983-06-25T02:46:39.880Z,10.53,-130.324,33.0,4.6,mb,,,,0.7,us,usp0001wc4,2014-11-07T00:33:20.740Z,North Pacific Ocean,earthquake,,,,7.0,reviewed,us,us
1983-06-25T03:01:29.300Z,23.307,122.43,13.7,4.9,mb,,,,1.0,us,usp0001wc5,2026-01-07T19:39:40.933Z,"112 km SE of Hualien City, Taiwan",earthquake,,2.3,,14.0,reviewed,us,us
1983-06-25T05:56:58.150Z,-18.013,167.641,10.2,4.6,mb,,,,1.2,us,usp0001wcb,2014-11-07T00:33:20.755Z,"77 km WSW of Port-Vila, Vanuatu",earthquake,,5.5,,2.0,reviewed,us,us
1983-06-25T06:44:22.060Z,53.61,-165.82,54.6,4.8,mb,,,,1.5,us,usp0001wcc,2014-11-07T00:33:20.758Z,"55 km ESE of Unalaska, Alaska",earthquake,,8.3,,3.0,reviewed,us,us
1983-06-25T08:40:42.970Z,1.326,99.93,205.8,4.8,mb,,,,0.8,us,usp0001wce,2014-11-07T00:33:20.761Z,"73 km E of Padangsidempuan, Indonesia",earthquake,,2.2,,8.0,reviewed,us,us
1983-06-25T09:41:29.570Z,55.416,-156.864,33.0,4.7,mb,,,,1.1,us,usp0001wch,2014-11-07T00:33:20.769Z,"137 km SE of Chignik, Alaska",earthquake,,,,5.0,reviewed,us,us
1983-06-25T10:03:17.420Z,-32.835,-178.791,45.8,5.6,ms,,,,1.1,us,usp0001wcj,2025-12-19T21:30:13.016Z,south of the Kermadec Islands,earthquake,,,,4.0,reviewed,us,us
1983-06-25T11:59:44.710Z,-19.018,-177.434,591.2,5.0,mb,,,,1.3,us,usp0001wcm,2014-11-07T00:33:20.787Z,Fiji region,earthquake,,6.0,,9.0,reviewed,us,us
1983-06-25T13:50:25.720Z,32.293,137.677,380.8,5.0,mb,,,,0.9,us,usp0001wcs,2014-11-07T00:33:20.797Z,"224 km SE of Shing?, Japan",earthquake,,1.9,,32.0,reviewed,us,us
1983-06-25T14:12:55.940Z,23.092,123.339,23.7,5.4,mb,,,,0.8,us,usp0001wct,2025-12-19T21:30:13.660Z,"156 km SSE of Yonakuni, Japan",earthquake,,1.7,,56.0,reviewed,us,us
1983-06-25T15:04:10.440Z,-22.003,-177.451,277.8,5.5,mb,,,,0.9,us,usp0001wcu,2022-04-27T23:58:23.031Z,"250 km WSW of Haveluloto, Tonga",earthquake,,,,28.0,reviewed,us,us
1983-06-25T18:40:11.070Z,41.539,139.127,38.1,4.7,mb,,,,1.1,us,usp0001wcx,2014-11-07T00:33:20.847Z,"130 km WSW of Kamiiso, Japan",earthquake,,6.3,,10.0,reviewed,us,us
1983-06-25T19:00:29.740Z,-8.684,-79.995,26.9,5.1,mb,,,,1.0,us,usp0001wcz,2014-11-07T00:33:20.852Z,"115 km SW of Santiago de Cao, Peru",earthquake,,14.5,,8.0,reviewed,us,us
1983-06-25T19:10:01.880Z,-32.926,-178.699,33.0,5.5,mb,,,,1.2,us,usp0001wd0,2022-04-27T23:58:28.179Z,south of the Kermadec Islands,earthquake,,,,5.0,reviewed,us,us
1983-06-25T19:40:54.640Z,24.008,122.528,34.4,5.4,mb,,,,1.0,us,usp0001wd1,2025-12-19T21:30:14.438Z,"69 km SW of Yonakuni, Japan",earthquake,,2.5,,57.0,reviewed,us,us
1983-06-25T20:35:13.890Z,40.86,61.653,33.0,4.5,mb,,,,1.1,us,usp0001wd2,2014-11-07T00:33:20.880Z,"41 km SSE of Gazojak, Turkmenistan",earthquake,,,,24.0,reviewed,us,us
1983-06-25T23:14:57.340Z,-7.244,106.022,64.5,4.9,mb,,,,1.2,us,usp0001wd4,2014-11-07T00:33:20.884Z,"64 km WSW of Pelabuhanratu, Indonesia",earthquake,,8.7,,8.0,reviewed,us,us
1983-06-25T23:35:32.520Z,-65.195,178.217,10.0,4.7,mb,,,,1.2,us,usp0001wd5,2014-11-07T00:33:20.887Z,Balleny Islands region,earthquake,,,,2.0,reviewed,us,us
1983-06-26T02:31:18.720Z,23.036,93.848,76.3,4.7,mb,,,,0.9,us,usp0001wd9,2014-11-07T00:33:20.893Z,"22 km NE of Falam, Myanmar",earthquake,,6.9,,7.0,reviewed,us,us
1983-06-26T04:48:31.550Z,51.357,-174.211,38.4,4.6,mb,,,,1.4,us,usp0001wda,2014-11-07T00:33:20.895Z,"93 km S of Atka, Alaska",earthquake,,8.2,,10.0,reviewed,us,us
1983-06-26T04:50:59.000Z,51.412,-174.194,33.0,4.7,mb,,,,0.8,us,usp0001wdb,2014-11-07T00:33:20.899Z,"87 km S of Atka, Alaska",earthquake,,,,12.0,reviewed,us,us
1983-06-26T05:10:22.770Z,-45.026,167.004,51.6,4.6,mb,,,,1.2,us,usp0001wdc,2014-11-07T00:33:20.903Z,"70 km NW of Te Anau, New Zealand",earthquake,,7.5,,2.0,reviewed,us,us
1983-06-26T05:39:41.330Z,-17.713,-69.867,137.3,4.8,mb,,,,1.3,us,usp0001wdd,2014-11-07T00:33:20.907Z,"12 km NE of Palca, Peru",earthquake,,4.5,,5.0,reviewed,us,us
1983-06-26T07:17:00.510Z,43.972,-28.244,10.0,4.5,mb,,,,1.2,us,usp0001wdf,2014-11-07T00:33:20.912Z,northern Mid-Atlantic Ridge,earthquake,,,,12.0,reviewed,us,us
1983-06-26T13:56:53.120Z,41.458,139.352,15.5,5.0,mb,,,,1.0,us,usp0001wdm,2014-11-07T00:33:20.921Z,"111 km NW of Shimokizukuri, Japan",earthquake,,,,19.0,reviewed,us,us
1983-06-26T15:54:19.030Z,-17.871,167.599,13.4,5.1,ms,,,,1.1,us,usp0001wdq,2025-12-19T21:30:15.115Z,"77 km W of Port-Vila, Vanuatu",earthquake,,4.1,,2.0,reviewed,us,us
1983-06-26T17:09:05.860Z,-23.724,179.066,571.8,5.0,mb,,,,1.3,us,usp0001wds,2014-11-07T00:33:20.941Z,south of the Fiji Islands,earthquake,,19.8,,4.0,reviewed,us,us
1983-06-26T17:45:08.580Z,28.941,139.933,253.7,4.9,mb,,,,0.9,us,usp0001wdu,2014-11-07T00:33:20.947Z,"Bonin Islands, Japan region",earthquake,,3.0,,19.0,reviewed,us,us
1983-06-26T20:22:49.130Z,-9.284,66.978,10.0,4.9,mb,,,,1.2,us,usp0001wdw,2025-12-19T21:30:16.026Z,Mid-Indian Ridge,earthquake,,,,12.0,reviewed,us,us
1983-06-26T20:46:11.980Z,52.587,173.186,49.2,4.8,mb,,,,0.8,us,usp0001wdx,2025-12-19T21:30:16.733Z,"28 km S of Attu Station, Alaska",earthquake,,5.1,,20.0,reviewed,us,us
1983-06-27T08:25:10.420Z,-18.134,167.821,32.6,5.0,mb,,,,1.4,us,usp0001we3,2026-01-07T19:39:48.683Z,"68 km SW of Port-Vila, Vanuatu",earthquake,,,,7.0,reviewed,us,us
1983-06-27T08:36:23.980Z,-7.008,129.985,125.0,4.7,mb,,,,1.1,us,usp0001we5,2014-11-07T00:33:20.984Z,"Kepulauan Babar, Indonesia",earthquake,,8.8,,4.0,reviewed,us,us
1983-06-27T10:02:10.250Z,-6.661,128.376,309.8,4.6,mb,,,,1.1,us,usp0001we6,2014-11-07T00:33:20.986Z,Banda Sea,earthquake,,24.0,,1.0,reviewed,us,us
1983-06-27T14:10:04.490Z,-23.921,-179.825,531.8,5.4,mb,,,,1.1,us,usp0001we8,2025-12-19T21:30:17.542Z,south of the Fiji Islands,earthquake,,3.4,,25.0,reviewed,us,us
1983-06-27T19:34:50.520Z,-17.983,167.751,33.0,4.7,mb,,,,1.5,us,usp0001web,2014-11-07T00:33:21.004Z,"65 km WSW of Port-Vila, Vanuatu",earthquake,,,,2.0,reviewed,us,us
1983-06-27T22:11:38.040Z,-18.541,-173.923,53.0,5.1,mb,,,,1.0,us,usp0001wec,2014-11-07T00:33:21.008Z,"13 km NNE of Neiafu, Tonga",earthquake,,,,5.0,reviewed,us,us
1983-06-27T22:48:48.350Z,2.238,63.772,10.0,4.7,mb,,,,1.0,us,usp0001wed,2014-11-07T00:33:21.012Z,Carlsberg Ridge,earthquake,,,,3.0,reviewed,us,us
1983-06-28T02:48:30.500Z,33.346,140.679,77.6,4.7,mb,,,,0.9,us,usp0001wef,2014-11-07T00:33:21.015Z,"196 km SSE of Tateyama, Japan",earthquake,,13.3,,3.0,reviewed,us,us
1983-06-28T03:25:17.070Z,60.219,-141.287,18.5,5.9,mw,,,,1.0,us,usp0001weg,2025-12-19T21:30:18.512Z,"115 km NW of Yakutat, Alaska",earthquake,,1.2,,,reviewed,us,nc
1983-06-28T06:04:40.240Z,-8.245,119.498,33.0,4.8,mb,,,,1.3,us,usp0001wej,2014-11-07T00:33:21.051Z,"38 km N of Komodo, Indonesia",earthquake,,,,7.0,reviewed,us,us
1983-06-28T11:41:46.140Z,-14.707,168.112,37.2,5.1,mb,,,,1.0,us,usp0001wep,2014-11-07T00:33:21.060Z,"110 km SSE of Sola, Vanuatu",earthquake,,6.6,,9.0,reviewed,us,us
1983-06-28T14:03:55.000Z,24.653,125.581,64.1,4.8,mb,,,,1.3,us,usp0001wet,2014-11-07T00:33:21.068Z,"32 km ESE of Hirara, Japan",earthquake,,5.5,,6.0,reviewed,us,us
1983-06-28T17:45:58.640Z,-21.745,-138.917,0.0,5.4,mb,,,,1.0,us,usp0001wew,2015-06-16T17:24:46.612Z,"Tuamotu Archipelago, French Polynesia region",nuclear explosion,,,,18.0,reviewed,us,us
1983-06-28T17:47:27.990Z,-24.807,-175.974,33.0,5.0,mb,,,,1.1,us,usp0001wex,2014-11-07T00:33:21.097Z,south of Tonga,earthquake,,,,6.0,reviewed,us,us
1983-06-28T17:59:01.010Z,-24.917,-176.692,33.0,4.5,mb,,,,0.8,us,usp0001wey,2014-11-07T00:33:21.101Z,south of the Fiji Islands,earthquake,,,,2.0,reviewed,us,us
1983-06-28T21:32:14.930Z,-7.559,129.886,91.9,4.9,mb,,,,1.5,us,usp0001wf1,2014-11-07T00:33:21.105Z,"Kepulauan Babar, Indonesia",earthquake,,9.5,,7.0,reviewed,us,us
1983-06-28T21:55:47.530Z,-22.442,-174.809,33.0,5.1,mb,,,,1.4,us,usp0001wf2,2014-11-07T00:33:21.107Z,"123 km S of ‘Ohonua, Tonga",earthquake,,,,5.0,reviewed,us,us
1983-06-28T23:59:32.040Z,43.738,84.022,26.5,5.1,mb,,,,0.9,us,usp0001wf3,2026-01-07T19:39:51.183Z,"71 km ENE of Xinyuan, China",earthquake,,,,38.0,reviewed,us,us
1983-06-29T03:29:00.730Z,-15.394,-172.889,33.0,5.2,mb,,,,1.2,us,usp0001wf5,2025-12-19T21:30:19.274Z,"115 km ENE of Hihifo, Tonga",earthquake,,,,16.0,reviewed,us,us
1983-06-29T05:11:55.790Z,40.298,138.906,21.6,5.0,mb,,,,1.3,us,usp0001wf7,2026-01-07T19:39:52.492Z,"95 km W of Noshiro, Japan",earthquake,,6.0,,7.0,reviewed,us,us
1983-06-29T06:00:45.830Z,7.316,123.367,27.7,4.7,mb,,,,1.4,us,usp0001wf9,2014-11-07T00:33:21.141Z,"12 km S of Panubigan, Philippines",earthquake,,7.1,,7.0,reviewed,us,us
1983-06-29T06:36:54.300Z,13.93,124.989,41.5,4.7,mb,,,,1.1,us,usp0001wfa,2026-01-07T19:37:05.593Z,"66 km ENE of Gigmoto, Philippines",earthquake,,8.6,,3.0,reviewed,us,us
1983-06-29T08:08:35.420Z,32.5353333,-117.418,9.472,4.65,ml,89.0,175.0,,0.36,ci,ci2218291,2020-07-09T21:16:23.384Z,"28km SW of Coronado, CA",earthquake,1.37,31.61,0.075,26.0,reviewed,ci,ci
1983-06-29T10:55:36.280Z,36.745,141.177,54.4,4.6,mb,,,,1.3,us,usp0001wfe,2014-11-07T00:33:21.153Z,"near the east coast of Honshu, Japan",earthquake,,4.9,,7.0,reviewed,us,us
1983-06-29T16:17:38.120Z,51.266,179.081,49.0,4.9,mb,,,,1.1,us,usp0001wfk,2026-01-07T19:39:53.797Z,"Rat Islands, Aleutian Islands, Alaska",earthquake,,6.1,,22.0,reviewed,us,us
1983-06-29T21:20:00.070Z,-6.912,130.037,160.8,4.5,mb,,,,1.4,us,usp0001wfs,2014-11-07T00:33:21.175Z,Banda Sea,earthquake,,20.5,,1.0,reviewed,us,us
1983-06-29T21:21:34.600Z,-21.463,-68.381,132.4,5.0,mb,,,,1.1,us,usp0001wft,2014-11-07T00:33:21.177Z,"123 km NNE of Calama, Chile",earthquake,,4.2,,3.0,reviewed,us,us
1983-06-29T22:18:22.770Z,41.327,139.154,33.0,4.9,mb,,,,1.2,us,usp0001wfu,2014-11-07T00:33:21.179Z,"117 km WNW of Shimokizukuri, Japan",earthquake,,,,17.0,reviewed,us,us
1983-06-30T01:50:46.120Z,18.848,-63.051,33.0,4.8,mb,,,,0.4,us,usp0001wfv,2014-11-07T00:33:21.184Z,"69 km N of The Valley, Anguilla",earthquake,,,,1.0,reviewed,us,us
1983-06-30T01:59:59.910Z,18.713,-63.102,33.0,5.0,mb,,,,0.9,us,usp0001wfx,2014-11-07T00:33:21.187Z,"55 km N of The Valley, Anguilla",earthquake,,,,34.0,reviewed,us,us
1983-06-30T02:37:36.460Z,-23.009,179.574,536.8,4.7,mb,,,,1.3,us,usp0001wfz,2014-11-07T00:33:21.198Z,south of the Fiji Islands,earthquake,,38.7,,3.0,reviewed,us,us
1983-06-30T04:33:05.460Z,41.037,139.239,33.0,4.6,mb,,,,0.7,us,usp0001wg1,2014-11-07T00:33:21.201Z,"98 km WNW of Shimokizukuri, Japan",earthquake,,,,2.0,reviewed,us,us
1983-06-30T04:49:48.100Z,-6.166,146.31,149.3,4.7,mb,,,,1.0,us,usp0001wg2,2014-11-07T00:33:21.203Z,"51 km ENE of Kainantu, Papua New Guinea",earthquake,,4.5,,5.0,reviewed,us,us
1983-06-30T05:45:09.720Z,26.483,140.949,252.1,4.7,mb,,,,1.5,us,usp0001wg6,2014-11-07T00:33:21.210Z,"Bonin Islands, Japan region",earthquake,,8.3,,13.0,reviewed,us,us
1983-06-30T06:53:26.890Z,18.725,121.449,67.2,5.1,mb,,,,1.0,us,usp0001wg7,2014-11-07T00:33:21.213Z,"27 km NNE of Santa Cruz, Philippines",earthquake,,4.7,,26.0,reviewed,us,us
1983-06-30T11:51:56.920Z,52.559,173.245,33.0,4.9,mb,,,,0.8,us,usp0001wgd,2014-11-07T00:33:21.227Z,"32 km S of Attu Station, Alaska",earthquake,,,,10.0,reviewed,us,us
1983-06-30T13:39:04.040Z,44.043,147.837,42.4,5.6,mb,,,,0.9,us,usp0001wgf,2025-12-19T21:30:20.071Z,"93 km ENE of Shikotan, Russia",earthquake,,,,78.0,reviewed,us,us
1983-06-30T14:11:24.510Z,-18.461,-174.96,279.2,4.6,mb,,,,1.0,us,usp0001wgg,2014-11-07T00:33:21.256Z,"105 km WNW of Neiafu, Tonga",earthquake,,16.2,,5.0,reviewed,us,us
1983-06-30T17:37:46.100Z,2.578,128.293,23.0,5.5,ms,,,,1.2,us,usp0001wgk,2025-12-19T21:30:20.736Z,"99 km NNE of Tobelo, Indonesia",earthquake,,,,10.0,reviewed,us,us
1983-06-30T18:24:52.830Z,44.409,149.469,44.5,5.2,mb,,,,1.0,us,usp0001wgm,2025-12-19T21:30:21.424Z,"155 km SE of Kuril’sk, Russia",earthquake,,,,58.0,reviewed,us,us
1983-06-30T21:46:47.180Z,42.822,80.339,33.0,4.8,mb,,,,0.8,us,usp0001wgn,2014-11-07T00:33:21.289Z,"93 km ESE of Kegen, Kazakhstan",earthquake,,,,10.0,reviewed,us,us
1983-06-30T23:03:56.290Z,-6.831,155.217,79.3,5.1,mb,,,,0.9,us,usp0001wgp,2014-11-07T00:33:21.292Z,"64 km SSW of Panguna, Papua New Guinea",earthquake,,5.2,,11.0,reviewed,us,us
1983-06-30T23:18:51.140Z,44.407,149.404,49.9,5.0,mb,,,,1.0,us,usp0001wgr,2026-01-07T19:39:55.019Z,"151 km SE of Kuril’sk, Russia",earthquake,,,,47.0,reviewed,us,us
1983-06-30T23:42:18.900Z,44.307,149.46,49.9,5.0,mb,,,,1.0,us,usp0001wgs,2014-11-07T00:33:21.307Z,"161 km SE of Kuril’sk, Russia",earthquake,,,,37.0,reviewed,us,us
1983-07-01T02:23:08.440Z,44.483,149.503,33.0,5.4,mb,,,,1.1,us,usp0001wgu,2025-12-19T21:29:00.863Z,"152 km ESE of Kuril’sk, Russia",earthquake,,,,62.0,reviewed,us,us
1983-07-01T03:16:05.040Z,-20.749,-178.345,529.4,5.5,mb,,,,1.0,us,usp0001wgv,2022-04-27T23:53:46.789Z,Fiji region,earthquake,,,,29.0,reviewed,us,us
1983-07-01T03:16:33.190Z,44.062,149.666,33.0,5.1,mb,,,,1.2,us,usp0001wgw,2014-11-07T00:33:23.232Z,"192 km SE of Kuril’sk, Russia",earthquake,,,,24.0,reviewed,us,us
1983-07-01T06:35:56.560Z,32.308,140.445,79.6,5.0,mb,,,,1.0,us,usp0001wgx,2014-11-07T00:33:23.320Z,"297 km SSE of Shimoda, Japan",earthquake,,3.8,,18.0,reviewed,us,us
1983-07-01T07:18:28.100Z,-5.633,131.464,76.2,5.1,mb,,,,1.2,us,usp0001wgy,2025-12-19T20:58:58.146Z,"142 km W of Tual, Indonesia",earthquake,,9.7,,7.0,reviewed,us,us
1983-07-01T08:53:55.440Z,44.26,149.556,33.0,4.9,mb,,,,1.1,us,usp0001wgz,2026-01-07T19:38:18.401Z,"170 km SE of Kuril’sk, Russia",earthquake,,,,23.0,reviewed,us,us
1983-07-01T10:46:54.210Z,44.264,149.544,33.0,5.2,mb,,,,1.1,us,usp0001wh4,2026-01-07T19:38:19.156Z,"169 km SE of Kuril’sk, Russia",earthquake,,,,45.0,reviewed,us,us
1983-07-01T11:57:22.020Z,-57.934,-25.373,32.4,5.6,mb,,,,1.1,us,usp0001wh6,2022-04-27T23:53:47.960Z,South Sandwich Islands region,earthquake,,,,9.0,reviewed,us,us
1983-07-01T13:46:34.690Z,41.359,139.42,53.1,4.6,mb,,,,1.2,us,usp0001wh7,2014-11-07T00:33:23.723Z,"100 km NW of Shimokizukuri, Japan",earthquake,,8.7,,3.0,reviewed,us,us
1983-07-01T22:03:42.100Z,36.935,141.115,51.7,5.5,mb,,,,1.0,us,usp0001wh9,2025-12-19T21:29:01.558Z,"24 km ESE of Iwaki, Japan",earthquake,,,,63.0,reviewed,us,us
1983-07-01T23:32:00.520Z,40.046,138.799,33.0,4.7,mb,,,,1.2,us,usp0001wha,2014-11-07T00:33:23.937Z,"101 km W of Tenn?, Japan",earthquake,,,,12.0,reviewed,us,us
1983-07-02T05:32:40.280Z,40.053,138.887,17.3,5.1,mb,,,,1.0,us,usp0001whd,2026-01-07T19:36:57.419Z,"93 km W of Tenn?, Japan",earthquake,,2.8,,43.0,reviewed,us,us
1983-07-02T08:19:27.820Z,-33.671,-70.243,112.9,4.6,mb,,,,1.1,us,usp0001whe,2014-11-07T00:33:24.134Z,"31 km ESE of Puente Alto, Chile",earthquake,,3.3,,2.0,reviewed,us,us
1983-07-02T09:34:04.950Z,5.747,94.715,92.6,5.7,mw,,,,1.0,us,usp0001whf,2022-04-27T23:53:59.801Z,"68 km WSW of Sabang, Indonesia",earthquake,,2.1,,,reviewed,us,nc
1983-07-02T11:42:21.490Z,39.268,64.345,33.0,4.8,mb,,,,0.9,us,usp0001whg,2014-11-07T00:33:24.333Z,"46 km SW of Qorovulbozor, Uzbekistan",earthquake,,,,18.0,reviewed,us,us
1983-07-02T13:32:46.030Z,16.972,120.008,33.0,4.5,mb,,,,1.4,us,usp0001whj,2014-11-07T00:33:24.378Z,"42 km WNW of Rimus, Philippines",earthquake,,,,9.0,reviewed,us,us
1983-07-02T16:16:45.190Z,40.853,20.687,10.0,4.7,mb,,,,1.2,us,usp0001whn,2026-01-07T19:38:19.885Z,"6 km SSE of Pogradec, Albania",earthquake,,,,14.0,reviewed,us,us
1983-07-02T16:38:49.860Z,40.863,20.72,10.0,4.9,mb,,,,1.2,us,usp0001whp,2026-01-07T19:38:20.667Z,"7 km SE of Pogradec, Albania",earthquake,,,,25.0,reviewed,us,us
1983-07-03T01:45:31.640Z,13.623,-90.409,85.3,4.9,mb,,,,1.2,us,usp0001whu,2014-11-07T00:33:24.788Z,"44 km SSW of Pasaco, Guatemala",earthquake,,6.0,,11.0,reviewed,us,us
1983-07-03T02:49:27.970Z,20.161,122.379,220.3,5.9,mw,,,,1.0,us,usp0001whv,2022-04-27T23:54:06.399Z,"53 km SE of Basco, Philippines",earthquake,,1.4,,,reviewed,us,nc
1983-07-03T06:11:36.190Z,-5.572,154.3,410.6,5.3,mb,,,,1.1,us,usp0001whx,2025-12-19T21:29:02.295Z,"154 km WNW of Panguna, Papua New Guinea",earthquake,,1.9,,21.0,reviewed,us,us
1983-07-03T07:05:26.890Z,41.597,139.236,33.0,5.0,mb,,,,0.8,us,usp0001why,2026-01-07T19:38:21.704Z,"119 km WSW of Kamiiso, Japan",earthquake,,,,23.0,reviewed,us,us
1983-07-03T08:01:22.040Z,-13.929,167.938,33.0,4.9,mb,,,,1.0,us,usp0001whz,2014-11-07T00:33:24.989Z,"42 km E of Sola, Vanuatu",earthquake,,,,6.0,reviewed,us,us
1983-07-03T14:48:16.550Z,56.642,-34.383,10.0,4.8,ms,,,,1.4,us,usp0001wj6,2026-01-07T19:38:23.549Z,Reykjanes Ridge,earthquake,,,,1.0,reviewed,us,us
1983-07-03T15:52:58.050Z,22.988,122.051,33.0,4.9,mb,,,,1.0,us,usp0001wj8,2026-01-07T19:38:24.366Z,"118 km SSE of Hualien City, Taiwan",earthquake,,,,12.0,reviewed,us,us
1983-07-03T15:55:46.020Z,56.527,-34.487,10.0,4.6,mb,,,,1.1,us,usp0001wj9,2026-01-07T19:38:25.052Z,Reykjanes Ridge,earthquake,,,,16.0,reviewed,us,us
1983-07-03T17:13:40.390Z,9.504,-83.667,33.0,5.1,mb,,,,1.1,us,usp0001wjb,2022-04-27T23:54:13.520Z,"15 km NNE of San Isidro, Costa Rica",earthquake,,,,12.0,reviewed,us,us
1983-07-03T17:14:23.170Z,9.652,-83.688,33.0,6.5,mw,,,,1.0,us,usp0001wjc,2025-12-19T21:29:03.099Z,"17 km S of Pejibaye, Costa Rica",earthquake,,,,,reviewed,us,nc
1983-07-03T17:47:49.990Z,24.856,141.249,182.6,4.7,mb,,,,1.0,us,usp0001wjd,2014-11-07T00:33:25.305Z,"Volcano Islands, Japan region",earthquake,,7.4,,9.0,reviewed,us,us
1983-07-03T18:40:07.630Z,37.557,-118.8458333,8.706,5.3,ml,21.0,113.0,0.03694,0.04,nc,nc1098008,2022-04-27T23:54:19.518Z,"11 km W of Aspen Springs, California",earthquake,0.32,0.57,,0.0,reviewed,nc,nc
1983-07-03T20:24:41.030Z,24.33,122.449,59.9,5.1,mb,,,,1.0,us,usp0001wjg,2026-01-07T19:38:25.906Z,"57 km WSW of Yonakuni, Japan",earthquake,,2.6,,29.0,reviewed,us,us
1983-07-03T20:55:11.200Z,9.675,-83.726,40.3,4.7,mb,,,,0.3,us,usp0001wjj,2014-11-07T00:33:25.550Z,"15 km S of Pejibaye, Costa Rica",earthquake,,2.3,,2.0,reviewed,us,us
1983-07-04T11:32:45.890Z,-55.575,-27.994,33.0,5.5,mb,,,,0.9,us,usp0001wjp,2014-11-07T00:33:25.714Z,South Sandwich Islands region,earthquake,,,,3.0,reviewed,us,us
1983-07-04T20:51:19.980Z,49.82,155.654,47.9,5.0,mb,,,,0.8,us,usp0001wjt,2014-11-07T00:33:25.740Z,"100 km SSW of Severo-Kuril’sk, Russia",earthquake,,10.7,,29.0,reviewed,us,us
1983-07-04T22:00:33.800Z,4.41,126.797,97.6,5.1,mb,,,,1.1,us,usp0001wjw,2014-11-07T00:33:25.784Z,"184 km SE of Sarangani, Philippines",earthquake,,5.5,,19.0,reviewed,us,us
1983-07-05T01:45:29.810Z,-14.912,-178.007,393.8,4.9,mb,,,,1.2,us,usp0001wjz,2014-11-07T00:33:25.807Z,"67 km S of Alo, Wallis and Futuna",earthquake,,5.2,,11.0,reviewed,us,us
1983-07-05T02:58:00.870Z,-12.399,166.876,33.0,5.0,mb,,,,0.9,us,usp0001wk0,2014-11-07T00:33:25.825Z,"179 km NNW of Sola, Vanuatu",earthquake,,,,8.0,reviewed,us,us
1983-07-05T05:58:21.490Z,-55.849,-123.404,10.0,5.9,ms,,,,1.3,us,usp0001wk1,2025-12-19T21:29:03.922Z,southern East Pacific Rise,earthquake,,,,7.0,reviewed,us,us
1983-07-05T08:54:48.660Z,26.414,128.889,33.0,5.3,mb,,,,1.0,us,usp0001wk2,2025-12-19T21:29:04.920Z,"92 km ESE of Nago, Japan",earthquake,,,,35.0,reviewed,us,us
1983-07-05T09:57:38.050Z,-24.22,-174.867,33.0,5.5,mb,,,,0.9,us,usp0001wk3,2022-04-27T23:54:22.815Z,south of Tonga,earthquake,,,,22.0,reviewed,us,us
1983-07-05T11:11:39.890Z,-22.599,171.02,33.0,6.4,mw,,,,1.1,us,usp0001wk4,2025-12-19T21:29:05.728Z,southeast of the Loyalty Islands,earthquake,,,,,reviewed,us,nc
1983-07-05T11:41:51.030Z,-22.769,170.946,33.0,5.0,mb,,,,1.3,us,usp0001wk5,2014-11-07T00:33:25.977Z,southeast of the Loyalty Islands,earthquake,,,,2.0,reviewed,us,us
1983-07-05T11:48:59.850Z,-22.699,170.983,33.0,5.2,mb,,,,1.2,us,usp0001wk6,2014-11-07T00:33:25.996Z,southeast of the Loyalty Islands,earthquake,,,,3.0,reviewed,us,us
1983-07-05T12:01:27.380Z,40.324,27.222,10.0,6.1,ms,,,,1.2,us,usp0001wk7,2025-12-19T21:29:06.578Z,"10 km N of Biga, Turkey",earthquake,,,,2.0,reviewed,us,us
1983-07-05T12:55:05.590Z,-22.66,171.018,33.0,5.6,mb,,,,1.3,us,usp0001wka,2025-12-19T21:29:07.375Z,southeast of the Loyalty Islands,earthquake,,,,10.0,reviewed,us,us
1983-07-05T14:27:26.230Z,38.0648333,-118.9963333,8.419,4.8,ml,25.0,75.0,0.1459,0.07,nc,nc1098125,2018-06-04T20:43:45.000Z,"13 km ENE of Mono City, California",earthquake,0.29,1.19,,0.0,reviewed,nc,nc
1983-07-05T14:36:10.650Z,-22.758,170.996,33.0,5.0,mb,,,,1.6,us,usp0001wkg,2014-11-07T00:33:26.231Z,southeast of the Loyalty Islands,earthquake,,,,1.0,reviewed,us,us
1983-07-05T15:32:57.980Z,-22.697,170.784,33.0,4.9,mb,,,,1.3,us,usp0001wkh,2014-11-07T00:33:26.243Z,southeast of the Loyalty Islands,earthquake,,,,3.0,reviewed,us,us
1983-07-05T16:37:06.130Z,-57.879,-25.615,33.0,5.7,mb,,,,1.1,us,usp0001wkk,2022-04-27T23:54:33.475Z,South Sandwich Islands region,earthquake,,,,14.0,reviewed,us,us
1983-07-05T16:48:06.920Z,-23.786,-66.957,182.6,4.9,mb,,,,1.4,us,usp0001wkm,2014-11-07T00:33:26.310Z,"80 km NW of San Antonio de los Cobres, Argentina",earthquake,,5.4,,4.0,reviewed,us,us
1983-07-05T17:26:49.270Z,29.492,80.692,33.0,4.6,mb,,,,0.4,us,usp0001wkp,2014-11-07T00:33:26.323Z,"24 km NNE of Dadeldhur?, Nepal",earthquake,,,,1.0,reviewed,us,us
1983-07-06T03:24:16.260Z,-22.683,170.982,33.0,5.3,mb,,,,1.4,us,usp0001wm1,2014-11-07T00:33:26.397Z,southeast of the Loyalty Islands,earthquake,,,,7.0,reviewed,us,us
1983-07-06T03:42:32.460Z,-5.307,102.228,33.0,4.7,mb,,,,1.0,us,usp0001wm2,2014-11-07T00:33:26.417Z,"166 km S of Bengkulu, Indonesia",earthquake,,,,2.0,reviewed,us,us
1983-07-06T04:54:38.140Z,-21.461,-174.059,40.4,5.3,mb,,,,1.2,us,usp0001wm3,2025-12-19T21:29:08.081Z,"93 km E of ‘Ohonua, Tonga",earthquake,,,,17.0,reviewed,us,us
1983-07-06T07:47:12.730Z,13.832,144.705,145.5,5.0,mb,,,,1.0,us,usp0001wm5,2014-11-07T00:33:26.453Z,"37 km NNW of Dededo Village, Guam",earthquake,,2.5,,25.0,reviewed,us,us
1983-07-06T17:59:55.100Z,-11.591,166.294,33.0,5.4,mb,,,,1.2,us,usp0001wm9,2022-04-27T23:54:34.849Z,"110 km SSE of Lata, Solomon Islands",earthquake,,,,14.0,reviewed,us,us
1983-07-06T18:19:31.270Z,1.718,98.078,81.3,5.2,mb,,,,1.1,us,usp0001wma,2026-01-07T19:38:26.799Z,"70 km SSE of Singkil, Indonesia",earthquake,,4.1,,33.0,reviewed,us,us
1983-07-06T18:56:53.090Z,1.649,98.063,84.4,4.7,mb,,,,0.8,us,usp0001wmc,2014-11-07T00:33:26.555Z,"76 km SSE of Singkil, Indonesia",earthquake,,5.3,,11.0,reviewed,us,us
1983-07-06T20:02:40.800Z,-21.65,169.637,33.0,5.2,ms,,,,1.5,us,usp0001wmd,2014-11-07T00:33:26.565Z,"182 km E of Tadine, New Caledonia",earthquake,,,,2.0,reviewed,us,us
1983-07-06T20:57:37.090Z,24.049,122.493,33.0,4.5,mb,,,,1.0,us,usp0001wme,2026-01-07T19:36:58.214Z,"69 km SW of Yonakuni, Japan",earthquake,,,,5.0,reviewed,us,us
1983-07-06T22:19:23.690Z,9.391,-84.128,33.0,4.6,mb,,,,1.1,us,usp0001wmj,2014-11-07T00:33:26.608Z,"5 km SE of Quepos, Costa Rica",earthquake,,,,4.0,reviewed,us,us
1983-07-07T00:47:27.630Z,33.42,140.962,61.3,4.7,mb,,,,1.1,us,usp0001wmn,2014-11-07T00:33:26.619Z,"200 km SSE of Katsuura, Japan",earthquake,,7.7,,8.0,reviewed,us,us
1983-07-07T01:02:55.190Z,-22.673,170.954,33.0,5.3,mb,,,,1.3,us,usp0001wmp,2025-12-19T21:29:08.898Z,southeast of the Loyalty Islands,earthquake,,,,12.0,reviewed,us,us
1983-07-07T03:35:04.990Z,12.24,125.736,42.0,5.1,mb,,,,0.9,us,usp0001wms,2026-01-07T19:38:28.335Z,"25 km ENE of San Policarpo, Philippines",earthquake,,5.3,,16.0,reviewed,us,us
1983-07-07T04:50:37.720Z,-20.524,-68.85,105.1,5.0,mb,,,,1.2,us,usp0001wmu,2014-11-07T00:33:26.735Z,"140 km ESE of Iquique, Chile",earthquake,,,,13.0,reviewed,us,us
1983-07-07T05:17:45.940Z,52.217,172.22,33.0,4.5,mb,,,,1.1,us,usp0001wmv,2014-11-07T00:33:26.804Z,"95 km SW of Attu Station, Alaska",earthquake,,,,2.0,reviewed,us,us
1983-07-07T05:29:45.820Z,-22.648,170.89,38.7,5.8,ms,,,,1.2,us,usp0001wmw,2025-12-19T21:29:09.584Z,southeast of the Loyalty Islands,earthquake,,4.2,,16.0,reviewed,us,us
1983-07-07T08:49:25.110Z,9.618,-83.716,33.0,4.6,mb,,,,1.4,us,usp0001wmx,2014-11-07T00:33:26.847Z,"21 km S of Pejibaye, Costa Rica",earthquake,,,,5.0,reviewed,us,us
1983-07-07T10:01:30.090Z,-2.34,139.126,33.0,4.6,mb,,,,0.6,us,usp0001wmz,2014-11-07T00:33:26.891Z,"169 km W of Abepura, Indonesia",earthquake,,,,3.0,reviewed,us,us
1983-07-07T10:21:00.230Z,13.377,120.545,43.7,4.8,mb,,,,1.0,us,usp0001wn0,2026-01-07T19:38:29.193Z,"9 km ESE of Paluan, Philippines",earthquake,,6.4,,11.0,reviewed,us,us
1983-07-07T11:20:05.390Z,-0.072,-16.407,10.0,4.7,mb,,,,0.8,us,usp0001wn1,2014-11-07T00:33:26.960Z,north of Ascension Island,earthquake,,,,12.0,reviewed,us,us
1983-07-07T13:33:54.480Z,-19.192,-177.402,377.1,5.1,mb,,,,1.0,us,usp0001wn3,2025-12-19T21:29:10.285Z,Fiji region,earthquake,,3.6,,17.0,reviewed,us,us
1983-07-07T15:35:45.550Z,-22.756,170.919,33.0,4.7,mb,,,,1.4,us,usp0001wn4,2025-12-19T21:29:10.992Z,southeast of the Loyalty Islands,earthquake,,,,2.0,reviewed,us,us
1983-07-07T16:05:39.790Z,-22.609,170.731,33.7,6.2,ms,,,,1.2,us,usp0001wn5,2025-12-19T21:29:11.663Z,southeast of the Loyalty Islands,earthquake,,3.2,,18.0,reviewed,us,us
1983-07-07T17:04:26.030Z,20.583,-108.976,10.0,4.7,mb,,,,0.9,us,usp0001wn6,2014-11-07T00:33:27.265Z,Revilla Gigedo Islands region,earthquake,,,,10.0,reviewed,us,us
1983-07-07T20:35:38.150Z,-7.271,27.844,10.0,5.8,mb,,,,0.9,us,usp0001wna,2025-12-19T21:29:12.588Z,"169 km SE of Kabalo, Democratic Republic of the Congo",earthquake,,,,63.0,reviewed,us,us
1983-07-07T21:43:18.320Z,-7.488,28.014,10.0,5.0,mb,,,,0.8,us,usp0001wnb,2022-04-27T23:54:45.536Z,"199 km SE of Kabalo, Democratic Republic of the Congo",earthquake,,,,20.0,reviewed,us,us
1983-07-08T00:58:12.280Z,2.419,128.388,162.1,5.2,mb,,,,0.9,us,usp0001wnd,2014-11-07T00:33:27.395Z,"87 km NNE of Tobelo, Indonesia",earthquake,,4.4,,25.0,reviewed,us,us
1983-07-08T02:03:12.720Z,-19.849,-70.586,33.8,5.4,mb,,,,1.2,us,usp0001wnf,2014-11-07T00:33:27.411Z,"60 km NW of Iquique, Chile",earthquake,,7.6,,27.0,reviewed,us,us
1983-07-08T07:00:01.140Z,15.167,-92.093,130.6,4.9,mb,,,,1.0,us,usp0001wnh,2014-11-07T00:33:27.427Z,"5 km WNW of Sibinal, Guatemala",earthquake,,3.5,,28.0,reviewed,us,us
1983-07-08T08:08:55.110Z,26.535,127.74,62.3,4.8,mb,,,,0.4,us,usp0001wnj,2014-11-07T00:33:27.438Z,"14 km NNW of Ishikawa, Japan",earthquake,,4.3,,4.0,reviewed,us,us
1983-07-08T10:05:00.430Z,-21.745,-173.381,33.0,5.5,mb,,,,1.0,us,usp0001wnn,2025-12-19T21:29:13.401Z,"168 km ESE of ‘Ohonua, Tonga",earthquake,,,,13.0,reviewed,us,us
1983-07-08T13:38:08.970Z,-19.42,169.024,117.6,5.1,mb,,,,1.3,us,usp0001wnq,2014-11-07T00:33:27.469Z,"30 km WNW of Isangel, Vanuatu",earthquake,,6.1,,5.0,reviewed,us,us
1983-07-09T00:59:41.010Z,-4.486,137.68,157.6,4.6,mb,,,,0.6,us,usp0001wny,2014-11-07T00:33:27.486Z,"272 km ESE of Nabire, Indonesia",earthquake,,6.0,,2.0,reviewed,us,us
1983-07-09T05:48:04.550Z,57.079,-153.351,33.0,4.5,mb,,,,1.0,us,usp0001wnz,2014-11-07T00:33:27.488Z,"14 km S of Old Harbor, Alaska",earthquake,,,,6.0,reviewed,us,us
1983-07-09T06:07:57.450Z,12.234,93.401,101.7,4.5,mb,,,,1.1,us,usp0001wp0,2014-11-07T00:33:27.491Z,"95 km NE of Port Blair, India",earthquake,,6.0,,12.0,reviewed,us,us
1983-07-09T07:40:51.200Z,36.245,-120.4051667,8.025,4.72,md,49.0,46.0,0.05045,0.08,nc,nc1098304,2025-12-19T21:29:14.211Z,"12 km NNW of Coalinga, California",earthquake,0.15,0.31,0.1,5.0,reviewed,nc,nc
1983-07-09T12:28:46.360Z,-25.204,179.871,491.3,5.0,mb,,,,1.1,us,usp0001wpa,2014-11-07T00:33:27.527Z,south of the Fiji Islands,earthquake,,6.6,,4.0,reviewed,us,us
1983-07-09T18:30:39.030Z,-6.44,146.792,107.3,5.1,mb,,,,1.0,us,usp0001wpe,2014-11-07T00:33:27.536Z,"38 km NW of Lae, Papua New Guinea",earthquake,,3.2,,8.0,reviewed,us,us
1983-07-09T20:52:09.350Z,24.292,-108.836,10.0,4.7,mb,,,,1.1,us,usp0001wpf,2014-11-07T00:33:27.540Z,"99 km WSW of Altata, Mexico",earthquake,,,,6.0,reviewed,us,us
1983-07-09T22:11:29.730Z,45.977,149.381,130.1,4.8,mb,,,,0.9,us,usp0001wpg,2014-11-07T00:33:27.544Z,"143 km NE of Kuril’sk, Russia",earthquake,,20.2,,17.0,reviewed,us,us
1983-07-10T02:42:50.180Z,6.756,-81.081,33.0,4.9,mb,,,,1.0,us,usp0001wpm,2014-11-07T00:33:27.554Z,"71 km SSW of Arenas, Panama",earthquake,,,,26.0,reviewed,us,us
1983-07-10T03:59:57.110Z,51.308,53.273,0.0,5.3,mb,,,,0.9,us,usp0001wpn,2017-04-26T17:36:40.889Z,"24 km NE of Aqsay, Kazakhstan",nuclear explosion,,,,69.0,reviewed,us,us
1983-07-10T04:04:57.180Z,51.34,53.27,0.0,5.3,mb,,,,0.8,us,usp0001wpp,2017-04-26T17:36:41.535Z,"22 km SSW of Ilek, Russia",nuclear explosion,,,,67.0,reviewed,us,us
1983-07-10T04:09:57.170Z,51.344,53.291,0.0,5.2,mb,,,,0.8,us,usp0001wpq,2017-04-26T17:36:42.209Z,"21 km SSW of Ilek, Russia",nuclear explosion,,,,59.0,reviewed,us,us
1983-07-10T17:19:46.540Z,27.393,128.363,57.8,5.4,mb,,,,0.9,us,usp0001wpu,2014-11-07T00:33:27.622Z,"93 km NNE of Nago, Japan",earthquake,,3.1,,37.0,reviewed,us,us
1983-07-10T18:26:53.750Z,36.56,70.995,208.0,4.5,mb,,,,0.7,us,usp0001wpv,2014-11-07T00:33:27.633Z,"36 km SSE of Jurm, Afghanistan",earthquake,,6.9,,10.0,reviewed,us,us
1983-07-10T19:21:03.690Z,-17.777,-178.329,548.3,4.8,mb,,,,0.9,us,usp0001wpw,2014-11-07T00:33:27.636Z,"251 km E of Levuka, Fiji",earthquake,,3.3,,19.0,reviewed,us,us
1983-07-11T10:16:27.180Z,-21.04,170.254,197.2,4.7,mb,,,,1.1,us,usp0001wq3,2014-11-07T00:33:27.656Z,"194 km SSE of Isangel, Vanuatu",earthquake,,6.2,,4.0,reviewed,us,us
1983-07-11T10:35:25.940Z,41.374,139.342,33.0,4.5,mb,,,,1.4,us,usp0001wq4,2014-11-07T00:33:27.659Z,"106 km NW of Shimokizukuri, Japan",earthquake,,,,3.0,reviewed,us,us
1983-07-11T12:56:28.370Z,-60.889,-53.02,10.0,6.9,mw,,,,1.2,us,usp0001wq7,2025-12-19T20:58:59.073Z,South Shetland Islands,earthquake,,,,,reviewed,us,nc
1983-07-11T13:17:47.610Z,-60.921,-53.618,10.0,5.3,mb,,,,0.8,us,usp0001wq8,2025-12-19T21:29:15.031Z,South Shetland Islands,earthquake,,,,4.0,reviewed,us,us
1983-07-11T13:19:14.000Z,-5.74,146.523,133.9,4.7,mb,,,,1.6,us,usp0001wq9,2014-11-07T00:33:27.861Z,"94 km NE of Kainantu, Papua New Guinea",earthquake,,13.2,,1.0,reviewed,us,us
1983-07-11T14:01:01.030Z,-60.93,-53.793,10.0,4.8,mb,,,,0.9,us,usp0001wqa,2014-11-07T00:33:27.864Z,South Shetland Islands,earthquake,,,,4.0,reviewed,us,us
1983-07-11T14:47:55.610Z,39.197,64.425,33.0,4.7,mb,,,,1.0,us,usp0001wqd,2014-11-07T00:33:27.932Z,"46 km SW of Qorovulbozor, Uzbekistan",earthquake,,,,16.0,reviewed,us,us
1983-07-11T14:51:05.630Z,-61.009,-53.604,10.0,5.0,mb,,,,0.9,us,usp0001wqe,2014-11-07T00:33:27.936Z,South Shetland Islands,earthquake,,,,5.0,reviewed,us,us
1983-07-11T15:40:14.860Z,-60.986,-53.425,10.0,4.9,mb,,,,1.3,us,usp0001wqg,2014-11-07T00:33:27.943Z,South Shetland Islands,earthquake,,,,5.0,reviewed,us,us
1983-07-11T16:27:03.270Z,-60.917,-53.643,10.0,4.9,mb,,,,0.9,us,usp0001wqh,2014-11-07T00:33:27.945Z,South Shetland Islands,earthquake,,,,4.0,reviewed,us,us
1983-07-11T16:52:36.040Z,-60.982,-52.884,10.0,4.9,mb,,,,1.1,us,usp0001wqj,2014-11-07T00:33:27.948Z,South Shetland Islands,earthquake,,,,4.0,reviewed,us,us
1983-07-11T19:41:59.520Z,63.457,-23.927,10.0,4.5,mb,,,,1.1,us,usp0001wqp,2014-11-07T00:33:27.969Z,"85 km WSW of Grindavík, Iceland",earthquake,,,,20.0,reviewed,us,us
1983-07-11T20:26:40.150Z,63.432,-23.901,10.0,4.6,mb,,,,1.1,us,usp0001wqr,2026-01-07T19:38:30.813Z,"85 km WSW of Grindavík, Iceland",earthquake,,,,20.0,reviewed,us,us
1983-07-11T20:34:10.810Z,29.15,51.878,39.5,4.6,mb,,,,1.1,us,usp0001wqs,2014-11-07T00:33:28.052Z,"56 km SSE of K?zer?n, Iran",earthquake,,9.5,,12.0,reviewed,us,us
1983-07-11T20:45:23.520Z,-7.003,129.404,159.3,4.5,mb,,,,0.9,us,usp0001wqt,2014-11-07T00:33:28.058Z,"Kepulauan Babar, Indonesia",earthquake,,18.7,,4.0,reviewed,us,us
1983-07-11T21:18:22.990Z,40.423,77.544,33.0,4.9,mb,,,,1.1,us,usp0001wqv,2026-01-07T19:38:31.714Z,"168 km ESE of At-Bashi, Kyrgyzstan",earthquake,,,,10.0,reviewed,us,us
1983-07-11T21:19:52.610Z,-60.773,-52.671,10.0,4.9,mb,,,,1.1,us,usp0001wqw,2014-11-07T00:33:28.152Z,South Shetland Islands,earthquake,,,,2.0,reviewed,us,us
1983-07-12T03:39:27.740Z,23.952,-108.293,10.0,5.5,ms,,,,1.3,us,usp0001wr3,2025-12-19T21:29:15.835Z,"84 km SSW of Altata, Mexico",earthquake,,,,8.0,reviewed,us,us
1983-07-12T11:34:17.570Z,27.606,56.381,25.0,5.9,mw,,,,0.9,us,usp0001wra,2025-12-19T21:29:16.706Z,"47 km NNE of Bandar Abbas, Iran",earthquake,,,,,reviewed,us,nc
1983-07-12T11:41:27.080Z,27.6,56.536,33.0,4.9,mb,,,,1.1,us,usp0001wrb,2025-12-19T21:29:17.379Z,"52 km NNE of Bandar Abbas, Iran",earthquake,,,,4.0,reviewed,us,us
1983-07-12T11:54:00.090Z,27.685,56.446,33.0,4.7,mb,,,,1.2,us,usp0001wrc,2014-11-07T00:33:28.522Z,"57 km NNE of Bandar Abbas, Iran",earthquake,,,,12.0,reviewed,us,us
1983-07-12T13:30:46.830Z,-7.614,130.937,94.7,4.5,mb,,,,1.1,us,usp0001wrd,2014-11-07T00:33:28.525Z,"297 km SW of Tual, Indonesia",earthquake,,9.7,,5.0,reviewed,us,us
1983-07-12T14:42:49.160Z,-6.768,133.587,33.0,4.6,mb,,,,1.4,us,usp0001wre,2014-11-07T00:33:28.527Z,"156 km SE of Tual, Indonesia",earthquake,,,,2.0,reviewed,us,us
1983-07-12T14:56:52.510Z,37.3,141.73,49.2,4.8,mb,,,,1.1,us,usp0001wrf,2014-11-07T00:33:28.529Z,"67 km ESE of Namie, Japan",earthquake,,3.9,,13.0,reviewed,us,us
1983-07-12T15:10:03.400Z,61.031,-147.286,37.0,6.6,mw,,,,0.9,us,usp0001wrg,2025-12-19T21:29:18.214Z,"37 km WNW of Tatitlek, Alaska",earthquake,,1.3,,,reviewed,us,nc
1983-07-12T22:34:40.000Z,-7.568,27.941,10.0,5.1,mb,,,,1.0,us,usp0001wru,2022-04-27T23:55:00.310Z,"202 km SE of Kabalo, Democratic Republic of the Congo",earthquake,,,,25.0,reviewed,us,us
1983-07-12T22:52:07.130Z,11.487,-87.793,33.0,4.6,mb,,,,1.2,us,usp0001wrv,2014-11-07T00:33:28.602Z,"129 km SSW of Corinto, Nicaragua",earthquake,,,,6.0,reviewed,us,us
1983-07-12T23:11:14.110Z,-7.555,28.0,10.0,5.1,mb,,,,1.0,us,usp0001wrw,2022-04-27T23:55:05.507Z,"204 km SE of Kabalo, Democratic Republic of the Congo",earthquake,,,,28.0,reviewed,us,us
1983-07-13T06:13:38.530Z,35.753,140.168,78.6,4.7,mb,,,,0.5,us,usp0001ws2,2014-11-07T00:33:28.623Z,"7 km NW of Sakura, Japan",earthquake,,1.3,,5.0,reviewed,us,us
1983-07-13T08:16:02.400Z,27.814,128.607,72.6,4.8,mb,,,,1.1,us,usp0001ws4,2014-11-07T00:33:28.629Z,"105 km SW of Naze, Japan",earthquake,,4.2,,15.0,reviewed,us,us
1983-07-13T10:47:43.460Z,32.093,72.549,33.0,4.6,mb,,,,0.5,us,usp0001ws6,2020-08-26T22:47:21.781Z,"11 km W of Sargodha, Pakistan",earthquake,,,,1.0,reviewed,us,us
1983-07-13T11:09:39.570Z,36.423,71.153,102.6,4.8,mb,,,,1.1,us,usp0001ws7,2014-11-07T00:33:28.636Z,"44 km SW of Ashk?sham, Afghanistan",earthquake,,9.5,,12.0,reviewed,us,us
1983-07-13T15:07:39.670Z,-6.709,106.348,111.2,5.0,mb,,,,1.4,us,usp0001wsb,2014-11-07T00:33:28.645Z,"38 km NW of Pelabuhanratu, Indonesia",earthquake,,11.3,,3.0,reviewed,us,us
1983-07-14T02:52:02.320Z,-6.95,128.764,43.3,4.6,mb,,,,0.2,us,usp0001wss,2014-11-07T00:33:28.678Z,"261 km NE of Lospalos, Timor Leste",earthquake,,4.1,,1.0,reviewed,us,us
1983-07-14T02:54:18.610Z,35.812,21.911,25.4,5.2,mb,,,,1.2,us,usp0001wst,2025-12-19T21:29:18.962Z,"104 km WSW of Kýthira, Greece",earthquake,,,,56.0,reviewed,us,us
1983-07-14T09:48:35.240Z,-19.031,-175.577,264.0,5.1,mb,,,,1.0,us,usp0001wsy,2014-11-07T00:33:28.705Z,"154 km NW of Pangai, Tonga",earthquake,,4.1,,26.0,reviewed,us,us
1983-07-14T14:55:45.660Z,23.205,121.534,10.0,4.6,mb,,,,1.5,us,usp0001wt3,2014-11-07T00:33:28.719Z,"85 km S of Hualien City, Taiwan",earthquake,,,,3.0,reviewed,us,us
1983-07-14T17:10:06.310Z,24.706,124.049,33.0,4.6,mb,,,,0.4,us,usp0001wt6,2014-11-07T00:33:28.725Z,"41 km NNW of Ishigaki, Japan",earthquake,,,,1.0,reviewed,us,us
1983-07-14T17:25:44.820Z,47.195,155.161,33.0,4.6,mb,,,,1.0,us,usp0001wt8,2026-01-07T19:38:32.436Z,east of the Kuril Islands,earthquake,,,,11.0,reviewed,us,us
1983-07-14T19:45:16.100Z,5.578,126.706,33.0,4.7,mb,,,,1.5,us,usp0001wta,2014-11-07T00:33:28.734Z,"104 km SE of Pondaguitan, Philippines",earthquake,,,,7.0,reviewed,us,us
1983-07-14T19:47:46.530Z,5.557,126.452,43.0,6.3,mw,,,,1.1,us,usp0001wtb,2025-12-19T21:29:19.943Z,"93 km SSE of Pondaguitan, Philippines",earthquake,,2.3,,,reviewed,us,nc
1983-07-14T20:04:15.130Z,-19.237,-178.161,590.9,4.7,mb,,,,1.0,us,usp0001wtc,2014-11-07T00:33:28.765Z,"295 km ESE of Levuka, Fiji",earthquake,,5.2,,3.0,reviewed,us,us
1983-07-15T01:57:29.860Z,28.056,56.982,33.0,4.9,mb,,,,0.9,us,usp0001wth,2022-04-27T23:55:16.687Z,"103 km N of M?n?b, Iran",earthquake,,,,26.0,reviewed,us,us
1983-07-15T02:01:14.850Z,27.714,57.941,33.0,5.0,mb,,,,0.6,us,usp0001wtj,2014-11-07T00:33:28.784Z,"106 km NE of M?n?b, Iran",earthquake,,,,16.0,reviewed,us,us
1983-07-15T02:01:37.670Z,-15.398,-177.659,413.4,4.5,mb,,,,1.3,us,usp0001wtk,2014-11-07T00:33:28.788Z,"129 km SSE of Alo, Wallis and Futuna",earthquake,,10.5,,4.0,reviewed,us,us
1983-07-15T03:18:04.730Z,-18.948,168.091,33.0,5.0,mb,,,,1.3,us,usp0001wtm,2014-11-07T00:33:28.791Z,"136 km S of Port-Vila, Vanuatu",earthquake,,,,6.0,reviewed,us,us
1983-07-15T03:55:54.060Z,52.29,-176.889,129.7,5.0,mb,,,,1.2,us,usp0001wtn,2014-11-07T00:33:28.800Z,"49 km NNW of Adak, Alaska",earthquake,,4.7,,14.0,reviewed,us,us
1983-07-15T04:08:31.270Z,-5.753,147.513,218.2,4.5,mb,,,,1.7,us,usp0001wtp,2014-11-07T00:33:28.806Z,"96 km NNW of Finschhafen, Papua New Guinea",earthquake,,8.2,,2.0,reviewed,us,us
1983-07-15T04:48:52.650Z,21.771,103.435,10.0,5.1,mb,,,,1.3,us,usp0001wtq,2025-12-19T21:29:20.739Z,"60 km NE of Dien Bien Phu, Vietnam",earthquake,,,,27.0,reviewed,us,us
1983-07-15T07:48:59.110Z,60.299,-140.872,11.9,5.1,mb,,,,0.8,us,usp0001wtr,2022-04-27T23:55:23.089Z,"105 km NW of Yakutat, Alaska",earthquake,,1.6,,41.0,reviewed,us,us
1983-07-15T08:15:36.250Z,35.41,141.207,38.7,4.9,mb,,,,1.1,us,usp0001wts,2014-11-07T00:33:28.827Z,"49 km SE of Hasaki, Japan",earthquake,,8.8,,3.0,reviewed,us,us
1983-07-15T09:38:29.180Z,9.664,-83.931,33.0,4.7,mb,,,,1.6,us,usp0001wtu,2014-11-07T00:33:28.835Z,"9 km E of San Marcos, Costa Rica",earthquake,,,,4.0,reviewed,us,us
1983-07-15T10:32:59.070Z,24.086,122.383,53.6,4.7,mb,,,,1.1,us,usp0001wtv,2025-12-19T21:29:21.423Z,"75 km SW of Yonakuni, Japan",earthquake,,5.1,,3.0,reviewed,us,us
1983-07-15T10:39:06.720Z,23.0,121.323,21.5,4.9,mb,,,,1.2,us,usp0001wtw,2026-01-07T19:38:34.066Z,"89 km E of Yujing, Taiwan",earthquake,,2.7,,20.0,reviewed,us,us
1983-07-15T10:45:38.520Z,5.488,126.502,49.4,5.7,mb,,,,1.2,us,usp0001wtx,2025-12-19T21:29:22.246Z,"103 km SSE of Pondaguitan, Philippines",earthquake,,3.0,,35.0,reviewed,us,us
1983-07-15T12:22:11.570Z,5.52,126.411,33.0,4.7,mb,,,,1.5,us,usp0001wtz,2014-11-07T00:33:28.908Z,"95 km ESE of Caburan, Philippines",earthquake,,,,5.0,reviewed,us,us
1983-07-15T13:38:03.560Z,11.863,-88.322,33.0,4.5,mb,,,,1.1,us,usp0001wu0,2014-11-07T00:33:28.911Z,"136 km SW of Jiquilillo, Nicaragua",earthquake,,,,7.0,reviewed,us,us
1983-07-15T17:21:14.570Z,-0.308,121.626,33.0,4.9,mb,,,,1.2,us,usp0001wu3,2014-11-07T00:33:28.926Z,"147 km WNW of Luwuk, Indonesia",earthquake,,,,3.0,reviewed,us,us
1983-07-15T19:58:42.550Z,-6.66,131.817,33.0,4.7,mb,,,,1.4,us,usp0001wu5,2014-11-07T00:33:28.931Z,"154 km SW of Tual, Indonesia",earthquake,,,,5.0,reviewed,us,us
1983-07-15T20:16:57.070Z,-17.566,-71.355,94.6,4.9,mb,,,,1.2,us,usp0001wu6,2014-11-07T00:33:28.963Z,"7 km NNW of Ilo, Peru",earthquake,,6.8,,7.0,reviewed,us,us
1983-07-15T21:27:00.200Z,25.525,125.056,19.8,4.6,mb,,,,1.4,us,usp0001wu7,2026-01-07T19:38:34.898Z,"83 km NNW of Hirara, Japan",earthquake,,10.2,,4.0,reviewed,us,us
1983-07-15T22:03:10.300Z,38.515,-118.253,13.0,4.6,ml,,,,,us,usp0001wu8,2016-04-01T21:26:24.978Z,"18 km NW of Mina, Nevada",earthquake,,,,,reviewed,brk,brk
1983-07-15T23:13:01.730Z,-3.44,139.379,72.3,4.7,mb,,,,1.1,us,usp0001wu9,2014-11-07T00:33:28.985Z,"167 km SW of Abepura, Indonesia",earthquake,,10.7,,5.0,reviewed,us,us
1983-07-16T02:32:17.590Z,5.517,126.5,44.7,5.2,ms,,,,1.1,us,usp0001wud,2025-12-19T21:29:22.972Z,"99 km SSE of Pondaguitan, Philippines",earthquake,,3.5,,3.0,reviewed,us,us
1983-07-16T04:32:01.340Z,39.135,65.34,33.0,4.5,mb,,,,1.2,us,usp0001wue,2014-11-07T00:33:29.031Z,"20 km SE of Muborak, Uzbekistan",earthquake,,,,8.0,reviewed,us,us
1983-07-16T07:50:14.420Z,14.673,-93.564,70.3,5.0,mb,,,,1.0,us,usp0001wug,2014-11-07T00:33:29.087Z,"96 km SSW of La Esperanza (El Zapotal), Mexico",earthquake,,4.5,,30.0,reviewed,us,us
1983-07-16T07:55:24.540Z,-7.176,129.336,149.2,5.5,mb,,,,1.0,us,usp0001wuh,2025-12-19T21:29:23.917Z,"297 km ENE of Lospalos, Timor Leste",earthquake,,3.3,,26.0,reviewed,us,us
1983-07-16T08:56:35.460Z,5.609,126.585,33.0,4.7,mb,,,,1.1,us,usp0001wuj,2014-11-07T00:33:29.250Z,"94 km SSE of Pondaguitan, Philippines",earthquake,,,,6.0,reviewed,us,us
1983-07-16T09:07:49.470Z,-15.799,167.921,220.2,4.6,mb,,,,1.2,us,usp0001wuk,2014-11-07T00:33:29.259Z,"63 km ENE of Norsup, Vanuatu",earthquake,,8.3,,3.0,reviewed,us,us
1983-07-16T11:25:12.250Z,-7.73,126.653,175.8,5.2,mb,,,,1.0,us,usp0001wum,2014-11-07T00:33:29.266Z,"85 km NNE of Baukau, Timor Leste",earthquake,,2.8,,11.0,reviewed,us,us
1983-07-16T14:09:47.310Z,-0.172,121.705,67.8,4.7,mb,,,,1.0,us,usp0001wun,2014-11-07T00:33:29.399Z,"148 km NW of Luwuk, Indonesia",earthquake,,9.1,,4.0,reviewed,us,us
1983-07-16T15:50:09.980Z,-19.027,177.744,33.0,5.1,mb,,,,1.3,us,usp0001wur,2014-11-07T00:33:29.527Z,"122 km SW of Suva, Fiji",earthquake,,,,4.0,reviewed,us,us
1983-07-16T17:19:21.180Z,44.92,140.827,234.2,4.7,mb,,,,0.9,us,usp0001wus,2014-11-07T00:33:29.534Z,"39 km SW of Rishiri Town, Japan",earthquake,,7.4,,35.0,reviewed,us,us
1983-07-16T17:25:51.030Z,27.809,56.378,33.0,4.6,mb,,,,1.2,us,usp0001wut,2014-11-07T00:33:29.541Z,"69 km N of Bandar Abbas, Iran",earthquake,,,,14.0,reviewed,us,us
1983-07-16T18:17:11.250Z,-0.15,121.66,46.5,4.8,mb,,,,1.0,us,usp0001wuv,2014-11-07T00:33:29.546Z,"153 km NW of Luwuk, Indonesia",earthquake,,6.9,,8.0,reviewed,us,us
1983-07-16T18:50:46.570Z,-23.046,170.958,33.0,4.6,mb,,,,1.6,us,usp0001wuw,2014-11-07T00:33:29.550Z,southeast of the Loyalty Islands,earthquake,,,,2.0,reviewed,us,us
1983-07-16T22:46:58.270Z,-0.122,121.685,51.7,4.8,mb,,,,1.1,us,usp0001wuy,2014-11-07T00:33:29.555Z,"153 km NW of Luwuk, Indonesia",earthquake,,10.3,,5.0,reviewed,us,us
1983-07-16T22:58:14.740Z,-0.963,120.623,69.7,4.8,mb,,,,0.9,us,usp0001wuz,2014-11-07T00:33:29.558Z,"49 km NNW of Poso, Indonesia",earthquake,,11.2,,7.0,reviewed,us,us
1983-07-16T23:28:21.820Z,-7.523,108.237,122.1,4.7,mb,,,,1.0,us,usp0001wv0,2014-11-07T00:33:29.560Z,"15 km SSE of Kawalu, Indonesia",earthquake,,8.2,,2.0,reviewed,us,us
1983-07-17T01:33:40.230Z,-0.091,121.666,54.9,4.9,mb,,,,1.1,us,usp0001wv2,2014-11-07T00:33:29.564Z,"156 km NW of Luwuk, Indonesia",earthquake,,6.1,,8.0,reviewed,us,us
1983-07-17T01:56:46.870Z,49.211,155.605,44.0,5.2,ms,,,,0.8,us,usp0001wv3,2026-01-07T19:38:35.930Z,"167 km SSW of Severo-Kuril’sk, Russia",earthquake,,,,1.0,reviewed,us,us
1983-07-17T05:22:53.570Z,5.393,126.489,50.1,5.2,mb,,,,1.2,us,usp0001wv5,2026-01-07T19:38:36.862Z,"110 km ESE of Caburan, Philippines",earthquake,,6.0,,20.0,reviewed,us,us
1983-07-17T05:44:45.570Z,-0.118,121.671,53.4,4.9,mb,,,,0.9,us,usp0001wv6,2014-11-07T00:33:29.593Z,"154 km NW of Luwuk, Indonesia",earthquake,,5.1,,7.0,reviewed,us,us
1983-07-17T06:29:18.960Z,-18.539,-177.66,585.7,5.2,mb,,,,0.8,us,usp0001wv7,2014-11-07T00:33:29.596Z,Fiji region,earthquake,,2.1,,26.0,reviewed,us,us
1983-07-17T10:14:26.160Z,-0.053,121.735,49.8,5.0,mb,,,,0.9,us,usp0001wva,2014-11-07T00:33:29.608Z,"153 km NW of Luwuk, Indonesia",earthquake,,4.7,,6.0,reviewed,us,us
1983-07-17T10:21:53.920Z,-7.136,129.53,102.8,5.0,mb,,,,1.2,us,usp0001wvb,2014-11-07T00:33:29.611Z,"Kepulauan Babar, Indonesia",earthquake,,6.4,,5.0,reviewed,us,us
1983-07-17T11:40:26.820Z,-0.093,121.656,54.2,5.2,mb,,,,1.0,us,usp0001wvc,2014-11-07T00:33:29.614Z,"157 km NW of Luwuk, Indonesia",earthquake,,8.5,,5.0,reviewed,us,us
1983-07-17T13:15:52.800Z,-0.025,121.774,33.6,5.0,mb,,,,0.8,us,usp0001wvf,2014-11-07T00:33:29.620Z,"152 km NW of Luwuk, Indonesia",earthquake,,5.4,,8.0,reviewed,us,us
1983-07-17T14:43:02.560Z,-0.259,121.671,33.0,4.8,mb,,,,1.1,us,usp0001wvg,2014-11-07T00:33:29.623Z,"145 km WNW of Luwuk, Indonesia",earthquake,,,,2.0,reviewed,us,us
1983-07-17T14:47:03.830Z,-23.613,179.131,535.9,5.1,mb,,,,1.0,us,usp0001wvh,2014-11-07T00:33:29.624Z,south of the Fiji Islands,earthquake,,,,18.0,reviewed,us,us
1983-07-17T16:01:54.300Z,-0.07,121.749,54.3,5.0,mb,,,,1.1,us,usp0001wvj,2014-11-07T00:33:29.636Z,"151 km NW of Luwuk, Indonesia",earthquake,,5.8,,5.0,reviewed,us,us
1983-07-17T17:28:29.170Z,40.679,139.128,56.4,4.8,mb,,,,0.9,us,usp0001wvm,2014-11-07T00:33:29.641Z,"92 km NW of Noshiro, Japan",earthquake,,8.3,,8.0,reviewed,us,us
1983-07-17T17:48:10.330Z,15.205,99.021,45.8,4.7,mb,,,,0.7,us,usp0001wvn,2025-12-19T21:29:24.722Z,"61 km E of Sangkhla Buri, Thailand",earthquake,,5.9,,13.0,reviewed,us,us
1983-07-17T18:29:08.770Z,-23.136,179.359,515.9,4.6,mb,,,,0.7,us,usp0001wvp,2014-11-07T00:33:29.647Z,south of the Fiji Islands,earthquake,,4.8,,2.0,reviewed,us,us
1983-07-17T19:04:19.310Z,-0.079,121.741,60.5,5.3,mb,,,,1.2,us,usp0001wvq,2014-11-07T00:33:29.650Z,"151 km NW of Luwuk, Indonesia",earthquake,,7.3,,6.0,reviewed,us,us
1983-07-17T20:53:33.170Z,38.713,72.352,33.0,4.6,mb,,,,0.3,us,usp0001wvs,2014-11-07T00:33:29.654Z,"92 km SE of Karakenja, Tajikistan",earthquake,,,,4.0,reviewed,us,us
1983-07-17T21:06:23.080Z,36.434,70.872,196.1,4.9,mb,,,,1.0,us,usp0001wvt,2014-11-07T00:33:29.656Z,"47 km S of Jurm, Afghanistan",earthquake,,7.4,,15.0,reviewed,us,us
1983-07-17T21:56:16.620Z,-31.411,-178.125,48.6,5.6,mb,,,,1.1,us,usp0001wvu,2025-12-19T21:29:25.386Z,Kermadec Islands region,earthquake,,,,7.0,reviewed,us,us
1983-07-17T22:10:23.760Z,-0.123,121.654,52.3,5.5,mb,,,,1.1,us,usp0001wvw,2022-04-27T23:55:41.902Z,"155 km NW of Luwuk, Indonesia",earthquake,,6.8,,8.0,reviewed,us,us
1983-07-17T23:02:46.460Z,-23.011,-177.873,311.0,5.2,mb,,,,0.9,us,usp0001wvx,2025-12-19T21:29:26.313Z,south of the Fiji Islands,earthquake,,2.9,,20.0,reviewed,us,us
1983-07-17T23:12:36.730Z,-0.06,121.646,56.0,4.9,mb,,,,0.8,us,usp0001wvy,2014-11-07T00:33:29.682Z,"160 km NW of Luwuk, Indonesia",earthquake,,5.7,,3.0,reviewed,us,us
1983-07-18T00:23:10.780Z,-0.004,121.816,67.0,4.9,mb,,,,1.5,us,usp0001ww0,2014-11-07T00:33:29.688Z,"Sulawesi, Indonesia",earthquake,,12.4,,6.0,reviewed,us,us
1983-07-18T01:35:19.330Z,-0.049,121.748,37.2,5.1,mb,,,,1.4,us,usp0001ww1,2014-11-07T00:33:29.690Z,"152 km NW of Luwuk, Indonesia",earthquake,,9.7,,6.0,reviewed,us,us
1983-07-18T03:14:14.920Z,-0.091,121.7,66.2,5.3,mb,,,,1.1,us,usp0001ww2,2014-11-07T00:33:29.692Z,"153 km NW of Luwuk, Indonesia",earthquake,,5.6,,8.0,reviewed,us,us
1983-07-18T05:11:35.520Z,37.321,141.663,42.6,5.2,mb,,,,1.0,us,usp0001ww6,2026-01-07T19:38:37.676Z,"61 km ESE of Namie, Japan",earthquake,,,,51.0,reviewed,us,us
1983-07-18T05:28:05.840Z,-0.072,121.596,67.5,5.3,mb,,,,0.9,us,usp0001ww8,2022-04-27T23:55:43.127Z,"164 km NW of Luwuk, Indonesia",earthquake,,6.4,,6.0,reviewed,us,us
1983-07-18T07:27:56.770Z,-0.1,121.751,63.0,5.3,mb,,,,1.1,us,usp0001wwa,2014-11-07T00:33:29.721Z,"148 km NW of Luwuk, Indonesia",earthquake,,5.9,,8.0,reviewed,us,us
1983-07-18T08:25:17.210Z,-27.533,-113.685,10.0,5.0,mb,,,,1.2,us,usp0001wwc,2014-11-07T00:33:29.728Z,Easter Island region,earthquake,,,,7.0,reviewed,us,us
1983-07-18T09:41:20.110Z,-0.022,121.744,49.5,5.1,mb,,,,1.2,us,usp0001wwd,2014-11-07T00:33:29.731Z,"155 km NW of Luwuk, Indonesia",earthquake,,7.2,,9.0,reviewed,us,us
1983-07-18T10:38:38.000Z,-0.087,121.669,56.8,4.7,mb,,,,1.0,us,usp0001wwf,2014-11-07T00:33:29.736Z,"156 km NW of Luwuk, Indonesia",earthquake,,7.7,,3.0,reviewed,us,us
1983-07-18T11:10:10.550Z,-30.316,-177.808,33.0,4.9,mb,,,,1.5,us,usp0001wwg,2014-11-07T00:33:29.738Z,"Kermadec Islands, New Zealand",earthquake,,,,4.0,reviewed,us,us
1983-07-18T11:40:33.530Z,-0.221,121.666,72.3,4.7,mb,,,,0.7,us,usp0001wwh,2014-11-07T00:33:29.741Z,"148 km WNW of Luwuk, Indonesia",earthquake,,6.4,,3.0,reviewed,us,us
1983-07-18T12:18:10.260Z,-0.15,121.757,58.9,4.6,mb,,,,1.2,us,usp0001wwj,2014-11-07T00:33:29.743Z,"144 km NW of Luwuk, Indonesia",earthquake,,9.1,,4.0,reviewed,us,us
1983-07-18T12:36:38.890Z,-0.247,121.765,33.0,5.0,mb,,,,0.9,us,usp0001wwk,2014-11-07T00:33:29.745Z,"137 km NW of Luwuk, Indonesia",earthquake,,,,2.0,reviewed,us,us
1983-07-18T12:49:33.080Z,-0.177,121.687,61.5,5.0,mb,,,,1.1,us,usp0001wwm,2014-11-07T00:33:29.747Z,"149 km NW of Luwuk, Indonesia",earthquake,,7.2,,3.0,reviewed,us,us
1983-07-18T12:52:43.440Z,12.669,-87.181,86.3,5.6,mb,,,,1.2,us,usp0001wwn,2022-04-27T23:55:44.670Z,"1 km WNW of El Viejo, Nicaragua",earthquake,,2.1,,70.0,reviewed,us,us
1983-07-18T13:40:26.640Z,-0.084,121.721,72.1,5.2,mb,,,,1.2,us,usp0001wwp,2014-11-07T00:33:29.782Z,"152 km NW of Luwuk, Indonesia",earthquake,,8.7,,8.0,reviewed,us,us
1983-07-18T13:46:56.890Z,-1.604,100.429,90.4,4.8,mb,,,,1.2,us,usp0001wwq,2014-11-07T00:33:29.785Z,"southern Sumatra, Indonesia",earthquake,,9.1,,11.0,reviewed,us,us
1983-07-18T14:57:52.490Z,-0.068,121.743,61.1,5.1,mb,,,,1.1,us,usp0001wws,2014-11-07T00:33:29.790Z,"151 km NW of Luwuk, Indonesia",earthquake,,6.8,,7.0,reviewed,us,us
1983-07-18T15:25:09.680Z,-5.632,148.723,203.3,4.5,mb,,,,0.8,us,usp0001wwt,2014-11-07T00:33:29.793Z,"111 km NW of Kandrian, Papua New Guinea",earthquake,,5.0,,3.0,reviewed,us,us
1983-07-18T15:56:25.680Z,0.15,122.395,142.4,4.7,mb,,,,1.2,us,usp0001wwu,2014-11-07T00:33:29.794Z,"85 km WSW of Gorontalo, Indonesia",earthquake,,10.4,,1.0,reviewed,us,us
1983-07-18T16:23:21.600Z,-0.276,121.432,33.0,4.8,mb,,,,1.5,us,usp0001wwv,2014-11-07T00:33:29.796Z,"145 km NNE of Poso, Indonesia",earthquake,,,,5.0,reviewed,us,us
1983-07-18T17:48:36.030Z,55.493,-35.06,10.0,4.5,mb,,,,0.7,us,usp0001wwx,2014-11-07T00:33:29.799Z,Reykjanes Ridge,earthquake,,,,13.0,reviewed,us,us
1983-07-18T18:09:04.800Z,33.699,136.88,379.0,5.0,mb,,,,1.2,us,usp0001wwy,2014-11-07T00:33:29.802Z,"74 km ESE of Owase, Japan",earthquake,,1.2,,36.0,reviewed,us,us
1983-07-18T18:10:28.870Z,-0.027,121.744,44.3,5.1,mb,,,,1.3,us,usp0001wwz,2014-11-07T00:33:29.815Z,"154 km NW of Luwuk, Indonesia",earthquake,,6.7,,5.0,reviewed,us,us
1983-07-18T19:34:28.690Z,33.654,140.963,70.3,5.0,mb,,,,1.2,us,usp0001wx2,2014-11-07T00:33:29.823Z,"175 km SSE of Katsuura, Japan",earthquake,,10.5,,3.0,reviewed,us,us
1983-07-18T19:59:20.150Z,-0.046,121.649,62.3,4.6,mb,,,,1.1,us,usp0001wx3,2014-11-07T00:33:29.825Z,"Sulawesi, Indonesia",earthquake,,10.0,,2.0,reviewed,us,us
1983-07-18T23:07:39.200Z,-22.289,170.255,33.0,4.8,mb,,,,1.3,us,usp0001wx7,2014-11-07T00:33:29.831Z,"258 km ESE of Tadine, New Caledonia",earthquake,,,,2.0,reviewed,us,us
1983-07-18T23:08:21.410Z,29.983,140.222,175.0,4.7,mb,,,,1.0,us,usp0001wx8,2014-11-07T00:33:29.834Z,"Izu Islands, Japan region",earthquake,,4.7,,4.0,reviewed,us,us
1983-07-18T23:31:47.750Z,0.003,121.737,47.3,5.0,mb,,,,1.0,us,usp0001wx9,2025-12-19T20:58:59.986Z,"157 km NW of Luwuk, Indonesia",earthquake,,5.6,,5.0,reviewed,us,us
1983-07-18T23:46:33.910Z,-11.074,119.238,33.0,5.1,mb,,,,1.4,us,usp0001wxa,2014-11-07T00:33:29.838Z,"192 km SW of Waingapu, Indonesia",earthquake,,,,5.0,reviewed,us,us
1983-07-19T00:59:37.560Z,36.209,141.879,45.2,4.7,mb,,,,0.4,us,usp0001wxc,2014-11-07T00:33:29.845Z,"108 km ENE of Hasaki, Japan",earthquake,,4.5,,2.0,reviewed,us,us
1983-07-19T01:06:43.120Z,-0.119,121.688,68.3,5.0,mb,,,,1.0,us,usp0001wxd,2014-11-07T00:33:29.846Z,"153 km NW of Luwuk, Indonesia",earthquake,,6.4,,6.0,reviewed,us,us
1983-07-19T01:10:46.740Z,-7.371,27.992,10.0,4.7,mb,,,,1.2,us,usp0001wxe,2014-11-07T00:33:29.849Z,"188 km SE of Kabalo, Democratic Republic of the Congo",earthquake,,,,2.0,reviewed,us,us
1983-07-19T02:01:01.190Z,-0.172,121.638,69.0,5.1,mb,,,,0.8,us,usp0001wxf,2014-11-07T00:33:29.851Z,"154 km NW of Luwuk, Indonesia",earthquake,,6.8,,4.0,reviewed,us,us
1983-07-19T02:36:51.720Z,-0.018,121.757,63.4,5.1,mb,,,,0.9,us,usp0001wxg,2014-11-07T00:33:29.853Z,"154 km NW of Luwuk, Indonesia",earthquake,,12.3,,4.0,reviewed,us,us
1983-07-19T04:27:46.720Z,-0.084,121.688,53.9,4.8,mb,,,,1.0,us,usp0001wxh,2014-11-07T00:33:29.854Z,"155 km NW of Luwuk, Indonesia",earthquake,,6.6,,6.0,reviewed,us,us
1983-07-19T04:33:23.890Z,-22.095,-68.492,129.8,4.8,mb,,,,1.2,us,usp0001wxj,2014-11-07T00:33:29.858Z,"59 km NE of Calama, Chile",earthquake,,7.0,,3.0,reviewed,us,us
1983-07-19T06:09:28.400Z,-19.188,177.648,33.0,5.1,mb,,,,1.0,us,usp0001wxk,2025-12-19T21:29:27.106Z,"142 km SW of Suva, Fiji",earthquake,,,,12.0,reviewed,us,us
1983-07-19T08:03:45.920Z,-0.025,121.649,56.1,5.1,mb,,,,1.1,us,usp0001wxm,2014-11-07T00:33:29.880Z,"162 km NW of Luwuk, Indonesia",earthquake,,7.5,,8.0,reviewed,us,us
1983-07-19T09:47:20.140Z,-28.034,-178.249,76.2,5.0,mb,,,,1.3,us,usp0001wxq,2014-11-07T00:33:29.886Z,Kermadec Islands region,earthquake,,,,6.0,reviewed,us,us
1983-07-19T10:00:02.900Z,-0.079,121.71,42.5,5.0,mb,,,,1.1,us,usp0001wxr,2014-11-07T00:33:29.890Z,"153 km NW of Luwuk, Indonesia",earthquake,,7.6,,9.0,reviewed,us,us
1983-07-19T10:44:06.090Z,0.116,121.782,33.0,5.2,mb,,,,1.3,us,usp0001wxs,2014-11-07T00:33:29.893Z,"149 km WSW of Gorontalo, Indonesia",earthquake,,,,4.0,reviewed,us,us
1983-07-19T10:50:30.140Z,5.472,126.324,83.6,4.5,mb,,,,1.0,us,usp0001wxt,2014-11-07T00:33:29.895Z,"90 km ESE of Caburan, Philippines",earthquake,,8.0,,3.0,reviewed,us,us
1983-07-19T10:56:54.760Z,7.941,-81.901,33.0,4.8,mb,,,,0.5,us,usp0001wxu,2014-11-07T00:33:29.897Z,"29 km SW of Quebrada de Piedra, Panama",earthquake,,,,9.0,reviewed,us,us
1983-07-19T11:42:06.700Z,-0.071,121.643,64.5,4.9,mb,,,,1.2,us,usp0001wxv,2026-01-07T19:38:39.146Z,"160 km NW of Luwuk, Indonesia",earthquake,,7.0,,10.0,reviewed,us,us
1983-07-19T12:42:55.810Z,-0.073,121.647,54.5,5.0,mb,,,,1.0,us,usp0001wxw,2014-11-07T00:33:29.903Z,"159 km NW of Luwuk, Indonesia",earthquake,,11.1,,4.0,reviewed,us,us
1983-07-19T14:18:08.700Z,-0.108,121.732,55.5,5.0,mb,,,,1.1,us,usp0001wxx,2025-12-19T21:29:27.831Z,"150 km NW of Luwuk, Indonesia",earthquake,,7.1,,8.0,reviewed,us,us
1983-07-19T15:11:02.370Z,-0.141,121.621,62.1,4.9,mb,,,,0.9,us,usp0001wxy,2014-11-07T00:33:29.908Z,"157 km NW of Luwuk, Indonesia",earthquake,,6.0,,5.0,reviewed,us,us
1983-07-19T16:39:59.790Z,-0.134,121.717,58.4,4.9,mb,,,,1.4,us,usp0001wxz,2014-11-07T00:33:29.910Z,"149 km NW of Luwuk, Indonesia",earthquake,,12.3,,5.0,reviewed,us,us
1983-07-19T16:59:01.490Z,-0.144,121.722,62.2,4.7,mb,,,,1.0,us,usp0001wy0,2014-11-07T00:33:29.912Z,"148 km NW of Luwuk, Indonesia",earthquake,,13.1,,4.0,reviewed,us,us
1983-07-19T17:07:06.600Z,30.395,138.421,427.2,4.5,mb,,,,0.6,us,usp0001wy1,2014-11-07T00:33:29.914Z,"Izu Islands, Japan region",earthquake,,2.9,,15.0,reviewed,us,us
1983-07-19T18:22:24.560Z,-0.127,121.664,53.3,5.0,mb,,,,1.4,us,usp0001wy3,2014-11-07T00:33:29.918Z,"154 km NW of Luwuk, Indonesia",earthquake,,9.7,,8.0,reviewed,us,us
1983-07-19T19:44:17.090Z,-0.066,121.675,51.6,4.9,mb,,,,1.0,us,usp0001wy4,2026-01-07T19:38:39.962Z,"157 km NW of Luwuk, Indonesia",earthquake,,7.4,,5.0,reviewed,us,us
1983-07-19T21:53:01.990Z,-0.061,121.661,64.7,4.7,mb,,,,1.5,us,usp0001wy7,2014-11-07T00:33:29.928Z,"159 km NW of Luwuk, Indonesia",earthquake,,12.3,,4.0,reviewed,us,us
1983-07-19T22:19:43.900Z,-6.464,129.609,33.0,4.8,mb,,,,1.1,us,usp0001wy8,2014-11-07T00:33:29.930Z,Banda Sea,earthquake,,,,1.0,reviewed,us,us
1983-07-19T23:14:25.930Z,-23.881,-66.679,218.6,4.5,mb,,,,1.5,us,usp0001wy9,2014-11-07T00:33:29.932Z,"52 km NW of San Antonio de los Cobres, Argentina",earthquake,,5.5,,3.0,reviewed,us,us
1983-07-19T23:14:30.450Z,-0.128,121.63,48.3,4.9,mb,,,,1.4,us,usp0001wya,2014-11-07T00:33:29.934Z,"157 km NW of Luwuk, Indonesia",earthquake,,9.1,,7.0,reviewed,us,us
1983-07-19T23:32:50.050Z,-19.469,167.985,13.2,4.9,mb,,,,1.0,us,usp0001wyb,2014-11-07T00:33:29.936Z,"136 km W of Isangel, Vanuatu",earthquake,,4.1,,1.0,reviewed,us,us
1983-07-19T23:49:18.920Z,1.017,123.89,297.2,5.4,mb,,,,1.1,us,usp0001wyc,2022-04-27T23:55:47.384Z,"106 km ENE of Gorontalo, Indonesia",earthquake,,1.9,,40.0,reviewed,us,us
1983-07-20T03:46:12.630Z,-0.046,121.682,42.8,4.6,mb,,,,1.1,us,usp0001wye,2026-01-07T19:38:41.015Z,"158 km NW of Luwuk, Indonesia",earthquake,,8.5,,5.0,reviewed,us,us
1983-07-20T05:40:52.490Z,-22.826,-68.849,126.4,4.8,mb,,,,1.4,us,usp0001wyg,2014-11-07T00:33:29.977Z,"41 km S of Calama, Chile",earthquake,,4.6,,3.0,reviewed,us,us
1983-07-20T06:19:27.600Z,0.402,126.252,49.5,5.0,mb,,,,1.0,us,usp0001wyh,2014-11-07T00:33:29.981Z,"133 km WSW of Ternate, Indonesia",earthquake,,4.9,,11.0,reviewed,us,us
1983-07-20T07:44:33.180Z,-0.137,121.652,50.0,4.7,mb,,,,1.1,us,usp0001wyk,2014-11-07T00:33:30.033Z,"155 km NW of Luwuk, Indonesia",earthquake,,11.7,,4.0,reviewed,us,us
1983-07-20T08:41:52.640Z,-0.15,121.706,69.2,4.8,mb,,,,1.3,us,usp0001wym,2014-11-07T00:33:30.036Z,"149 km NW of Luwuk, Indonesia",earthquake,,11.6,,4.0,reviewed,us,us
1983-07-20T09:20:11.580Z,-0.211,121.732,49.5,5.1,mb,,,,1.3,us,usp0001wyn,2014-11-07T00:33:30.038Z,"143 km NW of Luwuk, Indonesia",earthquake,,13.3,,1.0,reviewed,us,us
1983-07-20T09:44:40.420Z,64.503,-17.721,10.0,4.5,mb,,,,1.0,us,usp0001wyq,2025-12-19T21:29:28.493Z,"124 km WNW of Höfn, Iceland",earthquake,,,,18.0,reviewed,us,us
1983-07-20T10:33:53.000Z,-0.004,121.661,53.1,4.8,mb,,,,1.3,us,usp0001wyr,2026-01-07T19:38:41.859Z,"163 km NW of Luwuk, Indonesia",earthquake,,7.0,,8.0,reviewed,us,us
1983-07-20T14:02:56.670Z,0.148,121.736,68.9,5.0,mb,,,,1.4,us,usp0001wys,2025-12-19T21:29:29.451Z,"153 km WSW of Gorontalo, Indonesia",earthquake,,11.8,,6.0,reviewed,us,us
1983-07-20T16:08:13.540Z,-0.124,121.732,33.0,5.1,mb,,,,1.2,us,usp0001wyv,2014-11-07T00:33:30.055Z,"148 km NW of Luwuk, Indonesia",earthquake,,,,2.0,reviewed,us,us
1983-07-20T17:40:42.540Z,-0.07,121.676,56.1,4.8,mb,,,,1.1,us,usp0001wyx,2026-01-07T19:38:42.635Z,"157 km NW of Luwuk, Indonesia",earthquake,,6.3,,10.0,reviewed,us,us
1983-07-20T19:30:56.230Z,9.506,-83.7,50.0,4.8,mb,,,,1.3,us,usp0001wyz,2022-04-27T23:55:48.938Z,"15 km N of San Isidro, Costa Rica",earthquake,,9.5,,9.0,reviewed,us,us
1983-07-20T21:11:50.230Z,40.082,138.962,33.0,4.7,mb,,,,1.3,us,usp0001wz2,2014-11-07T00:33:30.077Z,"88 km WNW of Tenn?, Japan",earthquake,,,,5.0,reviewed,us,us
1983-07-20T21:36:07.390Z,-0.041,121.73,63.2,4.9,mb,,,,1.2,us,usp0001wz3,2014-11-07T00:33:30.079Z,"154 km NW of Luwuk, Indonesia",earthquake,,7.8,,5.0,reviewed,us,us
1983-07-20T22:57:18.800Z,5.957,127.44,43.0,5.7,mb,,,,1.0,us,usp0001wz6,2025-12-19T21:29:30.330Z,"146 km ESE of Pondaguitan, Philippines",earthquake,,,,44.0,reviewed,us,us
1983-07-21T00:00:02.640Z,-0.232,121.611,65.0,4.8,mb,,,,0.9,us,usp0001wz8,2014-11-07T00:33:30.105Z,"153 km WNW of Luwuk, Indonesia",earthquake,,7.7,,8.0,reviewed,us,us
1983-07-21T02:31:02.440Z,-0.046,121.703,62.5,4.9,mb,,,,1.1,us,usp0001wzb,2026-01-07T19:36:59.792Z,"156 km NW of Luwuk, Indonesia",earthquake,,5.2,,8.0,reviewed,us,us
1983-07-21T02:33:28.510Z,-8.559,-74.664,154.1,4.7,mb,,,,0.9,us,usp0001wzd,2014-11-07T00:33:30.117Z,"18 km ESE of Campo Verde, Peru",earthquake,,5.8,,5.0,reviewed,us,us
1983-07-21T02:51:24.490Z,18.278,145.548,33.0,5.0,mb,,,,1.1,us,usp0001wze,2014-11-07T00:33:30.120Z,"Pagan region, Northern Mariana Islands",earthquake,,,,2.0,reviewed,us,us
1983-07-21T06:46:02.870Z,-1.22,-80.908,34.4,5.0,mb,,,,1.0,us,usp0001wzj,2014-11-07T00:33:30.125Z,"33 km SW of Montecristi, Ecuador",earthquake,,,,23.0,reviewed,us,us
1983-07-21T07:03:31.370Z,-1.153,-80.738,33.0,4.8,mb,,,,0.9,us,usp0001wzk,2014-11-07T00:33:30.132Z,"14 km SW of Montecristi, Ecuador",earthquake,,,,11.0,reviewed,us,us
1983-07-21T07:04:47.110Z,19.14,121.21,33.0,4.7,mb,,,,1.3,us,usp0001wzm,2025-12-19T21:29:31.004Z,"58 km N of Namuac, Philippines",earthquake,,,,8.0,reviewed,us,us
1983-07-21T07:11:33.830Z,-22.193,-68.451,126.1,5.5,mb,,,,1.0,us,usp0001wzn,2022-04-27T23:55:50.576Z,"56 km ENE of Calama, Chile",earthquake,,,,42.0,reviewed,us,us
1983-07-21T08:46:11.020Z,-0.157,121.66,33.0,5.0,mb,,,,1.3,us,usp0001wzp,2026-01-07T19:38:43.500Z,"153 km NW of Luwuk, Indonesia",earthquake,,,,7.0,reviewed,us,us
1983-07-21T11:59:04.370Z,-7.565,129.481,33.0,5.0,mb,,,,0.4,us,usp0001wzs,2014-11-07T00:33:30.160Z,"293 km ENE of Lospalos, Timor Leste",earthquake,,,,1.0,reviewed,us,us
1983-07-21T13:17:51.980Z,-0.055,121.676,46.5,5.1,mb,,,,1.1,us,usp0001wzv,2026-01-07T19:38:44.428Z,"158 km NW of Luwuk, Indonesia",earthquake,,5.9,,5.0,reviewed,us,us
1983-07-21T13:31:22.010Z,45.856,11.334,29.0,5.1,mb,,,,1.1,us,usp0001wzw,2014-11-07T00:33:30.169Z,"0 km WSW of Tonezza del Cimone, Italy",earthquake,,2.1,,3.0,reviewed,us,us
1983-07-21T16:44:40.330Z,-31.401,-69.182,120.4,4.6,mb,,,,1.2,us,usp0001wzz,2014-11-07T00:33:30.182Z,"23 km ESE of Calingasta, Argentina",earthquake,,3.5,,2.0,reviewed,us,us
1983-07-21T17:35:18.430Z,58.391,-152.956,53.6,4.9,mb,,,,0.8,us,usp0001x01,2014-11-07T00:33:30.186Z,"36 km N of Aleneva, Alaska",earthquake,,2.3,,22.0,reviewed,us,us
1983-07-21T18:42:12.010Z,-0.051,121.86,33.0,4.5,mb,,,,1.0,us,usp0001x02,2014-11-07T00:33:30.195Z,"143 km NW of Luwuk, Indonesia",earthquake,,,,2.0,reviewed,us,us
1983-07-21T19:30:23.550Z,-0.214,121.645,50.2,4.8,mb,,,,1.4,us,usp0001x03,2014-11-07T00:33:30.196Z,"151 km WNW of Luwuk, Indonesia",earthquake,,15.3,,1.0,reviewed,us,us
1983-07-21T20:22:02.660Z,-0.019,121.915,33.0,4.5,mb,,,,0.9,us,usp0001x04,2014-11-07T00:33:30.198Z,"141 km NW of Luwuk, Indonesia",earthquake,,,,1.0,reviewed,us,us
1983-07-21T21:33:15.130Z,-0.141,121.778,66.5,4.9,mb,,,,1.2,us,usp0001x05,2014-11-07T00:33:30.199Z,"143 km NW of Luwuk, Indonesia",earthquake,,10.2,,4.0,reviewed,us,us
1983-07-21T23:27:06.430Z,-0.132,121.816,61.3,4.9,mb,,,,1.1,us,usp0001x09,2014-11-07T00:33:30.225Z,"141 km NW of Luwuk, Indonesia",earthquake,,7.3,,7.0,reviewed,us,us
1983-07-22T00:59:27.010Z,-19.116,178.068,40.3,4.6,mb,,,,1.0,us,usp0001x0b,2014-11-07T00:33:30.230Z,"114 km SSW of Suva, Fiji",earthquake,,5.5,,3.0,reviewed,us,us
1983-07-22T01:32:17.940Z,-6.171,154.472,49.1,4.9,mb,,,,1.1,us,usp0001x0d,2014-11-07T00:33:30.237Z,"113 km W of Panguna, Papua New Guinea",earthquake,,7.1,,7.0,reviewed,us,us
1983-07-22T02:25:40.090Z,-0.071,121.732,50.3,5.1,mb,,,,1.1,us,usp0001x0f,2026-01-07T19:38:45.394Z,"152 km NW of Luwuk, Indonesia",earthquake,,6.9,,5.0,reviewed,us,us
1983-07-22T02:36:40.720Z,-14.636,167.332,163.3,5.2,mb,,,,1.4,us,usp0001x0g,2014-11-07T00:33:30.244Z,"52 km NNE of Port-Olry, Vanuatu",earthquake,,,,14.0,reviewed,us,us
1983-07-22T02:39:53.960Z,36.2356667,-120.4138333,7.265,5.37,ma,50.0,47.0,0.05946,0.09,nc,nc1098982,2025-12-19T21:29:31.635Z,"11 km NNW of Coalinga, California",earthquake,0.14,0.33,0.23,4.0,reviewed,nc,nc
1983-07-22T02:41:00.880Z,36.948,49.18,41.3,5.6,mb,,,,1.1,us,usp0001x0j,2025-12-19T21:29:32.337Z,"31 km NW of P?deg?n-e Manj?l, Iran",earthquake,,3.8,,47.0,reviewed,us,us
1983-07-22T03:43:00.910Z,36.2178333,-120.41,7.985,4.82,md,48.0,42.0,0.06306,0.08,nc,nc1098996,2022-04-27T23:55:54.093Z,"9 km NNW of Coalinga, California",earthquake,0.15,0.32,0.05,7.0,reviewed,nc,nc
1983-07-22T04:27:58.230Z,-0.161,121.564,66.1,5.8,mb,,,,1.2,us,usp0001x0w,2020-08-26T22:48:19.418Z,"161 km WNW of Luwuk, Indonesia",earthquake,,11.7,,3.0,reviewed,us,us
1983-07-22T06:36:17.620Z,-0.098,121.777,65.4,5.1,mb,,,,1.1,us,usp0001x0z,2014-11-07T00:33:30.317Z,"146 km NW of Luwuk, Indonesia",earthquake,,6.6,,7.0,reviewed,us,us
1983-07-22T07:16:04.010Z,-8.715,-80.844,33.0,4.6,mb,,,,0.8,us,usp0001x12,2014-11-07T00:33:30.323Z,"195 km WSW of Santiago de Cao, Peru",earthquake,,,,3.0,reviewed,us,us
1983-07-22T07:45:25.170Z,-22.345,-177.962,390.5,4.5,mb,,,,1.2,us,usp0001x13,2014-11-07T00:33:30.324Z,south of the Fiji Islands,earthquake,,7.2,,11.0,reviewed,us,us
1983-07-22T08:02:26.000Z,43.256,20.846,10.0,4.7,mb,,,,1.1,us,usp0001x14,2014-11-07T00:33:30.327Z,"17 km NNE of Leposaviq, Kosovo",earthquake,,,,4.0,reviewed,us,us
1983-07-22T08:46:35.920Z,-0.161,121.608,55.4,5.0,mb,,,,1.2,us,usp0001x16,2026-01-07T19:38:46.268Z,"157 km WNW of Luwuk, Indonesia",earthquake,,6.2,,6.0,reviewed,us,us
1983-07-22T11:38:46.120Z,-0.286,121.841,82.7,4.7,mb,,,,1.4,us,usp0001x18,2014-11-07T00:33:30.341Z,"128 km NW of Luwuk, Indonesia",earthquake,,15.2,,2.0,reviewed,us,us
1983-07-22T12:16:20.880Z,40.18,139.049,33.0,4.8,mb,,,,1.1,us,usp0001x19,2026-01-07T19:38:47.138Z,"83 km W of Noshiro, Japan",earthquake,,,,8.0,reviewed,us,us
1983-07-22T12:51:33.330Z,-19.296,-69.271,134.1,4.7,mb,,,,1.4,us,usp0001x1b,2014-11-07T00:33:30.347Z,"137 km NE of Iquique, Chile",earthquake,,6.2,,3.0,reviewed,us,us
1983-07-22T13:38:29.020Z,-0.095,121.637,57.6,4.5,mb,,,,1.2,us,usp0001x1c,2014-11-07T00:33:30.349Z,"159 km NW of Luwuk, Indonesia",earthquake,,10.3,,2.0,reviewed,us,us
1983-07-22T14:28:43.270Z,-0.121,121.737,43.7,5.1,mb,,,,1.0,us,usp0001x1d,2014-11-07T00:33:30.351Z,"148 km NW of Luwuk, Indonesia",earthquake,,9.3,,5.0,reviewed,us,us
1983-07-22T16:21:46.620Z,19.182,97.436,33.0,4.6,mb,,,,1.2,us,usp0001x1e,2014-11-07T00:33:30.353Z,"57 km WSW of Mae Hong Son, Thailand",earthquake,,,,3.0,reviewed,us,us
1983-07-22T17:09:19.390Z,-0.056,121.665,60.5,4.8,mb,,,,0.9,us,usp0001x1f,2026-01-07T19:38:48.775Z,"159 km NW of Luwuk, Indonesia",earthquake,,5.1,,5.0,reviewed,us,us
1983-07-22T17:36:09.020Z,-6.209,153.828,116.4,4.6,mb,,,,1.3,us,usp0001x1g,2014-11-07T00:33:30.357Z,"183 km W of Panguna, Papua New Guinea",earthquake,,31.7,,5.0,reviewed,us,us
1983-07-22T19:47:16.420Z,-0.151,121.752,71.8,4.7,mb,,,,1.2,us,usp0001x1j,2014-11-07T00:33:30.360Z,"145 km NW of Luwuk, Indonesia",earthquake,,10.9,,1.0,reviewed,us,us
1983-07-23T00:07:48.060Z,-0.056,121.658,58.6,4.9,mb,,,,1.3,us,usp0001x1p,2026-01-07T19:38:49.585Z,"160 km NW of Luwuk, Indonesia",earthquake,,7.1,,7.0,reviewed,us,us
1983-07-23T03:25:55.980Z,-7.45,119.814,33.0,5.1,mb,,,,0.5,us,usp0001x1q,2014-11-07T00:33:30.368Z,"116 km N of Labuan Bajo, Indonesia",earthquake,,,,4.0,reviewed,us,us
1983-07-23T05:07:38.680Z,17.023,-99.945,33.0,4.7,mb,,,,1.4,us,usp0001x1r,2014-11-07T00:33:30.369Z,"4 km SSE of Tixtlancingo, Mexico",earthquake,,,,2.0,reviewed,us,us
1983-07-23T08:29:45.730Z,-0.195,121.478,31.5,5.3,mb,,,,1.0,us,usp0001x1t,2026-01-07T19:38:50.594Z,"155 km NNE of Poso, Indonesia",earthquake,,7.3,,3.0,reviewed,us,us
1983-07-23T08:39:48.280Z,-0.051,121.787,89.0,4.8,mb,,,,0.9,us,usp0001x1u,2014-11-07T00:33:30.376Z,"149 km NW of Luwuk, Indonesia",earthquake,,11.6,,4.0,reviewed,us,us
1983-07-23T08:50:06.810Z,-0.183,121.601,71.5,4.8,mb,,,,1.1,us,usp0001x1w,2014-11-07T00:33:30.380Z,"157 km WNW of Luwuk, Indonesia",earthquake,,8.0,,5.0,reviewed,us,us
1983-07-23T08:56:13.240Z,-0.221,121.563,61.8,5.0,mb,,,,1.2,us,usp0001x1x,2026-01-07T19:38:51.626Z,"158 km NE of Poso, Indonesia",earthquake,,5.1,,10.0,reviewed,us,us
1983-07-23T11:16:14.500Z,-7.502,27.708,10.0,4.9,mb,,,,0.8,us,usp0001x1z,2014-11-07T00:33:30.398Z,"182 km SSE of Kabalo, Democratic Republic of the Congo",earthquake,,,,1.0,reviewed,us,us
1983-07-23T15:06:47.720Z,12.409,143.968,35.5,4.9,mb,,,,1.0,us,usp0001x23,2025-12-19T21:29:33.051Z,"121 km SW of Merizo Village, Guam",earthquake,,6.3,,12.0,reviewed,us,us
1983-07-23T21:29:44.380Z,6.879,-73.066,158.8,4.7,mb,,,,1.2,us,usp0001x27,2014-11-07T00:33:30.414Z,"12 km S of Piedecuesta, Colombia",earthquake,,3.3,,14.0,reviewed,us,us
1983-07-23T22:57:23.920Z,-0.144,121.66,64.3,5.1,mb,,,,1.2,us,usp0001x28,2014-11-07T00:33:30.417Z,"154 km NW of Luwuk, Indonesia",earthquake,,6.6,,5.0,reviewed,us,us
1983-07-24T00:52:25.190Z,-27.995,-176.382,71.3,5.5,mb,,,,1.2,us,usp0001x29,2025-12-19T21:29:33.684Z,Kermadec Islands region,earthquake,,,,23.0,reviewed,us,us
1983-07-24T02:18:51.040Z,32.72,48.783,70.5,4.5,mb,,,,1.3,us,usp0001x2a,2014-11-07T00:33:30.435Z,"50 km NE of Shahrak-e K?l?r?, Iran",earthquake,,8.2,,5.0,reviewed,us,us
1983-07-24T02:42:19.500Z,-0.449,121.936,64.9,4.9,mb,,,,1.0,us,usp0001x2b,2014-11-07T00:33:30.438Z,"109 km WNW of Luwuk, Indonesia",earthquake,,12.6,,6.0,reviewed,us,us
1983-07-24T03:46:34.240Z,-0.254,121.648,70.8,4.9,mb,,,,0.8,us,usp0001x2c,2014-11-07T00:33:30.440Z,"148 km WNW of Luwuk, Indonesia",earthquake,,6.0,,6.0,reviewed,us,us
1983-07-24T04:19:57.690Z,-16.951,-174.53,33.0,4.6,mb,,,,0.6,us,usp0001x2d,2014-11-07T00:33:30.442Z,"135 km SW of Hihifo, Tonga",earthquake,,,,4.0,reviewed,us,us
1983-07-24T05:33:52.600Z,-0.139,121.583,42.6,5.0,mb,,,,1.3,us,usp0001x2e,2014-11-07T00:33:30.443Z,"161 km NW of Luwuk, Indonesia",earthquake,,17.9,,2.0,reviewed,us,us
1983-07-24T05:59:35.460Z,43.727,150.216,33.0,4.7,mb,,,,1.0,us,usp0001x2f,2014-11-07T00:33:30.445Z,"249 km SE of Kuril’sk, Russia",earthquake,,,,9.0,reviewed,us,us
1983-07-24T07:07:13.010Z,-0.172,121.776,69.6,5.0,mb,,,,0.9,us,usp0001x2g,2014-11-07T00:33:30.448Z,"141 km NW of Luwuk, Indonesia",earthquake,,7.9,,2.0,reviewed,us,us
1983-07-24T08:25:44.970Z,-0.088,121.747,60.5,4.6,mb,,,,1.1,us,usp0001x2j,2014-11-07T00:33:30.451Z,"150 km NW of Luwuk, Indonesia",earthquake,,26.8,,2.0,reviewed,us,us
1983-07-24T09:40:43.550Z,-6.13,154.656,408.5,4.9,mb,,,,1.0,us,usp0001x2m,2014-11-07T00:33:30.453Z,"94 km WNW of Panguna, Papua New Guinea",earthquake,,3.2,,7.0,reviewed,us,us
1983-07-24T09:56:36.180Z,-0.188,121.709,64.5,4.9,mb,,,,1.2,us,usp0001x2n,2014-11-07T00:33:30.456Z,"146 km NW of Luwuk, Indonesia",earthquake,,8.0,,5.0,reviewed,us,us
1983-07-24T10:58:38.150Z,51.978,158.877,65.4,4.6,mb,,,,0.9,us,usp0001x2q,2014-11-07T00:33:30.464Z,"110 km SSE of Vilyuchinsk, Russia",earthquake,,,,17.0,reviewed,us,us
1983-07-24T11:16:16.360Z,-0.104,121.688,50.8,4.7,mb,,,,1.0,us,usp0001x2r,2014-11-07T00:33:30.467Z,"154 km NW of Luwuk, Indonesia",earthquake,,7.5,,3.0,reviewed,us,us
1983-07-24T13:25:15.210Z,-0.018,121.811,82.2,4.6,mb,,,,1.2,us,usp0001x2t,2014-11-07T00:33:30.470Z,"149 km NW of Luwuk, Indonesia",earthquake,,9.3,,2.0,reviewed,us,us
1983-07-24T14:06:02.020Z,23.932,-46.309,10.0,5.0,mb,,,,0.8,us,usp0001x2v,2026-01-07T19:38:52.537Z,northern Mid-Atlantic Ridge,earthquake,,,,41.0,reviewed,us,us
1983-07-24T14:46:11.940Z,-0.106,121.8,65.5,4.7,mb,,,,1.3,us,usp0001x2w,2014-11-07T00:33:30.484Z,"144 km NW of Luwuk, Indonesia",earthquake,,8.9,,5.0,reviewed,us,us
1983-07-24T14:52:33.310Z,39.663,139.556,193.5,5.1,mb,,,,0.8,us,usp0001x2x,2014-11-07T00:33:30.486Z,"43 km SW of Tenn?, Japan",earthquake,,1.5,,65.0,reviewed,us,us
1983-07-24T15:26:33.540Z,-0.239,121.734,66.1,4.9,mb,,,,1.3,us,usp0001x2y,2014-11-07T00:33:30.500Z,"141 km NW of Luwuk, Indonesia",earthquake,,13.5,,1.0,reviewed,us,us
1983-07-24T15:39:45.290Z,6.819,-73.062,163.3,4.9,mb,,,,0.9,us,usp0001x30,2014-11-07T00:33:30.503Z,"10 km NNE of Jordán, Colombia",earthquake,,2.3,,18.0,reviewed,us,us
1983-07-24T17:14:07.140Z,36.484,-8.329,10.0,4.5,mb,,,,0.7,us,usp0001x31,2014-11-07T00:33:30.507Z,"67 km S of Albufeira, Portugal",earthquake,,,,3.0,reviewed,us,us
1983-07-24T17:50:03.070Z,-19.475,-175.766,249.1,4.7,mb,,,,1.3,us,usp0001x32,2014-11-07T00:33:30.511Z,"152 km WNW of Pangai, Tonga",earthquake,,6.3,,5.0,reviewed,us,us
1983-07-24T17:53:54.330Z,-0.109,121.657,70.2,5.0,mb,,,,1.0,us,usp0001x33,2026-01-07T19:38:53.396Z,"156 km NW of Luwuk, Indonesia",earthquake,,5.4,,7.0,reviewed,us,us
1983-07-24T21:33:27.260Z,-0.156,121.652,73.0,5.0,mb,,,,1.1,us,usp0001x35,2014-11-07T00:33:30.540Z,"153 km NW of Luwuk, Indonesia",earthquake,,7.6,,9.0,reviewed,us,us
1983-07-24T23:07:30.970Z,53.93,158.372,180.4,6.2,mw,,,,1.0,us,usp0001x37,2022-04-27T23:55:55.920Z,"82 km N of Yelizovo, Russia",earthquake,,,,,reviewed,us,nc
1983-07-24T23:38:09.840Z,-8.141,119.504,48.1,6.4,mw,,,,1.2,us,usp0001x38,2025-12-19T21:29:34.489Z,"49 km N of Komodo, Indonesia",earthquake,,3.1,,,reviewed,us,nc
1983-07-25T01:01:59.520Z,-0.189,121.607,20.7,4.8,mb,,,,1.2,us,usp0001x39,2014-11-07T00:33:30.600Z,"156 km WNW of Luwuk, Indonesia",earthquake,,9.2,,7.0,reviewed,us,us
1983-07-25T03:20:04.200Z,0.068,121.763,63.0,5.0,mb,,,,1.5,us,usp0001x3b,2014-11-07T00:33:30.603Z,"153 km WSW of Gorontalo, Indonesia",earthquake,,11.9,,9.0,reviewed,us,us
1983-07-25T05:39:22.960Z,-0.202,121.596,46.1,5.0,mb,,,,1.2,us,usp0001x3d,2014-11-07T00:33:30.607Z,"156 km WNW of Luwuk, Indonesia",earthquake,,9.7,,5.0,reviewed,us,us
1983-07-25T06:30:50.140Z,40.025,138.684,22.0,4.5,mb,,,,1.5,us,usp0001x3e,2025-12-19T21:29:35.141Z,"110 km W of Tenn?, Japan",earthquake,,7.9,,6.0,reviewed,us,us
1983-07-25T07:09:35.340Z,-0.145,121.662,58.3,4.9,mb,,,,0.8,us,usp0001x3f,2014-11-07T00:33:30.612Z,"153 km NW of Luwuk, Indonesia",earthquake,,9.7,,7.0,reviewed,us,us
1983-07-25T08:34:55.070Z,-0.176,121.719,68.5,4.9,mb,,,,0.8,us,usp0001x3h,2014-11-07T00:33:30.615Z,"146 km NW of Luwuk, Indonesia",earthquake,,10.0,,5.0,reviewed,us,us
1983-07-25T09:17:17.080Z,-0.371,121.679,33.0,4.6,mb,,,,1.1,us,usp0001x3j,2014-11-07T00:33:30.617Z,"139 km WNW of Luwuk, Indonesia",earthquake,,,,1.0,reviewed,us,us
1983-07-25T09:40:57.740Z,-0.042,121.717,62.3,5.0,mb,,,,0.9,us,usp0001x3k,2014-11-07T00:33:30.618Z,"155 km NW of Luwuk, Indonesia",earthquake,,7.4,,9.0,reviewed,us,us
1983-07-25T10:40:23.940Z,-59.787,-26.245,33.0,5.2,mb,,,,0.8,us,usp0001x3p,2014-11-07T00:33:30.625Z,South Sandwich Islands region,earthquake,,,,4.0,reviewed,us,us
1983-07-25T12:10:52.730Z,-7.469,69.066,10.0,4.7,mb,,,,1.2,us,usp0001x3q,2014-11-07T00:33:30.629Z,Chagos Archipelago region,earthquake,,,,2.0,reviewed,us,us
1983-07-25T12:51:08.750Z,-0.118,121.64,48.8,4.7,mb,,,,1.0,us,usp0001x3r,2014-11-07T00:33:30.631Z,"157 km NW of Luwuk, Indonesia",earthquake,,9.7,,5.0,reviewed,us,us
1983-07-25T14:06:07.310Z,1.705,98.224,87.0,4.6,mb,,,,1.5,us,usp0001x3s,2014-11-07T00:33:30.633Z,"62 km W of Sibolga, Indonesia",earthquake,,11.2,,4.0,reviewed,us,us
1983-07-25T15:24:51.640Z,-0.164,121.651,57.4,5.0,mb,,,,1.1,us,usp0001x3t,2014-11-07T00:33:30.635Z,"153 km NW of Luwuk, Indonesia",earthquake,,7.0,,10.0,reviewed,us,us
1983-07-25T17:02:51.990Z,-15.297,-177.327,405.8,5.0,mb,,,,1.2,us,usp0001x3v,2014-11-07T00:33:30.640Z,"137 km SE of Alo, Wallis and Futuna",earthquake,,8.3,,5.0,reviewed,us,us
1983-07-25T18:52:33.000Z,15.701,-96.634,33.0,4.8,mb,,,,1.1,us,usp0001x3x,2014-11-07T00:33:30.647Z,"10 km WSW of Santa María Tonameca, Mexico",earthquake,,,,14.0,reviewed,us,us
1983-07-25T22:31:39.480Z,36.2245,-120.4023333,8.215,5.04,md,48.0,41.0,0.05405,0.08,nc,nc1099288,2025-12-19T21:29:35.836Z,"10 km NNW of Coalinga, California",earthquake,0.14,0.3,0.18,8.0,reviewed,nc,nc
1983-07-25T23:17:44.330Z,40.153,138.945,33.0,5.0,mb,,,,1.0,us,usp0001x41,2014-11-07T00:33:30.667Z,"91 km WNW of Tenn?, Japan",earthquake,,,,25.0,reviewed,us,us
1983-07-26T01:51:11.000Z,-0.108,121.681,44.6,5.0,mb,,,,1.1,us,usp0001x45,2026-01-07T19:38:54.125Z,"154 km NW of Luwuk, Indonesia",earthquake,,5.8,,8.0,reviewed,us,us
1983-07-26T02:22:59.170Z,5.473,-82.496,10.0,5.3,mb,,,,1.1,us,usp0001x46,2025-12-19T21:29:36.550Z,"276 km SW of Arenas, Panama",earthquake,,,,35.0,reviewed,us,us
1983-07-26T03:24:43.670Z,5.586,-82.49,10.0,4.7,ms,,,,0.4,us,usp0001x47,2014-11-07T00:33:30.692Z,"266 km SW of Arenas, Panama",earthquake,,,,1.0,reviewed,us,us
1983-07-26T04:08:34.650Z,36.874,71.471,33.0,4.5,mb,,,,1.1,us,usp0001x48,2014-11-07T00:33:30.694Z,"20 km NW of Ishqoshim, Tajikistan",earthquake,,,,4.0,reviewed,us,us
1983-07-26T04:14:20.820Z,-36.283,-98.814,10.0,5.0,ms,,,,1.5,us,usp0001x49,2014-11-07T00:33:30.695Z,southeast of Easter Island,earthquake,,,,1.0,reviewed,us,us
1983-07-26T06:37:00.200Z,0.028,121.696,60.4,4.8,mb,,,,1.3,us,usp0001x4b,2014-11-07T00:33:30.699Z,"162 km WSW of Gorontalo, Indonesia",earthquake,,14.6,,3.0,reviewed,us,us
1983-07-26T08:11:38.920Z,-19.179,169.068,168.7,4.5,mb,,,,1.4,us,usp0001x4d,2014-11-07T00:33:30.703Z,"45 km NNW of Isangel, Vanuatu",earthquake,,7.9,,2.0,reviewed,us,us
1983-07-26T08:20:42.550Z,-0.068,121.737,66.7,4.8,mb,,,,0.9,us,usp0001x4e,2014-11-07T00:33:30.705Z,"152 km NW of Luwuk, Indonesia",earthquake,,6.0,,6.0,reviewed,us,us
1983-07-26T10:01:21.590Z,10.229,122.016,41.7,4.7,mb,,,,1.4,us,usp0001x4j,2014-11-07T00:33:30.714Z,"21 km SSE of Magdalena, Philippines",earthquake,,7.7,,5.0,reviewed,us,us
1983-07-26T11:01:59.920Z,-0.035,121.73,59.4,5.0,mb,,,,1.3,us,usp0001x4m,2014-11-07T00:33:30.718Z,"155 km NW of Luwuk, Indonesia",earthquake,,8.9,,9.0,reviewed,us,us
1983-07-26T11:55:22.900Z,-44.886,35.355,10.0,5.2,ms,,,,1.2,us,usp0001x4p,2025-12-19T20:59:00.872Z,Prince Edward Islands region,earthquake,,,,4.0,reviewed,us,us
1983-07-26T14:14:01.830Z,-0.167,121.715,77.7,4.9,mb,,,,1.3,us,usp0001x4s,2014-11-07T00:33:30.731Z,"147 km NW of Luwuk, Indonesia",earthquake,,7.6,,12.0,reviewed,us,us
1983-07-26T15:31:22.390Z,-0.076,121.673,83.1,4.9,mb,,,,0.8,us,usp0001x4t,2014-11-07T00:33:30.734Z,"157 km NW of Luwuk, Indonesia",earthquake,,9.4,,1.0,reviewed,us,us
1983-07-26T16:03:56.220Z,10.343,121.937,33.0,4.5,ms,,,,1.0,us,usp0001x4w,2014-11-07T00:33:30.738Z,"9 km SSW of Magdalena, Philippines",earthquake,,,,1.0,reviewed,us,us
1983-07-26T16:39:09.950Z,-2.804,129.897,33.0,4.5,mb,,,,1.1,us,usp0001x4x,2014-11-07T00:33:30.740Z,"123 km ENE of Amahai, Indonesia",earthquake,,,,5.0,reviewed,us,us
1983-07-26T17:39:59.150Z,12.179,-86.284,114.2,4.8,mb,,,,1.0,us,usp0001x4z,2025-12-19T21:29:37.293Z,"6 km NW of Managua, Nicaragua",earthquake,,,,39.0,reviewed,us,us
1983-07-26T18:03:46.060Z,-0.081,121.636,57.1,5.0,mb,,,,0.9,us,usp0001x50,2026-01-07T19:38:55.003Z,"160 km NW of Luwuk, Indonesia",earthquake,,5.3,,8.0,reviewed,us,us
1983-07-26T20:14:51.770Z,0.684,120.074,44.9,5.3,mb,,,,1.0,us,usp0001x53,2025-12-19T21:29:38.130Z,"177 km N of Palu, Indonesia",earthquake,,4.6,,28.0,reviewed,us,us
1983-07-27T00:32:03.130Z,38.512,98.94,33.0,4.8,mb,,,,0.9,us,usp0001x57,2026-01-07T19:38:56.670Z,"139 km WSW of Zhangye, China",earthquake,,,,17.0,reviewed,us,us
1983-07-27T03:22:57.990Z,-12.3,167.043,240.5,4.6,mb,,,,1.1,us,usp0001x5c,2014-11-07T00:33:30.790Z,"182 km NNW of Sola, Vanuatu",earthquake,,43.4,,3.0,reviewed,us,us
1983-07-27T04:38:21.770Z,-0.054,121.7,43.5,5.0,mb,,,,0.9,us,usp0001x5d,2014-11-07T00:33:30.791Z,"156 km NW of Luwuk, Indonesia",earthquake,,7.4,,4.0,reviewed,us,us
1983-07-27T07:14:20.050Z,-0.156,121.635,44.0,4.6,mb,,,,1.2,us,usp0001x5f,2014-11-07T00:33:30.795Z,"155 km NW of Luwuk, Indonesia",earthquake,,7.4,,5.0,reviewed,us,us
1983-07-27T09:26:59.350Z,-0.088,121.755,71.7,5.0,mb,,,,1.3,us,usp0001x5g,2026-01-07T19:38:57.494Z,"149 km NW of Luwuk, Indonesia",earthquake,,8.6,,3.0,reviewed,us,us
1983-07-27T10:17:08.630Z,37.148,-32.917,10.0,4.8,mb,,,,0.8,us,usp0001x5h,2014-11-07T00:33:30.800Z,"290 km SSW of Lajes das Flores, Portugal",earthquake,,,,26.0,reviewed,us,us
1983-07-27T10:57:13.470Z,-31.253,-68.858,117.1,4.8,mb,,,,0.8,us,usp0001x5j,2014-11-07T00:33:30.804Z,"35 km NNW of Villa Basilio Nievas, Argentina",earthquake,,2.7,,5.0,reviewed,us,us
1983-07-27T12:26:28.460Z,-31.931,-179.371,33.0,4.8,mb,,,,1.5,us,usp0001x5k,2014-11-07T00:33:30.807Z,Kermadec Islands region,earthquake,,,,2.0,reviewed,us,us
1983-07-27T13:30:58.900Z,-27.97,-178.086,188.5,5.0,mb,,,,1.4,us,usp0001x5m,2014-11-07T00:33:30.809Z,Kermadec Islands region,earthquake,,15.0,,3.0,reviewed,us,us
1983-07-27T20:50:57.140Z,-7.565,27.908,10.0,4.9,mb,,,,0.7,us,usp0001x5r,2014-11-07T00:33:30.821Z,"200 km SSE of Kabalo, Democratic Republic of the Congo",earthquake,,,,25.0,reviewed,us,us
1983-07-27T21:13:36.930Z,-15.095,-175.365,33.0,5.0,ms,,,,1.5,us,usp0001x5s,2014-11-07T00:33:30.826Z,"193 km WNW of Hihifo, Tonga",earthquake,,,,3.0,reviewed,us,us
1983-07-27T22:21:00.500Z,44.732,149.11,33.0,4.8,mb,,,,0.7,us,usp0001x5t,2014-11-07T00:33:30.830Z,"111 km ESE of Kuril’sk, Russia",earthquake,,,,8.0,reviewed,us,us
1983-07-28T01:40:33.320Z,-28.159,-176.32,30.7,5.6,mb,,,,1.1,us,usp0001x5v,2025-12-19T21:29:38.826Z,Kermadec Islands region,earthquake,,,,20.0,reviewed,us,us
1983-07-28T03:01:01.640Z,0.609,120.008,67.0,5.0,mb,,,,1.3,us,usp0001x5x,2026-01-07T19:38:59.276Z,"168 km N of Palu, Indonesia",earthquake,,6.8,,8.0,reviewed,us,us
1983-07-28T06:23:17.430Z,-0.254,121.595,41.4,4.8,mb,,,,1.2,us,usp0001x5y,2014-11-07T00:33:30.867Z,"153 km WNW of Luwuk, Indonesia",earthquake,,13.1,,7.0,reviewed,us,us
1983-07-28T09:58:11.310Z,43.732,147.715,35.0,5.3,mb,,,,1.1,us,usp0001x5z,2025-12-19T21:29:39.644Z,"80 km E of Shikotan, Russia",earthquake,,,,45.0,reviewed,us,us
1983-07-28T15:06:44.760Z,41.97,142.654,62.8,5.5,mb,,,,1.0,us,usp0001x64,2025-12-19T21:29:40.455Z,"46 km SSE of Shizunai-furukawach?, Japan",earthquake,,1.7,,82.0,reviewed,us,us
1983-07-28T15:50:46.080Z,44.617,-129.389,10.0,4.5,mb,,,,0.6,us,usp0001x65,2014-11-07T00:33:30.911Z,off the coast of Oregon,earthquake,,,,1.0,reviewed,us,us
1983-07-28T17:50:43.150Z,0.024,129.136,33.0,4.8,mb,,,,1.3,us,usp0001x67,2014-11-07T00:33:30.914Z,"192 km ESE of Sofifi, Indonesia",earthquake,,,,2.0,reviewed,us,us
1983-07-28T19:28:24.720Z,-22.338,171.419,134.4,5.3,mb,,,,1.1,us,usp0001x69,2025-12-19T21:29:41.154Z,southeast of the Loyalty Islands,earthquake,,4.8,,11.0,reviewed,us,us
1983-07-29T11:25:27.610Z,-6.726,105.59,33.0,5.4,ms,,,,1.0,us,usp0001x6h,2025-12-19T21:29:41.791Z,"46 km SW of Labuan, Indonesia",earthquake,,,,8.0,reviewed,us,us
1983-07-29T13:26:52.280Z,14.328,146.733,65.7,5.2,mb,,,,0.7,us,usp0001x6m,2014-11-07T00:33:31.259Z,"139 km ESE of San Jose Village, Northern Mariana Islands",earthquake,,7.0,,3.0,reviewed,us,us
1983-07-29T14:21:35.420Z,-4.891,145.315,155.4,4.9,mb,,,,1.2,us,usp0001x6p,2014-11-07T00:33:31.265Z,"63 km NW of Madang, Papua New Guinea",earthquake,,4.3,,6.0,reviewed,us,us
1983-07-29T16:36:37.230Z,-0.224,121.672,70.3,4.8,mb,,,,1.4,us,usp0001x6q,2014-11-07T00:33:31.269Z,"147 km WNW of Luwuk, Indonesia",earthquake,,14.5,,1.0,reviewed,us,us
1983-07-29T18:03:59.810Z,10.502,56.967,10.0,5.7,mb,,,,1.2,us,usp0001x6s,2025-12-19T21:29:42.496Z,Carlsberg Ridge,earthquake,,,,63.0,reviewed,us,us
1983-07-29T19:24:24.330Z,32.323,140.856,59.7,5.1,mb,,,,1.0,us,usp0001x6t,2025-12-19T21:29:43.137Z,"Izu Islands, Japan region",earthquake,,3.8,,20.0,reviewed,us,us
1983-07-29T20:20:33.060Z,-0.153,121.607,51.9,4.6,mb,,,,0.7,us,usp0001x6v,2014-11-07T00:33:31.514Z,"158 km NW of Luwuk, Indonesia",earthquake,,6.7,,5.0,reviewed,us,us
1983-07-29T20:25:59.150Z,5.423,126.554,53.3,5.2,mb,,,,1.2,us,usp0001x6w,2026-01-07T19:39:00.146Z,"111 km SSE of Pondaguitan, Philippines",earthquake,,5.8,,17.0,reviewed,us,us
1983-07-29T23:56:26.660Z,-0.168,121.587,53.8,4.6,mb,,,,1.0,us,usp0001x6x,2014-11-07T00:33:31.552Z,"159 km WNW of Luwuk, Indonesia",earthquake,,6.8,,4.0,reviewed,us,us
1983-07-30T02:59:06.080Z,-21.555,-68.38,129.6,4.5,mb,,,,0.7,us,usp0001x71,2014-11-07T00:33:31.560Z,"114 km NNE of Calama, Chile",earthquake,,16.8,,1.0,reviewed,us,us
1983-07-30T03:35:09.840Z,-0.174,121.711,78.5,5.0,mb,,,,1.4,us,usp0001x73,2014-11-07T00:33:31.564Z,"147 km NW of Luwuk, Indonesia",earthquake,,8.6,,5.0,reviewed,us,us
1983-07-30T05:09:17.040Z,10.868,126.242,45.6,4.8,mb,,,,1.3,us,usp0001x75,2014-11-07T00:33:31.568Z,"46 km E of Sulangan, Philippines",earthquake,,7.8,,8.0,reviewed,us,us
1983-07-30T07:07:14.620Z,-0.137,121.695,62.0,5.0,mb,,,,1.0,us,usp0001x78,2026-01-07T19:37:01.447Z,"151 km NW of Luwuk, Indonesia",earthquake,,5.2,,10.0,reviewed,us,us
1983-07-30T08:09:52.080Z,52.374,-170.596,50.3,5.1,mb,,,,1.0,us,usp0001x79,2014-11-07T00:33:31.581Z,"133 km WSW of Nikolski, Alaska",earthquake,,4.0,,65.0,reviewed,us,us
1983-07-30T09:47:38.930Z,-13.073,-75.169,83.5,5.1,mb,,,,1.1,us,usp0001x7b,2014-11-07T00:33:31.593Z,"4 km WSW of Santa Ana, Peru",earthquake,,8.3,,11.0,reviewed,us,us
1983-07-30T11:24:41.590Z,56.319,162.903,33.0,4.7,mb,,,,1.1,us,usp0001x7e,2014-11-07T00:33:31.600Z,"28 km ENE of Ust’-Kamchatsk Staryy, Russia",earthquake,,,,10.0,reviewed,us,us
1983-07-30T13:25:33.160Z,-27.762,-178.596,108.2,4.8,mb,,,,1.2,us,usp0001x7g,2014-11-07T00:33:31.602Z,Kermadec Islands region,earthquake,,36.9,,2.0,reviewed,us,us
1983-07-30T17:34:51.200Z,-6.491,155.059,56.7,4.9,mb,,,,1.5,us,usp0001x7k,2014-11-07T00:33:31.609Z,"50 km WSW of Panguna, Papua New Guinea",earthquake,,7.3,,4.0,reviewed,us,us
1983-07-30T22:22:19.600Z,-3.302,130.339,38.7,5.1,mb,,,,1.4,us,usp0001x7q,2014-11-07T00:33:31.614Z,"157 km E of Amahai, Indonesia",earthquake,,10.1,,8.0,reviewed,us,us
1983-07-31T02:24:07.260Z,57.058,-155.322,53.0,4.5,ms,,,,1.1,us,usp0001x7w,2014-11-07T00:33:31.625Z,"71 km W of Akhiok, Alaska",earthquake,,6.2,,1.0,reviewed,us,us
1983-07-31T02:52:14.670Z,1.306,117.798,33.0,5.1,mb,,,,0.9,us,usp0001x7x,2014-11-07T00:33:31.627Z,"134 km NNE of Bontang, Indonesia",earthquake,,,,4.0,reviewed,us,us
1983-07-31T02:52:32.910Z,-36.081,-71.576,95.8,4.6,mb,,,,0.8,us,usp0001x7y,2014-11-07T00:33:31.630Z,"16 km SE of Longaví, Chile",earthquake,,3.2,,4.0,reviewed,us,us
1983-07-31T04:08:24.870Z,0.664,120.123,33.0,5.3,mb,,,,1.1,us,usp0001x80,2026-01-07T19:39:01.769Z,"176 km N of Palu, Indonesia",earthquake,,,,27.0,reviewed,us,us
1983-07-31T07:05:39.740Z,-49.342,116.879,10.0,5.0,mb,,,,1.3,us,usp0001x83,2014-11-07T00:33:31.646Z,western Indian-Antarctic Ridge,earthquake,,,,4.0,reviewed,us,us
1983-07-31T09:09:21.570Z,0.929,123.875,271.3,4.9,mb,,,,1.2,us,usp0001x84,2014-11-07T00:33:31.648Z,"100 km ENE of Gorontalo, Indonesia",earthquake,,3.8,,26.0,reviewed,us,us
1983-07-31T10:26:00.330Z,-20.127,-126.931,10.0,5.7,mw,,,,0.9,us,usp0001x85,2025-12-19T21:29:43.905Z,South Pacific Ocean,earthquake,,,,,reviewed,us,nc
1983-07-31T10:27:28.660Z,-40.724,44.378,10.0,5.0,mb,,,,1.3,us,usp0001x86,2014-11-07T00:33:31.684Z,Southwest Indian Ridge,earthquake,,,,8.0,reviewed,us,us
1983-07-31T10:39:08.420Z,12.166,-87.58,160.3,4.8,mb,,,,0.9,us,usp0001x87,2014-11-07T00:33:31.688Z,"56 km SW of Corinto, Nicaragua",earthquake,,10.5,,6.0,reviewed,us,us
1983-07-31T11:57:50.250Z,-20.079,-126.867,10.0,5.4,mb,,,,0.9,us,usp0001x88,2022-04-27T23:56:32.884Z,South Pacific Ocean,earthquake,,,,19.0,reviewed,us,us
1983-07-31T12:29:22.770Z,-2.817,139.231,33.0,4.9,mb,,,,0.9,us,usp0001x89,2014-11-07T00:33:31.702Z,"near the north coast of Papua, Indonesia",earthquake,,,,4.0,reviewed,us,us
1983-07-31T14:39:57.480Z,30.468,96.724,33.0,5.2,mb,,,,1.0,us,usp0001x8a,2014-11-07T00:33:31.703Z,"85 km SSW of Qamdo, China",earthquake,,,,6.0,reviewed,us,us
1983-07-31T15:38:53.140Z,-5.875,105.682,104.3,4.8,mb,,,,0.5,us,usp0001x8c,2014-11-07T00:33:31.708Z,"58 km NNW of Labuan, Indonesia",earthquake,,6.7,,2.0,reviewed,us,us
1983-07-31T16:11:03.370Z,54.352,-133.594,10.0,4.8,mb,,,,1.3,us,usp0001x8d,2014-11-07T00:33:31.709Z,"107 km SSW of Hydaburg, Alaska",earthquake,,,,26.0,reviewed,us,us
1983-07-31T20:33:21.750Z,14.475,-91.98,117.8,4.5,mb,,,,0.7,us,usp0001x8m,2014-11-07T00:33:31.727Z,"21 km NNW of Champerico, Guatemala",earthquake,,6.4,,10.0,reviewed,us,us
1983-07-31T21:05:10.420Z,19.234,145.423,164.0,5.1,mb,,,,1.0,us,usp0001x8p,2014-11-07T00:33:31.739Z,"Maug Islands region, Northern Mariana Islands",earthquake,,4.9,,31.0,reviewed,us,us
1983-08-01T03:14:54.320Z,16.978,147.224,37.4,5.3,mb,,,,1.0,us,usp0001x8t,2025-12-19T21:28:22.167Z,"250 km NE of Saipan, Northern Mariana Islands",earthquake,,5.9,,26.0,reviewed,us,us
1983-08-01T04:14:20.270Z,12.942,144.798,75.2,4.7,mb,,,,0.8,us,usp0001x8v,2014-11-07T00:33:33.207Z,"37 km S of Inarajan Village, Guam",earthquake,,3.3,,3.0,reviewed,us,us
1983-08-01T04:33:46.680Z,-36.189,-179.894,33.0,5.3,mb,,,,1.1,us,usp0001x8x,2025-12-19T21:28:23.012Z,east of the North Island of New Zealand,earthquake,,,,2.0,reviewed,us,us
1983-08-01T06:01:56.260Z,-3.365,145.842,30.0,5.2,ms,,,,1.3,us,usp0001x8z,2025-12-19T21:28:23.812Z,"205 km N of Madang, Papua New Guinea",earthquake,,13.2,,3.0,reviewed,us,us
1983-08-01T08:15:50.130Z,-0.122,121.737,65.4,4.8,mb,,,,1.5,us,usp0001x90,2014-11-07T00:33:33.352Z,"148 km NW of Luwuk, Indonesia",earthquake,,15.4,,1.0,reviewed,us,us
1983-08-01T11:14:42.580Z,-0.094,121.699,57.7,5.2,mb,,,,1.0,us,usp0001x93,2014-11-07T00:33:33.404Z,"153 km NW of Luwuk, Indonesia",earthquake,,6.4,,7.0,reviewed,us,us
1983-08-01T12:03:51.260Z,32.811,60.248,19.4,4.7,mb,,,,1.3,us,usp0001x95,2026-01-07T19:36:40.058Z,"96 km E of B?rjand, Iran",earthquake,,6.0,,8.0,reviewed,us,us
1983-08-01T13:24:08.360Z,-40.395,-91.751,10.0,5.0,ms,,,,1.3,us,usp0001x97,2014-11-07T00:33:33.479Z,West Chile Rise,earthquake,,,,1.0,reviewed,us,us
1983-08-01T14:09:23.550Z,-48.284,-75.848,33.0,5.6,mb,,,,0.9,us,usp0001x99,2025-12-19T21:28:24.551Z,"271 km WSW of Cochrane, Chile",earthquake,,,,16.0,reviewed,us,us
1983-08-01T17:37:59.810Z,43.917,148.651,33.0,4.8,mb,,,,1.1,us,usp0001x9c,2014-11-07T00:33:33.626Z,"155 km E of Shikotan, Russia",earthquake,,,,8.0,reviewed,us,us
1983-08-01T17:44:10.540Z,-10.921,166.394,178.8,4.9,mb,,,,0.8,us,usp0001x9d,2014-11-07T00:33:33.647Z,"68 km ESE of Lata, Solomon Islands",earthquake,,7.1,,4.0,reviewed,us,us
1983-08-01T23:50:01.330Z,32.565,47.601,33.0,4.8,mb,,,,1.7,us,usp0001x9g,2014-11-07T00:33:33.694Z,"34 km ESE of Dehlor?n, Iran",earthquake,,,,2.0,reviewed,us,us
1983-08-02T02:17:41.030Z,20.435,122.101,157.9,6.3,mw,,,,1.1,us,usp0001x9n,2022-04-27T23:52:16.561Z,"13 km E of Basco, Philippines",earthquake,,,,,reviewed,us,nc
1983-08-02T06:08:06.660Z,45.139,153.485,56.0,5.5,mb,,,,1.0,us,usp0001x9q,2025-12-19T21:28:25.448Z,east of the Kuril Islands,earthquake,,8.4,,63.0,reviewed,us,us
1983-08-02T07:38:24.490Z,-4.81,143.947,88.8,4.9,mb,,,,0.7,us,usp0001x9r,2014-11-07T00:33:34.635Z,"79 km NNE of Wabag, Papua New Guinea",earthquake,,6.3,,2.0,reviewed,us,us
1983-08-02T10:39:24.500Z,-15.149,167.414,102.2,4.6,mb,,,,1.0,us,usp0001x9w,2014-11-07T00:33:34.783Z,"38 km ESE of Port-Olry, Vanuatu",earthquake,,5.9,,1.0,reviewed,us,us
1983-08-02T12:43:40.970Z,-7.194,117.445,603.9,5.4,mb,,,,1.0,us,usp0001x9y,2022-04-27T23:52:21.677Z,"134 km N of Pototano, Indonesia",earthquake,,2.1,,37.0,reviewed,us,us
1983-08-02T13:15:10.060Z,-16.412,177.662,33.0,5.0,mb,,,,0.8,us,usp0001x9z,2014-11-07T00:33:34.906Z,"124 km N of Ba, Fiji",earthquake,,,,3.0,reviewed,us,us
1983-08-02T14:28:50.390Z,-3.618,140.247,33.0,5.1,mb,,,,0.8,us,usp0001xa0,2014-11-07T00:33:34.916Z,"120 km SSW of Abepura, Indonesia",earthquake,,,,1.0,reviewed,us,us
1983-08-02T17:09:28.170Z,-12.134,165.132,33.0,5.0,mb,,,,1.3,us,usp0001xa2,2014-11-07T00:33:34.927Z,"171 km SSW of Lata, Solomon Islands",earthquake,,,,5.0,reviewed,us,us
1983-08-02T22:07:55.810Z,27.342,128.415,59.5,5.4,mb,,,,0.9,us,usp0001xa5,2025-12-19T21:28:26.314Z,"91 km NNE of Nago, Japan",earthquake,,2.4,,52.0,reviewed,us,us
1983-08-03T00:44:29.940Z,-5.944,125.91,539.1,4.7,mb,,,,0.5,us,usp0001xa7,2014-11-07T00:33:34.995Z,"284 km N of Manatutu, Timor Leste",earthquake,,3.1,,6.0,reviewed,us,us
1983-08-03T03:58:21.090Z,-52.12,27.942,10.0,5.4,ms,,,,1.3,us,usp0001xac,2022-04-27T23:52:24.262Z,south of Africa,earthquake,,,,1.0,reviewed,us,us
1983-08-03T05:02:41.380Z,-24.264,-69.284,84.4,5.3,mb,,,,1.0,us,usp0001xad,2014-11-07T00:33:35.041Z,"131 km ESE of Antofagasta, Chile",earthquake,,3.1,,13.0,reviewed,us,us
1983-08-03T07:12:32.820Z,-11.234,162.436,33.0,4.9,mb,,,,0.9,us,usp0001xah,2014-11-07T00:33:35.087Z,"103 km SSE of Kirakira, Solomon Islands",earthquake,,,,5.0,reviewed,us,us
1983-08-03T18:17:42.230Z,-17.395,167.914,33.0,5.6,ms,,,,1.1,us,usp0001xaq,2025-12-19T21:28:27.107Z,"56 km NW of Port-Vila, Vanuatu",earthquake,,,,14.0,reviewed,us,us
1983-08-03T22:28:44.780Z,-22.276,7.474,10.0,5.2,mb,,,,0.7,us,usp0001xas,2024-01-17T20:44:14.805Z,South Atlantic Ocean,earthquake,,,,36.0,reviewed,us,us
1983-08-03T22:41:03.390Z,-19.862,-178.346,613.6,5.2,mb,,,,1.2,us,usp0001xat,2014-11-07T00:33:35.316Z,Fiji region,earthquake,,4.5,,28.0,reviewed,us,us
1983-08-03T23:18:29.110Z,21.653,143.067,301.8,5.0,mb,,,,0.9,us,usp0001xav,2014-11-07T00:33:35.367Z,Mariana Islands region,earthquake,,5.4,,31.0,reviewed,us,us
1983-08-03T23:25:27.510Z,21.71,143.104,300.3,4.9,mb,,,,0.8,us,usp0001xaw,2014-11-07T00:33:35.391Z,Mariana Islands region,earthquake,,4.6,,17.0,reviewed,us,us
1983-08-04T00:29:37.140Z,-22.255,7.534,10.0,4.8,mb,,,,1.1,us,usp0001xax,2014-11-07T00:33:35.404Z,South Atlantic Ocean,earthquake,,,,7.0,reviewed,us,us
1983-08-04T05:22:55.710Z,39.044,65.317,33.0,4.7,mb,,,,0.8,us,usp0001xb0,2014-11-07T00:33:35.423Z,"23 km W of Koson, Uzbekistan",earthquake,,,,8.0,reviewed,us,us
1983-08-04T07:44:25.420Z,-4.017,-76.583,99.4,4.9,mb,,,,0.9,us,usp0001xb3,2014-11-07T00:33:35.443Z,"62 km SSW of Alianza Cristiana, Peru",earthquake,,7.8,,11.0,reviewed,us,us
1983-08-04T13:52:41.240Z,14.429,-91.277,87.0,5.1,mb,,,,1.2,us,usp0001xb6,2025-12-19T21:28:27.799Z,"5 km NE of Río Bravo, Guatemala",earthquake,,,,29.0,reviewed,us,us
1983-08-04T15:15:13.840Z,-8.127,128.333,33.0,5.2,mb,,,,1.0,us,usp0001xb8,2022-04-27T23:52:31.357Z,"153 km ENE of Lospalos, Timor Leste",earthquake,,,,10.0,reviewed,us,us
1983-08-04T17:13:58.250Z,-21.835,-138.922,0.0,5.2,mb,,,,1.1,us,usp0001xba,2015-06-16T17:24:50.477Z,"Tuamotu Archipelago, French Polynesia region",nuclear explosion,,,,7.0,reviewed,us,us
1983-08-05T00:20:48.220Z,-24.007,-69.234,92.0,5.0,mb,,,,1.2,us,usp0001xbm,2014-11-07T00:33:35.581Z,"124 km ESE of Antofagasta, Chile",earthquake,,4.0,,9.0,reviewed,us,us
1983-08-05T00:33:44.510Z,52.934,159.734,33.0,5.5,mb,,,,0.9,us,usp0001xbn,2025-12-19T21:28:28.612Z,"73 km E of Petropavlovsk-Kamchatsky, Russia",earthquake,,,,78.0,reviewed,us,us
1983-08-05T05:25:43.440Z,-17.304,167.87,33.0,5.7,ms,,,,1.2,us,usp0001xbr,2025-12-19T20:58:54.799Z,"67 km NW of Port-Vila, Vanuatu",earthquake,,,,13.0,reviewed,us,us
1983-08-05T05:47:51.090Z,-17.4,167.819,33.0,4.7,mb,,,,1.1,us,usp0001xbs,2014-11-07T00:33:35.688Z,"64 km NW of Port-Vila, Vanuatu",earthquake,,,,1.0,reviewed,us,us
1983-08-05T06:21:42.700Z,-3.596,-62.153,23.0,5.6,mb,,,,1.0,us,usp0001xbu,2022-04-27T23:52:37.398Z,"28 km NNW of Codajás, Brazil",earthquake,,,,85.0,reviewed,us,us
1983-08-05T07:02:38.810Z,-17.239,167.839,15.1,5.3,mb,,,,1.1,us,usp0001xbw,2025-12-19T21:28:29.263Z,"74 km NW of Port-Vila, Vanuatu",earthquake,,7.0,,13.0,reviewed,us,us
1983-08-05T08:29:32.100Z,-7.68,123.578,277.0,4.7,mb,,,,1.0,us,usp0001xbx,2014-11-07T00:33:35.796Z,"183 km NE of Maumere, Indonesia",earthquake,,4.6,,8.0,reviewed,us,us
1983-08-05T13:25:55.410Z,-35.838,-97.319,10.0,4.8,mb,,,,1.1,us,usp0001xbz,2014-11-07T00:33:35.808Z,West Chile Rise,earthquake,,,,4.0,reviewed,us,us
1983-08-05T15:35:05.680Z,23.141,124.813,33.0,4.6,mb,,,,0.8,us,usp0001xc2,2014-11-07T00:33:35.819Z,"149 km SSE of Ishigaki, Japan",earthquake,,,,3.0,reviewed,us,us
1983-08-05T18:08:14.670Z,12.5,123.938,32.5,5.1,mb,,,,1.4,us,usp0001xc4,2025-12-19T21:28:30.110Z,"11 km S of Quezon, Philippines",earthquake,,4.3,,8.0,reviewed,us,us
1983-08-05T19:45:21.010Z,28.427,143.029,33.0,4.6,mb,,,,0.5,us,usp0001xc5,2014-11-07T00:33:35.854Z,"Bonin Islands, Japan region",earthquake,,,,3.0,reviewed,us,us
1983-08-05T20:51:52.610Z,19.214,121.235,33.0,4.5,mb,,,,1.2,us,usp0001xc7,2014-11-07T00:33:35.860Z,"67 km N of Namuac, Philippines",earthquake,,,,6.0,reviewed,us,us
1983-08-06T01:20:22.360Z,51.63,15.994,10.0,5.8,mb,,,,1.3,us,usp0001xcb,2020-08-26T22:50:12.162Z,"7 km WSW of G?ogów, Poland",earthquake,,,,1.0,reviewed,us,us
1983-08-06T02:26:49.340Z,16.125,-93.885,87.2,5.7,mb,,,,1.0,us,usp0001xcd,2022-04-27T23:52:40.485Z,"2 km NW of Ignacio Ramírez, Mexico",earthquake,,,,83.0,reviewed,us,us
1983-08-06T04:52:53.690Z,30.349,67.84,10.0,4.7,mb,,,,1.3,us,usp0001xce,2020-08-26T22:50:53.176Z,"11 km ESE of Ziarat, Pakistan",earthquake,,,,10.0,reviewed,us,us
1983-08-06T11:04:18.160Z,11.574,-86.479,43.7,4.9,mb,,,,1.1,us,usp0001xcn,2026-01-07T19:36:40.853Z,"23 km S of Masachapa, Nicaragua",earthquake,,,,16.0,reviewed,us,us
1983-08-06T11:55:10.050Z,-3.946,-104.072,10.0,4.9,mb,,,,1.0,us,usp0001xcp,2014-11-07T00:33:36.003Z,central East Pacific Rise,earthquake,,,,12.0,reviewed,us,us
1983-08-06T14:20:43.700Z,-5.692,-80.021,33.0,4.7,mb,,,,0.8,us,usp0001xcq,2014-11-07T00:33:36.013Z,"15 km W of Pueblo Nuevo, Peru",earthquake,,,,3.0,reviewed,us,us
1983-08-06T15:43:51.240Z,40.142,24.766,2.4,6.8,mw,,,,1.2,us,usp0001xcs,2025-12-19T21:28:30.753Z,"39 km NW of Mýrina, Greece",earthquake,,1.0,,,reviewed,us,nc
1983-08-06T16:33:58.360Z,60.529,-153.129,137.9,5.4,mb,,,,0.9,us,usp0001xcz,2022-04-27T23:52:42.797Z,"74 km ENE of Port Alsworth, Alaska",earthquake,,,,78.0,reviewed,us,us
1983-08-06T20:59:33.590Z,10.705,-86.332,33.0,4.8,mb,,,,1.0,us,usp0001xdr,2014-11-07T00:33:36.409Z,"77 km WNW of Sardinal, Costa Rica",earthquake,,,,5.0,reviewed,us,us
1983-08-06T22:06:04.150Z,44.474,149.221,33.0,5.2,mb,,,,1.1,us,usp0001xe0,2026-01-07T19:36:41.539Z,"135 km SE of Kuril’sk, Russia",earthquake,,,,28.0,reviewed,us,us
1983-08-06T22:37:54.620Z,44.288,149.34,33.0,4.9,mb,,,,1.2,us,usp0001xe5,2014-11-07T00:33:36.473Z,"155 km SE of Kuril’sk, Russia",earthquake,,,,4.0,reviewed,us,us
1983-08-06T22:37:54.970Z,-6.518,130.119,160.0,6.0,mw,,,,1.0,us,usp0001xe6,2022-04-27T23:52:43.957Z,Banda Sea,earthquake,,,,,reviewed,us,nc
1983-08-07T00:59:40.090Z,-42.957,83.714,10.0,5.1,mb,,,,1.3,us,usp0001xeg,2014-11-07T00:33:36.575Z,Mid-Indian Ridge,earthquake,,,,8.0,reviewed,us,us
1983-08-07T01:48:08.350Z,22.477,-45.056,10.0,4.9,mb,,,,1.0,us,usp0001xem,2014-11-07T00:33:36.594Z,northern Mid-Atlantic Ridge,earthquake,,,,31.0,reviewed,us,us
1983-08-07T02:04:17.970Z,-10.391,120.015,33.0,5.0,mb,,,,1.4,us,usp0001xen,2014-11-07T00:33:36.611Z,"85 km SSW of Waingapu, Indonesia",earthquake,,,,6.0,reviewed,us,us
1983-08-07T02:48:21.770Z,-6.346,149.239,53.4,4.9,mb,,,,1.0,us,usp0001xeq,2026-01-07T19:36:43.083Z,"37 km WSW of Kandrian, Papua New Guinea",earthquake,,5.5,,6.0,reviewed,us,us
1983-08-07T03:02:11.400Z,-17.395,167.706,33.0,4.8,mb,,,,1.1,us,usp0001xes,2014-11-07T00:33:36.634Z,"74 km WNW of Port-Vila, Vanuatu",earthquake,,,,1.0,reviewed,us,us
1983-08-07T04:18:35.150Z,39.833,53.912,33.0,5.1,mb,,,,0.8,us,usp0001xev,2026-01-07T19:36:43.874Z,"52 km NW of Balkanabat, Turkmenistan",earthquake,,,,36.0,reviewed,us,us
1983-08-07T06:27:25.140Z,31.062,140.449,126.5,4.7,mb,,,,0.8,us,usp0001xf2,2014-11-07T00:33:36.684Z,"Izu Islands, Japan region",earthquake,,5.7,,11.0,reviewed,us,us
1983-08-07T10:42:18.350Z,16.449,41.326,10.0,4.5,mb,,,,0.9,us,usp0001xfe,2014-11-07T00:33:36.741Z,"89 km WSW of Faras?n, Saudi Arabia",earthquake,,,,6.0,reviewed,us,us
1983-08-07T17:05:14.320Z,-34.853,77.207,10.0,5.1,mb,,,,0.4,us,usp0001xft,2014-11-07T00:33:36.804Z,Mid-Indian Ridge,earthquake,,,,5.0,reviewed,us,us
1983-08-07T17:19:36.720Z,-43.429,39.704,10.0,4.8,mb,,,,0.9,us,usp0001xfu,2014-11-07T00:33:36.807Z,Prince Edward Islands region,earthquake,,,,3.0,reviewed,us,us
1983-08-07T22:38:13.680Z,-21.719,-68.724,108.9,4.8,mb,,,,1.2,us,usp0001xg2,2014-11-07T00:33:36.835Z,"84 km NNE of Calama, Chile",earthquake,,,,7.0,reviewed,us,us
1983-08-08T02:03:05.750Z,-19.217,169.138,168.7,5.2,mb,,,,1.1,us,usp0001xg6,2014-11-07T00:33:36.861Z,"38 km NNW of Isangel, Vanuatu",earthquake,,4.5,,19.0,reviewed,us,us
1983-08-08T03:47:57.160Z,35.498,139.069,24.8,5.7,mw,,,,1.2,us,usp0001xgb,2025-12-19T21:28:31.732Z,"13 km SSW of Uenohara, Japan",earthquake,,,,,reviewed,us,nc
1983-08-08T04:37:39.370Z,54.999,-159.772,35.6,4.7,mb,,,,1.1,us,usp0001xgd,2014-11-07T00:33:36.961Z,"59 km SE of Sand Point, Alaska",earthquake,,5.2,,11.0,reviewed,us,us
1983-08-08T06:06:30.300Z,-23.251,179.429,471.4,4.7,mb,,,,1.5,us,usp0001xgf,2014-11-07T00:33:36.970Z,south of the Fiji Islands,earthquake,,13.3,,3.0,reviewed,us,us
1983-08-08T07:25:37.140Z,-31.813,58.278,10.0,5.4,mb,,,,0.9,us,usp0001xgg,2022-04-27T23:52:47.628Z,Southwest Indian Ridge,earthquake,,,,19.0,reviewed,us,us
1983-08-08T07:48:04.070Z,-6.642,125.41,532.9,4.8,mb,,,,0.2,us,usp0001xgh,2014-11-07T00:33:36.981Z,"211 km N of Metinaro, Timor Leste",earthquake,,3.3,,4.0,reviewed,us,us
1983-08-08T09:35:02.530Z,-20.666,-178.172,545.3,4.8,mb,,,,1.0,us,usp0001xgn,2014-11-07T00:33:37.008Z,Fiji region,earthquake,,5.1,,9.0,reviewed,us,us
1983-08-08T10:57:07.160Z,-6.894,147.942,67.2,4.7,mb,,,,1.2,us,usp0001xgq,2014-11-07T00:33:37.018Z,"38 km SSE of Finschhafen, Papua New Guinea",earthquake,,5.5,,4.0,reviewed,us,us
1983-08-08T12:00:59.400Z,-7.558,124.996,409.5,4.8,mb,,,,0.9,us,usp0001xgs,2014-11-07T00:33:37.025Z,"118 km N of Maubara, Timor Leste",earthquake,,5.0,,5.0,reviewed,us,us
1983-08-08T12:45:37.160Z,22.413,-45.07,10.0,5.0,mb,,,,1.0,us,usp0001xgu,2014-11-07T00:33:37.030Z,northern Mid-Atlantic Ridge,earthquake,,,,35.0,reviewed,us,us
1983-08-08T13:32:31.840Z,-19.189,-177.496,571.4,4.7,mb,,,,1.2,us,usp0001xgx,2014-11-07T00:33:37.046Z,Fiji region,earthquake,,6.1,,10.0,reviewed,us,us
1983-08-08T13:44:35.360Z,42.253,142.48,49.0,4.5,mb,,,,0.9,us,usp0001xgz,2014-11-07T00:33:37.055Z,"12 km SE of Shizunai-furukawach?, Japan",earthquake,,4.0,,3.0,reviewed,us,us
1983-08-08T15:36:59.720Z,-33.033,-178.86,33.0,4.5,mb,,,,1.8,us,usp0001xh1,2014-11-07T00:33:37.063Z,south of the Kermadec Islands,earthquake,,,,2.0,reviewed,us,us
1983-08-08T16:27:58.670Z,-27.651,-12.959,10.0,4.7,mb,,,,1.3,us,usp0001xh3,2014-11-07T00:33:37.071Z,southern Mid-Atlantic Ridge,earthquake,,,,3.0,reviewed,us,us
1983-08-08T16:54:11.380Z,-27.512,-13.336,10.0,5.2,mb,,,,0.9,us,usp0001xh6,2014-11-07T00:33:37.079Z,southern Mid-Atlantic Ridge,earthquake,,,,9.0,reviewed,us,us
1983-08-08T17:31:13.900Z,18.928,120.838,40.7,4.7,mb,,,,1.1,us,usp0001xh9,2014-11-07T00:33:37.088Z,"40 km N of Pagudpud, Philippines",earthquake,,6.9,,10.0,reviewed,us,us
1983-08-08T19:35:06.600Z,-33.144,179.711,33.0,4.9,mb,,,,1.3,us,usp0001xha,2014-11-07T00:33:37.093Z,south of the Kermadec Islands,earthquake,,,,2.0,reviewed,us,us
1983-08-08T23:18:15.490Z,12.643,-86.666,33.0,4.6,mb,,,,1.2,us,usp0001xhd,2014-11-07T00:33:37.106Z,"10 km WSW of Larreynaga, Nicaragua",earthquake,,,,3.0,reviewed,us,us
1983-08-09T00:23:58.820Z,-7.53,128.282,178.0,4.9,mb,,,,1.4,us,usp0001xhf,2014-11-07T00:33:37.132Z,"179 km NE of Lospalos, Timor Leste",earthquake,,9.1,,5.0,reviewed,us,us
1983-08-09T04:24:39.330Z,-27.55,-13.222,10.0,4.9,mb,,,,0.8,us,usp0001xhq,2014-11-07T00:33:37.162Z,southern Mid-Atlantic Ridge,earthquake,,,,3.0,reviewed,us,us
1983-08-09T07:34:56.490Z,-21.927,-179.848,504.0,4.6,mb,,,,1.6,us,usp0001xhw,2014-11-07T00:33:37.175Z,Fiji region,earthquake,,49.9,,4.0,reviewed,us,us
1983-08-09T15:58:21.700Z,60.121,-147.216,28.3,5.0,mb,,,,1.0,us,usp0001xj4,2014-11-07T00:33:37.189Z,"44 km E of Chenega, Alaska",earthquake,,1.5,,17.0,reviewed,us,us
1983-08-09T16:41:32.240Z,37.187,71.642,135.6,4.8,mb,,,,1.3,us,usp0001xj5,2014-11-07T00:33:37.201Z,"34 km SSE of Khorugh, Tajikistan",earthquake,,8.3,,9.0,reviewed,us,us
1983-08-09T17:21:25.660Z,-27.464,-13.467,10.0,4.5,mb,,,,0.9,us,usp0001xj7,2014-11-07T00:33:37.209Z,southern Mid-Atlantic Ridge,earthquake,,,,3.0,reviewed,us,us
1983-08-09T18:21:10.620Z,-0.401,132.6,33.0,5.2,mb,,,,1.1,us,usp0001xj8,2025-12-19T21:28:32.439Z,"158 km ENE of Sorong, Indonesia",earthquake,,,,24.0,reviewed,us,us
1983-08-09T18:22:16.030Z,-24.037,179.726,632.1,4.5,mb,,,,1.0,us,usp0001xj9,2014-11-07T00:33:37.224Z,south of the Fiji Islands,earthquake,,31.2,,2.0,reviewed,us,us
1983-08-09T19:19:58.470Z,-8.349,-79.833,33.0,5.2,mb,,,,0.9,us,usp0001xja,2014-11-07T00:33:37.226Z,"78 km WSW of Santiago de Cao, Peru",earthquake,,,,4.0,reviewed,us,us
1983-08-09T20:37:05.820Z,-0.008,97.099,21.7,4.7,mb,,,,1.1,us,usp0001xjb,2014-11-07T00:33:37.230Z,"265 km SSW of Singkil, Indonesia",earthquake,,6.3,,5.0,reviewed,us,us
1983-08-09T22:15:16.080Z,28.014,56.814,33.0,4.5,mb,,,,1.0,us,usp0001xjd,2014-11-07T00:33:37.235Z,"101 km NNW of M?n?b, Iran",earthquake,,,,8.0,reviewed,us,us
1983-08-09T22:33:36.090Z,-5.804,110.392,655.1,5.2,mb,,,,1.0,us,usp0001xje,2025-12-19T21:28:33.179Z,"83 km NNW of Batang, Indonesia",earthquake,,3.0,,23.0,reviewed,us,us
1983-08-10T00:55:58.110Z,56.495,-152.693,33.0,5.1,mb,,,,0.7,us,usp0001xjm,2026-01-07T19:36:46.420Z,"87 km SSE of Old Harbor, Alaska",earthquake,,,,60.0,reviewed,us,us
1983-08-10T01:49:54.560Z,8.546,58.376,10.0,4.7,mb,,,,1.1,us,usp0001xjn,2014-11-07T00:33:37.272Z,Carlsberg Ridge,earthquake,,,,4.0,reviewed,us,us
1983-08-10T02:02:36.180Z,8.466,58.332,10.0,5.1,mb,,,,1.0,us,usp0001xjp,2026-01-07T19:36:47.186Z,Carlsberg Ridge,earthquake,,,,33.0,reviewed,us,us
1983-08-10T08:57:39.650Z,-20.614,-174.346,33.0,4.6,mb,,,,1.1,us,usp0001xjt,2014-11-07T00:33:37.442Z,"88 km S of Pangai, Tonga",earthquake,,,,4.0,reviewed,us,us
1983-08-10T10:24:20.750Z,86.243,-34.444,10.0,4.8,mb,,,,0.9,us,usp0001xjw,2014-11-07T00:33:37.456Z,Lomonosov Ridge,earthquake,,,,22.0,reviewed,us,us
1983-08-10T12:02:37.830Z,-31.17,-70.274,118.2,4.6,mb,,,,1.2,us,usp0001xk0,2014-11-07T00:33:37.564Z,"83 km WNW of Calingasta, Argentina",earthquake,,5.7,,2.0,reviewed,us,us
1983-08-10T20:05:48.010Z,-23.782,-175.967,33.0,5.5,ms,,,,1.1,us,usp0001xk4,2025-12-19T21:28:33.872Z,"290 km SSW of ‘Ohonua, Tonga",earthquake,,,,8.0,reviewed,us,us
1983-08-11T01:35:42.350Z,25.859,123.798,231.9,5.0,mb,,,,0.9,us,usp0001xkd,2014-11-07T00:33:37.634Z,"171 km NNW of Ishigaki, Japan",earthquake,,1.9,,24.0,reviewed,us,us
1983-08-11T02:10:48.750Z,-10.07,118.755,33.0,5.2,mb,,,,1.3,us,usp0001xke,2026-01-07T19:36:48.640Z,"171 km WSW of Waingapu, Indonesia",earthquake,,,,19.0,reviewed,us,us
1983-08-11T05:16:49.250Z,18.729,120.998,27.9,5.0,mb,,,,1.0,us,usp0001xkg,2026-01-07T19:36:49.330Z,"16 km NW of Claveria, Philippines",earthquake,,3.4,,17.0,reviewed,us,us
1983-08-11T06:29:49.880Z,13.351,-89.106,79.8,4.5,mb,,,,1.4,us,usp0001xkk,2014-11-07T00:33:37.669Z,"18 km SSW of El Rosario, El Salvador",earthquake,,6.7,,6.0,reviewed,us,us
1983-08-11T08:06:27.260Z,35.872,73.79,104.4,4.7,mb,,,,1.0,us,usp0001xkp,2014-11-07T00:33:37.677Z,"47 km W of Gilgit, Pakistan",earthquake,,10.2,,10.0,reviewed,us,us
1983-08-11T09:44:59.880Z,42.729,142.421,102.9,4.6,mb,,,,0.9,us,usp0001xkq,2014-11-07T00:33:37.681Z,"44 km N of Shizunai-furukawach?, Japan",earthquake,,3.9,,4.0,reviewed,us,us
1983-08-11T12:02:58.890Z,18.828,120.957,14.8,5.6,mb,,,,1.3,us,usp0001xkv,2025-12-19T21:28:34.703Z,"27 km NNW of Claveria, Philippines",earthquake,,2.4,,68.0,reviewed,us,us
1983-08-11T21:35:41.430Z,41.894,142.212,72.8,4.9,mb,,,,1.1,us,usp0001xm4,2014-11-07T00:33:37.909Z,"50 km SSW of Shizunai-furukawach?, Japan",earthquake,,2.7,,32.0,reviewed,us,us
1983-08-11T22:56:10.780Z,1.815,127.294,99.8,5.7,mb,,,,1.0,us,usp0001xm5,2025-12-19T21:28:35.383Z,"80 km W of Tobelo, Indonesia",earthquake,,4.4,,35.0,reviewed,us,us
1983-08-11T23:52:12.180Z,32.169,108.101,33.0,4.7,mb,,,,1.1,us,usp0001xm6,2014-11-07T00:33:38.067Z,"103 km WSW of Ankang, China",earthquake,,,,7.0,reviewed,us,us
1983-08-12T02:23:38.500Z,10.947,125.941,33.0,4.8,mb,,,,1.5,us,usp0001xma,2014-11-07T00:33:38.084Z,"12 km E of Sulangan, Philippines",earthquake,,,,3.0,reviewed,us,us
1983-08-12T06:08:21.230Z,-31.817,58.168,10.0,4.6,mb,,,,0.5,us,usp0001xme,2014-11-07T00:33:38.144Z,Southwest Indian Ridge,earthquake,,,,3.0,reviewed,us,us
1983-08-12T07:42:12.460Z,14.978,119.863,32.3,5.1,ms,,,,1.1,us,usp0001xmh,2025-12-19T21:28:36.159Z,"23 km W of San Nicolas, Philippines",earthquake,,4.4,,4.0,reviewed,us,us
1983-08-12T10:22:24.200Z,-5.228,144.19,104.5,4.7,mb,,,,1.2,us,usp0001xmj,2014-11-07T00:33:38.229Z,"59 km ENE of Wabag, Papua New Guinea",earthquake,,6.6,,3.0,reviewed,us,us
1983-08-12T11:14:49.090Z,-17.786,65.822,10.0,5.4,ms,,,,1.6,us,usp0001xmn,2025-12-19T21:28:36.831Z,Mauritius - Reunion region,earthquake,,,,9.0,reviewed,us,us
1983-08-12T11:50:46.790Z,-8.939,111.406,89.7,5.1,mb,,,,1.4,us,usp0001xmp,2014-11-07T00:33:38.271Z,"100 km SSW of Trenggalek, Indonesia",earthquake,,7.8,,8.0,reviewed,us,us
1983-08-12T17:17:24.950Z,38.137,23.183,10.0,4.5,mb,,,,1.2,us,usp0001xmu,2014-11-07T00:33:38.300Z,"11 km SSW of Kaparéllion, Greece",earthquake,,,,27.0,reviewed,us,us
1983-08-12T19:36:30.750Z,41.751,13.849,10.0,4.6,mb,,,,1.2,us,usp0001xmy,2026-01-07T19:36:50.118Z,"3 km SSE of Opi, Italy",earthquake,,,,9.0,reviewed,us,us
1983-08-12T22:11:56.400Z,-58.276,-23.256,33.0,5.1,mb,,,,1.0,us,usp0001xn0,2014-11-07T00:33:38.328Z,South Sandwich Islands region,earthquake,,,,7.0,reviewed,us,us
1983-08-12T23:55:32.900Z,-9.358,109.869,33.0,4.8,mb,,,,1.1,us,usp0001xn2,2014-11-07T00:33:38.337Z,"south of Java, Indonesia",earthquake,,,,2.0,reviewed,us,us
1983-08-13T02:27:47.850Z,53.426,160.385,33.0,4.8,mb,,,,0.7,us,usp0001xn4,2014-11-07T00:33:38.344Z,"near the east coast of the Kamchatka Peninsula, Russia",earthquake,,,,20.0,reviewed,us,us
1983-08-13T15:30:02.650Z,-19.2,178.034,33.0,5.1,mb,,,,1.2,us,usp0001xnb,2014-11-07T00:33:38.372Z,"124 km SSW of Suva, Fiji",earthquake,,,,1.0,reviewed,us,us
1983-08-13T15:39:33.590Z,-7.054,129.472,124.9,5.6,mb,,,,1.1,us,usp0001xnc,2022-04-27T23:53:03.996Z,"Kepulauan Babar, Indonesia",earthquake,,4.3,,24.0,reviewed,us,us
1983-08-13T17:18:36.570Z,28.306,53.283,33.0,4.8,mb,,,,0.9,us,usp0001xnf,2026-01-07T19:36:50.878Z,"78 km SSW of Fas?, Iran",earthquake,,,,33.0,reviewed,us,us
1983-08-13T20:37:21.270Z,-57.891,-9.635,10.0,4.9,mb,,,,1.2,us,usp0001xnh,2014-11-07T00:33:38.417Z,east of the South Sandwich Islands,earthquake,,,,5.0,reviewed,us,us
1983-08-13T22:28:19.620Z,-8.667,111.24,81.2,5.9,mw,,,,1.1,us,usp0001xnj,2025-12-19T21:28:37.502Z,"83 km SW of Trenggalek, Indonesia",earthquake,,2.6,,,reviewed,us,nc
1983-08-13T23:07:53.760Z,-50.629,139.934,10.0,5.3,mb,,,,1.0,us,usp0001xnk,2014-11-07T00:33:38.474Z,western Indian-Antarctic Ridge,earthquake,,,,6.0,reviewed,us,us
1983-08-14T03:36:47.160Z,-29.948,60.714,10.0,5.2,mb,,,,1.1,us,usp0001xns,2014-11-07T00:33:38.484Z,Southwest Indian Ridge,earthquake,,,,9.0,reviewed,us,us
1983-08-14T05:05:52.290Z,9.003,-73.994,99.7,5.0,mb,,,,0.8,us,usp0001xnu,2014-11-07T00:33:38.488Z,"2 km W of El Banco, Colombia",earthquake,,3.2,,49.0,reviewed,us,us
1983-08-14T07:40:52.290Z,-21.752,-68.528,126.6,4.8,mb,,,,1.3,us,usp0001xnw,2014-11-07T00:33:38.514Z,"88 km NNE of Calama, Chile",earthquake,,4.9,,7.0,reviewed,us,us
1983-08-14T12:01:45.300Z,-4.705,153.18,66.1,4.7,mb,,,,1.0,us,usp0001xnz,2014-11-07T00:33:38.521Z,"108 km ESE of Kokopo, Papua New Guinea",earthquake,,4.1,,4.0,reviewed,us,us
1983-08-14T14:11:43.090Z,-12.976,-109.825,10.0,5.4,mb,,,,1.1,us,usp0001xp3,2022-04-27T23:53:08.313Z,central East Pacific Rise,earthquake,,,,13.0,reviewed,us,us
1983-08-14T16:20:12.200Z,-17.221,-178.697,516.4,5.0,mb,,,,0.9,us,usp0001xp6,2014-11-07T00:33:38.544Z,"224 km ESE of Labasa, Fiji",earthquake,,3.9,,21.0,reviewed,us,us
1983-08-14T19:56:39.420Z,-63.364,169.439,10.0,5.9,ms,,,,1.2,us,usp0001xpa,2025-12-19T21:28:38.154Z,Balleny Islands region,earthquake,,,,10.0,reviewed,us,us
1983-08-14T22:26:12.540Z,-9.1,123.667,131.2,5.1,mb,,,,1.3,us,usp0001xpe,2014-11-07T00:33:38.580Z,"56 km NNW of Naisano Dua, Indonesia",earthquake,,6.7,,9.0,reviewed,us,us
1983-08-15T02:02:57.750Z,36.228,70.08,134.1,4.5,mb,,,,0.9,us,usp0001xpf,2014-11-07T00:33:38.583Z,"43 km SSE of Farkh?r, Afghanistan",earthquake,,12.4,,6.0,reviewed,us,us
1983-08-15T02:41:44.690Z,-52.999,140.179,10.0,4.9,ms,,,,1.0,us,usp0001xpg,2014-11-07T00:33:38.585Z,west of Macquarie Island,earthquake,,,,1.0,reviewed,us,us
1983-08-15T02:46:10.400Z,43.906,-128.067,10.0,4.5,mb,,,,0.8,us,usp0001xph,2014-11-07T00:33:38.587Z,off the coast of Oregon,earthquake,,,,11.0,reviewed,us,us
1983-08-15T04:19:22.590Z,7.724,126.325,106.4,4.5,mb,,,,1.9,us,usp0001xpk,2014-11-07T00:33:38.593Z,"12 km WSW of San Alfonso, Philippines",earthquake,,16.3,,4.0,reviewed,us,us
1983-08-15T04:49:55.100Z,47.425,153.173,82.1,5.0,mb,,,,0.7,us,usp0001xpm,2014-11-07T00:33:38.595Z,Kuril Islands,earthquake,,,,47.0,reviewed,us,us
1983-08-15T06:43:22.890Z,-41.745,84.62,10.0,5.1,mb,,,,1.0,us,usp0001xpp,2014-11-07T00:33:38.605Z,southeast Indian Ridge,earthquake,,,,6.0,reviewed,us,us
1983-08-15T07:25:21.630Z,-11.987,166.643,153.6,5.2,mb,,,,1.0,us,usp0001xpq,2014-11-07T00:33:38.607Z,"167 km SSE of Lata, Solomon Islands",earthquake,,7.8,,6.0,reviewed,us,us
1983-08-15T13:44:40.390Z,1.441,129.186,93.7,4.9,mb,,,,0.3,us,usp0001xpu,2014-11-07T00:33:38.616Z,"134 km ESE of Tobelo, Indonesia",earthquake,,9.2,,5.0,reviewed,us,us
1983-08-15T17:23:02.740Z,-23.933,-66.656,215.1,5.1,mb,,,,0.9,us,usp0001xpx,2014-11-07T00:33:38.623Z,"46 km NW of San Antonio de los Cobres, Argentina",earthquake,,3.6,,1.0,reviewed,us,us
1983-08-15T18:27:41.250Z,39.89,77.258,33.0,4.9,mb,,,,1.5,us,usp0001xpz,2014-11-07T00:33:38.626Z,"118 km ENE of Kashgar, China",earthquake,,,,8.0,reviewed,us,us
1983-08-15T19:44:39.040Z,-17.102,-174.513,181.5,5.5,mb,,,,0.9,us,usp0001xq0,2022-04-27T23:53:15.295Z,"148 km SSW of Hihifo, Tonga",earthquake,,,,39.0,reviewed,us,us
1983-08-16T00:09:36.840Z,-17.586,-172.918,60.0,4.5,mb,,,,1.3,us,usp0001xq2,2014-11-07T00:33:38.650Z,"163 km NE of Neiafu, Tonga",earthquake,,,,3.0,reviewed,us,us
1983-08-16T00:33:44.490Z,12.318,143.076,61.9,5.1,mb,,,,1.0,us,usp0001xq3,2014-11-07T00:33:38.653Z,"202 km WSW of Merizo Village, Guam",earthquake,,4.8,,20.0,reviewed,us,us
1983-08-16T05:20:29.510Z,-0.056,123.932,124.4,5.1,mb,,,,1.2,us,usp0001xq7,2014-11-07T00:33:38.664Z,"116 km SE of Gorontalo, Indonesia",earthquake,,5.4,,11.0,reviewed,us,us
1983-08-16T09:34:49.990Z,-30.128,-179.185,383.8,5.0,mb,,,,1.5,us,usp0001xqa,2014-11-07T00:33:38.674Z,Kermadec Islands region,earthquake,,16.4,,4.0,reviewed,us,us
1983-08-16T13:37:18.870Z,36.717,141.116,58.5,5.1,mb,,,,1.0,us,usp0001xqf,2026-01-07T19:36:53.404Z,"33 km ESE of Kitaibaraki, Japan",earthquake,,2.2,,33.0,reviewed,us,us
1983-08-16T16:29:04.410Z,-4.741,103.196,88.6,5.1,mb,,,,1.0,us,usp0001xqh,2014-11-07T00:33:38.695Z,"79 km S of Pagar Alam, Indonesia",earthquake,,6.6,,20.0,reviewed,us,us
1983-08-16T23:38:59.300Z,45.116,150.201,33.0,4.6,mb,,,,0.9,us,usp0001xqn,2014-11-07T00:33:38.704Z,"183 km E of Kuril’sk, Russia",earthquake,,,,5.0,reviewed,us,us
1983-08-17T01:11:14.470Z,18.667,145.402,219.5,4.5,mb,,,,1.0,us,usp0001xqp,2014-11-07T00:33:38.706Z,"Pagan region, Northern Mariana Islands",earthquake,,8.0,,2.0,reviewed,us,us
1983-08-17T06:03:53.730Z,-13.972,166.781,50.0,5.1,mb,,,,1.0,us,usp0001xqt,2014-11-07T00:33:38.712Z,"83 km W of Sola, Vanuatu",earthquake,,,,8.0,reviewed,us,us
1983-08-17T09:29:50.040Z,-8.721,111.224,71.7,5.4,mb,,,,1.2,us,usp0001xqw,2025-12-19T21:28:38.956Z,"88 km SW of Trenggalek, Indonesia",earthquake,,5.7,,21.0,reviewed,us,us
1983-08-17T10:55:54.130Z,55.867,161.287,62.6,7.1,mw,,,,1.2,us,usp0001xqy,2022-04-27T23:53:18.132Z,"57 km SSE of Klyuchi, Russia",earthquake,,5.4,,,reviewed,us,nc
1983-08-17T12:17:56.010Z,18.231,120.86,28.8,6.5,ms,,,,1.1,us,usp0001xr0,2025-12-19T21:28:39.747Z,"16 km ENE of Piddig, Philippines",earthquake,,,,7.0,reviewed,us,us
1983-08-17T12:46:15.090Z,-31.573,179.537,493.3,5.1,mb,,,,1.4,us,usp0001xr1,2014-11-07T00:33:38.845Z,Kermadec Islands region,earthquake,,9.0,,8.0,reviewed,us,us
1983-08-17T12:59:10.510Z,-22.517,-174.327,33.0,5.0,mb,,,,0.9,us,usp0001xr3,2014-11-07T00:33:38.851Z,"146 km SSE of ‘Ohonua, Tonga",earthquake,,,,6.0,reviewed,us,us
1983-08-17T13:07:11.210Z,18.515,120.883,33.0,4.7,mb,,,,1.2,us,usp0001xr4,2014-11-07T00:33:38.856Z,"11 km ESE of Pagudpud, Philippines",earthquake,,,,6.0,reviewed,us,us
1983-08-17T13:28:08.880Z,18.303,120.832,33.0,4.9,mb,,,,1.1,us,usp0001xr5,2014-11-07T00:33:38.859Z,"19 km NE of Piddig, Philippines",earthquake,,,,5.0,reviewed,us,us
1983-08-17T14:54:01.230Z,-8.613,123.874,33.0,5.1,mb,,,,1.1,us,usp0001xr7,2014-11-07T00:33:38.865Z,"85 km NW of Pante Makasar, Timor Leste",earthquake,,,,5.0,reviewed,us,us
1983-08-17T16:23:12.060Z,-8.698,123.469,33.0,5.0,mb,,,,1.3,us,usp0001xr9,2014-11-07T00:33:38.871Z,"104 km NNW of Naisano Dua, Indonesia",earthquake,,,,6.0,reviewed,us,us
1983-08-17T16:41:38.400Z,-8.631,123.944,33.0,5.2,mb,,,,1.3,us,usp0001xra,2014-11-07T00:33:38.873Z,"79 km NW of Pante Makasar, Timor Leste",earthquake,,,,3.0,reviewed,us,us
1983-08-17T16:43:56.750Z,55.591,160.871,19.1,4.8,mb,,,,1.0,us,usp0001xrb,2014-11-07T00:33:38.876Z,"77 km E of Atlasovo, Russia",earthquake,,,,8.0,reviewed,us,us
1983-08-17T16:48:54.990Z,-8.724,123.648,33.0,5.1,mb,,,,1.5,us,usp0001xrc,2014-11-07T00:33:38.878Z,"96 km WNW of Pante Makasar, Timor Leste",earthquake,,,,5.0,reviewed,us,us
1983-08-17T21:57:29.080Z,31.849,50.885,47.1,4.9,mb,,,,1.0,us,usp0001xrd,2014-11-07T00:33:38.881Z,"40 km WSW of Bor?jen, Iran",earthquake,,6.0,,10.0,reviewed,us,us
1983-08-18T03:25:26.150Z,35.978,139.744,94.8,4.8,mb,,,,1.0,us,usp0001xrj,2014-11-07T00:33:38.893Z,"0 km SW of Kasukabe, Japan",earthquake,,2.0,,4.0,reviewed,us,us
1983-08-18T08:30:21.930Z,-18.981,-173.024,38.0,5.3,mb,,,,1.3,us,usp0001xrn,2025-12-19T20:58:55.895Z,"107 km ESE of Neiafu, Tonga",earthquake,,,,13.0,reviewed,us,us
1983-08-18T09:42:30.090Z,-3.854,151.317,33.0,5.2,mb,,,,1.0,us,usp0001xrq,2025-12-19T21:28:40.496Z,"101 km WNW of Rabaul, Papua New Guinea",earthquake,,,,5.0,reviewed,us,us
1983-08-18T16:00:52.240Z,-3.544,150.856,33.0,4.7,mb,,,,1.2,us,usp0001xrw,2014-11-07T00:33:38.934Z,"107 km S of Kavieng, Papua New Guinea",earthquake,,,,1.0,reviewed,us,us
1983-08-18T16:05:39.840Z,-3.77,151.41,33.0,5.2,mb,,,,1.1,us,usp0001xrx,2025-12-19T21:28:41.410Z,"96 km WNW of Rabaul, Papua New Guinea",earthquake,,,,10.0,reviewed,us,us
1983-08-18T16:09:58.620Z,73.383,54.913,0.0,5.9,mb,,,,0.9,us,usp0001xry,2014-11-07T00:33:38.940Z,"Novaya Zemlya, Russia",nuclear explosion,,,,94.0,reviewed,us,us
1983-08-18T16:58:26.080Z,-18.355,175.298,33.0,4.8,mb,,,,1.5,us,usp0001xrz,2014-11-07T00:33:38.961Z,"232 km WSW of Nadi, Fiji",earthquake,,,,3.0,reviewed,us,us
1983-08-18T17:38:01.890Z,36.217,141.912,27.6,4.9,mb,,,,1.0,us,usp0001xs0,2014-11-07T00:33:38.964Z,"111 km ENE of Hasaki, Japan",earthquake,,3.1,,6.0,reviewed,us,us
1983-08-18T19:23:16.670Z,6.378,93.896,71.8,4.8,mb,,,,1.1,us,usp0001xs1,2014-11-07T00:33:38.967Z,"166 km WNW of Sabang, Indonesia",earthquake,,6.3,,11.0,reviewed,us,us
1983-08-18T19:46:49.610Z,-3.763,151.211,33.0,5.3,mb,,,,1.1,us,usp0001xs2,2025-12-19T21:28:42.272Z,"116 km WNW of Rabaul, Papua New Guinea",earthquake,,,,13.0,reviewed,us,us
1983-08-18T20:15:46.350Z,-14.933,-75.081,64.2,5.2,mb,,,,1.1,us,usp0001xs4,2014-11-07T00:33:38.981Z,"19 km SW of Nazca, Peru",earthquake,,,,9.0,reviewed,us,us
1983-08-19T04:59:30.310Z,60.195,-152.913,113.7,4.7,mb,,,,0.8,us,usp0001xs8,2014-11-07T00:33:38.994Z,"71 km WNW of Ninilchik, Alaska",earthquake,,1.4,,28.0,reviewed,us,us
1983-08-19T09:23:22.230Z,-17.06,-72.532,64.5,4.5,mb,,,,1.4,us,usp0001xsb,2014-11-07T00:33:39.006Z,"39 km SSW of Quilca, Peru",earthquake,,9.9,,3.0,reviewed,us,us
1983-08-19T12:06:52.100Z,3.043,96.544,41.6,4.6,mb,,,,0.9,us,usp0001xsf,2014-11-07T00:33:39.013Z,"64 km NNE of Sinabang, Indonesia",earthquake,,8.2,,3.0,reviewed,us,us
1983-08-19T13:00:00.930Z,2.51,96.304,43.5,4.9,mb,,,,1.1,us,usp0001xsj,2026-01-07T19:36:54.287Z,"9 km WNW of Sinabang, Indonesia",earthquake,,6.0,,11.0,reviewed,us,us
1983-08-19T14:16:28.100Z,18.272,120.961,52.3,4.7,mb,,,,1.0,us,usp0001xsk,2025-12-19T21:28:43.083Z,"28 km NE of Solsona, Philippines",earthquake,,11.2,,7.0,reviewed,us,us
1983-08-19T14:35:34.070Z,2.187,127.065,51.1,5.2,mb,,,,1.2,us,usp0001xsm,2026-01-07T19:35:17.906Z,"116 km WNW of Tobelo, Indonesia",earthquake,,6.1,,17.0,reviewed,us,us
1983-08-19T14:53:09.820Z,-24.077,-179.903,540.0,4.6,mb,,,,1.1,us,usp0001xsn,2014-11-07T00:33:39.031Z,south of the Fiji Islands,earthquake,,,,4.0,reviewed,us,us
1983-08-19T18:13:27.570Z,49.213,155.618,45.1,4.8,mb,,,,0.9,us,usp0001xsr,2014-11-07T00:33:39.038Z,"166 km SSW of Severo-Kuril’sk, Russia",earthquake,,,,26.0,reviewed,us,us
1983-08-19T19:43:07.500Z,18.256,120.764,33.0,4.6,mb,,,,1.9,us,usp0001xsu,2014-11-07T00:33:39.047Z,"11 km NNE of Piddig, Philippines",earthquake,,,,3.0,reviewed,us,us
1983-08-19T20:04:27.590Z,-21.581,170.536,132.7,4.8,mb,,,,1.0,us,usp0001xsw,2014-11-07T00:33:39.050Z,"260 km SSE of Isangel, Vanuatu",earthquake,,8.0,,1.0,reviewed,us,us
1983-08-19T23:56:43.060Z,51.781,159.035,33.0,4.9,mb,,,,0.8,us,usp0001xsz,2014-11-07T00:33:39.055Z,"134 km SSE of Vilyuchinsk, Russia",earthquake,,,,7.0,reviewed,us,us
1983-08-20T05:23:04.450Z,46.849,155.405,33.0,4.8,mb,,,,0.6,us,usp0001xt5,2014-11-07T00:33:39.065Z,east of the Kuril Islands,earthquake,,,,15.0,reviewed,us,us
1983-08-20T05:46:26.050Z,40.739,51.785,48.4,5.1,mb,,,,0.9,us,usp0001xt6,2025-12-19T21:28:44.071Z,"127 km ENE of Pirallah?, Azerbaijan",earthquake,,4.7,,58.0,reviewed,us,us
1983-08-20T06:19:30.710Z,-8.53,117.563,156.2,5.5,mb,,,,1.1,us,usp0001xt8,2025-12-19T21:28:44.752Z,"15 km SE of Pototano, Indonesia",earthquake,,,,24.0,reviewed,us,us
1983-08-20T08:30:34.160Z,-36.251,-101.542,10.0,5.3,mb,,,,1.3,us,usp0001xtb,2022-04-27T23:53:21.926Z,southeast of Easter Island,earthquake,,,,8.0,reviewed,us,us
1983-08-20T13:08:32.560Z,27.904,141.793,40.8,5.9,mw,,,,1.0,us,usp0001xtd,2025-12-19T21:28:45.689Z,"Bonin Islands, Japan region",earthquake,,2.3,,,reviewed,us,nc
1983-08-20T13:44:20.500Z,-18.678,65.376,10.0,4.7,mb,,,,1.3,us,usp0001xte,2014-11-07T00:33:39.138Z,"234 km ENE of Port Mathurin, Mauritius",earthquake,,,,3.0,reviewed,us,us
1983-08-20T14:11:32.210Z,30.146,-42.603,10.0,5.3,mb,,,,1.0,us,usp0001xtf,2026-01-07T19:36:55.056Z,northern Mid-Atlantic Ridge,earthquake,,,,51.0,reviewed,us,us
1983-08-20T14:48:26.560Z,50.929,156.118,84.1,5.0,mb,,,,0.8,us,usp0001xth,2014-11-07T00:33:39.153Z,"28 km N of Severo-Kuril’sk, Russia",earthquake,,8.8,,35.0,reviewed,us,us
1983-08-20T16:21:31.170Z,16.458,-46.572,10.0,4.7,mb,,,,1.2,us,usp0001xtj,2014-11-07T00:33:39.161Z,northern Mid-Atlantic Ridge,earthquake,,,,5.0,reviewed,us,us
1983-08-20T17:15:06.290Z,-18.18,-179.651,653.9,4.7,mb,,,,1.0,us,usp0001xtk,2014-11-07T00:33:39.163Z,"109 km E of Levuka, Fiji",earthquake,,3.6,,14.0,reviewed,us,us
1983-08-20T17:15:24.610Z,39.302,73.581,33.0,4.9,mb,,,,1.0,us,usp0001xtm,2026-01-07T19:35:18.702Z,"116 km ESE of Kyzyl-Eshme, Kyrgyzstan",earthquake,,,,39.0,reviewed,us,us
1983-08-21T02:45:41.570Z,-3.711,-103.028,10.0,4.6,mb,,,,0.5,us,usp0001xtu,2014-11-07T00:33:39.186Z,central East Pacific Rise,earthquake,,,,7.0,reviewed,us,us
1983-08-21T06:00:27.710Z,55.584,161.188,33.0,4.6,mb,,,,0.9,us,usp0001xtz,2014-11-07T00:33:39.193Z,"84 km SSE of Klyuchi, Russia",earthquake,,,,5.0,reviewed,us,us
1983-08-21T06:18:53.140Z,4.603,127.859,63.2,5.0,mb,,,,0.9,us,usp0001xu0,2014-11-07T00:33:39.195Z,"269 km SE of Pondaguitan, Philippines",earthquake,,5.0,,8.0,reviewed,us,us
1983-08-21T08:31:14.990Z,22.655,94.311,114.8,4.8,mb,,,,1.4,us,usp0001xu5,2014-11-07T00:33:39.207Z,"71 km ESE of Falam, Myanmar",earthquake,,6.9,,7.0,reviewed,us,us
1983-08-21T08:34:45.700Z,3.742,126.617,45.8,5.9,mw,,,,1.1,us,usp0001xu6,2025-12-19T21:28:46.475Z,"223 km SE of Sarangani, Philippines",earthquake,,3.5,,,reviewed,us,nc
1983-08-21T11:38:15.580Z,-44.414,94.089,10.0,5.1,ms,,,,1.1,us,usp0001xu8,2025-12-19T21:28:47.167Z,southeast Indian Ridge,earthquake,,,,1.0,reviewed,us,us
1983-08-21T12:06:48.080Z,3.229,87.474,10.0,5.2,mb,,,,1.0,us,usp0001xu9,2025-12-19T21:28:48.081Z,North Indian Ocean,earthquake,,,,49.0,reviewed,us,us
1983-08-21T15:47:17.230Z,-4.981,-76.011,129.9,4.6,mb,,,,0.9,us,usp0001xua,2014-11-07T00:33:39.251Z,"46 km NW of Lagunas, Peru",earthquake,,,,10.0,reviewed,us,us
1983-08-21T17:21:13.660Z,-7.354,121.18,547.1,5.2,mb,,,,1.1,us,usp0001xub,2014-11-07T00:33:39.254Z,"159 km NNE of Ruteng, Indonesia",earthquake,,5.2,,11.0,reviewed,us,us
1983-08-21T18:58:19.570Z,-28.726,-112.587,10.0,5.5,ms,,,,1.1,us,usp0001xuc,2025-12-19T21:28:48.782Z,Easter Island region,earthquake,,,,13.0,reviewed,us,us
1983-08-21T22:57:29.310Z,-23.527,-177.138,150.5,5.5,mb,,,,1.0,us,usp0001xuh,2025-12-19T21:28:49.487Z,south of the Fiji Islands,earthquake,,,,17.0,reviewed,us,us
1983-08-22T03:12:35.950Z,36.288,71.355,33.0,4.5,mb,,,,1.0,us,usp0001xuk,2014-11-07T00:33:39.287Z,"46 km SSW of Ashk?sham, Afghanistan",earthquake,,,,6.0,reviewed,us,us
1983-08-22T04:38:26.830Z,37.935,20.206,10.0,4.6,mb,,,,1.4,us,usp0001xun,2014-11-07T00:33:39.291Z,"35 km SW of Lixoúri, Greece",earthquake,,,,5.0,reviewed,us,us
1983-08-22T04:58:12.100Z,31.874,141.569,35.0,4.8,mb,,,,0.8,us,usp0001xur,2026-01-07T19:36:56.603Z,"Izu Islands, Japan region",earthquake,,3.6,,11.0,reviewed,us,us
1983-08-22T05:25:41.840Z,19.971,121.63,67.4,4.7,mb,,,,1.0,us,usp0001xus,2014-11-07T00:33:39.605Z,"63 km SW of Basco, Philippines",earthquake,,4.3,,12.0,reviewed,us,us
1983-08-22T05:53:23.450Z,-14.759,167.078,83.0,5.4,mb,,,,1.0,us,usp0001xut,2022-04-27T23:53:27.857Z,"31 km N of Port-Olry, Vanuatu",earthquake,,,,31.0,reviewed,us,us
1983-08-22T08:13:30.260Z,51.736,176.734,33.0,4.8,mb,,,,1.1,us,usp0001xuv,2014-11-07T00:33:39.649Z,"271 km ESE of Attu Station, Alaska",earthquake,,,,10.0,reviewed,us,us
1983-08-22T09:09:42.320Z,-7.104,130.787,33.0,5.2,mb,,,,1.3,us,usp0001xuz,2014-11-07T00:33:39.658Z,"271 km SW of Tual, Indonesia",earthquake,,,,1.0,reviewed,us,us
1983-08-22T12:38:21.250Z,7.253,-34.51,10.0,5.0,mb,,,,0.7,us,usp0001xv5,2014-11-07T00:33:39.670Z,central Mid-Atlantic Ridge,earthquake,,,,27.0,reviewed,us,us
1983-08-22T12:39:06.570Z,53.854,160.436,33.0,5.4,mb,,,,0.9,us,usp0001xv6,2026-01-07T19:37:04.097Z,"148 km NE of Petropavlovsk-Kamchatsky, Russia",earthquake,,,,66.0,reviewed,us,us
1983-08-22T16:58:27.650Z,-5.978,103.903,72.8,4.8,mb,,,,0.8,us,usp0001xv9,2014-11-07T00:33:39.692Z,"162 km WSW of Bandar Lampung, Indonesia",earthquake,,10.9,,4.0,reviewed,us,us
1983-08-22T23:00:42.100Z,-16.165,167.925,184.3,5.1,mb,,,,1.1,us,usp0001xvf,2014-11-07T00:33:39.701Z,"54 km E of Lakatoro, Vanuatu",earthquake,,,,11.0,reviewed,us,us
1983-08-22T23:16:36.750Z,-3.552,146.641,20.9,5.5,ms,,,,1.3,us,usp0001xvg,2025-12-19T21:28:50.297Z,"181 km SSW of Lorengau, Papua New Guinea",earthquake,,5.0,,10.0,reviewed,us,us
1983-08-22T23:25:43.650Z,-3.332,146.966,33.0,4.9,mb,,,,1.0,us,usp0001xvh,2014-11-07T00:33:39.722Z,"147 km SSW of Lorengau, Papua New Guinea",earthquake,,,,6.0,reviewed,us,us
1983-08-23T03:38:22.220Z,14.763,-60.911,178.6,4.6,mb,,,,0.6,us,usp0001xvq,2014-11-07T00:33:39.733Z,"6 km ENE of La Trinité, Martinique",earthquake,,3.5,,1.0,reviewed,us,us
1983-08-23T04:01:11.340Z,18.578,-62.897,56.2,5.0,mb,,,,0.8,us,usp0001xvs,2014-11-07T00:33:39.737Z,"43 km NNE of The Valley, Anguilla",earthquake,,3.2,,23.0,reviewed,us,us
1983-08-23T05:46:44.950Z,-4.81,133.63,33.0,4.8,mb,,,,1.4,us,usp0001xvx,2014-11-07T00:33:39.759Z,"132 km NE of Tual, Indonesia",earthquake,,,,5.0,reviewed,us,us
1983-08-23T05:50:27.570Z,-4.572,133.654,33.0,5.3,mb,,,,1.0,us,usp0001xvy,2026-01-07T19:38:10.981Z,"153 km NE of Tual, Indonesia",earthquake,,,,22.0,reviewed,us,us
1983-08-23T11:15:15.300Z,-5.968,151.052,44.1,5.0,mb,,,,1.4,us,usp0001xw5,2014-11-07T00:33:39.782Z,"111 km ESE of Kimbe, Papua New Guinea",earthquake,,8.1,,7.0,reviewed,us,us
1983-08-23T12:12:17.010Z,24.554,95.128,125.2,5.1,mb,,,,1.0,us,usp0001xw6,2025-12-19T20:58:57.175Z,"107 km E of W?ngjing, India",earthquake,,,,61.0,reviewed,us,us
1983-08-23T17:36:07.600Z,14.254,-91.621,150.0,4.6,mb,,,,1.1,us,usp0001xw7,2014-11-07T00:33:39.803Z,"28 km SSW of San Lorenzo, Guatemala",earthquake,,8.5,,6.0,reviewed,us,us
1983-08-23T18:11:54.470Z,-6.996,68.021,10.0,4.9,mb,,,,1.1,us,usp0001xw9,2014-11-07T00:33:39.809Z,Chagos Archipelago region,earthquake,,,,27.0,reviewed,us,us
1983-08-23T23:39:40.350Z,-5.884,151.033,46.4,5.8,ms,,,,1.1,us,usp0001xwk,2025-12-19T21:28:50.969Z,"105 km ESE of Kimbe, Papua New Guinea",earthquake,,2.4,,16.0,reviewed,us,us
1983-08-24T01:04:55.260Z,36.355,71.012,33.0,4.5,mb,,,,0.6,us,usp0001xwm,2014-11-07T00:33:40.003Z,"58 km SSE of Jurm, Afghanistan",earthquake,,,,5.0,reviewed,us,us
1983-08-24T05:02:24.560Z,46.945,-27.485,10.0,4.5,mb,,,,1.0,us,usp0001xwq,2014-11-07T00:33:40.007Z,northern Mid-Atlantic Ridge,earthquake,,,,27.0,reviewed,us,us
1983-08-24T07:03:58.640Z,6.436,126.748,33.0,4.6,mb,,,,1.2,us,usp0001xws,2014-11-07T00:33:40.012Z,"63 km E of Pondaguitan, Philippines",earthquake,,,,1.0,reviewed,us,us
1983-08-24T08:41:22.210Z,-6.486,131.564,33.0,4.5,mb,,,,1.4,us,usp0001xwu,2014-11-07T00:33:40.015Z,"162 km SW of Tual, Indonesia",earthquake,,,,1.0,reviewed,us,us
1983-08-24T13:36:28.830Z,40.372,-124.9245,11.188,5.5,ml,41.0,257.0,0.4604,0.14,nc,nc1100970,2025-12-19T21:28:51.666Z,"60 km WSW of Ferndale, California",earthquake,1.65,2.18,,0.0,reviewed,nc,nc
1983-08-24T13:41:37.370Z,35.521,101.851,33.0,4.5,mb,,,,1.5,us,usp0001xwx,2026-01-07T19:38:12.102Z,"122 km S of Xining, China",earthquake,,,,5.0,reviewed,us,us
1983-08-24T18:28:09.660Z,12.261,58.243,10.0,4.9,mb,,,,0.8,us,usp0001xx2,2014-11-07T00:33:40.045Z,Owen Fracture Zone region,earthquake,,,,3.0,reviewed,us,us
1983-08-24T19:14:24.600Z,-23.571,-66.628,224.0,4.7,mb,,,,1.4,us,usp0001xx3,2014-11-07T00:33:40.046Z,"78 km NNW of San Antonio de los Cobres, Argentina",earthquake,,4.5,,5.0,reviewed,us,us
1983-08-24T20:19:51.210Z,3.654,122.286,618.7,4.8,mb,,,,1.0,us,usp0001xx6,2014-11-07T00:33:40.056Z,"256 km SE of Latung, Philippines",earthquake,,6.0,,10.0,reviewed,us,us
1983-08-24T20:32:21.950Z,40.822,141.579,123.3,4.5,mb,,,,0.9,us,usp0001xx7,2014-11-07T00:33:40.058Z,"21 km NE of Misawa, Japan",earthquake,,2.7,,12.0,reviewed,us,us
1983-08-25T00:12:58.100Z,-5.417,150.93,113.1,5.1,mb,,,,1.0,us,usp0001xx9,2014-11-07T00:33:40.062Z,"89 km E of Kimbe, Papua New Guinea",earthquake,,3.0,,12.0,reviewed,us,us
1983-08-25T01:33:12.110Z,-49.008,31.058,10.0,4.8,mb,,,,1.0,us,usp0001xxb,2014-11-07T00:33:40.069Z,south of Africa,earthquake,,,,4.0,reviewed,us,us
1983-08-25T05:40:33.110Z,-6.373,154.16,86.2,4.9,mb,,,,1.3,us,usp0001xxd,2014-11-07T00:33:40.074Z,"Bougainville region, Papua New Guinea",earthquake,,8.1,,6.0,reviewed,us,us
1983-08-25T06:20:19.430Z,44.213,149.729,33.0,4.7,mb,,,,1.0,us,usp0001xxe,2014-11-07T00:33:40.076Z,"184 km SE of Kuril’sk, Russia",earthquake,,,,5.0,reviewed,us,us
1983-08-25T07:03:08.220Z,-5.946,151.014,47.9,5.3,mb,,,,0.9,us,usp0001xxf,2025-12-19T21:28:52.409Z,"106 km ESE of Kimbe, Papua New Guinea",earthquake,,4.0,,19.0,reviewed,us,us
1983-08-25T11:05:31.070Z,39.17,74.008,33.0,5.0,mb,,,,1.0,us,usp0001xxm,2025-12-19T21:28:53.227Z,"111 km N of Murghob, Tajikistan",earthquake,,,,44.0,reviewed,us,us
1983-08-25T12:08:17.640Z,2.346,128.337,76.2,4.8,mb,,,,1.0,us,usp0001xxq,2014-11-07T00:33:40.106Z,"77 km NNE of Tobelo, Indonesia",earthquake,,9.6,,6.0,reviewed,us,us
1983-08-25T15:48:21.410Z,30.737,137.624,482.0,4.6,mb,,,,1.0,us,usp0001xxr,2014-11-07T00:33:40.109Z,"Izu Islands, Japan region",earthquake,,5.2,,12.0,reviewed,us,us
1983-08-25T20:23:33.320Z,33.509,131.484,126.4,6.5,mw,,,,1.1,us,usp0001xxv,2022-04-27T23:53:34.888Z,"6 km SE of Bungo-Takada-shi, Japan",earthquake,,1.0,,,reviewed,us,nc
1983-08-25T23:14:04.790Z,-22.317,-68.758,126.6,4.8,mb,,,,1.4,us,usp0001xxy,2014-11-07T00:33:40.190Z,"Antofagasta, Chile",earthquake,,6.3,,2.0,reviewed,us,us
1983-08-25T23:57:05.610Z,45.663,26.535,130.8,4.6,mb,,,,0.9,us,usp0001xy0,2014-11-07T00:33:40.194Z,"13 km WSW of Nereju Mic, Romania",earthquake,,2.7,,1.0,reviewed,us,us
1983-08-26T00:09:43.390Z,10.532,-84.226,131.8,4.7,mb,,,,0.8,us,usp0001xy1,2014-11-07T00:33:40.198Z,"10 km NNE of Pital, Costa Rica",earthquake,,4.7,,45.0,reviewed,us,us
1983-08-26T02:34:34.320Z,-2.805,139.059,72.3,5.3,mb,,,,1.1,us,usp0001xy3,2022-04-27T23:53:36.170Z,"176 km W of Abepura, Indonesia",earthquake,,4.1,,23.0,reviewed,us,us
1983-08-26T08:18:19.610Z,3.742,126.447,88.2,4.8,mb,,,,1.2,us,usp0001xy9,2014-11-07T00:33:40.226Z,"213 km SSE of Sarangani, Philippines",earthquake,,6.8,,10.0,reviewed,us,us
1983-08-26T12:52:09.820Z,40.507,23.921,14.3,4.7,mb,,,,1.2,us,usp0001xyc,2025-12-19T21:28:54.019Z,"8 km E of Stratónion, Greece",earthquake,,1.2,,54.0,reviewed,us,us
1983-08-26T18:20:32.370Z,-20.684,169.598,103.9,5.4,mb,,,,1.2,us,usp0001xyf,2022-04-27T23:53:38.481Z,"130 km SSE of Isangel, Vanuatu",earthquake,,4.3,,14.0,reviewed,us,us
1983-08-26T21:40:38.030Z,2.33,127.382,86.2,4.5,mb,,,,1.2,us,usp0001xyk,2014-11-07T00:33:40.281Z,"96 km NW of Tobelo, Indonesia",earthquake,,10.9,,3.0,reviewed,us,us
1983-08-27T04:14:27.490Z,-20.826,-178.682,617.6,4.8,mb,,,,0.7,us,usp0001xyv,2014-11-07T00:33:40.294Z,Fiji region,earthquake,,2.4,,16.0,reviewed,us,us
1983-08-27T05:04:06.490Z,-5.768,153.122,33.0,4.9,mb,,,,0.9,us,usp0001xyx,2014-11-07T00:33:40.303Z,"183 km SSE of Kokopo, Papua New Guinea",earthquake,,,,1.0,reviewed,us,us
1983-08-27T05:04:51.750Z,39.201,64.421,33.0,4.6,mb,,,,0.8,us,usp0001xyy,2014-11-07T00:33:40.304Z,"46 km SW of Qorovulbozor, Uzbekistan",earthquake,,,,24.0,reviewed,us,us
1983-08-27T11:06:28.440Z,13.787,-90.963,33.0,4.6,mb,,,,1.2,us,usp0001xz1,2014-11-07T00:33:40.310Z,"21 km SW of Puerto San José, Guatemala",earthquake,,,,8.0,reviewed,us,us
1983-08-27T11:50:28.710Z,8.191,125.973,43.9,5.2,mb,,,,1.3,us,usp0001xz2,2026-01-07T19:38:13.050Z,"3 km NW of Bunawan, Philippines",earthquake,,3.6,,21.0,reviewed,us,us
1983-08-27T12:31:40.080Z,85.384,91.386,10.0,4.8,mb,,,,1.3,us,usp0001xz4,2026-01-07T19:38:14.318Z,north of Severnaya Zemlya,earthquake,,,,24.0,reviewed,us,us
1983-08-27T14:38:04.700Z,-7.091,129.93,164.0,4.6,mb,,,,1.6,us,usp0001xz7,2014-11-07T00:33:40.330Z,"Kepulauan Babar, Indonesia",earthquake,,12.0,,5.0,reviewed,us,us
1983-08-27T15:58:52.740Z,-6.673,151.384,33.0,4.7,mb,,,,1.4,us,usp0001xz9,2014-11-07T00:33:40.334Z,"185 km SE of Kimbe, Papua New Guinea",earthquake,,,,1.0,reviewed,us,us
1983-08-27T18:49:48.430Z,8.171,125.946,20.5,6.0,ms,,,,1.3,us,usp0001xzd,2025-12-19T21:28:54.750Z,"4 km W of Bunawan, Philippines",earthquake,,,,17.0,reviewed,us,us
1983-08-28T03:43:48.290Z,-32.525,-71.478,61.7,4.7,mb,,,,1.0,us,usp0001xzs,2014-11-07T00:33:40.384Z,"24 km WSW of La Ligua, Chile",earthquake,,5.0,,5.0,reviewed,us,us
1983-08-28T05:25:14.530Z,39.29,54.792,33.0,4.6,mb,,,,0.7,us,usp0001xzw,2014-11-07T00:33:40.393Z,"19 km ENE of Gumdag, Turkmenistan",earthquake,,,,2.0,reviewed,us,us
1983-08-28T11:30:14.590Z,46.177,151.514,74.9,5.5,mb,,,,0.8,us,usp0001y03,2025-12-19T21:28:55.613Z,Kuril Islands,earthquake,,,,83.0,reviewed,us,us
1983-08-28T12:05:07.060Z,53.497,-163.755,33.0,4.9,mb,,,,1.0,us,usp0001y05,2014-11-07T00:33:40.447Z,"150 km ESE of Akutan, Alaska",earthquake,,,,9.0,reviewed,us,us
1983-08-28T13:10:19.980Z,28.101,-112.199,10.0,4.8,mb,,,,1.1,us,usp0001y09,2014-11-07T00:33:40.455Z,"83 km SSW of Bahía de Kino, Mexico",earthquake,,,,3.0,reviewed,us,us
1983-08-28T13:19:33.390Z,45.13,148.706,33.0,5.1,mb,,,,0.5,us,usp0001y0b,2014-11-07T00:33:40.458Z,"65 km E of Kuril’sk, Russia",earthquake,,,,10.0,reviewed,us,us
1983-08-29T05:19:24.880Z,-3.448,148.799,33.0,5.8,ms,,,,1.3,us,usp0001y0q,2025-12-19T21:28:56.412Z,"230 km SE of Lorengau, Papua New Guinea",earthquake,,,,10.0,reviewed,us,us
1983-08-29T06:25:11.560Z,28.311,-112.287,10.0,4.7,mb,,,,1.1,us,usp0001y0t,2014-11-07T00:33:40.491Z,"66 km SSW of Bahía de Kino, Mexico",earthquake,,,,10.0,reviewed,us,us
1983-08-29T08:24:24.360Z,6.788,-73.004,164.7,5.0,mb,,,,1.0,us,usp0001y0w,2025-12-19T21:28:57.160Z,"4 km NW of Cepitá, Colombia",earthquake,,2.0,,57.0,reviewed,us,us
1983-08-29T10:10:30.830Z,35.83,-121.3555,9.638,5.2,ml,105.0,180.0,0.06667,0.19,nc,nc1101424,2022-04-27T23:53:42.164Z,"25 km NW of San Simeon, California",earthquake,0.37,0.3,,0.0,reviewed,nc,nc
1983-08-29T10:10:32.070Z,50.397,156.663,60.5,4.9,mb,,,,0.9,us,usp0001y0y,2014-11-07T00:33:40.518Z,"49 km SE of Severo-Kuril’sk, Russia",earthquake,,,,22.0,reviewed,us,us
1983-08-29T11:55:31.540Z,6.13,125.382,107.4,4.7,mb,,,,1.5,us,usp0001y14,2014-11-07T00:33:40.532Z,"7 km N of Suyan, Philippines",earthquake,,11.0,,1.0,reviewed,us,us
1983-08-29T14:00:29.950Z,55.736,161.295,33.0,4.5,mb,,,,1.2,us,usp0001y16,2014-11-07T00:33:40.535Z,"70 km SSE of Klyuchi, Russia",earthquake,,,,4.0,reviewed,us,us
1983-08-29T15:36:14.960Z,9.561,126.314,62.9,5.3,mb,,,,1.0,us,usp0001y1c,2026-01-07T19:38:15.462Z,"31 km SE of Union, Philippines",earthquake,,3.7,,27.0,reviewed,us,us
1983-08-29T15:55:30.970Z,-65.168,179.29,10.0,5.0,mb,,,,1.4,us,usp0001y1d,2014-11-07T00:33:40.555Z,Balleny Islands region,earthquake,,,,3.0,reviewed,us,us
1983-08-29T16:56:14.410Z,-30.667,-71.141,75.4,5.1,mb,,,,1.0,us,usp0001y1e,2014-11-07T00:33:40.557Z,"9 km SE of Ovalle, Chile",earthquake,,3.6,,10.0,reviewed,us,us
1983-08-30T03:28:24.170Z,3.181,128.469,33.0,4.8,mb,,,,0.7,us,usp0001y1p,2014-11-07T00:33:40.577Z,"168 km NNE of Tobelo, Indonesia",earthquake,,,,3.0,reviewed,us,us
1983-08-30T05:57:01.030Z,-6.358,130.492,132.7,5.0,mb,,,,1.1,us,usp0001y1r,2014-11-07T00:33:40.579Z,"262 km WSW of Tual, Indonesia",earthquake,,5.9,,20.0,reviewed,us,us
1983-08-30T08:50:17.180Z,-16.708,-172.082,38.7,6.1,mw,,,,1.1,us,usp0001y1u,2025-12-19T21:28:57.858Z,"201 km ESE of Hihifo, Tonga",earthquake,,,,,reviewed,us,nc
1983-08-30T08:50:33.910Z,-30.164,-110.911,10.0,4.8,mb,,,,0.9,us,usp0001y1v,2014-11-07T00:33:40.616Z,Easter Island region,earthquake,,,,2.0,reviewed,us,us
1983-08-30T10:39:27.360Z,25.092,94.711,62.8,5.6,mb,,,,1.0,us,usp0001y1y,2025-12-19T21:28:58.624Z,"67 km SSE of Phek, India",earthquake,,,,82.0,reviewed,us,us
1983-08-30T18:03:02.100Z,-56.304,-26.48,33.0,5.3,mb,,,,0.9,us,usp0001y22,2014-11-07T00:33:40.668Z,South Sandwich Islands region,earthquake,,,,4.0,reviewed,us,us
1983-08-30T22:15:58.020Z,-9.273,158.654,58.2,4.7,mb,,,,1.0,us,usp0001y25,2014-11-07T00:33:40.673Z,"125 km WNW of Malango, Solomon Islands",earthquake,,5.8,,9.0,reviewed,us,us
1983-08-30T23:20:51.980Z,34.483,139.394,33.0,4.7,mb,,,,1.1,us,usp0001y28,2025-12-19T21:28:59.316Z,"46 km ESE of Shimoda, Japan",earthquake,,,,3.0,reviewed,us,us
1983-08-31T01:05:35.990Z,-4.354,105.461,504.2,4.6,mb,,,,1.1,us,usp0001y2b,2014-11-07T00:33:40.693Z,"64 km NNE of Terbanggi Besar, Indonesia",earthquake,,10.2,,2.0,reviewed,us,us
1983-08-31T01:35:49.890Z,34.449,139.415,27.7,4.5,mb,,,,1.1,us,usp0001y2d,2014-11-07T00:33:40.695Z,"50 km ESE of Shimoda, Japan",earthquake,,2.6,,2.0,reviewed,us,us
1983-08-31T08:50:37.290Z,-29.567,-111.842,10.0,5.3,mb,,,,1.2,us,usp0001y2k,2025-12-19T21:29:00.191Z,Easter Island region,earthquake,,,,11.0,reviewed,us,us
1983-08-31T10:35:05.040Z,24.347,-109.265,10.0,4.9,mb,,,,1.3,us,usp0001y2n,2014-11-07T00:33:40.710Z,"85 km NNE of Los Barriles, Mexico",earthquake,,,,9.0,reviewed,us,us
1983-08-31T11:26:03.620Z,-34.311,-179.085,100.0,4.8,mb,,,,1.3,us,usp0001y2p,2014-11-07T00:33:40.712Z,south of the Kermadec Islands,earthquake,,15.3,,3.0,reviewed,us,us
1983-08-31T17:30:43.570Z,12.669,40.613,10.0,4.8,mb,,,,1.0,us,usp0001y2w,2022-04-27T23:53:45.691Z,"105 km NNW of Semera, Ethiopia",earthquake,,,,5.0,reviewed,us,us
1983-08-31T19:42:00.570Z,16.464,145.008,109.0,4.7,mb,,,,1.0,us,usp0001y2y,2014-11-07T00:33:40.731Z,"159 km NNW of Saipan, Northern Mariana Islands",earthquake,,9.0,,5.0,reviewed,us,us
1983-08-31T22:20:07.490Z,53.505,-163.605,33.0,5.1,mb,,,,1.0,us,usp0001y30,2026-01-07T19:38:17.486Z,"150 km S of False Pass, Alaska",earthquake,,,,53.0,reviewed,us,us
1983-09-01T02:04:04.670Z,-7.378,106.418,67.9,4.6,mb,,,,1.1,us,usp0001y34,2014-11-07T00:33:42.033Z,"45 km SSW of Pelabuhanratu, Indonesia",earthquake,,9.8,,4.0,reviewed,us,us
1983-09-01T08:15:58.400Z,75.907,7.087,10.0,4.7,mb,,,,1.1,us,usp0001y3b,2014-11-07T00:33:42.637Z,Greenland Sea,earthquake,,,,30.0,reviewed,us,us
1983-09-01T08:16:01.540Z,-19.76,-178.031,461.0,4.7,mb,,,,0.8,us,usp0001y3c,2014-11-07T00:33:42.701Z,Fiji region,earthquake,,5.8,,4.0,reviewed,us,us
1983-09-01T08:23:51.120Z,3.68,63.891,10.0,4.7,mb,,,,1.1,us,usp0001y3d,2014-11-07T00:33:42.715Z,Carlsberg Ridge,earthquake,,,,2.0,reviewed,us,us
1983-09-01T08:50:32.340Z,-29.895,-112.107,10.0,5.2,ms,,,,1.1,us,usp0001y3g,2014-11-07T00:33:42.745Z,Easter Island region,earthquake,,,,3.0,reviewed,us,us
1983-09-01T08:55:25.630Z,-8.091,128.975,33.0,4.9,mb,,,,1.3,us,usp0001y3h,2014-11-07T00:33:42.779Z,"222 km ENE of Lospalos, Timor Leste",earthquake,,,,5.0,reviewed,us,us
1983-09-01T14:00:00.080Z,37.273,-116.355,0.0,5.4,mb,,,,,us,usp0001y3m,2016-04-02T12:39:58.488Z,"54 km NE of Beatty, Nevada",nuclear explosion,,,,56.0,reviewed,doe,us
1983-09-01T17:59:29.080Z,-52.484,25.838,10.0,5.8,ms,,,,1.3,us,usp0001y3q,2025-12-19T21:27:49.585Z,south of Africa,earthquake,,,,4.0,reviewed,us,us
1983-09-01T18:18:07.980Z,-29.405,-111.905,10.0,5.5,ms,,,,1.2,us,usp0001y3r,2025-12-19T21:27:50.301Z,Easter Island region,earthquake,,,,5.0,reviewed,us,us
1983-09-01T19:24:22.120Z,-8.783,-79.652,33.0,4.7,mb,,,,1.3,us,usp0001y3s,2014-11-07T00:33:43.121Z,"96 km SW of Salaverry, Peru",earthquake,,,,1.0,reviewed,us,us
1983-09-01T20:01:47.080Z,-17.33,-69.932,105.3,5.9,mw,,,,1.0,us,usp0001y3t,2022-04-27T23:49:39.872Z,"12 km ESE of Chuquitira, Peru",earthquake,,,,,reviewed,us,nc
1983-09-01T22:47:30.520Z,-23.999,-179.787,510.3,5.1,mb,,,,1.0,us,usp0001y3u,2014-11-07T00:33:43.394Z,south of the Fiji Islands,earthquake,,7.1,,7.0,reviewed,us,us
1983-09-02T03:05:47.500Z,36.619,140.972,61.2,5.1,mb,,,,0.9,us,usp0001y3w,2026-01-07T19:36:20.608Z,"25 km ESE of Takahagi, Japan",earthquake,,1.7,,31.0,reviewed,us,us
1983-09-02T04:09:39.820Z,52.34,-175.491,114.8,4.7,mb,,,,1.0,us,usp0001y3x,2014-11-07T00:33:43.548Z,"89 km W of Atka, Alaska",earthquake,,4.0,,22.0,reviewed,us,us
1983-09-02T05:30:36.350Z,37.577,20.707,10.0,4.9,mb,,,,1.3,us,usp0001y3z,2014-11-07T00:33:43.713Z,"19 km SW of Lithakiá, Greece",earthquake,,,,14.0,reviewed,us,us
1983-09-02T11:19:04.700Z,47.534,152.985,127.0,4.7,mb,,,,0.8,us,usp0001y41,2014-11-07T00:33:43.778Z,Kuril Islands,earthquake,,35.1,,13.0,reviewed,us,us
1983-09-02T18:41:23.000Z,18.34,120.61,33.0,4.7,mb,,,,0.8,us,usp0001y43,2014-11-07T00:33:43.795Z,"1 km NW of Pasuquin, Philippines",earthquake,,,,6.0,reviewed,us,us
1983-09-02T20:43:06.710Z,43.252,20.875,13.0,4.6,mb,,,,1.1,us,usp0001y45,2014-11-07T00:33:43.815Z,"17 km NNE of Leposaviq, Kosovo",earthquake,,1.8,,11.0,reviewed,us,us
1983-09-03T00:37:36.560Z,-6.835,129.609,176.5,4.6,mb,,,,1.2,us,usp0001y46,2014-11-07T00:33:43.861Z,Banda Sea,earthquake,,8.8,,5.0,reviewed,us,us
1983-09-03T02:52:17.060Z,-21.247,-177.715,430.8,4.9,mb,,,,1.1,us,usp0001y47,2014-11-07T00:33:43.868Z,"259 km W of Haveluloto, Tonga",earthquake,,7.7,,8.0,reviewed,us,us
1983-09-03T03:28:07.790Z,39.103,25.534,10.0,4.5,mb,,,,0.9,us,usp0001y49,2014-11-07T00:33:43.887Z,"35 km WSW of Eresós, Greece",earthquake,,,,8.0,reviewed,us,us
1983-09-03T08:01:10.290Z,-17.474,-178.863,558.5,4.7,mb,,,,0.9,us,usp0001y4b,2014-11-07T00:33:43.935Z,"203 km ENE of Levuka, Fiji",earthquake,,3.1,,6.0,reviewed,us,us
1983-09-03T10:21:24.910Z,-15.386,41.385,10.0,5.4,mb,,,,1.2,us,usp0001y4c,2025-12-19T21:27:51.081Z,"79 km ESE of Mozambique, Mozambique",earthquake,,,,27.0,reviewed,us,us
1983-09-03T11:09:12.900Z,-4.634,152.915,71.4,4.9,mb,,,,1.0,us,usp0001y4d,2014-11-07T00:33:43.991Z,"78 km ESE of Kokopo, Papua New Guinea",earthquake,,4.9,,11.0,reviewed,us,us
1983-09-03T14:55:17.440Z,-31.472,-176.848,33.0,5.3,mb,,,,1.4,us,usp0001y4e,2014-11-07T00:33:44.010Z,Kermadec Islands region,earthquake,,,,3.0,reviewed,us,us
1983-09-03T16:26:00.080Z,-0.558,133.019,61.6,5.3,mb,,,,1.1,us,usp0001y4g,2020-04-16T20:02:41.604Z,"121 km WNW of Manokwari, Indonesia",earthquake,,6.5,,11.0,reviewed,us,us
1983-09-03T22:34:59.140Z,-8.135,121.067,200.5,5.1,mb,,,,1.2,us,usp0001y4j,2014-11-07T00:33:44.049Z,"Flores region, Indonesia",earthquake,,7.4,,12.0,reviewed,us,us
1983-09-04T00:35:30.900Z,2.363,126.004,97.2,4.9,mb,,,,0.6,us,usp0001y4k,2014-11-07T00:33:44.067Z,"149 km NE of Laikit, Laikit II (Dimembe), Indonesia",earthquake,,2.9,,9.0,reviewed,us,us
1983-09-04T01:45:10.970Z,-23.695,-179.783,558.3,4.7,mb,,,,1.0,us,usp0001y4n,2014-11-07T00:33:44.153Z,south of the Fiji Islands,earthquake,,11.6,,1.0,reviewed,us,us
1983-09-04T03:16:58.210Z,-7.513,128.129,157.9,4.8,mb,,,,1.1,us,usp0001y4p,2014-11-07T00:33:44.163Z,"Kepulauan Barat Daya, Indonesia",earthquake,,6.9,,6.0,reviewed,us,us
1983-09-04T12:30:28.640Z,43.514,142.219,149.7,4.8,mb,,,,0.3,us,usp0001y4t,2014-11-07T00:33:44.261Z,"2 km E of Ashibetsu, Japan",earthquake,,15.8,,4.0,reviewed,us,us
1983-09-04T13:53:55.150Z,-6.012,130.233,82.9,4.5,mb,,,,0.3,us,usp0001y4v,2014-11-07T00:33:44.305Z,"282 km W of Tual, Indonesia",earthquake,,4.7,,4.0,reviewed,us,us
1983-09-04T15:09:00.650Z,-5.319,131.534,33.0,4.5,mb,,,,0.9,us,usp0001y4w,2014-11-07T00:33:44.310Z,"139 km WNW of Tual, Indonesia",earthquake,,,,5.0,reviewed,us,us
1983-09-04T17:16:48.620Z,-26.764,-70.945,57.4,4.9,mb,,,,1.3,us,usp0001y4y,2014-11-07T00:33:44.319Z,"90 km NW of Copiapó, Chile",earthquake,,5.6,,3.0,reviewed,us,us
1983-09-04T20:52:59.590Z,-20.998,169.801,111.8,5.5,mb,,,,1.0,us,usp0001y50,2024-01-17T20:44:18.557Z,"170 km SSE of Isangel, Vanuatu",earthquake,,2.2,,33.0,reviewed,us,us
1983-09-05T00:33:32.440Z,-29.224,24.776,5.0,4.7,mb,,,,1.5,us,usp0001y52,2020-08-26T22:54:08.454Z,South Africa,earthquake,,,,2.0,reviewed,us,us
1983-09-05T03:40:37.630Z,12.237,144.081,60.1,4.9,mb,,,,1.1,us,usp0001y53,2014-11-07T00:33:44.770Z,Guam region,earthquake,,9.0,,6.0,reviewed,us,us
1983-09-05T04:13:57.230Z,-50.435,-6.621,10.0,4.7,mb,,,,0.8,us,usp0001y54,2014-11-07T00:33:44.869Z,southern Mid-Atlantic Ridge,earthquake,,,,3.0,reviewed,us,us
1983-09-05T15:24:59.660Z,-21.9,-173.819,25.0,5.18,mw,,,,,iscgem,iscgem567887,2025-12-19T21:27:51.763Z,"133 km ESE of ‘Ohonua, Tonga",earthquake,,22.8,0.2,,reviewed,iscgem,iscgem
1983-09-05T15:49:56.330Z,-61.162,-53.82,10.0,4.5,mb,,,,1.1,us,usp0001y5b,2014-11-07T00:33:44.935Z,South Shetland Islands,earthquake,,,,1.0,reviewed,us,us
1983-09-05T19:56:37.640Z,-35.11,-71.148,99.7,4.9,mb,,,,1.3,us,usp0001y5c,2014-11-07T00:33:44.939Z,"12 km E of Molina, Chile",earthquake,,5.1,,4.0,reviewed,us,us
1983-09-06T01:05:58.760Z,-9.305,158.655,37.7,5.5,mb,,,,1.1,us,usp0001y5f,2025-12-19T20:58:50.973Z,"124 km WNW of Malango, Solomon Islands",earthquake,,,,30.0,reviewed,us,us
1983-09-06T03:56:07.810Z,52.46,-170.641,61.9,4.8,mb,,,,1.1,us,usp0001y5m,2014-11-07T00:33:45.006Z,"131 km WSW of Nikolski, Alaska",earthquake,,5.9,,8.0,reviewed,us,us
1983-09-06T04:01:53.120Z,54.086,-164.111,49.3,5.1,mb,,,,1.0,us,usp0001y5n,2014-11-07T00:33:45.012Z,"96 km SSW of False Pass, Alaska",earthquake,,3.9,,25.0,reviewed,us,us
1983-09-06T07:37:20.040Z,38.207,141.834,60.1,5.3,mb,,,,1.0,us,usp0001y5q,2026-01-07T19:36:21.346Z,"52 km ESE of Ishinomaki, Japan",earthquake,,2.2,,39.0,reviewed,us,us
1983-09-06T08:18:59.030Z,45.676,150.741,33.0,4.8,mb,,,,1.0,us,usp0001y5r,2014-11-07T00:33:45.080Z,"229 km ENE of Kuril’sk, Russia",earthquake,,,,9.0,reviewed,us,us
1983-09-06T08:58:45.100Z,-7.576,120.27,606.3,5.1,mb,,,,0.9,us,usp0001y5s,2014-11-07T00:33:45.085Z,"110 km NNE of Labuan Bajo, Indonesia",earthquake,,3.7,,10.0,reviewed,us,us
1983-09-06T09:40:44.750Z,39.537,77.439,33.0,4.6,mb,,,,1.1,us,usp0001y5t,2014-11-07T00:33:45.095Z,"124 km E of Kashgar, China",earthquake,,,,7.0,reviewed,us,us
1983-09-07T00:57:34.310Z,-17.033,-14.174,10.0,5.1,mb,,,,1.0,us,usp0001y63,2014-11-07T00:33:45.251Z,southern Mid-Atlantic Ridge,earthquake,,,,24.0,reviewed,us,us
1983-09-07T13:23:18.440Z,8.263,-37.973,10.0,5.0,mb,,,,0.8,us,usp0001y6b,2014-11-07T00:33:45.376Z,central Mid-Atlantic Ridge,earthquake,,,,4.0,reviewed,us,us
1983-09-07T15:23:10.110Z,-20.178,-178.725,496.0,4.5,mb,,,,1.0,us,usp0001y6c,2014-11-07T00:33:45.406Z,Fiji region,earthquake,,6.7,,6.0,reviewed,us,us
1983-09-07T19:22:05.150Z,60.976,-147.5,45.0,6.4,mw,,,,0.9,us,usp0001y6d,2025-12-19T21:27:52.478Z,"46 km WNW of Tatitlek, Alaska",earthquake,,1.3,,,reviewed,us,nc
1983-09-07T22:22:10.500Z,60.993,-147.518,46.2,5.0,mb,,,,1.0,us,usp0001y6f,2014-11-07T00:33:45.685Z,"47 km WNW of Tatitlek, Alaska",earthquake,,2.6,,41.0,reviewed,us,us
1983-09-07T23:11:57.960Z,24.032,122.327,33.0,5.7,ms,,,,0.9,us,usp0001y6j,2025-12-19T21:27:53.243Z,"73 km E of Hualien City, Taiwan",earthquake,,,,1.0,reviewed,us,us
1983-09-08T20:36:12.870Z,0.175,-16.961,10.0,5.0,mb,,,,0.9,us,usp0001y73,2025-12-19T21:27:54.169Z,north of Ascension Island,earthquake,,,,29.0,reviewed,us,us
1983-09-08T22:04:50.960Z,37.503,20.904,10.0,5.1,mb,,,,1.3,us,usp0001y74,2026-01-07T19:36:22.205Z,"24 km SSE of Lithakiá, Greece",earthquake,,,,52.0,reviewed,us,us
1983-09-08T23:58:44.930Z,36.446,141.788,39.2,4.7,mb,,,,0.8,us,usp0001y76,2014-11-07T00:33:45.980Z,"100 km ESE of Kitaibaraki, Japan",earthquake,,7.2,,6.0,reviewed,us,us
1983-09-09T01:23:53.640Z,3.993,-82.54,10.0,5.1,mb,,,,1.1,us,usp0001y7a,2014-11-07T00:33:46.000Z,south of Panama,earthquake,,,,28.0,reviewed,us,us
1983-09-09T03:40:06.450Z,71.309,-12.93,10.0,4.7,mb,,,,1.0,us,usp0001y7e,2014-11-07T00:33:46.026Z,"158 km WNW of Olonkinbyen, Svalbard and Jan Mayen",earthquake,,,,10.0,reviewed,us,us
1983-09-09T04:09:16.410Z,37.55,20.795,10.0,4.7,mb,,,,1.4,us,usp0001y7f,2014-11-07T00:33:46.033Z,"19 km S of Lithakiá, Greece",earthquake,,,,7.0,reviewed,us,us
1983-09-09T08:22:46.850Z,0.727,-28.595,10.0,4.9,mb,,,,1.3,us,usp0001y7k,2014-11-07T00:33:46.063Z,central Mid-Atlantic Ridge,earthquake,,,,12.0,reviewed,us,us
1983-09-09T08:23:37.550Z,8.48,126.925,66.9,5.1,mb,,,,1.3,us,usp0001y7m,2026-01-07T19:36:23.229Z,"64 km ENE of Barcelona, Philippines",earthquake,,6.7,,13.0,reviewed,us,us
1983-09-09T08:38:53.250Z,3.794,-82.707,10.0,4.7,mb,,,,1.4,us,usp0001y7n,2014-11-07T00:33:46.089Z,south of Panama,earthquake,,,,8.0,reviewed,us,us
1983-09-09T09:16:13.510Z,36.2198333,-120.2796667,6.887,5.47,md,53.0,125.0,0.05946,0.05,nc,nc1102223,2026-01-07T19:36:24.202Z,"11 km NE of Coalinga, California",earthquake,0.17,0.27,0.35,21.0,reviewed,nc,nc
1983-09-09T10:29:56.720Z,11.652,-87.15,72.1,4.9,mb,,,,1.0,us,usp0001y7u,2014-11-07T00:33:46.125Z,"70 km WSW of Masachapa, Nicaragua",earthquake,,5.0,,19.0,reviewed,us,us
1983-09-09T14:05:54.490Z,0.387,125.832,45.5,4.7,mb,,,,0.8,us,usp0001y7v,2014-11-07T00:33:46.138Z,"144 km SE of Tondano, Indonesia",earthquake,,5.4,,4.0,reviewed,us,us
1983-09-09T16:30:55.340Z,19.3268333,-155.1195,8.455,5.66,ml,49.0,105.0,,0.1,hv,hv19832451,2022-04-27T23:50:06.745Z,"15 km S of Fern Forest, Hawaii",earthquake,0.55,0.43,0.01,2.0,reviewed,hv,hv
1983-09-09T17:01:38.810Z,24.094,122.373,33.0,5.3,mb,,,,1.2,us,usp0001y7x,2025-12-19T21:27:54.891Z,"75 km WSW of Yonakuni, Japan",earthquake,,,,24.0,reviewed,us,us
1983-09-09T17:59:41.610Z,35.413,27.238,10.0,5.4,ms,,,,1.3,us,usp0001y7z,2026-01-07T19:36:24.916Z,"10 km SSE of Karpathos, Greece",earthquake,,,,1.0,reviewed,us,us
1983-09-10T01:36:46.320Z,-0.172,124.859,63.3,5.3,mb,,,,1.3,us,usp0001y84,2025-12-19T21:27:55.686Z,"163 km S of Tondano, Indonesia",earthquake,,,,26.0,reviewed,us,us
1983-09-10T02:47:30.430Z,-7.688,108.611,126.5,4.6,mb,,,,1.0,us,usp0001y85,2014-11-07T00:33:46.526Z,"30 km SW of Sidareja, Indonesia",earthquake,,7.1,,5.0,reviewed,us,us
1983-09-10T06:14:22.460Z,43.246,20.859,10.0,5.1,mb,,,,1.1,us,usp0001y86,2026-01-07T19:36:25.649Z,"16 km NNE of Leposaviq, Kosovo",earthquake,,,,33.0,reviewed,us,us
1983-09-10T08:57:33.670Z,18.689,-46.316,10.0,4.7,mb,,,,0.9,us,usp0001y88,2014-11-07T00:33:46.876Z,northern Mid-Atlantic Ridge,earthquake,,,,4.0,reviewed,us,us
1983-09-10T09:12:58.760Z,-18.049,-69.584,137.1,4.9,mb,,,,1.3,us,usp0001y8a,2014-11-07T00:33:46.890Z,"50 km SE of Palca, Peru",earthquake,,5.0,,4.0,reviewed,us,us
1983-09-10T09:38:27.340Z,26.115,128.612,27.0,5.1,mw,,,,,iscgem,iscgem568127,2025-12-19T21:27:56.550Z,"73 km SE of Taira, Japan",earthquake,,5.8,0.25,,reviewed,iscgem,iscgem
1983-09-10T10:43:47.310Z,6.38,125.922,147.0,5.0,mb,,,,1.0,us,usp0001y8b,2014-11-07T00:33:46.902Z,"23 km WSW of Tiblawan, Philippines",earthquake,,6.3,,11.0,reviewed,us,us
1983-09-10T12:51:40.130Z,-17.968,-178.447,638.6,4.7,mb,,,,0.9,us,usp0001y8d,2014-11-07T00:33:46.915Z,"237 km E of Levuka, Fiji",earthquake,,4.6,,10.0,reviewed,us,us
1983-09-10T15:25:00.570Z,35.602,140.643,59.9,5.0,mb,,,,1.1,us,usp0001y8g,2025-12-19T21:27:57.372Z,"12 km S of Asahi, Japan",earthquake,,2.7,,10.0,reviewed,us,us
1983-09-10T16:03:00.640Z,7.792,126.409,180.5,5.2,mb,,,,0.9,us,usp0001y8k,2014-11-07T00:33:46.964Z,"1 km NW of San Alfonso, Philippines",earthquake,,3.3,,27.0,reviewed,us,us
1983-09-10T19:32:46.470Z,47.302,153.158,57.9,4.9,mb,,,,0.8,us,usp0001y8r,2014-11-07T00:33:47.014Z,Kuril Islands,earthquake,,,,13.0,reviewed,us,us
1983-09-10T19:45:26.470Z,-57.302,-65.208,10.0,5.1,mb,,,,0.6,us,usp0001y8s,2014-11-07T00:33:47.026Z,Drake Passage,earthquake,,,,3.0,reviewed,us,us
1983-09-10T20:01:38.370Z,-39.301,47.151,10.0,4.9,mb,,,,0.9,us,usp0001y8t,2014-11-07T00:33:47.030Z,Southwest Indian Ridge,earthquake,,,,5.0,reviewed,us,us
1983-09-10T20:37:18.240Z,-11.737,166.198,72.2,5.0,mb,,,,1.1,us,usp0001y8u,2014-11-07T00:33:47.035Z,"120 km SSE of Lata, Solomon Islands",earthquake,,9.3,,4.0,reviewed,us,us
1983-09-11T00:56:45.390Z,-43.988,77.772,10.0,5.0,mb,,,,0.2,us,usp0001y8x,2014-11-07T00:33:47.047Z,Mid-Indian Ridge,earthquake,,,,4.0,reviewed,us,us
1983-09-11T01:15:25.020Z,18.202,146.153,84.8,4.8,mb,,,,0.9,us,usp0001y8y,2014-11-07T00:33:47.050Z,"Pagan region, Northern Mariana Islands",earthquake,,11.7,,3.0,reviewed,us,us
1983-09-11T03:08:45.410Z,2.734,-79.786,33.0,4.7,mb,,,,0.8,us,usp0001y90,2014-11-07T00:33:47.058Z,"146 km WNW of Salahonda, Colombia",earthquake,,,,7.0,reviewed,us,us
1983-09-11T06:33:10.420Z,49.878,78.183,0.0,4.8,mb,,,,0.9,us,usp0001y96,2015-06-16T17:24:51.405Z,"100 km SSW of Kurchatov, Kazakhstan",nuclear explosion,,,,14.0,reviewed,us,us
1983-09-11T07:10:21.540Z,-20.518,-71.567,22.0,4.8,mb,,,,1.5,us,usp0001y98,2014-11-07T00:33:47.116Z,"151 km WSW of Iquique, Chile",earthquake,,7.6,,8.0,reviewed,us,us
1983-09-11T11:34:20.460Z,-22.358,-179.701,604.6,4.6,mb,,,,1.3,us,usp0001y9a,2014-11-07T00:33:47.133Z,south of the Fiji Islands,earthquake,,14.5,,4.0,reviewed,us,us
1983-09-11T11:48:06.540Z,36.2371667,-120.3871667,9.345,4.76,md,52.0,40.0,0.03784,0.08,nc,nc1102488,2018-06-04T20:43:45.000Z,"11 km NNW of Coalinga, California",earthquake,0.16,0.32,0.23,100.0,reviewed,nc,nc
1983-09-11T13:29:58.420Z,8.938,126.461,68.3,5.0,mb,,,,1.2,us,usp0001y9d,2026-01-07T19:36:26.524Z,"17 km ENE of Aras-asan, Philippines",earthquake,,5.5,,17.0,reviewed,us,us
1983-09-11T13:50:59.780Z,52.187,-170.685,33.0,5.0,mb,,,,1.1,us,usp0001y9e,2026-01-07T19:36:27.279Z,"149 km SW of Nikolski, Alaska",earthquake,,,,22.0,reviewed,us,us
1983-09-11T16:52:51.340Z,-25.568,-177.326,159.1,5.2,mb,,,,1.2,us,usp0001y9k,2014-11-07T00:33:47.202Z,south of the Fiji Islands,earthquake,,,,14.0,reviewed,us,us
1983-09-11T17:02:04.520Z,0.111,123.761,164.5,4.5,mb,,,,1.0,us,usp0001y9m,2014-11-07T00:33:47.219Z,"90 km ESE of Gorontalo, Indonesia",earthquake,,5.0,,8.0,reviewed,us,us
1983-09-11T20:04:20.760Z,14.841,147.106,29.3,5.0,mb,,,,1.1,us,usp0001y9p,2026-01-07T19:36:28.146Z,"151 km ESE of Saipan, Northern Mariana Islands",earthquake,,4.0,,16.0,reviewed,us,us
1983-09-11T22:53:36.300Z,-5.771,132.332,33.0,4.5,mb,,,,0.9,us,usp0001y9t,2014-11-07T00:33:47.367Z,"49 km WSW of Tual, Indonesia",earthquake,,,,6.0,reviewed,us,us
1983-09-12T00:45:42.730Z,-5.426,131.512,33.0,5.0,mb,,,,1.5,us,usp0001y9v,2014-11-07T00:33:47.447Z,"139 km W of Tual, Indonesia",earthquake,,,,4.0,reviewed,us,us
1983-09-12T09:16:17.280Z,-5.494,151.895,58.3,4.8,mb,,,,1.1,us,usp0001ya2,2014-11-07T00:33:47.527Z,"133 km SSW of Kokopo, Papua New Guinea",earthquake,,5.9,,5.0,reviewed,us,us
1983-09-12T14:40:32.890Z,85.628,84.971,10.0,4.7,mb,,,,1.0,us,usp0001yaa,2014-11-07T00:33:47.672Z,north of Severnaya Zemlya,earthquake,,,,9.0,reviewed,us,us
1983-09-12T15:42:08.550Z,36.502,71.082,208.8,6.2,mw,,,,1.0,us,usp0001yac,2022-04-27T23:50:15.704Z,"45 km WSW of Ashk?sham, Afghanistan",earthquake,,,,,reviewed,us,nc
1983-09-13T02:03:27.110Z,7.529,126.625,46.5,5.6,mb,,,,1.2,us,usp0001yaj,2025-12-19T21:27:58.061Z,"8 km SE of Baganga, Philippines",earthquake,,2.2,,43.0,reviewed,us,us
1983-09-13T02:19:33.070Z,18.067,-100.585,75.0,5.3,mb,,,,1.1,us,usp0001yak,2014-11-07T00:33:48.022Z,"14 km SW of Ajuchitlán del Progreso, Mexico",earthquake,,3.6,,23.0,reviewed,us,us
1983-09-13T03:32:05.460Z,43.023,147.847,11.1,5.3,mb,,,,1.0,us,usp0001yap,2025-12-19T21:27:58.841Z,"125 km SE of Shikotan, Russia",earthquake,,2.6,,48.0,reviewed,us,us
1983-09-13T08:12:11.630Z,22.733,143.312,33.0,5.0,mb,,,,0.9,us,usp0001yaq,2014-11-07T00:33:48.056Z,"Volcano Islands, Japan region",earthquake,,,,4.0,reviewed,us,us
1983-09-13T14:59:36.680Z,40.322,143.107,41.2,5.0,mb,,,,1.1,us,usp0001yax,2026-01-07T19:36:29.300Z,"124 km NE of Miyako, Japan",earthquake,,3.4,,17.0,reviewed,us,us
1983-09-13T15:49:15.530Z,28.236,129.53,43.2,4.8,mb,,,,1.1,us,usp0001yay,2026-01-07T19:36:30.202Z,"15 km SSE of Naze, Japan",earthquake,,3.6,,11.0,reviewed,us,us
1983-09-13T16:06:55.100Z,-24.903,-70.133,57.2,5.2,mb,,,,1.3,us,usp0001yaz,2022-04-27T23:50:29.092Z,"66 km NNE of Taltal, Chile",earthquake,,5.2,,6.0,reviewed,us,us
1983-09-13T18:26:05.590Z,-10.661,163.915,33.0,5.1,mb,,,,1.1,us,usp0001yb0,2025-12-19T21:27:59.668Z,"206 km W of Lata, Solomon Islands",earthquake,,,,6.0,reviewed,us,us
1983-09-13T18:42:06.120Z,2.34,97.804,89.6,4.6,mb,,,,1.3,us,usp0001yb2,2014-11-07T00:33:48.098Z,"6 km NNE of Singkil, Indonesia",earthquake,,7.1,,10.0,reviewed,us,us
1983-09-13T19:14:07.190Z,26.43,142.443,33.0,4.5,mb,,,,0.7,us,usp0001yb4,2014-11-07T00:33:48.106Z,"Bonin Islands, Japan region",earthquake,,,,4.0,reviewed,us,us
1983-09-13T19:30:54.950Z,-24.013,-175.706,33.0,5.5,ms,,,,1.5,us,usp0001yb5,2025-12-19T21:28:00.384Z,south of Tonga,earthquake,,,,10.0,reviewed,us,us
1983-09-13T21:58:22.870Z,34.431,46.474,33.0,4.5,mb,,,,1.2,us,usp0001yb9,2014-11-07T00:33:48.128Z,"40 km S of Jav?nr?d, Iran",earthquake,,,,7.0,reviewed,us,us
1983-09-13T23:35:55.590Z,26.481,142.421,33.0,4.6,mb,,,,0.9,us,usp0001ybb,2014-11-07T00:33:48.132Z,"Bonin Islands, Japan region",earthquake,,,,6.0,reviewed,us,us
1983-09-14T00:31:52.850Z,54.527,-159.732,33.0,4.7,mb,,,,0.9,us,usp0001ybd,2014-11-07T00:33:48.135Z,"102 km SSE of Sand Point, Alaska",earthquake,,,,5.0,reviewed,us,us
1983-09-14T00:47:03.900Z,-36.424,-73.098,29.5,5.4,mb,,,,1.1,us,usp0001ybf,2025-12-19T21:28:01.215Z,"24 km NNW of Tomé, Chile",earthquake,,,,15.0,reviewed,us,us
1983-09-14T01:37:54.740Z,-2.831,141.36,7.7,5.1,mb,,,,0.8,us,usp0001ybg,2014-11-07T00:33:48.148Z,"17 km SSE of Vanimo, Papua New Guinea",earthquake,,3.7,,4.0,reviewed,us,us
1983-09-14T02:35:10.480Z,60.949,-147.459,53.3,4.9,mb,,,,0.8,us,usp0001ybj,2014-11-07T00:33:48.152Z,"43 km WNW of Tatitlek, Alaska",earthquake,,2.1,,28.0,reviewed,us,us
1983-09-14T06:16:40.020Z,33.94,139.536,138.8,4.8,mb,,,,1.1,us,usp0001ybr,2014-11-07T00:33:48.190Z,"98 km SSE of Shimoda, Japan",earthquake,,2.8,,5.0,reviewed,us,us
1983-09-14T07:13:00.520Z,-24.41,-67.412,174.4,4.6,mb,,,,1.4,us,usp0001ybt,2014-11-07T00:33:48.194Z,"112 km W of San Antonio de los Cobres, Argentina",earthquake,,8.0,,2.0,reviewed,us,us
1983-09-14T08:35:17.240Z,-3.672,-79.245,94.0,5.6,mb,,,,1.0,us,usp0001ybv,2022-04-27T23:50:41.410Z,"35 km N of Loja, Ecuador",earthquake,,4.0,,72.0,reviewed,us,us
1983-09-14T10:18:07.050Z,26.445,66.286,33.0,4.5,mb,,,,0.9,us,usp0001ybw,2014-11-07T00:33:48.220Z,"24 km N of Bela, Pakistan",earthquake,,,,8.0,reviewed,us,us
1983-09-14T11:25:00.900Z,18.104,145.77,158.5,6.3,mw,,,,1.2,us,usp0001ybz,2022-04-27T23:50:42.606Z,"Pagan region, Northern Mariana Islands",earthquake,,,,,reviewed,us,nc
1983-09-14T12:31:06.260Z,-7.307,129.087,108.3,4.9,mb,,,,1.4,us,usp0001yc2,2014-11-07T00:33:48.287Z,"266 km ENE of Lospalos, Timor Leste",earthquake,,10.6,,5.0,reviewed,us,us
1983-09-14T12:36:02.850Z,53.557,159.814,33.0,4.7,mb,,,,0.8,us,usp0001yc4,2014-11-07T00:33:48.290Z,"96 km NE of Petropavlovsk-Kamchatsky, Russia",earthquake,,,,6.0,reviewed,us,us
1983-09-14T17:12:36.600Z,40.332,142.542,59.8,4.5,mb,,,,1.0,us,usp0001yc8,2014-11-07T00:33:48.296Z,"90 km ESE of Hachinohe, Japan",earthquake,,9.6,,4.0,reviewed,us,us
1983-09-14T17:35:27.100Z,-4.706,152.928,73.3,5.3,mb,,,,1.1,us,usp0001yca,2014-11-07T00:33:48.300Z,"83 km ESE of Kokopo, Papua New Guinea",earthquake,,2.6,,13.0,reviewed,us,us
1983-09-14T21:53:41.470Z,19.694,73.76,33.0,4.5,mb,,,,1.4,us,usp0001ych,2020-08-26T22:55:29.195Z,"14 km E of Ghoti Budrukh, India",earthquake,,,,4.0,reviewed,us,us
1983-09-15T03:38:40.370Z,5.962,94.549,79.4,4.9,mb,,,,1.0,us,usp0001yct,2014-11-07T00:33:48.332Z,"85 km W of Sabang, Indonesia",earthquake,,4.4,,24.0,reviewed,us,us
1983-09-15T03:53:50.330Z,-24.078,179.13,526.2,4.7,mb,,,,0.8,us,usp0001ycu,2014-11-07T00:33:48.338Z,south of the Fiji Islands,earthquake,,6.4,,5.0,reviewed,us,us
1983-09-15T05:45:32.760Z,-55.513,-26.268,33.0,4.7,mb,,,,0.8,us,usp0001ycx,2014-11-07T00:33:48.344Z,South Sandwich Islands region,earthquake,,,,1.0,reviewed,us,us
1983-09-15T09:11:27.980Z,-7.056,123.389,642.1,4.6,mb,,,,0.8,us,usp0001yd5,2014-11-07T00:33:48.422Z,"216 km NE of Maumere, Indonesia",earthquake,,4.2,,4.0,reviewed,us,us
1983-09-15T10:31:24.950Z,10.061,126.245,53.0,4.8,mb,,,,1.2,us,usp0001yd8,2014-11-07T00:33:48.460Z,"23 km ENE of Santa Monica, Philippines",earthquake,,8.9,,7.0,reviewed,us,us
1983-09-15T10:31:43.780Z,1.663,126.563,58.2,4.7,mb,,,,1.3,us,usp0001yd9,2014-11-07T00:33:48.465Z,"132 km NW of Ternate, Indonesia",earthquake,,15.3,,4.0,reviewed,us,us
1983-09-15T10:39:02.390Z,16.103,-93.153,115.2,6.3,mw,,,,1.1,us,usp0001yda,2022-04-27T23:50:48.049Z,"4 km WNW of San Pedro Buenavista, Mexico",earthquake,,,,,reviewed,us,nc
1983-09-15T15:30:34.290Z,-10.407,161.575,66.5,4.9,mb,,,,1.1,us,usp0001ydb,2014-11-07T00:33:48.538Z,"38 km W of Kirakira, Solomon Islands",earthquake,,9.3,,2.0,reviewed,us,us
1983-09-15T15:56:13.370Z,-20.978,-178.771,603.5,5.0,mb,,,,1.0,us,usp0001ydc,2014-11-07T00:33:48.547Z,Fiji region,earthquake,,4.5,,9.0,reviewed,us,us
1983-09-16T02:15:12.020Z,32.03,91.068,33.0,4.7,mb,,,,1.2,us,usp0001ydj,2026-01-07T19:36:30.926Z,"112 km WNW of Nagqu, China",earthquake,,,,14.0,reviewed,us,us
1983-09-16T04:21:56.180Z,-0.041,122.497,281.1,5.4,mb,,,,1.1,us,usp0001ydq,2022-04-27T23:50:55.163Z,"89 km SW of Gorontalo, Indonesia",earthquake,,3.3,,23.0,reviewed,us,us
1983-09-16T07:43:31.570Z,-21.397,-175.36,46.7,5.4,mb,,,,0.9,us,usp0001ydr,2014-11-07T00:33:48.679Z,"29 km SW of Vaini, Tonga",earthquake,,,,9.0,reviewed,us,us
1983-09-16T08:09:26.680Z,-24.032,-179.796,510.2,6.0,mb,,,,1.0,us,usp0001yds,2022-04-27T23:50:57.094Z,south of the Fiji Islands,earthquake,,,,44.0,reviewed,us,us
1983-09-16T09:45:00.130Z,-21.408,-68.204,95.1,4.5,mb,,,,1.1,us,usp0001ydt,2014-11-07T00:33:48.802Z,"137 km NNE of Calama, Chile",earthquake,,7.9,,2.0,reviewed,us,us
1983-09-16T13:54:50.310Z,-17.888,-178.584,576.8,4.7,mb,,,,0.9,us,usp0001ydw,2014-11-07T00:33:48.844Z,"223 km E of Levuka, Fiji",earthquake,,2.5,,8.0,reviewed,us,us
1983-09-16T23:10:47.870Z,17.974,120.766,33.0,5.6,mb,,,,1.1,us,usp0001ye2,2025-12-19T21:28:01.939Z,"8 km S of Padong, Philippines",earthquake,,,,38.0,reviewed,us,us
1983-09-17T00:44:58.000Z,-63.662,-166.892,10.0,5.1,mb,,,,1.2,us,usp0001ye6,2025-12-19T21:28:02.773Z,Pacific-Antarctic Ridge,earthquake,,,,5.0,reviewed,us,us
1983-09-17T04:40:36.420Z,7.906,93.157,53.5,5.3,mb,,,,0.9,us,usp0001ye9,2025-12-19T21:28:03.479Z,"Nicobar Islands, India region",earthquake,,,,30.0,reviewed,us,us
1983-09-17T05:56:56.690Z,4.75,95.039,66.4,6.1,mw,,,,1.1,us,usp0001yeb,2025-12-19T21:28:04.257Z,"93 km SSW of Banda Aceh, Indonesia",earthquake,,3.7,,,reviewed,us,nc
1983-09-17T06:32:13.710Z,52.934,160.049,33.0,5.0,mb,,,,0.9,us,usp0001yee,2014-11-07T00:33:49.218Z,"94 km E of Petropavlovsk-Kamchatsky, Russia",earthquake,,,,30.0,reviewed,us,us
1983-09-17T07:49:12.730Z,38.472,142.446,87.2,4.5,mb,,,,0.5,us,usp0001yef,2014-11-07T00:33:49.223Z,"91 km SE of ?funato, Japan",earthquake,,7.0,,1.0,reviewed,us,us
1983-09-17T12:11:42.790Z,-16.636,-177.476,33.0,6.7,mw,,,,1.2,us,usp0001yeg,2025-12-19T20:58:52.125Z,"266 km SSE of Alo, Wallis and Futuna",earthquake,,,,,reviewed,us,nc
1983-09-17T12:27:18.120Z,-17.131,-176.994,33.0,4.9,mb,,,,1.1,us,usp0001yeh,2014-11-07T00:33:49.258Z,Fiji region,earthquake,,,,4.0,reviewed,us,us
1983-09-17T12:46:55.950Z,-60.371,-27.067,33.0,5.5,mb,,,,1.1,us,usp0001yej,2022-04-27T23:51:15.432Z,South Sandwich Islands region,earthquake,,,,7.0,reviewed,us,us
1983-09-17T13:09:14.480Z,-20.888,-178.631,609.7,4.9,mb,,,,1.1,us,usp0001yek,2014-11-07T00:33:49.268Z,Fiji region,earthquake,,6.6,,9.0,reviewed,us,us
1983-09-17T16:25:39.280Z,-8.178,128.044,33.0,4.7,mb,,,,1.5,us,usp0001yep,2014-11-07T00:33:49.279Z,"121 km ENE of Lospalos, Timor Leste",earthquake,,,,2.0,reviewed,us,us
1983-09-17T21:45:33.770Z,55.688,161.518,33.0,4.8,mb,,,,0.9,us,usp0001yeu,2014-11-07T00:33:49.286Z,"81 km SSE of Klyuchi, Russia",earthquake,,,,5.0,reviewed,us,us
1983-09-17T22:25:41.780Z,-55.953,-24.83,37.9,5.5,mb,,,,1.3,us,usp0001yev,2026-02-04T20:08:28.592Z,South Sandwich Islands region,earthquake,,,,3.0,reviewed,us,us
1983-09-17T23:43:38.150Z,1.773,127.203,91.1,5.2,mb,,,,1.1,us,usp0001yew,2014-11-07T00:33:49.292Z,"89 km W of Tobelo, Indonesia",earthquake,,5.6,,10.0,reviewed,us,us
1983-09-18T02:54:11.130Z,22.105,143.997,117.0,4.8,mb,,,,1.2,us,usp0001yez,2014-11-07T00:33:49.300Z,"Volcano Islands, Japan region",earthquake,,,,10.0,reviewed,us,us
1983-09-18T06:14:35.760Z,-6.234,147.065,104.1,5.3,mb,,,,1.0,us,usp0001yf2,2022-04-27T23:51:16.948Z,"54 km N of Lae, Papua New Guinea",earthquake,,,,14.0,reviewed,us,us
1983-09-18T10:46:56.100Z,16.896,-93.752,146.4,5.1,mb,,,,0.9,us,usp0001yf7,2025-12-19T21:28:05.735Z,"10 km N of Francisco I. Madero, Mexico",earthquake,,,,45.0,reviewed,us,us
1983-09-18T13:12:39.930Z,39.961,139.634,41.2,4.8,mb,,,,1.5,us,usp0001yfa,2014-11-07T00:33:49.373Z,"29 km WNW of Tenn?, Japan",earthquake,,11.2,,2.0,reviewed,us,us
1983-09-18T17:27:41.170Z,23.086,94.831,57.6,4.9,mb,,,,1.2,us,usp0001yfg,2014-11-07T00:33:49.402Z,"75 km SE of Mawlaik, Myanmar",earthquake,,10.8,,3.0,reviewed,us,us
1983-09-18T19:44:26.440Z,-36.406,-178.093,33.0,5.2,mb,,,,1.2,us,usp0001yfh,2016-11-09T23:30:55.649Z,east of the North Island of New Zealand,earthquake,,,,4.0,reviewed,us,us
1983-09-18T19:44:40.890Z,-35.914,-179.835,35.0,5.23,mw,,,,,iscgem,iscgem568636,2025-12-19T21:28:06.430Z,"250 km NE of Hicks Bay, New Zealand",earthquake,,25.0,0.1,,reviewed,iscgem,iscgem
1983-09-18T21:07:55.800Z,-3.553,131.278,33.0,4.8,mb,,,,1.1,us,usp0001yfj,2014-11-07T00:33:49.425Z,"263 km E of Amahai, Indonesia",earthquake,,,,5.0,reviewed,us,us
1983-09-19T01:18:14.060Z,38.726,22.415,23.4,4.5,mb,,,,1.2,us,usp0001yfn,2014-11-07T00:33:49.436Z,"14 km SSW of Anthíli, Greece",earthquake,,2.3,,14.0,reviewed,us,us
1983-09-19T01:29:58.010Z,38.747,22.371,41.8,4.5,mb,,,,0.8,us,usp0001yfq,2014-11-07T00:33:49.451Z,"14 km SW of Anthíli, Greece",earthquake,,3.1,,4.0,reviewed,us,us
1983-09-19T02:12:14.840Z,-3.801,140.001,33.0,5.2,mb,,,,0.6,us,usp0001yfr,2014-11-07T00:33:49.483Z,"150 km SSW of Abepura, Indonesia",earthquake,,,,3.0,reviewed,us,us
1983-09-19T02:40:28.560Z,55.69,161.421,33.0,4.7,mb,,,,1.1,us,usp0001yft,2014-11-07T00:33:49.487Z,"78 km SSE of Klyuchi, Russia",earthquake,,,,6.0,reviewed,us,us
1983-09-19T03:48:18.510Z,-4.38,152.281,39.4,4.7,mb,,,,1.4,us,usp0001yfw,2014-11-07T00:33:49.516Z,"4 km SSE of Kokopo, Papua New Guinea",earthquake,,12.6,,2.0,reviewed,us,us
1983-09-19T07:07:10.920Z,47.348,155.001,33.0,5.1,mb,,,,0.7,us,usp0001yg0,2014-11-07T00:33:49.585Z,east of the Kuril Islands,earthquake,,,,10.0,reviewed,us,us
1983-09-19T12:56:49.540Z,-3.607,140.379,33.0,5.2,mb,,,,1.4,us,usp0001yg3,2014-11-07T00:33:49.636Z,"115 km SSW of Abepura, Indonesia",earthquake,,,,3.0,reviewed,us,us
1983-09-19T17:21:41.430Z,-2.504,125.729,33.0,4.8,mb,,,,1.3,us,usp0001yg6,2014-11-07T00:33:49.645Z,"Pulau-Pulau Sula, Indonesia",earthquake,,,,6.0,reviewed,us,us
1983-09-19T18:41:45.740Z,-23.752,179.964,562.7,5.0,mb,,,,1.0,us,usp0001yg7,2014-11-07T00:33:49.648Z,south of the Fiji Islands,earthquake,,,,10.0,reviewed,us,us
1983-09-19T20:28:21.770Z,1.43,127.759,208.9,5.0,mb,,,,1.1,us,usp0001yg9,2014-11-07T00:33:49.697Z,"43 km SW of Tobelo, Indonesia",earthquake,,7.3,,10.0,reviewed,us,us
1983-09-20T01:27:31.330Z,2.511,96.89,62.7,4.7,mb,,,,1.4,us,usp0001yge,2014-11-07T00:33:49.791Z,"56 km E of Sinabang, Indonesia",earthquake,,9.8,,5.0,reviewed,us,us
1983-09-20T02:40:04.140Z,-6.151,130.513,164.3,4.7,mb,,,,1.5,us,usp0001ygg,2014-11-07T00:33:49.936Z,"254 km WSW of Tual, Indonesia",earthquake,,9.7,,5.0,reviewed,us,us
1983-09-20T06:37:13.800Z,9.627,-83.699,33.0,4.9,mb,,,,1.1,us,usp0001ygh,2022-04-27T23:51:18.579Z,"20 km S of Pejibaye, Costa Rica",earthquake,,,,30.0,reviewed,us,us
1983-09-20T08:39:13.080Z,34.864,-5.137,33.0,4.5,mb,,,,1.1,us,usp0001ygj,2014-11-07T00:33:50.116Z,"35 km SSE of Chefchaouene, Morocco",earthquake,,,,8.0,reviewed,us,us
1983-09-20T08:50:58.310Z,18.185,-68.474,101.3,5.6,mb,,,,0.9,us,usp0001ygk,2025-12-19T21:28:07.073Z,"25 km SSE of Boca de Yuma, Dominican Republic",earthquake,,,,65.0,reviewed,us,us
1983-09-20T09:12:52.190Z,49.119,154.353,126.2,4.7,mb,,,,0.8,us,usp0001ygm,2014-11-07T00:33:50.140Z,"214 km SW of Severo-Kuril’sk, Russia",earthquake,,,,14.0,reviewed,us,us
1983-09-20T09:59:12.770Z,19.348,-69.233,81.9,5.0,mb,,,,0.8,us,usp0001ygn,2014-11-07T00:33:50.143Z,"19 km NE of Samaná, Dominican Republic",earthquake,,5.1,,12.0,reviewed,us,us
1983-09-20T13:40:50.060Z,-9.934,119.207,33.0,4.6,mb,,,,1.2,us,usp0001ygt,2014-11-07T00:33:50.152Z,"119 km WSW of Waingapu, Indonesia",earthquake,,,,5.0,reviewed,us,us
1983-09-20T14:15:46.950Z,36.459,71.19,214.6,4.8,mb,,,,1.3,us,usp0001ygv,2014-11-07T00:33:50.156Z,"39 km SW of Ashk?sham, Afghanistan",earthquake,,13.7,,7.0,reviewed,us,us
1983-09-20T22:46:23.870Z,37.29,141.495,60.5,4.6,mb,,,,1.1,us,usp0001yh1,2025-12-19T21:28:07.986Z,"48 km ESE of Namie, Japan",earthquake,,4.6,,3.0,reviewed,us,us
1983-09-21T05:52:33.450Z,-24.098,-66.704,214.7,4.5,mb,,,,1.1,us,usp0001yha,2014-11-07T00:33:50.182Z,"41 km WNW of San Antonio de los Cobres, Argentina",earthquake,,3.6,,5.0,reviewed,us,us
1983-09-21T10:27:56.790Z,-18.979,-69.12,111.6,5.3,mb,,,,1.2,us,usp0001yhg,2025-12-19T21:28:08.734Z,"136 km ESE of Arica, Chile",earthquake,,,,31.0,reviewed,us,us
1983-09-21T14:24:23.810Z,45.716,148.932,134.4,4.9,mb,,,,1.0,us,usp0001yhk,2014-11-07T00:33:50.202Z,"98 km ENE of Kuril’sk, Russia",earthquake,,11.8,,29.0,reviewed,us,us
1983-09-21T15:46:21.040Z,45.798,150.016,95.9,4.8,mb,,,,1.2,us,usp0001yhn,2014-11-07T00:33:50.208Z,"178 km ENE of Kuril’sk, Russia",earthquake,,13.0,,15.0,reviewed,us,us
1983-09-21T19:20:42.460Z,24.095,122.148,28.2,6.3,mw,,,,1.1,us,usp0001yhr,2025-12-19T21:28:09.386Z,"56 km ENE of Hualien City, Taiwan",earthquake,,,,,reviewed,us,nc
1983-09-21T20:09:57.480Z,28.304,143.507,33.0,4.7,mb,,,,1.2,us,usp0001yhu,2014-11-07T00:33:50.252Z,"Bonin Islands, Japan region",earthquake,,,,3.0,reviewed,us,us
1983-09-21T22:50:46.140Z,60.332,-152.714,127.1,4.8,mb,,,,1.2,us,usp0001yj1,2014-11-07T00:33:50.278Z,"65 km WNW of Ninilchik, Alaska",earthquake,,,,8.0,reviewed,us,us
1983-09-22T01:51:39.000Z,-32.18,-70.157,120.8,4.7,mb,,,,1.1,us,usp0001yj4,2014-11-07T00:33:50.290Z,"82 km NE of San Felipe, Chile",earthquake,,3.4,,5.0,reviewed,us,us
1983-09-22T05:27:46.170Z,5.484,94.604,82.0,4.5,mb,,,,1.2,us,usp0001yjd,2014-11-07T00:33:50.309Z,"81 km W of Banda Aceh, Indonesia",earthquake,,6.5,,8.0,reviewed,us,us
1983-09-22T10:24:35.370Z,3.226,64.229,10.0,5.0,mb,,,,1.1,us,usp0001yjh,2026-01-07T19:35:13.830Z,Carlsberg Ridge,earthquake,,,,9.0,reviewed,us,us
1983-09-22T13:52:27.150Z,-22.77,-68.416,177.9,4.9,mb,,,,1.6,us,usp0001yjk,2014-11-07T00:33:50.322Z,"27 km NW of San Pedro de Atacama, Chile",earthquake,,10.2,,1.0,reviewed,us,us
1983-09-22T16:21:45.350Z,56.304,-153.843,33.0,5.0,mb,,,,1.1,us,usp0001yjr,2014-11-07T00:33:50.333Z,"74 km SSE of Akhiok, Alaska",earthquake,,,,26.0,reviewed,us,us
1983-09-22T16:33:49.160Z,47.617,150.302,244.7,5.0,mb,,,,1.0,us,usp0001yjs,2014-11-07T00:33:50.339Z,Kuril Islands,earthquake,,,,27.0,reviewed,us,us
1983-09-22T17:01:10.530Z,-5.211,151.86,65.5,4.9,mb,,,,1.2,us,usp0001yjt,2014-11-07T00:33:50.347Z,"106 km SSW of Kokopo, Papua New Guinea",earthquake,,4.5,,8.0,reviewed,us,us
1983-09-22T19:26:42.790Z,-56.006,-27.741,122.8,5.3,mb,,,,0.8,us,usp0001yjv,2014-11-07T00:33:50.353Z,South Sandwich Islands region,earthquake,,14.8,,5.0,reviewed,us,us
1983-09-22T20:04:43.800Z,24.099,122.285,27.8,5.0,mb,,,,1.0,us,usp0001yjw,2026-01-07T19:36:33.574Z,"70 km E of Hualien City, Taiwan",earthquake,,3.3,,20.0,reviewed,us,us
1983-09-22T20:39:00.960Z,-16.782,175.506,33.0,5.3,mb,,,,1.1,us,usp0001yjy,2025-12-19T21:28:10.286Z,"226 km WNW of Lautoka, Fiji",earthquake,,,,9.0,reviewed,us,us
1983-09-22T21:36:13.910Z,-58.752,-26.021,33.0,4.9,mb,,,,1.3,us,usp0001yk0,2014-11-07T00:33:50.376Z,South Sandwich Islands region,earthquake,,,,3.0,reviewed,us,us
1983-09-22T22:03:13.380Z,83.095,-6.622,10.0,4.9,mb,,,,0.9,us,usp0001yk2,2014-11-07T00:33:50.380Z,north of Svalbard,earthquake,,,,35.0,reviewed,us,us
1983-09-22T22:32:30.030Z,-24.204,-67.19,185.0,4.8,mb,,,,1.2,us,usp0001yk4,2014-11-07T00:33:50.387Z,"88 km W of San Antonio de los Cobres, Argentina",earthquake,,4.5,,3.0,reviewed,us,us
1983-09-22T23:51:55.850Z,20.503,92.995,33.0,5.1,mb,,,,0.5,us,usp0001yk6,2014-11-07T00:33:50.390Z,"40 km NNE of Sittwe, Myanmar",earthquake,,,,3.0,reviewed,us,us
1983-09-23T01:08:12.300Z,36.812,55.122,33.0,4.6,mb,,,,1.3,us,usp0001yk7,2014-11-07T00:33:50.391Z,"30 km S of ?z?dshahr, Iran",earthquake,,,,3.0,reviewed,us,us
1983-09-23T09:17:55.520Z,-20.362,67.982,10.0,5.3,ms,,,,1.0,us,usp0001ykh,2025-12-19T21:28:11.076Z,Mid-Indian Ridge,earthquake,,,,6.0,reviewed,us,us
1983-09-23T11:20:01.930Z,40.748,139.284,22.9,5.3,ms,,,,0.9,us,usp0001ykm,2026-01-07T19:35:14.677Z,"86 km NW of Noshiro, Japan",earthquake,,,,1.0,reviewed,us,us
1983-09-23T11:36:59.810Z,40.742,139.213,24.9,5.0,mb,,,,1.1,us,usp0001ykp,2026-01-07T19:35:15.539Z,"90 km NW of Noshiro, Japan",earthquake,,2.9,,20.0,reviewed,us,us
1983-09-23T12:29:23.030Z,24.013,122.228,32.4,5.8,ms,,,,1.0,us,usp0001ykr,2025-12-19T21:28:11.819Z,"63 km E of Hualien City, Taiwan",earthquake,,2.2,,14.0,reviewed,us,us
1983-09-23T15:13:48.400Z,55.614,161.467,70.9,5.0,mb,,,,1.0,us,usp0001ykt,2014-11-07T00:33:50.480Z,"87 km SSE of Klyuchi, Russia",earthquake,,,,15.0,reviewed,us,us
1983-09-23T18:04:35.970Z,14.949,119.96,67.5,4.7,mb,,,,1.3,us,usp0001yku,2026-01-07T19:36:34.328Z,"12 km W of San Nicolas, Philippines",earthquake,,5.8,,6.0,reviewed,us,us
1983-09-23T18:33:30.810Z,31.645,141.622,33.0,4.7,mb,,,,0.5,us,usp0001ykv,2014-11-07T00:33:50.488Z,"Izu Islands, Japan region",earthquake,,,,6.0,reviewed,us,us
1983-09-23T18:59:13.680Z,18.366,120.955,35.9,5.0,mb,,,,1.1,us,usp0001ykw,2026-01-07T19:35:16.241Z,"27 km SE of Bangui, Philippines",earthquake,,3.6,,17.0,reviewed,us,us
1983-09-23T19:17:33.350Z,18.377,120.884,33.0,4.6,mb,,,,1.3,us,usp0001ykx,2026-01-07T19:35:17.122Z,"21 km SE of Bangui, Philippines",earthquake,,,,7.0,reviewed,us,us
1983-09-23T19:21:58.180Z,-5.903,117.161,33.0,5.1,mb,,,,1.2,us,usp0001yky,2014-11-07T00:33:50.502Z,"252 km WSW of Galesong, Indonesia",earthquake,,,,12.0,reviewed,us,us
1983-09-23T19:51:00.050Z,36.457,70.369,207.9,4.8,mb,,,,0.9,us,usp0001ykz,2014-11-07T00:33:50.508Z,"47 km ESE of Farkh?r, Afghanistan",earthquake,,,,46.0,reviewed,us,us
1983-09-23T20:18:01.810Z,25.478,95.709,33.0,5.2,mb,,,,0.9,us,usp0001ym0,2014-11-07T00:33:50.520Z,"123 km E of Phek, India",earthquake,,,,4.0,reviewed,us,us
1983-09-23T20:40:15.800Z,2.94,128.281,143.6,5.1,mb,,,,1.1,us,usp0001ym1,2014-11-07T00:33:50.521Z,"137 km NNE of Tobelo, Indonesia",earthquake,,5.7,,12.0,reviewed,us,us
1983-09-23T22:30:25.310Z,11.275,-89.022,33.0,4.8,mb,,,,1.1,us,usp0001ym3,2014-11-07T00:33:50.529Z,"228 km SSW of Puerto El Triunfo, El Salvador",earthquake,,,,3.0,reviewed,us,us
1983-09-23T23:04:15.340Z,12.514,-89.304,70.1,5.1,mb,,,,1.3,us,usp0001ym4,2014-11-07T00:33:50.530Z,"107 km S of La Libertad, El Salvador",earthquake,,9.5,,5.0,reviewed,us,us
1983-09-23T23:44:30.290Z,8.422,-83.391,42.0,5.6,mb,,,,1.0,us,usp0001ym5,2025-12-19T21:28:12.626Z,"36 km WSW of Golfito, Costa Rica",earthquake,,3.2,,82.0,reviewed,us,us
1983-09-24T00:43:39.160Z,-8.352,-74.171,157.0,4.7,mb,,,,1.0,us,usp0001ym6,2014-11-07T00:33:50.554Z,"40 km E of San Fernando, Peru",earthquake,,,,22.0,reviewed,us,us
1983-09-24T04:59:57.150Z,46.816,48.291,0.0,5.1,mb,,,,0.9,us,usp0001ym8,2017-04-26T17:36:58.916Z,"21 km E of Aksarayskiy, Russia",nuclear explosion,,,,48.0,reviewed,us,us
1983-09-24T05:04:57.200Z,46.817,48.279,0.0,5.0,mb,,,,1.0,us,usp0001ym9,2017-04-26T17:36:59.548Z,"20 km E of Aksarayskiy, Russia",nuclear explosion,,,,46.0,reviewed,us,us
1983-09-24T05:09:57.560Z,46.86,48.272,0.0,4.9,mb,,,,0.9,us,usp0001yma,2017-04-26T17:37:00.224Z,"21 km ENE of Aksarayskiy, Russia",nuclear explosion,,,,42.0,reviewed,us,us
1983-09-24T05:14:57.180Z,46.78,48.3,0.0,5.2,mb,,,,1.0,us,usp0001ymb,2017-04-26T17:37:00.877Z,"22 km E of Aksarayskiy, Russia",nuclear explosion,,,,43.0,reviewed,us,us
1983-09-24T05:19:57.120Z,46.796,48.297,0.0,5.2,mb,,,,1.0,us,usp0001ymc,2017-04-26T17:37:01.488Z,"21 km E of Aksarayskiy, Russia",nuclear explosion,,,,48.0,reviewed,us,us
1983-09-24T05:24:57.400Z,46.837,48.231,0.0,5.2,mb,,,,0.9,us,usp0001ymd,2017-04-26T17:37:02.142Z,"17 km ENE of Aksarayskiy, Russia",nuclear explosion,,,,43.0,reviewed,us,us
1983-09-24T06:05:10.090Z,-14.131,-72.719,112.3,4.6,mb,,,,1.2,us,usp0001ymg,2014-11-07T00:33:50.895Z,"6 km W of Santa Rosa, Peru",earthquake,,8.3,,6.0,reviewed,us,us
1983-09-24T09:27:36.370Z,-8.085,108.017,79.3,4.6,mb,,,,1.0,us,usp0001ymj,2014-11-07T00:33:50.900Z,"80 km SSW of Kawalu, Indonesia",earthquake,,7.3,,1.0,reviewed,us,us
1983-09-24T13:49:45.630Z,37.47,72.575,33.0,4.5,mb,,,,0.7,us,usp0001ymn,2014-11-07T00:33:50.993Z,Tajikistan,earthquake,,,,3.0,reviewed,us,us
1983-09-24T15:51:57.770Z,-41.853,-83.61,10.0,5.5,mb,,,,1.1,us,usp0001ymp,2025-12-19T21:28:13.320Z,West Chile Rise,earthquake,,,,9.0,reviewed,us,us
1983-09-24T16:30:05.050Z,53.639,-163.847,33.0,4.9,mb,,,,0.8,us,usp0001ymr,2014-11-07T00:33:51.262Z,"Unimak Island region, Alaska",earthquake,,,,5.0,reviewed,us,us
1983-09-24T16:40:06.250Z,34.64,33.306,33.0,4.6,mb,,,,1.0,us,usp0001ymt,2014-11-07T00:33:51.267Z,"15 km SE of Pyrgos, Cyprus",earthquake,,,,18.0,reviewed,us,us
1983-09-24T17:13:37.070Z,-3.692,151.158,33.0,5.2,mb,,,,1.1,us,usp0001ymv,2014-11-07T00:33:51.276Z,"124 km WNW of Rabaul, Papua New Guinea",earthquake,,,,12.0,reviewed,us,us
1983-09-24T17:17:53.670Z,-3.727,151.09,10.0,6.1,ms,,,,1.2,us,usp0001ymw,2025-12-19T21:28:14.145Z,"130 km WNW of Rabaul, Papua New Guinea",earthquake,,,,10.0,reviewed,us,us
1983-09-24T18:04:27.970Z,-3.445,150.874,10.0,4.7,mb,,,,1.1,us,usp0001ymx,2014-11-07T00:33:51.298Z,"96 km S of Kavieng, Papua New Guinea",earthquake,,,,3.0,reviewed,us,us
1983-09-24T20:40:23.330Z,-7.022,-12.814,10.0,5.1,ms,,,,1.0,us,usp0001ymz,2022-04-27T23:51:32.671Z,"202 km ENE of Georgetown, Saint Helena",earthquake,,,,5.0,reviewed,us,us
1983-09-24T21:07:01.610Z,1.201,99.686,51.5,4.6,ms,,,,1.0,us,usp0001yn0,2014-11-07T00:33:51.311Z,"50 km ESE of Padangsidempuan, Indonesia",earthquake,,5.0,,1.0,reviewed,us,us
1983-09-24T23:26:21.640Z,-1.563,28.381,10.0,5.2,mb,,,,1.1,us,usp0001yn4,2022-04-27T23:51:34.294Z,"73 km W of Sake, Democratic Republic of the Congo",earthquake,,,,8.0,reviewed,us,us
1983-09-25T02:15:12.720Z,-3.637,151.216,10.0,5.2,mb,,,,1.3,us,usp0001yn7,2014-11-07T00:33:51.324Z,"122 km WNW of Rabaul, Papua New Guinea",earthquake,,,,16.0,reviewed,us,us
1983-09-25T03:09:58.360Z,-10.453,116.904,33.0,4.7,mb,,,,1.1,us,usp0001yn8,2014-11-07T00:33:51.330Z,"205 km SSE of Praya, Indonesia",earthquake,,,,3.0,reviewed,us,us
1983-09-25T03:29:43.120Z,23.937,122.266,33.0,5.1,mb,,,,1.0,us,usp0001yn9,2026-01-07T19:36:35.060Z,"67 km E of Hualien City, Taiwan",earthquake,,,,17.0,reviewed,us,us
1983-09-25T04:15:40.620Z,23.962,122.299,33.0,5.0,mb,,,,0.9,us,usp0001ynb,2025-12-19T21:28:15.066Z,"70 km E of Hualien City, Taiwan",earthquake,,,,11.0,reviewed,us,us
1983-09-25T06:05:55.930Z,28.434,140.297,583.8,4.5,mb,,,,0.2,us,usp0001ynd,2014-11-07T00:33:51.346Z,"Bonin Islands, Japan region",earthquake,,3.4,,6.0,reviewed,us,us
1983-09-25T08:09:34.830Z,-2.527,121.707,62.4,4.8,mb,,,,1.1,us,usp0001yne,2014-11-07T00:33:51.347Z,"164 km SE of Poso, Indonesia",earthquake,,6.9,,4.0,reviewed,us,us
1983-09-25T08:26:43.070Z,81.835,-4.549,10.0,4.8,mb,,,,1.0,us,usp0001ynf,2014-11-07T00:33:51.350Z,north of Svalbard,earthquake,,,,32.0,reviewed,us,us
1983-09-25T09:55:16.570Z,52.384,-178.678,196.7,4.7,mb,,,,1.1,us,usp0001ynh,2014-11-07T00:33:51.359Z,"151 km WNW of Adak, Alaska",earthquake,,4.8,,26.0,reviewed,us,us
1983-09-25T13:09:57.770Z,73.348,54.495,0.0,5.8,mb,,,,0.9,us,usp0001ynm,2014-11-07T00:33:51.368Z,"Novaya Zemlya, Russia",nuclear explosion,,,,98.0,reviewed,us,us
1983-09-25T18:41:17.040Z,-1.102,-24.42,10.0,5.1,mb,,,,1.0,us,usp0001ynt,2026-02-04T20:08:35.076Z,central Mid-Atlantic Ridge,earthquake,,,,26.0,reviewed,us,us
1983-09-25T18:55:28.830Z,17.385,73.977,17.0,5.32,mw,,,,,iscgemsup,iscgemsup569042,2026-01-07T19:36:35.767Z,"8 km E of Pātan, India",earthquake,,8.3,0.2,,reviewed,iscgemsup,iscgemsup
1983-09-25T20:49:48.570Z,-30.469,-177.238,68.7,5.1,mb,,,,1.2,us,usp0001ynu,2014-11-07T00:33:51.455Z,"Kermadec Islands, New Zealand",earthquake,,,,12.0,reviewed,us,us
1983-09-25T23:09:28.650Z,-19.209,-11.835,10.0,4.8,mb,,,,1.3,us,usp0001ynx,2014-11-07T00:33:51.463Z,southern Mid-Atlantic Ridge,earthquake,,,,6.0,reviewed,us,us
1983-09-26T09:41:22.270Z,11.05,126.088,50.2,5.2,mb,,,,1.2,us,usp0001yp1,2026-01-07T19:36:36.621Z,"31 km ENE of Sulangan, Philippines",earthquake,,5.1,,13.0,reviewed,us,us
1983-09-26T10:58:46.020Z,-15.652,167.478,109.0,5.2,mb,,,,1.3,us,usp0001yp2,2022-04-27T23:51:38.797Z,"36 km ESE of Luganville, Vanuatu",earthquake,,,,21.0,reviewed,us,us
1983-09-26T18:26:28.080Z,-6.878,129.745,164.4,4.7,mb,,,,1.0,us,usp0001yp4,2014-11-07T00:33:51.493Z,Banda Sea,earthquake,,6.6,,4.0,reviewed,us,us
1983-09-26T19:29:00.340Z,61.954,-26.416,10.0,5.1,mb,,,,1.1,us,usp0001yp5,2014-11-07T00:33:51.495Z,"291 km SW of Grindavík, Iceland",earthquake,,,,29.0,reviewed,us,us
1983-09-26T20:40:40.270Z,13.529,120.936,33.0,4.8,mb,,,,1.8,us,usp0001yp6,2014-11-07T00:33:51.501Z,"Mindoro, Philippines",earthquake,,,,2.0,reviewed,us,us
1983-09-26T23:52:52.910Z,57.445,-156.395,84.8,5.4,mb,,,,0.9,us,usp0001yp7,2014-11-07T00:33:51.504Z,"60 km E of Ugashik, Alaska",earthquake,,2.2,,67.0,reviewed,us,us
1983-09-27T04:27:48.490Z,0.625,126.532,43.9,4.9,mb,,,,1.2,us,usp0001ypb,2014-11-07T00:33:51.521Z,"96 km W of Ternate, Indonesia",earthquake,,9.2,,1.0,reviewed,us,us
1983-09-27T12:57:31.860Z,-63.537,172.332,10.0,5.1,mb,,,,0.7,us,usp0001yph,2025-12-19T20:58:53.402Z,Balleny Islands region,earthquake,,,,3.0,reviewed,us,us
1983-09-27T16:19:46.550Z,-11.404,165.391,33.0,5.3,mb,,,,1.0,us,usp0001ypp,2022-04-27T23:51:44.780Z,"87 km SSW of Lata, Solomon Islands",earthquake,,,,15.0,reviewed,us,us
1983-09-27T23:59:38.450Z,36.688,26.912,158.6,5.5,mb,,,,1.0,us,usp0001yps,2025-12-19T21:28:16.762Z,"7 km SW of Kéfalos, Greece",earthquake,,1.8,,57.0,reviewed,us,us
1983-09-28T01:56:54.720Z,-36.061,-110.938,10.0,5.0,mb,,,,0.8,us,usp0001ypt,2014-11-07T00:33:51.605Z,southern East Pacific Rise,earthquake,,,,7.0,reviewed,us,us
1983-09-28T06:57:08.860Z,-20.755,-179.196,625.0,4.9,mb,,,,1.1,us,usp0001ypv,2014-11-07T00:33:51.641Z,Fiji region,earthquake,,16.2,,3.0,reviewed,us,us
1983-09-28T07:59:13.900Z,41.187,132.511,522.1,5.1,mb,,,,1.0,us,usp0001ypz,2022-04-27T23:51:46.448Z,"177 km SSW of Vrangel’, Russia",earthquake,,,,77.0,reviewed,us,us
1983-09-28T08:04:47.600Z,41.17,132.455,513.1,5.1,mb,,,,0.9,us,usp0001yq0,2014-11-07T00:33:51.668Z,"180 km SSW of Vrangel’, Russia",earthquake,,,,68.0,reviewed,us,us
1983-09-28T08:34:02.090Z,39.111,53.756,33.0,4.7,mb,,,,1.1,us,usp0001yq2,2026-01-07T19:36:37.377Z,"68 km SW of Balkanabat, Turkmenistan",earthquake,,,,10.0,reviewed,us,us
1983-09-28T09:13:41.510Z,-4.643,142.794,99.3,5.1,mb,,,,1.0,us,usp0001yq3,2014-11-07T00:33:51.768Z,"47 km S of Ambunti, Papua New Guinea",earthquake,,4.7,,11.0,reviewed,us,us
1983-09-28T10:23:30.750Z,36.183,71.376,33.0,5.0,mb,,,,1.0,us,usp0001yq5,2014-11-07T00:33:51.774Z,"57 km SSW of Ashk?sham, Afghanistan",earthquake,,,,10.0,reviewed,us,us
1983-09-28T11:18:56.780Z,35.331,25.798,81.1,4.9,mb,,,,1.1,us,usp0001yq6,2014-11-07T00:33:51.777Z,"10 km NE of Eloúnda, Greece",earthquake,,3.1,,27.0,reviewed,us,us
1983-09-28T13:40:05.940Z,51.37,-179.684,33.0,4.6,mb,,,,1.1,us,usp0001yq8,2014-11-07T00:33:51.791Z,"218 km WSW of Adak, Alaska",earthquake,,,,6.0,reviewed,us,us
1983-09-28T14:07:19.850Z,50.797,-171.089,33.0,5.1,mb,,,,1.4,us,usp0001yqa,2014-11-07T00:33:51.795Z,"266 km SE of Atka, Alaska",earthquake,,,,2.0,reviewed,us,us
1983-09-28T15:10:39.490Z,1.113,100.059,209.0,5.1,mb,,,,0.8,us,usp0001yqc,2014-11-07T00:33:51.798Z,"92 km ESE of Padangsidempuan, Indonesia",earthquake,,3.6,,4.0,reviewed,us,us
1983-09-28T20:00:07.270Z,33.823,32.396,191.6,4.5,mb,,,,0.7,us,usp0001yqf,2014-11-07T00:33:51.803Z,"98 km SSW of Pissoúri, Cyprus",earthquake,,6.4,,4.0,reviewed,us,us
1983-09-28T21:02:33.460Z,11.52,43.097,5.3,5.1,mb,,,,1.0,us,usp0001yqg,2025-12-19T21:28:17.778Z,"9 km SW of Djibouti, Djibouti",earthquake,,2.2,,16.0,reviewed,us,us
1983-09-29T00:45:49.520Z,15.554,121.799,54.4,4.7,mb,,,,1.1,us,usp0001yqj,2014-11-07T00:33:51.815Z,"34 km SE of Suklayin, Philippines",earthquake,,5.0,,6.0,reviewed,us,us
1983-09-29T01:23:39.990Z,40.363,14.923,12.6,4.6,mb,,,,1.5,us,usp0001yqk,2014-11-07T00:33:51.818Z,"5 km WNW of Agropoli, Italy",earthquake,,3.5,,4.0,reviewed,us,us
1983-09-29T02:06:03.220Z,36.377,70.674,192.5,4.9,mb,,,,0.9,us,usp0001yqm,2014-11-07T00:33:51.823Z,"55 km SSW of Jurm, Afghanistan",earthquake,,7.3,,8.0,reviewed,us,us
1983-09-29T02:06:20.360Z,-11.177,115.371,33.0,5.6,mb,,,,1.2,us,usp0001yqn,2025-12-19T21:28:18.454Z,"263 km S of Nusa Dua, Indonesia",earthquake,,,,29.0,reviewed,us,us
1983-09-29T04:19:48.170Z,-10.653,165.881,147.6,5.1,mb,,,,1.1,us,usp0001yqp,2014-11-07T00:33:51.840Z,"12 km NE of Lata, Solomon Islands",earthquake,,6.9,,10.0,reviewed,us,us
1983-09-29T06:34:15.330Z,-12.723,-14.715,10.0,5.3,mb,,,,1.0,us,usp0001yqs,2025-12-19T21:28:19.225Z,southern Mid-Atlantic Ridge,earthquake,,,,20.0,reviewed,us,us
1983-09-29T06:48:50.260Z,-12.773,-14.607,10.0,5.0,mb,,,,0.8,us,usp0001yqt,2014-11-07T00:33:51.858Z,southern Mid-Atlantic Ridge,earthquake,,,,8.0,reviewed,us,us
1983-09-29T07:10:27.690Z,-5.821,149.163,119.0,4.7,mb,,,,1.5,us,usp0001yqu,2014-11-07T00:33:51.861Z,"60 km NW of Kandrian, Papua New Guinea",earthquake,,7.5,,5.0,reviewed,us,us
1983-09-29T07:11:14.170Z,34.59,24.132,33.0,4.8,mb,,,,1.2,us,usp0001yqv,2026-01-07T19:36:38.394Z,"27 km S of Kastrí, Greece",earthquake,,,,26.0,reviewed,us,us
1983-09-29T08:17:09.890Z,-22.77,-66.228,260.6,4.6,mb,,,,1.2,us,usp0001yqy,2014-11-07T00:33:51.888Z,"54 km W of Abra Pampa, Argentina",earthquake,,4.5,,3.0,reviewed,us,us
1983-09-29T10:55:31.620Z,-26.584,-70.743,29.9,5.2,mb,,,,1.3,us,usp0001yr0,2014-11-07T00:33:51.893Z,"73 km WSW of Diego de Almagro, Chile",earthquake,,,,9.0,reviewed,us,us
1983-09-29T15:21:11.910Z,10.936,-85.447,48.8,5.2,mb,,,,1.1,us,usp0001yr4,2025-12-19T21:28:20.063Z,"25 km SE of La Cruz, Costa Rica",earthquake,,,,31.0,reviewed,us,us
1983-09-29T16:25:38.740Z,-7.903,27.817,10.0,4.5,mb,,,,1.5,us,usp0001yr5,2014-11-07T00:33:51.916Z,"188 km NNW of Nchelenge, Zambia",earthquake,,,,1.0,reviewed,us,us
1983-09-29T17:35:54.750Z,-36.647,177.588,105.0,4.6,mb,,,,0.7,us,usp0001yr6,2014-11-07T00:33:51.919Z,"153 km N of Opotiki, New Zealand",earthquake,,13.6,,1.0,reviewed,us,us
1983-09-30T05:03:33.010Z,-7.389,128.486,162.5,4.8,mb,,,,1.3,us,usp0001yr9,2014-11-07T00:33:51.924Z,"Kepulauan Barat Daya, Indonesia",earthquake,,29.1,,2.0,reviewed,us,us
1983-09-30T05:39:47.170Z,-6.623,146.727,47.7,4.9,mb,,,,0.8,us,usp0001yra,2014-11-07T00:33:51.925Z,"31 km WNW of Lae, Papua New Guinea",earthquake,,5.4,,4.0,reviewed,us,us
1983-09-30T08:31:18.360Z,-7.634,-13.497,10.0,4.8,mb,,,,0.8,us,usp0001yrd,2014-11-07T00:33:51.930Z,"106 km ENE of Georgetown, Saint Helena",earthquake,,,,2.0,reviewed,us,us
1983-09-30T10:54:29.220Z,15.335,122.083,33.0,4.9,mb,,,,1.4,us,usp0001yrf,2014-11-07T00:33:51.933Z,"40 km N of Karligan, Philippines",earthquake,,,,1.0,reviewed,us,us
1983-09-30T11:24:13.870Z,13.163,50.981,10.0,5.3,mb,,,,1.3,us,usp0001yrg,2014-11-07T00:33:51.935Z,"134 km N of Caluula, Somalia",earthquake,,,,3.0,reviewed,us,us
1983-09-30T12:10:33.000Z,-10.555,164.208,33.0,5.1,mb,,,,1.1,us,usp0001yrj,2014-11-07T00:33:51.942Z,"174 km W of Lata, Solomon Islands",earthquake,,,,8.0,reviewed,us,us
1983-09-30T15:20:34.540Z,33.777,131.972,83.8,4.5,mb,,,,0.4,us,usp0001yrn,2014-11-07T00:33:51.949Z,"19 km S of Hikari, Japan",earthquake,,1.9,,2.0,reviewed,us,us
1983-09-30T16:14:00.360Z,37.5563333,-118.8195,8.192,4.8,ml,21.0,110.0,0.03423,0.03,nc,nc1104032,2018-06-04T20:43:45.000Z,"9 km W of Aspen Springs, California",earthquake,0.39,0.58,,0.0,reviewed,nc,nc
1983-09-30T16:24:17.840Z,1.051,126.172,88.3,5.0,mb,,,,1.1,us,usp0001yrr,2014-11-07T00:33:51.954Z,"137 km WNW of Ternate, Indonesia",earthquake,,10.3,,4.0,reviewed,us,us
1983-09-30T17:31:22.290Z,-21.212,-179.072,637.9,5.3,mb,,,,1.0,us,usp0001yrs,2014-11-07T00:33:51.957Z,Fiji region,earthquake,,4.9,,20.0,reviewed,us,us
1983-09-30T18:39:25.410Z,14.875,-94.451,33.0,5.0,mb,,,,1.1,us,usp0001yrt,2014-11-07T00:33:51.964Z,"off the coast of Chiapas, Mexico",earthquake,,,,32.0,reviewed,us,us
1983-09-30T18:58:14.340Z,11.912,43.267,10.0,5.5,mb,,,,1.0,us,usp0001yru,2025-12-19T21:28:21.357Z,"6 km SSW of Obock, Djibouti",earthquake,,,,53.0,reviewed,us,us
1983-09-30T19:39:45.600Z,11.927,43.159,10.0,4.7,mb,,,,0.7,us,usp0001yrv,2014-11-07T00:33:51.984Z,"14 km WSW of Obock, Djibouti",earthquake,,,,5.0,reviewed,us,us
1983-09-30T20:09:44.480Z,11.742,43.198,10.0,5.1,mb,,,,0.8,us,usp0001yrw,2014-11-07T00:33:51.986Z,"17 km NNE of Djibouti, Djibouti",earthquake,,,,9.0,reviewed,us,us
1983-09-30T22:18:52.040Z,30.591,141.543,33.0,5.1,mb,,,,1.2,us,usp0001ys0,2026-01-07T19:36:39.221Z,"Izu Islands, Japan region",earthquake,,,,21.0,reviewed,us,us
1983-09-30T23:11:22.310Z,-10.394,116.967,33.0,5.2,mb,,,,1.2,us,usp0001ys3,2014-11-07T00:33:52.008Z,"201 km SSE of Praya, Indonesia",earthquake,,,,7.0,reviewed,us,us
1983-10-01T03:05:44.590Z,-10.109,160.627,33.0,5.4,mb,,,,0.9,us,usp0001ys5,2014-11-07T00:33:53.919Z,"105 km SE of Honiara, Solomon Islands",earthquake,,,,3.0,reviewed,us,us
1983-10-01T07:15:17.810Z,38.637,70.434,33.0,4.8,mb,,,,0.7,us,usp0001ys8,2022-04-27T23:47:11.536Z,"43 km S of Rasht, Tajikistan",earthquake,,,,18.0,reviewed,us,us
1983-10-01T12:57:57.860Z,45.628,150.762,33.0,5.5,ms,,,,0.9,us,usp0001ysb,2025-12-19T21:27:11.129Z,"230 km E of Kuril’sk, Russia",earthquake,,,,8.0,reviewed,us,us
1983-10-01T13:03:22.030Z,45.468,150.721,33.0,5.1,mb,,,,0.6,us,usp0001ysc,2014-11-07T00:33:54.627Z,"224 km E of Kuril’sk, Russia",earthquake,,,,16.0,reviewed,us,us
1983-10-01T15:45:24.120Z,42.719,79.068,33.0,4.9,mb,,,,0.9,us,usp0001ysd,2026-01-07T19:36:03.311Z,"35 km SSW of Kegen, Kazakhstan",earthquake,,,,14.0,reviewed,us,us
1983-10-01T19:39:01.490Z,-1.261,138.728,33.0,5.1,mb,,,,1.0,us,usp0001ysg,2014-11-07T00:33:54.714Z,"258 km NW of Abepura, Indonesia",earthquake,,,,9.0,reviewed,us,us
1983-10-01T21:48:24.930Z,13.363,-89.666,75.8,4.6,mb,,,,0.8,us,usp0001ysj,2014-11-07T00:33:54.781Z,"30 km SE of Acajutla, El Salvador",earthquake,,4.3,,5.0,reviewed,us,us
1983-10-01T23:35:55.670Z,55.696,161.383,33.0,5.0,mb,,,,0.9,us,usp0001ysk,2014-11-07T00:33:54.904Z,"77 km SSE of Klyuchi, Russia",earthquake,,,,18.0,reviewed,us,us
1983-10-02T00:24:24.780Z,-8.142,105.544,33.0,5.1,mb,,,,0.6,us,usp0001ysm,2014-11-07T00:33:54.935Z,"169 km SW of Pelabuhanratu, Indonesia",earthquake,,,,4.0,reviewed,us,us
1983-10-02T00:32:48.640Z,36.45,141.016,56.0,5.0,mb,,,,0.9,us,usp0001ysn,2025-12-19T21:27:11.926Z,"36 km ESE of Hitachi, Japan",earthquake,,2.1,,20.0,reviewed,us,us
1983-10-02T09:27:46.660Z,36.282,70.326,218.0,4.7,mb,,,,0.6,us,usp0001ysp,2014-11-07T00:33:54.988Z,"52 km SE of Farkh?r, Afghanistan",earthquake,,7.0,,6.0,reviewed,us,us
1983-10-02T15:18:09.510Z,-6.627,154.552,67.8,5.6,mb,,,,1.1,us,usp0001ysq,2022-04-27T23:47:15.183Z,"108 km WSW of Panguna, Papua New Guinea",earthquake,,5.3,,11.0,reviewed,us,us
1983-10-02T19:13:16.100Z,-3.41,145.225,33.0,5.0,mb,,,,1.2,us,usp0001ysr,2014-11-07T00:33:55.032Z,"147 km ENE of Angoram, Papua New Guinea",earthquake,,,,1.0,reviewed,us,us
1983-10-02T21:03:23.500Z,28.122,92.532,33.0,4.9,mb,,,,0.8,us,usp0001yss,2026-01-07T19:36:04.064Z,"85 km NE of Tawang, India",earthquake,,,,20.0,reviewed,us,us
1983-10-02T23:02:14.840Z,-34.322,-107.757,10.0,5.3,mb,,,,1.2,us,usp0001yst,2014-11-07T00:33:55.078Z,southern East Pacific Rise,earthquake,,,,6.0,reviewed,us,us
1983-10-03T03:58:30.550Z,0.157,126.127,53.6,4.6,mb,,,,1.0,us,usp0001ysw,2014-11-07T00:33:55.108Z,"156 km WSW of Ternate, Indonesia",earthquake,,8.4,,5.0,reviewed,us,us
1983-10-03T11:15:05.190Z,37.232,43.665,10.0,4.6,mb,,,,1.1,us,usp0001yt0,2014-11-07T00:33:55.160Z,"4 km ESE of Çukurca, Turkey",earthquake,,,,11.0,reviewed,us,us
1983-10-03T13:33:35.070Z,33.941,139.513,12.4,6.0,mw,,,,1.0,us,usp0001yt1,2025-12-19T21:27:12.780Z,"96 km SSE of Shimoda, Japan",earthquake,,0.9,,,reviewed,us,nc
1983-10-03T14:20:12.900Z,20.071,145.658,121.1,5.0,mb,,,,0.8,us,usp0001yt2,2014-11-07T00:33:55.372Z,"Maug Islands region, Northern Mariana Islands",earthquake,,7.0,,5.0,reviewed,us,us
1983-10-03T23:29:55.720Z,27.075,127.673,92.0,4.7,mb,,,,0.7,us,usp0001yt5,2014-11-07T00:33:55.474Z,"59 km NNW of Nago, Japan",earthquake,,3.2,,4.0,reviewed,us,us
1983-10-04T03:01:40.750Z,33.938,139.545,10.4,4.9,mb,,,,1.2,us,usp0001yt7,2025-12-19T21:27:13.613Z,"98 km SE of Shimoda, Japan",earthquake,,2.1,,8.0,reviewed,us,us
1983-10-04T03:10:01.370Z,20.126,121.392,33.0,5.5,ms,,,,1.0,us,usp0001yt8,2025-12-19T21:27:14.462Z,"70 km WSW of Basco, Philippines",earthquake,,,,2.0,reviewed,us,us
1983-10-04T04:44:56.540Z,33.906,139.479,18.3,4.8,mb,,,,1.2,us,usp0001yt9,2025-12-19T21:27:15.173Z,"98 km SSE of Shimoda, Japan",earthquake,,3.7,,5.0,reviewed,us,us
1983-10-04T13:14:02.750Z,-4.695,151.263,251.5,5.1,mb,,,,0.9,us,usp0001ytf,2025-12-19T21:27:16.036Z,"113 km WSW of Rabaul, Papua New Guinea",earthquake,,3.6,,12.0,reviewed,us,us
1983-10-04T16:41:36.800Z,33.946,139.445,17.1,4.6,mb,,,,1.3,us,usp0001ytg,2014-11-07T00:33:55.677Z,"93 km SSE of Shimoda, Japan",earthquake,,4.7,,2.0,reviewed,us,us
1983-10-04T18:52:13.300Z,-26.535,-70.563,14.8,7.4,mw,,,,1.2,us,usp0001ytj,2025-12-19T21:27:16.800Z,"54 km WSW of Diego de Almagro, Chile",earthquake,,3.5,,,reviewed,us,nc
1983-10-04T19:26:58.050Z,-26.339,-70.654,31.2,5.7,mb,,,,1.1,us,usp0001ytk,2022-04-27T23:47:19.850Z,"60 km W of Diego de Almagro, Chile",earthquake,,3.6,,25.0,reviewed,us,us
1983-10-04T22:57:41.750Z,-26.442,-70.52,33.0,5.0,mb,,,,0.8,us,usp0001ytn,2014-11-07T00:33:55.918Z,"47 km W of Diego de Almagro, Chile",earthquake,,,,4.0,reviewed,us,us
1983-10-05T03:29:37.040Z,24.07,121.768,33.0,5.0,mb,,,,1.3,us,usp0001ytr,2026-01-07T19:36:06.651Z,"19 km ENE of Hualien City, Taiwan",earthquake,,,,9.0,reviewed,us,us
1983-10-05T04:30:13.090Z,-35.629,78.231,10.0,5.3,mb,,,,1.1,us,usp0001ytt,2014-11-07T00:33:56.004Z,Mid-Indian Ridge,earthquake,,,,4.0,reviewed,us,us
1983-10-05T10:01:35.560Z,4.732,126.868,72.0,4.8,mb,,,,1.2,us,usp0001ytw,2014-11-07T00:33:56.018Z,"172 km ESE of Sarangani, Philippines",earthquake,,8.0,,7.0,reviewed,us,us
1983-10-05T15:32:11.090Z,-6.725,147.572,75.5,5.2,mb,,,,1.0,us,usp0001ytx,2014-11-07T00:33:56.027Z,"35 km WSW of Finschhafen, Papua New Guinea",earthquake,,3.3,,9.0,reviewed,us,us
1983-10-05T19:20:21.450Z,-0.865,120.679,68.0,4.6,mb,,,,1.0,us,usp0001ytz,2014-11-07T00:33:56.044Z,"59 km N of Poso, Indonesia",earthquake,,9.1,,6.0,reviewed,us,us
1983-10-06T01:47:06.560Z,49.932,78.843,0.0,6.0,mb,,,,0.9,us,usp0001yu0,2014-11-07T00:33:56.050Z,"94 km SSE of Kurchatov, Kazakhstan",nuclear explosion,,,,100.0,reviewed,us,us
1983-10-06T04:05:32.260Z,49.133,-28.439,10.0,4.7,mb,,,,1.1,us,usp0001yu2,2014-11-07T00:33:56.120Z,northern Mid-Atlantic Ridge,earthquake,,,,18.0,reviewed,us,us
1983-10-06T06:01:34.070Z,-26.325,-71.271,33.0,5.0,mb,,,,1.2,us,usp0001yu5,2014-11-07T00:33:56.144Z,"121 km W of Diego de Almagro, Chile",earthquake,,,,1.0,reviewed,us,us
1983-10-06T10:00:02.810Z,41.566,88.766,33.0,5.5,mb,,,,0.9,us,usp0001yu6,2015-06-16T15:42:09.957Z,"157 km SSW of Turpan, China",nuclear explosion,,,,56.0,reviewed,us,us
1983-10-06T10:10:35.410Z,34.631,141.37,58.1,5.0,mb,,,,1.0,us,usp0001yu7,2014-11-07T00:33:56.191Z,"112 km ESE of Katsuura, Japan",earthquake,,6.8,,6.0,reviewed,us,us
1983-10-06T11:10:11.160Z,62.485,-151.4,97.8,5.4,mb,,,,0.9,us,usp0001yu9,2022-04-27T23:47:20.994Z,"32 km W of Petersville, Alaska",earthquake,,1.4,,68.0,reviewed,us,us
1983-10-06T15:01:48.400Z,-26.724,-70.908,19.7,5.5,mb,,,,1.2,us,usp0001yua,2022-04-27T23:47:22.227Z,"91 km NW of Copiapó, Chile",earthquake,,4.4,,4.0,reviewed,us,us
1983-10-06T19:26:16.130Z,10.076,126.108,60.0,4.9,mb,,,,1.1,us,usp0001yub,2026-01-07T19:36:07.423Z,"9 km NE of Santa Monica, Philippines",earthquake,,5.9,,13.0,reviewed,us,us
1983-10-06T20:05:31.580Z,-16.293,67.056,10.0,5.0,mb,,,,1.2,us,usp0001yud,2014-11-07T00:33:56.307Z,Mid-Indian Ridge,earthquake,,,,2.0,reviewed,us,us
1983-10-06T21:56:58.600Z,-25.749,-70.318,33.0,4.9,mb,,,,1.0,us,usp0001yuf,2014-11-07T00:33:56.319Z,"41 km SSE of Taltal, Chile",earthquake,,,,1.0,reviewed,us,us
1983-10-07T04:14:04.090Z,37.961,23.259,136.5,4.6,mb,,,,1.2,us,usp0001yun,2014-11-07T00:33:56.353Z,"4 km ESE of Kinéta, Greece",earthquake,,3.1,,25.0,reviewed,us,us
1983-10-07T05:20:43.790Z,-4.657,103.543,112.2,5.1,mb,,,,1.2,us,usp0001yuq,2025-12-19T21:27:17.551Z,"77 km SSE of Pagar Alam, Indonesia",earthquake,,5.1,,12.0,reviewed,us,us
1983-10-07T06:38:09.410Z,13.98,144.815,115.8,4.6,mb,,,,0.7,us,usp0001yus,2014-11-07T00:33:56.427Z,"49 km N of Yigo Village, Guam",earthquake,,2.4,,2.0,reviewed,us,us
1983-10-07T07:46:48.960Z,-21.512,-68.22,117.4,4.8,mb,,,,1.4,us,usp0001yuu,2014-11-07T00:33:56.523Z,"127 km NE of Calama, Chile",earthquake,,6.5,,3.0,reviewed,us,us
1983-10-07T10:18:46.150Z,43.938,-74.258,12.5,5.1,mb,,,,,us,usp0001yuv,2020-07-07T23:39:14.629Z,"8 km WSW of Newcomb, New York",earthquake,,,,35.0,reviewed,pal,us
1983-10-07T17:31:02.060Z,47.519,153.594,33.0,5.0,mb,,,,0.8,us,usp0001yv2,2014-11-07T00:33:56.907Z,Kuril Islands,earthquake,,,,15.0,reviewed,us,us
1983-10-07T20:05:17.220Z,23.969,122.584,33.0,5.1,mb,,,,1.1,us,usp0001yv4,2025-12-19T21:27:18.257Z,"69 km SW of Yonakuni, Japan",earthquake,,,,26.0,reviewed,us,us
1983-10-08T01:44:34.450Z,39.304,139.758,38.8,4.5,mb,,,,1.1,us,usp0001yv6,2014-11-07T00:33:56.995Z,"35 km NNW of Yuza, Japan",earthquake,,5.9,,2.0,reviewed,us,us
1983-10-08T07:45:26.680Z,44.229,130.741,557.9,6.1,mw,,,,1.0,us,usp0001yv8,2022-04-27T23:47:23.365Z,"35 km WNW of Dongning, China",earthquake,,2.1,,,reviewed,us,nc
1983-10-08T08:34:31.420Z,-49.612,117.515,10.0,5.0,mb,,,,0.8,us,usp0001yv9,2014-11-07T00:33:57.180Z,western Indian-Antarctic Ridge,earthquake,,,,5.0,reviewed,us,us
1983-10-08T12:42:04.400Z,-39.832,78.483,10.0,5.0,mb,,,,0.5,us,usp0001yvc,2014-11-07T00:33:57.200Z,Mid-Indian Ridge,earthquake,,,,4.0,reviewed,us,us
1983-10-08T15:38:46.310Z,-6.691,147.434,74.0,4.8,mb,,,,0.8,us,usp0001yve,2014-11-07T00:33:57.209Z,"47 km WSW of Finschhafen, Papua New Guinea",earthquake,,3.3,,5.0,reviewed,us,us
1983-10-08T18:40:53.470Z,52.688,159.427,33.0,4.9,mb,,,,0.7,us,usp0001yvf,2014-11-07T00:33:57.213Z,"65 km SE of Petropavlovsk-Kamchatsky, Russia",earthquake,,,,26.0,reviewed,us,us
1983-10-08T22:33:32.000Z,-5.458,146.02,58.6,5.8,mw,,,,1.0,us,usp0001yvj,2025-12-19T20:58:47.234Z,"36 km SE of Madang, Papua New Guinea",earthquake,,,,,reviewed,us,nc
1983-10-09T04:51:19.220Z,5.7,94.599,33.0,5.0,mb,,,,1.1,us,usp0001yvp,2014-11-07T00:33:57.287Z,"82 km WSW of Sabang, Indonesia",earthquake,,,,18.0,reviewed,us,us
1983-10-09T09:07:49.780Z,-10.659,164.115,55.6,4.7,mb,,,,1.2,us,usp0001yvq,2014-11-07T00:33:57.305Z,"184 km W of Lata, Solomon Islands",earthquake,,11.3,,6.0,reviewed,us,us
1983-10-09T09:16:51.550Z,38.594,72.249,33.0,4.8,mb,,,,1.0,us,usp0001yvr,2014-11-07T00:33:57.309Z,"95 km SE of Karakenja, Tajikistan",earthquake,,,,10.0,reviewed,us,us
1983-10-09T11:25:40.580Z,-26.135,-70.518,16.1,6.7,mw,,,,1.1,us,usp0001yvs,2025-12-19T21:27:19.137Z,"53 km WNW of Diego de Almagro, Chile",earthquake,,3.4,,,reviewed,us,nc
1983-10-09T15:25:36.760Z,28.905,61.295,33.0,4.6,mb,,,,0.9,us,usp0001yvt,2014-11-07T00:33:57.401Z,"76 km N of Kh?sh, Iran",earthquake,,,,8.0,reviewed,us,us
1983-10-10T03:33:22.670Z,-5.818,103.163,37.7,5.6,mb,,,,1.1,us,usp0001yvz,2025-12-19T21:27:19.941Z,"198 km S of Pagar Alam, Indonesia",earthquake,,,,21.0,reviewed,us,us
1983-10-10T03:51:41.030Z,38.658,12.916,11.2,5.0,mb,,,,1.1,us,usp0001yw0,2014-11-07T00:33:57.497Z,"24 km WSW of Ustica, Italy",earthquake,,3.3,,4.0,reviewed,us,us
1983-10-10T04:30:19.820Z,11.603,125.396,69.1,5.0,mb,,,,1.2,us,usp0001yw2,2014-11-07T00:33:57.526Z,"3 km W of Borongan, Philippines",earthquake,,5.4,,4.0,reviewed,us,us
1983-10-10T06:21:03.950Z,19.248,-108.223,10.0,4.6,mb,,,,0.9,us,usp0001yw3,2014-11-07T00:33:57.562Z,Revilla Gigedo Islands region,earthquake,,,,7.0,reviewed,us,us
1983-10-10T06:34:35.030Z,-28.39,-67.549,136.3,4.6,mb,,,,0.8,us,usp0001yw4,2014-11-07T00:33:57.587Z,"36 km S of Tinogasta, Argentina",earthquake,,2.9,,2.0,reviewed,us,us
1983-10-10T07:43:52.710Z,-28.167,-67.279,122.5,4.8,mb,,,,1.1,us,usp0001yw5,2014-11-07T00:33:57.610Z,"30 km ESE of Tinogasta, Argentina",earthquake,,3.7,,8.0,reviewed,us,us
1983-10-10T10:16:58.230Z,40.267,25.319,10.0,5.1,ms,,,,1.1,us,usp0001yw8,2025-12-19T21:27:20.715Z,"26 km SSW of Kamariótissa, Greece",earthquake,,,,5.0,reviewed,us,us
1983-10-10T10:24:05.810Z,60.388,-140.88,15.0,4.9,mb,,,,1.4,us,usp0001yw9,2014-11-07T00:33:57.696Z,"113 km NW of Yakutat, Alaska",earthquake,,,,5.0,reviewed,us,us
1983-10-10T10:29:52.400Z,17.793,120.247,63.4,4.9,mb,,,,1.6,us,usp0001ywa,2014-11-07T00:33:57.776Z,"17 km NW of Puro Pinget, Philippines",earthquake,,6.8,,8.0,reviewed,us,us
1983-10-10T14:09:47.220Z,-18.413,-177.88,520.7,5.2,mb,,,,1.2,us,usp0001ywd,2014-11-07T00:33:58.114Z,"298 km E of Levuka, Fiji",earthquake,,4.7,,23.0,reviewed,us,us
1983-10-10T16:51:51.690Z,51.063,-178.073,50.2,5.0,mb,,,,0.8,us,usp0001ywg,2014-11-07T00:33:58.139Z,"134 km SW of Adak, Alaska",earthquake,,4.1,,25.0,reviewed,us,us
1983-10-10T17:46:42.810Z,-29.817,-71.644,33.0,5.2,mb,,,,1.4,us,usp0001ywh,2014-11-07T00:33:58.152Z,"33 km WNW of Coquimbo, Chile",earthquake,,,,2.0,reviewed,us,us
1983-10-10T19:15:32.450Z,51.127,-178.075,50.0,4.7,mb,,,,1.1,us,usp0001ywj,2014-11-07T00:33:58.162Z,"130 km SW of Adak, Alaska",earthquake,,9.1,,8.0,reviewed,us,us
1983-10-10T22:01:42.020Z,39.53,14.153,388.4,4.7,mb,,,,1.1,us,usp0001ywp,2014-11-07T00:33:58.179Z,"105 km SW of Montecorice, Italy",earthquake,,2.6,,35.0,reviewed,us,us
1983-10-10T23:32:37.880Z,4.285,96.538,129.5,4.6,mb,,,,1.1,us,usp0001ywr,2014-11-07T00:33:58.261Z,"48 km ENE of Meulaboh, Indonesia",earthquake,,7.5,,6.0,reviewed,us,us
1983-10-11T00:50:36.570Z,-31.177,-13.404,10.0,5.0,mb,,,,0.7,us,usp0001yws,2014-11-07T00:33:58.269Z,southern Mid-Atlantic Ridge,earthquake,,,,13.0,reviewed,us,us
1983-10-11T03:39:08.820Z,75.62,122.494,10.0,4.7,mb,,,,0.7,us,usp0001ywv,2014-11-07T00:33:58.287Z,Laptev Sea,earthquake,,,,10.0,reviewed,us,us
1983-10-11T10:05:36.660Z,-3.734,-79.07,86.1,5.1,mb,,,,1.0,us,usp0001yx6,2014-11-07T00:33:58.365Z,"32 km NNE of Loja, Ecuador",earthquake,,5.2,,22.0,reviewed,us,us
1983-10-11T10:26:27.580Z,-10.581,164.198,36.2,5.2,mb,,,,1.2,us,usp0001yx7,2014-11-07T00:33:58.379Z,Santa Cruz Islands region,earthquake,,8.0,,9.0,reviewed,us,us
1983-10-11T13:17:44.950Z,7.047,-82.31,10.0,4.5,mb,,,,0.9,us,usp0001yxa,2014-11-07T00:33:58.400Z,"125 km SSE of Punta de Burica, Panama",earthquake,,,,9.0,reviewed,us,us
1983-10-11T20:28:08.710Z,15.84,146.836,51.8,5.2,mb,,,,1.2,us,usp0001yxe,2026-01-07T19:36:09.863Z,"135 km ENE of Saipan, Northern Mariana Islands",earthquake,,9.8,,18.0,reviewed,us,us
1983-10-11T22:21:44.510Z,37.714,72.101,103.9,4.7,mb,,,,1.2,us,usp0001yxf,2014-11-07T00:33:58.423Z,"54 km ENE of Khorugh, Tajikistan",earthquake,,7.3,,8.0,reviewed,us,us
1983-10-11T22:41:10.970Z,27.157,-44.497,10.0,5.7,ms,,,,1.1,us,usp0001yxh,2025-12-19T21:27:21.416Z,northern Mid-Atlantic Ridge,earthquake,,,,17.0,reviewed,us,us
1983-10-12T02:22:45.710Z,-2.801,128.501,33.0,4.8,mb,,,,1.4,us,usp0001yxm,2014-11-07T00:33:58.470Z,"75 km NW of Amahai, Indonesia",earthquake,,,,3.0,reviewed,us,us
1983-10-12T02:23:57.010Z,-2.948,128.13,31.3,5.5,ms,,,,1.4,us,usp0001yxn,2025-12-19T21:27:22.316Z,"82 km N of Ambon, Indonesia",earthquake,,,,6.0,reviewed,us,us
1983-10-12T02:44:41.290Z,33.521,75.464,33.0,4.6,mb,,,,1.4,us,usp0001yxq,2020-08-26T22:58:59.395Z,"26 km ENE of Banih?l, India",earthquake,,,,2.0,reviewed,us,us
1983-10-12T03:39:38.790Z,8.055,-82.741,20.2,5.7,mb,,,,1.0,us,usp0001yxr,2025-12-19T21:27:23.147Z,"14 km E of Punta de Burica, Panama",earthquake,,5.3,,76.0,reviewed,us,us
1983-10-12T03:57:56.030Z,5.631,126.275,121.7,4.8,mb,,,,0.5,us,usp0001yxs,2014-11-07T00:33:58.529Z,"77 km ESE of Caburan, Philippines",earthquake,,3.7,,1.0,reviewed,us,us
1983-10-12T11:33:13.980Z,-25.602,-70.788,27.1,5.2,mb,,,,1.1,us,usp0001yxx,2014-11-07T00:33:58.548Z,"37 km SW of Taltal, Chile",earthquake,,3.7,,11.0,reviewed,us,us
1983-10-12T12:42:12.020Z,47.345,153.831,33.0,5.1,mb,,,,0.9,us,usp0001yxy,2014-11-07T00:33:58.556Z,Kuril Islands,earthquake,,,,20.0,reviewed,us,us
1983-10-12T13:12:07.940Z,13.657,-90.986,67.5,5.1,mb,,,,1.1,us,usp0001yxz,2025-12-19T21:27:23.864Z,"34 km SSW of Puerto San José, Guatemala",earthquake,,2.1,,33.0,reviewed,us,us
1983-10-12T13:46:21.160Z,2.438,128.19,89.7,4.7,mb,,,,0.9,us,usp0001yy0,2014-11-07T00:33:58.599Z,"80 km NNE of Tobelo, Indonesia",earthquake,,8.1,,4.0,reviewed,us,us
1983-10-12T15:13:00.870Z,-6.654,147.747,36.2,4.5,mb,,,,1.0,us,usp0001yy5,2014-11-07T00:33:58.679Z,"15 km SW of Finschhafen, Papua New Guinea",earthquake,,6.6,,5.0,reviewed,us,us
1983-10-12T15:42:08.820Z,40.266,68.834,33.0,4.7,mb,,,,1.2,us,usp0001yy6,2014-11-07T00:33:58.682Z,"1 km SE of Yangiyer, Uzbekistan",earthquake,,,,12.0,reviewed,us,us
1983-10-12T21:23:18.420Z,18.599,119.382,10.0,4.9,mb,,,,1.1,us,usp0001yyd,2026-01-07T19:36:11.455Z,"126 km W of Davila, Philippines",earthquake,,,,10.0,reviewed,us,us
1983-10-13T00:38:45.670Z,10.498,93.831,33.0,4.7,mb,,,,1.0,us,usp0001yyf,2014-11-07T00:33:58.818Z,"175 km SE of Port Blair, India",earthquake,,,,10.0,reviewed,us,us
1983-10-13T03:27:11.350Z,-3.658,137.525,33.0,5.2,mb,,,,1.0,us,usp0001yyg,2014-11-07T00:33:58.843Z,"227 km E of Nabire, Indonesia",earthquake,,,,8.0,reviewed,us,us
1983-10-13T04:30:16.750Z,59.771,-152.212,80.5,4.6,mb,,,,1.2,us,usp0001yyj,2014-11-07T00:33:58.902Z,"21 km W of Anchor Point, Alaska",earthquake,,4.7,,6.0,reviewed,us,us
1983-10-13T05:02:41.510Z,-6.38,125.26,571.6,5.3,mb,,,,0.9,us,usp0001yyk,2014-11-07T00:33:58.924Z,"243 km N of Dili, Timor Leste",earthquake,,1.7,,20.0,reviewed,us,us
1983-10-13T05:41:31.100Z,21.808,144.541,108.5,4.7,mb,,,,1.0,us,usp0001yyn,2014-11-07T00:33:59.127Z,Mariana Islands region,earthquake,,6.6,,9.0,reviewed,us,us
1983-10-13T09:00:31.080Z,-26.182,-71.034,8.6,5.3,mb,,,,1.1,us,usp0001yyt,2014-11-07T00:33:59.145Z,"100 km WNW of Diego de Almagro, Chile",earthquake,,2.6,,20.0,reviewed,us,us
1983-10-13T10:01:40.810Z,41.694,144.391,29.8,5.5,ms,,,,1.0,us,usp0001yyw,2025-12-19T21:27:24.559Z,"142 km S of Kushiro, Japan",earthquake,,2.3,,5.0,reviewed,us,us
1983-10-13T11:42:18.400Z,13.776,-91.432,74.1,5.1,mb,,,,1.1,us,usp0001yz0,2014-11-07T00:33:59.276Z,"49 km SSW of Nueva Concepción, Guatemala",earthquake,,4.0,,25.0,reviewed,us,us
1983-10-13T12:22:15.100Z,24.457,-46.279,10.0,5.5,mb,,,,0.9,us,usp0001yz2,2022-04-27T23:47:55.061Z,northern Mid-Atlantic Ridge,earthquake,,,,52.0,reviewed,us,us
1983-10-13T12:37:10.820Z,24.452,-46.144,10.0,4.9,mb,,,,0.7,us,usp0001yz3,2014-11-07T00:33:59.306Z,northern Mid-Atlantic Ridge,earthquake,,,,9.0,reviewed,us,us
1983-10-13T12:48:07.330Z,24.309,-46.379,10.0,4.8,mb,,,,1.0,us,usp0001yz5,2014-11-07T00:33:59.310Z,northern Mid-Atlantic Ridge,earthquake,,,,11.0,reviewed,us,us
1983-10-13T12:51:38.000Z,24.399,-46.29,10.0,4.8,mb,,,,0.7,us,usp0001yz6,2014-11-07T00:33:59.313Z,northern Mid-Atlantic Ridge,earthquake,,,,7.0,reviewed,us,us
1983-10-13T13:06:38.220Z,-0.854,-21.816,10.0,5.6,mb,,,,0.9,us,usp0001yz7,2025-12-19T21:27:25.246Z,central Mid-Atlantic Ridge,earthquake,,,,64.0,reviewed,us,us
1983-10-13T13:30:07.190Z,24.331,-46.128,10.0,4.7,mb,,,,1.1,us,usp0001yz8,2014-11-07T00:33:59.335Z,northern Mid-Atlantic Ridge,earthquake,,,,3.0,reviewed,us,us
1983-10-13T17:01:45.260Z,-17.372,-178.489,564.5,4.7,mb,,,,0.9,us,usp0001yzc,2014-11-07T00:33:59.345Z,"245 km ENE of Levuka, Fiji",earthquake,,4.3,,6.0,reviewed,us,us
1983-10-13T22:00:10.740Z,-29.396,-13.685,10.0,4.5,mb,,,,1.1,us,usp0001yze,2014-11-07T00:33:59.350Z,southern Mid-Atlantic Ridge,earthquake,,,,3.0,reviewed,us,us
1983-10-13T22:36:59.060Z,38.699,141.842,71.3,5.3,mb,,,,0.9,us,usp0001yzh,2026-01-07T19:36:12.339Z,"42 km SSE of ?funato, Japan",earthquake,,1.7,,42.0,reviewed,us,us
1983-10-13T23:27:33.430Z,7.331,-34.662,10.0,5.4,mb,,,,0.9,us,usp0001yzk,2025-12-19T21:27:26.169Z,central Mid-Atlantic Ridge,earthquake,,,,46.0,reviewed,us,us
1983-10-13T23:41:15.860Z,-33.772,-179.209,33.0,4.5,mb,,,,1.0,us,usp0001yzm,2014-11-07T00:33:59.473Z,south of the Kermadec Islands,earthquake,,,,1.0,reviewed,us,us
1983-10-14T02:15:42.860Z,31.069,141.573,33.0,5.2,ms,,,,1.0,us,usp0001yzp,2026-01-07T19:36:13.174Z,"Izu Islands, Japan region",earthquake,,,,2.0,reviewed,us,us
1983-10-14T05:26:54.580Z,13.585,120.502,66.9,4.7,mb,,,,0.6,us,usp0001yzt,2014-11-07T00:33:59.489Z,"16 km NNE of Harrison, Philippines",earthquake,,8.9,,4.0,reviewed,us,us
1983-10-14T06:36:46.550Z,-26.871,-71.132,33.0,5.0,mb,,,,1.3,us,usp0001yzv,2014-11-07T00:33:59.492Z,"96 km NW of Copiapó, Chile",earthquake,,,,9.0,reviewed,us,us
1983-10-14T09:55:59.670Z,-26.469,-70.76,33.0,4.5,mb,,,,1.1,us,usp0001yzy,2014-11-07T00:33:59.501Z,"71 km W of Diego de Almagro, Chile",earthquake,,,,1.0,reviewed,us,us
1983-10-14T14:03:26.780Z,32.13,131.223,119.7,4.9,mb,,,,0.9,us,usp0001z00,2014-11-07T00:33:59.505Z,"17 km W of Tsuma, Japan",earthquake,,1.7,,21.0,reviewed,us,us
1983-10-14T17:26:37.580Z,61.825,-149.633,62.0,4.8,mb,,,,0.8,us,usp0001z03,2014-11-07T00:33:59.515Z,"22 km N of Meadow Lakes, Alaska",earthquake,,3.0,,5.0,reviewed,us,us
1983-10-14T23:03:29.340Z,-15.853,-173.309,33.0,5.0,mb,,,,1.0,us,usp0001z08,2014-11-07T00:33:59.526Z,"53 km ENE of Hihifo, Tonga",earthquake,,,,11.0,reviewed,us,us
1983-10-15T02:58:07.850Z,36.117,139.814,63.6,5.1,mb,,,,0.9,us,usp0001z0a,2014-11-07T00:33:59.536Z,"2 km NE of Sakai, Japan",earthquake,,1.6,,11.0,reviewed,us,us
1983-10-15T03:32:50.150Z,71.936,9.348,10.0,4.6,mb,,,,1.1,us,usp0001z0b,2014-11-07T00:33:59.542Z,Norwegian Sea,earthquake,,,,6.0,reviewed,us,us
1983-10-15T03:43:31.860Z,-6.495,128.368,322.5,4.5,mb,,,,0.9,us,usp0001z0d,2014-11-07T00:33:59.557Z,"270 km NE of Lospalos, Timor Leste",earthquake,,8.7,,2.0,reviewed,us,us
1983-10-15T04:36:43.800Z,44.54,147.757,33.0,4.7,mb,,,,1.1,us,usp0001z0e,2014-11-07T00:33:59.559Z,"76 km S of Kuril’sk, Russia",earthquake,,,,6.0,reviewed,us,us
1983-10-15T06:26:39.400Z,8.714,-82.931,33.0,4.6,mb,,,,1.4,us,usp0001z0f,2014-11-07T00:33:59.561Z,"3 km SSW of Cañas Gordas, Panama",earthquake,,,,4.0,reviewed,us,us
1983-10-15T10:56:50.800Z,-8.101,156.311,7.4,6.5,mw,,,,1.0,us,usp0001z0k,2025-12-19T21:27:26.835Z,"58 km W of Gizo, Solomon Islands",earthquake,,3.3,,,reviewed,us,nc
1983-10-15T11:04:04.620Z,-8.361,156.261,18.9,5.4,mb,,,,1.0,us,usp0001z0m,2025-12-19T21:27:27.689Z,"70 km WSW of Gizo, Solomon Islands",earthquake,,5.8,,3.0,reviewed,us,us
1983-10-15T12:10:34.530Z,-7.595,156.591,33.0,4.5,mb,,,,1.3,us,usp0001z0p,2014-11-07T00:33:59.759Z,"62 km NNW of Gizo, Solomon Islands",earthquake,,,,5.0,reviewed,us,us
1983-10-15T13:09:23.670Z,-7.739,156.496,26.2,4.7,mb,,,,0.7,us,usp0001z0t,2014-11-07T00:33:59.767Z,"55 km NW of Gizo, Solomon Islands",earthquake,,4.0,,4.0,reviewed,us,us
1983-10-15T13:54:56.800Z,10.077,125.973,33.0,4.9,mb,,,,0.9,us,usp0001z0u,2014-11-07T00:33:59.770Z,"9 km NW of Santa Monica, Philippines",earthquake,,,,8.0,reviewed,us,us
1983-10-15T18:41:12.050Z,-7.732,156.4,27.1,5.4,mb,,,,1.0,us,usp0001z0w,2025-12-19T20:58:48.666Z,"63 km NW of Gizo, Solomon Islands",earthquake,,3.8,,15.0,reviewed,us,us
1983-10-15T21:48:53.980Z,-18.407,-176.545,351.8,4.7,mb,,,,0.9,us,usp0001z14,2014-11-07T00:33:59.799Z,"271 km W of Neiafu, Tonga",earthquake,,5.1,,11.0,reviewed,us,us
1983-10-16T05:32:28.710Z,1.084,121.052,40.1,6.5,mw,,,,1.1,us,usp0001z19,2025-12-19T21:27:28.497Z,"231 km WNW of Gorontalo, Indonesia",earthquake,,,,,reviewed,us,nc
1983-10-16T08:27:32.700Z,-7.916,156.349,28.5,4.9,mb,,,,1.2,us,usp0001z1a,2014-11-07T00:33:59.836Z,"58 km WNW of Gizo, Solomon Islands",earthquake,,,,5.0,reviewed,us,us
1983-10-16T09:39:37.380Z,15.117,-91.467,182.5,4.7,mb,,,,1.2,us,usp0001z1b,2014-11-07T00:33:59.839Z,"3 km NNW of San Bartolo, Guatemala",earthquake,,9.6,,9.0,reviewed,us,us
1983-10-16T09:59:46.550Z,-23.681,-70.129,65.6,6.1,mw,,,,1.1,us,usp0001z1c,2025-12-19T21:27:29.216Z,"27 km E of Antofagasta, Chile",earthquake,,,,,reviewed,us,nc
1983-10-16T10:39:12.140Z,37.191,137.913,17.3,5.1,mb,,,,1.3,us,usp0001z1d,2026-01-07T19:36:14.001Z,"18 km NNE of Itoigawa, Japan",earthquake,,,,17.0,reviewed,us,us
1983-10-16T12:46:35.560Z,-6.751,154.572,36.8,5.2,mb,,,,1.0,us,usp0001z1g,2014-11-07T00:33:59.881Z,"111 km WSW of Panguna, Papua New Guinea",earthquake,,3.0,,9.0,reviewed,us,us
1983-10-16T19:59:14.670Z,36.02,138.837,148.5,4.9,mb,,,,0.9,us,usp0001z1j,2014-11-07T00:33:59.892Z,"21 km W of Chichibu, Japan",earthquake,,1.0,,23.0,reviewed,us,us
1983-10-16T21:51:32.140Z,-23.281,172.642,33.0,4.5,mb,,,,0.9,us,usp0001z1p,2014-11-07T00:33:59.907Z,southeast of the Loyalty Islands,earthquake,,,,1.0,reviewed,us,us
1983-10-16T22:55:15.380Z,44.119,139.815,104.7,4.5,mb,,,,0.5,us,usp0001z1q,2014-11-07T00:33:59.908Z,"127 km NW of Yoichi, Japan",earthquake,,25.7,,5.0,reviewed,us,us
1983-10-16T23:57:36.510Z,44.79,149.957,56.7,5.2,mb,,,,0.9,us,usp0001z1r,2014-11-07T00:33:59.911Z,"170 km ESE of Kuril’sk, Russia",earthquake,,,,33.0,reviewed,us,us
1983-10-17T01:19:43.820Z,-26.102,-70.536,33.0,5.2,mb,,,,1.2,us,usp0001z1s,2022-04-27T23:48:14.660Z,"56 km WNW of Diego de Almagro, Chile",earthquake,,,,5.0,reviewed,us,us
1983-10-17T05:41:16.930Z,-2.962,139.459,33.0,5.4,mb,,,,1.3,us,usp0001z1u,2014-11-07T00:33:59.924Z,"136 km WSW of Abepura, Indonesia",earthquake,,,,3.0,reviewed,us,us
1983-10-17T12:53:59.900Z,-3.761,-77.593,105.3,4.8,mb,,,,1.0,us,usp0001z23,2014-11-07T00:33:59.939Z,"116 km ESE of Gualaquiza, Ecuador",earthquake,,6.2,,8.0,reviewed,us,us
1983-10-17T13:24:55.810Z,-56.889,-25.1,33.0,5.9,ms,,,,0.9,us,usp0001z24,2014-11-07T00:33:59.943Z,South Sandwich Islands region,earthquake,,,,1.0,reviewed,us,us
1983-10-17T13:25:21.130Z,-20.794,-173.758,30.4,6.3,mw,,,,1.3,us,usp0001z25,2025-12-19T21:27:30.156Z,"125 km SSE of Pangai, Tonga",earthquake,,,,,reviewed,us,nc
1983-10-17T18:27:56.510Z,-13.669,166.27,27.6,5.2,mb,,,,0.9,us,usp0001z2a,2014-11-07T00:33:59.984Z,"140 km W of Sola, Vanuatu",earthquake,,11.8,,5.0,reviewed,us,us
1983-10-17T19:36:21.470Z,37.588,-17.52,10.0,6.4,mw,,,,1.1,us,usp0001z2b,2025-12-19T21:27:30.840Z,Azores-Cape St. Vincent Ridge,earthquake,,,,,reviewed,us,nc
1983-10-17T23:12:32.300Z,12.583,-90.034,39.5,5.0,mb,,,,1.2,us,usp0001z2f,2014-11-07T00:34:00.040Z,"113 km SSW of Acajutla, El Salvador",earthquake,,5.7,,24.0,reviewed,us,us
1983-10-18T02:49:30.850Z,-11.527,115.2,9.1,5.4,mb,,,,1.2,us,usp0001z2h,2025-12-19T21:27:31.561Z,"south of Bali, Indonesia",earthquake,,1.9,,23.0,reviewed,us,us
1983-10-18T03:48:58.360Z,37.465,-16.659,10.0,4.9,mb,,,,1.3,us,usp0001z2j,2014-11-07T00:34:00.077Z,Azores-Cape St. Vincent Ridge,earthquake,,,,3.0,reviewed,us,us
1983-10-18T05:30:58.680Z,-34.885,-179.22,33.0,5.3,mb,,,,1.7,us,usp0001z2m,2014-11-07T00:34:00.084Z,south of the Kermadec Islands,earthquake,,,,3.0,reviewed,us,us
1983-10-18T05:51:04.150Z,-56.697,146.527,10.0,5.0,mb,,,,0.8,us,usp0001z2p,2014-11-07T00:34:00.112Z,west of Macquarie Island,earthquake,,,,1.0,reviewed,us,us
1983-10-18T06:39:55.620Z,0.037,123.336,187.9,5.0,mb,,,,1.4,us,usp0001z2q,2014-11-07T00:34:00.115Z,"63 km SSE of Gorontalo, Indonesia",earthquake,,6.4,,9.0,reviewed,us,us
1983-10-18T09:53:03.500Z,30.464,102.696,33.0,4.7,mb,,,,1.2,us,usp0001z2s,2026-01-07T19:36:14.871Z,"73 km W of Linqiong, China",earthquake,,,,4.0,reviewed,us,us
1983-10-18T10:01:38.220Z,-5.684,153.995,68.8,4.5,mb,,,,1.1,us,usp0001z2t,2014-11-07T00:34:00.125Z,"179 km WNW of Panguna, Papua New Guinea",earthquake,,5.3,,8.0,reviewed,us,us
1983-10-18T18:05:37.290Z,-5.495,153.545,72.4,4.6,mb,,,,1.3,us,usp0001z2z,2014-11-07T00:34:00.141Z,"190 km SE of Kokopo, Papua New Guinea",earthquake,,9.6,,3.0,reviewed,us,us
1983-10-19T04:45:53.090Z,11.557,43.462,10.0,5.3,mb,,,,1.2,us,usp0001z39,2025-12-19T21:27:32.348Z,"25 km ENE of Loyada, Djibouti",earthquake,,,,31.0,reviewed,us,us
1983-10-19T08:00:45.680Z,47.263,-27.381,10.0,4.6,mb,,,,1.0,us,usp0001z3b,2014-11-07T00:34:00.174Z,northern Mid-Atlantic Ridge,earthquake,,,,19.0,reviewed,us,us
1983-10-19T09:33:09.140Z,12.61,-87.671,66.8,5.2,mb,,,,1.2,us,usp0001z3d,2025-12-19T21:27:33.128Z,"28 km WSW of Jiquilillo, Nicaragua",earthquake,,,,28.0,reviewed,us,us
1983-10-19T09:34:44.750Z,22.296,99.91,37.2,4.9,mb,,,,1.3,us,usp0001z3e,2026-01-07T19:36:15.692Z,"91 km WNW of Jinghong, China",earthquake,,8.5,,1.0,reviewed,us,us
1983-10-19T12:41:14.460Z,-18.322,-178.246,653.0,4.8,mb,,,,1.1,us,usp0001z3h,2014-11-07T00:34:00.236Z,"259 km E of Levuka, Fiji",earthquake,,7.3,,7.0,reviewed,us,us
1983-10-19T21:36:16.830Z,-24.274,-66.685,190.9,5.1,mb,,,,1.3,us,usp0001z3q,2014-11-07T00:34:00.249Z,"37 km W of San Antonio de los Cobres, Argentina",earthquake,,6.4,,3.0,reviewed,us,us
1983-10-20T02:05:41.260Z,-20.91,-173.951,69.7,5.3,mb,,,,1.4,us,usp0001z3s,2025-12-19T21:27:33.811Z,"113 km ENE of ‘Ohonua, Tonga",earthquake,,8.2,,26.0,reviewed,us,us
1983-10-20T03:42:12.700Z,40.292,63.802,14.5,4.8,mb,,,,0.9,us,usp0001z3t,2014-11-07T00:34:00.267Z,"34 km ENE of Gazli, Uzbekistan",earthquake,,,,9.0,reviewed,us,us
1983-10-20T10:22:27.880Z,2.599,128.329,73.9,5.2,mb,,,,1.0,us,usp0001z3x,2025-12-19T21:27:34.482Z,"102 km NNE of Tobelo, Indonesia",earthquake,,5.1,,19.0,reviewed,us,us
1983-10-20T11:13:24.120Z,-11.875,115.032,33.0,5.0,mb,,,,1.3,us,usp0001z3y,2014-11-07T00:34:00.285Z,"south of Bali, Indonesia",earthquake,,,,6.0,reviewed,us,us
1983-10-20T12:12:47.510Z,50.971,-178.653,56.5,4.6,mb,,,,1.1,us,usp0001z40,2014-11-07T00:34:00.291Z,"172 km SW of Adak, Alaska",earthquake,,8.6,,9.0,reviewed,us,us
1983-10-21T08:14:18.100Z,-30.773,-69.194,116.7,5.5,mb,,,,1.0,us,usp0001z4a,2025-12-19T21:27:35.168Z,"65 km NNE of Calingasta, Argentina",earthquake,,,,42.0,reviewed,us,us
1983-10-21T08:44:46.650Z,22.042,94.375,89.5,5.3,mb,,,,0.9,us,usp0001z4b,2025-12-19T21:27:35.788Z,"78 km W of Monywa, Myanmar",earthquake,,,,63.0,reviewed,us,us
1983-10-21T15:11:25.510Z,78.781,-98.967,10.0,4.5,mb,,,,0.9,us,usp0001z4j,2014-11-07T00:34:00.366Z,"Sverdrup Islands, Nunavut, Canada",earthquake,,,,8.0,reviewed,us,us
1983-10-21T17:04:07.650Z,-18.035,-178.526,606.5,4.9,mb,,,,0.8,us,usp0001z4m,2014-11-07T00:34:00.371Z,"228 km E of Levuka, Fiji",earthquake,,4.0,,14.0,reviewed,us,us
1983-10-21T20:34:49.130Z,40.127,29.377,13.9,5.1,mb,,,,1.1,us,usp0001z4r,2025-12-19T21:27:36.436Z,"5 km NW of Yenice, Turkey",earthquake,,1.0,,57.0,reviewed,us,us
1983-10-21T21:38:00.730Z,-4.192,136.225,33.0,5.1,mb,,,,1.1,us,usp0001z4u,2014-11-07T00:34:00.413Z,"122 km SE of Nabire, Indonesia",earthquake,,,,8.0,reviewed,us,us
1983-10-21T22:44:13.530Z,35.92,-118.333,0.132,4.52,ml,0.0,141.8,0.1544,0.134,ci,ci19003,2018-06-04T20:43:45.000Z,"20km NNE of Kernville, CA",earthquake,,0.737,,12.0,reviewed,ci,ci
1983-10-21T23:32:23.660Z,24.906,94.459,61.1,4.8,mb,,,,1.1,us,usp0001z52,2014-11-07T00:34:00.431Z,"48 km ENE of Yairipok, India",earthquake,,,,24.0,reviewed,us,us
1983-10-22T04:21:35.010Z,-60.665,-25.451,24.0,7.2,mw,,,,1.3,us,usp0001z5e,2025-12-19T21:27:37.111Z,South Sandwich Islands region,earthquake,,,,,reviewed,us,nc
1983-10-22T05:32:10.060Z,-60.49,-25.682,33.0,5.4,mb,,,,0.9,us,usp0001z5g,2014-11-07T00:34:00.502Z,South Sandwich Islands region,earthquake,,,,5.0,reviewed,us,us
1983-10-22T05:53:23.710Z,-60.404,-24.865,33.0,6.3,mb,,,,1.3,us,usp0001z5h,2025-12-19T21:27:37.826Z,South Sandwich Islands region,earthquake,,,,22.0,reviewed,us,us
1983-10-22T13:07:39.170Z,-60.62,-25.392,33.0,6.5,mw,,,,1.1,us,usp0001z5u,2025-12-19T21:27:38.581Z,South Sandwich Islands region,earthquake,,,,,reviewed,us,nc
1983-10-22T17:57:17.820Z,-17.662,179.512,527.8,4.5,mb,,,,1.5,us,usp0001z5z,2014-11-07T00:34:00.581Z,"49 km NNE of Levuka, Fiji",earthquake,,15.0,,2.0,reviewed,us,us
1983-10-22T21:48:39.260Z,4.19,126.773,41.8,5.2,mb,,,,1.0,us,usp0001z64,2025-12-19T21:27:39.255Z,"197 km SE of Sarangani, Philippines",earthquake,,5.0,,15.0,reviewed,us,us
1983-10-22T22:08:28.920Z,-60.282,-25.249,33.0,5.5,mb,,,,1.0,us,usp0001z65,2025-12-19T21:27:40.167Z,South Sandwich Islands region,earthquake,,,,6.0,reviewed,us,us
1983-10-22T22:57:41.860Z,-4.657,153.056,66.1,4.7,mb,,,,1.3,us,usp0001z67,2014-11-07T00:34:00.603Z,"94 km ESE of Kokopo, Papua New Guinea",earthquake,,6.8,,7.0,reviewed,us,us
1983-10-23T00:10:07.330Z,10.284,57.066,10.0,4.9,mb,,,,0.2,us,usp0001z6a,2014-11-07T00:34:00.608Z,Carlsberg Ridge,earthquake,,,,3.0,reviewed,us,us
1983-10-23T02:35:40.970Z,-60.388,-25.312,33.0,5.1,mb,,,,1.0,us,usp0001z6e,2014-11-07T00:34:00.614Z,South Sandwich Islands region,earthquake,,,,5.0,reviewed,us,us
1983-10-23T03:15:34.720Z,36.659,25.637,30.0,4.6,mb,,,,1.3,us,usp0001z6g,2014-11-07T00:34:00.619Z,"30 km SW of Amorgós, Greece",earthquake,,2.8,,34.0,reviewed,us,us
1983-10-23T03:43:50.390Z,-60.478,-25.275,33.0,4.5,mb,,,,0.8,us,usp0001z6h,2014-11-07T00:34:00.632Z,South Sandwich Islands region,earthquake,,,,2.0,reviewed,us,us
1983-10-23T04:44:44.250Z,41.825,142.513,67.1,5.5,mb,,,,1.0,us,usp0001z6n,2025-12-19T21:27:40.978Z,"57 km SSE of Shizunai-furukawach?, Japan",earthquake,,1.5,,90.0,reviewed,us,us
1983-10-23T08:47:33.830Z,-60.413,-24.769,33.0,4.8,mb,,,,0.8,us,usp0001z6q,2014-11-07T00:34:00.683Z,South Sandwich Islands region,earthquake,,,,3.0,reviewed,us,us
1983-10-23T17:45:58.610Z,37.463,140.316,120.0,4.5,mb,,,,0.7,us,usp0001z73,2014-11-07T00:34:00.710Z,"9 km NW of K?riyama, Japan",earthquake,,4.1,,4.0,reviewed,us,us
1983-10-23T18:37:53.780Z,13.448,-91.018,75.6,4.7,mb,,,,1.5,us,usp0001z74,2014-11-07T00:34:00.728Z,"57 km SSW of Puerto San José, Guatemala",earthquake,,9.2,,4.0,reviewed,us,us
1983-10-24T00:26:32.990Z,-8.069,121.311,279.5,4.8,mb,,,,1.5,us,usp0001z7b,2014-11-07T00:34:00.745Z,"93 km NNW of Ende, Indonesia",earthquake,,10.9,,2.0,reviewed,us,us
1983-10-24T00:36:06.540Z,-12.849,-76.658,48.3,5.6,mb,,,,1.1,us,usp0001z7c,2025-12-19T20:58:49.845Z,"13 km SW of Asia, Peru",earthquake,,,,58.0,reviewed,us,us
1983-10-24T01:11:35.210Z,12.334,-88.343,33.0,4.6,mb,,,,1.4,us,usp0001z7f,2014-11-07T00:34:00.771Z,"100 km SSW of Intipucá, El Salvador",earthquake,,,,1.0,reviewed,us,us
1983-10-24T01:19:42.250Z,16.715,-94.445,106.3,4.6,mb,,,,1.1,us,usp0001z7g,2014-11-07T00:34:00.772Z,"24 km NE of Niltepec, Mexico",earthquake,,17.5,,1.0,reviewed,us,us
1983-10-24T04:13:31.090Z,6.762,-73.035,165.0,4.6,mb,,,,1.0,us,usp0001z7n,2014-11-07T00:34:00.781Z,"6 km W of Cepitá, Colombia",earthquake,,3.3,,3.0,reviewed,us,us
1983-10-24T05:09:33.810Z,-27.239,-177.752,168.9,4.9,mb,,,,1.4,us,usp0001z7p,2014-11-07T00:34:00.783Z,Kermadec Islands region,earthquake,,12.4,,7.0,reviewed,us,us
1983-10-24T06:33:26.620Z,43.193,134.381,421.5,4.5,mb,,,,0.9,us,usp0001z7s,2014-11-07T00:34:00.791Z,"44 km ESE of Lazo, Russia",earthquake,,24.1,,4.0,reviewed,us,us
1983-10-24T11:18:41.950Z,-10.844,166.053,33.0,5.0,mb,,,,1.0,us,usp0001z7x,2014-11-07T00:34:00.797Z,"30 km ESE of Lata, Solomon Islands",earthquake,,,,5.0,reviewed,us,us
1983-10-24T13:54:08.880Z,52.51,-168.441,33.0,4.5,ml,,,,1.0,us,usp0001z80,2014-11-07T00:34:00.802Z,"55 km SSE of Nikolski, Alaska",earthquake,,,,,reviewed,us,pmr
1983-10-24T15:09:54.920Z,-32.012,-65.29,33.0,4.7,mb,,,,1.1,us,usp0001z81,2014-11-07T00:34:00.804Z,"11 km SW of Villa Dolores, Argentina",earthquake,,,,1.0,reviewed,us,us
1983-10-24T16:54:44.080Z,-60.324,-24.543,33.0,4.8,mb,,,,0.7,us,usp0001z84,2014-11-07T00:34:00.808Z,South Sandwich Islands region,earthquake,,,,5.0,reviewed,us,us
1983-10-24T17:37:43.400Z,-23.431,-179.834,543.2,5.3,mb,,,,1.2,us,usp0001z85,2022-04-27T23:48:32.231Z,south of the Fiji Islands,earthquake,,11.8,,6.0,reviewed,us,us
1983-10-24T19:17:57.790Z,-60.201,-24.454,33.0,4.5,mb,,,,0.5,us,usp0001z86,2014-11-07T00:34:00.812Z,South Sandwich Islands region,earthquake,,,,3.0,reviewed,us,us
1983-10-25T00:36:23.430Z,1.131,120.858,33.0,6.5,mw,,,,1.3,us,usp0001z8j,2025-12-19T21:27:41.655Z,"250 km NNE of Palu, Indonesia",earthquake,,,,,reviewed,us,nc
1983-10-25T05:44:00.380Z,-11.415,118.142,33.0,5.1,mb,,,,1.3,us,usp0001z8r,2014-11-07T00:34:00.866Z,"south of Sumbawa, Indonesia",earthquake,,,,4.0,reviewed,us,us
1983-10-25T08:27:26.170Z,-4.785,129.23,218.5,4.9,mb,,,,0.8,us,usp0001z8x,2014-11-07T00:34:00.875Z,"163 km SSE of Amahai, Indonesia",earthquake,,15.5,,7.0,reviewed,us,us
1983-10-25T13:40:26.670Z,-18.074,-172.583,67.8,5.2,mb,,,,1.3,us,usp0001z98,2014-11-07T00:34:00.894Z,"161 km ENE of Neiafu, Tonga",earthquake,,12.6,,13.0,reviewed,us,us
1983-10-26T00:18:06.630Z,-21.803,-179.133,600.1,4.8,mb,,,,1.2,us,usp0001z9g,2014-11-07T00:34:00.913Z,Fiji region,earthquake,,7.6,,4.0,reviewed,us,us
1983-10-26T01:55:04.880Z,49.921,78.907,0.0,6.1,mb,,,,0.9,us,usp0001z9k,2014-11-07T00:34:00.918Z,"96 km SSE of Kurchatov, Kazakhstan",nuclear explosion,,,,121.0,reviewed,us,us
1983-10-26T02:44:28.060Z,-18.928,-175.213,277.1,4.9,mb,,,,0.8,us,usp0001z9m,2014-11-07T00:34:00.944Z,"133 km WSW of Neiafu, Tonga",earthquake,,13.7,,3.0,reviewed,us,us
1983-10-26T05:38:27.520Z,-36.549,-179.976,33.0,5.1,mb,,,,1.2,us,usp0001z9n,2025-12-19T21:27:42.566Z,"291 km NE of Opotiki, New Zealand",earthquake,,,,4.0,reviewed,us,us
1983-10-26T06:55:17.090Z,5.896,-82.632,10.0,4.9,mb,,,,1.4,us,usp0001z9p,2014-11-07T00:34:00.950Z,"237 km S of Punta de Burica, Panama",earthquake,,,,22.0,reviewed,us,us
1983-10-26T09:43:52.670Z,-20.436,169.116,69.7,4.9,mb,,,,1.2,us,usp0001z9t,2014-11-07T00:34:00.961Z,"100 km S of Isangel, Vanuatu",earthquake,,6.0,,1.0,reviewed,us,us
1983-10-26T10:04:06.380Z,-18.06,-177.758,647.6,4.6,mb,,,,1.1,us,usp0001z9u,2014-11-07T00:34:00.965Z,Fiji region,earthquake,,7.0,,2.0,reviewed,us,us
1983-10-26T10:46:14.760Z,1.626,122.16,499.4,5.6,mb,,,,1.1,us,usp0001z9x,2022-04-27T23:48:40.153Z,"156 km NW of Gorontalo, Indonesia",earthquake,,2.9,,53.0,reviewed,us,us
1983-10-26T12:09:00.790Z,13.426,93.798,69.9,4.8,mb,,,,1.2,us,usp0001z9y,2014-11-07T00:34:00.984Z,"224 km NNE of Bamboo Flat, India",earthquake,,,,22.0,reviewed,us,us
1983-10-26T14:29:22.340Z,-36.576,179.684,33.0,4.8,mb,,,,1.1,us,usp0001za1,2014-11-07T00:34:00.992Z,"265 km NE of Opotiki, New Zealand",earthquake,,,,4.0,reviewed,us,us
1983-10-27T03:15:48.490Z,31.743,141.512,33.0,5.0,ms,,,,1.1,us,usp0001za9,2026-01-07T19:36:16.491Z,"Izu Islands, Japan region",earthquake,,,,3.0,reviewed,us,us
1983-10-27T04:38:46.770Z,31.788,141.559,33.0,4.9,mb,,,,1.1,us,usp0001zaa,2026-01-07T19:36:17.297Z,"Izu Islands, Japan region",earthquake,,,,8.0,reviewed,us,us
1983-10-27T06:50:44.130Z,18.564,120.933,17.5,4.8,mb,,,,0.3,us,usp0001zac,2014-11-07T00:34:01.017Z,"15 km E of Pagudpud, Philippines",earthquake,,2.6,,5.0,reviewed,us,us
1983-10-27T14:31:28.090Z,-2.812,138.863,33.0,4.6,mb,,,,1.5,us,usp0001zat,2014-11-07T00:34:01.036Z,"198 km W of Abepura, Indonesia",earthquake,,,,5.0,reviewed,us,us
1983-10-27T16:42:00.490Z,37.52,72.016,70.3,4.8,mb,,,,0.8,us,usp0001zaw,2014-11-07T00:34:01.044Z,"41 km E of Khorugh, Tajikistan",earthquake,,9.7,,20.0,reviewed,us,us
1983-10-27T19:02:00.450Z,-6.312,151.712,39.6,5.0,mb,,,,1.2,us,usp0001zb3,2014-11-07T00:34:01.058Z,"193 km ESE of Kimbe, Papua New Guinea",earthquake,,4.7,,8.0,reviewed,us,us
1983-10-27T19:43:48.410Z,1.093,120.833,27.7,6.6,mw,,,,1.1,us,usp0001zb4,2025-12-19T21:27:43.357Z,"245 km NNE of Palu, Indonesia",earthquake,,2.3,,,reviewed,us,nc
1983-10-27T21:05:30.030Z,-7.321,128.941,172.5,4.5,mb,,,,1.5,us,usp0001zb5,2014-11-07T00:34:01.094Z,"252 km ENE of Lospalos, Timor Leste",earthquake,,12.1,,4.0,reviewed,us,us
1983-10-28T01:50:32.420Z,36.181,139.897,70.8,5.2,mb,,,,1.0,us,usp0001zb7,2014-11-07T00:34:01.098Z,"9 km NW of Ishige, Japan",earthquake,,1.3,,37.0,reviewed,us,us
1983-10-28T05:08:17.720Z,40.089,24.785,17.2,4.6,mb,,,,1.3,us,usp0001zbe,2026-01-07T19:36:18.070Z,"33 km NW of Mýrina, Greece",earthquake,,2.2,,26.0,reviewed,us,us
1983-10-28T05:56:56.220Z,-31.358,-179.517,33.0,5.9,ms,,,,1.3,us,usp0001zbg,2025-12-19T21:27:44.178Z,Kermadec Islands region,earthquake,,,,13.0,reviewed,us,us
1983-10-28T06:01:14.150Z,-60.281,-24.94,33.0,5.4,mb,,,,1.1,us,usp0001zbh,2014-11-07T00:34:01.164Z,South Sandwich Islands region,earthquake,,,,3.0,reviewed,us,us
1983-10-28T14:06:06.610Z,44.058,-113.857,10.0,6.9,mw,,,,1.1,us,usp0001zbv,2026-08-22T23:19:57.668Z,"The 1983 Borah Peak Earthquake, Idaho",earthquake,,,,,reviewed,us,nc
1983-10-28T14:44:02.070Z,41.964,142.555,69.9,4.8,mb,,,,1.0,us,usp0001zbx,2014-11-07T00:34:01.224Z,"43 km SSE of Shizunai-furukawach?, Japan",earthquake,,2.7,,16.0,reviewed,us,us
1983-10-28T19:51:24.430Z,44.073,-113.911,7.4,5.4,mb,,,,1.1,us,usp0001zcc,2025-12-19T21:27:45.704Z,"29 km NW of Mackay, Idaho",earthquake,,1.5,,42.0,reviewed,us,us
1983-10-29T00:04:17.700Z,4.633,126.811,60.8,5.3,mb,,,,1.0,us,usp0001zcg,2014-11-07T00:34:01.269Z,"171 km ESE of Sarangani, Philippines",earthquake,,5.4,,18.0,reviewed,us,us
1983-10-29T02:37:02.380Z,28.546,57.051,33.0,4.9,mb,,,,1.0,us,usp0001zch,2014-11-07T00:34:01.276Z,"84 km SSE of K?h Sef?d, Iran",earthquake,,,,16.0,reviewed,us,us
1983-10-29T16:00:24.830Z,-26.648,-68.053,100.0,4.8,mb,,,,1.1,us,usp0001zd1,2014-11-07T00:34:01.303Z,"91 km SW of Antofagasta de la Sierra, Argentina",earthquake,,9.5,,1.0,reviewed,us,us
1983-10-29T17:47:04.260Z,43.394,135.158,380.4,4.7,mb,,,,0.8,us,usp0001zd4,2014-11-07T00:34:01.309Z,"40 km SSW of Ol’ga, Russia",earthquake,,3.7,,27.0,reviewed,us,us
1983-10-29T18:10:18.790Z,-8.255,124.089,73.4,4.6,mb,,,,1.5,us,usp0001zd6,2014-11-07T00:34:01.315Z,"109 km NNW of Pante Makasar, Timor Leste",earthquake,,17.2,,5.0,reviewed,us,us
1983-10-29T18:44:13.000Z,-3.417,152.526,297.9,4.7,mb,,,,1.0,us,usp0001zd7,2014-11-07T00:34:01.317Z,"95 km NNE of Rabaul, Papua New Guinea",earthquake,,4.4,,6.0,reviewed,us,us
1983-10-29T23:29:11.520Z,44.231,-114.105,9.3,5.4,mb,,,,1.0,us,usp0001zd9,2022-04-27T23:49:12.172Z,"23 km E of Clayton, Idaho",earthquake,,1.5,,54.0,reviewed,us,us
1983-10-29T23:39:05.530Z,44.281,-114.115,10.0,5.5,mb,,,,0.8,us,usp0001zda,2022-04-27T23:49:13.946Z,"22 km E of Clayton, Idaho",earthquake,,,,57.0,reviewed,us,us
1983-10-30T01:45:50.990Z,36.427,71.443,131.7,5.6,mb,,,,0.9,us,usp0001zdf,2022-04-27T23:49:19.980Z,"29 km SSW of Ashk?sham, Afghanistan",earthquake,,,,73.0,reviewed,us,us
1983-10-30T03:50:56.640Z,40.11,24.808,11.6,4.5,mb,,,,0.8,us,usp0001zdk,2014-11-07T00:34:01.396Z,"34 km NW of Mýrina, Greece",earthquake,,1.0,,3.0,reviewed,us,us
1983-10-30T04:12:27.130Z,40.33,42.187,11.6,6.8,mw,,,,1.1,us,usp0001zdn,2025-12-19T21:27:46.612Z,"27 km E of Narman, Turkey",earthquake,,3.0,,,reviewed,us,nc
1983-10-30T05:26:24.750Z,40.711,42.313,10.0,4.5,mb,,,,1.4,us,usp0001zdt,2014-11-07T00:34:01.447Z,"17 km N of ?enkaya, Turkey",earthquake,,,,7.0,reviewed,us,us
1983-10-30T05:53:49.750Z,17.066,122.359,73.6,4.9,mb,,,,1.0,us,usp0001zdu,2014-11-07T00:34:01.450Z,"6 km WSW of Dicabisagan, Philippines",earthquake,,4.3,,8.0,reviewed,us,us
1983-10-30T12:26:28.810Z,-17.766,-178.713,552.7,4.6,mb,,,,1.1,us,usp0001ze0,2014-11-07T00:34:01.462Z,"211 km E of Levuka, Fiji",earthquake,,6.8,,7.0,reviewed,us,us
1983-10-30T12:40:22.850Z,40.337,42.171,17.0,5.3,mb,,,,1.0,us,usp0001ze1,2025-12-19T21:27:47.450Z,"26 km E of Narman, Turkey",earthquake,,,,45.0,reviewed,us,us
1983-10-30T13:57:37.640Z,-40.241,-74.864,33.0,5.1,mb,,,,1.5,us,usp0001ze4,2014-11-07T00:34:01.489Z,"128 km WSW of Corral, Chile",earthquake,,,,8.0,reviewed,us,us
1983-10-30T15:50:03.020Z,-6.735,148.799,62.0,5.1,mb,,,,1.1,us,usp0001ze6,2014-11-07T00:34:01.494Z,"101 km SW of Kandrian, Papua New Guinea",earthquake,,7.0,,1.0,reviewed,us,us
1983-10-30T16:51:57.060Z,35.464,133.899,26.9,5.5,mb,,,,1.1,us,usp0001ze7,2025-12-19T21:27:48.133Z,"8 km ENE of Kurayoshi, Japan",earthquake,,1.3,,42.0,reviewed,us,us
1983-10-30T16:55:26.850Z,35.477,133.966,23.3,4.9,mb,,,,1.3,us,usp0001ze8,2014-11-07T00:34:01.523Z,"14 km ENE of Kurayoshi, Japan",earthquake,,2.9,,2.0,reviewed,us,us
1983-10-30T19:17:07.580Z,2.522,98.976,156.6,4.7,mb,,,,1.1,us,usp0001zeb,2014-11-07T00:34:01.532Z,"16 km SSE of Parapat, Indonesia",earthquake,,5.6,,1.0,reviewed,us,us
1983-10-30T21:39:16.370Z,47.788,152.869,78.7,5.7,mb,,,,0.9,us,usp0001zeg,2025-12-19T21:27:48.769Z,Kuril Islands,earthquake,,6.9,,73.0,reviewed,us,us
1983-10-31T00:05:06.470Z,-20.88,-177.622,527.3,4.7,mb,,,,0.7,us,usp0001zek,2014-11-07T00:34:01.571Z,"252 km W of Haveluloto, Tonga",earthquake,,11.5,,2.0,reviewed,us,us
1983-10-31T01:41:00.270Z,-2.853,137.384,33.0,4.5,mb,,,,1.3,us,usp0001zen,2014-11-07T00:34:01.576Z,"216 km ENE of Nabire, Indonesia",earthquake,,,,3.0,reviewed,us,us
1983-10-31T01:54:50.480Z,30.166,137.371,507.1,5.0,mb,,,,0.9,us,usp0001zep,2014-11-07T00:34:01.578Z,"Izu Islands, Japan region",earthquake,,2.2,,53.0,reviewed,us,us
1983-10-31T03:36:48.180Z,-6.074,130.592,123.5,4.7,mb,,,,1.0,us,usp0001zer,2014-11-07T00:34:01.593Z,"244 km WSW of Tual, Indonesia",earthquake,,7.7,,6.0,reviewed,us,us
1983-10-31T05:40:28.000Z,44.587,143.091,259.4,4.5,mb,,,,1.2,us,usp0001zes,2014-11-07T00:34:01.595Z,"33 km NW of Mombetsu, Japan",earthquake,,9.7,,16.0,reviewed,us,us
1983-10-31T14:14:46.370Z,-4.67,102.064,33.0,5.2,mb,,,,1.3,us,usp0001zey,2014-11-07T00:34:01.612Z,"98 km SSW of Bengkulu, Indonesia",earthquake,,,,11.0,reviewed,us,us
1983-10-31T16:51:24.300Z,-19.371,-174.568,206.4,4.7,mb,,,,0.9,us,usp0001zf1,2014-11-07T00:34:01.620Z,"53 km NNW of Pangai, Tonga",earthquake,,10.7,,2.0,reviewed,us,us
1983-10-31T17:37:56.290Z,-9.016,119.18,83.4,6.4,mw,,,,1.2,us,usp0001zf2,2022-04-27T23:49:29.500Z,"58 km SW of Komodo, Indonesia",earthquake,,,,,reviewed,us,nc
1983-10-31T18:21:31.370Z,-4.809,153.041,66.3,4.6,mb,,,,0.9,us,usp0001zf3,2014-11-07T00:34:01.657Z,"99 km ESE of Kokopo, Papua New Guinea",earthquake,,5.3,,4.0,reviewed,us,us
1983-10-31T18:51:57.120Z,35.157,33.859,33.0,4.5,mb,,,,1.5,us,usp0001zf5,2014-11-07T00:34:01.661Z,"6 km N of Acherítou, Cyprus",earthquake,,,,5.0,reviewed,us,us
1983-10-31T23:28:34.340Z,39.122,15.915,130.7,4.5,mb,,,,1.0,us,usp0001zfd,2014-11-07T00:34:01.686Z,"13 km W of Amantea, Italy",earthquake,,2.1,,19.0,reviewed,us,us
1983-11-01T01:55:22.920Z,-0.456,67.313,10.0,5.0,mb,,,,1.4,us,usp0001zfh,2014-11-07T00:34:03.216Z,Carlsberg Ridge,earthquake,,,,9.0,reviewed,us,us
1983-11-01T02:48:29.460Z,-0.879,67.169,10.0,4.8,mb,,,,0.9,us,usp0001zfk,2014-11-07T00:34:03.266Z,Carlsberg Ridge,earthquake,,,,5.0,reviewed,us,us
1983-11-01T07:28:37.800Z,-8.765,111.425,77.8,5.1,mb,,,,1.4,us,usp0001zfn,2014-11-07T00:34:03.292Z,"82 km SSW of Trenggalek, Indonesia",earthquake,,8.0,,12.0,reviewed,us,us
1983-11-01T09:54:32.060Z,-11.319,-77.986,81.4,4.9,mb,,,,1.0,us,usp0001zfq,2014-11-07T00:34:03.365Z,"46 km WSW of Caleta de Carquín, Peru",earthquake,,9.8,,2.0,reviewed,us,us
1983-11-01T11:31:20.240Z,39.716,141.891,71.2,4.9,mb,,,,1.1,us,usp0001zft,2014-11-07T00:34:03.401Z,"8 km NNW of Miyako, Japan",earthquake,,4.6,,2.0,reviewed,us,us
1983-11-01T11:53:46.740Z,8.949,-83.604,33.0,5.1,mb,,,,1.2,us,usp0001zfu,2014-11-07T00:34:03.414Z,"8 km W of Ciudad Cortés, Costa Rica",earthquake,,,,22.0,reviewed,us,us
1983-11-01T18:03:25.590Z,40.399,42.296,10.0,4.7,mb,,,,1.2,us,usp0001zfx,2014-11-07T00:34:03.498Z,"17 km SSW of ?enkaya, Turkey",earthquake,,,,8.0,reviewed,us,us
1983-11-01T21:09:15.140Z,34.3,98.548,33.0,4.7,mb,,,,0.7,us,usp0001zg1,2014-11-07T00:34:03.599Z,"Southern Qinghai, China",earthquake,,,,3.0,reviewed,us,us
1983-11-01T21:44:55.660Z,4.96,-82.651,10.0,4.7,mb,,,,1.3,us,usp0001zg2,2014-11-07T00:34:03.610Z,south of Panama,earthquake,,,,2.0,reviewed,us,us
1983-11-02T00:15:16.120Z,40.231,42.166,10.0,4.7,mb,,,,1.4,us,usp0001zg3,2014-11-07T00:34:03.620Z,"21 km N of Horasan, Turkey",earthquake,,,,13.0,reviewed,us,us
1983-11-02T00:24:20.180Z,40.271,42.05,10.0,4.8,mb,,,,1.1,us,usp0001zg4,2022-04-27T23:43:43.763Z,"18 km ESE of Narman, Turkey",earthquake,,,,23.0,reviewed,us,us
1983-11-02T00:26:13.740Z,1.028,125.997,90.4,5.1,mb,,,,1.2,us,usp0001zg5,2014-11-07T00:34:03.712Z,"124 km ESE of Tondano, Indonesia",earthquake,,9.1,,7.0,reviewed,us,us
1983-11-02T06:35:22.000Z,54.464,168.379,33.0,4.8,mb,,,,1.1,us,usp0001zga,2014-11-07T00:34:03.783Z,"Komandorskiye Ostrova, Russia region",earthquake,,,,5.0,reviewed,us,us
1983-11-02T12:22:42.720Z,14.43,146.659,71.3,5.1,mb,,,,0.5,us,usp0001zge,2014-11-07T00:34:03.846Z,"126 km ESE of San Jose Village, Northern Mariana Islands",earthquake,,6.9,,4.0,reviewed,us,us
1983-11-02T14:56:00.750Z,40.152,41.836,10.0,4.5,mb,,,,1.1,us,usp0001zgg,2014-11-07T00:34:03.862Z,"21 km S of Narman, Turkey",earthquake,,,,7.0,reviewed,us,us
1983-11-02T22:53:09.270Z,40.136,29.377,10.0,4.5,mb,,,,1.1,us,usp0001zgq,2014-11-07T00:34:03.939Z,Western Turkey,earthquake,,,,32.0,reviewed,us,us
1983-11-03T00:36:20.940Z,52.73,-166.587,33.0,4.5,mb,,,,0.9,us,usp0001zh0,2014-11-07T00:34:04.048Z,"127 km S of Unalaska, Alaska",earthquake,,,,2.0,reviewed,us,us
1983-11-03T07:41:11.470Z,-4.014,-79.418,92.8,5.9,mw,,,,1.0,us,usp0001zhg,2022-04-27T23:43:54.978Z,"7 km WSW of Catamayo, Ecuador",earthquake,,,,,reviewed,us,nc
1983-11-03T10:40:44.020Z,-5.779,104.506,50.3,5.5,mb,,,,1.1,us,usp0001zhm,2025-12-19T21:26:36.037Z,"92 km WSW of Bandar Lampung, Indonesia",earthquake,,,,22.0,reviewed,us,us
1983-11-04T05:04:21.370Z,32.905,132.278,55.9,4.5,mb,,,,0.6,us,usp0001zj6,2014-11-07T00:34:04.547Z,"35 km E of Saiki, Japan",earthquake,,2.1,,5.0,reviewed,us,us
1983-11-04T06:35:55.870Z,-5.522,149.123,180.0,4.6,mb,,,,0.8,us,usp0001zj8,2014-11-07T00:34:04.558Z,"89 km NNW of Kandrian, Papua New Guinea",earthquake,,4.0,,3.0,reviewed,us,us
1983-11-04T16:33:43.540Z,-19.252,-69.461,142.0,4.8,mb,,,,1.4,us,usp0001zjg,2014-11-07T00:34:04.604Z,"123 km SE of Arica, Chile",earthquake,,11.2,,1.0,reviewed,us,us
1983-11-04T19:01:36.710Z,52.253,-168.289,33.0,5.3,mb,,,,0.9,us,usp0001zjh,2025-12-19T21:26:36.738Z,"85 km SSE of Nikolski, Alaska",earthquake,,,,57.0,reviewed,us,us
1983-11-04T19:18:05.470Z,52.357,-168.27,33.0,4.8,mb,,,,0.8,us,usp0001zjk,2014-11-07T00:34:04.667Z,"76 km SSE of Nikolski, Alaska",earthquake,,,,15.0,reviewed,us,us
1983-11-05T00:37:19.010Z,-4.323,152.752,56.0,4.9,mb,,,,1.1,us,usp0001zjm,2014-11-07T00:34:04.677Z,"53 km E of Kokopo, Papua New Guinea",earthquake,,4.9,,2.0,reviewed,us,us
1983-11-05T00:52:27.340Z,31.446,-57.333,10.0,5.1,mb,,,,0.8,us,usp0001zjn,2014-11-07T00:34:04.687Z,North Atlantic Ocean,earthquake,,,,47.0,reviewed,us,us
1983-11-05T05:23:12.200Z,-11.041,165.821,78.4,5.4,mb,,,,1.1,us,usp0001zjq,2025-12-19T21:26:37.446Z,"35 km S of Lata, Solomon Islands",earthquake,,5.8,,8.0,reviewed,us,us
1983-11-05T07:19:03.490Z,9.096,126.826,19.5,4.5,mb,,,,1.2,us,usp0001zjt,2014-11-07T00:34:04.757Z,"61 km ENE of Aras-asan, Philippines",earthquake,,5.8,,3.0,reviewed,us,us
1983-11-05T10:27:26.870Z,45.346,150.783,33.0,5.3,mb,,,,0.7,us,usp0001zjw,2026-01-07T19:35:45.607Z,"228 km E of Kuril’sk, Russia",earthquake,,,,56.0,reviewed,us,us
1983-11-05T10:44:10.350Z,-5.553,147.149,195.0,4.7,mb,,,,0.8,us,usp0001zjy,2014-11-07T00:34:04.804Z,"130 km N of Lae, Papua New Guinea",earthquake,,2.1,,8.0,reviewed,us,us
1983-11-05T10:45:10.000Z,-5.59,147.115,190.7,5.1,mb,,,,0.7,us,usp0001zjz,2014-11-07T00:34:04.819Z,"126 km N of Lae, Papua New Guinea",earthquake,,2.0,,6.0,reviewed,us,us
1983-11-05T18:17:09.300Z,41.24,72.5,33.0,4.7,mb,,,,0.9,us,usp0001zk2,2026-01-07T19:35:46.394Z,"22 km N of Kochkor-Ata, Kyrgyzstan",earthquake,,,,28.0,reviewed,us,us
1983-11-05T19:48:24.510Z,33.967,89.95,33.0,5.2,ms,,,,1.0,us,usp0001zk3,2025-12-19T21:26:38.371Z,western Xizang,earthquake,,,,5.0,reviewed,us,us
1983-11-06T03:58:05.780Z,-12.646,166.348,64.0,5.1,mb,,,,0.9,us,usp0001zke,2014-11-07T00:34:04.956Z,"188 km NW of Sola, Vanuatu",earthquake,,5.7,,7.0,reviewed,us,us
1983-11-06T06:54:50.950Z,59.97,-141.748,15.0,4.6,mb,,,,1.0,us,usp0001zkj,2014-11-07T00:34:05.011Z,"122 km WNW of Yakutat, Alaska",earthquake,,,,3.0,reviewed,us,us
1983-11-06T07:29:40.590Z,-20.194,-177.415,567.2,5.0,mb,,,,1.1,us,usp0001zkm,2014-11-07T00:34:05.021Z,"252 km WNW of Haveluloto, Tonga",earthquake,,7.5,,2.0,reviewed,us,us
1983-11-06T09:38:39.940Z,-20.145,-177.678,386.6,5.6,mb,,,,0.9,us,usp0001zkr,2022-04-27T23:00:12.251Z,"280 km WNW of Haveluloto, Tonga",earthquake,,,,40.0,reviewed,us,us
1983-11-06T15:31:15.290Z,34.629,23.003,10.0,4.7,mb,,,,1.1,us,usp0001zku,2014-11-07T00:34:05.148Z,"91 km SW of Palaióchora, Greece",earthquake,,,,4.0,reviewed,us,us
1983-11-06T19:38:30.220Z,7.471,-73.181,142.9,4.7,mb,,,,1.0,us,usp0001zkw,2014-11-07T00:34:05.155Z,"2 km E of El Playón, Colombia",earthquake,,7.8,,1.0,reviewed,us,us
1983-11-06T21:09:45.240Z,35.206,115.213,19.0,5.7,mb,,,,0.9,us,usp0001zm0,2025-12-19T21:26:39.284Z,"24 km W of Heze, China",earthquake,,1.9,,83.0,reviewed,us,us
1983-11-07T01:55:50.970Z,27.649,127.599,142.5,4.8,mb,,,,1.1,us,usp0001zm5,2014-11-07T00:34:05.254Z,"120 km NNW of Nago, Japan",earthquake,,2.9,,12.0,reviewed,us,us
1983-11-07T08:39:20.470Z,1.411,128.164,31.3,6.1,mw,,,,1.3,us,usp0001zmb,2025-12-19T21:26:39.983Z,"39 km SSE of Tobelo, Indonesia",earthquake,,,,,reviewed,us,nc
1983-11-07T08:42:29.920Z,1.27,128.335,59.4,6.6,mw,,,,1.3,us,usp0001zmc,2025-12-19T21:26:40.817Z,"62 km SE of Tobelo, Indonesia",earthquake,,,,,reviewed,us,nc
1983-11-07T09:35:40.740Z,1.314,128.023,64.1,5.1,mb,,,,1.2,us,usp0001zmd,2014-11-07T00:34:06.192Z,"45 km S of Tobelo, Indonesia",earthquake,,16.9,,8.0,reviewed,us,us
1983-11-07T10:15:57.790Z,1.37,128.437,47.0,4.8,mb,,,,0.7,us,usp0001zmf,2014-11-07T00:34:06.200Z,"61 km SE of Tobelo, Indonesia",earthquake,,8.3,,6.0,reviewed,us,us
1983-11-07T11:17:29.100Z,1.411,128.163,49.8,5.2,mb,,,,1.2,us,usp0001zmg,2026-01-07T19:35:47.130Z,"39 km SSE of Tobelo, Indonesia",earthquake,,10.2,,11.0,reviewed,us,us
1983-11-07T11:38:50.090Z,1.382,128.311,40.8,5.1,mb,,,,1.3,us,usp0001zmj,2014-11-07T00:34:06.218Z,"50 km SE of Tobelo, Indonesia",earthquake,,14.5,,8.0,reviewed,us,us
1983-11-07T13:35:21.940Z,-13.31,-111.027,10.0,5.0,mb,,,,0.9,us,usp0001zmm,2014-11-07T00:34:06.292Z,central East Pacific Rise,earthquake,,,,10.0,reviewed,us,us
1983-11-07T14:33:12.370Z,68.319,-18.268,10.0,4.7,mb,,,,1.0,us,usp0001zmn,2014-11-07T00:34:06.323Z,"243 km N of Siglufjörður, Iceland",earthquake,,,,13.0,reviewed,us,us
1983-11-07T14:51:53.480Z,1.267,128.184,66.6,5.1,mb,,,,1.2,us,usp0001zmp,2025-12-19T21:26:41.529Z,"54 km SSE of Tobelo, Indonesia",earthquake,,6.4,,9.0,reviewed,us,us
1983-11-07T16:26:31.750Z,1.413,128.154,39.0,6.4,ms,,,,1.3,us,usp0001zmq,2025-12-19T21:26:42.175Z,"38 km SSE of Tobelo, Indonesia",earthquake,,,,21.0,reviewed,us,us
1983-11-07T16:46:14.250Z,1.404,128.137,56.8,5.5,mb,,,,1.1,us,usp0001zmr,2025-12-19T21:26:42.918Z,"38 km SSE of Tobelo, Indonesia",earthquake,,5.0,,15.0,reviewed,us,us
1983-11-07T18:11:56.840Z,2.706,128.643,230.9,5.2,mb,,,,1.0,us,usp0001zms,2014-11-07T00:34:06.456Z,"129 km NNE of Tobelo, Indonesia",earthquake,,6.2,,20.0,reviewed,us,us
1983-11-07T18:17:00.140Z,1.493,128.204,58.5,5.2,mb,,,,1.1,us,usp0001zmt,2025-12-19T21:26:43.786Z,"33 km SE of Tobelo, Indonesia",earthquake,,3.7,,12.0,reviewed,us,us
1983-11-07T19:05:46.160Z,1.424,128.111,42.4,5.3,mb,,,,1.1,us,usp0001zmu,2026-01-07T19:35:47.900Z,"35 km SSE of Tobelo, Indonesia",earthquake,,5.2,,13.0,reviewed,us,us
1983-11-07T20:12:38.170Z,1.43,128.267,36.7,5.6,ms,,,,1.2,us,usp0001zmv,2025-12-19T21:26:44.467Z,"43 km SE of Tobelo, Indonesia",earthquake,,,,1.0,reviewed,us,us
1983-11-07T21:44:14.240Z,1.215,128.028,44.0,5.0,mb,,,,0.9,us,usp0001zmx,2014-11-07T00:34:06.668Z,"56 km S of Tobelo, Indonesia",earthquake,,6.2,,7.0,reviewed,us,us
1983-11-07T22:09:57.670Z,1.545,128.359,50.3,5.0,mb,,,,1.2,us,usp0001zmy,2014-11-07T00:34:06.678Z,"43 km ESE of Tobelo, Indonesia",earthquake,,10.4,,7.0,reviewed,us,us
1983-11-07T22:25:36.990Z,1.341,128.276,34.5,5.1,mb,,,,1.2,us,usp0001zmz,2014-11-07T00:34:06.686Z,"52 km SE of Tobelo, Indonesia",earthquake,,15.4,,9.0,reviewed,us,us
1983-11-08T00:49:32.130Z,50.696,5.346,10.0,5.0,mb,,,,1.0,us,usp0001zn0,2026-01-07T19:35:48.730Z,"0 km E of Hodeige, Belgium",earthquake,,,,9.0,reviewed,us,us
1983-11-08T01:19:16.620Z,1.465,128.174,33.0,4.6,mb,,,,1.1,us,usp0001zn1,2014-11-07T00:34:06.949Z,"34 km SSE of Tobelo, Indonesia",earthquake,,,,1.0,reviewed,us,us
1983-11-08T04:40:09.150Z,1.403,128.258,37.7,5.0,mb,,,,1.1,us,usp0001zn8,2026-01-07T19:35:49.534Z,"45 km SE of Tobelo, Indonesia",earthquake,,8.4,,10.0,reviewed,us,us
1983-11-08T06:52:46.330Z,-3.819,-79.127,96.8,4.6,mb,,,,1.1,us,usp0001zn9,2014-11-07T00:34:07.000Z,"21 km NNE of Loja, Ecuador",earthquake,,9.0,,6.0,reviewed,us,us
1983-11-08T08:30:00.380Z,-18.95,-174.594,171.7,5.2,mb,,,,1.2,us,usp0001zna,2014-11-07T00:34:07.006Z,"72 km WSW of Neiafu, Tonga",earthquake,,8.3,,15.0,reviewed,us,us
1983-11-08T13:17:18.880Z,12.352,-86.666,129.1,4.8,mb,,,,1.0,us,usp0001znf,2014-11-07T00:34:07.030Z,"1 km NE of La Paz Centro, Nicaragua",earthquake,,,,15.0,reviewed,us,us
1983-11-08T17:33:35.430Z,41.778,-126.897,10.0,4.8,ms,,,,1.1,us,usp0001znh,2016-12-11T19:17:51.821Z,"214 km WSW of Pistol River, Oregon",earthquake,,,,1.0,reviewed,us,us
1983-11-08T17:52:25.980Z,-23.585,-179.775,547.5,5.2,mb,,,,1.0,us,usp0001znk,2014-11-07T00:34:07.077Z,south of the Fiji Islands,earthquake,,4.8,,13.0,reviewed,us,us
1983-11-08T18:21:26.510Z,37.927,20.119,37.6,4.8,mb,,,,1.2,us,usp0001znm,2026-01-07T19:35:51.027Z,"41 km SW of Lixoúri, Greece",earthquake,,3.0,,38.0,reviewed,us,us
1983-11-08T19:55:47.710Z,-6.857,156.103,33.0,5.1,mb,,,,1.3,us,usp0001znn,2014-11-07T00:34:07.160Z,"88 km SE of Kieta, Papua New Guinea",earthquake,,,,3.0,reviewed,us,us
1983-11-08T20:11:02.390Z,37.983,19.931,10.0,4.6,mb,,,,1.1,us,usp0001znp,2014-11-07T00:34:07.291Z,"50 km WSW of Lixoúri, Greece",earthquake,,,,3.0,reviewed,us,us
1983-11-08T21:53:37.020Z,1.412,128.249,53.7,5.4,mb,,,,1.1,us,usp0001znr,2025-12-19T20:58:43.464Z,"43 km SE of Tobelo, Indonesia",earthquake,,4.9,,17.0,reviewed,us,us
1983-11-08T23:31:13.040Z,-7.459,128.493,169.0,5.1,mb,,,,1.2,us,usp0001zns,2014-11-07T00:34:07.349Z,"202 km NE of Lospalos, Timor Leste",earthquake,,5.9,,8.0,reviewed,us,us
1983-11-09T01:57:50.110Z,-36.185,-100.24,10.0,5.4,mb,,,,1.1,us,usp0001znv,2022-04-27T23:44:38.814Z,southeast of Easter Island,earthquake,,,,12.0,reviewed,us,us
1983-11-09T01:58:37.610Z,43.161,-11.487,10.0,4.6,mb,,,,1.3,us,usp0001znw,2014-11-07T00:34:07.398Z,"183 km W of Fisterra, Spain",earthquake,,,,12.0,reviewed,us,us
1983-11-09T02:36:41.550Z,1.418,128.295,40.7,5.0,mb,,,,1.0,us,usp0001znx,2014-11-07T00:34:07.424Z,"46 km SE of Tobelo, Indonesia",earthquake,,11.6,,6.0,reviewed,us,us
1983-11-09T03:13:08.760Z,11.264,126.217,33.0,5.2,ms,,,,1.1,us,usp0001zny,2025-12-19T21:26:45.173Z,"56 km NE of Sulangan, Philippines",earthquake,,,,2.0,reviewed,us,us
1983-11-09T03:51:00.990Z,42.478,45.326,33.0,4.5,mb,,,,1.1,us,usp0001znz,2014-11-07T00:34:07.477Z,"35 km SW of Itum-Kali, Russia",earthquake,,,,12.0,reviewed,us,us
1983-11-09T04:23:26.040Z,-59.629,-16.61,10.0,4.8,mb,,,,1.1,us,usp0001zp0,2014-11-07T00:34:07.483Z,east of the South Sandwich Islands,earthquake,,,,2.0,reviewed,us,us
1983-11-09T08:36:34.800Z,41.272,142.321,56.3,5.0,mb,,,,1.2,us,usp0001zp4,2014-11-07T00:34:07.496Z,"92 km E of Mutsu, Japan",earthquake,,3.1,,13.0,reviewed,us,us
1983-11-09T10:48:44.310Z,-50.234,114.19,10.0,5.0,mb,,,,1.2,us,usp0001zpb,2025-12-19T21:26:45.984Z,western Indian-Antarctic Ridge,earthquake,,,,9.0,reviewed,us,us
1983-11-09T16:02:30.990Z,54.488,-160.441,42.2,4.9,mb,,,,0.9,us,usp0001zph,2014-11-07T00:34:07.553Z,"94 km S of Sand Point, Alaska",earthquake,,5.6,,8.0,reviewed,us,us
1983-11-09T16:18:44.420Z,4.105,127.557,63.8,4.9,mb,,,,0.8,us,usp0001zpk,2014-11-07T00:34:07.559Z,"267 km N of Tobelo, Indonesia",earthquake,,9.1,,6.0,reviewed,us,us
1983-11-09T16:29:51.660Z,44.689,10.317,36.9,5.1,mb,,,,1.3,us,usp0001zpm,2025-12-19T21:26:46.829Z,"2 km ENE of Pilastro, Italy",earthquake,,1.9,,31.0,reviewed,us,us
1983-11-09T18:31:03.290Z,28.568,142.669,33.0,5.0,mb,,,,1.0,us,usp0001zpq,2025-12-19T21:26:47.632Z,"Bonin Islands, Japan region",earthquake,,,,6.0,reviewed,us,us
1983-11-09T18:55:49.630Z,-4.586,143.666,105.0,4.5,mb,,,,0.9,us,usp0001zpr,2014-11-07T00:34:07.625Z,"72 km SW of Angoram, Papua New Guinea",earthquake,,,,7.0,reviewed,us,us
1983-11-10T02:52:55.330Z,1.269,128.419,38.6,4.9,mb,,,,1.3,us,usp0001zpz,2014-11-07T00:34:07.685Z,"68 km SE of Tobelo, Indonesia",earthquake,,10.1,,7.0,reviewed,us,us
1983-11-10T07:57:37.500Z,-8.84,124.134,131.3,4.9,mb,,,,1.1,us,usp0001zq3,2014-11-07T00:34:07.698Z,"48 km NW of Pante Makasar, Timor Leste",earthquake,,8.3,,4.0,reviewed,us,us
1983-11-10T08:33:11.630Z,-65.392,-177.084,10.0,5.4,mb,,,,1.5,us,usp0001zq4,2025-12-19T21:26:48.430Z,Pacific-Antarctic Ridge,earthquake,,,,8.0,reviewed,us,us
1983-11-10T11:32:35.450Z,-6.895,109.075,218.7,4.9,mb,,,,1.2,us,usp0001zq6,2014-11-07T00:34:07.709Z,"1 km WNW of Dukuhturi, Indonesia",earthquake,,3.4,,15.0,reviewed,us,us
1983-11-10T13:06:54.800Z,46.507,142.121,33.0,4.6,mb,,,,1.0,us,usp0001zq8,2026-01-07T19:35:51.809Z,"22 km ENE of Shebunino, Russia",earthquake,,,,5.0,reviewed,us,us
1983-11-10T20:03:19.680Z,-23.075,179.161,571.8,5.2,mb,,,,1.0,us,usp0001zqa,2014-11-07T00:34:07.747Z,south of the Fiji Islands,earthquake,,4.1,,13.0,reviewed,us,us
1983-11-10T21:50:12.020Z,-0.165,121.831,294.2,5.2,mb,,,,1.0,us,usp0001zqc,2014-11-07T00:34:07.769Z,"137 km NW of Luwuk, Indonesia",earthquake,,3.4,,17.0,reviewed,us,us
1983-11-10T23:33:52.050Z,4.264,123.024,576.5,5.6,mb,,,,0.9,us,usp0001zqd,2022-04-27T23:44:53.364Z,"231 km SSE of Tabiauan, Philippines",earthquake,,1.7,,43.0,reviewed,us,us
1983-11-11T02:21:32.510Z,-7.312,155.496,103.4,4.8,mb,,,,1.0,us,usp0001zqf,2014-11-07T00:34:07.806Z,"110 km S of Panguna, Papua New Guinea",earthquake,,7.2,,3.0,reviewed,us,us
1983-11-11T04:54:37.060Z,-29.481,-71.9,24.2,5.1,mb,,,,1.3,us,usp0001zqj,2014-11-07T00:34:07.814Z,"75 km NW of Coquimbo, Chile",earthquake,,5.4,,6.0,reviewed,us,us
1983-11-11T05:13:33.570Z,38.851,141.925,61.3,5.3,mb,,,,1.1,us,usp0001zqk,2026-01-07T19:35:53.331Z,"30 km SE of ?funato, Japan",earthquake,,2.1,,50.0,reviewed,us,us
1983-11-11T06:27:43.390Z,44.698,-28.109,10.0,4.5,mb,,,,0.5,us,usp0001zqn,2014-11-07T00:34:07.844Z,northern Mid-Atlantic Ridge,earthquake,,,,9.0,reviewed,us,us
1983-11-11T07:49:21.660Z,14.721,144.29,33.0,5.0,mb,,,,1.0,us,usp0001zqp,2014-11-07T00:34:07.847Z,"145 km NNW of Asan-Maina Village, Guam",earthquake,,,,8.0,reviewed,us,us
1983-11-11T10:08:03.000Z,43.593,-126.894,10.0,4.5,mb,,,,0.8,us,usp0001zqs,2014-11-07T00:34:07.854Z,off the coast of Oregon,earthquake,,,,6.0,reviewed,us,us
1983-11-11T11:09:46.970Z,5.803,126.352,110.6,4.9,mb,,,,0.8,us,usp0001zqu,2014-11-07T00:34:07.860Z,"64 km SSE of Pondaguitan, Philippines",earthquake,,8.0,,12.0,reviewed,us,us
1983-11-11T16:58:34.050Z,-0.98,122.541,66.5,4.9,mb,,,,1.1,us,usp0001zr1,2014-11-07T00:34:07.886Z,"27 km W of Luwuk, Indonesia",earthquake,,8.5,,4.0,reviewed,us,us
1983-11-11T19:22:16.740Z,13.183,-88.75,85.4,4.7,mb,,,,1.1,us,usp0001zr3,2014-11-07T00:34:07.890Z,"23 km SW of Jiquilisco, El Salvador",earthquake,,6.2,,6.0,reviewed,us,us
1983-11-11T21:19:28.300Z,6.34,125.814,136.0,5.4,mb,,,,1.2,us,usp0001zr8,2022-04-27T23:44:54.701Z,"18 km ENE of Talagutong, Philippines",earthquake,,4.0,,43.0,reviewed,us,us
1983-11-11T22:47:53.760Z,52.491,-170.639,59.1,5.1,mb,,,,1.0,us,usp0001zr9,2022-04-27T23:44:56.338Z,"130 km WSW of Nikolski, Alaska",earthquake,,4.4,,37.0,reviewed,us,us
1983-11-12T01:56:28.550Z,-4.973,125.41,33.0,5.2,mb,,,,1.2,us,usp0001zrd,2026-02-04T20:08:40.298Z,"298 km E of Katobu, Indonesia",earthquake,,,,8.0,reviewed,us,us
1983-11-12T02:47:58.380Z,-6.768,129.846,136.1,4.6,mb,,,,0.9,us,usp0001zre,2014-11-07T00:34:07.943Z,Banda Sea,earthquake,,8.4,,6.0,reviewed,us,us
1983-11-12T08:46:48.880Z,5.865,124.16,480.1,4.8,mb,,,,0.9,us,usp0001zrq,2014-11-07T00:34:07.964Z,"35 km SW of Malisbeng, Philippines",earthquake,,9.9,,3.0,reviewed,us,us
1983-11-12T09:10:51.850Z,-56.369,-27.045,94.5,5.2,mb,,,,0.7,us,usp0001zrr,2014-11-07T00:34:07.966Z,South Sandwich Islands region,earthquake,,,,4.0,reviewed,us,us
1983-11-12T13:53:32.710Z,-15.732,-74.112,71.3,5.3,mb,,,,1.0,us,usp0001zrw,2025-12-19T21:26:49.253Z,"8 km SSW of Tocota, Peru",earthquake,,,,27.0,reviewed,us,us
1983-11-12T15:33:55.470Z,-48.766,106.802,10.0,4.7,ms,,,,1.2,us,usp0001zrx,2014-11-07T00:34:07.986Z,southeast Indian Ridge,earthquake,,,,1.0,reviewed,us,us
1983-11-12T23:35:19.670Z,-58.883,-26.227,111.0,5.3,mb,,,,0.8,us,usp0001zs5,2025-12-19T21:26:49.954Z,South Sandwich Islands region,earthquake,,,,13.0,reviewed,us,us
1983-11-13T03:48:50.090Z,-6.077,105.419,68.1,5.0,mb,,,,1.3,us,usp0001zse,2026-01-07T19:35:54.780Z,"56 km NW of Labuan, Indonesia",earthquake,,7.9,,9.0,reviewed,us,us
1983-11-13T04:06:13.250Z,-14.407,167.392,187.9,4.5,mb,,,,1.0,us,usp0001zsf,2014-11-07T00:34:08.023Z,"61 km SSW of Sola, Vanuatu",earthquake,,9.6,,3.0,reviewed,us,us
1983-11-13T11:07:15.530Z,-6.775,130.645,109.3,5.1,mb,,,,1.1,us,usp0001zss,2014-11-07T00:34:08.064Z,"265 km WSW of Tual, Indonesia",earthquake,,8.4,,6.0,reviewed,us,us
1983-11-13T13:16:56.220Z,0.435,120.491,590.8,5.1,mb,,,,0.9,us,usp0001zst,2014-11-07T00:34:08.066Z,"163 km NNE of Palu, Indonesia",earthquake,,6.1,,5.0,reviewed,us,us
1983-11-13T15:57:05.480Z,1.271,121.199,159.2,4.9,mb,,,,1.0,us,usp0001zsv,2014-11-07T00:34:08.070Z,"222 km WNW of Gorontalo, Indonesia",earthquake,,7.8,,1.0,reviewed,us,us
1983-11-13T22:38:45.680Z,-5.592,-77.056,29.2,5.0,mb,,,,0.9,us,usp0001zsz,2022-04-27T23:44:57.958Z,"49 km N of Moyobamba, Peru",earthquake,,6.8,,24.0,reviewed,us,us
1983-11-14T09:27:57.740Z,43.762,147.692,33.0,4.8,mb,,,,0.9,us,usp0001zta,2014-11-07T00:34:08.100Z,"78 km E of Shikotan, Russia",earthquake,,,,17.0,reviewed,us,us
1983-11-14T10:20:10.890Z,-20.868,-178.54,589.2,4.6,mb,,,,1.3,us,usp0001ztb,2014-11-07T00:34:08.103Z,Fiji region,earthquake,,8.2,,6.0,reviewed,us,us
1983-11-14T11:24:15.700Z,-5.415,151.799,51.0,5.1,mb,,,,1.0,us,usp0001ztd,2014-11-07T00:34:08.108Z,"129 km SSW of Kokopo, Papua New Guinea",earthquake,,5.4,,11.0,reviewed,us,us
1983-11-14T12:55:11.080Z,48.794,154.965,33.0,4.6,mb,,,,0.4,us,usp0001ztf,2014-11-07T00:34:08.113Z,"225 km SSW of Severo-Kuril’sk, Russia",earthquake,,,,15.0,reviewed,us,us
1983-11-14T13:39:24.380Z,13.474,144.236,145.6,4.5,mb,,,,0.1,us,usp0001ztk,2014-11-07T00:34:08.121Z,"46 km WNW of Agat Village, Guam",earthquake,,1.6,,4.0,reviewed,us,us
1983-11-14T13:55:15.890Z,40.048,75.076,33.0,4.7,mb,,,,0.9,us,usp0001ztm,2014-11-07T00:34:08.123Z,"101 km NW of Kashgar, China",earthquake,,,,8.0,reviewed,us,us
1983-11-14T15:38:09.990Z,-11.338,114.792,33.0,4.8,mb,,,,1.3,us,usp0001ztp,2014-11-07T00:34:08.128Z,"284 km S of Jimbaran, Indonesia",earthquake,,,,4.0,reviewed,us,us
1983-11-14T18:17:13.490Z,-2.82,133.459,33.0,4.5,mb,,,,1.4,us,usp0001ztt,2014-11-07T00:34:08.134Z,"226 km SSW of Manokwari, Indonesia",earthquake,,,,6.0,reviewed,us,us
1983-11-14T18:55:59.490Z,1.298,128.12,57.3,4.9,mb,,,,1.1,us,usp0001ztv,2014-11-07T00:34:08.140Z,"49 km SSE of Tobelo, Indonesia",earthquake,,10.7,,10.0,reviewed,us,us
1983-11-14T19:59:24.180Z,-60.689,-26.124,33.0,4.7,mb,,,,1.5,us,usp0001zty,2014-11-07T00:34:08.163Z,South Sandwich Islands region,earthquake,,,,4.0,reviewed,us,us
1983-11-14T21:26:41.570Z,1.113,120.399,33.0,5.2,mb,,,,0.8,us,usp0001zu1,2014-11-07T00:34:08.194Z,"231 km NNE of Palu, Indonesia",earthquake,,,,4.0,reviewed,us,us
1983-11-15T00:42:19.760Z,73.499,8.209,10.0,5.1,mb,,,,0.9,us,usp0001zu5,2014-11-07T00:34:08.203Z,Greenland Sea,earthquake,,,,1.0,reviewed,us,us
1983-11-15T02:32:28.490Z,-0.223,122.053,60.8,5.0,mb,,,,0.6,us,usp0001zu7,2014-11-07T00:34:08.206Z,"114 km NW of Luwuk, Indonesia",earthquake,,4.5,,5.0,reviewed,us,us
1983-11-15T02:45:01.270Z,44.418,-28.234,10.0,4.7,ms,,,,0.9,us,usp0001zu8,2014-11-07T00:34:08.208Z,northern Mid-Atlantic Ridge,earthquake,,,,2.0,reviewed,us,us
1983-11-15T05:33:00.890Z,-28.478,-175.742,33.0,4.7,mb,,,,0.9,us,usp0001zuk,2014-11-07T00:34:08.244Z,Kermadec Islands region,earthquake,,,,4.0,reviewed,us,us
1983-11-15T07:50:11.970Z,-35.814,-71.207,116.1,4.9,mb,,,,0.9,us,usp0001zum,2014-11-07T00:34:08.246Z,"22 km SE of Colbún, Chile",earthquake,,5.6,,4.0,reviewed,us,us
1983-11-15T10:38:52.810Z,-11.285,115.325,33.0,5.4,mb,,,,1.2,us,usp0001zun,2025-12-19T21:26:50.634Z,"274 km S of Nusa Dua, Indonesia",earthquake,,,,27.0,reviewed,us,us
1983-11-15T13:48:34.530Z,87.221,45.097,10.0,4.5,mb,,,,1.0,us,usp0001zut,2014-11-07T00:34:08.273Z,north of Franz Josef Land,earthquake,,,,11.0,reviewed,us,us
1983-11-15T17:18:13.240Z,55.544,161.669,74.0,5.0,mb,,,,1.0,us,usp0001zuw,2025-12-19T21:26:51.383Z,"91 km SSW of Ust’-Kamchatsk Staryy, Russia",earthquake,,,,37.0,reviewed,us,us
1983-11-15T17:35:05.030Z,31.184,141.796,23.4,5.9,ms,,,,1.3,us,usp0001zux,2025-12-19T21:26:52.063Z,"Izu Islands, Japan region",earthquake,,3.8,,11.0,reviewed,us,us
1983-11-15T17:44:34.940Z,31.178,141.767,33.0,4.5,mb,,,,0.6,us,usp0001zuy,2014-11-07T00:34:08.321Z,"Izu Islands, Japan region",earthquake,,,,2.0,reviewed,us,us
1983-11-15T18:03:58.770Z,31.196,141.809,25.8,5.9,ms,,,,1.1,us,usp0001zuz,2025-12-19T21:26:52.932Z,"Izu Islands, Japan region",earthquake,,3.6,,2.0,reviewed,us,us
1983-11-15T18:52:41.980Z,48.965,-128.887,10.0,4.5,mb,,,,1.1,us,usp0001zv0,2014-11-07T00:34:08.340Z,"217 km SW of Vernon, Canada",earthquake,,,,8.0,reviewed,us,us
1983-11-15T20:22:10.420Z,31.255,141.632,34.9,4.7,mb,,,,1.1,us,usp0001zv3,2014-11-07T00:34:08.349Z,"Izu Islands, Japan region",earthquake,,7.9,,11.0,reviewed,us,us
1983-11-16T00:26:17.620Z,-4.153,142.031,104.0,5.0,mb,,,,0.9,us,usp0001zv7,2014-11-07T00:34:08.359Z,"87 km W of Ambunti, Papua New Guinea",earthquake,,6.7,,9.0,reviewed,us,us
1983-11-16T00:54:11.790Z,26.174,96.099,139.3,5.1,mb,,,,0.9,us,usp0001zva,2025-12-19T21:26:53.734Z,"71 km W of Sarupathar, India",earthquake,,,,36.0,reviewed,us,us
1983-11-16T06:49:09.130Z,-7.622,127.4,120.5,4.7,mb,,,,1.1,us,usp0001zvj,2014-11-07T00:34:08.408Z,"108 km NNE of Lospalos, Timor Leste",earthquake,,14.5,,4.0,reviewed,us,us
1983-11-16T06:56:33.160Z,-15.928,167.96,183.5,5.4,mb,,,,1.0,us,usp0001zvk,2014-11-07T00:34:08.410Z,"61 km ENE of Lakatoro, Vanuatu",earthquake,,4.5,,20.0,reviewed,us,us
1983-11-16T10:44:06.540Z,37.353,141.618,42.7,5.5,mb,,,,1.0,us,usp0001zvq,2025-12-19T21:26:54.427Z,"56 km ESE of Namie, Japan",earthquake,,,,83.0,reviewed,us,us
1983-11-16T12:31:21.330Z,-11.802,-126.071,10.0,4.8,mb,,,,1.2,us,usp0001zvu,2014-11-07T00:34:08.453Z,South Pacific Ocean,earthquake,,,,13.0,reviewed,us,us
1983-11-16T14:50:41.290Z,-15.212,-173.217,33.0,4.9,mb,,,,1.4,us,usp0001zvv,2014-11-07T00:34:08.456Z,"102 km NE of Hihifo, Tonga",earthquake,,,,5.0,reviewed,us,us
1983-11-16T16:13:00.140Z,19.4263333,-155.4495,8.722,6.71,md,39.0,56.0,,0.12,hv,hv19832953,2025-12-19T21:26:55.208Z,"22 km W of Volcano, Hawaii",earthquake,0.44,0.9,,1.0,reviewed,hv,hv
1983-11-16T22:07:21.740Z,-8.98,119.156,79.4,5.5,mw,,,,1.1,us,usp0001zw1,2022-04-27T23:45:10.299Z,"56 km SW of Komodo, Indonesia",earthquake,,4.3,,,reviewed,us,nc
1983-11-16T23:03:37.150Z,4.233,-82.685,10.0,4.8,mb,,,,1.0,us,usp0001zw2,2014-11-07T00:34:08.526Z,south of Panama,earthquake,,,,3.0,reviewed,us,us
1983-11-17T09:10:45.300Z,31.581,47.484,65.4,4.7,mb,,,,1.2,us,usp0001zwa,2014-11-07T00:34:08.548Z,"42 km SE of Al ‘Am?rah, Iraq",earthquake,,9.5,,7.0,reviewed,us,us
1983-11-17T09:36:29.500Z,51.649,-176.805,59.4,4.6,mb,,,,1.1,us,usp0001zwb,2014-11-07T00:34:08.554Z,"27 km SSW of Adak, Alaska",earthquake,,2.6,,12.0,reviewed,us,us
1983-11-17T10:39:30.930Z,-28.192,-63.185,574.6,5.4,mb,,,,0.8,us,usp0001zwc,2022-04-27T23:45:15.938Z,"37 km SE of Suncho Corral, Argentina",earthquake,,,,47.0,reviewed,us,us
1983-11-17T11:27:12.420Z,53.555,-163.673,33.0,5.0,mb,,,,0.9,us,usp0001zwd,2014-11-07T00:34:08.610Z,"145 km S of False Pass, Alaska",earthquake,,,,47.0,reviewed,us,us
1983-11-17T14:53:17.390Z,-7.242,-13.531,10.0,5.1,mb,,,,0.7,us,usp0001zwg,2025-12-19T21:26:55.924Z,"123 km NE of Georgetown, Saint Helena",earthquake,,,,37.0,reviewed,us,us
1983-11-17T18:17:32.150Z,52.259,158.48,33.0,4.9,mb,,,,0.8,us,usp0001zwj,2014-11-07T00:34:08.640Z,"74 km S of Vilyuchinsk, Russia",earthquake,,,,33.0,reviewed,us,us
1983-11-18T01:15:35.670Z,39.781,39.463,27.1,5.0,mb,,,,1.1,us,usp0001zwq,2025-12-19T20:58:44.786Z,"5 km NNW of Erzincan, Turkey",earthquake,,6.3,,56.0,reviewed,us,us
1983-11-18T02:07:24.330Z,39.759,39.247,33.0,4.7,mb,,,,1.4,us,usp0001zwr,2014-11-07T00:34:08.675Z,"20 km W of Erzincan, Turkey",earthquake,,,,6.0,reviewed,us,us
1983-11-18T03:26:59.650Z,-11.433,165.398,38.0,4.5,mb,,,,1.3,us,usp0001zws,2014-11-07T00:34:08.678Z,"89 km SSW of Lata, Solomon Islands",earthquake,,12.0,,2.0,reviewed,us,us
1983-11-18T07:13:28.760Z,36.864,28.682,14.9,4.6,mb,,,,1.3,us,usp0001zwx,2014-11-07T00:34:08.690Z,"4 km NE of Dalyan, Turkey",earthquake,,3.1,,3.0,reviewed,us,us
1983-11-18T08:32:01.170Z,6.899,-73.134,158.8,4.8,mb,,,,1.2,us,usp0001zwy,2014-11-07T00:34:08.692Z,"13 km SW of Piedecuesta, Colombia",earthquake,,5.2,,6.0,reviewed,us,us
1983-11-18T13:35:08.610Z,27.568,67.532,33.0,4.8,mb,,,,1.1,us,usp0001zx1,2014-11-07T00:34:08.699Z,"29 km WNW of Warah, Pakistan",earthquake,,,,10.0,reviewed,us,us
1983-11-18T16:01:08.870Z,27.664,67.694,33.0,4.8,mb,,,,1.5,us,usp0001zx2,2014-11-07T00:34:08.702Z,"25 km NNW of Warah, Pakistan",earthquake,,,,10.0,reviewed,us,us
1983-11-18T16:20:13.260Z,55.57,161.585,53.5,5.2,mb,,,,0.8,us,usp0001zx3,2014-11-07T00:34:08.706Z,"92 km SW of Ust’-Kamchatsk Staryy, Russia",earthquake,,,,72.0,reviewed,us,us
1983-11-18T22:14:02.940Z,9.427,126.378,51.9,4.5,mb,,,,1.0,us,usp0001zx9,2014-11-07T00:34:08.731Z,"26 km NE of Cortes, Philippines",earthquake,,13.3,,2.0,reviewed,us,us
1983-11-19T03:00:47.210Z,32.513,132.202,51.9,4.8,mb,,,,1.1,us,usp0001zxd,2014-11-07T00:34:08.744Z,"50 km E of Nobeoka, Japan",earthquake,,4.1,,3.0,reviewed,us,us
1983-11-19T04:31:52.880Z,1.962,126.547,78.7,5.3,mb,,,,1.2,us,usp0001zxf,2025-12-19T21:26:56.664Z,"159 km NW of Ternate, Indonesia",earthquake,,6.6,,23.0,reviewed,us,us
1983-11-19T07:57:58.170Z,34.293,45.94,34.7,5.1,mb,,,,1.0,us,usp0001zxg,2026-01-07T19:35:56.352Z,"19 km SSE of Sarpol-e Z?ah?b, Iran",earthquake,,4.1,,37.0,reviewed,us,us
1983-11-19T12:00:28.710Z,-21.788,-71.67,33.0,4.7,mb,,,,1.2,us,usp0001zxs,2014-11-07T00:34:08.803Z,"155 km WNW of Tocopilla, Chile",earthquake,,,,6.0,reviewed,us,us
1983-11-19T12:50:07.740Z,40.125,71.227,33.0,4.8,mb,,,,0.9,us,usp0001zxt,2022-04-27T23:45:25.026Z,"22 km NNW of Aydarken, Kyrgyzstan",earthquake,,,,32.0,reviewed,us,us
1983-11-19T18:44:34.690Z,-20.276,-177.907,547.5,4.7,mb,,,,1.0,us,usp0001zxz,2014-11-07T00:34:08.822Z,"296 km WNW of Haveluloto, Tonga",earthquake,,6.7,,5.0,reviewed,us,us
1983-11-19T19:25:10.480Z,33.802,141.761,44.9,4.5,mb,,,,0.7,us,usp0001zy0,2014-11-07T00:34:08.824Z,"199 km SE of Katsuura, Japan",earthquake,,6.1,,1.0,reviewed,us,us
1983-11-19T21:56:17.480Z,2.947,95.486,44.6,4.8,mb,,,,0.7,us,usp0001zy2,2026-01-07T19:35:57.159Z,"112 km WNW of Sinabang, Indonesia",earthquake,,5.9,,12.0,reviewed,us,us
1983-11-20T00:44:43.560Z,43.706,148.444,29.3,6.1,mw,,,,1.0,us,usp0001zy5,2025-12-19T21:26:57.414Z,"139 km E of Shikotan, Russia",earthquake,,3.7,,,reviewed,us,nc
1983-11-20T03:27:04.470Z,50.066,79.036,0.0,5.5,mb,,,,0.9,us,usp0001zy6,2014-11-07T00:34:08.874Z,"84 km SSE of Kurchatov, Kazakhstan",nuclear explosion,,,,84.0,reviewed,us,us
1983-11-20T05:10:24.400Z,-18.289,-174.319,120.2,5.2,mb,,,,1.7,us,usp0001zy7,2014-11-07T00:34:08.889Z,"53 km NW of Neiafu, Tonga",earthquake,,17.8,,5.0,reviewed,us,us
1983-11-20T05:18:44.170Z,44.28,147.887,41.6,4.8,mb,,,,1.1,us,usp0001zy8,2014-11-07T00:34:08.893Z,"105 km S of Kuril’sk, Russia",earthquake,,,,17.0,reviewed,us,us
1983-11-20T08:29:37.490Z,55.317,-157.976,33.0,5.1,mb,,,,0.9,us,usp0001zy9,2026-01-07T19:35:58.187Z,"99 km SE of Perryville, Alaska",earthquake,,,,46.0,reviewed,us,us
1983-11-20T16:04:31.290Z,40.001,39.412,10.0,4.6,mb,,,,1.0,us,usp0001zyf,2014-11-07T00:34:08.917Z,"14 km S of Kelkit, Turkey",earthquake,,,,24.0,reviewed,us,us
1983-11-20T19:15:14.770Z,14.408,-92.437,33.0,5.0,mb,,,,1.3,us,usp0001zyh,2014-11-07T00:34:08.925Z,"26 km WSW of Brisas Barra de Suchiate, Mexico",earthquake,,,,5.0,reviewed,us,us
1983-11-20T19:40:55.160Z,51.27,98.447,33.0,4.8,mb,,,,1.0,us,usp0001zyj,2026-01-07T19:35:59.013Z,"98 km NE of Kungurtug, Russia",earthquake,,,,9.0,reviewed,us,us
1983-11-20T20:32:20.520Z,-7.45,130.645,59.3,6.1,mw,,,,1.0,us,usp0001zyk,2025-12-19T21:26:58.075Z,"Pulau Pulau Tanimbar, Indonesia",earthquake,,,,,reviewed,us,nc
1983-11-21T16:19:23.680Z,32.566,96.061,33.0,4.8,mb,,,,1.2,us,usp0001zz3,2025-12-19T21:26:58.903Z,"191 km NW of Qamdo, China",earthquake,,,,6.0,reviewed,us,us
1983-11-21T17:19:16.670Z,36.655,26.736,35.8,4.6,mb,,,,0.4,us,usp0001zz4,2014-11-07T00:34:09.017Z,"22 km WSW of Kéfalos, Greece",earthquake,,2.6,,3.0,reviewed,us,us
1983-11-21T20:27:06.050Z,-17.822,-178.526,580.9,4.8,mb,,,,0.5,us,usp0001zz8,2014-11-07T00:34:09.027Z,"230 km E of Levuka, Fiji",earthquake,,3.5,,6.0,reviewed,us,us
1983-11-22T01:49:23.800Z,-15.83,-175.043,33.0,5.1,mb,,,,0.6,us,usp0001zzb,2014-11-07T00:34:09.032Z,"134 km W of Hihifo, Tonga",earthquake,,,,4.0,reviewed,us,us
1983-11-22T02:07:12.270Z,12.118,144.296,38.7,5.6,mb,,,,1.1,us,usp0001zzc,2025-12-19T21:26:59.699Z,"133 km SSW of Merizo Village, Guam",earthquake,,3.2,,42.0,reviewed,us,us
1983-11-22T05:31:24.580Z,-1.32,-15.827,10.0,5.0,mb,,,,1.3,us,usp0001zzg,2014-11-07T00:34:09.056Z,north of Ascension Island,earthquake,,,,4.0,reviewed,us,us
1983-11-22T07:34:34.530Z,15.555,-91.584,263.4,4.5,mb,,,,1.0,us,usp0001zzj,2014-11-07T00:34:09.061Z,"5 km NNE of Todos Santos Cuchumatán, Guatemala",earthquake,,7.3,,11.0,reviewed,us,us
1983-11-22T09:00:11.380Z,70.899,-5.838,10.0,4.5,mb,,,,1.1,us,usp0001zzk,2014-11-07T00:34:09.065Z,"105 km E of Olonkinbyen, Svalbard and Jan Mayen",earthquake,,,,15.0,reviewed,us,us
1983-11-22T14:21:03.080Z,0.482,-79.877,54.9,6.6,mw,,,,1.2,us,usp0001zzs,2025-12-19T21:27:00.536Z,"21 km SE of Muisne, Ecuador",earthquake,,,,,reviewed,us,nc
1983-11-22T14:29:32.510Z,36.343,70.64,199.7,5.1,mb,,,,1.1,us,usp0001zzt,2014-11-07T00:34:09.133Z,"60 km SSW of Jurm, Afghanistan",earthquake,,7.2,,6.0,reviewed,us,us
1983-11-22T15:15:14.960Z,-5.006,-78.105,25.6,5.2,mb,,,,1.0,us,usp0001zzu,2022-04-27T23:45:41.157Z,"76 km NNE of La Peca, Peru",earthquake,,8.4,,20.0,reviewed,us,us
1983-11-22T16:01:13.090Z,-31.125,-178.402,33.0,5.5,mb,,,,1.2,us,usp0001zzv,2022-04-27T23:45:46.189Z,Kermadec Islands region,earthquake,,,,7.0,reviewed,us,us
1983-11-22T16:39:25.900Z,12.654,-87.456,184.6,5.2,mb,,,,0.6,us,usp0001zzw,2014-11-07T00:34:09.148Z,"10 km S of Jiquilillo, Nicaragua",earthquake,,4.1,,3.0,reviewed,us,us
1983-11-23T00:02:26.970Z,51.631,-175.511,61.5,4.8,mb,,,,1.4,us,usp0002000,2014-11-07T00:34:09.156Z,"82 km ESE of Adak, Alaska",earthquake,,6.0,,6.0,reviewed,us,us
1983-11-23T05:05:52.370Z,30.354,83.105,33.0,4.6,mb,,,,1.3,us,usp0002002,2014-11-07T00:34:09.172Z,"149 km NE of Jumla, Nepal",earthquake,,,,1.0,reviewed,us,us
1983-11-23T05:46:03.720Z,-20.243,-178.479,599.3,4.7,mb,,,,1.1,us,usp0002003,2014-11-07T00:34:09.174Z,Fiji region,earthquake,,6.3,,11.0,reviewed,us,us
1983-11-23T05:48:33.580Z,-18.105,-178.333,606.7,5.6,mb,,,,0.9,us,usp0002004,2022-04-27T23:45:47.940Z,"248 km E of Levuka, Fiji",earthquake,,1.6,,46.0,reviewed,us,us
1983-11-23T08:12:15.000Z,-15.089,-75.551,54.4,5.1,mb,,,,1.2,us,usp0002006,2022-04-27T23:45:56.467Z,"49 km WNW of Minas de Marcona, Peru",earthquake,,6.6,,15.0,reviewed,us,us
1983-11-23T13:58:11.680Z,-7.285,131.046,50.9,5.2,mb,,,,0.8,us,usp0002008,2014-11-07T00:34:09.213Z,"263 km SW of Tual, Indonesia",earthquake,,8.2,,3.0,reviewed,us,us
1983-11-23T15:18:23.750Z,-17.809,178.806,562.8,4.6,mb,,,,0.7,us,usp0002009,2014-11-07T00:34:09.215Z,"53 km NE of Suva, Fiji",earthquake,,2.5,,2.0,reviewed,us,us
1983-11-23T18:39:14.600Z,1.253,120.866,17.2,5.2,mb,,,,0.9,us,usp000200c,2014-11-07T00:34:09.222Z,"256 km WNW of Gorontalo, Indonesia",earthquake,,4.4,,16.0,reviewed,us,us
1983-11-23T19:46:09.340Z,58.91,-153.267,74.6,4.6,mb,,,,1.0,us,usp000200d,2014-11-07T00:34:09.226Z,"91 km WSW of Nanwalek, Alaska",earthquake,,7.2,,2.0,reviewed,us,us
1983-11-23T23:05:52.740Z,47.256,152.31,33.0,5.0,mb,,,,1.3,us,usp000200f,2014-11-07T00:34:09.230Z,Kuril Islands,earthquake,,,,6.0,reviewed,us,us
1983-11-24T00:14:07.390Z,37.09,36.147,26.2,4.7,mb,,,,0.8,us,usp000200j,2020-08-26T23:04:29.264Z,"2 km N of Toprakkale, Turkey",earthquake,,4.0,,20.0,reviewed,us,us
1983-11-24T01:23:36.570Z,34.627,137.723,44.1,4.7,mb,,,,1.3,us,usp000200k,2026-01-07T19:35:59.887Z,"8 km S of Hamamatsu, Japan",earthquake,,3.5,,5.0,reviewed,us,us
1983-11-24T03:14:29.670Z,-7.822,104.446,33.0,4.6,mb,,,,0.6,us,usp000200p,2014-11-07T00:34:09.252Z,"221 km SW of Labuan, Indonesia",earthquake,,,,4.0,reviewed,us,us
1983-11-24T03:56:46.120Z,-23.114,-66.521,230.7,4.7,mb,,,,0.9,us,usp000200q,2014-11-07T00:34:09.254Z,"Jujuy, Argentina",earthquake,,5.1,,1.0,reviewed,us,us
1983-11-24T05:30:34.230Z,-7.481,128.168,178.5,7.3,mw,,,,1.2,us,usp000200r,2022-04-27T23:45:57.945Z,"172 km NE of Lospalos, Timor Leste",earthquake,,2.2,,,reviewed,us,nc
1983-11-24T06:50:33.550Z,56.386,-152.189,33.0,5.0,mb,,,,0.9,us,usp000200s,2014-11-07T00:34:09.311Z,"113 km SE of Old Harbor, Alaska",earthquake,,,,21.0,reviewed,us,us
1983-11-24T06:51:44.920Z,56.442,-152.339,33.0,5.3,mb,,,,0.8,us,usp000200t,2014-11-07T00:34:09.318Z,"103 km SE of Old Harbor, Alaska",earthquake,,,,26.0,reviewed,us,us
1983-11-24T06:56:48.400Z,56.429,-152.498,33.0,5.1,mb,,,,0.6,us,usp000200u,2014-11-07T00:34:09.323Z,"99 km SSE of Old Harbor, Alaska",earthquake,,,,25.0,reviewed,us,us
1983-11-24T07:02:32.880Z,56.462,-152.539,33.0,5.0,mb,,,,0.7,us,usp000200v,2014-11-07T00:34:09.329Z,"94 km SSE of Old Harbor, Alaska",earthquake,,,,17.0,reviewed,us,us
1983-11-24T07:04:47.670Z,56.541,-152.26,33.0,5.0,mb,,,,0.6,us,usp000200w,2014-11-07T00:34:09.334Z,"97 km SE of Old Harbor, Alaska",earthquake,,,,16.0,reviewed,us,us
1983-11-24T08:28:55.300Z,-8.482,127.733,33.0,5.0,mb,,,,1.3,us,usp000200x,2014-11-07T00:34:09.338Z,East Timor region,earthquake,,,,8.0,reviewed,us,us
1983-11-24T10:47:46.350Z,-7.483,128.257,187.2,4.8,mb,,,,1.4,us,usp0002010,2014-11-07T00:34:09.346Z,"180 km NE of Lospalos, Timor Leste",earthquake,,10.5,,3.0,reviewed,us,us
1983-11-24T11:02:02.610Z,36.292,71.232,75.5,5.2,mb,,,,1.4,us,usp0002011,2014-11-07T00:34:09.347Z,"51 km SSW of Ashk?sham, Afghanistan",earthquake,,8.9,,17.0,reviewed,us,us
1983-11-24T13:42:33.130Z,53.047,107.033,33.0,4.7,mb,,,,1.1,us,usp0002014,2014-11-07T00:34:09.354Z,"26 km SW of Khuzhir, Russia",earthquake,,,,4.0,reviewed,us,us
1983-11-24T18:25:44.270Z,-3.956,129.017,148.8,4.6,mb,,,,1.0,us,usp0002018,2014-11-07T00:34:09.360Z,"68 km S of Amahai, Indonesia",earthquake,,35.8,,1.0,reviewed,us,us
1983-11-24T20:55:40.980Z,34.733,-4.541,78.5,4.6,mb,,,,1.0,us,usp000201a,2014-11-07T00:34:09.369Z,"23 km NNE of Taounate, Morocco",earthquake,,3.7,,27.0,reviewed,us,us
1983-11-25T05:04:46.380Z,39.697,75.06,33.0,4.7,mb,,,,1.1,us,usp000201g,2014-11-07T00:34:09.385Z,"83 km WNW of Kashgar, China",earthquake,,,,4.0,reviewed,us,us
1983-11-25T06:34:14.920Z,9.821,126.045,81.0,5.2,mb,,,,1.0,us,usp000201h,2014-11-07T00:34:09.386Z,"6 km N of Dapa, Philippines",earthquake,,5.8,,10.0,reviewed,us,us
1983-11-25T09:23:28.120Z,24.254,-108.743,33.0,5.1,mb,,,,1.1,us,usp000201j,2025-12-19T21:27:01.352Z,"92 km WSW of Altata, Mexico",earthquake,,,,20.0,reviewed,us,us
1983-11-25T10:55:04.250Z,-28.864,-71.566,33.0,5.0,mb,,,,1.2,us,usp000201n,2014-11-07T00:34:09.400Z,"85 km WSW of Vallenar, Chile",earthquake,,,,4.0,reviewed,us,us
1983-11-25T11:15:47.220Z,-7.225,120.307,567.1,5.4,mb,,,,0.9,us,usp000201p,2014-11-07T00:34:09.403Z,"148 km NNE of Labuan Bajo, Indonesia",earthquake,,4.5,,20.0,reviewed,us,us
1983-11-25T12:19:23.930Z,35.022,22.802,25.1,5.0,mb,,,,1.2,us,usp000201q,2026-01-07T19:36:00.762Z,"83 km WSW of Palaióchora, Greece",earthquake,,4.1,,45.0,reviewed,us,us
1983-11-25T13:40:57.640Z,9.983,125.017,71.6,5.1,mb,,,,1.3,us,usp000201s,2014-11-07T00:34:09.424Z,"13 km SE of Macrohon, Philippines",earthquake,,11.7,,4.0,reviewed,us,us
1983-11-25T14:50:08.470Z,-5.447,152.251,47.9,4.5,mb,,,,1.1,us,usp000201v,2014-11-07T00:34:09.429Z,"122 km S of Kokopo, Papua New Guinea",earthquake,,6.4,,5.0,reviewed,us,us
1983-11-25T14:53:22.130Z,11.527,125.889,40.4,5.0,mb,,,,1.0,us,usp000201w,2014-11-07T00:34:09.431Z,"36 km NE of Hernani, Philippines",earthquake,,7.6,,8.0,reviewed,us,us
1983-11-25T15:05:27.790Z,47.441,153.114,58.8,4.9,mb,,,,0.8,us,usp000201x,2014-11-07T00:34:09.433Z,Kuril Islands,earthquake,,,,12.0,reviewed,us,us
1983-11-25T17:11:54.940Z,44.522,148.339,56.5,4.7,mb,,,,0.6,us,usp0002021,2014-11-07T00:34:09.443Z,"86 km SSE of Kuril’sk, Russia",earthquake,,10.2,,6.0,reviewed,us,us
1983-11-25T17:25:20.860Z,12.427,121.184,74.0,4.7,mb,,,,1.0,us,usp0002023,2014-11-07T00:34:09.446Z,"5 km NNE of Paclolo, Philippines",earthquake,,9.8,,3.0,reviewed,us,us
1983-11-25T17:37:49.370Z,-5.329,151.757,84.3,4.5,mb,,,,1.2,us,usp0002024,2014-11-07T00:34:09.448Z,"122 km SSW of Kokopo, Papua New Guinea",earthquake,,12.0,,3.0,reviewed,us,us
1983-11-25T17:55:09.970Z,-8.541,117.181,33.0,4.9,mb,,,,1.4,us,usp0002025,2014-11-07T00:34:09.449Z,"26 km WSW of Sumbawa Besar, Indonesia",earthquake,,,,6.0,reviewed,us,us
1983-11-25T18:17:09.070Z,-4.548,136.499,126.8,4.7,mb,,,,0.5,us,usp0002026,2014-11-07T00:34:09.451Z,"171 km SE of Nabire, Indonesia",earthquake,,7.5,,4.0,reviewed,us,us
1983-11-25T19:56:07.830Z,-40.451,155.507,18.5,6.2,mw,,,,1.0,us,usp0002027,2025-12-19T21:27:02.157Z,southeast of Australia,earthquake,,2.9,,,reviewed,us,nc
1983-11-25T21:54:12.300Z,-5.466,152.003,26.4,6.1,mw,,,,1.1,us,usp0002028,2025-12-19T21:27:02.979Z,"127 km SSW of Kokopo, Papua New Guinea",earthquake,,6.7,,,reviewed,us,nc
1983-11-25T22:25:56.360Z,42.687,-126.288,10.0,4.5,mb,,,,1.1,us,usp000202a,2014-11-07T00:34:09.497Z,"146 km W of Port Orford, Oregon",earthquake,,,,7.0,reviewed,us,us
1983-11-25T22:56:25.880Z,-3.77,-76.309,114.7,5.5,mb,,,,0.9,us,usp000202b,2022-04-27T23:46:21.204Z,"35 km SSE of Alianza Cristiana, Peru",earthquake,,,,69.0,reviewed,us,us
1983-11-26T03:40:09.320Z,-11.577,118.489,33.0,4.6,mb,,,,0.5,us,usp000202n,2014-11-07T00:34:09.533Z,"287 km SW of Waingapu, Indonesia",earthquake,,,,1.0,reviewed,us,us
1983-11-26T07:47:37.100Z,-33.49,-179.581,178.6,4.6,mb,,,,1.4,us,usp000202u,2014-11-07T00:34:09.543Z,south of the Kermadec Islands,earthquake,,24.7,,1.0,reviewed,us,us
1983-11-26T09:22:32.450Z,3.969,-82.546,10.0,5.4,mb,,,,1.3,us,usp000202v,2022-04-27T23:46:26.484Z,south of Panama,earthquake,,,,40.0,reviewed,us,us
1983-11-26T09:49:27.470Z,-2.305,138.632,33.0,5.1,mb,,,,0.9,us,usp000202w,2014-11-07T00:34:09.566Z,"224 km W of Abepura, Indonesia",earthquake,,,,3.0,reviewed,us,us
1983-11-26T10:27:04.240Z,35.027,22.754,23.3,4.8,mb,,,,1.1,us,usp000202y,2014-11-07T00:34:09.571Z,"87 km WSW of Palaióchora, Greece",earthquake,,4.5,,32.0,reviewed,us,us
1983-11-26T13:35:49.310Z,-24.242,-179.941,525.1,5.0,mb,,,,1.4,us,usp0002031,2014-11-07T00:34:09.590Z,south of the Fiji Islands,earthquake,,15.8,,4.0,reviewed,us,us
1983-11-26T14:14:57.880Z,19.428,-105.412,33.0,4.6,mb,,,,1.2,us,usp0002033,2014-11-07T00:34:09.594Z,"36 km SW of José María Morelos, Mexico",earthquake,,,,4.0,reviewed,us,us
1983-11-26T15:51:49.790Z,56.768,-155.344,33.0,5.3,mb,,,,0.8,us,usp0002035,2025-12-19T21:27:03.766Z,"74 km WSW of Akhiok, Alaska",earthquake,,,,49.0,reviewed,us,us
1983-11-26T17:00:01.560Z,-31.381,-68.9,100.7,5.1,mb,,,,1.1,us,usp0002036,2014-11-07T00:34:09.609Z,"24 km NW of Villa Basilio Nievas, Argentina",earthquake,,2.7,,12.0,reviewed,us,us
1983-11-26T18:24:39.850Z,-7.086,128.744,165.8,4.6,mb,,,,1.5,us,usp0002037,2014-11-07T00:34:09.615Z,"249 km NE of Lospalos, Timor Leste",earthquake,,35.2,,1.0,reviewed,us,us
1983-11-26T20:18:23.220Z,7.359,-82.268,10.0,6.0,ms,,,,1.4,us,usp0002038,2025-12-19T21:27:04.586Z,"95 km S of Boca Chica, Panama",earthquake,,,,14.0,reviewed,us,us
1983-11-26T23:15:23.870Z,29.939,131.122,38.7,5.1,mb,,,,1.0,us,usp000203a,2026-01-07T19:36:01.636Z,"65 km ESE of Koshima, Japan",earthquake,,4.7,,13.0,reviewed,us,us
1983-11-26T23:29:08.900Z,-44.368,-80.147,10.0,5.3,mb,,,,1.2,us,usp000203b,2022-04-27T23:46:49.417Z,"Off the coast of Aisen, Chile",earthquake,,,,4.0,reviewed,us,us
1983-11-27T03:43:25.930Z,-7.464,128.555,183.5,4.5,mb,,,,1.3,us,usp000203f,2014-11-07T00:34:09.665Z,"207 km NE of Lospalos, Timor Leste",earthquake,,12.3,,2.0,reviewed,us,us
1983-11-27T06:10:36.220Z,-5.545,152.018,68.6,5.1,mb,,,,0.9,us,usp000203h,2014-11-07T00:34:09.668Z,"135 km SSW of Kokopo, Papua New Guinea",earthquake,,5.5,,10.0,reviewed,us,us
1983-11-27T10:36:20.710Z,-5.138,151.797,63.5,4.6,mb,,,,1.1,us,usp000203m,2014-11-07T00:34:09.674Z,"102 km SSW of Kokopo, Papua New Guinea",earthquake,,6.7,,5.0,reviewed,us,us
1983-11-27T17:48:03.700Z,-4.894,-76.156,111.0,4.8,mb,,,,1.2,us,usp000203q,2014-11-07T00:34:09.680Z,"58 km E of Barranca, Peru",earthquake,,,,8.0,reviewed,us,us
1983-11-27T20:05:39.080Z,10.041,145.15,33.0,4.5,mb,,,,1.2,us,usp000203s,2014-11-07T00:34:09.685Z,south of the Mariana Islands,earthquake,,,,1.0,reviewed,us,us
1983-11-27T20:22:51.420Z,-5.463,152.16,37.1,5.5,mb,,,,1.0,us,usp000203t,2025-12-19T21:27:05.405Z,"124 km S of Kokopo, Papua New Guinea",earthquake,,3.8,,21.0,reviewed,us,us
1983-11-28T05:46:02.430Z,31.228,141.767,35.7,4.6,mb,,,,0.9,us,usp0002040,2025-12-19T21:27:06.096Z,"Izu Islands, Japan region",earthquake,,7.9,,5.0,reviewed,us,us
1983-11-28T09:41:13.000Z,-23.781,-70.425,37.2,5.1,mb,,,,1.5,us,usp0002043,2014-11-07T00:34:09.710Z,"14 km SSW of Antofagasta, Chile",earthquake,,6.8,,4.0,reviewed,us,us
1983-11-28T19:10:08.050Z,-44.87,-75.935,26.0,5.6,mb,,,,1.2,us,usp000204a,2022-04-27T23:46:52.228Z,"253 km WNW of Puerto Chacabuco, Chile",earthquake,,,,24.0,reviewed,us,us
1983-11-28T19:25:49.030Z,-21.913,170.738,111.5,5.3,mb,,,,1.0,us,usp000204b,2014-11-07T00:34:09.731Z,"298 km E of Tadine, New Caledonia",earthquake,,3.9,,12.0,reviewed,us,us
1983-11-28T20:12:22.490Z,29.528,140.106,48.7,4.9,mb,,,,0.8,us,usp000204c,2025-12-19T21:27:06.809Z,"Izu Islands, Japan region",earthquake,,6.0,,10.0,reviewed,us,us
1983-11-29T02:19:06.560Z,49.764,78.169,0.0,5.4,mb,,,,0.9,us,usp000204g,2014-11-07T00:34:09.745Z,"113 km SSW of Kurchatov, Kazakhstan",nuclear explosion,,,,78.0,reviewed,us,us
1983-11-29T02:55:15.760Z,-49.759,-114.423,10.0,5.2,ms,,,,1.2,us,usp000204h,2022-04-27T23:46:53.434Z,southern East Pacific Rise,earthquake,,,,5.0,reviewed,us,us
1983-11-29T03:39:58.400Z,-55.688,-124.802,10.0,5.1,mb,,,,1.1,us,usp000204j,2014-11-07T00:34:09.759Z,southern East Pacific Rise,earthquake,,,,6.0,reviewed,us,us
1983-11-29T06:18:24.000Z,-17.42,167.762,20.9,4.6,mb,,,,1.2,us,usp000204k,2014-11-07T00:34:09.763Z,"68 km WNW of Port-Vila, Vanuatu",earthquake,,6.8,,2.0,reviewed,us,us
1983-11-29T11:27:03.640Z,48.236,154.854,33.0,4.8,mb,,,,0.5,us,usp000204p,2014-11-07T00:34:09.770Z,"286 km SSW of Severo-Kuril’sk, Russia",earthquake,,,,18.0,reviewed,us,us
1983-11-29T11:45:10.720Z,-17.489,-70.351,129.4,4.7,mb,,,,1.1,us,usp000204q,2014-11-07T00:34:09.773Z,"9 km S of Totoral, Peru",earthquake,,5.9,,7.0,reviewed,us,us
1983-11-29T13:02:02.850Z,48.203,154.871,33.0,5.0,mb,,,,0.5,us,usp000204r,2014-11-07T00:34:09.776Z,"289 km SSW of Severo-Kuril’sk, Russia",earthquake,,,,25.0,reviewed,us,us
1983-11-29T13:08:48.670Z,-61.071,153.81,10.0,4.7,mb,,,,1.2,us,usp000204s,2014-11-07T00:34:09.781Z,Balleny Islands region,earthquake,,,,3.0,reviewed,us,us
1983-11-29T13:58:25.210Z,-17.803,-178.533,558.4,4.8,mb,,,,0.7,us,usp000204u,2014-11-07T00:34:09.784Z,"229 km E of Levuka, Fiji",earthquake,,3.4,,16.0,reviewed,us,us
1983-11-29T19:28:32.280Z,13.853,-90.599,82.5,4.7,mb,,,,1.5,us,usp000204x,2014-11-07T00:34:09.791Z,"14 km SE of Iztapa, Guatemala",earthquake,,9.1,,3.0,reviewed,us,us
1983-11-29T19:51:34.070Z,-7.558,128.112,179.5,5.2,mb,,,,1.1,us,usp000204y,2014-11-07T00:34:09.792Z,"162 km NE of Lospalos, Timor Leste",earthquake,,2.5,,18.0,reviewed,us,us
1983-11-29T20:59:50.850Z,32.598,140.003,136.7,5.6,mw,,,,1.1,us,usp0002052,2025-12-19T21:27:07.608Z,"250 km SSE of Shimoda, Japan",earthquake,,1.9,,,reviewed,us,nc
1983-11-29T21:25:51.130Z,42.224,140.875,124.2,4.6,mb,,,,0.9,us,usp0002053,2014-11-07T00:34:09.825Z,"13 km SW of Muroran, Japan",earthquake,,4.4,,6.0,reviewed,us,us
1983-11-29T22:18:30.940Z,-6.22,146.56,39.0,5.7,mw,,,,1.1,us,usp0002054,2025-12-19T20:58:45.966Z,"73 km NW of Lae, Papua New Guinea",earthquake,,3.4,,,reviewed,us,nc
1983-11-29T23:41:07.310Z,-19.503,-177.783,525.0,6.0,mw,,,,0.9,us,usp0002056,2022-04-27T23:47:00.057Z,Fiji region,earthquake,,1.6,,,reviewed,us,nc
1983-11-30T00:08:22.280Z,-4.826,153.569,84.3,5.2,mb,,,,0.9,us,usp0002057,2014-11-07T00:34:09.877Z,"153 km ESE of Kokopo, Papua New Guinea",earthquake,,3.7,,18.0,reviewed,us,us
1983-11-30T00:31:28.660Z,-4.809,153.53,79.4,4.9,mb,,,,1.1,us,usp0002058,2014-11-07T00:34:09.881Z,"149 km ESE of Kokopo, Papua New Guinea",earthquake,,4.5,,5.0,reviewed,us,us
1983-11-30T02:02:19.180Z,37.052,140.711,77.2,4.7,mb,,,,1.1,us,usp0002059,2014-11-07T00:34:09.885Z,"15 km W of Iwaki, Japan",earthquake,,4.9,,2.0,reviewed,us,us
1983-11-30T02:16:28.340Z,-5.63,147.428,146.5,5.3,mb,,,,1.1,us,usp000205a,2014-11-07T00:34:09.887Z,"112 km NNW of Finschhafen, Papua New Guinea",earthquake,,3.2,,16.0,reviewed,us,us
1983-11-30T02:56:47.280Z,41.79,142.772,56.9,6.0,mw,,,,1.0,us,usp000205b,2025-12-19T21:27:08.303Z,"69 km SSE of Shizunai-furukawach?, Japan",earthquake,,1.6,,,reviewed,us,nc
1983-11-30T03:49:57.450Z,13.83,-90.845,66.8,5.2,mb,,,,1.1,us,usp000205c,2014-11-07T00:34:09.930Z,"11 km SSW of Puerto San José, Guatemala",earthquake,,4.3,,24.0,reviewed,us,us
1983-11-30T07:40:14.670Z,30.071,57.756,33.0,4.5,mb,,,,0.6,us,usp000205g,2014-11-07T00:34:09.944Z,"69 km ESE of Kerman, Iran",earthquake,,,,3.0,reviewed,us,us
1983-11-30T07:48:55.640Z,-41.137,-75.343,33.0,4.8,mb,,,,1.4,us,usp000205h,2014-11-07T00:34:09.946Z,"151 km WNW of Ancud, Chile",earthquake,,,,3.0,reviewed,us,us
1983-11-30T10:16:13.310Z,-56.494,-26.383,84.6,5.8,mw,,,,1.1,us,usp000205j,2022-04-27T23:47:02.920Z,South Sandwich Islands region,earthquake,,,,,reviewed,us,nc
1983-11-30T13:12:10.810Z,-55.531,-26.33,33.0,4.7,mb,,,,1.0,us,usp000205q,2014-11-07T00:34:09.964Z,South Sandwich Islands region,earthquake,,,,2.0,reviewed,us,us
1983-11-30T13:49:15.260Z,1.814,127.132,89.5,4.5,mb,,,,1.1,us,usp000205r,2014-11-07T00:34:09.966Z,"98 km W of Tobelo, Indonesia",earthquake,,6.6,,5.0,reviewed,us,us
1983-11-30T16:40:45.850Z,-17.955,-178.5,591.2,4.9,mb,,,,0.9,us,usp000205t,2014-11-07T00:34:09.971Z,"231 km E of Levuka, Fiji",earthquake,,4.0,,7.0,reviewed,us,us
1983-11-30T17:46:00.670Z,-6.852,72.11,10.0,7.3,mw,,,,1.2,us,usp000205u,2025-12-19T21:27:09.099Z,Chagos Archipelago region,earthquake,,,,,reviewed,us,nc
1983-11-30T18:31:15.720Z,-7.175,72.459,10.0,5.2,mb,,,,0.9,us,usp000205v,2014-11-07T00:34:10.031Z,Chagos Archipelago region,earthquake,,,,2.0,reviewed,us,us
1983-11-30T18:46:15.350Z,-6.588,71.725,10.0,5.1,mb,,,,1.4,us,usp000205w,2014-11-07T00:34:10.033Z,Chagos Archipelago region,earthquake,,,,7.0,reviewed,us,us
1983-11-30T18:59:19.100Z,-6.671,71.337,10.0,4.5,mb,,,,0.9,us,usp000205x,2014-11-07T00:34:10.035Z,Chagos Archipelago region,earthquake,,,,2.0,reviewed,us,us
1983-11-30T19:08:35.640Z,-6.7,71.795,10.0,4.9,mb,,,,1.1,us,usp000205y,2014-11-07T00:34:10.036Z,Chagos Archipelago region,earthquake,,,,9.0,reviewed,us,us
1983-11-30T19:16:33.840Z,-6.829,72.271,10.0,5.4,mb,,,,0.9,us,usp000205z,2014-11-07T00:34:10.041Z,Chagos Archipelago region,earthquake,,,,42.0,reviewed,us,us
1983-11-30T19:20:49.980Z,51.041,-177.739,33.0,5.1,mb,,,,0.8,us,usp0002061,2014-11-07T00:34:10.053Z,"120 km SW of Adak, Alaska",earthquake,,,,32.0,reviewed,us,us
1983-11-30T19:50:59.690Z,-6.943,71.685,10.0,5.1,mb,,,,1.4,us,usp0002062,2014-11-07T00:34:10.058Z,Chagos Archipelago region,earthquake,,,,5.0,reviewed,us,us
1983-11-30T20:12:00.400Z,-6.545,71.487,10.0,4.9,mb,,,,1.0,us,usp0002063,2014-11-07T00:34:10.061Z,Chagos Archipelago region,earthquake,,,,9.0,reviewed,us,us
1983-11-30T20:15:34.910Z,-6.671,72.339,10.0,4.9,mb,,,,0.8,us,usp0002064,2014-11-07T00:34:10.064Z,Chagos Archipelago region,earthquake,,,,9.0,reviewed,us,us
1983-11-30T20:50:04.480Z,-6.718,71.431,10.0,4.6,mb,,,,0.6,us,usp0002065,2014-11-07T00:34:10.066Z,Chagos Archipelago region,earthquake,,,,5.0,reviewed,us,us
1983-11-30T20:57:06.420Z,-6.828,72.021,10.0,4.8,mb,,,,1.2,us,usp0002066,2014-11-07T00:34:10.069Z,Chagos Archipelago region,earthquake,,,,4.0,reviewed,us,us
1983-11-30T21:07:34.770Z,-6.817,72.083,10.0,4.8,mb,,,,1.1,us,usp0002067,2014-11-07T00:34:10.071Z,Chagos Archipelago region,earthquake,,,,8.0,reviewed,us,us
1983-11-30T21:09:13.590Z,-6.927,72.306,10.0,4.9,mb,,,,0.8,us,usp0002068,2014-11-07T00:34:10.073Z,Chagos Archipelago region,earthquake,,,,12.0,reviewed,us,us
1983-11-30T21:18:34.890Z,-6.599,71.677,10.0,4.6,mb,,,,1.1,us,usp0002069,2014-11-07T00:34:10.076Z,Chagos Archipelago region,earthquake,,,,2.0,reviewed,us,us
1983-11-30T21:42:07.770Z,-6.718,71.345,10.0,5.4,mb,,,,1.0,us,usp000206c,2025-12-19T21:27:09.773Z,Chagos Archipelago region,earthquake,,,,46.0,reviewed,us,us
1983-11-30T22:02:00.830Z,-6.83,72.351,10.0,5.1,mb,,,,0.9,us,usp000206d,2025-12-19T21:27:10.382Z,Chagos Archipelago region,earthquake,,,,33.0,reviewed,us,us
1983-11-30T22:05:21.450Z,-6.881,72.28,10.0,5.2,mb,,,,1.1,us,usp000206e,2014-11-07T00:34:10.102Z,Chagos Archipelago region,earthquake,,,,30.0,reviewed,us,us
1983-12-01T00:01:12.900Z,-6.479,71.295,10.0,4.8,mb,,,,0.6,us,usp000206g,2014-11-07T00:34:10.853Z,Chagos Archipelago region,earthquake,,,,7.0,reviewed,us,us
1983-12-01T01:41:41.790Z,-9.47,115.222,33.0,5.0,mb,,,,1.3,us,usp000206h,2014-11-07T00:34:11.385Z,"74 km S of Nusa Dua, Indonesia",earthquake,,,,10.0,reviewed,us,us
1983-12-01T04:32:07.120Z,11.639,125.965,33.0,4.8,mb,,,,1.0,us,usp000206j,2014-11-07T00:34:11.438Z,"51 km NE of Hernani, Philippines",earthquake,,,,6.0,reviewed,us,us
1983-12-01T05:21:25.980Z,34.981,22.884,36.8,4.6,mb,,,,1.5,us,usp000206k,2014-11-07T00:34:11.472Z,"77 km WSW of Palaióchora, Greece",earthquake,,5.7,,22.0,reviewed,us,us
1983-12-01T05:45:34.420Z,-6.653,71.423,10.0,5.6,mw,,,,1.0,us,usp000206n,2025-12-19T21:25:49.140Z,Chagos Archipelago region,earthquake,,,,,reviewed,us,nc
1983-12-01T06:06:37.730Z,-6.709,71.561,10.0,5.0,mb,,,,0.7,us,usp000206q,2014-11-07T00:34:11.817Z,Chagos Archipelago region,earthquake,,,,11.0,reviewed,us,us
1983-12-01T06:19:50.250Z,-6.316,70.971,10.0,5.0,mb,,,,1.1,us,usp000206r,2014-11-07T00:34:11.842Z,Chagos Archipelago region,earthquake,,,,4.0,reviewed,us,us
1983-12-01T06:57:46.120Z,-6.762,72.355,10.0,4.9,mb,,,,1.1,us,usp000206s,2014-11-07T00:34:11.863Z,Chagos Archipelago region,earthquake,,,,13.0,reviewed,us,us
1983-12-01T07:20:06.100Z,-6.832,71.49,10.0,5.1,mb,,,,0.9,us,usp000206t,2014-11-07T00:34:11.900Z,Chagos Archipelago region,earthquake,,,,30.0,reviewed,us,us
1983-12-01T07:23:40.280Z,-6.568,71.85,10.0,4.6,mb,,,,0.3,us,usp000206u,2014-11-07T00:34:11.945Z,Chagos Archipelago region,earthquake,,,,1.0,reviewed,us,us
1983-12-01T07:51:16.110Z,-6.647,71.404,10.0,5.3,mb,,,,1.1,us,usp000206v,2014-11-07T00:34:11.954Z,Chagos Archipelago region,earthquake,,,,34.0,reviewed,us,us
1983-12-01T08:43:57.260Z,12.409,121.84,33.0,4.9,mb,,,,1.2,us,usp000206x,2026-01-07T19:35:04.019Z,"16 km W of Odiongan, Philippines",earthquake,,,,14.0,reviewed,us,us
1983-12-01T09:15:30.260Z,-49.635,-15.492,10.0,5.2,mb,,,,1.0,us,usp000206z,2014-11-07T00:34:12.060Z,southwestern Atlantic Ocean,earthquake,,,,6.0,reviewed,us,us
1983-12-01T09:41:11.870Z,-6.691,71.364,10.0,4.6,mb,,,,0.4,us,usp0002070,2014-11-07T00:34:12.085Z,Chagos Archipelago region,earthquake,,,,5.0,reviewed,us,us
1983-12-01T12:22:21.540Z,-6.799,71.979,10.0,5.4,mb,,,,1.3,us,usp0002071,2026-01-07T19:35:05.378Z,Chagos Archipelago region,earthquake,,,,46.0,reviewed,us,us
1983-12-01T14:08:11.300Z,-6.663,71.657,10.0,4.6,mb,,,,0.5,us,usp0002072,2014-11-07T00:34:12.163Z,Chagos Archipelago region,earthquake,,,,7.0,reviewed,us,us
1983-12-01T15:09:07.390Z,-6.717,71.746,10.0,5.0,mb,,,,0.9,us,usp0002074,2026-01-07T19:35:06.274Z,Chagos Archipelago region,earthquake,,,,22.0,reviewed,us,us
1983-12-01T15:33:11.960Z,-6.884,71.921,10.0,4.6,mb,,,,1.5,us,usp0002076,2014-11-07T00:34:12.260Z,Chagos Archipelago region,earthquake,,,,3.0,reviewed,us,us
1983-12-01T18:23:41.400Z,-6.466,71.329,10.0,5.3,mb,,,,0.8,us,usp0002078,2025-12-19T20:58:37.396Z,Chagos Archipelago region,earthquake,,,,50.0,reviewed,us,us
1983-12-01T22:29:29.590Z,-6.699,71.782,10.0,5.4,mb,,,,1.0,us,usp0002079,2025-12-19T21:25:49.944Z,Chagos Archipelago region,earthquake,,,,41.0,reviewed,us,us
1983-12-02T03:09:05.660Z,14.066,-91.924,67.1,7.0,mw,,,,1.1,us,usp000207b,2025-12-19T21:25:50.831Z,"25 km S of Champerico, Guatemala",earthquake,,2.0,,,reviewed,us,nc
1983-12-02T06:31:31.680Z,76.632,6.761,10.0,5.0,mb,,,,1.0,us,usp000207c,2014-11-07T00:34:12.812Z,"279 km SW of Longyearbyen, Svalbard and Jan Mayen",earthquake,,,,36.0,reviewed,us,us
1983-12-02T08:54:02.500Z,14.134,-91.793,33.0,4.5,mb,,,,0.9,us,usp000207d,2014-11-07T00:34:12.851Z,"21 km SE of Champerico, Guatemala",earthquake,,,,4.0,reviewed,us,us
1983-12-02T10:45:08.470Z,27.915,56.655,33.0,4.8,mb,,,,0.8,us,usp000207e,2014-11-07T00:34:12.856Z,"88 km NNE of Bandar Abbas, Iran",earthquake,,,,21.0,reviewed,us,us
1983-12-02T11:55:23.800Z,14.138,-91.924,59.4,5.2,mb,,,,1.0,us,usp000207f,2025-12-19T21:25:51.722Z,"17 km S of Champerico, Guatemala",earthquake,,4.3,,43.0,reviewed,us,us
1983-12-02T12:29:08.020Z,-6.675,71.67,10.0,4.5,mb,,,,0.8,us,usp000207g,2014-11-07T00:34:12.907Z,Chagos Archipelago region,earthquake,,,,5.0,reviewed,us,us
1983-12-02T13:45:04.660Z,14.327,-91.781,35.4,4.8,mb,,,,1.1,us,usp000207j,2014-11-07T00:34:12.920Z,"14 km ENE of Champerico, Guatemala",earthquake,,15.2,,5.0,reviewed,us,us
1983-12-02T14:50:01.490Z,-20.387,-173.669,33.0,4.7,mb,,,,1.1,us,usp000207m,2014-11-07T00:34:12.935Z,"95 km SE of Pangai, Tonga",earthquake,,,,2.0,reviewed,us,us
1983-12-02T15:25:23.510Z,-6.657,71.795,10.0,5.0,mb,,,,1.1,us,usp000207n,2025-12-19T21:25:52.415Z,Chagos Archipelago region,earthquake,,,,5.0,reviewed,us,us
1983-12-02T19:36:29.740Z,-6.787,71.949,10.0,4.9,mb,,,,1.2,us,usp000207t,2014-11-07T00:34:12.972Z,Chagos Archipelago region,earthquake,,,,6.0,reviewed,us,us
1983-12-02T20:26:54.550Z,0.236,123.648,211.9,5.0,mb,,,,1.4,us,usp000207w,2014-11-07T00:34:12.987Z,"73 km ESE of Gorontalo, Indonesia",earthquake,,8.3,,2.0,reviewed,us,us
1983-12-02T20:38:16.070Z,-6.577,71.091,10.0,5.3,mb,,,,1.1,us,usp000207x,2025-12-19T21:25:53.110Z,Chagos Archipelago region,earthquake,,,,38.0,reviewed,us,us
1983-12-02T20:59:06.850Z,-6.84,72.203,10.0,4.9,mb,,,,1.0,us,usp000207y,2014-11-07T00:34:13.032Z,Chagos Archipelago region,earthquake,,,,16.0,reviewed,us,us
1983-12-02T23:08:39.490Z,7.03,38.599,10.0,5.1,mb,,,,1.0,us,usp0002080,2022-04-27T23:40:13.224Z,"14 km ESE of Hawassa, Ethiopia",earthquake,,,,29.0,reviewed,us,us
1983-12-03T01:23:55.300Z,-15.24,-172.915,33.0,6.2,mw,,,,1.3,us,usp0002081,2025-12-19T21:25:53.760Z,"123 km NE of Hihifo, Tonga",earthquake,,,,,reviewed,us,nc
1983-12-03T01:37:13.280Z,43.641,-127.547,10.0,5.1,mb,,,,1.1,us,usp0002082,2014-11-07T00:34:13.163Z,"260 km WNW of Bandon, Oregon",earthquake,,,,24.0,reviewed,us,us
1983-12-03T02:14:55.960Z,13.965,-92.414,33.0,4.9,mb,,,,1.4,us,usp0002084,2014-11-07T00:34:13.197Z,"64 km SSW of Ocós, Guatemala",earthquake,,,,14.0,reviewed,us,us
1983-12-03T03:10:01.020Z,-6.669,71.638,10.0,4.7,mb,,,,0.8,us,usp0002085,2014-11-07T00:34:13.210Z,Chagos Archipelago region,earthquake,,,,4.0,reviewed,us,us
1983-12-03T03:22:05.750Z,-20.439,-173.907,33.0,5.2,ms,,,,1.3,us,usp0002088,2014-11-07T00:34:13.313Z,"83 km SE of Pangai, Tonga",earthquake,,,,1.0,reviewed,us,us
1983-12-03T03:26:31.860Z,-6.874,71.969,10.0,4.6,mb,,,,1.3,us,usp0002089,2014-11-07T00:34:13.320Z,Chagos Archipelago region,earthquake,,,,2.0,reviewed,us,us
1983-12-03T03:36:59.430Z,13.97,-92.212,33.0,4.5,mb,,,,1.2,us,usp000208a,2014-11-07T00:34:13.325Z,"48 km SW of Champerico, Guatemala",earthquake,,,,4.0,reviewed,us,us
1983-12-03T07:33:42.250Z,12.618,-88.084,58.4,5.0,mb,,,,1.2,us,usp000208b,2014-11-07T00:34:13.331Z,"64 km S of Intipucá, El Salvador",earthquake,,,,17.0,reviewed,us,us
1983-12-03T09:57:27.650Z,-6.522,130.417,73.1,5.0,mb,,,,1.3,us,usp000208d,2014-11-07T00:34:13.346Z,"276 km WSW of Tual, Indonesia",earthquake,,15.1,,5.0,reviewed,us,us
1983-12-03T11:55:42.680Z,-6.682,72.438,10.0,5.0,mb,,,,0.9,us,usp000208e,2014-11-07T00:34:13.352Z,Chagos Archipelago region,earthquake,,,,12.0,reviewed,us,us
1983-12-03T15:25:09.390Z,53.89,159.682,96.7,5.3,mb,,,,0.8,us,usp000208f,2014-11-07T00:34:13.363Z,"113 km SE of Mil’kovo, Russia",earthquake,,13.0,,49.0,reviewed,us,us
1983-12-03T17:43:14.840Z,-6.463,71.417,10.0,6.3,mw,,,,1.1,us,usp000208h,2025-12-19T21:25:54.602Z,Chagos Archipelago region,earthquake,,,,,reviewed,us,nc
1983-12-03T18:58:42.730Z,-11.417,118.365,33.0,4.7,mb,,,,0.8,us,usp000208k,2014-11-07T00:34:13.508Z,"284 km SW of Waingapu, Indonesia",earthquake,,,,4.0,reviewed,us,us
1983-12-03T21:45:00.610Z,-24.3,-67.139,202.2,4.5,mb,,,,0.9,us,usp000208q,2014-11-07T00:34:13.532Z,"83 km W of San Antonio de los Cobres, Argentina",earthquake,,5.7,,1.0,reviewed,us,us
1983-12-04T02:00:35.590Z,-31.776,-69.426,114.6,5.3,mb,,,,0.9,us,usp000208u,2014-11-07T00:34:13.545Z,"49 km S of Calingasta, Argentina",earthquake,,,,21.0,reviewed,us,us
1983-12-04T02:09:22.030Z,-24.039,-66.76,203.3,5.2,mb,,,,1.2,us,usp000208v,2014-11-07T00:34:13.563Z,"49 km WNW of San Antonio de los Cobres, Argentina",earthquake,,,,29.0,reviewed,us,us
1983-12-04T02:48:30.640Z,-6.691,71.375,10.0,4.9,mb,,,,1.0,us,usp000208w,2014-11-07T00:34:13.588Z,Chagos Archipelago region,earthquake,,,,9.0,reviewed,us,us
1983-12-04T09:14:29.070Z,-6.95,71.601,10.0,4.6,mb,,,,1.1,us,usp000208z,2014-11-07T00:34:13.600Z,Chagos Archipelago region,earthquake,,,,4.0,reviewed,us,us
1983-12-04T13:06:30.290Z,-6.813,72.295,10.0,5.0,mb,,,,1.2,us,usp0002093,2016-11-10T00:07:19.165Z,Chagos Archipelago region,earthquake,,,,18.0,reviewed,us,us
1983-12-04T19:07:10.710Z,23.731,-45.373,10.0,4.8,mb,,,,0.9,us,usp0002095,2014-11-07T00:34:13.637Z,northern Mid-Atlantic Ridge,earthquake,,,,19.0,reviewed,us,us
1983-12-04T19:30:40.840Z,-20.742,-173.592,33.0,5.4,ms,,,,1.4,us,usp0002096,2025-12-19T21:25:55.303Z,"129 km SE of Pangai, Tonga",earthquake,,,,7.0,reviewed,us,us
1983-12-05T00:01:35.650Z,-6.785,71.48,10.0,4.8,mb,,,,0.8,us,usp0002098,2014-11-07T00:34:13.688Z,Chagos Archipelago region,earthquake,,,,11.0,reviewed,us,us
1983-12-05T00:34:59.190Z,-32.545,-70.418,102.1,4.8,mb,,,,1.0,us,usp0002099,2014-11-07T00:34:13.701Z,"36 km NNE of Los Andes, Chile",earthquake,,3.0,,6.0,reviewed,us,us
1983-12-05T01:53:39.420Z,32.47,131.847,56.8,5.0,mb,,,,1.2,us,usp000209a,2025-12-19T21:25:55.980Z,"21 km SE of Nobeoka, Japan",earthquake,,2.7,,18.0,reviewed,us,us
1983-12-05T04:09:19.410Z,-6.768,72.287,10.0,4.6,mb,,,,1.3,us,usp000209d,2014-11-07T00:34:13.740Z,Chagos Archipelago region,earthquake,,,,7.0,reviewed,us,us
1983-12-05T05:18:08.460Z,-20.128,66.494,10.0,5.2,mb,,,,0.8,us,usp000209e,2014-11-07T00:34:13.746Z,Mauritius - Reunion region,earthquake,,,,16.0,reviewed,us,us
1983-12-05T06:41:13.090Z,73.513,6.89,10.0,4.6,mb,,,,1.1,us,usp000209g,2014-11-07T00:34:13.760Z,Greenland Sea,earthquake,,,,4.0,reviewed,us,us
1983-12-05T07:28:27.860Z,73.843,7.816,10.0,4.5,mb,,,,0.9,us,usp000209j,2014-11-07T00:34:13.766Z,Greenland Sea,earthquake,,,,3.0,reviewed,us,us
1983-12-05T11:48:57.140Z,-14.49,167.291,206.6,5.0,mb,,,,1.1,us,usp000209q,2025-12-19T21:25:56.664Z,"65 km NNE of Port-Olry, Vanuatu",earthquake,,4.7,,21.0,reviewed,us,us
1983-12-05T12:00:09.300Z,24.904,106.826,33.0,4.6,mb,,,,1.4,us,usp000209t,2026-01-07T19:35:08.265Z,"113 km N of Baise City, China",earthquake,,,,3.0,reviewed,us,us
1983-12-05T12:26:46.530Z,-17.537,167.83,33.0,4.6,mb,,,,1.2,us,usp000209u,2014-11-07T00:34:13.822Z,"55 km WNW of Port-Vila, Vanuatu",earthquake,,,,3.0,reviewed,us,us
1983-12-05T12:41:23.600Z,53.87,171.092,33.0,5.2,mb,,,,1.2,us,usp000209v,2025-12-19T21:25:57.462Z,"180 km NW of Attu Station, Alaska",earthquake,,,,32.0,reviewed,us,us
1983-12-05T13:43:33.030Z,11.261,122.25,42.6,4.6,mb,,,,1.4,us,usp000209w,2014-11-07T00:34:13.853Z,"14 km SSW of Manika, Philippines",earthquake,,6.1,,6.0,reviewed,us,us
1983-12-05T18:58:56.820Z,74.185,10.826,10.0,4.7,mb,,,,1.1,us,usp00020a4,2014-11-07T00:34:13.883Z,Norwegian Sea,earthquake,,,,4.0,reviewed,us,us
1983-12-05T19:31:23.760Z,85.377,87.015,10.0,4.9,mb,,,,1.2,us,usp00020a5,2014-11-07T00:34:13.887Z,north of Severnaya Zemlya,earthquake,,,,22.0,reviewed,us,us
1983-12-05T20:14:26.060Z,44.262,-128.262,10.0,4.5,mb,,,,0.8,us,usp00020a6,2014-11-07T00:34:13.897Z,off the coast of Oregon,earthquake,,,,4.0,reviewed,us,us
1983-12-05T20:41:13.800Z,73.858,8.513,10.0,4.8,mb,,,,1.0,us,usp00020a7,2014-11-07T00:34:13.902Z,Greenland Sea,earthquake,,,,21.0,reviewed,us,us
1983-12-05T20:54:22.490Z,73.776,8.702,10.0,5.1,mb,,,,1.0,us,usp00020a9,2016-11-10T00:07:48.479Z,Greenland Sea,earthquake,,,,54.0,reviewed,us,us
1983-12-06T02:10:45.000Z,-7.064,71.535,10.0,4.7,mb,,,,1.3,us,usp00020ab,2014-11-07T00:34:13.963Z,Chagos Archipelago region,earthquake,,,,5.0,reviewed,us,us
1983-12-06T09:25:57.090Z,4.287,95.298,72.5,4.9,mb,,,,1.1,us,usp00020af,2025-12-19T21:25:58.175Z,"93 km W of Meulaboh, Indonesia",earthquake,,6.0,,13.0,reviewed,us,us
1983-12-06T09:30:20.570Z,-6.864,72.392,10.0,5.2,mb,,,,0.8,us,usp00020ag,2014-11-07T00:34:13.998Z,Chagos Archipelago region,earthquake,,,,25.0,reviewed,us,us
1983-12-06T09:50:44.680Z,53.826,160.582,33.0,5.1,mb,,,,0.8,us,usp00020ah,2014-11-07T00:34:14.015Z,"155 km ENE of Petropavlovsk-Kamchatsky, Russia",earthquake,,,,48.0,reviewed,us,us
1983-12-06T17:25:11.390Z,-5.44,147.006,191.4,4.6,mb,,,,1.0,us,usp00020am,2014-11-07T00:34:14.045Z,"137 km E of Madang, Papua New Guinea",earthquake,,4.6,,2.0,reviewed,us,us
1983-12-07T00:35:36.290Z,-34.922,78.738,10.0,4.7,mb,,,,0.9,us,usp00020at,2014-11-07T00:34:14.075Z,Mid-Indian Ridge,earthquake,,,,7.0,reviewed,us,us
1983-12-07T01:32:46.330Z,-6.884,71.639,10.0,4.7,mb,,,,0.8,us,usp00020av,2014-11-07T00:34:14.082Z,Chagos Archipelago region,earthquake,,,,14.0,reviewed,us,us
1983-12-07T04:53:50.060Z,35.977,70.808,115.8,4.9,mb,,,,0.9,us,usp00020aw,2014-11-07T00:34:14.097Z,"62 km N of P?r?n, Afghanistan",earthquake,,4.7,,17.0,reviewed,us,us
1983-12-07T07:44:10.450Z,-6.757,71.543,10.0,5.0,mb,,,,0.9,us,usp00020ax,2025-12-19T21:25:59.005Z,Chagos Archipelago region,earthquake,,,,20.0,reviewed,us,us
1983-12-07T08:07:47.250Z,-6.843,72.204,10.0,4.8,mb,,,,1.2,us,usp00020ay,2014-11-07T00:34:14.129Z,Chagos Archipelago region,earthquake,,,,8.0,reviewed,us,us
1983-12-07T08:22:34.380Z,33.933,139.995,104.5,5.2,mb,,,,1.0,us,usp00020az,2014-11-07T00:34:14.141Z,"117 km S of Tateyama, Japan",earthquake,,2.1,,48.0,reviewed,us,us
1983-12-07T12:11:31.890Z,36.035,69.044,48.6,5.4,mb,,,,1.0,us,usp00020b3,2025-12-19T20:58:38.605Z,"8 km WSW of Nahr?n, Afghanistan",earthquake,,5.2,,58.0,reviewed,us,us
1983-12-07T12:14:49.930Z,-15.895,167.089,30.0,4.8,ms,,,,1.3,us,usp00020b4,2026-01-07T19:35:09.352Z,"37 km WNW of Norsup, Vanuatu",earthquake,,6.4,,2.0,reviewed,us,us
1983-12-07T17:21:50.990Z,-6.684,71.923,10.0,4.6,mb,,,,1.3,us,usp00020b9,2014-11-07T00:34:14.271Z,Chagos Archipelago region,earthquake,,,,4.0,reviewed,us,us
1983-12-07T19:03:03.340Z,-35.13,78.652,10.0,4.7,mb,,,,1.0,us,usp00020ba,2014-11-07T00:34:14.276Z,Mid-Indian Ridge,earthquake,,,,6.0,reviewed,us,us
1983-12-08T01:25:31.340Z,4.314,62.508,10.0,5.1,ms,,,,1.2,us,usp00020be,2025-12-19T21:25:59.725Z,Carlsberg Ridge,earthquake,,,,1.0,reviewed,us,us
1983-12-08T01:26:22.000Z,4.396,62.513,10.0,5.5,mb,,,,0.9,us,usp00020bf,2025-12-19T21:26:00.403Z,Carlsberg Ridge,earthquake,,,,43.0,reviewed,us,us
1983-12-08T01:41:36.150Z,-15.849,167.013,33.0,5.0,mb,,,,1.2,us,usp00020bg,2014-11-07T00:34:14.352Z,"39 km SSW of Luganville, Vanuatu",earthquake,,,,6.0,reviewed,us,us
1983-12-08T01:44:20.740Z,-15.656,166.889,33.0,4.7,mb,,,,1.2,us,usp00020bh,2014-11-07T00:34:14.362Z,"32 km WSW of Luganville, Vanuatu",earthquake,,,,1.0,reviewed,us,us
1983-12-08T02:19:10.950Z,-19.216,-178.378,627.0,5.5,mb,,,,1.0,us,usp00020bk,2022-04-27T23:40:25.221Z,"274 km ESE of Levuka, Fiji",earthquake,,1.8,,47.0,reviewed,us,us
1983-12-08T02:53:42.560Z,24.306,121.913,9.0,4.9,mb,,,,1.3,us,usp00020bm,2026-01-07T19:35:10.381Z,"48 km NE of Hualien City, Taiwan",earthquake,,2.5,,9.0,reviewed,us,us
1983-12-08T10:21:56.570Z,18.548,-102.581,68.3,5.5,mb,,,,1.3,us,usp00020bs,2022-04-27T23:40:26.328Z,"21 km W of Tumbiscatío de Ruiz, Mexico",earthquake,,3.9,,55.0,reviewed,us,us
1983-12-08T11:01:20.570Z,-22.479,-179.503,629.6,5.5,mb,,,,1.2,us,usp00020bt,2022-04-27T23:40:27.495Z,south of the Fiji Islands,earthquake,,2.0,,32.0,reviewed,us,us
1983-12-08T12:50:51.830Z,-15.03,-174.407,33.0,5.3,mb,,,,1.2,us,usp00020bw,2014-11-07T00:34:14.535Z,"121 km NNW of Hihifo, Tonga",earthquake,,,,15.0,reviewed,us,us
1983-12-08T13:17:56.380Z,3.792,148.958,10.0,6.3,mw,,,,1.2,us,usp00020bx,2025-12-19T21:26:01.323Z,Federated States of Micronesia region,earthquake,,,,,reviewed,us,nc
1983-12-08T13:50:51.050Z,46.248,150.927,97.7,5.6,mb,,,,0.8,us,usp00020by,2022-04-27T23:40:29.933Z,"263 km ENE of Kuril’sk, Russia",earthquake,,4.6,,71.0,reviewed,us,us
1983-12-08T14:46:57.010Z,18.237,-69.005,42.7,5.1,mb,,,,0.8,us,usp00020c0,2014-11-07T00:34:14.617Z,"21 km S of La Romana, Dominican Republic",earthquake,,4.4,,26.0,reviewed,us,us
1983-12-08T16:12:36.000Z,-20.994,-177.867,418.4,4.9,mb,,,,1.1,us,usp00020c1,2014-11-07T00:34:14.628Z,"276 km W of Haveluloto, Tonga",earthquake,,8.0,,7.0,reviewed,us,us
1983-12-09T00:40:11.020Z,37.836,29.435,10.0,4.6,mb,,,,1.1,us,usp00020c6,2014-11-07T00:34:14.645Z,"15 km W of Bozkurt, Turkey",earthquake,,,,4.0,reviewed,us,us
1983-12-09T06:40:47.080Z,-49.55,125.894,10.0,5.4,mb,,,,1.2,us,usp00020cb,2025-12-19T21:26:02.131Z,western Indian-Antarctic Ridge,earthquake,,,,14.0,reviewed,us,us
1983-12-09T08:31:01.940Z,11.104,125.529,33.0,4.6,mb,,,,0.8,us,usp00020cc,2014-11-07T00:34:14.679Z,"6 km S of Quinapundan, Philippines",earthquake,,,,2.0,reviewed,us,us
1983-12-09T10:11:21.250Z,-6.718,71.395,10.0,4.6,mb,,,,1.1,us,usp00020ce,2014-11-07T00:34:14.686Z,Chagos Archipelago region,earthquake,,,,3.0,reviewed,us,us
1983-12-09T13:48:02.840Z,-16.716,-173.526,33.0,5.2,mb,,,,1.1,us,usp00020cf,2025-12-19T21:26:02.957Z,"89 km SSE of Hihifo, Tonga",earthquake,,,,29.0,reviewed,us,us
1983-12-09T16:38:54.420Z,9.001,-77.198,33.0,5.0,mb,,,,1.3,us,usp00020ch,2014-11-07T00:34:14.715Z,"44 km NNE of Puerto Obaldía, Panama",earthquake,,,,9.0,reviewed,us,us
1983-12-09T17:17:19.550Z,-2.167,139.042,33.0,5.0,mb,,,,1.1,us,usp00020cj,2026-01-07T19:35:12.207Z,"183 km WNW of Abepura, Indonesia",earthquake,,,,9.0,reviewed,us,us
1983-12-09T22:07:59.510Z,-7.415,128.563,157.6,5.4,mb,,,,0.9,us,usp00020cn,2025-12-19T21:26:03.628Z,"211 km NE of Lospalos, Timor Leste",earthquake,,,,21.0,reviewed,us,us
1983-12-09T23:07:10.850Z,-15.45,-173.412,33.0,5.3,ms,,,,1.0,us,usp00020cp,2014-11-07T00:34:14.747Z,"69 km NE of Hihifo, Tonga",earthquake,,,,1.0,reviewed,us,us
1983-12-09T23:15:56.750Z,26.089,125.514,26.7,5.3,mb,,,,1.0,us,usp00020cq,2026-01-07T19:35:19.531Z,"143 km N of Hirara, Japan",earthquake,,10.3,,6.0,reviewed,us,us
1983-12-10T00:39:05.700Z,-6.826,72.224,10.0,4.8,mb,,,,1.0,us,usp00020cu,2014-11-07T00:34:14.767Z,Chagos Archipelago region,earthquake,,,,7.0,reviewed,us,us
1983-12-10T04:51:42.760Z,-17.281,-69.795,157.6,4.5,mb,,,,1.1,us,usp00020cx,2014-11-07T00:34:14.775Z,"26 km E of Chuquitira, Peru",earthquake,,5.2,,6.0,reviewed,us,us
1983-12-10T12:46:03.820Z,-13.47,-76.088,104.2,4.5,mb,,,,1.0,us,usp00020d3,2014-11-07T00:34:14.795Z,"8 km SE of Chincha Alta, Peru",earthquake,,16.9,,1.0,reviewed,us,us
1983-12-10T17:37:55.750Z,-44.361,-78.13,10.0,5.1,ms,,,,1.3,us,usp00020d6,2022-04-27T23:40:32.235Z,"Off the coast of Aisen, Chile",earthquake,,,,3.0,reviewed,us,us
1983-12-10T19:53:26.810Z,36.284,140.124,68.7,4.5,mb,,,,1.1,us,usp00020d8,2014-11-07T00:34:14.807Z,"2 km NE of Makabe, Japan",earthquake,,2.8,,2.0,reviewed,us,us
1983-12-10T20:22:38.080Z,14.301,-91.673,79.5,5.4,mb,,,,1.0,us,usp00020d9,2025-12-19T21:26:04.318Z,"25 km E of Champerico, Guatemala",earthquake,,4.4,,78.0,reviewed,us,us
1983-12-11T06:19:34.620Z,14.053,-91.916,76.2,5.2,mb,,,,1.0,us,usp00020dh,2014-11-07T00:34:14.853Z,"26 km S of Champerico, Guatemala",earthquake,,3.9,,15.0,reviewed,us,us
1983-12-11T07:01:22.880Z,0.504,120.594,231.9,4.8,mb,,,,1.3,us,usp00020dj,2014-11-07T00:34:14.860Z,"175 km NNE of Palu, Indonesia",earthquake,,11.9,,6.0,reviewed,us,us
1983-12-11T08:32:03.080Z,14.031,-91.902,76.5,4.9,mb,,,,1.0,us,usp00020dn,2014-11-07T00:34:14.868Z,"29 km S of Champerico, Guatemala",earthquake,,4.0,,18.0,reviewed,us,us
1983-12-11T09:02:54.800Z,-4.07,32.327,10.0,5.3,mb,,,,1.0,us,usp00020dq,2022-04-27T23:40:34.429Z,"40 km SW of Kahama, Tanzania",earthquake,,,,35.0,reviewed,us,us
1983-12-11T09:13:49.230Z,8.137,137.239,23.9,6.4,mw,,,,1.2,us,usp00020dr,2025-12-19T21:26:05.296Z,"180 km SSW of Colonia, Micronesia",earthquake,,,,,reviewed,us,nc
1983-12-11T13:02:52.880Z,-18.361,168.047,54.2,5.5,mb,,,,1.2,us,usp00020dv,2022-04-27T23:40:36.872Z,"74 km SSW of Port-Vila, Vanuatu",earthquake,,4.8,,11.0,reviewed,us,us
1983-12-11T16:01:29.100Z,51.703,156.869,111.0,4.6,mb,,,,0.8,us,usp00020dy,2014-11-07T00:34:14.968Z,"34 km NE of Ozernovskiy, Russia",earthquake,,22.2,,14.0,reviewed,us,us
1983-12-11T16:12:00.440Z,-13.837,-77.195,33.0,5.0,mb,,,,1.1,us,usp00020dz,2014-11-07T00:34:14.971Z,"100 km W of Paracas, Peru",earthquake,,,,8.0,reviewed,us,us
1983-12-11T19:14:25.140Z,-5.989,129.955,33.0,4.6,mb,,,,1.4,us,usp00020e5,2014-11-07T00:34:14.989Z,Banda Sea,earthquake,,,,4.0,reviewed,us,us
1983-12-11T22:17:20.910Z,-5.077,151.892,85.5,5.5,mb,,,,1.1,us,usp00020e9,2022-04-27T23:40:38.036Z,"91 km SSW of Kokopo, Papua New Guinea",earthquake,,3.8,,15.0,reviewed,us,us
1983-12-11T23:24:33.320Z,-5.853,151.568,78.8,4.9,mb,,,,1.3,us,usp00020ea,2014-11-07T00:34:15.007Z,"161 km ESE of Kimbe, Papua New Guinea",earthquake,,7.7,,5.0,reviewed,us,us
1983-12-11T23:42:38.530Z,-7.364,27.782,10.0,4.7,mb,,,,1.6,us,usp00020ec,2014-11-07T00:34:15.011Z,"173 km SSE of Kabalo, Democratic Republic of the Congo",earthquake,,,,2.0,reviewed,us,us
1983-12-12T00:37:58.670Z,-7.466,27.663,10.0,4.6,mb,,,,1.1,us,usp00020ee,2014-11-07T00:34:15.014Z,"176 km SSE of Kabalo, Democratic Republic of the Congo",earthquake,,,,1.0,reviewed,us,us
1983-12-12T01:22:04.540Z,40.162,142.523,46.3,4.6,mb,,,,1.3,us,usp00020eg,2014-11-07T00:34:15.018Z,"75 km NE of Miyako, Japan",earthquake,,9.4,,3.0,reviewed,us,us
1983-12-12T04:55:36.480Z,44.428,-114.102,10.0,4.5,mb,,,,1.0,us,usp00020ek,2014-11-07T00:34:15.026Z,"13 km SE of Challis, Idaho",earthquake,,,,5.0,reviewed,us,us
1983-12-12T08:27:30.290Z,-16.165,-176.412,393.0,4.7,mb,,,,1.1,us,usp00020et,2014-11-07T00:34:15.046Z,"274 km SE of Alo, Wallis and Futuna",earthquake,,6.1,,11.0,reviewed,us,us
1983-12-12T09:26:07.000Z,-7.583,127.288,136.9,6.4,mw,,,,1.1,us,usp00020eu,2022-04-27T23:40:39.228Z,"108 km NNE of Lospalos, Timor Leste",earthquake,,1.1,,,reviewed,us,nc
1983-12-12T15:36:07.990Z,-5.146,152.4,59.5,5.0,mb,,,,0.9,us,usp00020ez,2014-11-07T00:34:15.111Z,"89 km S of Kokopo, Papua New Guinea",earthquake,,9.7,,6.0,reviewed,us,us
1983-12-12T16:48:50.980Z,14.33,-93.078,37.8,4.9,mb,,,,1.3,us,usp00020f0,2014-11-07T00:34:15.113Z,"82 km WSW of Puerto Madero, Mexico",earthquake,,8.2,,11.0,reviewed,us,us
1983-12-12T17:23:13.280Z,-6.602,71.416,10.0,5.3,mb,,,,1.0,us,usp00020f1,2025-12-19T21:26:06.892Z,Chagos Archipelago region,earthquake,,,,48.0,reviewed,us,us
1983-12-12T17:29:52.100Z,8.637,-39.363,10.0,4.9,mb,,,,1.2,us,usp00020f2,2014-11-07T00:34:15.135Z,central Mid-Atlantic Ridge,earthquake,,,,5.0,reviewed,us,us
1983-12-13T06:37:00.700Z,14.267,-92.961,39.2,5.5,mb,,,,1.0,us,usp00020f7,2022-04-27T23:40:46.081Z,"76 km SW of Puerto Madero, Mexico",earthquake,,3.7,,42.0,reviewed,us,us
1983-12-13T11:45:52.040Z,17.476,146.81,48.1,4.8,mb,,,,0.9,us,usp00020f9,2014-11-07T00:34:15.159Z,"274 km NNE of Saipan, Northern Mariana Islands",earthquake,,6.6,,15.0,reviewed,us,us
1983-12-13T12:18:21.990Z,6.836,-73.142,168.8,4.5,mb,,,,0.7,us,usp00020fa,2014-11-07T00:34:15.164Z,"12 km NNW of Jordán, Colombia",earthquake,,3.3,,6.0,reviewed,us,us
1983-12-13T16:47:44.170Z,-6.374,71.236,10.0,5.1,mb,,,,0.9,us,usp00020fd,2014-11-07T00:34:15.170Z,Chagos Archipelago region,earthquake,,,,9.0,reviewed,us,us
1983-12-13T20:48:47.890Z,51.785,-177.094,78.8,4.7,mb,,,,1.0,us,usp00020fj,2014-11-07T00:34:15.182Z,"33 km WSW of Adak, Alaska",earthquake,,7.7,,5.0,reviewed,us,us
1983-12-13T23:21:01.620Z,2.854,128.258,85.3,5.2,mb,,,,1.2,us,usp00020fp,2014-11-07T00:34:15.190Z,"127 km NNE of Tobelo, Indonesia",earthquake,,8.4,,6.0,reviewed,us,us
1983-12-14T05:02:19.200Z,-1.83,135.644,33.0,5.4,ms,,,,1.2,us,usp00020fr,2025-12-19T21:26:07.633Z,"87 km SW of Biak, Indonesia",earthquake,,,,3.0,reviewed,us,us
1983-12-14T07:38:56.130Z,-25.912,-71.301,33.0,4.9,mb,,,,1.5,us,usp00020fu,2014-11-07T00:34:15.210Z,"99 km SW of Taltal, Chile",earthquake,,,,1.0,reviewed,us,us
1983-12-14T10:43:56.910Z,-45.726,33.763,10.0,4.6,mb,,,,1.5,us,usp00020fx,2014-11-07T00:34:15.216Z,Prince Edward Islands region,earthquake,,,,4.0,reviewed,us,us
1983-12-14T11:20:36.740Z,48.024,153.826,60.8,4.6,mb,,,,0.6,us,usp00020fy,2014-11-07T00:34:15.218Z,Kuril Islands,earthquake,,11.1,,14.0,reviewed,us,us
1983-12-14T12:35:30.910Z,-3.15,145.423,15.4,4.9,mb,,,,1.0,us,usp00020g1,2014-11-07T00:34:15.223Z,"181 km NE of Angoram, Papua New Guinea",earthquake,,4.5,,6.0,reviewed,us,us
1983-12-14T13:04:00.580Z,-5.107,152.376,62.0,4.9,mb,,,,1.1,us,usp00020g4,2014-11-07T00:34:15.230Z,"85 km S of Kokopo, Papua New Guinea",earthquake,,5.5,,5.0,reviewed,us,us
1983-12-14T17:36:59.030Z,-6.529,131.165,33.0,4.7,mb,,,,0.6,us,usp00020g8,2014-11-07T00:34:15.237Z,"201 km WSW of Tual, Indonesia",earthquake,,,,4.0,reviewed,us,us
1983-12-14T20:37:13.090Z,5.452,126.82,54.8,4.6,mb,,,,0.8,us,usp00020gb,2014-11-07T00:34:15.241Z,"123 km SE of Pondaguitan, Philippines",earthquake,,6.9,,5.0,reviewed,us,us
1983-12-15T01:01:12.680Z,20.013,122.273,33.0,4.5,mb,,,,1.2,us,usp00020gf,2014-11-07T00:34:15.247Z,"57 km SSE of Basco, Philippines",earthquake,,,,1.0,reviewed,us,us
1983-12-15T03:52:50.520Z,-56.041,-27.629,120.0,5.84,mw,,,,,iscgem,iscgem562898,2022-04-27T23:40:53.573Z,South Sandwich Islands region,earthquake,,23.9,0.29,,reviewed,iscgem,iscgem
1983-12-15T03:57:25.160Z,-29.155,-176.524,20.0,6.11,mw,,,,,iscgem,iscgem562899,2022-04-27T23:41:04.432Z,Kermadec Islands region,earthquake,,19.6,0.2,,reviewed,iscgem,iscgem
1983-12-15T04:22:33.460Z,-33.099,-70.12,100.1,6.2,mw,,,,0.9,us,usp00020gh,2022-04-27T23:41:11.514Z,"53 km ESE of Los Andes, Chile",earthquake,,1.1,,,reviewed,us,nc
1983-12-15T08:39:39.800Z,-21.443,-175.48,33.0,5.0,mb,,,,1.2,us,usp00020gm,2014-11-07T00:34:15.297Z,"41 km SW of Vaini, Tonga",earthquake,,,,3.0,reviewed,us,us
1983-12-15T09:15:11.120Z,9.958,126.104,58.9,5.0,mb,,,,1.1,us,usp00020gn,2014-11-07T00:34:15.300Z,"9 km SE of Santa Monica, Philippines",earthquake,,9.6,,4.0,reviewed,us,us
1983-12-15T10:52:53.660Z,42.927,87.343,29.0,5.3,mb,,,,1.0,us,usp00020gp,2025-12-19T21:26:08.330Z,"88 km ENE of Baluntaicun, China",earthquake,,4.0,,44.0,reviewed,us,us
1983-12-15T11:25:17.590Z,11.983,-87.044,33.0,5.0,mb,,,,1.3,us,usp00020gq,2014-11-07T00:34:15.317Z,"53 km SSW of León, Nicaragua",earthquake,,,,12.0,reviewed,us,us
1983-12-15T14:11:24.780Z,-3.155,145.393,23.8,6.4,mw,,,,1.0,us,usp00020gt,2025-12-19T21:26:09.393Z,"178 km NE of Angoram, Papua New Guinea",earthquake,,1.8,,,reviewed,us,nc
1983-12-15T17:59:50.710Z,36.927,71.309,179.1,4.5,mb,,,,0.3,us,usp00020gu,2014-11-07T00:34:15.356Z,"33 km NW of Ashk?sham, Afghanistan",earthquake,,11.4,,5.0,reviewed,us,us
1983-12-16T02:40:06.370Z,-21.648,-68.433,127.2,5.1,mb,,,,1.1,us,usp00020gz,2014-11-07T00:34:15.366Z,"102 km NNE of Calama, Chile",earthquake,,3.7,,9.0,reviewed,us,us
1983-12-16T04:00:45.540Z,43.149,146.266,89.2,5.1,mb,,,,0.5,us,usp00020h2,2014-11-07T00:34:15.376Z,"59 km ESE of Nemuro, Japan",earthquake,,2.8,,3.0,reviewed,us,us
1983-12-16T05:55:17.870Z,7.213,-77.14,40.2,5.1,mb,,,,1.1,us,usp00020h4,2022-04-27T23:41:23.772Z,"25 km S of Riosucio, Colombia",earthquake,,5.4,,14.0,reviewed,us,us
1983-12-16T09:11:51.360Z,-10.172,-74.992,37.6,5.0,mb,,,,0.9,us,usp00020h6,2022-04-27T23:41:30.993Z,"60 km S of Yuyapichis, Peru",earthquake,,,,13.0,reviewed,us,us
1983-12-16T10:06:59.130Z,9.716,126.05,43.0,5.0,mb,,,,1.3,us,usp00020h7,2014-11-07T00:34:15.397Z,"4 km S of Dapa, Philippines",earthquake,,8.4,,16.0,reviewed,us,us
1983-12-16T13:15:57.320Z,39.326,72.926,37.2,5.7,mb,,,,1.0,us,usp00020h9,2025-12-19T21:26:10.151Z,"62 km ESE of Kyzyl-Eshme, Kyrgyzstan",earthquake,,,,79.0,reviewed,us,us
1983-12-16T13:39:43.730Z,39.27,72.839,33.0,4.7,mb,,,,1.0,us,usp00020ha,2022-04-27T23:41:35.244Z,"58 km SE of Kyzyl-Eshme, Kyrgyzstan",earthquake,,,,14.0,reviewed,us,us
1983-12-16T13:40:26.920Z,39.374,73.06,33.0,5.3,mb,,,,0.8,us,usp00020hb,2022-04-27T23:41:36.835Z,"71 km ESE of Kyzyl-Eshme, Kyrgyzstan",earthquake,,,,49.0,reviewed,us,us
1983-12-16T13:47:33.970Z,39.292,72.875,33.0,4.7,mb,,,,1.0,us,usp00020hc,2014-11-07T00:34:15.478Z,"60 km ESE of Kyzyl-Eshme, Kyrgyzstan",earthquake,,,,14.0,reviewed,us,us
1983-12-16T13:49:27.430Z,41.649,144.602,40.1,4.7,mb,,,,1.2,us,usp00020hd,2014-11-07T00:34:15.481Z,"148 km S of Kushiro, Japan",earthquake,,7.5,,6.0,reviewed,us,us
1983-12-16T18:30:00.090Z,37.14,-116.072,0.0,5.1,mb,,,,,us,usp00020hf,2016-04-01T20:30:27.686Z,"63 km SSW of Rachel, Nevada",nuclear explosion,,,,30.0,reviewed,doe,us
1983-12-16T21:46:30.100Z,4.398,126.504,50.5,4.7,mb,,,,1.1,us,usp00020hj,2014-11-07T00:34:15.499Z,"160 km SE of Sarangani, Philippines",earthquake,,13.7,,5.0,reviewed,us,us
1983-12-16T23:29:56.230Z,12.6,95.585,33.0,4.7,mb,,,,1.4,us,usp00020hm,2026-01-07T19:35:21.883Z,"Andaman Islands, India region",earthquake,,,,2.0,reviewed,us,us
1983-12-17T00:14:24.860Z,41.176,44.118,33.0,4.6,mb,,,,1.3,us,usp00020hp,2014-11-07T00:34:15.508Z,"9 km WSW of Metsavan, Armenia",earthquake,,,,11.0,reviewed,us,us
1983-12-17T00:17:11.460Z,12.537,96.119,33.0,4.9,mb,,,,1.1,us,usp00020hq,2014-11-07T00:34:15.511Z,"269 km W of Myeik, Myanmar",earthquake,,,,1.0,reviewed,us,us
1983-12-17T00:22:50.460Z,12.77,95.529,33.0,4.8,mb,,,,1.2,us,usp00020hr,2026-02-04T20:08:45.353Z,"Andaman Islands, India region",earthquake,,,,20.0,reviewed,us,us
1983-12-17T00:37:50.920Z,12.681,95.594,35.3,5.0,mb,,,,0.8,us,usp00020hs,2014-11-07T00:34:15.517Z,"Andaman Islands, India region",earthquake,,6.2,,14.0,reviewed,us,us
1983-12-17T00:44:54.520Z,12.622,95.274,33.0,4.9,mb,,,,0.8,us,usp00020ht,2014-11-07T00:34:15.521Z,"294 km ENE of Port Blair, India",earthquake,,,,20.0,reviewed,us,us
1983-12-17T01:11:15.130Z,12.801,95.425,33.0,4.8,mb,,,,1.4,us,usp00020hu,2025-12-19T20:58:39.794Z,"Andaman Islands, India region",earthquake,,,,10.0,reviewed,us,us
1983-12-17T01:32:43.760Z,12.862,95.505,33.0,4.8,mb,,,,1.3,us,usp00020hv,2014-11-07T00:34:15.531Z,"Andaman Islands, India region",earthquake,,,,9.0,reviewed,us,us
1983-12-17T01:43:05.120Z,12.768,95.402,33.0,4.7,mb,,,,1.0,us,usp00020hw,2014-11-07T00:34:15.534Z,"Andaman Islands, India region",earthquake,,,,5.0,reviewed,us,us
1983-12-17T01:51:09.660Z,12.813,95.474,33.0,4.7,mb,,,,1.0,us,usp00020hx,2014-11-07T00:34:15.537Z,"Andaman Islands, India region",earthquake,,,,11.0,reviewed,us,us
1983-12-17T02:14:17.770Z,13.15,95.737,33.0,5.2,mb,,,,0.7,us,usp00020hz,2014-11-07T00:34:15.542Z,"284 km WSW of Dawei, Myanmar",earthquake,,,,7.0,reviewed,us,us
1983-12-17T02:19:29.810Z,12.71,95.289,33.0,4.7,mb,,,,1.1,us,usp00020j0,2014-11-07T00:34:15.545Z,"299 km ENE of Port Blair, India",earthquake,,,,7.0,reviewed,us,us
1983-12-17T02:36:30.440Z,12.844,95.568,33.0,4.9,mb,,,,1.1,us,usp00020j1,2026-01-07T19:35:22.731Z,"Andaman Islands, India region",earthquake,,,,15.0,reviewed,us,us
1983-12-17T02:46:28.390Z,12.677,95.362,33.0,4.6,mb,,,,0.8,us,usp00020j2,2014-11-07T00:34:15.577Z,"Andaman Islands, India region",earthquake,,,,6.0,reviewed,us,us
1983-12-17T02:47:30.540Z,12.721,95.163,33.0,4.9,mb,,,,1.2,us,usp00020j3,2014-11-07T00:34:15.579Z,"287 km ENE of Port Blair, India",earthquake,,,,8.0,reviewed,us,us
1983-12-17T02:53:24.010Z,12.717,95.869,33.0,4.9,mb,,,,1.4,us,usp00020j4,2014-11-07T00:34:15.583Z,"293 km WSW of Dawei, Myanmar",earthquake,,,,4.0,reviewed,us,us
1983-12-17T02:58:44.490Z,12.636,95.434,33.0,5.4,mb,,,,0.9,us,usp00020j5,2025-12-19T21:26:11.536Z,"Andaman Islands, India region",earthquake,,,,39.0,reviewed,us,us
1983-12-17T03:08:44.660Z,12.685,95.479,33.0,5.0,mb,,,,0.9,us,usp00020j6,2025-12-19T21:26:12.221Z,"Andaman Islands, India region",earthquake,,,,16.0,reviewed,us,us
1983-12-17T03:53:00.130Z,12.663,95.462,33.0,5.0,mb,,,,0.8,us,usp00020j7,2026-01-07T19:35:23.578Z,"Andaman Islands, India region",earthquake,,,,11.0,reviewed,us,us
1983-12-17T04:09:49.320Z,12.772,95.445,33.0,4.8,mb,,,,1.2,us,usp00020j8,2026-01-07T19:35:24.310Z,"Andaman Islands, India region",earthquake,,,,9.0,reviewed,us,us
1983-12-17T04:14:57.680Z,-3.914,142.855,55.7,4.8,mb,,,,1.0,us,usp00020j9,2014-11-07T00:34:15.611Z,"33 km N of Ambunti, Papua New Guinea",earthquake,,5.0,,5.0,reviewed,us,us
1983-12-17T04:27:54.190Z,12.729,95.557,33.0,4.9,mb,,,,0.8,us,usp00020ja,2026-01-07T19:35:25.108Z,"Andaman Islands, India region",earthquake,,,,8.0,reviewed,us,us
1983-12-17T04:42:29.090Z,12.934,95.642,33.0,4.8,mb,,,,0.4,us,usp00020jb,2014-11-07T00:34:15.618Z,"Andaman Islands, India region",earthquake,,,,1.0,reviewed,us,us
1983-12-17T04:56:53.430Z,13.309,95.539,33.0,4.6,mb,,,,1.4,us,usp00020jc,2014-11-07T00:34:15.620Z,"299 km WSW of Dawei, Myanmar",earthquake,,,,3.0,reviewed,us,us
1983-12-17T05:15:40.460Z,12.851,95.743,33.0,4.7,mb,,,,1.2,us,usp00020jd,2014-11-07T00:34:15.622Z,"298 km WSW of Dawei, Myanmar",earthquake,,,,1.0,reviewed,us,us
1983-12-17T05:48:39.360Z,-21.022,-178.972,618.2,5.4,mb,,,,1.1,us,usp00020jf,2022-04-27T23:41:48.883Z,Fiji region,earthquake,,,,17.0,reviewed,us,us
1983-12-17T06:02:23.380Z,12.727,95.365,33.0,4.8,mb,,,,0.8,us,usp00020jg,2026-01-07T19:35:25.776Z,"Andaman Islands, India region",earthquake,,,,10.0,reviewed,us,us
1983-12-17T06:20:24.870Z,12.776,95.56,33.0,4.7,mb,,,,1.1,us,usp00020jh,2014-11-07T00:34:15.639Z,"Andaman Islands, India region",earthquake,,,,12.0,reviewed,us,us
1983-12-17T07:13:56.600Z,12.733,95.599,33.0,4.5,mb,,,,1.1,us,usp00020jm,2014-11-07T00:34:15.649Z,"Andaman Islands, India region",earthquake,,,,2.0,reviewed,us,us
1983-12-17T08:29:26.090Z,12.673,95.573,33.0,4.8,mb,,,,1.0,us,usp00020jp,2025-12-19T21:26:12.993Z,"Andaman Islands, India region",earthquake,,,,17.0,reviewed,us,us
1983-12-17T08:56:13.040Z,-7.019,129.188,198.0,5.4,mb,,,,1.1,us,usp00020jq,2014-11-07T00:34:15.657Z,"293 km NE of Lospalos, Timor Leste",earthquake,,3.4,,17.0,reviewed,us,us
1983-12-17T10:56:48.670Z,12.849,95.58,33.0,5.1,mb,,,,0.8,us,usp00020jt,2026-01-07T19:35:26.561Z,"Andaman Islands, India region",earthquake,,,,3.0,reviewed,us,us
1983-12-17T15:31:06.050Z,-6.605,71.704,10.0,5.5,ms,,,,0.7,us,usp00020jv,2014-11-07T00:34:15.671Z,Chagos Archipelago region,earthquake,,,,2.0,reviewed,us,us
1983-12-17T15:47:41.360Z,-30.207,-177.451,41.4,5.3,ms,,,,1.3,us,usp00020jw,2014-11-07T00:34:15.675Z,"Kermadec Islands, New Zealand",earthquake,,,,1.0,reviewed,us,us
1983-12-17T15:53:08.070Z,-30.179,-177.571,46.7,5.4,ms,,,,1.3,us,usp00020jx,2025-12-19T21:26:13.817Z,"Kermadec Islands, New Zealand",earthquake,,,,3.0,reviewed,us,us
1983-12-17T16:21:40.110Z,27.428,128.011,33.0,4.8,mb,,,,1.5,us,usp00020jy,2026-01-07T19:35:27.412Z,"90 km N of Nago, Japan",earthquake,,,,2.0,reviewed,us,us
1983-12-17T16:26:04.590Z,12.706,95.432,33.0,4.7,mb,,,,0.8,us,usp00020jz,2026-01-07T19:35:28.077Z,"Andaman Islands, India region",earthquake,,,,8.0,reviewed,us,us
1983-12-17T17:28:23.740Z,5.507,126.405,56.4,4.8,mb,,,,1.4,us,usp00020k1,2014-11-07T00:34:15.696Z,"96 km ESE of Caburan, Philippines",earthquake,,6.0,,10.0,reviewed,us,us
1983-12-17T19:02:28.440Z,12.698,95.455,33.0,4.8,mb,,,,1.0,us,usp00020k6,2025-12-19T21:26:14.753Z,"Andaman Islands, India region",earthquake,,,,4.0,reviewed,us,us
1983-12-18T03:32:38.610Z,-23.706,-179.463,564.6,4.5,mb,,,,0.6,us,usp00020kh,2014-11-07T00:34:15.724Z,south of the Fiji Islands,earthquake,,6.7,,5.0,reviewed,us,us
1983-12-18T03:35:33.080Z,-23.946,179.613,662.5,4.7,mb,,,,0.4,us,usp00020kj,2014-11-07T00:34:15.727Z,south of the Fiji Islands,earthquake,,13.3,,3.0,reviewed,us,us
1983-12-18T06:40:07.590Z,12.856,95.886,33.0,4.6,mb,,,,1.0,us,usp00020kp,2026-01-07T19:35:28.866Z,"284 km WSW of Dawei, Myanmar",earthquake,,,,4.0,reviewed,us,us
1983-12-18T06:45:17.570Z,12.781,95.663,33.0,4.6,mb,,,,1.0,us,usp00020kq,2014-11-07T00:34:15.739Z,"Andaman Islands, India region",earthquake,,,,6.0,reviewed,us,us
1983-12-18T09:57:29.010Z,-3.035,145.841,33.0,4.9,mb,,,,1.2,us,usp00020kv,2025-12-19T21:26:15.446Z,"193 km SW of Lorengau, Papua New Guinea",earthquake,,,,8.0,reviewed,us,us
1983-12-18T10:09:14.630Z,-6.249,129.176,212.4,4.7,mb,,,,1.1,us,usp00020kw,2014-11-07T00:34:15.751Z,Banda Sea,earthquake,,15.5,,3.0,reviewed,us,us
1983-12-18T13:00:58.750Z,-4.191,138.394,30.3,5.1,mb,,,,1.2,us,usp00020m0,2014-11-07T00:34:15.759Z,"Papua, Indonesia",earthquake,,12.4,,8.0,reviewed,us,us
1983-12-18T14:42:22.800Z,-6.876,71.689,10.0,4.6,mb,,,,1.1,us,usp00020m2,2014-11-07T00:34:15.766Z,Chagos Archipelago region,earthquake,,,,5.0,reviewed,us,us
1983-12-18T17:28:30.320Z,-8.964,119.728,35.5,5.8,mb,,,,1.2,us,usp00020m4,2022-04-27T23:41:51.456Z,"48 km SSE of Komodo, Indonesia",earthquake,,5.8,,30.0,reviewed,us,us
1983-12-18T17:37:27.890Z,75.098,15.68,10.0,4.9,mb,,,,1.4,us,usp00020m5,2014-11-07T00:34:15.790Z,Svalbard region,earthquake,,,,20.0,reviewed,us,us
1983-12-18T17:39:08.890Z,-4.743,102.489,69.4,5.4,mb,,,,0.8,us,usp00020m6,2025-12-19T21:26:16.241Z,"107 km SSE of Bengkulu, Indonesia",earthquake,,,,19.0,reviewed,us,us
1983-12-18T18:57:36.210Z,-32.703,-178.901,33.0,5.2,mb,,,,0.9,us,usp00020m8,2014-11-07T00:34:15.806Z,south of the Kermadec Islands,earthquake,,,,3.0,reviewed,us,us
1983-12-18T19:42:48.590Z,39.389,72.655,33.0,4.5,mb,,,,1.1,us,usp00020m9,2014-11-07T00:34:15.808Z,"38 km ESE of Kyzyl-Eshme, Kyrgyzstan",earthquake,,,,4.0,reviewed,us,us
1983-12-18T21:54:07.200Z,-4.482,153.178,69.9,4.6,mb,,,,1.2,us,usp00020mc,2014-11-07T00:34:15.813Z,"102 km E of Kokopo, Papua New Guinea",earthquake,,6.7,,5.0,reviewed,us,us
1983-12-19T05:15:39.170Z,19.029,-67.459,53.1,5.0,mb,,,,1.2,us,usp00020mh,2014-11-07T00:34:15.821Z,"70 km NNW of San Antonio, Puerto Rico",earthquake,,6.0,,24.0,reviewed,us,us
1983-12-19T06:26:02.580Z,-15.397,-74.54,63.6,5.4,mb,,,,1.1,us,usp00020mk,2025-12-19T21:26:17.078Z,"8 km ENE of Acarí, Peru",earthquake,,,,14.0,reviewed,us,us
1983-12-19T13:58:41.110Z,-22.342,-63.688,520.8,5.1,mb,,,,0.8,us,usp00020mq,2014-11-07T00:34:15.840Z,"22 km NNE of Tartagal, Argentina",earthquake,,2.4,,39.0,reviewed,us,us
1983-12-20T05:44:15.260Z,-18.046,-172.878,33.0,5.1,mb,,,,1.3,us,usp00020n3,2025-12-19T21:26:17.933Z,"134 km ENE of Neiafu, Tonga",earthquake,,,,13.0,reviewed,us,us
1983-12-20T06:53:31.800Z,-16.373,-14.231,10.0,5.4,mb,,,,1.0,us,usp00020n4,2025-12-19T21:26:18.628Z,southern Mid-Atlantic Ridge,earthquake,,,,7.0,reviewed,us,us
1983-12-20T08:10:39.730Z,46.292,150.727,33.0,4.7,mb,,,,1.0,us,usp00020n5,2025-12-19T21:26:19.268Z,"251 km ENE of Kuril’sk, Russia",earthquake,,,,7.0,reviewed,us,us
1983-12-20T10:41:02.250Z,40.408,-125.6465,8.126,5.66,ml,86.0,287.0,1.066,0.23,nc,nc1108755,2025-12-19T21:26:19.940Z,"118 km W of Ferndale, California",earthquake,3.82,20.61,,7.0,reviewed,nc,nc
1983-12-20T11:37:15.660Z,-14.376,-73.671,94.3,4.7,mb,,,,0.9,us,usp00020n8,2014-11-07T00:34:15.919Z,"24 km SSW of Pampachiri, Peru",earthquake,,11.0,,4.0,reviewed,us,us
1983-12-20T12:12:42.840Z,-6.663,72.215,10.0,4.7,mb,,,,1.1,us,usp00020n9,2014-11-07T00:34:15.921Z,Chagos Archipelago region,earthquake,,,,6.0,reviewed,us,us
1983-12-20T12:22:34.110Z,-6.758,72.274,10.0,5.1,mb,,,,1.0,us,usp00020nb,2025-12-19T21:26:20.732Z,Chagos Archipelago region,earthquake,,,,20.0,reviewed,us,us
1983-12-20T12:37:24.230Z,18.195,120.697,33.0,4.9,mb,,,,0.4,us,usp00020nc,2014-11-07T00:34:15.932Z,"3 km NNW of Piddig, Philippines",earthquake,,,,2.0,reviewed,us,us
1983-12-20T15:31:31.310Z,45.575,151.195,39.5,5.2,mb,,,,0.9,us,usp00020nf,2026-01-07T19:35:32.007Z,"262 km E of Kuril’sk, Russia",earthquake,,,,39.0,reviewed,us,us
1983-12-20T16:06:07.900Z,-16.489,178.028,24.4,5.5,mb,,,,1.2,us,usp00020nh,2022-04-27T23:41:59.018Z,"121 km NNE of Ba, Fiji",earthquake,,,,9.0,reviewed,us,us
1983-12-20T16:53:45.570Z,12.177,-69.805,14.1,4.8,mb,,,,1.0,us,usp00020nj,2014-11-07T00:34:15.963Z,"68 km NE of Punto Fijo, Venezuela",earthquake,,3.4,,4.0,reviewed,us,us
1983-12-20T16:58:30.770Z,-2.408,145.045,10.0,6.2,mw,,,,1.2,us,usp00020nk,2025-12-19T21:26:21.438Z,"201 km NE of Wewak, Papua New Guinea",earthquake,,,,,reviewed,us,nc
1983-12-20T18:46:31.500Z,-2.515,145.08,8.9,5.9,ms,,,,1.0,us,usp00020nn,2025-12-19T21:26:22.286Z,"197 km NE of Wewak, Papua New Guinea",earthquake,,2.6,,7.0,reviewed,us,us
1983-12-20T20:39:03.110Z,36.558,6.741,10.0,4.9,mb,,,,1.3,us,usp00020nr,2014-11-07T00:34:15.999Z,"14 km NE of Didouche Mourad, Algeria",earthquake,,,,4.0,reviewed,us,us
1983-12-20T21:01:43.370Z,12.776,95.465,33.0,4.7,mb,,,,1.0,us,usp00020ns,2026-01-07T19:35:32.771Z,"Andaman Islands, India region",earthquake,,,,13.0,reviewed,us,us
1983-12-20T22:21:05.950Z,36.797,50.789,42.2,4.8,mb,,,,0.9,us,usp00020nt,2014-11-07T00:34:16.008Z,"7 km WSW of Tonek?bon, Iran",earthquake,,5.9,,15.0,reviewed,us,us
1983-12-20T22:52:23.770Z,43.294,-110.767,5.0,4.5,mb,,,,0.7,us,usp00020nv,2018-06-04T20:43:45.000Z,"1 km NE of Hoback, Wyoming",earthquake,,,,1.0,reviewed,us,us
1983-12-21T01:25:05.740Z,-2.473,145.061,33.0,5.2,mb,,,,1.3,us,usp00020p1,2025-12-19T20:58:41.019Z,"198 km NE of Wewak, Papua New Guinea",earthquake,,,,9.0,reviewed,us,us
1983-12-21T05:12:10.010Z,-34.27,58.068,10.0,5.3,mb,,,,0.9,us,usp00020p4,2014-11-07T00:34:16.034Z,South Indian Ocean,earthquake,,,,7.0,reviewed,us,us
1983-12-21T07:09:08.160Z,-0.055,-17.873,10.0,5.0,mb,,,,0.6,us,usp00020p6,2014-11-07T00:34:16.039Z,north of Ascension Island,earthquake,,,,12.0,reviewed,us,us
1983-12-21T07:59:31.400Z,46.707,150.357,33.0,4.9,mb,,,,1.2,us,usp00020p8,2014-11-07T00:34:16.045Z,"252 km NE of Kuril’sk, Russia",earthquake,,,,6.0,reviewed,us,us
1983-12-21T09:04:27.610Z,13.16,-91.308,33.0,4.5,mb,,,,1.2,us,usp00020p9,2014-11-07T00:34:16.047Z,"99 km SSW of Puerto San José, Guatemala",earthquake,,,,4.0,reviewed,us,us
1983-12-21T11:10:39.610Z,11.986,-87.2,102.8,4.9,mb,,,,1.0,us,usp00020pe,2014-11-07T00:34:16.058Z,"55 km S of Corinto, Nicaragua",earthquake,,9.8,,13.0,reviewed,us,us
1983-12-21T12:05:06.380Z,-28.19,-63.172,601.9,6.9,mw,,,,1.0,us,usp00020ph,2022-04-27T23:42:03.307Z,"38 km SE of Suncho Corral, Argentina",earthquake,,,,,reviewed,us,nc
1983-12-21T12:15:06.940Z,-28.042,-63.008,608.8,5.9,mb,,,,1.0,us,usp00020pj,2022-05-09T19:15:24.780Z,"43 km ESE of Suncho Corral, Argentina",earthquake,,,,45.0,reviewed,us,us
1983-12-21T13:59:17.260Z,-38.227,-74.527,33.0,5.2,mb,,,,1.2,us,usp00020pn,2014-11-07T00:34:16.140Z,"103 km SW of Lebu, Chile",earthquake,,,,8.0,reviewed,us,us
1983-12-21T17:25:55.980Z,-5.689,152.108,54.4,4.9,mb,,,,1.4,us,usp00020ps,2014-11-07T00:34:16.147Z,"149 km S of Kokopo, Papua New Guinea",earthquake,,7.8,,7.0,reviewed,us,us
1983-12-21T18:36:55.310Z,0.4,-79.907,39.9,5.2,mb,,,,1.1,us,usp00020pu,2022-04-27T23:42:04.610Z,"26 km SSE of Muisne, Ecuador",earthquake,,6.4,,32.0,reviewed,us,us
1983-12-21T19:30:58.780Z,42.007,77.354,33.0,4.8,mb,,,,1.2,us,usp00020pw,2014-11-07T00:34:16.251Z,"20 km SE of Kadzhi-Say, Kyrgyzstan",earthquake,,,,21.0,reviewed,us,us
1983-12-21T23:32:11.620Z,-5.54,151.86,33.0,6.2,mw,,,,1.1,us,usp00020q0,2025-12-19T21:26:23.094Z,"139 km SSW of Kokopo, Papua New Guinea",earthquake,,,,,reviewed,us,nc
1983-12-22T00:07:33.790Z,-5.435,151.965,33.0,5.5,mb,,,,1.0,us,usp00020q1,2025-12-19T21:26:23.779Z,"125 km SSW of Kokopo, Papua New Guinea",earthquake,,,,17.0,reviewed,us,us
1983-12-22T01:02:02.430Z,-5.392,151.868,26.0,6.4,mw,,,,1.2,us,usp00020q3,2025-12-19T21:26:24.625Z,"124 km SSW of Kokopo, Papua New Guinea",earthquake,,2.6,,,reviewed,us,nc
1983-12-22T01:58:30.600Z,-5.292,152.113,41.0,4.7,mb,,,,0.7,us,usp00020q4,2014-11-07T00:34:16.610Z,"106 km S of Kokopo, Papua New Guinea",earthquake,,10.6,,3.0,reviewed,us,us
1983-12-22T04:11:29.230Z,11.866,-13.529,11.3,6.3,mw,,,,1.0,us,usp00020q5,2025-12-19T21:26:25.337Z,"38 km WNW of Gaoual, Guinea",earthquake,,2.1,,,reviewed,us,nc
1983-12-22T05:11:58.720Z,31.042,141.673,33.0,4.6,mb,,,,1.0,us,usp00020q6,2014-11-07T00:34:16.744Z,"Izu Islands, Japan region",earthquake,,,,4.0,reviewed,us,us
1983-12-22T05:31:45.470Z,35.994,69.115,33.0,5.6,mb,,,,1.2,us,usp00020q7,2025-12-19T21:26:26.247Z,"8 km SSW of Nahr?n, Afghanistan",earthquake,,,,67.0,reviewed,us,us
1983-12-22T08:58:18.240Z,26.068,128.48,27.3,5.2,mb,,,,1.0,us,usp00020qc,2025-12-19T21:26:26.945Z,"67 km ESE of Katsuren-haebaru, Japan",earthquake,,3.1,,21.0,reviewed,us,us
1983-12-22T11:53:37.900Z,-28.309,-62.99,592.8,5.1,mb,,,,0.8,us,usp00020qe,2025-12-19T21:26:27.666Z,"22 km NW of Añatuya, Argentina",earthquake,,,,32.0,reviewed,us,us
1983-12-22T15:25:27.820Z,25.924,128.301,33.0,5.1,mb,,,,1.0,us,usp00020qj,2014-11-07T00:34:16.975Z,"62 km SE of Katsuren-haebaru, Japan",earthquake,,,,3.0,reviewed,us,us
1983-12-22T21:03:33.210Z,-3.265,130.657,43.0,5.3,mb,,,,1.3,us,usp00020qr,2014-11-07T00:34:16.991Z,"193 km E of Amahai, Indonesia",earthquake,,,,18.0,reviewed,us,us
1983-12-22T21:08:53.720Z,17.547,146.805,33.0,5.0,mb,,,,1.3,us,usp00020qs,2014-11-07T00:34:17.001Z,"281 km NNE of Saipan, Northern Mariana Islands",earthquake,,,,5.0,reviewed,us,us
1983-12-22T22:24:35.320Z,-5.002,153.821,98.9,5.0,mb,,,,0.8,us,usp00020qu,2014-11-07T00:34:17.007Z,"187 km ESE of Kokopo, Papua New Guinea",earthquake,,4.0,,4.0,reviewed,us,us
1983-12-23T02:13:03.070Z,-18.86,-173.549,33.0,4.6,mb,,,,0.7,us,usp00020qy,2014-11-07T00:34:17.014Z,"51 km ESE of Neiafu, Tonga",earthquake,,,,4.0,reviewed,us,us
1983-12-23T03:32:26.400Z,-17.399,-178.468,544.0,4.5,mb,,,,0.7,us,usp00020r1,2014-11-07T00:34:17.034Z,"246 km ENE of Levuka, Fiji",earthquake,,5.2,,4.0,reviewed,us,us
1983-12-23T06:45:31.180Z,-19.4,-69.293,120.4,4.8,mb,,,,1.3,us,usp00020r5,2014-11-07T00:34:17.042Z,"127 km NE of Iquique, Chile",earthquake,,6.3,,2.0,reviewed,us,us
1983-12-23T08:10:53.440Z,-22.275,171.613,110.1,5.2,mb,,,,1.1,us,usp00020r7,2014-11-07T00:34:17.046Z,southeast of the Loyalty Islands,earthquake,,7.9,,5.0,reviewed,us,us
1983-12-23T09:01:37.750Z,-24.25,179.546,534.1,4.7,mb,,,,1.1,us,usp00020r8,2014-11-07T00:34:17.049Z,south of the Fiji Islands,earthquake,,7.0,,4.0,reviewed,us,us
1983-12-23T11:36:44.410Z,-51.581,14.938,10.0,4.6,mb,,,,0.7,us,usp00020ra,2014-11-07T00:34:17.053Z,southwest of Africa,earthquake,,,,2.0,reviewed,us,us
1983-12-23T12:41:45.570Z,-19.221,-69.401,127.5,5.0,mb,,,,1.2,us,usp00020rb,2014-11-07T00:34:17.055Z,"125 km SE of Arica, Chile",earthquake,,4.7,,7.0,reviewed,us,us
1983-12-23T14:35:54.890Z,-20.899,-175.913,33.0,5.6,ms,,,,1.4,us,usp00020rd,2022-04-27T23:42:12.114Z,"77 km WNW of Haveluloto, Tonga",earthquake,,,,1.0,reviewed,us,us
1983-12-23T15:30:34.130Z,-5.244,131.615,43.6,5.7,mb,,,,1.1,us,usp00020rf,2026-01-07T19:35:36.182Z,"133 km WNW of Tual, Indonesia",earthquake,,3.3,,32.0,reviewed,us,us
1983-12-23T18:09:54.610Z,-6.62,71.429,10.0,5.1,ms,,,,1.2,us,usp00020rk,2014-11-07T00:34:17.083Z,Chagos Archipelago region,earthquake,,,,1.0,reviewed,us,us
1983-12-23T18:21:51.270Z,-37.761,-73.406,25.0,5.4,mb,,,,1.0,us,usp00020rm,2022-04-27T23:42:17.757Z,"4 km N of Cañete, Chile",earthquake,,,,22.0,reviewed,us,us
1983-12-23T22:56:06.970Z,-27.539,-71.457,33.0,5.3,mb,,,,1.1,us,usp00020rt,2022-04-27T23:42:23.113Z,"112 km W of Copiapó, Chile",earthquake,,,,13.0,reviewed,us,us
1983-12-24T00:22:57.590Z,-6.674,71.369,10.0,4.6,mb,,,,0.9,us,usp00020ru,2014-11-07T00:34:17.117Z,Chagos Archipelago region,earthquake,,,,5.0,reviewed,us,us
1983-12-24T01:22:35.500Z,-6.903,129.302,154.5,5.2,mb,,,,1.0,us,usp00020rv,2022-04-27T23:42:31.085Z,Banda Sea,earthquake,,10.4,,7.0,reviewed,us,us
1983-12-24T04:10:45.590Z,45.416,151.384,52.4,5.6,mb,,,,0.9,us,usp00020rz,2025-12-19T21:26:28.477Z,"275 km E of Kuril’sk, Russia",earthquake,,,,78.0,reviewed,us,us
1983-12-24T05:13:01.980Z,-17.966,-178.544,601.4,5.0,mb,,,,1.0,us,usp00020s0,2014-11-07T00:34:17.159Z,"226 km E of Levuka, Fiji",earthquake,,4.4,,15.0,reviewed,us,us
1983-12-24T07:33:38.240Z,61.757,-151.011,78.9,4.5,mb,,,,0.9,us,usp00020s2,2014-11-07T00:34:17.167Z,"33 km SE of Skwentna, Alaska",earthquake,,4.0,,3.0,reviewed,us,us
1983-12-24T08:35:38.040Z,-2.157,-78.774,33.0,4.5,mb,,,,0.8,us,usp00020s3,2014-11-07T00:34:17.169Z,"9 km ENE of Alausí, Ecuador",earthquake,,,,3.0,reviewed,us,us
1983-12-24T10:45:55.730Z,-5.416,125.701,63.0,4.6,mb,,,,0.8,us,usp00020s5,2014-11-07T00:34:17.172Z,Banda Sea,earthquake,,7.1,,4.0,reviewed,us,us
1983-12-24T11:51:29.610Z,45.475,151.518,33.0,4.9,mb,,,,0.8,us,usp00020s7,2025-12-19T21:26:29.198Z,"286 km E of Kuril’sk, Russia",earthquake,,,,14.0,reviewed,us,us
1983-12-24T12:02:32.480Z,45.689,151.178,33.0,4.9,mb,,,,0.8,us,usp00020s8,2014-11-07T00:34:17.179Z,"263 km E of Kuril’sk, Russia",earthquake,,,,8.0,reviewed,us,us
1983-12-24T18:21:50.760Z,-20.144,-178.319,598.6,5.4,mb,,,,1.1,us,usp00020sb,2022-04-27T23:42:41.415Z,Fiji region,earthquake,,2.9,,34.0,reviewed,us,us
1983-12-24T19:37:01.130Z,-4.955,152.064,33.0,4.8,mb,,,,0.5,us,usp00020sd,2014-11-07T00:34:17.201Z,"71 km SSW of Kokopo, Papua New Guinea",earthquake,,,,4.0,reviewed,us,us
1983-12-24T22:18:48.970Z,-6.721,129.73,97.3,4.5,mb,,,,1.3,us,usp00020sf,2014-11-07T00:34:17.204Z,Banda Sea,earthquake,,22.8,,3.0,reviewed,us,us
1983-12-24T22:32:15.230Z,-5.894,152.26,55.0,5.0,mb,,,,0.9,us,usp00020sg,2014-11-07T00:34:17.205Z,"171 km S of Kokopo, Papua New Guinea",earthquake,,5.7,,6.0,reviewed,us,us
1983-12-24T22:33:32.260Z,32.509,132.203,44.2,4.8,mb,,,,0.9,us,usp00020sh,2014-11-07T00:34:17.207Z,"51 km E of Nobeoka, Japan",earthquake,,3.7,,1.0,reviewed,us,us
1983-12-25T00:05:49.600Z,-6.691,71.761,10.0,4.7,mb,,,,1.2,us,usp00020sj,2014-11-07T00:34:17.210Z,Chagos Archipelago region,earthquake,,,,7.0,reviewed,us,us
1983-12-25T01:30:36.350Z,40.363,143.17,33.0,4.7,mb,,,,1.5,us,usp00020sm,2014-11-07T00:34:17.213Z,"131 km NE of Miyako, Japan",earthquake,,,,5.0,reviewed,us,us
1983-12-25T02:09:27.070Z,-20.441,169.034,77.0,4.7,mb,,,,1.3,us,usp00020sn,2014-11-07T00:34:17.216Z,"102 km SSW of Isangel, Vanuatu",earthquake,,6.3,,1.0,reviewed,us,us
1983-12-25T02:52:30.080Z,37.935,91.119,31.1,5.0,mb,,,,1.0,us,usp00020sq,2025-12-19T21:26:29.996Z,"northern Qinghai, China",earthquake,,12.2,,7.0,reviewed,us,us
1983-12-25T02:56:11.870Z,41.956,19.073,11.5,5.3,mb,,,,1.2,us,usp00020sr,2014-11-07T00:34:17.223Z,"12 km WNW of Ulcinj, Montenegro",earthquake,,1.6,,12.0,reviewed,us,us
1983-12-25T05:32:40.230Z,-5.085,-73.358,33.0,5.4,mb,,,,1.2,us,usp00020su,2020-04-16T20:00:22.790Z,"49 km SSE of Saquena, Peru",earthquake,,,,4.0,reviewed,us,us
1983-12-25T07:04:11.120Z,36.939,70.958,267.9,4.5,mb,,,,0.7,us,usp00020sw,2014-11-07T00:34:17.239Z,"13 km NE of Jurm, Afghanistan",earthquake,,7.9,,6.0,reviewed,us,us
1983-12-25T07:51:01.170Z,-26.312,27.273,5.0,4.6,mb,,,,1.4,us,usp00020sx,2020-08-26T23:09:01.077Z,"13 km WNW of Carletonville, South Africa",earthquake,,,,3.0,reviewed,us,us
1983-12-25T11:28:48.130Z,28.119,139.432,531.0,4.7,mb,,,,0.8,us,usp00020t0,2014-11-07T00:34:17.247Z,"Bonin Islands, Japan region",earthquake,,3.6,,11.0,reviewed,us,us
1983-12-25T14:34:12.840Z,12.77,95.675,33.0,5.0,mb,,,,1.0,us,usp00020t4,2026-01-07T19:35:38.906Z,"Andaman Islands, India region",earthquake,,,,6.0,reviewed,us,us
1983-12-25T15:01:19.250Z,54.687,160.958,33.0,4.8,mb,,,,0.6,us,usp00020t5,2014-11-07T00:34:17.261Z,"132 km SE of Atlasovo, Russia",earthquake,,,,4.0,reviewed,us,us
1983-12-26T02:08:58.200Z,-22.118,169.364,34.7,5.2,mb,,,,1.3,us,usp00020tg,2014-11-07T00:34:17.278Z,"165 km ESE of Tadine, New Caledonia",earthquake,,5.3,,12.0,reviewed,us,us
1983-12-26T04:29:06.870Z,49.838,78.218,0.0,5.5,mb,,,,0.9,us,usp00020tm,2014-11-07T00:34:17.293Z,"104 km SSW of Kurchatov, Kazakhstan",nuclear explosion,,,,74.0,reviewed,us,us
1983-12-26T04:37:04.530Z,-7.366,128.47,144.7,5.6,mb,,,,1.0,us,usp00020tn,2022-04-27T23:42:42.312Z,"206 km NE of Lospalos, Timor Leste",earthquake,,1.6,,39.0,reviewed,us,us
1983-12-26T06:29:53.420Z,-6.564,147.219,102.5,5.2,mb,,,,1.1,us,usp00020tr,2014-11-07T00:34:17.326Z,"30 km NE of Lae, Papua New Guinea",earthquake,,3.2,,16.0,reviewed,us,us
1983-12-26T07:38:00.350Z,-33.502,179.271,33.0,4.6,mb,,,,1.1,us,usp00020ts,2014-11-07T00:34:17.331Z,south of the Kermadec Islands,earthquake,,,,1.0,reviewed,us,us
1983-12-26T09:37:15.400Z,43.079,147.327,34.0,5.3,mb,,,,1.0,us,usp00020tu,2026-01-07T19:35:39.767Z,"93 km SSE of Shikotan, Russia",earthquake,,,,35.0,reviewed,us,us
1983-12-26T11:07:39.700Z,52.652,174.467,82.4,4.9,mb,,,,0.8,us,usp00020tv,2014-11-07T00:34:17.345Z,"89 km ESE of Attu Station, Alaska",earthquake,,3.6,,16.0,reviewed,us,us
1983-12-26T13:02:27.910Z,-14.842,167.457,166.9,4.9,mb,,,,1.0,us,usp00020ty,2014-11-07T00:34:17.351Z,"46 km ENE of Port-Olry, Vanuatu",earthquake,,4.9,,9.0,reviewed,us,us
1983-12-26T13:50:44.580Z,-55.919,-27.762,88.8,5.8,mw,,,,1.0,us,usp00020tz,2022-04-27T23:42:47.901Z,South Sandwich Islands region,earthquake,,,,,reviewed,us,nc
1983-12-26T17:45:43.240Z,-29.55,-177.167,58.2,5.2,mb,,,,1.0,us,usp00020u1,2014-11-07T00:34:17.369Z,"Kermadec Islands, New Zealand",earthquake,,8.8,,3.0,reviewed,us,us
1983-12-26T17:56:10.130Z,45.719,26.515,156.9,4.5,mb,,,,1.1,us,usp00020u2,2014-11-07T00:34:17.379Z,"14 km W of Nereju Mic, Romania",earthquake,,3.1,,4.0,reviewed,us,us
1983-12-26T18:12:05.490Z,1.411,120.914,17.4,5.0,mb,,,,1.1,us,usp00020u3,2014-11-07T00:34:17.383Z,"257 km WNW of Gorontalo, Indonesia",earthquake,,5.4,,7.0,reviewed,us,us
1983-12-26T18:14:29.840Z,-6.931,72.184,10.0,4.5,mb,,,,1.0,us,usp00020u4,2014-11-07T00:34:17.387Z,Chagos Archipelago region,earthquake,,,,2.0,reviewed,us,us
1983-12-26T19:39:23.560Z,56.167,-160.985,144.7,5.0,mb,,,,1.0,us,usp00020u5,2014-11-07T00:34:17.388Z,"23 km NE of Nelson Lagoon, Alaska",earthquake,,2.8,,57.0,reviewed,us,us
1983-12-26T21:52:24.300Z,-17.635,-178.788,590.5,4.7,mb,,,,0.5,us,usp00020ua,2014-11-07T00:34:17.404Z,"206 km ENE of Levuka, Fiji",earthquake,,3.4,,2.0,reviewed,us,us
1983-12-27T00:07:51.080Z,44.107,149.082,33.0,5.1,mb,,,,0.8,us,usp00020uc,2026-01-07T19:35:40.644Z,"156 km SE of Kuril’sk, Russia",earthquake,,,,38.0,reviewed,us,us
1983-12-27T00:39:04.370Z,-18.248,44.863,10.0,5.1,mb,,,,1.1,us,usp00020ud,2025-12-19T21:26:30.774Z,"90 km ESE of Maintirano, Madagascar",earthquake,,,,29.0,reviewed,us,us
1983-12-27T03:11:57.870Z,-6.568,71.159,10.0,5.1,mb,,,,1.3,us,usp00020ue,2022-04-27T23:42:49.222Z,Chagos Archipelago region,earthquake,,,,35.0,reviewed,us,us
1983-12-27T03:18:04.840Z,46.414,150.623,33.0,5.0,mb,,,,0.9,us,usp00020uf,2014-11-07T00:34:17.434Z,"250 km ENE of Kuril’sk, Russia",earthquake,,,,15.0,reviewed,us,us
1983-12-27T06:34:47.560Z,-5.42,152.427,54.5,5.1,mb,,,,1.0,us,usp00020uk,2014-11-07T00:34:17.464Z,"120 km S of Kokopo, Papua New Guinea",earthquake,,5.9,,9.0,reviewed,us,us
1983-12-27T07:38:24.490Z,-26.421,27.387,5.0,4.9,mb,,,,1.2,us,usp00020un,2020-08-26T23:09:22.922Z,"6 km S of Carletonville, South Africa",earthquake,,,,13.0,reviewed,us,us
1983-12-27T10:59:11.010Z,-6.206,104.14,49.7,5.5,mb,,,,1.0,us,usp00020ur,2025-12-19T21:26:31.488Z,"150 km SW of Bandar Lampung, Indonesia",earthquake,,,,25.0,reviewed,us,us
1983-12-27T11:31:53.300Z,54.705,158.979,33.0,4.8,mb,,,,0.8,us,usp00020us,2014-11-07T00:34:17.499Z,"23 km E of Mil’kovo, Russia",earthquake,,,,15.0,reviewed,us,us
1983-12-27T20:45:41.800Z,-19.942,-177.796,425.6,4.7,mb,,,,0.7,us,usp00020uy,2014-11-07T00:34:17.520Z,Fiji region,earthquake,,7.6,,6.0,reviewed,us,us
1983-12-27T21:45:38.140Z,53.411,158.117,71.7,5.1,mb,,,,0.6,us,usp00020v0,2014-11-07T00:34:17.524Z,"30 km NW of Yelizovo, Russia",earthquake,,,,26.0,reviewed,us,us
1983-12-27T23:05:57.960Z,54.191,-164.14,52.8,5.6,mb,,,,1.3,us,usp00020v3,2025-12-19T21:26:32.148Z,"87 km SSW of False Pass, Alaska",earthquake,,,,84.0,reviewed,us,us
1983-12-28T00:16:34.890Z,52.077,-177.801,110.6,5.1,mb,,,,1.0,us,usp00020v7,2025-12-19T21:26:32.836Z,"83 km WNW of Adak, Alaska",earthquake,,1.7,,70.0,reviewed,us,us
1983-12-28T06:24:41.080Z,-13.056,166.781,114.2,5.6,mb,,,,0.8,us,usp00020v9,2025-12-19T21:26:33.662Z,"123 km NW of Sola, Vanuatu",earthquake,,3.4,,35.0,reviewed,us,us
1983-12-28T08:27:27.400Z,40.845,20.721,10.0,5.0,mb,,,,1.2,us,usp00020ve,2014-11-07T00:34:17.621Z,"8 km SE of Pogradec, Albania",earthquake,,,,11.0,reviewed,us,us
1983-12-28T09:11:16.810Z,-23.009,-179.615,607.1,4.6,mb,,,,0.1,us,usp00020vf,2014-11-07T00:34:17.630Z,south of the Fiji Islands,earthquake,,10.9,,4.0,reviewed,us,us
1983-12-28T11:21:39.270Z,-20.964,-173.871,49.6,5.3,mb,,,,1.4,us,usp00020vg,2014-11-07T00:34:17.631Z,"119 km ENE of ‘Ohonua, Tonga",earthquake,,9.6,,20.0,reviewed,us,us
1983-12-28T12:07:42.660Z,-17.872,-178.633,606.8,4.8,mb,,,,0.9,us,usp00020vj,2014-11-07T00:34:17.640Z,"218 km E of Levuka, Fiji",earthquake,,4.3,,7.0,reviewed,us,us
1983-12-28T12:21:40.950Z,-10.11,161.138,130.6,4.6,mb,,,,0.8,us,usp00020vk,2014-11-07T00:34:17.644Z,"93 km WNW of Kirakira, Solomon Islands",earthquake,,4.4,,2.0,reviewed,us,us
1983-12-28T16:58:11.960Z,43.707,145.694,33.0,4.7,mb,,,,0.5,us,usp00020vq,2014-11-07T00:34:17.653Z,"38 km SSW of Yuzhno-Kurilsk, Russia",earthquake,,,,3.0,reviewed,us,us
1983-12-28T17:14:57.970Z,-3.086,145.433,25.4,5.0,mb,,,,1.1,us,usp00020vs,2014-11-07T00:34:17.658Z,"186 km NE of Angoram, Papua New Guinea",earthquake,,4.6,,6.0,reviewed,us,us
1983-12-28T17:35:31.550Z,-5.622,151.878,56.8,4.9,mb,,,,1.0,us,usp00020vu,2014-11-07T00:34:17.661Z,"147 km SSW of Kokopo, Papua New Guinea",earthquake,,5.5,,6.0,reviewed,us,us
1983-12-28T19:58:39.710Z,41.609,141.927,58.3,4.8,mb,,,,0.9,us,usp00020vy,2014-11-07T00:34:17.668Z,"69 km ENE of Mutsu, Japan",earthquake,,7.9,,11.0,reviewed,us,us
1983-12-29T00:54:16.980Z,-56.282,-25.647,33.0,4.8,mb,,,,1.0,us,usp00020w5,2014-11-07T00:34:17.679Z,South Sandwich Islands region,earthquake,,,,3.0,reviewed,us,us
1983-12-29T01:14:38.080Z,55.575,161.641,33.0,4.8,mb,,,,0.7,us,usp00020w6,2014-11-07T00:34:17.681Z,"89 km SW of Ust’-Kamchatsk Staryy, Russia",earthquake,,,,42.0,reviewed,us,us
1983-12-29T04:47:03.020Z,46.986,152.828,33.0,5.0,mb,,,,1.1,us,usp00020w9,2014-11-07T00:34:17.690Z,Kuril Islands,earthquake,,,,14.0,reviewed,us,us
1983-12-29T05:51:42.270Z,-6.698,71.335,10.0,5.2,ms,,,,1.0,us,usp00020wa,2025-12-19T20:58:42.372Z,Chagos Archipelago region,earthquake,,,,4.0,reviewed,us,us
1983-12-29T06:39:01.580Z,-6.735,71.237,10.0,4.9,mb,,,,1.0,us,usp00020wb,2014-11-07T00:34:17.703Z,Chagos Archipelago region,earthquake,,,,10.0,reviewed,us,us
1983-12-29T09:56:10.360Z,45.258,151.393,33.0,4.9,mb,,,,1.0,us,usp00020wd,2014-11-07T00:34:17.707Z,"276 km E of Kuril’sk, Russia",earthquake,,,,14.0,reviewed,us,us
1983-12-29T13:09:43.040Z,-28.223,-63.133,603.3,4.8,mb,,,,0.7,us,usp00020wf,2014-11-07T00:34:17.711Z,"39 km NW of Añatuya, Argentina",earthquake,,2.1,,24.0,reviewed,us,us
1983-12-29T17:41:58.480Z,-30.762,138.257,33.0,5.1,mb,,,,1.3,us,usp00020wm,2020-08-26T23:09:33.763Z,"132 km E of Roxby Downs, Australia",earthquake,,,,10.0,reviewed,us,us
1983-12-29T19:39:48.980Z,13.646,120.948,117.1,4.5,mb,,,,0.9,us,usp00020wp,2014-11-07T00:34:17.731Z,"8 km E of Tingloy, Philippines",earthquake,,4.2,,5.0,reviewed,us,us
1983-12-29T22:04:40.340Z,36.755,142.103,33.0,4.6,mb,,,,1.0,us,usp00020wv,2014-11-07T00:34:17.742Z,"113 km ESE of Iwaki, Japan",earthquake,,,,1.0,reviewed,us,us
1983-12-29T22:29:51.740Z,-13.355,-111.249,10.0,4.8,mb,,,,1.1,us,usp00020wx,2014-11-07T00:34:17.745Z,central East Pacific Rise,earthquake,,,,10.0,reviewed,us,us
1983-12-30T02:30:41.270Z,35.642,140.675,60.2,5.3,mb,,,,0.9,us,usp00020wz,2025-12-19T21:26:34.480Z,"8 km SSE of Asahi, Japan",earthquake,,1.5,,79.0,reviewed,us,us
1983-12-30T04:59:17.260Z,35.662,140.612,59.7,5.3,mb,,,,0.9,us,usp00020x5,2025-12-19T21:26:35.190Z,"6 km SSW of Asahi, Japan",earthquake,,1.6,,65.0,reviewed,us,us
1983-12-30T05:45:35.750Z,35.648,140.8,56.6,4.8,mb,,,,1.0,us,usp00020x7,2014-11-07T00:34:17.798Z,"9 km SSW of Hasaki, Japan",earthquake,,3.2,,9.0,reviewed,us,us
1983-12-30T07:59:57.790Z,7.12,94.303,99.8,5.2,mb,,,,0.8,us,usp00020x9,2014-11-07T00:34:17.804Z,"176 km NW of Sabang, Indonesia",earthquake,,4.1,,59.0,reviewed,us,us
1983-12-30T09:31:55.410Z,-2.091,-77.679,33.0,4.6,mb,,,,1.5,us,usp00020xb,2014-11-07T00:34:17.818Z,"53 km SE of Palora, Ecuador",earthquake,,,,6.0,reviewed,us,us
1983-12-30T15:48:19.250Z,-16.878,-72.708,58.9,4.6,mb,,,,1.3,us,usp00020xm,2014-11-07T00:34:17.833Z,"28 km S of Camaná, Peru",earthquake,,15.4,,2.0,reviewed,us,us
1983-12-30T23:52:39.930Z,36.372,70.738,214.5,7.4,mw,,,,1.0,us,usp00020xw,2022-04-27T23:43:31.914Z,"55 km S of Jurm, Afghanistan",earthquake,,,,,reviewed,us,nc
1983-12-31T00:44:42.570Z,-26.051,-70.077,55.1,5.5,mb,,,,1.2,us,usp00020xx,2022-04-27T23:43:38.191Z,"35 km N of Diego de Almagro, Chile",earthquake,,5.1,,6.0,reviewed,us,us
1983-12-31T01:09:58.530Z,36.413,70.21,205.4,4.5,mb,,,,1.1,us,usp00020xy,2014-11-07T00:34:17.908Z,"36 km ESE of Farkh?r, Afghanistan",earthquake,,,,9.0,reviewed,us,us
1983-12-31T01:35:47.240Z,36.424,70.464,215.8,4.9,mb,,,,0.9,us,usp00020y1,2014-11-07T00:34:17.914Z,"56 km ESE of Farkh?r, Afghanistan",earthquake,,,,64.0,reviewed,us,us
1983-12-31T05:19:03.670Z,36.433,70.344,213.2,4.8,mb,,,,0.9,us,usp00020y9,2014-11-07T00:34:17.992Z,"46 km ESE of Farkh?r, Afghanistan",earthquake,,,,29.0,reviewed,us,us
1983-12-31T05:28:51.940Z,-5.552,152.082,61.3,5.0,mb,,,,1.0,us,usp00020ya,2014-11-07T00:34:17.999Z,"135 km S of Kokopo, Papua New Guinea",earthquake,,7.7,,5.0,reviewed,us,us
1983-12-31T07:54:47.400Z,36.703,70.548,156.4,4.6,mb,,,,0.3,us,usp00020yd,2014-11-07T00:34:18.005Z,"31 km SW of Jurm, Afghanistan",earthquake,,4.3,,4.0,reviewed,us,us
1983-12-31T08:42:29.320Z,36.785,70.537,147.3,4.6,mb,,,,0.2,us,usp00020ye,2014-11-07T00:34:18.006Z,"27 km WSW of Jurm, Afghanistan",earthquake,,3.7,,3.0,reviewed,us,us
1983-12-31T11:02:09.630Z,17.338,-101.616,33.0,4.8,mb,,,,1.1,us,usp00020yg,2014-11-07T00:34:18.010Z,"34 km SSW of Ixtapa-Zihuatanejo, Mexico",earthquake,,,,15.0,reviewed,us,us
1983-12-31T11:16:09.490Z,16.015,146.616,82.7,4.7,mb,,,,1.0,us,usp00020yh,2014-11-07T00:34:18.014Z,"128 km NE of Saipan, Northern Mariana Islands",earthquake,,7.8,,9.0,reviewed,us,us
1983-12-31T11:28:01.010Z,46.322,153.394,33.0,5.2,mb,,,,0.9,us,usp00020yj,2026-01-07T19:35:41.574Z,Kuril Islands,earthquake,,,,55.0,reviewed,us,us
1983-12-31T12:18:05.040Z,6.852,-73.043,164.1,4.7,mb,,,,0.9,us,usp00020yn,2014-11-07T00:34:18.030Z,"13 km NW of Cepitá, Colombia",earthquake,,2.8,,7.0,reviewed,us,us
1983-12-31T17:11:26.700Z,36.549,70.5,184.6,4.8,mb,,,,1.3,us,usp00020yr,2014-11-07T00:34:18.036Z,"46 km SW of Jurm, Afghanistan",earthquake,,11.5,,8.0,reviewed,us,us
1983-12-31T21:59:16.180Z,-16.214,-176.114,378.0,5.1,mb,,,,1.1,us,usp00020yw,2014-11-07T00:34:18.045Z,"249 km W of Hihifo, Tonga",earthquake,,8.8,,2.0,reviewed,us,us
