time,latitude,longitude,depth,mag,magType,nst,gap,dmin,rms,net,id,updated,place,type,horizontalError,depthError,magError,magNst,status,locationSource,magSource
2019-01-23T14:36:47.390Z,36.0858333,-117.6171667,1.63,2.83,ml,41.0,34.0,0.1075,0.15,ci,ci38201111,2019-01-23T17:51:04.080Z,"30km E of Coso Junction, CA",earthquake,0.14,0.24,0.163,25.0,reviewed,ci,ci
2019-01-31T03:13:36.090Z,35.365,-117.8708333,2.65,3.17,ml,51.0,41.0,0.09949,0.19,ci,ci38213159,2019-04-18T19:09:25.040Z,"21km W of Johannesburg, CA",earthquake,0.16,0.46,0.145,276.0,reviewed,ci,ci
2019-02-28T07:35:50.240Z,36.0256667,-117.7078333,2.38,2.82,ml,29.0,36.0,0.04655,0.12,ci,ci38477600,2019-02-28T15:58:31.500Z,"20km ENE of Little Lake, CA",earthquake,0.13,0.2,0.164,81.0,reviewed,ci,ci
2019-03-18T03:09:26.920Z,36.0685,-117.6855,1.25,2.5,ml,32.0,34.0,0.07775,0.14,ci,ci38273559,2019-03-19T20:29:26.860Z,"24km E of Coso Junction, CA",earthquake,0.14,0.22,0.133,73.0,reviewed,ci,ci
2019-03-18T04:53:54.260Z,36.0696667,-117.6858333,1.09,2.71,ml,32.0,34.0,0.07818,0.16,ci,ci38273623,2019-03-19T20:45:52.456Z,"24km E of Coso Junction, CA",earthquake,0.16,0.26,0.162,88.0,reviewed,ci,ci
2019-03-20T12:06:02.360Z,36.068,-117.6853333,0.19,3.2,ml,37.0,30.0,0.07758,0.2,ci,ci38277999,2019-06-06T18:54:05.040Z,"24km E of Coso Junction, CA",earthquake,0.18,0.33,0.133,240.0,reviewed,ci,ci
2019-03-20T19:30:02.020Z,35.9626667,-117.9906667,4.88,2.54,ml,42.0,61.0,0.09293,0.11,ci,ci38278983,2022-08-08T13:04:44.898Z,"8km WNW of Little Lake, CA",earthquake,0.12,0.63,0.311,26.0,reviewed,ci,ci
2019-03-22T13:40:21.480Z,36.1275,-117.7028333,0.64,2.51,ml,30.0,40.0,0.1139,0.18,ci,ci38281367,2019-03-22T17:30:11.736Z,"24km ENE of Coso Junction, CA",earthquake,0.19,0.3,0.141,74.0,reviewed,ci,ci
2019-04-02T16:11:16.960Z,36.0666667,-117.687,1.25,2.82,ml,36.0,35.0,0.07572,0.15,ci,ci37602474,2019-04-02T21:41:51.820Z,"24km E of Coso Junction, CA",earthquake,0.14,0.22,0.128,27.0,reviewed,ci,ci
2019-04-13T09:06:58.730Z,36.0636667,-117.6911667,1.04,2.65,ml,37.0,29.0,0.1202,0.15,ci,ci38545024,2019-04-24T18:09:15.339Z,"23km E of Coso Junction, CA",earthquake,0.14,0.24,0.138,26.0,reviewed,ci,ci
2019-05-10T13:11:40.550Z,36.0715,-117.6873333,1.07,2.81,ml,30.0,34.0,0.07824,0.15,ci,ci38587488,2019-05-10T15:52:11.721Z,"24km E of Coso Junction, CA",earthquake,0.17,0.25,0.159,72.0,reviewed,ci,ci
2019-05-10T23:19:58.720Z,36.1231667,-117.6695,2.07,2.83,ml,44.0,38.0,0.0692,0.15,ci,ci38588448,2019-05-11T00:10:50.380Z,"26km ENE of Coso Junction, CA",earthquake,0.15,0.3,0.175,25.0,reviewed,ci,ci
2019-05-11T00:04:15.280Z,36.124,-117.6676667,2.78,2.61,ml,38.0,53.0,0.06836,0.14,ci,ci38588544,2019-05-11T01:01:23.340Z,"27km ENE of Coso Junction, CA",earthquake,0.17,0.57,0.122,25.0,reviewed,ci,ci
2019-05-13T03:23:27.720Z,36.1211667,-117.6703333,2.56,2.92,ml,36.0,38.0,0.0712,0.15,ci,ci38591624,2019-05-14T20:15:45.250Z,"26km ENE of Coso Junction, CA",earthquake,0.16,0.37,0.143,112.0,reviewed,ci,ci
2019-05-13T20:14:42.160Z,36.1208333,-117.6731667,2.69,2.77,ml,35.0,39.0,0.07162,0.16,ci,ci38592608,2019-05-15T15:08:48.750Z,"26km ENE of Coso Junction, CA",earthquake,0.16,0.37,0.126,86.0,reviewed,ci,ci
2019-05-13T20:45:26.940Z,36.1205,-117.6701667,2.15,3.08,ml,47.0,39.0,0.07186,0.17,ci,ci38592680,2022-08-08T13:40:20.001Z,"26km ENE of Coso Junction, CA",earthquake,0.14,0.3,0.152,210.0,reviewed,ci,ci
2019-05-22T06:53:56.260Z,36.1191667,-117.6705,2.14,3.32,ml,42.0,39.0,0.0732,0.16,ci,ci38601472,2019-08-13T14:30:29.040Z,"26km ENE of Coso Junction, CA",earthquake,0.15,0.29,0.117,257.0,reviewed,ci,ci
2019-05-28T02:53:07.090Z,36.0123333,-117.8081667,1.44,2.54,ml,35.0,49.0,0.02979,0.14,ci,ci38607032,2019-07-02T21:52:12.655Z,"12km NE of Little Lake, CA",earthquake,0.14,0.18,0.156,26.0,reviewed,ci,ci
2019-05-28T19:54:22.720Z,36.2295,-118.1946667,1.8,2.6,ml,35.0,92.0,0.2294,0.14,ci,ci38608224,2019-07-02T21:29:13.372Z,"18km WSW of Olancha, CA",earthquake,0.18,0.72,0.143,26.0,reviewed,ci,ci
2019-05-28T21:32:51.530Z,36.2213333,-118.1971667,0.24,2.64,ml,28.0,91.0,0.2377,0.16,ci,ci37419189,2019-07-02T21:54:27.767Z,"18km WSW of Olancha, CA",earthquake,0.2,0.67,0.166,124.0,reviewed,ci,ci
2019-05-29T05:19:11.700Z,36.226,-118.1961667,-0.74,2.62,ml,35.0,82.0,0.2331,0.18,ci,ci38608920,2019-07-02T21:37:14.909Z,"18km WSW of Olancha, CA",earthquake,0.21,0.72,0.151,25.0,reviewed,ci,ci
2019-06-05T17:19:35.460Z,36.1206667,-117.6698333,2.61,2.9,ml,35.0,38.0,0.07169,0.15,ci,ci38624800,2019-07-02T21:54:26.569Z,"26km ENE of Coso Junction, CA",earthquake,0.16,0.37,0.146,101.0,reviewed,ci,ci
2019-06-06T04:05:08.840Z,36.123,-117.6691667,2.7,2.63,ml,35.0,38.0,0.06936,0.16,ci,ci38626088,2019-07-02T21:23:58.267Z,"26km ENE of Coso Junction, CA",earthquake,0.17,0.37,0.162,79.0,reviewed,ci,ci
2019-06-16T01:48:53.270Z,36.1141667,-117.673,2.44,3.26,ml,40.0,39.0,0.07826,0.15,ci,ci38644688,2019-09-06T14:25:12.040Z,"26km ENE of Coso Junction, CA",earthquake,0.14,0.32,0.106,262.0,reviewed,ci,ci
2019-07-04T17:02:55.340Z,35.7081667,-117.5036667,10.6,3.98,mw,82.0,23.0,0.126,0.16,ci,ci38443095,2024-08-07T11:01:18.913Z,"11km SW of Searles Valley, CA",earthquake,0.11,0.25,,6.0,reviewed,ci,ci
2019-07-04T17:33:49.000Z,35.7053333,-117.5038333,10.5,6.4,mw,62.0,47.0,0.1233,0.16,ci,ci38443183,2025-12-22T18:14:43.508Z,Ridgecrest Earthquake Sequence,earthquake,0.15,0.36,,6.0,reviewed,ci,ci
2019-07-04T17:35:01.660Z,35.644,-117.5671667,4.64,4.49,mlr,41.0,74.0,0.103,0.15,ci,ci38443191,2022-06-19T00:27:31.177Z,"10km ENE of Ridgecrest, CA",earthquake,0.15,0.46,0.132,9.0,reviewed,ci,ci
2019-07-04T17:35:17.430Z,35.6886667,-117.474,6.48,3.93,mlr,17.0,175.0,0.1024,0.15,ci,ci37255940,2020-02-14T01:18:09.526Z,"11km SW of Searles Valley, CA",earthquake,0.44,1.07,0.108,5.0,reviewed,ci,ci
2019-07-04T17:35:46.340Z,35.6936667,-117.437,7.65,3.63,ml,15.0,212.0,0.1786,0.14,ci,ci37222356,2020-02-03T19:40:42.355Z,"9km SSW of Searles Valley, CA",earthquake,0.64,2.11,0.065,2.0,reviewed,ci,ci
2019-07-04T17:35:52.170Z,35.687,-117.5061667,1.6,4.28,mlr,28.0,82.0,0.1065,0.15,ci,ci37218988,2019-09-26T14:30:00.040Z,"13km SW of Searles Valley, CA",earthquake,0.2,0.33,0.119,22.0,reviewed,ci,ci
2019-07-04T17:36:04.360Z,35.7341667,-117.5741667,6.41,3.94,mlr,15.0,100.0,0.08358,0.19,ci,ci37255980,2020-02-14T20:02:47.885Z,"16km NE of Ridgecrest, CA",earthquake,0.38,1.03,0.135,6.0,reviewed,ci,ci
2019-07-04T17:36:58.950Z,35.7258333,-117.5593333,5.3,3.41,ml,21.0,88.0,0.09493,0.11,ci,ci37222380,2019-08-16T20:30:44.430Z,"15km WSW of Searles Valley, CA",earthquake,0.24,1.24,0.101,6.0,reviewed,ci,ci
2019-07-04T17:37:01.140Z,35.7105,-117.4773333,1.57,3.66,mlr,22.0,85.0,0.1243,0.12,ci,ci37222372,2019-09-26T14:30:01.040Z,"9km SW of Searles Valley, CA",earthquake,0.19,0.37,0.165,15.0,reviewed,ci,ci
2019-07-04T17:37:14.850Z,35.6655,-117.516,1.64,3.97,mlr,22.0,65.0,0.09019,0.16,ci,ci37222364,2019-09-26T14:30:00.040Z,"15km SW of Searles Valley, CA",earthquake,0.23,0.45,0.18,13.0,reviewed,ci,ci
2019-07-04T17:37:25.640Z,35.6758333,-117.4575,15.82,4.01,mlr,27.0,66.0,0.08922,0.22,ci,ci37218996,2020-05-21T00:52:25.314Z,"11km SSW of Searles Valley, CA",earthquake,0.36,0.87,0.136,20.0,reviewed,ci,ci
2019-07-04T17:37:46.320Z,35.6811667,-117.5261667,6.83,3.24,ml,7.0,135.0,0.1079,0.11,ci,ci37259580,2020-02-14T21:03:10.275Z,"15km SW of Searles Valley, CA",earthquake,0.46,1.37,0.086,3.0,reviewed,ci,ci
2019-07-04T17:37:55.500Z,35.7456667,-117.5516667,8.29,3.86,mlr,30.0,69.0,0.07924,0.13,ci,ci38443199,2019-09-26T14:30:09.040Z,"14km W of Searles Valley, CA",earthquake,0.17,0.48,0.187,25.0,reviewed,ci,ci
2019-07-04T17:38:21.450Z,35.714,-117.476,1.74,3.73,mlr,22.0,88.0,0.1277,0.16,ci,ci37421941,2019-09-26T14:30:01.040Z,"9km SW of Searles Valley, CA",earthquake,0.24,0.43,0.263,120.0,reviewed,ci,ci
2019-07-04T17:38:47.500Z,35.6215,-117.5782,9.7,3.5,ml,,,,0.62,us,us70004a0n,2019-09-26T14:30:09.040Z,"8 km E of Ridgecrest, California",earthquake,1.2,6.2,,,reviewed,ci,ci
2019-07-04T17:38:47.760Z,35.6235,-117.596,8.55,3.5,ml,23.0,97.0,0.1151,0.14,ci,ci37222396,2021-02-19T19:16:34.113Z,"7km E of Ridgecrest, CA",earthquake,0.21,0.81,0.112,15.0,reviewed,ci,ci
2019-07-04T17:38:57.260Z,35.6698333,-117.5295,1.87,3.43,ml,9.0,95.0,0.0996,0.12,ci,ci37256196,2020-02-03T19:19:44.542Z,"14km ENE of Ridgecrest, CA",earthquake,0.34,0.43,0.036,5.0,reviewed,ci,ci
2019-07-04T17:39:05.120Z,35.7168333,-117.6661667,5.17,3.25,ml,9.0,127.0,0.07286,0.1,ci,ci37259588,2020-02-14T21:29:30.902Z,"11km N of Ridgecrest, CA",earthquake,0.47,1.32,0.123,3.0,reviewed,ci,ci
2019-07-04T17:39:14.620Z,35.6215,-117.5945,8.82,2.98,ml,11.0,107.0,0.1133,0.14,ci,ci37259612,2020-02-14T21:42:24.616Z,"7km E of Ridgecrest, CA",earthquake,0.32,1.85,0.139,6.0,reviewed,ci,ci
2019-07-04T17:39:33.310Z,35.5743333,-117.6366667,6.85,3.11,ml,8.0,195.0,0.1016,0.07,ci,ci37222404,2019-08-17T00:00:43.737Z,"6km SE of Ridgecrest, CA",earthquake,0.43,0.75,0.119,2.0,reviewed,ci,ci
2019-07-04T17:39:35.360Z,35.6876667,-117.4931667,10.96,3.69,mlr,34.0,63.0,0.1041,0.16,ci,ci38443215,2022-06-19T00:28:03.186Z,"12km SW of Searles Valley, CA",earthquake,0.21,0.39,0.194,39.0,reviewed,ci,ci
2019-07-04T17:39:51.740Z,35.6715,-117.5453333,2.27,3.11,ml,7.0,143.0,0.1085,0.23,ci,ci37259660,2020-02-14T22:31:54.687Z,"13km ENE of Ridgecrest, CA",earthquake,1.05,0.92,0.126,4.0,reviewed,ci,ci
2019-07-04T17:40:02.250Z,35.7253333,-117.5708333,6.63,3.8,mlr,34.0,56.0,0.09278,0.16,ci,ci38443223,2019-09-26T14:30:09.040Z,"15km NE of Ridgecrest, CA",earthquake,0.18,0.59,0.142,34.0,reviewed,ci,ci
2019-07-04T17:40:18.520Z,35.707,-117.5101667,8.66,4.13,mlr,37.0,61.0,0.1264,0.16,ci,ci38443231,2020-05-21T01:03:18.515Z,"12km SW of Searles Valley, CA",earthquake,0.18,0.65,0.136,17.0,reviewed,ci,ci
2019-07-04T17:40:34.900Z,35.6948333,-117.5018333,2.04,3.54,ml,12.0,144.0,0.1128,0.1,ci,ci37222508,2019-08-19T17:37:31.677Z,"12km SW of Searles Valley, CA",earthquake,0.24,0.3,0.108,8.0,reviewed,ci,ci
2019-07-04T17:40:46.140Z,35.7298333,-117.5548333,7.72,3.42,ml,15.0,89.0,0.09248,0.16,ci,ci37222516,2019-08-19T17:45:19.256Z,"14km WSW of Searles Valley, CA",earthquake,0.35,1.22,0.065,10.0,reviewed,ci,ci
2019-07-04T17:40:51.720Z,35.6805,-117.4743333,7.09,3.13,ml,7.0,278.0,0.1681,0.23,ci,ci37259692,2020-02-15T01:00:40.218Z,"12km SSW of Searles Valley, CA",earthquake,1.63,19.59,0.152,4.0,reviewed,ci,ci
2019-07-04T17:41:20.850Z,35.7266667,-117.5288333,1.97,3.3,ml,25.0,95.0,0.105,0.24,ci,ci37421957,2019-09-26T14:31:14.040Z,"12km WSW of Searles Valley, CA",earthquake,0.35,0.68,0.126,7.0,reviewed,ci,ci
2019-07-04T17:42:54.130Z,35.7301667,-117.5586667,7.84,3.22,ml,37.0,57.0,0.09104,0.16,ci,ci38443239,2019-09-26T14:30:09.040Z,"15km WSW of Searles Valley, CA",earthquake,0.16,0.73,0.113,30.0,reviewed,ci,ci
2019-07-04T17:43:29.200Z,35.6783,-117.5488,5.15,3.6,ml,,68.0,0.115,0.59,us,us70004a0z,2022-06-19T01:15:26.670Z,"12 km ENE of Ridgecrest, California",earthquake,0.8,3.4,0.226,7.0,reviewed,us,ci
2019-07-04T17:44:24.020Z,35.7478333,-117.54,9.4,2.77,ml,29.0,78.0,0.08233,0.17,ci,ci37421981,2019-07-18T23:55:37.738Z,"12km W of Searles Valley, CA",earthquake,0.27,0.67,0.079,5.0,reviewed,ci,ci
2019-07-04T17:44:32.820Z,35.6875,-117.5071667,1.54,3.86,mlr,65.0,23.0,0.1072,0.2,ci,ci38443255,2019-09-26T14:30:09.040Z,"13km SW of Searles Valley, CA",earthquake,0.13,0.35,0.158,244.0,reviewed,ci,ci
2019-07-04T17:45:05.780Z,35.6976667,-117.4865,2.24,3.03,ml,19.0,86.0,0.1127,0.12,ci,ci37421997,2019-08-19T17:57:12.403Z,"11km SW of Searles Valley, CA",earthquake,0.2,0.35,0.095,11.0,reviewed,ci,ci
2019-07-04T17:45:23.950Z,35.7151667,-117.5473333,7.21,3.03,ml,20.0,91.0,0.1083,0.12,ci,ci37421989,2019-08-19T18:01:31.030Z,"14km WSW of Searles Valley, CA",earthquake,0.29,0.66,0.047,6.0,reviewed,ci,ci
2019-07-04T17:45:28.630Z,35.7348333,-117.5368333,10.34,3.21,ml,20.0,158.0,0.09462,0.16,ci,ci37222524,2019-08-19T18:09:52.072Z,"12km WSW of Searles Valley, CA",earthquake,0.34,0.64,0.119,16.0,reviewed,ci,ci
2019-07-04T17:46:03.710Z,35.6431667,-117.6101667,10.14,2.96,ml,29.0,69.0,0.1244,0.13,ci,ci38443263,2019-09-26T14:30:09.040Z,"6km ENE of Ridgecrest, CA",earthquake,0.15,0.42,0.183,22.0,reviewed,ci,ci
2019-07-04T17:46:20.320Z,35.6563333,-117.5325,1.52,2.56,ml,18.0,78.0,0.0902,0.16,ci,ci37222532,2019-08-19T18:29:04.535Z,"14km ENE of Ridgecrest, CA",earthquake,0.25,0.53,0.112,8.0,reviewed,ci,ci
2019-07-04T17:46:49.960Z,35.6385,-117.6108333,10.97,3.07,ml,35.0,67.0,0.1258,0.15,ci,ci38443271,2019-09-26T14:30:09.040Z,"6km ENE of Ridgecrest, CA",earthquake,0.16,0.34,0.143,23.0,reviewed,ci,ci
2019-07-04T17:47:17.810Z,35.7455,-117.5465,7.11,3.5,mlr,48.0,45.0,0.08144,0.15,ci,ci38443279,2022-06-16T17:42:21.084Z,"13km W of Searles Valley, CA",earthquake,0.13,0.36,0.137,44.0,reviewed,ci,ci
2019-07-04T17:47:40.970Z,35.726,-117.5585,3.58,3.11,ml,26.0,75.0,0.095,0.17,ci,ci37222548,2019-08-19T19:55:39.109Z,"15km WSW of Searles Valley, CA",earthquake,0.24,0.67,0.072,16.0,reviewed,ci,ci
2019-07-04T17:47:54.970Z,35.7286667,-117.5606667,5.25,3.4,ml,28.0,57.0,0.09191,0.16,ci,ci37222556,2019-09-26T14:30:01.040Z,"15km WSW of Searles Valley, CA",earthquake,0.2,1.28,0.15,21.0,reviewed,ci,ci
2019-07-04T17:48:03.160Z,35.6365,-117.5518333,6.62,3.27,ml,16.0,131.0,0.08845,0.16,ci,ci37222564,2019-08-19T20:04:07.050Z,"11km E of Ridgecrest, CA",earthquake,0.28,0.92,0.184,9.0,reviewed,ci,ci
2019-07-04T17:48:15.680Z,35.7053333,-117.5245,5.52,3.11,ml,17.0,98.0,0.1252,0.26,ci,ci37222572,2019-08-19T20:12:48.142Z,"13km WSW of Searles Valley, CA",earthquake,0.55,3.94,0.1,11.0,reviewed,ci,ci
2019-07-04T17:48:24.150Z,35.6593333,-117.5263333,2.68,2.96,ml,19.0,99.0,0.08951,0.17,ci,ci37222580,2019-08-19T20:21:56.393Z,"14km ENE of Ridgecrest, CA",earthquake,0.27,0.54,0.084,13.0,reviewed,ci,ci
2019-07-04T17:49:35.190Z,35.7335,-117.5068333,3.91,2.52,ml,13.0,164.0,0.1103,0.18,ci,ci37222596,2019-08-19T22:29:10.581Z,"10km WSW of Searles Valley, CA",earthquake,0.61,1.27,0.09,6.0,reviewed,ci,ci
2019-07-04T17:49:38.950Z,35.687,-117.4906667,10.66,2.57,ml,16.0,145.0,0.1029,0.19,ci,ci37222668,2019-08-19T22:25:07.075Z,"12km SW of Searles Valley, CA",earthquake,0.46,0.92,0.091,7.0,reviewed,ci,ci
2019-07-04T17:50:48.290Z,35.738,-117.5293333,7.72,2.73,ml,8.0,163.0,0.09535,0.07,ci,ci37222692,2019-08-20T00:55:30.963Z,"12km WSW of Searles Valley, CA",earthquake,0.34,0.72,0.162,4.0,reviewed,ci,ci
2019-07-04T17:50:48.960Z,35.678,-117.4991667,1.14,2.79,ml,19.0,105.0,0.09614,0.17,ci,ci38443303,2019-08-20T00:55:15.196Z,"13km SW of Searles Valley, CA",earthquake,0.31,0.5,0.181,12.0,reviewed,ci,ci
2019-07-04T17:51:46.650Z,35.674,-117.5235,5.3,3.46,mlr,31.0,61.0,0.1006,0.14,ci,ci38443287,2019-09-26T14:30:09.040Z,"15km ENE of Ridgecrest, CA",earthquake,0.17,0.91,0.138,307.0,reviewed,ci,ci
2019-07-04T17:52:41.700Z,35.7218333,-117.5251667,7.04,2.92,ml,31.0,60.0,0.1106,0.13,ci,ci38443295,2019-08-20T18:15:15.690Z,"12km WSW of Searles Valley, CA",earthquake,0.16,0.45,0.106,31.0,reviewed,ci,ci
2019-07-04T17:54:59.560Z,35.6391667,-117.5628333,10.48,2.53,ml,27.0,76.0,0.09739,0.13,ci,ci38443327,2019-08-20T20:34:20.980Z,"10km ENE of Ridgecrest, CA",earthquake,0.17,0.42,0.176,26.0,reviewed,ci,ci
2019-07-04T17:55:30.800Z,35.6705,-117.5221667,3.91,2.57,ml,21.0,78.0,0.09701,0.19,ci,ci37222876,2019-08-20T21:05:16.123Z,"15km ENE of Ridgecrest, CA",earthquake,0.28,0.81,0.221,14.0,reviewed,ci,ci
2019-07-04T17:57:31.460Z,35.6595,-117.5223333,2.3,2.95,ml,32.0,62.0,0.08778,0.12,ci,ci38443311,2019-09-26T14:30:10.040Z,"14km ENE of Ridgecrest, CA",earthquake,0.15,0.39,0.14,30.0,reviewed,ci,ci
2019-07-04T17:57:43.060Z,35.6725,-117.4743333,8.76,2.78,ml,25.0,87.0,0.08638,0.21,ci,ci37222932,2019-08-20T22:14:47.750Z,"12km SSW of Searles Valley, CA",earthquake,0.31,0.87,0.089,14.0,reviewed,ci,ci
2019-07-04T17:58:02.640Z,35.702,-117.5083333,4.77,3.33,ml,39.0,61.0,0.1212,0.16,ci,ci38443319,2019-09-26T14:30:10.040Z,"12km SW of Searles Valley, CA",earthquake,0.16,0.6,0.149,37.0,reviewed,ci,ci
2019-07-04T18:00:40.190Z,35.6303333,-117.569,1.64,2.67,ml,29.0,57.0,0.0974,0.1,ci,ci38443335,2022-08-08T14:28:03.275Z,"10km E of Ridgecrest, CA",earthquake,0.13,0.24,0.108,28.0,reviewed,ci,ci
2019-07-04T18:01:01.190Z,35.6733333,-117.5118333,1.49,2.59,ml,26.0,62.0,0.09561,0.14,ci,ci37223148,2019-08-21T17:49:35.051Z,"14km SW of Searles Valley, CA",earthquake,0.17,0.38,0.154,18.0,reviewed,ci,ci
2019-07-04T18:01:23.180Z,35.6876667,-117.5085,1.26,3.53,mlr,37.0,62.0,0.1078,0.16,ci,ci37422005,2022-06-19T00:26:32.632Z,"13km SW of Searles Valley, CA",earthquake,0.21,0.41,0.163,230.0,reviewed,ci,ci
2019-07-04T18:01:31.230Z,35.5978333,-117.5905,6.79,3.42,ml,24.0,97.0,0.1052,0.17,ci,ci37223156,2019-08-21T18:06:24.440Z,"8km ESE of Ridgecrest, CA",earthquake,0.26,0.78,0.152,16.0,reviewed,ci,ci
2019-07-04T18:02:54.110Z,35.6066667,-117.5821667,5.8,2.53,ml,25.0,66.0,0.09982,0.14,ci,ci38443351,2019-08-21T18:46:06.138Z,"9km E of Ridgecrest, CA",earthquake,0.17,0.83,0.189,28.0,reviewed,ci,ci
2019-07-04T18:03:18.590Z,35.7478333,-117.5425,6.85,2.85,ml,30.0,58.0,0.08119,0.14,ci,ci38443359,2021-02-19T19:16:28.219Z,"13km W of Searles Valley, CA",earthquake,0.17,0.5,0.157,28.0,reviewed,ci,ci
2019-07-04T18:05:41.830Z,35.7153333,-117.5295,4.54,2.76,ml,32.0,60.0,0.1144,0.13,ci,ci38443375,2019-08-21T21:48:13.770Z,"13km WSW of Searles Valley, CA",earthquake,0.16,0.53,0.105,30.0,reviewed,ci,ci
2019-07-04T18:05:55.910Z,35.7266667,-117.5165,8.96,2.61,ml,18.0,143.0,0.1106,0.19,ci,ci37223228,2019-08-21T22:08:22.862Z,"11km WSW of Searles Valley, CA",earthquake,0.38,1.45,0.105,10.0,reviewed,ci,ci
2019-07-04T18:06:16.110Z,35.6606667,-117.523,2.14,3.79,mlr,47.0,61.0,0.08905,0.16,ci,ci38443383,2019-09-26T14:30:10.040Z,"14km ENE of Ridgecrest, CA",earthquake,0.14,0.37,0.128,33.0,reviewed,ci,ci
2019-07-04T18:06:51.050Z,35.6931667,-117.462,11.56,2.6,ml,13.0,174.0,0.1064,0.15,ci,ci37223236,2019-08-22T00:17:54.465Z,"10km SSW of Searles Valley, CA",earthquake,0.6,0.96,0.104,4.0,reviewed,ci,ci
2019-07-04T18:07:09.270Z,35.5991667,-117.6101667,2.12,3.51,mlr,42.0,37.0,0.1213,0.18,ci,ci38443391,2022-06-16T17:42:42.698Z,"6km ESE of Ridgecrest, CA",earthquake,0.16,0.31,0.165,49.0,reviewed,ci,ci
2019-07-04T18:07:10.910Z,35.6508333,-117.542,2.77,3.49,ml,15.0,145.0,0.09137,0.12,ci,ci37223244,2019-08-22T00:36:36.328Z,"12km ENE of Ridgecrest, CA",earthquake,0.21,0.56,0.143,6.0,reviewed,ci,ci
2019-07-04T18:07:20.290Z,35.5688333,-117.6365,6.67,3.02,ml,17.0,121.0,0.09656,0.2,ci,ci37259964,2020-02-18T19:26:35.760Z,"7km SSE of Ridgecrest, CA",earthquake,0.3,0.9,0.222,4.0,reviewed,ci,ci
2019-07-04T18:07:50.810Z,35.7295,-117.533,7.25,2.55,ml,20.0,139.0,0.1008,0.14,ci,ci37223252,2019-08-22T00:45:59.891Z,"12km WSW of Searles Valley, CA",earthquake,0.27,1.05,0.099,12.0,reviewed,ci,ci
2019-07-04T18:08:33.160Z,35.6678333,-117.5061667,2.27,3.38,ml,35.0,62.0,0.08871,0.15,ci,ci38443407,2019-09-26T14:31:14.040Z,"14km SW of Searles Valley, CA",earthquake,0.19,0.59,0.147,80.0,reviewed,ci,ci
2019-07-04T18:08:45.070Z,35.7108333,-117.4768333,1.17,3.55,ml,29.0,108.0,0.1246,0.16,ci,ci37223308,2019-09-26T14:31:14.040Z,"9km SW of Searles Valley, CA",earthquake,0.22,0.51,0.123,216.0,reviewed,ci,ci
2019-07-04T18:10:32.710Z,35.6598333,-117.5348333,10.25,3.46,ml,43.0,44.0,0.09411,0.14,ci,ci38443415,2019-09-26T14:30:10.040Z,"14km ENE of Ridgecrest, CA",earthquake,0.14,0.32,0.13,27.0,reviewed,ci,ci
2019-07-04T18:11:22.870Z,35.6003333,-117.5951667,7.33,2.69,ml,29.0,87.0,0.1092,0.16,ci,ci38443423,2019-08-22T20:46:34.360Z,"8km ESE of Ridgecrest, CA",earthquake,0.2,1.04,0.165,24.0,reviewed,ci,ci
2019-07-04T18:12:52.070Z,35.6703333,-117.5605,6.91,3.44,ml,38.0,58.0,0.1158,0.14,ci,ci38443431,2019-09-26T14:30:10.040Z,"12km ENE of Ridgecrest, CA",earthquake,0.14,0.49,0.138,92.0,reviewed,ci,ci
2019-07-04T18:13:45.530Z,35.7003333,-117.4873333,10.98,2.89,ml,23.0,85.0,0.1154,0.15,ci,ci37223380,2019-08-22T22:45:46.473Z,"11km SW of Searles Valley, CA",earthquake,0.32,0.63,0.199,7.0,reviewed,ci,ci
2019-07-04T18:13:51.400Z,35.7081667,-117.485,6.44,3.5,ml,27.0,63.0,0.1228,0.16,ci,ci38443439,2019-09-26T14:31:02.040Z,"10km SW of Searles Valley, CA",earthquake,0.2,0.71,0.178,166.0,reviewed,ci,ci
2019-07-04T18:15:04.970Z,35.6103333,-117.595,4.94,2.75,ml,38.0,60.0,0.1108,0.22,ci,ci38443447,2019-09-26T14:30:10.040Z,"7km E of Ridgecrest, CA",earthquake,0.24,0.8,0.195,29.0,reviewed,ci,ci
2019-07-04T18:15:12.820Z,35.6691667,-117.5203333,1.84,3.23,ml,28.0,81.0,0.09512,0.2,ci,ci37420701,2019-08-22T23:22:56.767Z,"15km ENE of Ridgecrest, CA",earthquake,0.22,0.36,0.14,192.0,reviewed,ci,ci
2019-07-04T18:16:33.730Z,35.7251667,-117.5335,6.74,2.94,ml,49.0,60.0,0.1043,0.14,ci,ci38443463,2019-09-26T14:30:10.040Z,"13km WSW of Searles Valley, CA",earthquake,0.12,0.4,0.147,26.0,reviewed,ci,ci
2019-07-04T18:17:15.320Z,35.7185,-117.5336667,4.94,2.87,ml,34.0,59.0,0.11,0.17,ci,ci38443471,2019-08-23T17:55:46.900Z,"13km WSW of Searles Valley, CA",earthquake,0.2,0.58,0.106,30.0,reviewed,ci,ci
2019-07-04T18:18:45.720Z,35.638,-117.611,9.43,3.38,ml,61.0,36.0,0.1259,0.14,ci,ci38443487,2022-09-24T01:02:03.459Z,"6km ENE of Ridgecrest, CA",earthquake,0.11,0.33,0.141,50.0,reviewed,ci,ci
2019-07-04T18:18:52.070Z,35.6123333,-117.624,0.0,2.98,ml,15.0,76.0,0.1303,0.23,ci,ci37223676,2019-08-23T20:18:32.421Z,"5km ESE of Ridgecrest, CA",earthquake,0.37,0.63,0.097,5.0,reviewed,ci,ci
2019-07-04T18:19:08.090Z,35.7236667,-117.5085,11.57,2.6,ml,17.0,145.0,0.117,0.19,ci,ci37223684,2019-08-23T20:28:24.087Z,"11km WSW of Searles Valley, CA",earthquake,0.43,0.96,0.11,13.0,reviewed,ci,ci
2019-07-04T18:21:25.340Z,35.6788333,-117.5153333,2.91,2.61,ml,32.0,61.0,0.1018,0.17,ci,ci38443495,2019-08-24T00:04:13.268Z,"14km SW of Searles Valley, CA",earthquake,0.21,0.54,0.131,31.0,reviewed,ci,ci
2019-07-04T18:26:03.750Z,35.6638333,-117.5245,2.53,3.13,ml,47.0,61.0,0.09236,0.13,ci,ci38443519,2019-09-26T14:30:10.040Z,"14km ENE of Ridgecrest, CA",earthquake,0.13,0.45,0.149,26.0,reviewed,ci,ci
2019-07-04T18:27:26.770Z,35.6748333,-117.5143333,2.68,3.29,ml,40.0,62.0,0.09784,0.13,ci,ci38443527,2019-09-26T14:30:10.040Z,"14km SW of Searles Valley, CA",earthquake,0.14,0.39,0.128,31.0,reviewed,ci,ci
2019-07-04T18:27:59.440Z,35.745,-117.5521667,6.64,4.23,mlr,57.0,44.0,0.07964,0.15,ci,ci38443535,2019-09-26T14:30:10.040Z,"14km W of Searles Valley, CA",earthquake,0.12,0.41,0.141,43.0,reviewed,ci,ci
2019-07-04T18:28:43.640Z,35.6661667,-117.5656667,7.14,3.75,mlr,45.0,43.0,0.1159,0.13,ci,ci38443543,2022-06-16T17:42:59.588Z,"11km ENE of Ridgecrest, CA",earthquake,0.13,0.46,0.143,30.0,reviewed,ci,ci
2019-07-04T18:34:49.010Z,35.6895,-117.4883333,0.63,2.59,ml,29.0,63.0,0.105,0.15,ci,ci37224604,2019-08-28T19:05:38.284Z,"12km SW of Searles Valley, CA",earthquake,0.18,0.37,0.157,35.0,reviewed,ci,ci
2019-07-04T18:35:50.890Z,35.6021667,-117.603,4.21,2.98,ml,24.0,59.0,0.1158,0.19,ci,ci37229300,2019-10-16T16:51:25.201Z,"7km ESE of Ridgecrest, CA",earthquake,0.23,0.73,0.149,4.0,reviewed,ci,ci
2019-07-04T18:37:31.680Z,35.7223333,-117.5643333,4.12,2.63,ml,46.0,57.0,0.09703,0.16,ci,ci38443591,2019-10-16T21:32:20.764Z,"15km NE of Ridgecrest, CA",earthquake,0.13,0.47,0.134,23.0,reviewed,ci,ci
2019-07-04T18:38:45.630Z,35.704,-117.4935,7.91,2.58,ml,32.0,83.0,0.12,0.15,ci,ci37229572,2019-10-16T22:20:59.016Z,"11km SW of Searles Valley, CA",earthquake,0.19,0.81,0.144,22.0,reviewed,ci,ci
2019-07-04T18:39:44.440Z,35.6013333,-117.597,2.81,4.59,mw,48.0,39.0,0.1109,0.14,ci,ci38443607,2020-05-21T01:04:23.535Z,"7km ESE of Ridgecrest, CA",earthquake,0.13,0.43,,4.0,reviewed,ci,ci
2019-07-04T18:40:56.740Z,35.652,-117.5368333,2.03,3.05,ml,26.0,73.0,0.08927,0.12,ci,ci37224612,2019-08-28T20:35:58.217Z,"13km ENE of Ridgecrest, CA",earthquake,0.16,0.41,0.064,10.0,reviewed,ci,ci
2019-07-04T18:41:14.270Z,35.6763333,-117.5115,2.13,3.07,ml,27.0,101.0,0.09822,0.15,ci,ci38443615,2019-09-26T14:30:11.040Z,"14km SW of Searles Valley, CA",earthquake,0.2,0.49,0.144,18.0,reviewed,ci,ci
2019-07-04T18:44:25.000Z,35.719,-117.5586667,2.06,3.09,ml,52.0,57.0,0.1016,0.16,ci,ci38443631,2019-09-26T14:30:11.040Z,"15km WSW of Searles Valley, CA",earthquake,0.12,0.26,0.127,183.0,reviewed,ci,ci
2019-07-04T18:47:06.590Z,35.6758333,-117.4853333,8.53,4.34,mw,65.0,47.0,0.09111,0.16,ci,ci38443647,2019-09-26T14:30:11.040Z,"13km SW of Searles Valley, CA",earthquake,0.14,0.43,,4.0,reviewed,ci,ci
2019-07-04T18:47:22.600Z,35.6755,-117.472,10.27,4.02,mlr,22.0,169.0,0.08916,0.17,ci,ci37421213,2019-08-28T20:56:31.600Z,"12km SSW of Searles Valley, CA",earthquake,0.34,0.77,0.114,15.0,reviewed,ci,ci
2019-07-04T18:47:44.310Z,35.6876667,-117.5146667,7.87,3.33,ml,14.0,164.0,0.1096,0.18,ci,ci37230556,2019-10-17T19:50:43.749Z,"13km SW of Searles Valley, CA",earthquake,0.43,1.69,0.094,8.0,reviewed,ci,ci
2019-07-04T18:47:59.170Z,35.6708333,-117.4686667,10.52,3.22,ml,18.0,113.0,0.08431,0.15,ci,ci37230564,2019-10-17T20:10:50.342Z,"12km SSW of Searles Valley, CA",earthquake,0.29,0.66,0.088,7.0,reviewed,ci,ci
2019-07-04T18:48:15.850Z,35.7091667,-117.4656667,1.77,2.89,ml,12.0,176.0,0.1224,0.22,ci,ci37230580,2019-10-17T20:36:19.050Z,"8km SW of Searles Valley, CA",earthquake,0.49,0.63,0.019,3.0,reviewed,ci,ci
2019-07-04T18:50:07.150Z,35.6411667,-117.5591667,9.7,2.75,ml,30.0,59.0,0.09601,0.18,ci,ci38443663,2019-10-17T19:02:53.965Z,"11km ENE of Ridgecrest, CA",earthquake,0.22,0.63,0.24,12.0,reviewed,ci,ci
2019-07-04T18:50:15.910Z,35.682,-117.4961667,1.26,3.7,mlr,45.0,54.0,0.09923,0.19,ci,ci38443671,2019-09-26T14:30:11.040Z,"13km SW of Searles Valley, CA",earthquake,0.17,0.35,0.145,262.0,reviewed,ci,ci
2019-07-04T18:52:13.620Z,35.656,-117.5376667,2.31,2.78,ml,45.0,44.0,0.09268,0.18,ci,ci38443679,2019-10-23T22:21:59.200Z,"13km ENE of Ridgecrest, CA",earthquake,0.14,0.38,0.123,26.0,reviewed,ci,ci
2019-07-04T18:52:57.560Z,35.6681667,-117.5115,3.16,2.85,ml,10.0,271.0,0.163,0.1,ci,ci37230844,2019-10-18T14:57:47.029Z,"15km SW of Searles Valley, CA",earthquake,0.57,0.73,0.061,3.0,reviewed,ci,ci
2019-07-04T18:53:03.340Z,35.6703333,-117.547,4.9,3.08,ml,18.0,132.0,0.1085,0.21,ci,ci37230836,2019-10-18T14:57:45.531Z,"13km ENE of Ridgecrest, CA",earthquake,0.33,0.8,0.146,10.0,reviewed,ci,ci
2019-07-04T18:53:27.670Z,35.7285,-117.5605,7.87,3.36,ml,38.0,57.0,0.09211,0.13,ci,ci38443695,2019-09-26T14:30:11.040Z,"15km WSW of Searles Valley, CA",earthquake,0.14,0.54,0.153,27.0,reviewed,ci,ci
2019-07-04T18:54:13.990Z,35.5975,-117.5996667,5.33,4.07,mlr,58.0,30.0,0.1126,0.13,ci,ci38443703,2020-05-21T01:05:12.109Z,"7km ESE of Ridgecrest, CA",earthquake,0.11,0.66,0.145,334.0,reviewed,ci,ci
2019-07-04T18:54:59.090Z,35.6706667,-117.5288333,4.57,2.86,ml,20.0,133.0,0.1,0.13,ci,ci37230868,2019-10-18T17:43:38.587Z,"14km ENE of Ridgecrest, CA",earthquake,0.23,0.59,0.108,9.0,reviewed,ci,ci
2019-07-04T18:55:27.680Z,35.6753333,-117.4795,10.71,3.03,ml,25.0,87.0,0.08975,0.13,ci,ci38443711,2022-06-21T05:12:45.042Z,"12km SSW of Searles Valley, CA",earthquake,0.23,0.47,0.153,15.0,reviewed,ci,ci
2019-07-04T18:56:06.420Z,35.716,-117.56,1.92,4.58,mw,82.0,36.0,0.1041,0.17,ci,ci38443719,2020-05-21T01:06:05.310Z,"15km NE of Ridgecrest, CA",earthquake,0.09,0.21,,6.0,reviewed,ci,ci
2019-07-04T18:56:22.030Z,35.7086667,-117.5541667,1.16,4.21,mlr,18.0,89.0,0.1125,0.26,ci,ci37420717,2019-07-31T15:54:21.742Z,"15km NE of Ridgecrest, CA",earthquake,0.38,0.6,0.124,25.0,reviewed,ci,ci
2019-07-04T18:57:00.850Z,35.7181667,-117.543,3.03,2.89,ml,5.0,173.0,0.107,0.06,ci,ci37230996,2019-10-18T19:48:14.175Z,"14km WSW of Searles Valley, CA",earthquake,1.11,31.61,0.02,1.0,reviewed,ci,ci
2019-07-04T18:57:15.610Z,35.6888333,-117.5293333,5.72,3.22,ml,15.0,135.0,0.1158,0.22,ci,ci37230948,2019-10-18T19:43:10.717Z,"14km SW of Searles Valley, CA",earthquake,0.53,2.52,0.163,6.0,reviewed,ci,ci
2019-07-04T18:57:42.060Z,35.7133333,-117.5481667,2.02,2.96,ml,19.0,135.0,0.1098,0.18,ci,ci37230908,2019-10-18T19:34:00.093Z,"14km WSW of Searles Valley, CA",earthquake,0.27,0.48,0.093,7.0,reviewed,ci,ci
2019-07-04T18:57:52.440Z,35.6726667,-117.5125,2.64,2.71,ml,11.0,138.0,0.09524,0.19,ci,ci37230916,2019-10-18T18:37:11.894Z,"14km SW of Searles Valley, CA",earthquake,0.44,0.79,0.118,3.0,reviewed,ci,ci
2019-07-04T18:58:07.890Z,35.7246667,-117.558,1.91,2.79,ml,24.0,75.0,0.09639,0.15,ci,ci38443727,2019-10-18T18:38:13.628Z,"15km WSW of Searles Valley, CA",earthquake,0.2,0.39,0.171,2.0,reviewed,ci,ci
2019-07-04T19:00:09.670Z,35.7111667,-117.5513333,1.99,3.22,ml,51.0,58.0,0.1109,0.15,ci,ci38443751,2022-06-21T05:13:09.242Z,"15km WSW of Searles Valley, CA",earthquake,0.14,0.25,0.111,23.0,reviewed,ci,ci
2019-07-04T19:00:14.000Z,35.6773333,-117.5523333,5.01,3.14,ml,16.0,130.0,0.1429,0.18,ci,ci37231484,2019-10-18T22:25:28.483Z,"13km ENE of Ridgecrest, CA",earthquake,0.65,2.16,0.217,2.0,reviewed,ci,ci
2019-07-04T19:01:06.360Z,35.6485,-117.5375,1.57,2.67,ml,11.0,81.0,0.08713,0.15,ci,ci37231516,2019-10-18T22:25:12.039Z,"13km ENE of Ridgecrest, CA",earthquake,0.34,0.56,0.168,2.0,reviewed,ci,ci
2019-07-04T19:01:10.800Z,35.7086667,-117.5565,2.15,3.03,ml,33.0,58.0,0.1119,0.2,ci,ci38443759,2019-09-26T14:30:11.040Z,"14km NE of Ridgecrest, CA",earthquake,0.22,0.48,0.1,25.0,reviewed,ci,ci
2019-07-04T19:01:28.380Z,35.6918333,-117.528,2.65,2.56,ml,19.0,97.0,0.118,0.15,ci,ci37231532,2019-10-21T15:27:36.261Z,"14km SW of Searles Valley, CA",earthquake,0.25,0.57,0.065,8.0,reviewed,ci,ci
2019-07-04T19:02:24.820Z,35.6465,-117.5418333,1.88,2.67,ml,26.0,60.0,0.08828,0.15,ci,ci37231540,2019-10-21T15:27:19.946Z,"12km ENE of Ridgecrest, CA",earthquake,0.18,0.46,0.174,8.0,reviewed,ci,ci
2019-07-04T19:10:19.820Z,35.694,-117.4901667,1.58,3.29,ml,53.0,47.0,0.1097,0.14,ci,ci38443823,2019-09-26T14:30:11.040Z,"11km SW of Searles Valley, CA",earthquake,0.13,0.28,0.115,30.0,reviewed,ci,ci
2019-07-04T19:14:59.490Z,35.6548333,-117.5388333,2.42,3.0,ml,48.0,44.0,0.09245,0.14,ci,ci38443831,2019-10-23T21:40:27.680Z,"13km ENE of Ridgecrest, CA",earthquake,0.12,0.34,0.134,30.0,reviewed,ci,ci
2019-07-04T19:17:51.360Z,35.6951667,-117.5096667,1.46,2.98,ml,35.0,62.0,0.1151,0.13,ci,ci38443855,2019-09-26T14:30:12.040Z,"12km SW of Searles Valley, CA",earthquake,0.16,0.4,0.159,16.0,reviewed,ci,ci
2019-07-04T19:17:58.140Z,35.6268333,-117.601,10.4,3.26,ml,29.0,49.0,0.1201,0.19,ci,ci37224620,2019-08-29T19:05:43.477Z,"7km E of Ridgecrest, CA",earthquake,0.23,0.57,0.12,98.0,reviewed,ci,ci
2019-07-04T19:20:51.760Z,35.6401667,-117.553,1.72,2.76,ml,39.0,59.0,0.09133,0.14,ci,ci38443863,2021-02-19T19:16:22.330Z,"11km E of Ridgecrest, CA",earthquake,0.13,0.29,0.142,23.0,reviewed,ci,ci
2019-07-04T19:21:32.090Z,35.6715,-117.4788333,5.16,4.5,mw,79.0,24.0,0.08589,0.16,ci,ci38443871,2019-09-26T14:30:12.040Z,"13km SSW of Searles Valley, CA",earthquake,0.12,0.39,,4.0,reviewed,ci,ci
2019-07-04T19:26:20.380Z,35.7063333,-117.4855,2.25,2.72,ml,43.0,63.0,0.1211,0.14,ci,ci38443879,2019-10-23T17:10:29.720Z,"10km SW of Searles Valley, CA",earthquake,0.13,0.3,0.154,21.0,reviewed,ci,ci
2019-07-04T19:27:18.260Z,35.6676667,-117.4768333,8.06,2.82,ml,42.0,41.0,0.08186,0.12,ci,ci38443895,2019-10-23T20:04:39.580Z,"13km SSW of Searles Valley, CA",earthquake,0.13,0.46,0.186,22.0,reviewed,ci,ci
2019-07-04T19:39:49.720Z,35.6813333,-117.5205,6.68,2.7,ml,46.0,53.0,0.1059,0.21,ci,ci38443983,2019-10-24T21:13:25.223Z,"14km SW of Searles Valley, CA",earthquake,0.18,0.64,0.17,25.0,reviewed,ci,ci
2019-07-04T19:40:08.090Z,35.7465,-117.563,4.49,2.53,ml,32.0,57.0,0.07457,0.16,ci,ci37232916,2019-10-24T21:11:54.383Z,"14km W of Searles Valley, CA",earthquake,0.19,0.44,0.093,11.0,reviewed,ci,ci
2019-07-04T19:40:29.120Z,35.6555,-117.5203333,1.99,2.67,ml,35.0,61.0,0.08357,0.17,ci,ci38443991,2019-10-24T21:51:53.416Z,"15km ENE of Ridgecrest, CA",earthquake,0.18,0.46,0.126,16.0,reviewed,ci,ci
2019-07-04T19:49:04.980Z,35.683,-117.4895,1.04,3.26,ml,51.0,64.0,0.09882,0.13,ci,ci38444047,2019-09-26T14:30:12.040Z,"12km SW of Searles Valley, CA",earthquake,0.13,0.31,0.156,46.0,reviewed,ci,ci
2019-07-04T19:51:16.980Z,35.71,-117.5561667,2.09,3.35,ml,52.0,44.0,0.1107,0.15,ci,ci38444063,2019-09-26T14:30:12.040Z,"15km NE of Ridgecrest, CA",earthquake,0.13,0.28,0.129,37.0,reviewed,ci,ci
2019-07-04T19:52:13.050Z,35.6101667,-117.5861667,6.68,2.86,ml,39.0,45.0,0.1038,0.13,ci,ci38444071,2019-10-25T17:01:21.800Z,"8km E of Ridgecrest, CA",earthquake,0.14,0.46,0.183,30.0,reviewed,ci,ci
2019-07-04T19:56:00.500Z,35.6623333,-117.524,1.49,4.16,mw,81.0,23.0,0.09089,0.18,ci,ci38444103,2019-09-26T14:30:12.040Z,"14km ENE of Ridgecrest, CA",earthquake,0.1,0.26,,6.0,reviewed,ci,ci
2019-07-04T19:56:25.890Z,35.6636667,-117.5225,2.15,3.27,ml,18.0,97.0,0.09134,0.19,ci,ci37260124,2021-02-19T19:16:12.911Z,"15km ENE of Ridgecrest, CA",earthquake,0.27,0.8,0.113,8.0,reviewed,ci,ci
2019-07-04T19:58:00.290Z,35.7121667,-117.553,1.22,2.63,ml,26.0,115.0,0.1095,0.16,ci,ci38444119,2019-10-25T18:35:35.534Z,"15km WSW of Searles Valley, CA",earthquake,0.22,0.4,0.112,15.0,reviewed,ci,ci
2019-07-04T20:01:11.160Z,35.6996667,-117.5028333,4.44,2.56,ml,42.0,47.0,0.1177,0.19,ci,ci37420685,2019-10-25T20:25:49.160Z,"12km SW of Searles Valley, CA",earthquake,0.17,0.55,0.149,33.0,reviewed,ci,ci
2019-07-04T20:01:32.930Z,35.678,-117.589,7.89,2.5,ml,26.0,71.0,0.1376,0.1,ci,ci38444135,2019-07-05T03:33:41.232Z,"10km NE of Ridgecrest, CA",earthquake,0.13,0.69,0.14,73.0,reviewed,ci,ci
2019-07-04T20:04:17.610Z,35.6643333,-117.5218333,2.07,2.58,ml,50.0,39.0,0.09161,0.18,ci,ci37233108,2019-10-25T21:42:13.887Z,"15km ENE of Ridgecrest, CA",earthquake,0.14,0.46,0.137,10.0,reviewed,ci,ci
2019-07-04T20:06:08.250Z,35.6991667,-117.4891667,10.27,3.39,ml,57.0,47.0,0.1145,0.13,ci,ci38444159,2019-10-28T14:54:48.530Z,"11km SW of Searles Valley, CA",earthquake,0.11,0.28,0.158,42.0,reviewed,ci,ci
2019-07-04T20:08:02.990Z,35.6781667,-117.5095,2.57,2.52,ml,30.0,49.0,0.09925,0.29,ci,ci37233404,2019-10-28T15:52:45.365Z,"14km SW of Searles Valley, CA",earthquake,0.3,0.68,0.066,11.0,reviewed,ci,ci
2019-07-04T20:11:31.440Z,35.683,-117.5046667,1.86,2.6,ml,51.0,53.0,0.1023,0.13,ci,ci38444191,2019-10-28T16:58:09.550Z,"13km SW of Searles Valley, CA",earthquake,0.11,0.25,0.179,24.0,reviewed,ci,ci
2019-07-04T20:14:50.340Z,35.6991667,-117.5125,5.75,3.99,mlr,74.0,23.0,0.1197,0.15,ci,ci38444215,2019-09-26T14:30:13.040Z,"12km SW of Searles Valley, CA",earthquake,0.11,0.45,0.15,333.0,reviewed,ci,ci
2019-07-04T20:17:36.830Z,35.7,-117.4836667,1.25,3.09,ml,49.0,47.0,0.1146,0.13,ci,ci38444231,2019-09-26T14:30:13.040Z,"10km SW of Searles Valley, CA",earthquake,0.13,0.3,0.121,45.0,reviewed,ci,ci
2019-07-04T20:23:09.930Z,35.6408333,-117.5973333,10.39,3.43,ml,62.0,40.0,0.1227,0.15,ci,ci38444263,2019-09-26T14:30:13.040Z,"7km ENE of Ridgecrest, CA",earthquake,0.12,0.28,0.179,46.0,reviewed,ci,ci
2019-07-04T20:34:32.050Z,35.6393333,-117.5838333,8.19,2.62,ml,50.0,42.0,0.1123,0.15,ci,ci38444311,2019-10-29T15:01:33.160Z,"9km ENE of Ridgecrest, CA",earthquake,0.12,0.43,0.093,24.0,reviewed,ci,ci
2019-07-04T20:45:26.710Z,35.7028333,-117.4775,1.31,3.1,ml,49.0,55.0,0.1167,0.15,ci,ci38444407,2019-10-29T20:45:59.850Z,"10km SW of Searles Valley, CA",earthquake,0.14,0.36,0.125,29.0,reviewed,ci,ci
2019-07-04T20:55:25.070Z,35.7116667,-117.4808333,2.39,3.4,ml,53.0,64.0,0.1258,0.15,ci,ci38444487,2022-06-19T00:28:28.154Z,"9km SW of Searles Valley, CA",earthquake,0.12,0.28,0.181,30.0,reviewed,ci,ci
2019-07-04T20:57:12.360Z,35.6595,-117.5355,7.12,2.57,ml,44.0,37.0,0.09419,0.16,ci,ci38444503,2019-10-30T17:30:04.936Z,"13km ENE of Ridgecrest, CA",earthquake,0.15,0.53,0.136,25.0,reviewed,ci,ci
2019-07-04T21:02:55.820Z,35.69,-117.4831667,7.89,3.47,ml,58.0,38.0,0.1047,0.14,ci,ci38444543,2019-09-26T14:30:13.040Z,"11km SW of Searles Valley, CA",earthquake,0.12,0.45,0.109,52.0,reviewed,ci,ci
2019-07-04T21:07:08.530Z,35.5976667,-117.598,4.93,2.62,ml,47.0,37.0,0.1112,0.15,ci,ci38444559,2019-10-30T21:35:46.430Z,"8km ESE of Ridgecrest, CA",earthquake,0.12,0.41,0.274,22.0,reviewed,ci,ci
2019-07-04T21:23:15.060Z,35.6955,-117.4891667,2.57,2.81,ml,45.0,40.0,0.111,0.15,ci,ci38444687,2019-10-31T22:35:23.700Z,"11km SW of Searles Valley, CA",earthquake,0.13,0.32,0.123,29.0,reviewed,ci,ci
2019-07-04T21:26:35.000Z,35.6748333,-117.5253333,9.41,2.98,ml,50.0,61.0,0.102,0.15,ci,ci38444719,2019-09-26T14:30:13.040Z,"15km ENE of Ridgecrest, CA",earthquake,0.14,0.4,0.106,34.0,reviewed,ci,ci
2019-07-04T21:32:46.250Z,35.7288333,-117.5656667,7.02,2.65,ml,41.0,57.0,0.0905,0.12,ci,ci38444783,2019-11-01T19:06:53.348Z,"15km WSW of Searles Valley, CA",earthquake,0.12,0.37,0.164,27.0,reviewed,ci,ci
2019-07-04T21:33:34.350Z,35.617,-117.5898333,7.45,3.15,ml,59.0,47.0,0.1084,0.13,ci,ci38444791,2019-09-26T14:30:13.040Z,"8km E of Ridgecrest, CA",earthquake,0.1,0.51,0.18,41.0,reviewed,ci,ci
2019-07-04T21:40:33.420Z,35.6701667,-117.5181667,1.78,3.44,ml,61.0,38.0,0.09512,0.14,ci,ci38444823,2019-09-26T14:30:13.040Z,"15km SW of Searles Valley, CA",earthquake,0.11,0.27,0.152,48.0,reviewed,ci,ci
2019-07-04T21:41:59.890Z,35.7175,-117.5326667,3.12,2.82,ml,37.0,59.0,0.1113,0.13,ci,ci38444847,2019-11-01T22:34:40.040Z,"13km WSW of Searles Valley, CA",earthquake,0.13,0.54,0.172,27.0,reviewed,ci,ci
2019-07-04T21:46:08.500Z,35.5968333,-117.596,4.67,2.6,ml,41.0,38.0,0.1095,0.13,ci,ci37235828,2019-11-04T18:42:28.460Z,"8km ESE of Ridgecrest, CA",earthquake,0.13,0.43,0.175,27.0,reviewed,ci,ci
2019-07-04T21:47:04.370Z,35.6335,-117.606,9.67,3.25,ml,60.0,36.0,0.1262,0.14,ci,ci38444903,2019-09-26T14:30:13.040Z,"6km ENE of Ridgecrest, CA",earthquake,0.11,0.31,0.12,41.0,reviewed,ci,ci
2019-07-04T22:02:35.060Z,35.6768333,-117.5128333,2.88,3.44,ml,68.0,37.0,0.09913,0.14,ci,ci38445015,2019-09-26T14:30:13.040Z,"14km SW of Searles Valley, CA",earthquake,0.11,0.3,0.15,45.0,reviewed,ci,ci
2019-07-04T22:05:03.210Z,35.6571667,-117.5325,8.49,2.78,ml,34.0,60.0,0.09084,0.12,ci,ci38445039,2019-09-26T14:30:14.040Z,"14km ENE of Ridgecrest, CA",earthquake,0.15,0.48,0.133,21.0,reviewed,ci,ci
2019-07-04T22:05:22.270Z,35.7115,-117.477,1.32,3.56,ml,39.0,64.0,0.1253,0.13,ci,ci37225444,2022-06-18T16:48:02.806Z,"9km SW of Searles Valley, CA",earthquake,0.14,0.3,0.146,41.0,reviewed,ci,ci
2019-07-04T22:12:08.490Z,35.7463333,-117.5636667,5.76,4.43,mw,74.0,44.0,0.07452,0.15,ci,ci38445087,2020-02-18T22:37:59.513Z,"15km W of Searles Valley, CA",earthquake,0.1,0.42,,6.0,reviewed,ci,ci
2019-07-04T22:29:06.570Z,35.7038333,-117.4965,9.13,2.6,ml,36.0,71.0,0.1204,0.13,ci,ci38445183,2019-11-06T17:35:42.700Z,"11km SW of Searles Valley, CA",earthquake,0.15,0.47,0.113,26.0,reviewed,ci,ci
2019-07-04T22:30:07.800Z,35.7025,-117.4921667,1.47,2.51,ml,37.0,53.0,0.1183,0.12,ci,ci38445199,2019-11-06T18:22:32.006Z,"11km SW of Searles Valley, CA",earthquake,0.13,0.34,0.152,23.0,reviewed,ci,ci
2019-07-04T22:42:21.780Z,35.7221667,-117.5235,4.41,3.23,ml,61.0,37.0,0.1111,0.14,ci,ci38445295,2019-09-26T14:30:14.040Z,"12km WSW of Searles Valley, CA",earthquake,0.1,0.38,0.132,49.0,reviewed,ci,ci
2019-07-04T23:07:10.710Z,35.7041667,-117.4866667,1.51,2.57,ml,39.0,53.0,0.1191,0.11,ci,ci38445463,2019-11-08T15:43:30.380Z,"10km SW of Searles Valley, CA",earthquake,0.11,0.29,0.155,23.0,reviewed,ci,ci
2019-07-04T23:12:40.400Z,35.6731667,-117.4713333,9.01,3.53,ml,50.0,38.0,0.0868,0.14,ci,ci38445495,2022-06-19T00:28:53.911Z,"12km SSW of Searles Valley, CA",earthquake,0.13,0.35,0.147,39.0,reviewed,ci,ci
2019-07-04T23:13:05.010Z,35.7461667,-117.5775,4.4,3.04,ml,28.0,66.0,0.07131,0.13,ci,ci38445503,2019-09-26T14:30:14.040Z,"16km W of Searles Valley, CA",earthquake,0.15,0.41,0.098,24.0,reviewed,ci,ci
2019-07-04T23:34:00.630Z,35.6623333,-117.5245,2.61,3.82,ml,30.0,45.0,0.09111,0.14,ci,ci37420973,2019-09-26T14:31:03.040Z,"14km ENE of Ridgecrest, CA",earthquake,0.24,0.58,0.203,7.0,reviewed,ci,ci
2019-07-04T23:34:02.380Z,35.6011667,-117.6106667,4.75,4.04,mw,52.0,54.0,0.1219,0.24,ci,ci38445703,2020-05-21T01:06:51.063Z,"6km ESE of Ridgecrest, CA",earthquake,0.23,0.84,,4.0,reviewed,ci,ci
2019-07-04T23:42:33.830Z,35.7478333,-117.5678333,4.36,3.72,mw,55.0,44.0,0.07193,0.15,ci,ci38445751,2019-09-26T14:30:14.040Z,"15km W of Searles Valley, CA",earthquake,0.13,0.39,,6.0,reviewed,ci,ci
2019-07-04T23:54:36.390Z,35.656,-117.5233333,1.71,3.39,ml,57.0,54.0,0.08538,0.12,ci,ci38445839,2019-09-26T14:30:14.040Z,"14km ENE of Ridgecrest, CA",earthquake,0.1,0.25,0.14,39.0,reviewed,ci,ci
2019-07-05T00:14:05.750Z,35.646,-117.5431667,1.57,2.79,ml,43.0,53.0,0.08875,0.12,ci,ci38445935,2019-11-18T17:35:14.450Z,"12km ENE of Ridgecrest, CA",earthquake,0.1,0.23,0.14,27.0,reviewed,ci,ci
2019-07-05T00:18:01.410Z,35.7718333,-117.6178333,2.59,4.04,mw,67.0,43.0,0.04682,0.14,ci,ci38445975,2019-09-26T14:30:14.040Z,"18km NNE of Ridgecrest, CA",earthquake,0.1,0.24,,6.0,reviewed,ci,ci
2019-07-05T00:28:48.990Z,35.719,-117.5465,6.64,2.8,ml,42.0,59.0,0.1051,0.16,ci,ci38446031,2019-11-18T23:40:28.808Z,"14km WSW of Searles Valley, CA",earthquake,0.14,0.53,0.106,27.0,reviewed,ci,ci
2019-07-05T00:32:06.670Z,35.7033333,-117.4828333,1.0,4.02,mw,68.0,23.0,0.1178,0.14,ci,ci38446071,2020-05-21T01:07:37.714Z,"10km SW of Searles Valley, CA",earthquake,0.1,0.24,,6.0,reviewed,ci,ci
2019-07-05T00:33:19.630Z,35.7431667,-117.5603333,5.71,2.59,ml,26.0,87.0,0.07847,0.12,ci,ci38446079,2019-11-19T16:45:14.042Z,"14km W of Searles Valley, CA",earthquake,0.16,0.63,0.139,13.0,reviewed,ci,ci
2019-07-05T00:45:39.460Z,35.6946667,-117.5083333,6.22,3.85,mw,79.0,22.0,0.1143,0.14,ci,ci38446159,2019-09-26T14:30:15.040Z,"12km SW of Searles Valley, CA",earthquake,0.09,0.36,,5.0,reviewed,ci,ci
2019-07-05T00:49:40.920Z,35.7096667,-117.4786667,1.91,2.52,ml,35.0,64.0,0.1236,0.17,ci,ci38446175,2019-07-05T18:13:25.820Z,"9km SW of Searles Valley, CA",earthquake,0.19,0.41,0.187,97.0,reviewed,ci,ci
2019-07-05T01:08:53.450Z,35.7245,-117.548,1.89,3.11,ml,53.0,35.0,0.09955,0.14,ci,ci38446343,2019-09-26T14:30:15.040Z,"14km WSW of Searles Valley, CA",earthquake,0.11,0.24,0.144,51.0,reviewed,ci,ci
2019-07-05T01:18:13.420Z,35.6583333,-117.5228333,1.85,3.21,ml,67.0,40.0,0.08705,0.12,ci,ci38446391,2019-09-26T14:30:15.040Z,"14km ENE of Ridgecrest, CA",earthquake,0.08,0.2,0.124,50.0,reviewed,ci,ci
2019-07-05T01:58:07.290Z,35.7136667,-117.4693333,1.5,2.73,ml,41.0,42.0,0.127,0.13,ci,ci38446615,2019-11-26T16:46:57.180Z,"8km SW of Searles Valley, CA",earthquake,0.13,0.31,0.13,27.0,reviewed,ci,ci
2019-07-05T02:01:41.150Z,35.7741667,-117.6165,2.84,3.25,ml,48.0,53.0,0.04426,0.13,ci,ci38446639,2019-09-26T14:30:15.040Z,"18km NNE of Ridgecrest, CA",earthquake,0.12,0.29,0.147,25.0,reviewed,ci,ci
2019-07-05T02:01:59.010Z,35.6401667,-117.5461667,11.3,3.98,mw,71.0,37.0,0.08688,0.17,ci,ci38446647,2019-09-26T14:30:15.040Z,"12km E of Ridgecrest, CA",earthquake,0.13,0.39,,6.0,reviewed,ci,ci
2019-07-05T02:05:19.180Z,35.6555,-117.5226667,1.93,3.4,ml,53.0,44.0,0.08466,0.14,ci,ci38446671,2019-09-26T14:30:15.040Z,"14km ENE of Ridgecrest, CA",earthquake,0.12,0.35,0.125,34.0,reviewed,ci,ci
2019-07-05T02:13:51.870Z,35.6398333,-117.552,10.94,2.63,ml,43.0,53.0,0.09048,0.13,ci,ci38446767,2019-11-26T23:44:01.970Z,"11km E of Ridgecrest, CA",earthquake,0.12,0.26,0.161,28.0,reviewed,ci,ci
2019-07-05T02:19:41.890Z,35.7726667,-117.619,2.83,3.26,ml,52.0,59.0,0.0464,0.15,ci,ci38446807,2019-09-26T14:30:15.040Z,"18km NNE of Ridgecrest, CA",earthquake,0.12,0.26,0.139,33.0,reviewed,ci,ci
2019-07-05T02:23:55.740Z,35.7143333,-117.4765,2.11,2.75,ml,37.0,64.0,0.1281,0.12,ci,ci38446831,2019-11-27T19:07:17.030Z,"9km SW of Searles Valley, CA",earthquake,0.13,0.31,0.105,27.0,reviewed,ci,ci
2019-07-05T02:59:49.900Z,35.6576667,-117.5225,1.55,2.81,ml,40.0,62.0,0.08635,0.15,ci,ci38447047,2019-12-03T18:08:14.250Z,"14km ENE of Ridgecrest, CA",earthquake,0.14,0.35,0.152,27.0,reviewed,ci,ci
2019-07-05T03:01:13.280Z,35.7456667,-117.567,6.82,2.76,ml,40.0,57.0,0.07419,0.14,ci,ci38447055,2019-12-03T18:19:21.730Z,"15km W of Searles Valley, CA",earthquake,0.13,0.42,0.184,27.0,reviewed,ci,ci
2019-07-05T03:15:18.700Z,35.6298333,-117.5661667,4.66,3.24,ml,74.0,36.0,0.09511,0.13,ci,ci38447143,2019-09-26T14:30:16.040Z,"10km E of Ridgecrest, CA",earthquake,0.08,0.28,0.146,48.0,reviewed,ci,ci
2019-07-05T03:19:53.570Z,35.655,-117.5221667,1.51,3.41,ml,56.0,54.0,0.08402,0.12,ci,ci38447191,2019-09-26T14:30:16.040Z,"14km ENE of Ridgecrest, CA",earthquake,0.1,0.21,0.165,35.0,reviewed,ci,ci
2019-07-05T03:21:33.020Z,35.7751667,-117.6148333,2.55,2.56,ml,38.0,59.0,0.04287,0.15,ci,ci38447207,2019-12-05T21:16:16.920Z,"18km NNE of Ridgecrest, CA",earthquake,0.15,0.28,0.123,26.0,reviewed,ci,ci
2019-07-05T03:25:20.630Z,35.69,-117.5098333,6.52,2.55,ml,39.0,61.0,0.1103,0.14,ci,ci38447231,2019-12-05T23:38:46.120Z,"13km SW of Searles Valley, CA",earthquake,0.15,0.5,0.098,26.0,reviewed,ci,ci
2019-07-05T03:46:12.700Z,35.6986667,-117.4845,1.48,2.58,ml,38.0,64.0,0.1134,0.11,ci,ci38447383,2019-12-16T22:59:47.380Z,"11km SW of Searles Valley, CA",earthquake,0.11,0.31,0.104,24.0,reviewed,ci,ci
2019-07-05T03:46:54.410Z,35.6811667,-117.5013333,1.39,3.14,ml,48.0,63.0,0.09969,0.14,ci,ci38447391,2019-09-26T14:30:16.040Z,"13km SW of Searles Valley, CA",earthquake,0.14,0.31,0.13,44.0,reviewed,ci,ci
2019-07-05T03:47:07.630Z,35.7738333,-117.6211667,2.38,2.72,ml,34.0,59.0,0.04603,0.2,ci,ci37243404,2019-12-17T15:27:05.107Z,"18km NNE of Ridgecrest, CA",earthquake,0.21,0.3,0.078,15.0,reviewed,ci,ci
2019-07-05T03:50:13.890Z,35.711,-117.4726667,0.71,2.52,ml,36.0,64.0,0.1245,0.14,ci,ci38447407,2019-12-17T16:47:53.860Z,"9km SW of Searles Valley, CA",earthquake,0.16,0.35,0.124,24.0,reviewed,ci,ci
2019-07-05T04:11:38.570Z,35.722,-117.5545,2.02,3.53,mw,71.0,36.0,0.09986,0.15,ci,ci38447591,2019-09-26T14:30:16.040Z,"14km WSW of Searles Valley, CA",earthquake,0.1,0.21,,4.0,reviewed,ci,ci
2019-07-05T04:13:01.140Z,35.6788333,-117.5493333,7.09,2.62,ml,41.0,59.0,0.1163,0.13,ci,ci38447599,2019-12-18T16:35:25.270Z,"13km ENE of Ridgecrest, CA",earthquake,0.11,0.38,0.078,24.0,reviewed,ci,ci
2019-07-05T04:14:45.300Z,35.6993333,-117.481,1.16,3.56,ml,62.0,23.0,0.1136,0.15,ci,ci38447623,2019-09-26T14:30:16.040Z,"10km SW of Searles Valley, CA",earthquake,0.11,0.22,0.104,38.0,reviewed,ci,ci
2019-07-05T04:15:29.950Z,35.6325,-117.5611667,11.57,2.5,ml,28.0,112.0,0.09279,0.21,ci,ci37243828,2019-12-18T18:01:18.919Z,"10km E of Ridgecrest, CA",earthquake,0.27,0.83,0.143,18.0,reviewed,ci,ci
2019-07-05T04:33:04.900Z,35.658,-117.5233333,2.54,2.61,ml,36.0,62.0,0.08701,0.15,ci,ci38447727,2019-12-19T19:09:17.750Z,"14km ENE of Ridgecrest, CA",earthquake,0.15,0.35,0.143,26.0,reviewed,ci,ci
2019-07-05T04:56:05.280Z,35.656,-117.5456667,7.99,2.56,ml,37.0,60.0,0.09713,0.13,ci,ci38447911,2019-12-23T15:58:58.490Z,"12km ENE of Ridgecrest, CA",earthquake,0.13,0.58,0.16,27.0,reviewed,ci,ci
2019-07-05T05:01:39.750Z,35.5716667,-117.6185,4.82,2.61,ml,39.0,35.0,0.1056,0.13,ci,ci38447927,2019-12-23T19:21:46.250Z,"8km SE of Ridgecrest, CA",earthquake,0.12,0.43,0.139,25.0,reviewed,ci,ci
2019-07-05T05:10:37.400Z,35.7058333,-117.4781667,2.42,3.2,ml,57.0,37.0,0.1198,0.15,ci,ci38447999,2019-09-26T14:30:16.040Z,"10km SW of Searles Valley, CA",earthquake,0.11,0.36,0.151,38.0,reviewed,ci,ci
2019-07-05T05:18:25.380Z,35.769,-117.614,2.55,3.45,mw,59.0,43.0,0.04853,0.15,ci,ci38448031,2019-09-26T14:30:16.040Z,"17km NNE of Ridgecrest, CA",earthquake,0.1,0.23,,4.0,reviewed,ci,ci
2019-07-05T05:29:16.000Z,35.646,-117.5845,12.55,2.62,ml,27.0,76.0,0.116,0.22,ci,ci38448071,2019-12-24T22:18:24.950Z,"9km ENE of Ridgecrest, CA",earthquake,0.27,0.85,0.229,5.0,reviewed,ci,ci
2019-07-05T05:29:17.480Z,35.7505,-117.535,8.88,2.67,ml,28.0,71.0,0.08259,0.18,ci,ci37247972,2019-12-24T22:17:28.533Z,"12km W of Searles Valley, CA",earthquake,0.25,0.66,0.201,13.0,reviewed,ci,ci
2019-07-05T05:40:12.150Z,35.677,-117.5118333,2.0,2.81,ml,46.0,62.0,0.09894,0.13,ci,ci38448143,2020-01-09T17:17:52.530Z,"14km SW of Searles Valley, CA",earthquake,0.12,0.33,0.145,26.0,reviewed,ci,ci
2019-07-05T05:52:38.100Z,35.7036667,-117.4831667,1.01,2.52,ml,38.0,63.0,0.1182,0.14,ci,ci38448183,2020-01-09T22:15:46.797Z,"10km SW of Searles Valley, CA",earthquake,0.14,0.31,0.13,26.0,reviewed,ci,ci
2019-07-05T06:09:23.110Z,35.6228333,-117.5716667,7.25,3.65,mw,70.0,37.0,0.09629,0.13,ci,ci38448295,2022-06-16T17:43:21.240Z,"9km E of Ridgecrest, CA",earthquake,0.09,0.42,,6.0,reviewed,ci,ci
2019-07-05T06:40:42.650Z,35.701,-117.5081667,6.63,3.22,ml,56.0,35.0,0.1202,0.13,ci,ci38448487,2019-09-26T14:30:17.040Z,"12km SW of Searles Valley, CA",earthquake,0.11,0.36,0.165,46.0,reviewed,ci,ci
2019-07-05T06:59:00.820Z,35.7196667,-117.5411667,4.4,2.63,ml,43.0,59.0,0.1063,0.14,ci,ci38448591,2020-01-14T21:08:59.110Z,"14km WSW of Searles Valley, CA",earthquake,0.12,0.46,0.113,28.0,reviewed,ci,ci
2019-07-05T06:59:33.610Z,35.6701667,-117.4856667,6.74,2.58,ml,37.0,64.0,0.08565,0.15,ci,ci38448599,2020-01-14T21:26:15.908Z,"13km SW of Searles Valley, CA",earthquake,0.16,0.49,0.204,28.0,reviewed,ci,ci
2019-07-05T07:02:22.360Z,35.7253333,-117.5646667,2.67,3.23,ml,57.0,70.0,0.09408,0.15,ci,ci38448631,2019-09-26T14:30:17.040Z,"15km WSW of Searles Valley, CA",earthquake,0.12,0.33,0.152,38.0,reviewed,ci,ci
2019-07-05T07:27:37.110Z,35.7503333,-117.5631667,6.89,3.72,mw,72.0,44.0,0.07099,0.16,ci,ci38448791,2019-09-26T14:30:17.040Z,"14km W of Searles Valley, CA",earthquake,0.1,0.3,,4.0,reviewed,ci,ci
2019-07-05T07:39:13.480Z,35.688,-117.4785,10.6,3.46,mlr,74.0,23.0,0.1021,0.14,ci,ci38448863,2019-09-26T14:30:17.040Z,"11km SW of Searles Valley, CA",earthquake,0.11,0.23,0.257,18.0,reviewed,ci,ci
2019-07-05T08:00:43.320Z,35.7498333,-117.5626667,6.83,2.9,ml,50.0,57.0,0.07161,0.12,ci,ci38449015,2020-01-21T22:04:56.750Z,"14km W of Searles Valley, CA",earthquake,0.1,0.31,0.161,26.0,reviewed,ci,ci
2019-07-05T08:21:04.780Z,35.6023333,-117.6041667,4.46,3.47,ml,66.0,31.0,0.1168,0.14,ci,ci38449191,2019-09-26T14:30:17.040Z,"7km ESE of Ridgecrest, CA",earthquake,0.1,0.37,0.154,46.0,reviewed,ci,ci
2019-07-05T08:46:49.710Z,35.6921667,-117.4888333,9.23,2.99,ml,66.0,23.0,0.1076,0.14,ci,ci38449335,2019-09-26T14:30:17.040Z,"11km SW of Searles Valley, CA",earthquake,0.1,0.32,0.162,39.0,reviewed,ci,ci
2019-07-05T08:54:02.480Z,35.704,-117.502,8.66,3.48,ml,72.0,23.0,0.1216,0.16,ci,ci38449351,2022-06-16T17:43:42.722Z,"11km SW of Searles Valley, CA",earthquake,0.11,0.34,0.165,38.0,reviewed,ci,ci
2019-07-05T09:11:20.610Z,35.6663333,-117.5276667,6.61,2.9,ml,36.0,61.0,0.09587,0.2,ci,ci38449503,2019-07-05T18:01:47.988Z,"14km ENE of Ridgecrest, CA",earthquake,0.2,0.68,0.164,209.0,reviewed,ci,ci
2019-07-05T09:46:29.080Z,35.6496667,-117.5481667,2.3,3.62,ml,72.0,52.0,0.09423,0.13,ci,ci38449719,2019-09-26T14:30:17.040Z,"12km ENE of Ridgecrest, CA",earthquake,0.08,0.24,0.206,46.0,reviewed,ci,ci
2019-07-05T10:16:34.490Z,35.6636667,-117.5026667,6.92,3.1,ml,62.0,38.0,0.08376,0.13,ci,ci38449919,2019-09-26T14:30:18.040Z,"15km SW of Searles Valley, CA",earthquake,0.1,0.31,0.137,38.0,reviewed,ci,ci
2019-07-05T10:27:17.700Z,35.7245,-117.536,6.55,2.53,ml,39.0,60.0,0.1039,0.13,ci,ci38449999,2020-01-30T21:54:15.730Z,"13km WSW of Searles Valley, CA",earthquake,0.12,0.45,0.141,27.0,reviewed,ci,ci
2019-07-05T10:33:17.450Z,35.723,-117.5273333,4.32,2.71,ml,38.0,76.0,0.1087,0.16,ci,ci38450047,2020-01-30T23:22:52.970Z,"12km WSW of Searles Valley, CA",earthquake,0.18,0.53,0.108,26.0,reviewed,ci,ci
2019-07-05T10:57:26.570Z,35.7433333,-117.5493333,10.81,2.89,ml,31.0,58.0,0.08219,0.14,ci,ci38450215,2020-01-31T21:51:18.220Z,"13km WSW of Searles Valley, CA",earthquake,0.22,0.42,0.132,25.0,reviewed,ci,ci
2019-07-05T10:59:38.920Z,35.602,-117.5901667,2.82,3.54,mw,77.0,24.0,0.1054,0.14,ci,ci38450223,2019-09-26T14:30:18.040Z,"8km ESE of Ridgecrest, CA",earthquake,0.09,0.27,,6.0,reviewed,ci,ci
2019-07-05T11:07:53.040Z,35.7603333,-117.575,6.95,5.37,mw,79.0,43.0,0.05824,0.2,ci,ci38450263,2025-12-22T18:12:44.702Z,"16km W of Searles Valley, CA",earthquake,0.13,0.36,,6.0,reviewed,ci,ci
2019-07-05T11:08:40.190Z,35.7575,-117.5715,7.02,3.75,mlr,24.0,74.0,0.06184,0.11,ci,ci37260284,2020-02-19T19:45:13.183Z,"15km W of Searles Valley, CA",earthquake,0.19,0.4,0.13,13.0,reviewed,ci,ci
2019-07-05T11:10:09.340Z,35.755,-117.5836667,7.0,3.03,ml,28.0,65.0,0.06165,0.14,ci,ci38450271,2019-09-26T14:30:18.040Z,"16km W of Searles Valley, CA",earthquake,0.19,0.41,0.128,15.0,reviewed,ci,ci
2019-07-05T11:11:31.810Z,35.7495,-117.572,5.01,2.84,ml,35.0,67.0,0.06928,0.13,ci,ci38450279,2019-09-26T14:30:19.040Z,"15km W of Searles Valley, CA",earthquake,0.15,0.39,0.125,24.0,reviewed,ci,ci
2019-07-05T11:12:19.080Z,35.7496667,-117.5686667,3.88,2.71,ml,37.0,48.0,0.06998,0.14,ci,ci38450287,2020-01-31T23:28:07.374Z,"15km W of Searles Valley, CA",earthquake,0.14,0.46,0.111,22.0,reviewed,ci,ci
2019-07-05T11:17:19.560Z,35.7788333,-117.5665,7.12,2.52,ml,37.0,56.0,0.04463,0.13,ci,ci38450295,2020-02-03T15:40:45.590Z,"15km W of Searles Valley, CA",earthquake,0.13,0.34,0.131,26.0,reviewed,ci,ci
2019-07-05T11:20:24.900Z,35.7586667,-117.5743333,7.66,2.59,ml,39.0,55.0,0.05999,0.15,ci,ci38450319,2020-02-03T16:45:07.740Z,"15km W of Searles Valley, CA",earthquake,0.15,0.54,0.104,25.0,reviewed,ci,ci
2019-07-05T11:25:08.720Z,35.6441667,-117.5881667,8.87,2.58,ml,42.0,56.0,0.1177,0.16,ci,ci38450367,2020-02-03T18:58:31.999Z,"8km ENE of Ridgecrest, CA",earthquake,0.14,0.47,0.16,24.0,reviewed,ci,ci
2019-07-05T11:29:14.850Z,35.7723333,-117.57,7.3,3.03,ml,55.0,44.0,0.04875,0.13,ci,ci38450415,2019-09-26T14:30:19.040Z,"15km W of Searles Valley, CA",earthquake,0.11,0.4,0.135,34.0,reviewed,ci,ci
2019-07-05T11:29:21.530Z,35.7666667,-117.5458333,4.29,2.64,ml,25.0,87.0,0.06452,0.28,ci,ci37256244,2020-02-03T21:22:00.957Z,"13km W of Searles Valley, CA",earthquake,0.39,0.72,0.081,9.0,reviewed,ci,ci
2019-07-05T11:29:34.080Z,35.7025,-117.4823333,1.55,2.8,ml,51.0,53.0,0.1169,0.19,ci,ci37256252,2020-02-03T22:03:29.364Z,"10km SW of Searles Valley, CA",earthquake,0.16,0.35,0.141,28.0,reviewed,ci,ci
2019-07-05T11:31:31.370Z,35.7583333,-117.581,6.91,2.58,ml,45.0,55.0,0.05884,0.15,ci,ci38450447,2020-02-03T23:04:56.110Z,"16km W of Searles Valley, CA",earthquake,0.13,0.36,0.125,24.0,reviewed,ci,ci
2019-07-05T11:36:03.920Z,35.7631667,-117.5838333,7.91,3.19,ml,34.0,55.0,0.05363,0.19,ci,ci38450511,2019-09-26T14:30:19.040Z,"16km W of Searles Valley, CA",earthquake,0.2,0.67,0.123,277.0,reviewed,ci,ci
2019-07-05T11:51:50.760Z,35.603,-117.6043333,4.37,2.64,ml,41.0,40.0,0.117,0.13,ci,ci38450631,2020-02-04T23:38:55.680Z,"7km ESE of Ridgecrest, CA",earthquake,0.11,0.43,0.184,21.0,reviewed,ci,ci
2019-07-05T11:58:49.200Z,35.6478333,-117.5836667,7.48,2.9,ml,33.0,57.0,0.1164,0.12,ci,ci38450663,2020-04-08T23:03:49.580Z,"9km ENE of Ridgecrest, CA",earthquake,0.14,0.81,0.099,25.0,reviewed,ci,ci
2019-07-05T12:05:10.330Z,35.7526667,-117.581,6.61,2.55,ml,43.0,56.0,0.06435,0.13,ci,ci38450735,2020-02-05T19:22:06.570Z,"16km W of Searles Valley, CA",earthquake,0.11,0.38,0.119,26.0,reviewed,ci,ci
2019-07-05T12:23:57.920Z,35.7238333,-117.5303333,2.98,3.35,ml,66.0,37.0,0.1067,0.15,ci,ci38450935,2019-09-26T14:30:19.040Z,"12km WSW of Searles Valley, CA",earthquake,0.09,0.43,0.123,36.0,reviewed,ci,ci
2019-07-05T12:25:18.720Z,35.7455,-117.5656667,3.18,2.5,ml,43.0,57.0,0.07472,0.14,ci,ci38450943,2020-02-06T23:44:54.918Z,"15km W of Searles Valley, CA",earthquake,0.12,0.35,0.126,25.0,reviewed,ci,ci
2019-07-05T12:37:18.140Z,35.7185,-117.5506667,1.64,2.86,ml,32.0,73.0,0.1042,0.18,ci,ci38451063,2020-04-08T23:15:58.650Z,"14km WSW of Searles Valley, CA",earthquake,0.21,0.43,0.117,24.0,reviewed,ci,ci
2019-07-05T12:38:30.020Z,35.7716667,-117.5706667,6.82,4.09,mw,73.0,44.0,0.0491,0.14,ci,ci38451079,2019-11-15T17:04:55.384Z,"15km W of Searles Valley, CA",earthquake,0.12,0.34,,6.0,reviewed,ci,ci
2019-07-05T12:39:06.080Z,35.6728333,-117.5208333,4.58,3.11,ml,27.0,79.0,0.0985,0.18,ci,ci37260292,2020-02-19T20:36:55.293Z,"15km SW of Searles Valley, CA",earthquake,0.23,0.63,0.111,14.0,reviewed,ci,ci
2019-07-05T12:50:00.450Z,35.7576667,-117.5716667,4.47,2.59,ml,44.0,56.0,0.06164,0.17,ci,ci38451175,2020-02-10T19:55:01.210Z,"15km W of Searles Valley, CA",earthquake,0.14,0.38,0.142,29.0,reviewed,ci,ci
2019-07-05T12:55:04.830Z,35.7515,-117.5643333,7.35,3.65,mw,70.0,44.0,0.06955,0.15,ci,ci38451239,2020-06-04T03:27:09.140Z,"15km W of Searles Valley, CA",earthquake,0.1,0.39,,4.0,reviewed,ci,ci
2019-07-05T13:12:23.370Z,35.762,-117.566,6.64,2.75,ml,44.0,56.0,0.05943,0.13,ci,ci38451383,2020-02-11T22:20:02.490Z,"15km W of Searles Valley, CA",earthquake,0.11,0.34,0.127,24.0,reviewed,ci,ci
2019-07-05T13:41:03.010Z,35.7055,-117.5113333,6.91,2.74,ml,47.0,61.0,0.1253,0.12,ci,ci38451623,2020-02-13T23:45:40.570Z,"12km SW of Searles Valley, CA",earthquake,0.11,0.36,0.149,25.0,reviewed,ci,ci
2019-07-05T13:47:33.490Z,35.7468333,-117.5666667,3.52,2.61,ml,46.0,57.0,0.07319,0.12,ci,ci38451671,2020-02-14T18:16:53.450Z,"15km W of Searles Valley, CA",earthquake,0.11,0.36,0.146,23.0,reviewed,ci,ci
2019-07-05T13:55:41.040Z,35.7131667,-117.5106667,10.56,2.62,ml,38.0,61.0,0.1244,0.14,ci,ci37259684,2020-02-14T22:58:35.747Z,"11km WSW of Searles Valley, CA",earthquake,0.14,0.31,0.152,26.0,reviewed,ci,ci
2019-07-05T14:01:47.650Z,35.7941667,-117.6151667,3.98,2.55,ml,52.0,52.0,0.02587,0.14,ci,ci38451775,2020-02-18T18:31:53.830Z,"19km W of Searles Valley, CA",earthquake,0.1,0.26,0.134,27.0,reviewed,ci,ci
2019-07-05T14:39:33.450Z,35.7421667,-117.5666667,2.89,3.94,mw,70.0,44.0,0.07758,0.15,ci,ci38452095,2019-09-26T14:30:20.040Z,"15km W of Searles Valley, CA",earthquake,0.1,0.26,,6.0,reviewed,ci,ci
2019-07-05T14:40:29.910Z,35.568,-117.618,3.95,2.76,ml,35.0,52.0,0.1026,0.18,ci,ci38452103,2019-09-05T18:37:29.406Z,"8km SE of Ridgecrest, CA",earthquake,0.17,0.57,0.158,19.0,reviewed,ci,ci
2019-07-05T15:00:09.290Z,35.6816667,-117.595,1.25,2.78,ml,41.0,56.0,0.127,0.14,ci,ci38452247,2020-02-25T16:48:24.950Z,"10km NE of Ridgecrest, CA",earthquake,0.12,0.27,0.123,26.0,reviewed,ci,ci
2019-07-05T15:03:37.600Z,35.664,-117.5273333,2.93,2.76,ml,60.0,53.0,0.09379,0.14,ci,ci38452271,2020-02-25T18:22:02.630Z,"14km ENE of Ridgecrest, CA",earthquake,0.09,0.25,0.125,24.0,reviewed,ci,ci
2019-07-05T15:12:17.950Z,35.7436667,-117.5598333,2.57,2.53,ml,46.0,57.0,0.07817,0.14,ci,ci38452367,2020-02-26T15:48:12.600Z,"14km W of Searles Valley, CA",earthquake,0.12,0.31,0.137,24.0,reviewed,ci,ci
2019-07-05T15:19:03.780Z,35.7215,-117.5498333,1.55,2.55,ml,42.0,58.0,0.1017,0.16,ci,ci38452431,2020-02-26T19:57:39.477Z,"14km WSW of Searles Valley, CA",earthquake,0.14,0.37,0.115,26.0,reviewed,ci,ci
2019-07-05T15:46:03.860Z,35.6995,-117.4841667,1.41,3.0,ml,65.0,23.0,0.1142,0.13,ci,ci38452607,2024-12-10T02:40:28.967Z,"10km SW of Searles Valley, CA",earthquake,0.09,0.22,0.128,53.0,reviewed,ci,ci
2019-07-05T17:02:36.510Z,35.6175,-117.5796667,10.83,3.84,mw,81.0,33.0,0.1006,0.15,ci,ci38453279,2019-09-26T14:30:21.040Z,"9km E of Ridgecrest, CA",earthquake,0.09,0.21,,4.0,reviewed,ci,ci
2019-07-05T17:57:12.500Z,35.7176667,-117.4728333,1.78,2.52,ml,44.0,53.0,0.1312,0.14,ci,ci38453711,2020-03-11T21:16:30.450Z,"8km SW of Searles Valley, CA",earthquake,0.13,0.28,0.175,26.0,reviewed,ci,ci
2019-07-05T17:59:56.230Z,35.793,-117.615,4.01,3.41,ml,62.0,42.0,0.02678,0.14,ci,ci38453719,2019-09-26T14:30:21.040Z,"19km W of Searles Valley, CA",earthquake,0.1,0.22,0.134,32.0,reviewed,ci,ci
2019-07-05T18:09:52.600Z,35.6698333,-117.5236667,2.78,2.7,ml,43.0,53.0,0.09707,0.14,ci,ci38453815,2020-03-12T17:32:40.050Z,"15km ENE of Ridgecrest, CA",earthquake,0.13,0.34,0.145,25.0,reviewed,ci,ci
2019-07-05T18:40:30.990Z,35.7278333,-117.5606667,3.93,2.62,ml,39.0,58.0,0.09269,0.14,ci,ci38454007,2020-03-13T23:12:25.400Z,"15km WSW of Searles Valley, CA",earthquake,0.13,0.46,0.158,24.0,reviewed,ci,ci
2019-07-05T19:59:36.980Z,35.7411667,-117.5643333,3.08,2.76,ml,64.0,44.0,0.07915,0.14,ci,ci38454567,2020-03-23T22:59:26.580Z,"15km WSW of Searles Valley, CA",earthquake,0.09,0.22,0.146,26.0,reviewed,ci,ci
2019-07-05T20:51:18.710Z,35.6681667,-117.5163333,4.68,2.74,ml,46.0,54.0,0.09266,0.12,ci,ci38454919,2020-03-27T19:48:22.770Z,"15km SW of Searles Valley, CA",earthquake,0.11,0.41,0.127,25.0,reviewed,ci,ci
2019-07-05T20:51:38.360Z,35.6696667,-117.515,2.7,2.64,ml,30.0,63.0,0.09347,0.17,ci,ci38454927,2019-07-05T23:02:15.266Z,"15km SW of Searles Valley, CA",earthquake,0.19,0.46,0.144,147.0,reviewed,ci,ci
2019-07-05T21:13:37.620Z,35.745,-117.5506667,7.08,2.84,ml,54.0,44.0,0.08021,0.15,ci,ci38455103,2020-03-31T19:20:22.680Z,"14km W of Searles Valley, CA",earthquake,0.11,0.33,0.163,24.0,reviewed,ci,ci
2019-07-05T21:17:31.160Z,35.7178333,-117.525,5.05,2.84,ml,46.0,61.0,0.1141,0.13,ci,ci38455135,2020-03-31T22:01:34.810Z,"12km WSW of Searles Valley, CA",earthquake,0.12,0.46,0.149,25.0,reviewed,ci,ci
2019-07-05T21:30:26.070Z,35.6118333,-117.5913333,6.93,2.75,ml,44.0,45.0,0.1082,0.12,ci,ci38455199,2020-04-01T19:04:45.470Z,"8km E of Ridgecrest, CA",earthquake,0.11,0.39,0.269,26.0,reviewed,ci,ci
2019-07-05T22:05:12.050Z,35.7646667,-117.5803333,7.51,2.78,ml,47.0,55.0,0.05284,0.13,ci,ci38455447,2020-04-03T23:29:25.014Z,"16km W of Searles Valley, CA",earthquake,0.12,0.36,0.169,26.0,reviewed,ci,ci
2019-07-05T22:07:28.320Z,35.6853333,-117.4981667,7.13,2.78,ml,47.0,39.0,0.1029,0.12,ci,ci38455463,2020-04-06T15:41:55.420Z,"12km SW of Searles Valley, CA",earthquake,0.11,0.37,0.134,25.0,reviewed,ci,ci
2019-07-05T22:10:22.660Z,35.7375,-117.5455,6.61,2.54,ml,38.0,58.0,0.08879,0.13,ci,ci38455487,2020-04-06T17:53:56.677Z,"13km WSW of Searles Valley, CA",earthquake,0.12,0.4,0.169,24.0,reviewed,ci,ci
2019-07-05T22:38:23.380Z,35.7755,-117.6036667,2.5,3.07,ml,54.0,42.0,0.04046,0.14,ci,ci38455679,2019-09-26T14:30:22.040Z,"18km W of Searles Valley, CA",earthquake,0.11,0.27,0.096,31.0,reviewed,ci,ci
2019-07-05T23:07:31.430Z,35.7985,-117.6095,4.65,2.66,ml,45.0,52.0,0.01977,0.11,ci,ci38455903,2020-04-16T21:33:54.690Z,"19km W of Searles Valley, CA",earthquake,0.1,0.2,0.13,25.0,reviewed,ci,ci
2019-07-06T00:10:59.270Z,35.765,-117.5668333,6.41,2.58,ml,37.0,56.0,0.05644,0.12,ci,ci38456327,2021-10-13T00:06:16.240Z,"15km W of Searles Valley, CA",earthquake,0.14,0.45,0.129,25.0,reviewed,ci,ci
2019-07-06T00:13:02.720Z,35.7281667,-117.5618333,3.13,3.5,ml,57.0,44.0,0.09208,0.21,ci,ci38456351,2022-06-19T00:29:18.255Z,"15km WSW of Searles Valley, CA",earthquake,0.15,0.63,0.17,38.0,reviewed,ci,ci
2019-07-06T00:13:52.470Z,35.7466667,-117.5451667,10.54,2.71,ml,34.0,71.0,0.08101,0.15,ci,ci38456359,2021-10-13T22:54:43.240Z,"13km W of Searles Valley, CA",earthquake,0.17,0.39,0.128,16.0,reviewed,ci,ci
2019-07-06T00:14:41.710Z,35.771,-117.6001667,2.62,2.76,ml,38.0,54.0,0.0447,0.15,ci,ci38456367,2021-10-13T21:47:12.080Z,"18km W of Searles Valley, CA",earthquake,0.14,0.32,0.18,23.0,reviewed,ci,ci
2019-07-06T00:15:39.130Z,35.773,-117.5983333,2.81,2.93,ml,51.0,43.0,0.04265,0.14,ci,ci38456375,2019-09-26T14:30:23.040Z,"18km W of Searles Valley, CA",earthquake,0.12,0.27,0.124,38.0,reviewed,ci,ci
2019-07-06T00:18:57.790Z,35.7703333,-117.6176667,3.13,2.66,ml,40.0,52.0,0.04818,0.15,ci,ci38456391,2021-10-19T16:48:23.930Z,"17km NNE of Ridgecrest, CA",earthquake,0.14,0.32,0.157,24.0,reviewed,ci,ci
2019-07-06T00:20:07.140Z,35.7431667,-117.548,9.88,2.94,ml,41.0,58.0,0.08286,0.15,ci,ci38456407,2019-09-06T16:50:57.990Z,"13km WSW of Searles Valley, CA",earthquake,0.17,0.41,0.161,99.0,reviewed,ci,ci
2019-07-06T00:51:25.700Z,35.7501667,-117.5841667,6.6,3.67,mlr,70.0,43.0,0.06633,0.14,ci,ci38456615,2022-06-16T17:43:58.847Z,"16km W of Searles Valley, CA",earthquake,0.09,0.28,0.188,61.0,reviewed,ci,ci
2019-07-06T00:51:53.750Z,35.6878333,-117.486,7.69,2.91,ml,25.0,86.0,0.103,0.12,ci,ci38456623,2019-09-06T17:29:56.845Z,"12km SW of Searles Valley, CA",earthquake,0.21,0.79,0.126,13.0,reviewed,ci,ci
2019-07-06T01:53:30.770Z,35.7175,-117.5341667,4.77,2.75,ml,42.0,59.0,0.1107,0.13,ci,ci38457015,2021-10-13T21:33:03.190Z,"13km WSW of Searles Valley, CA",earthquake,0.12,0.42,0.177,23.0,reviewed,ci,ci
2019-07-06T02:11:12.230Z,35.6236667,-117.5976667,8.62,2.54,ml,33.0,49.0,0.1165,0.11,ci,ci38457103,2021-10-26T18:50:25.350Z,"7km E of Ridgecrest, CA",earthquake,0.14,0.49,0.187,25.0,reviewed,ci,ci
2019-07-06T02:15:24.560Z,35.7198333,-117.5306667,6.57,2.5,ml,34.0,59.0,0.1101,0.12,ci,ci38457143,2021-10-18T23:08:25.300Z,"13km WSW of Searles Valley, CA",earthquake,0.15,0.51,0.153,25.0,reviewed,ci,ci
2019-07-06T02:42:14.070Z,35.5976667,-117.588,4.27,2.59,ml,46.0,39.0,0.1031,0.14,ci,ci38457263,2021-10-20T20:45:44.670Z,"8km ESE of Ridgecrest, CA",earthquake,0.11,0.43,0.234,27.0,reviewed,ci,ci
2019-07-06T02:55:13.090Z,35.771,-117.6008333,2.44,2.8,ml,42.0,54.0,0.04473,0.15,ci,ci38457343,2021-10-13T21:03:16.040Z,"18km W of Searles Valley, CA",earthquake,0.13,0.31,0.152,26.0,reviewed,ci,ci
2019-07-06T03:16:32.480Z,35.7253333,-117.5535,0.88,4.97,mw,83.0,35.0,0.09705,0.19,ci,ci38457487,2020-04-05T23:26:37.030Z,"14km WSW of Searles Valley, CA",earthquake,0.13,0.31,,6.0,reviewed,ci,ci
2019-07-06T03:17:13.500Z,35.7453333,-117.5608333,6.5,4.14,ml,27.0,68.0,0.07632,0.15,ci,ci37257780,2020-02-06T19:48:24.565Z,"14km W of Searles Valley, CA",earthquake,0.21,0.57,0.095,15.0,reviewed,ci,ci
2019-07-06T03:19:53.040Z,35.7695,-117.5993333,8.0,7.1,mw,77.0,43.0,0.04616,0.22,ci,ci38457511,2026-09-03T03:30:03.671Z,Ridgecrest Earthquake Sequence,earthquake,0.19,31.61,0.028,126.0,reviewed,ci,ci
2019-07-06T03:20:36.080Z,36.0068333,-117.8525,13.93,4.33,mlr,4.0,163.0,0.03074,0.22,ci,ci37222188,2019-08-15T20:10:48.498Z,"9km NNE of Little Lake, CA",earthquake,2.0,1.25,0.095,4.0,reviewed,ci,ci
2019-07-06T03:20:41.140Z,35.9496667,-117.7376667,9.28,4.81,mlr,13.0,93.0,0.06493,0.09,ci,ci37222196,2019-08-15T20:09:34.004Z,"15km E of Little Lake, CA",earthquake,0.23,0.45,0.162,11.0,reviewed,ci,ci
2019-07-06T03:21:10.050Z,35.8306667,-117.6601667,5.86,4.33,mlr,15.0,103.0,0.05305,0.21,ci,ci37222204,2020-02-19T23:11:11.614Z,"23km N of Ridgecrest, CA",earthquake,0.44,1.24,0.144,5.0,reviewed,ci,ci
2019-07-06T03:21:19.190Z,35.5423333,-117.5053333,5.6,4.15,mlr,4.0,183.0,0.05638,0.06,ci,ci37260300,2020-02-19T23:17:27.113Z,"18km ESE of Ridgecrest, CA",earthquake,1.54,2.09,0.005,2.0,reviewed,ci,ci
2019-07-06T03:22:03.570Z,35.9216667,-117.729,8.17,4.64,mlr,21.0,52.0,0.06897,0.15,ci,ci38457519,2019-11-15T17:23:05.605Z,"16km E of Little Lake, CA",earthquake,0.25,0.54,0.148,13.0,reviewed,ci,ci
2019-07-06T03:22:17.100Z,35.748,-117.5456667,3.9,4.55,mlr,22.0,70.0,0.07966,0.2,ci,ci37219484,2019-08-08T22:07:42.040Z,"13km W of Searles Valley, CA",earthquake,0.28,0.72,0.199,14.0,reviewed,ci,ci
2019-07-06T03:22:27.160Z,35.6171667,-117.4275,8.45,4.46,mlr,7.0,174.0,0.04167,0.16,ci,ci37219492,2019-08-08T22:09:44.040Z,"17km S of Searles Valley, CA",earthquake,0.58,0.88,0.067,4.0,reviewed,ci,ci
2019-07-06T03:22:35.630Z,35.6166667,-117.4301667,9.35,4.73,mlr,7.0,180.0,0.03984,0.14,ci,ci37219500,2021-02-19T19:17:42.104Z,"17km S of Searles Valley, CA",earthquake,0.66,0.69,0.035,3.0,reviewed,ci,ci
2019-07-06T03:22:48.300Z,35.891,-117.7365,9.1,4.64,mlr,29.0,34.0,0.08543,0.16,ci,ci37219156,2019-11-15T17:17:41.338Z,"16km ESE of Little Lake, CA",earthquake,0.2,0.43,0.12,21.0,reviewed,ci,ci
2019-07-06T03:23:07.570Z,35.8378333,-117.6406667,9.75,3.78,mlr,9.0,132.0,0.04142,0.06,ci,ci37260308,2020-02-20T01:13:37.921Z,"23km WNW of Searles Valley, CA",earthquake,0.22,0.63,0.07,7.0,reviewed,ci,ci
2019-07-06T03:23:19.870Z,35.861,-117.6778333,6.82,4.52,mlr,13.0,85.0,0.07937,0.24,ci,ci37219468,2019-08-08T22:10:14.040Z,"22km ESE of Little Lake, CA",earthquake,0.47,1.03,0.143,6.0,reviewed,ci,ci
2019-07-06T03:23:29.560Z,35.8778333,-117.724,6.14,4.0,mlr,9.0,255.0,0.09198,0.11,ci,ci37260316,2020-02-20T19:25:12.744Z,"18km ESE of Little Lake, CA",earthquake,0.55,1.09,0.044,5.0,reviewed,ci,ci
2019-07-06T03:23:34.710Z,35.5685,-117.5165,10.82,4.22,mlr,9.0,129.0,0.04777,0.12,ci,ci37219476,2019-08-08T22:10:58.040Z,"16km ESE of Ridgecrest, CA",earthquake,0.39,0.3,0.383,5.0,reviewed,ci,ci
2019-07-06T03:23:50.720Z,35.8031667,-117.6178333,11.44,4.84,mlr,39.0,54.0,0.02074,0.23,ci,ci37219164,2019-11-15T17:26:02.971Z,"20km WNW of Searles Valley, CA",earthquake,0.26,0.53,0.174,52.0,reviewed,ci,ci
2019-07-06T03:24:07.550Z,35.8876667,-117.7201667,7.95,3.91,mlr,7.0,183.0,0.08259,0.08,ci,ci37219508,2021-02-19T19:17:39.295Z,"18km ESE of Little Lake, CA",earthquake,0.36,0.89,0.095,6.0,reviewed,ci,ci
2019-07-06T03:24:15.200Z,35.9013333,-117.7075,7.11,3.52,mlr,10.0,109.0,0.06564,0.09,ci,ci37260444,2020-02-20T19:42:21.849Z,"18km ESE of Little Lake, CA",earthquake,0.23,0.54,0.087,6.0,reviewed,ci,ci
2019-07-06T03:24:22.370Z,35.9018333,-117.7273333,5.3,4.19,mlr,26.0,38.0,0.07755,0.18,ci,ci38457535,2019-08-07T23:28:15.040Z,"17km ESE of Little Lake, CA",earthquake,0.22,0.83,0.156,18.0,reviewed,ci,ci
2019-07-06T03:24:33.520Z,35.8911667,-117.6755,7.42,4.07,mlr,9.0,86.0,0.06017,0.17,ci,ci37219516,2021-02-19T19:17:40.687Z,"21km ESE of Little Lake, CA",earthquake,0.52,1.25,0.052,8.0,reviewed,ci,ci
2019-07-06T03:24:56.850Z,35.87,-117.5695,10.81,3.92,mlr,16.0,119.0,0.05873,0.11,ci,ci37260452,2020-02-20T20:17:54.918Z,"19km NW of Searles Valley, CA",earthquake,0.3,0.48,0.114,9.0,reviewed,ci,ci
2019-07-06T03:25:19.720Z,35.903,-117.6911667,7.01,3.91,mlr,11.0,113.0,0.05571,0.07,ci,ci37219524,2019-08-08T21:26:01.040Z,"20km E of Little Lake, CA",earthquake,0.27,0.54,0.135,7.0,reviewed,ci,ci
2019-07-06T03:25:27.970Z,35.8606667,-117.6708333,10.32,4.61,mlr,37.0,43.0,0.07456,0.2,ci,ci37219172,2019-09-26T14:30:25.040Z,"23km ESE of Little Lake, CA",earthquake,0.22,0.39,0.126,30.0,reviewed,ci,ci
2019-07-06T03:25:42.310Z,35.8708333,-117.6655,8.06,3.67,mlr,8.0,169.0,0.07788,0.04,ci,ci37260468,2020-02-20T21:57:23.483Z,"23km ESE of Little Lake, CA",earthquake,0.22,0.57,0.075,3.0,reviewed,ci,ci
2019-07-06T03:25:49.560Z,35.6543333,-117.478,1.75,3.98,mlr,8.0,111.0,0.0689,0.09,ci,ci37260460,2020-02-20T21:58:55.937Z,"14km SSW of Searles Valley, CA",earthquake,0.28,0.36,0.062,2.0,reviewed,ci,ci
2019-07-06T03:26:04.010Z,35.8331667,-117.6451667,8.1,4.02,mlr,29.0,48.0,0.04245,0.2,ci,ci37219540,2019-08-08T22:12:09.040Z,"23km WNW of Searles Valley, CA",earthquake,0.26,0.63,0.145,17.0,reviewed,ci,ci
2019-07-06T03:26:27.680Z,35.6135,-117.4368333,6.11,3.76,mlr,6.0,166.0,0.03396,0.09,ci,ci37260476,2020-02-20T22:23:22.967Z,"17km S of Searles Valley, CA",earthquake,0.29,0.45,0.284,3.0,reviewed,ci,ci
2019-07-06T03:26:40.490Z,35.8998333,-117.6955,6.89,3.57,mlr,9.0,161.0,0.06035,0.06,ci,ci37219548,2019-08-08T22:13:26.040Z,"20km ESE of Little Lake, CA",earthquake,0.19,0.33,0.2,5.0,reviewed,ci,ci
2019-07-06T03:26:51.990Z,35.8875,-117.6495,10.86,4.09,mlr,19.0,111.0,0.06028,0.16,ci,ci37219556,2019-08-08T22:14:11.040Z,"24km ESE of Little Lake, CA",earthquake,0.3,0.44,0.141,12.0,reviewed,ci,ci
2019-07-06T03:27:04.570Z,35.6105,-117.4176667,5.77,3.84,mlr,4.0,268.0,0.04348,0.09,ci,ci37260484,2020-02-20T22:58:34.393Z,"17km SSW of Trona, CA",earthquake,1.06,0.62,0.042,2.0,reviewed,ci,ci
2019-07-06T03:27:07.010Z,35.9138333,-117.7258333,8.0,4.5,mlr,27.0,56.0,0.07004,0.18,ci,ci37219180,2019-09-26T14:30:30.040Z,"16km E of Little Lake, CA",earthquake,0.27,0.56,0.181,20.0,reviewed,ci,ci
2019-07-06T03:27:11.370Z,35.5303333,-117.4313333,3.83,4.57,mlr,7.0,119.0,0.05475,0.1,ci,ci37219564,2019-09-06T17:32:11.137Z,"24km ESE of Ridgecrest, CA",earthquake,0.31,0.41,0.05,2.0,reviewed,ci,ci
2019-07-06T03:27:18.420Z,35.8733333,-117.6578333,6.73,3.91,mlr,10.0,103.0,0.07465,0.17,ci,ci37260492,2020-02-21T01:27:29.111Z,"24km ESE of Little Lake, CA",earthquake,0.42,0.95,0.113,3.0,reviewed,ci,ci
2019-07-06T03:27:25.350Z,35.665,-117.4866667,5.51,3.92,mlr,7.0,108.0,0.08083,0.11,ci,ci37260500,2020-02-21T01:25:13.696Z,"14km SSW of Searles Valley, CA",earthquake,0.36,1.47,0.227,3.0,reviewed,ci,ci
2019-07-06T03:27:36.260Z,35.8895,-117.6975,7.85,4.03,mlr,22.0,47.0,0.06971,0.12,ci,ci37219572,2020-02-21T18:21:50.862Z,"20km ESE of Little Lake, CA",earthquake,0.16,0.52,0.109,15.0,reviewed,ci,ci
2019-07-06T03:28:00.730Z,35.9106667,-117.7316667,8.16,4.09,mlr,25.0,44.0,0.07572,0.1,ci,ci38457551,2019-11-15T17:31:21.197Z,"16km E of Little Lake, CA",earthquake,0.16,0.37,0.088,13.0,reviewed,ci,ci
2019-07-06T03:28:12.340Z,35.8411667,-117.6598333,11.45,4.09,mlr,20.0,84.0,0.05665,0.2,ci,ci37219580,2021-02-19T19:17:37.841Z,"24km WNW of Searles Valley, CA",earthquake,0.38,0.74,0.11,17.0,reviewed,ci,ci
2019-07-06T03:28:25.160Z,35.8695,-117.6906667,2.66,3.98,mlr,17.0,100.0,0.0848,0.13,ci,ci37219588,2019-08-08T22:16:30.040Z,"21km ESE of Little Lake, CA",earthquake,0.2,0.29,0.138,13.0,reviewed,ci,ci
2019-07-06T03:28:46.550Z,35.9025,-117.7221667,4.76,4.19,mlr,32.0,39.0,0.07381,0.18,ci,ci38457559,2022-09-24T01:06:55.959Z,"17km ESE of Little Lake, CA",earthquake,0.18,0.38,0.124,34.0,reviewed,ci,ci
2019-07-06T03:29:10.290Z,35.6566667,-117.4465,2.23,4.02,mlr,10.0,94.0,0.07117,0.23,ci,ci37219596,2019-08-08T22:17:12.040Z,"13km SSW of Searles Valley, CA",earthquake,0.48,0.71,0.117,5.0,reviewed,ci,ci
2019-07-06T03:29:15.860Z,35.8656667,-117.6526667,15.11,4.01,mlr,18.0,104.0,0.06701,0.23,ci,ci38457575,2019-08-08T22:38:11.040Z,"24km ESE of Little Lake, CA",earthquake,0.47,0.94,0.129,16.0,reviewed,ci,ci
2019-07-06T03:29:28.840Z,35.7325,-117.5088333,7.03,4.07,mlr,8.0,167.0,0.11,0.19,ci,ci37219604,2019-08-08T21:19:57.040Z,"10km WSW of Searles Valley, CA",earthquake,0.68,1.63,0.381,3.0,reviewed,ci,ci
2019-07-06T03:29:32.080Z,35.9028333,-117.7115,3.18,4.51,mlr,27.0,42.0,0.06696,0.15,ci,ci38457583,2019-11-15T17:37:47.310Z,"18km ESE of Little Lake, CA",earthquake,0.2,0.6,0.191,15.0,reviewed,ci,ci
2019-07-06T03:29:47.130Z,35.9016667,-117.704,7.8,3.57,mlr,9.0,112.0,0.06342,0.09,ci,ci37219612,2020-02-22T00:10:01.184Z,"19km ESE of Little Lake, CA",earthquake,0.35,0.7,0.049,4.0,reviewed,ci,ci
2019-07-06T03:29:50.040Z,35.8705,-117.6818333,5.35,3.57,ml,7.0,178.0,0.08135,0.05,ci,ci37260612,2020-02-21T21:04:47.856Z,"22km ESE of Little Lake, CA",earthquake,0.26,0.93,0.037,5.0,reviewed,ci,ci
2019-07-06T03:30:00.710Z,35.8845,-117.7018333,6.05,3.56,ml,13.0,72.0,0.07581,0.13,ci,ci37260620,2020-02-21T21:22:07.964Z,"19km ESE of Little Lake, CA",earthquake,0.24,0.93,0.079,7.0,reviewed,ci,ci
2019-07-06T03:30:25.050Z,35.5566667,-117.3581667,8.71,4.49,mlr,52.0,31.0,0.03207,0.2,ci,ci38457591,2019-11-15T17:44:42.861Z,"23km S of Trona, CA",earthquake,0.17,0.36,0.164,126.0,reviewed,ci,ci
2019-07-06T03:30:43.010Z,35.8671667,-117.7223333,8.26,3.53,mlr,10.0,106.0,0.06794,0.09,ci,ci37219620,2020-02-22T00:22:18.235Z,"18km ESE of Little Lake, CA",earthquake,0.23,0.75,0.1,5.0,reviewed,ci,ci
2019-07-06T03:30:59.670Z,35.9068333,-117.704,8.84,3.9,mlr,20.0,85.0,0.05978,0.09,ci,ci37219628,2019-08-08T22:18:29.040Z,"19km E of Little Lake, CA",earthquake,0.18,0.36,0.078,14.0,reviewed,ci,ci
2019-07-06T03:31:10.380Z,35.8936667,-117.7216667,9.39,3.55,mlr,13.0,71.0,0.07923,0.09,ci,ci37219636,2021-02-19T19:17:36.385Z,"17km ESE of Little Lake, CA",earthquake,0.19,0.65,0.223,10.0,reviewed,ci,ci
2019-07-06T03:31:24.540Z,35.6596667,-117.4853333,5.2,3.62,mlr,14.0,68.0,0.0754,0.15,ci,ci37219644,2021-02-19T19:17:34.935Z,"14km SSW of Searles Valley, CA",earthquake,0.24,1.19,0.041,9.0,reviewed,ci,ci
2019-07-06T03:31:33.720Z,35.7393333,-117.5488333,2.39,3.45,mlr,11.0,101.0,0.08591,0.18,ci,ci37260788,2020-02-24T18:36:23.202Z,"13km WSW of Searles Valley, CA",earthquake,0.36,0.68,0.187,4.0,reviewed,ci,ci
2019-07-06T03:31:48.760Z,35.8883333,-117.6978333,8.93,3.97,mlr,20.0,47.0,0.07083,0.09,ci,ci37219652,2019-08-08T22:19:40.040Z,"20km ESE of Little Lake, CA",earthquake,0.16,0.4,0.176,13.0,reviewed,ci,ci
2019-07-06T03:31:58.270Z,35.8901667,-117.7121667,6.29,3.86,mlr,18.0,136.0,0.07638,0.14,ci,ci37219660,2019-09-26T14:29:58.040Z,"18km ESE of Little Lake, CA",earthquake,0.3,0.64,0.112,13.0,reviewed,ci,ci
2019-07-06T03:32:13.430Z,35.8708333,-117.6531667,8.18,3.32,ml,7.0,161.0,0.07118,0.1,ci,ci37260804,2020-02-24T18:52:51.054Z,"24km ESE of Little Lake, CA",earthquake,0.4,0.88,0.089,4.0,reviewed,ci,ci
2019-07-06T03:32:25.640Z,35.8981667,-117.7263333,10.82,3.61,mlr,13.0,131.0,0.07914,0.12,ci,ci37219668,2019-08-08T22:20:31.040Z,"17km ESE of Little Lake, CA",earthquake,0.31,0.46,0.137,10.0,reviewed,ci,ci
2019-07-06T03:32:29.440Z,35.5985,-117.4145,6.69,3.68,mlr,5.0,253.0,0.04068,0.1,ci,ci37219676,2019-08-08T22:43:28.040Z,"19km S of Trona, CA",earthquake,0.9,0.51,0.12,3.0,reviewed,ci,ci
2019-07-06T03:32:46.660Z,35.8903333,-117.7303333,6.15,4.17,mlr,23.0,52.0,0.08667,0.2,ci,ci38457599,2019-11-15T17:49:08.308Z,"17km ESE of Little Lake, CA",earthquake,0.3,0.8,0.145,17.0,reviewed,ci,ci
2019-07-06T03:33:03.660Z,35.9025,-117.7163333,8.47,3.9,mlr,15.0,72.0,0.07013,0.12,ci,ci37219684,2021-02-19T19:17:33.462Z,"18km ESE of Little Lake, CA",earthquake,0.23,0.71,0.136,10.0,reviewed,ci,ci
2019-07-06T03:33:20.200Z,35.624,-117.4861667,10.99,4.08,mlr,19.0,68.0,0.04221,0.2,ci,ci37219700,2021-07-14T21:50:25.733Z,"17km E of Ridgecrest, CA",earthquake,0.31,0.53,0.198,17.0,reviewed,ci,ci
2019-07-06T03:33:39.100Z,35.8933333,-117.7238333,9.89,3.8,mlr,8.0,136.0,0.09093,0.07,ci,ci37219716,2019-08-08T22:21:29.040Z,"17km ESE of Little Lake, CA",earthquake,0.26,0.65,0.07,5.0,reviewed,ci,ci
2019-07-06T03:33:39.450Z,35.726,-117.5613333,11.09,4.01,mlr,12.0,89.0,0.09426,0.19,ci,ci37219708,2019-08-15T01:15:59.040Z,"15km WSW of Searles Valley, CA",earthquake,0.36,0.67,0.234,7.0,reviewed,ci,ci
2019-07-06T03:33:48.800Z,35.665,-117.424,0.78,3.19,ml,7.0,126.0,0.08429,0.16,ci,ci37261156,2020-02-25T20:25:14.445Z,"12km S of Searles Valley, CA",earthquake,0.46,0.84,0.088,1.0,reviewed,ci,ci
2019-07-06T03:33:55.940Z,35.8723333,-117.699,11.58,3.51,ml,10.0,73.0,0.08316,0.09,ci,ci37260828,2021-07-14T21:54:45.024Z,"20km ESE of Little Lake, CA",earthquake,0.24,0.62,0.096,6.0,reviewed,ci,ci
2019-07-06T03:34:21.530Z,35.7661667,-117.5875,1.82,3.63,mlr,8.0,181.0,0.05013,0.17,ci,ci37219732,2021-02-19T19:17:30.631Z,"17km W of Searles Valley, CA",earthquake,0.62,0.4,0.145,4.0,reviewed,ci,ci
2019-07-06T03:34:27.200Z,35.904,-117.7033333,8.1,3.43,ml,12.0,89.0,0.06137,0.07,ci,ci37260860,2020-02-24T20:40:09.271Z,"19km E of Little Lake, CA",earthquake,0.19,0.53,0.191,5.0,reviewed,ci,ci
2019-07-06T03:34:36.640Z,35.893,-117.7253333,6.89,3.29,ml,9.0,75.0,0.08187,0.04,ci,ci37261164,2020-02-25T20:45:31.326Z,"17km ESE of Little Lake, CA",earthquake,0.21,0.59,0.083,4.0,reviewed,ci,ci
2019-07-06T03:34:42.840Z,35.9058333,-117.6573333,9.5,3.74,mlr,12.0,95.0,0.04236,0.17,ci,ci37219740,2019-08-08T22:22:21.040Z,"23km E of Little Lake, CA",earthquake,0.36,0.63,0.175,6.0,reviewed,ci,ci
2019-07-06T03:34:55.980Z,35.5806667,-117.3961667,13.22,3.52,mlr,13.0,131.0,0.05414,0.25,ci,ci37219788,2021-02-19T19:17:21.370Z,"20km S of Trona, CA",earthquake,0.85,1.66,0.188,4.0,reviewed,ci,ci
2019-07-06T03:35:05.420Z,35.6521667,-117.4668333,1.97,4.09,mlr,32.0,65.0,0.06563,0.24,ci,ci38457607,2022-09-24T01:08:53.678Z,"14km SSW of Searles Valley, CA",earthquake,0.26,0.42,0.217,54.0,reviewed,ci,ci
2019-07-06T03:35:24.390Z,35.7051667,-117.5565,9.09,3.42,ml,6.0,147.0,0.1153,0.12,ci,ci37260868,2020-02-24T21:00:49.973Z,"14km NE of Ridgecrest, CA",earthquake,0.45,1.39,0.099,2.0,reviewed,ci,ci
2019-07-06T03:35:30.660Z,35.979,-117.7576667,6.52,3.67,mlr,15.0,110.0,0.04166,0.07,ci,ci37219796,2021-02-19T19:17:19.957Z,"14km ENE of Little Lake, CA",earthquake,0.17,0.24,0.16,11.0,reviewed,ci,ci
2019-07-06T03:35:44.730Z,35.614,-117.4453333,5.9,3.39,ml,7.0,118.0,0.03069,0.14,ci,ci37219804,2019-08-15T01:35:54.040Z,"18km SSW of Searles Valley, CA",earthquake,0.38,0.55,0.074,4.0,reviewed,ci,ci
2019-07-06T03:35:49.820Z,35.8838333,-117.69,7.5,3.35,ml,13.0,84.0,0.07157,0.11,ci,ci37260876,2020-02-24T21:27:44.547Z,"20km ESE of Little Lake, CA",earthquake,0.25,0.61,0.122,6.0,reviewed,ci,ci
2019-07-06T03:35:58.410Z,35.7175,-117.5576667,10.29,3.49,ml,6.0,158.0,0.1032,0.11,ci,ci37260884,2020-02-24T21:39:49.206Z,"15km WSW of Searles Valley, CA",earthquake,0.52,1.31,0.169,4.0,reviewed,ci,ci
2019-07-06T03:36:16.460Z,35.9028333,-117.7338333,7.27,4.35,mlr,65.0,37.0,0.0813,0.19,ci,ci38457615,2019-11-15T17:55:07.243Z,"16km ESE of Little Lake, CA",earthquake,0.15,0.39,0.122,194.0,reviewed,ci,ci
2019-07-06T03:36:28.480Z,35.6625,-117.5445,3.18,3.85,mlr,15.0,91.0,0.1012,0.17,ci,ci37219812,2019-08-02T00:04:37.272Z,"13km ENE of Ridgecrest, CA",earthquake,0.28,1.05,0.14,8.0,reviewed,ci,ci
2019-07-06T03:36:54.860Z,35.903,-117.7371667,9.16,3.22,ml,8.0,112.0,0.08009,0.13,ci,ci37260892,2020-02-24T22:53:35.926Z,"16km ESE of Little Lake, CA",earthquake,0.46,1.21,0.123,6.0,reviewed,ci,ci
2019-07-06T03:37:05.160Z,35.7326667,-117.5268333,2.63,3.63,mlr,21.0,68.0,0.1009,0.14,ci,ci37219820,2019-09-26T14:29:59.040Z,"12km WSW of Searles Valley, CA",earthquake,0.18,0.39,0.113,12.0,reviewed,ci,ci
2019-07-06T03:37:25.270Z,35.8718333,-117.7013333,6.12,3.53,mlr,11.0,129.0,0.08644,0.09,ci,ci37219828,2019-09-26T14:29:59.040Z,"20km ESE of Little Lake, CA",earthquake,0.27,0.82,0.15,8.0,reviewed,ci,ci
2019-07-06T03:37:44.910Z,35.6591667,-117.5008333,4.84,3.47,ml,14.0,103.0,0.07905,0.14,ci,ci37260924,2020-02-25T01:04:37.218Z,"15km SW of Searles Valley, CA",earthquake,0.27,0.71,0.138,7.0,reviewed,ci,ci
2019-07-06T03:38:22.930Z,35.9128333,-117.7123333,6.7,3.79,mlr,21.0,61.0,0.06126,0.11,ci,ci37219836,2019-09-26T14:29:59.040Z,"18km E of Little Lake, CA",earthquake,0.18,0.34,0.186,12.0,reviewed,ci,ci
2019-07-06T03:38:41.000Z,35.785,-117.605,9.3,3.26,ml,6.0,222.0,0.03127,0.07,ci,ci37261204,2020-02-25T22:16:05.014Z,"18km W of Searles Valley, CA",earthquake,0.39,0.49,0.08,4.0,reviewed,ci,ci
2019-07-06T03:38:56.100Z,35.6483333,-117.4673333,4.21,3.45,mlr,22.0,66.0,0.06184,0.14,ci,ci38457623,2019-08-08T22:24:03.040Z,"14km SSW of Searles Valley, CA",earthquake,0.31,0.71,0.074,6.0,reviewed,ci,ci
2019-07-06T03:39:02.720Z,35.7166667,-117.5515,10.52,3.69,mlr,16.0,72.0,0.1057,0.19,ci,ci37219844,2021-02-19T19:17:18.495Z,"14km WSW of Searles Valley, CA",earthquake,0.33,0.72,0.121,9.0,reviewed,ci,ci
2019-07-06T03:39:14.680Z,35.6136667,-117.433,9.8,3.84,mlr,28.0,41.0,0.03607,0.2,ci,ci37421221,2019-09-26T14:31:04.040Z,"17km S of Searles Valley, CA",earthquake,0.26,0.41,0.138,61.0,reviewed,ci,ci
2019-07-06T03:39:34.110Z,35.9021667,-117.7426667,8.81,3.74,mlr,24.0,51.0,0.077,0.13,ci,ci37421237,2019-08-08T22:24:29.040Z,"15km ESE of Little Lake, CA",earthquake,0.18,0.46,0.115,21.0,reviewed,ci,ci
2019-07-06T03:39:41.270Z,35.9028333,-117.7208333,8.24,3.24,mlr,7.0,146.0,0.09131,0.12,ci,ci37219852,2019-08-15T01:42:06.040Z,"17km ESE of Little Lake, CA",earthquake,0.6,1.45,0.167,4.0,reviewed,ci,ci
2019-07-06T03:40:04.140Z,35.9133333,-117.703,7.04,3.65,mlr,28.0,45.0,0.0549,0.1,ci,ci38457631,2019-09-26T14:30:24.040Z,"18km E of Little Lake, CA",earthquake,0.12,0.38,0.167,18.0,reviewed,ci,ci
2019-07-06T03:40:16.160Z,35.8346667,-117.658,5.51,2.99,ml,5.0,109.0,0.05266,0.1,ci,ci37261220,2020-02-25T22:34:17.850Z,"24km N of Ridgecrest, CA",earthquake,0.36,1.03,0.055,3.0,reviewed,ci,ci
2019-07-06T03:40:32.540Z,35.7801667,-117.6281667,5.74,3.42,mlr,14.0,154.0,0.04337,0.17,ci,ci37219860,2019-08-08T22:24:59.040Z,"18km NNE of Ridgecrest, CA",earthquake,0.43,0.83,0.098,8.0,reviewed,ci,ci
2019-07-06T03:40:43.090Z,35.8776667,-117.6725,7.56,3.36,ml,14.0,91.0,0.07235,0.14,ci,ci37261244,2020-02-25T23:58:56.125Z,"22km ESE of Little Lake, CA",earthquake,0.26,0.75,0.089,5.0,reviewed,ci,ci
2019-07-06T03:40:51.430Z,35.7741667,-117.6118333,9.88,3.49,mlr,21.0,53.0,0.04309,0.16,ci,ci37219868,2019-09-26T14:29:59.040Z,"18km NNE of Ridgecrest, CA",earthquake,0.22,0.54,0.088,10.0,reviewed,ci,ci
2019-07-06T03:41:14.110Z,35.6398333,-117.4363333,3.31,3.14,mlr,7.0,153.0,0.05724,0.15,ci,ci37219876,2019-08-15T01:50:10.040Z,"14km SSW of Searles Valley, CA",earthquake,0.45,1.04,0.019,2.0,reviewed,ci,ci
2019-07-06T03:41:27.460Z,35.8903333,-117.6816667,8.24,3.18,ml,13.0,75.0,0.06281,0.1,ci,ci37261260,2020-02-26T00:20:53.938Z,"21km ESE of Little Lake, CA",earthquake,0.21,0.57,0.129,5.0,reviewed,ci,ci
2019-07-06T03:41:38.650Z,35.8923333,-117.722,7.87,3.98,mlr,38.0,37.0,0.08034,0.18,ci,ci38457639,2019-09-26T14:30:24.040Z,"17km ESE of Little Lake, CA",earthquake,0.18,0.5,0.17,67.0,reviewed,ci,ci
2019-07-06T03:41:46.460Z,35.9065,-117.727,6.0,3.46,ml,11.0,114.0,0.07466,0.13,ci,ci37261268,2020-02-26T00:48:51.433Z,"16km ESE of Little Lake, CA",earthquake,0.33,1.01,0.238,2.0,reviewed,ci,ci
2019-07-06T03:42:04.410Z,35.9073333,-117.7048333,7.09,3.2,ml,7.0,136.0,0.05993,0.13,ci,ci37261276,2020-02-26T01:10:30.675Z,"18km E of Little Lake, CA",earthquake,0.44,1.36,0.123,4.0,reviewed,ci,ci
2019-07-06T03:42:09.680Z,35.8751667,-117.73,6.96,3.57,ml,12.0,127.0,0.07225,0.09,ci,ci37261284,2020-02-26T18:12:55.696Z,"17km ESE of Little Lake, CA",earthquake,0.26,0.67,0.08,4.0,reviewed,ci,ci
2019-07-06T03:42:25.640Z,35.758,-117.5613333,7.57,3.3,ml,11.0,171.0,0.06469,0.15,ci,ci37219884,2019-08-08T22:25:30.040Z,"14km W of Searles Valley, CA",earthquake,0.43,1.14,0.208,6.0,reviewed,ci,ci
2019-07-06T03:42:37.900Z,35.5688333,-117.3843333,7.95,3.46,mlr,4.0,133.0,0.06588,0.12,ci,ci37261436,2020-02-26T19:07:25.707Z,"22km S of Trona, CA",earthquake,0.38,0.89,0.133,2.0,reviewed,ci,ci
2019-07-06T03:42:45.760Z,35.866,-117.6848333,4.95,3.57,ml,13.0,104.0,0.08638,0.15,ci,ci37219908,2021-02-19T19:17:17.090Z,"22km ESE of Little Lake, CA",earthquake,0.29,0.56,0.085,9.0,reviewed,ci,ci
2019-07-06T03:42:52.530Z,35.878,-117.7016667,4.58,3.86,mlr,24.0,72.0,0.08123,0.13,ci,ci38457655,2019-09-26T14:30:24.040Z,"20km ESE of Little Lake, CA",earthquake,0.22,0.59,0.216,23.0,reviewed,ci,ci
2019-07-06T03:43:09.040Z,35.8865,-117.6938333,9.46,3.85,mlr,24.0,43.0,0.0707,0.18,ci,ci37219900,2019-09-26T14:29:59.040Z,"20km ESE of Little Lake, CA",earthquake,0.24,0.58,0.101,16.0,reviewed,ci,ci
2019-07-06T03:43:32.470Z,35.8685,-117.7276667,6.05,3.15,ml,11.0,110.0,0.06702,0.09,ci,ci37261468,2020-02-26T19:40:00.003Z,"18km ESE of Little Lake, CA",earthquake,0.19,0.79,0.117,5.0,reviewed,ci,ci
2019-07-06T03:44:01.600Z,35.9135,-117.7276667,6.96,3.86,mlr,24.0,51.0,0.0715,0.21,ci,ci38457663,2022-09-24T01:12:21.906Z,"16km E of Little Lake, CA",earthquake,0.35,0.81,0.175,27.0,reviewed,ci,ci
2019-07-06T03:44:10.780Z,35.7821667,-117.5935,11.22,3.6,mlr,8.0,85.0,0.03366,0.07,ci,ci37261484,2020-02-26T19:59:54.973Z,"17km W of Searles Valley, CA",earthquake,0.27,0.4,0.154,2.0,reviewed,ci,ci
2019-07-06T03:44:17.710Z,35.9058333,-117.6941667,6.12,3.96,mlr,32.0,46.0,0.055,0.14,ci,ci37219924,2020-02-26T20:25:05.809Z,"19km E of Little Lake, CA",earthquake,0.15,0.45,0.158,25.0,reviewed,ci,ci
2019-07-06T03:44:50.150Z,35.8971667,-117.7305,9.84,3.29,ml,10.0,72.0,0.08241,0.09,ci,ci37219948,2019-08-15T02:15:38.040Z,"16km ESE of Little Lake, CA",earthquake,0.25,0.73,0.078,9.0,reviewed,ci,ci
2019-07-06T03:45:09.010Z,35.9186667,-117.7188333,3.32,3.47,mlr,25.0,42.0,0.06275,0.16,ci,ci38457671,2019-08-08T22:26:31.040Z,"17km E of Little Lake, CA",earthquake,0.21,0.62,0.183,14.0,reviewed,ci,ci
2019-07-06T03:45:13.210Z,35.9026667,-117.7426667,8.47,3.49,mlr,11.0,97.0,0.07669,0.08,ci,ci37220108,2019-08-08T22:26:55.040Z,"15km ESE of Little Lake, CA",earthquake,0.21,0.51,0.115,10.0,reviewed,ci,ci
2019-07-06T03:45:29.320Z,35.8835,-117.7276667,7.51,3.46,mlr,17.0,140.0,0.08066,0.16,ci,ci37220268,2019-08-08T22:27:24.040Z,"17km ESE of Little Lake, CA",earthquake,0.33,0.71,0.106,11.0,reviewed,ci,ci
2019-07-06T03:45:54.830Z,35.7036667,-117.5063333,11.11,3.52,mlr,18.0,118.0,0.1223,0.21,ci,ci37220276,2019-08-08T22:27:51.040Z,"12km SW of Searles Valley, CA",earthquake,0.36,0.74,0.078,10.0,reviewed,ci,ci
2019-07-06T03:46:19.420Z,35.9111667,-117.7205,7.5,3.16,ml,5.0,221.0,0.06769,0.06,ci,ci37261500,2020-02-26T20:59:34.398Z,"17km E of Little Lake, CA",earthquake,0.65,0.57,0.12,4.0,reviewed,ci,ci
2019-07-06T03:46:26.870Z,35.6805,-117.4703333,6.85,4.26,mlr,38.0,65.0,0.09403,0.17,ci,ci38457679,2022-09-24T01:13:37.364Z,"11km SSW of Searles Valley, CA",earthquake,0.18,0.6,0.123,20.0,reviewed,ci,ci
2019-07-06T03:46:38.500Z,35.6573333,-117.45,2.12,3.72,mlr,11.0,141.0,0.07137,0.21,ci,ci37220284,2019-08-15T02:16:26.040Z,"13km SSW of Searles Valley, CA",earthquake,0.44,0.54,0.1,7.0,reviewed,ci,ci
2019-07-06T03:46:57.130Z,35.8941667,-117.7171667,5.11,3.34,ml,10.0,122.0,0.07625,0.06,ci,ci37261516,2020-02-26T21:40:54.290Z,"18km ESE of Little Lake, CA",earthquake,0.17,31.61,0.148,3.0,reviewed,ci,ci
2019-07-06T03:47:00.080Z,35.902,-117.7436667,8.46,3.57,mlr,13.0,153.0,0.07646,0.11,ci,ci37220292,2019-08-15T02:19:57.040Z,"15km ESE of Little Lake, CA",earthquake,0.33,0.58,0.093,7.0,reviewed,ci,ci
2019-07-06T03:47:08.740Z,35.8868333,-117.7173333,7.32,3.32,ml,9.0,81.0,0.08165,0.15,ci,ci37261540,2020-02-26T22:24:43.768Z,"18km ESE of Little Lake, CA",earthquake,0.34,1.49,0.044,6.0,reviewed,ci,ci
2019-07-06T03:47:53.420Z,35.9011667,-117.7495,5.04,5.5,mw,49.0,33.0,0.07334,0.16,ci,ci38457687,2025-12-22T18:17:37.984Z,"15km ESE of Little Lake, CA",earthquake,0.13,0.5,,4.0,reviewed,ci,ci
2019-07-06T03:48:14.550Z,35.9013333,-117.7486667,7.58,3.8,mlr,8.0,139.0,0.07374,0.1,ci,ci37261556,2020-02-26T22:43:37.763Z,"15km ESE of Little Lake, CA",earthquake,0.33,0.96,0.025,4.0,reviewed,ci,ci
2019-07-06T03:48:24.660Z,35.9025,-117.69,0.5,3.98,mlr,14.0,82.0,0.05556,0.12,ci,ci37220300,2019-08-08T22:28:21.040Z,"20km E of Little Lake, CA",earthquake,0.2,0.34,0.188,6.0,reviewed,ci,ci
2019-07-06T03:48:36.260Z,35.9108333,-117.7353333,7.04,3.55,mlr,11.0,64.0,0.07712,0.05,ci,ci37261564,2020-02-27T00:25:30.595Z,"16km E of Little Lake, CA",earthquake,0.17,0.44,0.064,6.0,reviewed,ci,ci
2019-07-06T03:48:54.220Z,35.9998333,-117.7223333,9.53,3.53,ml,4.0,177.0,0.04304,0.08,ci,ci37261628,2020-02-27T01:31:19.569Z,"18km ENE of Little Lake, CA",earthquake,0.8,0.84,0.095,2.0,reviewed,ci,ci
2019-07-06T03:48:57.740Z,35.9058333,-117.7236667,6.2,3.68,mlr,10.0,127.0,0.0728,0.08,ci,ci37261620,2020-02-27T01:24:51.454Z,"17km ESE of Little Lake, CA",earthquake,0.22,0.64,0.086,5.0,reviewed,ci,ci
2019-07-06T03:49:24.980Z,35.5571667,-117.3851667,3.51,3.78,mlr,10.0,150.0,0.03629,0.11,ci,ci37220308,2019-09-26T14:29:59.040Z,"23km S of Trona, CA",earthquake,0.29,0.38,0.126,5.0,reviewed,ci,ci
2019-07-06T03:49:52.420Z,35.8261667,-117.6841667,7.08,3.83,mlr,37.0,27.0,0.06791,0.19,ci,ci38457695,2019-09-26T14:30:25.040Z,"23km N of Ridgecrest, CA",earthquake,0.19,0.42,0.125,23.0,reviewed,ci,ci
2019-07-06T03:50:04.740Z,35.6163333,-117.4436667,7.26,3.67,mlr,8.0,119.0,0.03338,0.07,ci,ci37261788,2020-02-27T20:06:35.557Z,"17km SSW of Searles Valley, CA",earthquake,0.24,0.38,0.178,3.0,reviewed,ci,ci
2019-07-06T03:50:11.070Z,35.9036667,-117.7248333,6.5,3.79,mlr,27.0,58.0,0.07483,0.14,ci,ci37421773,2019-08-08T22:29:25.040Z,"17km ESE of Little Lake, CA",earthquake,0.17,0.45,0.104,12.0,reviewed,ci,ci
2019-07-06T03:50:34.000Z,35.894,-117.7383333,8.37,3.45,ml,12.0,71.0,0.08488,0.08,ci,ci37220588,2019-08-15T02:26:20.040Z,"16km ESE of Little Lake, CA",earthquake,0.2,0.67,0.148,9.0,reviewed,ci,ci
2019-07-06T03:50:49.350Z,35.9101667,-117.739,10.71,3.79,mlr,13.0,96.0,0.0749,0.08,ci,ci37220316,2019-09-26T14:29:59.040Z,"15km E of Little Lake, CA",earthquake,0.2,0.4,0.217,9.0,reviewed,ci,ci
2019-07-06T03:50:59.710Z,35.9035,-117.7001667,8.26,4.97,mlr,43.0,38.0,0.05997,0.17,ci,ci38457703,2019-11-15T18:09:02.473Z,"19km E of Little Lake, CA",earthquake,0.16,0.41,0.184,246.0,reviewed,ci,ci
2019-07-06T03:51:20.330Z,35.9373333,-117.6741667,9.87,3.76,mlr,9.0,71.0,0.02199,0.11,ci,ci37261844,2020-02-27T22:16:18.426Z,"21km E of Little Lake, CA",earthquake,0.4,0.59,0.049,3.0,reviewed,ci,ci
2019-07-06T03:51:38.800Z,35.8958333,-117.707,6.16,3.44,ml,10.0,92.0,0.06937,0.07,ci,ci37261900,2020-02-27T22:28:55.532Z,"18km ESE of Little Lake, CA",earthquake,0.19,0.6,0.008,3.0,reviewed,ci,ci
2019-07-06T03:51:46.160Z,35.911,-117.6881667,8.23,3.23,ml,8.0,179.0,0.04792,0.06,ci,ci37261948,2020-02-28T00:17:57.590Z,"20km E of Little Lake, CA",earthquake,0.36,0.67,0.03,3.0,reviewed,ci,ci
2019-07-06T03:51:53.810Z,35.8895,-117.6785,8.96,3.08,ml,6.0,195.0,0.06259,0.07,ci,ci37261964,2020-02-28T00:39:59.101Z,"21km ESE of Little Lake, CA",earthquake,0.37,0.43,0.045,2.0,reviewed,ci,ci
2019-07-06T03:52:03.730Z,35.8996667,-117.6963333,9.69,3.57,ml,11.0,119.0,0.06089,0.11,ci,ci37220596,2019-08-08T22:29:57.040Z,"19km ESE of Little Lake, CA",earthquake,0.31,0.6,0.081,5.0,reviewed,ci,ci
2019-07-06T03:52:23.960Z,35.7508333,-117.6025,6.81,3.35,ml,9.0,223.0,0.06489,0.11,ci,ci37220604,2019-08-15T02:27:14.040Z,"16km NNE of Ridgecrest, CA",earthquake,0.74,0.46,0.108,4.0,reviewed,ci,ci
2019-07-06T03:52:54.840Z,35.5768333,-117.4073333,3.6,3.6,mlr,24.0,71.0,0.04575,0.19,ci,ci37220612,2021-03-10T00:19:21.417Z,"21km S of Trona, CA",earthquake,0.29,0.47,0.137,7.0,reviewed,ci,ci
2019-07-06T03:52:59.340Z,35.9273333,-117.7415,6.24,3.69,ml,23.0,38.0,0.06563,0.16,ci,ci37220748,2021-02-19T19:17:11.031Z,"15km E of Little Lake, CA",earthquake,0.23,0.61,0.128,16.0,reviewed,ci,ci
2019-07-06T03:53:20.900Z,35.775,-117.5638333,11.75,3.47,ml,10.0,155.0,0.04901,0.16,ci,ci37220908,2019-08-15T02:31:16.040Z,"14km W of Searles Valley, CA",earthquake,0.47,0.79,0.179,5.0,reviewed,ci,ci
2019-07-06T03:53:40.290Z,35.8696667,-117.7106667,5.8,3.68,mlr,26.0,47.0,0.07522,0.11,ci,ci38457719,2019-09-26T14:30:29.040Z,"19km ESE of Little Lake, CA",earthquake,0.15,0.47,0.216,18.0,reviewed,ci,ci
2019-07-06T03:53:40.350Z,35.7051667,-117.5235,10.04,3.27,ml,10.0,78.0,0.1257,0.09,ci,ci37221068,2019-08-08T16:32:28.432Z,"13km WSW of Searles Valley, CA",earthquake,0.25,0.56,0.055,3.0,reviewed,ci,ci
2019-07-06T03:53:57.980Z,35.9025,-117.6808333,8.09,3.67,ml,19.0,84.0,0.05161,0.15,ci,ci37221076,2019-08-08T16:59:06.817Z,"21km E of Little Lake, CA",earthquake,0.3,0.59,0.081,15.0,reviewed,ci,ci
2019-07-06T03:54:09.890Z,35.9,-117.744,6.99,3.24,ml,8.0,119.0,0.0775,0.08,ci,ci37261980,2020-02-28T00:58:50.828Z,"15km ESE of Little Lake, CA",earthquake,0.21,0.66,0.066,5.0,reviewed,ci,ci
2019-07-06T03:54:15.260Z,35.9173333,-117.7255,9.54,3.37,ml,18.0,52.0,0.06817,0.11,ci,ci37261988,2020-02-28T01:12:57.091Z,"16km E of Little Lake, CA",earthquake,0.2,0.43,0.19,9.0,reviewed,ci,ci
2019-07-06T03:54:46.840Z,35.78,-117.5856667,10.44,3.5,mlr,40.0,54.0,0.03694,0.16,ci,ci38457727,2019-09-30T19:20:17.169Z,"16km W of Searles Valley, CA",earthquake,0.17,0.36,0.09,30.0,reviewed,ci,ci
2019-07-06T03:55:03.710Z,35.63,-117.4376667,4.24,3.14,ml,6.0,151.0,0.04779,0.19,ci,ci37221092,2019-08-08T17:53:06.155Z,"16km SSW of Searles Valley, CA",earthquake,0.54,0.76,0.182,4.0,reviewed,ci,ci
2019-07-06T03:55:20.020Z,35.9055,-117.6875,8.43,4.06,mlr,42.0,37.0,0.05194,0.16,ci,ci38457735,2019-11-15T18:14:31.751Z,"20km E of Little Lake, CA",earthquake,0.14,0.34,0.134,34.0,reviewed,ci,ci
2019-07-06T03:55:48.170Z,35.8348333,-117.6805,9.05,3.15,ml,11.0,105.0,0.07008,0.1,ci,ci37262524,2020-02-28T18:40:36.940Z,"23km ESE of Little Lake, CA",earthquake,0.34,0.66,0.026,4.0,reviewed,ci,ci
2019-07-06T03:56:01.640Z,35.8818333,-117.674,4.37,3.48,ml,22.0,48.0,0.06866,0.17,ci,ci37221100,2019-09-26T14:30:00.040Z,"22km ESE of Little Lake, CA",earthquake,0.22,0.46,0.135,11.0,reviewed,ci,ci
2019-07-06T03:56:02.750Z,35.6693333,-117.4813333,3.23,3.07,ml,7.0,162.0,0.08411,0.06,ci,ci37262684,2020-02-28T19:40:05.253Z,"13km SSW of Searles Valley, CA",earthquake,0.25,0.91,0.046,2.0,reviewed,ci,ci
2019-07-06T03:56:10.490Z,35.8981667,-117.7306667,6.58,3.35,ml,11.0,78.0,0.08191,0.12,ci,ci37262860,2020-02-28T20:08:35.929Z,"16km ESE of Little Lake, CA",earthquake,0.26,0.78,0.073,5.0,reviewed,ci,ci
2019-07-06T03:56:25.080Z,35.87,-117.7083333,5.44,3.09,ml,10.0,95.0,0.07661,0.09,ci,ci37262884,2020-02-28T20:33:15.375Z,"19km ESE of Little Lake, CA",earthquake,0.22,0.76,0.045,4.0,reviewed,ci,ci
2019-07-06T03:56:33.520Z,35.918,-117.7361667,6.52,3.53,ml,26.0,48.0,0.0732,0.12,ci,ci37221108,2019-09-26T14:30:00.040Z,"16km E of Little Lake, CA",earthquake,0.15,0.39,0.117,16.0,reviewed,ci,ci
2019-07-06T03:56:45.000Z,35.9136667,-117.7153333,6.04,3.24,ml,10.0,125.0,0.06282,0.07,ci,ci37262892,2020-02-28T20:52:41.761Z,"17km E of Little Lake, CA",earthquake,0.21,0.58,0.074,4.0,reviewed,ci,ci
2019-07-06T03:57:12.320Z,35.8958333,-117.74,7.23,3.01,ml,9.0,124.0,0.08266,0.09,ci,ci37262916,2020-02-28T21:23:07.757Z,"16km ESE of Little Lake, CA",earthquake,0.33,0.72,0.16,5.0,reviewed,ci,ci
2019-07-06T03:57:37.970Z,35.8908333,-117.6995,4.57,3.59,mlr,22.0,48.0,0.06952,0.14,ci,ci37221116,2019-09-26T14:30:00.040Z,"19km ESE of Little Lake, CA",earthquake,0.2,0.44,0.097,12.0,reviewed,ci,ci
2019-07-06T03:57:50.900Z,35.869,-117.6613333,7.21,4.31,mlr,38.0,43.0,0.07425,0.14,ci,ci37421229,2019-09-26T14:30:25.040Z,"23km ESE of Little Lake, CA",earthquake,0.15,0.38,0.116,91.0,reviewed,ci,ci
2019-07-06T03:58:11.300Z,35.8846667,-117.6908333,9.69,3.44,ml,13.0,79.0,0.08848,0.1,ci,ci37262924,2020-02-28T21:41:16.929Z,"20km ESE of Little Lake, CA",earthquake,0.23,0.69,0.066,7.0,reviewed,ci,ci
2019-07-06T03:58:25.300Z,35.6591667,-117.4605,9.41,3.49,mlr,18.0,89.0,0.07252,0.13,ci,ci37221124,2020-02-28T22:00:30.162Z,"13km SSW of Searles Valley, CA",earthquake,0.2,0.57,0.119,11.0,reviewed,ci,ci
2019-07-06T03:58:47.290Z,35.637,-117.4765,5.27,3.22,ml,7.0,111.0,0.05172,0.1,ci,ci37262956,2020-02-29T01:16:06.527Z,"16km SSW of Searles Valley, CA",earthquake,0.25,0.81,0.067,2.0,reviewed,ci,ci
2019-07-06T03:58:57.000Z,35.7838333,-117.6118333,7.39,3.15,ml,7.0,138.0,0.0339,0.08,ci,ci37263204,2020-03-02T20:22:19.930Z,"19km W of Searles Valley, CA",earthquake,0.5,0.33,0.132,3.0,reviewed,ci,ci
2019-07-06T03:58:57.750Z,35.91,-117.6836667,2.3,3.39,ml,10.0,222.0,0.04648,0.06,ci,ci37263020,2020-03-02T18:49:33.235Z,"20km E of Little Lake, CA",earthquake,0.34,0.18,0.145,5.0,reviewed,ci,ci
2019-07-06T03:59:10.110Z,35.873,-117.6878333,4.52,3.03,ml,10.0,179.0,0.08069,0.07,ci,ci37263212,2020-03-02T21:05:05.631Z,"21km ESE of Little Lake, CA",earthquake,0.26,0.46,0.161,3.0,reviewed,ci,ci
2019-07-06T03:59:24.000Z,35.8928333,-117.7238333,8.02,3.47,ml,20.0,77.0,0.08108,0.11,ci,ci37221132,2019-08-08T19:23:57.308Z,"17km ESE of Little Lake, CA",earthquake,0.19,0.51,0.135,14.0,reviewed,ci,ci
2019-07-06T03:59:48.610Z,35.8751667,-117.7141667,4.37,3.53,mlr,35.0,66.0,0.0782,0.16,ci,ci38457759,2019-09-26T14:30:25.040Z,"19km ESE of Little Lake, CA",earthquake,0.18,0.4,0.156,28.0,reviewed,ci,ci
2019-07-06T04:00:10.650Z,35.8936667,-117.7386667,6.94,3.04,ml,11.0,99.0,0.08489,0.13,ci,ci37221140,2019-08-08T19:49:01.692Z,"16km ESE of Little Lake, CA",earthquake,0.32,0.84,0.166,6.0,reviewed,ci,ci
2019-07-06T04:00:36.030Z,35.9475,-117.7018333,4.68,3.2,ml,12.0,148.0,0.04175,0.07,ci,ci37221148,2019-08-08T19:54:03.526Z,"18km E of Little Lake, CA",earthquake,0.23,0.21,0.182,7.0,reviewed,ci,ci
2019-07-06T04:00:46.390Z,35.8815,-117.7318333,2.65,3.01,ml,12.0,60.0,0.07758,0.11,ci,ci37263220,2020-03-02T21:34:16.721Z,"17km ESE of Little Lake, CA",earthquake,0.2,0.3,0.089,6.0,reviewed,ci,ci
2019-07-06T04:00:58.520Z,35.55,-117.3796667,2.29,3.2,ml,8.0,126.0,0.02788,0.18,ci,ci37221180,2019-08-08T21:25:06.096Z,"24km S of Trona, CA",earthquake,0.63,0.29,0.108,4.0,reviewed,ci,ci
2019-07-06T04:01:05.610Z,35.8373333,-117.6685,10.82,3.24,ml,20.0,82.0,0.06158,0.2,ci,ci37221156,2019-08-08T20:54:36.546Z,"24km N of Ridgecrest, CA",earthquake,0.4,0.49,0.122,13.0,reviewed,ci,ci
2019-07-06T04:02:02.940Z,35.874,-117.6826667,4.37,2.87,ml,12.0,119.0,0.07826,0.17,ci,ci37221172,2019-08-08T21:11:59.826Z,"21km ESE of Little Lake, CA",earthquake,0.33,0.69,0.111,8.0,reviewed,ci,ci
2019-07-06T04:02:14.740Z,35.8911667,-117.683,2.23,3.0,ml,11.0,162.0,0.0625,0.12,ci,ci37221164,2019-08-08T21:01:54.534Z,"21km ESE of Little Lake, CA",earthquake,0.29,0.32,0.06,6.0,reviewed,ci,ci
2019-07-06T04:02:42.790Z,35.6935,-117.524,7.47,3.28,ml,17.0,79.0,0.118,0.19,ci,ci38457767,2019-08-09T17:49:21.390Z,"14km SW of Searles Valley, CA",earthquake,0.32,1.21,0.137,11.0,reviewed,ci,ci
2019-07-06T04:02:59.570Z,35.8821667,-117.7163333,4.85,3.48,ml,32.0,54.0,0.08337,0.16,ci,ci37221220,2019-09-26T14:30:00.040Z,"18km ESE of Little Lake, CA",earthquake,0.17,0.4,0.086,16.0,reviewed,ci,ci
2019-07-06T04:03:06.160Z,35.917,-117.7105,6.17,3.11,ml,19.0,59.0,0.05772,0.11,ci,ci37263228,2020-03-02T21:49:22.165Z,"18km E of Little Lake, CA",earthquake,0.23,0.61,0.096,9.0,reviewed,ci,ci
2019-07-06T04:04:09.030Z,35.5761667,-117.3451667,4.14,3.11,ml,9.0,170.0,0.05349,0.19,ci,ci37221236,2019-08-16T17:43:59.960Z,"21km S of Trona, CA",earthquake,0.59,0.99,0.094,4.0,reviewed,ci,ci
2019-07-06T04:04:53.230Z,35.8926667,-117.7288333,6.47,3.08,ml,16.0,99.0,0.08422,0.13,ci,ci37221388,2019-08-09T18:31:20.756Z,"17km ESE of Little Lake, CA",earthquake,0.29,0.55,0.124,10.0,reviewed,ci,ci
2019-07-06T04:04:57.540Z,35.8113333,-117.5838333,8.17,2.91,ml,14.0,224.0,0.01195,0.15,ci,ci37221396,2019-08-09T18:48:47.732Z,"17km WNW of Searles Valley, CA",earthquake,0.5,0.54,0.157,11.0,reviewed,ci,ci
2019-07-06T04:05:14.130Z,35.8733333,-117.721,11.19,2.83,ml,10.0,151.0,0.07382,0.21,ci,ci37221412,2019-08-09T19:03:09.491Z,"18km ESE of Little Lake, CA",earthquake,0.51,1.02,0.083,5.0,reviewed,ci,ci
2019-07-06T04:05:27.720Z,35.6578333,-117.4866667,1.93,3.55,ml,18.0,87.0,0.07392,0.16,ci,ci37221404,2019-09-26T14:30:00.040Z,"14km SSW of Searles Valley, CA",earthquake,0.3,0.37,0.186,8.0,reviewed,ci,ci
2019-07-06T04:05:40.640Z,35.8291667,-117.657,6.3,3.05,ml,14.0,105.0,0.05017,0.07,ci,ci37263236,2020-03-02T22:16:03.016Z,"23km N of Ridgecrest, CA",earthquake,0.19,0.56,0.154,8.0,reviewed,ci,ci
2019-07-06T04:05:49.900Z,35.917,-117.7088333,2.34,3.9,ml,19.0,83.0,0.05658,0.11,ci,ci37221188,2019-09-26T14:30:00.040Z,"18km E of Little Lake, CA",earthquake,0.17,0.18,0.221,9.0,reviewed,ci,ci
2019-07-06T04:06:10.320Z,35.8736667,-117.738,-0.41,3.13,ml,10.0,68.0,0.1027,0.25,ci,ci37221196,2019-08-08T22:50:25.407Z,"17km ESE of Little Lake, CA",earthquake,0.38,1.65,0.059,3.0,reviewed,ci,ci
2019-07-06T04:06:14.580Z,35.578,-117.3738333,5.91,3.79,mlr,18.0,73.0,0.05347,0.19,ci,ci38457887,2019-09-26T14:30:25.040Z,"21km S of Trona, CA",earthquake,0.28,0.62,0.124,44.0,reviewed,ci,ci
2019-07-06T04:06:31.960Z,35.598,-117.3588333,5.81,3.21,ml,9.0,205.0,0.07304,0.1,ci,ci37221204,2019-08-08T23:11:19.817Z,"19km S of Trona, CA",earthquake,0.78,0.5,0.192,4.0,reviewed,ci,ci
2019-07-06T04:06:50.070Z,35.6196667,-117.4608333,10.76,3.18,ml,13.0,86.0,0.03311,0.14,ci,ci37221212,2019-08-08T23:47:42.163Z,"17km SSW of Searles Valley, CA",earthquake,0.29,0.39,0.219,6.0,reviewed,ci,ci
2019-07-06T04:07:04.570Z,35.5551667,-117.5215,5.5,4.68,mlr,90.0,24.0,0.05757,0.23,ci,ci38457775,2020-03-02T22:19:38.728Z,"16km ESE of Ridgecrest, CA",earthquake,0.13,0.51,0.219,249.0,reviewed,ci,ci
2019-07-06T04:07:15.800Z,35.8646667,-117.6946667,2.73,3.74,mlr,12.0,75.0,0.09051,0.1,ci,ci37263244,2020-03-02T23:14:13.214Z,"21km ESE of Little Lake, CA",earthquake,0.22,0.35,0.172,3.0,reviewed,ci,ci
2019-07-06T04:07:37.930Z,35.9103333,-117.7176667,4.05,3.62,mlr,12.0,114.0,0.06624,0.11,ci,ci37221428,2020-03-03T01:20:05.832Z,"17km E of Little Lake, CA",earthquake,0.21,0.6,0.125,6.0,reviewed,ci,ci
2019-07-06T04:07:52.610Z,35.896,-117.7023333,7.88,3.03,ml,13.0,127.0,0.06679,0.07,ci,ci37221436,2020-03-03T01:04:19.619Z,"19km ESE of Little Lake, CA",earthquake,0.19,0.46,0.082,6.0,reviewed,ci,ci
2019-07-06T04:08:07.770Z,35.7398333,-117.5806667,11.65,3.13,ml,15.0,73.0,0.07697,0.12,ci,ci37263252,2020-03-03T01:26:15.856Z,"16km NNE of Ridgecrest, CA",earthquake,0.25,0.54,0.105,9.0,reviewed,ci,ci
2019-07-06T04:08:35.800Z,35.8688333,-117.6666667,6.45,3.41,ml,28.0,86.0,0.07723,0.14,ci,ci38457791,2019-09-26T14:30:26.040Z,"23km ESE of Little Lake, CA",earthquake,0.18,0.49,0.127,20.0,reviewed,ci,ci
2019-07-06T04:08:45.480Z,35.8875,-117.6833333,8.77,3.44,ml,23.0,47.0,0.06594,0.11,ci,ci37221444,2019-08-09T21:36:45.954Z,"21km ESE of Little Lake, CA",earthquake,0.16,0.43,0.112,14.0,reviewed,ci,ci
2019-07-06T04:08:55.760Z,35.8868333,-117.687,8.18,3.0,ml,7.0,85.0,0.0678,0.07,ci,ci37263260,2020-03-03T01:50:09.605Z,"20km ESE of Little Lake, CA",earthquake,0.29,0.74,0.08,4.0,reviewed,ci,ci
2019-07-06T04:09:10.450Z,35.8881667,-117.7235,4.63,2.94,ml,13.0,78.0,0.08412,0.1,ci,ci37221452,2019-08-09T23:56:20.917Z,"17km ESE of Little Lake, CA",earthquake,0.22,0.41,0.071,4.0,reviewed,ci,ci
2019-07-06T04:09:31.080Z,35.6781667,-117.5466667,11.16,3.37,ml,17.0,69.0,0.1145,0.16,ci,ci37221460,2019-08-10T00:14:21.530Z,"13km ENE of Ridgecrest, CA",earthquake,0.27,0.46,0.188,12.0,reviewed,ci,ci
2019-07-06T04:09:50.190Z,35.6916667,-117.5116667,8.69,3.45,ml,20.0,102.0,0.1124,0.16,ci,ci37221548,2019-08-12T17:39:52.849Z,"13km SW of Searles Valley, CA",earthquake,0.25,0.91,0.085,9.0,reviewed,ci,ci
2019-07-06T04:10:05.710Z,35.6353333,-117.3996667,3.04,3.38,ml,6.0,196.0,0.0705,0.14,ci,ci37221556,2019-08-12T18:05:21.164Z,"14km S of Trona, CA",earthquake,0.55,2.2,0.159,4.0,reviewed,ci,ci
2019-07-06T04:10:06.490Z,35.8218333,-117.6493333,6.35,3.26,ml,16.0,96.0,0.04256,0.18,ci,ci37221564,2019-08-12T18:11:44.155Z,"22km N of Ridgecrest, CA",earthquake,0.36,0.72,0.262,6.0,reviewed,ci,ci
2019-07-06T04:10:37.520Z,35.835,-117.675,9.07,3.45,mlr,26.0,42.0,0.06584,0.14,ci,ci38457799,2019-09-26T14:30:26.040Z,"24km ESE of Little Lake, CA",earthquake,0.19,0.37,0.207,20.0,reviewed,ci,ci
2019-07-06T04:10:49.060Z,35.7778333,-117.5806667,10.58,3.69,mlr,25.0,74.0,0.04023,0.12,ci,ci37221580,2020-03-03T19:12:01.379Z,"16km W of Searles Valley, CA",earthquake,0.19,0.37,0.199,7.0,reviewed,ci,ci
2019-07-06T04:10:52.280Z,35.925,-117.6946667,3.18,3.4,ml,5.0,140.0,0.0762,0.14,ci,ci37221612,2020-03-03T19:22:14.703Z,"19km E of Little Lake, CA",earthquake,0.73,6.15,0.066,3.0,reviewed,ci,ci
2019-07-06T04:10:58.090Z,35.8768333,-117.7138333,9.75,3.57,mlr,13.0,68.0,0.07976,0.06,ci,ci37263324,2020-03-03T20:07:16.866Z,"19km ESE of Little Lake, CA",earthquake,0.14,0.47,0.226,10.0,reviewed,ci,ci
2019-07-06T04:11:02.280Z,35.9,-117.6926667,6.48,3.83,mlr,27.0,46.0,0.05885,0.15,ci,ci37221588,2020-03-03T19:35:12.257Z,"20km ESE of Little Lake, CA",earthquake,0.18,0.44,0.1,12.0,reviewed,ci,ci
2019-07-06T04:11:08.920Z,35.9213333,-117.7086667,9.03,3.49,ml,7.0,167.0,0.05423,0.12,ci,ci37258068,2020-02-07T00:08:27.817Z,"18km E of Little Lake, CA",earthquake,0.64,1.04,0.121,5.0,reviewed,ci,ci
2019-07-06T04:11:23.280Z,35.8793333,-117.6923333,11.35,3.25,ml,14.0,90.0,0.07643,0.13,ci,ci37221596,2019-08-12T19:42:47.056Z,"20km ESE of Little Lake, CA",earthquake,0.35,0.56,0.114,11.0,reviewed,ci,ci
2019-07-06T04:11:53.940Z,35.9116667,-117.7258333,6.76,3.08,ml,11.0,81.0,0.07112,0.1,ci,ci37221604,2019-08-12T20:09:48.006Z,"16km E of Little Lake, CA",earthquake,0.3,0.68,0.077,9.0,reviewed,ci,ci
2019-07-06T04:12:02.550Z,35.6775,-117.49,1.26,3.09,ml,7.0,107.0,0.09358,0.04,ci,ci37263332,2020-03-03T20:36:37.701Z,"13km SW of Searles Valley, CA",earthquake,0.16,0.33,0.108,2.0,reviewed,ci,ci
2019-07-06T04:12:13.840Z,35.659,-117.4798333,6.97,3.86,mlr,24.0,88.0,0.07375,0.14,ci,ci38457807,2019-12-10T22:48:06.325Z,"14km SSW of Searles Valley, CA",earthquake,0.22,0.47,0.201,16.0,reviewed,ci,ci
2019-07-06T04:12:18.850Z,35.8873333,-117.7228333,9.17,3.87,ml,13.0,188.0,0.08433,0.19,ci,ci37221620,2019-08-12T21:17:12.401Z,"17km ESE of Little Lake, CA",earthquake,0.59,0.79,0.102,9.0,reviewed,ci,ci
2019-07-06T04:12:44.170Z,35.841,-117.6408333,10.1,3.57,mlr,20.0,96.0,0.0433,0.13,ci,ci37221628,2019-08-12T21:30:35.253Z,"23km WNW of Searles Valley, CA",earthquake,0.24,0.45,0.115,13.0,reviewed,ci,ci
2019-07-06T04:13:06.130Z,35.9091667,-117.6893333,8.39,3.63,mlr,11.0,72.0,0.04993,0.05,ci,ci37220324,2019-08-15T03:31:10.040Z,"20km E of Little Lake, CA",earthquake,0.16,0.4,0.121,6.0,reviewed,ci,ci
2019-07-06T04:13:07.080Z,35.5846667,-117.6145,9.73,4.8,mlr,62.0,32.0,0.1185,0.18,ci,ci38457815,2019-11-15T18:23:14.307Z,"7km SE of Ridgecrest, CA",earthquake,0.13,0.36,0.165,229.0,reviewed,ci,ci
2019-07-06T04:13:30.590Z,35.891,-117.7268333,10.01,3.52,mlr,12.0,60.0,0.08411,0.12,ci,ci37263340,2020-03-03T20:58:47.538Z,"17km ESE of Little Lake, CA",earthquake,0.29,0.83,0.058,8.0,reviewed,ci,ci
2019-07-06T04:13:55.120Z,35.9041667,-117.6808333,9.43,3.43,ml,9.0,79.0,0.05015,0.18,ci,ci37221636,2019-08-12T21:43:53.163Z,"21km E of Little Lake, CA",earthquake,0.7,1.88,0.085,6.0,reviewed,ci,ci
2019-07-06T04:14:20.800Z,35.6041667,-117.4026667,6.72,3.84,mlr,23.0,103.0,0.05162,0.13,ci,ci37221644,2019-09-26T14:30:00.040Z,"18km S of Trona, CA",earthquake,0.23,0.35,0.304,3.0,reviewed,ci,ci
2019-07-06T04:14:31.370Z,35.6795,-117.4906667,0.91,3.74,mlr,13.0,70.0,0.09565,0.19,ci,ci37221708,2019-08-16T17:53:33.223Z,"12km SW of Searles Valley, CA",earthquake,0.33,0.57,0.141,5.0,reviewed,ci,ci
2019-07-06T04:14:55.290Z,35.7095,-117.5066667,7.01,3.02,ml,10.0,118.0,0.128,0.12,ci,ci37263348,2020-03-03T21:28:57.905Z,"11km SW of Searles Valley, CA",earthquake,0.29,0.7,0.154,3.0,reviewed,ci,ci
2019-07-06T04:14:59.200Z,35.903,-117.7271667,4.42,3.04,ml,9.0,172.0,0.07676,0.12,ci,ci37221716,2019-08-13T17:20:45.996Z,"17km ESE of Little Lake, CA",earthquake,0.42,0.51,0.085,5.0,reviewed,ci,ci
2019-07-06T04:15:15.030Z,35.8821667,-117.7291667,3.23,2.69,ml,10.0,112.0,0.07897,0.1,ci,ci37263356,2020-03-03T21:53:21.972Z,"17km ESE of Little Lake, CA",earthquake,0.21,3.08,0.056,7.0,reviewed,ci,ci
2019-07-06T04:15:24.200Z,35.9091667,-117.7355,10.22,2.94,ml,6.0,173.0,0.07785,0.05,ci,ci37221868,2019-08-13T18:20:37.178Z,"16km E of Little Lake, CA",earthquake,0.36,0.67,0.131,3.0,reviewed,ci,ci
2019-07-06T04:15:30.780Z,35.8933333,-117.728,6.98,2.94,ml,11.0,133.0,0.08327,0.18,ci,ci37263364,2020-03-03T21:59:09.844Z,"17km ESE of Little Lake, CA",earthquake,0.44,1.49,0.114,6.0,reviewed,ci,ci
2019-07-06T04:16:01.980Z,35.887,-117.689,9.01,3.13,ml,15.0,86.0,0.06838,0.13,ci,ci37221876,2019-08-13T18:43:36.130Z,"20km ESE of Little Lake, CA",earthquake,0.23,0.52,0.105,10.0,reviewed,ci,ci
2019-07-06T04:16:09.740Z,35.5308333,-117.4883333,7.18,2.94,ml,4.0,130.0,0.05949,0.05,ci,ci38457823,2019-09-26T14:30:26.040Z,"20km ESE of Ridgecrest, CA",earthquake,0.67,1.18,0.156,2.0,reviewed,ci,ci
2019-07-06T04:16:17.230Z,35.8248333,-117.6715,8.56,3.52,ml,42.0,46.0,0.06081,0.12,ci,ci38457831,2019-09-26T14:30:26.040Z,"23km N of Ridgecrest, CA",earthquake,0.13,0.27,0.107,27.0,reviewed,ci,ci
2019-07-06T04:16:36.160Z,35.8115,-117.6263333,7.49,3.14,ml,6.0,112.0,0.02381,0.15,ci,ci37221892,2021-02-19T19:17:09.596Z,"21km WNW of Searles Valley, CA",earthquake,0.91,0.93,0.032,2.0,reviewed,ci,ci
2019-07-06T04:16:48.800Z,35.824,-117.66,5.81,3.58,ml,23.0,47.0,0.05145,0.27,ci,ci37221884,2019-09-26T14:30:00.040Z,"23km N of Ridgecrest, CA",earthquake,0.37,0.84,0.193,18.0,reviewed,ci,ci
2019-07-06T04:17:13.350Z,35.8593333,-117.7106667,-0.75,2.79,ml,11.0,93.0,0.1017,0.1,ci,ci37221900,2020-03-03T23:01:17.052Z,"20km ESE of Little Lake, CA",earthquake,0.21,0.5,0.083,6.0,reviewed,ci,ci
2019-07-06T04:17:13.710Z,35.8155,-117.65,9.14,2.84,ml,16.0,96.0,0.04266,0.09,ci,ci37263372,2020-03-03T22:44:25.924Z,"22km N of Ridgecrest, CA",earthquake,0.19,0.41,0.076,12.0,reviewed,ci,ci
2019-07-06T04:17:41.000Z,35.879,-117.6686667,6.95,2.96,ml,18.0,50.0,0.07847,0.12,ci,ci37221908,2019-08-13T20:42:22.527Z,"22km ESE of Little Lake, CA",earthquake,0.17,0.38,0.127,11.0,reviewed,ci,ci
2019-07-06T04:18:07.940Z,35.6658333,-117.4823333,4.15,3.39,mlr,33.0,47.0,0.08084,0.17,ci,ci38457839,2019-09-30T19:20:22.000Z,"13km SSW of Searles Valley, CA",earthquake,0.19,0.62,0.132,14.0,reviewed,ci,ci
2019-07-06T04:18:32.600Z,35.8975,-117.7268333,8.21,3.16,ml,4.0,237.0,0.09011,0.03,ci,ci37221924,2019-08-13T21:57:59.198Z,"17km ESE of Little Lake, CA",earthquake,0.42,0.73,0.091,3.0,reviewed,ci,ci
2019-07-06T04:18:36.030Z,35.694,-117.5381667,8.39,3.63,ml,22.0,76.0,0.1238,0.13,ci,ci37221916,2019-08-13T21:52:49.789Z,"15km SW of Searles Valley, CA",earthquake,0.19,0.67,0.124,17.0,reviewed,ci,ci
2019-07-06T04:18:55.790Z,35.9101667,-117.6848333,7.41,5.44,mw,66.0,37.0,0.07213,0.17,ci,ci38457847,2025-12-22T18:14:34.556Z,"20km E of Little Lake, CA",earthquake,0.12,0.36,,6.0,reviewed,ci,ci
2019-07-06T04:19:15.480Z,35.785,-117.6175,10.63,4.29,mlr,17.0,115.0,0.03471,0.1,ci,ci37221932,2020-03-04T00:08:20.747Z,"19km NNE of Ridgecrest, CA",earthquake,0.21,0.33,0.079,6.0,reviewed,ci,ci
2019-07-06T04:19:40.830Z,35.889,-117.7245,1.31,3.37,ml,7.0,139.0,0.08411,0.11,ci,ci37263380,2020-03-04T00:48:34.484Z,"17km ESE of Little Lake, CA",earthquake,0.23,2.82,0.09,3.0,reviewed,ci,ci
2019-07-06T04:19:54.940Z,35.885,-117.717,4.9,3.83,mlr,19.0,128.0,0.08562,0.11,ci,ci38457855,2019-11-15T18:34:20.909Z,"18km ESE of Little Lake, CA",earthquake,0.21,1.09,0.109,8.0,reviewed,ci,ci
2019-07-06T04:19:56.010Z,35.5808333,-117.4041667,5.18,4.01,mlr,7.0,201.0,0.04764,0.08,ci,ci38457863,2020-04-04T06:49:56.468Z,"20km S of Trona, CA",earthquake,0.47,0.36,0.066,3.0,reviewed,ci,ci
2019-07-06T04:20:06.180Z,35.8981667,-117.71,10.24,3.53,ml,8.0,85.0,0.09556,0.08,ci,ci37263396,2020-03-04T19:49:49.934Z,"18km ESE of Little Lake, CA",earthquake,0.28,1.09,0.168,2.0,reviewed,ci,ci
2019-07-06T04:20:22.140Z,35.8773333,-117.7265,4.23,3.36,ml,12.0,68.0,0.07538,0.13,ci,ci37263484,2020-03-04T20:36:07.287Z,"18km ESE of Little Lake, CA",earthquake,0.25,0.66,0.069,5.0,reviewed,ci,ci
2019-07-06T04:20:28.200Z,35.9246667,-117.7088333,2.76,3.68,ml,11.0,120.0,0.08764,0.2,ci,ci37221940,2019-08-14T17:35:22.960Z,"18km E of Little Lake, CA",earthquake,0.51,1.28,0.109,6.0,reviewed,ci,ci
2019-07-06T04:20:40.160Z,35.896,-117.7301667,5.9,2.92,ml,5.0,238.0,0.0888,0.06,ci,ci37263492,2020-03-04T21:25:56.893Z,"16km ESE of Little Lake, CA",earthquake,0.38,1.03,0.019,3.0,reviewed,ci,ci
2019-07-06T04:20:46.910Z,35.8735,-117.7,3.16,3.6,ml,9.0,96.0,0.08354,0.1,ci,ci37221948,2019-08-14T00:18:25.516Z,"20km ESE of Little Lake, CA",earthquake,0.23,5.05,0.112,7.0,reviewed,ci,ci
2019-07-06T04:21:00.220Z,35.7971667,-117.6243333,8.47,3.53,ml,24.0,76.0,0.02862,0.09,ci,ci37263500,2020-03-04T21:43:36.324Z,"20km NNE of Ridgecrest, CA",earthquake,0.14,0.26,0.118,17.0,reviewed,ci,ci
2019-07-06T04:21:35.820Z,35.7786667,-117.6121667,2.59,4.17,mlr,41.0,53.0,0.03887,0.17,ci,ci38457871,2019-09-26T14:29:59.040Z,"18km NNE of Ridgecrest, CA",earthquake,0.15,0.24,0.19,66.0,reviewed,ci,ci
2019-07-06T04:21:53.760Z,35.7166667,-117.5548333,6.81,3.62,ml,20.0,89.0,0.1048,0.15,ci,ci37222028,2019-08-14T16:48:50.040Z,"15km WSW of Searles Valley, CA",earthquake,0.22,0.7,0.147,9.0,reviewed,ci,ci
2019-07-06T04:22:16.200Z,35.8611667,-117.6911667,7.72,3.64,ml,26.0,47.0,0.07965,0.1,ci,ci37222036,2019-09-26T14:30:00.040Z,"21km ESE of Little Lake, CA",earthquake,0.13,0.41,0.134,16.0,reviewed,ci,ci
2019-07-06T04:22:39.100Z,35.913,-117.7446667,6.21,3.09,ml,18.0,60.0,0.06951,0.11,ci,ci37222044,2019-08-14T17:12:32.861Z,"15km E of Little Lake, CA",earthquake,0.19,0.51,0.132,11.0,reviewed,ci,ci
2019-07-06T04:23:14.240Z,35.8921667,-117.706,5.81,2.93,ml,13.0,81.0,0.09516,0.07,ci,ci37222068,2019-08-14T18:12:13.660Z,"19km ESE of Little Lake, CA",earthquake,0.15,0.47,0.097,8.0,reviewed,ci,ci
2019-07-06T04:23:29.510Z,35.6506667,-117.488,1.08,3.37,ml,16.0,64.0,0.06739,0.2,ci,ci37222052,2019-08-14T18:02:04.410Z,"15km SSW of Searles Valley, CA",earthquake,0.3,0.55,0.094,5.0,reviewed,ci,ci
2019-07-06T04:23:29.830Z,35.8885,-117.7186667,4.63,3.34,ml,25.0,56.0,0.1008,0.11,ci,ci37222060,2019-08-14T18:05:37.200Z,"18km ESE of Little Lake, CA",earthquake,0.13,0.28,0.156,11.0,reviewed,ci,ci
2019-07-06T04:23:52.580Z,35.8926667,-117.6963333,9.72,3.09,ml,10.0,240.0,0.06655,0.11,ci,ci37263508,2020-03-04T21:56:06.986Z,"20km ESE of Little Lake, CA",earthquake,0.55,0.4,0.121,5.0,reviewed,ci,ci
2019-07-06T04:24:14.940Z,35.6356667,-117.429,5.65,3.26,ml,17.0,99.0,0.1223,0.12,ci,ci38457879,2019-09-26T14:30:27.040Z,"15km S of Searles Valley, CA",earthquake,0.18,0.83,0.129,11.0,reviewed,ci,ci
2019-07-06T04:24:40.670Z,35.8976667,-117.6995,7.41,3.65,mlr,34.0,45.0,0.08799,0.11,ci,ci38457895,2019-09-26T14:30:27.040Z,"19km ESE of Little Lake, CA",earthquake,0.13,0.4,0.157,19.0,reviewed,ci,ci
2019-07-06T04:24:43.320Z,35.6741667,-117.549,7.96,3.67,ml,18.0,58.0,0.1125,0.19,ci,ci37222092,2019-08-14T20:22:26.598Z,"13km ENE of Ridgecrest, CA",earthquake,0.32,1.2,0.19,10.0,reviewed,ci,ci
2019-07-06T04:25:24.620Z,35.6281667,-117.3551667,8.46,2.74,ml,7.0,148.0,0.09662,0.14,ci,ci37222108,2019-08-14T20:40:33.124Z,"15km S of Trona, CA",earthquake,0.47,0.93,0.124,5.0,reviewed,ci,ci
2019-07-06T04:25:36.100Z,35.8838333,-117.7311667,3.0,2.96,ml,20.0,63.0,0.07995,0.18,ci,ci37222116,2019-08-14T20:45:51.753Z,"17km ESE of Little Lake, CA",earthquake,0.26,1.27,0.083,9.0,reviewed,ci,ci
2019-07-06T04:26:09.860Z,35.87,-117.7001667,4.1,2.85,ml,10.0,89.0,0.08077,0.08,ci,ci37222124,2019-08-14T21:28:45.344Z,"20km ESE of Little Lake, CA",earthquake,0.19,0.46,0.121,7.0,reviewed,ci,ci
2019-07-06T04:26:17.230Z,35.9031667,-117.6905,6.55,2.87,ml,11.0,86.0,0.07905,0.08,ci,ci37222132,2019-08-14T21:41:22.606Z,"20km E of Little Lake, CA",earthquake,0.2,0.6,0.148,7.0,reviewed,ci,ci
2019-07-06T04:26:37.290Z,35.9016667,-117.7136667,10.01,3.23,ml,17.0,73.0,0.09693,0.14,ci,ci37222140,2019-08-14T21:47:12.850Z,"18km ESE of Little Lake, CA",earthquake,0.25,0.51,0.183,12.0,reviewed,ci,ci
2019-07-06T04:26:55.770Z,35.6918333,-117.6078333,2.0,2.83,ml,13.0,92.0,0.1161,0.26,ci,ci37222148,2019-08-14T21:55:00.278Z,"10km NE of Ridgecrest, CA",earthquake,0.39,0.73,0.153,6.0,reviewed,ci,ci
2019-07-06T04:27:10.340Z,35.8871667,-117.7131667,5.98,3.59,mlr,42.0,38.0,0.08898,0.14,ci,ci38457903,2019-09-30T19:20:46.137Z,"18km ESE of Little Lake, CA",earthquake,0.12,0.4,0.144,23.0,reviewed,ci,ci
2019-07-06T04:28:09.260Z,35.8821667,-117.7261667,3.78,3.51,ml,37.0,34.0,0.0799,0.1,ci,ci37222156,2019-09-26T14:30:00.040Z,"17km ESE of Little Lake, CA",earthquake,0.11,0.28,0.157,20.0,reviewed,ci,ci
2019-07-06T04:28:38.500Z,35.8953333,-117.731,6.95,3.16,ml,19.0,106.0,0.08866,0.07,ci,ci37222164,2019-08-15T00:17:55.339Z,"16km ESE of Little Lake, CA",earthquake,0.15,0.44,0.095,9.0,reviewed,ci,ci
2019-07-06T04:29:02.200Z,35.7955,-117.6306667,2.82,3.6,mlr,39.0,54.0,0.03368,0.16,ci,ci38457911,2020-03-05T18:02:46.530Z,"20km NNE of Ridgecrest, CA",earthquake,0.14,0.22,0.197,38.0,reviewed,ci,ci
2019-07-06T04:29:21.400Z,35.8655,-117.6895,9.06,3.08,ml,11.0,80.0,0.08355,0.09,ci,ci37263516,2020-03-04T22:33:39.651Z,"21km ESE of Little Lake, CA",earthquake,0.22,0.59,0.031,7.0,reviewed,ci,ci
2019-07-06T04:30:03.430Z,35.8991667,-117.6965,2.48,3.23,ml,19.0,58.0,0.06137,0.11,ci,ci37224788,2019-09-06T21:25:06.632Z,"19km ESE of Little Lake, CA",earthquake,0.15,0.23,0.155,18.0,reviewed,ci,ci
2019-07-06T04:30:09.210Z,35.894,-117.6998333,0.8,3.0,ml,8.0,210.0,0.08987,0.12,ci,ci37263644,2020-03-05T18:20:34.110Z,"19km ESE of Little Lake, CA",earthquake,0.45,0.36,0.183,3.0,reviewed,ci,ci
2019-07-06T04:30:44.040Z,35.8723333,-117.6735,8.26,3.04,ml,15.0,90.0,0.08367,0.11,ci,ci38457919,2019-09-26T14:30:47.040Z,"22km ESE of Little Lake, CA",earthquake,0.31,0.7,0.138,6.0,reviewed,ci,ci
2019-07-06T04:30:46.820Z,35.6833333,-117.5111667,10.89,3.49,ml,20.0,101.0,0.1045,0.19,ci,ci37224748,2019-09-06T18:39:15.207Z,"14km SW of Searles Valley, CA",earthquake,0.32,0.59,0.172,17.0,reviewed,ci,ci
2019-07-06T04:31:05.250Z,35.8408333,-117.6601667,4.81,3.54,ml,37.0,36.0,0.05674,0.15,ci,ci38457927,2019-09-26T14:30:27.040Z,"24km N of Ridgecrest, CA",earthquake,0.14,0.32,0.134,25.0,reviewed,ci,ci
2019-07-06T04:31:19.460Z,35.5656667,-117.3958333,3.36,3.75,mlr,27.0,102.0,0.04798,0.18,ci,ci37224756,2021-02-19T19:17:08.187Z,"22km S of Trona, CA",earthquake,0.26,0.54,0.204,28.0,reviewed,ci,ci
2019-07-06T04:31:38.200Z,35.8988333,-117.7261667,5.82,3.41,ml,18.0,131.0,0.0898,0.13,ci,ci37224764,2022-09-24T01:20:54.564Z,"17km ESE of Little Lake, CA",earthquake,0.25,0.61,0.1,10.0,reviewed,ci,ci
2019-07-06T04:31:42.380Z,35.8936667,-117.7336667,6.66,3.28,ml,11.0,120.0,0.0866,0.09,ci,ci37263532,2020-03-05T18:53:37.930Z,"16km ESE of Little Lake, CA",earthquake,0.27,0.56,0.098,6.0,reviewed,ci,ci
2019-07-06T04:32:02.530Z,35.9225,-117.7191667,3.15,2.91,ml,13.0,110.0,0.08434,0.08,ci,ci37263540,2020-03-05T00:36:26.352Z,"17km E of Little Lake, CA",earthquake,0.19,0.57,0.129,8.0,reviewed,ci,ci
2019-07-06T04:32:12.860Z,35.7818333,-117.605,4.56,3.17,ml,24.0,125.0,0.03438,0.16,ci,ci37263548,2020-03-05T00:47:31.995Z,"18km W of Searles Valley, CA",earthquake,0.29,0.31,0.088,17.0,reviewed,ci,ci
2019-07-06T04:32:26.130Z,35.8608333,-117.673,5.67,2.91,ml,10.0,89.0,0.07607,0.06,ci,ci37263556,2020-03-05T00:57:21.303Z,"23km ESE of Little Lake, CA",earthquake,0.19,0.7,0.12,6.0,reviewed,ci,ci
2019-07-06T04:32:42.690Z,35.6618333,-117.5356667,9.13,2.97,ml,25.0,60.0,0.09609,0.13,ci,ci37263564,2020-03-05T01:21:03.259Z,"14km ENE of Ridgecrest, CA",earthquake,0.17,0.51,0.13,14.0,reviewed,ci,ci
2019-07-06T04:33:04.730Z,35.8923333,-117.6993333,6.99,2.84,ml,12.0,71.0,0.0903,0.06,ci,ci37263660,2020-03-05T19:23:08.109Z,"19km ESE of Little Lake, CA",earthquake,0.16,0.53,0.112,8.0,reviewed,ci,ci
2019-07-06T04:33:12.360Z,35.9258333,-117.7186667,6.36,2.9,ml,12.0,114.0,0.08373,0.05,ci,ci37263668,2020-03-05T19:31:12.881Z,"17km E of Little Lake, CA",earthquake,0.18,0.4,0.064,4.0,reviewed,ci,ci
2019-07-06T04:33:24.410Z,35.9205,-117.714,2.58,3.34,ml,38.0,43.0,0.05842,0.12,ci,ci38457935,2020-03-05T19:36:43.960Z,"17km E of Little Lake, CA",earthquake,0.11,0.17,0.194,27.0,reviewed,ci,ci
2019-07-06T04:33:34.330Z,35.8866667,-117.7138333,5.16,2.98,ml,7.0,147.0,0.08829,0.07,ci,ci37263676,2020-03-05T19:40:35.186Z,"18km ESE of Little Lake, CA",earthquake,0.23,1.04,0.016,4.0,reviewed,ci,ci
2019-07-06T04:33:40.150Z,35.8786667,-117.703,6.57,3.05,ml,11.0,92.0,0.08615,0.11,ci,ci37263684,2020-03-05T19:48:26.283Z,"19km ESE of Little Lake, CA",earthquake,0.24,0.81,0.052,6.0,reviewed,ci,ci
2019-07-06T04:33:50.060Z,35.8285,-117.6625,2.97,3.61,mlr,32.0,47.0,0.05433,0.18,ci,ci37224772,2019-09-26T14:31:14.040Z,"23km N of Ridgecrest, CA",earthquake,0.19,0.31,0.178,36.0,reviewed,ci,ci
2019-07-06T04:34:01.800Z,35.8741667,-117.7021667,6.32,3.22,ml,17.0,71.0,0.08296,0.1,ci,ci37224796,2019-09-06T21:39:13.742Z,"20km ESE of Little Lake, CA",earthquake,0.17,0.55,0.101,9.0,reviewed,ci,ci
2019-07-06T04:34:11.150Z,35.8965,-117.7398333,7.81,3.53,ml,22.0,113.0,0.08234,0.11,ci,ci37224780,2020-03-05T19:52:42.614Z,"16km ESE of Little Lake, CA",earthquake,0.19,0.45,0.117,23.0,reviewed,ci,ci
2019-07-06T04:34:24.330Z,35.8736667,-117.7163333,4.45,3.13,ml,18.0,122.0,0.076,0.13,ci,ci37224804,2019-09-06T23:37:53.269Z,"18km ESE of Little Lake, CA",earthquake,0.25,0.41,0.125,13.0,reviewed,ci,ci
2019-07-06T04:34:38.320Z,35.6751667,-117.5348333,7.76,3.18,ml,15.0,97.0,0.1064,0.18,ci,ci37224812,2019-09-06T23:46:44.361Z,"14km ENE of Ridgecrest, CA",earthquake,0.38,1.38,0.081,12.0,reviewed,ci,ci
2019-07-06T04:34:47.830Z,35.9053333,-117.7233333,5.86,2.78,ml,9.0,176.0,0.0883,0.09,ci,ci37263700,2020-03-05T20:40:24.709Z,"17km ESE of Little Lake, CA",earthquake,0.31,0.85,0.058,6.0,reviewed,ci,ci
2019-07-06T04:34:59.880Z,35.8998333,-117.742,6.57,2.57,ml,8.0,120.0,0.07886,0.07,ci,ci37263692,2020-03-05T20:31:03.719Z,"15km ESE of Little Lake, CA",earthquake,0.21,0.72,0.195,4.0,reviewed,ci,ci
2019-07-06T04:35:15.900Z,35.5975,-117.4043333,4.86,3.21,ml,19.0,79.0,0.04842,0.12,ci,ci37224820,2019-09-09T17:29:27.099Z,"19km S of Trona, CA",earthquake,0.27,0.31,0.181,7.0,reviewed,ci,ci
2019-07-06T04:36:19.870Z,35.9581667,-117.7098333,7.83,2.74,ml,8.0,118.0,0.0806,0.05,ci,ci37224916,2019-09-09T17:53:42.489Z,"18km E of Little Lake, CA",earthquake,0.26,0.49,0.083,6.0,reviewed,ci,ci
2019-07-06T04:36:30.490Z,35.7061667,-117.512,2.29,3.17,ml,19.0,79.0,0.1261,0.14,ci,ci38457951,2019-09-09T18:53:06.250Z,"12km SW of Searles Valley, CA",earthquake,0.2,0.39,0.195,10.0,reviewed,ci,ci
2019-07-06T04:36:34.900Z,35.909,-117.6828333,7.5,2.88,ml,13.0,76.0,0.04691,0.12,ci,ci37224956,2019-09-09T18:57:28.734Z,"20km E of Little Lake, CA",earthquake,0.27,0.71,0.083,10.0,reviewed,ci,ci
2019-07-06T04:36:43.370Z,35.8755,-117.6931667,8.42,2.86,ml,9.0,95.0,0.08016,0.11,ci,ci37224940,2019-09-09T18:32:35.753Z,"20km ESE of Little Lake, CA",earthquake,0.32,1.02,0.087,8.0,reviewed,ci,ci
2019-07-06T04:36:50.230Z,35.8688333,-117.7066667,2.76,3.8,mlr,29.0,34.0,0.07652,0.11,ci,ci37224932,2019-09-26T14:31:14.040Z,"20km ESE of Little Lake, CA",earthquake,0.16,0.3,0.137,6.0,reviewed,ci,ci
2019-07-06T04:36:55.310Z,35.9,-117.7376667,1.9,4.85,mw,62.0,35.0,0.08153,0.17,ci,ci38457967,2020-03-05T21:00:31.509Z,"16km ESE of Little Lake, CA",earthquake,0.13,0.21,,5.0,reviewed,ci,ci
2019-07-06T04:37:13.570Z,35.91,-117.7453333,8.01,4.33,mlr,24.0,48.0,0.07067,0.11,ci,ci37224964,2019-09-09T19:30:50.611Z,"15km ESE of Little Lake, CA",earthquake,0.16,0.4,0.109,13.0,reviewed,ci,ci
2019-07-06T04:37:31.520Z,35.7051667,-117.5266667,8.94,3.22,ml,8.0,157.0,0.1245,0.21,ci,ci37263716,2020-03-05T21:33:15.915Z,"13km WSW of Searles Valley, CA",earthquake,0.85,2.01,,1.0,reviewed,ci,ci
2019-07-06T04:37:43.640Z,35.8266667,-117.6645,8.41,3.27,ml,9.0,107.0,0.05552,0.06,ci,ci37224972,2019-09-09T19:44:56.628Z,"23km N of Ridgecrest, CA",earthquake,0.22,0.65,0.06,6.0,reviewed,ci,ci
2019-07-06T04:38:08.610Z,35.6326667,-117.434,6.26,3.59,mlr,33.0,74.0,0.05148,0.15,ci,ci37263724,2020-03-05T21:54:11.681Z,"15km S of Searles Valley, CA",earthquake,0.17,0.41,0.184,19.0,reviewed,ci,ci
2019-07-06T04:38:24.630Z,35.686,-117.5345,8.09,3.02,ml,10.0,134.0,0.1154,0.09,ci,ci37263732,2020-03-05T22:15:06.020Z,"15km ENE of Ridgecrest, CA",earthquake,0.34,0.88,0.166,3.0,reviewed,ci,ci
2019-07-06T04:39:10.040Z,35.8893333,-117.7431667,6.63,3.15,ml,21.0,53.0,0.08251,0.13,ci,ci38457975,2019-09-26T14:30:28.040Z,"16km ESE of Little Lake, CA",earthquake,0.18,0.42,0.091,12.0,reviewed,ci,ci
2019-07-06T04:39:43.930Z,35.8901667,-117.7095,8.36,3.42,ml,16.0,50.0,0.09304,0.11,ci,ci37224980,2019-09-09T20:08:07.958Z,"18km ESE of Little Lake, CA",earthquake,0.23,0.66,0.056,4.0,reviewed,ci,ci
2019-07-06T04:39:46.020Z,35.89,-117.711,7.54,3.4,ml,15.0,66.0,0.09976,0.1,ci,ci37224988,2019-09-09T20:24:05.905Z,"18km ESE of Little Lake, CA",earthquake,0.26,0.66,0.103,9.0,reviewed,ci,ci
2019-07-06T04:40:09.690Z,35.837,-117.6663333,9.8,3.42,ml,25.0,47.0,0.05982,0.16,ci,ci37224996,2019-09-09T20:34:11.438Z,"24km N of Ridgecrest, CA",earthquake,0.25,0.59,0.17,10.0,reviewed,ci,ci
2019-07-06T04:40:15.980Z,35.6428333,-117.4456667,2.88,4.24,mlr,43.0,67.0,0.0578,0.15,ci,ci38457983,2019-09-26T14:30:27.040Z,"14km SSW of Searles Valley, CA",earthquake,0.15,0.28,0.16,29.0,reviewed,ci,ci
2019-07-06T04:40:39.610Z,35.8805,-117.7151667,3.41,3.39,ml,21.0,65.0,0.08237,0.13,ci,ci37225004,2019-09-09T21:36:54.449Z,"18km ESE of Little Lake, CA",earthquake,0.19,0.69,0.13,12.0,reviewed,ci,ci
2019-07-06T04:41:03.050Z,35.8993333,-117.7248333,5.62,3.61,mlr,27.0,59.0,0.09042,0.1,ci,ci38457991,2019-09-09T21:55:41.988Z,"17km ESE of Little Lake, CA",earthquake,0.14,0.43,0.106,19.0,reviewed,ci,ci
2019-07-06T04:41:36.260Z,35.885,-117.7298333,3.44,2.79,ml,10.0,137.0,0.08142,0.09,ci,ci37225012,2019-09-09T22:00:55.275Z,"17km ESE of Little Lake, CA",earthquake,0.19,1.01,0.098,6.0,reviewed,ci,ci
2019-07-06T04:41:49.210Z,35.8868333,-117.691,6.77,3.45,mlr,49.0,39.0,0.06929,0.13,ci,ci38457999,2019-09-26T14:30:28.040Z,"20km ESE of Little Lake, CA",earthquake,0.11,0.26,0.127,32.0,reviewed,ci,ci
2019-07-06T04:42:16.440Z,36.0861667,-117.7738333,8.44,2.62,ml,7.0,135.0,0.06123,0.06,ci,ci37225020,2019-09-09T23:47:56.373Z,"16km ENE of Coso Junction, CA",earthquake,0.3,0.53,0.046,1.0,reviewed,ci,ci
2019-07-06T04:42:26.860Z,35.9513333,-117.8348333,8.23,2.77,ml,12.0,71.0,0.01404,0.19,ci,ci37225028,2019-09-09T23:51:58.849Z,"7km ENE of Little Lake, CA",earthquake,0.53,0.75,0.032,8.0,reviewed,ci,ci
2019-07-06T04:42:47.400Z,35.6105,-117.5986667,5.27,2.74,ml,6.0,102.0,0.1138,0.1,ci,ci37225036,2019-09-09T23:56:16.299Z,"7km E of Ridgecrest, CA",earthquake,0.33,3.18,0.252,3.0,reviewed,ci,ci
2019-07-06T04:42:54.390Z,35.6915,-117.6045,6.63,3.36,ml,43.0,42.0,0.1189,0.2,ci,ci38458007,2019-09-26T14:30:28.040Z,"10km NE of Ridgecrest, CA",earthquake,0.18,0.54,0.144,35.0,reviewed,ci,ci
2019-07-06T04:43:22.910Z,35.6975,-117.5495,10.37,3.14,ml,29.0,74.0,0.1243,0.16,ci,ci37225044,2019-09-10T00:42:40.095Z,"14km NE of Ridgecrest, CA",earthquake,0.19,0.51,0.143,23.0,reviewed,ci,ci
2019-07-06T04:44:09.190Z,35.887,-117.7276667,6.17,3.03,ml,25.0,34.0,0.08391,0.09,ci,ci38458015,2019-09-26T14:30:28.040Z,"17km ESE of Little Lake, CA",earthquake,0.12,0.37,0.14,17.0,reviewed,ci,ci
2019-07-06T04:44:32.390Z,35.6228333,-117.5791667,7.0,3.33,ml,25.0,114.0,0.102,0.18,ci,ci38458023,2019-09-26T14:30:28.040Z,"9km E of Ridgecrest, CA",earthquake,0.27,0.69,0.13,18.0,reviewed,ci,ci
2019-07-06T04:44:37.670Z,35.9085,-117.7411667,6.48,3.14,ml,17.0,115.0,0.07431,0.1,ci,ci37225084,2019-09-10T17:38:09.116Z,"15km ESE of Little Lake, CA",earthquake,0.17,0.41,0.151,12.0,reviewed,ci,ci
2019-07-06T04:45:22.590Z,35.924,-117.7121667,6.73,2.53,ml,13.0,141.0,0.05553,0.05,ci,ci37225124,2019-09-10T18:22:16.610Z,"18km E of Little Lake, CA",earthquake,0.18,0.22,0.064,9.0,reviewed,ci,ci
2019-07-06T04:45:25.550Z,35.675,-117.4715,4.52,2.88,ml,9.0,232.0,0.08863,0.16,ci,ci37225140,2019-09-10T18:27:05.863Z,"12km SSW of Searles Valley, CA",earthquake,0.72,0.88,0.057,3.0,reviewed,ci,ci
2019-07-06T04:45:28.810Z,35.8723333,-117.672,10.32,2.6,ml,10.0,90.0,0.07742,0.1,ci,ci37225132,2019-09-10T18:18:58.147Z,"22km ESE of Little Lake, CA",earthquake,0.27,0.78,0.034,5.0,reviewed,ci,ci
2019-07-06T04:45:36.470Z,35.9051667,-117.7241667,4.51,3.56,ml,50.0,36.0,0.07352,0.13,ci,ci38458031,2019-09-26T14:30:28.040Z,"17km ESE of Little Lake, CA",earthquake,0.1,0.23,0.106,28.0,reviewed,ci,ci
2019-07-06T04:45:40.920Z,35.903,-117.6748333,9.0,3.33,ml,15.0,83.0,0.049,0.11,ci,ci37225100,2019-09-10T18:06:35.637Z,"21km E of Little Lake, CA",earthquake,0.24,0.54,0.034,4.0,reviewed,ci,ci
2019-07-06T04:46:10.120Z,35.9078333,-117.7188333,2.15,2.6,ml,12.0,83.0,0.09032,0.08,ci,ci37225148,2019-09-10T18:48:32.855Z,"17km E of Little Lake, CA",earthquake,0.25,0.18,0.139,5.0,reviewed,ci,ci
2019-07-06T04:46:37.600Z,35.898,-117.7303333,6.49,2.89,ml,15.0,115.0,0.08751,0.07,ci,ci37225156,2019-09-10T19:08:16.224Z,"16km ESE of Little Lake, CA",earthquake,0.16,0.44,0.12,11.0,reviewed,ci,ci
2019-07-06T04:47:30.930Z,35.754,-117.5516667,11.09,3.05,ml,42.0,45.0,0.07201,0.16,ci,ci38458047,2019-09-26T14:30:28.040Z,"13km W of Searles Valley, CA",earthquake,0.18,0.34,0.259,11.0,reviewed,ci,ci
2019-07-06T04:47:37.150Z,35.6303333,-117.3601667,4.83,3.16,ml,8.0,119.0,0.09395,0.13,ci,ci37225172,2019-09-10T21:24:17.192Z,"15km S of Trona, CA",earthquake,0.49,0.76,0.057,2.0,reviewed,ci,ci
2019-07-06T04:48:10.820Z,35.6511667,-117.4576667,5.73,2.9,ml,23.0,58.0,0.06463,0.12,ci,ci37225180,2019-09-10T22:31:32.375Z,"14km SSW of Searles Valley, CA",earthquake,0.15,0.55,0.167,13.0,reviewed,ci,ci
2019-07-06T04:48:35.640Z,35.8793333,-117.6918333,4.2,2.97,ml,19.0,48.0,0.09225,0.09,ci,ci37225188,2019-09-10T22:39:53.307Z,"20km ESE of Little Lake, CA",earthquake,0.14,0.36,0.132,6.0,reviewed,ci,ci
2019-07-06T04:48:48.860Z,35.8293333,-117.6585,7.38,3.12,ml,26.0,42.0,0.05139,0.13,ci,ci37225196,2019-09-10T22:46:41.821Z,"23km N of Ridgecrest, CA",earthquake,0.17,0.46,0.166,16.0,reviewed,ci,ci
2019-07-06T04:48:57.880Z,35.8686667,-117.7036667,5.8,2.97,ml,11.0,92.0,0.07792,0.05,ci,ci37263740,2020-03-05T23:01:37.663Z,"20km ESE of Little Lake, CA",earthquake,0.15,0.76,0.044,6.0,reviewed,ci,ci
2019-07-06T04:49:02.340Z,35.6426667,-117.4406667,2.63,3.05,ml,15.0,96.0,0.05873,0.16,ci,ci37225204,2019-09-11T00:03:17.359Z,"14km SSW of Searles Valley, CA",earthquake,0.28,0.42,0.136,18.0,reviewed,ci,ci
2019-07-06T04:49:19.140Z,35.861,-117.6645,8.26,2.65,ml,17.0,74.0,0.07073,0.15,ci,ci37225212,2019-09-11T00:08:53.606Z,"23km ESE of Little Lake, CA",earthquake,0.26,0.7,0.142,11.0,reviewed,ci,ci
2019-07-06T04:49:42.550Z,35.8815,-117.7301667,8.06,3.71,mlr,50.0,33.0,0.07806,0.14,ci,ci38458063,2019-09-26T14:30:29.040Z,"17km ESE of Little Lake, CA",earthquake,0.11,0.32,0.147,33.0,reviewed,ci,ci
2019-07-06T04:49:56.620Z,35.7826667,-117.6471667,9.31,2.98,ml,10.0,92.0,0.05214,0.15,ci,ci37263756,2020-03-06T00:59:24.001Z,"18km N of Ridgecrest, CA",earthquake,0.39,1.01,0.048,6.0,reviewed,ci,ci
2019-07-06T04:50:04.100Z,35.7906667,-117.6133333,7.19,3.68,mlr,25.0,73.0,0.02813,0.15,ci,ci37225220,2019-09-26T14:30:29.040Z,"19km W of Searles Valley, CA",earthquake,0.23,0.31,0.089,22.0,reviewed,ci,ci
2019-07-06T04:50:11.880Z,35.892,-117.7288333,5.64,3.51,mlr,12.0,109.0,0.08826,0.1,ci,ci37263764,2020-03-06T01:15:14.793Z,"17km ESE of Little Lake, CA",earthquake,0.24,1.07,0.135,6.0,reviewed,ci,ci
2019-07-06T04:50:16.120Z,35.896,-117.732,7.18,3.72,mlr,26.0,51.0,0.08761,0.16,ci,ci37225228,2019-09-26T14:31:14.040Z,"16km ESE of Little Lake, CA",earthquake,0.19,0.77,0.146,23.0,reviewed,ci,ci
2019-07-06T04:50:23.490Z,35.897,-117.7081667,5.62,3.41,ml,6.0,120.0,0.09466,0.09,ci,ci37263772,2020-03-06T18:00:54.347Z,"18km ESE of Little Lake, CA",earthquake,0.31,1.8,0.114,4.0,reviewed,ci,ci
2019-07-06T04:50:42.220Z,35.7078333,-117.5008333,1.53,3.45,ml,14.0,83.0,0.1251,0.19,ci,ci37225388,2019-09-11T18:08:37.256Z,"11km SW of Searles Valley, CA",earthquake,0.38,0.52,0.062,6.0,reviewed,ci,ci
2019-07-06T04:51:03.290Z,35.6121667,-117.4641667,3.87,2.6,ml,7.0,109.0,0.02566,0.04,ci,ci37225396,2019-09-11T18:27:32.615Z,"18km SSW of Searles Valley, CA",earthquake,0.16,0.17,0.141,5.0,reviewed,ci,ci
2019-07-06T04:51:40.760Z,35.6615,-117.4563333,4.72,2.65,ml,8.0,116.0,0.07499,0.16,ci,ci37263804,2020-03-06T18:16:02.340Z,"13km SSW of Searles Valley, CA",earthquake,0.48,0.93,0.226,3.0,reviewed,ci,ci
2019-07-06T04:51:43.570Z,35.879,-117.709,6.07,2.82,ml,17.0,89.0,0.08368,0.1,ci,ci37225404,2019-09-11T18:47:12.858Z,"19km ESE of Little Lake, CA",earthquake,0.2,0.5,0.132,9.0,reviewed,ci,ci
2019-07-06T04:51:49.070Z,35.923,-117.7113333,3.86,3.04,ml,13.0,80.0,0.08988,0.1,ci,ci37225412,2019-09-11T19:31:17.286Z,"18km E of Little Lake, CA",earthquake,0.21,0.5,0.075,7.0,reviewed,ci,ci
2019-07-06T04:52:04.010Z,35.8895,-117.7323333,5.37,3.54,mlr,33.0,34.0,0.08499,0.13,ci,ci38458071,2019-12-06T04:27:18.990Z,"17km ESE of Little Lake, CA",earthquake,0.13,0.52,0.188,24.0,reviewed,ci,ci
2019-07-06T04:52:17.710Z,35.8773333,-117.6945,3.32,4.47,mlr,62.0,39.0,0.08933,0.17,ci,ci38458079,2019-09-26T14:30:29.040Z,"20km ESE of Little Lake, CA",earthquake,0.11,0.37,0.199,38.0,reviewed,ci,ci
2019-07-06T04:52:45.230Z,35.8698333,-117.6935,2.45,3.4,ml,11.0,85.0,0.08427,0.09,ci,ci37225420,2019-09-11T20:47:02.826Z,"21km ESE of Little Lake, CA",earthquake,0.18,0.27,0.162,6.0,reviewed,ci,ci
2019-07-06T04:53:03.960Z,35.8966667,-117.7353333,6.77,3.54,ml,17.0,54.0,0.08507,0.09,ci,ci37225428,2019-09-11T20:56:05.084Z,"16km ESE of Little Lake, CA",earthquake,0.17,0.32,0.132,11.0,reviewed,ci,ci
2019-07-06T04:53:41.990Z,35.875,-117.6595,6.86,3.98,mlr,49.0,41.0,0.07662,0.15,ci,ci38458087,2019-09-26T14:30:29.040Z,"23km ESE of Little Lake, CA",earthquake,0.12,0.27,0.102,34.0,reviewed,ci,ci
2019-07-06T04:53:45.340Z,35.5921667,-117.5275,9.9,3.66,mlr,11.0,144.0,0.05352,0.15,ci,ci37225436,2019-09-12T00:30:24.674Z,"14km ESE of Ridgecrest, CA",earthquake,0.77,0.47,0.18,4.0,reviewed,ci,ci
2019-07-06T04:54:04.720Z,35.9138333,-117.7106667,7.34,2.94,ml,9.0,108.0,0.05958,0.07,ci,ci37225452,2019-09-12T00:36:01.721Z,"18km E of Little Lake, CA",earthquake,0.22,0.7,0.129,7.0,reviewed,ci,ci
2019-07-06T04:54:34.810Z,35.8936667,-117.7225,5.37,2.94,ml,19.0,61.0,0.07972,0.09,ci,ci38458095,2019-09-12T17:17:00.793Z,"17km ESE of Little Lake, CA",earthquake,0.15,0.51,0.101,13.0,reviewed,ci,ci
2019-07-06T04:55:21.890Z,35.7133333,-117.5515,4.83,3.0,ml,18.0,75.0,0.1088,0.14,ci,ci37225548,2019-09-12T18:02:04.010Z,"15km WSW of Searles Valley, CA",earthquake,0.26,0.76,0.111,4.0,reviewed,ci,ci
2019-07-06T04:55:22.740Z,35.7413333,-117.5661667,11.17,3.14,ml,22.0,69.0,0.0785,0.23,ci,ci38458103,2019-09-26T14:30:29.040Z,"15km W of Searles Valley, CA",earthquake,0.34,0.66,0.108,29.0,reviewed,ci,ci
2019-07-06T04:55:47.030Z,35.8775,-117.7021667,11.01,3.04,ml,24.0,38.0,0.08187,0.15,ci,ci38458111,2019-09-12T18:14:14.877Z,"20km ESE of Little Lake, CA",earthquake,0.24,0.34,0.09,12.0,reviewed,ci,ci
2019-07-06T04:56:02.220Z,35.8755,-117.6553333,7.35,3.22,ml,33.0,55.0,0.07419,0.09,ci,ci38458119,2019-09-26T14:30:29.040Z,"24km ESE of Little Lake, CA",earthquake,0.12,0.33,0.176,25.0,reviewed,ci,ci
2019-07-06T04:56:13.980Z,35.5218333,-117.3926667,5.88,2.6,ml,7.0,84.0,0.02316,0.2,ci,ci37426981,2019-09-12T18:42:52.776Z,"27km S of Trona, CA",earthquake,0.45,0.89,0.194,4.0,reviewed,ci,ci
2019-07-06T04:57:26.620Z,35.926,-117.7065,3.93,3.26,ml,28.0,46.0,0.0856,0.11,ci,ci38458127,2019-09-26T14:30:29.040Z,"18km E of Little Lake, CA",earthquake,0.13,0.34,0.151,27.0,reviewed,ci,ci
2019-07-06T04:58:12.040Z,35.6321667,-117.433,3.19,3.45,mlr,37.0,85.0,0.05141,0.13,ci,ci38458135,2019-09-26T14:30:29.040Z,"15km S of Searles Valley, CA",earthquake,0.16,0.45,0.172,30.0,reviewed,ci,ci
2019-07-06T04:58:36.690Z,35.7073333,-117.5706667,2.9,4.03,mlr,52.0,43.0,0.1104,0.15,ci,ci38458143,2019-11-15T18:43:19.009Z,"14km NE of Ridgecrest, CA",earthquake,0.12,0.33,0.176,48.0,reviewed,ci,ci
2019-07-06T04:59:04.030Z,35.8883333,-117.7216667,9.3,2.81,ml,12.0,62.0,0.087,0.1,ci,ci37427045,2019-09-12T21:18:30.340Z,"18km ESE of Little Lake, CA",earthquake,0.24,0.85,0.076,7.0,reviewed,ci,ci
2019-07-06T04:59:16.420Z,35.8731667,-117.716,8.45,2.98,ml,18.0,64.0,0.07572,0.11,ci,ci37427053,2019-09-12T21:29:09.084Z,"19km ESE of Little Lake, CA",earthquake,0.19,0.54,0.134,12.0,reviewed,ci,ci
2019-07-06T04:59:44.740Z,35.8666667,-117.7028333,8.9,2.62,ml,17.0,57.0,0.07684,0.14,ci,ci37427061,2019-09-12T23:08:10.255Z,"20km ESE of Little Lake, CA",earthquake,0.25,0.67,0.186,8.0,reviewed,ci,ci
2019-07-06T05:00:00.780Z,35.9018333,-117.7686667,4.22,2.67,ml,10.0,147.0,0.06193,0.21,ci,ci37427069,2019-09-12T23:36:24.369Z,"13km ESE of Little Lake, CA",earthquake,0.58,0.91,0.189,6.0,reviewed,ci,ci
2019-07-06T05:00:29.050Z,35.8813333,-117.7041667,2.94,3.24,ml,43.0,39.0,0.07949,0.13,ci,ci38458159,2019-09-26T14:30:29.040Z,"19km ESE of Little Lake, CA",earthquake,0.11,0.36,0.122,26.0,reviewed,ci,ci
2019-07-06T05:00:43.610Z,35.9031667,-117.731,6.16,3.09,ml,21.0,70.0,0.08413,0.1,ci,ci37427093,2019-09-13T00:20:15.913Z,"16km ESE of Little Lake, CA",earthquake,0.17,0.53,0.064,12.0,reviewed,ci,ci
2019-07-06T05:00:54.290Z,35.8771667,-117.6915,9.3,2.84,ml,17.0,77.0,0.09078,0.13,ci,ci37427101,2019-09-13T18:51:42.892Z,"20km ESE of Little Lake, CA",earthquake,0.25,0.63,0.076,5.0,reviewed,ci,ci
2019-07-06T05:01:43.090Z,35.9066667,-117.7255,5.44,2.91,ml,6.0,227.0,0.08612,0.06,ci,ci37427165,2019-09-13T19:21:25.837Z,"17km ESE of Little Lake, CA",earthquake,0.45,0.8,0.034,3.0,reviewed,ci,ci
2019-07-06T05:01:50.660Z,35.8945,-117.6968333,6.17,2.98,ml,16.0,84.0,0.08749,0.11,ci,ci37427173,2019-09-13T19:30:00.620Z,"20km ESE of Little Lake, CA",earthquake,0.18,0.65,0.203,6.0,reviewed,ci,ci
2019-07-06T05:01:51.260Z,35.9375,-117.672,11.21,2.93,ml,7.0,158.0,0.05708,0.07,ci,ci37427181,2019-09-13T20:55:24.953Z,"21km E of Little Lake, CA",earthquake,0.32,0.68,0.011,3.0,reviewed,ci,ci
2019-07-06T05:01:53.030Z,35.7096667,-117.5468333,6.56,3.0,ml,18.0,92.0,0.1136,0.12,ci,ci37427197,2019-09-13T21:04:18.624Z,"14km WSW of Searles Valley, CA",earthquake,0.21,0.63,0.109,12.0,reviewed,ci,ci
2019-07-06T05:02:35.720Z,35.7868333,-117.6233333,3.4,2.61,ml,8.0,139.0,0.03567,0.06,ci,ci37427205,2019-09-13T21:19:07.865Z,"19km NNE of Ridgecrest, CA",earthquake,0.33,0.28,0.036,2.0,reviewed,ci,ci
2019-07-06T05:02:57.520Z,35.8911667,-117.7348333,10.36,2.6,ml,14.0,130.0,0.08597,0.15,ci,ci37427245,2019-09-13T23:59:56.595Z,"16km ESE of Little Lake, CA",earthquake,0.36,0.63,0.269,8.0,reviewed,ci,ci
2019-07-06T05:03:07.180Z,35.8925,-117.7126667,2.43,3.51,ml,33.0,38.0,0.09389,0.12,ci,ci37427213,2019-09-13T22:24:50.580Z,"18km ESE of Little Lake, CA",earthquake,0.11,0.19,0.118,147.0,reviewed,ci,ci
2019-07-06T05:03:36.720Z,35.8855,-117.6973333,3.71,3.45,ml,34.0,42.0,0.07301,0.18,ci,ci38458167,2020-01-07T19:54:06.926Z,"20km ESE of Little Lake, CA",earthquake,0.17,0.51,0.132,74.0,reviewed,ci,ci
2019-07-06T05:04:19.720Z,35.8793333,-117.6948333,7.37,3.63,mlr,49.0,40.0,0.0907,0.13,ci,ci38458175,2019-09-26T14:30:30.040Z,"20km ESE of Little Lake, CA",earthquake,0.1,0.34,0.177,24.0,reviewed,ci,ci
2019-07-06T05:04:23.380Z,35.8806667,-117.6978333,5.67,3.61,mlr,16.0,74.0,0.09543,0.16,ci,ci37427253,2019-09-14T00:20:10.916Z,"20km ESE of Little Lake, CA",earthquake,0.28,0.99,0.031,9.0,reviewed,ci,ci
2019-07-06T05:04:41.920Z,35.9003333,-117.7261667,8.35,2.73,ml,8.0,175.0,0.08896,0.08,ci,ci37427261,2019-09-14T00:36:14.569Z,"17km ESE of Little Lake, CA",earthquake,0.47,0.77,0.091,3.0,reviewed,ci,ci
2019-07-06T05:04:53.860Z,35.8846667,-117.706,2.59,3.11,ml,21.0,40.0,0.08976,0.1,ci,ci38458183,2019-09-26T14:30:30.040Z,"19km ESE of Little Lake, CA",earthquake,0.15,0.22,0.139,12.0,reviewed,ci,ci
2019-07-06T05:05:06.070Z,35.8788333,-117.7016667,5.92,2.76,ml,13.0,71.0,0.09903,0.13,ci,ci37427373,2019-09-17T17:14:38.907Z,"20km ESE of Little Lake, CA",earthquake,0.23,0.74,0.112,5.0,reviewed,ci,ci
2019-07-06T05:05:35.650Z,35.905,-117.7281667,6.32,2.95,ml,22.0,56.0,0.0851,0.08,ci,ci37427381,2019-09-17T17:31:41.143Z,"16km ESE of Little Lake, CA",earthquake,0.15,0.36,0.162,10.0,reviewed,ci,ci
2019-07-06T05:05:54.090Z,35.617,-117.4691667,3.25,2.5,ml,6.0,120.0,0.03096,0.17,ci,ci37427389,2019-09-17T17:37:44.410Z,"18km SSW of Searles Valley, CA",earthquake,0.51,0.96,0.032,3.0,reviewed,ci,ci
2019-07-06T05:06:09.590Z,35.9036667,-117.7016667,7.25,2.78,ml,21.0,68.0,0.08721,0.16,ci,ci38458191,2019-09-17T17:42:47.407Z,"19km E of Little Lake, CA",earthquake,0.27,0.85,0.192,11.0,reviewed,ci,ci
2019-07-06T05:06:17.800Z,35.8325,-117.6216667,12.44,2.7,ml,6.0,132.0,0.02579,0.12,ci,ci37427397,2019-09-17T17:55:27.622Z,"21km WNW of Searles Valley, CA",earthquake,0.98,0.95,0.097,4.0,reviewed,ci,ci
2019-07-06T05:06:56.030Z,35.9165,-117.7333333,6.17,3.27,ml,35.0,35.0,0.07426,0.11,ci,ci38458199,2019-09-26T14:30:30.040Z,"16km E of Little Lake, CA",earthquake,0.14,0.31,0.141,20.0,reviewed,ci,ci
2019-07-06T05:07:05.690Z,35.5836667,-117.3238333,2.71,2.93,ml,11.0,155.0,0.06733,0.23,ci,ci38458207,2019-09-17T19:06:15.127Z,"21km SSE of Trona, CA",earthquake,0.62,0.37,0.186,3.0,reviewed,ci,ci
2019-07-06T05:08:11.260Z,35.717,-117.5636667,7.99,3.67,mlr,65.0,36.0,0.1023,0.14,ci,ci38458215,2022-09-24T01:27:34.291Z,"15km NE of Ridgecrest, CA",earthquake,0.1,0.37,0.123,53.0,reviewed,ci,ci
2019-07-06T05:08:42.570Z,35.6803333,-117.4636667,1.61,3.0,ml,13.0,69.0,0.09364,0.16,ci,ci37427405,2019-09-17T20:07:44.020Z,"11km SSW of Searles Valley, CA",earthquake,0.28,0.63,0.09,6.0,reviewed,ci,ci
2019-07-06T05:09:31.790Z,35.7526667,-117.5785,3.16,3.44,mlr,37.0,46.0,0.06481,0.15,ci,ci38458223,2019-09-26T14:30:30.040Z,"16km W of Searles Valley, CA",earthquake,0.15,0.29,0.224,30.0,reviewed,ci,ci
2019-07-06T05:09:59.590Z,35.9166667,-117.7113333,2.51,3.11,ml,15.0,54.0,0.09099,0.08,ci,ci37427421,2019-09-17T20:27:26.977Z,"18km E of Little Lake, CA",earthquake,0.14,0.18,0.124,8.0,reviewed,ci,ci
2019-07-06T05:10:09.260Z,35.8918333,-117.7218333,4.02,3.51,ml,28.0,40.0,0.09016,0.13,ci,ci37427437,2019-09-17T20:37:31.285Z,"17km ESE of Little Lake, CA",earthquake,0.16,0.4,0.136,83.0,reviewed,ci,ci
2019-07-06T05:10:37.380Z,35.7695,-117.5933333,5.31,2.55,ml,14.0,79.0,0.04627,0.11,ci,ci37427445,2020-03-06T20:39:41.162Z,"17km W of Searles Valley, CA",earthquake,0.21,0.55,0.166,7.0,reviewed,ci,ci
2019-07-06T05:10:44.280Z,35.8948333,-117.7296667,4.74,2.52,ml,7.0,240.0,0.08983,0.07,ci,ci38458231,2019-09-26T14:30:30.040Z,"17km ESE of Little Lake, CA",earthquake,0.49,0.28,0.064,5.0,reviewed,ci,ci
2019-07-06T05:11:33.120Z,35.8868333,-117.7326667,7.55,2.72,ml,22.0,120.0,0.08237,0.16,ci,ci38458239,2019-09-18T00:18:46.100Z,"17km ESE of Little Lake, CA",earthquake,0.31,0.77,0.137,20.0,reviewed,ci,ci
2019-07-06T05:12:11.470Z,35.9088333,-117.6963333,11.9,2.59,ml,9.0,164.0,0.1065,0.13,ci,ci37263852,2020-03-06T21:28:45.682Z,"19km E of Little Lake, CA",earthquake,0.59,1.71,0.053,2.0,reviewed,ci,ci
2019-07-06T05:12:13.040Z,35.8823333,-117.6475,9.37,2.99,ml,24.0,59.0,0.06495,0.21,ci,ci38458247,2020-03-06T21:34:33.630Z,"24km ESE of Little Lake, CA",earthquake,0.3,0.64,0.156,24.0,reviewed,ci,ci
2019-07-06T05:12:14.240Z,35.675,-117.4756667,11.73,2.71,ml,7.0,104.0,0.08899,0.11,ci,ci37427469,2019-09-18T00:23:03.338Z,"12km SSW of Searles Valley, CA",earthquake,0.49,0.75,0.174,2.0,reviewed,ci,ci
2019-07-06T05:12:14.570Z,35.6591667,-117.4778333,9.81,2.69,ml,5.0,175.0,0.07362,0.07,ci,ci37263844,2020-03-06T21:15:41.359Z,"14km SSW of Searles Valley, CA",earthquake,0.5,0.6,0.202,2.0,reviewed,ci,ci
2019-07-06T05:12:36.300Z,35.647,-117.4926667,3.08,2.64,ml,9.0,111.0,0.06527,0.18,ci,ci37427533,2019-09-19T20:37:01.188Z,"16km SSW of Searles Valley, CA",earthquake,0.39,0.43,0.047,3.0,reviewed,ci,ci
2019-07-06T05:12:55.380Z,35.8923333,-117.7228333,11.2,2.78,ml,13.0,62.0,0.0903,0.13,ci,ci38458255,2019-09-19T20:54:40.439Z,"17km ESE of Little Lake, CA",earthquake,0.26,0.62,0.124,8.0,reviewed,ci,ci
2019-07-06T05:13:02.510Z,36.0306667,-117.7548333,4.36,2.57,ml,6.0,226.0,0.01005,0.12,ci,ci37427541,2019-09-19T20:59:14.777Z,"17km NE of Little Lake, CA",earthquake,0.67,0.44,0.141,5.0,reviewed,ci,ci
2019-07-06T05:13:10.390Z,35.673,-117.4671667,2.2,2.52,ml,3.0,287.0,0.08641,0.07,ci,ci37427549,2019-09-19T21:08:50.388Z,"12km SSW of Searles Valley, CA",earthquake,0.89,0.33,0.053,2.0,reviewed,ci,ci
2019-07-06T05:13:14.990Z,35.8755,-117.6608333,7.14,3.97,mlr,56.0,41.0,0.0769,0.14,ci,ci38458263,2022-09-24T01:28:44.618Z,"23km ESE of Little Lake, CA",earthquake,0.11,0.33,0.124,35.0,reviewed,ci,ci
2019-07-06T05:13:51.490Z,35.9065,-117.7238333,5.97,3.21,ml,16.0,83.0,0.08738,0.1,ci,ci37427557,2019-09-19T23:30:41.286Z,"17km ESE of Little Lake, CA",earthquake,0.21,0.69,0.147,10.0,reviewed,ci,ci
2019-07-06T05:14:21.890Z,35.8171667,-117.6511667,6.06,2.7,ml,3.0,164.0,0.04363,0.06,ci,ci37427589,2019-09-20T00:04:43.656Z,"22km N of Ridgecrest, CA",earthquake,1.71,2.29,0.11,1.0,reviewed,ci,ci
2019-07-06T05:14:22.180Z,35.8898333,-117.7246667,6.68,2.86,ml,18.0,154.0,0.08743,0.11,ci,ci38458271,2019-09-26T14:30:30.040Z,"17km ESE of Little Lake, CA",earthquake,0.26,0.47,0.075,13.0,reviewed,ci,ci
2019-07-06T05:14:54.790Z,35.5778333,-117.3781667,6.19,2.91,ml,12.0,74.0,0.05393,0.15,ci,ci37226684,2019-09-24T00:39:34.672Z,"21km S of Trona, CA",earthquake,0.37,0.56,0.129,5.0,reviewed,ci,ci
2019-07-06T05:14:56.880Z,35.7508333,-117.5593333,10.91,3.38,ml,26.0,115.0,0.07182,0.16,ci,ci38458287,2019-09-26T14:30:30.040Z,"14km W of Searles Valley, CA",earthquake,0.29,0.34,0.139,20.0,reviewed,ci,ci
2019-07-06T05:15:18.850Z,35.7408333,-117.5658333,10.31,2.57,ml,14.0,188.0,0.07906,0.13,ci,ci37226692,2019-09-24T00:44:07.221Z,"15km WSW of Searles Valley, CA",earthquake,0.45,0.67,0.142,7.0,reviewed,ci,ci
2019-07-06T05:15:31.400Z,35.5656667,-117.4513333,4.18,2.99,ml,6.0,139.0,0.0226,0.15,ci,ci37226836,2019-09-24T19:25:04.314Z,"21km ESE of Ridgecrest, CA",earthquake,1.09,0.47,0.03,2.0,reviewed,ci,ci
2019-07-06T05:15:37.240Z,35.9128333,-117.7448333,8.56,3.52,ml,36.0,35.0,0.06948,0.18,ci,ci38458295,2019-09-26T14:30:30.040Z,"15km E of Little Lake, CA",earthquake,0.17,0.43,0.134,23.0,reviewed,ci,ci
2019-07-06T05:16:05.280Z,35.9116667,-117.7355,7.27,3.32,ml,18.0,64.0,0.07659,0.06,ci,ci37226844,2019-09-24T19:09:54.070Z,"16km E of Little Lake, CA",earthquake,0.13,0.32,0.12,15.0,reviewed,ci,ci
2019-07-06T05:16:20.470Z,35.913,-117.7313333,4.63,3.17,ml,28.0,38.0,0.07893,0.09,ci,ci37226852,2019-09-24T20:35:57.468Z,"16km E of Little Lake, CA",earthquake,0.11,0.24,0.101,12.0,reviewed,ci,ci
2019-07-06T05:16:46.880Z,35.889,-117.7246667,3.15,2.64,ml,20.0,50.0,0.08666,0.07,ci,ci37226860,2019-09-24T19:36:23.425Z,"17km ESE of Little Lake, CA",earthquake,0.12,0.47,0.105,11.0,reviewed,ci,ci
2019-07-06T05:17:08.060Z,35.9101667,-117.7305,4.21,2.78,ml,19.0,109.0,0.08087,0.11,ci,ci37226868,2019-09-24T19:43:41.690Z,"16km E of Little Lake, CA",earthquake,0.19,0.37,0.1,9.0,reviewed,ci,ci
2019-07-06T05:17:31.240Z,35.6298333,-117.4103333,7.36,2.7,ml,11.0,177.0,0.06046,0.14,ci,ci37226876,2019-09-24T20:11:11.102Z,"15km S of Trona, CA",earthquake,0.47,0.63,0.109,6.0,reviewed,ci,ci
2019-07-06T05:17:35.960Z,35.8825,-117.6518333,8.63,2.53,ml,10.0,109.0,0.06689,0.07,ci,ci37226892,2019-09-24T20:32:08.108Z,"24km ESE of Little Lake, CA",earthquake,0.2,0.64,0.084,4.0,reviewed,ci,ci
2019-07-06T05:17:49.530Z,35.8843333,-117.6986667,2.72,2.9,ml,30.0,65.0,0.0928,0.14,ci,ci37226884,2019-09-24T20:27:20.361Z,"20km ESE of Little Lake, CA",earthquake,0.15,0.29,0.157,16.0,reviewed,ci,ci
2019-07-06T05:18:20.840Z,35.8743333,-117.7053333,2.2,2.54,ml,13.0,70.0,0.08154,0.08,ci,ci37226908,2019-09-24T22:55:23.314Z,"19km ESE of Little Lake, CA",earthquake,0.15,0.24,0.1,5.0,reviewed,ci,ci
2019-07-06T05:18:30.310Z,35.8905,-117.7338333,5.18,3.07,ml,30.0,51.0,0.08557,0.12,ci,ci37226900,2019-09-24T21:31:17.027Z,"16km ESE of Little Lake, CA",earthquake,0.15,0.58,0.164,15.0,reviewed,ci,ci
2019-07-06T05:19:37.350Z,35.7006667,-117.551,10.72,3.06,ml,26.0,74.0,0.1209,0.17,ci,ci38458303,2019-09-26T14:30:30.040Z,"14km NE of Ridgecrest, CA",earthquake,0.22,0.53,0.112,24.0,reviewed,ci,ci
2019-07-06T05:20:43.890Z,35.8196667,-117.6331667,3.9,2.61,ml,12.0,91.0,0.02924,0.17,ci,ci38458311,2019-09-25T21:59:44.244Z,"22km WNW of Searles Valley, CA",earthquake,0.38,0.55,0.251,8.0,reviewed,ci,ci
2019-07-06T05:21:02.300Z,35.7465,-117.5485,5.25,3.06,ml,21.0,83.0,0.07976,0.2,ci,ci37226940,2019-09-25T19:27:40.482Z,"13km W of Searles Valley, CA",earthquake,0.35,1.11,0.075,9.0,reviewed,ci,ci
2019-07-06T05:21:11.120Z,35.6001667,-117.4273333,1.84,3.26,ml,15.0,99.0,0.03152,0.21,ci,ci38458327,2019-09-26T14:30:30.040Z,"19km S of Searles Valley, CA",earthquake,0.35,0.27,0.119,12.0,reviewed,ci,ci
2019-07-06T05:21:21.760Z,35.8748333,-117.6505,6.53,2.82,ml,15.0,110.0,0.07252,0.14,ci,ci37263868,2020-03-06T22:18:35.371Z,"24km ESE of Little Lake, CA",earthquake,0.24,0.64,0.053,7.0,reviewed,ci,ci
2019-07-06T05:21:34.750Z,35.902,-117.7241667,9.34,2.56,ml,10.0,86.0,0.08943,0.13,ci,ci37226948,2020-03-06T23:07:13.292Z,"17km ESE of Little Lake, CA",earthquake,0.44,1.17,0.245,5.0,reviewed,ci,ci
2019-07-06T05:21:36.180Z,35.797,-117.5895,10.72,2.95,ml,26.0,72.0,0.0198,0.1,ci,ci37263884,2020-03-06T23:07:15.377Z,"17km W of Searles Valley, CA",earthquake,0.15,0.29,0.147,18.0,reviewed,ci,ci
2019-07-06T05:22:17.350Z,35.6338333,-117.4536667,2.69,2.64,ml,11.0,93.0,0.04774,0.15,ci,ci37263892,2020-03-07T00:53:46.269Z,"16km SSW of Searles Valley, CA",earthquake,0.26,0.34,0.15,6.0,reviewed,ci,ci
2019-07-06T05:22:31.120Z,35.5891667,-117.3916667,5.81,2.99,ml,16.0,117.0,0.05755,0.16,ci,ci38458335,2020-03-09T19:20:35.830Z,"20km S of Trona, CA",earthquake,0.36,0.46,0.138,11.0,reviewed,ci,ci
2019-07-06T05:22:34.420Z,35.8796667,-117.691,2.89,3.06,ml,24.0,78.0,0.07565,0.07,ci,ci37226956,2019-09-25T22:24:53.989Z,"20km ESE of Little Lake, CA",earthquake,0.11,0.24,0.191,12.0,reviewed,ci,ci
2019-07-06T05:22:52.800Z,35.9063333,-117.7225,6.27,3.16,ml,17.0,102.0,0.0884,0.09,ci,ci37226964,2019-09-25T23:22:22.317Z,"17km ESE of Little Lake, CA",earthquake,0.2,0.53,0.11,11.0,reviewed,ci,ci
2019-07-06T05:23:22.200Z,35.8706667,-117.7026667,5.13,2.86,ml,19.0,71.0,0.07998,0.22,ci,ci38458343,2019-09-26T18:02:20.002Z,"20km ESE of Little Lake, CA",earthquake,0.35,1.43,0.158,15.0,reviewed,ci,ci
2019-07-06T05:23:49.830Z,35.8953333,-117.7063333,6.49,3.05,ml,25.0,43.0,0.094,0.14,ci,ci38458359,2019-09-26T18:24:36.650Z,"19km ESE of Little Lake, CA",earthquake,0.17,0.54,0.128,38.0,reviewed,ci,ci
2019-07-06T05:24:08.650Z,35.7188333,-117.5638333,10.11,2.83,ml,12.0,73.0,0.1005,0.14,ci,ci38458351,2019-09-30T15:53:33.480Z,"15km NE of Ridgecrest, CA",earthquake,0.29,0.76,0.107,8.0,reviewed,ci,ci
2019-07-06T05:24:10.510Z,35.8876667,-117.713,6.84,2.81,ml,7.0,147.0,0.08949,0.08,ci,ci37263972,2020-03-09T19:58:06.596Z,"18km ESE of Little Lake, CA",earthquake,0.26,1.16,0.053,4.0,reviewed,ci,ci
2019-07-06T05:24:17.130Z,35.7438333,-117.5393333,13.9,2.96,ml,9.0,178.0,0.08594,0.13,ci,ci37227004,2019-09-26T19:22:40.768Z,"12km WSW of Searles Valley, CA",earthquake,0.41,0.84,0.078,7.0,reviewed,ci,ci
2019-07-06T05:25:04.870Z,35.833,-117.6775,3.43,4.29,mlr,72.0,23.0,0.06725,0.14,ci,ci38458375,2022-06-21T05:28:58.225Z,"24km N of Ridgecrest, CA",earthquake,0.09,0.3,0.128,189.0,reviewed,ci,ci
2019-07-06T05:25:36.710Z,35.7331667,-117.561,6.77,3.5,ml,16.0,87.0,0.08758,0.09,ci,ci37227020,2019-09-26T20:29:26.932Z,"15km WSW of Searles Valley, CA",earthquake,0.25,0.43,0.175,5.0,reviewed,ci,ci
2019-07-06T05:25:41.850Z,35.9091667,-117.7,6.22,3.32,ml,13.0,67.0,0.08407,0.11,ci,ci37263980,2020-03-09T21:02:30.256Z,"19km E of Little Lake, CA",earthquake,0.22,0.8,0.082,4.0,reviewed,ci,ci
2019-07-06T05:26:05.990Z,35.9033333,-117.7201667,6.16,3.3,ml,24.0,40.0,0.09153,0.07,ci,ci38458383,2019-09-26T20:38:27.873Z,"17km ESE of Little Lake, CA",earthquake,0.11,0.32,0.139,17.0,reviewed,ci,ci
2019-07-06T05:26:24.440Z,35.7846667,-117.6163333,3.58,2.93,ml,15.0,121.0,0.03458,0.15,ci,ci37227028,2019-09-26T20:47:00.884Z,"19km NNE of Ridgecrest, CA",earthquake,0.29,0.63,0.087,5.0,reviewed,ci,ci
2019-07-06T05:26:53.000Z,35.6468333,-117.4601667,3.11,3.45,mlr,31.0,92.0,0.06022,0.18,ci,ci38458391,2019-09-26T23:52:36.315Z,"14km SSW of Searles Valley, CA",earthquake,0.23,0.43,0.105,15.0,reviewed,ci,ci
2019-07-06T05:27:05.020Z,35.8563333,-117.6735,2.69,3.44,ml,26.0,44.0,0.07385,0.15,ci,ci37227036,2019-09-26T21:05:23.628Z,"23km ESE of Little Lake, CA",earthquake,0.18,0.29,0.135,18.0,reviewed,ci,ci
2019-07-06T05:27:28.120Z,35.8928333,-117.7376667,8.61,3.07,ml,16.0,56.0,0.08605,0.1,ci,ci37227044,2019-09-26T21:32:33.720Z,"16km ESE of Little Lake, CA",earthquake,0.18,0.53,0.216,11.0,reviewed,ci,ci
2019-07-06T05:27:42.150Z,35.8746667,-117.7136667,8.26,2.94,ml,12.0,99.0,0.07799,0.06,ci,ci37227052,2019-09-26T21:40:55.713Z,"19km ESE of Little Lake, CA",earthquake,0.18,0.64,0.098,7.0,reviewed,ci,ci
2019-07-06T05:28:05.080Z,35.5621667,-117.5248333,7.13,3.04,ml,13.0,84.0,0.05654,0.26,ci,ci37227068,2019-09-26T22:17:41.988Z,"15km ESE of Ridgecrest, CA",earthquake,0.62,1.78,0.235,6.0,reviewed,ci,ci
2019-07-06T05:28:39.220Z,35.9026667,-117.7258333,5.41,3.16,ml,21.0,57.0,0.07608,0.13,ci,ci38458407,2019-09-26T23:35:53.075Z,"17km ESE of Little Lake, CA",earthquake,0.2,0.69,0.089,10.0,reviewed,ci,ci
2019-07-06T05:28:43.140Z,35.8501667,-117.6586667,10.97,3.48,mlr,31.0,49.0,0.06041,0.18,ci,ci37227076,2019-09-26T23:36:25.401Z,"24km ESE of Little Lake, CA",earthquake,0.21,0.38,0.196,22.0,reviewed,ci,ci
2019-07-06T05:29:07.270Z,35.9088333,-117.6756667,4.06,3.17,ml,13.0,151.0,0.04406,0.1,ci,ci37227084,2019-09-26T23:48:47.931Z,"21km E of Little Lake, CA",earthquake,0.28,0.44,0.101,5.0,reviewed,ci,ci
2019-07-06T05:29:28.650Z,35.6463333,-117.4525,5.05,3.0,ml,15.0,93.0,0.06022,0.13,ci,ci37227156,2019-09-30T16:09:40.569Z,"14km SSW of Searles Valley, CA",earthquake,0.26,0.53,0.256,7.0,reviewed,ci,ci
2019-07-06T05:29:40.360Z,35.8915,-117.7301667,3.98,3.04,ml,28.0,36.0,0.08744,0.16,ci,ci38458415,2019-09-30T16:30:54.130Z,"17km ESE of Little Lake, CA",earthquake,0.17,0.45,0.148,17.0,reviewed,ci,ci
2019-07-06T05:30:17.980Z,35.7678333,-117.5766667,2.65,2.63,ml,12.0,184.0,0.05072,0.14,ci,ci37227164,2019-09-30T17:18:44.559Z,"16km W of Searles Valley, CA",earthquake,0.45,0.37,0.225,7.0,reviewed,ci,ci
2019-07-06T05:30:39.780Z,35.9018333,-117.6945,7.13,2.66,ml,19.0,46.0,0.08256,0.08,ci,ci38458423,2019-09-30T17:55:52.122Z,"20km ESE of Little Lake, CA",earthquake,0.14,0.42,0.121,13.0,reviewed,ci,ci
2019-07-06T05:30:43.690Z,35.5493333,-117.3846667,4.47,3.09,ml,21.0,75.0,0.02935,0.14,ci,ci37227172,2019-09-30T17:57:12.139Z,"24km S of Trona, CA",earthquake,0.27,0.21,0.094,12.0,reviewed,ci,ci
2019-07-06T05:31:56.580Z,35.855,-117.682,8.65,3.39,ml,33.0,36.0,0.07904,0.14,ci,ci38458431,2019-09-30T18:36:56.460Z,"22km ESE of Little Lake, CA",earthquake,0.17,0.39,0.201,22.0,reviewed,ci,ci
2019-07-06T05:32:17.910Z,35.8945,-117.7201667,8.6,3.1,ml,11.0,158.0,0.07777,0.05,ci,ci37227196,2019-09-30T18:42:09.199Z,"17km ESE of Little Lake, CA",earthquake,0.22,0.44,0.182,7.0,reviewed,ci,ci
2019-07-06T05:32:29.140Z,35.881,-117.6933333,2.66,3.27,ml,25.0,55.0,0.07532,0.1,ci,ci37227204,2019-09-30T18:49:13.061Z,"20km ESE of Little Lake, CA",earthquake,0.13,0.2,0.148,15.0,reviewed,ci,ci
2019-07-06T05:32:43.080Z,35.8595,-117.6906667,9.04,3.14,ml,20.0,47.0,0.08739,0.14,ci,ci37227220,2020-03-09T21:28:18.251Z,"21km ESE of Little Lake, CA",earthquake,0.23,0.72,0.069,12.0,reviewed,ci,ci
2019-07-06T05:32:49.970Z,35.9068333,-117.6988333,5.99,2.72,ml,8.0,157.0,0.08394,0.1,ci,ci37263988,2020-03-09T21:41:25.438Z,"19km E of Little Lake, CA",earthquake,0.32,0.86,0.094,4.0,reviewed,ci,ci
2019-07-06T05:32:59.940Z,35.8441667,-117.6796667,7.73,3.61,mlr,44.0,32.0,0.07254,0.18,ci,ci38458439,2019-09-30T19:18:51.668Z,"23km ESE of Little Lake, CA",earthquake,0.16,0.47,0.168,30.0,reviewed,ci,ci
2019-07-06T05:33:13.660Z,35.8861667,-117.6685,2.45,3.38,ml,18.0,52.0,0.06333,0.1,ci,ci37227228,2019-09-30T20:07:38.520Z,"22km ESE of Little Lake, CA",earthquake,0.15,0.22,0.11,10.0,reviewed,ci,ci
2019-07-06T05:33:43.450Z,35.692,-117.5316667,7.73,2.67,ml,7.0,95.0,0.1195,0.15,ci,ci37227236,2019-09-30T20:53:16.305Z,"14km SW of Searles Valley, CA",earthquake,0.39,1.56,0.117,4.0,reviewed,ci,ci
2019-07-06T05:34:08.110Z,35.6696667,-117.5156667,1.62,3.03,ml,23.0,62.0,0.09372,0.17,ci,ci38458447,2019-09-30T21:17:42.927Z,"15km SW of Searles Valley, CA",earthquake,0.21,0.48,0.138,18.0,reviewed,ci,ci
2019-07-06T05:34:30.380Z,35.612,-117.464,8.56,2.74,ml,7.0,98.0,0.02549,0.15,ci,ci37227244,2019-09-30T21:26:49.129Z,"18km SSW of Searles Valley, CA",earthquake,0.41,0.66,0.121,4.0,reviewed,ci,ci
2019-07-06T05:35:04.880Z,35.9123333,-117.7206667,2.75,2.68,ml,23.0,40.0,0.06718,0.08,ci,ci38458455,2019-09-30T21:45:28.213Z,"17km E of Little Lake, CA",earthquake,0.11,0.18,0.146,25.0,reviewed,ci,ci
2019-07-06T05:35:27.510Z,35.892,-117.7205,6.06,2.67,ml,12.0,139.0,0.09073,0.04,ci,ci37227252,2019-09-30T22:03:24.082Z,"18km ESE of Little Lake, CA",earthquake,0.15,0.47,0.07,4.0,reviewed,ci,ci
2019-07-06T05:35:33.180Z,35.8788333,-117.7055,11.21,2.88,ml,19.0,69.0,0.08512,0.12,ci,ci38458463,2019-09-30T21:57:05.650Z,"19km ESE of Little Lake, CA",earthquake,0.23,0.46,0.194,20.0,reviewed,ci,ci
2019-07-06T05:35:50.450Z,35.9088333,-117.6855,8.98,2.89,ml,18.0,119.0,0.1147,0.18,ci,ci37227260,2019-09-30T22:51:20.974Z,"20km E of Little Lake, CA",earthquake,0.24,0.58,0.157,24.0,reviewed,ci,ci
2019-07-06T05:36:11.580Z,35.8241667,-117.6416667,4.64,2.5,ml,24.0,43.0,0.03686,0.16,ci,ci37227268,2019-09-30T23:39:44.303Z,"22km WNW of Searles Valley, CA",earthquake,0.22,0.36,0.161,12.0,reviewed,ci,ci
2019-07-06T05:36:46.600Z,35.741,-117.5663333,6.9,2.85,ml,36.0,57.0,0.07877,0.13,ci,ci38458471,2019-10-01T17:17:59.010Z,"15km WSW of Searles Valley, CA",earthquake,0.14,0.39,0.112,29.0,reviewed,ci,ci
2019-07-06T05:37:30.430Z,35.8793333,-117.7153333,4.43,3.32,ml,51.0,35.0,0.08129,0.14,ci,ci38458479,2019-10-01T17:47:10.670Z,"18km ESE of Little Lake, CA",earthquake,0.11,0.26,0.135,35.0,reviewed,ci,ci
2019-07-06T05:38:14.420Z,35.8741667,-117.7108333,3.03,2.74,ml,12.0,136.0,0.1078,0.06,ci,ci37227324,2019-10-01T17:58:42.839Z,"19km ESE of Little Lake, CA",earthquake,0.16,0.53,0.21,7.0,reviewed,ci,ci
2019-07-06T05:38:55.050Z,35.895,-117.719,6.81,2.64,ml,12.0,96.0,0.07674,0.06,ci,ci37227332,2019-10-01T18:03:48.899Z,"18km ESE of Little Lake, CA",earthquake,0.18,0.52,0.085,7.0,reviewed,ci,ci
2019-07-06T05:39:14.300Z,35.799,-117.6271667,9.77,3.44,ml,46.0,55.0,0.02933,0.13,ci,ci38458487,2019-10-01T20:14:11.810Z,"20km NNE of Ridgecrest, CA",earthquake,0.14,0.25,0.138,35.0,reviewed,ci,ci
2019-07-06T05:40:08.510Z,35.888,-117.6785,9.34,3.27,ml,18.0,85.0,0.06398,0.05,ci,ci38458495,2019-10-01T20:49:37.030Z,"21km ESE of Little Lake, CA",earthquake,0.12,0.29,0.188,18.0,reviewed,ci,ci
2019-07-06T05:40:09.270Z,35.7281667,-117.5683333,6.83,3.13,ml,17.0,113.0,0.09055,0.16,ci,ci37227348,2019-10-01T21:00:06.422Z,"15km NE of Ridgecrest, CA",earthquake,0.32,0.75,0.178,8.0,reviewed,ci,ci
2019-07-06T05:40:16.280Z,35.8545,-117.6526667,11.52,3.26,ml,19.0,97.0,0.0592,0.22,ci,ci37227356,2019-10-01T21:10:41.983Z,"24km WNW of Searles Valley, CA",earthquake,0.37,0.9,0.098,14.0,reviewed,ci,ci
2019-07-06T05:41:32.240Z,35.7838333,-117.6041667,2.95,3.56,mlr,32.0,64.0,0.0323,0.12,ci,ci38458503,2019-10-01T22:20:14.482Z,"18km W of Searles Valley, CA",earthquake,0.17,0.24,0.122,16.0,reviewed,ci,ci
2019-07-06T05:41:36.030Z,35.5586667,-117.419,8.89,3.66,mlr,10.0,136.0,0.04485,0.09,ci,ci37227372,2019-10-01T22:16:19.545Z,"23km S of Trona, CA",earthquake,0.29,0.29,0.049,4.0,reviewed,ci,ci
2019-07-06T05:41:48.390Z,35.7771667,-117.5573333,10.9,3.78,mlr,34.0,56.0,0.05048,0.15,ci,ci37227380,2019-10-01T22:21:40.332Z,"14km W of Searles Valley, CA",earthquake,0.19,0.31,0.167,38.0,reviewed,ci,ci
2019-07-06T05:42:32.470Z,35.8938333,-117.731,5.3,2.99,ml,18.0,130.0,0.08943,0.1,ci,ci37227388,2019-10-01T23:40:43.402Z,"16km ESE of Little Lake, CA",earthquake,0.21,0.62,0.151,12.0,reviewed,ci,ci
2019-07-06T05:42:32.850Z,35.5283333,-117.3445,5.5,2.88,ml,6.0,173.0,0.01668,0.08,ci,ci37227396,2019-10-01T23:55:03.731Z,"26km S of Trona, CA",earthquake,0.64,0.35,0.056,3.0,reviewed,ci,ci
2019-07-06T05:42:45.360Z,35.5841667,-117.3858333,7.35,2.89,ml,7.0,206.0,0.06159,0.07,ci,ci37227404,2019-10-02T00:00:40.443Z,"20km S of Trona, CA",earthquake,0.62,0.34,0.03,4.0,reviewed,ci,ci
2019-07-06T05:43:06.410Z,35.673,-117.4968333,1.46,2.78,ml,13.0,83.0,0.09081,0.12,ci,ci37227412,2019-10-02T00:06:45.670Z,"13km SW of Searles Valley, CA",earthquake,0.23,0.38,0.086,5.0,reviewed,ci,ci
2019-07-06T05:43:22.370Z,35.8946667,-117.714,3.1,3.34,ml,41.0,38.0,0.09535,0.18,ci,ci38458511,2019-10-02T17:44:06.460Z,"18km ESE of Little Lake, CA",earthquake,0.16,0.62,0.16,28.0,reviewed,ci,ci
2019-07-06T05:43:49.050Z,35.6481667,-117.4895,5.02,2.82,ml,13.0,106.0,0.06543,0.21,ci,ci37227476,2019-10-02T17:52:59.106Z,"15km SSW of Searles Valley, CA",earthquake,0.43,0.68,0.129,6.0,reviewed,ci,ci
2019-07-06T05:43:49.860Z,35.8663333,-117.7151667,3.76,2.84,ml,17.0,73.0,0.09691,0.2,ci,ci38458519,2019-10-02T18:54:57.572Z,"19km ESE of Little Lake, CA",earthquake,0.3,0.85,0.127,12.0,reviewed,ci,ci
2019-07-06T05:44:08.930Z,35.9228333,-117.7113333,3.43,3.44,ml,36.0,34.0,0.05543,0.17,ci,ci38458527,2019-10-02T20:23:16.570Z,"18km E of Little Lake, CA",earthquake,0.16,0.5,0.157,28.0,reviewed,ci,ci
2019-07-06T05:44:17.230Z,35.9003333,-117.6693333,9.09,3.35,ml,19.0,88.0,0.0499,0.19,ci,ci37227500,2019-10-02T20:29:55.927Z,"22km E of Little Lake, CA",earthquake,0.28,0.74,0.093,10.0,reviewed,ci,ci
2019-07-06T05:44:32.760Z,35.9053333,-117.723,6.03,2.91,ml,15.0,128.0,0.07265,0.07,ci,ci37227508,2019-10-02T20:50:35.572Z,"17km ESE of Little Lake, CA",earthquake,0.18,0.49,0.173,11.0,reviewed,ci,ci
2019-07-06T05:44:39.790Z,35.6121667,-117.3746667,7.3,2.77,ml,6.0,169.0,0.07579,0.2,ci,ci37227516,2019-10-02T20:57:09.818Z,"17km S of Trona, CA",earthquake,0.69,1.41,0.146,2.0,reviewed,ci,ci
2019-07-06T05:44:52.010Z,35.6828333,-117.5171667,8.03,2.7,ml,18.0,138.0,0.106,0.14,ci,ci37227524,2019-10-02T21:07:02.418Z,"14km SW of Searles Valley, CA",earthquake,0.27,1.01,0.062,11.0,reviewed,ci,ci
2019-07-06T05:45:26.320Z,35.9261667,-117.7041667,2.75,3.08,ml,35.0,35.0,0.04874,0.12,ci,ci38458535,2019-10-02T21:47:54.350Z,"18km E of Little Lake, CA",earthquake,0.13,0.27,0.139,20.0,reviewed,ci,ci
2019-07-06T05:45:41.870Z,35.8896667,-117.7081667,6.62,2.84,ml,16.0,118.0,0.07468,0.06,ci,ci37227532,2019-10-02T21:59:56.858Z,"19km ESE of Little Lake, CA",earthquake,0.15,0.32,0.147,13.0,reviewed,ci,ci
2019-07-06T05:46:06.840Z,35.7085,-117.553,2.11,3.05,ml,30.0,58.0,0.113,0.15,ci,ci38458543,2019-10-02T22:20:15.810Z,"15km NE of Ridgecrest, CA",earthquake,0.16,0.32,0.127,28.0,reviewed,ci,ci
2019-07-06T05:47:08.600Z,35.7131667,-117.5406667,1.66,2.71,ml,31.0,59.0,0.1123,0.18,ci,ci37227796,2019-10-03T17:49:27.987Z,"14km WSW of Searles Valley, CA",earthquake,0.18,0.34,0.151,16.0,reviewed,ci,ci
2019-07-06T05:48:03.750Z,35.6976667,-117.5321667,9.7,2.5,ml,21.0,77.0,0.1247,0.2,ci,ci37227812,2019-10-03T19:17:17.656Z,"14km SW of Searles Valley, CA",earthquake,0.31,0.78,0.12,12.0,reviewed,ci,ci
2019-07-06T05:49:57.470Z,35.6391667,-117.4645,2.87,3.03,ml,23.0,58.0,0.05259,0.19,ci,ci37227996,2019-10-04T00:26:55.975Z,"15km SSW of Searles Valley, CA",earthquake,0.23,0.41,0.202,20.0,reviewed,ci,ci
2019-07-06T05:50:15.300Z,35.6308333,-117.4553333,8.83,3.02,ml,15.0,90.0,0.04459,0.18,ci,ci37228004,2019-10-04T00:35:04.386Z,"16km SSW of Searles Valley, CA",earthquake,0.44,0.72,0.152,12.0,reviewed,ci,ci
2019-07-06T05:50:16.350Z,35.8875,-117.7228333,3.98,2.86,ml,18.0,79.0,0.08421,0.09,ci,ci37227988,2019-10-04T00:40:09.183Z,"17km ESE of Little Lake, CA",earthquake,0.16,0.37,0.082,8.0,reviewed,ci,ci
2019-07-06T05:50:49.260Z,35.6261667,-117.4761667,8.9,2.69,ml,20.0,82.0,0.04118,0.16,ci,ci37228012,2019-10-04T16:53:47.811Z,"17km SSW of Searles Valley, CA",earthquake,0.25,0.54,0.173,18.0,reviewed,ci,ci
2019-07-06T05:51:30.690Z,35.889,-117.7176667,9.27,2.78,ml,18.0,112.0,0.08024,0.14,ci,ci37228036,2019-10-04T17:18:42.819Z,"18km ESE of Little Lake, CA",earthquake,0.31,0.56,0.178,13.0,reviewed,ci,ci
2019-07-06T05:51:49.700Z,35.9143333,-117.713,3.75,3.39,ml,23.0,45.0,0.06087,0.08,ci,ci38458567,2019-10-04T17:03:07.107Z,"18km E of Little Lake, CA",earthquake,0.12,0.35,0.219,14.0,reviewed,ci,ci
2019-07-06T05:52:05.350Z,35.6058333,-117.403,5.35,3.62,mlr,40.0,32.0,0.05196,0.14,ci,ci38458575,2019-10-04T18:13:52.853Z,"18km S of Trona, CA",earthquake,0.16,0.36,0.212,49.0,reviewed,ci,ci
2019-07-06T05:52:50.320Z,35.8983333,-117.7275,6.44,2.8,ml,17.0,130.0,0.07978,0.07,ci,ci37228052,2019-10-04T17:51:49.403Z,"17km ESE of Little Lake, CA",earthquake,0.16,0.38,0.113,12.0,reviewed,ci,ci
2019-07-06T05:52:55.390Z,35.9158333,-117.7095,3.43,2.92,ml,11.0,147.0,0.05767,0.13,ci,ci37228068,2019-10-04T18:13:32.416Z,"18km E of Little Lake, CA",earthquake,0.42,1.08,0.064,9.0,reviewed,ci,ci
2019-07-06T05:55:07.100Z,35.897,-117.7298333,4.57,2.98,ml,27.0,37.0,0.08209,0.1,ci,ci38458599,2019-10-04T18:44:05.026Z,"16km ESE of Little Lake, CA",earthquake,0.14,0.29,0.177,15.0,reviewed,ci,ci
2019-07-06T05:55:21.960Z,35.681,-117.5431667,7.19,2.9,ml,33.0,94.0,0.1151,0.15,ci,ci38458607,2019-10-04T19:10:33.770Z,"14km ENE of Ridgecrest, CA",earthquake,0.19,0.82,0.11,27.0,reviewed,ci,ci
2019-07-06T05:56:02.490Z,35.879,-117.7166667,2.81,2.5,ml,12.0,102.0,0.08047,0.12,ci,ci38458615,2019-10-04T19:17:37.050Z,"18km ESE of Little Lake, CA",earthquake,0.28,1.61,0.088,7.0,reviewed,ci,ci
2019-07-06T05:56:09.740Z,35.6806667,-117.5026667,10.36,2.52,ml,16.0,104.0,0.09958,0.16,ci,ci37228084,2019-10-04T19:25:10.492Z,"13km SW of Searles Valley, CA",earthquake,0.28,0.78,0.136,10.0,reviewed,ci,ci
2019-07-06T05:56:14.480Z,35.6926667,-117.5323333,10.44,2.81,ml,15.0,78.0,0.1204,0.13,ci,ci37228092,2019-10-04T19:30:58.393Z,"14km SW of Searles Valley, CA",earthquake,0.24,0.61,0.235,12.0,reviewed,ci,ci
2019-07-06T05:56:29.090Z,35.8686667,-117.6698333,9.97,2.74,ml,19.0,70.0,0.07901,0.08,ci,ci38458623,2019-10-04T19:36:16.874Z,"23km ESE of Little Lake, CA",earthquake,0.16,0.38,0.151,12.0,reviewed,ci,ci
2019-07-06T05:56:44.090Z,35.8145,-117.6383333,9.39,2.65,ml,28.0,55.0,0.0332,0.16,ci,ci38458631,2019-10-04T19:55:09.455Z,"22km WNW of Searles Valley, CA",earthquake,0.24,0.42,0.107,26.0,reviewed,ci,ci
2019-07-06T05:57:04.230Z,35.6635,-117.521,10.9,2.6,ml,22.0,66.0,0.09054,0.16,ci,ci38458639,2019-10-04T20:29:01.717Z,"15km ENE of Ridgecrest, CA",earthquake,0.25,0.49,0.137,28.0,reviewed,ci,ci
2019-07-06T05:57:23.120Z,35.7521667,-117.5646667,7.7,2.53,ml,12.0,114.0,0.06883,0.16,ci,ci37228100,2019-10-04T21:16:13.590Z,"15km W of Searles Valley, CA",earthquake,0.44,0.8,0.118,9.0,reviewed,ci,ci
2019-07-06T05:58:13.420Z,35.5423333,-117.4578333,8.97,2.79,ml,4.0,122.0,0.04421,0.04,ci,ci37228108,2019-10-04T21:44:42.494Z,"22km ESE of Ridgecrest, CA",earthquake,0.84,1.09,0.008,1.0,reviewed,ci,ci
2019-07-06T05:58:17.570Z,35.9323333,-117.6916667,1.86,4.15,mlr,42.0,34.0,0.07309,0.17,ci,ci38458655,2019-09-26T14:30:32.040Z,"19km E of Little Lake, CA",earthquake,0.15,0.27,0.216,25.0,reviewed,ci,ci
2019-07-06T05:58:45.840Z,35.8686667,-117.6751667,7.56,3.45,ml,15.0,88.0,0.08159,0.09,ci,ci38458647,2019-10-04T22:13:00.875Z,"22km ESE of Little Lake, CA",earthquake,0.2,0.49,0.108,10.0,reviewed,ci,ci
2019-07-06T05:59:44.190Z,35.7376667,-117.574,3.12,3.57,mlr,26.0,85.0,0.08022,0.17,ci,ci38458663,2019-10-04T22:49:37.472Z,"16km WSW of Searles Valley, CA",earthquake,0.21,0.49,0.197,33.0,reviewed,ci,ci
2019-07-06T06:00:57.770Z,35.5535,-117.3465,4.31,3.5,ml,33.0,87.0,0.03206,0.17,ci,ci38458671,2019-10-04T23:57:14.460Z,"24km S of Trona, CA",earthquake,0.21,0.32,0.191,46.0,reviewed,ci,ci
2019-07-06T06:01:46.390Z,35.6736667,-117.4801667,3.58,3.09,ml,10.0,109.0,0.0882,0.14,ci,ci37263996,2020-03-09T22:02:19.002Z,"12km SSW of Searles Valley, CA",earthquake,0.35,1.12,0.017,3.0,reviewed,ci,ci
2019-07-06T06:01:51.800Z,35.911,-117.7385,4.99,4.63,mw,67.0,36.0,0.07482,0.14,ci,ci38458679,2019-11-15T18:54:44.787Z,"15km E of Little Lake, CA",earthquake,0.09,0.4,,4.0,reviewed,ci,ci
2019-07-06T06:02:30.250Z,35.8111667,-117.6366667,6.83,3.2,ml,17.0,69.0,0.03215,0.12,ci,ci37420885,2019-10-05T00:27:00.790Z,"21km N of Ridgecrest, CA",earthquake,0.19,0.37,0.169,11.0,reviewed,ci,ci
2019-07-06T06:02:50.160Z,35.8618333,-117.6418333,5.2,2.67,ml,9.0,118.0,0.05842,0.28,ci,ci37228116,2019-10-07T17:00:49.387Z,"24km WNW of Searles Valley, CA",earthquake,0.7,2.12,0.203,7.0,reviewed,ci,ci
2019-07-06T06:03:24.510Z,35.7513333,-117.58,4.73,2.69,ml,12.0,139.0,0.06583,0.1,ci,ci37228276,2019-10-07T17:10:27.152Z,"16km W of Searles Valley, CA",earthquake,0.29,0.46,0.123,8.0,reviewed,ci,ci
2019-07-06T06:03:41.430Z,35.8673333,-117.698,7.79,2.73,ml,18.0,74.0,0.07995,0.16,ci,ci37228284,2019-10-07T17:35:58.053Z,"20km ESE of Little Lake, CA",earthquake,0.25,0.78,0.12,12.0,reviewed,ci,ci
2019-07-06T06:03:48.180Z,35.8963333,-117.6798333,2.01,3.19,ml,28.0,71.0,0.0746,0.15,ci,ci37228292,2019-10-07T17:58:06.412Z,"21km ESE of Little Lake, CA",earthquake,0.18,0.29,0.132,16.0,reviewed,ci,ci
2019-07-06T06:04:02.310Z,35.8975,-117.6935,2.52,2.64,ml,10.0,162.0,0.06127,0.04,ci,ci37228300,2019-10-07T19:09:08.352Z,"20km ESE of Little Lake, CA",earthquake,0.13,0.21,0.05,5.0,reviewed,ci,ci
2019-07-06T06:04:07.880Z,35.6216667,-117.4176667,4.93,2.84,ml,7.0,126.0,0.05048,0.11,ci,ci37228308,2019-10-07T19:22:51.136Z,"16km SSW of Trona, CA",earthquake,0.32,0.52,0.346,4.0,reviewed,ci,ci
2019-07-06T06:04:13.100Z,35.8248333,-117.6453333,10.94,2.74,ml,16.0,75.0,0.03991,0.12,ci,ci37228316,2019-10-07T19:23:53.712Z,"23km WNW of Searles Valley, CA",earthquake,0.27,0.44,0.045,7.0,reviewed,ci,ci
2019-07-06T06:04:34.100Z,35.8878333,-117.7073333,4.8,3.46,mlr,52.0,39.0,0.0757,0.14,ci,ci38458687,2019-10-07T19:55:00.010Z,"19km ESE of Little Lake, CA",earthquake,0.11,0.26,0.16,31.0,reviewed,ci,ci
2019-07-06T06:04:56.980Z,35.6875,-117.5855,1.61,2.55,ml,9.0,151.0,0.1283,0.1,ci,ci37228324,2019-10-07T20:45:23.882Z,"11km NE of Ridgecrest, CA",earthquake,0.36,0.55,0.075,4.0,reviewed,ci,ci
2019-07-06T06:05:18.150Z,35.9118333,-117.7331667,8.15,2.66,ml,19.0,107.0,0.07622,0.07,ci,ci37228436,2019-10-07T20:44:52.453Z,"16km E of Little Lake, CA",earthquake,0.15,0.4,0.117,11.0,reviewed,ci,ci
2019-07-06T06:05:35.620Z,35.9015,-117.7288333,4.37,2.89,ml,30.0,37.0,0.07873,0.13,ci,ci38458695,2019-10-07T21:11:39.797Z,"16km ESE of Little Lake, CA",earthquake,0.14,0.32,0.125,25.0,reviewed,ci,ci
2019-07-06T06:05:59.580Z,35.889,-117.7253333,6.82,2.8,ml,23.0,60.0,0.08459,0.08,ci,ci38458703,2019-10-07T21:13:41.535Z,"17km ESE of Little Lake, CA",earthquake,0.12,0.24,0.183,14.0,reviewed,ci,ci
2019-07-06T06:06:32.980Z,35.5568333,-117.3736667,5.43,2.73,ml,16.0,152.0,0.03267,0.15,ci,ci38458711,2019-10-07T21:24:15.851Z,"23km S of Trona, CA",earthquake,0.31,0.37,0.187,13.0,reviewed,ci,ci
2019-07-06T06:06:47.100Z,35.827,-117.6431667,3.98,2.94,ml,17.0,107.0,0.03877,0.14,ci,ci37228444,2019-10-07T23:32:41.916Z,"23km WNW of Searles Valley, CA",earthquake,0.24,0.5,0.234,14.0,reviewed,ci,ci
2019-07-06T06:06:58.610Z,35.8336667,-117.6325,8.89,3.02,ml,14.0,95.0,0.03359,0.1,ci,ci37228468,2019-10-07T23:58:23.359Z,"22km WNW of Searles Valley, CA",earthquake,0.26,0.56,0.13,10.0,reviewed,ci,ci
2019-07-06T06:07:08.680Z,35.5771667,-117.3635,3.81,3.53,ml,48.0,51.0,0.05211,0.16,ci,ci38458719,2019-10-07T23:52:33.852Z,"21km S of Trona, CA",earthquake,0.14,0.31,0.137,37.0,reviewed,ci,ci
2019-07-06T06:07:31.920Z,35.9066667,-117.7316667,4.44,2.93,ml,15.0,56.0,0.07775,0.08,ci,ci37264004,2020-03-09T23:55:29.829Z,"16km ESE of Little Lake, CA",earthquake,0.16,0.36,0.112,8.0,reviewed,ci,ci
2019-07-06T06:07:40.070Z,35.6233333,-117.4208333,6.36,3.37,ml,18.0,100.0,0.04987,0.11,ci,ci37420965,2021-02-19T19:17:00.772Z,"16km S of Searles Valley, CA",earthquake,0.23,0.35,0.153,46.0,reviewed,ci,ci
2019-07-06T06:08:01.540Z,35.8971667,-117.7061667,8.33,2.71,ml,15.0,67.0,0.06792,0.09,ci,ci38458727,2019-10-08T01:03:08.922Z,"19km ESE of Little Lake, CA",earthquake,0.17,0.59,0.2,10.0,reviewed,ci,ci
2019-07-06T06:08:10.510Z,35.6221667,-117.4626667,5.01,2.94,ml,20.0,66.0,0.03559,0.12,ci,ci37228476,2019-10-08T17:44:35.301Z,"17km SSW of Searles Valley, CA",earthquake,0.18,0.3,0.112,11.0,reviewed,ci,ci
2019-07-06T06:08:50.170Z,35.8841667,-117.6841667,5.43,2.71,ml,11.0,92.0,0.06926,0.09,ci,ci37228604,2019-10-08T17:56:24.759Z,"21km ESE of Little Lake, CA",earthquake,0.24,0.71,0.079,7.0,reviewed,ci,ci
2019-07-06T06:09:08.080Z,35.8971667,-117.7055,7.42,3.02,ml,35.0,38.0,0.06756,0.13,ci,ci38458735,2019-10-08T18:24:29.770Z,"19km ESE of Little Lake, CA",earthquake,0.14,0.35,0.138,23.0,reviewed,ci,ci
2019-07-06T06:11:45.230Z,35.6746667,-117.5471667,9.59,2.52,ml,23.0,59.0,0.1119,0.15,ci,ci37228652,2019-10-08T21:47:44.438Z,"13km ENE of Ridgecrest, CA",earthquake,0.21,0.56,0.142,14.0,reviewed,ci,ci
2019-07-06T06:12:52.000Z,35.5813333,-117.3751667,5.45,4.27,mlr,55.0,42.0,0.05692,0.15,ci,ci38458759,2019-10-09T00:37:30.144Z,"20km S of Trona, CA",earthquake,0.15,0.43,0.19,25.0,reviewed,ci,ci
2019-07-06T06:13:23.000Z,35.6165,-117.4611667,9.36,3.02,ml,9.0,112.0,0.02995,0.12,ci,ci37264012,2020-03-10T00:07:49.949Z,"18km SSW of Searles Valley, CA",earthquake,0.38,0.53,0.094,2.0,reviewed,ci,ci
2019-07-06T06:13:35.610Z,35.6701667,-117.4668333,3.0,2.99,ml,8.0,113.0,0.08357,0.12,ci,ci37264020,2020-03-10T00:28:59.073Z,"12km SSW of Searles Valley, CA",earthquake,0.32,0.34,0.1,4.0,reviewed,ci,ci
2019-07-06T06:14:15.680Z,35.6731667,-117.4703333,7.25,3.33,ml,39.0,48.0,0.08673,0.16,ci,ci38458767,2019-10-09T18:06:47.610Z,"12km SSW of Searles Valley, CA",earthquake,0.17,0.64,0.121,25.0,reviewed,ci,ci
2019-07-06T06:15:02.990Z,35.7141667,-117.5485,10.16,2.78,ml,22.0,197.0,0.1089,0.16,ci,ci38458775,2019-10-09T18:20:25.360Z,"14km WSW of Searles Valley, CA",earthquake,0.42,0.78,0.106,16.0,reviewed,ci,ci
2019-07-06T06:15:16.120Z,35.8775,-117.6778333,5.9,2.86,ml,15.0,87.0,0.08481,0.06,ci,ci37228692,2019-10-09T18:57:17.654Z,"22km ESE of Little Lake, CA",earthquake,0.18,0.62,0.086,8.0,reviewed,ci,ci
2019-07-06T06:15:20.400Z,35.5858333,-117.4218333,2.71,2.59,ml,9.0,205.0,0.03291,0.13,ci,ci37228700,2019-10-09T18:56:46.218Z,"20km S of Trona, CA",earthquake,0.73,0.25,0.11,3.0,reviewed,ci,ci
2019-07-06T06:16:01.130Z,35.8553333,-117.6815,4.56,3.21,ml,37.0,33.0,0.07886,0.16,ci,ci38458783,2019-10-10T17:56:32.533Z,"22km ESE of Little Lake, CA",earthquake,0.17,0.37,0.158,84.0,reviewed,ci,ci
2019-07-06T06:17:10.080Z,35.6308333,-117.588,11.43,2.84,ml,15.0,70.0,0.1116,0.14,ci,ci38458791,2019-10-10T20:27:34.770Z,"8km E of Ridgecrest, CA",earthquake,0.28,0.76,0.141,12.0,reviewed,ci,ci
2019-07-06T06:17:20.990Z,35.8795,-117.6891667,2.78,3.45,mlr,43.0,58.0,0.07517,0.19,ci,ci38458799,2019-10-10T20:53:02.414Z,"21km ESE of Little Lake, CA",earthquake,0.17,0.35,0.118,31.0,reviewed,ci,ci
2019-07-06T06:17:54.830Z,35.949,-117.7321667,-1.32,2.67,ml,7.0,174.0,0.0694,0.14,ci,ci37228812,2019-10-10T21:10:57.442Z,"16km E of Little Lake, CA",earthquake,0.42,1.3,0.062,3.0,reviewed,ci,ci
2019-07-06T06:18:08.980Z,35.8351667,-117.667,8.45,2.77,ml,15.0,98.0,0.05971,0.07,ci,ci38458823,2019-10-10T21:30:07.592Z,"24km N of Ridgecrest, CA",earthquake,0.23,0.51,0.126,3.0,reviewed,ci,ci
2019-07-06T06:18:11.250Z,35.9191667,-117.684,8.98,3.55,ml,26.0,51.0,0.0688,0.2,ci,ci38458815,2019-10-10T21:37:41.555Z,"20km E of Little Lake, CA",earthquake,0.24,0.66,0.144,21.0,reviewed,ci,ci
2019-07-06T06:18:45.970Z,35.8198333,-117.6556667,2.19,3.45,ml,30.0,73.0,0.04744,0.16,ci,ci37228820,2019-10-10T22:16:00.980Z,"22km N of Ridgecrest, CA",earthquake,0.19,0.3,0.125,33.0,reviewed,ci,ci
2019-07-06T06:19:42.410Z,35.8841667,-117.7191667,4.42,3.14,ml,38.0,36.0,0.08409,0.16,ci,ci38458831,2019-10-10T22:54:10.510Z,"18km ESE of Little Lake, CA",earthquake,0.16,0.37,0.095,21.0,reviewed,ci,ci
2019-07-06T06:19:57.920Z,35.8885,-117.7126667,-0.96,2.56,ml,17.0,62.0,0.07791,0.26,ci,ci37228844,2019-10-11T00:34:44.037Z,"18km ESE of Little Lake, CA",earthquake,0.39,0.92,0.147,10.0,reviewed,ci,ci
2019-07-06T06:20:33.160Z,35.8905,-117.7211667,4.18,2.82,ml,29.0,37.0,0.08915,0.17,ci,ci38458839,2019-10-11T00:48:39.018Z,"18km ESE of Little Lake, CA",earthquake,0.18,0.46,0.095,17.0,reviewed,ci,ci
2019-07-06T06:20:53.690Z,35.7841667,-117.6118333,4.86,2.72,ml,18.0,74.0,0.03359,0.17,ci,ci37228852,2019-10-11T17:34:19.427Z,"19km W of Searles Valley, CA",earthquake,0.36,0.63,0.253,4.0,reviewed,ci,ci
2019-07-06T06:20:57.480Z,35.7253333,-117.5598333,10.68,2.93,ml,25.0,75.0,0.09527,0.18,ci,ci37228860,2019-10-11T17:56:00.254Z,"15km WSW of Searles Valley, CA",earthquake,0.25,0.51,0.102,27.0,reviewed,ci,ci
2019-07-06T06:22:02.620Z,35.8156667,-117.6513333,7.41,2.56,ml,28.0,52.0,0.04375,0.2,ci,ci38458847,2019-10-11T19:22:54.441Z,"22km N of Ridgecrest, CA",earthquake,0.27,0.67,0.175,23.0,reviewed,ci,ci
2019-07-06T06:22:35.560Z,35.899,-117.6771667,8.64,2.58,ml,34.0,51.0,0.05342,0.13,ci,ci38458855,2019-10-11T19:20:22.463Z,"21km ESE of Little Lake, CA",earthquake,0.16,0.4,0.127,28.0,reviewed,ci,ci
2019-07-06T06:25:52.490Z,35.8721667,-117.6658333,7.26,2.93,ml,18.0,96.0,0.07907,0.09,ci,ci37228964,2019-10-11T23:52:30.722Z,"23km ESE of Little Lake, CA",earthquake,0.19,0.54,0.113,5.0,reviewed,ci,ci
2019-07-06T06:25:58.220Z,35.6728333,-117.4693333,8.54,2.99,ml,21.0,113.0,0.08634,0.17,ci,ci38458887,2019-10-11T23:27:21.322Z,"12km SSW of Searles Valley, CA",earthquake,0.27,0.78,0.189,22.0,reviewed,ci,ci
2019-07-06T06:26:18.620Z,35.7095,-117.5095,4.8,3.06,ml,35.0,52.0,0.1279,0.14,ci,ci38458895,2019-10-12T00:21:37.070Z,"12km SW of Searles Valley, CA",earthquake,0.15,0.51,0.13,30.0,reviewed,ci,ci
2019-07-06T06:26:53.340Z,35.874,-117.7026667,5.68,3.42,ml,44.0,36.0,0.08258,0.14,ci,ci38458903,2019-10-14T18:29:23.970Z,"20km ESE of Little Lake, CA",earthquake,0.11,0.39,0.118,32.0,reviewed,ci,ci
2019-07-06T06:27:33.010Z,35.878,-117.6903333,2.67,2.94,ml,24.0,60.0,0.09203,0.13,ci,ci38458911,2019-10-14T18:52:56.894Z,"20km ESE of Little Lake, CA",earthquake,0.17,0.3,0.154,16.0,reviewed,ci,ci
2019-07-06T06:27:44.450Z,35.8463333,-117.6656667,7.4,2.75,ml,13.0,86.0,0.06324,0.17,ci,ci37229100,2019-10-14T18:55:45.954Z,"24km ESE of Little Lake, CA",earthquake,0.33,0.84,0.185,8.0,reviewed,ci,ci
2019-07-06T06:28:44.340Z,35.5526667,-117.4345,1.77,2.91,ml,5.0,141.0,0.06341,0.12,ci,ci38458927,2019-10-14T19:08:20.785Z,"23km ESE of Ridgecrest, CA",earthquake,0.53,0.44,0.47,4.0,reviewed,ci,ci
2019-07-06T06:28:51.870Z,35.8795,-117.6756667,6.72,2.89,ml,12.0,89.0,0.07128,0.12,ci,ci38458935,2019-10-14T19:12:23.924Z,"22km ESE of Little Lake, CA",earthquake,0.24,0.54,0.205,8.0,reviewed,ci,ci
2019-07-06T06:28:57.500Z,35.707,-117.5305,10.08,3.3,ml,26.0,60.0,0.1214,0.23,ci,ci37229124,2019-10-14T19:30:01.908Z,"13km WSW of Searles Valley, CA",earthquake,0.3,0.83,0.165,48.0,reviewed,ci,ci
2019-07-06T06:29:25.330Z,35.8811667,-117.7236667,4.66,2.97,ml,15.0,65.0,0.07982,0.12,ci,ci37229132,2019-10-14T19:37:53.700Z,"18km ESE of Little Lake, CA",earthquake,0.22,0.49,0.165,9.0,reviewed,ci,ci
2019-07-06T06:30:27.120Z,35.9016667,-117.73,6.01,2.7,ml,13.0,152.0,0.08564,0.08,ci,ci37229156,2019-10-14T20:24:21.001Z,"16km ESE of Little Lake, CA",earthquake,0.24,0.45,0.092,9.0,reviewed,ci,ci
2019-07-06T06:30:45.870Z,35.87,-117.6666667,6.94,3.31,ml,28.0,47.0,0.07803,0.1,ci,ci38458943,2019-10-14T21:00:41.140Z,"23km ESE of Little Lake, CA",earthquake,0.13,0.25,0.158,26.0,reviewed,ci,ci
2019-07-06T06:30:50.570Z,35.639,-117.439,5.03,3.13,ml,8.0,146.0,0.05569,0.11,ci,ci37229172,2019-10-14T21:10:19.670Z,"15km SSW of Searles Valley, CA",earthquake,0.37,0.34,0.094,3.0,reviewed,ci,ci
2019-07-06T06:31:00.730Z,35.8785,-117.6868333,4.3,3.72,mlr,46.0,40.0,0.07531,0.17,ci,ci38458951,2019-10-14T21:23:35.810Z,"21km ESE of Little Lake, CA",earthquake,0.13,0.32,0.15,44.0,reviewed,ci,ci
2019-07-06T06:31:09.270Z,35.896,-117.6541667,2.71,3.31,ml,9.0,87.0,0.05188,0.12,ci,ci37264124,2020-03-10T19:45:27.012Z,"23km E of Little Lake, CA",earthquake,0.29,0.38,0.053,3.0,reviewed,ci,ci
2019-07-06T06:31:49.560Z,35.7161667,-117.5316667,9.42,2.8,ml,15.0,169.0,0.1129,0.14,ci,ci38458959,2019-10-14T21:36:38.179Z,"13km WSW of Searles Valley, CA",earthquake,0.52,1.03,0.047,3.0,reviewed,ci,ci
2019-07-06T06:31:55.320Z,35.8893333,-117.7226667,4.65,3.55,ml,41.0,36.0,0.08759,0.16,ci,ci38458967,2019-10-14T21:49:10.614Z,"17km ESE of Little Lake, CA",earthquake,0.14,0.33,0.163,31.0,reviewed,ci,ci
2019-07-06T06:32:07.830Z,35.843,-117.7211667,-1.14,3.09,ml,10.0,180.0,0.04943,0.22,ci,ci37229188,2019-10-15T00:08:44.947Z,"20km ESE of Little Lake, CA",earthquake,0.52,0.94,0.069,5.0,reviewed,ci,ci
2019-07-06T06:32:26.660Z,35.7821667,-117.609,10.93,2.97,ml,25.0,58.0,0.03478,0.15,ci,ci38458975,2019-10-15T00:38:44.920Z,"19km W of Searles Valley, CA",earthquake,0.2,0.36,0.139,15.0,reviewed,ci,ci
2019-07-06T06:33:09.860Z,35.6995,-117.4856667,11.1,2.77,ml,36.0,85.0,0.1144,0.18,ci,ci38458983,2019-10-15T19:29:15.420Z,"11km SW of Searles Valley, CA",earthquake,0.2,0.41,0.143,26.0,reviewed,ci,ci
2019-07-06T06:33:43.070Z,35.8931667,-117.7315,6.19,2.7,ml,17.0,106.0,0.08868,0.08,ci,ci37229284,2019-10-15T20:48:27.746Z,"16km ESE of Little Lake, CA",earthquake,0.16,0.46,0.087,10.0,reviewed,ci,ci
2019-07-06T06:33:54.420Z,35.887,-117.7268333,5.91,2.75,ml,28.0,60.0,0.08416,0.12,ci,ci37229292,2019-10-15T21:43:25.677Z,"17km ESE of Little Lake, CA",earthquake,0.16,0.51,0.168,19.0,reviewed,ci,ci
2019-07-06T06:34:18.740Z,35.858,-117.7073333,7.64,2.54,ml,24.0,35.0,0.06797,0.13,ci,ci38458991,2019-10-15T22:22:13.031Z,"20km ESE of Little Lake, CA",earthquake,0.22,0.52,0.134,15.0,reviewed,ci,ci
2019-07-06T06:34:47.410Z,35.8926667,-117.7248333,8.17,4.05,mlr,58.0,36.0,0.09001,0.14,ci,ci38458999,2019-09-26T14:30:33.040Z,"17km ESE of Little Lake, CA",earthquake,0.1,0.28,0.132,40.0,reviewed,ci,ci
2019-07-06T06:35:16.600Z,35.9158333,-117.733,5.9,2.84,ml,13.0,54.0,0.0743,0.07,ci,ci37229308,2019-10-15T22:40:49.651Z,"16km E of Little Lake, CA",earthquake,0.16,0.48,0.093,7.0,reviewed,ci,ci
2019-07-06T06:35:33.690Z,35.8731667,-117.6965,7.98,3.09,ml,18.0,75.0,0.08511,0.12,ci,ci37229324,2019-10-15T22:58:14.638Z,"20km ESE of Little Lake, CA",earthquake,0.22,0.62,0.122,11.0,reviewed,ci,ci
2019-07-06T06:35:35.450Z,35.5993333,-117.348,5.47,2.89,ml,7.0,202.0,0.07543,0.09,ci,ci37229332,2019-10-15T23:06:35.582Z,"19km S of Trona, CA",earthquake,0.42,0.72,0.219,3.0,reviewed,ci,ci
2019-07-06T06:36:38.530Z,35.7768333,-117.6095,9.42,2.75,ml,34.0,45.0,0.04003,0.18,ci,ci38459007,2019-10-15T23:55:55.421Z,"18km NNE of Ridgecrest, CA",earthquake,0.19,0.48,0.103,32.0,reviewed,ci,ci
2019-07-06T06:37:19.840Z,35.7053333,-117.5075,1.68,2.5,ml,25.0,80.0,0.1242,0.19,ci,ci37229428,2019-10-16T18:49:26.675Z,"12km SW of Searles Valley, CA",earthquake,0.24,0.42,0.149,17.0,reviewed,ci,ci
2019-07-06T06:37:47.280Z,35.8635,-117.6978333,7.55,2.51,ml,27.0,73.0,0.07729,0.09,ci,ci38459023,2019-10-16T19:03:54.796Z,"20km ESE of Little Lake, CA",earthquake,0.15,0.37,0.157,22.0,reviewed,ci,ci
2019-07-06T06:39:10.040Z,35.7311667,-117.5415,4.04,2.98,ml,47.0,36.0,0.0959,0.16,ci,ci38459031,2019-10-16T20:09:24.390Z,"13km WSW of Searles Valley, CA",earthquake,0.12,0.51,0.176,37.0,reviewed,ci,ci
2019-07-06T06:40:02.000Z,35.8958333,-117.7276667,4.47,3.03,ml,26.0,37.0,0.09053,0.12,ci,ci38459039,2019-10-16T20:58:50.400Z,"17km ESE of Little Lake, CA",earthquake,0.13,0.34,0.139,18.0,reviewed,ci,ci
2019-07-06T06:40:07.410Z,35.8975,-117.7348333,2.45,2.86,ml,15.0,94.0,0.1039,0.16,ci,ci37229548,2019-10-16T21:48:42.838Z,"16km ESE of Little Lake, CA",earthquake,0.27,0.39,0.135,6.0,reviewed,ci,ci
2019-07-06T06:41:15.060Z,35.8041667,-117.6378333,7.51,3.9,mlr,63.0,42.0,0.03475,0.16,ci,ci38459047,2019-10-16T22:16:13.422Z,"21km N of Ridgecrest, CA",earthquake,0.11,0.3,0.124,43.0,reviewed,ci,ci
2019-07-06T06:43:10.470Z,35.8451667,-117.6581667,6.0,2.6,ml,17.0,89.0,0.05737,0.15,ci,ci38459055,2019-10-16T23:42:37.289Z,"24km WNW of Searles Valley, CA",earthquake,0.37,0.78,0.187,8.0,reviewed,ci,ci
2019-07-06T06:43:16.770Z,35.7363333,-117.552,2.4,2.7,ml,17.0,178.0,0.08745,0.21,ci,ci38459063,2019-10-17T00:14:36.682Z,"14km WSW of Searles Valley, CA",earthquake,0.45,0.47,0.174,27.0,reviewed,ci,ci
2019-07-06T06:43:50.040Z,35.873,-117.7058333,7.23,2.73,ml,27.0,37.0,0.08023,0.11,ci,ci38459071,2019-10-17T17:30:31.418Z,"19km ESE of Little Lake, CA",earthquake,0.15,0.47,0.133,22.0,reviewed,ci,ci
2019-07-06T06:43:56.890Z,35.8045,-117.6233333,3.99,2.64,ml,17.0,135.0,0.0238,0.19,ci,ci37230380,2019-10-17T17:37:20.831Z,"20km WNW of Searles Valley, CA",earthquake,0.55,0.41,0.115,12.0,reviewed,ci,ci
2019-07-06T06:44:08.600Z,35.899,-117.7378333,8.16,2.64,ml,15.0,112.0,0.08203,0.06,ci,ci38459079,2019-10-17T17:43:44.362Z,"16km ESE of Little Lake, CA",earthquake,0.15,0.42,0.1,11.0,reviewed,ci,ci
2019-07-06T06:45:08.770Z,35.8106667,-117.6288333,2.98,2.59,ml,18.0,49.0,0.02596,0.15,ci,ci37230516,2019-10-17T18:00:23.633Z,"21km WNW of Searles Valley, CA",earthquake,0.22,0.31,0.082,13.0,reviewed,ci,ci
2019-07-06T06:45:30.730Z,35.8656667,-117.6883333,8.07,2.86,ml,28.0,38.0,0.08436,0.11,ci,ci38459103,2019-10-17T18:07:29.784Z,"21km ESE of Little Lake, CA",earthquake,0.17,0.39,0.113,22.0,reviewed,ci,ci
2019-07-06T06:45:59.800Z,35.6375,-117.4888333,7.04,2.8,ml,15.0,104.0,0.05532,0.16,ci,ci37230572,2020-03-10T20:08:27.523Z,"16km SSW of Searles Valley, CA",earthquake,0.35,0.74,0.169,5.0,reviewed,ci,ci
2019-07-06T06:46:12.130Z,35.8825,-117.6823333,4.58,2.81,ml,27.0,45.0,0.08428,0.13,ci,ci37230532,2019-10-17T18:44:04.220Z,"21km ESE of Little Lake, CA",earthquake,0.18,0.34,0.085,10.0,reviewed,ci,ci
2019-07-06T06:47:08.020Z,35.7903333,-117.6193333,4.86,3.24,ml,28.0,73.0,0.03094,0.12,ci,ci38459127,2019-10-17T21:43:02.109Z,"20km NNE of Ridgecrest, CA",earthquake,0.23,0.46,0.122,4.0,reviewed,ci,ci
2019-07-06T06:47:10.840Z,35.8661667,-117.6466667,6.77,3.57,mlr,21.0,109.0,0.06424,0.23,ci,ci38459135,2019-10-17T21:54:01.552Z,"24km WNW of Searles Valley, CA",earthquake,0.36,0.82,0.131,160.0,reviewed,ci,ci
2019-07-06T06:47:54.660Z,35.7315,-117.5515,9.63,2.78,ml,23.0,77.0,0.09201,0.1,ci,ci38459143,2019-10-17T22:24:09.290Z,"14km WSW of Searles Valley, CA",earthquake,0.18,0.46,0.146,15.0,reviewed,ci,ci
2019-07-06T06:48:07.660Z,35.8968333,-117.7315,5.93,2.99,ml,17.0,79.0,0.08743,0.08,ci,ci37230652,2019-10-17T23:51:59.081Z,"16km ESE of Little Lake, CA",earthquake,0.14,0.46,0.13,9.0,reviewed,ci,ci
2019-07-06T06:48:23.650Z,35.816,-117.6543333,2.25,2.68,ml,18.0,93.0,0.04618,0.16,ci,ci37230668,2019-10-18T00:05:08.081Z,"22km N of Ridgecrest, CA",earthquake,0.25,0.32,0.101,14.0,reviewed,ci,ci
2019-07-06T06:49:27.720Z,35.5721667,-117.4003333,4.39,2.77,ml,8.0,192.0,0.05242,0.09,ci,ci37230884,2019-10-18T18:01:03.641Z,"21km S of Trona, CA",earthquake,0.61,0.33,0.207,2.0,reviewed,ci,ci
2019-07-06T06:49:28.910Z,35.9258333,-117.6945,3.45,3.32,ml,40.0,35.0,0.07596,0.15,ci,ci38459167,2019-10-18T18:10:08.072Z,"19km E of Little Lake, CA",earthquake,0.14,0.44,0.147,27.0,reviewed,ci,ci
2019-07-06T06:49:44.620Z,35.923,-117.7823333,1.16,2.54,ml,8.0,129.0,0.03895,0.09,ci,ci37230900,2019-10-18T18:31:36.400Z,"11km E of Little Lake, CA",earthquake,0.29,0.4,0.442,4.0,reviewed,ci,ci
2019-07-06T06:50:12.070Z,35.7536667,-117.5735,11.49,2.84,ml,28.0,74.0,0.06494,0.13,ci,ci38459175,2019-10-18T19:17:49.116Z,"15km W of Searles Valley, CA",earthquake,0.21,0.45,0.172,17.0,reviewed,ci,ci
2019-07-06T06:50:18.180Z,35.7483333,-117.6268333,0.82,2.77,ml,13.0,166.0,0.07136,0.29,ci,ci37230940,2019-10-18T19:18:37.192Z,"15km NNE of Ridgecrest, CA",earthquake,0.93,1.17,0.13,11.0,reviewed,ci,ci
2019-07-06T06:50:36.520Z,35.6871667,-117.4843333,6.93,3.39,ml,40.0,64.0,0.1021,0.16,ci,ci38459183,2019-10-18T20:18:43.501Z,"12km SW of Searles Valley, CA",earthquake,0.16,0.49,0.166,79.0,reviewed,ci,ci
2019-07-06T06:52:21.680Z,35.8183333,-117.6948333,4.43,2.67,ml,8.0,230.0,0.07914,0.2,ci,ci38459199,2019-10-18T20:55:20.051Z,"22km NNE of Inyokern, CA",earthquake,0.85,1.25,0.331,5.0,reviewed,ci,ci
2019-07-06T06:52:25.970Z,35.5601667,-117.3983333,3.76,3.77,mlr,60.0,26.0,0.04466,0.15,ci,ci38459207,2019-10-18T21:44:29.920Z,"23km S of Trona, CA",earthquake,0.13,0.29,0.22,44.0,reviewed,ci,ci
2019-07-06T06:53:09.890Z,35.6718333,-117.4946667,1.76,3.4,mlr,25.0,85.0,0.08916,0.15,ci,ci38459215,2019-10-18T22:01:27.355Z,"13km SW of Searles Valley, CA",earthquake,0.18,0.4,0.152,27.0,reviewed,ci,ci
2019-07-06T06:53:23.110Z,35.8908333,-117.7326667,4.29,3.11,ml,16.0,57.0,0.08617,0.11,ci,ci37231492,2019-10-18T22:07:15.895Z,"16km ESE of Little Lake, CA",earthquake,0.18,0.45,0.086,8.0,reviewed,ci,ci
2019-07-06T06:53:34.190Z,35.8313333,-117.7023333,4.14,2.77,ml,13.0,128.0,0.0866,0.25,ci,ci37231508,2019-10-18T22:19:54.196Z,"22km ESE of Little Lake, CA",earthquake,0.71,1.14,0.119,7.0,reviewed,ci,ci
2019-07-06T06:54:37.280Z,35.9211667,-117.6856667,4.48,2.54,ml,21.0,50.0,0.06967,0.17,ci,ci37231556,2019-10-18T23:56:07.652Z,"20km E of Little Lake, CA",earthquake,0.24,0.48,0.135,13.0,reviewed,ci,ci
2019-07-06T06:56:21.180Z,35.6866667,-117.4808333,8.33,3.25,ml,38.0,47.0,0.1011,0.14,ci,ci38459239,2019-10-21T17:50:05.280Z,"11km SW of Searles Valley, CA",earthquake,0.14,0.47,0.163,30.0,reviewed,ci,ci
2019-07-06T06:56:38.350Z,35.62,-117.4451667,5.77,2.56,ml,4.0,269.0,0.03619,0.15,ci,ci37231748,2019-10-21T17:57:53.162Z,"17km SSW of Searles Valley, CA",earthquake,1.54,0.92,0.042,2.0,reviewed,ci,ci
2019-07-06T06:57:26.550Z,35.6713333,-117.4048333,10.32,2.56,ml,15.0,102.0,0.09669,0.14,ci,ci37231796,2019-10-21T18:51:16.083Z,"11km SSW of Trona, CA",earthquake,0.33,0.65,0.234,6.0,reviewed,ci,ci
2019-07-06T06:57:33.020Z,35.651,-117.4551667,9.55,2.77,ml,18.0,116.0,0.06461,0.16,ci,ci37231804,2019-10-21T19:07:23.188Z,"14km SSW of Searles Valley, CA",earthquake,0.29,0.64,0.186,8.0,reviewed,ci,ci
2019-07-06T06:57:47.530Z,35.8626667,-117.7105,8.86,3.24,ml,39.0,35.0,0.06977,0.11,ci,ci38459247,2019-10-21T19:24:09.820Z,"20km ESE of Little Lake, CA",earthquake,0.11,0.29,0.197,30.0,reviewed,ci,ci
2019-07-06T06:58:11.100Z,35.9046667,-117.7485,6.76,2.85,ml,17.0,63.0,0.07173,0.08,ci,ci38459255,2019-10-21T19:31:09.373Z,"15km ESE of Little Lake, CA",earthquake,0.14,0.3,0.09,12.0,reviewed,ci,ci
2019-07-06T06:58:29.350Z,35.804,-117.6328333,5.21,2.5,ml,10.0,149.0,0.03101,0.13,ci,ci37231820,2019-10-21T20:35:24.772Z,"21km N of Ridgecrest, CA",earthquake,0.35,0.63,0.094,5.0,reviewed,ci,ci
2019-07-06T06:59:59.430Z,35.6763333,-117.5486667,1.6,3.46,mlr,42.0,51.0,0.114,0.17,ci,ci38459279,2019-10-21T21:38:49.710Z,"13km ENE of Ridgecrest, CA",earthquake,0.14,0.28,0.175,50.0,reviewed,ci,ci
2019-07-06T07:00:20.440Z,35.8923333,-117.722,6.06,2.92,ml,18.0,61.0,0.09056,0.09,ci,ci38459287,2019-10-21T21:47:25.920Z,"17km ESE of Little Lake, CA",earthquake,0.16,0.54,0.104,11.0,reviewed,ci,ci
2019-07-06T07:00:32.770Z,35.9028333,-117.6753333,3.84,2.87,ml,14.0,83.0,0.06818,0.08,ci,ci37231940,2019-10-21T22:18:27.710Z,"21km E of Little Lake, CA",earthquake,0.18,0.51,0.179,9.0,reviewed,ci,ci
2019-07-06T07:00:59.980Z,35.8876667,-117.7075,7.46,2.96,ml,35.0,39.0,0.09168,0.11,ci,ci38459295,2019-10-22T19:32:03.886Z,"19km ESE of Little Lake, CA",earthquake,0.12,0.39,0.151,20.0,reviewed,ci,ci
2019-07-06T07:01:07.140Z,35.8765,-117.6981667,6.4,2.52,ml,12.0,74.0,0.0868,0.14,ci,ci37232124,2019-10-22T19:38:53.273Z,"20km ESE of Little Lake, CA",earthquake,0.3,1.13,0.057,5.0,reviewed,ci,ci
2019-07-06T07:01:51.970Z,35.9021667,-117.73,5.32,2.71,ml,24.0,107.0,0.07911,0.08,ci,ci38459303,2019-10-22T20:09:46.456Z,"16km ESE of Little Lake, CA",earthquake,0.16,0.44,0.149,18.0,reviewed,ci,ci
2019-07-06T07:02:29.110Z,35.8213333,-117.652,6.01,2.64,ml,21.0,88.0,0.04464,0.07,ci,ci37232172,2019-10-22T20:21:10.694Z,"22km N of Ridgecrest, CA",earthquake,0.13,0.34,0.108,12.0,reviewed,ci,ci
2019-07-06T07:02:49.040Z,35.934,-117.732,0.72,2.52,ml,11.0,238.0,0.07121,0.09,ci,ci37232220,2019-10-22T21:39:36.099Z,"16km E of Little Lake, CA",earthquake,0.52,0.26,0.145,8.0,reviewed,ci,ci
2019-07-06T07:03:14.700Z,35.6568333,-117.5353333,9.18,3.46,mlr,64.0,37.0,0.09206,0.13,ci,ci38459311,2019-10-22T23:47:19.350Z,"13km ENE of Ridgecrest, CA",earthquake,0.1,0.31,0.162,42.0,reviewed,ci,ci
2019-07-06T07:04:22.230Z,35.7436667,-117.5585,3.47,3.01,ml,25.0,57.0,0.0786,0.16,ci,ci38459319,2019-10-23T21:11:11.260Z,"14km W of Searles Valley, CA",earthquake,0.22,0.69,0.16,15.0,reviewed,ci,ci
2019-07-06T07:04:42.040Z,35.89,-117.7315,4.8,3.88,mlr,57.0,35.0,0.08567,0.15,ci,ci38459327,2022-06-19T00:29:42.603Z,"17km ESE of Little Lake, CA",earthquake,0.11,0.27,0.17,38.0,reviewed,ci,ci
2019-07-06T07:05:21.030Z,35.8891667,-117.7306667,5.96,3.56,mlr,26.0,39.0,0.0851,0.11,ci,ci38459335,2019-10-23T22:00:02.917Z,"17km ESE of Little Lake, CA",earthquake,0.13,0.39,0.117,21.0,reviewed,ci,ci
2019-07-06T07:06:37.290Z,35.8991667,-117.7165,4.88,2.72,ml,32.0,46.0,0.07242,0.14,ci,ci38459343,2019-10-23T23:19:27.869Z,"18km ESE of Little Lake, CA",earthquake,0.17,0.73,0.106,26.0,reviewed,ci,ci
2019-07-06T07:07:23.700Z,35.9003333,-117.7305,5.5,2.55,ml,15.0,114.0,0.08051,0.08,ci,ci37232420,2019-10-23T23:39:37.696Z,"16km ESE of Little Lake, CA",earthquake,0.22,0.57,0.124,8.0,reviewed,ci,ci
2019-07-06T07:07:37.060Z,35.887,-117.7313333,6.51,2.7,ml,30.0,55.0,0.08288,0.1,ci,ci38459351,2019-10-23T23:53:29.090Z,"17km ESE of Little Lake, CA",earthquake,0.13,0.34,0.116,26.0,reviewed,ci,ci
2019-07-06T07:09:25.690Z,35.8946667,-117.724,6.73,2.85,ml,26.0,60.0,0.09212,0.11,ci,ci37232516,2019-10-24T17:14:34.974Z,"17km ESE of Little Lake, CA",earthquake,0.15,0.37,0.119,15.0,reviewed,ci,ci
2019-07-06T07:09:40.490Z,35.8378333,-117.664,3.46,2.87,ml,25.0,56.0,0.05836,0.14,ci,ci38459375,2019-10-24T17:43:45.989Z,"24km N of Ridgecrest, CA",earthquake,0.2,0.45,0.139,24.0,reviewed,ci,ci
2019-07-06T07:09:47.590Z,35.574,-117.3291667,3.46,2.62,ml,6.0,199.0,0.05681,0.06,ci,ci38459367,2019-10-24T17:51:05.470Z,"22km SSE of Trona, CA",earthquake,0.38,0.44,0.05,3.0,reviewed,ci,ci
2019-07-06T07:09:56.770Z,35.905,-117.7488333,6.22,3.22,ml,35.0,34.0,0.07131,0.11,ci,ci38459383,2019-10-24T19:15:37.276Z,"15km ESE of Little Lake, CA",earthquake,0.11,0.31,0.219,23.0,reviewed,ci,ci
2019-07-06T07:11:00.580Z,35.8623333,-117.6966667,5.85,2.53,ml,32.0,38.0,0.07715,0.1,ci,ci38459391,2019-10-24T22:50:05.765Z,"21km ESE of Little Lake, CA",earthquake,0.13,0.36,0.173,26.0,reviewed,ci,ci
2019-07-06T07:11:32.180Z,35.7406667,-117.5338333,10.63,2.83,ml,34.0,139.0,0.09107,0.17,ci,ci38459399,2019-10-24T23:26:26.268Z,"12km WSW of Searles Valley, CA",earthquake,0.24,0.5,0.149,26.0,reviewed,ci,ci
2019-07-06T07:12:18.590Z,35.9275,-117.706,7.25,2.62,ml,21.0,46.0,0.04952,0.08,ci,ci37233012,2019-10-25T00:28:37.503Z,"18km E of Little Lake, CA",earthquake,0.14,0.35,0.084,9.0,reviewed,ci,ci
2019-07-06T07:12:27.990Z,35.8566667,-117.6511667,3.29,2.71,ml,15.0,100.0,0.05974,0.1,ci,ci38459407,2019-10-25T18:22:43.475Z,"24km WNW of Searles Valley, CA",earthquake,0.22,0.76,0.126,11.0,reviewed,ci,ci
2019-07-06T07:13:36.110Z,35.9456667,-117.7196667,2.44,3.09,ml,43.0,35.0,0.07963,0.14,ci,ci38459415,2019-10-25T21:26:22.360Z,"17km E of Little Lake, CA",earthquake,0.11,0.19,0.158,32.0,reviewed,ci,ci
2019-07-06T07:15:26.440Z,35.705,-117.5066667,9.02,3.34,ml,42.0,46.0,0.1237,0.13,ci,ci38459439,2021-02-19T19:16:48.589Z,"12km SW of Searles Valley, CA",earthquake,0.12,0.41,0.128,33.0,reviewed,ci,ci
2019-07-06T07:15:55.170Z,35.901,-117.6986667,2.86,2.55,ml,15.0,77.0,0.08599,0.17,ci,ci37233180,2019-10-25T22:43:05.122Z,"19km ESE of Little Lake, CA",earthquake,0.27,1.47,0.078,6.0,reviewed,ci,ci
2019-07-06T07:16:03.150Z,35.9243333,-117.748,2.33,3.75,mlr,36.0,44.0,0.06184,0.22,ci,ci37233156,2019-10-25T23:51:20.913Z,"14km E of Little Lake, CA",earthquake,0.23,0.32,0.147,162.0,reviewed,ci,ci
2019-07-06T07:16:57.530Z,35.8235,-117.6625,10.09,2.52,ml,15.0,85.0,0.05338,0.09,ci,ci38459447,2019-10-25T23:59:32.552Z,"23km N of Ridgecrest, CA",earthquake,0.21,0.47,0.176,8.0,reviewed,ci,ci
2019-07-06T07:17:18.210Z,35.6535,-117.4658333,3.45,2.53,ml,15.0,90.0,0.06692,0.16,ci,ci37233196,2019-10-26T00:04:36.369Z,"14km SSW of Searles Valley, CA",earthquake,0.33,0.75,0.059,7.0,reviewed,ci,ci
2019-07-06T07:20:42.350Z,35.7076667,-117.5078333,5.99,2.67,ml,22.0,81.0,0.1265,0.18,ci,ci38459479,2019-10-28T22:15:21.684Z,"12km SW of Searles Valley, CA",earthquake,0.3,1.24,0.243,17.0,reviewed,ci,ci
2019-07-06T07:23:22.770Z,35.8925,-117.7045,6.9,2.68,ml,28.0,66.0,0.07061,0.11,ci,ci38459503,2019-10-29T17:27:09.060Z,"19km ESE of Little Lake, CA",earthquake,0.16,0.34,0.119,15.0,reviewed,ci,ci
2019-07-06T07:23:43.830Z,35.8763333,-117.6933333,4.11,2.66,ml,28.0,40.0,0.08918,0.09,ci,ci38459511,2019-10-29T17:34:30.974Z,"20km ESE of Little Lake, CA",earthquake,0.12,0.28,0.134,25.0,reviewed,ci,ci
2019-07-06T07:24:15.730Z,35.694,-117.5426667,9.37,2.72,ml,29.0,59.0,0.1257,0.15,ci,ci37233948,2019-10-29T18:00:00.218Z,"14km NE of Ridgecrest, CA",earthquake,0.24,0.54,0.182,11.0,reviewed,ci,ci
2019-07-06T07:24:18.930Z,35.8215,-117.6286667,9.44,2.86,ml,20.0,46.0,0.02597,0.19,ci,ci38459519,2019-10-29T18:04:43.960Z,"21km WNW of Searles Valley, CA",earthquake,0.33,0.64,0.108,10.0,reviewed,ci,ci
2019-07-06T07:24:31.110Z,35.7836667,-117.6113333,5.48,3.0,ml,26.0,57.0,0.03392,0.22,ci,ci37233956,2019-10-29T18:17:23.448Z,"19km W of Searles Valley, CA",earthquake,0.3,0.62,0.152,33.0,reviewed,ci,ci
2019-07-06T07:24:47.440Z,35.8775,-117.6971667,8.56,2.78,ml,28.0,48.0,0.07986,0.07,ci,ci38459527,2019-10-29T18:29:30.803Z,"20km ESE of Little Lake, CA",earthquake,0.11,0.28,0.105,20.0,reviewed,ci,ci
2019-07-06T07:25:23.300Z,35.7611667,-117.578,9.85,2.83,ml,36.0,64.0,0.05672,0.13,ci,ci38459535,2019-10-29T21:07:07.630Z,"16km W of Searles Valley, CA",earthquake,0.19,0.37,0.201,39.0,reviewed,ci,ci
2019-07-06T07:26:26.420Z,35.7025,-117.4846667,2.61,2.78,ml,37.0,63.0,0.1172,0.14,ci,ci38459543,2019-10-29T23:21:53.340Z,"10km SW of Searles Valley, CA",earthquake,0.14,0.38,0.141,25.0,reviewed,ci,ci
2019-07-06T07:28:10.380Z,35.644,-117.444,3.01,2.91,ml,36.0,68.0,0.05926,0.14,ci,ci38459551,2019-10-30T18:30:37.870Z,"14km SSW of Searles Valley, CA",earthquake,0.16,0.31,0.171,25.0,reviewed,ci,ci
2019-07-06T07:28:48.310Z,35.907,-117.6853333,2.11,3.02,ml,29.0,37.0,0.07368,0.17,ci,ci38459567,2019-10-30T19:35:20.412Z,"20km E of Little Lake, CA",earthquake,0.16,0.27,0.2,47.0,reviewed,ci,ci
2019-07-06T07:28:59.940Z,35.8931667,-117.7343333,4.28,2.86,ml,25.0,34.0,0.0879,0.11,ci,ci37234644,2019-10-30T19:44:54.859Z,"16km ESE of Little Lake, CA",earthquake,0.14,0.33,0.156,13.0,reviewed,ci,ci
2019-07-06T07:30:04.540Z,35.8756667,-117.7058333,4.86,2.67,ml,26.0,37.0,0.08238,0.12,ci,ci38459583,2019-10-30T20:04:36.528Z,"19km ESE of Little Lake, CA",earthquake,0.15,0.41,0.167,26.0,reviewed,ci,ci
2019-07-06T07:30:51.220Z,35.681,-117.5146667,7.52,2.8,ml,28.0,61.0,0.1035,0.16,ci,ci38459591,2019-10-30T20:21:18.060Z,"14km SW of Searles Valley, CA",earthquake,0.23,0.92,0.117,24.0,reviewed,ci,ci
2019-07-06T07:31:14.490Z,35.7043333,-117.505,2.01,3.62,mlr,52.0,46.0,0.1226,0.17,ci,ci38459599,2019-10-30T22:00:17.534Z,"12km SW of Searles Valley, CA",earthquake,0.14,0.34,0.156,44.0,reviewed,ci,ci
2019-07-06T07:32:00.630Z,35.7625,-117.5988333,8.24,2.53,ml,14.0,140.0,0.05314,0.12,ci,ci37234708,2019-10-30T21:58:34.650Z,"17km NNE of Ridgecrest, CA",earthquake,0.27,0.56,0.065,7.0,reviewed,ci,ci
2019-07-06T07:32:14.610Z,35.752,-117.5835,7.24,2.56,ml,17.0,137.0,0.06462,0.17,ci,ci37234684,2019-10-30T21:48:43.498Z,"16km W of Searles Valley, CA",earthquake,0.51,0.67,0.124,11.0,reviewed,ci,ci
2019-07-06T07:34:05.630Z,35.6038333,-117.4663333,9.74,2.61,ml,24.0,65.0,0.01762,0.15,ci,ci37235356,2019-10-31T18:29:31.621Z,"19km E of Ridgecrest, CA",earthquake,0.21,0.39,0.249,16.0,reviewed,ci,ci
2019-07-06T07:34:23.820Z,35.8906667,-117.7031667,5.4,2.88,ml,32.0,42.0,0.09383,0.14,ci,ci38459639,2019-10-31T18:43:58.577Z,"19km ESE of Little Lake, CA",earthquake,0.15,0.56,0.143,26.0,reviewed,ci,ci
2019-07-06T07:34:55.450Z,35.9351667,-117.7121667,4.3,3.09,ml,23.0,52.0,0.0868,0.12,ci,ci38459647,2019-10-31T20:22:16.740Z,"18km E of Little Lake, CA",earthquake,0.16,0.38,0.186,14.0,reviewed,ci,ci
2019-07-06T07:34:59.650Z,35.7833333,-117.6123333,6.98,3.21,ml,21.0,81.0,0.03451,0.13,ci,ci37235380,2019-10-31T20:27:46.023Z,"19km W of Searles Valley, CA",earthquake,0.25,0.33,0.095,12.0,reviewed,ci,ci
2019-07-06T07:35:24.740Z,35.7006667,-117.5431667,8.19,2.84,ml,29.0,59.0,0.123,0.12,ci,ci38459655,2019-10-31T20:38:55.050Z,"15km WSW of Searles Valley, CA",earthquake,0.2,0.78,0.111,36.0,reviewed,ci,ci
2019-07-06T07:35:51.410Z,35.5528333,-117.3803333,3.36,2.5,ml,13.0,126.0,0.03066,0.16,ci,ci37235396,2019-10-31T20:45:45.545Z,"24km S of Trona, CA",earthquake,0.38,0.48,0.149,7.0,reviewed,ci,ci
2019-07-06T07:36:09.620Z,35.6598333,-117.4835,1.99,2.7,ml,21.0,64.0,0.0752,0.15,ci,ci38459663,2019-10-31T20:54:51.561Z,"14km SSW of Searles Valley, CA",earthquake,0.22,0.54,0.171,17.0,reviewed,ci,ci
2019-07-06T07:36:15.590Z,35.6301667,-117.4158333,6.95,3.1,ml,10.0,130.0,0.05767,0.18,ci,ci37235404,2019-10-31T21:08:02.281Z,"15km SSW of Trona, CA",earthquake,0.49,1.0,0.166,6.0,reviewed,ci,ci
2019-07-06T07:36:23.540Z,35.732,-117.5848333,8.49,3.44,ml,31.0,43.0,0.08419,0.23,ci,ci38459671,2019-10-31T21:02:50.690Z,"15km NNE of Ridgecrest, CA",earthquake,0.25,0.76,0.151,147.0,reviewed,ci,ci
2019-07-06T07:37:00.030Z,35.7526667,-117.5761667,7.37,2.73,ml,21.0,83.0,0.06529,0.12,ci,ci38459679,2019-10-31T21:16:53.515Z,"16km W of Searles Valley, CA",earthquake,0.26,0.56,0.114,12.0,reviewed,ci,ci
2019-07-06T07:37:02.680Z,35.7376667,-117.5218333,12.36,2.77,ml,11.0,225.0,0.09928,0.13,ci,ci37235412,2019-10-31T21:32:00.118Z,"11km WSW of Searles Valley, CA",earthquake,0.57,0.73,0.071,6.0,reviewed,ci,ci
2019-07-06T07:38:29.390Z,35.6136667,-117.3966667,8.52,2.56,ml,10.0,187.0,0.05989,0.13,ci,ci37235460,2019-11-01T00:19:09.346Z,"17km S of Trona, CA",earthquake,0.57,0.45,0.547,5.0,reviewed,ci,ci
2019-07-06T07:39:53.590Z,35.6006667,-117.4765,3.9,2.59,ml,15.0,90.0,0.01832,0.14,ci,ci37235556,2019-11-01T18:11:03.258Z,"18km E of Ridgecrest, CA",earthquake,0.24,0.29,0.1,10.0,reviewed,ci,ci
2019-07-06T07:40:30.580Z,35.914,-117.7073333,2.22,2.8,ml,28.0,44.0,0.05728,0.14,ci,ci37235564,2019-11-01T18:34:36.021Z,"18km E of Little Lake, CA",earthquake,0.17,0.23,0.128,10.0,reviewed,ci,ci
2019-07-06T07:42:20.160Z,35.9118333,-117.7101667,2.12,2.74,ml,26.0,45.0,0.0912,0.1,ci,ci38459759,2019-11-01T19:42:44.745Z,"18km E of Little Lake, CA",earthquake,0.13,0.18,0.075,16.0,reviewed,ci,ci
2019-07-06T07:43:27.980Z,35.896,-117.7345,5.84,2.69,ml,23.0,50.0,0.08601,0.08,ci,ci38459767,2019-11-01T20:55:07.874Z,"16km ESE of Little Lake, CA",earthquake,0.12,0.4,0.171,22.0,reviewed,ci,ci
2019-07-06T07:45:41.420Z,35.6393333,-117.4815,2.16,2.56,ml,21.0,89.0,0.05501,0.16,ci,ci38459799,2019-11-01T23:24:58.910Z,"16km SSW of Searles Valley, CA",earthquake,0.22,0.41,0.128,15.0,reviewed,ci,ci
2019-07-06T07:46:16.830Z,35.7833333,-117.5936667,8.7,2.96,ml,37.0,60.0,0.03249,0.21,ci,ci38459807,2019-11-02T00:31:14.950Z,"17km W of Searles Valley, CA",earthquake,0.2,0.51,0.187,26.0,reviewed,ci,ci
2019-07-06T07:46:30.340Z,35.66,-117.479,2.17,3.33,ml,33.0,64.0,0.07461,0.18,ci,ci37235820,2022-06-18T16:51:11.286Z,"14km SSW of Searles Valley, CA",earthquake,0.21,0.39,0.176,103.0,reviewed,ci,ci
2019-07-06T07:49:00.000Z,35.603,-117.3996667,7.88,3.05,ml,39.0,64.0,0.05356,0.14,ci,ci38459831,2019-11-04T21:05:25.220Z,"18km S of Trona, CA",earthquake,0.16,0.37,0.129,32.0,reviewed,ci,ci
2019-07-06T07:49:12.290Z,35.6123333,-117.4763333,2.3,2.79,ml,16.0,67.0,0.02823,0.15,ci,ci37235876,2019-11-04T21:42:05.181Z,"18km E of Ridgecrest, CA",earthquake,0.25,0.29,0.177,10.0,reviewed,ci,ci
2019-07-06T07:50:01.980Z,35.7036667,-117.5571667,2.98,3.21,ml,38.0,58.0,0.1165,0.14,ci,ci38459839,2019-11-04T22:47:15.861Z,"14km NE of Ridgecrest, CA",earthquake,0.17,0.57,0.217,25.0,reviewed,ci,ci
2019-07-06T07:50:15.380Z,35.55,-117.383,2.85,3.43,ml,27.0,50.0,0.02918,0.14,ci,ci37235916,2022-06-18T16:51:48.652Z,"24km S of Trona, CA",earthquake,0.2,0.16,0.141,30.0,reviewed,ci,ci
2019-07-06T07:51:30.970Z,35.629,-117.4333333,4.43,2.7,ml,19.0,98.0,0.04849,0.15,ci,ci38459847,2019-11-04T23:30:10.984Z,"16km S of Searles Valley, CA",earthquake,0.31,0.53,0.159,19.0,reviewed,ci,ci
2019-07-06T07:52:11.720Z,35.8033333,-117.6301667,2.92,3.24,ml,40.0,51.0,0.02929,0.16,ci,ci38459855,2019-11-05T00:30:40.050Z,"21km NNE of Ridgecrest, CA",earthquake,0.15,0.28,0.207,16.0,reviewed,ci,ci
2019-07-06T07:52:24.520Z,35.8848333,-117.729,5.54,3.73,mlr,45.0,34.0,0.0815,0.16,ci,ci38459863,2019-11-05T01:07:39.449Z,"17km ESE of Little Lake, CA",earthquake,0.13,0.48,0.184,32.0,reviewed,ci,ci
2019-07-06T07:52:49.630Z,35.891,-117.7285,4.82,2.9,ml,19.0,99.0,0.08512,0.08,ci,ci37235972,2019-11-05T01:14:24.630Z,"17km ESE of Little Lake, CA",earthquake,0.15,0.28,0.148,9.0,reviewed,ci,ci
2019-07-06T07:53:26.120Z,35.9105,-117.6901667,2.31,2.66,ml,25.0,48.0,0.07608,0.09,ci,ci38459871,2019-11-05T19:14:46.699Z,"20km E of Little Lake, CA",earthquake,0.12,0.17,0.129,14.0,reviewed,ci,ci
2019-07-06T07:54:41.270Z,35.8915,-117.6801667,9.14,2.52,ml,12.0,83.0,0.07748,0.04,ci,ci37236068,2019-11-05T20:41:32.079Z,"21km ESE of Little Lake, CA",earthquake,0.15,0.37,0.149,4.0,reviewed,ci,ci
2019-07-06T07:54:46.580Z,35.7051667,-117.5576667,8.49,3.87,mlr,66.0,43.0,0.115,0.14,ci,ci38459887,2019-11-05T22:58:47.605Z,"14km NE of Ridgecrest, CA",earthquake,0.11,0.38,0.156,33.0,reviewed,ci,ci
2019-07-06T07:56:03.660Z,35.6746667,-117.475,2.0,3.55,mlr,53.0,38.0,0.08859,0.17,ci,ci38459895,2019-11-05T23:18:09.824Z,"12km SSW of Searles Valley, CA",earthquake,0.13,0.33,0.178,30.0,reviewed,ci,ci
2019-07-06T07:59:02.080Z,35.7491667,-117.5301667,10.33,2.58,ml,28.0,93.0,0.08609,0.19,ci,ci38459919,2019-11-06T18:44:13.316Z,"12km W of Searles Valley, CA",earthquake,0.29,0.67,0.219,22.0,reviewed,ci,ci
2019-07-06T07:59:05.800Z,35.865,-117.7035,10.88,2.62,ml,24.0,70.0,0.07523,0.14,ci,ci37236180,2019-11-06T18:34:38.659Z,"20km ESE of Little Lake, CA",earthquake,0.23,0.33,0.132,13.0,reviewed,ci,ci
2019-07-06T07:59:47.730Z,35.7001667,-117.5131667,1.57,2.76,ml,34.0,61.0,0.1208,0.16,ci,ci38459927,2019-11-06T19:41:21.646Z,"12km SW of Searles Valley, CA",earthquake,0.19,0.47,0.195,26.0,reviewed,ci,ci
2019-07-06T08:00:24.820Z,35.9423333,-117.711,-0.16,2.57,ml,10.0,215.0,0.08686,0.1,ci,ci37236284,2019-11-06T20:40:55.974Z,"18km E of Little Lake, CA",earthquake,0.56,0.54,0.078,5.0,reviewed,ci,ci
2019-07-06T08:01:00.680Z,35.6705,-117.501,1.31,3.24,ml,40.0,62.0,0.08958,0.15,ci,ci38459943,2019-11-06T20:51:03.600Z,"14km SW of Searles Valley, CA",earthquake,0.15,0.33,0.155,36.0,reviewed,ci,ci
2019-07-06T08:04:01.630Z,35.9435,-117.6723333,4.65,2.65,ml,25.0,41.0,0.05785,0.13,ci,ci38459967,2019-11-07T00:05:11.846Z,"21km E of Little Lake, CA",earthquake,0.19,0.33,0.207,23.0,reviewed,ci,ci
2019-07-06T08:04:42.530Z,35.9001667,-117.7311667,6.2,2.62,ml,28.0,47.0,0.08105,0.09,ci,ci38459975,2019-11-07T01:22:19.507Z,"16km ESE of Little Lake, CA",earthquake,0.14,0.36,0.109,21.0,reviewed,ci,ci
2019-07-06T08:04:46.390Z,35.9396667,-117.7321667,3.03,2.54,ml,13.0,128.0,0.06687,0.25,ci,ci37236436,2019-11-07T01:23:36.116Z,"16km E of Little Lake, CA",earthquake,0.47,1.22,0.076,7.0,reviewed,ci,ci
2019-07-06T08:05:23.170Z,35.619,-117.4485,1.57,2.61,ml,23.0,94.0,0.0343,0.16,ci,ci38459983,2019-11-07T19:53:38.758Z,"17km SSW of Searles Valley, CA",earthquake,0.22,0.33,0.114,25.0,reviewed,ci,ci
2019-07-06T08:05:53.310Z,35.6111667,-117.4095,6.23,2.65,ml,16.0,157.0,0.0495,0.14,ci,ci37236820,2019-11-07T20:27:58.912Z,"17km S of Trona, CA",earthquake,0.32,0.5,0.232,9.0,reviewed,ci,ci
2019-07-06T08:05:55.470Z,35.8871667,-117.7291667,7.65,2.63,ml,21.0,122.0,0.08363,0.08,ci,ci38459991,2019-11-07T20:30:15.093Z,"17km ESE of Little Lake, CA",earthquake,0.15,0.39,0.151,18.0,reviewed,ci,ci
2019-07-06T08:07:05.200Z,35.8896667,-117.7033333,6.2,2.7,ml,31.0,70.0,0.09443,0.1,ci,ci38460007,2019-11-07T22:07:48.813Z,"19km ESE of Little Lake, CA",earthquake,0.14,0.39,0.138,19.0,reviewed,ci,ci
2019-07-06T08:07:12.290Z,35.7543333,-117.5721667,10.21,2.59,ml,20.0,84.0,0.06465,0.12,ci,ci37236884,2019-11-07T22:26:15.918Z,"15km W of Searles Valley, CA",earthquake,0.22,0.51,0.133,9.0,reviewed,ci,ci
2019-07-06T08:07:15.390Z,35.6835,-117.531,4.72,2.56,ml,12.0,105.0,0.1118,0.16,ci,ci37236892,2019-11-07T22:36:23.920Z,"15km SW of Searles Valley, CA",earthquake,0.34,0.88,0.102,7.0,reviewed,ci,ci
2019-07-06T08:08:32.950Z,36.0266667,-117.1441667,7.38,2.83,ml,8.0,115.0,0.1763,0.11,ci,ci37236924,2019-11-08T00:15:07.611Z,"36km NE of Trona, CA",earthquake,0.42,3.24,0.157,7.0,reviewed,ci,ci
2019-07-06T08:09:04.650Z,35.8636667,-117.6818333,6.69,2.78,ml,28.0,41.0,0.08355,0.15,ci,ci37237236,2019-11-08T22:58:49.410Z,"22km ESE of Little Lake, CA",earthquake,0.17,0.41,0.209,63.0,reviewed,ci,ci
2019-07-06T08:09:05.360Z,35.757,-117.6091667,5.82,2.63,ml,19.0,107.0,0.05938,0.18,ci,ci38460023,2019-11-08T23:00:39.010Z,"16km NNE of Ridgecrest, CA",earthquake,0.3,0.99,0.169,7.0,reviewed,ci,ci
2019-07-06T08:09:34.310Z,35.9526667,-117.3251667,4.43,2.53,ml,25.0,59.0,0.07033,0.15,ci,ci37237244,2019-11-11T19:02:07.428Z,"22km NNE of Trona, CA",earthquake,0.2,0.52,0.136,16.0,reviewed,ci,ci
2019-07-06T08:10:00.940Z,35.8858333,-117.7251667,5.95,2.61,ml,28.0,34.0,0.08359,0.08,ci,ci38460031,2019-11-11T19:50:13.385Z,"17km ESE of Little Lake, CA",earthquake,0.11,0.32,0.166,23.0,reviewed,ci,ci
2019-07-06T08:10:50.100Z,35.9135,-117.7191667,2.67,3.62,mw,50.0,36.0,0.06554,0.13,ci,ci38460039,2020-03-10T21:03:41.160Z,"17km E of Little Lake, CA",earthquake,0.11,0.22,,4.0,reviewed,ci,ci
2019-07-06T08:11:22.810Z,35.8863333,-117.7281667,6.63,2.58,ml,17.0,59.0,0.08314,0.1,ci,ci37237404,2019-11-11T21:13:48.501Z,"17km ESE of Little Lake, CA",earthquake,0.19,0.48,0.127,14.0,reviewed,ci,ci
2019-07-06T08:12:21.250Z,35.6943333,-117.5268333,8.38,2.55,ml,23.0,61.0,0.1198,0.18,ci,ci37237428,2019-11-11T22:44:42.222Z,"14km SW of Searles Valley, CA",earthquake,0.25,0.96,0.099,13.0,reviewed,ci,ci
2019-07-06T08:12:56.960Z,35.6733333,-117.5446667,6.22,2.51,ml,19.0,115.0,0.1096,0.14,ci,ci38460055,2019-11-12T00:07:32.263Z,"13km ENE of Ridgecrest, CA",earthquake,0.23,0.74,0.201,15.0,reviewed,ci,ci
2019-07-06T08:12:59.850Z,35.9103333,-117.7116667,6.84,2.65,ml,12.0,130.0,0.09278,0.15,ci,ci37237436,2019-11-12T00:04:29.048Z,"18km E of Little Lake, CA",earthquake,0.57,31.61,0.136,6.0,reviewed,ci,ci
2019-07-06T08:13:51.640Z,35.9028333,-117.7401667,7.73,2.58,ml,16.0,110.0,0.07821,0.11,ci,ci37237452,2019-11-12T01:43:18.721Z,"16km ESE of Little Lake, CA",earthquake,0.22,0.51,0.181,10.0,reviewed,ci,ci
2019-07-06T08:13:54.140Z,35.6546667,-117.4696667,1.89,2.75,ml,23.0,65.0,0.06829,0.19,ci,ci37237460,2019-11-12T01:47:08.006Z,"14km SSW of Searles Valley, CA",earthquake,0.25,0.47,0.134,22.0,reviewed,ci,ci
2019-07-06T08:14:37.020Z,35.862,-117.6725,4.03,2.59,ml,27.0,43.0,0.07644,0.12,ci,ci38460079,2019-11-12T18:58:07.939Z,"23km ESE of Little Lake, CA",earthquake,0.16,0.39,0.106,22.0,reviewed,ci,ci
2019-07-06T08:17:56.310Z,35.9175,-117.7241667,2.68,2.55,ml,30.0,40.0,0.06713,0.15,ci,ci38460127,2021-10-20T20:33:16.379Z,"17km E of Little Lake, CA",earthquake,0.16,0.29,0.185,16.0,reviewed,ci,ci
2019-07-06T08:17:59.580Z,35.8935,-117.7325,5.97,2.66,ml,23.0,51.0,0.08596,0.14,ci,ci37482933,2021-10-20T20:28:45.443Z,"16km ESE of Little Lake, CA",earthquake,0.18,0.53,0.143,9.0,reviewed,ci,ci
2019-07-06T08:18:28.990Z,35.6893333,-117.5316667,5.05,2.5,ml,27.0,60.0,0.1172,0.19,ci,ci38460135,2021-10-14T15:06:49.340Z,"14km SW of Searles Valley, CA",earthquake,0.22,0.72,0.095,9.0,reviewed,ci,ci
2019-07-06T08:18:34.590Z,35.7573333,-117.5766667,4.01,2.68,ml,23.0,65.0,0.0607,0.23,ci,ci37482509,2021-10-14T15:03:10.813Z,"16km W of Searles Valley, CA",earthquake,0.29,0.71,0.211,5.0,reviewed,ci,ci
2019-07-06T08:18:38.290Z,35.7096667,-117.5801667,8.33,2.87,ml,17.0,69.0,0.1068,0.19,ci,ci37482517,2021-10-14T15:06:11.953Z,"13km NE of Ridgecrest, CA",earthquake,0.31,0.97,0.073,4.0,reviewed,ci,ci
2019-07-06T08:20:29.660Z,35.9043333,-117.7011667,5.58,2.68,ml,38.0,37.0,0.08659,0.2,ci,ci38460151,2021-10-19T17:18:42.560Z,"19km E of Little Lake, CA",earthquake,0.17,0.6,0.157,22.0,reviewed,ci,ci
2019-07-06T08:22:03.680Z,35.6706667,-117.5481667,4.67,2.79,ml,44.0,42.0,0.1094,0.15,ci,ci38460175,2021-10-13T20:13:46.640Z,"13km ENE of Ridgecrest, CA",earthquake,0.11,0.42,0.18,21.0,reviewed,ci,ci
2019-07-06T08:23:19.190Z,35.9053333,-117.6961667,8.97,2.5,ml,20.0,48.0,0.08245,0.06,ci,ci38460183,2021-10-13T00:09:30.752Z,"19km E of Little Lake, CA",earthquake,0.13,0.37,0.125,23.0,reviewed,ci,ci
2019-07-06T08:23:27.860Z,35.8975,-117.7325,2.71,2.57,ml,13.0,83.0,0.08639,0.1,ci,ci37357724,2021-10-13T00:14:34.166Z,"16km ESE of Little Lake, CA",earthquake,0.17,0.28,0.12,7.0,reviewed,ci,ci
2019-07-06T08:24:04.400Z,35.891,-117.7283333,5.28,2.71,ml,34.0,36.0,0.08746,0.11,ci,ci38460199,2021-10-14T18:28:32.770Z,"17km ESE of Little Lake, CA",earthquake,0.11,0.42,0.148,21.0,reviewed,ci,ci
2019-07-06T08:26:51.080Z,35.5693333,-117.388,7.04,3.27,ml,11.0,186.0,0.04824,0.3,ci,ci38460223,2019-12-17T22:11:05.260Z,"22km S of Trona, CA",earthquake,1.18,0.79,0.306,7.0,reviewed,ci,ci
2019-07-06T08:26:52.560Z,35.8965,-117.7306667,4.98,3.53,ml,29.0,36.0,0.08817,0.1,ci,ci37264140,2020-03-10T21:13:46.522Z,"16km ESE of Little Lake, CA",earthquake,0.12,0.5,0.152,15.0,reviewed,ci,ci
2019-07-06T08:27:32.590Z,35.8011667,-117.6193333,10.26,2.51,ml,17.0,127.0,0.02294,0.12,ci,ci38460231,2021-10-14T14:30:42.252Z,"20km W of Searles Valley, CA",earthquake,0.27,0.35,0.16,5.0,reviewed,ci,ci
2019-07-06T08:27:53.150Z,35.9021667,-117.7276667,5.76,2.67,ml,21.0,127.0,0.08694,0.13,ci,ci38460239,2021-10-13T22:25:19.730Z,"17km ESE of Little Lake, CA",earthquake,0.25,0.52,0.199,9.0,reviewed,ci,ci
2019-07-06T08:28:33.770Z,35.6318333,-117.4105,3.15,3.59,mlr,52.0,26.0,0.06181,0.15,ci,ci38460255,2019-12-11T01:30:02.651Z,"15km S of Trona, CA",earthquake,0.13,0.43,0.163,179.0,reviewed,ci,ci
2019-07-06T08:29:11.090Z,35.9235,-117.6915,3.06,2.86,ml,20.0,49.0,0.07389,0.14,ci,ci38460263,2020-01-27T19:50:39.517Z,"19km E of Little Lake, CA",earthquake,0.2,0.84,0.14,8.0,reviewed,ci,ci
2019-07-06T08:30:33.180Z,35.6696667,-117.4675,4.48,2.64,ml,15.0,125.0,0.0831,0.21,ci,ci38460271,2021-10-19T20:05:53.639Z,"12km SSW of Searles Valley, CA",earthquake,0.52,0.89,0.16,5.0,reviewed,ci,ci
2019-07-06T08:30:34.690Z,35.7706667,-117.5755,3.43,2.51,ml,6.0,175.0,0.04841,0.07,ci,ci37482829,2021-10-19T20:10:03.585Z,"16km W of Searles Valley, CA",earthquake,0.44,0.26,0.102,4.0,reviewed,ci,ci
2019-07-06T08:31:09.290Z,35.8936667,-117.7228333,4.24,3.23,ml,36.0,37.0,0.07992,0.13,ci,ci38460279,2020-01-07T20:04:55.950Z,"17km ESE of Little Lake, CA",earthquake,0.14,0.31,0.151,25.0,reviewed,ci,ci
2019-07-06T08:32:32.940Z,35.6205,-117.4386667,6.46,2.62,ml,36.0,68.0,0.03897,0.16,ci,ci38460295,2021-10-20T18:51:42.570Z,"17km S of Searles Valley, CA",earthquake,0.17,0.4,0.157,23.0,reviewed,ci,ci
2019-07-06T08:32:49.820Z,35.7183333,-117.5393333,7.47,2.64,ml,23.0,87.0,0.1081,0.19,ci,ci38460303,2021-10-20T20:13:03.238Z,"13km WSW of Searles Valley, CA",earthquake,0.26,1.14,0.102,13.0,reviewed,ci,ci
2019-07-06T08:32:57.550Z,35.639,-117.4913333,3.14,4.56,mw,83.0,24.0,0.05751,0.15,ci,ci38460311,2019-09-26T14:30:37.040Z,"16km SSW of Searles Valley, CA",earthquake,0.11,0.27,,6.0,reviewed,ci,ci
2019-07-06T08:35:15.040Z,35.902,-117.7305,6.65,2.55,ml,19.0,56.0,0.08511,0.09,ci,ci37482453,2021-10-13T19:29:49.202Z,"16km ESE of Little Lake, CA",earthquake,0.15,0.34,0.125,10.0,reviewed,ci,ci
2019-07-06T08:35:25.840Z,35.8143333,-117.6333333,6.35,2.54,ml,27.0,62.0,0.02915,0.14,ci,ci38460319,2021-10-13T19:30:53.843Z,"21km WNW of Searles Valley, CA",earthquake,0.17,0.37,0.217,13.0,reviewed,ci,ci
2019-07-06T08:36:48.870Z,35.6788333,-117.493,1.38,3.07,ml,31.0,63.0,0.09549,0.11,ci,ci38460335,2020-01-21T18:53:03.980Z,"13km SW of Searles Valley, CA",earthquake,0.12,0.26,0.16,33.0,reviewed,ci,ci
2019-07-06T08:38:41.390Z,35.9708333,-117.2988333,4.79,2.81,ml,33.0,24.0,0.0807,0.21,ci,ci38460359,2021-10-26T17:11:54.500Z,"24km NNE of Trona, CA",earthquake,0.16,0.51,0.118,15.0,reviewed,ci,ci
2019-07-06T08:39:42.830Z,35.922,-117.7103333,2.78,3.09,ml,33.0,37.0,0.08922,0.09,ci,ci38460375,2020-01-14T00:03:48.650Z,"18km E of Little Lake, CA",earthquake,0.1,0.2,0.115,13.0,reviewed,ci,ci
2019-07-06T08:39:55.090Z,35.8143333,-117.6406667,4.07,3.32,ml,30.0,44.0,0.0351,0.21,ci,ci37489525,2022-03-04T21:44:17.963Z,"22km N of Ridgecrest, CA",earthquake,0.21,0.38,0.102,14.0,reviewed,ci,ci
2019-07-06T08:40:30.650Z,35.6088333,-117.4176667,4.27,2.71,ml,9.0,126.0,0.04259,0.08,ci,ci38460391,2020-01-07T20:26:27.940Z,"18km SSW of Trona, CA",earthquake,0.2,0.3,0.067,6.0,reviewed,ci,ci
2019-07-06T08:40:45.630Z,35.9011667,-117.7048333,7.35,2.79,ml,29.0,43.0,0.06425,0.15,ci,ci38460399,2021-10-13T20:22:59.056Z,"19km ESE of Little Lake, CA",earthquake,0.15,0.47,0.147,18.0,reviewed,ci,ci
2019-07-06T08:41:33.040Z,35.7016667,-117.5096667,2.55,3.35,ml,53.0,38.0,0.1212,0.15,ci,ci38460415,2022-09-24T01:47:39.568Z,"12km SW of Searles Valley, CA",earthquake,0.12,0.27,0.199,25.0,reviewed,ci,ci
2019-07-06T08:41:57.740Z,35.871,-117.6935,3.48,2.52,ml,16.0,76.0,0.08512,0.05,ci,ci37264156,2020-03-10T21:40:45.068Z,"20km ESE of Little Lake, CA",earthquake,0.14,0.54,0.182,3.0,reviewed,ci,ci
2019-07-06T08:41:59.620Z,35.905,-117.7355,3.38,3.13,ml,26.0,44.0,0.08008,0.11,ci,ci37264148,2020-03-10T21:33:40.871Z,"16km ESE of Little Lake, CA",earthquake,0.14,0.43,0.136,18.0,reviewed,ci,ci
2019-07-06T08:42:46.950Z,35.6475,-117.4323333,8.3,2.67,ml,31.0,68.0,0.06555,0.14,ci,ci38460431,2021-10-14T20:37:46.930Z,"14km S of Searles Valley, CA",earthquake,0.16,0.4,0.215,17.0,reviewed,ci,ci
2019-07-06T08:43:09.860Z,35.6985,-117.5143333,8.72,2.61,ml,32.0,100.0,0.1196,0.13,ci,ci38460439,2021-10-19T17:57:42.239Z,"13km SW of Searles Valley, CA",earthquake,0.14,0.54,0.128,14.0,reviewed,ci,ci
2019-07-06T08:46:32.430Z,35.677,-117.5856667,9.19,3.27,ml,40.0,57.0,0.1351,0.16,ci,ci38460471,2019-12-18T00:00:57.950Z,"10km NE of Ridgecrest, CA",earthquake,0.17,0.49,0.154,22.0,reviewed,ci,ci
2019-07-06T08:51:03.990Z,35.9443333,-117.73,1.64,2.57,ml,18.0,50.0,0.07133,0.18,ci,ci37483229,2021-10-26T16:28:54.517Z,"16km E of Little Lake, CA",earthquake,0.21,0.32,0.081,4.0,reviewed,ci,ci
2019-07-06T08:56:15.350Z,35.8328333,-117.655,5.5,2.52,ml,22.0,49.0,0.04974,0.11,ci,ci38460583,2021-10-13T19:10:22.097Z,"24km N of Ridgecrest, CA",earthquake,0.18,0.44,0.156,23.0,reviewed,ci,ci
2019-07-06T08:56:33.220Z,35.6463333,-117.4383333,7.31,2.6,ml,11.0,121.0,0.06279,0.18,ci,ci37421141,2021-10-13T19:12:45.849Z,"14km SSW of Searles Valley, CA",earthquake,0.38,1.08,0.107,3.0,reviewed,ci,ci
2019-07-06T08:56:42.890Z,35.9235,-117.714,4.27,2.54,ml,22.0,43.0,0.08802,0.16,ci,ci38460591,2021-10-13T19:14:27.695Z,"17km E of Little Lake, CA",earthquake,0.21,0.46,0.12,23.0,reviewed,ci,ci
2019-07-06T08:57:26.460Z,35.9325,-117.686,2.38,2.81,ml,18.0,76.0,0.06849,0.11,ci,ci38460599,2021-10-13T20:24:50.910Z,"20km E of Little Lake, CA",earthquake,0.21,0.17,0.121,4.0,reviewed,ci,ci
2019-07-06T08:57:50.170Z,35.6778333,-117.5443333,9.67,2.67,ml,22.0,77.0,0.1131,0.15,ci,ci38460607,2021-10-13T19:35:54.224Z,"14km ENE of Ridgecrest, CA",earthquake,0.24,0.8,0.13,24.0,reviewed,ci,ci
2019-07-06T08:58:58.930Z,35.9113333,-117.7311667,4.43,2.73,ml,28.0,38.0,0.07983,0.08,ci,ci38460615,2021-10-19T20:18:19.640Z,"16km E of Little Lake, CA",earthquake,0.12,0.32,0.182,16.0,reviewed,ci,ci
2019-07-06T08:59:09.290Z,35.8635,-117.6716667,3.87,3.29,ml,29.0,46.0,0.07682,0.11,ci,ci38460623,2020-01-07T20:59:13.740Z,"23km ESE of Little Lake, CA",earthquake,0.13,0.32,0.134,19.0,reviewed,ci,ci
2019-07-06T08:59:55.720Z,35.6021667,-117.3878333,6.72,3.6,mlr,27.0,73.0,0.06259,0.12,ci,ci38460631,2020-04-22T17:04:19.237Z,"18km S of Trona, CA",earthquake,0.26,0.57,0.203,3.0,reviewed,ci,ci
2019-07-06T08:59:57.510Z,35.5498333,-117.3855,3.71,3.96,mw,34.0,71.0,0.03015,0.17,ci,ci38460639,2019-09-26T14:30:47.040Z,"24km S of Trona, CA",earthquake,0.22,0.56,,4.0,reviewed,ci,ci
2019-07-06T09:00:56.060Z,35.899,-117.7313333,5.31,2.99,ml,21.0,57.0,0.08626,0.09,ci,ci38460647,2020-01-07T21:06:13.909Z,"16km ESE of Little Lake, CA",earthquake,0.13,0.49,0.18,15.0,reviewed,ci,ci
2019-07-06T09:02:22.210Z,35.5678333,-117.3676667,5.26,3.05,ml,31.0,66.0,0.04287,0.16,ci,ci38460655,2021-10-13T21:20:55.310Z,"22km S of Trona, CA",earthquake,0.22,0.4,0.171,49.0,reviewed,ci,ci
2019-07-06T09:03:12.250Z,35.6878333,-117.5343333,9.92,2.98,ml,26.0,77.0,0.1169,0.14,ci,ci38460671,2019-12-05T01:55:50.570Z,"15km SW of Searles Valley, CA",earthquake,0.2,0.48,0.157,48.0,reviewed,ci,ci
2019-07-06T09:04:03.190Z,35.7081667,-117.5486667,7.8,2.53,ml,14.0,91.0,0.1145,0.1,ci,ci38460687,2021-10-19T00:35:29.615Z,"15km WSW of Searles Valley, CA",earthquake,0.26,1.02,0.224,3.0,reviewed,ci,ci
2019-07-06T09:04:10.730Z,35.8505,-117.6715,7.89,2.52,ml,24.0,62.0,0.06941,0.26,ci,ci38460695,2021-10-25T21:32:33.623Z,"23km ESE of Little Lake, CA",earthquake,0.34,0.79,0.086,11.0,reviewed,ci,ci
2019-07-06T09:05:25.910Z,35.8211667,-117.6345,3.24,3.21,ml,38.0,50.0,0.03055,0.17,ci,ci38460719,2022-01-27T20:05:05.166Z,"22km WNW of Searles Valley, CA",earthquake,0.17,0.44,0.152,47.0,reviewed,ci,ci
2019-07-06T09:06:21.730Z,35.6735,-117.4728333,3.08,3.37,ml,49.0,55.0,0.08724,0.15,ci,ci38460727,2019-12-18T00:40:08.470Z,"12km SSW of Searles Valley, CA",earthquake,0.13,0.29,0.156,32.0,reviewed,ci,ci
2019-07-06T09:07:10.430Z,35.7371667,-117.5686667,6.01,2.66,ml,33.0,57.0,0.08184,0.17,ci,ci38460735,2021-10-20T18:31:03.780Z,"15km WSW of Searles Valley, CA",earthquake,0.16,0.66,0.094,18.0,reviewed,ci,ci
2019-07-06T09:07:38.230Z,36.1756667,-117.8776667,2.6,2.69,ml,15.0,64.0,0.06084,0.14,ci,ci37482917,2021-10-20T18:28:06.733Z,"16km NNE of Coso Junction, CA",earthquake,0.28,0.92,0.299,7.0,reviewed,ci,ci
2019-07-06T09:08:03.220Z,35.8815,-117.7231667,3.49,3.44,ml,56.0,34.0,0.08029,0.13,ci,ci38460743,2019-12-18T18:40:17.550Z,"18km ESE of Little Lake, CA",earthquake,0.09,0.3,0.171,41.0,reviewed,ci,ci
2019-07-06T09:11:58.580Z,35.9113333,-117.7415,5.65,2.55,ml,32.0,37.0,0.07257,0.14,ci,ci38460783,2021-10-19T18:04:21.630Z,"15km E of Little Lake, CA",earthquake,0.16,0.49,0.153,24.0,reviewed,ci,ci
2019-07-06T09:12:41.470Z,35.8265,-117.6661667,7.23,2.99,ml,35.0,42.0,0.05682,0.12,ci,ci38460791,2019-12-05T16:48:26.360Z,"23km N of Ridgecrest, CA",earthquake,0.15,0.36,0.11,17.0,reviewed,ci,ci
2019-07-06T09:14:51.030Z,35.9143333,-117.735,4.62,2.87,ml,38.0,38.0,0.07568,0.13,ci,ci38460823,2021-10-13T20:52:05.820Z,"16km E of Little Lake, CA",earthquake,0.11,0.24,0.198,17.0,reviewed,ci,ci
2019-07-06T09:15:43.310Z,35.9115,-117.7353333,4.66,2.54,ml,20.0,81.0,0.07679,0.11,ci,ci37482693,2021-10-18T23:26:49.988Z,"16km E of Little Lake, CA",earthquake,0.23,0.39,0.124,8.0,reviewed,ci,ci
2019-07-06T09:16:35.040Z,35.9156667,-117.7063333,3.32,2.6,ml,42.0,36.0,0.05565,0.12,ci,ci38460839,2021-10-26T18:25:12.690Z,"18km E of Little Lake, CA",earthquake,0.1,0.28,0.236,20.0,reviewed,ci,ci
2019-07-06T09:17:44.970Z,35.7065,-117.5421667,11.0,2.78,ml,22.0,116.0,0.1179,0.18,ci,ci38460855,2021-10-14T17:44:19.992Z,"14km WSW of Searles Valley, CA",earthquake,0.25,0.5,0.12,14.0,reviewed,ci,ci
2019-07-06T09:19:18.550Z,35.827,-117.6468333,4.51,2.74,ml,37.0,28.0,0.04163,0.14,ci,ci38460863,2021-10-18T22:58:14.470Z,"23km WNW of Searles Valley, CA",earthquake,0.13,0.29,0.195,21.0,reviewed,ci,ci
2019-07-06T09:20:59.260Z,35.8748333,-117.7216667,7.75,3.06,ml,37.0,33.0,0.07487,0.09,ci,ci38460887,2020-01-21T19:15:16.830Z,"18km ESE of Little Lake, CA",earthquake,0.12,0.3,0.166,29.0,reviewed,ci,ci
2019-07-06T09:21:22.990Z,35.7483333,-117.569,4.35,3.17,ml,38.0,44.0,0.07114,0.16,ci,ci38460895,2020-01-14T01:27:10.750Z,"15km W of Searles Valley, CA",earthquake,0.16,0.44,0.167,32.0,reviewed,ci,ci
2019-07-06T09:23:41.570Z,36.063,-117.8526667,1.86,3.25,ml,37.0,54.0,0.0545,0.15,ci,ci38460911,2020-01-21T19:26:24.890Z,"9km ENE of Coso Junction, CA",earthquake,0.13,0.19,0.253,102.0,reviewed,ci,ci
2019-07-06T09:24:23.070Z,35.8015,-117.641,1.2,3.59,mw,36.0,53.0,0.0381,0.22,ci,ci38460927,2020-03-10T22:12:11.674Z,"20km N of Ridgecrest, CA",earthquake,0.22,0.39,,4.0,reviewed,ci,ci
2019-07-06T09:24:30.940Z,35.9095,-117.7401667,9.47,2.99,ml,7.0,116.0,0.07445,0.04,ci,ci37264164,2020-03-10T21:59:40.975Z,"15km ESE of Little Lake, CA",earthquake,0.18,0.53,0.068,5.0,reviewed,ci,ci
2019-07-06T09:26:58.090Z,35.8976667,-117.7201667,4.45,2.87,ml,31.0,39.0,0.0945,0.16,ci,ci38460943,2021-10-14T17:23:49.690Z,"17km ESE of Little Lake, CA",earthquake,0.19,0.45,0.098,12.0,reviewed,ci,ci
2019-07-06T09:27:08.460Z,35.6183333,-117.5836667,10.78,3.51,ml,34.0,66.0,0.104,0.14,ci,ci38460951,2019-12-11T18:16:39.085Z,"8km E of Ridgecrest, CA",earthquake,0.16,0.35,0.146,17.0,reviewed,ci,ci
2019-07-06T09:27:59.800Z,35.9465,-117.7403333,3.03,2.93,ml,29.0,41.0,0.06283,0.1,ci,ci38460959,2020-01-27T20:17:53.960Z,"15km E of Little Lake, CA",earthquake,0.13,0.4,0.198,16.0,reviewed,ci,ci
2019-07-06T09:28:28.980Z,35.898,-117.7271667,3.95,4.89,mw,67.0,37.0,0.0896,0.16,ci,ci38460967,2025-12-22T18:17:38.659Z,"17km ESE of Little Lake, CA",earthquake,0.13,0.38,,6.0,reviewed,ci,ci
2019-07-06T09:28:41.790Z,35.887,-117.7168333,4.78,4.24,mlr,25.0,64.0,0.08126,0.16,ci,ci37258076,2020-03-10T22:18:04.083Z,"18km ESE of Little Lake, CA",earthquake,0.19,0.45,0.119,14.0,reviewed,ci,ci
2019-07-06T09:28:59.630Z,35.9011667,-117.7291667,4.46,3.48,ml,10.0,70.0,0.07915,0.06,ci,ci37264180,2020-03-10T23:51:51.395Z,"16km ESE of Little Lake, CA",earthquake,0.16,0.45,0.074,6.0,reviewed,ci,ci
2019-07-06T09:29:09.300Z,35.9226667,-117.7288333,2.38,3.38,ml,5.0,209.0,0.07688,0.05,ci,ci37264188,2020-03-11T00:25:04.020Z,"16km E of Little Lake, CA",earthquake,0.44,0.32,0.043,3.0,reviewed,ci,ci
2019-07-06T09:29:20.970Z,35.8811667,-117.7175,5.5,4.41,mlr,59.0,35.0,0.08204,0.15,ci,ci38460975,2020-03-11T00:32:36.775Z,"18km ESE of Little Lake, CA",earthquake,0.11,0.4,0.246,35.0,reviewed,ci,ci
2019-07-06T09:29:44.490Z,35.8881667,-117.7153333,4.09,3.39,ml,9.0,65.0,0.08905,0.06,ci,ci37264196,2020-03-11T00:39:11.532Z,"18km ESE of Little Lake, CA",earthquake,0.16,0.62,0.068,4.0,reviewed,ci,ci
2019-07-06T09:29:59.500Z,35.7443333,-117.5895,10.83,3.47,ml,24.0,70.0,0.07155,0.1,ci,ci37264204,2020-03-11T00:58:35.884Z,"16km NNE of Ridgecrest, CA",earthquake,0.15,0.3,0.073,12.0,reviewed,ci,ci
2019-07-06T09:30:41.240Z,35.9098333,-117.7323333,4.15,4.49,mw,64.0,36.0,0.0766,0.13,ci,ci38460983,2019-09-26T14:30:38.040Z,"16km E of Little Lake, CA",earthquake,0.09,0.24,,6.0,reviewed,ci,ci
2019-07-06T09:30:57.620Z,35.9,-117.7255,4.17,3.45,mlr,15.0,58.0,0.07747,0.14,ci,ci37264284,2020-03-11T17:42:27.178Z,"17km ESE of Little Lake, CA",earthquake,0.24,0.61,0.134,8.0,reviewed,ci,ci
2019-07-06T09:31:19.000Z,35.9563333,-117.6798333,2.25,3.32,ml,11.0,105.0,0.06666,0.08,ci,ci37264292,2020-03-11T17:53:03.612Z,"20km E of Little Lake, CA",earthquake,0.17,0.23,0.123,4.0,reviewed,ci,ci
2019-07-06T09:31:32.070Z,35.897,-117.7225,5.59,3.08,ml,10.0,60.0,0.09473,0.15,ci,ci37264300,2020-03-11T18:05:09.545Z,"17km ESE of Little Lake, CA",earthquake,0.34,1.68,0.023,1.0,reviewed,ci,ci
2019-07-06T09:33:25.010Z,35.875,-117.7206667,8.05,3.2,ml,37.0,33.0,0.07541,0.09,ci,ci38460991,2019-12-18T18:50:37.800Z,"18km ESE of Little Lake, CA",earthquake,0.11,0.31,0.16,22.0,reviewed,ci,ci
2019-07-06T09:33:59.740Z,35.8953333,-117.7235,4.91,3.6,mlr,37.0,37.0,0.09289,0.18,ci,ci38460999,2019-12-10T22:53:45.513Z,"17km ESE of Little Lake, CA",earthquake,0.17,0.55,0.219,30.0,reviewed,ci,ci
2019-07-06T09:34:27.830Z,35.8871667,-117.7133333,7.69,3.51,mlr,20.0,52.0,0.07927,0.1,ci,ci38461007,2019-12-10T23:00:15.805Z,"18km ESE of Little Lake, CA",earthquake,0.16,0.43,0.177,13.0,reviewed,ci,ci
2019-07-06T09:35:49.720Z,35.9016667,-117.7051667,2.75,2.72,ml,32.0,43.0,0.06408,0.13,ci,ci38461015,2021-10-19T15:13:18.610Z,"19km ESE of Little Lake, CA",earthquake,0.13,0.19,0.172,16.0,reviewed,ci,ci
2019-07-06T09:36:39.360Z,35.8736667,-117.7036667,7.87,3.15,ml,45.0,37.0,0.08182,0.12,ci,ci38461023,2020-01-07T21:26:34.340Z,"20km ESE of Little Lake, CA",earthquake,0.11,0.33,0.144,90.0,reviewed,ci,ci
2019-07-06T09:38:34.470Z,35.674,-117.4678333,8.82,2.76,ml,46.0,42.0,0.08743,0.19,ci,ci37482797,2021-10-19T18:28:45.811Z,"12km SSW of Searles Valley, CA",earthquake,0.16,0.39,0.235,11.0,reviewed,ci,ci
2019-07-06T09:39:32.440Z,35.8565,-117.6836667,9.25,2.78,ml,14.0,214.0,0.08096,0.17,ci,ci37482445,2021-10-13T18:43:40.413Z,"22km ESE of Little Lake, CA",earthquake,0.5,0.58,0.302,7.0,reviewed,ci,ci
2019-07-06T09:40:44.780Z,35.9031667,-117.7285,4.41,2.6,ml,31.0,51.0,0.07754,0.13,ci,ci38461055,2021-10-26T15:41:42.600Z,"16km ESE of Little Lake, CA",earthquake,0.13,0.3,0.156,19.0,reviewed,ci,ci
2019-07-06T09:41:51.060Z,35.9133333,-117.7335,4.25,2.67,ml,32.0,38.0,0.07577,0.15,ci,ci38461063,2021-10-20T22:46:47.170Z,"16km E of Little Lake, CA",earthquake,0.15,0.36,0.195,22.0,reviewed,ci,ci
2019-07-06T09:43:02.020Z,35.8263333,-117.6485,8.42,2.74,ml,37.0,29.0,0.04277,0.16,ci,ci38461079,2021-10-14T20:10:54.190Z,"23km N of Ridgecrest, CA",earthquake,0.16,0.37,0.145,23.0,reviewed,ci,ci
2019-07-06T09:46:17.700Z,35.7393333,-117.4833333,4.39,2.54,ml,16.0,82.0,0.1201,0.16,ci,ci38461119,2021-10-25T22:33:46.963Z,"8km WSW of Searles Valley, CA",earthquake,0.27,0.74,0.121,20.0,reviewed,ci,ci
2019-07-06T09:46:39.930Z,35.8015,-117.6278333,2.81,3.39,ml,49.0,52.0,0.02845,0.14,ci,ci38461127,2019-12-18T19:05:49.720Z,"20km NNE of Ridgecrest, CA",earthquake,0.11,0.24,0.155,45.0,reviewed,ci,ci
2019-07-06T09:47:16.700Z,35.7468333,-117.5708333,3.16,2.68,ml,20.0,75.0,0.0721,0.17,ci,ci38461135,2021-10-13T21:58:45.338Z,"15km W of Searles Valley, CA",earthquake,0.22,0.41,0.295,6.0,reviewed,ci,ci
2019-07-06T09:47:31.340Z,35.89,-117.714,9.0,2.78,ml,24.0,65.0,0.07749,0.12,ci,ci37482461,2021-10-13T22:07:25.198Z,"18km ESE of Little Lake, CA",earthquake,0.18,0.42,0.086,8.0,reviewed,ci,ci
2019-07-06T09:48:29.810Z,35.8805,-117.713,4.24,3.39,ml,57.0,36.0,0.08325,0.12,ci,ci38461151,2019-12-18T19:25:59.110Z,"18km ESE of Little Lake, CA",earthquake,0.09,0.23,0.164,39.0,reviewed,ci,ci
2019-07-06T09:49:33.290Z,35.894,-117.7208333,7.52,3.22,ml,46.0,37.0,0.09246,0.13,ci,ci38461159,2019-12-18T19:42:09.860Z,"17km ESE of Little Lake, CA",earthquake,0.12,0.35,0.138,31.0,reviewed,ci,ci
2019-07-06T09:50:37.530Z,35.9053333,-117.6925,3.88,2.62,ml,12.0,73.0,0.05452,0.05,ci,ci38461175,2021-11-02T22:08:11.399Z,"20km E of Little Lake, CA",earthquake,0.15,0.34,0.06,4.0,reviewed,ci,ci
2019-07-06T09:50:43.220Z,35.7106667,-117.578,8.88,3.06,ml,36.0,56.0,0.106,0.15,ci,ci38461183,2020-01-21T19:38:32.570Z,"13km NE of Ridgecrest, CA",earthquake,0.17,0.51,0.096,24.0,reviewed,ci,ci
2019-07-06T09:51:21.370Z,35.5885,-117.3786667,5.46,2.54,ml,13.0,95.0,0.06445,0.16,ci,ci38461191,2019-12-04T23:22:41.601Z,"20km S of Trona, CA",earthquake,0.27,0.52,0.17,10.0,reviewed,ci,ci
2019-07-06T09:52:12.680Z,35.899,-117.722,7.0,2.68,ml,29.0,72.0,0.0759,0.11,ci,ci38461199,2021-10-19T16:13:59.980Z,"17km ESE of Little Lake, CA",earthquake,0.15,0.41,0.143,16.0,reviewed,ci,ci
2019-07-06T09:52:26.480Z,35.8693333,-117.6205,2.08,2.85,ml,22.0,62.0,0.05665,0.15,ci,ci37482765,2021-10-19T16:26:11.294Z,"23km WNW of Searles Valley, CA",earthquake,0.17,0.23,0.12,7.0,reviewed,ci,ci
2019-07-06T09:54:42.470Z,35.908,-117.7316667,4.75,2.75,ml,37.0,38.0,0.07706,0.13,ci,ci38461239,2021-10-14T16:03:48.830Z,"16km ESE of Little Lake, CA",earthquake,0.11,0.25,0.175,20.0,reviewed,ci,ci
2019-07-06T09:55:53.810Z,35.8723333,-117.7166667,9.4,2.55,ml,18.0,55.0,0.07473,0.08,ci,ci38461255,2022-01-27T19:48:49.819Z,"18km ESE of Little Lake, CA",earthquake,0.15,0.39,0.106,16.0,reviewed,ci,ci
2019-07-06T09:56:06.020Z,35.7675,-117.573,6.82,2.52,ml,25.0,64.0,0.0521,0.1,ci,ci38461263,2021-10-14T18:57:52.050Z,"15km W of Searles Valley, CA",earthquake,0.16,0.35,0.179,24.0,reviewed,ci,ci
2019-07-06T09:56:54.640Z,35.695,-117.533,7.37,2.52,ml,17.0,60.0,0.1227,0.13,ci,ci38461279,2019-11-25T22:43:01.425Z,"14km SW of Searles Valley, CA",earthquake,0.21,1.07,0.122,10.0,reviewed,ci,ci
2019-07-06T09:57:34.960Z,35.9531667,-117.7016667,5.38,3.08,ml,39.0,42.0,0.08297,0.11,ci,ci38461295,2022-03-05T00:13:37.730Z,"18km E of Little Lake, CA",earthquake,0.11,0.37,0.178,25.0,reviewed,ci,ci
2019-07-06T09:57:51.490Z,35.8713333,-117.6843333,4.82,3.07,ml,20.0,66.0,0.08974,0.08,ci,ci37400764,2022-03-05T00:15:35.114Z,"21km ESE of Little Lake, CA",earthquake,0.12,0.33,0.144,84.0,reviewed,ci,ci
2019-07-06T09:59:26.600Z,35.883,-117.7105,7.28,3.75,mw,57.0,38.0,0.08643,0.15,ci,ci38461311,2019-12-11T19:04:55.067Z,"19km ESE of Little Lake, CA",earthquake,0.11,0.34,,6.0,reviewed,ci,ci
2019-07-06T09:59:56.230Z,35.9526667,-117.7006667,5.12,3.21,ml,13.0,47.0,0.04108,0.08,ci,ci37400772,2022-03-05T00:51:52.217Z,"19km E of Little Lake, CA",earthquake,0.19,0.47,0.109,6.0,reviewed,ci,ci
2019-07-06T10:00:00.350Z,35.7871667,-117.6373333,8.88,3.48,ml,37.0,52.0,0.04314,0.14,ci,ci37264308,2020-03-11T18:41:22.550Z,"19km N of Ridgecrest, CA",earthquake,0.14,0.35,0.143,25.0,reviewed,ci,ci
2019-07-06T10:01:10.440Z,35.9255,-117.7105,3.96,2.86,ml,32.0,46.0,0.08889,0.13,ci,ci38461319,2021-10-13T17:56:20.317Z,"18km E of Little Lake, CA",earthquake,0.13,0.36,0.161,18.0,reviewed,ci,ci
2019-07-06T10:02:24.360Z,35.6905,-117.5305,8.41,3.04,ml,20.0,61.0,0.1177,0.09,ci,ci38461327,2019-12-05T17:05:45.820Z,"14km SW of Searles Valley, CA",earthquake,0.13,0.45,0.208,12.0,reviewed,ci,ci
2019-07-06T10:02:37.020Z,35.727,-117.5918333,10.79,3.18,ml,39.0,56.0,0.08867,0.15,ci,ci38461335,2020-01-07T21:36:38.160Z,"14km NNE of Ridgecrest, CA",earthquake,0.17,0.34,0.14,43.0,reviewed,ci,ci
2019-07-06T10:02:56.900Z,35.922,-117.7398333,5.18,2.92,ml,25.0,39.0,0.06884,0.09,ci,ci37483333,2021-10-26T21:22:35.994Z,"15km E of Little Lake, CA",earthquake,0.12,0.39,0.161,13.0,reviewed,ci,ci
2019-07-06T10:03:22.380Z,35.6503333,-117.4563333,4.23,2.96,ml,29.0,67.0,0.06387,0.14,ci,ci38461351,2020-01-27T20:30:18.450Z,"14km SSW of Searles Valley, CA",earthquake,0.17,0.36,0.172,24.0,reviewed,ci,ci
2019-07-06T10:04:32.140Z,35.7401667,-117.5715,3.66,2.78,ml,29.0,56.0,0.07832,0.14,ci,ci38461359,2019-11-14T23:55:11.475Z,"15km WSW of Searles Valley, CA",earthquake,0.17,0.62,0.147,31.0,reviewed,ci,ci
2019-07-06T10:05:20.150Z,35.6763333,-117.5388333,4.83,3.0,ml,24.0,60.0,0.1092,0.12,ci,ci38461383,2020-01-21T19:57:45.265Z,"14km ENE of Ridgecrest, CA",earthquake,0.17,0.51,0.235,12.0,reviewed,ci,ci
2019-07-06T10:05:32.610Z,35.9036667,-117.7263333,3.94,3.41,ml,40.0,37.0,0.07582,0.14,ci,ci38461391,2019-12-18T20:12:59.564Z,"17km ESE of Little Lake, CA",earthquake,0.12,0.32,0.07,31.0,reviewed,ci,ci
2019-07-06T10:07:29.190Z,35.88,-117.7128333,6.03,2.63,ml,29.0,66.0,0.08289,0.15,ci,ci38461407,2021-10-14T17:07:55.972Z,"19km ESE of Little Lake, CA",earthquake,0.16,0.57,0.088,12.0,reviewed,ci,ci
2019-07-06T10:07:32.600Z,35.8931667,-117.7101667,6.35,2.84,ml,28.0,78.0,0.07306,0.18,ci,ci37482549,2021-10-14T16:43:13.338Z,"18km ESE of Little Lake, CA",earthquake,0.24,0.56,0.152,13.0,reviewed,ci,ci
2019-07-06T10:08:02.530Z,35.8638333,-117.6866667,9.8,3.26,ml,29.0,42.0,0.08415,0.11,ci,ci38461423,2020-01-07T21:47:48.580Z,"21km ESE of Little Lake, CA",earthquake,0.14,0.29,0.17,94.0,reviewed,ci,ci
2019-07-06T10:08:26.830Z,35.7856667,-117.6133333,10.33,3.04,ml,35.0,58.0,0.03265,0.11,ci,ci38461431,2020-01-21T20:10:43.356Z,"19km W of Searles Valley, CA",earthquake,0.15,0.31,0.19,24.0,reviewed,ci,ci
2019-07-06T10:09:18.110Z,35.5755,-117.5176667,10.36,3.52,ml,52.0,35.0,0.04653,0.16,ci,ci38461447,2019-12-11T20:19:41.481Z,"15km ESE of Ridgecrest, CA",earthquake,0.13,0.29,0.198,40.0,reviewed,ci,ci
2019-07-06T10:10:20.750Z,35.9,-117.7276667,4.96,2.67,ml,31.0,37.0,0.07887,0.11,ci,ci38461455,2021-10-14T22:25:43.030Z,"17km ESE of Little Lake, CA",earthquake,0.12,0.53,0.153,14.0,reviewed,ci,ci
2019-07-06T10:11:00.520Z,35.8955,-117.7211667,6.04,2.75,ml,35.0,38.0,0.07769,0.16,ci,ci38461463,2021-10-19T15:03:05.300Z,"17km ESE of Little Lake, CA",earthquake,0.15,0.44,0.117,17.0,reviewed,ci,ci
2019-07-06T10:15:01.310Z,35.6198333,-117.4378333,4.79,2.84,ml,39.0,60.0,0.03874,0.15,ci,ci38461495,2021-10-13T18:33:22.668Z,"17km S of Searles Valley, CA",earthquake,0.14,0.3,0.154,19.0,reviewed,ci,ci
2019-07-06T10:19:18.190Z,35.8811667,-117.713,6.8,2.9,ml,44.0,36.0,0.08378,0.12,ci,ci38461527,2020-03-11T18:52:47.880Z,"18km ESE of Little Lake, CA",earthquake,0.12,0.3,0.286,27.0,reviewed,ci,ci
2019-07-06T10:19:58.820Z,35.8808333,-117.691,3.89,2.7,ml,34.0,40.0,0.07461,0.13,ci,ci38461535,2021-10-14T19:19:06.760Z,"20km ESE of Little Lake, CA",earthquake,0.13,0.35,0.142,20.0,reviewed,ci,ci
2019-07-06T10:22:55.840Z,35.8783333,-117.718,2.62,2.88,ml,39.0,35.0,0.07936,0.14,ci,ci38461583,2022-03-08T22:31:10.960Z,"18km ESE of Little Lake, CA",earthquake,0.13,0.2,0.14,23.0,reviewed,ci,ci
2019-07-06T10:25:07.050Z,35.8905,-117.6933333,3.48,3.3,ml,37.0,44.0,0.06706,0.14,ci,ci38461599,2020-01-07T22:00:58.010Z,"20km ESE of Little Lake, CA",earthquake,0.16,0.49,0.162,28.0,reviewed,ci,ci
2019-07-06T10:25:23.910Z,35.8978333,-117.7268333,5.14,3.12,ml,31.0,37.0,0.07967,0.09,ci,ci38461607,2020-01-14T01:39:50.793Z,"17km ESE of Little Lake, CA",earthquake,0.1,0.43,0.121,42.0,reviewed,ci,ci
2019-07-06T10:27:59.460Z,35.6878333,-117.5496667,10.3,3.16,ml,52.0,51.0,0.1237,0.15,ci,ci38461631,2020-01-07T22:16:05.830Z,"14km ENE of Ridgecrest, CA",earthquake,0.12,0.32,0.141,118.0,reviewed,ci,ci
2019-07-06T10:28:43.030Z,35.9043333,-117.7276667,5.66,3.08,ml,45.0,37.0,0.07632,0.12,ci,ci38461639,2020-01-21T20:44:07.060Z,"16km ESE of Little Lake, CA",earthquake,0.1,0.36,0.114,40.0,reviewed,ci,ci
2019-07-06T10:31:40.600Z,35.8936667,-117.6673333,8.3,2.54,ml,10.0,92.0,0.05584,0.21,ci,ci38461663,2019-11-15T00:14:30.522Z,"22km ESE of Little Lake, CA",earthquake,0.5,1.32,0.139,4.0,reviewed,ci,ci
2019-07-06T10:31:43.930Z,35.6486667,-117.4546667,3.97,3.51,mlr,38.0,66.0,0.06233,0.14,ci,ci38461655,2019-11-15T00:04:48.455Z,"14km SSW of Searles Valley, CA",earthquake,0.16,0.44,0.153,64.0,reviewed,ci,ci
2019-07-06T10:32:43.470Z,35.7173333,-117.5238333,4.91,2.73,ml,28.0,61.0,0.115,0.14,ci,ci38461671,2021-10-14T21:47:14.481Z,"12km WSW of Searles Valley, CA",earthquake,0.17,0.53,0.085,21.0,reviewed,ci,ci
2019-07-06T10:34:32.780Z,35.8736667,-117.7146667,2.85,2.54,ml,23.0,66.0,0.07672,0.23,ci,ci38461687,2021-10-26T19:08:48.480Z,"19km ESE of Little Lake, CA",earthquake,0.33,0.53,0.181,24.0,reviewed,ci,ci
2019-07-06T10:34:56.830Z,35.9133333,-117.742,4.81,2.6,ml,21.0,53.0,0.07119,0.19,ci,ci38461695,2021-10-15T14:54:49.900Z,"15km E of Little Lake, CA",earthquake,0.28,0.52,0.078,9.0,reviewed,ci,ci
2019-07-06T10:35:00.670Z,35.9,-117.6763333,2.72,2.51,ml,13.0,83.0,0.05223,0.23,ci,ci37482645,2021-10-15T15:04:11.130Z,"21km E of Little Lake, CA",earthquake,0.39,0.54,0.152,7.0,reviewed,ci,ci
2019-07-06T10:35:14.300Z,35.5765,-117.35,2.22,2.64,ml,13.0,103.0,0.05278,0.15,ci,ci38461711,2020-01-27T20:34:59.338Z,"21km S of Trona, CA",earthquake,0.51,0.56,0.052,1.0,reviewed,ci,ci
2019-07-06T10:35:18.060Z,35.5603333,-117.3548333,9.04,3.36,ml,31.0,74.0,0.03618,0.17,ci,ci38461703,2019-12-17T23:04:10.726Z,"23km S of Trona, CA",earthquake,0.24,0.4,0.169,131.0,reviewed,ci,ci
2019-07-06T10:36:10.580Z,35.683,-117.526,1.57,2.84,ml,25.0,79.0,0.1094,0.12,ci,ci38461719,2020-01-14T01:51:19.330Z,"14km SW of Searles Valley, CA",earthquake,0.18,0.36,0.117,14.0,reviewed,ci,ci
2019-07-06T10:37:09.160Z,35.8826667,-117.6966667,4.43,3.09,ml,24.0,46.0,0.07516,0.1,ci,ci38461727,2020-01-14T18:41:49.570Z,"20km ESE of Little Lake, CA",earthquake,0.13,0.31,0.183,12.0,reviewed,ci,ci
2019-07-06T10:37:27.560Z,35.5745,-117.3528333,2.85,3.82,mw,36.0,35.0,0.05035,0.16,ci,ci38461735,2019-12-11T20:31:15.227Z,"21km S of Trona, CA",earthquake,0.17,0.24,,4.0,reviewed,ci,ci
2019-07-06T10:38:31.260Z,35.913,-117.7331667,6.34,2.98,ml,35.0,35.0,0.07568,0.1,ci,ci38461743,2020-01-27T20:42:26.720Z,"16km E of Little Lake, CA",earthquake,0.11,0.28,0.096,18.0,reviewed,ci,ci
2019-07-06T10:39:03.020Z,35.8878333,-117.6945,4.23,2.56,ml,22.0,47.0,0.06982,0.1,ci,ci37483109,2021-10-25T21:54:32.246Z,"20km ESE of Little Lake, CA",earthquake,0.13,0.29,0.136,6.0,reviewed,ci,ci
2019-07-06T10:40:24.700Z,35.6713333,-117.5503333,1.68,3.45,ml,61.0,52.0,0.111,0.13,ci,ci38461775,2019-12-18T20:33:29.420Z,"13km ENE of Ridgecrest, CA",earthquake,0.1,0.21,0.187,34.0,reviewed,ci,ci
2019-07-06T10:41:26.280Z,35.8855,-117.6971667,7.96,3.07,ml,29.0,86.0,0.07294,0.12,ci,ci38461783,2020-01-14T18:55:00.210Z,"20km ESE of Little Lake, CA",earthquake,0.18,0.35,0.139,33.0,reviewed,ci,ci
2019-07-06T10:41:32.400Z,35.9888333,-117.7115,6.11,3.09,ml,17.0,110.0,0.06424,0.21,ci,ci37489469,2022-03-04T19:18:53.020Z,"18km ENE of Little Lake, CA",earthquake,0.39,0.48,0.146,2.0,reviewed,ci,ci
2019-07-06T10:43:30.560Z,35.898,-117.7286667,4.19,2.96,ml,37.0,37.0,0.08073,0.14,ci,ci38461807,2020-01-27T21:02:39.010Z,"17km ESE of Little Lake, CA",earthquake,0.13,0.33,0.125,85.0,reviewed,ci,ci
2019-07-06T10:45:06.770Z,35.881,-117.6881667,4.66,2.9,ml,31.0,79.0,0.07347,0.12,ci,ci38461815,2020-03-11T19:25:00.820Z,"21km ESE of Little Lake, CA",earthquake,0.15,0.33,0.148,81.0,reviewed,ci,ci
2019-07-06T10:48:20.290Z,35.7256667,-117.5406667,2.63,2.58,ml,13.0,171.0,0.1011,0.23,ci,ci38461871,2021-10-26T16:00:57.471Z,"13km WSW of Searles Valley, CA",earthquake,0.71,0.64,0.248,3.0,reviewed,ci,ci
2019-07-06T10:48:24.460Z,35.5785,-117.372,5.6,4.04,mw,58.0,27.0,0.05378,0.14,ci,ci38461879,2021-01-26T21:48:24.725Z,"21km S of Trona, CA",earthquake,0.14,0.36,,6.0,reviewed,ci,ci
2019-07-06T10:48:35.460Z,35.8883333,-117.7326667,6.08,3.24,ml,7.0,133.0,0.0838,0.09,ci,ci37264316,2020-03-11T19:36:00.177Z,"17km ESE of Little Lake, CA",earthquake,0.32,1.24,0.079,3.0,reviewed,ci,ci
2019-07-06T10:49:48.630Z,35.9235,-117.7071667,2.85,3.28,ml,35.0,45.0,0.05212,0.11,ci,ci38461887,2019-12-18T20:45:35.470Z,"18km E of Little Lake, CA",earthquake,0.11,0.42,0.178,30.0,reviewed,ci,ci
2019-07-06T10:50:46.520Z,35.8651667,-117.7091667,8.61,3.47,ml,47.0,33.0,0.07239,0.13,ci,ci38461903,2019-12-11T20:41:23.575Z,"20km ESE of Little Lake, CA",earthquake,0.13,0.35,0.186,32.0,reviewed,ci,ci
2019-07-06T10:51:40.530Z,35.6506667,-117.4498333,3.54,2.6,ml,32.0,90.0,0.06481,0.15,ci,ci38461911,2021-10-20T22:23:01.713Z,"14km SSW of Searles Valley, CA",earthquake,0.19,0.52,0.087,15.0,reviewed,ci,ci
2019-07-06T10:52:08.270Z,35.7268333,-117.5283333,0.49,2.52,ml,31.0,75.0,0.105,0.2,ci,ci38461919,2021-10-20T20:54:50.190Z,"12km WSW of Searles Valley, CA",earthquake,0.2,0.4,0.14,18.0,reviewed,ci,ci
2019-07-06T10:52:31.050Z,35.677,-117.5225,9.2,2.62,ml,35.0,61.0,0.1028,0.15,ci,ci38461927,2021-10-20T21:27:03.120Z,"15km SW of Searles Valley, CA",earthquake,0.15,0.46,0.162,21.0,reviewed,ci,ci
2019-07-06T10:57:59.620Z,35.8835,-117.7328333,10.35,2.61,ml,25.0,84.0,0.09279,0.23,ci,ci37483293,2021-10-26T20:58:43.147Z,"17km ESE of Little Lake, CA",earthquake,0.33,0.58,0.175,8.0,reviewed,ci,ci
2019-07-06T10:59:24.310Z,35.8196667,-117.629,9.81,3.19,ml,33.0,45.0,0.02589,0.16,ci,ci38461991,2020-01-14T19:06:05.205Z,"21km WNW of Searles Valley, CA",earthquake,0.18,0.35,0.126,83.0,reviewed,ci,ci
2019-07-06T11:00:06.490Z,35.838,-117.6526667,8.83,2.8,ml,34.0,37.0,0.05003,0.14,ci,ci38461999,2021-10-13T22:34:31.590Z,"24km WNW of Searles Valley, CA",earthquake,0.14,0.34,0.14,23.0,reviewed,ci,ci
2019-07-06T11:02:30.600Z,35.6775,-117.5248333,9.4,2.75,ml,34.0,61.0,0.1042,0.19,ci,ci37482845,2021-10-20T14:30:36.327Z,"15km SW of Searles Valley, CA",earthquake,0.2,0.53,0.158,13.0,reviewed,ci,ci
2019-07-06T11:02:34.160Z,35.9166667,-117.7946667,5.11,2.54,ml,22.0,62.0,0.03762,0.28,ci,ci37482869,2021-10-20T14:33:23.397Z,"10km ESE of Little Lake, CA",earthquake,0.48,0.86,0.086,6.0,reviewed,ci,ci
2019-07-06T11:06:00.630Z,35.8053333,-117.6281667,6.75,2.84,ml,31.0,51.0,0.027,0.11,ci,ci38462047,2020-03-11T20:10:14.920Z,"21km WNW of Searles Valley, CA",earthquake,0.14,0.32,0.15,16.0,reviewed,ci,ci
2019-07-06T11:06:08.440Z,35.882,-117.7051667,2.09,2.8,ml,27.0,54.0,0.07939,0.15,ci,ci37483269,2021-10-26T17:52:18.209Z,"19km ESE of Little Lake, CA",earthquake,0.14,0.25,0.159,8.0,reviewed,ci,ci
2019-07-06T11:06:43.350Z,35.7948333,-117.621,4.82,3.84,mw,62.0,42.0,0.02828,0.15,ci,ci38462063,2019-12-11T20:58:04.777Z,"20km W of Searles Valley, CA",earthquake,0.1,0.25,,6.0,reviewed,ci,ci
2019-07-06T11:08:10.750Z,35.9051667,-117.7313333,3.91,2.9,ml,36.0,36.0,0.07833,0.11,ci,ci38462071,2020-03-11T20:17:19.020Z,"16km ESE of Little Lake, CA",earthquake,0.12,0.32,0.177,26.0,reviewed,ci,ci
2019-07-06T11:10:24.060Z,35.925,-117.706,2.44,2.91,ml,35.0,35.0,0.05059,0.12,ci,ci38462087,2021-10-13T18:15:51.940Z,"18km E of Little Lake, CA",earthquake,0.1,0.18,0.172,17.0,reviewed,ci,ci
2019-07-06T11:10:39.570Z,35.9008333,-117.7278333,5.87,2.92,ml,27.0,57.0,0.07847,0.08,ci,ci38462095,2020-01-27T21:10:08.141Z,"17km ESE of Little Lake, CA",earthquake,0.12,0.34,0.124,19.0,reviewed,ci,ci
2019-07-06T11:11:19.670Z,35.8943333,-117.7003333,7.29,2.56,ml,30.0,43.0,0.06709,0.1,ci,ci38462103,2021-10-26T17:30:13.502Z,"19km ESE of Little Lake, CA",earthquake,0.11,0.35,0.155,19.0,reviewed,ci,ci
2019-07-06T11:11:42.210Z,35.907,-117.7326667,4.39,3.0,ml,44.0,36.0,0.07827,0.12,ci,ci38462111,2020-01-21T20:54:20.446Z,"16km ESE of Little Lake, CA",earthquake,0.11,0.26,0.165,77.0,reviewed,ci,ci
2019-07-06T11:14:53.300Z,35.9583333,-117.6871667,4.16,2.51,ml,12.0,148.0,0.03161,0.06,ci,ci37483141,2021-10-26T14:30:08.825Z,"20km E of Little Lake, CA",earthquake,0.23,0.31,0.125,5.0,reviewed,ci,ci
2019-07-06T11:14:56.470Z,35.865,-117.6975,7.17,2.8,ml,20.0,74.0,0.09496,0.12,ci,ci37483149,2021-10-25T22:53:27.021Z,"20km ESE of Little Lake, CA",earthquake,0.17,0.55,0.092,5.0,reviewed,ci,ci
2019-07-06T11:15:13.110Z,35.8743333,-117.6995,7.1,2.74,ml,15.0,68.0,0.08354,0.05,ci,ci38462167,2020-03-11T20:22:20.232Z,"20km ESE of Little Lake, CA",earthquake,0.12,0.37,0.13,8.0,reviewed,ci,ci
2019-07-06T11:15:20.710Z,35.646,-117.4656667,-0.13,3.68,mw,37.0,66.0,0.05944,0.16,ci,ci38462175,2019-12-11T21:10:06.991Z,"15km SSW of Searles Valley, CA",earthquake,0.16,0.29,,4.0,reviewed,ci,ci
2019-07-06T11:16:25.380Z,35.9055,-117.725,7.41,2.58,ml,23.0,57.0,0.07388,0.09,ci,ci38462183,2021-10-13T23:07:35.450Z,"17km ESE of Little Lake, CA",earthquake,0.14,0.35,0.047,5.0,reviewed,ci,ci
2019-07-06T11:18:03.660Z,35.6761667,-117.5331667,8.03,2.95,ml,44.0,44.0,0.1065,0.14,ci,ci38462207,2020-01-27T21:24:31.195Z,"14km ENE of Ridgecrest, CA",earthquake,0.14,0.51,0.123,98.0,reviewed,ci,ci
2019-07-06T11:23:10.030Z,35.8681667,-117.6945,7.1,2.55,ml,47.0,38.0,0.08251,0.12,ci,ci38462279,2021-10-26T19:12:53.890Z,"21km ESE of Little Lake, CA",earthquake,0.1,0.33,0.237,24.0,reviewed,ci,ci
2019-07-06T11:24:21.460Z,35.8978333,-117.7286667,4.16,2.54,ml,37.0,37.0,0.08083,0.15,ci,ci38462295,2021-10-26T14:56:28.130Z,"17km ESE of Little Lake, CA",earthquake,0.14,0.32,0.21,20.0,reviewed,ci,ci
2019-07-06T11:25:15.480Z,35.7056667,-117.505,1.53,2.79,ml,32.0,71.0,0.1239,0.18,ci,ci38462311,2021-10-13T21:14:48.660Z,"11km SW of Searles Valley, CA",earthquake,0.18,0.39,0.189,17.0,reviewed,ci,ci
2019-07-06T11:31:09.930Z,35.9271667,-117.7018333,2.4,3.17,ml,45.0,35.0,0.0466,0.14,ci,ci38462351,2020-01-14T19:21:12.730Z,"18km E of Little Lake, CA",earthquake,0.1,0.19,0.134,31.0,reviewed,ci,ci
2019-07-06T11:34:51.830Z,35.572,-117.4041667,6.28,2.6,ml,33.0,47.0,0.04947,0.16,ci,ci38462391,2021-10-20T19:05:56.280Z,"22km S of Trona, CA",earthquake,0.17,0.32,0.19,19.0,reviewed,ci,ci
2019-07-06T11:37:26.220Z,35.9071667,-117.7148333,2.21,2.63,ml,38.0,36.0,0.06625,0.15,ci,ci38462439,2021-10-25T21:17:22.030Z,"18km E of Little Lake, CA",earthquake,0.13,0.2,0.12,21.0,reviewed,ci,ci
2019-07-06T11:40:52.650Z,35.8766667,-117.703,2.58,2.74,ml,40.0,38.0,0.08293,0.18,ci,ci38462487,2021-10-14T21:31:03.830Z,"20km ESE of Little Lake, CA",earthquake,0.14,0.23,0.19,22.0,reviewed,ci,ci
2019-07-06T11:43:52.740Z,35.5696667,-117.4378333,3.08,2.57,ml,20.0,105.0,0.02601,0.19,ci,ci37405100,2022-03-24T18:34:23.868Z,"22km S of Searles Valley, CA",earthquake,0.29,0.57,0.181,54.0,reviewed,ci,ci
2019-07-06T11:44:37.860Z,35.8711667,-117.6768333,6.44,2.53,ml,17.0,56.0,0.07953,0.17,ci,ci38462551,2021-10-25T22:52:09.677Z,"22km ESE of Little Lake, CA",earthquake,0.31,0.87,0.124,11.0,reviewed,ci,ci
2019-07-06T11:45:11.440Z,35.8353333,-117.6676667,4.77,3.41,ml,52.0,37.0,0.06027,0.15,ci,ci38462559,2019-12-18T21:10:51.320Z,"24km N of Ridgecrest, CA",earthquake,0.13,0.31,0.13,58.0,reviewed,ci,ci
2019-07-06T11:46:16.160Z,35.7045,-117.5075,2.1,2.73,ml,32.0,52.0,0.1234,0.21,ci,ci38462567,2021-10-14T22:33:49.300Z,"12km SW of Searles Valley, CA",earthquake,0.2,0.46,0.156,21.0,reviewed,ci,ci
2019-07-06T11:49:56.820Z,35.9185,-117.7146667,2.8,2.57,ml,30.0,43.0,0.05986,0.13,ci,ci37489293,2022-03-03T23:41:00.374Z,"17km E of Little Lake, CA",earthquake,0.13,0.51,0.151,15.0,reviewed,ci,ci
2019-07-06T11:50:09.760Z,35.6128333,-117.5981667,10.07,2.69,ml,28.0,61.0,0.1139,0.16,ci,ci38462623,2021-10-19T15:24:11.348Z,"7km E of Ridgecrest, CA",earthquake,0.19,0.47,0.24,16.0,reviewed,ci,ci
2019-07-06T11:51:08.210Z,35.57,-117.3425,2.55,3.07,ml,26.0,77.0,0.04841,0.21,ci,ci37264324,2020-03-11T20:36:57.889Z,"22km S of Trona, CA",earthquake,0.23,0.32,0.159,14.0,reviewed,ci,ci
2019-07-06T11:51:17.790Z,35.5588333,-117.4188333,9.27,2.9,ml,9.0,111.0,0.04485,0.11,ci,ci37264332,2020-03-11T20:41:46.431Z,"23km S of Trona, CA",earthquake,0.39,0.52,0.181,6.0,reviewed,ci,ci
2019-07-06T11:53:08.090Z,35.8953333,-117.7336667,2.1,4.12,mw,53.0,35.0,0.08557,0.14,ci,ci38462679,2019-09-26T14:30:41.040Z,"16km ESE of Little Lake, CA",earthquake,0.11,0.19,,6.0,reviewed,ci,ci
2019-07-06T11:53:57.430Z,35.9053333,-117.702,8.7,2.76,ml,18.0,72.0,0.05966,0.08,ci,ci37405252,2022-03-29T18:12:50.198Z,"19km E of Little Lake, CA",earthquake,0.16,0.4,0.083,7.0,reviewed,ci,ci
2019-07-06T11:54:54.030Z,35.8968333,-117.7368333,2.14,3.21,ml,47.0,35.0,0.08401,0.14,ci,ci38462687,2020-01-07T23:33:40.460Z,"16km ESE of Little Lake, CA",earthquake,0.1,0.19,0.129,30.0,reviewed,ci,ci
2019-07-06T11:56:20.060Z,35.9081667,-117.7386667,3.43,2.6,ml,22.0,52.0,0.07619,0.08,ci,ci38462703,2021-10-25T23:16:49.419Z,"16km ESE of Little Lake, CA",earthquake,0.12,0.43,0.119,12.0,reviewed,ci,ci
2019-07-06T11:56:28.590Z,35.8728333,-117.7005,8.23,2.74,ml,16.0,82.0,0.08524,0.06,ci,ci37483165,2021-10-25T23:22:25.215Z,"20km ESE of Little Lake, CA",earthquake,0.15,0.56,0.205,10.0,reviewed,ci,ci
2019-07-06T11:57:14.050Z,35.848,-117.6831667,6.68,2.94,ml,38.0,34.0,0.07669,0.13,ci,ci38462727,2020-03-11T20:57:46.770Z,"22km ESE of Little Lake, CA",earthquake,0.14,0.31,0.162,26.0,reviewed,ci,ci
2019-07-06T11:57:18.100Z,35.5515,-117.3738333,6.22,2.56,ml,4.0,182.0,0.02756,0.1,ci,ci38462719,2021-11-09T20:13:01.885Z,"24km S of Trona, CA",earthquake,1.22,0.44,0.117,2.0,reviewed,ci,ci
2019-07-06T12:01:21.050Z,35.5906667,-117.364,5.62,2.52,ml,27.0,110.0,0.06557,0.17,ci,ci38462783,2022-03-08T19:03:00.768Z,"19km S of Trona, CA",earthquake,0.24,0.51,0.147,20.0,reviewed,ci,ci
2019-07-06T12:02:41.840Z,35.918,-117.7268333,2.35,2.5,ml,29.0,39.0,0.06885,0.14,ci,ci38462807,2022-03-08T19:48:07.490Z,"16km E of Little Lake, CA",earthquake,0.14,0.23,0.153,28.0,reviewed,ci,ci
2019-07-06T12:03:49.650Z,35.7493333,-117.5635,9.46,2.57,ml,29.0,57.0,0.0718,0.13,ci,ci38462823,2021-10-25T23:28:31.690Z,"14km W of Searles Valley, CA",earthquake,0.21,0.47,0.201,28.0,reviewed,ci,ci
2019-07-06T12:04:07.930Z,35.7566667,-117.5676667,7.76,2.51,ml,21.0,85.0,0.06375,0.08,ci,ci38462831,2021-10-14T21:23:35.925Z,"15km W of Searles Valley, CA",earthquake,0.18,0.41,0.146,16.0,reviewed,ci,ci
2019-07-06T12:04:20.630Z,35.8821667,-117.7338333,4.52,2.59,ml,12.0,79.0,0.07766,0.14,ci,ci37483173,2021-10-25T23:35:03.816Z,"17km ESE of Little Lake, CA",earthquake,0.32,0.62,0.151,8.0,reviewed,ci,ci
2019-07-06T12:05:00.770Z,35.824,-117.6605,6.32,3.57,mlr,38.0,27.0,0.05185,0.14,ci,ci38462839,2020-01-07T01:36:44.810Z,"23km N of Ridgecrest, CA",earthquake,0.14,0.35,0.148,66.0,reviewed,ci,ci
2019-07-06T12:05:21.290Z,35.789,-117.6286667,8.33,3.34,ml,32.0,52.0,0.03679,0.17,ci,ci38462847,2020-01-07T23:53:14.144Z,"19km NNE of Ridgecrest, CA",earthquake,0.21,0.45,0.161,23.0,reviewed,ci,ci
2019-07-06T12:09:02.880Z,35.8976667,-117.7335,2.43,2.58,ml,28.0,36.0,0.08405,0.12,ci,ci38462887,2021-10-28T20:13:57.560Z,"16km ESE of Little Lake, CA",earthquake,0.17,0.27,0.141,24.0,reviewed,ci,ci
2019-07-06T12:09:51.370Z,35.737,-117.5451667,6.7,2.78,ml,37.0,58.0,0.08936,0.16,ci,ci38462895,2021-11-02T20:52:52.819Z,"13km WSW of Searles Valley, CA",earthquake,0.14,0.48,0.211,22.0,reviewed,ci,ci
2019-07-06T12:12:19.510Z,35.5078333,-117.5028333,6.9,2.75,ml,11.0,69.0,0.0852,0.1,ci,ci37483717,2021-10-28T20:27:34.188Z,"19km NE of Johannesburg, CA",earthquake,0.2,0.52,0.392,7.0,reviewed,ci,ci
2019-07-06T12:12:35.820Z,35.7776667,-117.5968333,8.0,3.03,ml,22.0,65.0,0.038,0.14,ci,ci38462927,2020-01-21T20:59:57.968Z,"17km W of Searles Valley, CA",earthquake,0.2,0.56,0.179,60.0,reviewed,ci,ci
2019-07-06T12:13:28.140Z,35.9245,-117.7066667,2.47,2.52,ml,29.0,38.0,0.0513,0.13,ci,ci38462935,2021-10-25T23:51:45.370Z,"18km E of Little Lake, CA",earthquake,0.15,0.22,0.149,28.0,reviewed,ci,ci
2019-07-06T12:19:23.430Z,35.9273333,-117.7423333,5.51,2.89,ml,18.0,97.0,0.06499,0.07,ci,ci37403364,2022-03-16T22:20:25.339Z,"15km E of Little Lake, CA",earthquake,0.13,0.36,0.169,11.0,reviewed,ci,ci
2019-07-06T12:20:16.210Z,35.7545,-117.576,9.11,2.74,ml,42.0,44.0,0.06356,0.15,ci,ci38462999,2021-11-03T18:21:38.700Z,"16km W of Searles Valley, CA",earthquake,0.15,0.38,0.215,27.0,reviewed,ci,ci
2019-07-06T12:20:59.050Z,35.7578333,-117.5798333,8.32,3.49,mlr,52.0,43.0,0.05954,0.13,ci,ci38463007,2019-12-11T21:32:02.044Z,"16km W of Searles Valley, CA",earthquake,0.11,0.33,0.123,34.0,reviewed,ci,ci
2019-07-06T12:23:28.970Z,35.8993333,-117.7051667,8.61,2.65,ml,32.0,42.0,0.06577,0.11,ci,ci38463015,2021-11-02T17:26:59.060Z,"19km ESE of Little Lake, CA",earthquake,0.14,0.32,0.148,26.0,reviewed,ci,ci
2019-07-06T12:28:49.340Z,35.6021667,-117.4058333,3.25,2.53,ml,14.0,155.0,0.04853,0.14,ci,ci37358204,2021-10-13T23:45:44.628Z,"18km S of Trona, CA",earthquake,0.35,0.54,0.144,12.0,reviewed,ci,ci
2019-07-06T12:29:19.810Z,35.8155,-117.5918333,9.3,3.4,ml,53.0,43.0,0.00462,0.18,ci,ci38463087,2019-12-12T16:59:36.415Z,"18km WNW of Searles Valley, CA",earthquake,0.15,0.31,0.121,33.0,reviewed,ci,ci
2019-07-06T12:34:52.650Z,35.736,-117.5418333,3.78,2.62,ml,36.0,58.0,0.09155,0.16,ci,ci38463135,2021-11-08T22:56:50.770Z,"13km WSW of Searles Valley, CA",earthquake,0.15,0.51,0.157,24.0,reviewed,ci,ci
2019-07-06T12:35:50.290Z,35.8291667,-117.66,7.24,2.56,ml,22.0,79.0,0.05252,0.15,ci,ci38463151,2022-03-17T18:42:58.743Z,"23km N of Ridgecrest, CA",earthquake,0.26,0.51,0.213,15.0,reviewed,ci,ci
2019-07-06T12:35:56.550Z,35.906,-117.7143333,2.09,2.62,ml,14.0,84.0,0.06665,0.12,ci,ci37421149,2022-03-17T18:54:58.513Z,"18km E of Little Lake, CA",earthquake,0.23,0.28,0.1,12.0,reviewed,ci,ci
2019-07-06T12:36:30.300Z,35.6201667,-117.4366667,8.56,3.04,ml,49.0,29.0,0.03952,0.13,ci,ci38463159,2020-01-27T22:16:08.820Z,"17km S of Searles Valley, CA",earthquake,0.11,0.29,0.152,111.0,reviewed,ci,ci
2019-07-06T12:36:47.160Z,35.8758333,-117.6911667,4.91,2.71,ml,25.0,46.0,0.07917,0.12,ci,ci38463167,2021-11-09T01:17:38.315Z,"21km ESE of Little Lake, CA",earthquake,0.14,0.31,0.118,21.0,reviewed,ci,ci
2019-07-06T12:37:05.450Z,35.8861667,-117.727,4.2,2.72,ml,24.0,34.0,0.08333,0.14,ci,ci38463175,2021-11-02T17:07:16.393Z,"17km ESE of Little Lake, CA",earthquake,0.18,0.36,0.147,12.0,reviewed,ci,ci
2019-07-06T12:40:31.170Z,35.817,-117.6405,6.95,2.86,ml,37.0,36.0,0.03496,0.14,ci,ci38463215,2021-11-04T16:24:34.120Z,"22km N of Ridgecrest, CA",earthquake,0.15,0.33,0.147,22.0,reviewed,ci,ci
2019-07-06T12:40:45.760Z,35.903,-117.6565,9.64,3.24,ml,26.0,81.0,0.04508,0.08,ci,ci38463223,2020-01-08T18:29:59.040Z,"23km E of Little Lake, CA",earthquake,0.12,0.24,0.1,23.0,reviewed,ci,ci
2019-07-06T12:40:48.320Z,35.9401667,-117.3088333,11.01,3.24,ml,6.0,191.0,0.0533,0.04,ci,ci37264348,2020-03-11T21:06:52.346Z,"21km NNE of Trona, CA",earthquake,0.39,1.05,0.086,3.0,reviewed,ci,ci
2019-07-06T12:40:56.230Z,35.5968333,-117.3145,8.86,2.72,ml,4.0,260.0,0.08251,0.09,ci,ci37264356,2020-03-11T21:14:10.743Z,"20km SSE of Trona, CA",earthquake,0.88,0.74,0.119,2.0,reviewed,ci,ci
2019-07-06T12:44:44.280Z,35.6366667,-117.4315,4.84,2.69,ml,21.0,98.0,0.05596,0.2,ci,ci37358364,2021-10-14T17:35:40.550Z,"15km S of Searles Valley, CA",earthquake,0.33,0.52,0.174,64.0,reviewed,ci,ci
2019-07-06T12:45:45.540Z,35.8746667,-117.7053333,2.66,2.82,ml,39.0,36.0,0.08181,0.2,ci,ci38463311,2021-10-28T22:32:08.938Z,"19km ESE of Little Lake, CA",earthquake,0.18,0.32,0.198,23.0,reviewed,ci,ci
2019-07-06T12:48:42.880Z,35.857,-117.6718333,8.53,3.09,ml,49.0,37.0,0.07309,0.13,ci,ci38463359,2020-01-21T21:14:26.140Z,"23km ESE of Little Lake, CA",earthquake,0.12,0.3,0.135,24.0,reviewed,ci,ci
2019-07-06T12:49:39.110Z,35.6048333,-117.4011667,7.12,3.12,ml,39.0,79.0,0.053,0.12,ci,ci38463375,2020-01-08T18:49:39.670Z,"18km S of Trona, CA",earthquake,0.14,0.3,0.168,19.0,reviewed,ci,ci
2019-07-06T12:49:41.590Z,35.7036667,-117.5156667,12.85,2.94,ml,24.0,114.0,0.1248,0.19,ci,ci37491605,2022-03-21T23:06:41.731Z,"12km SW of Searles Valley, CA",earthquake,0.38,0.76,0.147,8.0,reviewed,ci,ci
2019-07-06T12:50:27.800Z,35.9345,-117.7235,2.9,2.86,ml,39.0,33.0,0.06082,0.13,ci,ci38463383,2021-11-02T17:28:21.720Z,"16km E of Little Lake, CA",earthquake,0.11,0.41,0.198,21.0,reviewed,ci,ci
2019-07-06T12:55:24.800Z,35.9005,-117.7303333,4.38,3.07,ml,58.0,37.0,0.0803,0.14,ci,ci38463439,2020-01-08T20:04:22.010Z,"16km ESE of Little Lake, CA",earthquake,0.09,0.23,0.173,89.0,reviewed,ci,ci
2019-07-06T12:58:18.140Z,35.6708333,-117.467,7.18,2.72,ml,41.0,48.0,0.08424,0.13,ci,ci38463471,2021-11-08T23:40:58.190Z,"12km SSW of Searles Valley, CA",earthquake,0.13,0.5,0.191,23.0,reviewed,ci,ci
2019-07-06T13:00:44.170Z,35.8768333,-117.7053333,5.07,2.97,ml,49.0,37.0,0.08356,0.12,ci,ci38463495,2020-01-27T22:33:19.660Z,"19km ESE of Little Lake, CA",earthquake,0.11,0.5,0.162,21.0,reviewed,ci,ci
2019-07-06T13:02:14.800Z,35.8168333,-117.6243333,3.8,2.53,ml,24.0,66.0,0.02183,0.15,ci,ci38463511,2021-10-13T21:39:06.073Z,"21km WNW of Searles Valley, CA",earthquake,0.19,0.37,0.1,44.0,reviewed,ci,ci
2019-07-06T13:06:55.260Z,35.9283333,-117.705,2.37,4.5,mw,64.0,34.0,0.04844,0.16,ci,ci38463551,2019-09-26T14:30:42.040Z,"18km E of Little Lake, CA",earthquake,0.12,0.21,,6.0,reviewed,ci,ci
2019-07-06T13:07:13.840Z,35.921,-117.7083333,4.91,3.3,ml,7.0,149.0,0.05415,0.05,ci,ci37264364,2020-03-11T22:02:30.122Z,"18km E of Little Lake, CA",earthquake,0.37,0.77,0.048,4.0,reviewed,ci,ci
2019-07-06T13:08:11.860Z,35.6085,-117.4518333,10.35,2.66,ml,16.0,114.0,0.02352,0.13,ci,ci38463559,2020-03-11T22:07:32.800Z,"18km SSW of Searles Valley, CA",earthquake,0.26,0.46,0.183,9.0,reviewed,ci,ci
2019-07-06T13:09:19.930Z,35.7946667,-117.6251667,4.22,2.87,ml,37.0,56.0,0.03078,0.11,ci,ci38463567,2020-01-21T21:24:29.930Z,"20km NNE of Ridgecrest, CA",earthquake,0.11,0.28,0.154,26.0,reviewed,ci,ci
2019-07-06T13:16:57.730Z,35.6518333,-117.519,10.16,3.07,ml,62.0,38.0,0.07995,0.13,ci,ci38463631,2020-01-14T20:24:36.040Z,"15km ENE of Ridgecrest, CA",earthquake,0.1,0.24,0.165,24.0,reviewed,ci,ci
2019-07-06T13:17:39.590Z,35.8825,-117.698,8.62,2.78,ml,36.0,41.0,0.07585,0.16,ci,ci38463639,2021-11-02T16:53:24.460Z,"20km ESE of Little Lake, CA",earthquake,0.15,0.43,0.169,21.0,reviewed,ci,ci
2019-07-06T13:18:21.880Z,35.9123333,-117.7033333,3.96,2.51,ml,24.0,64.0,0.05574,0.13,ci,ci38463655,2022-03-28T20:35:58.359Z,"18km E of Little Lake, CA",earthquake,0.16,0.38,0.127,10.0,reviewed,ci,ci
2019-07-06T13:20:36.290Z,35.7135,-117.5701667,6.76,2.52,ml,41.0,57.0,0.1044,0.18,ci,ci38463671,2022-03-28T21:46:50.710Z,"14km NE of Ridgecrest, CA",earthquake,0.16,0.52,0.18,24.0,reviewed,ci,ci
2019-07-06T13:24:27.280Z,35.8726667,-117.6976667,4.36,2.77,ml,39.0,38.0,0.08411,0.15,ci,ci38463703,2021-11-02T20:45:34.910Z,"20km ESE of Little Lake, CA",earthquake,0.12,0.32,0.183,23.0,reviewed,ci,ci
2019-07-06T13:25:45.400Z,35.8965,-117.7246667,5.59,2.56,ml,25.0,59.0,0.07916,0.13,ci,ci38463711,2021-10-19T22:06:36.939Z,"17km ESE of Little Lake, CA",earthquake,0.18,0.67,0.117,10.0,reviewed,ci,ci
2019-07-06T13:25:59.760Z,35.596,-117.3853333,5.89,2.65,ml,19.0,73.0,0.06336,0.17,ci,ci37482861,2021-10-19T23:40:48.441Z,"19km S of Trona, CA",earthquake,0.26,0.63,0.251,11.0,reviewed,ci,ci
2019-07-06T13:27:38.660Z,35.709,-117.5555,1.9,2.95,ml,32.0,58.0,0.1119,0.14,ci,ci38463727,2020-03-12T17:01:46.440Z,"15km NE of Ridgecrest, CA",earthquake,0.16,0.3,0.158,28.0,reviewed,ci,ci
2019-07-06T13:28:31.290Z,35.6743333,-117.4776667,2.12,2.51,ml,18.0,87.0,0.08854,0.13,ci,ci38463735,2021-10-28T22:52:39.536Z,"12km SSW of Searles Valley, CA",earthquake,0.19,0.54,0.117,8.0,reviewed,ci,ci
2019-07-06T13:28:34.870Z,35.6803333,-117.512,6.51,2.61,ml,13.0,101.0,0.102,0.2,ci,ci37483773,2021-10-28T22:50:21.811Z,"14km SW of Searles Valley, CA",earthquake,0.44,1.34,0.123,7.0,reviewed,ci,ci
2019-07-06T13:29:02.310Z,35.8461667,-117.657,4.26,2.53,ml,21.0,52.0,0.05709,0.13,ci,ci38463743,2021-10-26T23:56:20.274Z,"24km WNW of Searles Valley, CA",earthquake,0.23,0.54,0.121,24.0,reviewed,ci,ci
2019-07-06T13:30:07.140Z,36.121,-117.8488333,2.13,2.74,ml,29.0,53.0,0.005955,0.14,ci,ci38463759,2021-11-08T22:21:20.890Z,"12km NE of Coso Junction, CA",earthquake,0.15,0.16,0.212,18.0,reviewed,ci,ci
2019-07-06T13:32:33.390Z,35.8916667,-117.7165,7.45,2.6,ml,29.0,39.0,0.07765,0.11,ci,ci38463775,2021-10-28T23:20:25.710Z,"18km ESE of Little Lake, CA",earthquake,0.14,0.44,0.176,27.0,reviewed,ci,ci
2019-07-06T13:32:59.500Z,35.6761667,-117.4873333,1.6,3.65,mw,42.0,47.0,0.09178,0.14,ci,ci38463791,2022-08-08T14:35:00.951Z,"13km SW of Searles Valley, CA",earthquake,0.15,0.35,,7.0,reviewed,ci,ci
2019-07-06T13:34:46.310Z,35.903,-117.6925,2.53,3.17,ml,48.0,38.0,0.05636,0.12,ci,ci38463807,2020-01-08T20:32:30.270Z,"20km E of Little Lake, CA",earthquake,0.09,0.15,0.169,76.0,reviewed,ci,ci
2019-07-06T13:36:26.800Z,35.8641667,-117.6863333,7.86,3.36,ml,59.0,36.0,0.08457,0.14,ci,ci38463831,2019-12-18T21:27:07.270Z,"21km ESE of Little Lake, CA",earthquake,0.1,0.28,0.171,38.0,reviewed,ci,ci
2019-07-06T13:38:49.570Z,35.6781667,-117.5191667,-0.49,2.51,ml,24.0,61.0,0.1026,0.23,ci,ci38463863,2021-10-14T21:59:40.956Z,"14km SW of Searles Valley, CA",earthquake,0.26,0.55,0.187,22.0,reviewed,ci,ci
2019-07-06T13:39:52.770Z,35.5488333,-117.4343333,2.84,2.79,ml,30.0,65.0,0.04392,0.14,ci,ci38463887,2021-10-28T15:59:15.040Z,"23km ESE of Ridgecrest, CA",earthquake,0.13,0.18,0.156,15.0,reviewed,ci,ci
2019-07-06T13:39:59.260Z,35.6986667,-117.5466667,4.88,2.86,ml,36.0,50.0,0.1239,0.19,ci,ci37483621,2021-10-28T16:18:05.882Z,"14km NE of Ridgecrest, CA",earthquake,0.18,0.5,0.136,18.0,reviewed,ci,ci
2019-07-06T13:41:42.730Z,35.5895,-117.4235,6.78,3.17,ml,54.0,41.0,0.03168,0.12,ci,ci38463903,2020-01-14T20:51:45.720Z,"20km SSW of Trona, CA",earthquake,0.11,0.25,0.211,24.0,reviewed,ci,ci
2019-07-06T13:43:18.740Z,35.6163333,-117.4755,8.8,3.64,mw,68.0,30.0,0.03168,0.14,ci,ci38463911,2019-12-12T17:32:35.450Z,"18km SSW of Searles Valley, CA",earthquake,0.11,0.27,,4.0,reviewed,ci,ci
2019-07-06T13:43:49.660Z,35.919,-117.7171667,0.52,3.37,ml,12.0,227.0,0.08703,0.08,ci,ci37264444,2020-03-12T19:18:14.325Z,"17km E of Little Lake, CA",earthquake,0.45,0.21,0.111,6.0,reviewed,ci,ci
2019-07-06T13:43:55.520Z,35.765,-117.5678333,6.54,2.87,ml,11.0,84.0,0.05609,0.1,ci,ci37264452,2020-03-12T19:51:58.949Z,"15km W of Searles Valley, CA",earthquake,0.27,0.62,0.224,6.0,reviewed,ci,ci
2019-07-06T13:45:19.050Z,35.6258333,-117.4303333,7.74,2.67,ml,19.0,98.0,0.04706,0.11,ci,ci38463919,2021-11-02T17:46:33.458Z,"16km S of Searles Valley, CA",earthquake,0.25,0.4,0.062,3.0,reviewed,ci,ci
2019-07-06T13:45:19.050Z,35.6273333,-117.43,7.96,2.56,ml,25.0,74.0,0.04846,0.15,ci,ci37483725,2021-10-28T20:32:49.747Z,"16km S of Searles Valley, CA",earthquake,0.23,0.41,0.169,6.0,reviewed,ci,ci
2019-07-06T13:45:30.280Z,35.8911667,-117.6755,8.98,2.82,ml,34.0,50.0,0.06017,0.11,ci,ci38463927,2021-10-28T20:13:52.910Z,"21km ESE of Little Lake, CA",earthquake,0.13,0.27,0.168,22.0,reviewed,ci,ci
2019-07-06T13:45:37.930Z,35.5538333,-117.3986667,4.29,2.63,ml,26.0,102.0,0.04007,0.27,ci,ci37483709,2021-10-28T21:06:04.825Z,"24km S of Trona, CA",earthquake,0.34,0.47,0.149,10.0,reviewed,ci,ci
2019-07-06T13:49:42.550Z,35.6715,-117.4928333,4.39,2.54,ml,26.0,64.0,0.08841,0.11,ci,ci38463967,2021-10-26T21:08:58.230Z,"13km SW of Searles Valley, CA",earthquake,0.17,0.49,0.154,25.0,reviewed,ci,ci
2019-07-06T13:50:57.740Z,35.8715,-117.6845,2.69,2.65,ml,35.0,42.0,0.08111,0.12,ci,ci38463975,2021-11-09T01:24:21.050Z,"21km ESE of Little Lake, CA",earthquake,0.13,0.21,0.114,25.0,reviewed,ci,ci
2019-07-06T13:51:03.870Z,35.8911667,-117.7066667,3.23,2.52,ml,10.0,95.0,0.07275,0.09,ci,ci37485045,2021-11-09T01:31:46.000Z,"19km ESE of Little Lake, CA",earthquake,0.25,0.99,0.053,5.0,reviewed,ci,ci
2019-07-06T13:51:20.100Z,35.8686667,-117.7048333,9.91,2.55,ml,20.0,56.0,0.07732,0.07,ci,ci38463983,2021-10-20T00:12:13.948Z,"20km ESE of Little Lake, CA",earthquake,0.14,0.36,0.057,19.0,reviewed,ci,ci
2019-07-06T13:54:51.690Z,35.8861667,-117.7183333,2.75,2.72,ml,30.0,52.0,0.08269,0.14,ci,ci38464031,2021-11-04T16:16:20.310Z,"18km ESE of Little Lake, CA",earthquake,0.15,0.71,0.207,19.0,reviewed,ci,ci
2019-07-06T13:55:41.930Z,35.8753333,-117.6968333,8.17,2.52,ml,36.0,39.0,0.08164,0.13,ci,ci38464039,2022-03-30T17:30:12.600Z,"20km ESE of Little Lake, CA",earthquake,0.14,0.4,0.264,12.0,reviewed,ci,ci
2019-07-06T13:55:51.090Z,35.868,-117.705,7.89,3.54,mw,55.0,32.0,0.07672,0.14,ci,ci38464047,2019-12-12T17:48:12.657Z,"20km ESE of Little Lake, CA",earthquake,0.11,0.28,,6.0,reviewed,ci,ci
2019-07-06T13:57:15.840Z,35.5695,-117.3395,2.4,2.68,ml,19.0,87.0,0.04891,0.22,ci,ci37483925,2021-10-29T22:56:49.990Z,"22km S of Trona, CA",earthquake,0.33,0.47,0.071,5.0,reviewed,ci,ci
2019-07-06T13:57:30.840Z,35.8741667,-117.6933333,8.41,2.55,ml,16.0,76.0,0.08142,0.14,ci,ci37483933,2021-10-29T22:57:10.361Z,"20km ESE of Little Lake, CA",earthquake,0.2,0.6,0.102,10.0,reviewed,ci,ci
2019-07-06T13:58:01.050Z,35.8155,-117.642,6.11,2.64,ml,34.0,39.0,0.03616,0.13,ci,ci38464071,2021-10-29T22:11:51.090Z,"22km N of Ridgecrest, CA",earthquake,0.14,0.41,0.131,19.0,reviewed,ci,ci
2019-07-06T13:59:21.040Z,35.9396667,-117.7045,2.08,2.82,ml,31.0,39.0,0.04468,0.14,ci,ci38464087,2021-10-29T20:55:53.237Z,"18km E of Little Lake, CA",earthquake,0.13,0.19,0.128,18.0,reviewed,ci,ci
2019-07-06T14:04:10.710Z,35.7105,-117.509,6.51,2.51,ml,27.0,80.0,0.1273,0.16,ci,ci37407172,2022-03-30T16:11:16.412Z,"11km WSW of Searles Valley, CA",earthquake,0.22,0.65,0.12,48.0,reviewed,ci,ci
2019-07-06T14:05:32.470Z,35.8821667,-117.6955,7.56,2.78,ml,33.0,40.0,0.07513,0.11,ci,ci38464159,2021-11-04T20:11:05.040Z,"20km ESE of Little Lake, CA",earthquake,0.11,0.4,0.186,22.0,reviewed,ci,ci
2019-07-06T14:09:35.210Z,35.9105,-117.7485,8.0,2.84,ml,40.0,35.0,0.06826,0.18,ci,ci38464199,2021-11-02T20:31:07.480Z,"14km ESE of Little Lake, CA",earthquake,0.18,0.39,0.197,20.0,reviewed,ci,ci
2019-07-06T14:11:22.440Z,35.807,-117.6318333,8.77,2.62,ml,25.0,51.0,0.02923,0.1,ci,ci38464215,2021-11-02T18:25:54.699Z,"21km WNW of Searles Valley, CA",earthquake,0.19,0.33,0.173,28.0,reviewed,ci,ci
2019-07-06T14:11:43.730Z,35.6283333,-117.4555,2.01,2.55,ml,27.0,67.0,0.0421,0.17,ci,ci38464223,2021-11-08T21:26:45.533Z,"16km SSW of Searles Valley, CA",earthquake,0.22,0.34,0.194,10.0,reviewed,ci,ci
2019-07-06T14:16:49.040Z,35.962,-117.6911667,5.58,2.51,ml,15.0,78.0,0.03596,0.06,ci,ci38464255,2022-03-30T19:07:12.215Z,"20km E of Little Lake, CA",earthquake,0.14,0.34,0.168,10.0,reviewed,ci,ci
2019-07-06T14:19:52.520Z,35.7076667,-117.5281667,6.4,2.64,ml,33.0,60.0,0.1217,0.13,ci,ci38464295,2021-11-02T22:15:58.950Z,"13km WSW of Searles Valley, CA",earthquake,0.15,0.65,0.136,25.0,reviewed,ci,ci
2019-07-06T14:20:59.650Z,35.6566667,-117.5215,10.35,2.57,ml,27.0,62.0,0.08507,0.15,ci,ci38464311,2021-10-27T18:04:15.940Z,"14km ENE of Ridgecrest, CA",earthquake,0.2,0.4,0.177,27.0,reviewed,ci,ci
2019-07-06T14:24:35.140Z,35.9331667,-117.747,7.39,2.87,ml,45.0,33.0,0.0596,0.19,ci,ci38464319,2021-11-02T20:09:40.350Z,"14km E of Little Lake, CA",earthquake,0.16,0.41,0.204,23.0,reviewed,ci,ci
2019-07-06T14:25:07.020Z,35.6671667,-117.4856667,5.64,2.6,ml,17.0,64.0,0.08273,0.11,ci,ci38464327,2021-11-02T22:22:14.705Z,"13km SSW of Searles Valley, CA",earthquake,0.19,0.73,0.165,18.0,reviewed,ci,ci
2019-07-06T14:28:32.070Z,35.6296667,-117.4378333,6.28,2.59,ml,17.0,69.0,0.04743,0.16,ci,ci37409924,2022-04-05T20:12:14.223Z,"16km SSW of Searles Valley, CA",earthquake,0.27,0.62,0.157,48.0,reviewed,ci,ci
2019-07-06T14:30:07.580Z,35.8175,-117.6338333,9.3,3.16,ml,51.0,34.0,0.02957,0.16,ci,ci38464383,2020-01-21T21:38:38.360Z,"22km WNW of Searles Valley, CA",earthquake,0.14,0.29,0.178,126.0,reviewed,ci,ci
2019-07-06T14:31:00.440Z,35.8763333,-117.7006667,8.17,2.51,ml,27.0,38.0,0.08226,0.1,ci,ci38464391,2021-10-19T00:01:56.660Z,"20km ESE of Little Lake, CA",earthquake,0.13,0.37,0.153,25.0,reviewed,ci,ci
2019-07-06T14:33:18.240Z,35.796,-117.6145,3.71,2.75,ml,24.0,79.0,0.02406,0.23,ci,ci38464439,2021-12-13T23:04:02.406Z,"19km W of Searles Valley, CA",earthquake,0.29,0.52,0.21,4.0,reviewed,ci,ci
2019-07-06T14:33:30.510Z,35.6333333,-117.427,2.85,3.14,ml,26.0,98.0,0.05483,0.17,ci,ci38464447,2020-01-14T21:02:52.840Z,"15km S of Searles Valley, CA",earthquake,0.23,0.37,0.137,163.0,reviewed,ci,ci
2019-07-06T14:35:25.690Z,36.1,-117.8238333,4.07,2.57,ml,15.0,78.0,0.03064,0.13,ci,ci37421093,2021-10-28T17:19:55.194Z,"13km ENE of Coso Junction, CA",earthquake,0.2,0.34,0.134,33.0,reviewed,ci,ci
2019-07-06T14:38:49.380Z,35.7605,-117.615,2.55,2.53,ml,30.0,60.0,0.05693,0.13,ci,ci38464511,2021-10-26T19:42:29.410Z,"16km NNE of Ridgecrest, CA",earthquake,0.18,0.26,0.114,27.0,reviewed,ci,ci
2019-07-06T14:40:08.920Z,35.6738333,-117.5195,7.07,2.76,ml,43.0,45.0,0.09886,0.16,ci,ci38464519,2021-11-03T21:31:26.030Z,"15km SW of Searles Valley, CA",earthquake,0.15,0.5,0.113,26.0,reviewed,ci,ci
2019-07-06T14:41:16.580Z,35.8336667,-117.6568333,2.88,2.51,ml,30.0,56.0,0.05142,0.1,ci,ci38464527,2021-10-13T21:57:40.280Z,"24km N of Ridgecrest, CA",earthquake,0.15,0.24,0.174,23.0,reviewed,ci,ci
2019-07-06T14:44:17.250Z,35.9495,-117.6888333,2.41,2.52,ml,25.0,54.0,0.03124,0.14,ci,ci38464551,2021-10-26T17:14:05.550Z,"20km E of Little Lake, CA",earthquake,0.18,0.21,0.137,25.0,reviewed,ci,ci
2019-07-06T14:54:00.640Z,36.0946667,-117.8248333,3.53,2.54,ml,24.0,44.0,0.03338,0.11,ci,ci38464623,2022-03-31T20:21:16.499Z,"12km ENE of Coso Junction, CA",earthquake,0.15,0.25,0.16,51.0,reviewed,ci,ci
2019-07-06T14:55:25.760Z,35.817,-117.6306667,3.63,2.5,ml,31.0,50.0,0.02698,0.1,ci,ci38464631,2021-10-19T19:08:18.360Z,"21km WNW of Searles Valley, CA",earthquake,0.11,0.26,0.164,25.0,reviewed,ci,ci
2019-07-06T14:55:46.540Z,35.8015,-117.6298333,4.51,2.8,ml,36.0,67.0,0.02987,0.15,ci,ci38464639,2021-11-02T19:14:04.320Z,"20km NNE of Ridgecrest, CA",earthquake,0.14,0.3,0.198,23.0,reviewed,ci,ci
2019-07-06T15:01:06.790Z,35.9615,-117.283,4.02,2.5,ml,36.0,46.0,0.0704,0.24,ci,ci37492925,2022-03-30T20:51:50.789Z,"24km NNE of Trona, CA",earthquake,0.2,0.47,0.106,5.0,reviewed,ci,ci
2019-07-06T15:05:18.640Z,35.8918333,-117.6865,3.76,2.51,ml,13.0,82.0,0.06316,0.1,ci,ci38464759,2019-12-05T00:32:46.212Z,"20km ESE of Little Lake, CA",earthquake,0.24,0.56,0.129,7.0,reviewed,ci,ci
2019-07-06T15:06:08.840Z,35.8811667,-117.7218333,3.43,2.66,ml,31.0,34.0,0.08045,0.14,ci,ci38464767,2021-11-09T19:01:20.270Z,"18km ESE of Little Lake, CA",earthquake,0.17,0.58,0.139,23.0,reviewed,ci,ci
2019-07-06T15:07:05.970Z,35.6691667,-117.5175,7.69,3.28,ml,67.0,30.0,0.09399,0.15,ci,ci38464775,2022-06-18T16:53:00.526Z,"15km SW of Searles Valley, CA",earthquake,0.11,0.43,0.144,49.0,reviewed,ci,ci
2019-07-06T15:08:22.000Z,35.6666667,-117.4661667,10.76,2.98,ml,36.0,56.0,0.08006,0.19,ci,ci38464791,2020-01-21T22:03:52.240Z,"12km SSW of Searles Valley, CA",earthquake,0.19,0.44,0.179,39.0,reviewed,ci,ci
2019-07-06T15:09:15.230Z,35.8831667,-117.7236667,4.31,3.28,ml,49.0,35.0,0.08163,0.12,ci,ci38464799,2019-12-18T23:14:49.400Z,"18km ESE of Little Lake, CA",earthquake,0.1,0.25,0.154,35.0,reviewed,ci,ci
2019-07-06T15:10:27.680Z,35.8798333,-117.7226667,4.24,2.84,ml,42.0,34.0,0.07896,0.13,ci,ci38464815,2021-10-28T20:05:47.030Z,"18km ESE of Little Lake, CA",earthquake,0.11,0.27,0.214,25.0,reviewed,ci,ci
2019-07-06T15:10:49.810Z,35.5545,-117.396,4.59,3.19,ml,25.0,64.0,0.03909,0.17,ci,ci37483669,2021-10-28T18:09:56.727Z,"23km S of Trona, CA",earthquake,0.23,0.32,0.209,6.0,reviewed,ci,ci
2019-07-06T15:10:53.580Z,35.932,-117.7253333,4.5,2.59,ml,19.0,108.0,0.06286,0.1,ci,ci38464823,2021-10-28T18:10:28.726Z,"16km E of Little Lake, CA",earthquake,0.16,0.27,0.148,8.0,reviewed,ci,ci
2019-07-06T15:11:09.940Z,35.9348333,-117.7236667,3.57,2.86,ml,23.0,60.0,0.06088,0.09,ci,ci38464831,2021-11-02T21:29:45.415Z,"16km E of Little Lake, CA",earthquake,0.12,0.35,0.134,12.0,reviewed,ci,ci
2019-07-06T15:11:14.200Z,35.875,-117.7013333,7.6,2.52,ml,16.0,86.0,0.08368,0.15,ci,ci37484205,2021-11-02T21:39:37.574Z,"20km ESE of Little Lake, CA",earthquake,0.27,0.65,0.071,6.0,reviewed,ci,ci
2019-07-06T15:12:01.450Z,35.652,-117.5626667,4.38,3.08,ml,51.0,43.0,0.1047,0.14,ci,ci38464839,2020-01-21T22:19:02.260Z,"11km ENE of Ridgecrest, CA",earthquake,0.11,0.36,0.139,143.0,reviewed,ci,ci
2019-07-06T15:19:15.430Z,35.9075,-117.6876667,3.18,2.51,ml,28.0,42.0,0.05041,0.09,ci,ci38464887,2024-01-29T21:39:17.055Z,"20km E of Little Lake, CA",quarry blast,0.11,0.41,0.113,25.0,reviewed,ci,ci
2019-07-06T15:19:53.410Z,35.892,-117.7248333,5.15,2.87,ml,37.0,36.0,0.08224,0.12,ci,ci38464895,2021-10-28T22:11:33.790Z,"17km ESE of Little Lake, CA",earthquake,0.11,0.46,0.313,22.0,reviewed,ci,ci
2019-07-06T15:21:07.810Z,36.1148333,-117.8778333,5.56,2.66,ml,28.0,56.0,0.0188,0.12,ci,ci38464911,2021-11-09T00:15:52.790Z,"10km NE of Coso Junction, CA",earthquake,0.21,0.4,0.238,23.0,reviewed,ci,ci
2019-07-06T15:22:02.190Z,35.7123333,-117.562,1.99,2.64,ml,23.0,72.0,0.1072,0.18,ci,ci38464919,2021-11-02T23:51:28.889Z,"14km NE of Ridgecrest, CA",earthquake,0.21,0.4,0.159,25.0,reviewed,ci,ci
2019-07-06T15:22:26.670Z,35.9043333,-117.737,2.77,3.38,ml,52.0,36.0,0.07944,0.13,ci,ci38464927,2022-06-19T00:30:39.985Z,"16km ESE of Little Lake, CA",earthquake,0.09,0.2,0.171,37.0,reviewed,ci,ci
2019-07-06T15:23:28.500Z,35.8475,-117.667,9.0,3.26,ml,52.0,33.0,0.06475,0.16,ci,ci38464943,2020-01-14T21:15:03.080Z,"24km ESE of Little Lake, CA",earthquake,0.13,0.29,0.156,35.0,reviewed,ci,ci
2019-07-06T15:25:07.560Z,36.1063333,-117.8745,5.57,2.51,ml,30.0,56.0,0.01946,0.13,ci,ci38464967,2022-04-04T23:52:55.991Z,"10km NE of Coso Junction, CA",earthquake,0.17,0.32,0.068,10.0,reviewed,ci,ci
2019-07-06T15:25:58.270Z,35.7086667,-117.5648333,1.4,2.84,ml,34.0,58.0,0.1101,0.17,ci,ci38464991,2022-03-30T21:08:11.210Z,"14km NE of Ridgecrest, CA",earthquake,0.16,0.34,0.118,19.0,reviewed,ci,ci
2019-07-06T15:27:22.490Z,35.7641667,-117.5815,10.53,2.62,ml,29.0,55.0,0.05308,0.15,ci,ci38465007,2021-11-02T18:51:29.732Z,"16km W of Searles Valley, CA",earthquake,0.22,0.37,0.151,26.0,reviewed,ci,ci
2019-07-06T15:29:19.940Z,35.8791667,-117.717,4.78,2.76,ml,32.0,36.0,0.08048,0.13,ci,ci38465031,2021-11-04T18:55:59.480Z,"18km ESE of Little Lake, CA",earthquake,0.13,0.3,0.159,24.0,reviewed,ci,ci
2019-07-06T15:29:53.370Z,35.8668333,-117.6958333,8.16,2.84,ml,40.0,37.0,0.0808,0.13,ci,ci38465039,2021-11-03T22:28:54.539Z,"20km ESE of Little Lake, CA",earthquake,0.12,0.34,0.216,24.0,reviewed,ci,ci
2019-07-06T15:30:49.900Z,35.6941667,-117.5551667,10.08,3.31,ml,59.0,36.0,0.1261,0.14,ci,ci38465063,2019-12-18T23:57:10.620Z,"14km NE of Ridgecrest, CA",earthquake,0.12,0.31,0.165,51.0,reviewed,ci,ci
2019-07-06T15:32:43.690Z,35.8791667,-117.7043333,2.96,3.18,ml,55.0,38.0,0.08138,0.16,ci,ci38465087,2020-01-14T21:51:26.346Z,"19km ESE of Little Lake, CA",earthquake,0.11,0.34,0.138,27.0,reviewed,ci,ci
2019-07-06T15:34:36.500Z,35.9275,-117.6803333,2.64,2.5,ml,26.0,64.0,0.03171,0.12,ci,ci37493629,2022-04-05T20:54:20.509Z,"20km E of Little Lake, CA",earthquake,0.14,0.22,0.007,2.0,reviewed,ci,ci
2019-07-06T15:37:23.400Z,35.9343333,-117.6956667,2.3,2.65,ml,36.0,33.0,0.03916,0.14,ci,ci38465143,2021-11-04T22:31:30.690Z,"19km E of Little Lake, CA",earthquake,0.12,0.21,0.185,20.0,reviewed,ci,ci
2019-07-06T15:40:44.790Z,35.8093333,-117.639,5.28,2.79,ml,44.0,47.0,0.03432,0.13,ci,ci38465183,2021-11-03T17:31:46.270Z,"21km N of Ridgecrest, CA",earthquake,0.11,0.38,0.132,26.0,reviewed,ci,ci
2019-07-06T15:42:54.660Z,35.877,-117.6988333,5.7,2.53,ml,30.0,39.0,0.08095,0.1,ci,ci38465199,2021-10-13T22:05:52.228Z,"20km ESE of Little Lake, CA",earthquake,0.13,0.45,0.18,20.0,reviewed,ci,ci
2019-07-06T15:45:11.020Z,36.1136667,-117.8746667,6.06,2.89,ml,25.0,56.0,0.01651,0.12,ci,ci38465231,2020-01-21T22:31:02.235Z,"10km NE of Coso Junction, CA",earthquake,0.17,0.35,0.256,24.0,reviewed,ci,ci
2019-07-06T15:45:46.040Z,36.0993333,-117.827,2.51,3.58,mw,50.0,28.0,0.02899,0.16,ci,ci38465239,2019-12-12T18:01:46.407Z,"12km ENE of Coso Junction, CA",earthquake,0.13,0.23,,6.0,reviewed,ci,ci
2019-07-06T15:49:16.960Z,35.8978333,-117.678,2.75,2.79,ml,42.0,38.0,0.05476,0.16,ci,ci38465255,2021-10-28T22:01:29.150Z,"21km ESE of Little Lake, CA",earthquake,0.13,0.25,0.202,24.0,reviewed,ci,ci
2019-07-06T15:59:29.290Z,35.877,-117.6976667,2.33,3.55,ml,52.0,38.0,0.08049,0.15,ci,ci38465351,2019-12-12T18:13:06.997Z,"20km ESE of Little Lake, CA",earthquake,0.11,0.19,0.178,26.0,reviewed,ci,ci
2019-07-06T16:01:08.210Z,35.5945,-117.3941667,4.98,3.41,ml,66.0,26.0,0.05602,0.13,ci,ci38465367,2019-12-19T18:26:25.580Z,"19km S of Trona, CA",earthquake,0.11,0.23,0.174,40.0,reviewed,ci,ci
2019-07-06T16:02:34.150Z,35.6586667,-117.4786667,9.79,2.54,ml,34.0,64.0,0.07325,0.14,ci,ci38465375,2021-10-26T20:16:40.570Z,"14km SSW of Searles Valley, CA",earthquake,0.18,0.37,0.137,26.0,reviewed,ci,ci
2019-07-06T16:03:56.670Z,36.0771667,-117.8351667,2.53,2.55,ml,16.0,77.0,0.04337,0.13,ci,ci37409932,2022-04-05T20:43:15.813Z,"11km ENE of Coso Junction, CA",earthquake,0.22,0.25,0.121,5.0,reviewed,ci,ci
2019-07-06T16:04:07.030Z,36.076,-117.8406667,1.98,2.62,ml,11.0,134.0,0.04306,0.07,ci,ci37409940,2022-04-05T20:50:29.918Z,"10km ENE of Coso Junction, CA",earthquake,0.17,0.18,0.166,4.0,reviewed,ci,ci
2019-07-06T16:05:46.960Z,35.9533333,-117.2758333,3.84,2.99,ml,28.0,91.0,0.06255,0.21,ci,ci37409996,2022-04-05T21:27:31.732Z,"23km NNE of Trona, CA",earthquake,0.27,0.8,0.117,35.0,reviewed,ci,ci
2019-07-06T16:06:06.330Z,35.8351667,-117.6586667,8.54,2.52,ml,20.0,87.0,0.05335,0.12,ci,ci38465407,2021-10-27T18:19:24.316Z,"24km N of Ridgecrest, CA",earthquake,0.23,0.51,0.171,13.0,reviewed,ci,ci
2019-07-06T16:07:25.570Z,35.6861667,-117.545,2.12,3.49,ml,71.0,52.0,0.1202,0.13,ci,ci38465415,2019-12-19T18:56:37.270Z,"14km ENE of Ridgecrest, CA",earthquake,0.1,0.23,0.155,52.0,reviewed,ci,ci
2019-07-06T16:08:07.290Z,35.7016667,-117.5396667,9.72,2.63,ml,30.0,76.0,0.1232,0.15,ci,ci38465423,2021-11-08T23:21:30.637Z,"14km WSW of Searles Valley, CA",earthquake,0.17,0.52,0.173,13.0,reviewed,ci,ci
2019-07-06T16:09:26.640Z,35.6276667,-117.4626667,8.66,2.51,ml,24.0,67.0,0.04108,0.18,ci,ci37410060,2022-04-06T18:46:49.476Z,"16km SSW of Searles Valley, CA",earthquake,0.23,0.51,0.13,40.0,reviewed,ci,ci
2019-07-06T16:10:10.260Z,36.078,-117.843,1.67,3.2,ml,45.0,67.0,0.04065,0.13,ci,ci38465439,2020-01-14T22:01:30.720Z,"10km ENE of Coso Junction, CA",earthquake,0.12,0.15,0.137,98.0,reviewed,ci,ci
2019-07-06T16:12:25.170Z,35.6103333,-117.4135,3.3,3.18,ml,61.0,27.0,0.04627,0.13,ci,ci38465447,2020-01-14T22:46:46.330Z,"17km S of Trona, CA",earthquake,0.1,0.27,0.138,29.0,reviewed,ci,ci
2019-07-06T16:15:32.990Z,35.9058333,-117.69,2.47,2.64,ml,28.0,42.0,0.05288,0.13,ci,ci38465479,2021-11-02T17:55:10.510Z,"20km E of Little Lake, CA",earthquake,0.15,0.22,0.145,24.0,reviewed,ci,ci
2019-07-06T16:19:18.710Z,35.9026667,-117.7015,7.56,2.53,ml,31.0,44.0,0.06131,0.09,ci,ci38465519,2022-04-08T22:59:54.710Z,"19km ESE of Little Lake, CA",earthquake,0.12,0.33,0.11,29.0,reviewed,ci,ci
2019-07-06T16:31:50.710Z,35.6771667,-117.5325,8.41,3.05,ml,58.0,37.0,0.1071,0.14,ci,ci38465647,2022-04-13T20:25:52.000Z,"14km ENE of Ridgecrest, CA",earthquake,0.11,0.37,0.16,137.0,reviewed,ci,ci
2019-07-06T16:36:05.820Z,35.5705,-117.523,10.05,4.14,mw,58.0,37.0,0.05207,0.17,ci,ci38465703,2019-11-19T23:27:35.269Z,"15km ESE of Ridgecrest, CA",earthquake,0.15,0.35,,6.0,reviewed,ci,ci
2019-07-06T16:38:01.320Z,35.5951667,-117.3768333,5.26,3.37,ml,61.0,27.0,0.07011,0.16,ci,ci38465711,2019-12-19T19:39:34.963Z,"19km S of Trona, CA",earthquake,0.14,0.35,0.22,45.0,reviewed,ci,ci
2019-07-06T16:38:34.730Z,35.813,-117.635,6.7,2.58,ml,20.0,58.0,0.03059,0.19,ci,ci38465719,2021-11-09T00:19:07.670Z,"22km WNW of Searles Valley, CA",earthquake,0.39,0.72,0.134,7.0,reviewed,ci,ci
2019-07-06T16:40:46.160Z,36.1183333,-117.877,5.14,3.07,ml,29.0,92.0,0.01794,0.12,ci,ci38465735,2021-10-28T15:52:06.440Z,"10km NE of Coso Junction, CA",earthquake,0.18,0.43,0.261,20.0,reviewed,ci,ci
2019-07-06T16:41:10.810Z,35.7813333,-117.5695,6.54,2.65,ml,26.0,56.0,0.0412,0.09,ci,ci38465743,2021-11-03T00:15:21.159Z,"15km W of Searles Valley, CA",earthquake,0.15,0.37,0.135,26.0,reviewed,ci,ci
2019-07-06T16:42:05.120Z,35.879,-117.7121667,4.55,3.51,ml,49.0,37.0,0.08231,0.13,ci,ci38465759,2022-09-24T02:05:08.990Z,"19km ESE of Little Lake, CA",earthquake,0.11,0.26,0.123,124.0,reviewed,ci,ci
2019-07-06T16:43:01.530Z,35.8856667,-117.7131667,5.75,2.78,ml,32.0,37.0,0.08034,0.09,ci,ci38465775,2021-11-04T16:54:05.550Z,"18km ESE of Little Lake, CA",earthquake,0.1,0.35,0.107,12.0,reviewed,ci,ci
2019-07-06T16:46:55.650Z,35.8961667,-117.6843333,3.78,2.64,ml,27.0,48.0,0.05852,0.09,ci,ci38465807,2021-11-09T00:27:10.370Z,"20km ESE of Little Lake, CA",earthquake,0.11,0.34,0.14,26.0,reviewed,ci,ci
2019-07-06T16:47:21.410Z,35.885,-117.7271667,6.84,2.96,ml,37.0,45.0,0.0822,0.15,ci,ci38465815,2020-01-27T23:22:46.920Z,"17km ESE of Little Lake, CA",earthquake,0.16,0.3,0.12,57.0,reviewed,ci,ci
2019-07-06T16:48:07.010Z,35.6451667,-117.4436667,5.9,2.64,ml,33.0,68.0,0.06046,0.13,ci,ci38465823,2021-11-08T20:35:52.120Z,"14km SSW of Searles Valley, CA",earthquake,0.15,0.42,0.226,18.0,reviewed,ci,ci
2019-07-06T16:48:38.330Z,35.5696667,-117.5111667,10.55,2.68,ml,36.0,43.0,0.04331,0.18,ci,ci38465831,2021-11-04T22:21:17.260Z,"16km ESE of Ridgecrest, CA",earthquake,0.18,0.39,0.181,22.0,reviewed,ci,ci
2019-07-06T16:49:21.970Z,35.5726667,-117.5155,10.63,2.6,ml,27.0,39.0,0.04559,0.15,ci,ci38465847,2022-04-13T17:55:26.853Z,"16km ESE of Ridgecrest, CA",earthquake,0.18,0.42,0.179,30.0,reviewed,ci,ci
2019-07-06T16:54:29.060Z,35.6095,-117.4498333,10.35,2.59,ml,33.0,68.0,0.02507,0.14,ci,ci38465903,2022-04-28T20:41:35.570Z,"18km SSW of Searles Valley, CA",earthquake,0.18,0.32,0.302,9.0,reviewed,ci,ci
2019-07-06T17:04:58.210Z,35.6948333,-117.5561667,1.8,2.74,ml,42.0,58.0,0.1252,0.16,ci,ci38465983,2021-11-03T19:01:41.340Z,"14km NE of Ridgecrest, CA",earthquake,0.14,0.32,0.124,18.0,reviewed,ci,ci
2019-07-06T17:09:01.450Z,35.9623333,-117.2748333,3.84,3.32,ml,43.0,31.0,0.07156,0.14,ci,ci38466023,2022-06-22T08:25:42.593Z,"24km NNE of Trona, CA",earthquake,0.14,0.41,0.139,81.0,reviewed,ci,ci
2019-07-06T17:09:43.740Z,35.6265,-117.4013333,5.95,2.58,ml,11.0,184.0,0.06366,0.15,ci,ci37494917,2022-04-12T17:08:13.053Z,"15km S of Trona, CA",earthquake,0.49,0.58,0.116,3.0,reviewed,ci,ci
2019-07-06T17:14:17.330Z,35.6365,-117.434,2.72,3.07,ml,41.0,50.0,0.05493,0.17,ci,ci38466063,2019-09-26T14:30:45.040Z,"15km S of Searles Valley, CA",earthquake,0.17,0.32,0.128,156.0,reviewed,ci,ci
2019-07-06T17:15:45.020Z,35.5503333,-117.4371667,3.08,2.55,ml,32.0,66.0,0.04146,0.11,ci,ci38466071,2021-10-26T20:47:14.330Z,"23km ESE of Ridgecrest, CA",earthquake,0.15,0.23,0.146,27.0,reviewed,ci,ci
2019-07-06T17:16:39.890Z,35.554,-117.3656667,5.72,2.63,ml,27.0,74.0,0.029,0.18,ci,ci38466079,2021-11-02T18:58:45.900Z,"23km S of Trona, CA",earthquake,0.26,0.48,0.169,25.0,reviewed,ci,ci
2019-07-06T17:17:54.040Z,35.6651667,-117.4943333,3.12,2.79,ml,30.0,79.0,0.08275,0.14,ci,ci38466095,2021-11-04T21:56:01.901Z,"14km SW of Searles Valley, CA",earthquake,0.15,0.46,0.157,18.0,reviewed,ci,ci
2019-07-06T17:18:21.440Z,35.569,-117.3585,3.57,3.14,ml,46.0,32.0,0.04423,0.14,ci,ci38466103,2022-04-13T14:43:53.050Z,"22km S of Trona, CA",earthquake,0.16,0.34,0.116,111.0,reviewed,ci,ci
2019-07-06T17:19:57.550Z,35.6375,-117.4475,5.12,2.66,ml,34.0,67.0,0.05228,0.14,ci,ci38466119,2022-04-12T22:55:52.600Z,"15km SSW of Searles Valley, CA",earthquake,0.17,0.38,0.156,58.0,reviewed,ci,ci
2019-07-06T17:22:07.260Z,35.7885,-117.5785,6.14,2.67,ml,33.0,112.0,0.03127,0.28,ci,ci38466159,2022-04-13T16:29:35.800Z,"16km W of Searles Valley, CA",earthquake,0.33,0.77,0.153,17.0,reviewed,ci,ci
2019-07-06T17:26:24.580Z,35.829,-117.6543333,8.38,2.63,ml,20.0,85.0,0.04804,0.14,ci,ci37483941,2021-10-29T22:33:13.592Z,"23km N of Ridgecrest, CA",earthquake,0.25,0.62,0.124,14.0,reviewed,ci,ci
2019-07-06T17:31:22.170Z,35.7808333,-117.6173333,8.58,3.0,ml,54.0,42.0,0.03838,0.12,ci,ci38466247,2020-01-22T00:14:44.824Z,"19km NNE of Ridgecrest, CA",earthquake,0.11,0.27,0.138,121.0,reviewed,ci,ci
2019-07-06T17:33:32.030Z,35.8723333,-117.7195,7.53,2.54,ml,31.0,33.0,0.07355,0.1,ci,ci38466255,2021-10-19T00:11:05.790Z,"18km ESE of Little Lake, CA",earthquake,0.14,0.4,0.184,27.0,reviewed,ci,ci
2019-07-06T17:38:41.390Z,35.8145,-117.6545,6.92,2.75,ml,43.0,38.0,0.04634,0.21,ci,ci38466311,2021-11-03T18:37:10.650Z,"22km N of Ridgecrest, CA",earthquake,0.17,0.47,0.165,23.0,reviewed,ci,ci
2019-07-06T17:40:53.040Z,35.6158333,-117.4303333,4.81,2.64,ml,28.0,97.0,0.03913,0.12,ci,ci37495837,2022-04-15T22:57:28.642Z,"17km S of Searles Valley, CA",earthquake,0.16,0.27,0.123,13.0,reviewed,ci,ci
2019-07-06T17:41:33.190Z,35.8716667,-117.7168333,7.74,3.98,mw,62.0,31.0,0.07409,0.14,ci,ci38466343,2019-09-26T14:30:45.040Z,"19km ESE of Little Lake, CA",earthquake,0.1,0.27,,6.0,reviewed,ci,ci
2019-07-06T17:42:38.580Z,35.8743333,-117.719,8.2,2.74,ml,26.0,55.0,0.07548,0.11,ci,ci38466351,2021-10-28T19:02:20.862Z,"18km ESE of Little Lake, CA",earthquake,0.15,0.46,0.111,12.0,reviewed,ci,ci
2019-07-06T17:43:30.220Z,36.1068333,-117.8646667,5.67,2.6,ml,22.0,64.0,0.01334,0.13,ci,ci38466359,2021-11-09T19:05:17.074Z,"10km NE of Coso Junction, CA",earthquake,0.21,0.42,0.091,8.0,reviewed,ci,ci
2019-07-06T17:43:36.010Z,35.921,-117.712,5.82,2.52,ml,5.0,171.0,0.05676,0.04,ci,ci37485109,2021-11-09T19:08:09.981Z,"18km E of Little Lake, CA",earthquake,0.37,0.84,0.242,3.0,reviewed,ci,ci
2019-07-06T17:51:16.360Z,35.8691667,-117.7063333,7.46,2.54,ml,31.0,40.0,0.07694,0.14,ci,ci38466423,2022-05-03T17:14:42.132Z,"20km ESE of Little Lake, CA",earthquake,0.16,0.45,0.115,17.0,reviewed,ci,ci
2019-07-06T17:54:34.760Z,35.6303333,-117.4708333,8.63,2.52,ml,30.0,90.0,0.0443,0.21,ci,ci38466471,2021-10-26T17:28:21.650Z,"16km SSW of Searles Valley, CA",earthquake,0.29,0.73,0.1,24.0,reviewed,ci,ci
2019-07-06T17:59:14.790Z,35.9021667,-117.7295,4.27,3.96,mw,59.0,37.0,0.07878,0.11,ci,ci38466495,2021-04-22T17:49:51.671Z,"16km ESE of Little Lake, CA",earthquake,0.08,0.22,,6.0,reviewed,ci,ci
2019-07-06T18:11:39.100Z,35.8985,-117.7061667,9.25,2.53,ml,20.0,67.0,0.06694,0.1,ci,ci37422092,2022-06-07T19:04:18.565Z,"18km ESE of Little Lake, CA",earthquake,0.16,0.35,0.205,11.0,reviewed,ci,ci
2019-07-06T18:13:16.110Z,35.9175,-117.7118333,2.57,3.33,ml,41.0,37.0,0.05838,0.11,ci,ci38466583,2020-01-08T21:25:04.810Z,"18km E of Little Lake, CA",earthquake,0.09,0.17,0.127,174.0,reviewed,ci,ci
2019-07-06T18:13:47.840Z,35.941,-117.7536667,8.75,2.72,ml,18.0,49.0,0.05262,0.1,ci,ci37422852,2022-06-14T18:23:58.980Z,"14km E of Little Lake, CA",earthquake,0.17,0.33,0.046,4.0,reviewed,ci,ci
2019-07-06T18:19:39.620Z,35.448,-117.3256667,4.54,3.55,ml,45.0,44.0,0.06926,0.14,ci,ci38466623,2019-12-10T23:10:49.670Z,"29km ENE of Johannesburg, CA",earthquake,0.15,0.39,0.134,230.0,reviewed,ci,ci
2019-07-06T18:22:04.600Z,35.7193333,-117.4993333,1.84,2.61,ml,26.0,62.0,0.125,0.17,ci,ci38466631,2021-10-27T19:25:44.492Z,"10km WSW of Searles Valley, CA",earthquake,0.21,0.46,0.136,25.0,reviewed,ci,ci
2019-07-06T18:22:48.490Z,35.7965,-117.612,6.83,2.71,ml,20.0,138.0,0.02252,0.16,ci,ci38466647,2021-11-09T19:41:31.156Z,"19km W of Searles Valley, CA",earthquake,0.3,0.46,0.157,13.0,reviewed,ci,ci
2019-07-06T18:23:08.690Z,35.5983333,-117.3966667,3.68,3.11,ml,38.0,29.0,0.0547,0.13,ci,ci38466655,2020-01-14T23:03:16.058Z,"18km S of Trona, CA",earthquake,0.12,0.27,0.086,24.0,reviewed,ci,ci
2019-07-06T18:27:39.930Z,35.7798333,-117.5926667,4.26,2.7,ml,43.0,54.0,0.03605,0.13,ci,ci38466687,2021-11-04T21:36:29.600Z,"17km W of Searles Valley, CA",earthquake,0.12,0.26,0.165,24.0,reviewed,ci,ci
2019-07-06T18:28:53.560Z,35.7475,-117.547,1.66,2.7,ml,46.0,45.0,0.07952,0.17,ci,ci38466695,2021-11-03T20:44:25.010Z,"13km W of Searles Valley, CA",earthquake,0.14,0.29,0.143,24.0,reviewed,ci,ci
2019-07-06T18:30:39.760Z,35.7196667,-117.5611667,8.82,3.32,ml,62.0,44.0,0.1003,0.14,ci,ci38466711,2022-07-26T21:40:43.920Z,"15km NE of Ridgecrest, CA",earthquake,0.11,0.32,0.106,50.0,reviewed,ci,ci
2019-07-06T18:33:51.550Z,35.8901667,-117.7201667,4.11,2.93,ml,50.0,37.0,0.0808,0.12,ci,ci38466743,2022-07-26T18:59:00.890Z,"18km ESE of Little Lake, CA",earthquake,0.09,0.23,0.194,33.0,reviewed,ci,ci
2019-07-06T18:34:05.730Z,35.6738333,-117.5148333,-0.31,2.55,ml,24.0,80.0,0.09712,0.19,ci,ci37508645,2022-07-26T19:06:23.906Z,"14km SW of Searles Valley, CA",earthquake,0.18,0.47,0.055,4.0,reviewed,ci,ci
2019-07-06T18:35:09.130Z,35.8543333,-117.663,7.87,2.56,ml,30.0,46.0,0.06569,0.16,ci,ci38466759,2021-10-27T20:15:16.321Z,"24km ESE of Little Lake, CA",earthquake,0.19,0.55,0.125,27.0,reviewed,ci,ci
2019-07-06T18:36:49.990Z,35.907,-117.7383333,2.87,3.72,mw,58.0,36.0,0.07706,0.14,ci,ci38466775,2019-12-12T19:59:52.415Z,"16km ESE of Little Lake, CA",earthquake,0.09,0.48,,6.0,reviewed,ci,ci
2019-07-06T18:39:57.790Z,35.6956667,-117.4386667,9.38,2.57,ml,21.0,95.0,0.1106,0.21,ci,ci37484229,2021-11-03T14:30:47.246Z,"9km SSW of Searles Valley, CA",earthquake,0.36,0.96,0.231,5.0,reviewed,ci,ci
2019-07-06T18:39:58.560Z,35.7895,-117.6198333,9.51,2.73,ml,37.0,57.0,0.03186,0.13,ci,ci38466799,2021-11-03T14:34:28.670Z,"19km NNE of Ridgecrest, CA",earthquake,0.17,0.29,0.189,19.0,reviewed,ci,ci
2019-07-06T18:46:26.040Z,35.6541667,-117.4648333,1.9,3.87,mw,47.0,64.0,0.06755,0.13,ci,ci38466847,2019-12-12T20:12:49.337Z,"14km SSW of Searles Valley, CA",earthquake,0.13,0.3,,6.0,reviewed,ci,ci
2019-07-06T18:47:47.400Z,35.7176667,-117.5656667,7.12,3.37,ml,42.0,57.0,0.1012,0.14,ci,ci38466855,2020-01-14T23:35:05.230Z,"15km NE of Ridgecrest, CA",earthquake,0.15,0.46,0.181,33.0,reviewed,ci,ci
2019-07-06T18:53:17.450Z,35.9138333,-117.7,2.23,2.7,ml,38.0,36.0,0.0527,0.15,ci,ci38466911,2021-11-04T21:23:11.010Z,"19km E of Little Lake, CA",earthquake,0.12,0.2,0.151,23.0,reviewed,ci,ci
2019-07-06T18:56:39.130Z,35.6325,-117.5751667,10.76,3.33,ml,57.0,41.0,0.1029,0.13,ci,ci38466959,2020-01-08T22:26:52.250Z,"9km E of Ridgecrest, CA",earthquake,0.1,0.25,0.195,105.0,reviewed,ci,ci
2019-07-06T18:56:55.580Z,35.9066667,-117.6931667,2.62,2.86,ml,20.0,67.0,0.05384,0.17,ci,ci37505861,2022-06-30T21:20:52.054Z,"20km E of Little Lake, CA",earthquake,0.22,0.27,0.076,8.0,reviewed,ci,ci
2019-07-06T18:58:59.240Z,35.8983333,-117.6726667,4.28,3.1,ml,43.0,38.0,0.05267,0.1,ci,ci38466983,2020-01-22T00:24:49.379Z,"22km ESE of Little Lake, CA",earthquake,0.1,0.22,0.164,129.0,reviewed,ci,ci
2019-07-06T18:59:41.540Z,35.5673333,-117.4043333,7.88,3.08,ml,47.0,34.0,0.0509,0.13,ci,ci38466991,2020-01-22T00:45:55.060Z,"22km S of Trona, CA",earthquake,0.13,0.26,0.127,131.0,reviewed,ci,ci
2019-07-06T19:03:54.390Z,35.5865,-117.4946667,11.27,2.69,ml,31.0,36.0,0.02646,0.15,ci,ci37415180,2022-05-05T22:10:12.604Z,"17km ESE of Ridgecrest, CA",earthquake,0.18,0.55,0.172,57.0,reviewed,ci,ci
2019-07-06T19:04:11.890Z,35.9096667,-117.7116667,3.16,2.51,ml,24.0,43.0,0.06269,0.11,ci,ci37415324,2022-05-05T22:16:33.787Z,"18km E of Little Lake, CA",earthquake,0.13,0.53,0.11,52.0,reviewed,ci,ci
2019-07-06T19:05:15.810Z,35.7825,-117.5855,6.7,2.65,ml,31.0,61.0,0.03458,0.13,ci,ci38467039,2021-11-08T23:33:44.550Z,"16km W of Searles Valley, CA",earthquake,0.18,0.41,0.183,25.0,reviewed,ci,ci
2019-07-06T19:05:48.110Z,35.8871667,-117.7238333,7.38,2.58,ml,29.0,53.0,0.08502,0.12,ci,ci38467047,2021-10-20T23:52:14.420Z,"17km ESE of Little Lake, CA",earthquake,0.17,0.46,0.126,23.0,reviewed,ci,ci
2019-07-06T19:16:03.060Z,35.7306667,-117.5893333,10.33,2.75,ml,35.0,55.0,0.08515,0.24,ci,ci38467127,2021-11-02T22:15:49.790Z,"14km NNE of Ridgecrest, CA",earthquake,0.21,0.54,0.144,21.0,reviewed,ci,ci
2019-07-06T19:18:19.920Z,35.6176667,-117.4055,5.66,2.56,ml,32.0,76.0,0.0557,0.2,ci,ci38467143,2022-05-10T18:52:41.288Z,"16km S of Trona, CA",earthquake,0.27,0.55,0.185,25.0,reviewed,ci,ci
2019-07-06T19:27:07.140Z,35.6553333,-117.4646667,4.46,2.5,ml,20.0,66.0,0.06871,0.15,ci,ci38467223,2022-05-18T21:18:43.840Z,"14km SSW of Searles Valley, CA",earthquake,0.28,0.79,0.182,87.0,reviewed,ci,ci
2019-07-06T19:35:10.600Z,36.1128333,-117.8365,3.88,2.83,ml,39.0,41.0,0.0156,0.13,ci,ci38467279,2022-05-19T23:59:36.890Z,"13km NE of Coso Junction, CA",earthquake,0.13,0.24,0.176,24.0,reviewed,ci,ci
2019-07-06T19:37:33.160Z,35.9021667,-117.6785,3.04,3.07,ml,39.0,38.0,0.05103,0.13,ci,ci38467303,2020-01-22T01:13:04.230Z,"21km E of Little Lake, CA",earthquake,0.11,0.43,0.133,55.0,reviewed,ci,ci
2019-07-06T19:37:40.660Z,35.878,-117.63,7.22,2.62,ml,9.0,125.0,0.06199,0.31,ci,ci37419212,2022-06-07T18:34:42.529Z,"24km WNW of Searles Valley, CA",earthquake,1.13,1.4,0.066,4.0,reviewed,ci,ci
2019-07-06T19:37:59.670Z,35.6625,-117.505,2.51,2.97,ml,34.0,63.0,0.08347,0.14,ci,ci38467311,2020-01-27T23:31:59.708Z,"15km SW of Searles Valley, CA",earthquake,0.15,0.32,0.149,48.0,reviewed,ci,ci
2019-07-06T19:46:23.750Z,35.8921667,-117.7261667,3.51,3.3,ml,55.0,36.0,0.08293,0.17,ci,ci38467359,2019-12-19T21:04:28.620Z,"17km ESE of Little Lake, CA",earthquake,0.12,0.37,0.18,42.0,reviewed,ci,ci
2019-07-06T19:47:31.330Z,35.9116667,-117.7395,3.3,2.66,ml,26.0,59.0,0.07378,0.1,ci,ci38467367,2021-11-09T01:11:55.620Z,"15km E of Little Lake, CA",earthquake,0.12,0.41,0.125,25.0,reviewed,ci,ci
2019-07-06T19:48:08.950Z,35.9005,-117.7271667,5.26,2.83,ml,36.0,50.0,0.07824,0.12,ci,ci38467375,2021-11-02T18:13:37.630Z,"17km ESE of Little Lake, CA",earthquake,0.12,0.43,0.211,15.0,reviewed,ci,ci
2019-07-06T19:48:17.390Z,36.0958333,-117.8218333,2.88,2.54,ml,10.0,97.0,0.03444,0.1,ci,ci37484141,2021-11-02T18:30:16.448Z,"13km ENE of Coso Junction, CA",earthquake,0.25,0.5,0.053,3.0,reviewed,ci,ci
2019-07-06T19:49:04.530Z,35.8618333,-117.6858333,7.91,3.45,mlr,55.0,35.0,0.08338,0.16,ci,ci38467391,2019-12-19T21:21:39.210Z,"22km ESE of Little Lake, CA",earthquake,0.12,0.31,0.151,48.0,reviewed,ci,ci
2019-07-06T19:50:11.900Z,35.8775,-117.7098333,8.01,2.54,ml,28.0,37.0,0.08205,0.12,ci,ci38467399,2021-10-26T21:53:05.893Z,"19km ESE of Little Lake, CA",earthquake,0.19,0.43,0.14,18.0,reviewed,ci,ci
2019-07-06T19:54:03.410Z,35.834,-117.66,4.3,2.56,ml,25.0,41.0,0.05395,0.09,ci,ci38467415,2021-10-27T23:11:46.740Z,"24km N of Ridgecrest, CA",earthquake,0.16,0.33,0.152,24.0,reviewed,ci,ci
2019-07-06T19:54:29.800Z,35.8978333,-117.7258333,6.1,3.23,ml,47.0,38.0,0.07904,0.11,ci,ci38467423,2019-12-19T21:41:49.800Z,"17km ESE of Little Lake, CA",earthquake,0.09,0.27,0.196,38.0,reviewed,ci,ci
2019-07-06T20:05:52.800Z,36.1661667,-117.871,3.46,2.67,ml,17.0,56.0,0.05022,0.15,ci,ci37484189,2021-11-02T21:20:27.553Z,"15km NNE of Coso Junction, CA",earthquake,0.28,0.46,0.163,9.0,reviewed,ci,ci
2019-07-06T20:06:10.740Z,35.7791667,-117.5976667,8.86,2.64,ml,32.0,60.0,0.0365,0.23,ci,ci38467527,2021-11-02T21:14:06.060Z,"18km W of Searles Valley, CA",earthquake,0.3,0.62,0.114,25.0,reviewed,ci,ci
2019-07-06T20:11:04.220Z,35.8775,-117.68,4.83,2.85,ml,32.0,45.0,0.07425,0.12,ci,ci37484461,2021-11-08T15:50:58.790Z,"21km ESE of Little Lake, CA",earthquake,0.14,0.27,0.14,8.0,reviewed,ci,ci
2019-07-06T20:11:12.320Z,35.6416667,-117.5503333,7.06,2.63,ml,30.0,59.0,0.09048,0.19,ci,ci37484469,2021-11-04T22:47:30.805Z,"12km ENE of Ridgecrest, CA",earthquake,0.21,0.57,0.179,20.0,reviewed,ci,ci
2019-07-06T20:16:44.730Z,35.5515,-117.3776667,5.64,2.89,ml,30.0,67.0,0.02858,0.18,ci,ci37483637,2021-10-28T17:24:09.580Z,"24km S of Trona, CA",earthquake,0.21,0.37,0.185,14.0,reviewed,ci,ci
2019-07-06T20:17:20.730Z,35.7256667,-117.5515,12.86,2.59,ml,23.0,163.0,0.09736,0.13,ci,ci37483645,2021-10-28T17:19:21.027Z,"14km WSW of Searles Valley, CA",earthquake,0.27,0.45,0.103,15.0,reviewed,ci,ci
2019-07-06T20:22:20.650Z,35.8835,-117.7028333,4.86,2.57,ml,33.0,40.0,0.07709,0.12,ci,ci38467663,2022-05-04T15:24:15.610Z,"19km ESE of Little Lake, CA",earthquake,0.13,0.27,0.089,12.0,reviewed,ci,ci
2019-07-06T20:22:34.030Z,35.8121667,-117.6338333,8.52,3.07,ml,48.0,41.0,0.02974,0.13,ci,ci38467671,2020-01-22T01:25:09.950Z,"21km WNW of Searles Valley, CA",earthquake,0.12,0.26,0.19,132.0,reviewed,ci,ci
2019-07-06T20:24:33.330Z,35.6298333,-117.4635,5.92,2.68,ml,32.0,92.0,0.04325,0.15,ci,ci38467687,2021-11-08T21:41:00.032Z,"16km SSW of Searles Valley, CA",earthquake,0.18,0.44,0.223,16.0,reviewed,ci,ci
2019-07-06T20:30:31.690Z,35.6786667,-117.464,10.97,2.59,ml,34.0,65.0,0.09198,0.14,ci,ci38467735,2021-10-28T19:50:38.220Z,"11km SSW of Searles Valley, CA",earthquake,0.17,0.36,0.147,24.0,reviewed,ci,ci
2019-07-06T20:34:12.360Z,35.9206667,-117.7231667,3.2,2.77,ml,34.0,41.0,0.08189,0.14,ci,ci38467759,2021-10-28T21:20:31.090Z,"17km E of Little Lake, CA",earthquake,0.12,0.41,0.158,17.0,reviewed,ci,ci
2019-07-06T20:34:14.780Z,36.1078333,-117.8841667,2.39,2.78,ml,24.0,98.0,0.02565,0.14,ci,ci37483749,2021-10-28T21:39:14.094Z,"9km NE of Coso Junction, CA",earthquake,0.16,0.16,0.111,4.0,reviewed,ci,ci
2019-07-06T20:36:17.550Z,35.8736667,-117.673,6.42,2.87,ml,38.0,42.0,0.07632,0.13,ci,ci38467783,2021-11-02T17:39:49.940Z,"22km ESE of Little Lake, CA",earthquake,0.12,0.33,0.097,20.0,reviewed,ci,ci
2019-07-06T20:41:30.750Z,35.692,-117.5133333,2.71,3.51,ml,64.0,38.0,0.1132,0.14,ci,ci38467815,2019-12-19T22:08:43.333Z,"13km SW of Searles Valley, CA",earthquake,0.11,0.3,0.146,47.0,reviewed,ci,ci
2019-07-06T20:46:53.610Z,35.677,-117.4885,6.48,2.51,ml,35.0,63.0,0.09281,0.13,ci,ci38467839,2021-10-14T23:49:45.210Z,"13km SW of Searles Valley, CA",earthquake,0.16,0.49,0.192,29.0,reviewed,ci,ci
2019-07-06T20:48:56.930Z,35.8566667,-117.6913333,6.92,2.57,ml,30.0,41.0,0.07666,0.13,ci,ci38467871,2021-10-26T22:12:07.270Z,"21km ESE of Little Lake, CA",earthquake,0.16,0.35,0.138,12.0,reviewed,ci,ci
2019-07-06T20:57:08.470Z,35.8885,-117.738,7.5,2.51,ml,35.0,33.0,0.08271,0.12,ci,ci38467927,2021-10-19T19:32:50.790Z,"16km ESE of Little Lake, CA",earthquake,0.14,0.43,0.155,25.0,reviewed,ci,ci
2019-07-06T21:02:48.480Z,35.9123333,-117.7183333,2.09,2.89,ml,42.0,36.0,0.08871,0.14,ci,ci38467991,2020-03-12T21:47:38.810Z,"17km E of Little Lake, CA",earthquake,0.12,0.22,0.165,30.0,reviewed,ci,ci
2019-07-06T21:05:24.590Z,35.7206667,-117.6026667,10.82,3.51,ml,51.0,42.0,0.09496,0.15,ci,ci38468007,2019-12-12T20:30:20.850Z,"13km NNE of Ridgecrest, CA",earthquake,0.13,0.27,0.124,44.0,reviewed,ci,ci
2019-07-06T21:07:44.780Z,35.961,-117.2755,2.8,3.19,ml,27.0,65.0,0.07019,0.17,ci,ci38468023,2022-09-24T02:07:35.777Z,"24km NNE of Trona, CA",earthquake,0.2,0.35,0.119,31.0,reviewed,ci,ci
2019-07-06T21:13:04.060Z,35.9115,-117.7311667,5.81,2.87,ml,47.0,35.0,0.07496,0.14,ci,ci37264468,2020-03-12T22:09:00.582Z,"16km E of Little Lake, CA",earthquake,0.11,0.33,0.17,74.0,reviewed,ci,ci
2019-07-06T21:14:35.660Z,35.5585,-117.3383333,3.92,2.63,ml,30.0,52.0,0.03971,0.14,ci,ci38468055,2021-11-04T21:14:56.753Z,"23km S of Trona, CA",earthquake,0.15,0.34,0.144,15.0,reviewed,ci,ci
2019-07-06T21:14:59.790Z,35.8981667,-117.6731667,2.68,3.17,ml,44.0,38.0,0.05296,0.13,ci,ci38468063,2022-05-12T22:43:57.900Z,"22km ESE of Little Lake, CA",earthquake,0.11,0.21,0.137,33.0,reviewed,ci,ci
2019-07-06T21:28:41.920Z,35.8951667,-117.6803333,2.4,3.02,ml,50.0,39.0,0.07557,0.13,ci,ci38468151,2020-01-22T18:20:06.750Z,"21km ESE of Little Lake, CA",earthquake,0.1,0.17,0.144,102.0,reviewed,ci,ci
2019-07-06T21:35:00.400Z,35.9638333,-117.2943333,4.97,2.59,ml,26.0,59.0,0.07328,0.14,ci,ci38468183,2021-10-28T20:03:14.801Z,"24km NNE of Trona, CA",earthquake,0.21,0.72,0.094,26.0,reviewed,ci,ci
2019-07-06T21:41:25.350Z,35.696,-117.4863333,10.59,3.24,ml,42.0,54.0,0.111,0.22,ci,ci38468247,2022-06-19T00:31:07.065Z,"11km SW of Searles Valley, CA",earthquake,0.21,0.47,0.259,87.0,reviewed,ci,ci
2019-07-06T21:41:27.380Z,35.5436667,-117.3766667,2.75,2.88,ml,21.0,104.0,0.02114,0.16,ci,ci37264492,2020-03-13T00:05:19.508Z,"24km S of Trona, CA",earthquake,0.33,0.21,0.126,13.0,reviewed,ci,ci
2019-07-06T21:54:00.170Z,35.7081667,-117.5285,10.35,2.74,ml,43.0,60.0,0.1211,0.15,ci,ci38468343,2021-11-03T22:04:58.840Z,"13km WSW of Searles Valley, CA",earthquake,0.13,0.32,0.2,24.0,reviewed,ci,ci
2019-07-06T21:59:40.330Z,36.1126667,-117.8743333,5.95,2.58,ml,24.0,56.0,0.01651,0.1,ci,ci37502501,2022-06-09T20:56:23.050Z,"10km NE of Coso Junction, CA",earthquake,0.16,0.26,0.139,4.0,reviewed,ci,ci
2019-07-06T22:01:22.160Z,35.6235,-117.4585,2.57,2.73,ml,42.0,59.0,0.03704,0.14,ci,ci38468399,2021-11-03T20:09:25.120Z,"17km SSW of Searles Valley, CA",earthquake,0.14,0.25,0.139,25.0,reviewed,ci,ci
2019-07-06T22:04:09.580Z,35.6295,-117.4601667,2.47,3.03,ml,54.0,59.0,0.04294,0.15,ci,ci38468407,2022-06-09T22:10:07.040Z,"16km SSW of Searles Valley, CA",earthquake,0.14,0.26,0.15,87.0,reviewed,ci,ci
2019-07-06T22:22:43.760Z,36.0298333,-117.8508333,2.35,2.9,ml,39.0,52.0,0.03892,0.14,ci,ci38468511,2020-03-13T18:24:54.460Z,"9km E of Coso Junction, CA",earthquake,0.14,0.18,0.199,29.0,reviewed,ci,ci
2019-07-06T22:23:50.280Z,35.6208333,-117.4365,7.82,2.71,ml,40.0,68.0,0.04015,0.16,ci,ci38468519,2021-11-08T22:09:05.660Z,"17km S of Searles Valley, CA",earthquake,0.15,0.44,0.185,22.0,reviewed,ci,ci
2019-07-06T22:26:59.460Z,35.7135,-117.4978333,2.68,2.87,ml,41.0,62.0,0.13,0.17,ci,ci38468551,2021-10-28T18:21:49.641Z,"10km SW of Searles Valley, CA",earthquake,0.14,0.34,0.227,19.0,reviewed,ci,ci
2019-07-06T22:30:48.160Z,35.9138333,-117.7155,2.23,2.74,ml,43.0,36.0,0.09021,0.14,ci,ci38468591,2021-11-02T21:23:22.740Z,"17km E of Little Lake, CA",earthquake,0.1,0.18,0.214,17.0,reviewed,ci,ci
2019-07-06T22:41:26.210Z,35.6536667,-117.5245,11.92,2.64,ml,29.0,61.0,0.08407,0.15,ci,ci38468671,2021-11-08T23:52:23.150Z,"14km ENE of Ridgecrest, CA",earthquake,0.2,0.55,0.171,25.0,reviewed,ci,ci
2019-07-06T22:51:35.910Z,35.6346667,-117.4561667,6.33,3.16,ml,48.0,43.0,0.04831,0.13,ci,ci38468767,2022-06-19T00:31:31.284Z,"16km SSW of Searles Valley, CA",earthquake,0.13,0.3,0.132,167.0,reviewed,ci,ci
2019-07-06T22:54:33.880Z,36.0568333,-117.8555,1.65,2.53,ml,29.0,53.0,0.05657,0.14,ci,ci38468791,2022-06-29T22:01:55.076Z,"8km E of Coso Junction, CA",earthquake,0.16,0.19,0.118,12.0,reviewed,ci,ci
2019-07-06T22:59:29.810Z,35.975,-117.2891667,5.16,2.67,ml,22.0,85.0,0.08401,0.14,ci,ci38468855,2021-11-09T19:46:20.680Z,"25km NNE of Trona, CA",earthquake,0.21,1.18,0.113,14.0,reviewed,ci,ci
2019-07-06T22:59:45.730Z,35.8941667,-117.7076667,8.13,2.53,ml,16.0,67.0,0.07097,0.09,ci,ci37485141,2021-11-09T19:50:58.297Z,"18km ESE of Little Lake, CA",earthquake,0.17,0.56,0.142,8.0,reviewed,ci,ci
2019-07-06T23:07:08.330Z,35.6528333,-117.4628333,4.04,2.62,ml,31.0,66.0,0.06619,0.13,ci,ci38468927,2021-11-02T18:15:57.980Z,"14km SSW of Searles Valley, CA",earthquake,0.15,0.43,0.156,25.0,reviewed,ci,ci
2019-07-06T23:17:35.990Z,35.9063333,-117.7068333,2.62,2.59,ml,39.0,37.0,0.09023,0.15,ci,ci38469031,2022-06-16T22:40:03.499Z,"18km E of Little Lake, CA",earthquake,0.13,0.29,0.159,17.0,reviewed,ci,ci
2019-07-06T23:21:34.140Z,35.7003333,-117.5083333,9.09,3.71,mw,55.0,37.0,0.1196,0.14,ci,ci38469079,2022-06-22T21:38:49.480Z,"12km SW of Searles Valley, CA",earthquake,0.12,0.34,,6.0,reviewed,ci,ci
2019-07-06T23:21:55.940Z,35.6986667,-117.5218333,4.29,2.87,ml,13.0,98.0,0.122,0.19,ci,ci37425252,2022-06-22T22:18:08.622Z,"13km SW of Searles Valley, CA",earthquake,0.36,0.95,0.096,8.0,reviewed,ci,ci
2019-07-06T23:22:58.320Z,35.8758333,-117.7046667,4.95,2.78,ml,38.0,37.0,0.08307,0.15,ci,ci38469095,2021-11-02T18:43:24.220Z,"19km ESE of Little Lake, CA",earthquake,0.13,0.32,0.141,17.0,reviewed,ci,ci
2019-07-06T23:26:22.290Z,35.7775,-117.5915,3.86,3.29,ml,50.0,54.0,0.03847,0.13,ci,ci38469119,2022-09-24T02:08:51.502Z,"17km W of Searles Valley, CA",earthquake,0.11,0.3,0.133,104.0,reviewed,ci,ci
2019-07-06T23:32:33.220Z,35.8875,-117.7273333,4.18,2.92,ml,38.0,35.0,0.08447,0.1,ci,ci38469183,2020-03-13T19:07:59.161Z,"17km ESE of Little Lake, CA",earthquake,0.1,0.28,0.179,28.0,reviewed,ci,ci
2019-07-06T23:34:09.820Z,35.8738333,-117.6656667,6.42,3.45,ml,55.0,40.0,0.08017,0.14,ci,ci38469215,2022-06-19T00:31:56.817Z,"23km ESE of Little Lake, CA",earthquake,0.1,0.28,0.18,40.0,reviewed,ci,ci
2019-07-06T23:38:05.900Z,35.8745,-117.702,8.23,2.53,ml,21.0,49.0,0.08331,0.09,ci,ci38469255,2021-10-26T18:22:05.510Z,"20km ESE of Little Lake, CA",earthquake,0.17,0.42,0.204,26.0,reviewed,ci,ci
2019-07-06T23:38:32.860Z,36.0283333,-117.8473333,2.71,3.31,ml,21.0,52.0,0.04051,0.08,ci,ci38469271,2019-12-05T17:23:59.120Z,"9km ESE of Coso Junction, CA",earthquake,0.13,0.36,0.209,27.0,reviewed,ci,ci
2019-07-06T23:45:24.310Z,36.032,-117.7845,1.57,2.54,ml,30.0,72.0,0.017,0.18,ci,ci38469311,2021-10-26T20:33:58.160Z,"15km E of Coso Junction, CA",earthquake,0.22,0.26,0.18,25.0,reviewed,ci,ci
2019-07-06T23:48:53.630Z,35.6153333,-117.4203333,5.46,2.53,ml,31.0,70.0,0.04463,0.12,ci,ci38469359,2021-10-26T20:52:20.450Z,"17km SSW of Trona, CA",earthquake,0.15,0.42,0.152,25.0,reviewed,ci,ci
2019-07-06T23:50:41.990Z,35.8235,-117.663,6.51,4.5,mw,69.0,28.0,0.05379,0.14,ci,ci38469375,2019-09-26T14:30:48.040Z,"23km N of Ridgecrest, CA",earthquake,0.11,0.3,,6.0,reviewed,ci,ci
2019-07-06T23:52:43.160Z,35.6773333,-117.5186667,11.04,2.55,ml,22.0,100.0,0.1016,0.09,ci,ci38469391,2021-10-15T00:38:09.620Z,"14km SW of Searles Valley, CA",earthquake,0.21,0.35,0.068,13.0,reviewed,ci,ci
2019-07-06T23:56:34.560Z,35.8223333,-117.661,6.32,3.48,mlr,55.0,29.0,0.05202,0.14,ci,ci38469415,2022-06-16T17:44:34.310Z,"22km N of Ridgecrest, CA",earthquake,0.11,0.29,0.168,35.0,reviewed,ci,ci
2019-07-07T00:08:56.710Z,35.6823333,-117.526,8.94,2.96,ml,48.0,53.0,0.1088,0.13,ci,ci38469511,2020-01-28T00:08:13.110Z,"14km SW of Searles Valley, CA",earthquake,0.12,0.35,0.124,110.0,reviewed,ci,ci
2019-07-07T00:19:02.300Z,35.7906667,-117.615,6.15,2.56,ml,29.0,53.0,0.02878,0.11,ci,ci38469599,2021-11-09T23:11:11.870Z,"19km W of Searles Valley, CA",earthquake,0.15,0.35,0.105,28.0,reviewed,ci,ci
2019-07-07T00:21:48.520Z,35.718,-117.5683333,7.83,2.56,ml,30.0,57.0,0.1004,0.15,ci,ci38469623,2021-11-10T00:51:05.550Z,"14km NE of Ridgecrest, CA",earthquake,0.21,0.87,0.144,27.0,reviewed,ci,ci
2019-07-07T00:28:55.520Z,35.609833333333,-117.4585,4.54,2.51,ml,21.0,66.0,0.02348,0.09,ci,ci10249230,2026-08-22T00:09:43.783Z,"18 km SSW of Searles Valley, CA",earthquake,0.13,0.2,0.156118692815,72.0,reviewed,ci,ci
2019-07-07T00:33:30.440Z,35.892,-117.6848333,7.97,2.55,ml,25.0,47.0,0.0624,0.07,ci,ci38469687,2021-11-10T01:05:01.536Z,"21km ESE of Little Lake, CA",earthquake,0.12,0.33,0.135,7.0,reviewed,ci,ci
2019-07-07T00:33:32.820Z,35.8923333,-117.695,7.81,2.72,ml,16.0,73.0,0.08723,0.09,ci,ci37485205,2021-11-10T01:08:50.015Z,"20km ESE of Little Lake, CA",earthquake,0.19,0.6,0.119,6.0,reviewed,ci,ci
2019-07-07T00:38:00.310Z,35.6618333,-117.5073333,8.68,2.72,ml,35.0,62.0,0.08368,0.14,ci,ci38469743,2021-11-10T01:16:44.880Z,"15km SW of Searles Valley, CA",earthquake,0.16,0.48,0.126,25.0,reviewed,ci,ci
2019-07-07T00:41:52.120Z,35.8283333,-117.6686667,5.01,3.47,mw,61.0,24.0,0.05918,0.14,ci,ci38469775,2019-12-20T00:37:07.388Z,"23km N of Ridgecrest, CA",earthquake,0.09,0.23,,4.0,reviewed,ci,ci
2019-07-07T00:43:36.660Z,35.915,-117.7296667,2.52,2.6,ml,27.0,39.0,0.07224,0.1,ci,ci38469799,2021-11-10T01:19:55.840Z,"16km E of Little Lake, CA",earthquake,0.14,0.22,0.188,21.0,reviewed,ci,ci
2019-07-07T00:45:59.550Z,35.84,-117.6715,4.43,2.56,ml,29.0,42.0,0.06482,0.1,ci,ci38469831,2021-11-10T01:31:11.040Z,"24km ESE of Little Lake, CA",earthquake,0.15,0.32,0.132,25.0,reviewed,ci,ci
2019-07-07T00:52:49.630Z,35.7736667,-117.6153333,2.86,2.73,ml,30.0,59.0,0.04441,0.11,ci,ci38469895,2021-11-10T01:35:23.620Z,"18km NNE of Ridgecrest, CA",earthquake,0.15,0.33,0.144,27.0,reviewed,ci,ci
2019-07-07T00:53:51.210Z,35.6505,-117.4513333,10.76,3.08,ml,58.0,24.0,0.06447,0.14,ci,ci38469903,2020-01-22T19:16:32.560Z,"14km SSW of Searles Valley, CA",earthquake,0.11,0.2,0.172,145.0,reviewed,ci,ci
2019-07-07T01:00:55.260Z,35.5726667,-117.3385,1.99,2.61,ml,33.0,75.0,0.05213,0.19,ci,ci37509045,2022-07-27T20:26:50.574Z,"22km S of Trona, CA",earthquake,0.19,0.32,0.221,2.0,reviewed,ci,ci
2019-07-07T01:01:11.440Z,35.6565,-117.4551667,2.97,2.5,ml,20.0,150.0,0.07008,0.13,ci,ci37509037,2022-07-27T19:24:21.805Z,"13km SSW of Searles Valley, CA",earthquake,0.24,0.3,0.174,8.0,reviewed,ci,ci
2019-07-07T01:05:07.130Z,35.6695,-117.516,5.05,3.55,ml,67.0,23.0,0.0937,0.13,ci,ci38469967,2019-12-20T00:57:33.669Z,"15km SW of Searles Valley, CA",earthquake,0.09,0.35,0.15,64.0,reviewed,ci,ci
2019-07-07T01:19:18.410Z,35.8913333,-117.7211667,4.22,2.84,ml,35.0,37.0,0.08055,0.11,ci,ci38470087,2021-11-10T18:04:56.320Z,"18km ESE of Little Lake, CA",earthquake,0.11,0.3,0.161,28.0,reviewed,ci,ci
2019-07-07T01:22:34.970Z,35.6471667,-117.4558333,3.07,2.7,ml,26.0,66.0,0.06076,0.14,ci,ci38470103,2021-11-10T18:14:54.730Z,"14km SSW of Searles Valley, CA",earthquake,0.2,0.4,0.11,25.0,reviewed,ci,ci
2019-07-07T01:23:55.590Z,35.9128333,-117.7343333,2.92,3.27,ml,53.0,35.0,0.07686,0.13,ci,ci38470119,2020-01-08T23:20:14.200Z,"16km E of Little Lake, CA",earthquake,0.09,0.36,0.155,169.0,reviewed,ci,ci
2019-07-07T01:25:10.110Z,35.653,-117.4966667,2.52,2.53,ml,8.0,124.0,0.07205,0.1,ci,ci37485269,2021-11-10T18:48:25.105Z,"15km SSW of Searles Valley, CA",earthquake,0.27,0.28,0.102,4.0,reviewed,ci,ci
2019-07-07T01:30:52.470Z,35.689,-117.536,6.88,3.29,ml,57.0,36.0,0.1186,0.13,ci,ci38470159,2020-01-08T23:45:26.880Z,"15km ENE of Ridgecrest, CA",earthquake,0.11,0.37,0.149,37.0,reviewed,ci,ci
2019-07-07T01:32:23.100Z,35.95,-117.7106667,2.89,2.94,ml,52.0,33.0,0.086,0.15,ci,ci38470167,2020-01-28T17:37:23.010Z,"18km E of Little Lake, CA",earthquake,0.11,0.41,0.163,90.0,reviewed,ci,ci
2019-07-07T01:48:36.090Z,35.7246667,-117.5653333,9.52,2.78,ml,30.0,58.0,0.09457,0.13,ci,ci38470279,2021-11-10T19:04:16.260Z,"15km NE of Ridgecrest, CA",earthquake,0.18,0.56,0.139,25.0,reviewed,ci,ci
2019-07-07T02:06:04.700Z,35.7601667,-117.5621667,10.75,3.6,mw,45.0,57.0,0.06246,0.21,ci,ci38470415,2019-12-12T21:12:26.498Z,"14km W of Searles Valley, CA",earthquake,0.19,0.4,,4.0,reviewed,ci,ci
2019-07-07T02:10:48.820Z,35.5993333,-117.4043333,7.31,3.48,ml,58.0,26.0,0.04887,0.14,ci,ci38470439,2020-01-09T01:30:59.660Z,"18km S of Trona, CA",earthquake,0.12,0.29,0.183,132.0,reviewed,ci,ci
2019-07-07T02:11:47.830Z,35.912,-117.7178333,2.36,2.62,ml,26.0,46.0,0.08922,0.12,ci,ci38470447,2021-11-10T20:07:49.670Z,"17km E of Little Lake, CA",earthquake,0.14,0.25,0.134,27.0,reviewed,ci,ci
2019-07-07T02:17:01.710Z,35.6035,-117.4668333,2.83,3.64,mw,63.0,40.0,0.01738,0.14,ci,ci38470471,2019-12-12T21:29:01.927Z,"19km E of Ridgecrest, CA",earthquake,0.12,0.27,,7.0,reviewed,ci,ci
2019-07-07T02:17:21.270Z,35.6768333,-117.4578333,10.18,2.69,ml,13.0,116.0,0.09021,0.12,ci,ci38470479,2019-12-17T23:16:33.410Z,"11km SSW of Searles Valley, CA",earthquake,0.31,0.89,0.031,6.0,reviewed,ci,ci
2019-07-07T02:29:28.400Z,35.9781667,-117.2876667,3.42,2.86,ml,34.0,46.0,0.0871,0.17,ci,ci38470575,2021-08-26T14:46:47.790Z,"25km NNE of Trona, CA",earthquake,0.17,0.59,0.159,17.0,reviewed,ci,ci
2019-07-07T02:42:17.190Z,35.654,-117.4831667,2.31,2.81,ml,32.0,65.0,0.06949,0.15,ci,ci38470735,2021-11-10T16:21:13.600Z,"14km SSW of Searles Valley, CA",earthquake,0.16,0.32,0.181,20.0,reviewed,ci,ci
2019-07-07T02:51:47.850Z,35.6695,-117.5063333,2.44,2.73,ml,37.0,62.0,0.09029,0.16,ci,ci38470847,2022-08-24T21:47:52.597Z,"14km SW of Searles Valley, CA",earthquake,0.16,0.44,0.175,25.0,reviewed,ci,ci
2019-07-07T02:57:50.730Z,35.9148333,-117.732,4.04,2.6,ml,31.0,39.0,0.07401,0.1,ci,ci38470879,2021-11-10T20:34:24.790Z,"16km E of Little Lake, CA",earthquake,0.13,0.29,0.135,26.0,reviewed,ci,ci
2019-07-07T02:59:17.550Z,35.8056667,-117.6345,6.09,3.37,ml,60.0,42.0,0.0317,0.16,ci,ci38470887,2019-12-20T01:16:18.120Z,"21km N of Ridgecrest, CA",earthquake,0.12,0.32,0.151,45.0,reviewed,ci,ci
2019-07-07T03:09:02.600Z,35.5926667,-117.3856667,7.23,2.63,ml,27.0,73.0,0.06973,0.16,ci,ci37462380,2022-11-02T20:15:03.299Z,"19km S of Trona, CA",earthquake,0.24,0.51,0.162,154.0,reviewed,ci,ci
2019-07-07T03:13:12.460Z,35.749,-117.5956667,10.05,3.62,mw,62.0,43.0,0.06661,0.15,ci,ci38470999,2019-12-12T21:49:16.188Z,"16km NNE of Ridgecrest, CA",earthquake,0.11,0.27,,6.0,reviewed,ci,ci
2019-07-07T03:20:46.600Z,35.888,-117.6926667,3.24,2.83,ml,40.0,39.0,0.06893,0.14,ci,ci38471079,2021-11-10T17:57:14.730Z,"20km ESE of Little Lake, CA",earthquake,0.12,0.42,0.195,27.0,reviewed,ci,ci
2019-07-07T03:23:26.660Z,35.8723333,-117.7165,7.66,3.3,ml,56.0,32.0,0.0748,0.12,ci,ci38471103,2019-12-20T01:35:24.330Z,"19km ESE of Little Lake, CA",earthquake,0.08,0.25,0.141,47.0,reviewed,ci,ci
2019-07-07T03:34:04.180Z,35.7688333,-117.5965,4.01,2.52,ml,39.0,54.0,0.04681,0.16,ci,ci38471175,2022-11-09T21:30:21.883Z,"17km W of Searles Valley, CA",earthquake,0.14,0.38,0.147,25.0,reviewed,ci,ci
2019-07-07T03:50:50.420Z,35.9501667,-117.6911667,2.66,2.65,ml,16.0,49.0,0.03317,0.06,ci,ci38471311,2022-11-17T22:52:26.819Z,"20km E of Little Lake, CA",earthquake,0.14,0.2,0.15,6.0,reviewed,ci,ci
2019-07-07T03:50:55.980Z,35.8488333,-117.6975,7.34,3.12,ml,40.0,41.0,0.06792,0.16,ci,ci37264612,2022-11-17T22:57:46.537Z,"21km ESE of Little Lake, CA",earthquake,0.16,0.44,0.167,121.0,reviewed,ci,ci
2019-07-07T04:26:57.560Z,35.5816667,-117.6151667,10.83,3.32,ml,65.0,22.0,0.1156,0.14,ci,ci38471687,2020-01-09T19:24:37.340Z,"7km SE of Ridgecrest, CA",earthquake,0.1,0.24,0.157,215.0,reviewed,ci,ci
2019-07-07T04:48:17.360Z,35.784,-117.61,7.76,2.9,ml,45.0,53.0,0.03326,0.12,ci,ci38471847,2020-03-13T22:09:49.220Z,"19km W of Searles Valley, CA",earthquake,0.11,0.31,0.154,27.0,reviewed,ci,ci
2019-07-07T04:56:31.290Z,35.6941667,-117.5271667,7.49,3.05,ml,66.0,36.0,0.1198,0.13,ci,ci38471927,2020-01-15T19:06:44.925Z,"14km SW of Searles Valley, CA",earthquake,0.09,0.45,0.126,235.0,reviewed,ci,ci
2019-07-07T05:10:48.560Z,35.9151667,-117.7318333,3.23,2.84,ml,43.0,35.0,0.07374,0.13,ci,ci38472039,2021-11-10T19:07:39.670Z,"16km E of Little Lake, CA",earthquake,0.1,0.35,0.174,29.0,reviewed,ci,ci
2019-07-07T05:38:15.480Z,35.7683333,-117.5781667,10.45,4.53,mw,77.0,44.0,0.04985,0.16,ci,ci38472279,2021-11-09T22:57:42.940Z,"16km W of Searles Valley, CA",earthquake,0.12,0.26,,6.0,reviewed,ci,ci
2019-07-07T05:41:51.840Z,36.0485,-117.8398333,2.49,2.67,ml,37.0,52.0,0.05775,0.14,ci,ci38472287,2021-11-10T23:01:39.950Z,"10km E of Coso Junction, CA",earthquake,0.13,0.17,0.156,20.0,reviewed,ci,ci
2019-07-07T05:42:27.640Z,36.1133333,-117.879,6.65,2.6,ml,6.0,230.0,0.02,0.04,ci,ci37485429,2021-11-10T23:07:53.322Z,"10km NE of Coso Junction, CA",earthquake,0.42,0.31,0.102,2.0,reviewed,ci,ci
2019-07-07T05:42:27.810Z,35.8681667,-117.706,10.45,2.64,ml,19.0,52.0,0.07633,0.07,ci,ci38472295,2021-11-10T23:14:02.649Z,"20km ESE of Little Lake, CA",earthquake,0.14,0.24,0.112,10.0,reviewed,ci,ci
2019-07-07T05:42:36.860Z,35.872,-117.7058333,11.02,2.75,ml,25.0,36.0,0.07943,0.11,ci,ci37485445,2021-11-10T23:21:17.946Z,"20km ESE of Little Lake, CA",earthquake,0.15,0.35,0.184,20.0,reviewed,ci,ci
2019-07-07T06:07:06.460Z,35.6661667,-117.524,9.04,3.5,mlr,69.0,37.0,0.0941,0.13,ci,ci38472463,2022-06-16T17:44:49.167Z,"15km ENE of Ridgecrest, CA",earthquake,0.09,0.27,0.16,56.0,reviewed,ci,ci
2019-07-07T06:09:36.790Z,35.8171667,-117.6476667,3.85,2.64,ml,39.0,39.0,0.04079,0.18,ci,ci38472471,2021-11-11T00:29:22.810Z,"22km N of Ridgecrest, CA",earthquake,0.17,0.48,0.135,28.0,reviewed,ci,ci
2019-07-07T06:10:14.660Z,36.113,-117.9176667,5.58,2.66,ml,32.0,61.0,0.05106,0.14,ci,ci38472479,2021-11-10T19:24:31.750Z,"8km NNE of Coso Junction, CA",earthquake,0.16,0.5,0.158,25.0,reviewed,ci,ci
2019-07-07T06:15:08.230Z,35.6993333,-117.5435,4.81,2.79,ml,39.0,60.0,0.1242,0.14,ci,ci38472543,2021-11-10T19:46:16.770Z,"15km WSW of Searles Valley, CA",earthquake,0.13,0.46,0.154,25.0,reviewed,ci,ci
2019-07-07T06:16:32.780Z,35.7565,-117.5763333,8.44,2.94,ml,38.0,56.0,0.06157,0.13,ci,ci38472559,2020-01-28T17:47:01.499Z,"16km W of Searles Valley, CA",earthquake,0.16,0.36,0.143,85.0,reviewed,ci,ci
2019-07-07T06:20:36.770Z,35.7236667,-117.5566667,8.22,2.53,ml,31.0,58.0,0.0977,0.18,ci,ci38472583,2021-11-11T01:06:27.170Z,"15km WSW of Searles Valley, CA",earthquake,0.2,0.74,0.132,24.0,reviewed,ci,ci
2019-07-07T06:23:35.070Z,36.0238333,-117.846,2.9,2.7,ml,13.0,110.0,0.03942,0.15,ci,ci37485637,2021-11-11T21:12:22.932Z,"10km ESE of Coso Junction, CA",earthquake,0.28,0.54,0.081,8.0,reviewed,ci,ci
2019-07-07T06:23:41.760Z,35.7798333,-117.6033333,5.95,2.51,ml,24.0,76.0,0.03614,0.11,ci,ci38472607,2021-11-11T20:51:47.521Z,"18km W of Searles Valley, CA",earthquake,0.17,0.41,0.113,24.0,reviewed,ci,ci
2019-07-07T06:24:27.560Z,35.6306667,-117.4243333,3.73,2.58,ml,29.0,99.0,0.0538,0.15,ci,ci38472623,2022-11-02T20:07:22.729Z,"15km S of Searles Valley, CA",earthquake,0.21,0.52,0.136,38.0,reviewed,ci,ci
2019-07-07T06:41:13.410Z,35.819,-117.6588333,8.75,2.7,ml,42.0,33.0,0.04995,0.14,ci,ci38472759,2021-11-10T22:36:02.970Z,"22km N of Ridgecrest, CA",earthquake,0.13,0.32,0.124,21.0,reviewed,ci,ci
2019-07-07T06:44:44.800Z,35.9145,-117.7333333,2.68,2.79,ml,39.0,35.0,0.07681,0.13,ci,ci38472799,2021-11-10T16:33:42.130Z,"16km E of Little Lake, CA",earthquake,0.11,0.3,0.186,24.0,reviewed,ci,ci
2019-07-07T06:46:24.530Z,35.9506667,-117.6951667,2.44,2.5,ml,32.0,48.0,0.03644,0.17,ci,ci38472815,2021-11-12T00:00:31.210Z,"19km E of Little Lake, CA",earthquake,0.17,0.23,0.165,27.0,reviewed,ci,ci
2019-07-07T06:57:27.880Z,35.645,-117.4546667,2.98,3.43,ml,64.0,25.0,0.05869,0.13,ci,ci38472895,2020-01-09T19:55:19.180Z,"14km SSW of Searles Valley, CA",earthquake,0.11,0.22,0.163,125.0,reviewed,ci,ci
2019-07-07T06:58:41.740Z,35.607,-117.413,5.0,2.67,ml,26.0,83.0,0.04501,0.13,ci,ci37485693,2021-11-12T00:08:24.556Z,"18km S of Trona, CA",earthquake,0.2,0.31,0.161,36.0,reviewed,ci,ci
2019-07-07T07:09:38.840Z,35.6165,-117.4385,3.27,3.6,mlr,68.0,24.0,0.03562,0.12,ci,ci38473039,2019-12-12T22:25:55.547Z,"17km S of Searles Valley, CA",earthquake,0.1,0.24,0.157,31.0,reviewed,ci,ci
2019-07-07T07:13:02.660Z,35.9121667,-117.706,2.53,3.17,ml,52.0,36.0,0.08785,0.15,ci,ci38473063,2020-01-15T19:18:37.555Z,"18km E of Little Lake, CA",earthquake,0.1,0.21,0.133,131.0,reviewed,ci,ci
2019-07-07T07:19:14.380Z,35.7806667,-117.6438333,9.54,3.37,mw,61.0,41.0,0.05141,0.14,ci,ci38473119,2022-06-21T05:52:14.320Z,"18km N of Ridgecrest, CA",earthquake,0.1,0.24,,4.0,reviewed,ci,ci
2019-07-07T07:20:26.120Z,35.6915,-117.5393333,9.6,3.45,ml,61.0,51.0,0.1222,0.14,ci,ci38473135,2019-12-20T19:19:29.850Z,"15km ENE of Ridgecrest, CA",earthquake,0.11,0.29,0.127,61.0,reviewed,ci,ci
2019-07-07T07:22:21.790Z,35.7551667,-117.5858333,3.49,2.66,ml,41.0,55.0,0.06118,0.13,ci,ci38473151,2021-11-10T17:39:13.140Z,"16km W of Searles Valley, CA",earthquake,0.12,0.4,0.182,30.0,reviewed,ci,ci
2019-07-07T07:23:49.100Z,36.0078333,-117.67,3.72,2.53,ml,9.0,129.0,0.06189,0.11,ci,ci38473167,2019-11-20T19:14:04.156Z,"23km ENE of Little Lake, CA",earthquake,0.24,0.82,0.1,5.0,reviewed,ci,ci
2019-07-07T07:25:34.910Z,35.9086667,-117.7018333,2.55,2.74,ml,40.0,37.0,0.05724,0.12,ci,ci38473191,2021-11-10T17:00:21.130Z,"19km E of Little Lake, CA",earthquake,0.1,0.21,0.155,26.0,reviewed,ci,ci
2019-07-07T07:25:49.950Z,35.9168333,-117.7336667,3.21,2.71,ml,30.0,48.0,0.07436,0.15,ci,ci37485237,2021-11-10T17:05:59.013Z,"16km E of Little Lake, CA",earthquake,0.15,0.49,0.117,16.0,reviewed,ci,ci
2019-07-07T07:31:06.530Z,35.8241667,-117.6436667,9.15,3.11,ml,39.0,33.0,0.03844,0.11,ci,ci38473223,2020-01-22T19:26:55.312Z,"22km WNW of Searles Valley, CA",earthquake,0.12,0.25,0.198,142.0,reviewed,ci,ci
2019-07-07T07:37:51.620Z,36.1681667,-117.876,2.43,2.76,ml,38.0,56.0,0.0533,0.13,ci,ci38473279,2021-11-10T18:33:59.660Z,"15km NNE of Coso Junction, CA",earthquake,0.13,0.23,0.201,19.0,reviewed,ci,ci
2019-07-07T07:43:51.540Z,35.6045,-117.4711667,11.42,2.59,ml,33.0,65.0,0.01939,0.14,ci,ci38473335,2021-11-11T16:50:41.300Z,"19km E of Ridgecrest, CA",earthquake,0.17,0.38,0.14,16.0,reviewed,ci,ci
2019-07-07T08:02:17.180Z,35.8585,-117.6676667,6.68,2.59,ml,41.0,43.0,0.07121,0.16,ci,ci38473503,2021-11-11T19:01:05.340Z,"23km ESE of Little Lake, CA",earthquake,0.13,0.35,0.182,24.0,reviewed,ci,ci
2019-07-07T08:03:25.610Z,36.086,-117.8508333,1.24,3.68,mw,54.0,51.0,0.03168,0.15,ci,ci38473511,2019-12-13T00:15:17.550Z,"10km ENE of Coso Junction, CA",earthquake,0.11,0.18,,4.0,reviewed,ci,ci
2019-07-07T08:13:36.560Z,35.871,-117.6573333,7.12,2.55,ml,38.0,43.0,0.07351,0.12,ci,ci38473599,2021-11-11T18:25:16.750Z,"24km ESE of Little Lake, CA",earthquake,0.11,0.33,0.146,21.0,reviewed,ci,ci
2019-07-07T08:15:49.040Z,35.8918333,-117.7135,2.6,2.65,ml,38.0,38.0,0.07586,0.13,ci,ci38473631,2021-11-11T18:38:40.850Z,"18km ESE of Little Lake, CA",earthquake,0.12,0.19,0.229,23.0,reviewed,ci,ci
2019-07-07T08:18:02.270Z,35.5973333,-117.3471667,4.67,2.74,ml,36.0,103.0,0.0736,0.16,ci,ci38473663,2021-11-10T18:20:32.820Z,"19km S of Trona, CA",earthquake,0.19,0.42,0.158,24.0,reviewed,ci,ci
2019-07-07T08:28:43.740Z,35.6718333,-117.4823333,2.02,2.58,ml,37.0,64.0,0.08671,0.19,ci,ci38473743,2021-11-11T16:30:44.141Z,"13km SSW of Searles Valley, CA",earthquake,0.19,0.44,0.147,24.0,reviewed,ci,ci
2019-07-07T08:30:05.350Z,35.9193333,-117.7191667,4.01,2.51,ml,34.0,42.0,0.06268,0.11,ci,ci38473759,2021-11-11T17:51:34.910Z,"17km E of Little Lake, CA",earthquake,0.1,0.24,0.158,22.0,reviewed,ci,ci
2019-07-07T08:38:27.500Z,35.555,-117.3843333,1.03,3.33,ml,30.0,67.0,0.03406,0.14,ci,ci38473831,2020-01-15T19:29:39.440Z,"23km S of Trona, CA",earthquake,0.17,0.25,0.123,192.0,reviewed,ci,ci
2019-07-07T08:39:05.650Z,35.6768333,-117.5455,1.84,2.98,ml,42.0,59.0,0.1128,0.12,ci,ci38473839,2020-01-28T17:58:34.510Z,"13km ENE of Ridgecrest, CA",earthquake,0.12,0.24,0.139,35.0,reviewed,ci,ci
2019-07-07T08:54:18.630Z,35.9188333,-117.722,3.03,3.1,ml,53.0,35.0,0.06496,0.12,ci,ci38473967,2020-01-22T19:39:43.500Z,"17km E of Little Lake, CA",earthquake,0.1,0.36,0.168,94.0,reviewed,ci,ci
2019-07-07T08:56:40.130Z,35.6805,-117.4931667,1.31,3.38,ml,61.0,23.0,0.09713,0.13,ci,ci38473983,2020-01-09T20:26:27.190Z,"13km SW of Searles Valley, CA",earthquake,0.11,0.26,0.137,174.0,reviewed,ci,ci
2019-07-07T09:00:01.850Z,35.9808333,-117.7308333,1.91,2.5,ml,39.0,39.0,0.05235,0.16,ci,ci38474007,2021-11-10T23:59:03.190Z,"17km ENE of Little Lake, CA",earthquake,0.13,0.19,0.197,22.0,reviewed,ci,ci
2019-07-07T09:02:11.490Z,35.6955,-117.5481667,10.23,2.63,ml,39.0,59.0,0.1265,0.13,ci,ci38474023,2021-11-10T22:15:26.170Z,"14km NE of Ridgecrest, CA",earthquake,0.13,0.34,0.232,24.0,reviewed,ci,ci
2019-07-07T09:05:58.270Z,36.169,-117.8771667,1.23,2.88,ml,25.0,90.0,0.0544,0.12,ci,ci37485461,2021-11-10T23:48:18.753Z,"15km NNE of Coso Junction, CA",earthquake,0.18,0.24,0.257,8.0,reviewed,ci,ci
2019-07-07T09:06:10.960Z,35.87,-117.697,4.86,2.7,ml,29.0,48.0,0.08247,0.12,ci,ci38474079,2021-11-10T23:40:32.860Z,"20km ESE of Little Lake, CA",earthquake,0.13,0.29,0.118,17.0,reviewed,ci,ci
2019-07-07T09:09:25.030Z,35.6718333,-117.5221667,9.4,3.11,ml,41.0,38.0,0.09817,0.12,ci,ci38474119,2020-01-22T20:09:59.784Z,"15km ENE of Ridgecrest, CA",earthquake,0.1,0.29,0.15,110.0,reviewed,ci,ci
2019-07-07T09:10:01.710Z,35.9311667,-117.7033333,2.57,3.5,mw,39.0,47.0,0.08261,0.13,ci,ci38474127,2019-12-13T00:40:12.035Z,"18km E of Little Lake, CA",earthquake,0.11,0.2,,4.0,reviewed,ci,ci
2019-07-07T09:10:22.290Z,35.7663333,-117.5781667,7.19,2.72,ml,17.0,90.0,0.05175,0.09,ci,ci38474143,2020-01-15T19:34:45.505Z,"16km W of Searles Valley, CA",earthquake,0.23,0.32,0.137,8.0,reviewed,ci,ci
2019-07-07T09:11:35.960Z,35.9345,-117.705,2.88,2.93,ml,38.0,34.0,0.0463,0.13,ci,ci38474151,2021-08-25T22:58:38.630Z,"18km E of Little Lake, CA",earthquake,0.11,0.38,0.17,17.0,reviewed,ci,ci
2019-07-07T09:41:23.000Z,35.7493333,-117.55,11.08,3.45,mw,70.0,45.0,0.0767,0.16,ci,ci38474415,2019-12-20T20:11:40.393Z,"13km W of Searles Valley, CA",earthquake,0.1,0.21,,4.0,reviewed,ci,ci
2019-07-07T09:46:49.800Z,35.671,-117.515,4.29,2.99,ml,63.0,33.0,0.09465,0.12,ci,ci38474463,2020-01-28T18:32:51.270Z,"15km SW of Searles Valley, CA",earthquake,0.09,0.31,0.156,125.0,reviewed,ci,ci
2019-07-07T09:52:52.890Z,35.9138333,-117.7353333,3.2,2.81,ml,38.0,38.0,0.07567,0.13,ci,ci38474535,2021-11-10T18:57:54.070Z,"16km E of Little Lake, CA",earthquake,0.11,0.4,0.185,23.0,reviewed,ci,ci
2019-07-07T10:02:27.590Z,35.7193333,-117.4961667,3.74,3.32,ml,38.0,47.0,0.1267,0.16,ci,ci38474639,2019-12-17T23:26:41.610Z,"10km WSW of Searles Valley, CA",earthquake,0.17,0.57,0.167,137.0,reviewed,ci,ci
2019-07-07T10:06:12.980Z,35.9141667,-117.7366667,2.23,3.47,mw,62.0,35.0,0.07456,0.14,ci,ci38474687,2019-12-20T21:04:39.020Z,"16km E of Little Lake, CA",earthquake,0.09,0.17,,4.0,reviewed,ci,ci
2019-07-07T10:11:31.090Z,35.8538333,-117.6886667,4.94,2.52,ml,29.0,46.0,0.07666,0.12,ci,ci38474751,2021-11-11T20:07:56.470Z,"22km ESE of Little Lake, CA",earthquake,0.14,0.37,0.148,26.0,reviewed,ci,ci
2019-07-07T10:21:27.220Z,35.658,-117.4678333,7.64,3.48,mlr,72.0,24.0,0.07149,0.13,ci,ci38474855,2019-12-20T21:31:58.090Z,"14km SSW of Searles Valley, CA",earthquake,0.09,0.33,0.143,68.0,reviewed,ci,ci
2019-07-07T10:24:36.530Z,35.8061667,-117.5588333,6.0,2.82,ml,40.0,56.0,0.03286,0.11,ci,ci38474887,2021-11-10T16:50:06.730Z,"15km WNW of Searles Valley, CA",earthquake,0.11,0.34,0.18,26.0,reviewed,ci,ci
2019-07-07T10:32:54.640Z,35.7951667,-117.622,6.59,3.39,ml,58.0,42.0,0.0286,0.14,ci,ci38474959,2019-12-20T21:53:05.430Z,"20km W of Searles Valley, CA",earthquake,0.1,0.25,0.181,56.0,reviewed,ci,ci
2019-07-07T10:37:45.720Z,35.7578333,-117.5943333,3.6,3.24,ml,57.0,43.0,0.05784,0.15,ci,ci38475007,2022-06-19T00:32:22.061Z,"17km NNE of Ridgecrest, CA",earthquake,0.11,0.35,0.154,160.0,reviewed,ci,ci
2019-07-07T10:43:44.140Z,35.636,-117.6091667,9.21,2.55,ml,43.0,37.0,0.1281,0.12,ci,ci38475071,2021-11-11T19:26:26.744Z,"6km ENE of Ridgecrest, CA",earthquake,0.11,0.34,0.171,26.0,reviewed,ci,ci
2019-07-07T10:55:00.020Z,35.898,-117.7185,5.17,2.52,ml,42.0,37.0,0.07441,0.12,ci,ci38475223,2021-11-11T19:16:23.290Z,"18km ESE of Little Lake, CA",earthquake,0.1,0.39,0.194,25.0,reviewed,ci,ci
2019-07-07T11:01:57.250Z,35.6038333,-117.3961667,4.64,2.78,ml,39.0,72.0,0.05653,0.16,ci,ci38475295,2021-11-10T16:08:43.110Z,"18km S of Trona, CA",earthquake,0.17,0.4,0.122,23.0,reviewed,ci,ci
2019-07-07T11:04:04.400Z,35.7298333,-117.6693333,20.04,2.73,ml,19.0,112.0,0.07592,0.37,ci,ci38475311,2019-07-11T21:44:51.185Z,"12km N of Ridgecrest, CA",earthquake,1.03,1.29,0.149,25.0,automatic,ci,ci
2019-07-07T11:04:04.780Z,35.5395,-117.3778333,3.99,2.77,ml,35.0,66.0,0.01812,0.16,ci,ci37421189,2021-08-25T22:17:18.726Z,"25km S of Trona, CA",earthquake,0.18,0.32,0.171,20.0,reviewed,ci,ci
2019-07-07T11:16:11.530Z,35.9831667,-117.9303333,3.98,2.55,ml,43.0,57.0,0.04062,0.11,ci,ci38475375,2021-11-11T17:31:18.770Z,"6km NNW of Little Lake, CA",earthquake,0.1,0.25,0.215,28.0,reviewed,ci,ci
2019-07-07T11:17:30.230Z,35.6793333,-117.5166667,8.62,2.65,ml,43.0,61.0,0.1027,0.18,ci,ci38475391,2021-11-10T22:01:30.094Z,"14km SW of Searles Valley, CA",earthquake,0.19,0.56,0.241,24.0,reviewed,ci,ci
2019-07-07T11:22:16.240Z,35.8056667,-117.594,10.06,4.16,mw,50.0,43.0,0.01045,0.16,ci,ci38475431,2022-10-27T17:48:20.284Z,"18km WNW of Searles Valley, CA",earthquake,0.13,0.28,,6.0,reviewed,ci,ci
2019-07-07T11:29:31.150Z,35.915,-117.7321667,2.92,2.74,ml,40.0,35.0,0.07405,0.14,ci,ci38475463,2021-11-10T23:20:10.740Z,"16km E of Little Lake, CA",earthquake,0.11,0.49,0.147,23.0,reviewed,ci,ci
2019-07-07T11:33:50.220Z,35.5668333,-117.3513333,3.15,3.49,mw,64.0,27.0,0.04315,0.14,ci,ci38475511,2019-12-20T22:31:07.344Z,"22km S of Trona, CA",earthquake,0.11,0.33,,6.0,reviewed,ci,ci
2019-07-07T11:41:04.190Z,35.9166667,-117.7108333,1.96,3.2,ml,56.0,35.0,0.05813,0.15,ci,ci38475551,2020-01-09T21:25:00.810Z,"18km E of Little Lake, CA",earthquake,0.1,0.17,0.144,130.0,reviewed,ci,ci
2019-07-07T11:56:26.260Z,35.9045,-117.6865,2.22,2.73,ml,33.0,37.0,0.0523,0.13,ci,ci38475663,2021-11-10T19:32:42.930Z,"20km E of Little Lake, CA",earthquake,0.12,0.19,0.171,17.0,reviewed,ci,ci
2019-07-07T12:21:38.410Z,35.6796667,-117.4923333,1.34,2.6,ml,38.0,63.0,0.09615,0.15,ci,ci38475839,2021-11-11T23:22:13.980Z,"13km SW of Searles Valley, CA",earthquake,0.14,0.28,0.178,21.0,reviewed,ci,ci
2019-07-07T12:35:41.200Z,35.7,-117.5213333,10.67,2.66,ml,42.0,61.0,0.1231,0.14,ci,ci38475927,2021-11-11T22:57:22.950Z,"13km SW of Searles Valley, CA",earthquake,0.14,0.31,0.128,26.0,reviewed,ci,ci
2019-07-07T12:39:48.530Z,35.6448333,-117.4835,3.62,3.44,ml,69.0,23.0,0.06074,0.13,ci,ci38475967,2020-01-09T21:45:12.690Z,"15km SSW of Searles Valley, CA",earthquake,0.1,0.29,0.156,216.0,reviewed,ci,ci
2019-07-07T12:40:10.690Z,35.6431667,-117.4895,3.6,2.59,ml,11.0,105.0,0.06076,0.11,ci,ci38475975,2019-12-06T23:45:25.693Z,"16km SSW of Searles Valley, CA",earthquake,0.3,0.66,0.096,7.0,reviewed,ci,ci
2019-07-07T12:48:03.160Z,36.1741667,-117.978,2.53,2.77,ml,41.0,61.0,0.1146,0.14,ci,ci38476007,2021-11-11T20:05:37.720Z,"12km SSE of Olancha, CA",earthquake,0.12,0.52,0.194,22.0,reviewed,ci,ci
2019-07-07T12:57:14.370Z,35.8345,-117.677,9.28,2.58,ml,33.0,44.0,0.06726,0.11,ci,ci38476071,2021-11-11T23:37:53.810Z,"24km ESE of Little Lake, CA",earthquake,0.14,0.32,0.127,27.0,reviewed,ci,ci
2019-07-07T13:05:15.680Z,35.8825,-117.6811667,4.11,2.56,ml,34.0,40.0,0.06988,0.11,ci,ci38476151,2021-11-12T19:09:24.900Z,"21km ESE of Little Lake, CA",earthquake,0.13,0.33,0.108,26.0,reviewed,ci,ci
2019-07-07T13:13:14.070Z,35.8768333,-117.696,4.89,2.73,ml,38.0,40.0,0.08,0.12,ci,ci38476199,2021-11-11T21:43:32.040Z,"20km ESE of Little Lake, CA",earthquake,0.11,0.26,0.146,24.0,reviewed,ci,ci
2019-07-07T13:23:52.310Z,35.895,-117.6926667,7.0,3.19,ml,56.0,39.0,0.06297,0.13,ci,ci38476279,2022-06-19T00:32:50.535Z,"20km ESE of Little Lake, CA",earthquake,0.1,0.22,0.152,177.0,reviewed,ci,ci
2019-07-07T13:25:46.310Z,35.6331667,-117.4586667,6.37,2.73,ml,39.0,47.0,0.04665,0.12,ci,ci38476287,2021-11-11T21:21:05.220Z,"16km SSW of Searles Valley, CA",earthquake,0.13,0.3,0.147,27.0,reviewed,ci,ci
2019-07-07T14:14:16.270Z,35.6926667,-117.548,9.9,2.67,ml,39.0,59.0,0.1269,0.14,ci,ci38476607,2021-11-11T22:39:05.364Z,"14km NE of Ridgecrest, CA",earthquake,0.13,0.34,0.198,27.0,reviewed,ci,ci
2019-07-07T14:21:34.990Z,35.6456667,-117.4211667,4.7,3.33,ml,64.0,60.0,0.06785,0.15,ci,ci38476671,2020-01-09T22:52:52.870Z,"14km S of Searles Valley, CA",earthquake,0.12,0.34,0.124,217.0,reviewed,ci,ci
2019-07-07T14:28:18.780Z,35.6583333,-117.5846667,9.78,3.04,ml,55.0,36.0,0.1229,0.14,ci,ci38476711,2022-08-08T14:41:47.386Z,"9km ENE of Ridgecrest, CA",earthquake,0.1,0.29,0.137,111.0,reviewed,ci,ci
2019-07-07T14:32:03.300Z,35.6745,-117.5228333,9.39,2.71,ml,39.0,61.0,0.1007,0.15,ci,ci38476735,2021-11-11T20:31:49.880Z,"15km SW of Searles Valley, CA",earthquake,0.14,0.41,0.137,27.0,reviewed,ci,ci
2019-07-07T14:32:53.120Z,35.6578333,-117.5823333,9.64,2.76,ml,27.0,58.0,0.121,0.16,ci,ci37485709,2021-11-12T15:58:16.324Z,"9km ENE of Ridgecrest, CA",earthquake,0.2,0.41,0.272,16.0,reviewed,ci,ci
2019-07-07T14:33:33.530Z,35.8735,-117.7276667,7.5,2.65,ml,38.0,31.0,0.07151,0.11,ci,ci38476751,2021-11-11T23:39:04.590Z,"18km ESE of Little Lake, CA",earthquake,0.11,0.34,0.146,24.0,reviewed,ci,ci
2019-07-07T14:33:46.610Z,35.8821667,-117.6965,3.9,2.57,ml,27.0,41.0,0.07553,0.14,ci,ci37485685,2021-11-11T23:51:47.413Z,"20km ESE of Little Lake, CA",earthquake,0.16,0.4,0.208,12.0,reviewed,ci,ci
2019-07-07T14:46:40.570Z,35.9136667,-117.7108333,2.37,3.6,mw,56.0,36.0,0.05978,0.15,ci,ci38476855,2019-12-13T00:59:58.883Z,"18km E of Little Lake, CA",earthquake,0.1,0.18,,4.0,reviewed,ci,ci
2019-07-07T14:54:53.610Z,35.8955,-117.6938333,6.21,2.93,ml,42.0,39.0,0.06307,0.12,ci,ci38476927,2020-03-13T23:22:34.781Z,"20km ESE of Little Lake, CA",earthquake,0.11,0.31,0.132,27.0,reviewed,ci,ci
2019-07-07T15:05:04.970Z,35.5745,-117.4153333,7.71,2.96,ml,41.0,70.0,0.04004,0.11,ci,ci38477007,2020-03-16T17:43:37.040Z,"21km S of Trona, CA",earthquake,0.14,0.33,0.17,28.0,reviewed,ci,ci
2019-07-07T15:12:01.610Z,35.9133333,-117.7076667,2.6,2.59,ml,32.0,44.0,0.05789,0.13,ci,ci38477063,2021-11-11T19:21:37.240Z,"18km E of Little Lake, CA",earthquake,0.15,0.31,0.129,28.0,reviewed,ci,ci
2019-07-07T15:27:37.870Z,35.9821667,-117.7321667,2.02,2.52,ml,25.0,47.0,0.05065,0.09,ci,ci38477167,2021-11-11T19:27:52.340Z,"16km ENE of Little Lake, CA",earthquake,0.13,0.18,0.118,24.0,reviewed,ci,ci
2019-07-07T15:30:52.520Z,35.84,-117.6711667,4.48,2.64,ml,32.0,42.0,0.06457,0.15,ci,ci38477191,2021-11-11T20:02:29.680Z,"24km ESE of Little Lake, CA",earthquake,0.17,0.41,0.143,26.0,reviewed,ci,ci
2019-07-07T15:31:28.690Z,35.7923333,-117.6271667,10.93,2.5,ml,27.0,76.0,0.03357,0.11,ci,ci38477199,2021-11-11T23:05:04.749Z,"20km NNE of Ridgecrest, CA",earthquake,0.16,0.32,0.064,17.0,reviewed,ci,ci
2019-07-07T15:34:49.790Z,35.7533333,-117.5806667,5.16,2.62,ml,40.0,56.0,0.06376,0.14,ci,ci38477223,2021-11-12T19:16:50.510Z,"16km W of Searles Valley, CA",earthquake,0.13,0.35,0.194,21.0,reviewed,ci,ci
2019-07-07T15:48:11.730Z,35.8225,-117.6583333,6.67,3.56,ml,63.0,29.0,0.04989,0.12,ci,ci38477303,2019-12-20T23:04:39.141Z,"22km N of Ridgecrest, CA",earthquake,0.09,0.22,0.141,60.0,reviewed,ci,ci
2019-07-07T15:49:15.080Z,35.87,-117.7021667,4.21,3.15,ml,50.0,36.0,0.07972,0.12,ci,ci38477319,2019-12-20T23:22:47.093Z,"20km ESE of Little Lake, CA",earthquake,0.1,0.26,0.149,60.0,reviewed,ci,ci
2019-07-07T15:50:49.840Z,35.6803333,-117.5163333,9.23,2.9,ml,42.0,61.0,0.1035,0.13,ci,ci38477335,2020-03-16T18:00:50.400Z,"14km SW of Searles Valley, CA",earthquake,0.14,0.42,0.154,29.0,reviewed,ci,ci
2019-07-07T16:08:00.630Z,35.6698333,-117.5256667,4.79,3.05,ml,62.0,37.0,0.09792,0.19,ci,ci38477415,2022-06-16T17:45:03.963Z,"15km ENE of Ridgecrest, CA",earthquake,0.13,0.52,0.168,110.0,reviewed,ci,ci
2019-07-07T16:31:44.260Z,35.6346667,-117.4311667,4.87,2.5,ml,32.0,74.0,0.05431,0.12,ci,ci38477575,2021-11-12T00:19:04.990Z,"15km S of Searles Valley, CA",earthquake,0.16,0.38,0.156,26.0,reviewed,ci,ci
2019-07-07T16:40:41.590Z,35.8945,-117.6971667,6.79,3.06,ml,27.0,44.0,0.06543,0.18,ci,ci37485653,2024-01-30T21:39:07.958Z,"19 km ESE of Little Lake, CA",earthquake,0.25,0.52,0.188,102.0,reviewed,ci,ci
2019-07-07T17:00:45.940Z,35.766,-117.5736667,10.87,2.64,ml,35.0,56.0,0.05328,0.13,ci,ci38477751,2021-11-12T22:21:49.140Z,"15km W of Searles Valley, CA",earthquake,0.14,0.29,0.184,27.0,reviewed,ci,ci
2019-07-07T17:33:04.470Z,35.8551667,-117.6901667,6.91,2.5,ml,29.0,47.0,0.07648,0.09,ci,ci38478039,2021-11-11T23:48:16.540Z,"22km ESE of Little Lake, CA",earthquake,0.15,0.31,0.142,25.0,reviewed,ci,ci
2019-07-07T17:33:22.870Z,35.853,-117.6931667,5.96,2.83,ml,27.0,47.0,0.07323,0.14,ci,ci38478047,2021-11-16T18:57:45.710Z,"21km ESE of Little Lake, CA",earthquake,0.18,0.59,0.154,25.0,reviewed,ci,ci
2019-07-07T17:44:09.370Z,35.6415,-117.4686667,6.02,2.9,ml,40.0,65.0,0.05513,0.13,ci,ci38478143,2021-11-16T19:12:03.870Z,"15km SSW of Searles Valley, CA",earthquake,0.12,0.47,0.114,22.0,reviewed,ci,ci
2019-07-07T17:47:25.090Z,35.8918333,-117.6815,8.62,2.86,ml,40.0,39.0,0.06139,0.13,ci,ci38478183,2021-11-12T22:21:37.940Z,"21km ESE of Little Lake, CA",earthquake,0.11,0.27,0.22,23.0,reviewed,ci,ci
2019-07-07T18:05:57.760Z,35.9291667,-117.7158333,2.07,3.07,ml,56.0,33.0,0.05631,0.14,ci,ci38478335,2021-11-16T22:08:32.060Z,"17km E of Little Lake, CA",earthquake,0.1,0.17,0.144,86.0,reviewed,ci,ci
2019-07-07T18:07:36.300Z,35.8755,-117.6835,3.76,2.65,ml,34.0,43.0,0.07709,0.13,ci,ci38478343,2021-11-12T22:37:38.090Z,"21km ESE of Little Lake, CA",earthquake,0.14,0.42,0.133,26.0,reviewed,ci,ci
2019-07-07T18:19:19.940Z,35.8883333,-117.7325,5.2,3.1,ml,60.0,34.0,0.08384,0.14,ci,ci38478423,2021-11-16T22:12:37.790Z,"17km ESE of Little Lake, CA",earthquake,0.09,0.35,0.164,100.0,reviewed,ci,ci
2019-07-07T18:27:58.780Z,35.9151667,-117.7083333,4.95,2.52,ml,38.0,36.0,0.05726,0.12,ci,ci38478503,2021-11-12T00:24:24.780Z,"18km E of Little Lake, CA",earthquake,0.12,0.48,0.134,23.0,reviewed,ci,ci
2019-07-07T18:40:35.890Z,36.0821667,-117.8406667,3.69,2.59,ml,22.0,52.0,0.03716,0.13,ci,ci38478647,2021-11-13T01:11:29.030Z,"10km ENE of Coso Junction, CA",earthquake,0.24,0.49,0.256,25.0,automatic,ci,ci
2019-07-07T18:50:02.290Z,35.5976667,-117.4283333,6.07,3.59,mw,69.0,26.0,0.02977,0.14,ci,ci38478703,2021-11-17T21:00:28.080Z,"19km S of Searles Valley, CA",earthquake,0.11,0.24,,4.0,reviewed,ci,ci
2019-07-07T19:00:51.300Z,35.6546667,-117.4721667,3.2,3.35,ml,67.0,24.0,0.0685,0.14,ci,ci38478823,2022-09-24T02:10:56.817Z,"14km SSW of Searles Valley, CA",earthquake,0.1,0.23,0.155,179.0,reviewed,ci,ci
2019-07-07T19:12:35.660Z,35.8165,-117.6318333,3.1,2.54,ml,37.0,39.0,0.02791,0.13,ci,ci38478911,2021-11-12T19:23:24.120Z,"21km WNW of Searles Valley, CA",earthquake,0.12,0.23,0.161,25.0,reviewed,ci,ci
2019-07-07T19:24:20.520Z,35.9185,-117.7283333,5.94,2.67,ml,34.0,39.0,0.06974,0.12,ci,ci38478999,2021-11-12T22:51:09.450Z,"16km E of Little Lake, CA",earthquake,0.12,0.38,0.172,26.0,reviewed,ci,ci
2019-07-07T19:24:54.550Z,35.8791667,-117.7098333,5.0,2.68,ml,34.0,42.0,0.08345,0.13,ci,ci38479007,2021-11-12T23:07:49.080Z,"19km ESE of Little Lake, CA",earthquake,0.13,0.35,0.116,42.0,reviewed,ci,ci
2019-07-07T19:28:09.920Z,35.8335,-117.658,6.04,2.68,ml,31.0,43.0,0.05226,0.14,ci,ci38479031,2021-11-12T22:57:59.649Z,"24km N of Ridgecrest, CA",earthquake,0.19,0.47,0.25,25.0,reviewed,ci,ci
2019-07-07T19:37:10.170Z,35.656,-117.5243333,10.94,3.14,ml,60.0,37.0,0.08586,0.13,ci,ci38479143,2021-11-16T22:21:44.530Z,"14km ENE of Ridgecrest, CA",earthquake,0.1,0.21,0.136,173.0,reviewed,ci,ci
2019-07-07T19:48:36.830Z,35.9386667,-117.6995,2.38,3.03,ml,41.0,33.0,0.04091,0.13,ci,ci38479239,2021-11-16T22:01:11.358Z,"19km E of Little Lake, CA",earthquake,0.11,0.18,0.138,56.0,reviewed,ci,ci
2019-07-07T19:48:43.030Z,35.9378333,-117.7026667,1.84,2.89,ml,13.0,73.0,0.0436,0.08,ci,ci37366852,2021-11-17T21:15:38.700Z,"18km E of Little Lake, CA",earthquake,0.19,0.27,0.126,13.0,reviewed,ci,ci
2019-07-07T19:51:30.610Z,35.6668333,-117.498,10.24,2.8,ml,38.0,63.0,0.0853,0.14,ci,ci38479263,2021-11-12T22:52:20.580Z,"14km SW of Searles Valley, CA",earthquake,0.15,0.34,0.15,20.0,reviewed,ci,ci
2019-07-07T20:09:08.130Z,35.7958333,-117.6271667,4.01,2.54,ml,34.0,52.0,0.03124,0.12,ci,ci38479439,2021-11-12T19:22:14.980Z,"20km NNE of Ridgecrest, CA",earthquake,0.13,0.27,0.159,26.0,reviewed,ci,ci
2019-07-07T20:14:01.240Z,35.9035,-117.701,2.1,2.52,ml,31.0,38.0,0.06042,0.12,ci,ci38479511,2021-11-12T00:36:48.860Z,"19km E of Little Lake, CA",earthquake,0.13,0.2,0.16,25.0,reviewed,ci,ci
2019-07-07T20:14:04.240Z,35.9163333,-117.7296667,2.47,2.52,ml,9.0,75.0,0.07164,0.21,ci,ci37485701,2021-11-12T01:43:44.671Z,"16km E of Little Lake, CA",earthquake,0.43,0.59,0.31,4.0,reviewed,ci,ci
2019-07-07T20:30:36.090Z,35.6373333,-117.4711667,4.16,2.67,ml,39.0,65.0,0.05125,0.15,ci,ci38479655,2021-11-12T23:15:16.680Z,"16km SSW of Searles Valley, CA",earthquake,0.16,0.37,0.18,25.0,reviewed,ci,ci
2019-07-07T20:46:12.220Z,35.5905,-117.3798333,4.13,2.68,ml,16.0,137.0,0.06659,0.16,ci,ci38479775,2019-07-08T00:24:07.793Z,"19km S of Trona, CA",earthquake,0.49,0.87,0.261,117.0,reviewed,ci,ci
2019-07-07T20:46:41.090Z,35.8136667,-117.5946667,9.7,3.13,ml,56.0,43.0,0.003102,0.16,ci,ci38479783,2021-11-16T22:20:35.604Z,"18km WNW of Searles Valley, CA",earthquake,0.12,0.22,0.15,176.0,reviewed,ci,ci
2019-07-07T20:54:00.980Z,35.8708333,-117.648,10.06,2.5,ml,27.0,57.0,0.06859,0.1,ci,ci38479855,2021-11-11T20:19:13.040Z,"24km ESE of Little Lake, CA",earthquake,0.13,0.28,0.171,26.0,reviewed,ci,ci
2019-07-07T21:02:51.730Z,35.777,-117.6046667,9.13,3.47,ml,60.0,53.0,0.007641,0.14,ci,ci38479903,2020-03-16T19:11:43.139Z,"18km W of Searles Valley, CA",earthquake,0.11,0.22,0.161,52.0,reviewed,ci,ci
2019-07-07T21:15:29.660Z,35.9458333,-117.6898333,2.42,3.79,mw,61.0,32.0,0.03208,0.16,ci,ci38479967,2020-02-10T22:24:20.024Z,"20km E of Little Lake, CA",earthquake,0.1,0.18,,4.0,reviewed,ci,ci
2019-07-07T21:20:51.450Z,35.9391667,-117.6896667,2.68,2.74,ml,37.0,48.0,0.03305,0.16,ci,ci38479991,2021-11-12T23:24:47.187Z,"20km E of Little Lake, CA",earthquake,0.16,0.29,0.124,25.0,reviewed,ci,ci
2019-07-07T21:41:11.280Z,35.9481667,-117.7248333,2.52,2.59,ml,34.0,43.0,0.06041,0.13,ci,ci38480119,2021-11-12T22:28:13.730Z,"16km E of Little Lake, CA",earthquake,0.14,0.23,0.172,26.0,reviewed,ci,ci
2019-07-07T21:41:24.630Z,35.8568333,-117.6811667,10.35,2.73,ml,28.0,44.0,0.07939,0.15,ci,ci38480127,2021-11-16T18:50:19.863Z,"22km ESE of Little Lake, CA",earthquake,0.2,0.45,0.174,26.0,reviewed,ci,ci
2019-07-07T22:00:51.070Z,35.9395,-117.6903333,2.5,2.91,ml,38.0,33.0,0.03349,0.16,ci,ci38480255,2021-11-16T21:57:20.510Z,"20km E of Little Lake, CA",earthquake,0.12,0.2,0.165,19.0,reviewed,ci,ci
2019-07-07T22:07:48.560Z,35.6486667,-117.4496667,3.16,2.81,ml,41.0,67.0,0.06287,0.14,ci,ci38480287,2021-11-16T19:03:54.550Z,"14km SSW of Searles Valley, CA",earthquake,0.15,0.32,0.133,22.0,reviewed,ci,ci
2019-07-07T22:23:08.510Z,35.5731667,-117.518,10.11,2.67,ml,43.0,37.0,0.04739,0.14,ci,ci38480391,2021-11-12T23:17:27.520Z,"15km ESE of Ridgecrest, CA",earthquake,0.14,0.31,0.19,18.0,reviewed,ci,ci
2019-07-07T22:23:27.600Z,35.8853333,-117.734,7.67,2.51,ml,28.0,58.0,0.08061,0.09,ci,ci37347644,2021-11-12T01:33:56.648Z,"17km ESE of Little Lake, CA",earthquake,0.11,0.36,0.132,13.0,reviewed,ci,ci
2019-07-07T22:27:34.480Z,35.9251667,-117.6761667,1.92,2.84,ml,39.0,35.0,0.03086,0.16,ci,ci38480415,2021-11-12T21:52:38.550Z,"21km E of Little Lake, CA",earthquake,0.12,0.2,0.134,21.0,reviewed,ci,ci
2019-07-07T22:33:21.390Z,35.683,-117.529,1.46,3.52,ml,66.0,37.0,0.05258,0.15,ci,ci38480447,2020-02-10T22:27:59.830Z,"15km SW of Searles Valley, CA",earthquake,0.11,0.21,0.142,215.0,reviewed,ci,ci
2019-07-07T22:35:23.440Z,35.8211667,-117.6526667,8.05,2.9,ml,46.0,30.0,0.04515,0.13,ci,ci38480463,2021-11-16T21:58:24.260Z,"22km N of Ridgecrest, CA",earthquake,0.11,0.31,0.139,24.0,reviewed,ci,ci
2019-07-07T22:42:47.490Z,35.6083333,-117.459,6.01,2.55,ml,37.0,66.0,0.02194,0.14,ci,ci38480519,2021-11-12T19:25:39.460Z,"18km SSW of Searles Valley, CA",earthquake,0.17,0.39,0.163,25.0,reviewed,ci,ci
2019-07-07T22:52:52.840Z,35.6405,-117.5536667,7.09,3.38,ml,69.0,37.0,0.08306,0.12,ci,ci38480559,2020-03-16T19:19:39.630Z,"11km E of Ridgecrest, CA",earthquake,0.09,0.25,0.17,54.0,reviewed,ci,ci
2019-07-07T23:02:24.490Z,35.5456667,-117.414,4.93,3.13,ml,55.0,26.0,0.04533,0.14,ci,ci38480631,2021-11-16T22:19:18.881Z,"24km S of Trona, CA",earthquake,0.13,0.2,0.124,184.0,reviewed,ci,ci
2019-07-07T23:21:35.610Z,35.8671667,-117.708,7.5,2.75,ml,36.0,51.0,0.07454,0.15,ci,ci38480775,2024-01-29T21:38:26.041Z,"20km ESE of Little Lake, CA",quarry blast,0.16,0.47,0.15,25.0,reviewed,ci,ci
2019-07-07T23:33:28.310Z,35.6866667,-117.5398333,10.62,2.58,ml,38.0,60.0,0.04419,0.13,ci,ci38480855,2021-11-12T22:14:24.850Z,"14km ENE of Ridgecrest, CA",earthquake,0.15,0.29,0.129,25.0,reviewed,ci,ci
2019-07-07T23:36:56.940Z,35.8303333,-117.6685,4.97,3.93,mw,66.0,22.0,0.0595,0.15,ci,ci38480919,2021-11-17T20:57:25.280Z,"23km N of Ridgecrest, CA",earthquake,0.09,0.22,,4.0,reviewed,ci,ci
2019-07-07T23:44:57.550Z,35.559,-117.3853333,9.93,3.45,mlr,65.0,30.0,0.03798,0.14,ci,ci38480967,2020-03-16T19:25:46.350Z,"23km S of Trona, CA",earthquake,0.12,0.21,0.155,68.0,reviewed,ci,ci
2019-07-07T23:45:25.550Z,35.6761667,-117.4888333,3.01,3.4,ml,37.0,63.0,0.08185,0.16,ci,ci38480975,2021-11-17T20:47:57.521Z,"13km SW of Searles Valley, CA",earthquake,0.17,0.29,0.162,68.0,reviewed,ci,ci
2019-07-08T00:13:25.810Z,35.83,-117.6643333,5.8,3.12,ml,61.0,22.0,0.05614,0.12,ci,ci38481167,2021-11-23T21:23:39.150Z,"23km N of Ridgecrest, CA",earthquake,0.08,0.26,0.129,143.0,reviewed,ci,ci
2019-07-08T00:29:31.820Z,35.5741667,-117.3641667,4.05,2.77,ml,44.0,51.0,0.04911,0.16,ci,ci38481279,2021-11-23T22:46:26.020Z,"21km S of Trona, CA",earthquake,0.17,0.4,0.095,20.0,reviewed,ci,ci
2019-07-08T01:36:58.300Z,36.1135,-117.8813333,4.97,3.76,mw,61.0,53.0,0.02182,0.16,ci,ci38481735,2021-11-23T22:32:25.810Z,"10km NE of Coso Junction, CA",earthquake,0.14,0.34,,4.0,reviewed,ci,ci
2019-07-08T01:37:07.910Z,35.9045,-117.6978333,9.08,3.5,ml,25.0,45.0,0.05796,0.13,ci,ci37264764,2021-11-23T22:23:26.505Z,"19km E of Little Lake, CA",earthquake,0.2,0.45,0.097,11.0,reviewed,ci,ci
2019-07-08T01:38:21.060Z,36.1096667,-117.8763333,5.59,2.8,ml,29.0,53.0,0.0191,0.14,ci,ci38481743,2021-11-23T22:43:47.786Z,"10km NE of Coso Junction, CA",earthquake,0.18,0.34,0.214,19.0,reviewed,ci,ci
2019-07-08T01:57:20.340Z,35.8886667,-117.7296667,2.78,2.66,ml,43.0,24.0,0.0849,0.15,ci,ci38481863,2021-11-17T21:44:10.650Z,"17km ESE of Little Lake, CA",earthquake,0.11,0.26,0.17,24.0,reviewed,ci,ci
2019-07-08T02:24:15.710Z,35.732,-117.5471667,6.89,2.78,ml,53.0,57.0,0.02229,0.16,ci,ci38482047,2021-11-12T19:47:39.770Z,"14km WSW of Searles Valley, CA",earthquake,0.13,0.26,0.172,27.0,reviewed,ci,ci
2019-07-08T02:24:23.770Z,35.6426667,-117.4498333,5.77,2.76,ml,22.0,67.0,0.03091,0.2,ci,ci37485741,2021-11-23T22:46:56.243Z,"14km SSW of Searles Valley, CA",earthquake,0.24,0.47,0.094,8.0,reviewed,ci,ci
2019-07-08T02:42:28.850Z,35.6655,-117.482,9.91,2.69,ml,45.0,39.0,0.04749,0.16,ci,ci38482167,2021-11-17T20:20:22.704Z,"13km SSW of Searles Valley, CA",earthquake,0.15,0.27,0.136,23.0,reviewed,ci,ci
2019-07-08T02:46:22.320Z,35.8883333,-117.7301667,3.99,2.68,ml,43.0,31.0,0.08445,0.17,ci,ci38482207,2021-11-23T22:55:12.690Z,"17km ESE of Little Lake, CA",earthquake,0.13,0.35,0.166,22.0,reviewed,ci,ci
2019-07-08T03:12:26.590Z,35.6655,-117.5043333,8.31,3.07,ml,66.0,35.0,0.06568,0.12,ci,ci38482375,2021-11-23T21:18:20.210Z,"14km SW of Searles Valley, CA",earthquake,0.09,0.24,0.14,162.0,reviewed,ci,ci
2019-07-08T03:15:15.040Z,35.3745,-117.8418333,3.57,2.7,ml,54.0,35.0,0.1069,0.15,ci,ci38482383,2021-11-16T22:11:34.920Z,"19km W of Johannesburg, CA",earthquake,0.13,0.52,0.17,26.0,reviewed,ci,ci
2019-07-08T03:37:06.560Z,35.6888333,-117.549,10.42,2.62,ml,38.0,39.0,0.03833,0.18,ci,ci37369252,2021-11-23T18:36:08.219Z,"14km ENE of Ridgecrest, CA",earthquake,0.19,0.31,0.123,7.0,reviewed,ci,ci
2019-07-08T03:45:33.640Z,35.8676667,-117.7001667,6.63,2.54,ml,49.0,24.0,0.07902,0.16,ci,ci38482615,2021-11-23T23:16:02.740Z,"20km ESE of Little Lake, CA",earthquake,0.12,0.33,0.184,21.0,reviewed,ci,ci
2019-07-08T03:51:36.310Z,35.9026667,-117.6976667,3.81,2.62,ml,42.0,25.0,0.05925,0.13,ci,ci38482663,2021-11-17T22:17:45.700Z,"19km ESE of Little Lake, CA",earthquake,0.1,0.3,0.178,25.0,reviewed,ci,ci
2019-07-08T03:52:01.780Z,35.6583333,-117.522,1.77,2.52,ml,39.0,38.0,0.07574,0.15,ci,ci38482671,2021-11-23T23:17:10.460Z,"14km ENE of Ridgecrest, CA",earthquake,0.14,0.22,0.128,20.0,reviewed,ci,ci
2019-07-08T03:54:14.430Z,36.1133333,-117.8755,5.36,2.72,ml,45.0,53.0,0.01724,0.13,ci,ci38482695,2021-11-16T21:05:32.330Z,"10km NE of Coso Junction, CA",earthquake,0.12,0.28,0.188,24.0,reviewed,ci,ci
2019-07-08T04:03:07.840Z,35.611,-117.3876667,3.34,3.15,ml,61.0,25.0,0.06146,0.14,ci,ci38482775,2021-11-23T21:55:18.310Z,"17km S of Trona, CA",earthquake,0.11,0.18,0.131,128.0,reviewed,ci,ci
2019-07-08T04:29:09.620Z,36.1178333,-117.8813333,5.72,2.79,ml,44.0,57.0,0.02144,0.15,ci,ci38482983,2021-11-16T20:10:02.910Z,"10km NE of Coso Junction, CA",earthquake,0.15,0.29,0.28,23.0,reviewed,ci,ci
2019-07-08T04:39:49.360Z,36.1225,-117.8566667,4.11,2.84,ml,40.0,54.0,0.005123,0.14,ci,ci38483063,2021-11-12T21:37:19.760Z,"12km NE of Coso Junction, CA",earthquake,0.15,0.25,0.183,23.0,reviewed,ci,ci
2019-07-08T04:43:16.110Z,36.0228333,-117.846,1.93,2.59,ml,40.0,52.0,0.03902,0.12,ci,ci38483087,2021-11-19T21:46:53.540Z,"10km ESE of Coso Junction, CA",earthquake,0.12,0.15,0.193,23.0,reviewed,ci,ci
2019-07-08T04:49:48.120Z,35.6445,-117.4218333,4.17,2.83,ml,50.0,50.0,0.02063,0.15,ci,ci38483119,2021-11-12T21:25:31.290Z,"14km S of Searles Valley, CA",earthquake,0.13,0.26,0.129,22.0,reviewed,ci,ci
2019-07-08T04:53:58.890Z,36.1135,-117.8833333,5.44,2.51,ml,47.0,57.0,0.02341,0.2,ci,ci38483151,2021-11-23T19:10:20.304Z,"10km NE of Coso Junction, CA",earthquake,0.19,0.4,0.265,26.0,reviewed,ci,ci
2019-07-08T04:59:54.440Z,35.9603333,-117.2808333,5.06,2.83,ml,48.0,34.0,0.06927,0.16,ci,ci38483199,2021-11-12T20:31:53.660Z,"24km NNE of Trona, CA",earthquake,0.13,0.6,0.158,24.0,reviewed,ci,ci
2019-07-08T05:02:10.410Z,35.8738333,-117.72,8.05,3.02,ml,58.0,22.0,0.07465,0.14,ci,ci38483215,2021-11-23T21:17:05.940Z,"18km ESE of Little Lake, CA",earthquake,0.1,0.3,0.179,95.0,reviewed,ci,ci
2019-07-08T05:12:46.620Z,36.1133333,-117.8795,6.07,2.55,ml,31.0,56.0,0.0204,0.12,ci,ci38483295,2021-11-23T18:58:39.478Z,"10km NE of Coso Junction, CA",earthquake,0.16,0.29,0.156,18.0,reviewed,ci,ci
2019-07-08T05:13:38.220Z,35.8921667,-117.7308333,2.1,2.57,ml,39.0,35.0,0.08578,0.13,ci,ci38483303,2021-11-19T22:29:14.620Z,"17km ESE of Little Lake, CA",earthquake,0.11,0.19,0.15,20.0,reviewed,ci,ci
2019-07-08T05:13:56.520Z,35.6168333,-117.5868333,6.92,2.5,ml,29.0,63.0,0.08169,0.18,ci,ci37368180,2021-11-19T22:40:10.073Z,"8km E of Ridgecrest, CA",earthquake,0.2,0.57,0.14,10.0,reviewed,ci,ci
2019-07-08T05:15:02.730Z,35.677,-117.5441667,4.95,3.22,ml,67.0,19.0,0.05061,0.13,ci,ci38483327,2021-11-23T22:14:16.660Z,"13km ENE of Ridgecrest, CA",earthquake,0.08,0.18,0.138,144.0,reviewed,ci,ci
2019-07-08T05:18:54.500Z,35.9186667,-117.7396667,4.25,2.8,ml,45.0,23.0,0.07035,0.12,ci,ci38483343,2021-11-16T19:34:36.034Z,"15km E of Little Lake, CA",earthquake,0.1,0.25,0.242,22.0,reviewed,ci,ci
2019-07-08T05:24:16.810Z,35.9476667,-117.722,2.75,3.3,ml,56.0,31.0,0.05811,0.12,ci,ci38483383,2021-11-23T22:17:47.810Z,"17km E of Little Lake, CA",earthquake,0.09,0.2,0.14,125.0,reviewed,ci,ci
2019-07-08T05:43:11.160Z,35.8706667,-117.7101667,4.36,2.81,ml,48.0,22.0,0.07627,0.16,ci,ci38483527,2021-11-16T18:21:26.061Z,"19km ESE of Little Lake, CA",earthquake,0.12,0.32,0.179,26.0,reviewed,ci,ci
2019-07-08T05:54:05.090Z,35.8751667,-117.7095,8.52,3.49,ml,61.0,25.0,0.08026,0.15,ci,ci38483591,2021-11-23T22:21:30.420Z,"19km ESE of Little Lake, CA",earthquake,0.11,0.29,0.171,52.0,reviewed,ci,ci
2019-07-08T06:10:21.010Z,36.1658333,-117.8748333,2.3,2.51,ml,35.0,55.0,0.0508,0.15,ci,ci38483671,2021-11-23T19:36:41.662Z,"15km NNE of Coso Junction, CA",earthquake,0.16,0.35,0.205,21.0,reviewed,ci,ci
2019-07-08T06:18:08.550Z,35.9596667,-117.278,3.35,3.15,ml,59.0,23.0,0.06871,0.16,ci,ci38483743,2021-11-23T21:58:30.470Z,"24km NNE of Trona, CA",earthquake,0.12,0.4,0.134,102.0,reviewed,ci,ci
2019-07-08T06:45:16.580Z,35.73,-117.5671667,7.37,3.1,ml,62.0,38.0,0.008506,0.13,ci,ci38483983,2020-03-16T21:54:57.077Z,"15km WSW of Searles Valley, CA",earthquake,0.09,0.25,0.172,154.0,reviewed,ci,ci
2019-07-08T06:47:20.580Z,35.8933333,-117.726,2.7,2.68,ml,49.0,25.0,0.08205,0.14,ci,ci38483999,2021-11-16T23:23:27.790Z,"17km ESE of Little Lake, CA",earthquake,0.1,0.22,0.106,23.0,reviewed,ci,ci
2019-07-08T07:18:34.580Z,35.5498333,-117.377,2.6,3.56,ml,70.0,27.0,0.02683,0.17,ci,ci38484231,2021-11-23T22:31:15.630Z,"24km S of Trona, CA",earthquake,0.13,0.19,0.183,68.0,reviewed,ci,ci
2019-07-08T07:28:32.250Z,35.6616667,-117.4923333,8.34,2.54,ml,37.0,36.0,0.05601,0.12,ci,ci38484295,2021-11-17T21:29:58.700Z,"14km SW of Searles Valley, CA",earthquake,0.13,0.29,0.123,15.0,reviewed,ci,ci
2019-07-08T07:28:34.810Z,35.831,-117.6476667,7.08,2.62,ml,22.0,65.0,0.07187,0.13,ci,ci37366860,2021-11-17T21:31:17.731Z,"23km WNW of Searles Valley, CA",earthquake,0.25,0.44,0.168,2.0,reviewed,ci,ci
2019-07-08T07:31:58.400Z,36.1566667,-117.8738333,2.63,3.55,ml,64.0,51.0,0.04192,0.17,ci,ci38484311,2021-11-23T22:28:06.420Z,"14km NNE of Coso Junction, CA",earthquake,0.12,0.36,0.131,42.0,reviewed,ci,ci
2019-07-08T07:35:49.240Z,35.8885,-117.6985,4.08,2.59,ml,42.0,27.0,0.07099,0.14,ci,ci38484327,2021-11-19T21:28:37.190Z,"20km ESE of Little Lake, CA",earthquake,0.11,0.29,0.178,22.0,reviewed,ci,ci
2019-07-08T07:42:20.890Z,35.6388333,-117.4431667,6.11,2.55,ml,42.0,68.0,0.03066,0.13,ci,ci38484367,2021-11-19T20:32:17.810Z,"15km SSW of Searles Valley, CA",earthquake,0.14,0.33,0.142,26.0,reviewed,ci,ci
2019-07-08T07:52:28.080Z,36.0546667,-117.8545,1.8,2.88,ml,43.0,53.0,0.05513,0.14,ci,ci38484479,2021-11-12T20:03:00.960Z,"8km E of Coso Junction, CA",earthquake,0.13,0.16,0.173,22.0,reviewed,ci,ci
2019-07-08T08:12:33.280Z,35.569,-117.4035,3.47,2.51,ml,44.0,64.0,0.05094,0.15,ci,ci38484599,2021-11-23T23:15:53.430Z,"22km S of Trona, CA",earthquake,0.15,0.33,0.196,23.0,reviewed,ci,ci
2019-07-08T08:18:08.640Z,36.1233333,-117.854,4.14,2.57,ml,46.0,54.0,0.005783,0.16,ci,ci38484615,2021-11-17T23:23:17.740Z,"12km NE of Coso Junction, CA",earthquake,0.14,0.24,0.187,24.0,reviewed,ci,ci
2019-07-08T08:20:02.410Z,36.1208333,-117.8575,3.71,3.9,mw,68.0,51.0,0.003887,0.17,ci,ci38484631,2021-11-23T22:38:10.600Z,"12km NE of Coso Junction, CA",earthquake,0.12,0.26,,4.0,reviewed,ci,ci
2019-07-08T09:00:20.930Z,35.5326667,-117.3545,4.62,2.69,ml,48.0,68.0,0.01123,0.16,ci,ci38484919,2021-11-16T19:57:43.151Z,"26km S of Trona, CA",earthquake,0.18,0.35,0.101,24.0,reviewed,ci,ci
2019-07-08T09:17:28.070Z,35.7645,-117.5696667,6.91,2.72,ml,51.0,56.0,0.02515,0.15,ci,ci38485087,2021-11-16T21:29:57.320Z,"15km W of Searles Valley, CA",earthquake,0.13,0.26,0.145,23.0,reviewed,ci,ci
2019-07-08T09:37:07.340Z,35.6838333,-117.4788333,2.98,2.66,ml,41.0,52.0,0.04863,0.15,ci,ci38485271,2021-11-16T20:20:07.240Z,"12km SW of Searles Valley, CA",earthquake,0.14,0.21,0.17,26.0,reviewed,ci,ci
2019-07-08T09:57:10.970Z,35.6541667,-117.4618333,9.65,3.5,mw,79.0,24.0,0.03294,0.15,ci,ci38485391,2021-11-23T22:25:44.470Z,"14km SSW of Searles Valley, CA",earthquake,0.1,0.21,,6.0,reviewed,ci,ci
2019-07-08T10:11:22.890Z,36.1191667,-117.856,4.75,2.75,ml,42.0,54.0,0.001833,0.12,ci,ci38485487,2021-11-23T22:51:47.710Z,"12km NE of Coso Junction, CA",earthquake,0.13,0.31,0.146,23.0,reviewed,ci,ci
2019-07-08T10:44:12.700Z,35.9015,-117.7296667,5.62,2.8,ml,55.0,25.0,0.07928,0.16,ci,ci38485711,2021-11-12T22:12:13.980Z,"16km ESE of Little Lake, CA",earthquake,0.1,0.35,0.257,27.0,reviewed,ci,ci
2019-07-08T11:23:22.590Z,35.9073333,-117.7075,4.96,3.16,ml,61.0,24.0,0.06155,0.14,ci,ci38486063,2021-11-23T22:08:03.760Z,"18km E of Little Lake, CA",earthquake,0.09,0.41,0.168,90.0,reviewed,ci,ci
2019-07-08T11:25:48.190Z,36.0306667,-117.8466667,2.26,2.9,ml,46.0,52.0,0.0422,0.12,ci,ci38486087,2021-11-23T20:50:44.110Z,"9km E of Coso Junction, CA",earthquake,0.12,0.15,0.238,26.0,reviewed,ci,ci
2019-07-08T11:34:56.180Z,35.9478333,-117.7241667,3.39,2.98,ml,56.0,31.0,0.05987,0.16,ci,ci38486199,2021-11-23T21:15:52.110Z,"16km E of Little Lake, CA",earthquake,0.11,0.32,0.114,78.0,reviewed,ci,ci
2019-07-08T11:45:02.810Z,35.8973333,-117.7346667,2.53,2.75,ml,46.0,24.0,0.08501,0.14,ci,ci38486295,2021-11-16T18:58:57.366Z,"16km ESE of Little Lake, CA",earthquake,0.11,0.21,0.173,25.0,reviewed,ci,ci
2019-07-08T12:07:38.750Z,35.6231667,-117.4338333,7.8,2.6,ml,44.0,60.0,0.04267,0.14,ci,ci38486535,2021-11-17T23:59:44.090Z,"16km S of Searles Valley, CA",earthquake,0.14,0.32,0.136,26.0,reviewed,ci,ci
2019-07-08T12:14:57.890Z,35.626,-117.4373333,9.99,3.47,mlr,72.0,25.0,0.04059,0.14,ci,ci38486591,2022-08-08T14:40:39.799Z,"16km S of Searles Valley, CA",earthquake,0.11,0.19,0.162,65.0,reviewed,ci,ci
2019-07-08T12:21:28.510Z,35.6691667,-117.525,8.59,3.18,ml,64.0,23.0,0.06541,0.13,ci,ci38486639,2021-12-03T01:31:29.870Z,"15km ENE of Ridgecrest, CA",earthquake,0.1,0.23,0.154,167.0,reviewed,ci,ci
2019-07-08T12:38:36.410Z,36.0563333,-117.858,1.64,2.64,ml,45.0,53.0,0.05515,0.15,ci,ci38486807,2021-11-17T21:12:03.150Z,"8km E of Coso Junction, CA",earthquake,0.13,0.18,0.206,25.0,reviewed,ci,ci
2019-07-08T12:42:38.170Z,35.7151667,-117.57,6.51,3.1,ml,65.0,33.0,0.007381,0.13,ci,ci38486831,2020-03-17T17:11:03.030Z,"14km NE of Ridgecrest, CA",earthquake,0.09,0.19,0.165,158.0,reviewed,ci,ci
2019-07-08T12:59:28.610Z,36.0311667,-117.8465,2.41,2.6,ml,51.0,52.0,0.04258,0.13,ci,ci38486959,2021-11-17T21:59:21.070Z,"9km E of Coso Junction, CA",earthquake,0.1,0.13,0.266,28.0,reviewed,ci,ci
2019-07-08T13:03:48.910Z,35.9263333,-117.6846667,3.0,2.64,ml,45.0,30.0,0.03518,0.15,ci,ci38487015,2021-11-17T21:53:17.730Z,"20km E of Little Lake, CA",earthquake,0.11,0.34,0.152,23.0,reviewed,ci,ci
2019-07-08T13:29:06.720Z,36.0351667,-117.3526667,6.93,2.7,ml,26.0,77.0,0.1128,0.16,ci,ci38487231,2021-11-23T22:57:12.913Z,"30km N of Searles Valley, CA",earthquake,0.22,0.87,0.14,6.0,reviewed,ci,ci
2019-07-08T13:39:06.980Z,35.5505,-117.3803333,3.63,2.6,ml,40.0,65.0,0.02857,0.17,ci,ci38487351,2021-11-16T23:03:09.520Z,"24km S of Trona, CA",earthquake,0.21,0.41,0.179,11.0,reviewed,ci,ci
2019-07-08T13:58:19.180Z,35.5593333,-117.3916667,2.41,3.15,ml,50.0,49.0,0.04083,0.15,ci,ci38487519,2021-11-23T21:59:40.510Z,"23km S of Trona, CA",earthquake,0.14,0.22,0.136,113.0,reviewed,ci,ci
2019-07-08T14:09:19.660Z,35.5838333,-117.379,3.4,2.82,ml,45.0,42.0,0.05993,0.17,ci,ci38487615,2021-11-12T20:21:18.920Z,"20km S of Trona, CA",earthquake,0.16,0.45,0.175,23.0,reviewed,ci,ci
2019-07-08T14:27:20.170Z,35.7733333,-117.6018333,8.65,2.61,ml,43.0,54.0,0.003317,0.15,ci,ci38487807,2021-11-17T23:04:06.590Z,"18km W of Searles Valley, CA",earthquake,0.13,0.26,0.129,23.0,reviewed,ci,ci
2019-07-08T14:31:01.380Z,35.6588333,-117.4868333,5.09,3.26,ml,70.0,21.0,0.05181,0.13,ci,ci38487839,2022-08-08T14:41:28.330Z,"14km SSW of Searles Valley, CA",earthquake,0.09,0.22,0.155,121.0,reviewed,ci,ci
2019-07-08T14:52:54.720Z,36.0338333,-117.3521667,5.05,2.58,ml,42.0,50.0,0.1135,0.15,ci,ci38488095,2021-11-17T22:44:54.370Z,"30km N of Searles Valley, CA",earthquake,0.14,0.84,0.194,21.0,reviewed,ci,ci
2019-07-08T15:35:47.970Z,35.9111667,-117.7326667,2.69,2.61,ml,48.0,25.0,0.07618,0.16,ci,ci38488519,2021-11-17T23:47:38.370Z,"16km E of Little Lake, CA",earthquake,0.11,0.23,0.119,23.0,reviewed,ci,ci
2019-07-08T16:04:28.280Z,35.678,-117.5103333,4.3,3.83,mw,79.0,23.0,0.06689,0.16,ci,ci38488719,2022-06-16T17:45:24.940Z,"14km SW of Searles Valley, CA",earthquake,0.1,0.25,,6.0,reviewed,ci,ci
2019-07-08T16:09:15.380Z,35.8563333,-117.6938333,6.57,2.51,ml,29.0,38.0,0.07487,0.13,ci,ci37369300,2021-11-23T23:14:05.955Z,"21km ESE of Little Lake, CA",earthquake,0.16,0.35,0.145,12.0,reviewed,ci,ci
2019-07-08T16:09:57.580Z,35.6231667,-117.4311667,2.84,3.48,ml,72.0,25.0,0.0423,0.13,ci,ci38488767,2020-02-11T00:41:03.110Z,"16km S of Searles Valley, CA",earthquake,0.1,0.15,0.2,49.0,reviewed,ci,ci
2019-07-08T16:11:32.450Z,35.8751667,-117.6818333,9.58,2.71,ml,42.0,41.0,0.07694,0.15,ci,ci38488783,2021-11-23T22:52:56.510Z,"21km ESE of Little Lake, CA",earthquake,0.15,0.33,0.104,22.0,reviewed,ci,ci
2019-07-08T16:15:12.080Z,35.9341667,-117.6976667,2.74,2.56,ml,45.0,27.0,0.04075,0.13,ci,ci38488815,2022-08-08T14:42:21.824Z,"19km E of Little Lake, CA",earthquake,0.1,0.19,0.221,22.0,reviewed,ci,ci
2019-07-08T16:22:36.650Z,35.8901667,-117.7266667,3.45,2.88,ml,45.0,25.0,0.08458,0.17,ci,ci38488879,2021-11-23T20:41:22.170Z,"17km ESE of Little Lake, CA",earthquake,0.15,0.49,0.174,27.0,reviewed,ci,ci
2019-07-08T16:22:53.150Z,35.8916667,-117.7246667,4.33,2.94,ml,38.0,37.0,0.08237,0.12,ci,ci38488887,2021-11-23T21:04:40.386Z,"17km ESE of Little Lake, CA",earthquake,0.12,0.28,0.168,66.0,reviewed,ci,ci
2019-07-08T16:31:08.670Z,35.7418333,-117.5641667,9.35,3.03,ml,54.0,42.0,0.02039,0.13,ci,ci38488975,2020-03-17T23:48:30.540Z,"15km W of Searles Valley, CA",earthquake,0.11,0.2,0.13,100.0,reviewed,ci,ci
2019-07-08T16:45:26.130Z,35.8681667,-117.6788333,3.36,2.78,ml,45.0,30.0,0.08285,0.16,ci,ci38489103,2021-11-16T18:06:02.280Z,"22km ESE of Little Lake, CA",earthquake,0.12,0.47,0.228,26.0,reviewed,ci,ci
2019-07-08T16:55:10.350Z,35.6685,-117.5015,2.85,2.57,ml,45.0,35.0,0.06346,0.14,ci,ci38489183,2021-11-19T20:23:13.540Z,"14km SW of Searles Valley, CA",earthquake,0.12,0.21,0.157,24.0,reviewed,ci,ci
2019-07-08T17:02:34.090Z,35.6985,-117.5416667,6.04,2.55,ml,39.0,46.0,0.03427,0.12,ci,ci38489271,2021-11-24T21:23:29.460Z,"15km WSW of Searles Valley, CA",earthquake,0.14,0.31,0.149,23.0,reviewed,ci,ci
2019-07-08T17:05:03.380Z,35.6575,-117.46,2.99,2.56,ml,38.0,48.0,0.03054,0.12,ci,ci38489311,2021-11-24T21:39:56.840Z,"13km SSW of Searles Valley, CA",earthquake,0.13,0.22,0.129,25.0,reviewed,ci,ci
2019-07-08T17:29:55.450Z,36.1146667,-117.8366667,3.44,2.53,ml,12.0,130.0,0.01502,0.07,ci,ci37486301,2021-11-24T21:31:26.853Z,"13km NE of Coso Junction, CA",earthquake,0.28,0.45,0.077,3.0,reviewed,ci,ci
2019-07-08T17:30:03.450Z,35.8968333,-117.7316667,2.8,2.55,ml,31.0,41.0,0.08337,0.13,ci,ci38489543,2021-11-24T21:28:41.650Z,"16km ESE of Little Lake, CA",earthquake,0.15,0.41,0.162,26.0,reviewed,ci,ci
2019-07-08T17:48:02.600Z,36.125,-117.8548333,4.73,2.78,ml,39.0,53.0,0.007405,0.15,ci,ci38489711,2021-11-18T00:36:00.920Z,"12km NE of Coso Junction, CA",earthquake,0.19,0.4,0.266,25.0,reviewed,ci,ci
2019-07-08T17:50:01.470Z,35.6671667,-117.5003333,2.43,3.52,mw,72.0,32.0,0.06245,0.15,ci,ci38489727,2021-11-23T22:26:55.550Z,"14km SW of Searles Valley, CA",earthquake,0.09,0.17,,4.0,reviewed,ci,ci
2019-07-08T17:50:48.540Z,36.0553333,-117.8553333,1.73,2.88,ml,32.0,78.0,0.05535,0.11,ci,ci38489735,2021-11-23T20:47:57.932Z,"8km E of Coso Junction, CA",earthquake,0.12,0.15,0.161,17.0,reviewed,ci,ci
2019-07-08T17:53:47.170Z,35.555,-117.3123333,7.7,3.81,mw,84.0,28.0,0.05207,0.16,ci,ci38489751,2021-11-23T22:33:36.840Z,"24km SSE of Trona, CA",earthquake,0.1,0.29,,6.0,reviewed,ci,ci
2019-07-08T18:03:54.630Z,35.7398333,-117.5641667,3.82,3.02,ml,65.0,43.0,0.0185,0.14,ci,ci38489847,2020-03-19T20:51:03.930Z,"15km WSW of Searles Valley, CA",earthquake,0.1,0.22,0.143,96.0,reviewed,ci,ci
2019-07-08T18:10:19.710Z,35.6715,-117.494,2.62,3.23,ml,67.0,21.0,0.05761,0.13,ci,ci38489903,2021-11-23T22:16:29.050Z,"13km SW of Searles Valley, CA",earthquake,0.1,0.16,0.179,120.0,reviewed,ci,ci
2019-07-08T18:20:57.730Z,35.9156667,-117.6868333,2.8,2.96,ml,44.0,24.0,0.0437,0.15,ci,ci38490007,2021-11-23T21:12:23.910Z,"20km E of Little Lake, CA",earthquake,0.12,0.26,0.13,23.0,reviewed,ci,ci
2019-07-08T18:21:27.180Z,35.9193333,-117.6835,2.55,2.91,ml,39.0,34.0,0.03918,0.18,ci,ci38490015,2021-11-23T20:52:57.840Z,"20km E of Little Lake, CA",earthquake,0.15,0.32,0.15,25.0,reviewed,ci,ci
2019-07-08T19:45:21.870Z,35.9346667,-117.7318333,8.81,2.96,ml,56.0,23.0,0.0674,0.14,ci,ci38490727,2021-11-23T21:14:39.400Z,"16km E of Little Lake, CA",earthquake,0.11,0.24,0.197,75.0,reviewed,ci,ci
2019-07-08T19:47:56.560Z,36.054,-117.8533333,2.02,2.77,ml,26.0,53.0,0.05508,0.1,ci,ci38490759,2021-11-18T01:08:02.123Z,"9km E of Coso Junction, CA",earthquake,0.13,0.15,0.145,25.0,reviewed,ci,ci
2019-07-08T20:29:54.770Z,35.77,-117.589,4.19,2.72,ml,37.0,54.0,0.008716,0.16,ci,ci38491215,2021-11-23T22:50:38.800Z,"17km W of Searles Valley, CA",earthquake,0.2,0.31,0.126,26.0,reviewed,ci,ci
2019-07-08T20:42:15.630Z,35.9118333,-117.7348333,2.94,2.63,ml,36.0,37.0,0.07698,0.12,ci,ci38491343,2021-11-24T01:30:14.973Z,"16km E of Little Lake, CA",earthquake,0.13,0.61,0.164,24.0,reviewed,ci,ci
2019-07-08T20:49:34.390Z,35.5991667,-117.3981667,4.51,2.81,ml,41.0,72.0,0.0537,0.14,ci,ci38491423,2021-11-23T23:26:53.040Z,"18km S of Trona, CA",earthquake,0.17,0.36,0.118,25.0,reviewed,ci,ci
2019-07-08T21:05:58.710Z,35.9113333,-117.6963333,2.77,2.66,ml,35.0,44.0,0.05218,0.13,ci,ci38491655,2021-11-17T23:36:27.180Z,"19km E of Little Lake, CA",earthquake,0.13,0.3,0.131,24.0,reviewed,ci,ci
2019-07-08T21:33:36.980Z,35.8138333,-117.6378333,6.96,2.63,ml,42.0,40.0,0.03283,0.12,ci,ci38491879,2021-11-24T01:37:13.080Z,"22km WNW of Searles Valley, CA",earthquake,0.12,0.28,0.165,25.0,reviewed,ci,ci
2019-07-08T21:48:53.400Z,35.6453333,-117.4528333,3.1,2.89,ml,43.0,67.0,0.03088,0.13,ci,ci38492015,2021-11-23T20:49:35.550Z,"14km SSW of Searles Valley, CA",earthquake,0.14,0.2,0.19,25.0,reviewed,ci,ci
2019-07-08T22:18:49.260Z,35.9266667,-117.312,6.85,3.15,ml,60.0,30.0,0.04257,0.15,ci,ci38492271,2022-08-08T14:43:06.560Z,"19km NNE of Trona, CA",earthquake,0.12,0.31,0.156,80.0,reviewed,ci,ci
2019-07-08T22:25:39.650Z,35.6308333,-117.4328333,4.57,2.61,ml,37.0,69.0,0.03502,0.13,ci,ci38492343,2022-08-08T14:43:55.403Z,"15km S of Searles Valley, CA",earthquake,0.18,0.32,0.16,29.0,reviewed,ci,ci
2019-07-08T22:25:49.020Z,35.6325,-117.4321667,3.67,2.9,ml,24.0,97.0,0.03327,0.18,ci,ci37367164,2021-11-23T20:46:07.673Z,"15km S of Searles Valley, CA",earthquake,0.25,0.5,0.173,63.0,reviewed,ci,ci
2019-07-08T22:36:23.720Z,35.8905,-117.6923333,4.28,2.67,ml,38.0,32.0,0.06664,0.14,ci,ci38492423,2021-11-17T23:45:32.540Z,"20km ESE of Little Lake, CA",earthquake,0.13,0.32,0.155,24.0,reviewed,ci,ci
2019-07-08T22:57:40.960Z,36.0488333,-117.8461667,1.95,3.37,mlr,59.0,52.0,0.05447,0.17,ci,ci38492599,2021-11-23T22:19:08.550Z,"9km E of Coso Junction, CA",earthquake,0.13,0.18,0.18,40.0,reviewed,ci,ci
2019-07-08T23:23:41.570Z,35.6276667,-117.4293333,4.34,3.31,ml,64.0,25.0,0.03765,0.14,ci,ci38492831,2021-11-23T22:18:56.800Z,"16km S of Searles Valley, CA",earthquake,0.11,0.23,0.165,179.0,reviewed,ci,ci
2019-07-08T23:50:58.890Z,35.8553333,-117.6921667,7.89,2.67,ml,43.0,34.0,0.0753,0.17,ci,ci38493071,2021-11-24T21:04:33.480Z,"21km ESE of Little Lake, CA",earthquake,0.16,0.5,0.116,24.0,reviewed,ci,ci
2019-07-09T00:00:01.000Z,35.6793333,-117.5111667,5.0,3.22,ml,64.0,24.0,0.0655,0.14,ci,ci38493191,2021-12-03T00:41:57.160Z,"14km SW of Searles Valley, CA",earthquake,0.1,0.21,0.142,57.0,reviewed,ci,ci
2019-07-09T00:00:07.060Z,36.1328333,-117.8446667,5.14,3.01,ml,15.0,198.0,0.01731,0.11,ci,ci37265084,2020-03-20T00:56:54.564Z,"14km NE of Coso Junction, CA",earthquake,0.35,0.4,0.256,5.0,reviewed,ci,ci
2019-07-09T00:20:18.830Z,35.662,-117.4733333,4.32,2.77,ml,48.0,38.0,0.04055,0.15,ci,ci38493407,2021-11-24T18:51:06.779Z,"13km SSW of Searles Valley, CA",earthquake,0.12,0.28,0.149,25.0,reviewed,ci,ci
2019-07-09T00:57:30.690Z,35.8635,-117.693,8.49,3.06,ml,62.0,24.0,0.08011,0.14,ci,ci38493743,2021-12-03T00:24:17.800Z,"21km ESE of Little Lake, CA",earthquake,0.09,0.26,0.148,89.0,reviewed,ci,ci
2019-07-09T01:21:10.510Z,35.5323333,-117.3638333,8.25,2.53,ml,51.0,27.0,0.007389,0.16,ci,ci38494055,2021-12-01T17:59:41.767Z,"26km S of Trona, CA",earthquake,0.15,0.3,0.205,24.0,reviewed,ci,ci
2019-07-09T01:28:26.320Z,36.1131667,-117.8328333,2.81,2.73,ml,39.0,45.0,0.01837,0.14,ci,ci38494127,2021-12-02T23:09:49.160Z,"13km NE of Coso Junction, CA",earthquake,0.15,0.31,0.187,22.0,reviewed,ci,ci
2019-07-09T01:41:58.150Z,35.6428333,-117.4463333,6.15,2.58,ml,47.0,59.0,0.02889,0.16,ci,ci38494263,2021-12-01T17:14:07.165Z,"14km SSW of Searles Valley, CA",earthquake,0.15,0.31,0.169,21.0,reviewed,ci,ci
2019-07-09T04:02:54.020Z,35.9235,-117.4551667,7.05,3.56,mw,61.0,36.0,0.1195,0.16,ci,ci38495767,2020-02-11T01:16:54.506Z,"18km NNW of Searles Valley, CA",earthquake,0.12,0.47,,4.0,reviewed,ci,ci
2019-07-09T04:32:11.320Z,35.7121667,-117.55,4.53,2.94,ml,41.0,49.0,0.02054,0.13,ci,ci38496079,2021-12-03T00:18:04.220Z,"14km WSW of Searles Valley, CA",earthquake,0.13,0.24,0.138,74.0,reviewed,ci,ci
2019-07-09T05:17:45.790Z,35.7721667,-117.6013333,9.49,2.58,ml,47.0,51.0,0.002128,0.17,ci,ci38496551,2021-11-24T23:53:49.830Z,"18km W of Searles Valley, CA",earthquake,0.15,0.27,0.119,25.0,reviewed,ci,ci
2019-07-09T05:25:13.850Z,35.8996667,-117.7271667,4.28,2.74,ml,43.0,37.0,0.07875,0.13,ci,ci38496647,2021-11-24T20:02:49.050Z,"17km ESE of Little Lake, CA",earthquake,0.11,0.29,0.169,22.0,reviewed,ci,ci
2019-07-09T05:28:15.760Z,35.684,-117.534,10.45,2.98,ml,58.0,39.0,0.04919,0.12,ci,ci38496663,2020-03-20T21:29:44.860Z,"15km ENE of Ridgecrest, CA",earthquake,0.1,0.18,0.156,101.0,reviewed,ci,ci
2019-07-09T05:45:15.750Z,35.9285,-117.6936667,3.38,2.84,ml,47.0,26.0,0.04011,0.13,ci,ci38496855,2021-11-24T18:16:45.880Z,"19km E of Little Lake, CA",earthquake,0.1,0.27,0.205,23.0,reviewed,ci,ci
2019-07-09T05:53:46.230Z,35.7115,-117.4633333,15.45,2.8,ml,7.0,205.0,0.1247,0.14,ci,ci38496927,2019-07-09T05:57:36.319Z,"8km SW of Searles Valley, CA",earthquake,0.96,1.34,0.202,6.0,automatic,ci,ci
2019-07-09T05:54:04.490Z,36.1138333,-117.8348333,2.36,2.79,ml,42.0,46.0,0.01664,0.13,ci,ci38496935,2021-11-23T23:24:20.667Z,"13km NE of Coso Junction, CA",earthquake,0.14,0.27,0.17,25.0,reviewed,ci,ci
2019-07-09T06:05:48.700Z,35.6513333,-117.5116667,3.39,2.52,ml,48.0,41.0,0.05517,0.13,ci,ci38497063,2021-12-01T20:05:52.800Z,"15km ENE of Ridgecrest, CA",earthquake,0.11,0.36,0.151,23.0,reviewed,ci,ci
2019-07-09T06:24:10.890Z,35.8951667,-117.6845,3.0,3.06,ml,62.0,26.0,0.05946,0.14,ci,ci38497239,2021-12-03T00:24:29.880Z,"20km ESE of Little Lake, CA",earthquake,0.1,0.31,0.136,79.0,reviewed,ci,ci
2019-07-09T06:36:26.640Z,35.7115,-117.5035,3.04,2.67,ml,48.0,62.0,0.05671,0.16,ci,ci38497375,2021-11-24T20:27:02.680Z,"11km SW of Searles Valley, CA",earthquake,0.13,0.21,0.191,24.0,reviewed,ci,ci
2019-07-09T06:40:27.600Z,35.8553333,-117.694,5.21,2.54,ml,47.0,22.0,0.07413,0.18,ci,ci38497431,2021-11-24T23:38:38.970Z,"21km ESE of Little Lake, CA",earthquake,0.14,0.65,0.134,26.0,reviewed,ci,ci
2019-07-09T07:01:00.430Z,35.8736667,-117.6965,2.39,2.6,ml,47.0,26.0,0.083,0.16,ci,ci38497687,2021-12-01T17:28:03.230Z,"20km ESE of Little Lake, CA",earthquake,0.11,0.21,0.201,23.0,reviewed,ci,ci
2019-07-09T07:04:16.270Z,35.8988333,-117.6723333,8.39,3.1,ml,64.0,24.0,0.0521,0.15,ci,ci38497719,2021-12-03T00:27:43.140Z,"22km E of Little Lake, CA",earthquake,0.11,0.28,0.179,87.0,reviewed,ci,ci
2019-07-09T07:54:06.300Z,35.7371667,-117.5703333,3.36,2.79,ml,51.0,52.0,0.01479,0.14,ci,ci38498375,2021-11-23T23:53:53.300Z,"15km WSW of Searles Valley, CA",earthquake,0.11,0.28,0.14,24.0,reviewed,ci,ci
2019-07-09T07:54:44.370Z,35.8945,-117.6806667,4.71,2.53,ml,40.0,34.0,0.05868,0.12,ci,ci38498383,2021-12-01T18:32:46.420Z,"21km ESE of Little Lake, CA",earthquake,0.1,0.23,0.116,19.0,reviewed,ci,ci
2019-07-09T08:17:31.570Z,35.782,-117.6143333,9.21,3.58,mw,75.0,42.0,0.01653,0.15,ci,ci38498615,2021-12-03T01:30:20.950Z,"19km NNE of Ridgecrest, CA",earthquake,0.1,0.19,,4.0,reviewed,ci,ci
2019-07-09T08:18:08.350Z,35.8491667,-117.6731667,4.56,2.93,ml,36.0,44.0,0.06994,0.14,ci,ci38498623,2021-12-03T00:04:39.250Z,"23km ESE of Little Lake, CA",earthquake,0.13,0.32,0.088,19.0,reviewed,ci,ci
2019-07-09T08:19:06.760Z,35.8408333,-117.6606667,5.47,2.5,ml,37.0,46.0,0.05711,0.15,ci,ci38498631,2021-11-24T23:59:39.440Z,"24km N of Ridgecrest, CA",earthquake,0.15,0.56,0.097,23.0,reviewed,ci,ci
2019-07-09T08:23:46.920Z,36.0245,-117.8681667,1.72,3.21,ml,62.0,53.0,0.02459,0.16,ci,ci38498647,2021-12-03T00:39:26.410Z,"8km ESE of Coso Junction, CA",earthquake,0.12,0.17,0.122,78.0,reviewed,ci,ci
2019-07-09T08:49:58.460Z,35.6725,-117.522,9.36,2.84,ml,49.0,35.0,0.0633,0.15,ci,ci38498903,2021-11-23T23:39:47.780Z,"15km SW of Searles Valley, CA",earthquake,0.14,0.27,0.121,24.0,reviewed,ci,ci
2019-07-09T09:11:15.400Z,35.6626667,-117.5418333,8.72,3.21,ml,72.0,25.0,0.04623,0.12,ci,ci38499159,2021-12-03T00:40:36.540Z,"13km ENE of Ridgecrest, CA",earthquake,0.09,0.18,0.155,125.0,reviewed,ci,ci
2019-07-09T09:22:32.000Z,35.88,-117.6865,3.81,3.14,ml,61.0,28.0,0.07383,0.15,ci,ci38499303,2021-12-03T00:38:15.670Z,"21km ESE of Little Lake, CA",earthquake,0.1,0.3,0.151,89.0,reviewed,ci,ci
2019-07-09T09:23:16.140Z,35.685,-117.553,8.6,2.58,ml,43.0,49.0,0.04037,0.14,ci,ci38499319,2021-11-24T23:25:30.700Z,"13km ENE of Ridgecrest, CA",earthquake,0.13,0.29,0.103,20.0,reviewed,ci,ci
2019-07-09T09:31:02.100Z,35.6686667,-117.503,4.49,2.63,ml,47.0,34.0,0.06468,0.13,ci,ci38499415,2021-11-24T22:51:12.620Z,"14km SW of Searles Valley, CA",earthquake,0.12,0.27,0.162,23.0,reviewed,ci,ci
2019-07-09T10:20:41.510Z,35.7185,-117.4965,3.17,2.7,ml,43.0,62.0,0.06148,0.15,ci,ci38500127,2021-11-24T19:46:27.690Z,"10km WSW of Searles Valley, CA",earthquake,0.14,0.24,0.188,21.0,reviewed,ci,ci
2019-07-09T10:21:52.370Z,35.9543333,-117.6768333,2.04,3.54,mw,66.0,27.0,0.0224,0.14,ci,ci38500135,2021-12-03T01:28:09.230Z,"21km E of Little Lake, CA",earthquake,0.09,0.14,,4.0,reviewed,ci,ci
2019-07-09T10:41:31.880Z,35.6838333,-117.5428333,5.01,3.11,ml,72.0,38.0,0.04517,0.13,ci,ci38500391,2021-12-03T00:30:02.760Z,"14km ENE of Ridgecrest, CA",earthquake,0.09,0.16,0.158,117.0,reviewed,ci,ci
2019-07-09T10:50:46.780Z,35.7548333,-117.5641667,9.1,2.62,ml,48.0,44.0,0.03286,0.19,ci,ci38500511,2021-11-24T22:25:48.130Z,"14km W of Searles Valley, CA",earthquake,0.16,0.31,0.151,22.0,reviewed,ci,ci
2019-07-09T10:54:33.850Z,35.9578333,-117.678,1.99,2.54,ml,41.0,32.0,0.0245,0.16,ci,ci38500551,2021-11-29T15:37:33.672Z,"21km E of Little Lake, CA",earthquake,0.13,0.2,0.202,23.0,reviewed,ci,ci
2019-07-09T11:39:27.990Z,35.9311667,-117.6953333,3.86,2.51,ml,32.0,61.0,0.04012,0.12,ci,ci37486501,2021-12-01T20:52:23.781Z,"19km E of Little Lake, CA",earthquake,0.19,0.43,0.135,130.0,reviewed,ci,ci
2019-07-09T11:56:42.020Z,35.8198333,-117.6458333,4.65,2.76,ml,47.0,31.0,0.03949,0.14,ci,ci38501199,2022-08-08T14:45:05.876Z,"22km N of Ridgecrest, CA",earthquake,0.11,0.25,0.171,24.0,reviewed,ci,ci
2019-07-09T12:17:36.920Z,35.8651667,-117.6955,5.1,2.6,ml,46.0,36.0,0.0798,0.18,ci,ci38501455,2021-11-24T23:15:41.741Z,"21km ESE of Little Lake, CA",earthquake,0.14,0.35,0.151,25.0,reviewed,ci,ci
2019-07-09T12:25:12.000Z,35.8496667,-117.679,7.32,2.51,ml,48.0,23.0,0.07437,0.14,ci,ci38501535,2021-12-01T19:44:55.700Z,"23km ESE of Little Lake, CA",earthquake,0.12,0.39,0.254,24.0,reviewed,ci,ci
2019-07-09T12:58:21.680Z,35.675,-117.4841667,2.34,3.47,mw,73.0,24.0,0.05023,0.14,ci,ci38501895,2022-08-08T14:46:24.587Z,"13km SW of Searles Valley, CA",earthquake,0.1,0.16,,4.0,reviewed,ci,ci
2019-07-09T12:58:31.930Z,35.6796667,-117.487,2.63,3.03,ml,18.0,70.0,0.05356,0.17,ci,ci37265404,2021-12-03T00:22:22.335Z,"12km SW of Searles Valley, CA",earthquake,0.24,0.26,0.105,9.0,reviewed,ci,ci
2019-07-09T13:28:48.060Z,35.5476667,-117.3818333,3.13,3.42,ml,66.0,26.0,0.0267,0.17,ci,ci38502215,2021-12-03T01:24:45.880Z,"24km S of Trona, CA",earthquake,0.14,0.2,0.143,137.0,reviewed,ci,ci
2019-07-09T14:18:33.290Z,35.6945,-117.5241667,7.94,2.82,ml,46.0,47.0,0.04779,0.14,ci,ci38502727,2021-11-24T19:07:23.038Z,"14km SW of Searles Valley, CA",earthquake,0.13,0.29,0.156,23.0,reviewed,ci,ci
2019-07-09T14:20:57.200Z,35.949,-117.7023333,3.44,2.62,ml,48.0,32.0,0.04217,0.14,ci,ci38502751,2021-11-24T23:03:20.490Z,"18km E of Little Lake, CA",earthquake,0.11,0.29,0.21,24.0,reviewed,ci,ci
2019-07-09T15:09:27.050Z,35.6595,-117.5378333,8.69,2.7,ml,46.0,43.0,0.04523,0.13,ci,ci38503303,2021-12-02T22:06:16.270Z,"13km ENE of Ridgecrest, CA",earthquake,0.11,0.27,0.213,25.0,reviewed,ci,ci
2019-07-09T15:10:59.050Z,35.9183333,-117.7306667,7.72,2.92,ml,44.0,25.0,0.07153,0.14,ci,ci38503311,2021-12-03T00:14:51.580Z,"16km E of Little Lake, CA",earthquake,0.12,0.35,0.19,80.0,reviewed,ci,ci
2019-07-09T15:23:20.970Z,35.9535,-117.6876667,3.56,2.72,ml,48.0,31.0,0.03077,0.16,ci,ci38503423,2021-11-24T21:05:15.230Z,"20km E of Little Lake, CA",earthquake,0.12,0.29,0.141,22.0,reviewed,ci,ci
2019-07-09T15:40:45.550Z,35.5748333,-117.3633333,3.67,3.49,mw,76.0,27.0,0.04978,0.15,ci,ci38503631,2020-02-11T01:27:28.930Z,"21km S of Trona, CA",earthquake,0.11,0.28,,4.0,reviewed,ci,ci
2019-07-09T16:47:03.120Z,35.8916667,-117.7076667,7.4,3.33,mlr,64.0,26.0,0.07288,0.17,ci,ci38504415,2022-08-08T14:47:30.287Z,"19km ESE of Little Lake, CA",earthquake,0.1,0.34,0.143,56.0,reviewed,ci,ci
2019-07-09T17:11:28.660Z,35.7021667,-117.4941667,10.55,3.55,mw,82.0,23.0,0.0664,0.15,ci,ci38504647,2022-06-16T17:45:44.876Z,"11km SW of Searles Valley, CA",earthquake,0.1,0.17,,4.0,reviewed,ci,ci
2019-07-09T17:44:07.050Z,35.6561667,-117.479,2.43,2.57,ml,42.0,44.0,0.04593,0.13,ci,ci38505087,2021-12-01T21:59:17.040Z,"14km SSW of Searles Valley, CA",earthquake,0.14,0.2,0.157,25.0,reviewed,ci,ci
2019-07-09T18:37:37.340Z,35.7278333,-117.5421667,10.39,3.43,ml,72.0,42.0,0.02479,0.15,ci,ci38505679,2021-12-01T21:50:08.710Z,"13km WSW of Searles Valley, CA",earthquake,0.11,0.18,0.163,56.0,reviewed,ci,ci
2019-07-09T18:41:16.040Z,35.9201667,-117.6893333,7.14,2.88,ml,58.0,23.0,0.04202,0.15,ci,ci38505687,2021-12-01T23:29:43.520Z,"20km E of Little Lake, CA",earthquake,0.11,0.32,0.166,77.0,reviewed,ci,ci
2019-07-09T19:44:26.840Z,35.6813333,-117.4943333,6.04,2.52,ml,41.0,45.0,0.05976,0.17,ci,ci38506303,2021-12-01T20:26:09.870Z,"13km SW of Searles Valley, CA",earthquake,0.18,0.46,0.104,25.0,reviewed,ci,ci
2019-07-09T19:49:50.550Z,35.9018333,-117.7191667,2.66,3.11,ml,61.0,25.0,0.07232,0.14,ci,ci38506343,2021-12-01T22:32:43.470Z,"17km ESE of Little Lake, CA",earthquake,0.09,0.19,0.139,85.0,reviewed,ci,ci
2019-07-09T19:51:22.780Z,36.0833333,-117.8428333,1.85,2.56,ml,32.0,65.0,0.03554,0.11,ci,ci38506351,2022-08-08T14:48:09.020Z,"10km ENE of Coso Junction, CA",earthquake,0.13,0.17,0.171,26.0,reviewed,ci,ci
2019-07-09T19:56:51.010Z,35.6745,-117.5506667,7.19,2.62,ml,42.0,38.0,0.04858,0.12,ci,ci38506391,2021-12-02T21:34:20.520Z,"13km ENE of Ridgecrest, CA",earthquake,0.12,0.26,0.14,25.0,reviewed,ci,ci
2019-07-09T20:04:08.200Z,35.9603333,-117.6771667,2.06,2.69,ml,37.0,40.0,0.02503,0.17,ci,ci38506479,2021-12-02T22:24:43.690Z,"21km E of Little Lake, CA",earthquake,0.17,0.21,0.172,74.0,reviewed,ci,ci
2019-07-09T20:59:19.310Z,35.6633333,-117.5431667,5.41,2.51,ml,38.0,45.0,0.04631,0.12,ci,ci38507055,2022-08-08T14:48:48.512Z,"13km ENE of Ridgecrest, CA",earthquake,0.13,0.35,0.186,26.0,reviewed,ci,ci
2019-07-09T21:35:07.570Z,35.8156667,-117.637,1.97,2.87,ml,38.0,38.0,0.0321,0.16,ci,ci38507415,2021-12-01T23:18:32.440Z,"22km WNW of Searles Valley, CA",earthquake,0.15,0.22,0.14,26.0,reviewed,ci,ci
2019-07-09T21:47:46.140Z,36.2098333,-117.8648333,2.16,2.78,ml,37.0,53.0,0.09242,0.14,ci,ci38507583,2021-12-02T23:18:04.580Z,"15km ESE of Olancha, CA",earthquake,0.15,0.33,0.14,24.0,reviewed,ci,ci
2019-07-09T21:52:49.310Z,35.8885,-117.7018333,5.22,3.28,ml,63.0,27.0,0.07251,0.14,ci,ci38507623,2021-12-01T21:57:14.960Z,"19km ESE of Little Lake, CA",earthquake,0.09,0.39,0.182,42.0,reviewed,ci,ci
2019-07-09T22:44:59.630Z,35.9246667,-117.733,2.66,2.52,ml,40.0,34.0,0.07094,0.12,ci,ci38508303,2021-12-01T20:04:44.880Z,"16km E of Little Lake, CA",earthquake,0.11,0.23,0.172,25.0,reviewed,ci,ci
2019-07-09T22:54:02.880Z,35.8638333,-117.7018333,5.28,2.68,ml,41.0,29.0,0.07528,0.12,ci,ci38508415,2021-12-02T22:18:31.650Z,"20km ESE of Little Lake, CA",earthquake,0.12,0.57,0.141,26.0,reviewed,ci,ci
2019-07-09T23:04:57.710Z,35.887,-117.6533333,3.25,2.88,ml,48.0,26.0,0.06082,0.14,ci,ci38508519,2021-12-01T21:20:13.590Z,"24km ESE of Little Lake, CA",earthquake,0.11,0.37,0.173,23.0,reviewed,ci,ci
2019-07-09T23:12:06.140Z,35.8898333,-117.7148333,6.16,2.54,ml,41.0,38.0,0.07807,0.13,ci,ci38508599,2021-12-01T21:11:58.480Z,"18km ESE of Little Lake, CA",earthquake,0.13,0.41,0.215,26.0,reviewed,ci,ci
2019-07-09T23:16:01.950Z,35.89,-117.722,4.61,2.75,ml,37.0,33.0,0.08196,0.13,ci,ci38508655,2021-12-02T22:51:10.770Z,"17km ESE of Little Lake, CA",earthquake,0.12,0.3,0.164,25.0,reviewed,ci,ci
2019-07-09T23:22:16.730Z,35.9111667,-117.7166667,2.58,2.7,ml,42.0,35.0,0.0651,0.15,ci,ci38508743,2021-12-02T23:02:27.030Z,"17km E of Little Lake, CA",earthquake,0.13,0.26,0.151,26.0,reviewed,ci,ci
2019-07-09T23:44:07.220Z,36.059,-117.8496667,2.12,2.61,ml,33.0,52.0,0.05861,0.12,ci,ci38508975,2021-12-02T22:04:03.680Z,"9km E of Coso Junction, CA",earthquake,0.15,0.18,0.207,25.0,reviewed,ci,ci
2019-07-09T23:47:30.220Z,35.7658348,-117.5851669,3.15,2.52,ml,50.0,55.0,0.0508,0.17,ci,ci38508999,2021-12-08T18:22:07.890Z,"16km W of Searles Valley, CA",earthquake,0.18,0.45,0.236,24.0,automatic,ci,ci
2019-07-09T23:52:13.310Z,35.721,-117.5731667,9.46,2.71,ml,45.0,48.0,0.001736,0.11,ci,ci38509071,2021-12-02T23:08:38.160Z,"14km NE of Ridgecrest, CA",earthquake,0.12,0.22,0.172,25.0,reviewed,ci,ci
2019-07-10T00:21:22.450Z,35.8761667,-117.6771667,2.77,2.66,ml,54.0,40.0,0.07481,0.19,ci,ci38509359,2021-12-03T22:44:35.740Z,"22km ESE of Little Lake, CA",earthquake,0.13,0.26,0.147,25.0,reviewed,ci,ci
2019-07-10T00:37:51.370Z,35.683,-117.5206667,9.16,2.52,ml,42.0,41.0,0.05731,0.12,ci,ci38509543,2021-12-08T19:10:14.150Z,"14km SW of Searles Valley, CA",earthquake,0.13,0.26,0.167,26.0,reviewed,ci,ci
2019-07-10T00:48:17.580Z,36.0571667,-117.8471667,1.69,4.07,mw,64.0,51.0,0.0605,0.16,ci,ci38509663,2021-12-01T23:44:14.940Z,"9km E of Coso Junction, CA",earthquake,0.12,0.19,,6.0,reviewed,ci,ci
2019-07-10T00:53:25.750Z,36.0545,-117.8558333,1.91,2.71,ml,43.0,53.0,0.05443,0.13,ci,ci38509695,2021-12-03T21:17:58.740Z,"8km E of Coso Junction, CA",earthquake,0.11,0.15,0.215,24.0,reviewed,ci,ci
2019-07-10T00:58:38.320Z,36.0591667,-117.8468333,2.03,2.88,ml,47.0,53.0,0.05865,0.13,ci,ci38509775,2021-12-01T23:16:29.320Z,"9km E of Coso Junction, CA",earthquake,0.12,0.18,0.204,24.0,reviewed,ci,ci
2019-07-10T01:43:02.630Z,35.9015,-117.6901667,2.4,3.96,mw,64.0,25.0,0.05645,0.16,ci,ci38510319,2020-03-23T23:59:30.126Z,"20km ESE of Little Lake, CA",earthquake,0.1,0.19,,6.0,reviewed,ci,ci
2019-07-10T01:44:54.890Z,35.9065,-117.687,2.82,2.56,ml,30.0,37.0,0.05089,0.12,ci,ci38510335,2021-12-03T23:57:45.554Z,"20km E of Little Lake, CA",earthquake,0.11,0.24,0.089,15.0,reviewed,ci,ci
2019-07-10T01:47:18.760Z,35.9071667,-117.6893333,2.55,2.93,ml,57.0,30.0,0.0515,0.15,ci,ci38510375,2021-12-01T20:08:51.920Z,"20km E of Little Lake, CA",earthquake,0.09,0.17,0.149,20.0,reviewed,ci,ci
2019-07-10T01:58:59.180Z,35.3468333,-117.9323333,1.96,2.88,ml,53.0,39.0,0.1062,0.19,ci,ci38510495,2021-12-01T23:14:26.860Z,"25km N of California City, CA",earthquake,0.18,0.5,0.181,29.0,reviewed,ci,ci
2019-07-10T02:33:43.790Z,35.687,-117.5246667,9.29,2.59,ml,49.0,42.0,0.05221,0.19,ci,ci38510943,2021-12-03T22:05:16.630Z,"14km SW of Searles Valley, CA",earthquake,0.15,0.31,0.171,25.0,reviewed,ci,ci
2019-07-10T03:42:54.900Z,35.6426667,-117.4493333,10.61,3.61,mlr,81.0,24.0,0.03063,0.14,ci,ci38511719,2021-12-01T23:43:06.810Z,"14km SSW of Searles Valley, CA",earthquake,0.1,0.16,0.253,50.0,reviewed,ci,ci
2019-07-10T04:14:11.760Z,35.9433333,-117.6818333,3.65,3.06,ml,63.0,30.0,0.02593,0.17,ci,ci38512103,2021-12-01T22:34:47.060Z,"20km E of Little Lake, CA",earthquake,0.11,0.25,0.166,57.0,reviewed,ci,ci
2019-07-10T06:20:05.780Z,36.1185,-117.8816667,5.18,2.85,ml,45.0,57.0,0.02172,0.13,ci,ci38513463,2021-12-01T23:21:35.540Z,"10km NE of Coso Junction, CA",earthquake,0.15,0.35,0.267,26.0,reviewed,ci,ci
2019-07-10T06:21:45.580Z,35.9081667,-117.7081667,2.02,2.56,ml,49.0,24.0,0.06141,0.14,ci,ci38513471,2021-12-07T23:06:55.770Z,"18km E of Little Lake, CA",earthquake,0.1,0.17,0.203,23.0,reviewed,ci,ci
2019-07-10T06:24:16.010Z,36.0508333,-117.8571667,1.75,2.98,ml,56.0,53.0,0.05074,0.16,ci,ci38513511,2021-12-01T22:40:54.980Z,"8km E of Coso Junction, CA",earthquake,0.12,0.2,0.142,71.0,reviewed,ci,ci
2019-07-10T07:05:26.260Z,36.0561667,-117.849,1.87,3.69,mw,65.0,52.0,0.05883,0.16,ci,ci38513943,2021-12-01T23:43:09.010Z,"9km E of Coso Junction, CA",earthquake,0.11,0.18,,6.0,reviewed,ci,ci
2019-07-10T07:22:42.980Z,35.9405,-117.7208333,2.78,3.08,ml,61.0,28.0,0.05764,0.14,ci,ci38514151,2021-12-01T22:36:52.200Z,"17km E of Little Lake, CA",earthquake,0.1,0.28,0.103,62.0,reviewed,ci,ci
2019-07-10T07:23:28.620Z,35.8271667,-117.6265,3.06,2.53,ml,41.0,34.0,0.02617,0.16,ci,ci38514159,2021-12-08T15:27:31.210Z,"21km WNW of Searles Valley, CA",earthquake,0.13,0.27,0.141,18.0,reviewed,ci,ci
2019-07-10T08:21:32.680Z,36.0586667,-117.8458333,2.06,2.89,ml,38.0,52.0,0.05924,0.15,ci,ci38514767,2021-12-01T19:28:46.632Z,"9km E of Coso Junction, CA",earthquake,0.13,0.18,0.221,23.0,reviewed,ci,ci
2019-07-10T08:51:33.570Z,35.6425,-117.5525,7.13,2.73,ml,49.0,41.0,0.02449,0.13,ci,ci38515111,2021-12-03T19:52:40.118Z,"11km ENE of Ridgecrest, CA",earthquake,0.11,0.23,0.107,25.0,reviewed,ci,ci
2019-07-10T09:08:37.390Z,35.7663333,-117.589,6.69,2.73,ml,54.0,54.0,0.009644,0.15,ci,ci38515279,2021-12-03T20:27:44.290Z,"17km W of Searles Valley, CA",earthquake,0.11,0.24,0.165,24.0,reviewed,ci,ci
2019-07-10T09:09:51.950Z,35.6163333,-117.4576667,8.12,2.55,ml,56.0,25.0,0.03,0.13,ci,ci38515287,2021-12-07T22:54:04.070Z,"18km SSW of Searles Valley, CA",earthquake,0.11,0.22,0.21,24.0,reviewed,ci,ci
2019-07-10T09:13:35.440Z,35.7233333,-117.547,8.52,2.63,ml,50.0,40.0,0.02028,0.17,ci,ci38515303,2021-12-03T23:30:19.500Z,"14km WSW of Searles Valley, CA",earthquake,0.14,0.31,0.169,25.0,reviewed,ci,ci
2019-07-10T09:21:18.020Z,35.7881667,-117.6095,7.82,2.79,ml,64.0,43.0,0.01935,0.14,ci,ci38515407,2020-03-26T18:15:52.798Z,"19km W of Searles Valley, CA",earthquake,0.1,0.22,0.152,71.0,reviewed,ci,ci
2019-07-10T09:32:08.290Z,35.6626667,-117.4973333,4.42,3.25,ml,69.0,21.0,0.06003,0.13,ci,ci38515519,2021-12-01T22:20:45.171Z,"14km SW of Searles Valley, CA",earthquake,0.09,0.2,0.155,186.0,reviewed,ci,ci
2019-07-10T09:45:52.740Z,35.8825,-117.7066667,7.62,2.68,ml,47.0,26.0,0.07967,0.14,ci,ci38515663,2021-12-03T22:25:26.200Z,"19km ESE of Little Lake, CA",earthquake,0.12,0.39,0.237,26.0,reviewed,ci,ci
2019-07-10T10:04:20.840Z,36.0306667,-117.7613333,3.62,3.16,ml,61.0,36.0,0.006307,0.14,ci,ci38515863,2022-06-16T17:46:02.313Z,"17km NE of Little Lake, CA",earthquake,0.11,0.21,0.16,54.0,reviewed,ci,ci
2019-07-10T10:13:09.650Z,35.6238333,-117.57,5.89,2.63,ml,50.0,38.0,0.001931,0.12,ci,ci38515935,2021-12-03T23:18:15.400Z,"10km E of Ridgecrest, CA",earthquake,0.1,0.25,0.153,25.0,reviewed,ci,ci
2019-07-10T10:18:29.000Z,35.7741667,-117.5945,6.8,2.54,ml,50.0,51.0,0.005592,0.16,ci,ci38516007,2021-12-06T15:36:51.590Z,"17km W of Searles Valley, CA",earthquake,0.13,0.31,0.174,34.0,reviewed,ci,ci
2019-07-10T10:58:04.970Z,35.865,-117.6865,2.95,3.45,ml,67.0,27.0,0.08502,0.16,ci,ci38516463,2021-12-01T21:48:03.690Z,"21km ESE of Little Lake, CA",earthquake,0.1,0.21,0.176,47.0,reviewed,ci,ci
2019-07-10T11:28:54.320Z,35.603,-117.3821667,2.69,2.51,ml,14.0,147.0,0.06727,0.19,ci,ci38516823,2019-07-10T11:32:44.399Z,"18km S of Trona, CA",earthquake,0.4,0.47,0.126,8.0,automatic,ci,ci
2019-07-10T11:35:57.450Z,35.8896667,-117.727,3.98,2.67,ml,48.0,36.0,0.08512,0.15,ci,ci38516879,2021-12-03T22:56:46.940Z,"17km ESE of Little Lake, CA",earthquake,0.11,0.31,0.146,23.0,reviewed,ci,ci
2019-07-10T12:00:05.090Z,35.8758333,-117.7076667,5.02,3.81,mw,71.0,24.0,0.08165,0.16,ci,ci38517119,2021-12-01T23:44:11.820Z,"19km ESE of Little Lake, CA",earthquake,0.09,0.44,,6.0,reviewed,ci,ci
2019-07-10T12:00:34.650Z,35.877,-117.707,5.9,2.78,ml,29.0,44.0,0.08292,0.14,ci,ci38517127,2021-12-03T20:12:39.732Z,"19km ESE of Little Lake, CA",earthquake,0.16,0.62,0.074,10.0,reviewed,ci,ci
2019-07-10T12:28:56.960Z,36.0495,-117.8566667,1.91,4.18,mw,66.0,53.0,0.04984,0.16,ci,ci38517471,2021-12-14T18:18:25.122Z,"8km E of Coso Junction, CA",earthquake,0.11,0.16,,6.0,reviewed,ci,ci
2019-07-10T12:49:26.810Z,36.0536667,-117.8496667,2.03,3.05,ml,60.0,53.0,0.05649,0.16,ci,ci38517703,2021-12-01T22:45:05.960Z,"9km E of Coso Junction, CA",earthquake,0.12,0.17,0.158,56.0,reviewed,ci,ci
2019-07-10T13:02:18.690Z,35.7235,-117.5323333,9.29,3.2,ml,70.0,44.0,0.03221,0.13,ci,ci38517847,2022-08-08T14:50:38.818Z,"13km WSW of Searles Valley, CA",earthquake,0.09,0.18,0.164,77.0,reviewed,ci,ci
2019-07-10T13:10:02.400Z,35.8916667,-117.7021667,8.42,2.73,ml,51.0,26.0,0.07011,0.15,ci,ci38517919,2021-12-03T21:36:07.790Z,"19km ESE of Little Lake, CA",earthquake,0.11,0.31,0.182,21.0,reviewed,ci,ci
2019-07-10T13:23:09.190Z,35.643,-117.4868333,3.86,3.43,ml,67.0,29.0,0.05597,0.13,ci,ci38518087,2021-12-01T21:49:06.865Z,"16km SSW of Searles Valley, CA",earthquake,0.09,0.25,0.18,141.0,reviewed,ci,ci
2019-07-10T13:38:57.360Z,35.7668333,-117.5573333,9.9,3.26,ml,74.0,44.0,0.03465,0.15,ci,ci38518287,2021-12-01T22:09:19.570Z,"14km W of Searles Valley, CA",earthquake,0.1,0.19,0.111,25.0,reviewed,ci,ci
2019-07-10T14:03:18.340Z,35.8285,-117.678,8.44,2.52,ml,44.0,25.0,0.06664,0.13,ci,ci38518527,2021-12-03T23:22:52.810Z,"23km N of Ridgecrest, CA",earthquake,0.13,0.35,0.107,24.0,reviewed,ci,ci
2019-07-10T14:53:06.080Z,36.046,-117.8598333,1.8,3.52,mw,64.0,52.0,0.04552,0.16,ci,ci38519135,2021-12-03T15:30:10.738Z,"8km E of Coso Junction, CA",earthquake,0.11,0.16,,6.0,reviewed,ci,ci
2019-07-10T14:54:00.380Z,36.049,-117.8658333,1.92,2.96,ml,44.0,55.0,0.04574,0.15,ci,ci38519143,2021-12-01T22:43:58.140Z,"7km E of Coso Junction, CA",earthquake,0.14,0.16,0.102,19.0,reviewed,ci,ci
2019-07-10T15:01:56.140Z,35.8796667,-117.6806667,4.99,3.33,ml,50.0,28.0,0.07239,0.14,ci,ci38519223,2021-12-01T21:52:11.170Z,"21km ESE of Little Lake, CA",earthquake,0.14,0.35,0.142,12.0,reviewed,ci,ci
2019-07-10T15:02:04.290Z,35.877,-117.6816667,4.86,3.56,mw,47.0,39.0,0.07517,0.15,ci,ci38519231,2021-12-01T23:43:02.260Z,"21km ESE of Little Lake, CA",earthquake,0.11,0.27,,4.0,reviewed,ci,ci
2019-07-10T15:02:16.480Z,36.0455,-117.8598333,0.83,2.71,ml,7.0,149.0,0.0451,0.15,ci,ci37486837,2021-12-09T20:02:13.186Z,"8km E of Coso Junction, CA",earthquake,0.35,0.82,0.189,3.0,reviewed,ci,ci
2019-07-10T15:09:24.600Z,35.6698333,-117.513,8.75,3.21,ml,72.0,20.0,0.06605,0.13,ci,ci38519287,2021-12-01T22:27:34.050Z,"15km SW of Searles Valley, CA",earthquake,0.09,0.2,0.129,117.0,reviewed,ci,ci
2019-07-10T15:52:32.250Z,35.563,-117.3605,9.0,2.82,ml,50.0,67.0,0.03811,0.14,ci,ci38519839,2021-12-01T20:29:58.420Z,"22km S of Trona, CA",earthquake,0.13,0.29,0.186,23.0,reviewed,ci,ci
2019-07-10T16:01:38.210Z,35.8265,-117.6516667,3.37,3.49,ml,67.0,23.0,0.0453,0.17,ci,ci38519951,2021-12-01T22:16:26.030Z,"23km N of Ridgecrest, CA",earthquake,0.1,0.34,0.141,239.0,reviewed,ci,ci
2019-07-10T16:52:00.660Z,35.6771667,-117.557,7.12,2.8,ml,53.0,34.0,0.04278,0.14,ci,ci38520447,2021-12-01T21:41:51.250Z,"12km ENE of Ridgecrest, CA",earthquake,0.11,0.21,0.164,25.0,reviewed,ci,ci
2019-07-10T16:55:15.750Z,36.0511667,-117.8488333,2.34,2.81,ml,51.0,61.0,0.05489,0.16,ci,ci38520495,2021-12-01T23:41:49.250Z,"9km E of Coso Junction, CA",earthquake,0.12,0.15,0.292,23.0,reviewed,ci,ci
2019-07-10T16:56:55.180Z,36.0486667,-117.8478333,2.59,2.59,ml,49.0,53.0,0.05347,0.12,ci,ci38520503,2021-12-03T23:44:24.460Z,"9km E of Coso Junction, CA",earthquake,0.11,0.14,0.269,26.0,reviewed,ci,ci
2019-07-10T17:43:21.520Z,35.9846667,-117.7806667,7.46,3.24,ml,11.0,91.0,0.02296,0.11,ci,ci38521047,2019-09-28T20:01:07.040Z,"12km ENE of Little Lake, CA",earthquake,0.28,31.61,0.136,4.0,reviewed,ci,ci
2019-07-10T17:43:21.710Z,35.9788333,-117.7786667,5.37,2.92,ml,51.0,45.0,0.02475,0.12,ci,ci38521039,2021-12-09T16:18:01.240Z,"12km ENE of Little Lake, CA",earthquake,0.11,0.26,0.288,25.0,reviewed,ci,ci
2019-07-10T17:46:15.810Z,35.6385,-117.4425,8.1,2.76,ml,51.0,59.0,0.03067,0.14,ci,ci38521087,2021-12-08T21:19:37.317Z,"15km SSW of Searles Valley, CA",earthquake,0.12,0.27,0.179,27.0,reviewed,ci,ci
2019-07-10T18:47:58.060Z,36.2165,-117.8625,1.5,2.53,ml,34.0,52.0,0.09891,0.15,ci,ci38521791,2021-12-08T21:10:34.610Z,"15km ESE of Olancha, CA",earthquake,0.2,0.48,0.121,24.0,reviewed,ci,ci
2019-07-10T18:49:01.420Z,36.1661667,-117.8825,1.12,4.09,mw,67.0,52.0,0.0534,0.16,ci,ci38521799,2021-12-08T22:34:39.730Z,"15km NNE of Coso Junction, CA",earthquake,0.12,0.21,,4.0,reviewed,ci,ci
2019-07-10T18:51:35.250Z,36.1695,-117.875,2.27,3.7,mw,66.0,51.0,0.05432,0.15,ci,ci38521815,2021-12-08T22:33:50.443Z,"15km NNE of Coso Junction, CA",earthquake,0.11,0.25,,4.0,reviewed,ci,ci
2019-07-10T18:51:43.830Z,36.0553333,-117.8541667,7.76,3.51,ml,10.0,127.0,0.05584,0.12,ci,ci37265572,2021-12-08T23:26:24.337Z,"8km E of Coso Junction, CA",earthquake,0.38,0.71,0.078,2.0,reviewed,ci,ci
2019-07-10T18:53:24.760Z,36.1535,-117.8746667,2.93,2.61,ml,33.0,62.0,0.03927,0.19,ci,ci38521823,2021-12-08T21:47:00.920Z,"14km NNE of Coso Junction, CA",earthquake,0.26,0.55,0.18,26.0,reviewed,ci,ci
2019-07-10T19:15:02.530Z,36.1213333,-117.8286667,2.65,3.25,ml,42.0,51.0,0.02154,0.15,ci,ci38522055,2021-12-08T23:50:06.720Z,"14km NE of Coso Junction, CA",earthquake,0.15,0.38,0.161,21.0,reviewed,ci,ci
2019-07-10T19:15:14.920Z,35.3466667,-117.9205,4.62,3.18,ml,32.0,58.0,0.09992,0.2,ci,ci37248948,2021-12-08T23:59:16.989Z,"25km NNE of California City, CA",earthquake,0.23,0.76,0.216,80.0,reviewed,ci,ci
2019-07-10T19:29:03.180Z,35.888,-117.73,7.42,2.65,ml,34.0,58.0,,0.13,ci,ci38522175,2021-12-10T23:17:56.640Z,"17km ESE of Little Lake, CA",earthquake,0.18,0.56,0.142,22.0,reviewed,ci,ci
2019-07-10T19:44:11.250Z,36.1181667,-117.8268333,2.53,2.67,ml,34.0,51.0,0.0227,0.14,ci,ci38522383,2021-12-09T23:10:41.844Z,"14km NE of Coso Junction, CA",earthquake,0.15,0.27,0.136,17.0,reviewed,ci,ci
2019-07-10T20:09:51.950Z,35.6646667,-117.5248333,9.19,4.17,mw,84.0,18.0,0.05577,0.17,ci,ci38522647,2021-12-08T21:47:27.300Z,"14km ENE of Ridgecrest, CA",earthquake,0.12,0.25,,4.0,reviewed,ci,ci
2019-07-10T20:10:41.830Z,35.6478333,-117.5048333,3.51,2.68,ml,17.0,54.0,0.05834,0.11,ci,ci37421061,2021-12-09T21:02:54.635Z,"16km E of Ridgecrest, CA",earthquake,0.18,0.74,0.14,3.0,reviewed,ci,ci
2019-07-10T20:39:45.480Z,35.6146667,-117.4661667,2.34,2.88,ml,50.0,26.0,0.02829,0.14,ci,ci38523023,2021-12-09T16:20:03.890Z,"18km SSW of Searles Valley, CA",earthquake,0.13,0.2,0.166,25.0,reviewed,ci,ci
2019-07-10T21:01:36.740Z,35.8646667,-117.6915,5.74,2.79,ml,55.0,25.0,,0.14,ci,ci38523175,2021-12-08T19:25:54.840Z,"21km ESE of Little Lake, CA",earthquake,0.1,0.36,0.179,23.0,reviewed,ci,ci
2019-07-10T21:40:58.420Z,35.5731667,-117.5211667,10.09,3.09,ml,70.0,24.0,0.04987,0.14,ci,ci38523567,2021-12-09T15:52:19.490Z,"15km ESE of Ridgecrest, CA",earthquake,0.1,0.2,0.202,114.0,reviewed,ci,ci
2019-07-10T21:52:25.450Z,35.9115,-117.7075,2.68,2.94,ml,62.0,24.0,0.05889,0.14,ci,ci38523695,2021-12-09T16:11:52.247Z,"18km E of Little Lake, CA",earthquake,0.09,0.22,0.135,73.0,reviewed,ci,ci
2019-07-10T22:15:48.260Z,36.1731667,-117.8835,0.98,3.87,mw,65.0,52.0,0.06012,0.16,ci,ci38523943,2021-12-08T21:42:13.040Z,"15km NNE of Coso Junction, CA",earthquake,0.12,0.24,,4.0,reviewed,ci,ci
2019-07-10T22:15:53.250Z,36.1713333,-117.8856667,2.05,3.66,mlr,21.0,170.0,0.05915,0.19,ci,ci37265580,2020-03-25T21:11:38.544Z,"15km NNE of Coso Junction, CA",earthquake,0.42,0.23,0.112,13.0,reviewed,ci,ci
2019-07-10T22:20:56.590Z,36.1751667,-117.8738333,2.86,2.8,ml,21.0,55.0,0.05948,0.11,ci,ci37486557,2021-12-03T22:41:53.006Z,"16km NNE of Coso Junction, CA",earthquake,0.16,0.45,0.182,17.0,reviewed,ci,ci
2019-07-10T22:21:56.120Z,35.669,-117.416,8.92,2.59,ml,46.0,70.0,0.007355,0.19,ci,ci38523999,2021-12-10T23:23:19.675Z,"11km S of Searles Valley, CA",earthquake,0.2,0.4,0.149,25.0,reviewed,ci,ci
2019-07-10T23:16:39.460Z,35.7206667,-117.5381667,8.3,2.66,ml,43.0,55.0,0.0275,0.12,ci,ci38524615,2021-12-09T00:55:36.230Z,"13km WSW of Searles Valley, CA",earthquake,0.14,0.28,0.144,25.0,reviewed,ci,ci
2019-07-10T23:30:55.040Z,36.0771667,-117.8396667,2.03,2.51,ml,46.0,64.0,0.04216,0.13,ci,ci38524775,2021-12-04T00:08:31.550Z,"10km ENE of Coso Junction, CA",earthquake,0.12,0.16,0.159,24.0,reviewed,ci,ci
2019-07-10T23:33:43.630Z,35.3583333,-117.9001667,1.77,2.94,ml,39.0,40.0,0.101,0.21,ci,ci38524815,2021-12-09T16:09:14.993Z,"24km W of Johannesburg, CA",earthquake,0.19,0.56,0.121,24.0,reviewed,ci,ci
2019-07-10T23:34:13.690Z,35.6738333,-117.5196667,9.45,2.61,ml,35.0,55.0,0.04442,0.1,ci,ci38524823,2020-03-26T20:19:57.530Z,"15km SW of Searles Valley, CA",earthquake,0.14,0.26,0.258,27.0,reviewed,ci,ci
2019-07-10T23:35:43.530Z,35.9561667,-117.281,4.82,3.01,ml,59.0,32.0,0.06511,0.15,ci,ci38524831,2021-12-09T16:07:47.490Z,"23km NNE of Trona, CA",earthquake,0.13,0.39,0.138,73.0,reviewed,ci,ci
2019-07-10T23:48:43.270Z,35.6181667,-117.4398333,6.8,3.29,ml,77.0,24.0,0.03648,0.14,ci,ci38524935,2021-12-08T23:46:03.800Z,"17km S of Searles Valley, CA",earthquake,0.1,0.18,0.158,289.0,reviewed,ci,ci
2019-07-10T23:58:59.200Z,35.6723333,-117.4891667,4.36,3.62,mw,90.0,21.0,0.02838,0.13,ci,ci38525047,2021-12-08T22:34:41.890Z,"13km SW of Searles Valley, CA",earthquake,0.08,0.16,,4.0,reviewed,ci,ci
2019-07-11T00:08:54.490Z,36.175,-117.8811667,1.66,3.05,ml,63.0,51.0,0.06113,0.16,ci,ci38525143,2021-12-09T16:05:21.648Z,"16km NNE of Coso Junction, CA",earthquake,0.12,0.25,0.138,71.0,reviewed,ci,ci
2019-07-11T00:10:54.850Z,35.5736667,-117.5191667,9.97,2.54,ml,55.0,26.0,0.04817,0.14,ci,ci38525167,2021-12-10T18:22:47.980Z,"15km ESE of Ridgecrest, CA",earthquake,0.11,0.23,0.158,26.0,reviewed,ci,ci
2019-07-11T00:11:41.620Z,36.1566667,-117.8688333,2.61,2.68,ml,46.0,55.0,0.04061,0.15,ci,ci38525175,2021-12-09T20:33:34.010Z,"14km NNE of Coso Junction, CA",earthquake,0.14,0.39,0.134,23.0,reviewed,ci,ci
2019-07-11T00:14:37.320Z,36.1766667,-117.884,0.93,4.52,mw,71.0,51.0,0.06351,0.17,ci,ci38525207,2021-12-08T21:44:21.960Z,"16km NNE of Coso Junction, CA",earthquake,0.11,0.22,,6.0,reviewed,ci,ci
2019-07-11T00:15:39.220Z,36.1536667,-117.8763333,2.11,4.37,mw,68.0,52.0,0.03999,0.19,ci,ci38525215,2021-12-08T21:55:31.320Z,"14km NNE of Coso Junction, CA",earthquake,0.14,0.23,,4.0,reviewed,ci,ci
2019-07-11T00:20:19.930Z,36.179,-117.8851667,0.77,3.45,ml,63.0,51.0,0.06602,0.16,ci,ci38525247,2021-12-08T23:37:55.884Z,"16km SE of Olancha, CA",earthquake,0.12,0.23,0.117,171.0,reviewed,ci,ci
2019-07-11T00:35:44.320Z,35.8851667,-117.7173333,3.58,3.01,ml,66.0,25.0,0.0829,0.14,ci,ci38525407,2021-12-09T16:30:16.330Z,"18km ESE of Little Lake, CA",earthquake,0.1,0.33,0.145,128.0,reviewed,ci,ci
2019-07-11T00:42:53.270Z,36.1781667,-117.8776667,2.29,3.07,ml,60.0,55.0,0.06322,0.14,ci,ci38525479,2021-12-09T15:54:22.090Z,"16km NNE of Coso Junction, CA",earthquake,0.11,0.25,0.108,67.0,reviewed,ci,ci
2019-07-11T00:46:09.530Z,36.0456667,-117.7243333,1.37,3.21,ml,63.0,29.0,0.03895,0.16,ci,ci38525495,2021-12-08T23:57:42.190Z,"20km E of Coso Junction, CA",earthquake,0.11,0.16,0.197,107.0,reviewed,ci,ci
2019-07-11T01:14:09.990Z,35.8701667,-117.7111667,3.45,2.75,ml,46.0,45.0,0.07539,0.15,ci,ci38525815,2021-12-09T21:19:50.550Z,"19km ESE of Little Lake, CA",earthquake,0.12,0.44,0.195,36.0,reviewed,ci,ci
2019-07-11T01:21:50.780Z,36.0331667,-117.8548333,2.2,3.16,ml,62.0,52.0,0.03841,0.14,ci,ci38525895,2021-12-09T15:44:19.121Z,"8km E of Coso Junction, CA",earthquake,0.1,0.14,0.133,140.0,reviewed,ci,ci
2019-07-11T01:25:32.920Z,35.8938333,-117.6831667,4.17,2.53,ml,47.0,26.0,0.06016,0.15,ci,ci38525927,2021-12-09T21:52:26.340Z,"21km ESE of Little Lake, CA",earthquake,0.13,0.35,0.191,25.0,reviewed,ci,ci
2019-07-11T02:35:22.450Z,35.9411667,-117.721,2.44,3.51,mw,73.0,28.0,0.0577,0.17,ci,ci38526799,2021-12-08T23:25:21.240Z,"17km E of Little Lake, CA",earthquake,0.1,0.19,,6.0,reviewed,ci,ci
2019-07-11T02:57:36.490Z,35.8716667,-117.6733333,8.67,2.77,ml,32.0,44.0,0.07832,0.13,ci,ci38527079,2021-12-08T19:33:01.434Z,"22km ESE of Little Lake, CA",earthquake,0.14,0.46,0.111,14.0,reviewed,ci,ci
2019-07-11T03:19:24.590Z,36.1605,-117.871,2.65,2.6,ml,46.0,55.0,0.04478,0.15,ci,ci38527327,2021-12-10T00:06:10.690Z,"15km NNE of Coso Junction, CA",earthquake,0.14,0.38,0.207,23.0,reviewed,ci,ci
2019-07-11T03:45:53.450Z,36.0523333,-117.8475,2.49,2.75,ml,51.0,73.0,0.05648,0.16,ci,ci38527655,2021-12-09T22:32:25.390Z,"9km E of Coso Junction, CA",earthquake,0.14,0.2,0.289,23.0,reviewed,ci,ci
2019-07-11T04:10:01.370Z,36.0563333,-117.8488333,2.07,4.3,mw,73.0,52.0,0.05905,0.16,ci,ci38527863,2021-12-08T21:45:26.863Z,"9km E of Coso Junction, CA",earthquake,0.11,0.17,,6.0,reviewed,ci,ci
2019-07-11T04:15:35.510Z,35.9391667,-117.7235,2.87,2.53,ml,42.0,40.0,0.05997,0.14,ci,ci38527919,2021-12-09T22:12:03.230Z,"16km E of Little Lake, CA",earthquake,0.14,0.56,0.223,25.0,reviewed,ci,ci
2019-07-11T04:18:49.390Z,36.0595,-117.8483333,2.0,3.45,mw,65.0,51.0,0.0582,0.16,ci,ci38527943,2021-12-08T23:34:31.550Z,"9km E of Coso Junction, CA",earthquake,0.11,0.18,,4.0,reviewed,ci,ci
2019-07-11T04:29:54.390Z,36.18,-117.8795,2.23,2.93,ml,52.0,51.0,0.06541,0.16,ci,ci38528039,2021-12-09T16:16:58.910Z,"16km SE of Olancha, CA",earthquake,0.14,0.29,0.112,97.0,reviewed,ci,ci
2019-07-11T04:32:13.230Z,35.6771667,-117.5543333,7.74,2.51,ml,48.0,38.0,0.0447,0.12,ci,ci38528047,2021-12-09T21:44:54.590Z,"13km ENE of Ridgecrest, CA",earthquake,0.13,0.27,0.149,25.0,reviewed,ci,ci
2019-07-11T04:45:31.010Z,35.9558333,-117.2788333,4.66,3.57,mw,64.0,32.0,0.06485,0.17,ci,ci38528167,2021-12-08T22:47:56.241Z,"23km NNE of Trona, CA",earthquake,0.12,0.41,,4.0,reviewed,ci,ci
2019-07-11T04:46:25.210Z,35.955,-117.2813333,5.17,2.72,ml,35.0,90.0,0.06394,0.21,ci,ci38528183,2021-12-08T18:56:05.266Z,"23km NNE of Trona, CA",earthquake,0.21,0.85,0.139,9.0,reviewed,ci,ci
2019-07-11T04:46:44.520Z,35.9641667,-117.2773333,7.75,2.6,ml,36.0,59.0,0.07322,0.16,ci,ci38528191,2021-12-08T20:56:59.804Z,"24km NNE of Trona, CA",earthquake,0.26,0.63,0.099,8.0,reviewed,ci,ci
2019-07-11T05:03:46.140Z,35.9538333,-117.2803333,4.86,3.55,mw,63.0,29.0,0.0628,0.17,ci,ci38528383,2021-12-08T23:22:17.080Z,"23km NNE of Trona, CA",earthquake,0.13,0.46,,4.0,reviewed,ci,ci
2019-07-11T05:42:37.500Z,35.6431667,-117.4865,8.68,2.69,ml,52.0,40.0,0.007614,0.13,ci,ci38528791,2021-12-09T20:16:27.400Z,"16km SSW of Searles Valley, CA",earthquake,0.12,0.22,0.118,24.0,reviewed,ci,ci
2019-07-11T05:43:36.190Z,36.0338333,-117.3496667,3.11,2.8,ml,57.0,49.0,0.1155,0.19,ci,ci38528807,2021-12-08T19:07:46.590Z,"30km N of Searles Valley, CA",earthquake,0.15,0.64,0.091,23.0,reviewed,ci,ci
2019-07-11T05:52:32.870Z,35.8898333,-117.696,3.42,2.78,ml,53.0,42.0,0.06877,0.16,ci,ci38528871,2021-12-09T22:20:21.140Z,"20km ESE of Little Lake, CA",earthquake,0.12,0.39,0.191,23.0,reviewed,ci,ci
2019-07-11T07:04:05.960Z,36.1793333,-117.883,1.46,4.02,mw,71.0,51.0,0.0657,0.19,ci,ci38529591,2022-03-19T23:49:27.331Z,"16km SE of Olancha, CA",earthquake,0.13,0.34,,6.0,reviewed,ci,ci
2019-07-11T07:19:49.980Z,36.1795,-117.8843333,1.97,3.53,mw,69.0,51.0,0.06624,0.16,ci,ci38529711,2021-12-08T23:11:58.390Z,"16km SE of Olancha, CA",earthquake,0.12,0.29,,6.0,reviewed,ci,ci
2019-07-11T07:28:07.380Z,35.6095,-117.4646667,9.41,2.87,ml,47.0,43.0,0.02304,0.12,ci,ci38529815,2021-12-09T16:21:15.293Z,"18km SSW of Searles Valley, CA",earthquake,0.14,0.22,0.168,25.0,reviewed,ci,ci
2019-07-11T07:32:22.400Z,35.6691667,-117.51,5.97,2.58,ml,58.0,33.0,0.03541,0.14,ci,ci38529847,2021-12-10T15:36:27.050Z,"14km SW of Searles Valley, CA",earthquake,0.12,0.3,0.133,25.0,reviewed,ci,ci
2019-07-11T07:55:56.460Z,35.6603333,-117.4666667,5.62,3.37,ml,77.0,22.0,0.01727,0.14,ci,ci38530047,2021-12-08T23:40:57.240Z,"13km SSW of Searles Valley, CA",earthquake,0.09,0.24,0.121,171.0,reviewed,ci,ci
2019-07-11T08:48:02.340Z,35.895,-117.7051667,8.49,3.44,ml,68.0,26.0,0.06902,0.15,ci,ci38530495,2021-12-08T23:54:12.100Z,"19km ESE of Little Lake, CA",earthquake,0.11,0.29,0.147,42.0,reviewed,ci,ci
2019-07-11T10:26:29.870Z,36.0465,-117.7188333,1.13,3.48,mw,65.0,29.0,0.04321,0.18,ci,ci38531487,2021-12-08T23:29:25.380Z,"21km E of Coso Junction, CA",earthquake,0.11,0.2,,6.0,reviewed,ci,ci
2019-07-11T10:27:24.390Z,36.0471667,-117.7171667,1.38,3.13,ml,59.0,29.0,0.04472,0.15,ci,ci38531503,2021-12-09T15:47:37.321Z,"21km E of Coso Junction, CA",earthquake,0.11,0.18,0.166,21.0,reviewed,ci,ci
2019-07-11T10:43:35.390Z,36.0441667,-117.7231667,1.48,3.55,mw,66.0,24.0,0.03901,0.16,ci,ci38531663,2021-12-08T22:50:49.220Z,"20km E of Coso Junction, CA",earthquake,0.11,0.18,,6.0,reviewed,ci,ci
2019-07-11T10:51:59.670Z,35.8261667,-117.626,2.34,2.63,ml,51.0,50.0,0.05952,0.14,ci,ci38531703,2021-12-10T00:21:08.938Z,"21km WNW of Searles Valley, CA",earthquake,0.11,0.22,0.159,21.0,reviewed,ci,ci
2019-07-11T10:59:45.820Z,35.9423333,-117.3773333,1.71,3.67,mw,70.0,20.0,0.09194,0.17,ci,ci38531775,2021-12-08T22:33:28.552Z,"20km N of Searles Valley, CA",earthquake,0.11,0.25,,6.0,reviewed,ci,ci
2019-07-11T11:16:43.240Z,35.7101667,-117.4965,4.94,2.77,ml,60.0,53.0,0.06256,0.15,ci,ci38531895,2021-12-08T20:03:08.850Z,"10km SW of Searles Valley, CA",earthquake,0.11,0.22,0.169,23.0,reviewed,ci,ci
2019-07-11T11:17:27.630Z,36.1553333,-117.8805,1.38,3.17,ml,52.0,52.0,0.04301,0.17,ci,ci38531903,2021-12-09T15:41:08.860Z,"14km NNE of Coso Junction, CA",earthquake,0.14,0.23,0.138,69.0,reviewed,ci,ci
2019-07-11T11:36:16.600Z,35.618,-117.4206667,4.76,3.53,mw,69.0,26.0,0.03634,0.16,ci,ci38532079,2021-12-08T23:07:45.957Z,"17km SSW of Trona, CA",earthquake,0.11,0.15,,6.0,reviewed,ci,ci
2019-07-11T11:37:33.840Z,35.6203333,-117.4231667,4.38,2.84,ml,43.0,53.0,0.03924,0.12,ci,ci38532095,2021-12-09T16:23:09.279Z,"16km S of Searles Valley, CA",earthquake,0.13,0.21,0.169,39.0,reviewed,ci,ci
2019-07-11T11:39:37.950Z,36.187,-117.8906667,0.46,2.71,ml,46.0,57.0,0.07509,0.21,ci,ci38532119,2021-12-09T22:47:37.808Z,"15km SE of Olancha, CA",earthquake,0.2,0.36,0.173,24.0,reviewed,ci,ci
2019-07-11T12:07:56.160Z,35.5428333,-117.3835,5.22,2.59,ml,54.0,51.0,0.02362,0.15,ci,ci38532399,2021-12-09T23:52:04.616Z,"25km S of Trona, CA",earthquake,0.13,0.22,0.157,19.0,reviewed,ci,ci
2019-07-11T12:20:04.630Z,36.0833333,-117.8783333,1.49,3.0,ml,53.0,56.0,0.03911,0.15,ci,ci38532479,2021-12-09T16:26:14.169Z,"8km NE of Coso Junction, CA",earthquake,0.14,0.2,0.132,40.0,reviewed,ci,ci
2019-07-11T12:20:42.280Z,35.9403333,-117.3803333,2.16,3.52,mw,67.0,20.0,0.0929,0.17,ci,ci38532487,2021-12-08T23:15:01.070Z,"19km N of Searles Valley, CA",earthquake,0.11,0.27,,6.0,reviewed,ci,ci
2019-07-11T12:21:53.180Z,35.9393333,-117.3826667,2.05,2.73,ml,47.0,49.0,0.09399,0.17,ci,ci38532503,2021-12-09T19:52:13.060Z,"19km N of Searles Valley, CA",earthquake,0.16,0.39,0.15,23.0,reviewed,ci,ci
2019-07-11T12:54:11.370Z,36.1788333,-117.8796667,3.01,2.72,ml,31.0,59.0,0.06434,0.14,ci,ci38532823,2021-12-09T23:29:56.330Z,"16km SE of Olancha, CA",earthquake,0.18,0.48,0.181,19.0,reviewed,ci,ci
2019-07-11T13:13:13.510Z,35.8163333,-117.6436667,6.3,3.11,ml,68.0,40.0,0.05805,0.14,ci,ci38532975,2021-12-09T15:51:16.610Z,"22km N of Ridgecrest, CA",earthquake,0.1,0.33,0.133,96.0,reviewed,ci,ci
2019-07-11T14:05:51.980Z,35.944,-117.3725,3.3,2.56,ml,39.0,50.0,0.08968,0.14,ci,ci38533423,2021-12-09T23:26:24.650Z,"20km N of Searles Valley, CA",earthquake,0.2,0.74,0.14,26.0,reviewed,ci,ci
2019-07-11T14:24:19.130Z,35.9408333,-117.3771667,2.78,2.52,ml,39.0,49.0,0.091,0.12,ci,ci38533551,2021-12-09T21:45:05.360Z,"19km N of Searles Valley, CA",earthquake,0.17,0.91,0.177,25.0,reviewed,ci,ci
2019-07-11T14:47:59.430Z,35.5858333,-117.3558333,4.77,2.52,ml,47.0,36.0,0.02567,0.15,ci,ci38533759,2021-12-09T22:02:45.600Z,"20km S of Trona, CA",earthquake,0.17,0.28,0.162,25.0,reviewed,ci,ci
2019-07-11T15:16:12.660Z,35.932,-117.6785,3.56,2.75,ml,49.0,28.0,0.02779,0.17,ci,ci38534095,2021-12-08T20:19:18.304Z,"21km E of Little Lake, CA",earthquake,0.13,0.32,0.129,24.0,reviewed,ci,ci
2019-07-11T15:22:51.540Z,36.153,-117.8745,2.5,2.66,ml,53.0,55.0,0.03876,0.17,ci,ci38534167,2021-12-08T21:37:28.587Z,"14km NNE of Coso Junction, CA",earthquake,0.14,0.25,0.12,24.0,reviewed,ci,ci
2019-07-11T15:32:52.260Z,36.1565,-117.8768333,2.29,3.87,mw,69.0,51.0,0.04272,0.17,ci,ci38534255,2024-10-21T20:55:28.960Z,"14km NNE of Coso Junction, CA",earthquake,0.12,0.25,,6.0,reviewed,ci,ci
2019-07-11T15:51:06.400Z,36.1828333,-117.8813333,1.63,3.31,ml,64.0,52.0,0.06855,0.17,ci,ci38534415,2021-12-08T23:43:35.810Z,"16km SE of Olancha, CA",earthquake,0.12,0.29,0.126,84.0,reviewed,ci,ci
2019-07-11T16:19:08.760Z,36.1823333,-117.8841667,0.96,3.72,mw,67.0,52.0,0.06884,0.17,ci,ci38534591,2021-12-08T22:34:37.600Z,"16km SE of Olancha, CA",earthquake,0.13,0.26,,4.0,reviewed,ci,ci
2019-07-11T16:41:08.500Z,35.7033333,-117.5061667,2.48,3.53,mw,84.0,23.0,0.05678,0.15,ci,ci38534735,2022-08-08T14:53:25.343Z,"12km SW of Searles Valley, CA",earthquake,0.09,0.13,,4.0,reviewed,ci,ci
2019-07-11T17:23:24.920Z,35.9368333,-117.6895,2.82,2.62,ml,38.0,37.0,0.03361,0.15,ci,ci38535135,2021-12-10T00:18:17.850Z,"20km E of Little Lake, CA",earthquake,0.15,0.43,0.167,25.0,reviewed,ci,ci
2019-07-11T17:31:04.060Z,35.9588333,-117.4801667,1.86,3.1,ml,62.0,27.0,0.09921,0.19,ci,ci38535183,2020-03-31T17:38:48.659Z,"22km NNW of Searles Valley, CA",earthquake,0.15,0.35,0.135,81.0,reviewed,ci,ci
2019-07-11T17:47:53.480Z,35.8656667,-117.741,8.9,2.6,ml,48.0,30.0,0.0602,0.13,ci,ci38535359,2021-12-10T00:02:39.390Z,"17km ESE of Little Lake, CA",earthquake,0.12,0.34,0.171,25.0,reviewed,ci,ci
2019-07-11T18:12:25.800Z,35.9581667,-117.4741667,1.46,2.53,ml,49.0,33.0,0.1003,0.18,ci,ci38535535,2021-12-09T22:23:25.100Z,"22km NNW of Searles Valley, CA",earthquake,0.18,0.38,0.134,25.0,reviewed,ci,ci
2019-07-11T18:13:01.350Z,35.7581667,-117.3565,0.27,2.54,ml,9.0,191.0,0.1778,0.22,ci,ci38535543,2019-07-11T18:16:53.457Z,"2km ESE of Trona, CA",earthquake,1.58,31.61,0.286,4.0,automatic,ci,ci
2019-07-11T19:07:33.850Z,36.1873333,-117.879,2.01,2.58,ml,53.0,56.0,0.0723,0.15,ci,ci38536071,2021-12-10T18:39:54.020Z,"15km SE of Olancha, CA",earthquake,0.14,0.27,0.196,25.0,reviewed,ci,ci
2019-07-11T19:13:33.210Z,36.0453333,-117.7168333,1.7,2.64,ml,38.0,56.0,0.04409,0.15,ci,ci38536159,2021-12-10T18:09:45.360Z,"21km E of Coso Junction, CA",earthquake,0.19,0.27,0.201,25.0,reviewed,ci,ci
2019-07-11T19:14:57.410Z,35.9453333,-117.373,3.05,2.7,ml,46.0,50.0,0.0908,0.15,ci,ci38536167,2021-12-09T23:44:57.700Z,"20km N of Searles Valley, CA",earthquake,0.15,0.57,0.131,25.0,reviewed,ci,ci
2019-07-11T19:50:54.040Z,35.8526667,-117.6721667,8.74,2.77,ml,48.0,32.0,0.08725,0.13,ci,ci38536527,2021-12-10T21:33:09.300Z,"23km ESE of Little Lake, CA",earthquake,0.13,0.37,0.171,25.0,reviewed,ci,ci
2019-07-11T21:36:39.480Z,35.7281667,-117.5471667,8.09,2.67,ml,46.0,55.0,0.02093,0.11,ci,ci38537591,2021-12-10T18:32:29.150Z,"14km WSW of Searles Valley, CA",earthquake,0.13,0.29,0.145,26.0,reviewed,ci,ci
2019-07-11T21:42:35.360Z,35.7468333,-117.449,29.59,2.67,ml,10.0,158.0,0.0841,0.16,ci,ci38537671,2019-07-13T01:39:23.738Z,"5km WSW of Searles Valley, CA",earthquake,1.16,0.57,0.338,15.0,automatic,ci,ci
2019-07-11T21:42:43.380Z,36.1911667,-117.891,1.6,2.54,ml,40.0,57.0,0.07905,0.14,ci,ci38537679,2021-12-09T22:30:37.130Z,"14km SE of Olancha, CA",earthquake,0.18,0.4,0.165,25.0,reviewed,ci,ci
2019-07-11T22:37:57.210Z,36.1861667,-117.8883333,1.41,2.65,ml,39.0,57.0,0.07361,0.14,ci,ci38538263,2021-12-10T22:05:27.800Z,"15km SE of Olancha, CA",earthquake,0.2,0.43,0.189,26.0,reviewed,ci,ci
2019-07-11T22:50:28.250Z,35.8746667,-117.6985,5.23,2.51,ml,47.0,40.0,0.01196,0.18,ci,ci38538375,2022-08-08T14:54:05.658Z,"20km ESE of Little Lake, CA",earthquake,0.16,0.54,0.235,25.0,reviewed,ci,ci
2019-07-11T23:21:12.660Z,36.1828333,-117.8908333,0.96,2.57,ml,37.0,59.0,0.07133,0.15,ci,ci38538751,2021-12-10T00:10:57.260Z,"15km SE of Olancha, CA",earthquake,0.21,0.31,0.191,26.0,reviewed,ci,ci
2019-07-11T23:37:27.310Z,35.9353333,-117.7446667,2.09,2.96,ml,68.0,21.0,0.04793,0.17,ci,ci38538911,2021-12-10T21:44:13.310Z,"15km E of Little Lake, CA",earthquake,0.11,0.18,0.162,26.0,reviewed,ci,ci
2019-07-11T23:45:18.670Z,35.95,-117.703,4.32,4.14,mw,78.0,33.0,0.04275,0.18,ci,ci38538991,2021-12-10T19:12:07.000Z,"18km E of Little Lake, CA",earthquake,0.11,0.23,,6.0,reviewed,ci,ci
2019-07-11T23:47:01.440Z,35.5526667,-117.3283333,6.12,2.57,ml,42.0,78.0,0.04045,0.14,ci,ci38538999,2020-03-30T20:50:31.733Z,"24km S of Trona, CA",earthquake,0.18,0.28,0.109,17.0,reviewed,ci,ci
2019-07-11T23:51:08.980Z,35.5396667,-117.3863333,5.02,3.46,ml,83.0,26.0,0.02306,0.14,ci,ci38539031,2021-12-10T18:39:53.690Z,"25km S of Trona, CA",earthquake,0.09,0.16,0.151,237.0,reviewed,ci,ci
2019-07-11T23:52:32.220Z,35.9463333,-117.6985,4.8,3.64,mw,72.0,32.0,0.03908,0.15,ci,ci38539039,2021-12-10T18:48:06.860Z,"19km E of Little Lake, CA",earthquake,0.1,0.19,,4.0,reviewed,ci,ci
2019-07-12T00:08:06.690Z,35.9448333,-117.3726667,2.7,3.21,ml,68.0,28.0,0.09028,0.15,ci,ci38539215,2021-08-16T20:01:08.480Z,"20km N of Searles Valley, CA",earthquake,0.11,0.32,0.135,242.0,reviewed,ci,ci
2019-07-12T01:24:08.760Z,36.0316667,-117.348,3.85,2.89,ml,57.0,49.0,0.1173,0.18,ci,ci38540023,2021-08-16T18:58:09.160Z,"30km N of Searles Valley, CA",earthquake,0.15,0.58,0.098,25.0,reviewed,ci,ci
2019-07-12T01:57:44.150Z,35.560666666667,-117.3435,3.65,2.5,ml,47.0,62.0,0.03955,0.15,ci,ci38540423,2026-09-23T19:42:43.950Z,"23 km S of Trona, CA",earthquake,0.18,0.37,0.18681548607284,72.0,reviewed,ci,ci
2019-07-12T02:18:30.090Z,36.1815,-117.8843333,1.54,3.65,mw,67.0,51.0,0.0681,0.18,ci,ci38540647,2021-08-16T20:21:41.110Z,"16km SE of Olancha, CA",earthquake,0.14,0.33,,4.0,reviewed,ci,ci
2019-07-12T02:24:38.620Z,35.6853333,-117.5475,5.15,2.51,ml,47.0,39.0,0.04198,0.11,ci,ci38540687,2021-08-11T20:04:48.594Z,"14km ENE of Ridgecrest, CA",earthquake,0.12,0.19,0.086,23.0,reviewed,ci,ci
2019-07-12T02:45:22.630Z,36.189,-117.8813333,1.86,2.61,ml,45.0,56.0,0.07442,0.16,ci,ci38540879,2021-08-12T18:55:54.152Z,"15km SE of Olancha, CA",earthquake,0.18,0.39,0.201,26.0,reviewed,ci,ci
2019-07-12T03:26:23.510Z,35.8681667,-117.7043333,5.62,3.05,ml,60.0,36.0,0.0173,0.15,ci,ci38541351,2021-08-16T19:47:53.650Z,"20km ESE of Little Lake, CA",earthquake,0.11,0.34,0.15,89.0,reviewed,ci,ci
2019-07-12T03:27:53.690Z,35.9395,-117.3788333,1.9,3.94,mw,72.0,20.0,0.09142,0.19,ci,ci38541359,2021-08-16T20:25:45.830Z,"19km N of Searles Valley, CA",earthquake,0.12,0.29,,6.0,reviewed,ci,ci
2019-07-12T03:32:17.420Z,35.8881667,-117.724,4.92,3.21,ml,72.0,26.0,0.01582,0.16,ci,ci38541391,2021-08-16T20:06:20.820Z,"17km ESE of Little Lake, CA",earthquake,0.1,0.21,0.157,250.0,reviewed,ci,ci
2019-07-12T04:11:59.860Z,36.183,-117.8855,1.92,3.24,ml,66.0,52.0,0.06984,0.17,ci,ci38541743,2021-08-16T20:09:26.050Z,"15km SE of Olancha, CA",earthquake,0.12,0.27,0.131,87.0,reviewed,ci,ci
2019-07-12T04:30:14.530Z,35.6961667,-117.5245,8.16,2.94,ml,73.0,32.0,0.04662,0.14,ci,ci38541847,2021-08-16T19:02:16.290Z,"14km SW of Searles Valley, CA",earthquake,0.1,0.22,0.151,104.0,reviewed,ci,ci
2019-07-12T04:46:24.170Z,35.9416667,-117.3745,1.87,2.64,ml,53.0,50.0,0.08966,0.16,ci,ci38542039,2021-08-12T19:15:25.120Z,"20km N of Searles Valley, CA",earthquake,0.15,0.33,0.123,25.0,reviewed,ci,ci
2019-07-12T05:59:00.430Z,36.0751667,-117.8428333,1.84,2.54,ml,45.0,53.0,0.04343,0.14,ci,ci38542959,2021-08-11T21:50:52.880Z,"10km ENE of Coso Junction, CA",earthquake,0.15,0.21,0.161,24.0,reviewed,ci,ci
2019-07-12T06:49:05.390Z,35.6188333,-117.419,6.5,2.76,ml,51.0,53.0,0.03554,0.16,ci,ci38543543,2021-08-12T21:03:20.030Z,"17km SSW of Trona, CA",earthquake,0.18,0.3,0.155,25.0,reviewed,ci,ci
2019-07-12T07:37:19.120Z,35.6758333,-117.528,9.54,2.52,ml,51.0,38.0,0.051,0.13,ci,ci37344940,2021-08-11T19:39:30.337Z,"15km ENE of Ridgecrest, CA",earthquake,0.14,0.26,0.154,151.0,reviewed,ci,ci
2019-07-12T07:55:00.180Z,36.2038333,-117.8965,1.93,2.69,ml,32.0,58.0,0.09244,0.14,ci,ci38544303,2021-08-12T20:39:51.050Z,"13km SE of Olancha, CA",earthquake,0.18,0.39,0.16,24.0,reviewed,ci,ci
2019-07-12T07:56:02.970Z,35.5485,-117.3745,4.81,3.03,ml,75.0,27.0,0.02487,0.15,ci,ci38544311,2021-08-16T19:31:41.580Z,"24km S of Trona, CA",earthquake,0.11,0.18,0.141,26.0,reviewed,ci,ci
2019-07-12T07:56:25.620Z,35.7085,-117.5268333,10.38,2.74,ml,38.0,68.0,0.03921,0.12,ci,ci38544319,2021-08-12T21:40:45.766Z,"13km WSW of Searles Valley, CA",earthquake,0.14,0.26,0.127,25.0,reviewed,ci,ci
2019-07-12T09:27:56.980Z,35.6635,-117.4666667,10.26,2.77,ml,58.0,29.0,0.02005,0.14,ci,ci38545455,2021-08-12T21:30:39.350Z,"13km SSW of Searles Valley, CA",earthquake,0.14,0.21,0.179,25.0,reviewed,ci,ci
2019-07-12T11:00:52.820Z,35.8575,-117.699,5.99,2.51,ml,49.0,33.0,0.02833,0.15,ci,ci38546639,2021-08-11T19:12:15.910Z,"21km ESE of Little Lake, CA",earthquake,0.13,0.38,0.106,22.0,reviewed,ci,ci
2019-07-12T11:02:09.010Z,35.7036667,-117.5463333,4.52,2.91,ml,55.0,46.0,0.02797,0.14,ci,ci38546663,2021-08-12T22:23:04.240Z,"15km WSW of Searles Valley, CA",earthquake,0.13,0.27,0.128,24.0,reviewed,ci,ci
2019-07-12T12:24:33.720Z,36.1998333,-117.89,1.81,2.53,ml,44.0,57.0,0.08687,0.17,ci,ci38547759,2021-08-12T18:01:44.350Z,"14km SE of Olancha, CA",earthquake,0.2,0.46,0.132,23.0,reviewed,ci,ci
2019-07-12T13:00:15.530Z,35.941,-117.6996667,3.66,2.57,ml,41.0,37.0,0.03866,0.15,ci,ci38548143,2021-08-11T21:29:38.509Z,"19km E of Little Lake, CA",earthquake,0.14,0.28,0.2,31.0,reviewed,ci,ci
2019-07-12T13:11:37.990Z,35.6368333,-117.5861667,9.48,4.9,mw,103.0,16.0,0.02027,0.16,ci,ci38548295,2021-08-16T20:18:35.990Z,"8km ENE of Ridgecrest, CA",earthquake,0.09,0.18,,6.0,reviewed,ci,ci
2019-07-12T13:12:11.930Z,35.629,-117.597,9.43,3.49,mlr,25.0,47.0,0.02376,0.13,ci,ci37266364,2021-08-16T20:13:46.469Z,"7km E of Ridgecrest, CA",earthquake,0.22,0.46,0.134,4.0,reviewed,ci,ci
2019-07-12T13:12:22.020Z,35.6391667,-117.5825,9.8,3.22,ml,21.0,40.0,0.02027,0.15,ci,ci37266372,2021-08-16T19:51:53.328Z,"9km ENE of Ridgecrest, CA",earthquake,0.28,0.58,0.098,2.0,reviewed,ci,ci
2019-07-12T13:12:44.260Z,35.6303333,-117.5861667,9.26,2.96,ml,23.0,68.0,0.01617,0.15,ci,ci37266380,2021-08-16T19:24:51.713Z,"8km E of Ridgecrest, CA",earthquake,0.31,0.58,0.307,2.0,reviewed,ci,ci
2019-07-12T13:13:19.220Z,35.6383333,-117.5845,10.39,2.86,ml,41.0,34.0,0.02053,0.11,ci,ci38548311,2021-08-16T18:49:35.925Z,"8km ENE of Ridgecrest, CA",earthquake,0.13,0.25,0.192,15.0,reviewed,ci,ci
2019-07-12T13:13:33.960Z,35.6298333,-117.5965,9.34,2.69,ml,21.0,54.0,0.02363,0.12,ci,ci38548319,2021-08-12T21:52:38.369Z,"7km E of Ridgecrest, CA",earthquake,0.28,0.58,0.21,5.0,reviewed,ci,ci
2019-07-12T16:17:22.850Z,35.5278333,-117.4875,7.14,2.75,ml,52.0,40.0,0.06207,0.14,ci,ci38550119,2021-08-12T20:56:14.910Z,"20km ESE of Ridgecrest, CA",earthquake,0.14,0.3,0.136,25.0,reviewed,ci,ci
2019-07-12T16:42:41.650Z,35.7161667,-117.5596667,6.56,2.71,ml,50.0,49.0,0.01174,0.13,ci,ci38550319,2021-08-12T20:47:09.090Z,"15km NE of Ridgecrest, CA",earthquake,0.13,0.28,0.146,24.0,reviewed,ci,ci
2019-07-12T18:02:01.970Z,35.5728333,-117.3563333,3.32,2.6,ml,55.0,47.0,0.03477,0.15,ci,ci38551111,2021-08-12T18:46:00.670Z,"21km S of Trona, CA",earthquake,0.14,0.19,0.147,25.0,reviewed,ci,ci
2019-07-12T19:15:30.560Z,35.927,-117.7071667,3.81,2.81,ml,54.0,24.0,0.02503,0.16,ci,ci38551727,2021-08-12T22:12:59.440Z,"18km E of Little Lake, CA",earthquake,0.14,0.3,0.172,25.0,reviewed,ci,ci
2019-07-12T19:57:59.660Z,35.9578333,-117.7456667,1.76,2.85,ml,49.0,35.0,0.05685,0.17,ci,ci38552039,2021-08-12T22:03:53.380Z,"15km E of Little Lake, CA",earthquake,0.16,0.26,0.169,26.0,reviewed,ci,ci
2019-07-12T20:33:26.050Z,35.8231667,-117.6451667,2.09,2.53,ml,52.0,23.0,0.06425,0.18,ci,ci38552239,2021-08-11T21:17:36.410Z,"23km WNW of Searles Valley, CA",earthquake,0.17,0.25,0.125,25.0,reviewed,ci,ci
2019-07-12T20:47:32.060Z,36.1036667,-117.8231667,2.25,2.65,ml,53.0,45.0,0.02918,0.16,ci,ci38552295,2021-08-12T20:30:45.300Z,"13km ENE of Coso Junction, CA",earthquake,0.15,0.25,0.151,24.0,reviewed,ci,ci
2019-07-12T23:23:38.830Z,35.6855,-117.5218333,8.04,3.18,ml,75.0,27.0,0.05376,0.14,ci,ci38553255,2021-08-16T19:58:02.440Z,"14km SW of Searles Valley, CA",earthquake,0.09,0.22,0.164,249.0,reviewed,ci,ci
2019-07-12T23:33:09.450Z,35.6328333,-117.5483333,5.95,2.5,ml,55.0,27.0,0.02006,0.12,ci,ci38553303,2021-08-11T21:05:19.240Z,"12km E of Ridgecrest, CA",earthquake,0.11,0.26,0.172,26.0,reviewed,ci,ci
2019-07-13T00:36:16.700Z,35.7603333,-117.5886667,4.2,2.66,ml,49.0,37.0,0.01354,0.14,ci,ci37471037,2021-08-16T20:30:57.790Z,"17km W of Searles Valley, CA",earthquake,0.13,0.28,0.155,154.0,reviewed,ci,ci
2019-07-13T01:10:11.800Z,35.9145,-117.7206667,8.74,2.59,ml,48.0,20.0,0.01957,0.15,ci,ci38553895,2021-08-10T18:23:11.980Z,"17km E of Little Lake, CA",earthquake,0.14,0.31,0.207,25.0,reviewed,ci,ci
2019-07-13T01:16:52.480Z,35.7518333,-117.5673333,8.8,3.28,ml,78.0,42.0,0.0296,0.14,ci,ci38553919,2020-04-01T23:58:31.830Z,"15km W of Searles Valley, CA",earthquake,0.09,0.21,0.155,270.0,reviewed,ci,ci
2019-07-13T02:06:22.660Z,35.7218333,-117.5601667,10.74,2.52,ml,54.0,44.0,0.009564,0.15,ci,ci38554295,2021-08-10T18:33:16.640Z,"15km WSW of Searles Valley, CA",earthquake,0.14,0.25,0.125,26.0,reviewed,ci,ci
2019-07-13T02:47:44.240Z,35.6626667,-117.54,9.18,2.8,ml,52.0,37.0,0.04696,0.12,ci,ci38554623,2022-08-08T14:55:39.297Z,"13km ENE of Ridgecrest, CA",earthquake,0.12,0.23,0.101,25.0,reviewed,ci,ci
2019-07-13T03:39:41.170Z,35.9318333,-117.7031667,4.2,2.52,ml,47.0,26.0,0.02949,0.12,ci,ci38554943,2021-08-10T19:05:43.900Z,"18km E of Little Lake, CA",earthquake,0.11,0.21,0.236,25.0,reviewed,ci,ci
2019-07-13T04:03:09.600Z,35.6925,-117.5308333,9.73,2.72,ml,56.0,45.0,0.0448,0.14,ci,ci38555079,2021-08-16T20:32:03.220Z,"14km SW of Searles Valley, CA",earthquake,0.13,0.25,0.156,26.0,reviewed,ci,ci
2019-07-13T06:12:17.340Z,35.668,-117.4785,8.26,2.94,ml,78.0,21.0,0.02246,0.13,ci,ci38555951,2020-04-02T00:12:38.150Z,"13km SSW of Searles Valley, CA",earthquake,0.09,0.19,0.137,122.0,reviewed,ci,ci
2019-07-13T06:24:44.710Z,35.7835,-117.5696667,10.76,2.9,ml,55.0,32.0,0.02765,0.15,ci,ci38556047,2020-04-02T17:20:29.103Z,"15km W of Searles Valley, CA",earthquake,0.14,0.27,0.134,26.0,reviewed,ci,ci
2019-07-13T07:10:30.510Z,35.8671667,-117.6838333,8.2,2.55,ml,52.0,21.0,0.02499,0.14,ci,ci38556391,2021-08-11T00:11:44.632Z,"22km ESE of Little Lake, CA",earthquake,0.13,0.29,0.185,26.0,reviewed,ci,ci
2019-07-13T07:40:04.070Z,35.6531667,-117.5443333,7.38,2.55,ml,54.0,35.0,0.03704,0.12,ci,ci38556607,2021-08-11T00:19:18.960Z,"12km ENE of Ridgecrest, CA",earthquake,0.11,0.27,0.162,25.0,reviewed,ci,ci
2019-07-13T08:19:31.010Z,35.8606667,-117.6868333,9.73,2.65,ml,53.0,26.0,0.02876,0.14,ci,ci38556887,2021-08-11T00:28:24.250Z,"22km ESE of Little Lake, CA",earthquake,0.13,0.31,0.177,23.0,reviewed,ci,ci
2019-07-13T10:25:19.030Z,35.9421667,-117.3736667,3.07,3.83,mw,75.0,20.0,0.08939,0.16,ci,ci38557895,2020-04-02T17:36:51.100Z,"20km N of Searles Valley, CA",earthquake,0.12,0.47,,6.0,reviewed,ci,ci
2019-07-13T10:26:12.970Z,35.5998333,-117.4083333,8.55,2.6,ml,46.0,67.0,0.02224,0.12,ci,ci38557903,2021-08-11T18:29:29.676Z,"18km S of Trona, CA",earthquake,0.15,0.24,0.106,11.0,reviewed,ci,ci
2019-07-13T11:15:22.680Z,35.8738333,-117.6786667,5.6,2.92,ml,59.0,21.0,0.02421,0.15,ci,ci38558135,2022-08-08T14:56:19.289Z,"22km ESE of Little Lake, CA",earthquake,0.12,0.37,0.148,25.0,reviewed,ci,ci
2019-07-13T11:22:38.590Z,35.8636667,-117.6865,8.59,2.92,ml,60.0,21.0,0.02637,0.15,ci,ci38558175,2020-04-02T19:32:28.000Z,"21km ESE of Little Lake, CA",earthquake,0.12,0.3,0.234,26.0,reviewed,ci,ci
2019-07-13T11:42:27.490Z,36.0848333,-117.8216667,2.94,2.57,ml,50.0,42.0,0.04231,0.14,ci,ci38558271,2021-08-11T00:03:12.130Z,"12km ENE of Coso Junction, CA",earthquake,0.15,0.37,0.203,25.0,reviewed,ci,ci
2019-07-13T11:45:20.980Z,35.6348333,-117.429,4.72,3.16,ml,82.0,25.0,0.03053,0.14,ci,ci38558295,2022-06-16T17:46:17.986Z,"15km S of Searles Valley, CA",earthquake,0.09,0.15,0.154,147.0,reviewed,ci,ci
2019-07-13T12:44:25.810Z,35.9275,-117.694,4.54,3.08,ml,67.0,25.0,0.02593,0.15,ci,ci38558607,2020-04-02T19:49:34.970Z,"19km E of Little Lake, CA",earthquake,0.1,0.18,0.15,148.0,reviewed,ci,ci
2019-07-13T14:21:54.350Z,35.6638333,-117.4748333,2.85,2.53,ml,56.0,35.0,0.01843,0.12,ci,ci38559191,2021-08-10T19:47:10.180Z,"13km SSW of Searles Valley, CA",earthquake,0.12,0.15,0.125,24.0,reviewed,ci,ci
2019-07-13T14:34:41.540Z,35.917,-117.6705,3.55,3.17,ml,64.0,26.0,0.02934,0.15,ci,ci38559263,2020-04-02T20:03:04.055Z,"21km E of Little Lake, CA",earthquake,0.12,0.26,0.143,235.0,reviewed,ci,ci
2019-07-13T14:54:30.430Z,35.6083333,-117.4166667,8.67,3.2,ml,76.0,25.0,0.02984,0.14,ci,ci38559367,2022-08-08T14:57:48.950Z,"18km S of Trona, CA",earthquake,0.1,0.18,0.157,265.0,reviewed,ci,ci
2019-07-13T15:35:32.180Z,35.5985,-117.4316667,7.62,2.83,ml,55.0,35.0,0.02472,0.13,ci,ci38559615,2021-08-11T18:56:03.760Z,"19km S of Searles Valley, CA",earthquake,0.13,0.24,0.174,25.0,reviewed,ci,ci
2019-07-13T18:14:34.490Z,36.2056667,-117.8815,0.89,2.74,ml,43.0,56.0,0.09051,0.18,ci,ci38560551,2021-08-11T00:33:44.263Z,"14km SE of Olancha, CA",earthquake,0.19,0.4,0.128,26.0,reviewed,ci,ci
2019-07-13T18:24:47.680Z,36.1121667,-117.8396667,2.61,2.55,ml,33.0,56.0,0.01344,0.13,ci,ci38560631,2021-08-16T20:28:52.660Z,"12km NE of Coso Junction, CA",earthquake,0.19,0.39,0.23,20.0,reviewed,ci,ci
2019-07-13T18:25:08.410Z,35.7095,-117.5911667,7.48,2.79,ml,53.0,38.0,0.01539,0.13,ci,ci38560639,2021-08-11T18:10:49.857Z,"12km NE of Ridgecrest, CA",earthquake,0.14,0.29,0.171,24.0,reviewed,ci,ci
2019-07-13T19:06:15.510Z,35.6941667,-117.535,9.21,3.34,ml,89.0,29.0,0.04118,0.15,ci,ci38560831,2022-08-08T14:58:27.953Z,"14km SW of Searles Valley, CA",earthquake,0.08,0.18,0.136,281.0,reviewed,ci,ci
2019-07-13T20:41:00.260Z,35.6733333,-117.5646667,7.18,2.55,ml,52.0,35.0,0.03963,0.11,ci,ci38561247,2021-08-10T19:22:52.490Z,"12km ENE of Ridgecrest, CA",earthquake,0.11,0.2,0.199,26.0,reviewed,ci,ci
2019-07-13T22:05:12.400Z,35.5243333,-117.38,8.43,3.08,ml,68.0,22.0,0.01263,0.15,ci,ci38561631,2020-04-02T21:21:08.120Z,"27km S of Trona, CA",earthquake,0.12,0.23,0.15,142.0,reviewed,ci,ci
2019-07-13T22:58:40.480Z,35.6865,-117.5435,5.39,3.49,mlr,85.0,25.0,0.04263,0.14,ci,ci38561839,2020-04-02T21:35:13.400Z,"14km ENE of Ridgecrest, CA",earthquake,0.09,0.24,0.169,178.0,reviewed,ci,ci
2019-07-13T23:03:35.850Z,35.9363333,-117.6963333,3.53,3.24,ml,72.0,28.0,0.03425,0.16,ci,ci38561855,2020-04-02T21:41:18.100Z,"19km E of Little Lake, CA",earthquake,0.1,0.24,0.22,25.0,reviewed,ci,ci
2019-07-13T23:11:51.280Z,35.5855,-117.358,4.73,2.79,ml,58.0,35.0,0.02449,0.16,ci,ci38561879,2021-12-01T21:34:27.660Z,"20km S of Trona, CA",earthquake,0.14,0.26,0.159,25.0,reviewed,ci,ci
2019-07-14T00:43:06.120Z,36.1873333,-117.8898333,2.43,2.55,ml,38.0,57.0,0.07514,0.21,ci,ci38562239,2021-08-17T00:06:51.120Z,"15km SE of Olancha, CA",earthquake,0.25,0.5,0.167,24.0,reviewed,ci,ci
2019-07-14T02:28:17.650Z,35.7885,-117.6138333,5.19,2.68,ml,52.0,42.0,0.07425,0.11,ci,ci38562719,2021-08-17T18:12:39.850Z,"19km W of Searles Valley, CA",earthquake,0.11,0.28,0.144,25.0,reviewed,ci,ci
2019-07-14T03:40:35.700Z,35.8785,-117.6885,8.77,2.5,ml,49.0,31.0,0.01497,0.12,ci,ci38563167,2021-08-16T23:07:16.700Z,"21km ESE of Little Lake, CA",earthquake,0.13,0.32,0.175,26.0,reviewed,ci,ci
2019-07-14T03:48:50.420Z,35.6005,-117.432,2.62,2.73,ml,48.0,38.0,0.02665,0.14,ci,ci38563263,2021-08-17T20:25:48.860Z,"19km S of Searles Valley, CA",earthquake,0.13,0.16,0.166,26.0,reviewed,ci,ci
2019-07-14T05:26:24.300Z,35.9751667,-117.669,3.03,3.09,ml,69.0,25.0,0.03112,0.16,ci,ci38563839,2021-08-17T21:49:58.100Z,"22km ENE of Little Lake, CA",earthquake,0.11,0.18,0.148,161.0,reviewed,ci,ci
2019-07-14T05:35:33.140Z,35.6256667,-117.4346667,3.87,2.7,ml,49.0,53.0,0.04018,0.12,ci,ci38563879,2021-08-17T19:01:12.950Z,"16km S of Searles Valley, CA",earthquake,0.13,0.25,0.174,25.0,reviewed,ci,ci
2019-07-14T05:35:40.060Z,35.6281667,-117.434,3.51,2.63,ml,23.0,82.0,0.03782,0.15,ci,ci37479469,2021-08-17T18:59:19.496Z,"16km S of Searles Valley, CA",earthquake,0.22,0.5,0.16,6.0,reviewed,ci,ci
2019-07-14T06:03:17.280Z,35.9781667,-117.668,3.02,3.4,ml,71.0,24.0,0.03341,0.16,ci,ci38564023,2021-08-17T22:24:46.350Z,"22km ENE of Little Lake, CA",earthquake,0.1,0.18,0.163,203.0,reviewed,ci,ci
2019-07-14T06:06:39.280Z,35.8865,-117.7203333,4.58,3.36,ml,71.0,18.0,0.01265,0.14,ci,ci38564031,2021-08-17T22:18:37.380Z,"18km ESE of Little Lake, CA",earthquake,0.09,0.19,0.146,98.0,reviewed,ci,ci
2019-07-14T06:34:15.370Z,35.9071667,-117.6555,3.19,2.62,ml,44.0,27.0,0.0379,0.14,ci,ci38564143,2021-08-17T00:38:16.170Z,"23km E of Little Lake, CA",earthquake,0.13,0.36,0.126,24.0,reviewed,ci,ci
2019-07-14T07:07:52.680Z,35.9135,-117.6643333,9.41,2.69,ml,48.0,30.0,0.0324,0.15,ci,ci38564247,2021-08-17T19:03:20.760Z,"22km E of Little Lake, CA",earthquake,0.15,0.29,0.154,25.0,reviewed,ci,ci
2019-07-14T07:46:23.460Z,35.9766667,-117.6711667,2.86,2.52,ml,49.0,25.0,0.03329,0.15,ci,ci38564423,2021-08-16T23:16:27.020Z,"22km ENE of Little Lake, CA",earthquake,0.15,0.19,0.176,25.0,reviewed,ci,ci
2019-07-14T08:13:58.960Z,35.6831667,-117.5136667,9.11,2.69,ml,56.0,42.0,0.0477,0.12,ci,ci38564551,2021-08-17T18:30:49.750Z,"14km SW of Searles Valley, CA",earthquake,0.13,0.25,0.189,25.0,reviewed,ci,ci
2019-07-14T11:00:08.690Z,36.1951667,-117.8936667,1.39,3.26,ml,68.0,52.0,0.08355,0.18,ci,ci38565431,2021-08-17T22:13:30.290Z,"14km SE of Olancha, CA",earthquake,0.12,0.32,0.12,163.0,reviewed,ci,ci
2019-07-14T11:13:23.910Z,35.6536667,-117.4931667,8.49,2.56,ml,51.0,35.0,0.01507,0.13,ci,ci38565471,2021-08-17T00:12:56.510Z,"15km SSW of Searles Valley, CA",earthquake,0.13,0.24,0.136,25.0,reviewed,ci,ci
2019-07-14T11:46:10.930Z,35.7823333,-117.6176667,6.77,2.78,ml,55.0,32.0,0.01878,0.14,ci,ci38565567,2021-08-17T21:03:20.660Z,"19km NNE of Ridgecrest, CA",earthquake,0.13,0.31,0.245,25.0,reviewed,ci,ci
2019-07-14T12:27:03.880Z,35.6603333,-117.4903333,2.68,3.1,ml,79.0,21.0,0.01807,0.13,ci,ci38565791,2021-08-17T22:00:06.440Z,"14km SSW of Searles Valley, CA",earthquake,0.09,0.12,0.127,153.0,reviewed,ci,ci
2019-07-14T12:29:33.710Z,35.3363333,-117.9133333,6.88,3.1,ml,87.0,23.0,0.08819,0.18,ci,ci38565815,2021-08-17T22:04:15.260Z,"24km NNE of California City, CA",earthquake,0.12,0.63,0.171,207.0,reviewed,ci,ci
2019-07-14T12:54:26.410Z,35.9271667,-117.667,3.08,2.86,ml,55.0,25.0,0.0247,0.16,ci,ci38565935,2021-08-17T21:21:30.980Z,"22km E of Little Lake, CA",earthquake,0.13,0.33,0.14,25.0,reviewed,ci,ci
2019-07-14T14:00:17.240Z,35.5935,-117.3865,6.59,3.05,ml,80.0,23.0,0.008854,0.14,ci,ci38566311,2021-08-17T21:46:52.490Z,"19km S of Trona, CA",earthquake,0.1,0.19,0.167,205.0,reviewed,ci,ci
2019-07-14T16:51:13.680Z,36.1833333,-117.8863333,1.88,2.58,ml,41.0,57.0,0.07039,0.15,ci,ci38567391,2021-08-17T00:45:26.210Z,"15km SE of Olancha, CA",earthquake,0.2,0.4,0.165,24.0,reviewed,ci,ci
2019-07-14T19:01:51.440Z,36.165,-117.8666667,1.21,2.51,ml,41.0,54.0,0.04828,0.16,ci,ci37421669,2021-08-16T23:10:23.060Z,"15km NNE of Coso Junction, CA",earthquake,0.18,0.28,0.132,37.0,reviewed,ci,ci
2019-07-14T20:37:06.640Z,35.7641667,-117.579,6.27,3.14,ml,64.0,37.0,0.04208,0.13,ci,ci38568471,2021-08-17T22:10:23.230Z,"16km W of Searles Valley, CA",earthquake,0.1,0.31,0.153,188.0,reviewed,ci,ci
2019-07-14T20:40:15.740Z,36.1046667,-117.881,0.97,3.36,ml,65.0,54.0,0.02478,0.17,ci,ci38568511,2021-08-17T22:21:41.290Z,"9km NE of Coso Junction, CA",earthquake,0.15,0.21,0.123,141.0,reviewed,ci,ci
2019-07-14T22:01:46.130Z,35.621,-117.438,7.35,2.55,ml,43.0,51.0,0.03967,0.29,ci,ci38568903,2021-08-16T23:30:37.300Z,"17km S of Searles Valley, CA",earthquake,0.34,31.61,0.181,9.0,reviewed,ci,ci
2019-07-14T22:01:49.000Z,35.6243333,-117.4333333,2.08,2.59,ml,18.0,111.0,0.04145,0.12,ci,ci37479421,2021-08-17T00:00:15.383Z,"16km S of Searles Valley, CA",earthquake,0.21,0.18,0.133,23.0,reviewed,ci,ci
2019-07-14T22:22:28.830Z,35.6145,-117.4646667,2.89,2.93,ml,53.0,46.0,0.02723,0.13,ci,ci38568991,2021-08-17T21:32:37.930Z,"18km SSW of Searles Valley, CA",earthquake,0.11,0.14,0.105,26.0,reviewed,ci,ci
2019-07-14T22:38:05.780Z,35.5941667,-117.3811667,6.13,3.4,ml,58.0,29.0,0.007018,0.14,ci,ci38569055,2021-08-17T23:58:23.740Z,"19km S of Trona, CA",earthquake,0.13,0.23,0.164,124.0,reviewed,ci,ci
2019-07-14T23:15:55.070Z,36.0915,-117.8618333,5.29,2.96,ml,67.0,53.0,0.02663,0.16,ci,ci38569191,2021-08-17T21:42:44.880Z,"9km ENE of Coso Junction, CA",earthquake,0.13,0.3,0.164,129.0,reviewed,ci,ci
2019-07-15T00:16:18.060Z,35.6928333,-117.5501667,4.01,2.55,ml,52.0,41.0,0.0344,0.15,ci,ci38569463,2021-08-18T17:33:01.600Z,"14km NE of Ridgecrest, CA",earthquake,0.14,0.3,0.137,25.0,reviewed,ci,ci
2019-07-15T00:35:36.920Z,36.0788333,-117.8788333,2.49,2.67,ml,45.0,56.0,0.04327,0.12,ci,ci38569583,2021-08-18T23:28:01.970Z,"7km ENE of Coso Junction, CA",earthquake,0.13,0.23,0.203,25.0,reviewed,ci,ci
2019-07-15T02:54:39.630Z,35.6643333,-117.5035,9.22,3.64,mw,77.0,31.0,0.02825,0.14,ci,ci38570271,2021-08-20T21:55:35.390Z,"15km SW of Searles Valley, CA",earthquake,0.1,0.17,,4.0,reviewed,ci,ci
2019-07-15T03:12:42.280Z,35.6305,-117.434,4.4,2.5,ml,46.0,55.0,0.03555,0.12,ci,ci38570351,2021-08-18T17:16:54.840Z,"16km S of Searles Valley, CA",earthquake,0.13,0.22,0.17,25.0,reviewed,ci,ci
2019-07-15T04:14:38.890Z,35.7245,-117.528,9.97,2.66,ml,51.0,54.0,0.03578,0.14,ci,ci38570711,2021-08-18T21:34:51.440Z,"12km WSW of Searles Valley, CA",earthquake,0.15,0.27,0.118,25.0,reviewed,ci,ci
2019-07-15T04:55:56.370Z,35.6176667,-117.6001667,8.81,3.07,ml,75.0,22.0,0.02568,0.14,ci,ci38570919,2021-08-20T20:49:55.660Z,"7km E of Ridgecrest, CA",earthquake,0.09,0.24,0.161,193.0,reviewed,ci,ci
2019-07-15T06:39:55.780Z,35.371,-117.8421667,4.01,3.33,ml,89.0,27.0,0.1034,0.16,ci,ci38571423,2021-08-20T21:47:35.666Z,"19km W of Johannesburg, CA",earthquake,0.11,0.52,0.165,235.0,reviewed,ci,ci
2019-07-15T07:14:01.240Z,35.9151667,-117.6801667,2.72,2.93,ml,54.0,24.0,0.03573,0.15,ci,ci38571639,2021-08-20T20:40:09.535Z,"20km E of Little Lake, CA",earthquake,0.11,0.19,0.102,24.0,reviewed,ci,ci
2019-07-15T08:10:58.510Z,35.6716667,-117.5078333,9.95,2.67,ml,53.0,36.0,0.03589,0.13,ci,ci38571887,2021-08-19T20:10:36.250Z,"14km SW of Searles Valley, CA",earthquake,0.12,0.22,0.189,25.0,reviewed,ci,ci
2019-07-15T08:38:45.240Z,36.056,-117.8506667,2.26,4.21,mw,74.0,52.0,0.05794,0.16,ci,ci38572055,2021-08-20T22:01:48.280Z,"9km E of Coso Junction, CA",earthquake,0.11,0.18,,4.0,reviewed,ci,ci
2019-07-15T08:42:10.020Z,36.054,-117.8546667,2.08,2.74,ml,49.0,53.0,0.0545,0.14,ci,ci38572063,2021-08-20T00:13:46.178Z,"8km E of Coso Junction, CA",earthquake,0.13,0.2,0.141,26.0,reviewed,ci,ci
2019-07-15T10:18:36.610Z,35.926,-117.7191667,2.71,2.88,ml,53.0,35.0,0.04206,0.17,ci,ci38572695,2021-08-20T19:54:35.900Z,"17km E of Little Lake, CA",earthquake,0.13,0.22,0.111,83.0,reviewed,ci,ci
2019-07-15T10:29:10.390Z,35.6848333,-117.4798333,8.16,2.87,ml,55.0,36.0,0.03929,0.13,ci,ci38572735,2021-08-20T19:30:23.300Z,"12km SW of Searles Valley, CA",earthquake,0.12,0.27,0.174,25.0,reviewed,ci,ci
2019-07-15T10:39:32.770Z,35.9291667,-117.7128333,2.74,2.62,ml,50.0,24.0,0.05402,0.16,ci,ci38572791,2021-08-18T18:04:24.880Z,"18km E of Little Lake, CA",earthquake,0.14,0.38,0.216,26.0,reviewed,ci,ci
2019-07-15T11:58:14.330Z,36.0673333,-117.8471667,2.36,2.66,ml,41.0,53.0,0.05053,0.14,ci,ci38573175,2021-08-19T20:25:47.853Z,"9km ENE of Coso Junction, CA",earthquake,0.15,0.2,0.184,25.0,reviewed,ci,ci
2019-07-15T12:25:45.000Z,36.1048333,-117.9063333,3.21,2.88,ml,62.0,57.0,0.04358,0.16,ci,ci38573335,2021-08-20T20:08:59.740Z,"8km NNE of Coso Junction, CA",earthquake,0.14,0.34,0.134,101.0,reviewed,ci,ci
2019-07-15T12:38:14.230Z,35.9293333,-117.702,3.65,2.58,ml,50.0,25.0,0.0458,0.14,ci,ci38573423,2021-08-18T17:48:08.950Z,"18km E of Little Lake, CA",earthquake,0.13,0.34,0.24,25.0,reviewed,ci,ci
2019-07-15T13:29:35.270Z,36.0648333,-117.8455,2.3,2.78,ml,50.0,53.0,0.05318,0.16,ci,ci38573671,2021-08-20T00:25:43.863Z,"10km ENE of Coso Junction, CA",earthquake,0.15,0.22,0.19,25.0,reviewed,ci,ci
2019-07-15T14:13:57.240Z,36.108,-117.8451667,4.57,2.68,ml,47.0,44.0,0.01237,0.14,ci,ci38573879,2021-08-19T21:31:41.955Z,"12km NE of Coso Junction, CA",earthquake,0.17,0.29,0.171,25.0,reviewed,ci,ci
2019-07-15T14:54:20.010Z,36.08,-117.8865,1.21,2.65,ml,41.0,57.0,0.04542,0.17,ci,ci38574143,2021-08-18T21:22:44.840Z,"7km NE of Coso Junction, CA",earthquake,0.2,0.26,0.14,26.0,reviewed,ci,ci
2019-07-15T15:43:36.550Z,35.6701667,-117.4141667,8.43,3.61,mw,85.0,25.0,0.009239,0.15,ci,ci38574407,2021-08-20T21:53:30.570Z,"11km S of Searles Valley, CA",earthquake,0.1,0.21,,6.0,reviewed,ci,ci
2019-07-15T16:06:10.410Z,35.7425,-117.5091667,3.58,2.88,ml,53.0,51.0,0.05484,0.13,ci,ci38574551,2021-08-20T20:18:08.410Z,"10km WSW of Searles Valley, CA",earthquake,0.11,0.41,0.154,25.0,reviewed,ci,ci
2019-07-15T18:34:00.060Z,36.0591667,-117.8478333,2.77,2.71,ml,38.0,52.0,0.05857,0.12,ci,ci38575431,2021-08-19T23:17:29.660Z,"9km E of Coso Junction, CA",earthquake,0.16,0.46,0.153,17.0,reviewed,ci,ci
2019-07-15T18:34:49.130Z,35.9056667,-117.692,2.83,3.05,ml,64.0,20.0,0.05401,0.16,ci,ci38575455,2021-08-20T20:43:49.180Z,"20km E of Little Lake, CA",earthquake,0.1,0.26,0.162,114.0,reviewed,ci,ci
2019-07-15T18:35:18.090Z,36.1071667,-117.8463333,5.22,2.62,ml,20.0,77.0,0.01248,0.1,ci,ci38575447,2021-08-18T23:21:42.414Z,"12km NE of Coso Junction, CA",earthquake,0.17,0.27,0.102,11.0,reviewed,ci,ci
2019-07-15T19:14:51.560Z,35.95,-117.4845,2.19,2.56,ml,47.0,29.0,0.09617,0.17,ci,ci38575655,2021-08-18T18:37:54.350Z,"22km NNW of Searles Valley, CA",earthquake,0.17,0.33,0.178,42.0,reviewed,ci,ci
2019-07-15T20:21:19.250Z,36.0621667,-117.8551667,1.79,2.73,ml,48.0,54.0,0.0553,0.16,ci,ci38575967,2021-08-20T00:01:55.490Z,"9km ENE of Coso Junction, CA",earthquake,0.15,0.23,0.135,25.0,reviewed,ci,ci
2019-07-15T20:30:45.880Z,36.1266667,-117.8291667,2.59,2.62,ml,41.0,52.0,0.02269,0.14,ci,ci38576015,2021-08-18T18:46:04.190Z,"14km NE of Coso Junction, CA",earthquake,0.17,0.36,0.176,26.0,reviewed,ci,ci
2019-07-15T21:13:55.750Z,35.6723333,-117.5233333,8.2,3.22,ml,74.0,19.0,0.04587,0.13,ci,ci38576223,2021-08-20T21:46:18.870Z,"15km ENE of Ridgecrest, CA",earthquake,0.09,0.19,0.181,118.0,reviewed,ci,ci
2019-07-15T21:29:53.010Z,35.6785,-117.506,9.21,3.69,mw,84.0,23.0,0.04024,0.16,ci,ci38576311,2021-08-20T21:57:40.550Z,"14km SW of Searles Valley, CA",earthquake,0.1,0.19,,6.0,reviewed,ci,ci
2019-07-15T21:50:40.930Z,35.9636667,-117.2803333,3.22,2.72,ml,48.0,54.0,0.0726,0.15,ci,ci38576447,2021-08-19T23:26:39.086Z,"24km NNE of Trona, CA",earthquake,0.15,0.59,0.114,26.0,reviewed,ci,ci
2019-07-16T00:26:09.510Z,36.023,-117.3238333,1.89,2.86,ml,55.0,50.0,0.1358,0.15,ci,ci38577167,2021-09-01T19:11:44.100Z,"29km N of Trona, CA",earthquake,0.13,0.34,0.139,58.0,reviewed,ci,ci
2019-07-16T00:50:22.040Z,35.9446667,-117.7006667,2.96,3.12,ml,67.0,31.0,0.04093,0.14,ci,ci38577303,2021-09-01T21:51:39.232Z,"19km E of Little Lake, CA",earthquake,0.1,0.31,0.214,25.0,reviewed,ci,ci
2019-07-16T01:05:07.530Z,35.9468333,-117.7036667,2.61,2.68,ml,50.0,32.0,0.04325,0.15,ci,ci38577391,2021-08-24T21:05:25.200Z,"18km E of Little Lake, CA",earthquake,0.12,0.2,0.239,25.0,reviewed,ci,ci
2019-07-16T02:35:52.600Z,35.8683333,-117.7006667,7.74,3.05,ml,67.0,19.0,0.07925,0.15,ci,ci38577799,2022-08-08T15:03:37.559Z,"20km ESE of Little Lake, CA",earthquake,0.11,0.36,0.141,198.0,reviewed,ci,ci
2019-07-16T02:47:05.040Z,35.6323333,-117.432,4.99,3.8,mw,80.0,36.0,0.03341,0.14,ci,ci38577831,2021-09-01T22:20:58.290Z,"15km S of Searles Valley, CA",earthquake,0.09,0.15,,6.0,reviewed,ci,ci
2019-07-16T02:56:07.080Z,36.0908333,-117.8351667,1.79,2.5,ml,39.0,51.0,0.03109,0.14,ci,ci38577871,2022-08-08T15:04:17.588Z,"11km ENE of Coso Junction, CA",earthquake,0.16,0.22,0.122,25.0,reviewed,ci,ci
2019-07-16T03:12:09.980Z,36.199,-117.895,1.36,2.86,ml,50.0,58.0,0.08751,0.17,ci,ci38577951,2021-09-01T19:01:42.110Z,"14km SE of Olancha, CA",earthquake,0.18,0.46,0.158,25.0,reviewed,ci,ci
2019-07-16T03:32:11.620Z,35.8515,-117.6755,8.09,3.21,ml,63.0,20.0,0.07273,0.15,ci,ci38578055,2021-09-01T22:00:06.100Z,"23km ESE of Little Lake, CA",earthquake,0.11,0.32,0.207,92.0,reviewed,ci,ci
2019-07-16T03:35:48.790Z,35.6626667,-117.4516667,10.28,2.8,ml,53.0,35.0,0.02292,0.14,ci,ci38578079,2021-09-01T18:57:24.820Z,"12km SSW of Searles Valley, CA",earthquake,0.14,0.21,0.197,25.0,reviewed,ci,ci
2019-07-16T04:15:45.150Z,35.8023333,-117.6233333,5.96,2.51,ml,56.0,27.0,0.02489,0.14,ci,ci38578255,2021-08-20T23:53:24.300Z,"20km W of Searles Valley, CA",earthquake,0.12,0.35,0.203,25.0,reviewed,ci,ci
2019-07-16T04:27:34.820Z,35.9463333,-117.7006667,3.84,2.59,ml,50.0,31.0,0.04083,0.13,ci,ci38578311,2021-08-21T00:19:42.770Z,"19km E of Little Lake, CA",earthquake,0.12,0.3,0.245,26.0,reviewed,ci,ci
2019-07-16T04:52:28.230Z,35.876,-117.6795,4.54,3.0,ml,,20.0,0.076,0.36,us,us70004l6w,2019-10-04T16:37:02.040Z,"18 km ENE of Pearsonville, California",earthquake,0.5,2.2,0.14,73.0,reviewed,ci,ci
2019-07-16T04:52:28.240Z,35.8751667,-117.6795,4.66,2.96,ml,63.0,19.0,0.07633,0.15,ci,ci38578439,2021-09-01T20:08:28.253Z,"22km ESE of Little Lake, CA",earthquake,0.11,0.32,0.141,51.0,reviewed,ci,ci
2019-07-16T05:26:52.660Z,35.7923333,-117.6235,2.96,3.55,ml,71.0,30.0,0.03149,0.15,ci,ci38578567,2021-09-01T22:18:23.217Z,"20km NNE of Ridgecrest, CA",earthquake,0.1,0.18,0.121,152.0,reviewed,ci,ci
2019-07-16T05:29:42.650Z,36.0565,-117.854,2.7,2.72,ml,55.0,53.0,0.0569,0.15,ci,ci38578575,2021-08-24T23:33:34.529Z,"9km E of Coso Junction, CA",earthquake,0.14,0.41,0.16,26.0,reviewed,ci,ci
2019-07-16T07:51:09.780Z,35.6768333,-117.537,9.85,2.89,ml,62.0,29.0,0.05361,0.13,ci,ci38579271,2021-09-01T19:34:08.600Z,"14km ENE of Ridgecrest, CA",earthquake,0.1,0.2,0.118,23.0,reviewed,ci,ci
2019-07-16T08:39:46.970Z,35.5858333,-117.6145,7.9,2.62,ml,50.0,34.0,0.0517,0.13,ci,ci38579511,2021-08-24T19:28:31.650Z,"7km SE of Ridgecrest, CA",earthquake,0.11,0.36,0.113,25.0,reviewed,ci,ci
2019-07-16T08:42:27.970Z,35.5463333,-117.3836667,5.06,2.66,ml,54.0,42.0,0.02644,0.14,ci,ci38579535,2021-08-24T20:28:05.400Z,"24km S of Trona, CA",earthquake,0.14,0.23,0.108,25.0,reviewed,ci,ci
2019-07-16T09:42:12.780Z,35.9441667,-117.6738333,3.34,2.53,ml,46.0,40.0,0.01939,0.14,ci,ci38579807,2021-08-21T00:09:27.122Z,"21km E of Little Lake, CA",earthquake,0.12,0.29,0.197,26.0,reviewed,ci,ci
2019-07-16T09:42:34.540Z,35.7921667,-117.6225,3.06,2.76,ml,52.0,30.0,0.03108,0.18,ci,ci38579815,2021-08-25T22:21:52.632Z,"20km NNE of Ridgecrest, CA",earthquake,0.14,0.21,0.126,33.0,reviewed,ci,ci
2019-07-16T10:52:32.650Z,35.599,-117.3718333,5.49,3.48,mlr,68.0,26.0,0.04451,0.15,ci,ci38580111,2021-09-01T22:05:17.000Z,"18km S of Trona, CA",earthquake,0.12,0.29,0.162,147.0,reviewed,ci,ci
2019-07-16T10:57:49.910Z,35.5728333,-117.4428333,4.11,2.6,ml,54.0,35.0,0.01994,0.14,ci,ci38580143,2021-08-24T17:54:39.990Z,"22km ESE of Ridgecrest, CA",earthquake,0.13,0.25,0.17,25.0,reviewed,ci,ci
2019-07-16T13:16:17.400Z,35.6343333,-117.4293333,4.4,2.61,ml,47.0,63.0,0.03106,0.12,ci,ci38580903,2021-08-24T19:39:48.185Z,"15km S of Searles Valley, CA",earthquake,0.12,0.21,0.13,25.0,reviewed,ci,ci
2019-07-16T13:16:50.200Z,35.6586667,-117.4731667,4.57,3.2,ml,73.0,30.0,0.01363,0.13,ci,ci38580911,2021-09-01T21:47:39.840Z,"14km SSW of Searles Valley, CA",earthquake,0.09,0.19,0.166,110.0,reviewed,ci,ci
2019-07-16T14:02:10.750Z,36.1218333,-117.828,3.5,2.64,ml,50.0,51.0,0.02216,0.16,ci,ci38581239,2021-08-24T19:58:44.340Z,"14km NE of Coso Junction, CA",earthquake,0.17,0.33,0.163,26.0,reviewed,ci,ci
2019-07-16T14:38:46.050Z,35.9858333,-117.412,1.26,3.46,ml,66.0,37.0,0.0953,0.19,ci,ci38581455,2021-09-01T22:03:11.830Z,"24km N of Searles Valley, CA",earthquake,0.13,0.27,0.11,109.0,reviewed,ci,ci
2019-07-16T15:57:04.410Z,36.1018333,-117.824,2.3,2.96,ml,57.0,26.0,0.02952,0.17,ci,ci38581959,2021-09-01T21:13:42.200Z,"13km ENE of Coso Junction, CA",earthquake,0.13,0.23,0.143,70.0,reviewed,ci,ci
2019-07-16T15:59:52.020Z,35.8055,-117.6255,5.57,2.94,ml,61.0,26.0,0.02494,0.15,ci,ci38581967,2021-09-01T20:03:46.760Z,"20km WNW of Searles Valley, CA",earthquake,0.11,0.36,0.168,77.0,reviewed,ci,ci
2019-07-16T17:05:44.950Z,36.2021667,-117.8981667,0.32,2.9,ml,54.0,58.0,0.0914,0.16,ci,ci38582311,2021-09-01T19:46:29.630Z,"13km SE of Olancha, CA",earthquake,0.16,0.35,0.106,26.0,reviewed,ci,ci
2019-07-16T18:36:26.710Z,35.7383333,-117.5586667,8.69,2.71,ml,55.0,45.0,0.0192,0.13,ci,ci38582815,2021-08-25T19:35:11.450Z,"14km WSW of Searles Valley, CA",earthquake,0.11,0.27,0.146,25.0,reviewed,ci,ci
2019-07-16T19:01:00.810Z,35.6801667,-117.5391667,5.74,2.51,ml,53.0,38.0,0.04986,0.12,ci,ci38582951,2021-08-20T23:43:16.000Z,"14km ENE of Ridgecrest, CA",earthquake,0.12,0.29,0.115,25.0,reviewed,ci,ci
2019-07-16T19:11:48.970Z,36.0233333,-117.8695,2.29,2.54,ml,50.0,54.0,0.02301,0.13,ci,ci38583015,2021-08-21T00:34:56.800Z,"8km ESE of Coso Junction, CA",earthquake,0.12,0.15,0.187,25.0,reviewed,ci,ci
2019-07-16T19:23:50.120Z,36.1893333,-117.8913333,1.63,2.72,ml,52.0,57.0,0.07745,0.15,ci,ci38583095,2021-09-01T18:05:49.050Z,"14km SE of Olancha, CA",earthquake,0.15,0.36,0.151,24.0,reviewed,ci,ci
2019-07-16T20:15:36.780Z,35.7836667,-117.6143333,3.56,4.47,mw,89.0,31.0,0.0348,0.2,ci,ci38583335,2021-09-01T22:55:47.480Z,"19km NNE of Ridgecrest, CA",earthquake,0.11,0.29,,6.0,reviewed,ci,ci
2019-07-16T20:15:59.020Z,35.6776667,-117.5155,7.59,3.54,mlr,32.0,48.0,0.04453,0.15,ci,ci37421757,2021-09-01T22:11:59.407Z,"14km SW of Searles Valley, CA",earthquake,0.18,0.4,0.082,7.0,reviewed,ci,ci
2019-07-16T20:17:51.590Z,35.5505,-117.429,3.15,2.57,ml,39.0,44.0,0.02689,0.15,ci,ci37421765,2021-08-25T23:51:11.228Z,"24km ESE of Ridgecrest, CA",earthquake,0.13,0.17,0.18,16.0,reviewed,ci,ci
2019-07-16T21:06:21.420Z,35.8778333,-117.6906667,7.45,3.05,ml,59.0,18.0,0.07719,0.15,ci,ci38583551,2021-09-01T21:41:25.360Z,"20km ESE of Little Lake, CA",earthquake,0.11,0.38,0.145,66.0,reviewed,ci,ci
2019-07-16T22:38:43.160Z,35.7746667,-117.5861667,3.27,2.66,ml,56.0,35.0,0.04201,0.15,ci,ci38583991,2021-08-24T20:50:16.750Z,"16km W of Searles Valley, CA",earthquake,0.11,0.21,0.14,25.0,reviewed,ci,ci
2019-07-16T22:50:40.770Z,36.0655,-117.837,1.89,2.6,ml,43.0,52.0,0.05395,0.13,ci,ci38584079,2021-08-24T19:19:30.227Z,"10km ENE of Coso Junction, CA",earthquake,0.12,0.17,0.111,25.0,reviewed,ci,ci
2019-07-17T00:53:16.160Z,35.621,-117.435,7.6,3.32,ml,66.0,31.0,0.04094,0.13,ci,ci38584607,2021-09-23T19:30:51.450Z,"16km S of Searles Valley, CA",earthquake,0.11,0.21,0.129,286.0,reviewed,ci,ci
2019-07-17T01:06:11.610Z,35.8616667,-117.6883333,6.56,2.62,ml,52.0,28.0,0.08171,0.13,ci,ci38584663,2021-09-15T17:58:00.390Z,"21km ESE of Little Lake, CA",earthquake,0.11,0.32,0.14,24.0,reviewed,ci,ci
2019-07-17T01:47:24.790Z,35.6238333,-117.4753333,8.25,3.11,ml,57.0,29.0,0.0217,0.14,ci,ci38584855,2021-09-23T18:11:31.520Z,"17km SSW of Searles Valley, CA",earthquake,0.13,0.2,0.133,95.0,reviewed,ci,ci
2019-07-17T02:29:07.380Z,36.116,-117.884,5.3,4.37,mw,77.0,53.0,0.02365,0.19,ci,ci38585023,2021-09-23T20:46:17.110Z,"10km NE of Coso Junction, CA",earthquake,0.12,0.3,,6.0,reviewed,ci,ci
2019-07-17T02:29:32.470Z,36.1171667,-117.8918333,6.96,3.3,ml,13.0,202.0,0.02994,0.12,ci,ci37267164,2021-09-23T19:25:12.661Z,"10km NNE of Coso Junction, CA",earthquake,0.37,0.48,0.157,5.0,reviewed,ci,ci
2019-07-17T02:30:50.780Z,36.1136667,-117.8815,5.2,2.73,ml,14.0,118.0,0.02192,0.13,ci,ci38585039,2021-09-16T20:21:11.887Z,"10km NE of Coso Junction, CA",earthquake,0.37,0.49,0.038,5.0,automatic,ci,ci
2019-07-17T02:35:27.430Z,36.1193333,-117.887,4.68,3.07,ml,57.0,58.0,0.02608,0.15,ci,ci38585055,2021-09-23T17:54:37.610Z,"10km NNE of Coso Junction, CA",earthquake,0.15,0.4,0.14,68.0,reviewed,ci,ci
2019-07-17T02:36:29.910Z,36.1145,-117.8846667,4.82,3.22,ml,59.0,57.0,0.02433,0.16,ci,ci38585063,2021-09-23T18:44:03.440Z,"10km NE of Coso Junction, CA",earthquake,0.13,0.36,0.132,87.0,reviewed,ci,ci
2019-07-17T03:08:29.010Z,35.6848333,-117.5331667,8.81,2.66,ml,56.0,29.0,0.04898,0.13,ci,ci38585215,2021-09-16T19:06:39.540Z,"15km ENE of Ridgecrest, CA",earthquake,0.12,0.24,0.104,25.0,reviewed,ci,ci
2019-07-17T03:22:49.530Z,36.118,-117.8848333,4.91,3.1,ml,62.0,54.0,0.02427,0.16,ci,ci38585303,2021-09-23T18:07:54.190Z,"10km NE of Coso Junction, CA",earthquake,0.14,0.35,0.165,59.0,reviewed,ci,ci
2019-07-17T03:23:27.930Z,36.1186667,-117.89,4.18,3.48,mlr,74.0,55.0,0.02847,0.19,ci,ci38585311,2021-09-23T20:36:09.450Z,"10km NNE of Coso Junction, CA",earthquake,0.15,0.28,0.105,99.0,reviewed,ci,ci
2019-07-17T03:45:58.850Z,36.1208333,-117.8865,5.26,2.91,ml,58.0,57.0,0.02582,0.17,ci,ci38585423,2021-09-16T22:04:39.840Z,"10km NNE of Coso Junction, CA",earthquake,0.15,0.38,0.134,59.0,reviewed,ci,ci
2019-07-17T05:16:02.390Z,35.6166667,-117.4193333,3.9,2.74,ml,26.0,88.0,0.04048,0.13,ci,ci37349724,2021-09-02T23:49:35.135Z,"17km SSW of Trona, CA",earthquake,0.21,0.35,0.158,6.0,reviewed,ci,ci
2019-07-17T05:49:52.200Z,35.8558333,-117.684,4.07,3.11,ml,72.0,19.0,0.08087,0.16,ci,ci38586063,2021-09-23T18:16:09.460Z,"22km ESE of Little Lake, CA",earthquake,0.09,0.27,0.127,25.0,reviewed,ci,ci
2019-07-17T09:46:06.540Z,35.6478333,-117.4546667,2.65,2.57,ml,52.0,57.0,0.01882,0.14,ci,ci38587239,2021-09-14T20:53:16.400Z,"14km SSW of Searles Valley, CA",earthquake,0.12,0.16,0.141,25.0,reviewed,ci,ci
2019-07-17T12:11:09.950Z,35.6706667,-117.4151667,8.5,2.67,ml,53.0,51.0,0.008871,0.11,ci,ci38588111,2021-09-16T19:23:19.590Z,"11km S of Searles Valley, CA",earthquake,0.12,0.24,0.137,24.0,reviewed,ci,ci
2019-07-17T12:57:33.450Z,35.9235,-117.6816667,2.47,3.03,ml,55.0,28.0,0.03518,0.17,ci,ci38588455,2021-09-16T22:08:49.320Z,"20km E of Little Lake, CA",earthquake,0.13,0.28,0.167,85.0,reviewed,ci,ci
2019-07-17T13:24:40.750Z,35.923,-117.6838333,2.62,2.69,ml,52.0,24.0,0.0368,0.14,ci,ci38588591,2021-09-16T19:49:32.640Z,"20km E of Little Lake, CA",earthquake,0.12,0.26,0.123,26.0,reviewed,ci,ci
2019-07-17T14:48:46.940Z,35.6825,-117.4725,5.87,3.08,ml,61.0,36.0,0.03715,0.13,ci,ci38589175,2021-09-23T18:01:04.770Z,"11km SSW of Searles Valley, CA",earthquake,0.1,0.26,0.146,82.0,reviewed,ci,ci
2019-07-17T15:07:20.920Z,35.8948333,-117.7166667,8.21,3.0,ml,58.0,21.0,0.07549,0.14,ci,ci38589287,2021-09-15T18:21:15.620Z,"18km ESE of Little Lake, CA",earthquake,0.11,0.32,0.156,73.0,reviewed,ci,ci
2019-07-17T15:07:26.200Z,35.7228333,-117.4888333,3.97,2.65,ml,19.0,65.0,0.06759,0.13,ci,ci37267324,2021-09-15T18:14:54.502Z,"9km WSW of Searles Valley, CA",earthquake,0.2,0.89,0.025,3.0,reviewed,ci,ci
2019-07-17T15:11:50.880Z,35.894,-117.72,7.81,3.31,ml,68.0,20.0,0.07802,0.16,ci,ci38589319,2021-09-23T19:28:28.550Z,"18km ESE of Little Lake, CA",earthquake,0.12,0.36,0.164,130.0,reviewed,ci,ci
2019-07-17T15:12:00.080Z,35.8975,-117.7186667,7.75,3.07,ml,45.0,35.0,0.07484,0.23,ci,ci37421821,2020-04-17T17:22:03.806Z,"18km ESE of Little Lake, CA",earthquake,0.23,0.76,0.129,23.0,reviewed,ci,ci
2019-07-17T16:46:39.540Z,35.8735,-117.6828333,4.63,2.82,ml,39.0,43.0,0.07878,0.19,ci,ci38589903,2021-09-16T21:48:28.190Z,"21km ESE of Little Lake, CA",earthquake,0.21,0.55,0.159,25.0,automatic,ci,ci
2019-07-17T19:02:03.810Z,35.5873333,-117.4175,6.08,2.63,ml,48.0,39.0,0.03644,0.15,ci,ci38590679,2021-09-15T18:44:36.170Z,"20km S of Trona, CA",earthquake,0.14,0.36,0.162,25.0,reviewed,ci,ci
2019-07-17T19:42:15.130Z,35.6498333,-117.461,2.69,3.61,mw,76.0,37.0,0.01419,0.16,ci,ci38590903,2022-06-16T17:46:34.612Z,"14km SSW of Searles Valley, CA",earthquake,0.1,0.14,,4.0,reviewed,ci,ci
2019-07-17T19:42:31.600Z,35.6525,-117.4608333,2.99,2.74,ml,22.0,46.0,0.01534,0.13,ci,ci37421845,2021-09-16T20:09:01.295Z,"14km SSW of Searles Valley, CA",earthquake,0.16,0.15,0.045,5.0,reviewed,ci,ci
2019-07-17T19:54:03.750Z,35.9025,-117.694,2.55,3.36,ml,62.0,23.0,0.0575,0.18,ci,ci38590983,2021-09-23T19:33:24.900Z,"20km E of Little Lake, CA",earthquake,0.11,0.23,0.118,100.0,reviewed,ci,ci
2019-07-17T21:49:19.150Z,36.1156667,-117.8385,2.39,3.87,mw,77.0,49.0,0.01338,0.17,ci,ci38591583,2021-09-23T20:44:04.460Z,"13km NE of Coso Junction, CA",earthquake,0.11,0.21,,6.0,reviewed,ci,ci
2019-07-17T22:01:20.380Z,36.2006667,-117.8948333,1.75,2.78,ml,26.0,62.0,0.089,0.22,ci,ci38591655,2021-09-16T21:25:14.529Z,"13km SE of Olancha, CA",earthquake,0.37,0.82,0.325,25.0,automatic,ci,ci
2019-07-17T22:01:35.670Z,35.6458333,-117.4476667,4.97,3.35,ml,63.0,39.0,0.02438,0.13,ci,ci38591663,2021-09-23T18:50:03.890Z,"14km SSW of Searles Valley, CA",earthquake,0.1,0.16,0.152,134.0,reviewed,ci,ci
2019-07-17T22:29:15.720Z,36.1145,-117.836,2.71,2.58,ml,48.0,48.0,0.01558,0.16,ci,ci38591847,2021-09-14T21:31:29.190Z,"13km NE of Coso Junction, CA",earthquake,0.17,0.35,0.174,24.0,reviewed,ci,ci
2019-07-17T22:41:15.310Z,35.3718333,-117.8415,2.89,3.24,ml,78.0,27.0,0.1042,0.16,ci,ci38591911,2021-09-23T18:49:07.770Z,"19km W of Johannesburg, CA",earthquake,0.12,0.48,0.211,142.0,reviewed,ci,ci
2019-07-17T23:18:51.840Z,35.6418333,-117.4721667,6.42,2.52,ml,52.0,50.0,0.005742,0.14,ci,ci38592095,2021-09-02T21:29:12.020Z,"15km SSW of Searles Valley, CA",earthquake,0.13,0.24,0.212,64.0,reviewed,ci,ci
2019-07-18T00:46:45.980Z,35.8055,-117.639,1.91,2.66,ml,39.0,48.0,0.03524,0.14,ci,ci38592551,2021-09-23T23:56:19.400Z,"21km N of Ridgecrest, CA",earthquake,0.16,0.24,0.137,81.0,reviewed,ci,ci
2019-07-18T02:33:43.570Z,35.7526667,-117.5775,6.85,3.34,ml,65.0,40.0,0.03054,0.16,ci,ci38593087,2021-10-05T21:44:01.700Z,"16km W of Searles Valley, CA",earthquake,0.11,0.23,0.17,92.0,reviewed,ci,ci
2019-07-18T02:34:59.100Z,35.6198333,-117.4255,4.52,2.59,ml,50.0,53.0,0.04473,0.11,ci,ci38593095,2021-09-30T18:02:38.890Z,"16km S of Searles Valley, CA",earthquake,0.13,0.22,0.147,22.0,reviewed,ci,ci
2019-07-18T02:36:31.350Z,35.6341667,-117.433,6.74,2.81,ml,53.0,37.0,0.03181,0.13,ci,ci38593111,2021-10-02T01:10:14.100Z,"15km S of Searles Valley, CA",earthquake,0.12,0.23,0.12,25.0,reviewed,ci,ci
2019-07-18T03:02:37.860Z,35.6161667,-117.4563333,10.3,3.24,ml,64.0,27.0,0.02999,0.13,ci,ci38593247,2021-10-05T20:18:50.170Z,"18km SSW of Searles Valley, CA",earthquake,0.1,0.16,0.163,110.0,reviewed,ci,ci
2019-07-18T03:05:39.340Z,35.6301667,-117.4305,4.87,2.69,ml,50.0,56.0,0.03532,0.13,ci,ci38593255,2021-09-30T22:36:44.180Z,"15km S of Searles Valley, CA",earthquake,0.12,0.21,0.186,26.0,reviewed,ci,ci
2019-07-18T03:59:14.720Z,36.113,-117.8875,1.56,4.64,mw,78.0,54.0,0.02682,0.18,ci,ci38593535,2021-10-06T19:26:39.990Z,"9km NE of Coso Junction, CA",earthquake,0.12,0.26,,6.0,reviewed,ci,ci
2019-07-18T04:00:50.990Z,36.1175,-117.881,5.67,2.85,ml,19.0,98.0,0.02117,0.12,ci,ci38593551,2020-04-22T19:18:13.445Z,"10km NE of Coso Junction, CA",earthquake,0.27,0.37,0.153,9.0,reviewed,ci,ci
2019-07-18T04:01:32.260Z,36.1136667,-117.8848333,2.69,3.42,ml,55.0,57.0,0.02458,0.16,ci,ci38593559,2020-04-21T20:42:35.476Z,"10km NE of Coso Junction, CA",earthquake,0.14,0.44,0.15,31.0,reviewed,ci,ci
2019-07-18T04:02:08.230Z,36.1091667,-117.883,5.14,3.26,ml,61.0,54.0,0.02428,0.16,ci,ci38593567,2021-10-05T21:54:23.810Z,"9km NE of Coso Junction, CA",earthquake,0.14,0.33,0.2,23.0,reviewed,ci,ci
2019-07-18T04:06:28.900Z,36.1115,-117.8848333,7.05,2.69,ml,16.0,121.0,0.02502,0.12,ci,ci37481685,2021-10-01T00:21:58.926Z,"9km NE of Coso Junction, CA",earthquake,0.35,0.48,0.263,7.0,reviewed,ci,ci
2019-07-18T04:06:30.120Z,36.111,-117.8726667,5.81,2.72,ml,40.0,55.0,0.01584,0.12,ci,ci38593583,2021-10-01T00:20:41.662Z,"10km NE of Coso Junction, CA",earthquake,0.18,0.39,0.229,25.0,reviewed,ci,ci
2019-07-18T04:15:37.920Z,36.1068333,-117.8908333,4.88,2.85,ml,49.0,58.0,0.03104,0.17,ci,ci38593655,2021-10-05T19:04:12.870Z,"9km NE of Coso Junction, CA",earthquake,0.19,0.49,0.183,25.0,reviewed,ci,ci
2019-07-18T05:18:11.560Z,36.114,-117.8818333,5.44,3.36,ml,61.0,56.0,0.02213,0.17,ci,ci38594055,2021-10-05T21:59:34.000Z,"10km NE of Coso Junction, CA",earthquake,0.15,0.33,0.116,104.0,reviewed,ci,ci
2019-07-18T05:26:41.620Z,36.1143333,-117.8806667,5.84,2.54,ml,53.0,56.0,0.02115,0.16,ci,ci38594095,2021-09-25T00:09:45.760Z,"10km NE of Coso Junction, CA",earthquake,0.17,0.35,0.176,24.0,reviewed,ci,ci
2019-07-18T06:14:29.400Z,36.1148333,-117.8893333,3.93,3.31,ml,55.0,57.0,0.02805,0.16,ci,ci38594383,2021-10-05T21:36:36.370Z,"9km NE of Coso Junction, CA",earthquake,0.14,0.29,0.102,138.0,reviewed,ci,ci
2019-07-18T07:44:58.410Z,36.0796667,-117.8703333,4.63,2.8,ml,44.0,55.0,0.03986,0.16,ci,ci38594839,2021-10-02T00:46:03.520Z,"8km ENE of Coso Junction, CA",earthquake,0.18,0.34,0.315,25.0,reviewed,ci,ci
2019-07-18T08:22:02.610Z,36.1063333,-117.8925,4.1,3.05,ml,57.0,58.0,0.03248,0.17,ci,ci38595071,2021-10-05T19:27:38.830Z,"8km NE of Coso Junction, CA",earthquake,0.15,0.36,0.134,75.0,reviewed,ci,ci
2019-07-18T08:48:28.060Z,35.8935,-117.722,2.64,2.68,ml,50.0,23.0,0.07954,0.13,ci,ci38595231,2021-09-30T21:02:40.220Z,"17km ESE of Little Lake, CA",earthquake,0.11,0.26,0.174,26.0,reviewed,ci,ci
2019-07-18T09:57:16.760Z,35.5611667,-117.3916667,2.76,2.59,ml,51.0,47.0,0.04238,0.18,ci,ci38595599,2021-09-30T19:17:30.370Z,"23km S of Trona, CA",earthquake,0.18,0.23,0.155,26.0,reviewed,ci,ci
2019-07-18T11:17:47.900Z,35.987,-117.3266667,4.75,2.7,ml,49.0,54.0,0.1021,0.15,ci,ci38596007,2022-08-08T15:08:21.391Z,"25km N of Trona, CA",earthquake,0.15,0.49,0.086,25.0,reviewed,ci,ci
2019-07-18T14:20:58.670Z,35.6621667,-117.4821667,5.07,2.73,ml,51.0,35.0,0.01704,0.11,ci,ci38597047,2021-10-01T23:06:11.400Z,"14km SSW of Searles Valley, CA",earthquake,0.1,0.19,0.131,25.0,reviewed,ci,ci
2019-07-18T15:49:04.480Z,35.7053333,-117.521,9.7,2.64,ml,51.0,53.0,0.04479,0.13,ci,ci38597535,2021-09-30T21:27:56.390Z,"13km WSW of Searles Valley, CA",earthquake,0.12,0.26,0.195,25.0,reviewed,ci,ci
2019-07-18T16:43:37.040Z,35.9256667,-117.6841667,2.89,2.6,ml,46.0,38.0,0.03527,0.16,ci,ci38597815,2021-09-30T20:09:00.350Z,"20km E of Little Lake, CA",earthquake,0.14,0.49,0.167,24.0,reviewed,ci,ci
2019-07-18T19:27:48.770Z,35.8076667,-117.6373333,2.01,2.65,ml,41.0,48.0,0.03336,0.17,ci,ci38598623,2021-09-23T22:05:58.270Z,"21km N of Ridgecrest, CA",earthquake,0.15,0.25,0.133,89.0,reviewed,ci,ci
2019-07-18T20:16:54.960Z,36.1088333,-117.8841667,4.26,2.82,ml,26.0,57.0,0.02528,0.13,ci,ci38598855,2021-10-05T17:04:24.700Z,"9km NE of Coso Junction, CA",earthquake,0.2,0.3,0.192,24.0,reviewed,ci,ci
2019-07-18T21:46:37.630Z,35.7841667,-117.6243333,5.76,3.65,mlr,69.0,31.0,0.03832,0.14,ci,ci38599327,2021-10-06T18:07:23.250Z,"19km NNE of Ridgecrest, CA",earthquake,0.1,0.31,0.167,202.0,reviewed,ci,ci
2019-07-18T23:54:32.440Z,36.1128333,-117.8358333,2.41,2.73,ml,40.0,45.0,0.01612,0.16,ci,ci38599911,2021-10-01T23:28:22.790Z,"13km NE of Coso Junction, CA",earthquake,0.16,0.29,0.161,25.0,reviewed,ci,ci
2019-07-19T00:01:10.330Z,35.6496667,-117.466,2.25,3.16,ml,73.0,24.0,0.03776,0.13,ci,ci38599935,2021-10-06T22:01:25.520Z,"14km SSW of Searles Valley, CA",earthquake,0.08,0.13,0.133,262.0,reviewed,ci,ci
2019-07-19T00:19:25.090Z,35.9123333,-117.4373333,1.03,3.12,ml,57.0,40.0,0.1064,0.17,ci,ci38600023,2021-10-06T20:21:33.280Z,"16km N of Searles Valley, CA",earthquake,0.13,0.22,0.147,120.0,reviewed,ci,ci
2019-07-19T00:22:34.650Z,35.8363333,-117.6643333,3.34,2.67,ml,54.0,28.0,0.05806,0.18,ci,ci37481605,2021-09-30T20:58:31.940Z,"24km N of Ridgecrest, CA",earthquake,0.12,0.44,0.168,18.0,reviewed,ci,ci
2019-07-19T02:05:12.480Z,35.7796667,-117.625,9.11,2.56,ml,35.0,60.0,0.04237,0.13,ci,ci38600551,2021-10-05T17:09:30.420Z,"18km NNE of Ridgecrest, CA",earthquake,0.17,0.43,0.14,19.0,reviewed,ci,ci
2019-07-19T02:36:47.970Z,35.8736667,-117.6963333,7.54,2.61,ml,49.0,27.0,0.08294,0.14,ci,ci38600727,2021-09-30T21:51:13.800Z,"20km ESE of Little Lake, CA",earthquake,0.11,0.38,0.232,20.0,reviewed,ci,ci
2019-07-19T02:52:13.520Z,36.1223333,-117.826,2.49,3.34,ml,53.0,51.0,0.02384,0.17,ci,ci38600815,2021-10-06T22:04:50.290Z,"14km NE of Coso Junction, CA",earthquake,0.13,0.32,0.133,91.0,reviewed,ci,ci
2019-07-19T04:11:06.920Z,35.8951667,-117.684,3.14,2.53,ml,35.0,43.0,0.05928,0.13,ci,ci38601175,2021-10-01T19:09:53.900Z,"21km ESE of Little Lake, CA",earthquake,0.14,0.54,0.159,22.0,reviewed,ci,ci
2019-07-19T06:58:36.200Z,36.1186667,-117.8245,2.59,2.61,ml,45.0,51.0,0.02461,0.16,ci,ci38602007,2021-10-01T14:45:25.650Z,"14km NE of Coso Junction, CA",earthquake,0.14,0.3,0.173,22.0,reviewed,ci,ci
2019-07-19T07:48:49.030Z,35.9253333,-117.6835,2.47,2.51,ml,48.0,30.0,0.03506,0.15,ci,ci38602271,2021-10-01T19:31:07.440Z,"20km E of Little Lake, CA",earthquake,0.11,0.22,0.179,23.0,reviewed,ci,ci
2019-07-19T08:50:25.000Z,35.6453333,-117.4616667,3.18,2.68,ml,56.0,54.0,0.0367,0.13,ci,ci38602647,2021-09-30T20:04:54.440Z,"14km SSW of Searles Valley, CA",earthquake,0.1,0.17,0.133,25.0,reviewed,ci,ci
2019-07-19T09:26:43.880Z,36.0741667,-117.8485,2.18,3.06,ml,54.0,53.0,0.04363,0.16,ci,ci38602799,2021-10-06T19:56:56.020Z,"10km ENE of Coso Junction, CA",earthquake,0.13,0.18,0.115,139.0,reviewed,ci,ci
2019-07-19T09:28:26.760Z,36.0745,-117.8465,1.66,2.59,ml,46.0,53.0,0.04352,0.17,ci,ci38602807,2021-09-30T19:12:24.560Z,"10km ENE of Coso Junction, CA",earthquake,0.16,0.23,0.253,23.0,reviewed,ci,ci
2019-07-19T09:43:44.630Z,36.0745,-117.847,1.85,2.53,ml,46.0,53.0,0.04346,0.19,ci,ci38602911,2021-10-01T21:03:38.203Z,"10km ENE of Coso Junction, CA",earthquake,0.16,0.24,0.13,23.0,reviewed,ci,ci
2019-07-19T10:20:04.390Z,36.1936667,-117.8901667,1.5,2.74,ml,39.0,60.0,0.08113,0.14,ci,ci38603063,2021-09-30T19:25:37.660Z,"14km SE of Olancha, CA",earthquake,0.15,0.31,0.175,22.0,reviewed,ci,ci
2019-07-19T10:47:05.410Z,35.585,-117.3576667,4.56,3.65,mw,84.0,24.0,0.05784,0.17,ci,ci38603223,2021-10-05T20:16:39.580Z,"20km S of Trona, CA",earthquake,0.12,0.26,,4.0,reviewed,ci,ci
2019-07-19T12:03:18.790Z,35.6561667,-117.4498333,7.05,2.6,ml,63.0,39.0,0.0231,0.14,ci,ci38603639,2021-09-30T20:23:08.250Z,"13km SSW of Searles Valley, CA",earthquake,0.1,0.21,0.219,25.0,reviewed,ci,ci
2019-07-19T12:58:58.270Z,35.6236667,-117.5748333,7.94,3.23,ml,65.0,25.0,0.004937,0.15,ci,ci38603871,2021-10-06T22:02:45.120Z,"9km E of Ridgecrest, CA",earthquake,0.1,0.25,0.157,199.0,reviewed,ci,ci
2019-07-19T13:06:36.500Z,35.8355,-117.633,8.48,2.51,ml,53.0,20.0,0.03494,0.14,ci,ci38603943,2021-10-05T18:10:14.780Z,"22km WNW of Searles Valley, CA",earthquake,0.12,0.31,0.174,23.0,reviewed,ci,ci
2019-07-19T13:14:26.650Z,35.8936667,-117.6863333,2.58,3.47,mw,62.0,18.0,0.06149,0.17,ci,ci38603967,2021-10-06T22:38:13.430Z,"20km ESE of Little Lake, CA",earthquake,0.11,0.26,,4.0,reviewed,ci,ci
2019-07-19T13:52:22.020Z,36.1091667,-117.8418333,2.61,3.43,mw,51.0,31.0,0.01348,0.16,ci,ci38604199,2021-10-06T22:29:07.300Z,"12km NE of Coso Junction, CA",earthquake,0.15,0.28,,4.0,reviewed,ci,ci
2019-07-19T16:16:58.420Z,35.7151667,-117.4948333,4.62,3.51,mlr,80.0,22.0,0.06313,0.15,ci,ci38605023,2021-10-05T20:30:21.610Z,"10km SW of Searles Valley, CA",earthquake,0.09,0.22,0.136,153.0,reviewed,ci,ci
2019-07-19T16:50:51.150Z,36.1943333,-117.8931667,1.06,2.82,ml,47.0,58.0,0.08263,0.17,ci,ci38605175,2021-09-30T18:17:48.230Z,"14km SE of Olancha, CA",earthquake,0.16,0.42,0.15,22.0,reviewed,ci,ci
2019-07-19T17:11:33.560Z,35.3783333,-117.8268333,3.59,2.57,ml,67.0,27.0,0.1117,0.15,ci,ci38605263,2021-09-30T21:33:03.540Z,"17km W of Johannesburg, CA",earthquake,0.12,0.48,0.18,29.0,reviewed,ci,ci
2019-07-19T17:47:11.120Z,36.0681667,-117.8456667,2.04,2.69,ml,45.0,61.0,0.04987,0.13,ci,ci38605423,2021-09-30T22:13:29.450Z,"10km ENE of Coso Junction, CA",earthquake,0.12,0.16,0.237,19.0,reviewed,ci,ci
2019-07-19T17:55:18.300Z,35.8301667,-117.6613333,5.13,2.61,ml,58.0,21.0,0.05383,0.15,ci,ci38605447,2021-09-30T21:14:47.490Z,"23km N of Ridgecrest, CA",earthquake,0.11,0.27,0.26,25.0,reviewed,ci,ci
2019-07-19T19:01:16.290Z,36.1118333,-117.8875,3.68,2.54,ml,42.0,57.0,0.02704,0.16,ci,ci38605751,2021-10-01T20:16:32.280Z,"9km NE of Coso Junction, CA",earthquake,0.15,0.32,0.232,24.0,reviewed,ci,ci
2019-07-19T19:54:49.920Z,35.8303333,-117.6576667,5.72,2.55,ml,50.0,28.0,0.05101,0.17,ci,ci38606015,2021-09-30T22:31:37.620Z,"23km N of Ridgecrest, CA",earthquake,0.13,0.48,0.232,21.0,reviewed,ci,ci
2019-07-19T23:24:11.470Z,35.5426667,-117.4275,2.95,2.96,ml,54.0,62.0,0.05209,0.14,ci,ci37481597,2021-09-30T18:54:15.450Z,"24km ESE of Ridgecrest, CA",earthquake,0.13,0.22,0.14,20.0,reviewed,ci,ci
2019-07-19T23:33:45.390Z,35.6511667,-117.491,8.82,3.47,ml,62.0,35.0,0.05145,0.15,ci,ci38606951,2021-10-06T22:41:19.780Z,"15km SSW of Searles Valley, CA",earthquake,0.12,0.27,0.153,267.0,reviewed,ci,ci
2019-07-20T01:21:02.880Z,35.836,-117.67,6.39,2.5,ml,54.0,29.0,0.05691,0.13,ci,ci38607375,2021-09-14T20:58:42.340Z,"24km N of Ridgecrest, CA",earthquake,0.11,0.26,0.2,23.0,reviewed,ci,ci
2019-07-20T02:35:59.990Z,35.909,-117.7191667,7.44,2.53,ml,52.0,20.0,0.0156,0.16,ci,ci38607663,2021-09-14T20:36:20.100Z,"17km E of Little Lake, CA",earthquake,0.13,0.26,0.241,22.0,reviewed,ci,ci
2019-07-20T02:36:15.440Z,35.9115,-117.7225,7.54,2.93,ml,48.0,24.0,0.01915,0.15,ci,ci38607671,2021-08-31T18:57:01.500Z,"17km E of Little Lake, CA",earthquake,0.14,0.33,0.17,20.0,reviewed,ci,ci
2019-07-20T02:38:43.360Z,35.8828333,-117.6843333,5.15,3.67,mw,73.0,16.0,0.01683,0.16,ci,ci38607695,2021-10-05T20:33:26.840Z,"21km ESE of Little Lake, CA",earthquake,0.1,0.18,,6.0,reviewed,ci,ci
2019-07-20T02:43:17.130Z,35.7841667,-117.6205,6.73,2.72,ml,55.0,32.0,0.02173,0.15,ci,ci38607719,2021-08-31T19:16:20.450Z,"19km NNE of Ridgecrest, CA",earthquake,0.11,0.26,0.225,21.0,reviewed,ci,ci
2019-07-20T08:03:12.680Z,35.6871667,-117.5281667,7.55,2.84,ml,55.0,42.0,0.05003,0.14,ci,ci38609239,2021-08-31T19:07:11.090Z,"14km SW of Searles Valley, CA",earthquake,0.12,0.31,0.149,23.0,reviewed,ci,ci
2019-07-20T10:48:19.810Z,35.6711667,-117.484,1.72,2.53,ml,46.0,37.0,0.04949,0.14,ci,ci38610031,2021-08-31T20:34:56.820Z,"13km SW of Searles Valley, CA",earthquake,0.11,0.17,0.107,19.0,reviewed,ci,ci
2019-07-20T13:43:46.150Z,35.6751667,-117.4648333,9.26,2.66,ml,52.0,69.0,0.03498,0.16,ci,ci38610879,2021-08-31T19:30:08.446Z,"12km SSW of Searles Valley, CA",earthquake,0.15,0.27,0.19,23.0,reviewed,ci,ci
2019-07-20T15:35:35.560Z,36.0828333,-117.824,4.01,2.9,ml,50.0,45.0,0.04274,0.14,ci,ci38611367,2021-08-31T19:03:06.340Z,"12km ENE of Coso Junction, CA",earthquake,0.14,0.25,0.197,18.0,reviewed,ci,ci
2019-07-20T17:54:18.200Z,35.9501667,-117.7023333,4.15,3.38,ml,62.0,33.0,0.04222,0.16,ci,ci38612055,2021-10-06T23:03:41.960Z,"18km E of Little Lake, CA",earthquake,0.12,0.23,0.182,99.0,reviewed,ci,ci
2019-07-20T18:18:06.690Z,35.8898333,-117.7318333,4.72,2.54,ml,53.0,26.0,0.02237,0.16,ci,ci38612151,2021-08-31T20:15:45.410Z,"17km ESE of Little Lake, CA",earthquake,0.13,0.26,0.243,22.0,reviewed,ci,ci
2019-07-20T18:49:58.450Z,35.874,-117.7071667,9.17,3.54,mlr,72.0,19.0,0.01164,0.16,ci,ci38612295,2021-10-05T20:37:33.000Z,"19km ESE of Little Lake, CA",earthquake,0.11,0.24,0.127,137.0,reviewed,ci,ci
2019-07-20T18:50:09.100Z,35.8735,-117.7061667,11.08,2.96,ml,17.0,63.0,0.01203,0.07,ci,ci37482197,2021-10-06T23:13:45.548Z,"19km ESE of Little Lake, CA",earthquake,0.19,0.34,0.171,6.0,reviewed,ci,ci
2019-07-20T20:54:41.480Z,35.8843333,-117.7295,7.94,2.72,ml,57.0,29.0,0.02009,0.15,ci,ci38612967,2021-08-31T19:25:25.990Z,"17km ESE of Little Lake, CA",earthquake,0.12,0.32,0.197,22.0,reviewed,ci,ci
2019-07-20T21:12:16.530Z,35.6026667,-117.4066667,7.37,3.08,ml,80.0,23.0,0.02089,0.15,ci,ci38613055,2021-08-27T20:06:39.170Z,"18km S of Trona, CA",earthquake,0.11,0.22,0.131,249.0,reviewed,ci,ci
2019-07-20T21:44:40.890Z,35.766,-117.5876667,5.66,3.31,ml,65.0,37.0,0.01077,0.14,ci,ci38613175,2021-10-06T22:48:27.330Z,"17km W of Searles Valley, CA",earthquake,0.11,0.25,0.177,125.0,reviewed,ci,ci
2019-07-20T22:26:51.410Z,35.6813333,-117.5501667,8.24,2.72,ml,53.0,36.0,0.04463,0.15,ci,ci38613343,2021-08-31T19:13:16.060Z,"13km ENE of Ridgecrest, CA",earthquake,0.14,0.28,0.228,21.0,reviewed,ci,ci
2019-07-21T00:08:38.000Z,35.6733333,-117.544,8.03,2.53,ml,55.0,38.0,0.05393,0.16,ci,ci38613871,2021-08-31T20:07:40.150Z,"13km ENE of Ridgecrest, CA",earthquake,0.14,0.28,0.172,22.0,reviewed,ci,ci
2019-07-21T00:52:53.630Z,35.9636667,-117.6656667,3.05,2.53,ml,51.0,34.0,0.02003,0.18,ci,ci38614039,2021-08-31T20:23:50.930Z,"22km E of Little Lake, CA",earthquake,0.14,0.21,0.131,18.0,reviewed,ci,ci
2019-07-21T02:08:56.210Z,35.8568333,-117.6868333,7.45,2.55,ml,57.0,20.0,0.03211,0.16,ci,ci38614359,2021-09-14T21:33:36.550Z,"22km ESE of Little Lake, CA",earthquake,0.12,0.29,0.169,22.0,reviewed,ci,ci
2019-07-21T02:23:33.730Z,35.9141667,-117.7345,4.15,3.36,ml,64.0,19.0,0.02907,0.16,ci,ci38614407,2021-08-27T20:22:48.940Z,"16km E of Little Lake, CA",earthquake,0.11,0.22,0.176,283.0,reviewed,ci,ci
2019-07-21T02:24:04.950Z,35.8608333,-117.6863333,8.2,2.67,ml,48.0,42.0,0.02882,0.16,ci,ci37422229,2021-10-07T17:58:58.871Z,"22km ESE of Little Lake, CA",earthquake,0.16,0.33,0.063,11.0,reviewed,ci,ci
2019-07-21T02:41:17.320Z,35.6723333,-117.4651667,8.76,3.1,ml,62.0,44.0,0.02863,0.14,ci,ci38614479,2021-08-27T20:50:59.290Z,"12km SSW of Searles Valley, CA",earthquake,0.12,0.24,0.152,26.0,reviewed,ci,ci
2019-07-21T03:16:34.630Z,35.9153333,-117.736,3.74,2.57,ml,51.0,36.0,0.03066,0.14,ci,ci38614599,2021-09-14T21:12:05.210Z,"16km E of Little Lake, CA",earthquake,0.11,0.23,0.158,21.0,reviewed,ci,ci
2019-07-21T03:34:59.290Z,35.917,-117.7373333,3.88,2.54,ml,51.0,20.0,0.03236,0.13,ci,ci38614671,2021-09-14T21:22:17.770Z,"15km E of Little Lake, CA",earthquake,0.1,0.2,0.148,22.0,reviewed,ci,ci
2019-07-21T05:30:38.600Z,35.6445,-117.5031667,4.99,3.35,ml,65.0,31.0,0.02085,0.14,ci,ci38615255,2021-08-27T20:19:45.120Z,"16km E of Ridgecrest, CA",earthquake,0.11,0.18,0.144,295.0,reviewed,ci,ci
2019-07-21T07:36:57.720Z,35.7805,-117.614,9.73,2.99,ml,53.0,32.0,0.01532,0.16,ci,ci38615791,2021-08-27T21:03:07.340Z,"19km NNE of Ridgecrest, CA",earthquake,0.15,0.29,0.123,37.0,reviewed,ci,ci
2019-07-21T10:33:47.690Z,35.6763333,-117.5073333,5.03,2.85,ml,54.0,39.0,0.03915,0.14,ci,ci38616575,2021-10-07T18:11:03.910Z,"14km SW of Searles Valley, CA",earthquake,0.12,0.23,0.12,23.0,reviewed,ci,ci
2019-07-21T10:41:37.850Z,35.6071667,-117.4753333,8.43,3.19,ml,62.0,41.0,0.01602,0.13,ci,ci38616607,2021-10-07T18:18:29.730Z,"18km E of Ridgecrest, CA",earthquake,0.11,0.19,0.182,124.0,reviewed,ci,ci
2019-07-21T11:56:11.490Z,35.6555,-117.5128333,10.19,3.14,ml,70.0,30.0,0.03038,0.15,ci,ci38616919,2021-08-27T20:58:02.720Z,"15km ENE of Ridgecrest, CA",earthquake,0.11,0.18,0.143,259.0,reviewed,ci,ci
2019-07-21T14:53:23.840Z,35.8128333,-117.6363333,7.08,2.57,ml,62.0,31.0,0.03169,0.16,ci,ci38617775,2021-08-31T21:09:16.880Z,"22km WNW of Searles Valley, CA",earthquake,0.13,0.24,0.163,28.0,reviewed,ci,ci
2019-07-21T15:50:55.940Z,35.6091667,-117.355,3.16,2.55,ml,60.0,98.0,0.02271,0.15,ci,ci38618095,2021-08-31T21:17:02.009Z,"17km S of Trona, CA",earthquake,0.13,0.16,0.111,23.0,reviewed,ci,ci
2019-07-21T16:33:36.130Z,35.3425,-117.919,6.68,2.59,ml,74.0,38.0,0.09589,0.15,ci,ci38618271,2021-10-07T17:48:20.310Z,"25km NNE of California City, CA",earthquake,0.12,0.54,0.191,26.0,reviewed,ci,ci
2019-07-21T17:09:22.370Z,35.6973333,-117.542,10.32,3.03,ml,69.0,30.0,0.0349,0.16,ci,ci38618447,2021-08-27T21:07:18.390Z,"15km WSW of Searles Valley, CA",earthquake,0.11,0.21,0.129,41.0,reviewed,ci,ci
2019-07-21T17:32:24.280Z,35.65,-117.5013333,5.03,2.51,ml,62.0,27.0,0.01984,0.15,ci,ci38618543,2021-08-31T21:22:24.900Z,"16km SW of Searles Valley, CA",earthquake,0.11,0.21,0.155,21.0,reviewed,ci,ci
2019-07-22T00:19:35.530Z,35.7395,-117.519,5.01,2.65,ml,57.0,51.0,0.0463,0.15,ci,ci38620287,2021-08-31T20:55:06.260Z,"11km WSW of Searles Valley, CA",earthquake,0.11,0.23,0.151,22.0,reviewed,ci,ci
2019-07-22T00:39:47.720Z,35.8763333,-117.712,5.61,2.97,ml,65.0,24.0,0.01086,0.14,ci,ci38620383,2021-08-27T21:13:22.760Z,"19km ESE of Little Lake, CA",earthquake,0.1,0.28,0.127,23.0,reviewed,ci,ci
2019-07-22T09:45:10.010Z,35.9575,-117.713,3.88,3.14,ml,61.0,35.0,0.0517,0.15,ci,ci38622679,2021-08-27T22:14:07.690Z,"18km E of Little Lake, CA",earthquake,0.11,0.25,0.173,159.0,reviewed,ci,ci
2019-07-22T10:13:44.800Z,35.8098333,-117.6355,6.06,2.76,ml,62.0,33.0,0.03144,0.17,ci,ci38622775,2021-08-31T21:59:41.410Z,"21km N of Ridgecrest, CA",earthquake,0.13,0.34,0.156,25.0,reviewed,ci,ci
2019-07-22T12:42:48.450Z,36.1103333,-117.883,4.04,2.5,ml,45.0,57.0,0.02391,0.14,ci,ci38623439,2021-09-14T22:03:05.240Z,"9km NE of Coso Junction, CA",earthquake,0.15,0.28,0.272,23.0,reviewed,ci,ci
2019-07-22T13:29:20.870Z,36.0811667,-117.8518333,2.19,2.87,ml,59.0,53.0,0.03642,0.19,ci,ci38623663,2021-08-31T21:45:34.550Z,"10km ENE of Coso Junction, CA",earthquake,0.15,0.22,0.249,25.0,reviewed,ci,ci
2019-07-22T16:31:06.870Z,35.5335,-117.358,9.05,2.72,ml,54.0,49.0,0.01006,0.14,ci,ci38624647,2021-08-27T22:21:12.800Z,"26km S of Trona, CA",earthquake,0.13,0.23,0.128,53.0,reviewed,ci,ci
2019-07-22T18:31:20.940Z,35.8515,-117.6606667,5.72,3.0,ml,73.0,18.0,0.04936,0.14,ci,ci38625223,2022-06-21T05:54:54.697Z,"24km ESE of Little Lake, CA",earthquake,0.1,0.26,0.117,45.0,reviewed,ci,ci
2019-07-22T20:12:27.510Z,35.6418333,-117.4428333,3.7,2.96,ml,81.0,38.0,0.02799,0.14,ci,ci38625775,2021-08-31T22:43:06.310Z,"14km SSW of Searles Valley, CA",earthquake,0.09,0.19,0.123,54.0,reviewed,ci,ci
2019-07-23T01:36:17.360Z,35.7441667,-117.5568333,5.6,3.28,ml,46.0,47.0,0.02494,0.1,ci,ci37480781,2021-09-15T17:45:29.666Z,"14km W of Searles Valley, CA",earthquake,0.14,0.33,0.105,2.0,reviewed,ci,ci
2019-07-23T01:36:18.450Z,35.7455,-117.5565,6.07,3.88,mw,73.0,44.0,0.02624,0.17,ci,ci38627095,2021-09-15T17:45:15.290Z,"14km W of Searles Valley, CA",earthquake,0.12,0.32,,6.0,reviewed,ci,ci
2019-07-23T07:45:02.530Z,35.625,-117.4266667,5.51,4.15,mw,101.0,25.0,0.04011,0.16,ci,ci38628799,2021-10-05T21:30:23.150Z,"16km S of Searles Valley, CA",earthquake,0.09,0.19,,6.0,reviewed,ci,ci
2019-07-23T10:56:19.650Z,35.7805,-117.6045,7.53,2.67,ml,60.0,39.0,0.01071,0.15,ci,ci38629599,2021-08-31T23:16:24.850Z,"18km W of Searles Valley, CA",earthquake,0.12,0.25,0.15,22.0,reviewed,ci,ci
2019-07-23T12:03:42.780Z,35.3813333,-117.2426667,2.53,2.82,ml,43.0,70.0,0.02731,0.15,ci,ci38629847,2019-07-27T10:45:39.245Z,"36km E of Johannesburg, CA",earthquake,0.16,0.24,0.152,218.0,reviewed,ci,ci
2019-07-23T12:08:22.510Z,35.6801667,-117.5263333,9.87,2.58,ml,58.0,39.0,0.05264,0.18,ci,ci38629871,2021-09-01T18:09:59.898Z,"15km SW of Searles Valley, CA",earthquake,0.15,0.23,0.169,21.0,reviewed,ci,ci
2019-07-23T13:01:00.570Z,35.6643333,-117.4935,2.24,2.7,ml,56.0,35.0,0.02282,0.18,ci,ci38630103,2021-08-31T23:01:07.504Z,"14km SW of Searles Valley, CA",earthquake,0.13,0.21,0.17,25.0,reviewed,ci,ci
2019-07-23T16:15:00.890Z,35.916,-117.7138333,7.23,2.51,ml,55.0,25.0,0.0168,0.15,ci,ci38630863,2021-09-14T22:57:48.540Z,"18km E of Little Lake, CA",earthquake,0.13,0.26,0.255,21.0,reviewed,ci,ci
2019-07-23T17:27:18.520Z,35.7983333,-117.6263333,10.91,2.61,ml,59.0,28.0,0.02917,0.18,ci,ci38631239,2021-09-01T17:44:34.050Z,"20km NNE of Ridgecrest, CA",earthquake,0.15,0.23,0.113,23.0,reviewed,ci,ci
2019-07-23T22:31:50.680Z,36.1856667,-117.8888333,0.87,2.57,ml,54.0,57.0,0.0733,0.16,ci,ci38632479,2021-09-01T15:03:24.490Z,"15km SE of Olancha, CA",earthquake,0.14,0.26,0.116,20.0,reviewed,ci,ci
2019-07-23T23:45:48.160Z,35.8893333,-117.7126667,9.09,3.65,mw,79.0,15.0,0.007446,0.16,ci,ci38632759,2021-10-05T21:29:15.820Z,"18km ESE of Little Lake, CA",earthquake,0.1,0.22,,4.0,reviewed,ci,ci
2019-07-24T04:14:27.610Z,35.8685,-117.6688333,7.39,2.53,ml,57.0,29.0,0.03378,0.16,ci,ci38633943,2021-09-15T21:29:40.230Z,"23km ESE of Little Lake, CA",earthquake,0.13,0.31,0.148,21.0,reviewed,ci,ci
2019-07-24T06:39:25.820Z,35.6423333,-117.4471667,3.08,2.54,ml,55.0,57.0,0.02499,0.14,ci,ci38634599,2021-09-15T19:20:15.060Z,"14km SSW of Searles Valley, CA",earthquake,0.12,0.15,0.147,26.0,reviewed,ci,ci
2019-07-24T08:29:22.320Z,35.9171667,-117.7141667,4.59,2.69,ml,56.0,21.0,0.01791,0.14,ci,ci38634959,2021-09-15T18:06:05.670Z,"18km E of Little Lake, CA",earthquake,0.11,0.22,0.127,23.0,reviewed,ci,ci
2019-07-24T09:06:04.620Z,35.8235,-117.668,6.45,2.79,ml,68.0,24.0,0.05781,0.22,ci,ci38635151,2021-09-01T18:26:51.732Z,"22km N of Ridgecrest, CA",earthquake,0.15,0.45,0.192,25.0,reviewed,ci,ci
2019-07-24T09:37:56.840Z,35.6621667,-117.4558333,10.47,2.73,ml,60.0,34.0,0.02431,0.15,ci,ci38635255,2022-08-08T15:14:55.952Z,"13km SSW of Searles Valley, CA",earthquake,0.13,0.2,0.161,24.0,reviewed,ci,ci
2019-07-24T14:35:18.550Z,35.607,-117.6045,3.1,3.75,mw,82.0,21.0,0.03251,0.16,ci,ci38636511,2021-10-05T21:32:29.250Z,"7km ESE of Ridgecrest, CA",earthquake,0.09,0.16,,4.0,reviewed,ci,ci
2019-07-24T14:38:41.240Z,35.943,-117.6625,3.17,2.77,ml,54.0,40.0,0.01098,0.15,ci,ci38636535,2021-09-01T18:32:58.310Z,"22km E of Little Lake, CA",earthquake,0.12,0.16,0.229,24.0,reviewed,ci,ci
2019-07-24T20:25:23.530Z,35.6631667,-117.5213333,9.57,2.74,ml,60.0,33.0,0.03974,0.14,ci,ci38638023,2021-09-01T19:20:31.490Z,"15km ENE of Ridgecrest, CA",earthquake,0.11,0.21,0.143,64.0,reviewed,ci,ci
2019-07-24T20:45:14.320Z,35.772,-117.5803333,2.59,2.65,ml,64.0,36.0,0.01582,0.15,ci,ci38638095,2021-09-15T18:29:27.960Z,"16km W of Searles Valley, CA",earthquake,0.11,0.14,0.157,25.0,reviewed,ci,ci
2019-07-24T21:44:43.520Z,35.5195,-117.4101667,8.48,2.58,ml,58.0,32.0,0.03762,0.13,ci,ci38638335,2021-09-15T18:46:47.910Z,"26km NE of Johannesburg, CA",earthquake,0.11,0.21,0.134,23.0,reviewed,ci,ci
2019-07-24T22:24:18.220Z,36.1948333,-117.8876667,1.19,3.47,ml,63.0,51.0,0.08154,0.18,ci,ci38638455,2021-09-01T18:52:12.320Z,"14km SE of Olancha, CA",earthquake,0.14,0.41,0.144,52.0,reviewed,ci,ci
2019-07-24T23:19:47.270Z,35.6418333,-117.583,8.17,2.52,ml,57.0,34.0,0.02276,0.13,ci,ci38638647,2022-08-08T15:15:35.777Z,"9km ENE of Ridgecrest, CA",earthquake,0.1,0.26,0.151,26.0,reviewed,ci,ci
2019-07-25T06:03:59.070Z,35.9635,-117.6888333,4.52,3.23,ml,63.0,29.0,0.03487,0.16,ci,ci38640343,2021-09-01T22:53:56.400Z,"20km E of Little Lake, CA",earthquake,0.11,0.24,0.164,44.0,reviewed,ci,ci
2019-07-25T08:19:38.260Z,35.9651667,-117.6896667,4.7,2.7,ml,51.0,33.0,0.03623,0.15,ci,ci38640887,2021-09-01T20:59:47.056Z,"20km E of Little Lake, CA",earthquake,0.13,0.26,0.186,23.0,reviewed,ci,ci
2019-07-25T10:43:57.780Z,35.6806667,-117.5358333,5.83,2.66,ml,65.0,22.0,0.05899,0.14,ci,ci38641391,2021-09-01T20:31:39.840Z,"14km ENE of Ridgecrest, CA",earthquake,0.1,0.33,0.148,28.0,reviewed,ci,ci
2019-07-25T17:19:23.840Z,35.7136667,-117.5501667,6.92,2.62,ml,56.0,47.0,0.09009,0.14,ci,ci38643143,2021-09-01T21:28:31.458Z,"14km WSW of Searles Valley, CA",earthquake,0.12,0.33,0.173,25.0,reviewed,ci,ci
2019-07-25T19:29:09.500Z,35.6545,-117.4968333,3.29,2.52,ml,56.0,31.0,0.01806,0.16,ci,ci38643719,2021-09-01T22:37:37.770Z,"15km SW of Searles Valley, CA",earthquake,0.12,0.17,0.168,24.0,reviewed,ci,ci
2019-07-25T21:54:42.370Z,35.9583333,-117.7008333,7.1,2.94,ml,49.0,34.0,0.04224,0.16,ci,ci38644343,2022-08-08T15:16:53.851Z,"19km E of Little Lake, CA",earthquake,0.13,0.4,0.255,25.0,reviewed,ci,ci
2019-07-25T22:40:17.210Z,35.6021667,-117.431,5.56,2.66,ml,51.0,24.0,0.02787,0.15,ci,ci38644551,2021-09-01T21:14:56.260Z,"18km S of Searles Valley, CA",earthquake,0.13,0.27,0.137,24.0,reviewed,ci,ci
2019-07-26T00:42:47.770Z,35.9258333,-117.7066667,3.79,4.74,mw,79.0,23.0,0.05071,0.16,ci,ci38644943,2021-10-05T21:47:07.220Z,"18km E of Little Lake, CA",earthquake,0.1,0.28,,6.0,reviewed,ci,ci
2019-07-26T00:44:24.850Z,35.9253333,-117.7068333,3.62,2.75,ml,40.0,31.0,0.05105,0.14,ci,ci38644975,2021-10-05T22:02:03.059Z,"18km E of Little Lake, CA",earthquake,0.14,0.36,0.14,16.0,reviewed,ci,ci
2019-07-26T00:45:34.040Z,35.9351667,-117.6955,2.81,3.52,ml,63.0,27.0,0.03876,0.17,ci,ci38644983,2021-10-05T21:49:01.476Z,"19km E of Little Lake, CA",earthquake,0.11,0.39,0.196,61.0,reviewed,ci,ci
2019-07-26T00:45:54.950Z,35.9386667,-117.6948333,4.04,2.99,ml,42.0,37.0,0.03723,0.13,ci,ci38644991,2021-10-05T21:59:15.097Z,"19km E of Little Lake, CA",earthquake,0.13,0.28,0.137,15.0,reviewed,ci,ci
2019-07-26T00:47:08.670Z,35.938,-117.7006667,3.57,2.73,ml,39.0,36.0,0.04198,0.15,ci,ci38645007,2021-09-01T21:42:44.132Z,"18km E of Little Lake, CA",earthquake,0.14,0.33,0.163,20.0,reviewed,ci,ci
2019-07-26T00:51:36.860Z,35.9336667,-117.6973333,2.7,2.65,ml,57.0,27.0,0.04066,0.16,ci,ci38645039,2021-09-01T21:57:14.180Z,"19km E of Little Lake, CA",earthquake,0.11,0.23,0.284,24.0,reviewed,ci,ci
2019-07-26T00:57:40.120Z,35.9198333,-117.7085,2.07,3.23,ml,53.0,33.0,0.05486,0.15,ci,ci38645087,2021-10-05T21:58:29.380Z,"18km E of Little Lake, CA",earthquake,0.11,0.22,0.181,248.0,reviewed,ci,ci
2019-07-26T01:18:03.340Z,35.5481667,-117.3788333,4.65,2.63,ml,51.0,49.0,0.02594,0.17,ci,ci38645287,2021-09-01T22:18:28.730Z,"24km S of Trona, CA",earthquake,0.14,0.24,0.173,20.0,reviewed,ci,ci
2019-07-26T01:20:16.530Z,35.6486667,-117.4406667,10.17,2.78,ml,57.0,59.0,0.02147,0.14,ci,ci38645295,2021-09-01T23:17:25.780Z,"14km SSW of Searles Valley, CA",earthquake,0.12,0.18,0.176,21.0,reviewed,ci,ci
2019-07-26T01:42:09.170Z,35.6455,-117.4526667,9.98,3.06,ml,59.0,38.0,0.02031,0.14,ci,ci38645471,2021-09-02T20:04:45.690Z,"14km SSW of Searles Valley, CA",earthquake,0.11,0.18,0.162,92.0,reviewed,ci,ci
2019-07-26T02:08:05.410Z,35.9133333,-117.7146667,2.21,2.68,ml,52.0,25.0,0.06255,0.15,ci,ci38645591,2021-09-02T18:08:55.660Z,"18km E of Little Lake, CA",earthquake,0.11,0.22,0.176,25.0,reviewed,ci,ci
2019-07-26T05:03:59.060Z,35.9208333,-117.7056667,2.0,3.18,ml,53.0,25.0,0.05237,0.16,ci,ci38646639,2021-09-02T18:56:25.860Z,"18km E of Little Lake, CA",earthquake,0.11,0.19,0.134,86.0,reviewed,ci,ci
2019-07-26T08:28:55.960Z,35.9348333,-117.6995,2.45,3.21,ml,56.0,27.0,0.04194,0.18,ci,ci38647543,2021-09-02T18:49:19.790Z,"19km E of Little Lake, CA",earthquake,0.12,0.22,0.12,264.0,reviewed,ci,ci
2019-07-26T10:51:11.300Z,35.5643333,-117.4008333,3.89,2.66,ml,54.0,37.0,0.01871,0.17,ci,ci38648223,2021-09-02T18:23:03.610Z,"22km S of Trona, CA",earthquake,0.14,0.25,0.141,22.0,reviewed,ci,ci
2019-07-26T11:32:03.790Z,36.0805,-117.8445,1.66,2.8,ml,51.0,68.0,0.03794,0.17,ci,ci38648423,2021-09-01T23:30:19.744Z,"10km ENE of Coso Junction, CA",earthquake,0.14,0.21,0.148,27.0,reviewed,ci,ci
2019-07-26T12:13:20.090Z,35.605,-117.6006667,5.0,2.97,ml,79.0,19.0,0.03083,0.14,ci,ci38648599,2021-09-02T20:22:00.290Z,"7km ESE of Ridgecrest, CA",earthquake,0.08,0.19,0.198,62.0,reviewed,ci,ci
2019-07-26T14:57:55.660Z,36.1186667,-117.8636667,1.84,2.72,ml,48.0,55.0,0.007213,0.16,ci,ci38649311,2021-09-02T15:11:28.840Z,"11km NE of Coso Junction, CA",earthquake,0.16,0.18,0.2,25.0,reviewed,ci,ci
2019-07-26T15:38:15.750Z,35.8076667,-117.6318333,8.1,2.96,ml,56.0,26.0,0.02904,0.15,ci,ci38649551,2021-09-02T20:09:51.580Z,"21km WNW of Searles Valley, CA",earthquake,0.11,0.32,0.128,43.0,reviewed,ci,ci
2019-07-26T21:11:48.580Z,35.637,-117.5013333,9.9,2.55,ml,49.0,33.0,0.02111,0.15,ci,ci38651039,2021-09-02T18:34:13.170Z,"16km E of Ridgecrest, CA",earthquake,0.13,0.24,0.226,23.0,reviewed,ci,ci
2019-07-27T01:35:37.530Z,35.5338333,-117.3666667,9.07,3.56,ml,70.0,43.0,0.009033,0.16,ci,ci38652167,2021-10-05T21:53:18.180Z,"26km S of Trona, CA",earthquake,0.12,0.25,0.162,165.0,reviewed,ci,ci
2019-07-27T05:35:09.470Z,35.9356667,-117.6965,3.74,2.59,ml,49.0,27.0,0.03937,0.14,ci,ci38652991,2021-09-16T16:38:53.280Z,"19km E of Little Lake, CA",earthquake,0.11,0.28,0.196,20.0,reviewed,ci,ci
2019-07-27T05:49:48.380Z,36.094,-117.8566667,1.99,2.66,ml,46.0,54.0,0.02358,0.15,ci,ci38653055,2021-09-02T21:23:37.410Z,"10km ENE of Coso Junction, CA",earthquake,0.13,0.2,0.209,22.0,reviewed,ci,ci
2019-07-27T10:30:54.410Z,35.637,-117.474,1.9,3.91,mw,76.0,33.0,0.008974,0.16,ci,ci38653975,2021-09-02T22:33:16.600Z,"16km SSW of Searles Valley, CA",earthquake,0.1,0.14,,4.0,reviewed,ci,ci
2019-07-27T13:08:16.970Z,36.1041667,-117.9096667,3.92,2.53,ml,50.0,59.0,0.04635,0.15,ci,ci38654527,2021-09-02T22:30:10.780Z,"7km NNE of Coso Junction, CA",earthquake,0.14,0.3,0.206,24.0,reviewed,ci,ci
2019-07-27T14:14:59.450Z,35.9398333,-117.6981667,3.9,2.96,ml,62.0,29.0,0.0396,0.15,ci,ci38654743,2021-09-02T22:54:32.010Z,"19km E of Little Lake, CA",earthquake,0.11,0.28,0.217,27.0,reviewed,ci,ci
2019-07-27T19:15:18.880Z,35.6743333,-117.5231667,8.27,2.6,ml,57.0,35.0,0.04695,0.14,ci,ci38656095,2021-09-02T21:50:48.300Z,"15km SW of Searles Valley, CA",earthquake,0.12,0.27,0.173,25.0,reviewed,ci,ci
2019-07-27T21:41:40.710Z,36.2131667,-118.0788333,2.67,3.27,ml,57.0,75.0,0.2048,0.15,ci,ci38656719,2024-10-21T20:51:17.260Z,"10km SW of Olancha, CA",earthquake,0.12,0.59,0.162,42.0,reviewed,ci,ci
2019-07-27T22:22:23.610Z,36.1175,-117.8678333,1.66,2.59,ml,47.0,55.0,0.0105,0.15,ci,ci38656911,2021-09-02T22:00:54.220Z,"11km NE of Coso Junction, CA",earthquake,0.16,0.22,0.252,24.0,reviewed,ci,ci
2019-07-27T23:40:13.230Z,35.6933333,-117.5303333,8.27,2.52,ml,52.0,44.0,0.0642,0.13,ci,ci38657311,2021-09-02T22:13:01.860Z,"14km SW of Searles Valley, CA",earthquake,0.11,0.3,0.236,22.0,reviewed,ci,ci
2019-07-28T03:37:30.790Z,36.101,-117.9086667,4.0,2.71,ml,46.0,57.0,0.04661,0.16,ci,ci38658351,2021-09-02T23:09:59.270Z,"7km NNE of Coso Junction, CA",earthquake,0.16,0.34,0.191,24.0,reviewed,ci,ci
2019-07-28T07:54:06.380Z,35.3371667,-117.9155,6.29,2.72,ml,67.0,27.0,0.08996,0.21,ci,ci38659495,2021-09-02T23:26:07.420Z,"24km NNE of California City, CA",earthquake,0.16,0.63,0.164,26.0,reviewed,ci,ci
2019-07-28T08:23:00.040Z,35.6841667,-117.5245,9.28,2.93,ml,77.0,25.0,0.05429,0.14,ci,ci38659655,2021-09-03T20:48:06.760Z,"14km SW of Searles Valley, CA",earthquake,0.09,0.2,0.104,53.0,reviewed,ci,ci
2019-07-28T09:59:43.250Z,36.1151667,-117.8425,2.47,2.5,ml,45.0,46.0,0.01029,0.15,ci,ci38660063,2021-09-16T17:18:06.780Z,"12km NE of Coso Junction, CA",earthquake,0.13,0.23,0.243,23.0,reviewed,ci,ci
2019-07-28T15:02:20.270Z,35.9956667,-117.408,-0.21,3.47,ml,57.0,40.0,0.09044,0.19,ci,ci38661399,2021-09-03T20:24:57.140Z,"25km N of Searles Valley, CA",earthquake,0.15,0.33,0.141,142.0,reviewed,ci,ci
2019-07-28T15:51:10.990Z,36.1013333,-117.907,4.1,2.53,ml,43.0,59.0,0.04523,0.16,ci,ci38661623,2021-09-03T20:21:51.400Z,"7km NNE of Coso Junction, CA",earthquake,0.16,0.33,0.212,24.0,reviewed,ci,ci
2019-07-28T21:18:27.440Z,35.7565,-117.5718333,3.61,2.6,ml,49.0,47.0,0.06269,0.13,ci,ci38662935,2021-09-03T15:02:24.996Z,"15km W of Searles Valley, CA",earthquake,0.12,0.4,0.133,23.0,reviewed,ci,ci
2019-07-28T22:25:04.150Z,35.6728333,-117.5273333,7.91,2.75,ml,49.0,34.0,0.04883,0.13,ci,ci38663143,2021-09-03T19:24:26.970Z,"15km ENE of Ridgecrest, CA",earthquake,0.12,0.32,0.143,23.0,reviewed,ci,ci
2019-07-29T02:09:58.350Z,35.7661667,-117.5795,6.84,2.93,ml,55.0,56.0,0.05159,0.17,ci,ci38663807,2021-09-03T21:08:02.320Z,"16km W of Searles Valley, CA",earthquake,0.14,0.4,0.214,24.0,reviewed,ci,ci
2019-07-29T02:40:04.400Z,35.8676667,-117.6956667,7.5,2.84,ml,52.0,38.0,0.0815,0.15,ci,ci38663903,2021-09-03T21:53:32.190Z,"20km ESE of Little Lake, CA",earthquake,0.12,0.43,0.241,24.0,reviewed,ci,ci
2019-07-29T04:46:42.680Z,35.8738333,-117.7185,8.09,2.73,ml,54.0,22.0,0.07525,0.16,ci,ci38664383,2021-09-03T22:23:50.500Z,"18km ESE of Little Lake, CA",earthquake,0.13,0.45,0.222,23.0,reviewed,ci,ci
2019-07-29T05:01:40.890Z,35.9345,-117.6998333,3.01,2.67,ml,47.0,27.0,0.0423,0.18,ci,ci38664447,2021-09-03T22:56:03.850Z,"19km E of Little Lake, CA",earthquake,0.15,0.51,0.199,24.0,reviewed,ci,ci
2019-07-29T05:56:13.800Z,35.6191667,-117.43,9.66,2.63,ml,42.0,52.0,0.04185,0.13,ci,ci38664575,2021-09-03T23:04:11.850Z,"17km S of Searles Valley, CA",earthquake,0.17,0.26,0.151,23.0,reviewed,ci,ci
2019-07-29T06:46:51.140Z,35.9053333,-117.7465,7.32,2.72,ml,52.0,22.0,0.0726,0.14,ci,ci38664767,2021-09-03T23:18:20.510Z,"15km ESE of Little Lake, CA",earthquake,0.11,0.38,0.162,18.0,reviewed,ci,ci
2019-07-29T06:47:35.730Z,35.9046667,-117.7446667,7.39,2.51,ml,50.0,23.0,0.07419,0.13,ci,ci38664775,2021-09-16T18:30:48.150Z,"15km ESE of Little Lake, CA",earthquake,0.11,0.35,0.221,21.0,reviewed,ci,ci
2019-07-29T07:02:58.300Z,35.736,-117.5803333,9.54,2.94,ml,60.0,38.0,0.08079,0.16,ci,ci38664839,2021-10-05T22:25:20.590Z,"15km NE of Ridgecrest, CA",earthquake,0.12,0.29,0.164,99.0,reviewed,ci,ci
2019-07-29T14:22:15.910Z,35.6603333,-117.5066667,9.79,2.5,ml,54.0,26.0,0.02792,0.13,ci,ci38666295,2021-09-10T22:22:43.230Z,"15km SW of Searles Valley, CA",earthquake,0.12,0.22,0.167,27.0,reviewed,ci,ci
2019-07-29T15:40:20.600Z,35.9961667,-117.41,1.1,2.79,ml,49.0,53.0,0.08893,0.17,ci,ci38666647,2021-09-03T21:26:16.470Z,"25km N of Searles Valley, CA",earthquake,0.16,0.35,0.139,21.0,reviewed,ci,ci
2019-07-29T16:51:57.230Z,35.6873333,-117.5461667,4.42,2.96,ml,79.0,39.0,0.06778,0.14,ci,ci38666991,2021-10-05T22:38:30.980Z,"14km ENE of Ridgecrest, CA",earthquake,0.08,0.22,0.194,55.0,reviewed,ci,ci
2019-07-29T17:55:29.720Z,35.9388333,-117.6595,2.76,2.7,ml,45.0,40.0,0.01169,0.18,ci,ci38667279,2021-09-03T22:43:54.366Z,"22km E of Little Lake, CA",earthquake,0.14,0.25,0.103,18.0,reviewed,ci,ci
2019-07-29T19:33:43.600Z,35.6445,-117.501,4.1,2.78,ml,50.0,34.0,0.01909,0.14,ci,ci38667735,2021-09-03T22:10:42.550Z,"16km E of Ridgecrest, CA",earthquake,0.12,0.26,0.152,25.0,reviewed,ci,ci
2019-07-29T21:22:56.940Z,35.9511667,-117.3426667,3.08,2.71,ml,45.0,54.0,0.07701,0.15,ci,ci38668111,2021-09-03T21:39:25.140Z,"21km N of Trona, CA",earthquake,0.15,0.54,0.098,19.0,reviewed,ci,ci
2019-07-29T21:39:58.110Z,35.7025,-117.5301667,8.29,2.59,ml,45.0,50.0,0.07118,0.15,ci,ci38668159,2021-09-03T23:28:27.440Z,"14km WSW of Searles Valley, CA",earthquake,0.14,0.41,0.19,24.0,reviewed,ci,ci
2019-07-29T23:09:33.420Z,35.8425,-117.735,4.84,3.32,ml,67.0,29.0,0.04167,0.15,ci,ci38668479,2022-08-08T15:22:07.452Z,"19km SE of Little Lake, CA",earthquake,0.1,0.26,0.159,258.0,reviewed,ci,ci
2019-07-29T23:19:14.160Z,35.8228333,-117.6346667,5.84,3.53,ml,70.0,23.0,0.03102,0.19,ci,ci38668511,2021-10-05T22:06:42.260Z,"22km WNW of Searles Valley, CA",earthquake,0.13,0.43,0.149,98.0,reviewed,ci,ci
2019-07-30T03:10:46.880Z,35.9265,-117.6925,4.19,3.15,ml,57.0,25.0,0.0403,0.16,ci,ci38669279,2022-08-08T15:22:47.330Z,"19km E of Little Lake, CA",earthquake,0.11,0.27,0.155,41.0,reviewed,ci,ci
2019-07-30T04:06:48.560Z,35.9503333,-117.3438333,2.71,2.58,ml,49.0,53.0,0.07697,0.17,ci,ci38669487,2021-09-10T22:59:16.430Z,"21km N of Trona, CA",earthquake,0.16,0.37,0.112,21.0,reviewed,ci,ci
2019-07-30T07:47:09.120Z,36.074,-117.8548333,2.41,2.69,ml,50.0,54.0,0.04349,0.15,ci,ci38670367,2021-09-10T22:46:10.200Z,"9km ENE of Coso Junction, CA",earthquake,0.12,0.18,0.261,26.0,reviewed,ci,ci
2019-07-30T07:51:20.790Z,35.9383333,-117.6615,2.58,2.64,ml,48.0,34.0,0.01314,0.15,ci,ci38670391,2021-09-13T14:42:26.069Z,"22km E of Little Lake, CA",earthquake,0.11,0.2,0.168,21.0,reviewed,ci,ci
2019-07-30T10:30:55.580Z,36.0143333,-117.36,3.6,2.58,ml,52.0,51.0,0.1133,0.16,ci,ci38670903,2024-10-21T20:53:24.340Z,"28km N of Searles Valley, CA",earthquake,0.14,0.53,0.306,18.0,reviewed,ci,ci
2019-07-30T11:38:05.890Z,35.6375,-117.4975,10.37,2.69,ml,54.0,31.0,0.01807,0.13,ci,ci38671143,2021-09-10T22:35:05.290Z,"16km E of Ridgecrest, CA",earthquake,0.11,0.17,0.183,28.0,reviewed,ci,ci
2019-07-30T16:30:56.350Z,35.6666667,-117.5063333,10.24,3.5,mlr,73.0,22.0,0.03152,0.15,ci,ci38672303,2021-10-05T22:47:44.840Z,"14km SW of Searles Valley, CA",earthquake,0.11,0.2,0.155,99.0,reviewed,ci,ci
2019-07-31T12:37:57.910Z,35.7335,-117.5368333,1.51,2.7,ml,59.0,51.0,0.1002,0.15,ci,ci38676031,2021-10-06T17:31:02.150Z,"13km WSW of Searles Valley, CA",earthquake,0.11,0.21,0.134,24.0,reviewed,ci,ci
2019-07-31T13:03:35.220Z,35.665,-117.5385,9.32,2.81,ml,44.0,37.0,0.04959,0.13,ci,ci38676103,2021-10-06T14:55:34.650Z,"13km ENE of Ridgecrest, CA",earthquake,0.13,0.29,0.218,25.0,reviewed,ci,ci
2019-07-31T17:06:28.400Z,35.7073333,-117.5301667,9.53,2.6,ml,57.0,51.0,0.07509,0.13,ci,ci38676663,2021-10-06T17:42:08.730Z,"13km WSW of Searles Valley, CA",earthquake,0.11,0.25,0.133,24.0,reviewed,ci,ci
2019-07-31T21:52:58.150Z,36.1578333,-117.882,1.4,2.75,ml,38.0,57.0,0.04579,0.14,ci,ci38677791,2021-10-06T16:59:47.430Z,"14km NNE of Coso Junction, CA",earthquake,0.15,0.24,0.193,20.0,reviewed,ci,ci
2019-07-31T23:30:22.740Z,35.6611667,-117.5338333,9.52,2.75,ml,57.0,27.0,0.04839,0.14,ci,ci38678031,2021-10-06T16:49:40.410Z,"14km ENE of Ridgecrest, CA",earthquake,0.12,0.23,0.177,23.0,reviewed,ci,ci
2019-08-01T00:36:25.540Z,35.6471667,-117.4638333,2.56,2.57,ml,50.0,50.0,0.01134,0.14,ci,ci38678223,2021-10-06T18:45:36.450Z,"14km SSW of Searles Valley, CA",earthquake,0.11,0.19,0.153,22.0,reviewed,ci,ci
2019-08-01T10:31:24.720Z,35.955,-117.7118333,2.72,3.17,ml,59.0,34.0,0.05036,0.16,ci,ci38679775,2021-10-06T18:28:18.440Z,"18km E of Little Lake, CA",earthquake,0.11,0.22,0.138,102.0,reviewed,ci,ci
2019-08-01T11:04:15.460Z,35.728,-117.4768333,7.22,2.78,ml,53.0,63.0,0.07621,0.14,ci,ci38679847,2021-08-18T17:26:12.330Z,"8km WSW of Searles Valley, CA",earthquake,0.13,0.32,0.125,24.0,reviewed,ci,ci
2019-08-01T11:27:29.770Z,36.0886667,-117.8711667,2.76,2.83,ml,46.0,55.0,0.03173,0.16,ci,ci38679887,2021-08-18T17:39:16.388Z,"8km NE of Coso Junction, CA",earthquake,0.14,0.34,0.214,21.0,reviewed,ci,ci
2019-08-01T13:19:34.850Z,35.9021667,-117.6693333,2.48,2.52,ml,45.0,27.0,0.04816,0.17,ci,ci38680271,2021-08-18T20:34:00.520Z,"22km E of Little Lake, CA",earthquake,0.13,0.31,0.163,20.0,reviewed,ci,ci
2019-08-01T16:48:25.890Z,36.0961667,-117.8973333,4.72,2.58,ml,43.0,58.0,0.04049,0.15,ci,ci38680927,2021-08-18T20:18:42.250Z,"7km NE of Coso Junction, CA",earthquake,0.16,0.47,0.194,20.0,reviewed,ci,ci
2019-08-01T17:43:03.190Z,35.9255,-117.6978333,2.51,2.75,ml,48.0,25.0,0.04453,0.19,ci,ci38681151,2021-08-18T17:57:54.748Z,"19km E of Little Lake, CA",earthquake,0.14,0.28,0.126,19.0,reviewed,ci,ci
2019-08-01T18:30:28.810Z,35.7126667,-117.4991667,6.51,2.5,ml,48.0,62.0,0.06928,0.14,ci,ci38681263,2024-10-21T18:23:32.310Z,"10km SW of Searles Valley, CA",earthquake,0.12,0.37,0.129,24.0,reviewed,ci,ci
2019-08-01T21:11:37.440Z,36.1943333,-117.8916667,0.77,3.14,ml,58.0,52.0,0.08218,0.18,ci,ci38681687,2021-10-06T18:26:07.500Z,"14km SE of Olancha, CA",earthquake,0.14,0.29,0.185,35.0,reviewed,ci,ci
2019-08-01T21:59:05.400Z,36.0828333,-117.303,1.83,2.52,ml,42.0,42.0,0.1527,0.16,ci,ci38681847,2024-10-15T20:09:00.290Z,"36km N of Trona, CA",earthquake,0.14,0.39,0.145,15.0,reviewed,ci,ci
2019-08-01T23:37:25.140Z,35.6745,-117.5198333,9.2,2.62,ml,52.0,37.0,0.04495,0.15,ci,ci38682079,2021-08-18T18:28:40.410Z,"15km SW of Searles Valley, CA",earthquake,0.13,0.27,0.1,25.0,reviewed,ci,ci
2019-08-02T12:18:42.580Z,35.7821667,-117.616,7.68,3.47,mlr,72.0,32.0,0.1239,0.15,ci,ci38683903,2021-10-06T19:00:03.930Z,"19km NNE of Ridgecrest, CA",earthquake,0.1,0.48,0.138,315.0,reviewed,ci,ci
2019-08-02T13:20:26.260Z,35.7111667,-117.5073333,7.97,2.79,ml,54.0,44.0,0.06985,0.14,ci,ci38684079,2021-08-18T17:14:08.150Z,"11km SW of Searles Valley, CA",earthquake,0.12,0.36,0.165,25.0,reviewed,ci,ci
2019-08-02T14:45:56.270Z,35.923,-117.7016667,1.86,2.71,ml,44.0,35.0,0.04847,0.16,ci,ci38684327,2021-08-18T19:15:57.400Z,"18km E of Little Lake, CA",earthquake,0.12,0.21,0.134,22.0,reviewed,ci,ci
2019-08-02T15:19:16.430Z,35.6191667,-117.4496667,3.28,3.34,ml,63.0,29.0,0.03416,0.14,ci,ci38684415,2021-10-06T19:02:08.310Z,"17km SSW of Searles Valley, CA",earthquake,0.1,0.13,0.135,113.0,reviewed,ci,ci
2019-08-02T19:54:24.610Z,35.7118333,-117.507,4.67,2.55,ml,46.0,61.0,0.07038,0.15,ci,ci38685351,2021-08-18T21:27:19.580Z,"11km WSW of Searles Valley, CA",earthquake,0.14,0.37,0.173,24.0,reviewed,ci,ci
2019-08-03T00:34:48.620Z,35.7763333,-117.5671667,2.35,2.55,ml,52.0,35.0,0.1486,0.15,ci,ci38686215,2021-08-18T20:50:20.710Z,"15km W of Searles Valley, CA",earthquake,0.12,0.4,0.116,25.0,reviewed,ci,ci
2019-08-03T01:01:23.260Z,35.6346667,-117.4396667,3.03,2.66,ml,44.0,55.0,0.03273,0.13,ci,ci38686287,2021-08-18T18:47:53.870Z,"15km SSW of Searles Valley, CA",earthquake,0.12,0.14,0.154,23.0,reviewed,ci,ci
2019-08-03T11:27:29.190Z,35.874,-117.6943333,4.81,2.83,ml,49.0,41.0,0.08192,0.16,ci,ci38687623,2021-08-18T16:50:58.100Z,"20km ESE of Little Lake, CA",earthquake,0.14,0.41,0.215,22.0,reviewed,ci,ci
2019-08-03T18:47:58.570Z,35.661,-117.4883333,4.43,2.7,ml,52.0,28.0,0.01777,0.14,ci,ci38688807,2021-08-18T18:13:33.460Z,"14km SSW of Searles Valley, CA",earthquake,0.12,0.23,0.148,24.0,reviewed,ci,ci
2019-08-03T19:18:02.400Z,35.6675,-117.4965,4.17,2.57,ml,52.0,33.0,0.02681,0.14,ci,ci38688943,2021-08-18T19:04:07.670Z,"14km SW of Searles Valley, CA",earthquake,0.12,0.26,0.163,24.0,reviewed,ci,ci
2019-08-04T05:29:40.910Z,36.0493333,-117.364,2.4,3.15,ml,40.0,47.0,0.1017,0.17,ci,ci38690607,2021-10-06T19:12:13.849Z,"32km N of Searles Valley, CA",earthquake,0.2,0.45,0.14,96.0,reviewed,ci,ci
2019-08-04T05:45:10.240Z,35.5735,-117.3545,2.59,2.51,ml,53.0,39.0,0.03513,0.18,ci,ci38690663,2021-08-19T20:45:55.590Z,"21km S of Trona, CA",earthquake,0.15,0.19,0.124,25.0,reviewed,ci,ci
2019-08-04T08:17:38.270Z,35.725,-117.4781667,6.44,2.67,ml,54.0,64.0,0.07441,0.16,ci,ci38691047,2021-08-19T15:03:16.600Z,"8km SW of Searles Valley, CA",earthquake,0.13,0.4,0.167,25.0,reviewed,ci,ci
2019-08-04T13:18:46.060Z,35.5338333,-117.3561667,8.54,2.62,ml,52.0,50.0,0.01118,0.15,ci,ci38691703,2024-10-21T18:21:23.510Z,"26km S of Trona, CA",earthquake,0.15,0.25,0.101,24.0,reviewed,ci,ci
2019-08-04T20:09:14.450Z,35.8466667,-117.6745,5.03,3.3,ml,62.0,22.0,0.08271,0.16,ci,ci38692783,2022-08-08T15:28:22.522Z,"23km ESE of Little Lake, CA",earthquake,0.11,0.37,0.152,100.0,reviewed,ci,ci
2019-08-04T21:38:30.740Z,35.6328333,-117.4335,3.25,2.68,ml,52.0,56.0,0.03319,0.15,ci,ci38693087,2021-08-18T22:41:50.500Z,"15km S of Searles Valley, CA",earthquake,0.12,0.15,0.156,23.0,reviewed,ci,ci
2019-08-04T22:45:11.740Z,35.6321667,-117.4355,3.63,2.6,ml,53.0,55.0,0.03426,0.16,ci,ci38693263,2021-08-19T19:10:05.480Z,"15km S of Searles Valley, CA",earthquake,0.13,0.26,0.127,23.0,reviewed,ci,ci
2019-08-05T00:28:21.510Z,35.8726667,-117.6941667,4.56,2.51,ml,50.0,41.0,0.08306,0.15,ci,ci38693503,2021-08-19T18:57:56.480Z,"20km ESE of Little Lake, CA",earthquake,0.12,0.37,0.194,22.0,reviewed,ci,ci
2019-08-05T05:53:54.330Z,35.6281667,-117.4335,3.77,2.67,ml,49.0,34.0,0.03773,0.14,ci,ci38694271,2021-08-18T22:30:38.200Z,"16km S of Searles Valley, CA",earthquake,0.12,0.25,0.134,22.0,reviewed,ci,ci
2019-08-05T17:49:53.210Z,35.6743333,-117.5523333,8.09,2.56,ml,47.0,38.0,0.05394,0.14,ci,ci38696255,2021-08-19T19:22:12.800Z,"13km ENE of Ridgecrest, CA",earthquake,0.13,0.37,0.084,24.0,reviewed,ci,ci
2019-08-05T20:19:08.860Z,35.7251667,-117.5393333,2.62,2.58,ml,51.0,51.0,0.09405,0.17,ci,ci38696735,2021-08-19T18:41:47.240Z,"13km WSW of Searles Valley, CA",earthquake,0.13,0.28,0.111,23.0,reviewed,ci,ci
2019-08-06T10:42:12.080Z,35.5513333,-117.3536667,9.37,2.79,ml,58.0,43.0,0.02778,0.14,ci,ci38698999,2021-08-18T21:48:33.160Z,"24km S of Trona, CA",earthquake,0.13,0.21,0.19,22.0,reviewed,ci,ci
2019-08-06T17:33:32.690Z,35.6766667,-117.5383333,8.44,2.77,ml,46.0,39.0,0.05842,0.13,ci,ci38700151,2022-08-08T15:29:40.815Z,"14km ENE of Ridgecrest, CA",earthquake,0.12,0.31,0.176,154.0,reviewed,ci,ci
2019-08-06T19:47:07.280Z,35.804,-117.6295,0.65,2.6,ml,37.0,55.0,0.1101,0.18,ci,ci38700639,2021-10-06T19:28:44.420Z,"21km WNW of Searles Valley, CA",earthquake,0.18,0.35,0.084,19.0,reviewed,ci,ci
2019-08-06T21:32:22.850Z,35.6011667,-117.4085,7.55,2.59,ml,51.0,26.0,0.02233,0.17,ci,ci38700919,2021-08-19T18:14:31.943Z,"18km S of Trona, CA",earthquake,0.15,0.26,0.113,26.0,reviewed,ci,ci
2019-08-07T03:10:15.550Z,35.8928333,-117.7125,7.67,2.7,ml,48.0,24.0,0.07458,0.15,ci,ci38701879,2021-08-18T22:58:11.760Z,"18km ESE of Little Lake, CA",earthquake,0.12,0.41,0.149,21.0,reviewed,ci,ci
2019-08-07T04:51:39.390Z,35.6513333,-117.4993333,10.43,3.27,ml,71.0,32.0,0.05188,0.14,ci,ci38702143,2021-10-06T20:15:17.650Z,"16km SW of Searles Valley, CA",earthquake,0.1,0.17,0.146,40.0,reviewed,ci,ci
2019-08-07T16:39:26.190Z,35.8398333,-117.628,2.19,2.63,ml,44.0,52.0,0.09802,0.16,ci,ci38703743,2021-08-19T18:27:35.190Z,"22km WNW of Searles Valley, CA",earthquake,0.15,0.32,0.122,22.0,reviewed,ci,ci
2019-08-07T22:16:39.060Z,35.7138333,-117.5668333,7.58,2.53,ml,48.0,53.0,0.09161,0.14,ci,ci38940832,2021-09-16T21:00:10.470Z,"14km NE of Ridgecrest, CA",earthquake,0.14,0.48,0.143,23.0,reviewed,ci,ci
2019-08-08T01:11:05.860Z,35.6626667,-117.4541667,8.25,2.74,ml,47.0,34.0,0.02495,0.14,ci,ci38941448,2021-08-18T22:06:27.200Z,"12km SSW of Searles Valley, CA",earthquake,0.13,0.25,0.139,22.0,reviewed,ci,ci
2019-08-08T05:22:47.940Z,35.9525,-117.3428333,2.92,2.89,ml,62.0,44.0,0.07814,0.17,ci,ci38942264,2021-10-06T21:41:02.520Z,"21km N of Trona, CA",earthquake,0.12,0.32,0.152,34.0,reviewed,ci,ci
2019-08-09T00:09:57.910Z,35.8946667,-117.679,4.28,2.98,ml,59.0,26.0,0.05798,0.17,ci,ci38945752,2021-10-06T22:24:01.030Z,"21km ESE of Little Lake, CA",earthquake,0.12,0.3,0.135,82.0,reviewed,ci,ci
2019-08-09T01:51:24.020Z,36.1968333,-118.1678333,-0.53,2.72,ml,44.0,79.0,0.2527,0.18,ci,ci38946064,2024-10-21T18:28:45.300Z,"17km WSW of Olancha, CA",earthquake,0.18,31.61,0.226,21.0,reviewed,ci,ci
2019-08-09T02:32:42.140Z,36.0805,-117.3035,0.89,2.69,ml,46.0,53.0,0.152,0.17,ci,ci38946152,2024-10-15T18:20:28.446Z,"36km N of Trona, CA",earthquake,0.17,0.37,0.166,29.0,reviewed,ci,ci
2019-08-09T04:13:51.330Z,36.2013333,-118.1658333,1.97,2.57,ml,45.0,79.0,0.2479,0.17,ci,ci38946392,2021-08-19T21:59:43.081Z,"17km WSW of Olancha, CA",earthquake,0.16,0.7,0.218,20.0,reviewed,ci,ci
2019-08-09T04:39:07.970Z,36.1995,-118.1623333,2.11,3.16,ml,57.0,67.0,0.2489,0.16,ci,ci38946464,2021-10-06T22:09:08.459Z,"17km WSW of Olancha, CA",earthquake,0.13,0.57,0.147,30.0,reviewed,ci,ci
2019-08-09T14:27:07.570Z,35.6826667,-117.5396667,9.89,2.52,ml,52.0,39.0,0.06269,0.14,ci,ci38948120,2024-10-21T18:35:55.740Z,"14km ENE of Ridgecrest, CA",earthquake,0.12,0.25,0.142,23.0,reviewed,ci,ci
2019-08-09T15:23:04.150Z,35.6823333,-117.539,7.37,2.84,ml,67.0,23.0,0.06205,0.13,ci,ci38948320,2021-10-06T22:19:46.465Z,"14km ENE of Ridgecrest, CA",earthquake,0.09,0.27,0.179,41.0,reviewed,ci,ci
2019-08-09T19:07:10.850Z,35.5981667,-117.4301667,6.2,2.54,ml,50.0,34.0,0.02392,0.13,ci,ci38949064,2022-08-08T15:33:46.863Z,"19km S of Searles Valley, CA",earthquake,0.11,0.2,0.163,20.0,reviewed,ci,ci
2019-08-09T21:07:18.740Z,35.6758333,-117.5391667,8.09,3.09,ml,67.0,19.0,0.05896,0.13,ci,ci38949408,2021-10-06T22:13:43.687Z,"14km ENE of Ridgecrest, CA",earthquake,0.09,0.26,0.172,245.0,reviewed,ci,ci
2019-08-10T19:02:35.050Z,36.1505,-117.9165,2.63,2.72,ml,49.0,57.0,0.05974,0.15,ci,ci38953000,2024-10-21T18:37:31.494Z,"12km NNE of Coso Junction, CA",earthquake,0.14,0.41,0.256,21.0,reviewed,ci,ci
2019-08-11T01:21:08.260Z,35.6215,-117.4733333,2.44,3.15,ml,57.0,47.0,0.0242,0.2,ci,ci38953824,2021-10-07T15:48:38.584Z,"17km SSW of Searles Valley, CA",earthquake,0.15,0.2,0.128,265.0,reviewed,ci,ci
2019-08-11T14:43:37.740Z,35.9255,-117.7126667,2.56,2.63,ml,53.0,23.0,0.02477,0.17,ci,ci38955872,2021-08-19T21:46:31.800Z,"18km E of Little Lake, CA",earthquake,0.13,0.23,0.214,25.0,reviewed,ci,ci
2019-08-11T18:01:38.400Z,35.6451667,-117.4521667,4.03,3.22,ml,71.0,38.0,0.02072,0.17,ci,ci38956352,2021-10-07T15:49:29.030Z,"14km SSW of Searles Valley, CA",earthquake,0.11,0.22,0.164,46.0,reviewed,ci,ci
2019-08-12T19:20:25.930Z,36.0946667,-117.9168333,2.74,2.73,ml,51.0,61.0,0.05515,0.17,ci,ci38960608,2024-10-21T18:27:41.190Z,"6km NNE of Coso Junction, CA",earthquake,0.15,0.47,0.176,22.0,reviewed,ci,ci
2019-08-12T23:12:05.310Z,35.696,-117.5955,8.02,2.79,ml,63.0,35.0,0.006468,0.14,ci,ci38961432,2021-08-19T23:25:37.770Z,"11km NE of Ridgecrest, CA",earthquake,0.11,0.26,0.138,24.0,reviewed,ci,ci
2019-08-12T23:41:27.900Z,35.871,-117.7091667,5.71,2.84,ml,58.0,28.0,0.0149,0.16,ci,ci38961520,2021-08-19T22:36:02.285Z,"19km ESE of Little Lake, CA",earthquake,0.12,0.33,0.185,25.0,reviewed,ci,ci
2019-08-13T22:18:12.910Z,35.6901667,-117.4613333,2.5,2.52,ml,55.0,48.0,0.03955,0.14,ci,ci38965056,2021-09-17T22:39:22.332Z,"10km SSW of Searles Valley, CA",earthquake,0.11,0.16,0.147,21.0,reviewed,ci,ci
2019-08-13T22:53:38.570Z,36.102,-117.9106667,4.13,2.76,ml,51.0,59.0,0.04779,0.16,ci,ci38965120,2021-08-19T23:11:10.117Z,"7km NNE of Coso Junction, CA",earthquake,0.14,0.35,0.132,22.0,reviewed,ci,ci
2019-08-13T23:30:01.770Z,36.1361667,-117.8608333,3.95,2.76,ml,56.0,54.0,0.01917,0.16,ci,ci38965256,2021-08-19T22:54:08.030Z,"13km NE of Coso Junction, CA",earthquake,0.15,0.27,0.207,22.0,reviewed,ci,ci
2019-08-14T09:34:19.960Z,35.8941667,-117.6755,4.53,3.57,mw,76.0,21.0,0.02284,0.17,ci,ci38966824,2021-10-07T16:11:09.800Z,"21km ESE of Little Lake, CA",earthquake,0.12,0.2,,6.0,reviewed,ci,ci
2019-08-14T09:38:51.000Z,35.8978333,-117.6748333,4.65,2.66,ml,62.0,26.0,0.02234,0.16,ci,ci38966840,2021-08-20T20:22:15.160Z,"21km ESE of Little Lake, CA",earthquake,0.12,0.2,0.199,22.0,reviewed,ci,ci
2019-08-14T10:36:06.020Z,35.8966667,-117.6723333,3.79,2.55,ml,53.0,35.0,0.02458,0.16,ci,ci38967032,2021-08-20T21:19:40.480Z,"22km ESE of Little Lake, CA",earthquake,0.13,0.28,0.217,23.0,reviewed,ci,ci
2019-08-14T21:04:11.030Z,35.8933333,-117.6755,3.92,3.75,mw,77.0,21.0,0.02315,0.18,ci,ci38969080,2021-10-07T16:09:30.210Z,"21km ESE of Little Lake, CA",earthquake,0.12,0.25,,6.0,reviewed,ci,ci
2019-08-14T22:01:11.470Z,36.0806667,-117.865,2.15,2.57,ml,50.0,55.0,0.03774,0.16,ci,ci38969224,2021-08-20T22:03:43.888Z,"8km ENE of Coso Junction, CA",earthquake,0.14,0.21,0.222,21.0,reviewed,ci,ci
2019-08-14T22:41:26.170Z,36.081,-117.866,2.16,2.74,ml,51.0,55.0,0.0376,0.16,ci,ci38969320,2021-08-20T19:16:11.170Z,"8km ENE of Coso Junction, CA",earthquake,0.16,0.2,0.223,20.0,reviewed,ci,ci
2019-08-14T22:52:26.650Z,36.0805,-117.8628333,2.27,3.51,ml,75.0,54.0,0.03756,0.16,ci,ci38969336,2021-10-07T16:12:50.190Z,"9km ENE of Coso Junction, CA",earthquake,0.12,0.19,0.148,297.0,reviewed,ci,ci
2019-08-14T23:32:45.830Z,35.9591667,-117.3991667,1.59,3.21,ml,72.0,42.0,0.1161,0.19,ci,ci38969456,2024-10-17T16:39:52.150Z,"21km N of Searles Valley, CA",earthquake,0.12,0.28,0.139,245.0,reviewed,ci,ci
2019-08-15T00:12:50.030Z,35.7638333,-117.5888333,3.98,2.93,ml,61.0,37.0,0.01106,0.15,ci,ci38969584,2021-10-07T16:52:50.580Z,"17km W of Searles Valley, CA",earthquake,0.12,0.29,0.144,209.0,reviewed,ci,ci
2019-08-15T06:26:23.750Z,35.6393333,-117.4448333,4.86,2.64,ml,59.0,56.0,0.02739,0.15,ci,ci38970424,2021-08-20T20:05:51.130Z,"15km SSW of Searles Valley, CA",earthquake,0.13,0.2,0.142,24.0,reviewed,ci,ci
2019-08-15T11:50:24.980Z,36.077,-117.8606667,2.44,3.92,mw,71.0,54.0,0.04077,0.17,ci,ci38971232,2021-10-07T16:27:19.340Z,"9km ENE of Coso Junction, CA",earthquake,0.13,0.24,,6.0,reviewed,ci,ci
2019-08-15T11:50:40.550Z,36.0783333,-117.8506667,4.39,2.82,ml,4.0,151.0,0.03931,0.03,ci,ci37423501,2019-08-15T14:38:22.049Z,"10km ENE of Coso Junction, CA",earthquake,0.27,0.81,0.155,2.0,reviewed,ci,ci
2019-08-15T11:50:55.710Z,36.0781667,-117.8478333,2.4,2.85,ml,13.0,80.0,0.03974,0.14,ci,ci37423493,2019-08-15T14:33:31.019Z,"10km ENE of Coso Junction, CA",earthquake,0.28,0.26,0.096,4.0,reviewed,ci,ci
2019-08-15T11:52:31.740Z,36.0825,-117.8583333,2.38,2.97,ml,48.0,54.0,0.03512,0.14,ci,ci38971248,2021-10-07T16:44:21.077Z,"9km ENE of Coso Junction, CA",earthquake,0.13,0.18,0.201,48.0,reviewed,ci,ci
2019-08-15T12:32:40.500Z,36.0831667,-117.8578333,2.52,2.79,ml,52.0,54.0,0.03443,0.15,ci,ci38971400,2021-08-20T18:47:37.350Z,"9km ENE of Coso Junction, CA",earthquake,0.13,0.24,0.263,22.0,reviewed,ci,ci
2019-08-15T17:06:37.960Z,35.6683333,-117.504,10.14,2.61,ml,58.0,21.0,0.03133,0.13,ci,ci38972328,2021-08-20T20:42:43.870Z,"14km SW of Searles Valley, CA",earthquake,0.12,0.18,0.118,27.0,reviewed,ci,ci
2019-08-15T18:49:24.230Z,35.6608333,-117.484,8.32,2.64,ml,59.0,29.0,0.01616,0.13,ci,ci38972664,2021-08-20T21:05:21.510Z,"14km SSW of Searles Valley, CA",earthquake,0.12,0.21,0.157,24.0,reviewed,ci,ci
2019-08-15T19:22:03.270Z,36.083,-117.855,2.51,2.64,ml,52.0,53.0,0.03451,0.16,ci,ci38972760,2021-08-20T20:52:46.289Z,"9km ENE of Coso Junction, CA",earthquake,0.14,0.21,0.254,22.0,reviewed,ci,ci
2019-08-15T20:44:59.980Z,35.5683333,-117.393,4.43,2.95,ml,61.0,42.0,0.02234,0.17,ci,ci38973064,2021-10-07T16:48:41.330Z,"22km S of Trona, CA",earthquake,0.15,0.25,0.163,177.0,reviewed,ci,ci
2019-08-16T00:47:34.880Z,35.9195,-117.745,7.84,2.55,ml,54.0,20.0,0.03904,0.16,ci,ci38973720,2021-09-20T21:32:50.840Z,"15km E of Little Lake, CA",earthquake,0.13,0.33,0.202,21.0,reviewed,ci,ci
2019-08-16T00:56:14.050Z,35.6351667,-117.4295,8.07,3.29,ml,63.0,58.0,0.03026,0.15,ci,ci38973744,2021-10-07T16:30:59.430Z,"15km S of Searles Valley, CA",earthquake,0.13,0.23,0.18,111.0,reviewed,ci,ci
2019-08-16T04:01:27.730Z,36.0838333,-117.8633333,2.28,3.12,ml,66.0,54.0,0.03437,0.16,ci,ci38974200,2021-10-07T16:43:28.110Z,"9km ENE of Coso Junction, CA",earthquake,0.12,0.17,0.159,36.0,reviewed,ci,ci
2019-08-16T11:27:27.380Z,36.1756667,-117.8838333,2.58,2.54,ml,57.0,57.0,0.06253,0.16,ci,ci38975152,2024-10-15T20:04:52.510Z,"16km NNE of Coso Junction, CA",earthquake,0.15,0.35,0.219,21.0,reviewed,ci,ci
2019-08-16T12:00:27.650Z,35.3518333,-117.9006667,7.32,2.64,ml,53.0,32.0,0.09543,0.15,ci,ci38975232,2021-08-23T15:45:16.763Z,"24km W of Johannesburg, CA",earthquake,0.15,0.82,0.145,15.0,reviewed,ci,ci
2019-08-16T12:00:28.820Z,35.3548333,-117.9013333,2.62,2.91,ml,46.0,40.0,0.09833,0.23,ci,ci37346556,2021-08-23T15:09:24.117Z,"24km W of Johannesburg, CA",earthquake,0.23,0.73,0.193,11.0,reviewed,ci,ci
2019-08-16T15:43:32.290Z,35.6643333,-117.501,10.37,2.54,ml,57.0,30.0,0.02676,0.13,ci,ci38975800,2021-08-24T17:48:36.750Z,"14km SW of Searles Valley, CA",earthquake,0.11,0.19,0.146,26.0,reviewed,ci,ci
2019-08-16T16:35:53.820Z,36.0811667,-117.8678333,2.69,2.52,ml,49.0,55.0,0.03783,0.17,ci,ci38975928,2024-10-21T18:16:10.340Z,"8km ENE of Coso Junction, CA",earthquake,0.15,0.42,0.327,21.0,reviewed,ci,ci
2019-08-16T18:14:25.510Z,35.6448333,-117.4515,3.99,2.82,ml,54.0,57.0,0.02127,0.13,ci,ci38976240,2021-08-20T22:23:12.180Z,"14km SSW of Searles Valley, CA",earthquake,0.12,0.22,0.131,22.0,reviewed,ci,ci
2019-08-17T02:10:23.350Z,36.0855,-117.8596667,2.26,2.57,ml,52.0,54.0,0.03225,0.15,ci,ci38977304,2021-08-24T18:43:00.610Z,"9km ENE of Coso Junction, CA",earthquake,0.13,0.19,0.263,21.0,reviewed,ci,ci
2019-08-17T11:55:31.150Z,35.92,-117.7085,4.47,3.04,ml,77.0,21.0,0.01848,0.16,ci,ci38978512,2021-10-07T17:52:33.020Z,"18km E of Little Lake, CA",earthquake,0.1,0.19,0.181,46.0,reviewed,ci,ci
2019-08-17T13:37:49.440Z,36.0873333,-117.8656667,1.9,2.62,ml,46.0,54.0,0.03143,0.15,ci,ci38978768,2021-08-23T23:29:18.316Z,"9km ENE of Coso Junction, CA",earthquake,0.13,0.2,0.226,25.0,reviewed,ci,ci
2019-08-17T17:24:09.090Z,36.0856667,-117.8633333,2.35,2.61,ml,49.0,54.0,0.03258,0.14,ci,ci38979296,2021-08-24T17:35:31.110Z,"9km ENE of Coso Junction, CA",earthquake,0.13,0.2,0.237,22.0,reviewed,ci,ci
2019-08-18T05:02:42.890Z,36.0856667,-117.8683333,1.59,2.76,ml,53.0,55.0,0.03366,0.16,ci,ci38980736,2021-08-23T21:59:12.934Z,"8km ENE of Coso Junction, CA",earthquake,0.14,0.21,0.248,21.0,reviewed,ci,ci
2019-08-18T05:05:47.540Z,36.086,-117.8681667,1.82,2.57,ml,56.0,55.0,0.03331,0.16,ci,ci38980744,2021-09-20T22:56:51.489Z,"8km ENE of Coso Junction, CA",earthquake,0.14,0.19,0.211,24.0,reviewed,ci,ci
2019-08-18T06:45:48.400Z,35.6868333,-117.4796667,7.37,2.63,ml,60.0,55.0,0.04128,0.15,ci,ci38981000,2021-08-23T22:50:09.811Z,"11km SW of Searles Valley, CA",earthquake,0.13,0.31,0.172,24.0,reviewed,ci,ci
2019-08-18T07:42:25.200Z,36.09,-117.8635,2.11,3.25,ml,73.0,52.0,0.0284,0.18,ci,ci38981040,2021-10-07T17:37:29.544Z,"9km ENE of Coso Junction, CA",earthquake,0.12,0.19,0.135,41.0,reviewed,ci,ci
2019-08-18T08:23:59.420Z,35.9136667,-117.691,3.04,2.64,ml,60.0,26.0,0.01434,0.16,ci,ci38981112,2021-08-23T22:34:33.720Z,"20km E of Little Lake, CA",earthquake,0.11,0.25,0.172,22.0,reviewed,ci,ci
2019-08-18T16:08:34.230Z,36.0928333,-117.8663333,2.04,2.52,ml,49.0,55.0,0.02639,0.16,ci,ci38982040,2021-08-24T18:16:52.220Z,"9km NE of Coso Junction, CA",earthquake,0.15,0.21,0.22,22.0,reviewed,ci,ci
2019-08-18T16:20:49.970Z,36.0888333,-117.8685,1.81,2.74,ml,47.0,56.0,0.03074,0.16,ci,ci38982056,2021-08-20T22:38:12.231Z,"9km NE of Coso Junction, CA",earthquake,0.15,0.22,0.183,21.0,reviewed,ci,ci
2019-08-18T18:27:42.080Z,36.0778333,-117.8655,2.65,3.13,ml,67.0,53.0,0.04059,0.16,ci,ci38982296,2021-10-07T18:02:47.370Z,"8km ENE of Coso Junction, CA",earthquake,0.11,0.27,0.159,38.0,reviewed,ci,ci
2019-08-18T18:56:43.490Z,35.67,-117.4736667,4.32,3.47,ml,73.0,38.0,0.02466,0.17,ci,ci38982368,2021-10-07T17:15:33.730Z,"12km SSW of Searles Valley, CA",earthquake,0.11,0.25,0.145,309.0,reviewed,ci,ci
2019-08-18T22:02:28.660Z,35.6808333,-117.4888333,10.23,2.62,ml,57.0,46.0,0.03642,0.15,ci,ci38982760,2021-08-23T23:20:16.240Z,"12km SW of Searles Valley, CA",earthquake,0.13,0.23,0.165,25.0,reviewed,ci,ci
2019-08-19T00:09:12.940Z,35.6703333,-117.4676667,9.5,3.54,mlr,90.0,22.0,0.02607,0.16,ci,ci38983016,2021-10-07T17:06:21.540Z,"12km SSW of Searles Valley, CA",earthquake,0.1,0.19,0.145,328.0,reviewed,ci,ci
2019-08-19T11:45:20.680Z,35.603,-117.6006667,4.06,3.02,ml,75.0,26.0,0.03197,0.16,ci,ci38984576,2022-06-16T17:47:20.342Z,"7km ESE of Ridgecrest, CA",earthquake,0.09,0.21,0.153,52.0,reviewed,ci,ci
2019-08-19T12:17:41.740Z,35.547,-117.3516667,6.3,2.51,ml,56.0,60.0,0.02437,0.15,ci,ci38984640,2021-08-24T19:20:17.500Z,"24km S of Trona, CA",earthquake,0.15,0.26,0.149,21.0,reviewed,ci,ci
2019-08-19T18:32:19.220Z,36.0895,-117.8686667,1.69,2.66,ml,55.0,56.0,0.03017,0.17,ci,ci38985592,2021-08-24T15:21:21.480Z,"9km NE of Coso Junction, CA",earthquake,0.14,0.22,0.223,20.0,reviewed,ci,ci
2019-08-20T09:26:58.010Z,35.6701667,-117.5345,10.1,2.5,ml,51.0,50.0,0.05247,0.14,ci,ci38987840,2021-09-21T17:02:31.660Z,"14km ENE of Ridgecrest, CA",earthquake,0.13,0.27,0.121,23.0,reviewed,ci,ci
2019-08-20T13:41:46.330Z,36.0763333,-117.8756667,2.37,2.71,ml,46.0,55.0,0.04448,0.16,ci,ci38988480,2021-08-24T20:39:40.123Z,"7km ENE of Coso Junction, CA",earthquake,0.15,0.22,0.302,21.0,reviewed,ci,ci
2019-08-20T14:24:35.760Z,36.221,-117.9033333,-0.49,2.62,ml,44.0,58.0,0.1104,0.18,ci,ci38988592,2024-10-15T18:46:30.593Z,"11km SE of Olancha, CA",earthquake,0.17,0.34,0.15,16.0,reviewed,ci,ci
2019-08-20T23:46:56.800Z,35.5173333,-117.4126667,8.39,3.18,ml,87.0,17.0,0.04,0.16,ci,ci38990112,2021-10-07T17:27:58.860Z,"26km NE of Johannesburg, CA",earthquake,0.11,0.26,0.202,74.0,reviewed,ci,ci
2019-08-20T23:48:36.160Z,35.5158333,-117.4113333,8.7,2.55,ml,57.0,37.0,0.03925,0.15,ci,ci38990120,2021-08-24T21:23:32.390Z,"26km NE of Johannesburg, CA",earthquake,0.13,0.26,0.142,26.0,reviewed,ci,ci
2019-08-21T00:30:10.270Z,35.7151667,-117.575,4.88,3.41,ml,80.0,32.0,0.09305,0.16,ci,ci38990176,2021-10-07T20:04:42.260Z,"14km NE of Ridgecrest, CA",earthquake,0.09,0.26,0.137,70.0,reviewed,ci,ci
2019-08-21T09:57:59.750Z,35.8878333,-117.729,5.63,2.83,ml,74.0,20.0,0.01979,0.16,ci,ci38991400,2021-10-07T21:38:18.170Z,"17km ESE of Little Lake, CA",earthquake,0.09,0.27,0.136,129.0,reviewed,ci,ci
2019-08-21T12:43:37.140Z,35.6665,-117.4758333,2.06,2.73,ml,53.0,33.0,0.021,0.15,ci,ci38991896,2021-08-24T20:18:56.770Z,"13km SSW of Searles Valley, CA",earthquake,0.13,0.2,0.104,23.0,reviewed,ci,ci
2019-08-21T14:20:22.770Z,35.5316667,-117.3698333,8.44,3.23,ml,86.0,27.0,0.007977,0.16,ci,ci38992192,2021-10-07T20:11:16.110Z,"26km S of Trona, CA",earthquake,0.11,0.23,0.135,264.0,reviewed,ci,ci
2019-08-21T15:02:49.270Z,35.8906667,-117.7278333,6.63,2.55,ml,54.0,23.0,0.0194,0.15,ci,ci38992304,2021-08-24T21:38:43.470Z,"17km ESE of Little Lake, CA",earthquake,0.12,0.24,0.202,24.0,reviewed,ci,ci
2019-08-22T02:10:09.940Z,35.6513333,-117.463,2.76,2.62,ml,54.0,47.0,0.01324,0.14,ci,ci38993992,2021-08-24T22:48:32.730Z,"14km SSW of Searles Valley, CA",earthquake,0.11,0.14,0.185,22.0,reviewed,ci,ci
2019-08-22T04:21:07.960Z,35.5311667,-117.3723333,8.11,2.76,ml,57.0,66.0,0.008888,0.16,ci,ci38994272,2021-08-24T22:07:20.831Z,"26km S of Trona, CA",earthquake,0.15,0.26,0.177,24.0,reviewed,ci,ci
2019-08-22T13:16:39.940Z,35.905,-117.7258333,5.29,2.59,ml,54.0,35.0,0.0197,0.15,ci,ci38995432,2021-08-25T15:58:16.540Z,"17km ESE of Little Lake, CA",earthquake,0.12,0.29,0.156,23.0,reviewed,ci,ci
2019-08-22T14:57:41.540Z,35.3226667,-117.927,6.41,2.91,ml,75.0,30.0,0.08631,0.2,ci,ci38995688,2021-10-07T21:12:22.020Z,"22km NNE of California City, CA",earthquake,0.14,0.58,0.18,167.0,reviewed,ci,ci
2019-08-22T16:04:28.760Z,35.6833333,-117.4886667,6.83,3.0,ml,51.0,48.0,0.03881,0.15,ci,ci38995952,2021-10-07T20:54:33.899Z,"12km SW of Searles Valley, CA",earthquake,0.13,0.32,0.143,195.0,reviewed,ci,ci
2019-08-22T20:49:50.180Z,35.9076667,-117.709,4.93,4.89,mw,78.0,20.0,0.007928,0.2,ci,ci38996632,2025-12-22T18:21:46.761Z,"18km E of Little Lake, CA",earthquake,0.12,0.28,,6.0,reviewed,ci,ci
2019-08-22T20:54:23.260Z,35.878,-117.6936667,7.52,2.62,ml,45.0,41.0,0.01174,0.17,ci,ci38996664,2021-08-25T16:21:23.120Z,"20km ESE of Little Lake, CA",earthquake,0.16,0.38,0.155,18.0,reviewed,ci,ci
2019-08-22T20:58:46.880Z,35.8863333,-117.6978333,8.08,2.64,ml,52.0,21.0,0.005718,0.17,ci,ci38996712,2021-08-25T16:39:53.696Z,"20km ESE of Little Lake, CA",earthquake,0.14,0.31,0.135,21.0,reviewed,ci,ci
2019-08-22T21:03:25.350Z,35.874,-117.692,8.73,2.69,ml,50.0,26.0,0.01548,0.15,ci,ci38996776,2021-08-24T22:23:24.730Z,"21km ESE of Little Lake, CA",earthquake,0.13,0.28,0.174,24.0,reviewed,ci,ci
2019-08-22T21:09:17.090Z,35.9053333,-117.7063333,5.4,3.07,ml,69.0,19.0,0.004765,0.18,ci,ci38996816,2021-10-07T20:33:51.970Z,"18km E of Little Lake, CA",earthquake,0.12,0.31,0.213,40.0,reviewed,ci,ci
2019-08-22T21:11:07.530Z,35.8881667,-117.7005,8.11,3.57,ml,70.0,20.0,0.00439,0.17,ci,ci38996840,2021-10-07T19:30:55.930Z,"19km ESE of Little Lake, CA",earthquake,0.12,0.26,0.172,251.0,reviewed,ci,ci
2019-08-22T21:21:40.900Z,35.9001667,-117.7036667,6.66,3.45,ml,72.0,20.0,0.002613,0.18,ci,ci38996976,2021-10-07T19:24:25.710Z,"19km ESE of Little Lake, CA",earthquake,0.12,0.24,0.197,243.0,reviewed,ci,ci
2019-08-22T21:22:35.750Z,35.8888333,-117.7063333,7.45,2.88,ml,53.0,24.0,0.003552,0.15,ci,ci38996984,2021-10-07T21:26:00.600Z,"19km ESE of Little Lake, CA",earthquake,0.12,0.29,0.145,20.0,reviewed,ci,ci
2019-08-22T22:18:55.130Z,35.9141667,-117.7048333,7.7,2.52,ml,54.0,21.0,0.01209,0.15,ci,ci38997448,2021-09-21T18:16:48.560Z,"18km E of Little Lake, CA",earthquake,0.12,0.25,0.217,21.0,reviewed,ci,ci
2019-08-23T02:43:41.570Z,35.8915,-117.7006667,7.02,2.51,ml,54.0,25.0,0.006864,0.15,ci,ci38998680,2021-09-21T18:02:41.060Z,"19km ESE of Little Lake, CA",earthquake,0.12,0.21,0.18,26.0,reviewed,ci,ci
2019-08-23T05:34:09.740Z,35.9078333,-117.7046667,7.14,4.33,mw,82.0,20.0,0.005992,0.18,ci,ci38999296,2021-10-07T19:25:42.120Z,"18km E of Little Lake, CA",earthquake,0.11,0.28,,6.0,reviewed,ci,ci
2019-08-23T05:34:57.240Z,35.9113333,-117.7056667,7.49,3.11,ml,32.0,39.0,0.009545,0.11,ci,ci38999312,2021-10-07T20:39:24.242Z,"18km E of Little Lake, CA",earthquake,0.13,0.27,0.14,15.0,reviewed,ci,ci
2019-08-23T05:37:25.770Z,35.9155,-117.685,8.3,3.2,ml,57.0,31.0,0.01896,0.16,ci,ci38999328,2021-10-07T20:23:30.510Z,"20km E of Little Lake, CA",earthquake,0.13,0.29,0.149,92.0,reviewed,ci,ci
2019-08-23T07:05:11.150Z,35.894,-117.701,7.05,2.65,ml,45.0,28.0,0.008308,0.12,ci,ci38999760,2021-08-24T23:16:41.960Z,"19km ESE of Little Lake, CA",earthquake,0.13,0.21,0.1,8.0,reviewed,ci,ci
2019-08-23T07:05:13.680Z,35.893,-117.711,8.77,2.7,ml,39.0,29.0,0.01191,0.24,ci,ci37347220,2021-08-24T23:14:51.713Z,"18km ESE of Little Lake, CA",earthquake,0.25,0.62,0.141,8.0,reviewed,ci,ci
2019-08-23T09:29:20.400Z,35.8778333,-117.6958333,8.73,2.53,ml,53.0,40.0,0.01056,0.14,ci,ci39000328,2021-08-25T16:53:33.350Z,"20km ESE of Little Lake, CA",earthquake,0.11,0.27,0.239,22.0,reviewed,ci,ci
2019-08-23T10:22:22.770Z,35.66,-117.535,9.2,3.02,ml,82.0,21.0,0.04697,0.12,ci,ci39000512,2021-10-07T20:52:34.080Z,"13km ENE of Ridgecrest, CA",earthquake,0.08,0.17,0.175,192.0,reviewed,ci,ci
2019-08-23T19:19:42.700Z,35.83,-117.6508333,4.18,3.31,ml,72.0,21.0,0.04561,0.16,ci,ci39002264,2022-08-08T15:45:26.542Z,"23km WNW of Searles Valley, CA",earthquake,0.1,0.27,0.109,50.0,reviewed,ci,ci
2019-08-23T20:23:32.280Z,35.9141667,-117.257,4.63,3.01,ml,69.0,43.0,0.03152,0.18,ci,ci39002432,2024-10-14T20:34:54.960Z,"20km NNE of Trona, CA",earthquake,0.14,0.4,0.158,135.0,reviewed,ci,ci
2019-08-23T23:14:22.730Z,35.7016667,-117.5733333,3.87,2.55,ml,56.0,39.0,0.07196,0.16,ci,ci39002848,2021-08-24T23:30:47.580Z,"13km NE of Ridgecrest, CA",earthquake,0.13,0.38,0.18,21.0,reviewed,ci,ci
2019-08-23T23:52:22.960Z,35.6426667,-117.454,2.4,2.53,ml,48.0,56.0,0.01943,0.16,ci,ci39002928,2021-08-25T17:02:42.840Z,"15km SSW of Searles Valley, CA",earthquake,0.15,0.18,0.178,21.0,reviewed,ci,ci
2019-08-24T11:02:20.680Z,35.5971667,-117.4246667,5.45,3.45,ml,64.0,22.0,0.03239,0.15,ci,ci39004464,2021-10-07T21:50:43.890Z,"19km SSW of Trona, CA",earthquake,0.11,0.3,0.162,93.0,reviewed,ci,ci
2019-08-24T15:18:30.940Z,35.872,-117.581,8.99,3.06,ml,50.0,26.0,0.05772,0.16,ci,ci39005120,2021-10-07T22:18:22.970Z,"20km NW of Searles Valley, CA",earthquake,0.15,0.31,0.143,234.0,reviewed,ci,ci
2019-08-24T21:08:16.490Z,35.634,-117.588,10.03,2.61,ml,56.0,33.0,0.01947,0.15,ci,ci39005840,2021-08-25T18:52:41.800Z,"8km E of Ridgecrest, CA",earthquake,0.12,0.26,0.097,24.0,reviewed,ci,ci
2019-08-25T02:05:32.770Z,35.714,-117.5516667,4.29,2.92,ml,58.0,47.0,0.0686,0.17,ci,ci39006440,2021-10-07T22:27:58.650Z,"15km WSW of Searles Valley, CA",earthquake,0.14,0.38,0.148,162.0,reviewed,ci,ci
2019-08-25T08:15:12.960Z,36.1188333,-117.847,1.72,3.13,ml,71.0,50.0,0.006486,0.17,ci,ci39007152,2024-10-21T18:25:36.720Z,"12km NE of Coso Junction, CA",earthquake,0.12,0.17,0.159,53.0,reviewed,ci,ci
2019-08-25T10:36:27.050Z,35.7035,-117.5145,9.47,2.64,ml,57.0,54.0,0.06521,0.15,ci,ci39007504,2021-08-25T18:12:06.760Z,"12km SW of Searles Valley, CA",earthquake,0.13,0.26,0.103,24.0,reviewed,ci,ci
2019-08-26T03:53:46.360Z,36.139,-118.073,-0.6,2.89,ml,57.0,72.0,0.1779,0.22,ci,ci39009592,2021-10-07T22:27:49.910Z,"15km NW of Coso Junction, CA",earthquake,0.2,0.47,0.171,44.0,reviewed,ci,ci
2019-08-26T10:33:21.240Z,35.8876667,-117.6986667,7.91,2.72,ml,57.0,25.0,0.00543,0.17,ci,ci39010600,2021-08-25T17:42:38.396Z,"20km ESE of Little Lake, CA",earthquake,0.14,0.32,0.161,23.0,reviewed,ci,ci
2019-08-26T12:06:37.810Z,35.8963333,-117.6778333,4.73,2.78,ml,54.0,29.0,0.02035,0.16,ci,ci39010824,2021-08-25T17:28:44.700Z,"21km ESE of Little Lake, CA",earthquake,0.13,0.21,0.204,24.0,reviewed,ci,ci
2019-08-26T16:07:50.320Z,35.8608333,-117.6923333,9.02,2.53,ml,51.0,36.0,0.02662,0.14,ci,ci39011360,2021-09-21T20:10:39.610Z,"21km ESE of Little Lake, CA",earthquake,0.12,0.24,0.182,23.0,reviewed,ci,ci
2019-08-26T16:23:20.200Z,35.68,-117.5385,7.11,2.6,ml,51.0,31.0,0.06037,0.15,ci,ci39011408,2021-08-25T18:40:35.370Z,"14km ENE of Ridgecrest, CA",earthquake,0.14,0.29,0.157,23.0,reviewed,ci,ci
2019-08-26T21:31:26.770Z,35.7443333,-117.554,3.2,2.65,ml,53.0,52.0,0.04542,0.17,ci,ci39012312,2021-08-25T17:57:21.840Z,"14km W of Searles Valley, CA",earthquake,0.15,0.27,0.112,22.0,reviewed,ci,ci
2019-08-27T14:39:37.260Z,35.6691667,-117.5288333,10.23,2.62,ml,54.0,33.0,0.04794,0.13,ci,ci39014664,2021-08-25T18:26:23.850Z,"14km ENE of Ridgecrest, CA",earthquake,0.12,0.22,0.17,23.0,reviewed,ci,ci
2019-08-28T02:23:14.400Z,36.1366667,-117.9751667,5.42,3.29,ml,72.0,59.0,0.09924,0.16,ci,ci39016592,2024-10-14T20:26:33.850Z,"10km NNW of Coso Junction, CA",earthquake,0.12,0.44,0.157,39.0,reviewed,ci,ci
2019-08-29T03:23:49.310Z,35.7616667,-117.59,3.43,2.9,ml,62.0,37.0,0.01183,0.16,ci,ci39020296,2021-10-07T22:59:53.060Z,"17km W of Searles Valley, CA",earthquake,0.12,0.32,0.158,32.0,reviewed,ci,ci
2019-08-30T08:55:41.380Z,35.6121667,-117.4121667,5.26,2.5,ml,55.0,30.0,0.02758,0.14,ci,ci39024928,2021-08-25T20:29:35.880Z,"17km S of Trona, CA",earthquake,0.13,0.19,0.161,26.0,reviewed,ci,ci
2019-08-30T11:58:32.890Z,35.7081667,-117.5435,9.27,2.72,ml,54.0,34.0,0.0772,0.14,ci,ci39025416,2021-08-25T19:32:06.010Z,"14km WSW of Searles Valley, CA",earthquake,0.13,0.28,0.17,24.0,reviewed,ci,ci
2019-08-30T19:54:43.370Z,36.2073333,-117.8588333,2.9,2.52,ml,49.0,53.0,0.08963,0.15,ci,ci39026808,2024-10-15T20:06:33.983Z,"16km ESE of Olancha, CA",earthquake,0.15,0.47,0.092,21.0,reviewed,ci,ci
2019-08-31T00:18:19.010Z,36.0876667,-117.8645,1.75,2.62,ml,50.0,54.0,0.03086,0.17,ci,ci39027496,2021-08-25T20:16:29.710Z,"9km ENE of Coso Junction, CA",earthquake,0.16,0.23,0.216,23.0,reviewed,ci,ci
2019-08-31T02:26:23.830Z,35.8756667,-117.6961667,8.47,2.52,ml,58.0,30.0,0.01206,0.17,ci,ci39027808,2021-09-22T22:43:11.200Z,"20km ESE of Little Lake, CA",earthquake,0.13,0.28,0.21,25.0,reviewed,ci,ci
2019-08-31T07:26:56.910Z,35.8305,-117.6761667,9.29,2.72,ml,57.0,31.0,0.05961,0.15,ci,ci39028608,2021-09-22T22:18:58.750Z,"23km N of Ridgecrest, CA",earthquake,0.12,0.28,0.195,25.0,reviewed,ci,ci
2019-09-01T23:35:06.800Z,35.6555,-117.463,2.38,2.82,ml,50.0,41.0,0.01552,0.15,ci,ci39034088,2021-08-16T22:56:09.940Z,"14km SSW of Searles Valley, CA",earthquake,0.12,0.19,0.183,25.0,reviewed,ci,ci
2019-09-02T08:03:26.330Z,35.664,-117.5243333,6.76,2.51,ml,52.0,36.0,0.0423,0.14,ci,ci39035224,2021-08-16T22:38:04.780Z,"14km ENE of Ridgecrest, CA",earthquake,0.12,0.27,0.143,25.0,reviewed,ci,ci
2019-09-03T02:23:09.470Z,35.5161667,-117.4141667,8.13,3.18,ml,89.0,16.0,0.04143,0.16,ci,ci39037448,2021-10-07T20:58:50.280Z,"26km NE of Johannesburg, CA",earthquake,0.11,0.27,0.132,294.0,reviewed,ci,ci
2019-09-03T02:29:20.270Z,35.6698333,-117.5235,10.29,2.76,ml,60.0,33.0,0.04457,0.14,ci,ci39037480,2021-08-16T21:40:29.990Z,"15km ENE of Ridgecrest, CA",earthquake,0.11,0.19,0.146,24.0,reviewed,ci,ci
2019-09-03T02:32:14.850Z,35.6708333,-117.5221667,10.29,3.22,ml,79.0,34.0,0.04423,0.15,ci,ci39037488,2021-10-07T21:08:10.400Z,"15km ENE of Ridgecrest, CA",earthquake,0.1,0.19,0.165,291.0,reviewed,ci,ci
2019-09-03T03:28:37.360Z,35.6296667,-117.4321667,3.67,2.69,ml,52.0,55.0,0.03605,0.15,ci,ci39037640,2021-08-16T21:57:42.020Z,"16km S of Searles Valley, CA",earthquake,0.13,0.29,0.207,24.0,reviewed,ci,ci
2019-09-03T03:41:29.160Z,35.7023333,-117.5878333,7.76,3.47,mw,56.0,37.0,0.02386,0.13,ci,ci39037688,2021-10-07T21:23:50.130Z,"12km NE of Ridgecrest, CA",earthquake,0.11,0.29,,6.0,reviewed,ci,ci
2019-09-03T08:23:33.180Z,36.201,-117.8833333,2.62,2.59,ml,53.0,56.0,0.08638,0.16,ci,ci39038160,2024-10-15T18:56:43.780Z,"14km SE of Olancha, CA",earthquake,0.15,0.51,0.135,22.0,reviewed,ci,ci
2019-09-03T12:41:59.300Z,35.6475,-117.4971667,6.02,2.61,ml,53.0,22.0,0.01606,0.14,ci,ci39038800,2021-10-07T21:18:36.060Z,"16km SSW of Searles Valley, CA",earthquake,0.12,0.26,0.134,24.0,reviewed,ci,ci
2019-09-04T12:37:12.990Z,35.6681667,-117.5128333,4.71,2.54,ml,53.0,34.0,0.03654,0.14,ci,ci39041872,2021-08-17T17:31:08.650Z,"15km SW of Searles Valley, CA",earthquake,0.12,0.24,0.17,26.0,reviewed,ci,ci
2019-09-06T06:49:35.010Z,35.9181667,-117.6868333,3.03,2.72,ml,57.0,26.0,0.01996,0.18,ci,ci38813871,2021-10-07T22:03:28.900Z,"20km E of Little Lake, CA",earthquake,0.13,0.23,0.127,22.0,reviewed,ci,ci
2019-09-06T14:06:15.500Z,35.6761667,-117.5138333,10.05,2.77,ml,58.0,38.0,0.04251,0.15,ci,ci38814519,2021-08-17T17:50:08.690Z,"14km SW of Searles Valley, CA",earthquake,0.13,0.23,0.209,25.0,reviewed,ci,ci
2019-09-07T20:37:19.610Z,35.6591667,-117.5366667,8.82,2.95,ml,74.0,19.0,0.04551,0.13,ci,ci38817607,2021-10-07T22:09:49.000Z,"13km ENE of Ridgecrest, CA",earthquake,0.09,0.2,0.149,192.0,reviewed,ci,ci
2019-09-08T01:02:46.020Z,35.6935,-117.5266667,8.64,2.54,ml,55.0,46.0,0.04676,0.16,ci,ci38817999,2024-10-21T18:18:14.700Z,"14km SW of Searles Valley, CA",earthquake,0.13,0.28,0.148,23.0,reviewed,ci,ci
2019-09-08T02:05:02.220Z,36.1121667,-117.8516667,3.53,3.48,ml,71.0,50.0,0.005989,0.16,ci,ci38818071,2020-02-13T19:44:36.710Z,"12km NE of Coso Junction, CA",earthquake,0.12,0.26,0.186,82.0,reviewed,ci,ci
2019-09-08T07:41:45.810Z,35.8743333,-117.6931667,3.08,2.86,ml,54.0,32.0,0.01461,0.21,ci,ci38818519,2021-08-17T18:30:33.580Z,"20km ESE of Little Lake, CA",earthquake,0.16,0.27,0.194,22.0,reviewed,ci,ci
2019-09-08T08:06:58.900Z,35.8751667,-117.6895,3.56,2.56,ml,58.0,23.0,0.01615,0.18,ci,ci38818591,2021-08-17T19:30:59.820Z,"21km ESE of Little Lake, CA",earthquake,0.14,0.32,0.166,20.0,reviewed,ci,ci
2019-09-08T14:07:23.350Z,35.5806667,-117.4148333,5.18,3.59,mw,79.0,17.0,0.03429,0.16,ci,ci38819223,2021-10-07T22:19:34.520Z,"21km S of Trona, CA",earthquake,0.11,0.2,,6.0,reviewed,ci,ci
2019-09-08T14:08:34.760Z,35.8765,-117.7105,9.71,2.54,ml,45.0,36.0,0.0101,0.16,ci,ci38819231,2021-08-17T20:21:16.620Z,"19km ESE of Little Lake, CA",earthquake,0.15,0.35,0.127,16.0,reviewed,ci,ci
2019-09-09T08:50:43.720Z,36.0723333,-117.8595,2.18,2.54,ml,49.0,54.0,0.04531,0.15,ci,ci38821015,2021-08-17T19:18:56.755Z,"8km ENE of Coso Junction, CA",earthquake,0.13,0.2,0.244,22.0,reviewed,ci,ci
2019-09-10T02:56:26.240Z,35.7381667,-117.5501667,8.15,2.55,ml,58.0,53.0,0.02367,0.14,ci,ci38823023,2021-09-23T16:57:45.960Z,"14km WSW of Searles Valley, CA",earthquake,0.11,0.27,0.186,25.0,reviewed,ci,ci
2019-09-10T11:43:41.100Z,35.7373333,-117.5941667,10.28,2.67,ml,58.0,43.0,0.02346,0.16,ci,ci38823935,2021-08-17T19:01:47.080Z,"15km NNE of Ridgecrest, CA",earthquake,0.13,0.26,0.192,25.0,reviewed,ci,ci
2019-09-10T12:34:00.780Z,35.9211667,-117.6863333,3.69,2.96,ml,63.0,25.0,0.02263,0.16,ci,ci38824047,2021-10-07T22:34:49.140Z,"20km E of Little Lake, CA",earthquake,0.12,0.26,0.135,24.0,reviewed,ci,ci
2019-09-10T12:36:25.360Z,35.9236667,-117.6848333,3.69,2.5,ml,54.0,26.0,0.02538,0.16,ci,ci38824055,2021-09-23T17:12:25.850Z,"20km E of Little Lake, CA",earthquake,0.12,0.26,0.132,22.0,reviewed,ci,ci
2019-09-10T15:45:39.580Z,35.9258333,-117.6861667,3.68,2.73,ml,49.0,29.0,0.02669,0.17,ci,ci38824471,2022-08-08T15:57:29.405Z,"20km E of Little Lake, CA",earthquake,0.14,0.3,0.148,18.0,reviewed,ci,ci
2019-09-11T22:57:43.920Z,35.3458333,-117.8818333,2.48,2.54,ml,60.0,38.0,0.0836,0.19,ci,ci38828127,2021-10-07T22:45:30.195Z,"23km W of Johannesburg, CA",earthquake,0.17,0.43,0.157,109.0,reviewed,ci,ci
2019-09-13T15:56:38.590Z,35.9676667,-117.5021667,3.8,2.52,ml,51.0,26.0,0.08683,0.17,ci,ci38833263,2021-10-07T22:57:41.380Z,"24km NNW of Searles Valley, CA",earthquake,0.15,0.47,0.119,23.0,reviewed,ci,ci
2019-09-17T14:35:13.130Z,35.642,-117.4321667,9.64,2.65,ml,50.0,59.0,0.02408,0.15,ci,ci38842039,2021-10-08T23:21:03.010Z,"14km S of Searles Valley, CA",earthquake,0.14,0.24,0.141,153.0,reviewed,ci,ci
2019-09-17T19:40:53.380Z,35.883,-117.6795,4.68,2.72,ml,54.0,40.0,0.0207,0.17,ci,ci38842551,2021-08-17T21:28:52.310Z,"21km ESE of Little Lake, CA",earthquake,0.14,0.3,0.255,24.0,reviewed,ci,ci
2019-09-18T01:23:22.850Z,35.6015,-117.3581667,2.46,2.5,ml,49.0,50.0,0.01869,0.18,ci,ci38843255,2021-08-17T21:18:48.120Z,"18km S of Trona, CA",earthquake,0.13,0.18,0.192,18.0,reviewed,ci,ci
2019-09-19T06:46:22.310Z,35.6155,-117.4411667,6.53,2.58,ml,58.0,49.0,0.03363,0.15,ci,ci38845751,2024-10-21T18:43:10.420Z,"17km SSW of Searles Valley, CA",earthquake,0.12,0.21,0.137,24.0,reviewed,ci,ci
2019-09-20T06:49:52.050Z,35.6873333,-117.5095,10.46,2.7,ml,54.0,46.0,0.04916,0.15,ci,ci38847583,2021-08-17T22:35:23.740Z,"13km SW of Searles Valley, CA",earthquake,0.14,0.24,0.149,24.0,reviewed,ci,ci
2019-09-20T10:11:09.550Z,35.6583333,-117.5423333,8.05,2.69,ml,60.0,36.0,0.04228,0.14,ci,ci38847783,2021-08-17T22:18:17.910Z,"13km ENE of Ridgecrest, CA",earthquake,0.12,0.26,0.165,24.0,reviewed,ci,ci
2019-09-20T20:33:34.160Z,35.757,-117.5753333,9.09,2.9,ml,57.0,40.0,0.02396,0.15,ci,ci38848871,2021-10-08T23:35:13.150Z,"16km W of Searles Valley, CA",earthquake,0.13,0.25,0.126,92.0,reviewed,ci,ci
2019-09-21T02:47:31.460Z,36.0166667,-117.3585,4.63,2.54,ml,49.0,56.0,0.1135,0.17,ci,ci38849487,2024-10-15T20:02:45.830Z,"28km N of Searles Valley, CA",earthquake,0.18,0.59,0.127,75.0,reviewed,ci,ci
2019-09-21T15:19:22.870Z,35.5416667,-117.4503333,5.2,3.44,ml,57.0,33.0,0.04296,0.13,ci,ci38850247,2021-10-08T23:38:21.160Z,"22km ESE of Ridgecrest, CA",earthquake,0.1,0.2,0.154,178.0,reviewed,ci,ci
2019-09-23T05:02:35.950Z,36.0923333,-117.8621667,4.72,3.32,ml,54.0,55.0,0.02588,0.16,ci,ci38852871,2022-08-08T16:09:12.251Z,"9km NE of Coso Junction, CA",earthquake,0.14,0.46,0.139,104.0,reviewed,ci,ci
2019-09-24T15:43:22.690Z,35.8136667,-117.6418333,1.01,2.66,ml,46.0,50.0,0.05503,0.21,ci,ci38855927,2021-10-08T23:48:46.572Z,"22km N of Ridgecrest, CA",earthquake,0.19,0.3,0.175,99.0,reviewed,ci,ci
2019-09-24T16:08:13.480Z,36.0898333,-117.8608333,4.7,3.55,mlr,75.0,55.0,0.02811,0.17,ci,ci38855983,2021-10-08T23:51:19.789Z,"9km ENE of Coso Junction, CA",earthquake,0.12,0.38,0.125,91.0,reviewed,ci,ci
2019-09-25T07:41:06.190Z,35.9511667,-117.4963333,4.78,2.7,ml,51.0,29.0,0.08688,0.17,ci,ci38857415,2021-10-08T23:57:34.570Z,"22km NNW of Searles Valley, CA",earthquake,0.16,0.52,0.13,106.0,reviewed,ci,ci
2019-09-26T03:21:41.920Z,35.9646667,-117.6653333,3.43,2.83,ml,55.0,45.0,0.02067,0.18,ci,ci39094144,2021-08-17T22:54:32.580Z,"22km E of Little Lake, CA",earthquake,0.14,0.35,0.202,22.0,reviewed,ci,ci
2019-09-26T08:55:24.250Z,35.6656667,-117.4463333,9.44,3.04,ml,58.0,34.0,0.01845,0.13,ci,ci39094760,2021-10-09T00:06:41.140Z,"12km SSW of Searles Valley, CA",earthquake,0.12,0.21,0.172,169.0,reviewed,ci,ci
2019-09-26T16:12:00.280Z,35.9361667,-117.3181667,3.19,3.27,ml,58.0,54.0,0.05326,0.17,ci,ci39095240,2024-10-14T20:32:49.800Z,"20km NNE of Trona, CA",earthquake,0.15,0.47,0.155,254.0,reviewed,ci,ci
2019-09-26T23:28:59.160Z,35.9496667,-117.7013333,4.26,2.52,ml,64.0,32.0,0.04138,0.16,ci,ci39095976,2021-09-23T19:54:54.920Z,"18km E of Little Lake, CA",earthquake,0.11,0.22,0.127,24.0,reviewed,ci,ci
2019-09-27T15:34:32.980Z,35.83,-117.6576667,5.66,3.23,ml,61.0,20.0,0.05092,0.14,ci,ci39096944,2021-10-09T00:21:58.900Z,"23km N of Ridgecrest, CA",earthquake,0.11,0.33,0.136,246.0,reviewed,ci,ci
2019-09-28T02:03:37.690Z,35.7003333,-117.5308333,1.69,2.58,ml,51.0,54.0,0.04002,0.15,ci,ci39097800,2021-08-18T14:37:50.450Z,"14km WSW of Searles Valley, CA",earthquake,0.13,0.2,0.143,25.0,reviewed,ci,ci
2019-09-28T09:09:24.040Z,35.723,-117.5533333,3.89,2.99,ml,54.0,39.0,0.09927,0.16,ci,ci39098264,2019-12-20T19:03:28.040Z,"14km WSW of Searles Valley, CA",earthquake,0.12,0.38,0.152,95.0,reviewed,ci,ci
2019-09-29T06:40:29.930Z,35.8411667,-117.7366667,4.8,3.44,ml,53.0,30.0,0.0398,0.16,ci,ci39099712,2019-12-20T19:03:40.040Z,"19km SE of Little Lake, CA",earthquake,0.13,0.29,0.159,117.0,reviewed,ci,ci
2019-09-29T12:08:19.560Z,35.6733333,-117.5275,8.69,2.77,ml,57.0,43.0,0.04922,0.14,ci,ci39099992,2021-08-17T23:23:53.310Z,"15km ENE of Ridgecrest, CA",earthquake,0.13,0.25,0.17,24.0,reviewed,ci,ci
2019-09-29T13:54:32.000Z,35.7463333,-117.5548333,8.15,3.06,ml,65.0,44.0,0.02762,0.15,ci,ci39100080,2021-10-11T23:59:27.640Z,"14km W of Searles Valley, CA",earthquake,0.12,0.23,0.158,104.0,reviewed,ci,ci
2019-09-30T17:33:00.700Z,35.6376667,-117.4333333,5.18,2.88,ml,53.0,37.0,0.0285,0.15,ci,ci39101912,2021-08-17T23:10:48.160Z,"15km S of Searles Valley, CA",earthquake,0.14,0.23,0.146,21.0,reviewed,ci,ci
2019-10-01T05:53:32.500Z,35.6485,-117.4401667,2.46,2.71,ml,46.0,77.0,0.02134,0.14,ci,ci39103120,2021-08-13T20:34:03.120Z,"14km SSW of Searles Valley, CA",earthquake,0.12,0.19,0.14,24.0,reviewed,ci,ci
2019-10-01T13:11:08.620Z,35.7436667,-117.5928333,5.86,3.59,mw,74.0,38.0,0.07202,0.16,ci,ci39103680,2021-10-08T19:51:12.440Z,"16km NNE of Ridgecrest, CA",earthquake,0.1,0.38,,6.0,reviewed,ci,ci
2019-10-02T06:42:55.340Z,36.1148333,-117.8495,1.63,2.59,ml,48.0,49.0,0.005133,0.17,ci,ci39105384,2021-08-13T20:47:24.967Z,"12km NE of Coso Junction, CA",earthquake,0.16,0.21,0.192,21.0,reviewed,ci,ci
2019-10-05T12:41:13.670Z,35.706,-117.509,9.54,2.77,ml,60.0,57.0,0.05374,0.14,ci,ci39112864,2021-08-13T21:20:28.040Z,"12km SW of Searles Valley, CA",earthquake,0.11,0.23,0.139,24.0,reviewed,ci,ci
2019-10-05T15:22:38.110Z,35.7846667,-117.609,9.34,2.6,ml,58.0,32.0,0.01603,0.17,ci,ci39113072,2021-08-13T21:06:21.770Z,"19km W of Searles Valley, CA",earthquake,0.14,0.29,0.182,26.0,reviewed,ci,ci
2019-10-07T20:14:04.580Z,35.8516667,-117.6793333,4.91,2.53,ml,58.0,31.0,0.03959,0.15,ci,ci39117528,2021-08-13T22:54:07.050Z,"23km ESE of Little Lake, CA",earthquake,0.11,0.24,0.128,25.0,reviewed,ci,ci
2019-10-08T20:18:13.180Z,35.6736667,-117.5455,4.6,2.74,ml,57.0,33.0,0.05499,0.14,ci,ci39120144,2021-08-13T21:55:38.090Z,"13km ENE of Ridgecrest, CA",earthquake,0.1,0.28,0.112,24.0,reviewed,ci,ci
2019-10-08T22:31:23.520Z,35.966,-117.6851667,2.68,2.55,ml,53.0,24.0,0.03351,0.18,ci,ci39120480,2021-08-13T22:32:41.131Z,"20km E of Little Lake, CA",earthquake,0.14,0.18,0.203,24.0,reviewed,ci,ci
2019-10-09T20:09:06.510Z,35.6553333,-117.554,7.04,2.63,ml,58.0,44.0,0.03543,0.16,ci,ci39122472,2021-08-13T22:17:29.238Z,"12km ENE of Ridgecrest, CA",earthquake,0.13,0.26,0.183,23.0,reviewed,ci,ci
2019-10-11T19:07:39.640Z,35.5785,-117.404,7.83,2.79,ml,47.0,41.0,0.04811,0.14,ci,ci39125680,2021-08-13T21:37:14.429Z,"21km S of Trona, CA",earthquake,0.15,0.32,0.16,25.0,reviewed,ci,ci
2019-10-13T02:12:37.810Z,35.6103333,-117.5895,5.84,2.55,ml,55.0,36.0,0.02031,0.14,ci,ci39128520,2021-08-16T17:45:49.236Z,"8km E of Ridgecrest, CA",earthquake,0.1,0.26,0.174,23.0,reviewed,ci,ci
2019-10-13T15:48:38.890Z,35.6055,-117.4105,4.25,3.07,ml,56.0,27.0,0.02434,0.14,ci,ci39129768,2021-10-08T21:31:15.020Z,"18km S of Trona, CA",earthquake,0.12,0.22,0.133,120.0,reviewed,ci,ci
2019-10-14T04:57:27.290Z,35.5575,-117.341,3.45,2.88,ml,54.0,43.0,0.03772,0.15,ci,ci39130896,2024-10-21T18:40:01.800Z,"23km S of Trona, CA",earthquake,0.14,0.32,0.13,25.0,reviewed,ci,ci
2019-10-14T22:01:31.920Z,35.788,-117.6015,4.49,2.52,ml,51.0,43.0,0.01752,0.16,ci,ci39132368,2022-08-08T16:21:13.330Z,"18km W of Searles Valley, CA",earthquake,0.15,0.29,0.171,26.0,reviewed,ci,ci
2019-10-15T10:15:15.070Z,35.56,-117.4311667,4.63,2.72,ml,53.0,40.0,0.01901,0.15,ci,ci39133256,2021-10-08T21:48:54.780Z,"23km ESE of Ridgecrest, CA",earthquake,0.14,0.22,0.156,122.0,reviewed,ci,ci
2019-10-16T22:21:06.250Z,35.5608333,-117.4331667,4.54,2.62,ml,55.0,34.0,0.01927,0.13,ci,ci39136384,2021-10-08T21:56:05.680Z,"23km ESE of Ridgecrest, CA",earthquake,0.11,0.2,0.158,104.0,reviewed,ci,ci
2019-10-16T22:27:49.550Z,35.6371667,-117.4498333,3.13,2.7,ml,54.0,54.0,0.0241,0.15,ci,ci39136416,2021-08-16T19:17:55.910Z,"15km SSW of Searles Valley, CA",earthquake,0.12,0.17,0.15,23.0,reviewed,ci,ci
2019-10-16T23:29:28.010Z,35.6831667,-117.5713333,8.76,2.82,ml,57.0,35.0,0.02967,0.13,ci,ci39136592,2021-08-16T18:56:47.380Z,"12km NE of Ridgecrest, CA",earthquake,0.11,0.25,0.118,27.0,reviewed,ci,ci
2019-10-17T04:34:21.400Z,35.9775,-117.328,3.23,3.02,ml,51.0,53.0,0.09367,0.17,ci,ci39136912,2024-10-14T20:31:45.080Z,"24km N of Trona, CA",earthquake,0.17,0.56,0.131,132.0,reviewed,ci,ci
2019-10-17T05:29:41.100Z,35.8433333,-117.4723333,1.51,2.79,ml,60.0,44.0,0.1054,0.16,ci,ci39136984,2021-10-08T21:41:39.400Z,"10km NW of Searles Valley, CA",earthquake,0.13,0.22,0.159,93.0,reviewed,ci,ci
2019-10-18T05:34:54.010Z,35.7775,-117.5878333,10.19,3.76,mlr,68.0,34.0,0.01191,0.18,ci,ci38905359,2021-10-08T21:27:02.130Z,"17km W of Searles Valley, CA",earthquake,0.14,0.27,0.144,293.0,reviewed,ci,ci
2019-10-18T10:11:39.810Z,35.5691667,-117.394,6.43,2.57,ml,54.0,34.0,0.02129,0.15,ci,ci38905479,2021-08-16T19:32:01.580Z,"22km S of Trona, CA",earthquake,0.15,0.25,0.09,24.0,reviewed,ci,ci
2019-10-20T11:32:02.720Z,35.7033333,-117.5736667,2.62,2.72,ml,51.0,41.0,0.0812,0.15,ci,ci38908095,2021-08-16T18:25:38.110Z,"13km NE of Ridgecrest, CA",earthquake,0.11,0.25,0.155,26.0,reviewed,ci,ci
2019-10-21T10:13:53.230Z,35.5608333,-117.434,4.35,3.58,ml,72.0,34.0,0.01969,0.17,ci,ci38909287,2021-10-08T22:30:41.090Z,"23km ESE of Ridgecrest, CA",earthquake,0.12,0.22,0.184,153.0,reviewed,ci,ci
2019-10-22T22:11:44.400Z,35.9078333,-117.442,2.37,2.71,ml,55.0,42.0,0.1299,0.17,ci,ci38911919,2021-08-16T20:47:42.400Z,"16km NNW of Searles Valley, CA",earthquake,0.14,0.56,0.131,24.0,reviewed,ci,ci
2019-10-23T05:58:36.170Z,35.8973333,-117.6995,5.18,3.02,ml,61.0,24.0,0.005296,0.16,ci,ci38912351,2021-10-08T22:40:25.790Z,"19km ESE of Little Lake, CA",earthquake,0.12,0.23,0.117,135.0,reviewed,ci,ci
2019-10-26T10:55:45.040Z,35.3485,-117.8635,3.89,3.06,ml,64.0,37.0,0.08218,0.15,ci,ci38917943,2024-10-17T16:38:48.000Z,"21km W of Johannesburg, CA",earthquake,0.13,0.52,0.186,146.0,reviewed,ci,ci
2019-10-27T07:33:27.810Z,35.6655,-117.4806667,6.0,2.66,ml,51.0,32.0,0.04641,0.15,ci,ci38919663,2021-08-16T20:15:20.150Z,"13km SSW of Searles Valley, CA",earthquake,0.12,0.32,0.162,23.0,reviewed,ci,ci
2019-10-27T07:39:56.690Z,35.3455,-117.8638333,3.68,2.93,ml,69.0,37.0,0.07929,0.15,ci,ci38919679,2021-10-11T21:21:09.690Z,"21km W of Johannesburg, CA",earthquake,0.13,0.58,0.185,95.0,reviewed,ci,ci
2019-10-27T14:09:12.140Z,35.9031667,-117.7203333,5.58,2.95,ml,51.0,25.0,0.01507,0.16,ci,ci38919871,2021-08-16T20:33:35.184Z,"17km ESE of Little Lake, CA",earthquake,0.13,0.33,0.16,25.0,reviewed,ci,ci
2019-10-29T01:50:07.090Z,35.6826667,-117.571,10.51,2.91,ml,56.0,38.0,0.03015,0.15,ci,ci38921343,2021-10-11T21:24:17.120Z,"12km NE of Ridgecrest, CA",earthquake,0.12,0.23,0.161,136.0,reviewed,ci,ci
2019-10-30T12:38:16.480Z,35.9566667,-117.3688333,2.49,2.82,ml,59.0,45.0,0.09549,0.18,ci,ci38923247,2021-10-11T21:32:22.330Z,"21km N of Searles Valley, CA",earthquake,0.15,0.41,0.155,51.0,reviewed,ci,ci
2019-10-30T22:57:26.650Z,35.5466667,-117.5303333,4.17,3.58,ml,81.0,26.0,0.06111,0.17,ci,ci38923807,2021-10-11T14:38:13.640Z,"16km ESE of Ridgecrest, CA",earthquake,0.11,0.28,0.191,163.0,reviewed,ci,ci
2019-10-31T08:46:13.490Z,35.6868333,-117.518,6.72,2.67,ml,63.0,55.0,0.05276,0.14,ci,ci38924439,2021-09-24T20:59:21.700Z,"14km SW of Searles Valley, CA",earthquake,0.11,0.25,0.166,27.0,reviewed,ci,ci
2019-10-31T08:49:14.020Z,35.6673333,-117.5076667,8.79,2.9,ml,44.0,53.0,0.06743,0.14,ci,ci38924447,2019-10-31T19:47:11.956Z,"14km SW of Searles Valley, CA",earthquake,0.14,0.38,0.128,140.0,reviewed,ci,ci
2019-11-03T13:07:36.000Z,35.8913333,-117.7338333,8.84,2.73,ml,57.0,33.0,0.02428,0.16,ci,ci38929959,2021-08-12T18:25:51.430Z,"16km ESE of Little Lake, CA",earthquake,0.13,0.29,0.221,22.0,reviewed,ci,ci
2019-11-03T15:18:33.070Z,35.6208333,-117.4361667,3.5,2.78,ml,63.0,31.0,0.0403,0.14,ci,ci38930111,2021-08-12T18:01:42.180Z,"17km S of Searles Valley, CA",earthquake,0.11,0.26,0.157,24.0,reviewed,ci,ci
2019-11-03T15:45:55.630Z,35.6326667,-117.4356667,5.33,3.53,ml,83.0,36.0,0.03648,0.16,ci,ci38930143,2021-10-11T21:50:30.590Z,"15km S of Searles Valley, CA",earthquake,0.11,0.18,0.183,133.0,reviewed,ci,ci
2019-11-05T02:13:21.760Z,35.9561667,-117.7163333,6.76,2.54,ml,56.0,35.0,0.05415,0.15,ci,ci38932711,2024-10-21T18:43:51.527Z,"17km E of Little Lake, CA",earthquake,0.13,0.24,0.227,22.0,reviewed,ci,ci
2019-11-05T08:26:31.460Z,35.615,-117.4453333,7.12,3.12,ml,86.0,28.0,0.03159,0.13,ci,ci38933079,2021-10-11T22:10:57.420Z,"17km SSW of Searles Valley, CA",earthquake,0.09,0.17,0.177,184.0,reviewed,ci,ci
2019-11-05T19:52:01.330Z,35.6083333,-117.5473333,9.36,2.92,ml,54.0,36.0,0.0224,0.14,ci,ci38934103,2021-10-11T22:15:02.340Z,"12km E of Ridgecrest, CA",earthquake,0.12,0.24,0.152,138.0,reviewed,ci,ci
2019-11-07T10:46:42.950Z,35.7043333,-117.5318333,10.0,2.89,ml,55.0,55.0,0.03726,0.15,ci,ci38228890,2021-08-12T20:24:42.100Z,"14km WSW of Searles Valley, CA",earthquake,0.14,0.22,0.117,24.0,reviewed,ci,ci
2019-11-07T12:38:59.630Z,35.7473333,-117.5918333,9.22,3.47,ml,61.0,40.0,0.02399,0.16,ci,ci38229138,2021-10-11T22:47:33.940Z,"16km NNE of Ridgecrest, CA",earthquake,0.13,0.25,0.139,146.0,reviewed,ci,ci
2019-11-07T19:54:14.850Z,35.709,-117.5575,7.41,2.59,ml,59.0,51.0,0.01778,0.15,ci,ci38230146,2021-08-12T20:04:35.830Z,"14km NE of Ridgecrest, CA",earthquake,0.12,0.28,0.134,25.0,reviewed,ci,ci
2019-11-07T20:24:36.270Z,35.8283333,-117.6613333,5.11,2.88,ml,67.0,22.0,0.05337,0.14,ci,ci38230242,2021-10-11T22:52:39.230Z,"23km N of Ridgecrest, CA",earthquake,0.09,0.27,0.175,43.0,reviewed,ci,ci
2019-11-08T08:55:39.670Z,35.9666667,-117.662,4.11,2.5,ml,50.0,45.0,0.02097,0.16,ci,ci38231322,2021-09-24T22:02:05.656Z,"22km E of Little Lake, CA",earthquake,0.15,0.26,0.156,21.0,reviewed,ci,ci
2019-11-08T20:08:36.770Z,35.9546667,-117.6923333,2.5,2.51,ml,50.0,30.0,0.0347,0.19,ci,ci38232690,2021-08-12T21:06:22.610Z,"19km E of Little Lake, CA",earthquake,0.14,0.2,0.186,23.0,reviewed,ci,ci
2019-11-09T02:02:19.280Z,35.7486667,-117.5935,9.7,2.73,ml,58.0,39.0,0.02236,0.16,ci,ci38233258,2024-10-21T18:41:06.010Z,"16km NNE of Ridgecrest, CA",earthquake,0.14,0.25,0.138,23.0,reviewed,ci,ci
2019-11-10T01:46:54.140Z,35.962,-117.3278333,3.59,2.82,ml,50.0,53.0,0.07957,0.16,ci,ci38235370,2024-10-14T22:39:03.070Z,"22km NNE of Trona, CA",earthquake,0.15,0.56,0.132,117.0,reviewed,ci,ci
2019-11-13T05:28:27.040Z,35.6803333,-117.5495,7.77,2.73,ml,53.0,50.0,0.04576,0.13,ci,ci38241730,2021-10-12T14:35:18.220Z,"13km ENE of Ridgecrest, CA",earthquake,0.13,0.29,0.183,180.0,reviewed,ci,ci
2019-11-13T19:26:53.250Z,35.6043333,-117.4065,8.77,3.92,mw,57.0,27.0,0.02093,0.16,ci,ci38242914,2022-06-16T17:41:51.250Z,"18km S of Trona, CA",earthquake,0.15,0.26,,4.0,reviewed,ci,ci
2019-11-13T19:28:18.210Z,35.6065,-117.4078333,8.87,2.56,ml,45.0,80.0,0.02242,0.16,ci,ci38242930,2021-10-12T14:34:03.451Z,"18km S of Trona, CA",earthquake,0.17,0.3,0.211,9.0,reviewed,ci,ci
2019-11-16T09:25:04.660Z,36.1865,-117.8646667,1.79,2.73,ml,49.0,54.0,0.06923,0.16,ci,ci38246946,2024-10-14T22:46:56.394Z,"16km SE of Olancha, CA",earthquake,0.14,0.41,0.211,23.0,reviewed,ci,ci
2019-11-16T22:11:17.100Z,36.186333333333,-117.86316666667,3.52,2.56,ml,26.0,61.0,0.06894,0.18,ci,ci38247698,2026-09-16T20:52:49.976Z,"17 km SE of Olancha, CA",earthquake,0.23,0.57,0.14911427586715,33.0,reviewed,ci,ci
2019-11-16T22:11:21.340Z,36.187,-117.8616667,2.48,3.53,ml,47.0,54.0,0.0695,0.16,ci,ci38247706,2024-10-21T18:46:26.541Z,"17km SE of Olancha, CA",earthquake,0.18,0.37,0.147,103.0,reviewed,ci,ci
2019-11-16T22:29:26.110Z,36.186,-117.8663333,2.11,3.41,ml,52.0,54.0,0.06891,0.16,ci,ci38247754,2024-10-14T20:28:39.940Z,"16km SE of Olancha, CA",earthquake,0.16,0.44,0.152,89.0,reviewed,ci,ci
2019-11-16T23:52:24.750Z,36.1911667,-117.8766667,2.64,2.63,ml,42.0,55.0,0.07553,0.24,ci,ci38247962,2024-10-15T18:31:37.500Z,"15km SE of Olancha, CA",earthquake,0.25,0.8,0.181,21.0,reviewed,ci,ci
2019-11-17T08:02:35.980Z,36.1835,-117.8668333,2.07,3.62,mw,49.0,55.0,0.06649,0.17,ci,ci38248602,2021-10-12T17:31:14.950Z,"16km SE of Olancha, CA",earthquake,0.17,0.46,,4.0,reviewed,ci,ci
2019-11-18T22:22:21.070Z,36.0713333,-117.8535,1.84,2.74,ml,49.0,53.0,0.04616,0.15,ci,ci38251610,2021-08-12T21:52:47.380Z,"9km ENE of Coso Junction, CA",earthquake,0.13,0.19,0.239,22.0,reviewed,ci,ci
2019-11-19T02:40:43.340Z,35.6445,-117.4763333,8.54,3.13,ml,59.0,53.0,0.001435,0.15,ci,ci38251970,2021-10-12T17:37:18.210Z,"15km SSW of Searles Valley, CA",earthquake,0.13,0.24,0.155,149.0,reviewed,ci,ci
2019-11-20T22:51:10.390Z,35.681,-117.5138333,8.9,3.34,ml,81.0,45.0,0.0461,0.16,ci,ci38254674,2021-10-12T17:40:20.870Z,"14km SW of Searles Valley, CA",earthquake,0.11,0.22,0.149,272.0,reviewed,ci,ci
2019-11-20T22:56:22.730Z,35.681,-117.5133333,9.14,2.69,ml,57.0,63.0,0.04584,0.15,ci,ci38254682,2021-08-12T22:12:03.179Z,"14km SW of Searles Valley, CA",earthquake,0.14,0.25,0.194,24.0,reviewed,ci,ci
2019-11-21T08:14:36.600Z,35.6806667,-117.5506667,7.28,2.71,ml,52.0,58.0,0.04509,0.15,ci,ci38255018,2021-08-12T23:01:41.220Z,"13km ENE of Ridgecrest, CA",earthquake,0.14,0.24,0.176,22.0,reviewed,ci,ci
2019-11-23T00:14:05.440Z,35.9131667,-117.715,7.45,2.59,ml,50.0,36.0,0.01525,0.16,ci,ci39202360,2021-08-13T19:10:13.940Z,"18km E of Little Lake, CA",earthquake,0.14,0.3,0.257,24.0,reviewed,ci,ci
2019-11-23T04:15:56.220Z,35.7163333,-117.5541667,8.85,2.66,ml,57.0,41.0,0.01565,0.14,ci,ci39202632,2021-08-13T18:27:50.200Z,"15km WSW of Searles Valley, CA",earthquake,0.13,0.25,0.152,24.0,reviewed,ci,ci
2019-11-23T16:28:19.670Z,35.8268333,-117.6421667,8.55,2.5,ml,55.0,27.0,0.03794,0.18,ci,ci39203464,2021-09-28T21:00:23.680Z,"22km WNW of Searles Valley, CA",earthquake,0.15,0.32,0.21,21.0,reviewed,ci,ci
2019-11-24T16:43:34.210Z,35.9481667,-117.4635,4.63,2.73,ml,51.0,42.0,0.1115,0.16,ci,ci39204784,2021-10-12T17:46:26.220Z,"21km NNW of Searles Valley, CA",earthquake,0.17,0.51,0.157,85.0,reviewed,ci,ci
2019-11-24T18:31:04.840Z,35.6941667,-117.6073333,8.04,2.62,ml,60.0,43.0,0.004802,0.16,ci,ci39204952,2024-10-21T18:15:06.350Z,"10km NE of Ridgecrest, CA",earthquake,0.13,0.29,0.171,25.0,reviewed,ci,ci
2019-11-24T19:31:54.880Z,35.652,-117.4506667,8.29,2.63,ml,51.0,82.0,0.02287,0.14,ci,ci39205016,2021-08-13T18:41:02.010Z,"14km SSW of Searles Valley, CA",earthquake,0.15,0.26,0.186,22.0,reviewed,ci,ci
2019-11-25T18:54:44.720Z,35.6106667,-117.5851667,6.25,3.06,ml,53.0,32.0,0.01732,0.14,ci,ci39206144,2021-10-12T17:50:34.862Z,"8km E of Ridgecrest, CA",earthquake,0.11,0.27,0.165,116.0,reviewed,ci,ci
2019-11-26T00:06:03.160Z,35.5665,-117.3531667,2.57,3.59,mw,79.0,27.0,0.04144,0.2,ci,ci39206448,2021-10-12T17:56:36.800Z,"22km S of Trona, CA",earthquake,0.15,0.2,,4.0,reviewed,ci,ci
2019-11-26T00:09:07.240Z,35.5695,-117.357,3.32,2.5,ml,43.0,60.0,0.03723,0.19,ci,ci39206464,2021-10-12T18:03:44.751Z,"22km S of Trona, CA",earthquake,0.21,0.24,0.148,94.0,reviewed,ci,ci
2019-11-28T05:21:48.630Z,35.8073333,-117.634,0.4,2.56,ml,50.0,51.0,0.03082,0.22,ci,ci39209328,2021-08-13T20:11:15.440Z,"21km N of Ridgecrest, CA",earthquake,0.16,31.61,0.139,17.0,reviewed,ci,ci
2019-11-28T06:00:17.330Z,36.0976667,-117.8606667,2.78,3.05,ml,48.0,54.0,0.02042,0.15,ci,ci39209360,2021-10-12T18:15:48.260Z,"10km NE of Coso Junction, CA",earthquake,0.14,0.38,0.142,115.0,reviewed,ci,ci
2019-11-28T22:30:03.700Z,35.5928333,-117.398,6.09,2.71,ml,55.0,28.0,0.01611,0.15,ci,ci39209992,2021-08-13T14:39:52.140Z,"19km S of Trona, CA",earthquake,0.13,0.25,0.129,26.0,reviewed,ci,ci
2019-11-29T00:49:42.870Z,35.7125,-117.5678333,8.62,3.72,mw,49.0,59.0,0.01042,0.15,ci,ci39210096,2021-10-12T18:21:54.790Z,"14km NE of Ridgecrest, CA",earthquake,0.13,0.28,,6.0,reviewed,ci,ci
2019-11-30T05:11:00.080Z,36.1061667,-117.8566667,2.9,2.71,ml,46.0,54.0,0.01148,0.16,ci,ci39211288,2021-08-12T23:21:02.280Z,"11km NE of Coso Junction, CA",earthquake,0.16,0.32,0.18,21.0,reviewed,ci,ci
2019-11-30T22:31:46.780Z,36.107333333333,-117.85383333333,3.66,2.79,ml,37.0,54.0,0.01026,0.15,ci,ci39212304,2026-08-19T01:29:04.400Z,"11 km NE of Coso Junction, CA",earthquake,0.17,0.33,0.18996691678937,48.0,reviewed,ci,ci
2019-12-01T09:53:43.420Z,35.6511667,-117.4393333,8.85,2.75,ml,60.0,42.0,0.03168,0.15,ci,ci39212864,2021-08-10T22:59:42.840Z,"13km SSW of Searles Valley, CA",earthquake,0.12,0.24,0.144,25.0,reviewed,ci,ci
2019-12-02T12:01:33.880Z,35.7956667,-117.6265,6.35,2.54,ml,52.0,29.0,0.03093,0.16,ci,ci39213960,2021-08-10T23:12:47.100Z,"20km NNE of Ridgecrest, CA",earthquake,0.13,0.32,0.141,22.0,reviewed,ci,ci
2019-12-02T16:29:37.910Z,35.7836667,-117.6028333,10.88,2.54,ml,49.0,34.0,0.01338,0.17,ci,ci39214096,2022-05-25T09:20:15.516Z,"18km W of Searles Valley, CA",earthquake,0.16,0.28,0.183,101.0,reviewed,ci,ci
2019-12-05T03:13:07.140Z,35.64,-117.4671667,4.27,2.52,ml,46.0,36.0,0.01012,0.15,ci,ci39217488,2021-08-11T14:40:28.170Z,"15km SSW of Searles Valley, CA",earthquake,0.15,0.26,0.198,23.0,reviewed,ci,ci
2019-12-05T08:55:31.650Z,35.6946667,-117.6098333,7.97,3.79,mw,63.0,43.0,0.006142,0.17,ci,ci39217768,2022-06-16T17:48:28.340Z,"10km NE of Ridgecrest, CA",earthquake,0.12,0.25,,6.0,reviewed,ci,ci
2019-12-05T10:49:02.020Z,35.5583333,-117.4343333,4.78,3.13,ml,39.0,55.0,0.06293,0.15,ci,ci39217824,2021-10-12T15:38:05.300Z,"23km ESE of Ridgecrest, CA",earthquake,0.15,0.35,0.165,124.0,reviewed,ci,ci
2019-12-05T11:57:41.760Z,35.6925,-117.6073333,7.51,2.71,ml,57.0,44.0,0.006101,0.17,ci,ci39217856,2021-08-10T23:26:23.548Z,"10km NE of Ridgecrest, CA",earthquake,0.13,0.32,0.141,28.0,reviewed,ci,ci
2019-12-06T05:33:20.720Z,36.1056667,-117.8556667,2.63,3.31,ml,50.0,54.0,0.01191,0.18,ci,ci39219160,2021-10-12T15:51:29.916Z,"11km NE of Coso Junction, CA",earthquake,0.16,0.28,0.151,91.0,reviewed,ci,ci
2019-12-08T00:19:08.440Z,35.786,-117.6081667,4.22,2.82,ml,58.0,32.0,0.01693,0.17,ci,ci39221464,2021-08-11T17:37:59.006Z,"18km W of Searles Valley, CA",earthquake,0.13,0.25,0.159,26.0,reviewed,ci,ci
2019-12-08T00:19:18.010Z,35.7871667,-117.6281667,5.03,2.63,ml,26.0,84.0,0.0285,0.21,ci,ci37344924,2021-08-11T17:54:10.194Z,"19km NNE of Ridgecrest, CA",earthquake,0.32,0.26,0.065,5.0,reviewed,ci,ci
2019-12-09T20:47:33.860Z,35.882,-117.6836667,6.39,2.92,ml,58.0,26.0,0.01751,0.16,ci,ci39223768,2021-08-11T17:13:35.500Z,"21km ESE of Little Lake, CA",earthquake,0.13,0.26,0.165,25.0,reviewed,ci,ci
2019-12-10T18:57:12.540Z,35.8265,-117.6673333,7.74,2.99,ml,45.0,23.0,0.05775,0.15,ci,ci39225152,2024-10-21T18:19:18.940Z,"23km N of Ridgecrest, CA",earthquake,0.13,0.43,0.163,89.0,reviewed,ci,ci
2019-12-11T23:28:09.010Z,35.6665,-117.48683333333,5.61,2.7,mh,12.0,140.0,0.02226,0.1,ci,ci39227264,2026-06-03T18:01:31.906Z,"13 km SSW of Searles Valley, CA",earthquake,0.33,0.65,,0.0,reviewed,ci,ci
2019-12-12T11:13:40.810Z,35.675,-117.5225,9.62,3.51,mw,58.0,52.0,0.04694,0.16,ci,ci39228040,2021-10-12T16:01:30.210Z,"15km SW of Searles Valley, CA",earthquake,0.14,0.23,,4.0,reviewed,ci,ci
2019-12-14T19:31:47.150Z,35.8038333,-117.6258333,4.62,2.87,ml,59.0,27.0,0.02591,0.17,ci,ci39230816,2021-08-11T18:25:49.300Z,"20km WNW of Searles Valley, CA",earthquake,0.13,0.28,0.095,23.0,reviewed,ci,ci
2019-12-16T07:16:43.490Z,36.1126667,-117.855,3.14,2.74,ml,51.0,53.0,0.004904,0.17,ci,ci39231920,2021-08-11T19:04:09.590Z,"11km NE of Coso Junction, CA",earthquake,0.15,0.28,0.243,23.0,reviewed,ci,ci
2019-12-16T08:13:14.420Z,36.111,-117.8561667,2.48,2.66,ml,45.0,54.0,0.006651,0.15,ci,ci39231968,2021-08-11T19:16:21.170Z,"11km NE of Coso Junction, CA",earthquake,0.15,0.26,0.266,22.0,reviewed,ci,ci
2019-12-16T14:06:50.110Z,35.6161667,-117.4713333,6.77,3.47,ml,69.0,28.0,0.02398,0.15,ci,ci39232240,2021-10-12T16:48:29.110Z,"18km SSW of Searles Valley, CA",earthquake,0.11,0.19,0.176,115.0,reviewed,ci,ci
2019-12-16T22:15:58.550Z,35.6705,-117.5271667,9.31,3.56,ml,90.0,23.0,0.04745,0.17,ci,ci39232664,2021-10-12T16:25:19.870Z,"14km ENE of Ridgecrest, CA",earthquake,0.1,0.21,0.149,302.0,reviewed,ci,ci
2019-12-17T06:57:45.220Z,35.7153333,-117.5718333,7.12,3.6,ml,60.0,47.0,0.007052,0.15,ci,ci39232936,2021-10-12T16:17:13.040Z,"14km NE of Ridgecrest, CA",earthquake,0.12,0.22,0.139,124.0,reviewed,ci,ci
2019-12-17T15:28:32.430Z,35.6713333,-117.5256667,10.05,2.65,ml,50.0,51.0,0.04687,0.14,ci,ci39233216,2021-08-11T18:48:00.170Z,"15km ENE of Ridgecrest, CA",earthquake,0.13,0.24,0.203,25.0,reviewed,ci,ci
2019-12-17T17:02:19.900Z,36.11,-117.8583333,2.65,2.61,ml,43.0,54.0,0.00807,0.15,ci,ci39233368,2021-08-11T20:58:09.330Z,"11km NE of Coso Junction, CA",earthquake,0.14,0.25,0.289,23.0,reviewed,ci,ci
2019-12-17T22:01:41.620Z,35.6186667,-117.4406667,6.62,2.61,ml,56.0,50.0,0.03658,0.13,ci,ci39233728,2021-08-11T19:35:31.200Z,"17km SSW of Searles Valley, CA",earthquake,0.12,0.23,0.14,25.0,reviewed,ci,ci
2019-12-18T11:48:45.770Z,35.6018333,-117.4815,7.81,2.57,ml,54.0,24.0,0.009375,0.14,ci,ci39234568,2021-08-11T21:35:47.110Z,"18km E of Ridgecrest, CA",earthquake,0.13,0.25,0.14,26.0,reviewed,ci,ci
2019-12-19T20:05:26.810Z,35.9133333,-117.709,4.4,3.05,ml,57.0,27.0,0.01247,0.17,ci,ci39005887,2021-10-12T17:06:41.610Z,"18km E of Little Lake, CA",earthquake,0.11,0.21,0.187,211.0,reviewed,ci,ci
2019-12-20T06:09:11.090Z,36.1316667,-117.8665,2.48,2.54,ml,51.0,55.0,0.01692,0.16,ci,ci39006567,2021-08-11T20:44:02.430Z,"12km NE of Coso Junction, CA",earthquake,0.13,0.23,0.2,20.0,reviewed,ci,ci
2019-12-20T08:00:34.430Z,35.909,-117.7051667,4.77,3.11,ml,52.0,34.0,0.007223,0.16,ci,ci39006607,2021-10-12T17:12:48.390Z,"18km E of Little Lake, CA",earthquake,0.13,0.22,0.148,97.0,reviewed,ci,ci
2019-12-20T08:05:50.150Z,35.9065,-117.7065,3.53,2.54,ml,52.0,26.0,0.005668,0.18,ci,ci39006639,2021-08-11T21:54:55.720Z,"18km E of Little Lake, CA",earthquake,0.14,0.28,0.194,23.0,reviewed,ci,ci
2019-12-20T08:28:57.240Z,35.717,-117.5293333,7.6,2.6,ml,48.0,55.0,0.1001,0.15,ci,ci39006711,2021-08-11T21:18:40.350Z,"13km WSW of Searles Valley, CA",earthquake,0.13,0.53,0.137,24.0,reviewed,ci,ci
2019-12-20T19:30:47.220Z,35.6635,-117.5653333,6.55,3.17,ml,68.0,43.0,0.04148,0.14,ci,ci39007423,2021-10-12T16:58:36.110Z,"11km ENE of Ridgecrest, CA",earthquake,0.1,0.23,0.128,41.0,reviewed,ci,ci
2019-12-21T00:22:47.790Z,35.6511667,-117.4491667,3.45,3.84,ml,73.0,39.0,0.02384,0.16,ci,ci39007775,2021-10-12T18:03:01.990Z,"14km SSW of Searles Valley, CA",earthquake,0.12,0.31,0.186,119.0,reviewed,ci,ci
2019-12-21T06:32:05.300Z,35.7068333,-117.5035,9.89,2.54,ml,52.0,60.0,0.05779,0.15,ci,ci39008175,2021-08-12T17:19:08.090Z,"11km SW of Searles Valley, CA",earthquake,0.13,0.25,0.154,25.0,reviewed,ci,ci
2019-12-21T08:05:55.360Z,35.8655,-117.6765,5.07,2.7,ml,56.0,22.0,0.03044,0.17,ci,ci39008279,2021-08-12T16:55:48.980Z,"22km ESE of Little Lake, CA",earthquake,0.13,0.26,0.154,20.0,reviewed,ci,ci
2019-12-21T08:24:32.620Z,35.6466667,-117.458,4.34,3.91,mw,64.0,38.0,0.01601,0.15,ci,ci39008311,2021-10-12T17:55:54.320Z,"14km SSW of Searles Valley, CA",earthquake,0.11,0.22,,4.0,reviewed,ci,ci
2019-12-21T22:39:45.020Z,35.867,-117.6781667,5.32,2.58,ml,55.0,23.0,0.02844,0.16,ci,ci39009119,2021-08-12T17:40:25.600Z,"22km ESE of Little Lake, CA",earthquake,0.13,0.36,0.194,19.0,reviewed,ci,ci
2019-12-24T09:10:02.770Z,35.8516667,-117.6868333,6.42,2.82,ml,51.0,32.0,0.03678,0.15,ci,ci39011687,2021-08-12T15:14:08.230Z,"22km ESE of Little Lake, CA",earthquake,0.11,0.3,0.15,23.0,reviewed,ci,ci
2019-12-25T05:54:54.570Z,35.9428333,-117.723,3.0,2.52,ml,50.0,42.0,0.04396,0.18,ci,ci39012767,2021-08-14T02:05:37.920Z,"17km E of Little Lake, CA",earthquake,0.16,0.28,0.126,112.0,reviewed,ci,ci
2019-12-25T09:32:45.930Z,35.9816667,-117.4078333,1.51,2.84,ml,47.0,45.0,0.1357,0.16,ci,ci39012911,2021-08-12T16:35:34.960Z,"24km N of Searles Valley, CA",earthquake,0.15,0.38,0.162,20.0,reviewed,ci,ci
2019-12-26T04:12:00.180Z,35.9498333,-117.368,2.48,3.32,ml,47.0,38.0,0.09043,0.15,ci,ci39013663,2021-10-12T17:33:15.860Z,"20km N of Searles Valley, CA",earthquake,0.15,0.36,0.127,268.0,reviewed,ci,ci
2019-12-27T02:21:47.900Z,35.7686667,-117.5935,7.97,3.95,ml,55.0,42.0,0.005364,0.17,ci,ci39014215,2021-10-12T17:49:48.620Z,"17km W of Searles Valley, CA",earthquake,0.15,0.28,0.157,134.0,reviewed,ci,ci
2019-12-28T07:35:17.660Z,35.8236667,-117.6456667,3.82,2.51,ml,39.0,35.0,0.03993,0.13,ci,ci39015311,2020-01-02T18:37:56.350Z,"23km WNW of Searles Valley, CA",earthquake,0.12,0.33,0.188,24.0,reviewed,ci,ci
2019-12-28T08:43:29.510Z,35.615,-117.4196667,9.24,3.15,ml,62.0,31.0,0.03431,0.15,ci,ci39015367,2022-06-16T17:47:34.871Z,"17km SSW of Trona, CA",earthquake,0.13,0.21,0.145,112.0,reviewed,ci,ci
2019-12-30T10:41:05.640Z,35.8666667,-117.7015,8.11,2.92,ml,52.0,22.0,0.01898,0.16,ci,ci39017359,2021-10-12T18:19:19.780Z,"20km ESE of Little Lake, CA",earthquake,0.13,0.3,0.193,76.0,reviewed,ci,ci
2019-12-30T22:01:13.940Z,35.7656667,-117.5735,6.24,2.54,ml,39.0,46.0,0.05364,0.13,ci,ci39017999,2020-01-02T22:54:10.440Z,"15km W of Searles Valley, CA",earthquake,0.12,0.46,0.148,21.0,reviewed,ci,ci
2020-01-01T13:57:05.760Z,35.9833333,-117.3155,2.67,2.71,ml,48.0,53.0,0.09582,0.18,ci,ci39019863,2024-10-14T22:53:28.180Z,"25km NNE of Trona, CA",earthquake,0.18,0.55,0.103,27.0,reviewed,ci,ci
2020-01-03T05:48:05.430Z,35.7928333,-117.6163333,5.37,3.14,ml,51.0,30.0,0.02607,0.16,ci,ci39021735,2021-10-12T20:47:25.180Z,"19km W of Searles Valley, CA",earthquake,0.15,0.38,0.12,89.0,reviewed,ci,ci
2020-01-04T04:48:51.240Z,35.6003333,-117.4063333,8.19,2.78,ml,67.0,21.0,0.02058,0.13,ci,ci39023047,2021-10-12T20:06:50.840Z,"18km S of Trona, CA",earthquake,0.11,0.19,0.12,25.0,reviewed,ci,ci
2020-01-05T00:55:52.090Z,35.9771667,-117.3975,2.77,2.63,ml,60.0,41.0,0.1264,0.14,ci,ci39023815,2021-10-12T19:33:35.150Z,"23km N of Searles Valley, CA",earthquake,0.11,0.53,0.142,25.0,reviewed,ci,ci
2020-01-05T22:34:51.030Z,35.6576667,-117.526,2.14,2.89,ml,63.0,48.0,0.04125,0.14,ci,ci39024647,2021-10-12T20:13:01.340Z,"14km ENE of Ridgecrest, CA",earthquake,0.1,0.16,0.134,27.0,reviewed,ci,ci
2020-01-06T07:03:13.590Z,35.7403333,-117.5663333,3.39,2.77,ml,61.0,44.0,0.01846,0.16,ci,ci39025199,2021-08-10T21:30:56.790Z,"15km WSW of Searles Valley, CA",earthquake,0.12,0.35,0.15,23.0,reviewed,ci,ci
2020-01-08T16:11:18.170Z,35.6765,-117.5478333,6.6,3.48,ml,59.0,50.0,0.04975,0.16,ci,ci39028647,2021-10-12T20:51:28.010Z,"13km ENE of Ridgecrest, CA",earthquake,0.14,0.28,0.167,141.0,reviewed,ci,ci
2020-01-11T05:45:28.260Z,35.9096667,-117.6935,3.39,2.8,ml,48.0,30.0,0.009972,0.19,ci,ci39032247,2021-08-10T21:51:09.032Z,"19km E of Little Lake, CA",earthquake,0.17,0.36,0.117,16.0,reviewed,ci,ci
2020-01-14T14:39:57.990Z,35.8626667,-117.6876667,4.25,2.59,ml,50.0,34.0,0.0267,0.19,ci,ci39035887,2021-10-12T19:30:32.510Z,"21km ESE of Little Lake, CA",earthquake,0.16,0.36,0.12,117.0,reviewed,ci,ci
2020-01-15T05:02:41.610Z,35.5801667,-117.4141667,5.95,2.5,ml,51.0,35.0,0.005488,0.16,ci,ci39036639,2021-10-12T19:13:18.840Z,"21km S of Trona, CA",earthquake,0.14,0.24,0.144,78.0,reviewed,ci,ci
2020-01-17T11:50:13.030Z,35.5978333,-117.5983333,4.38,2.52,ml,58.0,32.0,0.03392,0.14,ci,ci39273664,2024-10-21T18:22:28.100Z,"8km ESE of Ridgecrest, CA",earthquake,0.11,0.26,0.135,133.0,reviewed,ci,ci
2020-01-17T13:06:21.470Z,35.6453333,-117.4826667,9.12,3.01,ml,51.0,41.0,0.00413,0.13,ci,ci39273704,2021-10-12T20:39:15.440Z,"15km SSW of Searles Valley, CA",earthquake,0.12,0.22,0.129,89.0,reviewed,ci,ci
2020-01-20T09:27:14.770Z,35.5893333,-117.3973333,8.28,2.53,ml,56.0,23.0,0.01775,0.15,ci,ci39276056,2021-08-10T22:15:15.880Z,"20km S of Trona, CA",earthquake,0.13,0.25,0.12,24.0,reviewed,ci,ci
2020-01-21T02:08:19.120Z,35.6173333,-117.432,10.17,3.07,ml,75.0,27.0,0.04255,0.16,ci,ci39276560,2021-10-12T20:42:19.050Z,"17km S of Searles Valley, CA",earthquake,0.12,0.19,0.156,246.0,reviewed,ci,ci
2020-01-21T03:00:10.650Z,35.6166667,-117.4305,10.3,2.79,ml,46.0,51.0,0.0416,0.12,ci,ci39276616,2021-10-12T20:09:57.050Z,"17km S of Searles Valley, CA",earthquake,0.13,0.2,0.15,111.0,reviewed,ci,ci
2020-01-21T20:08:03.280Z,35.8001667,-117.6061667,11.0,2.68,ml,50.0,31.0,0.01706,0.14,ci,ci39277104,2021-10-12T19:39:38.830Z,"19km WNW of Searles Valley, CA",earthquake,0.14,0.22,0.143,104.0,reviewed,ci,ci
2020-01-28T14:22:51.120Z,35.9066667,-117.7321667,7.65,2.57,ml,50.0,26.0,0.02504,0.18,ci,ci39284936,2021-08-10T22:41:27.720Z,"16km ESE of Little Lake, CA",earthquake,0.14,0.34,0.243,22.0,reviewed,ci,ci
2020-01-31T10:29:12.390Z,35.5196667,-117.4046667,7.43,2.75,ml,52.0,36.0,0.03316,0.14,ci,ci39287752,2021-10-12T20:01:47.810Z,"26km NE of Johannesburg, CA",earthquake,0.14,0.37,0.146,126.0,reviewed,ci,ci
2020-02-02T10:09:33.690Z,35.758,-117.5701667,6.2,2.7,ml,52.0,40.0,0.02706,0.17,ci,ci39290016,2021-10-12T19:02:25.810Z,"15km W of Searles Valley, CA",earthquake,0.15,0.38,0.146,175.0,reviewed,ci,ci
2020-02-03T21:41:21.670Z,35.5466667,-117.5241667,4.26,2.84,ml,54.0,38.0,0.06428,0.14,ci,ci39291168,2021-10-12T18:59:20.450Z,"16km ESE of Ridgecrest, CA",earthquake,0.11,0.32,0.174,121.0,reviewed,ci,ci
2020-02-04T23:21:21.120Z,35.801,-117.6231667,6.65,2.67,ml,53.0,32.0,0.02552,0.17,ci,ci39292256,2021-10-12T19:06:31.270Z,"20km W of Searles Valley, CA",earthquake,0.14,0.35,0.138,129.0,reviewed,ci,ci
2020-02-06T13:20:43.710Z,35.6811667,-117.4046667,7.09,2.95,ml,55.0,60.0,0.06924,0.12,ci,ci39293816,2021-10-12T18:52:13.710Z,"10km SSW of Trona, CA",earthquake,0.11,0.25,0.158,88.0,reviewed,ci,ci
2020-02-08T10:11:26.890Z,35.9555,-117.3665,1.04,2.91,ml,45.0,52.0,0.09331,0.18,ci,ci39296232,2021-10-12T20:27:25.780Z,"21km N of Searles Valley, CA",earthquake,0.16,0.38,0.124,199.0,reviewed,ci,ci
2020-02-08T18:57:27.280Z,35.5285,-117.3796667,7.97,2.94,ml,55.0,38.0,0.01284,0.15,ci,ci39296600,2021-10-12T20:22:19.120Z,"26km S of Trona, CA",earthquake,0.14,0.28,0.142,98.0,reviewed,ci,ci
2020-02-09T05:08:13.690Z,35.7165,-117.5515,5.58,2.81,ml,55.0,44.0,0.01761,0.16,ci,ci39296968,2021-10-12T20:33:31.860Z,"14km WSW of Searles Valley, CA",earthquake,0.13,0.31,0.142,96.0,reviewed,ci,ci
2020-02-09T11:56:00.660Z,35.7135,-117.5655,4.36,2.78,ml,56.0,53.0,0.0103,0.16,ci,ci39297136,2021-10-12T20:39:39.410Z,"14km NE of Ridgecrest, CA",earthquake,0.13,0.27,0.183,171.0,reviewed,ci,ci
2020-02-09T13:12:43.020Z,35.7348333,-117.5373333,6.69,2.71,ml,56.0,50.0,0.03074,0.16,ci,ci39297176,2021-10-12T20:56:48.150Z,"13km WSW of Searles Valley, CA",earthquake,0.14,0.32,0.143,163.0,reviewed,ci,ci
2020-02-09T18:19:27.000Z,35.53,-117.3775,7.99,2.53,ml,53.0,73.0,0.01172,0.15,ci,ci39297288,2021-10-12T21:03:53.810Z,"26km S of Trona, CA",earthquake,0.16,0.31,0.15,83.0,reviewed,ci,ci
2020-02-18T19:04:19.780Z,36.2083333,-118.1278333,1.98,3.15,ml,61.0,67.0,0.2343,0.17,ci,ci39075799,2024-10-14T20:24:28.880Z,"14km SW of Olancha, CA",earthquake,0.16,0.56,0.151,213.0,reviewed,ci,ci
2020-02-19T01:41:50.090Z,36.2111667,-118.1295,2.25,2.53,ml,43.0,86.0,0.2317,0.14,ci,ci39076271,2021-10-12T21:39:56.980Z,"14km SW of Olancha, CA",earthquake,0.15,0.68,0.117,52.0,reviewed,ci,ci
2020-02-20T07:12:30.960Z,35.9293333,-117.7048333,4.22,2.78,ml,52.0,25.0,0.02709,0.16,ci,ci39077847,2021-08-10T21:05:41.000Z,"18km E of Little Lake, CA",earthquake,0.13,0.26,0.121,23.0,reviewed,ci,ci
2020-02-20T08:53:20.270Z,35.6265,-117.4731667,8.79,3.18,ml,57.0,53.0,0.0193,0.14,ci,ci39077911,2021-10-12T21:34:51.140Z,"17km SSW of Searles Valley, CA",earthquake,0.12,0.26,0.159,281.0,reviewed,ci,ci
2020-02-21T18:39:39.620Z,35.6703333,-117.53,8.85,3.11,ml,72.0,37.0,0.04935,0.15,ci,ci39079791,2021-10-12T22:28:29.061Z,"14km ENE of Ridgecrest, CA",earthquake,0.1,0.24,0.078,21.0,reviewed,ci,ci
2020-02-22T07:22:49.670Z,35.776,-117.6183333,9.82,2.61,ml,54.0,33.0,0.01612,0.15,ci,ci39080439,2021-10-12T22:33:51.580Z,"18km NNE of Ridgecrest, CA",earthquake,0.13,0.25,0.157,74.0,reviewed,ci,ci
2020-02-24T18:50:25.670Z,35.9136667,-117.6751667,3.31,2.53,ml,43.0,34.0,0.02442,0.15,ci,ci39082327,2021-10-12T22:40:57.240Z,"21km E of Little Lake, CA",earthquake,0.12,0.29,0.162,52.0,reviewed,ci,ci
2020-02-25T17:16:03.900Z,35.6788333,-117.4625,5.24,3.24,ml,63.0,39.0,0.03546,0.15,ci,ci39083119,2021-10-12T22:23:43.070Z,"11km SSW of Searles Valley, CA",earthquake,0.12,0.27,0.157,94.0,reviewed,ci,ci
2020-02-25T22:35:19.320Z,35.3546667,-117.8158333,4.29,3.32,ml,64.0,32.0,0.09044,0.2,ci,ci39083439,2021-10-12T22:16:34.323Z,"16km W of Johannesburg, CA",earthquake,0.15,0.54,0.193,144.0,reviewed,ci,ci
2020-02-29T12:35:37.930Z,35.8473333,-117.677,4.59,3.1,ml,63.0,20.0,0.07188,0.16,ci,ci39087367,2021-03-10T00:20:50.214Z,"23km ESE of Little Lake, CA",earthquake,0.11,0.28,0.122,258.0,reviewed,ci,ci
2020-03-01T12:21:47.450Z,35.655,-117.4661667,8.44,2.63,ml,40.0,65.0,0.06843,0.13,ci,ci39088143,2020-05-19T22:14:15.040Z,"14km SSW of Searles Valley, CA",earthquake,0.15,0.45,0.144,156.0,reviewed,ci,ci
2020-03-03T00:32:50.880Z,35.8963333,-117.6998333,4.49,3.25,ml,38.0,32.0,0.06526,0.14,ci,ci39089007,2020-05-19T22:14:21.040Z,"19km ESE of Little Lake, CA",earthquake,0.12,0.31,0.104,69.0,reviewed,ci,ci
2020-03-03T14:46:04.800Z,35.8095,-117.6405,8.19,2.61,ml,39.0,38.0,0.03549,0.14,ci,ci39089391,2020-05-19T22:14:23.040Z,"21km N of Ridgecrest, CA",earthquake,0.14,0.41,0.168,123.0,reviewed,ci,ci
2020-03-04T07:49:56.700Z,35.703,-117.4836667,7.08,2.59,ml,42.0,63.0,0.11,0.15,ci,ci39090015,2020-05-23T22:03:07.040Z,"10km SW of Searles Valley, CA",earthquake,0.15,0.46,0.176,150.0,reviewed,ci,ci
2020-03-04T10:01:31.660Z,35.794,-117.6226667,3.1,2.97,ml,41.0,36.0,0.02981,0.15,ci,ci39090087,2020-05-23T22:03:07.040Z,"20km NNE of Ridgecrest, CA",earthquake,0.12,0.27,0.149,84.0,reviewed,ci,ci
2020-03-07T01:40:51.630Z,35.8065,-117.6481667,9.3,2.52,ml,47.0,26.0,0.04219,0.15,ci,ci38385850,2021-08-10T18:23:09.860Z,"21km N of Ridgecrest, CA",earthquake,0.13,0.32,0.221,26.0,reviewed,ci,ci
2020-03-07T08:49:13.250Z,36.1115,-117.8641667,2.65,3.44,ml,38.0,55.0,0.009675,0.15,ci,ci38386162,2020-05-23T22:03:07.040Z,"11km NE of Coso Junction, CA",earthquake,0.14,0.24,0.141,301.0,reviewed,ci,ci
2020-03-07T12:51:16.870Z,36.1145,-117.8621667,2.14,3.66,mw,38.0,55.0,0.006667,0.15,ci,ci38386410,2020-05-23T22:03:07.040Z,"11km NE of Coso Junction, CA",earthquake,0.17,0.24,,4.0,reviewed,ci,ci
2020-03-08T00:33:32.000Z,36.1108333,-117.8623333,2.25,3.81,mw,43.0,54.0,0.009053,0.15,ci,ci38387018,2020-05-23T22:03:07.040Z,"11km NE of Coso Junction, CA",earthquake,0.14,0.2,,4.0,reviewed,ci,ci
2020-03-11T04:55:52.990Z,35.6013333,-117.398,7.77,2.76,ml,39.0,76.0,0.08095,0.14,ci,ci38390530,2021-08-10T18:12:03.720Z,"18km S of Trona, CA",earthquake,0.15,0.55,0.176,24.0,reviewed,ci,ci
2020-03-11T21:02:17.960Z,36.2495,-117.2528333,2.95,2.72,ml,33.0,68.0,0.2703,0.15,ci,ci38391418,2020-05-30T22:17:02.040Z,"40km SSW of Stovepipe Wells, CA",earthquake,0.21,0.78,0.132,134.0,reviewed,ci,ci
2020-03-16T15:28:13.590Z,35.874,-117.6856667,4.89,2.55,ml,47.0,21.0,0.07911,0.16,ci,ci38395578,2021-08-10T18:44:28.390Z,"21km ESE of Little Lake, CA",earthquake,0.12,0.32,0.122,22.0,reviewed,ci,ci
2020-03-17T01:57:03.720Z,35.9553333,-117.3643333,2.26,3.45,ml,38.0,67.0,0.09193,0.15,ci,ci38395986,2020-05-30T22:17:16.040Z,"21km N of Searles Valley, CA",earthquake,0.16,0.39,0.168,111.0,reviewed,ci,ci
2020-03-18T12:49:36.910Z,35.7141667,-117.5678333,5.47,2.75,ml,41.0,58.0,0.1004,0.16,ci,ci39106375,2021-08-10T18:34:18.990Z,"14km NE of Ridgecrest, CA",earthquake,0.14,0.79,0.157,25.0,reviewed,ci,ci
2020-03-20T11:52:54.030Z,35.6631667,-117.523,9.85,3.59,ml,41.0,61.0,0.114,0.13,ci,ci39108583,2020-06-06T20:53:57.040Z,"15km ENE of Ridgecrest, CA",earthquake,0.13,0.34,0.168,153.0,reviewed,ci,ci
2020-03-20T12:17:28.330Z,35.664,-117.521,10.18,2.53,ml,44.0,61.0,0.09097,0.13,ci,ci39108623,2021-08-10T19:00:38.120Z,"15km ENE of Ridgecrest, CA",earthquake,0.12,0.29,0.178,26.0,reviewed,ci,ci
2020-03-22T21:08:21.400Z,35.5965,-117.4308333,7.34,2.51,ml,46.0,48.0,0.08955,0.14,ci,ci39111743,2021-08-10T19:18:49.650Z,"19km S of Searles Valley, CA",earthquake,0.13,0.62,0.168,24.0,reviewed,ci,ci
2020-03-23T05:53:57.260Z,35.9555,-117.363,0.94,4.32,mw,40.0,52.0,0.09128,0.18,ci,ci39111991,2020-06-06T20:54:09.040Z,"21km N of Searles Valley, CA",earthquake,0.16,0.37,,6.0,reviewed,ci,ci
2020-03-24T17:01:09.660Z,36.102,-117.8656667,2.49,2.98,ml,34.0,55.0,0.01784,0.15,ci,ci39114071,2020-06-06T20:54:15.040Z,"10km NE of Coso Junction, CA",earthquake,0.15,0.21,0.118,95.0,reviewed,ci,ci
2020-03-25T04:29:51.750Z,36.0991667,-117.8661667,2.25,2.89,ml,33.0,55.0,0.02053,0.15,ci,ci39114751,2020-06-13T18:44:54.040Z,"10km NE of Coso Junction, CA",earthquake,0.17,0.2,0.126,84.0,reviewed,ci,ci
2020-03-26T08:13:42.550Z,35.5955,-117.3935,6.66,3.04,ml,42.0,71.0,0.07425,0.12,ci,ci39116263,2020-06-13T18:44:54.040Z,"19km S of Trona, CA",earthquake,0.13,0.46,0.177,86.0,reviewed,ci,ci
2020-03-26T13:22:26.540Z,35.8568333,-117.6913333,4.94,2.62,ml,38.0,32.0,0.07676,0.14,ci,ci39116415,2020-06-13T18:44:54.040Z,"21km ESE of Little Lake, CA",earthquake,0.12,0.31,0.18,66.0,reviewed,ci,ci
2020-03-26T16:30:27.020Z,35.9146667,-117.7368333,4.05,2.64,ml,38.0,36.0,0.07421,0.13,ci,ci39116647,2020-06-13T18:44:54.040Z,"16km E of Little Lake, CA",earthquake,0.11,0.29,0.167,68.0,reviewed,ci,ci
2020-04-02T04:01:53.140Z,35.807,-117.6243333,6.7,2.59,ml,36.0,60.0,0.02348,0.15,ci,ci39124391,2022-08-08T21:38:35.138Z,"20km WNW of Searles Valley, CA",earthquake,0.16,0.37,0.152,65.0,reviewed,ci,ci
2020-04-03T12:44:59.290Z,36.1473333,-117.9226667,3.26,2.72,ml,31.0,62.0,0.06241,0.17,ci,ci39125343,2020-06-21T00:54:50.040Z,"12km NNE of Coso Junction, CA",earthquake,0.23,0.53,0.146,81.0,reviewed,ci,ci
2020-04-05T10:23:43.830Z,35.3696667,-118.0905,1.45,2.73,ml,57.0,30.0,0.1715,0.14,ci,ci39133167,2020-06-21T00:55:04.040Z,"29km NNW of California City, CA",earthquake,0.13,0.42,0.17,115.0,reviewed,ci,ci
2020-04-06T18:10:02.970Z,35.6768333,-117.5188333,9.07,3.03,ml,41.0,61.0,0.1197,0.15,ci,ci39138391,2020-06-21T00:55:12.040Z,"14km SW of Searles Valley, CA",earthquake,0.14,0.42,0.126,80.0,reviewed,ci,ci
2020-04-07T08:27:20.170Z,35.673,-117.5238333,9.43,2.68,ml,38.0,61.0,0.1149,0.14,ci,ci39139775,2020-06-21T00:55:15.040Z,"15km ENE of Ridgecrest, CA",earthquake,0.15,0.43,0.124,85.0,reviewed,ci,ci
2020-04-07T20:16:46.750Z,35.9585,-117.3671667,2.26,2.96,ml,36.0,52.0,0.09579,0.13,ci,ci39141103,2022-08-08T21:47:12.918Z,"22km N of Searles Valley, CA",earthquake,0.14,0.36,0.131,105.0,reviewed,ci,ci
2020-04-13T11:58:54.530Z,35.9061667,-117.7421667,7.76,2.63,ml,36.0,33.0,0.07495,0.13,ci,ci39385752,2020-06-30T14:03:04.040Z,"15km ESE of Little Lake, CA",earthquake,0.13,0.37,0.212,69.0,reviewed,ci,ci
2020-04-13T23:36:22.930Z,35.6741667,-117.4265,5.97,3.19,ml,39.0,69.0,0.1035,0.14,ci,ci39386896,2020-06-30T14:03:07.040Z,"11km S of Searles Valley, CA",earthquake,0.14,0.61,0.14,121.0,reviewed,ci,ci
2020-04-14T06:14:28.420Z,36.1106667,-117.847,3.84,3.26,ml,38.0,40.0,0.009386,0.15,ci,ci39387336,2020-06-30T14:03:08.040Z,"12km NE of Coso Junction, CA",earthquake,0.16,0.29,0.141,96.0,reviewed,ci,ci
2020-04-15T07:14:46.610Z,35.7818333,-117.5943333,7.08,2.55,ml,39.0,40.0,0.03393,0.14,ci,ci39389104,2020-07-09T14:31:06.040Z,"17km W of Searles Valley, CA",earthquake,0.14,0.32,0.17,93.0,reviewed,ci,ci
2020-04-18T12:50:14.780Z,36.0,-117.3606667,2.19,3.44,mw,40.0,55.0,0.1256,0.16,ci,ci39395080,2020-07-09T14:31:25.040Z,"26km N of Searles Valley, CA",earthquake,0.16,0.45,,4.0,reviewed,ci,ci
2020-04-18T13:03:01.490Z,35.9998333,-117.3618333,2.36,3.39,ml,38.0,52.0,0.126,0.15,ci,ci39395096,2020-07-09T14:31:25.040Z,"26km N of Searles Valley, CA",earthquake,0.16,0.42,0.143,96.0,reviewed,ci,ci
2020-04-20T23:27:58.260Z,35.6176667,-117.4225,10.12,2.74,ml,42.0,75.0,0.04488,0.15,ci,ci39398768,2020-07-09T14:31:37.040Z,"17km S of Searles Valley, CA",earthquake,0.16,0.31,0.166,117.0,reviewed,ci,ci
2020-04-27T03:46:00.410Z,35.6738333,-117.4963333,8.76,4.0,mw,81.0,40.0,0.1368,0.18,ci,ci39406880,2020-07-11T22:19:10.040Z,"13km SW of Searles Valley, CA",earthquake,0.11,0.36,,6.0,reviewed,ci,ci
2020-04-28T18:40:21.240Z,35.8658333,-117.6668333,7.22,2.54,ml,48.0,31.0,0.07531,0.13,ci,ci39408848,2020-07-11T22:19:17.040Z,"23km ESE of Little Lake, CA",earthquake,0.11,0.37,0.185,27.0,reviewed,ci,ci
2020-04-28T21:15:12.580Z,35.8161667,-117.6485,1.97,2.57,ml,29.0,47.0,0.04144,0.17,ci,ci39409056,2024-01-29T21:46:18.120Z,"22 km N of Ridgecrest, CA",earthquake,0.2,0.29,0.134,26.0,reviewed,ci,ci
2020-04-29T13:11:02.400Z,35.7915,-117.6158333,6.53,2.77,ml,51.0,30.0,0.02841,0.15,ci,ci39409760,2022-08-08T22:06:51.492Z,"19km W of Searles Valley, CA",earthquake,0.12,0.32,0.155,23.0,reviewed,ci,ci
2020-05-04T13:35:36.370Z,36.0875,-117.8921667,5.09,2.56,ml,34.0,57.0,0.04259,0.16,ci,ci38478986,2020-07-18T21:57:34.040Z,"7km NE of Coso Junction, CA",earthquake,0.19,0.5,0.161,57.0,reviewed,ci,ci
2020-05-04T14:43:16.430Z,36.087,-117.8935,5.15,2.62,ml,38.0,56.0,0.04371,0.16,ci,ci38479090,2020-07-18T21:57:34.040Z,"7km NE of Coso Junction, CA",earthquake,0.18,0.44,0.19,71.0,reviewed,ci,ci
2020-05-07T05:03:08.320Z,36.1041667,-117.5881667,1.34,2.77,ml,46.0,34.0,0.1095,0.14,ci,ci38483562,2020-07-29T22:14:13.040Z,"33km ENE of Coso Junction, CA",earthquake,0.12,0.23,0.2,25.0,reviewed,ci,ci
2020-05-08T20:35:33.270Z,35.5598333,-117.4305,4.1,2.62,ml,47.0,68.0,0.03709,0.14,ci,ci38485930,2020-07-29T22:14:21.040Z,"23km SSW of Trona, CA",earthquake,0.14,0.29,0.138,25.0,reviewed,ci,ci
2020-05-09T09:59:14.440Z,35.9566667,-117.3358333,3.19,2.93,ml,47.0,58.0,0.07821,0.14,ci,ci38486594,2020-07-29T22:14:23.040Z,"22km N of Trona, CA",earthquake,0.13,0.59,0.149,26.0,reviewed,ci,ci
2020-05-11T22:59:16.700Z,35.7136667,-117.5521667,4.63,2.58,ml,39.0,55.0,0.1083,0.14,ci,ci38490210,2020-07-29T22:14:34.040Z,"15km WSW of Searles Valley, CA",earthquake,0.13,0.42,0.145,96.0,reviewed,ci,ci
2020-05-13T05:29:42.500Z,35.6608333,-117.506,2.83,2.52,ml,39.0,83.0,0.08231,0.14,ci,ci38491842,2020-08-02T00:32:28.040Z,"15km SW of Searles Valley, CA",earthquake,0.15,0.31,0.126,24.0,reviewed,ci,ci
2020-05-14T23:37:40.040Z,35.596,-117.4188333,6.08,3.26,ml,56.0,77.0,0.03659,0.15,ci,ci39200671,2020-08-02T00:31:54.040Z,"19km S of Trona, CA",earthquake,0.14,0.39,0.149,213.0,reviewed,ci,ci
2020-05-16T01:46:57.030Z,36.1515,-117.9233333,2.16,3.4,ml,57.0,58.0,0.06495,0.18,ci,ci39202447,2020-08-02T00:30:42.040Z,"12km N of Coso Junction, CA",earthquake,0.14,0.33,0.145,259.0,reviewed,ci,ci
2020-05-16T03:31:06.580Z,35.9555,-117.3355,3.3,3.06,ml,35.0,110.0,0.07709,0.13,ci,ci39202567,2020-08-02T00:30:36.040Z,"22km N of Trona, CA",earthquake,0.23,0.57,0.171,198.0,reviewed,ci,ci
2020-05-17T13:49:30.610Z,35.8783333,-117.6825,3.94,3.11,ml,57.0,22.0,0.07415,0.17,ci,ci39204695,2021-03-12T17:45:53.390Z,"21km ESE of Little Lake, CA",earthquake,0.13,0.36,0.131,220.0,reviewed,ci,ci
2020-05-20T16:40:56.400Z,35.7031667,-117.497,8.96,3.58,mw,62.0,63.0,0.1187,0.16,ci,ci39208391,2020-08-24T09:26:34.370Z,"11km SW of Searles Valley, CA",earthquake,0.12,0.36,,4.0,reviewed,ci,ci
2020-05-24T11:30:37.120Z,35.871,-117.7166667,7.02,3.53,ml,65.0,22.0,0.0736,0.2,ci,ci39214127,2020-08-08T18:17:55.040Z,"19km ESE of Little Lake, CA",earthquake,0.13,0.35,0.126,297.0,reviewed,ci,ci
2020-05-24T12:55:09.240Z,35.8708333,-117.7163333,7.11,3.78,mw,67.0,22.0,0.0736,0.19,ci,ci39214247,2020-08-08T18:17:55.040Z,"19km ESE of Little Lake, CA",earthquake,0.13,0.43,,6.0,reviewed,ci,ci
2020-06-02T15:14:47.760Z,35.8948333,-117.7258333,7.08,2.64,ml,40.0,37.0,0.08096,0.11,ci,ci39227191,2020-08-15T20:20:05.040Z,"17km ESE of Little Lake, CA",earthquake,0.11,0.34,0.195,24.0,reviewed,ci,ci
2020-06-03T04:36:23.390Z,35.2301667,-117.1843333,1.47,3.9,mw,113.0,43.0,0.185,0.16,ci,ci39227895,2021-04-22T16:26:28.113Z,"40km NNW of Barstow, CA",earthquake,0.1,0.36,,6.0,reviewed,ci,ci
2020-06-03T15:33:36.840Z,36.1446667,-117.9841667,2.03,3.11,ml,59.0,64.0,0.1081,0.18,ci,ci39228631,2020-08-18T17:58:45.040Z,"12km NNW of Coso Junction, CA",earthquake,0.14,0.37,0.16,213.0,reviewed,ci,ci
2020-06-03T15:34:37.640Z,36.1456667,-117.9841667,2.7,2.54,ml,41.0,70.0,0.1084,0.15,ci,ci39228639,2020-08-18T17:58:45.040Z,"12km NNW of Coso Junction, CA",earthquake,0.14,0.54,0.207,24.0,reviewed,ci,ci
2020-06-03T23:13:45.070Z,36.1468333,-117.9826667,1.81,3.44,ml,61.0,64.0,0.1075,0.18,ci,ci39462368,2020-08-18T17:58:47.040Z,"12km NNW of Coso Junction, CA",earthquake,0.14,0.37,0.15,274.0,reviewed,ci,ci
2020-06-04T01:32:11.140Z,35.6148333,-117.4281667,8.44,5.51,mw,85.0,45.0,0.0396,0.21,ci,ci39462536,2025-12-22T18:35:26.599Z,"17km S of Searles Valley, CA",earthquake,0.15,0.45,,6.0,reviewed,ci,ci
2020-06-04T01:35:57.640Z,35.5998333,-117.4005,10.18,2.67,ml,21.0,143.0,0.08027,0.12,ci,ci39462552,2023-03-02T10:39:43.829Z,"18km S of Trona, CA",earthquake,0.21,0.49,0.234,3.0,reviewed,ci,ci
2020-06-04T01:42:17.350Z,35.6121667,-117.415,9.01,2.71,ml,45.0,46.0,0.04621,0.12,ci,ci39462592,2020-08-18T17:58:47.040Z,"17km S of Trona, CA",earthquake,0.12,0.3,0.186,27.0,reviewed,ci,ci
2020-06-04T01:42:35.760Z,35.6396667,-117.4123333,9.26,2.56,ml,36.0,71.0,0.06682,0.17,ci,ci39462600,2020-08-18T17:58:48.040Z,"14km SSW of Trona, CA",earthquake,0.2,0.56,0.128,17.0,reviewed,ci,ci
2020-06-04T01:52:45.900Z,35.6245,-117.4243333,10.06,3.28,ml,43.0,70.0,0.04889,0.14,ci,ci39462672,2020-08-18T17:58:48.040Z,"16km S of Searles Valley, CA",earthquake,0.14,0.31,0.154,127.0,reviewed,ci,ci
2020-06-04T02:04:00.090Z,35.625,-117.4205,9.61,3.01,ml,44.0,70.0,0.1098,0.16,ci,ci39462744,2020-08-18T17:58:48.040Z,"16km S of Searles Valley, CA",earthquake,0.16,0.43,0.155,122.0,reviewed,ci,ci
2020-06-04T02:07:26.600Z,35.6068333,-117.4098333,8.21,3.22,ml,47.0,71.0,0.04725,0.14,ci,ci39462768,2020-08-18T17:58:48.040Z,"18km S of Trona, CA",earthquake,0.14,0.44,0.143,129.0,reviewed,ci,ci
2020-06-04T02:15:27.910Z,35.6108333,-117.4093333,9.11,2.57,ml,40.0,70.0,0.09316,0.16,ci,ci39462832,2020-08-18T17:58:48.040Z,"17km S of Trona, CA",earthquake,0.16,0.57,0.164,111.0,reviewed,ci,ci
2020-06-04T02:27:54.610Z,36.1498333,-117.9796667,2.01,4.16,mw,40.0,70.0,0.106,0.17,ci,ci39462920,2020-08-18T17:58:48.040Z,"12km NNW of Coso Junction, CA",earthquake,0.17,0.5,,6.0,reviewed,ci,ci
2020-06-04T02:43:57.790Z,35.6216667,-117.4118333,9.29,3.26,ml,45.0,70.0,0.054,0.14,ci,ci39463040,2020-08-18T17:58:48.040Z,"16km S of Trona, CA",earthquake,0.13,0.34,0.15,122.0,reviewed,ci,ci
2020-06-04T03:32:45.750Z,35.6506667,-117.4501667,2.81,2.53,ml,37.0,67.0,0.1329,0.18,ci,ci39463272,2020-08-18T17:58:48.040Z,"14km SSW of Searles Valley, CA",earthquake,0.17,0.73,0.126,125.0,reviewed,ci,ci
2020-06-04T03:39:11.440Z,35.5966667,-117.4016667,8.84,2.95,ml,43.0,71.0,0.05037,0.14,ci,ci39463304,2020-08-18T17:58:48.040Z,"19km S of Trona, CA",earthquake,0.14,0.35,0.151,103.0,reviewed,ci,ci
2020-06-04T03:47:35.700Z,35.6313333,-117.421,8.75,3.1,ml,56.0,45.0,0.1157,0.18,ci,ci39463336,2020-08-18T17:58:48.040Z,"15km S of Searles Valley, CA",earthquake,0.17,0.52,0.146,169.0,reviewed,ci,ci
2020-06-04T04:37:46.510Z,35.6061667,-117.4083333,6.34,3.54,ml,43.0,71.0,0.08856,0.14,ci,ci39463528,2020-08-18T17:58:48.040Z,"18km S of Trona, CA",earthquake,0.14,0.53,0.164,132.0,reviewed,ci,ci
2020-06-04T08:47:16.440Z,35.6148333,-117.4206667,9.93,2.68,ml,41.0,70.0,0.0441,0.13,ci,ci39464208,2021-08-12T18:41:08.520Z,"17km SSW of Trona, CA",earthquake,0.13,0.28,0.143,136.0,reviewed,ci,ci
2020-06-04T10:27:28.650Z,35.6458333,-117.4233333,6.01,3.64,ml,49.0,69.0,0.06714,0.16,ci,ci39464360,2020-08-18T17:58:50.040Z,"14km S of Searles Valley, CA",earthquake,0.14,0.48,0.143,175.0,reviewed,ci,ci
2020-06-05T11:07:58.590Z,36.1458333,-117.9873333,2.28,2.5,ml,43.0,70.0,0.1109,0.14,ci,ci39466504,2020-08-18T17:58:52.040Z,"12km NNW of Coso Junction, CA",earthquake,0.13,0.33,0.188,25.0,reviewed,ci,ci
2020-06-05T22:20:02.690Z,36.1513333,-117.9828333,2.67,2.71,ml,38.0,70.0,0.1089,0.15,ci,ci39467392,2021-08-13T20:56:12.950Z,"12km NNW of Coso Junction, CA",earthquake,0.17,0.57,0.152,125.0,reviewed,ci,ci
2020-06-07T03:42:04.120Z,36.1478333,-117.9843333,2.73,3.49,mw,58.0,60.0,0.1091,0.17,ci,ci39468648,2020-08-18T17:59:01.040Z,"12km NNW of Coso Junction, CA",earthquake,0.11,0.48,,4.0,reviewed,ci,ci
2020-06-08T04:15:05.770Z,35.6376667,-117.4175,3.64,4.29,mw,46.0,70.0,0.1205,0.17,ci,ci39469848,2020-08-18T17:59:04.040Z,"14km S of Searles Valley, CA",earthquake,0.15,0.51,,6.0,reviewed,ci,ci
2020-06-11T04:14:12.590Z,35.8353333,-117.6818333,7.81,3.62,ml,64.0,23.0,0.07126,0.16,ci,ci39473968,2020-08-22T19:14:43.040Z,"23km ESE of Little Lake, CA",earthquake,0.11,0.34,0.192,268.0,reviewed,ci,ci
2020-06-13T06:45:06.930Z,35.9026667,-117.705,2.66,3.14,ml,40.0,31.0,0.06327,0.16,ci,ci39477608,2020-08-22T19:14:48.040Z,"19km ESE of Little Lake, CA",earthquake,0.13,0.31,0.152,242.0,reviewed,ci,ci
2020-06-16T05:58:22.780Z,36.0433333,-117.8073333,1.34,3.8,mw,42.0,49.0,0.0386,0.17,ci,ci39481424,2020-08-22T19:14:55.040Z,"13km E of Coso Junction, CA",earthquake,0.14,0.22,,6.0,reviewed,ci,ci
2020-06-18T18:14:25.200Z,35.6458333,-117.4376667,2.85,2.9,ml,40.0,68.0,0.06249,0.16,ci,ci39484352,2020-08-30T00:00:46.040Z,"14km SSW of Searles Valley, CA",earthquake,0.16,0.43,0.143,163.0,reviewed,ci,ci
2020-06-18T21:37:17.640Z,35.8293333,-117.6543333,7.06,2.76,ml,49.0,21.0,0.04813,0.13,ci,ci39484672,2020-08-30T00:00:47.040Z,"23km N of Ridgecrest, CA",earthquake,0.12,0.25,0.145,26.0,reviewed,ci,ci
2020-06-19T12:54:16.570Z,35.6466667,-117.4378333,2.71,2.54,ml,44.0,68.0,0.06323,0.13,ci,ci39485616,2020-08-30T00:00:50.040Z,"14km SSW of Searles Valley, CA",earthquake,0.13,0.27,0.127,26.0,reviewed,ci,ci
2020-06-24T00:56:48.020Z,35.7353333,-117.5436667,2.55,2.95,ml,59.0,49.0,0.0914,0.16,ci,ci39492720,2021-08-13T20:24:14.700Z,"13km WSW of Searles Valley, CA",earthquake,0.11,0.26,0.135,196.0,reviewed,ci,ci
2020-06-27T02:05:28.460Z,35.9133333,-117.7063333,9.02,2.88,ml,43.0,28.0,0.05703,0.14,ci,ci39268871,2020-09-05T17:35:24.040Z,"18km E of Little Lake, CA",earthquake,0.12,0.27,0.154,22.0,reviewed,ci,ci
